id,target
1,2.526709974533527
2,1.0251922693810214
3,257.92260525744075
4,-35.80268635843901
5,2.4347750739516507
6,4.804291176405925
7,3.7169716208711527
8,56.64666758763258
9,67.14603654971629
10,45.86000279210221
11,26.099062158740338
12,-10.776837333715573
13,207.8509654774466
14,148.90535428463485
15,0.7830328957441046
16,232.55752076069356
17,0.3984252306129762
18,73.08244389821448
19,0.4044266696403936
20,4.25222235047561
21,-53.643923556085355
22,44.93473469271056
23,2.341126062148895
24,1.342416698809812
25,24.00411909289151
26,69.55225454301942
27,-0.022517932531293208
28,137.5819700976665
29,31.90005636448555
30,1.9579153656128736
31,4.378807315061968
32,22.943300178598115
33,39.686582466185286
34,2.2706843639744223
35,1.0881296156887745
36,4.456377545940473
37,201.1709614899705
38,188.70760880866078
39,47.050732538151536
40,117.69341328816805
41,-49.5158381153896
42,1.5592104070748194
43,4.051378498624177
44,3.026893682990599
45,116.48652792787935
46,41.730671430548796
47,1.1579143924338382
48,-74.1002480454028
49,2.308996827275527
50,0.5313261207169842
51,219.02179310577407
52,1.625972672598472
53,1.0788208652314106
54,76.77085659990794
55,1.4929963676459632
56,0.9757755181300883
57,3.9215024088098183
58,126.50439923982208
59,200.86465126547438
60,4.882831662587911
61,2.0673598495954812
62,190.98786017314822
63,4.764650249681215
64,1.2890947556423678
65,1.3238450075850565
66,3.0981436691568756
67,2.7534712562877868
68,164.905738541327
69,129.13912942045306
70,-0.2416496231718116
71,1.0265154627889084
72,0.9618114150425205
73,20.311087699427162
74,207.51344101792608
75,141.69158722808032
76,4.2611331099851
77,4.08115494108203
78,120.89194837525696
79,211.75177228664185
80,2.162232416748763
81,25.36778317883339
82,2.89002795043917
83,147.92292976846636
84,26.116861919386945
85,-2.889082433637116
86,2.167698160124508
87,48.77464433005349
88,155.90479876929103
89,4.256012926487228
90,3.5218726369500346
91,41.451309094592396
92,52.624562721900595
93,11.881324208586085
94,3.3668780691253235
95,2.734363398604004
96,1.6226728470951344
97,4.502591900987548
98,171.61000887058765
99,78.0913078788881
100,233.85406426830042
101,1.9701621781961522
102,207.1353592839026
103,0.4901073388445379
104,4.522958104501319
105,99.0071329035395
106,8.49238306676696
107,218.4659000049948
108,1.2989734512297608
109,148.32767335835814
110,1.646764368178717
111,50.171093205152786
112,1.6925308955665377
113,167.08402068653038
114,4.603398149402977
115,3.764535417936133
116,328.848375346597
117,182.30965389456077
118,113.75132544890877
119,193.06939485127978
120,250.91858206120799
121,124.2100312224726
122,2.064083960660678
123,94.0198758635106
124,220.3249018830561
125,116.07281066878858
126,4.373443182208451
127,109.27999656196259
128,0.7740937694556461
129,195.35104182915126
130,72.48182489496193
131,49.49449052348716
132,0.6281543469407506
133,-41.29913294729064
134,247.4035847850387
135,2.2942358425414855
136,0.616442425528553
137,104.10076946709552
138,4.05530491757228
139,167.29111850121393
140,236.733338943902
141,45.51364945236811
142,-1.547892066312487
143,54.603496942840266
144,16.457889870213293
145,4.128175044620746
146,129.61883691216747
147,179.38361974850494
148,0.8250874083495587
149,156.79050493067922
150,55.96534064806822
151,228.05158433430316
152,226.807478760454
153,137.64524582362645
154,16.095874403097692
155,1.7444364010378635
156,182.50848698225667
157,109.56460072071354
158,98.62748400174218
159,115.89832196063679
160,4.5162461977161215
161,43.27897501443957
162,2.9748341880262266
163,216.97848883038748
164,1.6450438939729355
165,58.87144723815612
166,172.8128953931828
167,273.85903910023706
168,5.208115621739224
169,-0.44565516559377727
170,203.8893801237744
171,1.544176101803083
172,2.729152579252103
173,-22.260366850104198
174,2.4924169581836355
175,3.890899411729419
176,109.15495194928123
177,58.289636469614926
178,271.55220880838823
179,119.73507630914605
180,197.1786186926206
181,4.091102139036607
182,1.0312367472408153
183,243.58162387207048
184,4.9154558002864235
185,0.07398798016338892
186,2.073710626231428
187,1.675085208583759
188,2.469784609278015
189,68.0062118401267
190,2.659745844659641
191,1.032970032497524
192,21.427850042040774
193,1.6719710042161906
194,274.0265919206819
195,68.00255411566889
196,225.5302673823245
197,114.78264114935243
198,190.3784426755888
199,51.96834820582536
200,-0.3057992860589059
201,1.8244988723217717
202,63.17707648180966
203,30.767611807232036
204,2.7436113271910836
205,218.53438440080913
206,33.77966245429643
207,196.23824652975694
208,125.65228905551776
209,53.31432683795252
210,147.00797760830224
211,39.96231034188253
212,79.87402035061535
213,201.57378870251924
214,62.321621426784404
215,6.492432690306488
216,134.16564716528575
217,61.97715955122068
218,139.7429743192183
219,171.75846872702562
220,3.4217506759593412
221,173.24973280765107
222,133.48648396694
223,1.4859225039198836
224,154.38149895043333
225,206.8320342831049
226,179.98234734224002
227,39.558604587860565
228,217.31007232327772
229,226.97268255290444
230,0.4578743132627937
231,179.12448233001572
232,32.97202741345601
233,48.28559325805986
234,199.6737404177453
235,93.24899336301667
236,0.7503068934284555
237,2.3389709153611915
238,23.379525206221842
239,4.45216358851492
240,149.5324484317993
241,257.677485989121
242,185.01914262692176
243,2.303088351386408
244,2.0667043189877154
245,38.92702419156762
246,97.1336521311306
247,96.84556450747618
248,2.1584526578331027
249,4.087427262700182
250,45.21722473792365
251,47.38513423764002
252,169.25100225424586
253,5.552919235881041
254,147.3066340963485
255,-46.73133533760208
256,2.621124987190641
257,1.5369863812327496
258,59.96156251569906
259,216.3180961348355
260,1.0358127867246398
261,3.971586111447324
262,4.511195804075564
263,-27.160132911479945
264,1.3323831349158604
265,2.081463519836664
266,0.6698282444195229
267,0.6534803386384717
268,0.235056161519058
269,168.67267730660913
270,0.25295519882559386
271,130.86115000973894
272,101.57610085235024
273,3.0288516909663774
274,3.1777522550850703
275,264.33130739605093
276,143.30901795893945
277,182.9171399568283
278,-59.715759622927195
279,2.7808798669780765
280,158.16254029948738
281,3.4554447587570154
282,136.90187378350825
283,186.59226352400913
284,115.63873705789297
285,198.84712068511993
286,115.72725215341734
287,191.77123815588212
288,4.479520546548206
289,108.13276342620294
290,3.1188838522587896
291,104.6617890387981
292,2.3640181639456186
293,66.03996733597654
294,81.87898662304073
295,3.50153763853129
296,107.81829464828778
297,35.81048371424927
298,-44.168680448296534
299,177.63901752833328
300,4.013530004105516
301,2.479104736185306
302,2.7498628015220987
303,2.7707596482634127
304,1.5532619135709422
305,3.253255239906019
306,188.5046304686627
307,0.05836185405231935
308,1.58554269648187
309,110.94391945266452
310,-0.22337844098391776
311,0.9316742838262989
312,1.9807993523289296
313,108.69450438876581
314,1.504637770567018
315,-0.44718603398303913
316,0.9003158949216448
317,2.9784750582019983
318,1.1600434651239184
319,58.002237467322814
320,0.6735419110481283
321,3.9884155225857585
322,1.3690192545351496
323,0.6535529995506194
324,1.1142039723900574
325,2.0155681727608035
326,3.2733542522880428
327,36.07493189822899
328,2.9076854040685944
329,93.2362851870528
330,43.60059360921717
331,-3.1227738289523166
332,3.9177045957204735
333,1.8100540766785613
334,4.883357845651273
335,116.49277196144381
336,0.7833016490384843
337,2.1978069956776456
338,110.643211630384
339,27.346185596236086
340,242.02173085991424
341,95.74911951150742
342,46.76589450065917
343,1.1492498114426493
344,1.3645414367451076
345,106.8856342561401
346,1.4441871729540732
347,2.598224593712868
348,36.8532995381177
349,-42.057906789290946
350,111.90656710939069
351,197.82502318021727
352,20.621285133236928
353,-0.1229492213756839
354,4.121072881885877
355,249.34983734469807
356,180.4730488218612
357,1.5791963921942833
358,6.340218673354741
359,2.7001820468040085
360,121.14500859054246
361,2.8625008516609896
362,2.0667843233132506
363,8.893035173858767
364,2.7812895880354054
365,3.558301263576673
366,60.09063988874074
367,3.0889632220700287
368,203.93516243465723
369,1.5908278889795957
370,-22.53177648706673
371,210.78433632280706
372,51.952456622020506
373,144.22466179493173
374,3.318485561565974
375,95.97967296490026
376,1.4639987432319927
377,1.555823986391823
378,0.8141928891770566
379,1.991912311634878
380,-0.5009012228198797
381,4.201832618934391
382,2.7806784135333413
383,129.33007621736616
384,0.5996723056767298
385,0.8342743200825102
386,237.5960052148249
387,1.1288327567694898
388,2.6222504612474165
389,52.06436179027605
390,2.5980241314164356
391,130.84639478882923
392,4.520777220598533
393,1.291623063695246
394,254.38227987404014
395,156.84689010693756
396,1.4213101285662266
397,0.5272891570659676
398,4.2676374602645355
399,161.09112335975507
400,212.32710032183618
401,0.24022829327195774
402,3.8261676721033844
403,3.3546695521801406
404,4.000657225381506
405,11.462906684161593
406,5.126587099800086
407,-65.78426193605506
408,2.6024941727541195
409,0.062476786917868156
410,2.2644235592822684
411,0.7607300589907273
412,-4.0225811748975095
413,286.50276137489993
414,4.0593368430669186
415,43.47616218619391
416,0.7284345768109249
417,4.891606206835926
418,1.9731868256131604
419,3.6890684864146888
420,2.7000662551453534
421,126.23192171809094
422,137.4281422005137
423,104.03932334191737
424,118.79849431086527
425,4.000484258190807
426,188.48861544871804
427,0.5262964121071739
428,173.76035783952935
429,1.3039251117989585
430,2.923726251896606
431,214.35401320128602
432,116.98100482725351
433,5.397251369552765
434,3.5529691712647784
435,45.77281584679986
436,205.14024056398338
437,188.4560972692242
438,130.5846063076629
439,4.135490730288177
440,211.7935251422044
441,179.70547392808038
442,75.89486944535867
443,260.3018470537424
444,3.108017201864892
445,3.8301063122718992
446,52.39069800332284
447,0.09413421928175128
448,4.381773953170997
449,244.96541939361555
450,224.2176273021613
451,125.249767027646
452,187.5920241502855
453,0.7583643744364741
454,1.2136211647141608
455,120.18631911745689
456,1.5735062742091825
457,3.1774088769440176
458,216.95688968604168
459,53.56556418601016
460,15.866063702056712
461,91.94364077972982
462,2.6318420047604105
463,144.17166696087918
464,3.57165542320645
465,107.54319419779779
466,45.176401178341344
467,-0.20078072985785764
468,3.751899629617786
469,27.27742741659354
470,31.877447391032106
471,0.5755487963227675
472,0.773297712313421
473,28.863312568736013
474,4.239622963658346
475,92.04058422850198
476,4.608429514132516
477,0.8195238491695107
478,2.7924919255917704
479,176.73299495457832
480,2.632297884079656
481,4.332655706617778
482,176.8136124459697
483,0.3903055737966543
484,177.6100037282776
485,85.18114374382401
486,1.8899085108735798
487,0.9692807950319196
488,171.28490461205763
489,1.253153815101555
490,2.787839356123432
491,2.5048328067207364
492,2.1758405639511436
493,2.405523853532568
494,178.83022252008996
495,4.1053076847180385
496,91.00929913282395
497,4.512292576965244
498,3.985470640238052
499,3.021977027211659
500,0.1140709274312249
501,1.6830859433862226
502,263.85929159270387
503,80.37770550645176
504,-8.415478366025852
505,0.7632102551490227
506,4.587424872118894
507,269.16078108257625
508,46.45312337879935
509,218.03645513218544
510,2.5697891073430665
511,110.54540251787834
512,164.75962320702638
513,186.9633275550081
514,275.0922203435106
515,227.43976499069225
516,183.52859447409
517,224.14087550846705
518,5.283823144229826
519,36.15418119125238
520,255.59857906813068
521,0.42903107501910687
522,1.3787068632691928
523,175.89569279357025
524,2.9419688165835134
525,139.52805953861542
526,3.9897396347833625
527,2.272050217461531
528,2.533580874022345
529,3.9997809120820866
530,211.22017571890945
531,95.0681897751447
532,2.09274476806335
533,114.04746841446439
534,1.9381061091547978
535,4.5389702697131025
536,4.146132396085545
537,-0.7534819976120335
538,3.3369295401088186
539,227.04581222521148
540,215.2216390333963
541,202.22333911312444
542,74.41822075040932
543,62.01042998734712
544,3.0185180350445995
545,2.4302547469397027
546,1.7960214297024373
547,1.2530993604886067
548,281.9460188860503
549,3.948640411425633
550,198.92296300038456
551,4.056814071006441
552,87.10035929493107
553,2.438400245541536
554,73.18858111837656
555,96.03153264265342
556,200.96818815125525
557,171.1930923885825
558,3.1529961750033815
559,2.2539487976894024
560,133.03049168897022
561,110.60893898901398
562,125.94446920670677
563,1.5959311221594497
564,23.643592659778236
565,129.63479056895818
566,1.3164255991564104
567,39.04610584003356
568,91.09777064393079
569,260.159952354957
570,1.9118206292846271
571,163.28568656259807
572,2.0046131205957156
573,69.95558629754905
574,78.41872834893233
575,5.477865304333183
576,0.7341258820263394
577,1.5790561127250689
578,142.14699591217956
579,3.7331176880382015
580,220.6718444602639
581,47.307009892431005
582,52.57124430927115
583,3.915793551105894
584,1.7741315018227537
585,125.38943391292655
586,3.0310689321053284
587,167.96708427976384
588,1.5521386616279087
589,151.35288296234464
590,217.65450942549595
591,115.87666308068057
592,4.618748636573302
593,208.508759567841
594,241.10608904866552
595,21.753447449886927
596,2.9771329775086293
597,108.95545849372462
598,-0.03161390720408262
599,66.09379891932731
600,155.62605738957052
601,118.54675246594928
602,20.963927631946788
603,1.1812851471505577
604,195.2705495499584
605,1.298504907264383
606,1.0112572472296522
607,4.943477426430929
608,33.71174367341791
609,229.49950294571065
610,19.42483124144017
611,51.649461617620226
612,4.932116151898216
613,10.42514660288359
614,41.458762396261264
615,0.881301040027418
616,145.66542449371073
617,-53.701080366408874
618,193.55481561041182
619,3.2481497082635054
620,3.6780583373272036
621,144.843015773866
622,88.38468177092368
623,159.08413417223156
624,164.00430106150057
625,2.566280383498122
626,0.7152456743595476
627,66.37306966908294
628,2.6109422078442814
629,182.80163601775575
630,2.863621516043252
631,0.9094675636989431
632,168.68775336882527
633,95.07958982510561
634,185.88231163908318
635,1.2032645714840802
636,88.89165692220965
637,77.55211903807782
638,4.458715581426502
639,28.198520083889555
640,104.4012292253982
641,4.875342067165943
642,1.5525281547036136
643,240.78492167664024
644,1.949547532993749
645,84.99322056269268
646,56.81235180933456
647,146.31910364405266
648,209.17801771350352
649,310.3712454830927
650,264.5193960199393
651,107.40907307866564
652,30.359612510919533
653,1.6798338162118207
654,155.5638489365845
655,-15.346300919466
656,158.8444511394501
657,119.20409918163242
658,246.236036757364
659,0.7507931295735925
660,99.98442150234436
661,2.7826563555145394
662,109.56472507080612
663,1.2088997084968698
664,-36.64737187241321
665,70.19209739517389
666,106.01865943612113
667,187.25886438260062
668,268.19126628815854
669,85.30062789806777
670,171.44897782513755
671,92.4441338592448
672,63.50377782011762
673,0.9159078231103936
674,3.9324109094492843
675,4.152911581848731
676,3.2348534036878704
677,17.542291331501637
678,136.97014997552526
679,3.4206403393052565
680,1.8671347129969476
681,0.9712107881582659
682,70.47985914991945
683,1.8929369898562727
684,151.03518331969752
685,179.00564749275142
686,4.085704836889266
687,309.18337624657266
688,65.26738413433331
689,79.46880546167833
690,270.6517173651435
691,2.5166967294071325
692,60.64764467059434
693,1.7883257310190444
694,4.592138773854948
695,7.208051254168393
696,262.3190964488546
697,-0.2737365132705163
698,184.56774296006222
699,0.48993072937164206
700,204.08448988252178
701,2.1716679006795077
702,2.662815398942933
703,44.01904628624164
704,63.80089429076864
705,133.88154198614956
706,150.26927778524492
707,132.1940265445874
708,53.135921540694014
709,69.52741467202382
710,183.22967802297705
711,193.42705861528464
712,4.143905557437683
713,21.794122440823166
714,4.901782434277087
715,208.46211724132584
716,1.658332323839252
717,69.17576210371146
718,303.00085925314954
719,172.54255341616684
720,3.260379208793969
721,119.89684489006603
722,-0.2571656694109745
723,2.5617246061708854
724,0.7608313421777282
725,-0.13711432572242818
726,86.37833033433162
727,190.37354415777529
728,52.551386896105434
729,52.77209678787305
730,57.36096942864053
731,229.31457784285453
732,3.0164693331559205
733,4.687323760284213
734,10.75767480183833
735,207.02302193107087
736,34.14909105381317
737,37.994336363080514
738,90.95019159146752
739,250.04718448685705
740,118.18933644806725
741,-9.710403040210764
742,227.92144291796185
743,93.65365595882395
744,-0.6232804290884231
745,229.0386694636013
746,144.28268485949974
747,2.6297967889900136
748,49.66549829825038
749,63.290477079781645
750,165.49100611010786
751,40.301002908326346
752,209.82443058387264
753,0.709310673455366
754,197.80309750929655
755,4.557418310367084
756,4.153909776256239
757,179.71360183934385
758,0.9758948789316271
759,54.172178288685004
760,17.05161408318728
761,152.58151038258637
762,3.461020862176338
763,1.3468743457949515
764,58.69270172656432
765,2.8440239377525636
766,24.915705506919494
767,-0.9419290198782547
768,3.365818593945428
769,4.146489953501025
770,-0.37465657136928426
771,207.45989402788513
772,49.49057657908738
773,100.11357129081281
774,-22.60918241927895
775,17.751400331952826
776,1.5639268510395674
777,172.85586093644005
778,-1.7828705337279978
779,130.22128963508234
780,58.319710886083755
781,259.2570188449308
782,2.0318171666533216
783,41.17329687702971
784,1.3087006728774337
785,42.823724721024014
786,102.7884271567383
787,3.805571697550813
788,0.7886638770267813
789,139.73127550003397
790,77.73351697931447
791,-10.647360192248652
792,94.86070656655524
793,-62.62969852905505
794,266.94135020029614
795,-52.67037436222957
796,84.93559213091685
797,2.1468954872383863
798,40.8925404342894
799,1.7992997157447288
800,4.089220983377896
801,163.744631701459
802,64.56034006313308
803,122.2449321992263
804,4.802238838692959
805,-0.471192951319414
806,132.4699463981148
807,1.174626200370727
808,61.78253892059742
809,0.07217008541090053
810,40.20969836801707
811,208.4481852970933
812,63.75564863270911
813,218.10652533875543
814,4.107694741338551
815,2.3547152216482043
816,2.5545694760054363
817,1.3113795617177568
818,-6.376127375930384
819,3.880145524466192
820,69.19806476237079
821,3.821056336584577
822,1.3272636778981504
823,25.849604975252642
824,63.17154339669712
825,3.095952776269195
826,54.148844885639505
827,1.7226243878980365
828,2.2680960356642887
829,38.99949038131904
830,150.96499169656113
831,84.47566384074796
832,4.288043281444967
833,210.62476892520152
834,162.05238134675392
835,128.23589522960853
836,0.9260468855074786
837,48.073663549728224
838,128.668225996809
839,4.2435784550121785
840,135.09324723216878
841,113.33981054717904
842,63.917864605238385
843,-0.13981607938856108
844,2.0054541647070203
845,3.6602871390210145
846,3.6822282663578423
847,3.8279347933190087
848,119.14808588243105
849,2.3791021349712556
850,59.66486391937671
851,38.48378022464953
852,15.045246223053358
853,68.0903764941796
854,-3.1227738289523166
855,4.85410877377948
856,192.84346642979062
857,69.68195286084878
858,29.57992374044889
859,178.8005905388657
860,1.3271068811237765
861,1.9767214126767862
862,1.468957575677561
863,84.08826652909829
864,207.05273668338918
865,222.96211838863417
866,170.2205926127577
867,3.9345619815048174
868,100.5854718624327
869,99.49126697975873
870,115.19010645954516
871,124.40115828650232
872,93.94287594766001
873,1.4862932233512096
874,51.1099247561563
875,4.444153779167744
876,85.59452984616152
877,27.7536428858085
878,94.57182504822833
879,2.9038018315628804
880,4.841578585239595
881,122.01264743342728
882,3.2775957916492136
883,201.02282158488788
884,4.148889168221294
885,136.78445003482165
886,37.976720545519136
887,0.9155169178645022
888,1.5361442908246916
889,194.3960669654606
890,2.274312644665628
891,1.5067607353966694
892,41.53802660829799
893,1.7580696982668547
894,-23.317743150034268
895,2.139163926033336
896,182.9074312987968
897,1.3417237511844138
898,167.35568337557592
899,-41.80530127859464
900,192.57128909308224
901,0.653235329401484
902,150.97130769528104
903,3.5762517916835583
904,104.6510892821185
905,0.8394269850319752
906,-0.5474259161750242
907,167.94144593292086
908,47.67631684126346
909,66.42100438758766
910,2.000238191664397
911,4.803738248785137
912,212.39891987956815
913,126.43720685127438
914,234.50297101605744
915,70.67942773494653
916,105.32567124751705
917,-9.39225196947285
918,1.1192472874092947
919,1.5006327651234357
920,317.87653698879114
921,109.27177152300891
922,164.1264296188522
923,1.1309634066648508
924,73.14951881074576
925,147.28761760784874
926,42.246403297308035
927,50.05339780112925
928,3.499776287189493
929,51.64651485082338
930,31.546318354561993
931,181.69224227049878
932,143.6261611566717
933,2.836577590925197
934,1.3569290473235873
935,149.5438989543899
936,37.43939235672506
937,0.7496461124494161
938,1.2712092585411223
939,106.40918971251938
940,0.38635636058313294
941,3.4701466248821484
942,2.471095981431185
943,93.19104947397226
944,2.2275679595984266
945,1.0935300867152726
946,53.6588782175109
947,28.49790924904378
948,52.54710713489418
949,191.76798148078325
950,297.58900531161567
951,8.759360089460472
952,-17.806054298354695
953,2.412518721358943
954,206.0503217931399
955,163.66527318180033
956,122.72741711938862
957,-0.19289657397195673
958,1.5805016121188757
959,160.50294402523292
960,46.14060640627871
961,134.84293815580517
962,1.696430304758925
963,4.575522862587846
964,3.328518918178604
965,4.345424882771379
966,2.436296749314813
967,25.890375565638138
968,141.21191518550177
969,128.29527446356403
970,4.010839175353733
971,294.67039810561135
972,3.8297426850868685
973,92.7153464456255
974,3.7281859373852515
975,0.9557492332184179
976,3.570826288233838
977,150.36145618312383
978,244.9076347250283
979,1.0254628358795257
980,0.6004301805316268
981,-16.699883242228474
982,37.77107001755975
983,246.76428715889432
984,260.5264269066994
985,221.23419429798975
986,89.99676631308287
987,1.971975078876361
988,196.15082403397486
989,264.81735781875216
990,61.817556674170916
991,1.4705943900611387
992,235.06191440717728
993,154.14349855848252
994,1.6484204026655909
995,-5.576886670840796
996,15.8636806936533
997,1.3322008838434178
998,32.55957336260226
999,84.28954133537253
1000,-17.752967656831714
1001,239.0182830598065
1002,130.9847606673499
1003,3.924895423665579
1004,0.06802579569540802
1005,0.7024985513859276
1006,1.3118527451895008
1007,136.0925219506818
1008,1.1501095397119787
1009,4.476189441733795
1010,-2.831826811754495
1011,213.91234797242376
1012,17.213561115411675
1013,176.53572052092562
1014,49.53718913635993
1015,196.58761581028708
1016,4.65969533722989
1017,3.541550179625702
1018,0.5423008988571271
1019,4.016333083826343
1020,2.711908537591322
1021,112.6222997277493
1022,59.58930894886784
1023,144.59212241909614
1024,133.7378284137292
1025,3.5228089351693224
1026,2.1622272443549373
1027,3.1868830067480163
1028,67.02491665642562
1029,2.49559996379225
1030,22.560772904614154
1031,205.993787618302
1032,1.5651141128213897
1033,1.191740962182572
1034,189.58780303546428
1035,0.19778359416837787
1036,194.46564973231642
1037,4.911595841226079
1038,33.127072514566265
1039,1.1378357020555685
1040,-10.03504097108464
1041,1.6807746535862924
1042,2.1975499190758803
1043,2.247208535146392
1044,263.7844814268296
1045,89.85361033388222
1046,28.119488654433525
1047,183.02901955130747
1048,0.5533895444018623
1049,1.3290225965139486
1050,3.6054679902821496
1051,59.63506960683544
1052,145.04708930662505
1053,208.5168568664305
1054,4.460716781884759
1055,14.465059003626902
1056,27.070751470974454
1057,2.821151121283312
1058,1.3611113291099945
1059,1.5655733746017544
1060,101.87406691373229
1061,1.4732567297621846
1062,4.114114293291063
1063,258.5979111730412
1064,187.81298338423366
1065,58.27706655405958
1066,208.80450196766347
1067,220.31770231959078
1068,3.000988687246773
1069,2.8863472689060243
1070,263.9139695356763
1071,143.70541527542477
1072,1.7801407790813124
1073,2.0661298298623136
1074,4.469712917424513
1075,3.282137759313925
1076,230.9385393545055
1077,4.419536866761534
1078,131.56010719744614
1079,1.232814005653237
1080,-0.029373039354944612
1081,4.126001574206317
1082,2.5443326227573526
1083,0.6058865142429891
1084,4.416917883302554
1085,101.55416049003055
1086,157.72264641593964
1087,54.2171574723137
1088,232.840964605527
1089,6.2823543812734
1090,93.40152377299694
1091,219.0707228722015
1092,3.90434275351717
1093,2.1587095748029923
1094,4.843843433876318
1095,1.6997865926231155
1096,0.05519820251481511
1097,3.398659710891902
1098,61.444030238562675
1099,102.65272377453034
1100,3.1779265768916156
1101,1.3042415821822246
1102,4.33063729953651
1103,218.54365399341657
1104,2.0723234719514294
1105,100.56420848001223
1106,3.288922367315942
1107,4.406562133594699
1108,12.053670752225507
1109,83.0955642064394
1110,72.02062816746077
1111,0.3510073014765496
1112,177.29096477111074
1113,1.3485520278790106
1114,142.02187130661838
1115,-30.741784853143532
1116,3.0603675343146897
1117,236.42933421473197
1118,225.89751852874858
1119,3.052143394739908
1120,42.00886998000577
1121,11.091091522084689
1122,186.13163290523138
1123,1.9842989373540323
1124,144.361316993459
1125,1.5555522234669714
1126,63.456722123351454
1127,4.63382485830372
1128,-36.34921454737559
1129,164.37594081707942
1130,4.480174175769276
1131,32.10693375709782
1132,2.4958172822150178
1133,-60.56337218610133
1134,166.24023076971227
1135,167.98894549747337
1136,-38.347619962679495
1137,1.5411588258620028
1138,46.889418296495194
1139,105.75120041802134
1140,98.52916508087506
1141,167.94866723521397
1142,117.88085049858674
1143,30.981974544140662
1144,-30.516566030224357
1145,97.60918222536
1146,23.06817752253479
1147,2.774372438304333
1148,81.05496887378423
1149,30.87364361910253
1150,2.5178476418634563
1151,0.07915744185880433
1152,2.721854363852173
1153,2.682567763090825
1154,24.656884240340332
1155,130.7620309404485
1156,4.830579189289512
1157,74.77603834801275
1158,158.72531345239977
1159,112.18729429760279
1160,83.44313569965291
1161,0.29350711446493805
1162,3.8414917570115756
1163,3.0866151298241835
1164,3.276255545776112
1165,173.81832416189863
1166,35.06606198692209
1167,-9.396374688327526
1168,3.1692479553449364
1169,130.86290281393482
1170,3.166425591242594
1171,1.6758937434803678
1172,-18.408566929119033
1173,2.3485131176087077
1174,153.04668766440597
1175,-52.18100294624223
1176,199.69985431953475
1177,0.9645431050010218
1178,116.82445654951857
1179,0.048638986536042386
1180,0.9459814180883227
1181,0.7245872656891912
1182,112.53703676319304
1183,4.790723736892228
1184,2.2854784631455956
1185,230.36372936137985
1186,96.38807587884776
1187,2.420002840129715
1188,1.447507504079844
1189,117.57380634060804
1190,2.068782024956008
1191,1.779327511738755
1192,2.48973032469593
1193,127.92267779540276
1194,3.8861698237731326
1195,0.97678847977515
1196,212.39911275956075
1197,67.80548028527629
1198,1.5904426629162125
1199,221.56245135554684
1200,35.246848167407265
1201,201.6928963158966
1202,49.62260906440855
1203,0.3905650862618611
1204,130.77674679512683
1205,0.613552251367393
1206,125.91390462424376
1207,92.45475562928274
1208,159.5387022001472
1209,212.70877763268797
1210,172.64519189141367
1211,188.59110509765736
1212,3.6607993934341065
1213,2.3171257511182644
1214,163.10838992549793
1215,70.80183340262657
1216,200.243703289281
1217,149.76713751644232
1218,-44.312063440844454
1219,4.314455048940797
1220,4.11252862875373
1221,216.88611593828927
1222,1.9911680506851854
1223,1.2845634427339576
1224,1.3825773389219536
1225,91.82126871992281
1226,0.1287442221932119
1227,3.0880702828931454
1228,0.9470085551026999
1229,30.33251333979669
1230,78.64479215553645
1231,196.56725534950488
1232,0.6165213119575432
1233,-14.742383921797032
1234,1.3942183207120467
1235,11.280969934489455
1236,211.33566700434852
1237,2.2984656725944204
1238,1.2312409414081342
1239,0.14889307666001567
1240,38.99095152371818
1241,1.4110055063123594
1242,2.855258562130912
1243,2.3857169229111386
1244,151.6935570178635
1245,2.5533676730090953
1246,223.56382724228536
1247,3.8716953443974456
1248,85.37141734913878
1249,132.43180403324718
1250,3.1652821756799243
1251,20.297188319598938
1252,4.182570872773821
1253,2.3802631890284034
1254,2.5739518133157584
1255,21.782550577416742
1256,66.33724877998445
1257,121.6168802024221
1258,210.79212338394134
1259,35.16001998653207
1260,211.33065110432238
1261,4.0892633697147796
1262,3.7930674676728
1263,186.46087178221353
1264,1.4215707634903323
1265,19.47690497638011
1266,104.72892835298785
1267,-0.22686129770475338
1268,2.3596001652559475
1269,225.804313847353
1270,-50.43131479785501
1271,221.9309564368126
1272,42.24644159191984
1273,2.2895892066382966
1274,170.64672949364297
1275,167.3953626093902
1276,32.43312966127488
1277,0.9560762909415756
1278,0.49157244191519717
1279,2.4993572162066617
1280,-50.720955711466985
1281,1.9750565313532191
1282,82.28860337882796
1283,133.82400379331256
1284,1.2508147018209774
1285,-51.97618021161297
1286,1.4270415077507823
1287,36.35197195471893
1288,92.76801278805756
1289,2.528023061181465
1290,174.62133620862758
1291,1.8200876137123283
1292,28.01331115534914
1293,82.35893808921375
1294,207.8129181386167
1295,124.65836114625566
1296,4.33867385968428
1297,43.396634332719174
1298,3.2452469841924976
1299,3.6529662627296924
1300,144.11710926901057
1301,211.48092606740164
1302,175.43700445937822
1303,4.252235876987055
1304,2.679450162373243
1305,3.3876038931966184
1306,40.58252612230877
1307,126.12326897843367
1308,0.6991504615979534
1309,2.090182084846381
1310,279.72380455962667
1311,1.2102901170749705
1312,2.9032825710446684
1313,19.674975501944388
1314,116.44953766606815
1315,180.24139716004981
1316,207.36105660902797
1317,57.42724399738856
1318,1.4945973506932488
1319,171.71723831725436
1320,212.75332652143038
1321,4.761527936846295
1322,42.267121914149016
1323,208.41569395217377
1324,205.17300949620133
1325,34.6727576101286
1326,48.92960133921824
1327,194.73511782370053
1328,1.326226690083169
1329,3.613298460672981
1330,105.11294550406424
1331,-1.5142469448553375
1332,244.61381807853607
1333,-0.3400795680948353
1334,268.9143024036096
1335,0.6888976687226013
1336,93.69574565989205
1337,21.30731079977018
1338,199.80981316450726
1339,4.586953777178105
1340,140.27681990111694
1341,200.3239114605722
1342,146.50623109888758
1343,33.4605900358122
1344,109.0797009111192
1345,0.32802397384683996
1346,44.03882767960915
1347,76.18965548427897
1348,0.30396576175789214
1349,184.6142038949109
1350,31.28698226486706
1351,187.64883745148015
1352,1.2546314012686455
1353,10.256718632705235
1354,3.3689335473556907
1355,2.133034690648208
1356,1.2565315986716383
1357,3.011757730383072
1358,4.819228286899497
1359,0.21171194828356343
1360,252.8161225778748
1361,2.9323085498412924
1362,4.020506748543842
1363,56.15404009732218
1364,1.9825837951712755
1365,4.129291921846509
1366,2.4916995199095786
1367,4.143089572050294
1368,6.989898034091474
1369,155.7145023238159
1370,217.9170472454544
1371,181.58427418583454
1372,14.788217354983733
1373,2.177423592862032
1374,159.886882413465
1375,129.17721480663198
1376,3.7963642657719747
1377,3.424890512199089
1378,93.83962363430416
1379,60.55865904027181
1380,84.77399404200972
1381,181.2923717102862
1382,53.884747576945344
1383,44.165658872284936
1384,-4.756016103008806
1385,147.33567541603466
1386,0.8473286453529072
1387,51.99180141071172
1388,0.1511431838694744
1389,185.72573623027796
1390,156.32633931133572
1391,35.7762217487912
1392,42.10869125192888
1393,222.3977093205611
1394,-18.004312970532414
1395,38.231982350439054
1396,146.51027421957875
1397,3.730145763955342
1398,160.8057520629572
1399,0.30323048345301196
1400,86.08619761402507
1401,270.46355800930775
1402,40.83723673206851
1403,241.3125171739714
1404,76.55265168299496
1405,90.8283509955562
1406,0.9926421920131936
1407,86.24522935316348
1408,5.342007807171331
1409,2.3166316578963
1410,205.02745171873738
1411,220.23979902038568
1412,-28.2417099123989
1413,100.09730366690248
1414,213.972977385064
1415,0.9020117321559742
1416,1.1422407958237348
1417,2.506253963395703
1418,252.89396315754092
1419,127.62032176580209
1420,2.929140725138506
1421,26.484274756480907
1422,4.6665724222295335
1423,1.8034464498456337
1424,2.88325460549359
1425,-0.11238518014368472
1426,-25.021841512320666
1427,2.1397677284240997
1428,2.7984822084204346
1429,2.215657310583523
1430,2.8070147967171906
1431,4.4674848623718315
1432,141.69102545191456
1433,1.4267935222098758
1434,2.5443915190803543
1435,1.9913402618216764
1436,-47.550179635115484
1437,131.09920499176098
1438,99.36672877643151
1439,4.595462560265542
1440,1.1043626023541724
1441,112.06496859449817
1442,146.05053638751787
1443,42.11841108032581
1444,4.172912989217099
1445,33.87481421787876
1446,221.54774073050018
1447,189.48328500525542
1448,-36.407200814161335
1449,4.139461216068115
1450,222.71556703460038
1451,119.66304540897872
1452,3.4134662421023743
1453,3.2159510320600786
1454,147.77693151381322
1455,60.91356872337843
1456,-3.837737367049092
1457,3.5225814477769752
1458,3.3887660280626917
1459,257.584589547103
1460,285.2871331217219
1461,121.3864470364883
1462,-15.105439976317852
1463,59.09707899551542
1464,4.106239340501267
1465,1.7671189536519747
1466,181.14237228823282
1467,3.927203823772527
1468,3.134359601713407
1469,26.305226386796427
1470,2.50292010634404
1471,25.436007556388205
1472,4.871582476151144
1473,1.3005758966027368
1474,199.32818299027224
1475,79.87282610183644
1476,4.915824152641507
1477,1.2273474962888649
1478,106.7786981803771
1479,2.915194478852081
1480,98.66414558876916
1481,4.16671141641788
1482,131.187318072815
1483,4.473465212626095
1484,201.0563293775969
1485,143.1281190620139
1486,2.6742549148286567
1487,1.9844646554125884
1488,84.2204305895678
1489,0.12878418684850773
1490,74.38408532900458
1491,1.915243324001929
1492,1.1280250514771277
1493,5.536489089006326
1494,3.6207546165139943
1495,23.933351744246956
1496,5.150505335297483
1497,52.28380446798569
1498,4.08630893270208
1499,62.54452934152779
1500,2.951237034664934
1501,4.110793811518422
1502,51.07640700852872
1503,3.922523475717011
1504,1.6351172724916583
1505,3.2061013819469046
1506,175.26078453332025
1507,41.54746321638794
1508,80.10476951441498
1509,59.474769509781716
1510,1.8296583402520565
1511,26.57638818909711
1512,50.312783713674925
1513,2.1000032960682016
1514,224.8852067129062
1515,39.875819639081094
1516,0.19017235646055836
1517,293.0712342642227
1518,2.814603539368495
1519,205.1174801261434
1520,2.8901420674179077
1521,40.149064029665254
1522,3.3051835927376665
1523,1.419485820882918
1524,97.71836378554283
1525,-26.77371669780853
1526,-0.14852082516298332
1527,4.185460963733972
1528,2.1161438809322246
1529,177.5481661835126
1530,225.4815297082967
1531,0.8971263699463974
1532,3.198636190682735
1533,1.9631783262229114
1534,-10.080778694718823
1535,58.64201496186439
1536,4.113236621054413
1537,1.4420126203458663
1538,236.1023999989542
1539,129.3386477578393
1540,1.8281232708858313
1541,122.32356981012816
1542,0.1822484807920776
1543,9.951544308246673
1544,5.391786282466475
1545,1.0540167669495537
1546,2.048310931409182
1547,-16.97744203040685
1548,171.00144060774278
1549,35.83865896689157
1550,2.19640694094004
1551,1.8715807579388402
1552,198.74183707303624
1553,4.358395708642598
1554,241.3015176297767
1555,105.08245841920382
1556,2.724748756796015
1557,10.737279898543772
1558,1.2190398233623947
1559,198.7465371614272
1560,130.6352037698777
1561,161.0432181196862
1562,198.04378195476397
1563,88.22623605071416
1564,1.9043758512854774
1565,67.99434111109541
1566,2.3235868459176996
1567,-1.1077895280096404
1568,80.89515119318654
1569,11.181367215747212
1570,231.5081146044918
1571,1.865321597448328
1572,70.90455146164987
1573,-0.29049376859717674
1574,2.6639365820061776
1575,4.001856679209484
1576,2.601134286452358
1577,3.903108415958851
1578,66.42100439316346
1579,3.5322162897763603
1580,155.05380265034788
1581,168.81529786272193
1582,4.852164670169771
1583,261.97842754042995
1584,262.0811690796516
1585,4.156171514584478
1586,2.4145102737946336
1587,35.85934461579694
1588,240.4549611169581
1589,5.333515032350345
1590,4.319587907900639
1591,132.41153961817608
1592,4.792002749404279
1593,91.13162538236833
1594,117.84197572747982
1595,89.30934501294621
1596,3.3060502986998737
1597,55.01229972827424
1598,4.762054958042327
1599,1.6771417345248525
1600,1.9249748827955941
1601,0.16093779796015656
1602,3.564265836610037
1603,216.96850715023618
1604,43.239831096147576
1605,86.6640610827221
1606,216.78650879041203
1607,8.704187074005901
1608,1.8906921742399723
1609,3.0435764823610056
1610,1.792484263878165
1611,158.63013432129918
1612,58.72501544764899
1613,1.5699959980045652
1614,226.82625742024442
1615,4.154798167252007
1616,2.375450980192117
1617,144.44107456576353
1618,190.65457662299235
1619,-0.17410071982571654
1620,31.847105589903133
1621,1.2284384849251995
1622,1.1331419550068942
1623,0.06544612125792611
1624,191.11178676820504
1625,62.477532413541205
1626,0.1235600346776555
1627,17.990828090416162
1628,2.2313098197985552
1629,173.9132943199184
1630,66.32809578970976
1631,0.8421199540970175
1632,260.1992516582754
1633,3.374873675539752
1634,-9.998149924004121
1635,1.9971015445763987
1636,2.0915599880226603
1637,4.229622296652515
1638,171.79053201395394
1639,32.444358459097856
1640,3.052142186804923
1641,248.07049249735803
1642,120.88403533512368
1643,162.62972788040744
1644,86.43814246579365
1645,155.44841167012927
1646,3.7416663624639277
1647,4.813121709561419
1648,34.00303200718834
1649,1.8783002840044212
1650,79.48137890588168
1651,4.568472650090069
1652,2.4299102918179805
1653,179.78536586736374
1654,4.80221615049541
1655,252.2932337208202
1656,55.03242520302561
1657,-0.02238772472859942
1658,242.45527535562033
1659,1.8141137277587105
1660,3.3082695677029523
1661,4.162496493086237
1662,149.54671475158588
1663,4.1486596364771176
1664,97.51428415831796
1665,-0.08636001066345982
1666,79.06794959366279
1667,-50.232459901432975
1668,211.36381512464476
1669,44.58650978295181
1670,1.4994060655472587
1671,1.2911652308254304
1672,3.7386749250181923
1673,2.8666385329897546
1674,104.32424585373862
1675,1.665759704683612
1676,-52.58264509101475
1677,24.51856550677779
1678,13.772328171036198
1679,176.58758606404234
1680,81.24546026415486
1681,-0.827340533678941
1682,1.7115452463031544
1683,52.507927348677086
1684,16.95018188607508
1685,4.749569313887837
1686,113.80141364743889
1687,2.964159123516053
1688,120.69018773189714
1689,205.52434668769425
1690,1.7342505241207238
1691,1.3895866664985381
1692,2.456270477912998
1693,1.335794426966341
1694,71.12988367889547
1695,193.3448477183651
1696,98.21824936921536
1697,0.4546008542504887
1698,182.33309874495876
1699,143.14411444625011
1700,83.03911559948347
1701,230.7024395135278
1702,-38.53996844564536
1703,4.053134770774241
1704,3.1572822414632613
1705,1.3234189880925364
1706,59.70370901694544
1707,2.6013577311190867
1708,57.93023500410757
1709,116.24985378551096
1710,3.815692663915467
1711,54.90075310414095
1712,0.7522986256346991
1713,4.077829249916158
1714,-54.3573277807909
1715,3.336126448523763
1716,1.4134364928698615
1717,7.046502816660887
1718,100.51634933126775
1719,16.334060522161526
1720,4.530026936002213
1721,219.6486278140116
1722,2.070620728320049
1723,126.52538114287489
1724,111.32886374732759
1725,1.7501125047011152
1726,2.7277898066147612
1727,192.32910197394963
1728,2.610468370815611
1729,0.9721290849127768
1730,54.99018034096532
1731,174.61182387696215
1732,3.2909091556978725
1733,298.62723174538326
1734,221.60208495544373
1735,156.1541851292762
1736,1.9541559212112887
1737,253.09176264094802
1738,235.45604061751004
1739,167.70269549038738
1740,71.51174235473673
1741,95.04451381163355
1742,198.19484198246735
1743,3.5842448265587263
1744,89.67798305097892
1745,38.466959030044634
1746,1.1445177634207488
1747,3.3185173007861484
1748,135.98072870699468
1749,1.0487770324813657
1750,45.818491290712366
1751,15.843729462124477
1752,5.332400122954318
1753,4.26670857503888
1754,214.01007926826944
1755,186.72656567637233
1756,0.7786028474375764
1757,189.55953342514198
1758,271.91042892007
1759,3.1063620461444668
1760,245.12720462456485
1761,210.94489503094582
1762,24.998960850891724
1763,27.709644746155337
1764,11.833276905684038
1765,3.4873630668539946
1766,203.14984467536436
1767,152.55151216245312
1768,3.4222937161844005
1769,79.80500184533582
1770,41.75004250760069
1771,1.524742208827512
1772,167.55732624857814
1773,195.26203070903182
1774,4.086625200662095
1775,237.56749390728453
1776,1.347740484491819
1777,13.497816016638847
1778,33.208780046186725
1779,30.38902923280267
1780,84.85585974438419
1781,3.958333957873281
1782,159.3437522620882
1783,186.17582179887293
1784,1.6127991054234234
1785,40.781900615202005
1786,1.2330677048922136
1787,60.29739196783554
1788,3.4076066738393123
1789,1.1515862091974756
1790,44.18308578951267
1791,2.570109697511531
1792,1.222615942802393
1793,-0.2927930003640928
1794,134.93949519019628
1795,159.03101597321248
1796,246.1552598536308
1797,108.80403490451152
1798,2.486521762149032
1799,158.7590756317687
1800,124.75306692149807
1801,3.4608060634074205
1802,0.5199059533440051
1803,118.36688795773303
1804,2.652319242153144
1805,135.0524860308214
1806,3.586280904740129
1807,223.07958766391653
1808,116.74465816006666
1809,43.866595189066196
1810,2.61906068605325
1811,1.1997803626369918
1812,12.726873793658843
1813,2.288552399605369
1814,134.74493303806273
1815,211.85156287736748
1816,3.7632364966354217
1817,83.55903052805454
1818,52.711145296970514
1819,192.37084138494004
1820,5.394837736295945
1821,0.5366704577011431
1822,205.33289168596895
1823,-0.4519769802203037
1824,44.22406006650108
1825,2.03767277318778
1826,4.349057514769743
1827,2.127162397663874
1828,1.395456356853951
1829,185.40160521697163
1830,187.66389409727333
1831,4.919485661577549
1832,31.445684845743806
1833,0.7018400401114653
1834,2.5815247828971692
1835,74.71512177798228
1836,4.063647995009746
1837,4.190277742694902
1838,4.147445688687619
1839,86.49044247469052
1840,-23.99001600517228
1841,-77.07630623343168
1842,202.0458025984828
1843,149.18284006101436
1844,214.02401415801722
1845,131.58996111977316
1846,28.957040808540064
1847,211.7380700738999
1848,100.49706189684218
1849,2.289377736618678
1850,2.5948117304550564
1851,-64.72527995062771
1852,3.621211909421086
1853,60.46008813407896
1854,57.045103942194324
1855,3.9021437619841066
1856,148.103851802568
1857,1.4001802955251774
1858,2.65660759472901
1859,4.546189966505323
1860,3.4275905430181157
1861,121.19203190652293
1862,4.584739385943364
1863,59.43282804265029
1864,50.54953870607131
1865,170.5243657008901
1866,103.52938354048332
1867,86.85721824509224
1868,218.23402978664325
1869,129.1359258204235
1870,1.9599530642482452
1871,164.22149567802208
1872,37.769927631130685
1873,1.449820016760366
1874,18.4123689189452
1875,105.92993380532107
1876,1.4206592635390591
1877,1.219662625282809
1878,52.14100051070399
1879,46.90436163834068
1880,232.91870647639706
1881,3.6975712230202795
1882,67.95237824436556
1883,3.7698015594522056
1884,74.58250963233351
1885,241.31643308518454
1886,221.26593345390194
1887,1.8214204150349902
1888,175.69157967389603
1889,187.47511652768094
1890,1.0160092775347385
1891,199.9317691813136
1892,177.98155808723655
1893,2.8230744420011233
1894,1.4272787936003053
1895,-0.8732261359690506
1896,4.130615438566559
1897,39.36593584715293
1898,-47.54164364126602
1899,1.6199687644202903
1900,4.129876997067721
1901,214.27618383801166
1902,183.16727580528624
1903,-52.563772087340794
1904,50.53746128921101
1905,42.56524677921219
1906,133.78043918554195
1907,4.861247028790765
1908,4.445931616790489
1909,89.30648429679415
1910,3.941935806938372
1911,2.622786462611314
1912,0.7824639644348912
1913,55.765723687148
1914,-27.31560450699655
1915,2.777376396706563
1916,-0.2800955528381793
1917,1.339292470411952
1918,134.11086629163128
1919,3.315500680260064
1920,2.136654958091077
1921,54.009749220083506
1922,1.866731902732083
1923,4.818275214836124
1924,1.125747056695557
1925,2.9015518557241746
1926,73.10458210391982
1927,138.1317736934365
1928,2.068339169491345
1929,41.17331877878207
1930,1.0314547907931266
1931,4.375540100003798
1932,3.2811938665467126
1933,1.4447028014861185
1934,204.9168407993259
1935,4.41583423323459
1936,3.263043913530573
1937,-5.0851193996063895
1938,-25.09783288367897
1939,1.2834053364132674
1940,207.4481496085644
1941,1.996944107459857
1942,197.86482999346438
1943,2.2793769358931337
1944,185.07734700481484
1945,238.51836957530722
1946,4.290275380517016
1947,79.20761206747594
1948,3.3657655505185464
1949,-8.866748689406315
1950,30.39737132282152
1951,0.09452627529171836
1952,24.512889616738484
1953,302.7227905612268
1954,1.591084357400407
1955,67.97863358970505
1956,1.1916427706940917
1957,91.40383258646514
1958,2.367083537145377
1959,143.70708595414658
1960,38.36993216251689
1961,-0.22464539101142061
1962,1.7209786609051136
1963,1.8831464729712692
1964,3.330336682848378
1965,79.23122790596595
1966,2.053457896309904
1967,3.1775717568486925
1968,223.42279338710054
1969,22.64747027978269
1970,3.3869853057766313
1971,0.6699507187728666
1972,81.0720176305826
1973,-37.61519654094336
1974,1.030979684265887
1975,0.24927811288129575
1976,264.56202281610996
1977,0.1399140951024812
1978,171.746606531086
1979,75.45933148262907
1980,224.06318897983587
1981,127.15020442502575
1982,104.6835430674082
1983,74.68483987313056
1984,6.136902611193664
1985,3.0852085745258324
1986,1.1929939721540455
1987,4.39647052439521
1988,0.0546482084388023
1989,3.340672978542779
1990,2.8881619202381104
1991,2.81553487809894
1992,2.6764097922551295
1993,24.63454577674553
1994,0.591379489823209
1995,87.55821939229371
1996,1.0441582636720477
1997,1.1785376564623573
1998,3.7059366365999997
1999,245.73129203101706
2000,4.129675551195045
2001,260.1204888802445
2002,-47.254790358559944
2003,4.890650621234191
2004,270.9710138772948
2005,54.144839351513156
2006,3.065879144021677
2007,38.31528026755078
2008,185.45383909903197
2009,120.12050768214151
2010,242.85093688853206
2011,3.7140992033064197
2012,140.05845845856896
2013,-34.41856327800519
2014,238.32603016360082
2015,149.1908223715721
2016,16.89943225963496
2017,1.6027771294301592
2018,36.952962026181
2019,64.2420397636587
2020,4.883709627684389
2021,2.757138426798839
2022,143.46731528413136
2023,42.554059474933766
2024,1.329472503529999
2025,1.6273476889617517
2026,66.02627039259447
2027,4.160700668163592
2028,4.4366403238363645
2029,44.87964089339963
2030,233.76920054581632
2031,62.34173421940494
2032,239.6886240467171
2033,175.10833834816327
2034,1.2142848466992908
2035,47.499125885498074
2036,167.4596214557757
2037,3.483919571449143
2038,1.5366681805157492
2039,1.3710081477644667
2040,94.00654813847316
2041,222.4603764373491
2042,2.566367829298291
2043,140.327706296519
2044,0.9259315225633105
2045,76.30835076310605
2046,243.24350814297992
2047,3.139383450971696
2048,-40.37673954412807
2049,0.6847251166168673
2050,303.08370102108023
2051,2.264136629438401
2052,1.537375374099199
2053,195.80353358101937
2054,2.927102594485905
2055,2.305527203029445
2056,-34.9426619503044
2057,165.54972470975437
2058,-11.095829619581174
2059,2.86582831939322
2060,14.542124953105507
2061,2.102015375216907
2062,134.0770057011056
2063,2.391435525038155
2064,2.5036927930877493
2065,1.0856587773911228
2066,1.1023297421788147
2067,2.220157328125206
2068,2.0651154925051842
2069,-0.613548727100394
2070,240.1241336637189
2071,240.4549611169581
2072,1.183498083203946
2073,164.52946030440393
2074,306.1152111414283
2075,212.1043899976641
2076,2.196779036012742
2077,1.4772603772071564
2078,2.3936768635488863
2079,2.547782442121888
2080,1.2798178775109035
2081,0.6788722441398556
2082,3.0147831819616213
2083,20.206021683952095
2084,1.0243366730859218
2085,2.4422791768593264
2086,116.69804249273811
2087,66.51354776409836
2088,26.13945465180185
2089,44.572277238188974
2090,195.65511031651738
2091,167.21121335270203
2092,-78.8693075173881
2093,3.4606429895143505
2094,2.2597026227472297
2095,65.73377476715679
2096,34.18013077158345
2097,88.84215573639139
2098,3.5850565257277105
2099,-29.115967682789076
2100,8.085731510322328
2101,3.846533869052074
2102,2.7864050399713785
2103,36.57544576813643
2104,30.65024183289504
2105,26.390690120551202
2106,256.6077812667766
2107,4.75622014454987
2108,3.1683259917088433
2109,4.156525244659381
2110,207.5431885176291
2111,2.1423464184397085
2112,32.41079098073791
2113,72.95522019890221
2114,2.740735893214122
2115,26.488267554718178
2116,2.518553428177153
2117,2.0760376819442152
2118,0.6599354657967637
2119,92.82770148158372
2120,1.7596058539539325
2121,156.34997761716238
2122,181.54280649730143
2123,1.4154245948342
2124,0.20595942727863098
2125,2.767585156366885
2126,4.1581724765526875
2127,51.5946701025812
2128,167.57180193118214
2129,0.5731283508837943
2130,0.9750325086030791
2131,2.0307968570550603
2132,4.290025768687057
2133,181.49992140417
2134,43.5265440193904
2135,171.30772187328336
2136,31.861292561749423
2137,181.66165492792567
2138,1.8473105354750654
2139,62.23542586024172
2140,50.24393815386422
2141,34.950551128621086
2142,3.9531294360388416
2143,-11.489013582964283
2144,141.45652887676405
2145,29.62659179726009
2146,1.4060690295063156
2147,0.9627212318426543
2148,34.41133142251135
2149,-49.33608484606772
2150,1.6368431174422786
2151,54.523934821371384
2152,3.336856442141758
2153,2.0337067543822904
2154,0.4342443717663577
2155,2.1582417004513785
2156,4.1474456675187925
2157,111.69361294311256
2158,1.2151856408930928
2159,278.47060466443844
2160,202.48063259708806
2161,242.56562794290932
2162,0.8487226743808749
2163,251.8827948454591
2164,4.560883324623584
2165,1.57577265669086
2166,1.2471396988722845
2167,32.25911376838158
2168,245.90492855586945
2169,1.254370767901186
2170,0.975002679900675
2171,133.94393052780347
2172,3.8119008078791503
2173,201.73603637150362
2174,213.65878422798892
2175,-0.17116635787069803
2176,3.1615051158473
2177,-34.108900861799526
2178,2.798765031958091
2179,58.0284441671199
2180,225.68167026322175
2181,1.467129963962444
2182,137.69480332615777
2183,156.90585597728844
2184,4.144265753670559
2185,1.2971734289994716
2186,1.616099793182412
2187,3.0625981994811675
2188,202.1658326003062
2189,191.5740654160249
2190,52.81253795262132
2191,1.4891303883223248
2192,1.485020607898963
2193,87.17738324011708
2194,1.3545887606353164
2195,3.192198955395627
2196,4.683235706832869
2197,1.1235890961492516
2198,1.2627780151963968
2199,0.37608500028642916
2200,0.40389451673729215
2201,2.526226740350964
2202,60.06474127172288
2203,1.0515663804480162
2204,0.979081494590488
2205,109.21687479475537
2206,3.6899980156181096
2207,129.10149664709843
2208,3.5943805760173584
2209,8.216455574107426
2210,214.77225203250958
2211,0.42227745599225397
2212,3.094676442636734
2213,4.061331539043104
2214,87.65320426956868
2215,17.261384257198255
2216,58.76280273808547
2217,2.7787130369510535
2218,24.367026372861137
2219,1.2103079817707414
2220,3.1345003469018566
2221,1.8399772688807916
2222,-50.878917164694705
2223,156.4132127004627
2224,-38.7643827275359
2225,131.72577086682645
2226,-0.4360735507801505
2227,41.115480496513435
2228,113.13660224510608
2229,106.33842266006948
2230,2.055683348956885
2231,3.690376713246649
2232,2.700314967705043
2233,205.050446810508
2234,185.99544340317144
2235,188.6449260842983
2236,1.7482076702523304
2237,1.9496761241306109
2238,199.2898794971353
2239,70.13809320668712
2240,189.24869138952243
2241,1.1301914982088783
2242,193.37918586413372
2243,4.27955813050152
2244,73.97198064137727
2245,192.85140520286456
2246,91.55357666128481
2247,192.90375436058213
2248,3.70776996220909
2249,239.0426721486028
2250,113.4098582173362
2251,3.2291448427525316
2252,217.93828461670492
2253,4.347091928610295
2254,123.18488451739339
2255,-77.48085545825857
2256,31.400724797955974
2257,0.4322429577613831
2258,1.380731102369594
2259,63.54870269321109
2260,4.475505142227491
2261,72.6509548038412
2262,0.9824185677152142
2263,73.51602780667399
2264,11.710718330240695
2265,41.06267044872835
2266,2.2422284367589356
2267,0.10522031258397282
2268,3.7450858591794187
2269,2.4206611029067755
2270,6.395364536772746
2271,147.67332548310404
2272,37.4958901353902
2273,1.9399486733036964
2274,3.794184738504001
2275,4.332210806911492
2276,2.8025373274214016
2277,1.2468295263870233
2278,-0.980508028440381
2279,4.423587643209394
2280,1.4042686121063588
2281,164.40832990931904
2282,1.0517044934478923
2283,2.3863674095222023
2284,191.7873561567565
2285,1.5074225163713977
2286,-14.673585605831954
2287,3.831055492706409
2288,1.0274705506884374
2289,3.5769224011820135
2290,-32.946405443173866
2291,32.25449427653721
2292,3.2509604595084283
2293,0.9519044914355004
2294,3.2765722514758213
2295,1.6225827042032064
2296,2.4962255507158497
2297,111.94959263875596
2298,-42.79305021455431
2299,57.748182992162874
2300,2.0412490729171804
2301,3.75305548805298
2302,-74.1084569821516
2303,130.39414061514833
2304,1.947627963095366
2305,21.55111857589722
2306,236.7307394267204
2307,11.676169272186943
2308,38.10817491542966
2309,4.3529279246308406
2310,130.5818632832427
2311,-49.99606785589973
2312,59.190237942040085
2313,2.6201243386159887
2314,3.207227091296432
2315,194.09735901905222
2316,5.429251439203449
2317,1.2571554922932289
2318,208.7808885883651
2319,4.737982807676107
2320,68.03943581250152
2321,1.6254169267530911
2322,191.1278681064874
2323,139.08424388202098
2324,1.0121046941053518
2325,29.93876686532393
2326,0.4338590668016831
2327,83.30119129458515
2328,0.8034355508991373
2329,280.11242621994177
2330,141.35047694654116
2331,-0.36396742238552915
2332,220.00435579940392
2333,-5.846282656701071
2334,12.917724143690393
2335,3.7366932599678893
2336,49.56225249627187
2337,119.1254216378852
2338,151.0467622623014
2339,21.39051795294259
2340,42.28955258633046
2341,107.61124060929546
2342,0.9455731690380933
2343,4.465354830798633
2344,222.13403081938583
2345,4.2124035630820105
2346,113.97321664076824
2347,83.91849492085169
2348,0.709662077313516
2349,206.15947216415776
2350,21.554459057079807
2351,3.2929928386837464
2352,3.23639059861555
2353,0.42664501834242585
2354,-27.395982606030266
2355,108.66651056242651
2356,2.3624050198889255
2357,83.72400941556168
2358,4.637034314817956
2359,4.864882002246521
2360,1.9479794786587308
2361,1.89176160067955
2362,225.92845394476907
2363,2.649685251039716
2364,201.95146475097474
2365,69.33551699559916
2366,38.102734760174634
2367,27.549257354659854
2368,-63.209031688791654
2369,2.663552987100405
2370,177.5410070514274
2371,27.93801447815774
2372,58.044061896482035
2373,1.1618309611047546
2374,-60.63554219654361
2375,0.6176842881443062
2376,89.491407190065
2377,95.12745845355283
2378,3.736249708949403
2379,4.5240694422857075
2380,26.642761557230514
2381,128.75420535001518
2382,122.36039009883936
2383,40.5511279593011
2384,1.8400014857501363
2385,206.5520449759219
2386,4.106862679320848
2387,56.464863892302155
2388,208.4519133074926
2389,67.82780005618866
2390,0.9787506649960329
2391,88.75476821236924
2392,18.921122814012865
2393,54.336500908423574
2394,103.46540728084554
2395,3.5135786100008772
2396,1.020999645844391
2397,235.8076880725502
2398,228.95628798273958
2399,2.800693988504501
2400,155.4085027101639
2401,47.92201744461133
2402,184.47510503857563
2403,4.543338553436039
2404,0.888216118398318
2405,2.8607892246095012
2406,1.331433187434678
2407,67.48829042363849
2408,223.27576158670178
2409,157.7243343749988
2410,2.487614112784711
2411,4.538549009616761
2412,240.75947781900237
2413,-10.465843127509185
2414,1.6367418396881939
2415,66.41922502387416
2416,216.9375800123731
2417,20.808836480672205
2418,1.927390147975441
2419,1.398042775282328
2420,0.6654714285394532
2421,5.595731536978004
2422,188.56019059077468
2423,1.4337086331556885
2424,152.04666947812075
2425,4.2108080532488845
2426,-20.295980606519223
2427,132.51082540292506
2428,33.55402193187064
2429,0.6859519709927556
2430,2.417838978134156
2431,2.1435613978107786
2432,259.8074557279348
2433,208.47281213027844
2434,1.0568944045022417
2435,39.859069944420916
2436,195.82342094108537
2437,-74.9643228379772
2438,4.159913286034944
2439,4.569466408415213
2440,158.87363060330284
2441,4.568306402450405
2442,4.140069630298953
2443,3.299474346885764
2444,-54.7575210353919
2445,4.047235898727474
2446,3.6607654748301712
2447,183.48945220705377
2448,4.128145812325501
2449,2.3149360741047906
2450,20.10557485292888
2451,1.9208483968019328
2452,2.256489474696468
2453,24.256389958157524
2454,249.3467117186663
2455,109.8831509291384
2456,1.9652212713541948
2457,208.12359965496728
2458,4.323071644261214
2459,0.5106036025671223
2460,4.171312395561374
2461,54.502752990448286
2462,45.515081863435185
2463,4.35017756826557
2464,-68.25821476551494
2465,24.07186602861264
2466,179.15491355776527
2467,130.69097516815185
2468,217.2079234750932
2469,202.10873081656763
2470,3.381934789148823
2471,102.51886334110424
2472,0.26329286976247984
2473,40.88025206249482
2474,154.17019517026375
2475,3.9299419110615252
2476,65.89916227447358
2477,128.5752048126589
2478,128.16824447910406
2479,1.6893468472073054
2480,31.07137190502601
2481,54.250935541524285
2482,1.164099024346871
2483,2.48142008700953
2484,98.84790666054963
2485,109.95880089387117
2486,4.918210773074072
2487,3.672194285800568
2488,-32.210974460849734
2489,154.20493788945862
2490,3.982619916124705
2491,121.70262223542076
2492,38.535728731278816
2493,33.237214433200855
2494,3.5438205171205057
2495,2.860971277744498
2496,115.3192916826478
2497,66.56975459808693
2498,0.7858486197965924
2499,4.878440340210133
2500,0.7985032089329644
2501,76.95099132915364
2502,216.20870686748907
2503,67.5031371504227
2504,287.95131955685275
2505,0.5201831496937303
2506,2.060948677376284
2507,208.27178666256552
2508,163.1249357137822
2509,82.36769891499381
2510,4.863688507885546
2511,164.23705796689836
2512,58.064431879163806
2513,108.70299350229739
2514,174.22225499693087
2515,260.2536091221763
2516,0.6271271087862763
2517,0.8624091574107988
2518,251.19260249525917
2519,2.5709792570721914
2520,75.96662325024384
2521,107.96960915680975
2522,-0.19488330844764076
2523,4.757553080744879
2524,3.127172379809168
2525,240.9784705418404
2526,2.723503564368499
2527,1.9343398123462439
2528,196.49929706428725
2529,107.09127304358665
2530,200.7764795495629
2531,216.15019504662143
2532,33.50704837754546
2533,0.48819785130996957
2534,3.6323126171099744
2535,4.143220109548495
2536,1.187960425490258
2537,4.6078803531645365
2538,4.132290377524795
2539,135.94428094762492
2540,0.11608782822485546
2541,2.44962106901323
2542,-10.996754246007335
2543,1.8277130710146288
2544,135.20264203848242
2545,2.275506954480223
2546,210.86624003148663
2547,13.785123377017776
2548,29.226013017607283
2549,138.38561677892397
2550,94.10376962413996
2551,-28.753514684647943
2552,1.1579345338103768
2553,230.34764519666174
2554,-0.10029639518712422
2555,44.68237479449509
2556,83.63729040016821
2557,2.56601929796658
2558,-5.081857368258863
2559,4.610121462363346
2560,188.57795149480884
2561,0.8093959755416431
2562,181.221979735361
2563,195.46780547958952
2564,231.72770782070899
2565,3.0520722640637508
2566,3.154023961095587
2567,207.59524125627564
2568,47.764532338189866
2569,49.13055059093699
2570,2.1593247457529183
2571,77.56143666696691
2572,-40.01000261171217
2573,146.35754669271594
2574,1.9542674760344296
2575,2.801056863991072
2576,1.8456464472733782
2577,3.9673357730377843
2578,27.10039562588542
2579,4.363606149625642
2580,3.8080168996487065
2581,1.7612553835323466
2582,-15.241622174585503
2583,0.7561649266019872
2584,5.015901887459937
2585,34.645143557881944
2586,3.022546273728951
2587,180.109391625763
2588,160.13243635611602
2589,2.304773597606641
2590,40.871132616491224
2591,0.44629705889447424
2592,106.41283478454318
2593,49.132747649319185
2594,58.01965758738813
2595,35.57813316482829
2596,37.84910689399222
2597,3.776686838638074
2598,4.003868329350229
2599,11.921938572538023
2600,2.417575212336498
2601,162.73063741823822
2602,4.384514478215445
2603,307.2604567634419
2604,147.1383018710623
2605,41.35112540336293
2606,2.762160576511288
2607,35.802915088027966
2608,152.89894483798932
2609,27.290139613729096
2610,1.0901508495264185
2611,3.506535096071789
2612,1.7469859072325358
2613,2.9216310507531817
2614,1.7881912694373343
2615,93.62238413734957
2616,131.97107793634797
2617,207.81042903442412
2618,160.9813349658047
2619,2.8786795062169945
2620,-0.15988521554921073
2621,2.5642849018505034
2622,1.3202350157731901
2623,0.10741247882777112
2624,5.090416739863322
2625,99.99535092918273
2626,233.3903788480849
2627,28.094532020625472
2628,106.8714255282922
2629,37.13958437846213
2630,104.27544780667483
2631,15.034724528617051
2632,4.434991314477384
2633,238.5517305046254
2634,53.642954879760055
2635,127.52670906078889
2636,-43.37955695464142
2637,1.6472151046633492
2638,-59.39679634427913
2639,-52.611877562350955
2640,162.024126652665
2641,1.7287806691830738
2642,3.9178681751147306
2643,140.7406358291296
2644,111.05381383936194
2645,194.1217999146704
2646,1.367866667173502
2647,1.7549447378449914
2648,3.038886083212935
2649,4.644551261619936
2650,202.49180046527465
2651,162.84363018191675
2652,51.784535572976566
2653,0.6675635516150799
2654,26.220446003732945
2655,183.59171645957616
2656,213.46050868825796
2657,1.5920112010289167
2658,9.141149041130564
2659,233.80810484150356
2660,0.7583048735397026
2661,225.1471211401942
2662,55.4648619427353
2663,3.048565790278906
2664,55.152265898370835
2665,215.651258762412
2666,196.80324051833273
2667,-29.976868950183547
2668,21.676763148051407
2669,4.9244695488424854
2670,85.25745750642757
2671,156.12673874341442
2672,95.28903682431135
2673,189.04575835314535
2674,190.036562073989
2675,0.4557929362005733
2676,-48.70419904525039
2677,284.55052496410383
2678,3.7306480340993753
2679,3.8185520089755887
2680,46.04513381859957
2681,3.5853727780849907
2682,1.3976596892202227
2683,2.480147047116473
2684,1.315631761712545
2685,4.67289649832428
2686,2.3229893223281355
2687,37.93577123629895
2688,56.81370216142253
2689,22.745975259502302
2690,114.50949676428894
2691,70.97060643272107
2692,42.01154277273282
2693,118.48208323370856
2694,100.63851087805568
2695,4.365053200583032
2696,135.43454097452997
2697,1.2367361245821782
2698,1.1695508493154625
2699,1.654793934004098
2700,171.14356554155083
2701,47.82818525836946
2702,24.45524537338242
2703,2.4174694854619845
2704,160.64492665501223
2705,1.6547288823954025
2706,3.7201425282431377
2707,162.61100074290724
2708,1.9038459207827296
2709,29.990325575502943
2710,3.3408422313236743
2711,128.0760153839934
2712,0.7545238045702576
2713,140.47287380593406
2714,-31.96424386099689
2715,3.0191130760657976
2716,1.495995782556466
2717,221.83683607326228
2718,2.88752879581081
2719,1.6142015523924684
2720,4.812414339932659
2721,4.575914932583474
2722,2.738289705847929
2723,195.1796020359236
2724,4.266185219017698
2725,23.026245613726754
2726,-0.8408409950593336
2727,249.6801054988071
2728,51.18725667669895
2729,145.8674833818602
2730,136.1427360790296
2731,125.95708014661699
2732,4.863113648144409
2733,179.5802843558556
2734,99.39913992753004
2735,70.43193316504026
2736,40.85703680312412
2737,152.38515371191238
2738,114.97574897600293
2739,58.048415395000646
2740,3.19328046768263
2741,38.94290141619764
2742,0.08794396956460235
2743,-4.748559957216851
2744,-28.18225953405802
2745,2.847902297249408
2746,174.34759100124873
2747,140.66638891692514
2748,1.2987671530249933
2749,3.682851811821508
2750,172.23546402970356
2751,217.90839588022834
2752,1.0001261774661063
2753,107.06926610218139
2754,-0.743922911774167
2755,22.574823527112056
2756,208.28286487540987
2757,4.104857461257509
2758,243.64364199921002
2759,68.08637190688661
2760,138.53728961696717
2761,4.688577612259495
2762,2.5636843408124954
2763,89.09995709926955
2764,2.968991671642774
2765,94.53877872332959
2766,-0.38701634286687225
2767,221.4588191005961
2768,2.4120383247184103
2769,2.054637817444085
2770,150.81429883011867
2771,104.3425234980272
2772,5.1323898794926315
2773,1.6247487067088688
2774,2.334940655214759
2775,4.399947021773453
2776,0.8429131375038832
2777,213.56743483591742
2778,21.763094470476233
2779,1.6870728924081808
2780,1.466618462133149
2781,192.879343887102
2782,178.06887571768547
2783,3.1499090588738783
2784,6.373077565358765
2785,4.164883504548684
2786,2.2353936068186124
2787,46.34563475910066
2788,6.735812275823745
2789,130.4968466998707
2790,179.23529582115157
2791,57.76507607037166
2792,96.39548332247278
2793,150.71068938492834
2794,138.12188139136086
2795,34.98691783277006
2796,198.68231200408502
2797,82.77259247591866
2798,29.318968479973712
2799,10.899562346228063
2800,3.7649417087884007
2801,2.526139850377679
2802,1.8035963061256972
2803,61.008716353513385
2804,1.2231692685911364
2805,41.163338694896886
2806,3.8944795070764937
2807,30.32198552487746
2808,63.52026320878892
2809,4.325902284458013
2810,3.2088085037583607
2811,143.66463558991458
2812,3.457244441560037
2813,-9.462734447019113
2814,4.2079015024418105
2815,212.83102331753275
2816,53.71894576221783
2817,226.3444300664811
2818,87.43772943896677
2819,44.45219337474271
2820,107.89960482687104
2821,26.624795617873993
2822,4.438780413143411
2823,42.04548966831321
2824,212.81415270192812
2825,109.8316627527926
2826,-55.43648362487648
2827,4.80073456165062
2828,3.783722345834212
2829,2.283272673220077
2830,3.935300728587962
2831,4.059856480277559
2832,2.5055726243274306
2833,109.92907264889894
2834,2.2539549304351247
2835,1.6136538759687153
2836,0.9658132222707567
2837,1.8649300709071959
2838,4.094173405824415
2839,1.0412902090934615
2840,42.18843784452835
2841,43.5549885209514
2842,232.49119438897614
2843,3.681668278943781
2844,147.53642484508725
2845,234.66877030953452
2846,1.9296192757073274
2847,68.49268296070366
2848,9.643376513570024
2849,-49.277174917650996
2850,4.770662689935225
2851,4.819938926192755
2852,-21.316348129911
2853,48.77756569629795
2854,-0.09571757191588214
2855,45.17289331892704
2856,4.154018055086183
2857,36.949217526446716
2858,183.3949198773593
2859,-0.7088887421416268
2860,114.35095318236793
2861,233.58744455950028
2862,213.3522388827739
2863,1.2921785434341384
2864,232.53372642370232
2865,199.49674427166326
2866,0.466901735391544
2867,2.3238646204349136
2868,62.55048306807552
2869,36.09982284289753
2870,140.96451682476763
2871,3.7613848433439996
2872,222.60879934934678
2873,3.3773882310660097
2874,34.21317129245573
2875,2.0302645738870093
2876,-40.61273095776118
2877,240.57498433893244
2878,-68.08154012311286
2879,3.3543508219159257
2880,177.70523301897074
2881,4.197846943089194
2882,4.37373486545345
2883,2.5781074096582377
2884,4.680772496423621
2885,141.3998677765492
2886,194.73944543098435
2887,4.142062155133866
2888,-0.3484594120382195
2889,4.699773416052301
2890,1.3538332608871095
2891,-53.32291940616315
2892,129.64349689596932
2893,110.4037325970942
2894,45.65891072833632
2895,3.2732799383322098
2896,1.3371590331337704
2897,3.774144257970908
2898,74.95507770988289
2899,25.842898465388245
2900,1.4884369696134696
2901,20.10337302776824
2902,196.27918074534114
2903,219.6112302348884
2904,0.8977113376527686
2905,1.8736113241348662
2906,24.146242817878978
2907,2.226930248441328
2908,20.827015084332796
2909,1.1012935546708298
2910,94.75833712098475
2911,2.5436545321912405
2912,1.0101351944381267
2913,4.442783249851882
2914,-18.516748189630817
2915,6.126094331031437
2916,195.7953366028803
2917,130.76749859235144
2918,2.385673099230733
2919,295.3457217988745
2920,162.00520771566457
2921,3.573399261058514
2922,2.1479254099173692
2923,181.99034997530933
2924,3.9303288445322364
2925,3.2400536254326613
2926,4.30634496337812
2927,15.506786822951076
2928,4.125942288833681
2929,138.83345207432407
2930,217.55243728864204
2931,0.9331012110446952
2932,3.2242344386954276
2933,-17.58953511128728
2934,92.78411597314799
2935,-13.331774530742942
2936,-50.29262399402072
2937,4.726842924986524
2938,19.498148837948687
2939,1.638185778118252
2940,131.30577664027885
2941,67.87508651363282
2942,52.36049411496931
2943,4.440533334083448
2944,4.684743967261172
2945,4.050427023292658
2946,4.684713528221093
2947,-44.817749687730384
2948,1.0812112915891152
2949,4.8232976887910635
2950,1.4724108451520215
2951,124.46993699539854
2952,101.00024898846365
2953,4.540690917614153
2954,0.6555751697502833
2955,32.494086013838846
2956,4.66507856248168
2957,84.74821309134052
2958,3.0143544961784716
2959,181.27174087195888
2960,4.494611701336988
2961,168.02692792620695
2962,2.6213723190252978
2963,1.4934018729544665
2964,180.2729381527352
2965,151.81904129208317
2966,1.827810242450635
2967,2.0356048770036246
2968,137.65814654133294
2969,-74.54622816010053
2970,-0.4048221819048033
2971,180.24175766689513
2972,4.9952649574947685
2973,166.79291053973333
2974,213.31785086006826
2975,3.0474940485600652
2976,38.97093155685513
2977,30.003428727938832
2978,2.9012402664907837
2979,2.9802074153613605
2980,247.04302870787262
2981,249.12328030339194
2982,114.95480104562631
2983,117.6181490156962
2984,230.57120025061366
2985,105.67318680813698
2986,240.89651217387842
2987,186.45794836893674
2988,96.6747813971299
2989,95.22408134617835
2990,32.35412717644989
2991,4.6140924237082634
2992,1.5542184854325296
2993,2.8958455998801282
2994,6.913576484510598
2995,5.654031689548541
2996,2.6527203761958518
2997,2.013326964223958
2998,76.46678070591302
2999,135.2014977960954
3000,51.238628840905804
3001,1.7203733215159935
3002,250.02290601918264
3003,2.788875624357023
3004,232.9580564237398
3005,65.20230170958698
3006,73.96146899910812
3007,4.446425014087272
3008,1.432399589561952
3009,12.212566182294172
3010,2.7126587783351894
3011,50.24010199553946
3012,3.5519198531797445
3013,160.26061249086416
3014,4.200772977166692
3015,2.2618897568065583
3016,3.5713989881198795
3017,4.359618465533972
3018,1.8333270529755628
3019,182.6818894779726
3020,1.7194846621792321
3021,197.76424560792302
3022,229.68337412614318
3023,1.612906535250552
3024,73.26443522777045
3025,197.23786458421463
3026,137.5004285446268
3027,3.885037716365728
3028,3.6303028614775634
3029,-20.484251420258122
3030,-44.51505229502533
3031,3.619933378219802
3032,4.125033058914478
3033,3.389574575111948
3034,110.14903367235212
3035,123.69142570570992
3036,170.49761885606145
3037,4.00244680863433
3038,1.4673083973836443
3039,-27.777161836431645
3040,129.98981989628862
3041,3.203861071720281
3042,2.460630720800638
3043,4.093242057045918
3044,186.36199639214965
3045,134.1675820580133
3046,2.812761168859269
3047,2.718381499233767
3048,37.79934754782404
3049,4.03164950751362
3050,196.80227886906943
3051,71.41972489012117
3052,4.673100958054306
3053,2.7647141325451505
3054,100.39342432717325
3055,140.46885684074516
3056,36.62811128102757
3057,1.7269625121573609
3058,81.69126002044939
3059,0.7324981819924814
3060,211.49293794509097
3061,2.7960088291791374
3062,192.93078790963634
3063,125.89776600057891
3064,191.70410108200002
3065,196.65983509442788
3066,112.12397491822921
3067,29.575075871553338
3068,4.478365321955156
3069,4.2625217939475295
3070,2.0958773311758945
3071,4.371748450580757
3072,161.16656064351906
3073,110.4462694269335
3074,4.4533999131163
3075,4.182370999735347
3076,129.2892019285695
3077,-2.95467767712517
3078,66.51551960890743
3079,4.170001103401138
3080,1.7554547221868
3081,-15.488180290958855
3082,75.61766903751084
3083,112.83478894623592
3084,-0.1426234732098087
3085,3.4005234501277717
3086,160.4317190523253
3087,1.913447886516979
3088,84.98196055695814
3089,1.9904928291610946
3090,254.90673688085803
3091,106.15141539550714
3092,79.95455717437818
3093,1.4495502476825899
3094,155.47700572862118
3095,209.5834068670719
3096,104.02597116132496
3097,2.01085507728652
3098,3.7495002464475444
3099,12.325161174919295
3100,68.47059399323241
3101,1.1392901856165343
3102,1.385607132457888
3103,1.9211589517065901
3104,55.46776658621095
3105,1.5837569390482553
3106,20.600187077638683
3107,0.13555299178283542
3108,1.110794502525858
3109,4.641258263128341
3110,201.9448998972379
3111,0.7670605754318347
3112,172.20369866186485
3113,3.64973074003547
3114,65.65629941783496
3115,219.51222081955171
3116,78.01025970844397
3117,36.74777581871476
3118,233.35509092790483
3119,2.70900391327539
3120,39.46394019630946
3121,39.50371712774639
3122,111.4617924457829
3123,2.43034828096502
3124,1.339187610847641
3125,2.1998147202891705
3126,175.96572312827266
3127,198.70543134444375
3128,23.77045698898614
3129,294.52699054443883
3130,1.5238366827152412
3131,81.25370507750996
3132,159.68885597520352
3133,99.80006773454475
3134,183.18022204783796
3135,0.25564182209799036
3136,249.90787553000075
3137,1.5673756029700656
3138,119.59203555975158
3139,4.195323201712929
3140,0.9575395398658444
3141,12.131361839942608
3142,1.6499354034410345
3143,88.4313277663269
3144,201.698794054767
3145,3.3847839050110915
3146,237.39402849140836
3147,92.32429667803297
3148,80.48990137561103
3149,-16.956604148752444
3150,0.348274763686439
3151,201.7505509356159
3152,4.833678031285045
3153,195.657849147366
3154,138.8057750313455
3155,44.64478935942033
3156,33.362615753157584
3157,3.222997450439939
3158,235.74913490721875
3159,96.25522833234481
3160,214.51797382905448
3161,-45.78240098042279
3162,2.142144394050625
3163,166.18597481407375
3164,1.7066834149660104
3165,-4.409387490768015
3166,38.23583534066995
3167,4.789548082430071
3168,3.5961801312145383
3169,1.9169054416273879
3170,169.01861066701858
3171,1.939501750842735
3172,187.67872528927438
3173,231.0099495865781
3174,41.42680827459574
3175,-53.09088913772588
3176,2.1804001606245946
3177,1.674596068739532
3178,130.7886175254833
3179,4.414444688936491
3180,257.0004494288543
3181,175.8513536830318
3182,225.79157386822413
3183,3.5733425615664705
3184,94.70700906953255
3185,5.190028263654739
3186,150.05100361966007
3187,241.20536311681403
3188,-20.248038473696994
3189,217.90576310340163
3190,2.5663412455536507
3191,205.5362168866279
3192,41.12884079721888
3193,4.580725254340907
3194,2.7801469129701397
3195,3.398965553541869
3196,119.40152581014357
3197,3.7474625851021326
3198,151.79087437548975
3199,157.21157707514507
3200,1.0346067383924116
3201,272.1200255299183
3202,2.898134157452817
3203,3.092768455268397
3204,-14.466618311677053
3205,4.6302871613708865
3206,223.6120383894804
3207,4.139455902692596
3208,149.60010559385296
3209,-27.3782920075369
3210,5.075889562326946
3211,146.66681272268806
3212,182.93599472407837
3213,1.2071532816952195
3214,207.42981824328237
3215,0.6671207613477866
3216,4.360196277324323
3217,100.64088418065563
3218,233.81918580557596
3219,72.75655737183321
3220,51.4823128988715
3221,81.41566876726588
3222,210.95732474866597
3223,282.70998415160324
3224,-72.37247963003301
3225,104.90711108315715
3226,4.194700317824948
3227,4.074646035329589
3228,9.826071492268099
3229,239.2074648575904
3230,183.4005656101928
3231,2.711731764968114
3232,2.5531649646785572
3233,3.932473538061692
3234,2.696161485492129
3235,53.745516731502875
3236,110.595608642819
3237,18.284651481627446
3238,247.9802549006692
3239,4.6520471466076
3240,62.870635017669876
3241,9.691471132980212
3242,1.3401912176823
3243,28.04743643281587
3244,150.03767261885852
3245,3.4091370553170037
3246,193.24468573551997
3247,4.524120483728367
3248,48.92481656422018
3249,-26.64623004920962
3250,184.67809942277708
3251,195.96801597083146
3252,99.48633262069814
3253,49.41070387706402
3254,107.82325149043783
3255,4.513593151473933
3256,4.4382838221845144
3257,1.9401762741262727
3258,1.0476740736069903
3259,32.79706643064407
3260,4.093822135652276
3261,85.24861678872398
3262,250.8738639106495
3263,0.8043106489904732
3264,2.991111986540272
3265,117.10934518197755
3266,1.2151975386134353
3267,4.900864287450708
3268,1.77507899136948
3269,3.209699452333883
3270,41.82308579958644
3271,191.9661224841513
3272,-0.15403305578371468
3273,178.7050537810926
3274,169.6765246426218
3275,92.40097204058665
3276,95.80818171877905
3277,4.629172278650846
3278,4.437713553159796
3279,1.7430726199688245
3280,121.23295290629866
3281,225.39274940060858
3282,1.2622915930112377
3283,301.715727142729
3284,300.3687220170281
3285,79.27220287976023
3286,1.6537855223508764
3287,2.218658549378025
3288,23.441717999480538
3289,0.6654172976303352
3290,36.22684455426904
3291,206.40806843814894
3292,1.9463457497073078
3293,35.200579931251546
3294,172.92417673564407
3295,116.03698499896115
3296,21.694587938641927
3297,169.7251078792799
3298,-0.2011346503279262
3299,197.40590854635178
3300,0.4518382226922615
3301,174.91468825829924
3302,170.74173803451419
3303,-0.9282668358042805
3304,187.18711884456155
3305,1.4699541275058765
3306,1.7779937714144802
3307,158.46712224081395
3308,1.9191419156620797
3309,4.590241352591586
3310,-54.71351425523805
3311,1.0407293744409845
3312,2.0932890069695276
3313,0.020028327791368004
3314,3.6462468345157144
3315,2.5932628027588227
3316,244.92628602909795
3317,259.00716933282047
3318,32.60268130472978
3319,0.9055428689650601
3320,0.7810757595983633
3321,3.3047119774082345
3322,122.0227664238573
3323,1.287925703052067
3324,2.1735799672181626
3325,273.1820427876517
3326,76.36113128915667
3327,-61.854581615977814
3328,4.6388500336624165
3329,0.8020406048290072
3330,156.15921524743396
3331,81.73247622307173
3332,2.3574939221393794
3333,195.63553376751943
3334,87.53792031042187
3335,1.9597798743386021
3336,2.327744324001558
3337,1.2779619027439635
3338,0.47855066820765546
3339,5.750563414631948
3340,31.81758909846031
3341,48.67475171133414
3342,174.32160300612492
3343,83.3033880442461
3344,2.298371153904822
3345,211.49407943352125
3346,237.23500774268575
3347,138.35993029795358
3348,66.03303215536272
3349,3.8423780643392327
3350,2.279242839671911
3351,1.3785459189824303
3352,0.65170629913017
3353,85.31689302104061
3354,26.820854945784152
3355,1.6414846491185928
3356,249.75201711444362
3357,2.1638281030528863
3358,189.90575356355083
3359,84.92507116557209
3360,117.03128806477714
3361,1.6952432309836207
3362,1.7870752628228375
3363,1.9055722887257667
3364,21.463014162051255
3365,73.11573553354089
3366,-13.909540133976552
3367,0.7023055397960921
3368,117.10201209316325
3369,1.3758874190908263
3370,45.728921490403486
3371,0.055594449330718304
3372,179.488324888318
3373,48.191116638191936
3374,262.29754489897977
3375,1.0771256718171962
3376,1.3953128554473164
3377,104.7017839880858
3378,2.6195770870814843
3379,24.074018017413568
3380,290.1066899133745
3381,4.822788612425465
3382,83.3315698005704
3383,4.535044427457808
3384,78.60988369317974
3385,1.0780771500236594
3386,44.12580884265507
3387,1.5179634304820326
3388,143.54461081336038
3389,183.52160529409488
3390,0.8237313248220215
3391,3.2637579676322375
3392,2.733609346293294
3393,149.7925372690202
3394,101.11479372093021
3395,2.9568177459384435
3396,4.038218539598431
3397,129.9588910515282
3398,0.6354162843537654
3399,161.5174014363683
3400,144.30985745684356
3401,3.3017136187180904
3402,-0.3860671894743164
3403,50.89023391690439
3404,96.72205107265893
3405,137.47443827407045
3406,180.12606503306407
3407,2.525439889764974
3408,81.36790870017532
3409,91.61998326472532
3410,4.2741660756791
3411,1.789725867719312
3412,33.31905280165457
3413,1.5200961427467132
3414,4.895610412255658
3415,89.0402576507056
3416,63.24346338313905
3417,148.74295330161652
3418,131.6125831001688
3419,52.18396832707188
3420,2.5441155062309697
3421,-36.11799792096929
3422,143.13434493343962
3423,1.1038498515872381
3424,2.620269371313438
3425,17.281862490242336
3426,2.2214615259892057
3427,41.24705525561676
3428,1.0370961006854187
3429,261.62479165341625
3430,257.4145338805193
3431,96.32735010024558
3432,4.221596410358805
3433,74.75114028856787
3434,0.8264329814634617
3435,262.01448459828384
3436,187.73456567240657
3437,0.7512529383983122
3438,21.846957204930646
3439,218.8169420342167
3440,4.584804443877118
3441,2.1494785999787283
3442,184.30720596092698
3443,3.395762444595824
3444,162.92559006357183
3445,1.1215730770426127
3446,4.200398911417227
3447,215.71001071532538
3448,3.8440711143861956
3449,3.9333147380809472
3450,86.73441723695368
3451,179.58561826106975
3452,0.8072104622910039
3453,1.3812860874976995
3454,10.040514318381467
3455,1.616189441306386
3456,3.9703706889153785
3457,1.515876593168937
3458,4.328802597833422
3459,129.59644732387284
3460,-44.216818696190266
3461,0.31579155356676686
3462,27.054444022504683
3463,184.6190010041911
3464,1.6848589881337401
3465,1.3275420067116752
3466,4.744569504853438
3467,102.88092469320988
3468,21.056841785940613
3469,255.76272741508234
3470,126.722298662778
3471,16.292706377691168
3472,221.09251601964186
3473,4.68952081046617
3474,2.154243475987654
3475,3.1670618156390877
3476,35.0387125646506
3477,1.8881514553443774
3478,4.872959176507534
3479,1.316308460696169
3480,95.6285858805085
3481,146.44882926943205
3482,73.50421437733722
3483,57.10758867016326
3484,138.8539181148378
3485,2.364591358903374
3486,184.4288795706936
3487,4.154768728901153
3488,2.653051374010972
3489,1.5483661567933302
3490,2.373995388151071
3491,1.602950202415471
3492,1.046409671839029
3493,248.63559823235727
3494,141.8494637584453
3495,4.666492767808469
3496,5.173998974901255
3497,1.3129732535508871
3498,4.866405894165255
3499,-6.87559670203227
3500,79.49396741291932
3501,230.34617292381301
3502,4.401525313973995
3503,2.3963906079597574
3504,96.40203738254492
3505,129.83879294328943
3506,76.20460769178439
3507,4.381216629788758
3508,1.9184873841592065
3509,1.6398987669680316
3510,229.21144426504137
3511,0.9813279679810222
3512,57.96882596023569
3513,81.61360500222517
3514,1.7022436692989324
3515,41.823625627859506
3516,0.42495183434427575
3517,166.48951025017683
3518,2.8078410024512928
3519,194.33811124044797
3520,253.84233701453743
3521,0.7094670072580718
3522,56.52224810052408
3523,3.439058428362817
3524,4.681363927753308
3525,3.6171001270872702
3526,27.671997724578492
3527,0.18844770289619878
3528,239.76611999735795
3529,171.40884714065442
3530,-0.07403051371447653
3531,79.04729194005589
3532,208.0822015086132
3533,40.535380202905834
3534,5.955315812820874
3535,56.69743973467695
3536,0.6712690526573806
3537,63.298236769004156
3538,2.7614245596010987
3539,39.292070929118516
3540,119.02208045843592
3541,-43.63700651977784
3542,1.3399968427390303
3543,164.13129710714253
3544,23.93477822987785
3545,1.1197122617540876
3546,2.2609381887426663
3547,132.56808212852363
3548,1.700194211317285
3549,0.4443918706903074
3550,2.745327426041314
3551,3.2067093847478807
3552,3.9227755346369726
3553,4.942228576173208
3554,118.38527508090715
3555,0.9933682303619282
3556,0.9025340481215298
3557,88.805688959794
3558,3.0462775461701614
3559,70.97200209677871
3560,38.06693714256952
3561,3.868728337322465
3562,11.74057050700101
3563,-37.91067106009538
3564,4.134684104982509
3565,3.383612375957634
3566,134.31778947292727
3567,0.9067198514893289
3568,202.2188222003005
3569,133.91439749521808
3570,29.252525327765742
3571,164.58562422294108
3572,0.8818379014396084
3573,4.294931645095634
3574,3.8726316211105636
3575,0.27389626892477953
3576,3.524235033775228
3577,4.084532077247643
3578,62.31558843674037
3579,1.2435795434935275
3580,58.29477998779865
3581,187.977064629299
3582,42.40786202388844
3583,48.82647665023575
3584,4.675240325700138
3585,22.84357740295777
3586,3.339972070359064
3587,40.353501176193944
3588,1.991254607462826
3589,188.59558369787973
3590,1.5481165895898932
3591,1.904332649657918
3592,151.8916972605965
3593,3.2572350756536084
3594,12.29204991205618
3595,4.787582109272171
3596,13.44719054851237
3597,239.07375820159473
3598,59.38442266766232
3599,57.07234891302401
3600,1.3967669531505293
3601,237.39681526406736
3602,-0.07250812793255709
3603,2.9349185725706146
3604,0.27812460638009284
3605,121.15006238923965
3606,1.507592573692906
3607,1.7739058768419758
3608,227.89462140116052
3609,160.36410805389247
3610,25.114657736841085
3611,3.7358690488897865
3612,228.61080543894735
3613,2.452409621265319
3614,2.37817031298855
3615,3.737845071461947
3616,55.610359266054694
3617,2.695735324381182
3618,1.3412753697572504
3619,-53.16614788469269
3620,10.747536724873994
3621,62.05381821023995
3622,3.6852232010884216
3623,206.91962548853584
3624,-10.247117602215052
3625,88.41028946719806
3626,36.42354467645449
3627,23.40647933976007
3628,4.463596105899835
3629,20.473133169055977
3630,208.97609273544728
3631,254.75953558363014
3632,201.12487282446156
3633,190.4745611239495
3634,89.92012992522172
3635,111.27184958959164
3636,3.017578548324622
3637,28.16590068367336
3638,40.81679457686152
3639,3.3274315264852823
3640,266.7334668792123
3641,177.3656201041959
3642,118.71830409211253
3643,165.14744745622008
3644,4.071649592666594
3645,99.28370909381428
3646,1.403363074393076
3647,4.24596790625997
3648,189.09909231938784
3649,-7.196206039872067
3650,1.7573164075593986
3651,155.00712511267068
3652,34.274448955098975
3653,0.8301060923285507
3654,55.25919857206276
3655,1.2612081812010691
3656,122.65181291313496
3657,4.044793384466133
3658,5.912019892820935
3659,1.9697465733058843
3660,3.466033927394636
3661,41.92953533914276
3662,1.515496107723545
3663,4.081912005936652
3664,98.6907296644156
3665,3.2559617692266962
3666,227.68110295134954
3667,193.6712694582112
3668,224.77073949319652
3669,199.3586186358073
3670,5.419551548892501
3671,4.138558860671592
3672,175.95525814895257
3673,3.279555528649273
3674,241.8316114395351
3675,113.51778313727286
3676,32.86303419057931
3677,21.949149372516302
3678,-19.170271041331112
3679,1.7598808532375398
3680,2.1816590189519194
3681,118.51105734357057
3682,76.3184759358185
3683,143.98343893594256
3684,40.200154937909474
3685,122.24003983512205
3686,231.68067814970277
3687,83.89920618865456
3688,237.34981063550288
3689,1.0038227430894262
3690,139.1575505146699
3691,147.7690014455726
3692,243.8178861403789
3693,221.5606506942704
3694,-0.7835817765355274
3695,200.64114257321995
3696,158.20229876248192
3697,-0.37958177893019596
3698,-40.12162589165546
3699,1.6308562259238721
3700,3.946991272719248
3701,300.8070915619155
3702,2.542198929554405
3703,1.450140537372865
3704,2.1917550094056466
3705,0.10786963916300182
3706,45.69806764453841
3707,-15.197154867209314
3708,113.13170190385712
3709,1.6247832262165105
3710,4.148590469268589
3711,271.5778090749701
3712,43.136528247070316
3713,4.034733621076788
3714,285.4782199383686
3715,1.3149218068207766
3716,1.156965783168243
3717,135.8427567528412
3718,60.77172459681443
3719,136.05633353715686
3720,113.38862531281677
3721,1.5053780156873455
3722,2.763108783486184
3723,2.1139564944655036
3724,0.7600335409984849
3725,50.3840531141908
3726,0.2101454602439221
3727,192.3480832411307
3728,43.43387164221156
3729,-34.180728756548405
3730,113.64058104767196
3731,71.54825078718673
3732,1.8945921050898946
3733,-49.67088137378312
3734,1.7345308437538127
3735,0.9237622630836825
3736,-12.24863457648172
3737,2.378145597142859
3738,147.35392244839596
3739,-37.99849489535336
3740,203.65231833898702
3741,15.576050489353035
3742,220.14888077093997
3743,2.5487106703106646
3744,60.37653311414237
3745,-4.886595765236046
3746,3.385459472915535
3747,3.2829957405824803
3748,164.2514370338598
3749,67.45356751471024
3750,-0.05934265722483296
3751,187.54366513846196
3752,89.09391254439203
3753,3.3922785903121415
3754,1.3349274813303929
3755,27.042204791983735
3756,3.923829458732119
3757,19.373776314540347
3758,4.265423892217247
3759,38.01280315142983
3760,0.8676051171711303
3761,4.7085675495813755
3762,4.157698421758346
3763,92.37047447840393
3764,145.4573426270316
3765,307.5803141575489
3766,4.377167300296237
3767,252.57418859357097
3768,42.42724112636198
3769,0.17006981550779487
3770,123.31240396761353
3771,1.8872072557467023
3772,163.64477266677378
3773,196.13630907228668
3774,1.1717369190616864
3775,2.191957353389609
3776,177.56586087667506
3777,4.597042480561187
3778,195.5539975550559
3779,235.80896631856538
3780,2.213849830261246
3781,4.641635194405942
3782,1.0359894427532028
3783,0.46406816664861505
3784,3.729580934450955
3785,19.94016208631328
3786,79.16577454051352
3787,4.203416770183683
3788,4.708924902735687
3789,244.01391242277083
3790,4.570806687591616
3791,4.714446052469587
3792,2.1307576687300562
3793,35.451330751211316
3794,-0.5043307545171107
3795,160.82423840539386
3796,180.427210463773
3797,3.1193481368557077
3798,142.02249501327685
3799,-45.14713207615583
3800,199.8029041775065
3801,93.82971226131664
3802,131.8218933811305
3803,52.699042850831226
3804,48.590353991446335
3805,2.8620248774600876
3806,1.856818849090971
3807,65.05418288080392
3808,2.1481368420257025
3809,-44.61690947472171
3810,1.2787901153459358
3811,2.034539796982484
3812,213.09097654446322
3813,2.2499680805318594
3814,238.29295946346835
3815,3.0467754291689833
3816,2.2618658028082654
3817,36.112744684431476
3818,4.65979003357027
3819,1.009241957700612
3820,105.49037077231907
3821,3.422182830660109
3822,3.16214408951169
3823,211.05732191841952
3824,3.4756964718173426
3825,216.11591404233798
3826,4.2716978944960236
3827,242.01744394639064
3828,231.94531154892087
3829,4.620282110500431
3830,193.68949862264927
3831,47.56545139150151
3832,0.599627332544573
3833,32.56761264103139
3834,34.267972633698605
3835,1.300236603525605
3836,2.8762412078099393
3837,4.8851830190430885
3838,3.4767301629281766
3839,205.90976455633123
3840,3.3525928192357606
3841,104.26665252075993
3842,2.0936539229787323
3843,178.39323572213152
3844,3.419168366629587
3845,4.586015591575317
3846,4.526435368964926
3847,60.911125301825216
3848,107.25111844807103
3849,166.80274725014118
3850,15.173098849199057
3851,128.9725115249926
3852,194.51633119580816
3853,3.7465660654537283
3854,196.91101905190644
3855,1.009905194309703
3856,52.80429236422509
3857,2.360212135671373
3858,1.5175516572719225
3859,189.2164659518673
3860,2.282814549556703
3861,-60.04710232072731
3862,-5.627252286072398
3863,1.9171707387514547
3864,1.198594601967115
3865,247.16767960978308
3866,2.97492203096464
3867,162.504485886462
3868,3.1542990307032457
3869,1.6382047877246917
3870,107.11036871821875
3871,32.908452388802864
3872,2.4491333652091605
3873,46.895340920755274
3874,274.5866578911812
3875,231.2170766840702
3876,95.58553078126862
3877,-62.28684418899242
3878,142.06174874284912
3879,217.49797666794439
3880,4.892459289354339
3881,2.295290185417485
3882,0.8452803472273765
3883,161.72430620952724
3884,116.57721616330545
3885,4.549292484983253
3886,3.81581353251769
3887,4.40074239375565
3888,1.2453727361712483
3889,148.89184959414646
3890,0.0218331780549051
3891,1.561528160450444
3892,120.49431411605174
3893,1.524749107261269
3894,250.67483093286205
3895,-19.098348645867812
3896,20.689882210428017
3897,188.76103978652463
3898,159.16327947678153
3899,0.5663537460301339
3900,67.47597515616303
3901,120.48619546598583
3902,1.2736455409070442
3903,31.9699140763844
3904,46.21614930349464
3905,2.243145751672966
3906,3.333470338542928
3907,173.38952964815167
3908,110.36919312804221
3909,1.794415991366689
3910,1.5092638002285346
3911,188.26495871591771
3912,2.6413496731324435
3913,21.006314716110047
3914,221.23622195045516
3915,4.56406031160838
3916,4.044900676316673
3917,1.218569487445495
3918,-31.901892448635397
3919,3.3773385135629947
3920,26.98917250155465
3921,51.131676161332486
3922,4.92815097698289
3923,0.1038689190424825
3924,304.4741115643852
3925,70.09465642688403
3926,-0.22009869382980318
3927,199.72141125737983
3928,0.5200287795148426
3929,3.7813774396933333
3930,3.843635973860659
3931,158.1501211929341
3932,2.221129759208708
3933,0.06012227561462263
3934,4.799666100464054
3935,173.63178657819773
3936,-0.5131790397948642
3937,1.6967209324533417
3938,1.5278784923629063
3939,255.27531556081505
3940,4.5830682922014825
3941,4.448131598593167
3942,2.013378742606102
3943,1.6123644692469203
3944,4.742784166564386
3945,271.72132478844077
3946,174.18964270589305
3947,6.92297915638172
3948,113.21570502806382
3949,2.8926816181377557
3950,200.20920425292599
3951,0.3729960724170175
3952,71.66238889279204
3953,112.69591219110816
3954,0.7845321451925313
3955,4.1557233727109315
3956,132.81949619652377
3957,45.99461600229401
3958,66.59007977685127
3959,168.01318953787296
3960,3.672736638523118
3961,3.799174708497124
3962,83.33296227639357
3963,4.118496024212969
3964,106.55577535299618
3965,4.287023611445724
3966,1.8766284531462978
3967,1.9943188576187871
3968,146.81424732663075
3969,33.918137945991774
3970,1.1368540048842022
3971,2.0779816262299424
3972,1.4936967585935734
3973,1.9072550748695731
3974,18.13209341294493
3975,38.92636937752686
3976,2.061089994736168
3977,2.5509117473576537
3978,0.9805678072320492
3979,81.37432118604794
3980,204.9975785322639
3981,213.92060393872964
3982,3.7633172365528376
3983,1.7602656559931398
3984,321.45491623354064
3985,185.5486495380208
3986,133.38440306667678
3987,74.75453635677768
3988,1.4659958737898622
3989,-7.50332683456576
3990,71.68422965208862
3991,225.66703608504133
3992,4.004620578755799
3993,1.9618023025031772
3994,37.21239610438395
3995,94.76175968320089
3996,2.5702998695481245
3997,85.25745750642757
3998,1.0571061525465002
3999,228.07917595272886
4000,3.7710589326628186
4001,1.0560649491184413
4002,50.763425069297334
4003,134.7279314378435
4004,1.1111866899527865
4005,260.006228790924
4006,67.51668340713213
4007,5.051724597540301
4008,1.8741080514831965
4009,3.418833236678103
4010,163.53649082672206
4011,2.0009333301762764
4012,4.663220000316839
4013,186.01805762330426
4014,4.110246109552415
4015,2.3183670197687305
4016,48.6801201106034
4017,98.2441789000413
4018,93.09725538243599
4019,0.05884946955179232
4020,1.0485381726480172
4021,82.87050046208704
4022,52.79601518633295
4023,2.2920641044712577
4024,89.72115731958849
4025,42.199581225983735
4026,40.86252608224497
4027,221.62331695140364
4028,79.38846245926878
4029,2.8468797876656993
4030,1.1186830324485282
4031,81.84664361899124
4032,67.8331510918864
4033,1.6659307598236168
4034,202.24094916757446
4035,121.60435551636934
4036,0.8679566106778311
4037,2.5167244845604433
4038,3.7587230882430975
4039,4.1046656461898055
4040,81.40758030965712
4041,264.6084445515962
4042,47.87831819939998
4043,209.4363623043395
4044,2.7514278137066377
4045,12.631011393699806
4046,4.107651183254235
4047,2.4748675319287106
4048,220.63209412639927
4049,98.60213861908817
4050,234.51248195793175
4051,33.35661460363531
4052,1.4272592723082163
4053,2.6469353335406787
4054,2.9633806847210438
4055,2.475043351738654
4056,211.11575511037478
4057,4.916552443662181
4058,228.27814089727127
4059,45.16707078459893
4060,202.50007422176301
4061,97.26962399624423
4062,1.245343353216151
4063,0.6038280100055784
4064,147.02547528465269
4065,0.7253836743533609
4066,71.41552350745282
4067,146.90323060310672
4068,149.13373900383598
4069,284.57748706975576
4070,1.5442475030405793
4071,1.3920899634099149
4072,0.6179980211329639
4073,0.281617583494159
4074,2.4157405907139724
4075,-20.13652222125937
4076,18.835233654260456
4077,3.3503933623193793
4078,4.453705506879667
4079,2.733203402948187
4080,208.59368197913273
4081,2.4781403185713775
4082,85.35081165008857
4083,2.6605691268124794
4084,-2.1783641577065307
4085,25.731642045648663
4086,-0.8328268220135612
4087,2.705828091049421
4088,2.7959875696719783
4089,55.99702534376401
4090,111.1097235464957
4091,2.71992646673844
4092,51.00726290062405
4093,19.468925995572523
4094,3.2395759701822904
4095,4.912797245743138
4096,2.6224678780884902
4097,1.148521796203522
4098,1.3314976875365017
4099,-38.86628314188988
4100,40.68793835090641
4101,4.662037416245835
4102,2.880017298969943
4103,47.613929541033535
4104,171.14457962371984
4105,4.057787168830707
4106,96.62279066177771
4107,72.80318982398292
4108,59.951772306529094
4109,214.195112426565
4110,4.200874938263944
4111,55.911036690588716
4112,67.27060361175077
4113,1.6297530252876433
4114,2.869302475123719
4115,56.58029640785208
4116,129.97365367212433
4117,77.27581038223563
4118,229.1962242707935
4119,213.29621051510543
4120,190.4694816164699
4121,72.65087921526845
4122,-12.058015627673099
4123,0.8322014284170076
4124,87.62869564425512
4125,-0.18591436566808753
4126,57.60363488467928
4127,4.253357008102015
4128,-0.7275950862381646
4129,2.4196453152351984
4130,-0.28735264790346793
4131,48.77699113909529
4132,2.247102468781666
4133,3.345378421700131
4134,92.31026973753416
4135,-6.969449404282623
4136,124.41670196701676
4137,288.048822109211
4138,-11.43030604114851
4139,81.07109343913662
4140,59.38212590151485
4141,2.597650207343897
4142,99.40801746202189
4143,232.4147246818657
4144,69.6602227907462
4145,143.53193703837246
4146,52.507815726921
4147,56.15021672032289
4148,236.75311919546286
4149,25.09707352082406
4150,28.200854322008603
4151,44.05223155927372
4152,103.63516088600564
4153,2.5924836088344985
4154,296.2192214324138
4155,123.1245571922407
4156,1.7774053139040569
4157,-9.786221047309512
4158,0.9858671104669177
4159,2.8155549726319284
4160,135.44348628922006
4161,153.29164561080492
4162,2.321420072577949
4163,59.560828596719645
4164,127.50111175005638
4165,0.7002408199315409
4166,38.77659732926206
4167,96.60001020003037
4168,0.8666859148361833
4169,0.9767921687173725
4170,-7.875371085194594
4171,64.95459970701181
4172,2.932757019246623
4173,2.3880232461029594
4174,52.773579243609994
4175,102.07895300644385
4176,1.0693075823092817
4177,2.1926014521626835
4178,17.54229130919843
4179,108.75658807929221
4180,132.28656906805432
4181,57.73345976521063
4182,30.922149382038285
4183,26.244357123537636
4184,148.54765855853927
4185,232.83989182072884
4186,1.379856334193439
4187,67.80685412832315
4188,2.431948647596687
4189,2.631977488823561
4190,105.11337100459285
4191,1.522334970160398
4192,23.839616858295077
4193,40.30186264586654
4194,4.145732471693954
4195,2.5727020145599075
4196,100.68936989392529
4197,4.633172421662366
4198,1.5916258010850308
4199,3.3730348777455013
4200,223.4377259374213
4201,210.1708444879444
4202,131.25439288130073
4203,3.9652389463744266
4204,78.64685507611718
4205,2.6127463541835767
4206,5.241756846648425
4207,105.40285637481708
4208,106.42048221618796
4209,182.8900839875366
4210,-43.410818581280736
4211,-0.4721084086926895
4212,3.409120266461313
4213,-6.3697740591989955
4214,2.8029497651529187
4215,1.6218552860970954
4216,0.41771588781793106
4217,1.5679333129521262
4218,4.179541602025021
4219,37.81226736983337
4220,54.65411335674275
4221,0.9367960710751778
4222,91.52494804642328
4223,1.4150379896011693
4224,4.7926235315913335
4225,3.4363240351505646
4226,243.3955793743874
4227,1.036148612089528
4228,182.21842840110105
4229,100.32355911893674
4230,1.446340624809777
4231,0.7192464243285959
4232,42.007225014303295
4233,1.5894396940628066
4234,-9.72964781932328
4235,50.94585709996529
4236,211.13386651084681
4237,129.3862445448195
4238,1.549387115121167
4239,39.32820455239431
4240,2.9381974358489766
4241,30.87159180787418
4242,182.55900401671832
4243,-57.73369748390415
4244,269.99572609704325
4245,3.3886752098083797
4246,1.0180531078189183
4247,2.3712491220055734
4248,1.5866690369372618
4249,-26.373278071998016
4250,0.4967935147456415
4251,239.71322150922043
4252,4.656381571841264
4253,4.310717811422353
4254,3.7095665433603155
4255,-54.77334957653241
4256,-1.392697054738428
4257,80.31915974872958
4258,1.0531606641023075
4259,-0.07517946762059666
4260,69.81110923865178
4261,0.9971169418396337
4262,237.37428376235934
4263,70.4850304073956
4264,1.0352833787395448
4265,22.774501141919764
4266,2.7172687654404535
4267,2.064187672779548
4268,3.5434482582630444
4269,161.54858027507922
4270,160.84688078369547
4271,135.29475354342145
4272,3.211016927041845
4273,5.742633864104737
4274,74.07885047275053
4275,4.786705730960808
4276,244.75789472858565
4277,195.62132100630487
4278,309.1827111091584
4279,263.02396376733776
4280,105.9348792947182
4281,30.353995285838153
4282,13.951597254965098
4283,2.498164839960096
4284,2.7957708391241525
4285,88.7288354383553
4286,251.44288560020948
4287,0.5307894265282431
4288,144.55957953156286
4289,173.54008146303735
4290,150.47318024394772
4291,1.633144430275578
4292,3.393692538975901
4293,-4.8414169588082645
4294,-45.36895513401534
4295,-0.42842401972032595
4296,3.82222902307393
4297,4.630861497189283
4298,2.1019907843328536
4299,53.319726290896604
4300,34.62368635500919
4301,-36.20708589257905
4302,103.03470332015968
4303,0.7511359701909572
4304,-51.215428473571656
4305,2.4480153085158185
4306,246.61154558445082
4307,1.6312089939598595
4308,27.502026508514447
4309,3.5366216875721683
4310,1.4024494498014153
4311,16.577613106621666
4312,215.51393017230524
4313,1.79091361321992
4314,1.3884192856854014
4315,183.3223619513754
4316,0.07111491914230915
4317,156.34997761716238
4318,4.279481269671514
4319,26.614498156451987
4320,105.7358618719345
4321,3.1789034740210242
4322,261.6071859378457
4323,74.61652817177263
4324,1.9161674280134346
4325,4.996712909565256
4326,2.245115150445496
4327,95.13978584222139
4328,119.46693782888603
4329,165.66838821064417
4330,9.597222239020754
4331,1.5346772352416296
4332,-0.21935015330601637
4333,236.8143151647253
4334,1.9407885545489814
4335,1.7587678860579548
4336,1.4677083686804453
4337,4.1759763039581195
4338,4.8273697938566755
4339,2.458794960038488
4340,-18.289560103373393
4341,55.596211480940035
4342,152.9211207672224
4343,144.39245353321277
4344,110.34685815078106
4345,4.145202520877789
4346,3.0182198802741596
4347,180.4212900565621
4348,3.815261343924698
4349,107.07401967183846
4350,-31.93964615498583
4351,89.99435560218929
4352,143.26775336985085
4353,3.2386669226004194
4354,82.35653858498587
4355,117.16408189839284
4356,0.8508879336414413
4357,3.3693109595900657
4358,241.512767614508
4359,180.57102851185147
4360,2.0032301856925416
4361,4.242847816801189
4362,-0.27279492752724355
4363,2.125085964920346
4364,2.142266286231648
4365,0.10867439183093347
4366,1.7146321926576116
4367,202.5805764490439
4368,-15.543652019253758
4369,61.97811840572453
4370,4.649437303882295
4371,159.15685258011692
4372,57.81554960673277
4373,272.3911097491955
4374,4.7602430937937585
4375,178.32682738890725
4376,240.52106805883136
4377,2.9239485206143083
4378,4.022308971272952
4379,128.84191001834216
4380,1.6303331114214235
4381,-0.16178635007085448
4382,4.808164608962395
4383,24.063524047861875
4384,2.46319910863063
4385,157.07322220480475
4386,11.52114667410186
4387,249.57528566672852
4388,69.73802876023068
4389,4.803047492931306
4390,2.6841714597096042
4391,2.1422752131649956
4392,1.0865605530331384
4393,94.95640938120721
4394,76.27291579521788
4395,1.6237871174843626
4396,-8.27994365327833
4397,1.2121334101571788
4398,3.8735918314383464
4399,1.6629533455483787
4400,197.94706521719863
4401,4.747670743700474
4402,184.6456537883052
4403,220.88509789233325
4404,195.32733968558932
4405,279.4815852438876
4406,17.720316231593472
4407,65.3128579327029
4408,4.666887258909645
4409,83.56966459399607
4410,-76.64622351109291
4411,1.3653066669669702
4412,228.39857397149814
4413,182.79036906626484
4414,1.516597628637163
4415,155.0287294905367
4416,42.45948107753197
4417,1.3136484523120873
4418,191.1559206393096
4419,227.63146309473635
4420,275.82088317928356
4421,279.3502642830398
4422,7.686600557888768
4423,1.0547421732063031
4424,40.94505104440281
4425,152.49030556164928
4426,3.8668927932014188
4427,176.58687101974914
4428,4.381102488440559
4429,3.392530289814546
4430,3.594874043279157
4431,141.8596582296637
4432,1.4234968713344367
4433,0.8273099376534641
4434,97.93314686721953
4435,3.9711678359070364
4436,4.473230547446484
4437,0.704280110707707
4438,88.05445038203787
4439,2.9566691405421643
4440,223.04638203959908
4441,-0.48728361446800067
4442,215.81690412142473
4443,2.3889360917848177
4444,222.6631818253817
4445,2.5567199504957676
4446,1.3303831676451336
4447,77.38657633832771
4448,3.371868071151215
4449,-16.086710675046472
4450,79.60464826603683
4451,90.12343629203677
4452,223.96403322173813
4453,202.974583295219
4454,3.3807238703832576
4455,3.7775600289575033
4456,163.871717509659
4457,2.7122565076201113
4458,4.623747257684251
4459,60.49239680284157
4460,-0.6839800658196902
4461,63.749367047982794
4462,133.81242609832026
4463,31.13942674092851
4464,1.5706806637430968
4465,106.95197609993477
4466,2.917059326140089
4467,6.0280882425843245
4468,0.5433745265861972
4469,0.7264524455696522
4470,3.1436947179814436
4471,1.323944172465638
4472,187.52432406771567
4473,2.1555752074199863
4474,199.36104171146874
4475,2.89323945032422
4476,74.12248399795071
4477,3.99033222561002
4478,2.4540473118967565
4479,96.97668395167052
4480,238.24562287837813
4481,1.1540695490703148
4482,176.53228082727986
4483,52.45318038692081
4484,260.8640116369367
4485,180.51349034440102
4486,1.1118098254980509
4487,87.30679827146233
4488,45.10801180416058
4489,-36.11062757274966
4490,72.14846743439341
4491,3.810730456442349
4492,218.0220245354122
4493,244.751341832956
4494,9.010383639784232
4495,1.3097121839598682
4496,80.03669532947515
4497,4.864512720022603
4498,181.17253309105706
4499,251.94246280151907
4500,126.47888529544693
4501,2.2630730257611487
4502,4.0598721893859775
4503,160.10547713564608
4504,2.668600898470411
4505,64.55487202304553
4506,1.2644410346921358
4507,-3.6036027985803996
4508,129.05182828109602
4509,46.85332563463426
4510,1.7296606148202172
4511,215.03890526766827
4512,46.319955113017556
4513,83.16513704943091
4514,1.5993830393585244
4515,1.630247960153953
4516,1.7508775183992147
4517,3.2398045892892604
4518,15.673774242945811
4519,85.6441478767428
4520,46.44067224351129
4521,1.33998931290428
4522,58.671990993958445
4523,4.844251450090077
4524,164.78849771088102
4525,10.568820239723847
4526,1.8474791951039213
4527,84.7919181058977
4528,102.71077871888606
4529,85.13723648719986
4530,155.89816051740246
4531,0.9492468277595447
4532,1.8196802684192952
4533,2.973404544180859
4534,46.367593948921
4535,3.697461051008714
4536,0.7409942031302239
4537,0.7730233898371861
4538,4.422105855730765
4539,236.14285933346127
4540,145.7832511173611
4541,1.8053902596811622
4542,1.5944537587216516
4543,179.16731398402132
4544,23.235023907259464
4545,2.9133462923891544
4546,19.554865960244435
4547,3.4048260236592744
4548,145.16179082025945
4549,3.0303384026985816
4550,186.00874193467956
4551,20.718433848853465
4552,84.4850239439735
4553,99.01663666897292
4554,3.0464108896717734
4555,150.4475702801306
4556,235.46311501294431
4557,3.3766600869737937
4558,2.917031351555906
4559,49.53507851861241
4560,5.0246946821790335
4561,2.8965287412401715
4562,154.83925558831197
4563,34.33063317552997
4564,204.5473745479788
4565,35.965826566632884
4566,178.28146293319844
4567,223.79426619387772
4568,102.61243578151107
4569,3.353965895667788
4570,143.40232513844012
4571,222.44304179549408
4572,3.571325616865371
4573,1.747597933562838
4574,0.4602872698306766
4575,4.021093140847623
4576,127.36105717456958
4577,211.04000727756062
4578,44.933491094400196
4579,6.61460087132341
4580,-0.48241720981312886
4581,307.61787996098155
4582,23.34526516136226
4583,0.4824558528347721
4584,238.75647133671015
4585,28.047471316240696
4586,2.251480229116082
4587,2.592609826972596
4588,-0.6530825860924029
4589,2.500077703303199
4590,1.7295305151407918
4591,47.08201590143938
4592,3.754351844568811
4593,87.12035857699033
4594,-11.89453600396985
4595,1.140911388292331
4596,42.97829983211395
4597,111.00447311634255
4598,1.6321115966690878
4599,-34.125666080541926
4600,65.5565300555266
4601,4.542697258791642
4602,3.778687703309112
4603,3.0541236268208056
4604,57.75444270298526
4605,0.6461182003290307
4606,118.39441385212268
4607,28.07532874962041
4608,2.8875269060288016
4609,174.1199088013714
4610,95.80440320080262
4611,73.25759624338073
4612,0.07567068528342208
4613,-68.12249419796774
4614,61.643988464674464
4615,-36.09166998229452
4616,2.827103861890837
4617,3.0571900411850232
4618,2.3006152971665546
4619,2.2578809450164194
4620,4.829734850769594
4621,74.34587304673394
4622,2.486676195237143
4623,4.141996922027425
4624,0.1919314877032765
4625,65.08846344998273
4626,42.16535742410724
4627,3.7468435363778108
4628,4.321764167664765
4629,53.05830637814965
4630,3.783800505346305
4631,-4.618929861017409
4632,4.705944308638728
4633,185.42579029549438
4634,4.103963202848548
4635,4.333418608834658
4636,49.70559677925172
4637,5.022619707407619
4638,336.2713148404832
4639,240.86214504114233
4640,1.1963921598185845
4641,161.4902427120473
4642,125.2962115906592
4643,37.09541060959187
4644,36.64510050894477
4645,4.0130165970450635
4646,38.48853804046611
4647,24.663426109137312
4648,159.32394060234722
4649,96.8944243101808
4650,105.24214553349032
4651,40.25187324974635
4652,3.122051242822984
4653,219.01152062718845
4654,-1.0029501526889646
4655,4.191177354089332
4656,1.7455409674659077
4657,1.6507662722181937
4658,4.514513801255519
4659,46.55191719456913
4660,-0.3530100101311263
4661,-0.05867473733661495
4662,0.8068388059751074
4663,91.0343961049051
4664,4.144301668470069
4665,138.77374914500936
4666,207.18127839588374
4667,0.680848077546063
4668,90.17260310498757
4669,215.59705968941572
4670,18.889528981368144
4671,1.1510534427351675
4672,-0.25813286145957737
4673,60.534113448633875
4674,235.29578202302832
4675,0.5154111423199736
4676,109.58234867816996
4677,37.223782582658195
4678,3.2388883444161687
4679,64.23224678086697
4680,1.7605719805896958
4681,0.5379773596802926
4682,156.25019146686608
4683,116.44592160678856
4684,71.58678873248725
4685,209.89489181000903
4686,2.3412795153944144
4687,186.7559597009286
4688,280.20392903361676
4689,85.8046335608959
4690,2.53513644078138
4691,4.901749160262531
4692,2.7722932294308604
4693,66.75501213363049
4694,1.9901537434712124
4695,315.77888457315174
4696,2.9849588965501384
4697,1.4039977328348705
4698,3.050719339210667
4699,1.9115483387274608
4700,81.35073631802337
4701,4.114076303648166
4702,0.8862433914928382
4703,2.2854776759516997
4704,3.3686210159341994
4705,225.95817402612008
4706,1.9142009055308766
4707,2.577088338109675
4708,1.5904941582590637
4709,62.41629985546774
4710,122.02099202671734
4711,4.490331811663331
4712,190.40158654082964
4713,2.3071454331071113
4714,3.997098138740665
4715,58.49121289624088
4716,32.73355772931066
4717,4.6853407374898985
4718,4.194991362951335
4719,151.53950031631948
4720,140.21131351139152
4721,3.7207745650255113
4722,1.4038464307332057
4723,4.699479138911004
4724,58.46904908844895
4725,133.0265253615514
4726,0.5433310440776253
4727,231.8209159916318
4728,208.22259888075962
4729,1.3807534243345474
4730,144.76326343726154
4731,72.35030980245413
4732,-21.689428828245095
4733,3.1336766509747846
4734,4.417477634810444
4735,3.98305069438492
4736,1.9119812879079652
4737,50.030611032994685
4738,-11.262461039719366
4739,123.03803312606242
4740,245.5185785894543
4741,2.923502250651915
4742,67.0069860200715
4743,4.126443559399007
4744,200.43640188567605
4745,48.89923600277123
4746,2.509083876830183
4747,1.7913444996469439
4748,1.650130612621774
4749,4.163332332955003
4750,3.389211057602331
4751,2.3954362903543287
4752,85.54931292834002
4753,123.62972532324433
4754,121.3110521654175
4755,1.6843171036043492
4756,1.2118590691731266
4757,1.946554779344495
4758,47.794315479060856
4759,79.2299616850679
4760,2.992954845817562
4761,1.4797440043995764
4762,148.50953382959324
4763,177.0014577562523
4764,1.0901203359490803
4765,286.17139266008496
4766,17.47025952581986
4767,33.200587600885456
4768,20.616522417650312
4769,-32.93674884458898
4770,31.35819366128355
4771,23.91185350310342
4772,2.515676632599477
4773,2.669094622462595
4774,128.63435787107312
4775,0.9479703494136167
4776,1.278517690511007
4777,127.9230822016886
4778,2.8371366216194858
4779,19.010874438465212
4780,0.6736473292917851
4781,42.96687042556033
4782,3.0314957784877485
4783,1.5271279485015867
4784,1.2771640829163364
4785,26.259946399548298
4786,51.253136886172875
4787,3.89733401129601
4788,2.1024125254860526
4789,1.897069173080842
4790,104.31130877351642
4791,166.68320994872371
4792,2.8580130604269147
4793,142.56750129241584
4794,53.89522116943165
4795,192.57989625242968
4796,1.7043125017451488
4797,123.47469665773343
4798,4.14713060340408
4799,1.6071821067930678
4800,278.4140149587525
4801,2.1323257858659592
4802,3.2524379637522474
4803,217.42160001719387
4804,-0.40218272033325264
4805,201.2460887138118
4806,3.0226289994291173
4807,1.6479344810560503
4808,49.13207894581661
4809,71.4472770780771
4810,0.13885360849243228
4811,1.6326915276794773
4812,1.8289172386091384
4813,219.77877139027768
4814,188.06848795261925
4815,1.712633370532888
4816,0.0006673028094671268
4817,4.308309361295388
4818,0.26994496333947726
4819,77.728896374735
4820,0.8850623817179128
4821,145.18619252396027
4822,90.48665712553667
4823,3.2643917686608006
4824,1.5560728432107014
4825,208.70334495309936
4826,1.3203206012880107
4827,3.84031012873643
4828,177.79998711989234
4829,101.9555998791235
4830,71.02471173225504
4831,149.84824674434998
4832,4.579700033142986
4833,1.0596316906785297
4834,94.98170768556591
4835,1.2776525764225988
4836,4.7230758444070435
4837,157.4129537200524
4838,23.596181072135277
4839,252.33952885011314
4840,1.8971985837600451
4841,112.52568699122929
4842,14.933691096683429
4843,0.8528109345718018
4844,2.636303327029923
4845,3.1251026369351296
4846,4.906552881286059
4847,0.7891153247651013
4848,0.9502156687768559
4849,3.3849983103855346
4850,4.925303506939772
4851,3.8586633313349625
4852,90.03349714101091
4853,231.52126655509187
4854,0.22296310640144687
4855,1.8631370142036587
4856,130.98379324623275
4857,194.40169912345723
4858,256.73351519413137
4859,113.49506326952066
4860,205.18126211317127
4861,-10.944807472528664
4862,97.71511632511266
4863,4.686466578268913
4864,4.077699877705549
4865,0.7242836168121953
4866,-0.22815272509905116
4867,2.179499629436706
4868,54.94067384914416
4869,-0.19662092558327413
4870,91.45507518026254
4871,4.244455462357434
4872,2.0823962508407647
4873,253.96974672305225
4874,-2.354111531455435
4875,2.024200646392205
4876,161.29786297522332
4877,3.9906835680983583
4878,65.73603618983404
4879,57.50271667838108
4880,4.145960120650108
4881,4.385182696172637
4882,9.066912555300622
4883,0.5941504184857885
4884,82.9523670471306
4885,-50.39419638704088
4886,193.05111675033316
4887,1.7191721203056674
4888,233.69117838761704
4889,37.913541095210306
4890,171.93508027881393
4891,106.56518916468077
4892,-0.43064226794497557
4893,4.143149024775082
4894,73.26887920611124
4895,4.73912968580198
4896,4.083753258250475
4897,4.549664824846402
4898,-4.221072010426496
4899,166.89497675688722
4900,1.0685157051692924
4901,218.4200978619773
4902,1.8565873044661654
4903,119.9176622325372
4904,319.9332044112316
4905,67.65581354505709
4906,124.81992577841956
4907,148.78144387421852
4908,2.9970251697714034
4909,124.98651235790649
4910,130.07326591375903
4911,62.95269696060515
4912,3.646419819736961
4913,189.14283046875266
4914,165.57025506786232
4915,2.302298938841907
4916,3.048903623666647
4917,4.494028676718329
4918,1.4479850995171526
4919,28.048615009348474
4920,1.1657869599001862
4921,-4.299223188718936
4922,143.4986952453596
4923,192.39013047281446
4924,4.150524495799923
4925,2.673885539465566
4926,0.07093610366217647
4927,4.10218554443597
4928,1.3751643236698776
4929,58.35198248896218
4930,80.61749879506263
4931,-10.24738351984448
4932,3.9573475468235397
4933,226.6951048611055
4934,-52.8844709007345
4935,51.85004396899915
4936,201.22935832182074
4937,21.74304445401242
4938,57.22276704613623
4939,46.10116146722724
4940,2.3282648333202474
