id,target
1,4.095986723899841
2,2.3340951800346375
3,320.08525466918945
4,-52.5313606262207
5,3.9910075068473816
6,6.6620272397994995
7,5.525529861450195
8,74.81179141998291
9,85.07182121276855
10,57.08179569244385
11,43.99425983428955
12,-14.122616291046143
13,257.16689682006836
14,196.77395248413086
15,3.8630378246307373
16,287.5911293029785
17,3.2118135690689087
18,95.06325912475586
19,2.6723878383636475
20,6.622827649116516
21,-61.667744636535645
22,54.71264362335205
23,3.9613342881202698
24,2.7591617107391357
25,28.11830186843872
26,86.85258674621582
27,1.1326330304145813
28,169.65132904052734
29,42.94523525238037
30,3.5594308376312256
31,6.203533291816711
32,29.693984508514404
33,54.93569850921631
34,3.804928243160248
35,2.2562085390090942
36,6.513777375221252
37,263.13773345947266
38,240.10356903076172
39,58.79791736602783
40,135.35028266906738
41,-55.07392978668213
42,2.8768715858459473
43,5.818939685821533
44,4.6140822768211365
45,135.39857292175293
46,57.052419662475586
47,2.651946544647217
48,-90.71826934814453
49,3.8235305547714233
50,1.809971421957016
51,269.47209548950195
52,3.11183762550354
53,2.469572991132736
54,91.74880599975586
55,2.9093063473701477
56,4.113479316234589
57,5.67446494102478
58,157.07731819152832
59,245.7415008544922
60,6.764935731887817
61,2.3170736134052277
62,236.9180793762207
63,6.62794029712677
64,2.6834466457366943
65,2.5911206007003784
66,4.6762524247169495
67,5.0482460260391235
68,208.20525741577148
69,152.44530868530273
70,2.0013208389282227
71,2.3081552386283875
72,2.3704217672348022
73,28.166342735290527
74,253.0084991455078
75,181.5705337524414
76,6.031084656715393
77,5.8170006275177
78,137.7979907989502
79,261.7093162536621
80,3.632079243659973
81,37.63589668273926
82,4.4096245765686035
83,188.58746337890625
84,34.53422260284424
85,-5.029595792293549
86,2.3161695301532745
87,65.64856243133545
88,179.9058494567871
89,6.0593167543411255
90,5.2786383628845215
91,51.46860599517822
92,61.44892120361328
93,15.81640100479126
94,5.1317442655563354
95,4.024826228618622
96,3.087434470653534
97,6.929931998252869
98,218.2220916748047
99,90.1960277557373
100,282.44530487060547
101,5.503852128982544
102,260.3305778503418
103,3.3007795810699463
104,6.33781886100769
105,125.05766296386719
106,11.246494770050049
107,272.11392974853516
108,2.4639247059822083
109,184.29587936401367
110,3.1199825406074524
111,61.321974754333496
112,2.138936996459961
113,208.59586334228516
114,6.364108681678772
115,5.488012790679932
116,399.94910430908203
117,222.19171905517578
118,145.37266540527344
119,241.16217422485352
120,311.4669532775879
121,153.06875801086426
122,3.5766687393188477
123,113.08818435668945
124,263.0398063659668
125,148.7481517791748
126,6.251130104064941
127,137.04895782470703
128,4.096372127532959
129,234.43529891967773
130,88.7936840057373
131,59.74754047393799
132,6.508045673370361
133,-38.42495918273926
134,298.67431259155273
135,6.116238832473755
136,1.9530357718467712
137,133.07220458984375
138,5.853224992752075
139,207.71005249023438
140,295.3782424926758
141,50.88398551940918
142,-2.9421856105327606
143,63.68831729888916
144,22.954835414886475
145,6.582287549972534
146,169.0970001220703
147,225.2712059020996
148,2.149998039007187
149,197.52467727661133
150,62.08291244506836
151,278.8030090332031
152,269.65616607666016
153,170.5218505859375
154,25.43141746520996
155,4.317226052284241
156,229.08537673950195
157,136.2651481628418
158,117.64803695678711
159,139.59901428222656
160,6.343753695487976
161,45.204962730407715
162,4.626807630062103
163,268.6448440551758
164,3.046032428741455
165,66.93676090240479
166,214.57369232177734
167,334.5749053955078
168,7.0847625732421875
169,1.78528493642807
170,252.2767448425293
171,3.0426218509674072
172,4.295383453369141
173,-23.304176330566406
174,4.073727190494537
175,5.649900197982788
176,130.0069694519043
177,74.5291337966919
178,332.3419494628906
179,146.95015335083008
180,224.51662063598633
181,6.511390209197998
182,2.3623844385147095
183,299.784481048584
184,6.806073069572449
185,1.647604614496231
186,3.6818888187408447
187,2.905931830406189
188,4.000459551811218
189,77.81814479827881
190,4.300848364830017
191,2.2821384966373444
192,29.734047412872314
193,3.1922698616981506
194,332.34881591796875
195,84.16384887695312
196,274.40298080444336
197,146.24693298339844
198,232.37853240966797
199,65.33109283447266
200,2.092248797416687
201,3.2100183963775635
202,85.38985252380371
203,36.50573110580444
204,4.303321957588196
205,263.7041244506836
206,41.234561920166016
207,236.8784942626953
208,156.4353084564209
209,62.83816909790039
210,184.45854949951172
211,47.0794095993042
212,99.49072265625
213,251.9542121887207
214,77.47292041778564
215,7.890036702156067
216,166.94741439819336
217,73.50908470153809
218,182.02079391479492
219,211.38252639770508
220,5.8586684465408325
221,215.73418045043945
222,161.3419647216797
223,2.8299768567085266
224,196.8218994140625
225,255.43836975097656
226,202.4965705871582
227,49.15849685668945
228,265.15869522094727
229,273.3799743652344
230,1.4902870953083038
231,220.02284240722656
232,41.84852600097656
233,55.85023021697998
234,249.3399200439453
235,112.6036262512207
236,2.056778132915497
237,6.391604781150818
238,33.80302619934082
239,6.1878368854522705
240,182.49334716796875
241,316.094783782959
242,230.30157089233398
243,3.906337022781372
244,3.6678380966186523
245,45.027061462402344
246,122.28926467895508
247,117.24715995788574
248,5.398419499397278
249,5.881086945533752
250,54.93653202056885
251,64.56173610687256
252,214.7917823791504
253,7.911479234695435
254,177.81987380981445
255,-56.98146057128906
256,6.798112511634827
257,2.119654268026352
258,85.98519134521484
259,265.5933265686035
260,2.275008052587509
261,5.717380166053772
262,6.3470237255096436
263,-26.578155994415283
264,3.8377357721328735
265,3.6520619988441467
266,1.9379199743270874
267,3.757543444633484
268,1.543774962425232
269,207.10800170898438
270,3.0993013978004456
271,148.49595832824707
272,129.21131706237793
273,4.6274595856666565
274,4.935776770114899
275,323.70094299316406
276,187.03873825073242
277,211.66243743896484
278,-63.54488563537598
279,4.3768874406814575
280,198.15612411499023
281,5.250484943389893
282,158.79714012145996
283,234.25031661987305
284,144.9628791809082
285,248.75512313842773
286,148.01730155944824
287,234.08551025390625
288,6.362089991569519
289,136.30652236938477
290,4.722221851348877
291,115.74979400634766
292,3.928347647190094
293,91.74600219726562
294,99.17828941345215
295,5.3465718030929565
296,122.54755973815918
297,36.99006271362305
298,-51.77777290344238
299,217.14678573608398
300,5.790836453437805
301,3.9617217779159546
302,5.039465069770813
303,4.374935269355774
304,3.978038489818573
305,4.867412090301514
306,221.5630111694336
307,2.7408987283706665
308,3.1072109937667847
309,122.8911304473877
310,2.3535721600055695
311,2.195925712585449
312,3.463830530643463
313,129.09892463684082
314,3.9433335065841675
315,0.6007708162069321
316,2.5224503576755524
317,4.559677064418793
318,3.641516149044037
319,67.83235263824463
320,1.8559413254261017
321,6.252279877662659
322,2.7569154500961304
323,1.8484662175178528
324,2.3828535079956055
325,3.382592022418976
326,4.878411650657654
327,48.361329078674316
328,4.535810351371765
329,119.07577896118164
330,60.12320899963379
331,10.606135487556458
332,5.673665761947632
333,3.2217430472373962
334,6.759079813957214
335,138.38269805908203
336,3.90703284740448
337,2.324919432401657
338,141.36543464660645
339,36.50685167312622
340,293.5383110046387
341,123.92829132080078
342,70.08257007598877
343,3.6325013637542725
344,2.9002519845962524
345,127.37593841552734
346,2.84366112947464
347,5.126347661018372
348,47.98762607574463
349,-47.25565719604492
350,126.51121139526367
351,246.2892608642578
352,28.4787540435791
353,1.0662993043661118
354,5.9181519746780396
355,305.8894233703613
356,220.32646560668945
357,3.0853465795516968
358,3.5008748173713684
359,4.269443869590759
360,149.75097274780273
361,4.480648100376129
362,5.701262831687927
363,9.282001852989197
364,4.348081529140472
365,5.330124735832214
366,72.27415370941162
367,4.77079451084137
368,252.61895751953125
369,4.999664127826691
370,-20.8262677192688
371,258.32198333740234
372,70.39687633514404
373,167.3607292175293
374,6.5384989976882935
375,111.51318168640137
376,2.886538028717041
377,2.8068538308143616
378,4.005055367946625
379,3.5751050114631653
380,0.6524925380945206
381,5.974273204803467
382,7.062611103057861
383,146.8483066558838
384,1.8042239546775818
385,3.8787957429885864
386,285.0247459411621
387,2.3987277150154114
388,4.143656313419342
389,67.76247024536133
390,5.083075284957886
391,167.72610092163086
392,6.329018592834473
393,3.7560975551605225
394,310.1711616516113
395,184.6463737487793
396,2.7692222595214844
397,1.783358871936798
398,6.094136357307434
399,203.7466697692871
400,255.50710678100586
401,1.6871703565120697
402,6.153763175010681
403,5.896289348602295
404,5.817017197608948
405,14.787416219711304
406,7.496810078620911
407,-67.69006252288818
408,4.283269584178925
409,2.7633498311042786
410,3.6806989312171936
411,2.2130723893642426
412,-5.17682147026062
413,343.35023498535156
414,5.890379428863525
415,51.59385108947754
416,3.1982924938201904
417,6.751490950584412
418,5.285715937614441
419,5.46296489238739
420,4.384500682353973
421,148.2095546722412
422,170.79001235961914
423,144.42838096618652
424,146.55453872680664
425,5.79033100605011
426,241.00014114379883
427,3.31882643699646
428,202.9565315246582
429,2.7417280673980713
430,4.528011679649353
431,258.2455711364746
432,149.8450584411621
433,13.687195062637329
434,5.90061092376709
435,57.58278465270996
436,255.95210647583008
437,234.2420768737793
438,161.16560745239258
439,5.913187384605408
440,258.26791763305664
441,222.6554183959961
442,107.15844345092773
443,317.56778717041016
444,5.4277647733688354
445,6.228016495704651
446,64.47523498535156
447,1.340647578239441
448,6.254262089729309
449,305.20194244384766
450,275.81423568725586
451,158.16327476501465
452,233.27265167236328
453,1.8755615651607513
454,4.650485277175903
455,147.5038833618164
456,2.8278385400772095
457,4.796599984169006
458,266.3149642944336
459,65.32685089111328
460,23.432483673095703
461,118.13992691040039
462,6.777200102806091
463,182.37346649169922
464,5.343746066093445
465,138.0565071105957
466,58.4005184173584
467,2.1875800788402557
468,5.601378560066223
469,34.11454200744629
470,33.89665222167969
471,1.8003315925598145
472,1.900378793478012
473,36.298770904541016
474,6.068535208702087
475,108.75546646118164
476,6.433053255081177
477,2.1234574615955353
478,4.371572256088257
479,208.88166046142578
480,4.366653800010681
481,6.156452775001526
482,209.91957092285156
483,1.7528070211410522
484,218.85669708251953
485,108.88807487487793
486,4.4011600613594055
487,2.329192131757736
488,212.41283416748047
489,2.578705132007599
490,4.38982480764389
491,6.445490598678589
492,3.750621199607849
493,4.134449541568756
494,226.67809677124023
495,5.874848365783691
496,103.23080062866211
497,6.410614013671875
498,5.763165831565857
499,5.847387790679932
500,5.3052167892456055
501,3.1189417243003845
502,324.95426177978516
503,96.96691513061523
504,-9.33924412727356
505,1.9226870238780975
506,6.380540490150452
507,327.26216888427734
508,71.65363502502441
509,268.8832015991211
510,4.258082151412964
511,125.3021183013916
512,209.54119873046875
513,227.70889282226562
514,335.0802993774414
515,294.294864654541
516,224.55652236938477
517,276.6446418762207
518,7.255629658699036
519,43.436744689941406
520,315.99141693115234
521,1.6623630225658417
522,3.8411237597465515
523,206.8303985595703
524,4.425939083099365
525,163.1194610595703
526,5.8475435972213745
527,4.585982799530029
528,4.085220754146576
529,6.370129108428955
530,265.4286003112793
531,102.9368724822998
532,3.638533294200897
533,143.31643295288086
534,4.413172543048859
535,6.890294551849365
536,5.922693848609924
537,1.4615543484687805
538,5.027396321296692
539,277.4658012390137
540,260.5467948913574
541,252.55512619018555
542,74.20922946929932
543,75.08276176452637
544,5.391130208969116
545,3.9370647072792053
546,3.444796085357666
547,2.0344753563404083
548,334.35689544677734
549,5.687252163887024
550,248.29179000854492
551,5.806280732154846
552,118.54812622070312
553,4.047237455844879
554,86.46856689453125
555,107.6879768371582
556,247.37548828125
557,207.24591445922852
558,4.823117017745972
559,6.203215718269348
560,176.70941543579102
561,125.15432357788086
562,156.7759246826172
563,3.1159533262252808
564,30.41431999206543
565,162.55662536621094
566,2.6650885939598083
567,45.29868698120117
568,106.27287483215332
569,316.87769317626953
570,3.3609641194343567
571,203.02837371826172
572,3.3005537390708923
573,88.07841873168945
574,96.79290199279785
575,7.444827198982239
576,1.892256259918213
577,3.0187832713127136
578,171.75845336914062
579,13.830535888671875
580,273.31432342529297
581,56.93006992340088
582,68.05843448638916
583,5.607066750526428
584,3.21201354265213
585,152.38428497314453
586,4.795469045639038
587,212.32906341552734
588,2.985331118106842
589,189.89490127563477
590,274.20922088623047
591,144.97344207763672
592,6.984004735946655
593,255.26353454589844
594,284.1061210632324
595,21.408480644226074
596,5.299854755401611
597,132.51416778564453
598,2.5833338499069214
599,84.68437576293945
600,182.27260208129883
601,141.03665351867676
602,20.522689819335938
603,2.027311682701111
604,244.8882179260254
605,2.6775984168052673
606,2.3690151274204254
607,6.775580883026123
608,42.97305965423584
609,269.5838432312012
610,28.393429279327393
611,70.7190933227539
612,3.7927956581115723
613,18.701107263565063
614,53.10797691345215
615,1.9216229021549225
616,179.92151260375977
617,-62.55124282836914
618,230.7225685119629
619,4.8228484988212585
620,5.405960917472839
621,179.28823471069336
622,102.1140365600586
623,184.75071716308594
624,200.14281845092773
625,2.4559161365032196
626,1.9441745281219482
627,83.8029727935791
628,4.235940873622894
629,224.52753829956055
630,4.545496046543121
631,2.171310305595398
632,204.38134002685547
633,125.6738109588623
634,228.75173950195312
635,2.538857638835907
636,109.08304214477539
637,97.25680351257324
638,6.753437399864197
639,25.9113507270813
640,129.48156356811523
641,6.736180067062378
642,3.066211521625519
643,300.19705963134766
644,3.3821377754211426
645,100.80746841430664
646,75.6893482208252
647,183.40542221069336
648,246.51099395751953
649,380.47560119628906
650,325.0588150024414
651,114.4959888458252
652,37.46833658218384
653,3.1429728269577026
654,191.11358261108398
655,-22.04296350479126
656,181.67573928833008
657,149.5183277130127
658,300.5601615905762
659,1.8675931990146637
660,124.3690071105957
661,4.103442907333374
662,133.11556816101074
663,3.736121118068695
664,-41.26192665100098
665,88.40377807617188
666,131.76033973693848
667,232.0030059814453
668,331.68895721435547
669,99.41604042053223
670,214.46747589111328
671,114.12754440307617
672,83.6634693145752
673,4.091778218746185
674,5.639153838157654
675,5.941511869430542
676,5.634006500244141
677,19.858113288879395
678,166.03904342651367
679,5.13727331161499
680,3.2762420773506165
681,1.9541445672512054
682,88.83805465698242
683,5.516155481338501
684,188.64679718017578
685,209.57077407836914
686,5.8523818254470825
687,367.15233612060547
688,75.94247531890869
689,98.50340461730957
690,341.09681701660156
691,3.7181663513183594
692,70.23582077026367
693,5.30436110496521
694,7.084005355834961
695,10.976257085800171
696,313.87677001953125
697,0.9729205816984177
698,236.36783981323242
699,1.7277769148349762
700,249.97716903686523
701,3.6184215545654297
702,3.998455286026001
703,59.580267906188965
704,78.46097946166992
705,148.55020332336426
706,179.61012649536133
707,161.58638763427734
708,63.329410552978516
709,88.29662895202637
710,218.94084930419922
711,240.3902359008789
712,6.5516133308410645
713,21.46901273727417
714,6.729674935340881
715,256.4300651550293
716,3.150672495365143
717,87.89099502563477
718,356.24735260009766
719,215.97073364257812
720,4.809218108654022
721,147.5524501800537
722,2.08145073056221
723,6.546241879463196
724,2.1058750450611115
725,2.212217628955841
726,111.9593334197998
727,237.47664260864258
728,66.60626029968262
729,65.5293550491333
730,65.8404130935669
731,287.3918342590332
732,4.635034263134003
733,6.47616183757782
734,23.36746597290039
735,257.5594673156738
736,44.0442533493042
737,44.549333572387695
738,113.82812118530273
739,313.4822998046875
740,141.57198524475098
741,-3.303371846675873
742,279.5419006347656
743,110.70894050598145
744,1.7323321104049683
745,278.86837005615234
746,174.00915145874023
747,4.291318893432617
748,64.74867057800293
749,67.82396602630615
750,198.5218620300293
751,50.81013202667236
752,255.43806838989258
753,1.8627917170524597
754,244.58363342285156
755,6.407201409339905
756,5.939566731452942
757,219.80470275878906
758,2.1462856829166412
759,63.851552963256836
760,11.637551307678223
761,195.64824295043945
762,5.288045525550842
763,2.0570383071899414
764,69.73026084899902
765,4.31995153427124
766,33.07020044326782
767,0.9280875027179718
768,5.07292366027832
769,5.9488513469696045
770,2.076451003551483
771,255.36736679077148
772,63.134016036987305
773,126.11736488342285
774,-29.369860649108887
775,18.310970783233643
776,4.033029615879059
777,216.5420684814453
778,-1.1302826181054115
779,157.22965812683105
780,73.44215488433838
781,304.1142883300781
782,3.494788646697998
783,49.881412506103516
784,2.6819177865982056
785,52.48195457458496
786,123.04515075683594
787,5.576805353164673
788,1.8740200698375702
789,169.86667251586914
790,93.01977157592773
791,-15.871388912200928
792,120.26733589172363
793,-71.5089693069458
794,333.0086898803711
795,-65.04022216796875
796,100.01307487487793
797,3.645128071308136
798,53.4063024520874
799,3.295079827308655
800,5.847424745559692
801,208.4781837463379
802,80.54879188537598
803,159.42242813110352
804,6.6067304611206055
805,1.742296040058136
806,163.63869857788086
807,2.5960243940353394
808,78.39754962921143
809,1.6318139433860779
810,48.05643558502197
811,253.04847717285156
812,87.72066116333008
813,263.3671455383301
814,5.899809122085571
815,4.706004559993744
816,6.665368676185608
817,2.66397762298584
818,-0.0938255675137043
819,5.570495367050171
820,82.40299987792969
821,5.516394019126892
822,2.0350351333618164
823,35.31730604171753
824,79.3872709274292
825,7.563855171203613
826,69.92174911499023
827,4.17293518781662
828,6.181538939476013
829,44.38276481628418
830,183.01952362060547
831,107.35230255126953
832,6.0944377183914185
833,259.3651466369629
834,200.0370635986328
835,146.95474433898926
836,2.349442809820175
837,67.65324878692627
838,160.1624984741211
839,6.058545708656311
840,179.65592193603516
841,139.1573028564453
842,70.19329261779785
843,2.5277100801467896
844,3.3954355716705322
845,5.341025710105896
846,6.0654460191726685
847,5.563389539718628
848,151.309476852417
849,6.349579691886902
850,81.59051132202148
851,28.072078227996826
852,14.506924152374268
853,86.02441787719727
854,10.606134414672852
855,6.8174437284469604
856,239.76092147827148
857,85.50265884399414
858,45.72834777832031
859,220.55404663085938
860,2.0901748836040497
861,3.4205938577651978
862,2.8564642667770386
863,105.93116569519043
864,252.17910385131836
865,276.6162109375
866,224.56806182861328
867,5.669168472290039
868,119.6214599609375
869,154.24298667907715
870,133.2309741973877
871,149.90815925598145
872,144.99016952514648
873,2.9496867656707764
874,68.72940254211426
875,6.5320398807525635
876,105.67963409423828
877,37.73481798171997
878,108.12223243713379
879,5.386077404022217
880,6.7057695388793945
881,156.6627597808838
882,5.567303657531738
883,249.68200302124023
884,5.929124355316162
885,169.84650802612305
886,55.36734867095947
887,2.285056918859482
888,2.135802239179611
889,242.0980987548828
890,3.8200413584709167
891,2.917393922805786
892,52.637810707092285
893,5.204787254333496
894,-16.637194633483887
895,3.630369544029236
896,223.92097854614258
897,2.54892897605896
898,215.36856842041016
899,-50.53585910797119
900,236.49933624267578
901,3.743864595890045
902,183.04873657226562
903,5.291388750076294
904,129.4127311706543
905,1.932236671447754
906,0.6176273599267006
907,207.64506149291992
908,50.09286594390869
909,88.51204299926758
910,2.274536043405533
911,6.662140250205994
912,271.3687438964844
913,161.26532745361328
914,297.6839408874512
915,76.20635986328125
916,127.86598205566406
917,-15.475910902023315
918,2.586970090866089
919,2.8870221972465515
920,388.2344741821289
921,146.18454551696777
922,187.51398468017578
923,2.4526695907115936
924,88.39964485168457
925,184.1837043762207
926,51.87240982055664
927,64.68826675415039
928,5.205174446105957
929,42.04926776885986
930,35.410804271698
931,227.67717361450195
932,181.11360931396484
933,5.107318639755249
934,2.0873893797397614
935,182.35775756835938
936,64.90309143066406
937,3.5453267097473145
938,4.721953332424164
939,130.4708194732666
940,1.465305358171463
941,5.789451479911804
942,4.812867701053619
943,108.07674026489258
944,4.035143971443176
945,1.9982722699642181
946,67.76114273071289
947,41.433106422424316
948,71.9269609451294
949,241.8188934326172
950,367.9483642578125
951,10.710452675819397
952,-21.674503803253174
953,6.235840559005737
954,254.48040390014648
955,203.0411262512207
956,151.00865745544434
957,2.176237106323242
958,3.109829306602478
959,182.6117401123047
960,61.57761287689209
961,172.7704315185547
962,3.1051275730133057
963,6.383840799331665
964,5.078600645065308
965,6.902760863304138
966,4.121263921260834
967,33.392791748046875
968,173.3893928527832
969,172.31398010253906
970,6.403845548629761
971,361.6456298828125
972,5.509848594665527
973,105.29541015625
974,5.447868585586548
975,4.285120069980621
976,5.3341383934021
977,185.32550048828125
978,302.5894088745117
979,2.333894580602646
980,1.7822531759738922
981,-20.003480434417725
982,45.19826126098633
983,299.56074142456055
984,319.8438835144043
985,263.00168228149414
986,99.60346221923828
987,3.1839598417282104
988,239.96684646606445
989,325.3270721435547
990,77.62423992156982
991,3.9716987013816833
992,282.8454780578613
993,184.3002815246582
994,3.0832876563072205
995,-5.405636370182037
996,11.093855857849121
997,2.058143228292465
998,43.85055732727051
999,96.41143989562988
1000,-19.030378103256226
1001,291.0147361755371
1002,170.52418899536133
1003,5.710353493690491
1004,1.190338060259819
1005,1.8367345035076141
1006,3.7342209219932556
1007,164.05761337280273
1008,2.0288562774658203
1009,6.597946047782898
1010,8.471329927444458
1011,266.09096908569336
1012,26.96248435974121
1013,209.79409408569336
1014,66.17833042144775
1015,236.60161590576172
1016,6.490262269973755
1017,5.310487270355225
1018,3.294487476348877
1019,6.351256966590881
1020,4.276781618595123
1021,136.7577362060547
1022,75.90237998962402
1023,177.303955078125
1024,163.163330078125
1025,5.240559220314026
1026,3.574038565158844
1027,4.9372668862342834
1028,83.95177841186523
1029,3.8052868247032166
1030,31.13190793991089
1031,263.7460060119629
1032,3.04349946975708
1033,2.693440616130829
1034,232.1373634338379
1035,1.3755196928977966
1036,240.74971389770508
1037,6.790587544441223
1038,46.50254535675049
1039,3.6638165712356567
1040,-14.072402715682983
1041,3.001698613166809
1042,3.7739692330360413
1043,3.8678680658340454
1044,321.07032012939453
1045,117.63158226013184
1046,38.58107089996338
1047,225.94330215454102
1048,1.8095257878303528
1049,2.754618227481842
1050,6.159352898597717
1051,87.56930732727051
1052,176.20370864868164
1053,254.79208374023438
1054,6.33701765537262
1055,19.467148065567017
1056,33.943946838378906
1057,4.38874089717865
1058,2.795450210571289
1059,3.012071907520294
1060,123.86530494689941
1061,3.0060641169548035
1062,5.8923468589782715
1063,311.4682731628418
1064,235.59519577026367
1065,79.78611850738525
1066,249.9323387145996
1067,265.29273986816406
1068,5.4776564836502075
1069,4.45210474729538
1070,327.7606201171875
1071,178.30193710327148
1072,5.127857208251953
1073,3.4818321466445923
1074,6.33209502696991
1075,4.949516415596008
1076,287.7314910888672
1077,6.240140080451965
1078,161.5039825439453
1079,2.5585817694664
1080,2.5955231189727783
1081,5.942533731460571
1082,4.139343202114105
1083,3.6104090809822083
1084,6.280734181404114
1085,120.00108337402344
1086,175.5995216369629
1087,71.4671220779419
1088,276.0846633911133
1089,8.55631709098816
1090,119.99971199035645
1091,265.90588760375977
1092,5.710381627082825
1093,3.8184880018234253
1094,6.659026145935059
1095,3.202932894229889
1096,2.3908055126667023
1097,5.067546486854553
1098,77.95688438415527
1099,117.45087051391602
1100,5.828436374664307
1101,4.666967868804932
1102,6.078851342201233
1103,266.7157859802246
1104,4.492521941661835
1105,123.18203544616699
1106,4.97011262178421
1107,6.272379040718079
1108,17.36071252822876
1109,107.83406257629395
1110,88.78177833557129
1111,3.32641339302063
1112,217.11198806762695
1113,2.7296523451805115
1114,171.17419052124023
1115,-36.52660369873047
1116,5.367737054824829
1117,291.8615493774414
1118,273.39055252075195
1119,4.65727823972702
1120,51.533498764038086
1121,20.836232900619507
1122,230.72639083862305
1123,3.498963475227356
1124,187.46613693237305
1125,2.8100280165672302
1126,78.91636276245117
1127,6.473471403121948
1128,-26.037967681884766
1129,196.69257736206055
1130,6.232916355133057
1131,44.40170955657959
1132,3.8557997345924377
1133,-58.04707050323486
1134,212.29549026489258
1135,208.17347717285156
1136,-46.42306709289551
1137,3.9604448080062866
1138,59.91716384887695
1139,121.33284378051758
1140,118.21992111206055
1141,204.1582489013672
1142,139.8897819519043
1143,36.21373224258423
1144,-34.74039030075073
1145,110.85957336425781
1146,38.434678077697754
1147,4.285544514656067
1148,104.33674812316895
1149,39.62290096282959
1150,4.056658029556274
1151,1.1904481649398804
1152,3.9281302094459534
1153,4.314151406288147
1154,34.21143627166748
1155,173.15167617797852
1156,6.669417381286621
1157,91.47774314880371
1158,193.5722999572754
1159,135.13600730895996
1160,108.84528541564941
1161,1.7311674356460571
1162,5.600328683853149
1163,5.399445295333862
1164,4.9351900815963745
1165,213.9315528869629
1166,57.68967056274414
1167,-11.935950756072998
1168,4.784275412559509
1169,170.0401954650879
1170,4.858876526355743
1171,4.178329110145569
1172,-17.92876410484314
1173,3.9030083417892456
1174,183.3775291442871
1175,-59.29086112976074
1176,242.16350173950195
1177,2.1486900746822357
1178,148.80657196044922
1179,2.6083068251609802
1180,2.09049391746521
1181,2.161359339952469
1182,142.0548038482666
1183,7.399176239967346
1184,3.7968974709510803
1185,279.694278717041
1186,121.79882431030273
1187,4.025335788726807
1188,2.8451106548309326
1189,153.9902400970459
1190,3.636846601963043
1191,3.2601001262664795
1192,4.839190423488617
1193,149.99361038208008
1194,5.683810353279114
1195,2.1574539244174957
1196,266.1178169250488
1197,82.77410888671875
1198,2.8232779502868652
1199,268.85426330566406
1200,45.00980186462402
1201,244.03749465942383
1202,59.307339668273926
1203,3.264935612678528
1204,165.9308090209961
1205,1.8166619539260864
1206,165.17431640625
1207,119.68457412719727
1208,200.21096801757812
1209,255.72189331054688
1210,208.03125762939453
1211,235.4207420349121
1212,6.067975997924805
1213,3.9180744886398315
1214,202.7801856994629
1215,85.93807411193848
1216,242.68262100219727
1217,196.14147186279297
1218,-54.10781002044678
1219,6.165367603302002
1220,5.885974645614624
1221,262.6299285888672
1222,5.64379620552063
1223,2.638473629951477
1224,2.944199025630951
1225,110.62331008911133
1226,1.3137247860431671
1227,4.773797631263733
1228,2.174303412437439
1229,40.66159200668335
1230,103.94713592529297
1231,242.03775024414062
1232,1.8272760510444641
1233,-8.323151230812073
1234,2.737290680408478
1235,18.286983489990234
1236,260.70209884643555
1237,3.7912007570266724
1238,2.598322570323944
1239,1.426425278186798
1240,51.25999927520752
1241,2.0976176261901855
1242,4.576041579246521
1243,4.8631837368011475
1244,192.64514923095703
1245,4.16326242685318
1246,270.1981544494629
1247,5.561199069023132
1248,106.01358985900879
1249,162.67933654785156
1250,7.694705128669739
1251,28.273375034332275
1252,6.000314235687256
1253,3.888074040412903
1254,4.1640267968177795
1255,35.20088720321655
1256,81.19512176513672
1257,153.59959030151367
1258,259.41989517211914
1259,46.04305648803711
1260,262.42444229125977
1261,5.884092450141907
1262,5.531018018722534
1263,229.94268417358398
1264,2.8277119994163513
1265,16.313859462738037
1266,123.47867965698242
1267,2.3520768880844116
1268,6.274786949157715
1269,271.4028625488281
1270,-58.453941345214844
1271,265.3071098327637
1272,51.86531448364258
1273,13.264184474945068
1274,215.1789436340332
1275,211.58290481567383
1276,37.54575443267822
1277,4.163147449493408
1278,1.5275990962982178
1279,4.0851410031318665
1280,-59.39976501464844
1281,3.453570306301117
1282,108.47896003723145
1283,169.82677459716797
1284,2.6250988245010376
1285,-58.583924293518066
1286,2.939074695110321
1287,48.3363094329834
1288,112.27223205566406
1289,4.073342859745026
1290,216.04322052001953
1291,3.476429581642151
1292,38.05916976928711
1293,97.8902645111084
1294,259.6212043762207
1295,161.3193244934082
1296,6.208895564079285
1297,48.61251735687256
1298,5.277000963687897
1299,6.262746453285217
1300,183.08258056640625
1301,261.0659942626953
1302,220.81858444213867
1303,6.102586150169373
1304,3.9059107899665833
1305,5.028885245323181
1306,49.168052673339844
1307,149.52548599243164
1308,1.8500213027000427
1309,4.764071524143219
1310,341.72975158691406
1311,2.591904878616333
1312,7.403690457344055
1313,37.170902729034424
1314,145.48502922058105
1315,215.9751968383789
1316,258.7735404968262
1317,73.1321153640747
1318,2.13569313287735
1319,211.3499755859375
1320,260.77299880981445
1321,13.171308279037476
1322,52.152132987976074
1323,260.87992095947266
1324,243.02746200561523
1325,44.61698913574219
1326,57.74591064453125
1327,245.11515426635742
1328,2.8254696130752563
1329,5.920370101928711
1330,126.35295677185059
1331,-7.9406880140304565
1332,289.07483291625977
1333,1.9742330610752106
1334,332.0615539550781
1335,1.8586872816085815
1336,116.1441478729248
1337,20.884961128234863
1338,246.38202667236328
1339,6.3643306493759155
1340,172.89800643920898
1341,248.2639923095703
1342,183.05729293823242
1343,39.63386154174805
1344,136.87737464904785
1345,3.0472724437713623
1346,54.30082416534424
1347,95.95146369934082
1348,3.07670658826828
1349,221.28437423706055
1350,36.08727836608887
1351,229.43402862548828
1352,2.5837771892547607
1353,15.151428937911987
1354,5.018422305583954
1355,5.728922963142395
1356,3.669113516807556
1357,7.478779077529907
1358,6.701462984085083
1359,1.6983214318752289
1360,306.9134216308594
1361,4.668977618217468
1362,6.4151787757873535
1363,67.12691974639893
1364,3.4642413854599
1365,5.925261735916138
1366,6.543288826942444
1367,5.92773175239563
1368,13.02555513381958
1369,192.66849517822266
1370,270.69582748413086
1371,230.89954376220703
1372,20.796838760375977
1373,3.6377776861190796
1374,195.49766159057617
1375,169.1942138671875
1376,5.582348585128784
1377,4.974406659603119
1378,110.66758728027344
1379,77.16556453704834
1380,102.94161987304688
1381,226.0319061279297
1382,71.18973064422607
1383,55.4980354309082
1384,-3.6975613236427307
1385,182.4850730895996
1386,2.1494188010692596
1387,63.07043266296387
1388,1.6674361526966095
1389,232.51504135131836
1390,193.98874282836914
1391,55.452115058898926
1392,54.927385330200195
1393,273.67219161987305
1394,-15.557616233825684
1395,42.85561180114746
1396,184.58472442626953
1397,5.4962708950042725
1398,198.8428611755371
1399,1.4410416185855865
1400,107.21725273132324
1401,334.29601287841797
1402,51.811689376831055
1403,270.3618850708008
1404,93.62482452392578
1405,116.70321083068848
1406,1.934131234884262
1407,109.44122886657715
1408,7.641770243644714
1409,3.945296049118042
1410,258.8952751159668
1411,265.13146209716797
1412,-33.473896980285645
1413,119.10589027404785
1414,256.70915603637695
1415,2.3063266277313232
1416,2.5277159810066223
1417,4.22744607925415
1418,319.27071380615234
1419,151.72559547424316
1420,4.4097689390182495
1421,33.96717977523804
1422,6.511369705200195
1423,3.2237983345985413
1424,5.499186277389526
1425,2.191249042749405
1426,-33.98111581802368
1427,3.646113097667694
1428,4.436504662036896
1429,3.5799595713615417
1430,4.490625262260437
1431,6.324777841567993
1432,160.74207878112793
1433,2.924523890018463
1434,6.610633492469788
1435,4.509769320487976
1436,-51.193121910095215
1437,152.0329475402832
1438,113.35135841369629
1439,6.467760324478149
1440,2.444024980068207
1441,136.21404838562012
1442,196.90448760986328
1443,54.16752910614014
1444,5.938258171081543
1445,44.705129623413086
1446,273.0982093811035
1447,225.7680549621582
1448,-39.515801429748535
1449,5.920210480690002
1450,275.4794120788574
1451,149.15669059753418
1452,5.152434587478638
1453,5.645148515701294
1454,188.4043960571289
1455,72.21098518371582
1456,-0.8615158163011074
1457,7.944835901260376
1458,4.911519825458527
1459,313.6025619506836
1460,348.25965881347656
1461,148.38048553466797
1462,-18.57347559928894
1463,73.81742000579834
1464,5.893887281417847
1465,3.1408356428146362
1466,228.80913162231445
1467,5.641170620918274
1468,5.432213306427002
1469,36.87707328796387
1470,3.749290943145752
1471,28.00238800048828
1472,6.749402403831482
1473,2.6267919540405273
1474,245.3388328552246
1475,101.21510887145996
1476,6.774096250534058
1477,2.6389629244804382
1478,120.53748512268066
1479,4.544290840625763
1480,126.48258781433105
1481,6.006380200386047
1482,160.98408889770508
1483,6.305412292480469
1484,243.61321258544922
1485,172.27732467651367
1486,7.0018885135650635
1487,3.522813081741333
1488,87.52967834472656
1489,6.265348196029663
1490,86.40611267089844
1491,3.3790764808654785
1492,2.0081621408462524
1493,7.558389782905579
1494,5.392552495002747
1495,32.67456579208374
1496,7.484187841415405
1497,58.987977027893066
1498,5.688517451286316
1499,71.03420352935791
1500,7.206246972084045
1501,5.879870891571045
1502,73.59463310241699
1503,5.7129833698272705
1504,2.121646463871002
1505,4.774675250053406
1506,205.43976593017578
1507,50.555941581726074
1508,100.23106384277344
1509,72.59761238098145
1510,3.203286647796631
1511,38.33140802383423
1512,66.31793594360352
1513,5.72571325302124
1514,277.97589111328125
1515,54.602806091308594
1516,2.8680582642555237
1517,356.2047576904297
1518,4.430626213550568
1519,250.07870483398438
1520,5.176946401596069
1521,52.642608642578125
1522,4.968413054943085
1523,2.7896377444267273
1524,114.91064453125
1525,-34.52639865875244
1526,2.1929323077201843
1527,5.981463074684143
1528,3.6558205485343933
1529,212.99198150634766
1530,261.59473037719727
1531,3.3235751390457153
1532,5.900377869606018
1533,3.4063223004341125
1534,-15.231934547424316
1535,72.7115478515625
1536,5.91714072227478
1537,2.6471304893493652
1538,302.0241889953613
1539,160.6399154663086
1540,2.178826153278351
1541,152.3644733428955
1542,2.95052707195282
1543,19.903687953948975
1544,7.7998857498168945
1545,3.563296139240265
1546,5.972760200500488
1547,-13.922365188598633
1548,212.88544464111328
1549,42.720937728881836
1550,3.6787102818489075
1551,2.2692354023456573
1552,241.32310485839844
1553,6.460235834121704
1554,284.25432205200195
1555,143.8359661102295
1556,4.369716107845306
1557,15.385529279708862
1558,3.6960822343826294
1559,246.41541290283203
1560,172.08971786499023
1561,199.42538833618164
1562,242.74173736572266
1563,107.3637523651123
1564,3.3588978052139282
1565,89.37312126159668
1566,3.9194518327713013
1567,3.0281104743480682
1568,93.8832778930664
1569,19.338472843170166
1570,284.42218017578125
1571,3.4366538524627686
1572,83.8097038269043
1573,2.1862855553627014
1574,4.352604687213898
1575,5.917812943458557
1576,4.206181526184082
1577,5.598135232925415
1578,88.51204299926758
1579,5.3024396896362305
1580,194.9567642211914
1581,221.8656349182129
1582,6.721590876579285
1583,310.9424819946289
1584,314.843505859375
1585,5.9240944385528564
1586,4.88164746761322
1587,50.93072319030762
1588,287.72748947143555
1589,7.236614346504211
1590,6.115269422531128
1591,168.11436462402344
1592,7.123582124710083
1593,111.31143379211426
1594,149.44250679016113
1595,113.80235862731934
1596,5.675366520881653
1597,66.32904052734375
1598,6.653507113456726
1599,3.1292736530303955
1600,4.474333167076111
1601,2.8044668436050415
1602,5.866533398628235
1603,269.2593765258789
1604,44.4614896774292
1605,109.57498931884766
1606,267.5016098022461
1607,13.13168215751648
1608,3.3209753036499023
1609,7.486679434776306
1610,3.0952268838882446
1611,193.9694709777832
1612,80.18784141540527
1613,2.855568766593933
1614,283.0356636047363
1615,5.8541419506073
1616,4.052720665931702
1617,176.05439376831055
1618,230.57378768920898
1619,7.943443298339844
1620,41.00728702545166
1621,2.589569866657257
1622,2.504747360944748
1623,2.6418973207473755
1624,238.11149215698242
1625,69.80277156829834
1626,1.6535462141036987
1627,33.19078302383423
1628,3.816821038722992
1629,205.19575881958008
1630,85.19034385681152
1631,3.550709307193756
1632,314.94839096069336
1633,5.055503726005554
1634,-5.813489377498627
1635,3.5589362382888794
1636,4.6583632826805115
1637,6.920134902000427
1638,197.24553298950195
1639,42.700082778930664
1640,4.638673722743988
1641,299.2420883178711
1642,153.24339294433594
1643,203.0146484375
1644,109.58767700195312
1645,193.3829231262207
1646,6.133216500282288
1647,6.6785043478012085
1648,28.89746332168579
1649,4.433002054691315
1650,95.51153945922852
1651,6.393259048461914
1652,5.8558032512664795
1653,227.25466537475586
1654,6.66124963760376
1655,311.13135528564453
1656,56.91801834106445
1657,1.1235338598489761
1658,287.9381980895996
1659,2.157327711582184
1660,0.7545012142509222
1661,6.543602705001831
1662,197.12274551391602
1663,5.925517916679382
1664,120.23991775512695
1665,1.0533135831356049
1666,95.41905975341797
1667,-60.15259075164795
1668,256.9156303405762
1669,56.47664260864258
1670,2.115713745355606
1671,2.510063648223877
1672,5.468713164329529
1673,4.459152936935425
1674,128.48468399047852
1675,2.189494401216507
1676,-61.54294967651367
1677,33.1234245300293
1678,9.10632860660553
1679,203.3618927001953
1680,95.0395336151123
1681,1.323682188987732
1682,3.0822683572769165
1683,65.28941249847412
1684,25.562133312225342
1685,6.625954508781433
1686,137.2101707458496
1687,7.414422869682312
1688,156.55982208251953
1689,263.0004577636719
1690,3.152602434158325
1691,3.8975319266319275
1692,4.077816188335419
1693,2.5267945528030396
1694,82.31526756286621
1695,234.10210037231445
1696,119.55613136291504
1697,1.612867295742035
1698,223.57741928100586
1699,178.97884368896484
1700,112.4685287475586
1701,276.9753723144531
1702,-90.44214057922363
1703,5.8150575160980225
1704,5.545724630355835
1705,2.794124662876129
1706,83.08218955993652
1707,5.218389868736267
1708,72.04113006591797
1709,146.08671188354492
1710,6.2761722803115845
1711,69.77703285217285
1712,1.871016800403595
1713,5.8633198738098145
1714,-57.4949426651001
1715,4.9897273778915405
1716,2.7941978573799133
1717,20.973703384399414
1718,131.43496131896973
1719,22.90031099319458
1720,6.40192437171936
1721,261.04383850097656
1722,3.5165284872055054
1723,166.7873649597168
1724,139.50098419189453
1725,3.0310932993888855
1726,4.4699627161026
1727,242.00028610229492
1728,4.317668676376343
1729,3.4956658482551575
1730,63.299927711486816
1731,218.83632278442383
1732,4.935307323932648
1733,371.24207305908203
1734,275.0465888977051
1735,192.34089279174805
1736,3.3671488165855408
1737,302.5767135620117
1738,289.9586944580078
1739,206.24617767333984
1740,90.81267547607422
1741,131.5236053466797
1742,254.0161895751953
1743,5.159766912460327
1744,107.94439315795898
1745,42.19975757598877
1746,3.5831469297409058
1747,7.673049807548523
1748,179.3536720275879
1749,3.5181811451911926
1750,57.85963439941406
1751,19.05510663986206
1752,7.2785643339157104
1753,6.071967601776123
1754,266.60538482666016
1755,229.50627899169922
1756,1.8809499144554138
1757,232.05698776245117
1758,332.0001220703125
1759,4.7332683801651
1760,283.4962844848633
1761,259.88891220092773
1762,27.03932523727417
1763,40.249300479888916
1764,15.996655464172363
1765,5.220160603523254
1766,247.65460586547852
1767,194.7188377380371
1768,5.731320261955261
1769,94.19181442260742
1770,57.502848625183105
1771,2.997819423675537
1772,217.29471588134766
1773,249.32012557983398
1774,6.44473135471344
1775,287.2358512878418
1776,2.7117269039154053
1777,14.401535749435425
1778,39.55900478363037
1779,23.049988746643066
1780,103.30716896057129
1781,5.7421897649765015
1782,205.28704833984375
1783,235.25663375854492
1784,4.07608300447464
1785,60.528103828430176
1786,2.5729671120643616
1787,72.06887817382812
1788,5.020699739456177
1789,2.4920085966587067
1790,55.02213096618652
1791,4.084481358528137
1792,2.632660925388336
1793,2.1595214903354645
1794,167.92522811889648
1795,194.26355743408203
1796,283.6031188964844
1797,133.94810485839844
1798,6.546471476554871
1799,200.4955596923828
1800,148.8499984741211
1801,5.188816428184509
1802,1.8967507481575012
1803,142.47430992126465
1804,4.196217477321625
1805,177.66131591796875
1806,5.498399138450623
1807,271.54114532470703
1808,156.17010879516602
1809,58.11073684692383
1810,4.1564478278160095
1811,2.6124351024627686
1812,20.303345441818237
1813,3.581205725669861
1814,169.74872207641602
1815,266.10583877563477
1816,5.380474805831909
1817,105.82952880859375
1818,77.51638412475586
1819,234.08482360839844
1820,7.2879334688186646
1821,3.4733875393867493
1822,251.77816009521484
1823,-3.0924206972122192
1824,56.80324935913086
1825,2.2959223687648773
1826,6.1433528661727905
1827,3.4234158396720886
1828,2.084724575281143
1829,230.70403671264648
1830,234.02061462402344
1831,6.808639049530029
1832,30.153568744659424
1833,3.8080430030822754
1834,4.052645981311798
1835,91.75360488891602
1836,6.461712718009949
1837,5.996227860450745
1838,5.925892233848572
1839,102.1937484741211
1840,-21.78411865234375
1841,-91.65710639953613
1842,243.93197631835938
1843,186.98699188232422
1844,256.72825622558594
1845,161.20826721191406
1846,36.30126667022705
1847,266.5202941894531
1848,113.13313674926758
1849,3.8126062154769897
1850,6.641119599342346
1851,-79.31831073760986
1852,5.826983451843262
1853,78.24490356445312
1854,63.9117431640625
1855,5.599515914916992
1856,186.93630599975586
1857,2.865718126296997
1858,5.005392849445343
1859,6.331790328025818
1860,5.643174648284912
1861,142.2227554321289
1862,6.375807166099548
1863,69.90559959411621
1864,74.21422386169434
1865,210.36876678466797
1866,125.40023803710938
1867,97.96067237854004
1868,270.93444061279297
1869,153.42767333984375
1870,3.4704683423042297
1871,199.0093536376953
1872,49.200294494628906
1873,2.7733235955238342
1874,24.1767635345459
1875,108.08598136901855
1876,2.670237183570862
1877,2.6058570742607117
1878,66.48551940917969
1879,55.041337966918945
1880,283.26318740844727
1881,6.111293196678162
1882,91.53120613098145
1883,6.423701524734497
1884,90.83115768432617
1885,298.67651748657227
1886,275.25609588623047
1887,3.2098582983016968
1888,217.4379653930664
1889,233.90513610839844
1890,2.3356525599956512
1891,240.5514793395996
1892,211.3115234375
1893,4.3433573842048645
1894,2.095098316669464
1895,8.887578964233398
1896,5.93644118309021
1897,52.68326759338379
1898,-60.162800788879395
1899,3.09354704618454
1900,5.938364505767822
1901,252.00922012329102
1902,220.87502670288086
1903,-59.8454065322876
1904,64.31940937042236
1905,54.322617530822754
1906,169.82205200195312
1907,6.736634373664856
1908,6.230852127075195
1909,113.44071388244629
1910,5.646757245063782
1911,5.223611354827881
1912,3.8457435369491577
1913,75.82773208618164
1914,-27.528124809265137
1915,7.044119238853455
1916,0.9168412983417511
1917,2.641853988170624
1918,162.63797760009766
1919,4.939713001251221
1920,4.639872908592224
1921,72.3531436920166
1922,3.397495925426483
1923,6.607016205787659
1924,2.4968138933181763
1925,4.450742542743683
1926,94.60145950317383
1927,174.64894104003906
1928,3.523909628391266
1929,49.8637056350708
1930,2.415169209241867
1931,6.175601840019226
1932,4.939492166042328
1933,2.8105521202087402
1934,253.46007537841797
1935,6.2822511196136475
1936,5.026408553123474
1937,-5.508451402187347
1938,-31.787728786468506
1939,2.6014132499694824
1940,257.2535285949707
1941,3.4589858055114746
1942,241.09223556518555
1943,3.958274483680725
1944,229.78796005249023
1945,305.65431213378906
1946,6.003858923912048
1947,97.1251163482666
1948,5.7342047691345215
1949,-7.9554808139801025
1950,34.49951171875
1951,2.754432201385498
1952,33.41958999633789
1953,368.67920684814453
1954,2.826742947101593
1955,81.14181518554688
1956,2.012240946292877
1957,112.64279556274414
1958,3.917164921760559
1959,170.21105194091797
1960,55.165205001831055
1961,0.9249405562877655
1962,4.166718065738678
1963,3.306181311607361
1964,4.964987576007843
1965,97.26120567321777
1966,3.4909185767173767
1967,4.744054138660431
1968,275.28705978393555
1969,37.38644790649414
1970,5.744437336921692
1971,1.915459781885147
1972,99.16162490844727
1973,-46.08799648284912
1974,2.325802832841873
1975,2.986859381198883
1976,321.8506774902344
1977,1.6653982400894165
1978,218.1141700744629
1979,87.02719497680664
1980,275.53136444091797
1981,155.3878517150879
1982,121.99118423461914
1983,88.369384765625
1984,8.262349009513855
1985,4.729800045490265
1986,3.693044126033783
1987,6.161643624305725
1988,1.3058482110500336
1989,5.819928050041199
1990,4.674313604831696
1991,3.4196011424064636
1992,4.253197729587555
1993,29.06841278076172
1994,1.8162660598754883
1995,101.81267929077148
1996,4.187283396720886
1997,2.4769361913204193
1998,5.431125044822693
1999,302.2550964355469
2000,5.925661683082581
2001,311.05142974853516
2002,-53.08772659301758
2003,6.750712275505066
2004,325.55873107910156
2005,68.21315860748291
2006,4.673772811889648
2007,46.47627067565918
2008,231.63844299316406
2009,144.29935264587402
2010,294.81310653686523
2011,6.360149502754211
2012,177.65769958496094
2013,-44.977267265319824
2014,292.9558868408203
2015,193.14805603027344
2016,28.4251971244812
2017,3.111226201057434
2018,57.315218925476074
2019,70.80966758728027
2020,6.751126527786255
2021,4.432815849781036
2022,181.85477828979492
2023,62.94055461883545
2024,2.6312866806983948
2025,4.13195663690567
2026,88.76281929016113
2027,5.937494993209839
2028,6.29962682723999
2029,50.15153694152832
2030,302.4469528198242
2031,74.4736909866333
2032,292.37904357910156
2033,228.05985260009766
2034,2.6384856700897217
2035,60.12080383300781
2036,202.36565399169922
2037,5.226360082626343
2038,2.8453404903411865
2039,2.8131351470947266
2040,127.69912528991699
2041,269.6538314819336
2042,4.119225323200226
2043,172.42637252807617
2044,2.3382183015346527
2045,91.50682830810547
2046,291.58024978637695
2047,5.472787618637085
2048,-41.988162994384766
2049,1.8779869973659515
2050,358.8955993652344
2051,3.7295747995376587
2052,2.5005425810813904
2053,239.7987289428711
2054,4.546601355075836
2055,3.876993179321289
2056,-40.92329025268555
2057,202.51686096191406
2058,-16.182369232177734
2059,5.332661747932434
2060,22.594665050506592
2061,2.316426396369934
2062,153.84724044799805
2063,3.709753155708313
2064,4.006196975708008
2065,3.5706982612609863
2066,1.975899338722229
2067,6.14693558216095
2068,3.4960579872131348
2069,1.5602761209011078
2070,283.09296798706055
2071,287.72748947143555
2072,4.376343905925751
2073,203.14902877807617
2074,365.03443145751953
2075,259.48657989501953
2076,3.638619542121887
2077,2.872999429702759
2078,3.8916077613830566
2079,4.101099610328674
2080,2.6817526817321777
2081,3.083299934864044
2082,5.54170036315918
2083,20.196398496627808
2084,2.4461384415626526
2085,5.1201441287994385
2086,139.03548622131348
2087,80.35355472564697
2088,35.152798652648926
2089,58.58740997314453
2090,245.21110153198242
2091,205.7523956298828
2092,-98.69621658325195
2093,5.195891618728638
2094,3.789346694946289
2095,88.80207252502441
2096,33.27044057846069
2097,109.24311637878418
2098,5.386023759841919
2099,-24.488228797912598
2100,18.666818380355835
2101,5.741223692893982
2102,7.089417457580566
2103,49.3001012802124
2104,42.24242687225342
2105,31.235626220703125
2106,314.6806335449219
2107,7.134429216384888
2108,7.42536997795105
2109,5.963593125343323
2110,258.2967071533203
2111,3.6539623141288757
2112,45.71456527709961
2113,89.23090934753418
2114,2.523104578256607
2115,34.59940958023071
2116,3.8222498297691345
2117,3.6386687755584717
2118,3.724697172641754
2119,114.47715377807617
2120,4.203808128833771
2121,198.65034103393555
2122,222.14801788330078
2123,2.7794123888015747
2124,1.6721432209014893
2125,4.4563464522361755
2126,5.98309051990509
2127,65.43035316467285
2128,208.99551391601562
2129,1.8261624574661255
2130,2.433776408433914
2131,5.742213249206543
2132,6.123519420623779
2133,225.03795623779297
2134,59.1168909072876
2135,204.97610473632812
2136,34.20565700531006
2137,225.5992546081543
2138,3.221166968345642
2139,74.81153202056885
2140,51.02127742767334
2141,52.49238300323486
2142,5.719033718109131
2143,-16.202624559402466
2144,175.69063186645508
2145,44.9878454208374
2146,3.918931007385254
2147,4.280406057834625
2148,45.048630714416504
2149,-56.00920486450195
2150,3.377972185611725
2151,68.907470703125
2152,4.959641218185425
2153,3.408937692642212
2154,1.8447770476341248
2155,2.373916447162628
2156,5.925892233848572
2157,134.3819408416748
2158,3.7203868627548218
2159,341.20947265625
2160,235.07093811035156
2161,304.9331703186035
2162,1.8669977188110352
2163,303.3711166381836
2164,6.433809280395508
2165,2.9833508729934692
2166,2.5592886209487915
2167,40.1758451461792
2168,304.07533264160156
2169,2.4977661669254303
2170,2.3005082607269287
2171,155.89408493041992
2172,5.539586067199707
2173,250.03751754760742
2174,260.2276420593262
2175,0.8654464334249496
2176,4.793241381645203
2177,-45.62813854217529
2178,4.242154836654663
2179,68.51697826385498
2180,274.6714172363281
2181,2.789490520954132
2182,165.0170021057129
2183,196.45358276367188
2184,5.9298564195632935
2185,2.6842494010925293
2186,2.8914411664009094
2187,4.785196244716644
2188,251.73071670532227
2189,236.7442512512207
2190,81.37736320495605
2191,2.6640190482139587
2192,2.942410886287689
2193,104.62432289123535
2194,2.672847867012024
2195,4.8713167905807495
2196,6.5696388483047485
2197,1.9919273555278778
2198,4.423125147819519
2199,3.281388819217682
2200,1.7735566198825836
2201,4.0800973773002625
2202,76.08656787872314
2203,2.427996188402176
2204,1.9931740760803223
2205,122.47699737548828
2206,5.456105828285217
2207,168.24737548828125
2208,5.250953793525696
2209,11.626781940460205
2210,263.65206146240234
2211,1.7651070058345795
2212,4.6865938901901245
2213,6.389383792877197
2214,92.49930381774902
2215,27.195104122161865
2216,83.18978691101074
2217,4.337870419025421
2218,31.515984058380127
2219,2.5814674496650696
2220,5.489877820014954
2221,3.3066901564598083
2222,-56.85139846801758
2223,196.6485366821289
2224,-43.04185199737549
2225,162.98512649536133
2226,-2.2491549849510193
2227,51.071062088012695
2228,140.86069107055664
2229,118.41185188293457
2230,3.3038752675056458
2231,5.516462802886963
2232,4.173090040683746
2233,255.20018768310547
2234,226.8530044555664
2235,233.05739974975586
2236,3.206608533859253
2237,3.414873719215393
2238,252.06416702270508
2239,87.4808177947998
2240,234.73735427856445
2241,2.4139146208763123
2242,230.04929733276367
2243,6.085017919540405
2244,94.74650573730469
2245,232.66873168945312
2246,107.2071762084961
2247,241.34894943237305
2248,6.203180432319641
2249,306.5871391296387
2250,137.58934211730957
2251,4.981282114982605
2252,266.65200424194336
2253,6.189886927604675
2254,161.48294830322266
2255,-90.51273155212402
2256,44.173007011413574
2257,1.8529296815395355
2258,2.7618921995162964
2259,73.94256973266602
2260,6.329668164253235
2261,80.30060577392578
2262,2.2451113164424896
2263,88.45288848876953
2264,-0.13266517594456673
2265,51.62724018096924
2266,2.3772644102573395
2267,2.9152868390083313
2268,5.423624515533447
2269,4.004795074462891
2270,8.629087686538696
2271,195.26725006103516
2272,45.51627254486084
2273,3.354382812976837
2274,6.177515745162964
2275,6.706847906112671
2276,4.581946432590485
2277,2.5894880890846252
2278,1.086534708738327
2279,6.2135807275772095
2280,2.7652770280838013
2281,204.25465393066406
2282,2.5168567895889282
2283,3.8790836930274963
2284,231.4021224975586
2285,3.022745132446289
2286,-16.35477066040039
2287,5.505092740058899
2288,2.410021036863327
2289,5.320603609085083
2290,-41.79091739654541
2291,38.94489288330078
2292,4.867729485034943
2293,1.9352562725543976
2294,5.497016370296478
2295,2.929415762424469
2296,4.991475582122803
2297,128.82851028442383
2298,-52.59806251525879
2299,54.0465669631958
2300,3.7000810503959656
2301,5.451915740966797
2302,-86.65289878845215
2303,156.4609832763672
2304,5.530258655548096
2305,29.95999574661255
2306,292.7036323547363
2307,19.843896865844727
2308,52.779043197631836
2309,6.1666648387908936
2310,161.27814865112305
2311,-58.031450271606445
2312,77.31597232818604
2313,4.125071167945862
2314,4.776395380496979
2315,246.7122344970703
2316,7.447934985160828
2317,3.7179316878318787
2318,254.2970733642578
2319,6.585119128227234
2320,86.28586196899414
2321,2.974038243293762
2322,216.1402130126953
2323,171.41964721679688
2324,1.9591730535030365
2325,40.26886558532715
2326,3.1812223196029663
2327,107.78008270263672
2328,4.035536587238312
2329,350.25807189941406
2330,180.12786102294922
2331,0.7801336348056793
2332,275.6769218444824
2333,-18.69881582260132
2334,13.595467567443848
2335,5.516634702682495
2336,55.75134468078613
2337,138.31092262268066
2338,182.4741096496582
2339,28.967920303344727
2340,53.23846912384033
2341,121.72718238830566
2342,2.256186783313751
2343,6.2965452671051025
2344,273.69702911376953
2345,5.977959990501404
2346,129.46266555786133
2347,109.39908027648926
2348,1.8468951880931854
2349,255.7563018798828
2350,32.79260206222534
2351,4.9817288517951965
2352,4.988156259059906
2353,1.6225127279758453
2354,-25.87421226501465
2355,141.7894401550293
2356,3.962476909160614
2357,105.8779468536377
2358,6.4844160079956055
2359,6.742120742797852
2360,4.436970949172974
2361,5.550165891647339
2362,260.0451240539551
2363,4.230239450931549
2364,241.37067794799805
2365,85.93321990966797
2366,45.743577003479004
2367,39.68455696105957
2368,-72.68452548980713
2369,4.306183874607086
2370,222.31945037841797
2371,41.033875465393066
2372,73.3867998123169
2373,1.99125337600708
2374,-70.83836555480957
2375,1.8667801916599274
2376,111.85497856140137
2377,109.89237213134766
2378,5.418359875679016
2379,6.366605997085571
2380,32.77307081222534
2381,165.57593536376953
2382,146.88594436645508
2383,48.73078155517578
2384,3.3611453771591187
2385,255.22544479370117
2386,5.900087356567383
2387,61.86002826690674
2388,258.17462158203125
2389,82.76885414123535
2390,1.942650020122528
2391,114.52245903015137
2392,25.478412628173828
2393,68.79602718353271
2394,125.52014923095703
2395,5.791732430458069
2396,2.38185453414917
2397,289.10988998413086
2398,281.03197860717773
2399,4.5079134702682495
2400,193.63760375976562
2401,68.9613904953003
2402,228.8154182434082
2403,6.317532420158386
2404,1.934239387512207
2405,5.193570375442505
2406,2.736702799797058
2407,80.66385078430176
2408,271.55005264282227
2409,195.05306243896484
2410,4.081731855869293
2411,6.448028922080994
2412,295.7549819946289
2413,-9.346441745758057
2414,4.091715574264526
2415,77.81960201263428
2416,262.8012504577637
2417,30.773082733154297
2418,3.4310283064842224
2419,3.901724696159363
2420,1.8694006502628326
2421,10.024097323417664
2422,214.07123947143555
2423,2.6597352623939514
2424,186.04247283935547
2425,5.9939470291137695
2426,-7.0541592836380005
2427,170.7535858154297
2428,27.791210651397705
2429,3.7278060913085938
2430,6.4826436042785645
2431,3.7174134850502014
2432,314.4963912963867
2433,258.66646575927734
2434,4.296166956424713
2435,50.790995597839355
2436,241.29296875
2437,-87.36962127685547
2438,5.852859377861023
2439,6.974584579467773
2440,177.36050415039062
2441,6.422115802764893
2442,5.916999459266663
2443,5.118347764015198
2444,-68.00901317596436
2445,6.412211775779724
2446,5.330676436424255
2447,222.40948104858398
2448,6.449129700660706
2449,6.24023175239563
2450,34.29686641693115
2451,3.1711387038230896
2452,3.7949204444885254
2453,37.30234098434448
2454,306.4169044494629
2455,139.71430778503418
2456,3.3412055373191833
2457,258.12511825561523
2458,6.014788269996643
2459,1.7159893810749054
2460,5.9241050481796265
2461,56.99788951873779
2462,57.44838237762451
2463,6.2266141176223755
2464,-81.96322250366211
2465,33.14758586883545
2466,218.51492309570312
2467,161.46511459350586
2468,275.0411796569824
2469,251.30478286743164
2470,5.711642384529114
2471,133.40602111816406
2472,2.9313061833381653
2473,48.72840595245361
2474,195.2721405029297
2475,6.314418911933899
2476,87.37649536132812
2477,147.7849998474121
2478,144.50144004821777
2479,5.2393797636032104
2480,40.15156126022339
2481,61.78617572784424
2482,2.400477021932602
2483,4.861139714717865
2484,116.88273429870605
2485,135.37051963806152
2486,6.751734256744385
2487,5.368777632713318
2488,-34.35903596878052
2489,195.28615188598633
2490,5.654657363891602
2491,149.31553649902344
2492,36.915762424468994
2493,46.11670970916748
2494,5.945885062217712
2495,5.424694776535034
2496,108.54931831359863
2497,74.85701084136963
2498,1.9958486258983612
2499,6.738184690475464
2500,1.8846825957298279
2501,91.75815010070801
2502,277.8466148376465
2503,84.77718162536621
2504,342.1593475341797
2505,3.393830180168152
2506,4.600276529788971
2507,261.0177688598633
2508,204.2983741760254
2509,102.20567512512207
2510,6.734444618225098
2511,211.69798278808594
2512,79.10996913909912
2513,138.82241821289062
2514,215.36077117919922
2515,318.52270889282227
2516,1.9153287708759308
2517,2.163989692926407
2518,295.06501388549805
2519,4.301878571510315
2520,105.69942665100098
2521,138.7542610168457
2522,2.238324910402298
2523,6.518510699272156
2524,4.796754717826843
2525,288.9671936035156
2526,4.391902327537537
2527,3.5716201663017273
2528,240.14466094970703
2529,132.23465728759766
2530,242.41220092773438
2531,269.60610580444336
2532,38.30697965621948
2533,1.8753021359443665
2534,5.984525203704834
2535,5.928534388542175
2536,3.6065974831581116
2537,6.311990737915039
2538,5.893347978591919
2539,159.82366561889648
2540,2.835757315158844
2541,12.494842290878296
2542,-6.568871259689331
2543,5.479596972465515
2544,154.90694427490234
2545,2.427358001470566
2546,265.43264389038086
2547,18.01154375076294
2548,31.838396072387695
2549,179.7212142944336
2550,118.00492477416992
2551,-23.97621726989746
2552,2.3717715442180634
2553,286.8813667297363
2554,2.430194228887558
2555,63.531599044799805
2556,106.14796257019043
2557,4.068625569343567
2558,-8.537276983261108
2559,6.387178897857666
2560,222.23612594604492
2561,2.202458530664444
2562,220.4231185913086
2563,244.28389358520508
2564,285.1831283569336
2565,4.634671986103058
2566,4.781300902366638
2567,254.8419952392578
2568,47.16080379486084
2569,61.89043140411377
2570,3.5578221678733826
2571,95.69671440124512
2572,-45.984275817871094
2573,184.95059967041016
2574,3.225233495235443
2575,4.508768916130066
2576,3.402589738368988
2577,6.468739032745361
2578,52.732991218566895
2579,6.191364407539368
2580,5.637243628501892
2581,3.1183406710624695
2582,-35.75329923629761
2583,2.016555428504944
2584,6.816083669662476
2585,46.295711517333984
2586,4.7413360476493835
2587,217.1135597229004
2588,191.9437713623047
2589,4.740370810031891
2590,53.53425312042236
2591,1.6321694254875183
2592,133.4160499572754
2593,62.68232345581055
2594,69.14176082611084
2595,48.22615146636963
2596,46.018720626831055
2597,5.505307078361511
2598,6.3803160190582275
2599,7.569616079330444
2600,3.818911552429199
2601,211.95084762573242
2602,6.25806200504303
2603,376.90570068359375
2604,182.62448501586914
2605,55.78226947784424
2606,4.287291467189789
2607,50.47462749481201
2608,186.64644241333008
2609,32.21469497680664
2610,2.453955113887787
2611,7.731239914894104
2612,3.2160032391548157
2613,4.420617580413818
2614,3.280340254306793
2615,114.4981632232666
2616,169.07035446166992
2617,259.0238914489746
2618,197.82522583007812
2619,4.435999393463135
2620,2.202910542488098
2621,4.325718641281128
2622,2.7155789136886597
2623,1.0807147324085236
2624,6.989030361175537
2625,128.09425735473633
2626,290.4806785583496
2627,37.2230224609375
2628,131.73332405090332
2629,35.58983039855957
2630,130.857666015625
2631,19.37701964378357
2632,6.288398385047913
2633,285.9717216491699
2634,63.09722423553467
2635,155.47945022583008
2636,-52.83419227600098
2637,3.334885895252228
2638,-65.92994689941406
2639,-62.9619779586792
2640,193.73128509521484
2641,2.980578124523163
2642,5.685303092002869
2643,169.91049575805664
2644,138.62961387634277
2645,236.58861923217773
2646,2.6299731731414795
2647,3.2487706542015076
2648,4.616614103317261
2649,6.447635650634766
2650,253.14065551757812
2651,202.0060920715332
2652,63.85816764831543
2653,3.711491286754608
2654,32.589752197265625
2655,230.29056930541992
2656,252.3604278564453
2657,3.001761555671692
2658,13.315999269485474
2659,291.4645080566406
2660,1.8615255057811737
2661,277.19309997558594
2662,58.24982452392578
2663,3.4215199947357178
2664,69.10814571380615
2665,268.72847747802734
2666,245.7984161376953
2667,-40.03404235839844
2668,22.494691848754883
2669,6.801196217536926
2670,103.57500839233398
2671,187.88795471191406
2672,108.24561309814453
2673,248.8994255065918
2674,237.23046875
2675,1.7095450460910797
2676,-61.881513595581055
2677,333.8307418823242
2678,7.258614778518677
2679,5.616144061088562
2680,62.40425682067871
2681,5.309332609176636
2682,2.855508506298065
2683,2.42995023727417
2684,2.722295105457306
2685,6.535772919654846
2686,10.017869591712952
2687,58.03399848937988
2688,74.24135303497314
2689,28.08675718307495
2690,137.21859741210938
2691,82.6524887084961
2692,52.047329902648926
2693,150.86423873901367
2694,121.32242965698242
2695,6.8504050970077515
2696,167.40906524658203
2697,3.6626827716827393
2698,2.586264431476593
2699,4.247052788734436
2700,216.3614158630371
2701,57.02529048919678
2702,32.96736001968384
2703,3.9885430932044983
2704,193.42813110351562
2705,2.965709686279297
2706,5.504353404045105
2707,198.28781509399414
2708,3.39005047082901
2709,41.3592643737793
2710,5.624061465263367
2711,158.81963348388672
2712,1.8833752572536469
2713,171.47330474853516
2714,-49.47235298156738
2715,4.620724856853485
2716,2.9418261647224426
2717,270.52161407470703
2718,4.608632385730743
2719,3.0181843042373657
2720,6.655417323112488
2721,6.469080328941345
2722,4.297691524028778
2723,239.1124382019043
2724,6.834807515144348
2725,27.84266185760498
2726,0.13710856437683105
2727,311.15797424316406
2728,59.52828788757324
2729,181.91521835327148
2730,174.80482482910156
2731,152.0984401702881
2732,6.709376573562622
2733,235.0417594909668
2734,121.72713851928711
2735,87.40436935424805
2736,49.353477478027344
2737,185.8886375427246
2738,143.70404243469238
2739,82.18083763122559
2740,5.585588455200195
2741,46.64088535308838
2742,1.1854508817195892
2743,-4.366275370121002
2744,-23.828206539154053
2745,4.5298972725868225
2746,209.59254455566406
2747,174.69062423706055
2748,2.735791325569153
2749,5.37436306476593
2750,215.43940353393555
2751,265.2570991516113
2752,2.318694978952408
2753,115.70615196228027
2754,0.4024377912282944
2755,31.192561149597168
2756,268.4117012023926
2757,5.7698036432266235
2758,292.3040008544922
2759,86.62562942504883
2760,176.80588912963867
2761,6.564251899719238
2762,4.126837968826294
2763,121.96998023986816
2764,4.54894757270813
2765,116.71122169494629
2766,1.9748064875602722
2767,273.7321014404297
2768,3.926179349422455
2769,3.5206003189086914
2770,191.83261108398438
2771,134.58721351623535
2772,7.024647951126099
2773,3.08629047870636
2774,4.88004469871521
2775,6.190969944000244
2776,3.913345456123352
2777,258.6805000305176
2778,29.963825702667236
2779,2.1284259557724
2780,2.865119993686676
2781,242.62911987304688
2782,213.93600845336914
2783,5.642040371894836
2784,12.840327978134155
2785,5.896180868148804
2786,3.714826762676239
2787,63.38913917541504
2788,19.321731567382812
2789,162.55597686767578
2790,221.5384635925293
2791,69.69039821624756
2792,125.16653251647949
2793,184.01809310913086
2794,157.7813720703125
2795,40.141419887542725
2796,249.89557647705078
2797,108.6979923248291
2798,32.37013387680054
2799,13.956564664840698
2800,5.465725898742676
2801,4.081254065036774
2802,3.296439528465271
2803,65.4594030380249
2804,3.629724681377411
2805,45.78120231628418
2806,6.0323251485824585
2807,40.23365497589111
2808,80.34996891021729
2809,6.123934626579285
2810,5.548279404640198
2811,178.3189811706543
2812,5.789263606071472
2813,-3.36748069524765
2814,6.005716562271118
2815,263.11932373046875
2816,63.991586685180664
2817,277.7000045776367
2818,119.49578666687012
2819,57.470330238342285
2820,136.3983974456787
2821,42.45842266082764
2822,6.2473708391189575
2823,49.70235252380371
2824,263.77930450439453
2825,130.9117946624756
2826,-61.982028007507324
2827,6.626797199249268
2828,5.493217825889587
2829,4.773342490196228
2830,5.677772760391235
2831,5.741237759590149
2832,6.571208119392395
2833,129.23854446411133
2834,3.8300580978393555
2835,2.97950541973114
2836,3.4353514909744263
2837,3.377782166004181
2838,5.853384971618652
2839,1.9817215204238892
2840,51.70221138000488
2841,55.11807823181152
2842,287.1358299255371
2843,6.030256390571594
2844,184.34687423706055
2845,292.65931701660156
2846,3.4796252846717834
2847,89.12224006652832
2848,11.04931092262268
2849,-54.6282434463501
2850,6.588121056556702
2851,6.671984672546387
2852,-19.731780529022217
2853,71.14797782897949
2854,2.4216802418231964
2855,52.38965892791748
2856,5.944758176803589
2857,32.801337242126465
2858,228.5489501953125
2859,1.3772689998149872
2860,140.948335647583
2861,285.3504219055176
2862,262.3107376098633
2863,2.6980570554733276
2864,282.3862953186035
2865,238.6052589416504
2866,1.7267089188098907
2867,2.4072535634040833
2868,70.70683479309082
2869,45.04402160644531
2870,167.92335510253906
2871,6.146148443222046
2872,269.7129325866699
2873,5.119418144226074
2874,19.867048501968384
2875,4.538116991519928
2876,-46.288238525390625
2877,295.05809020996094
2878,-80.78535079956055
2879,4.9911938309669495
2880,234.74112701416016
2881,5.994786620140076
2882,6.202285289764404
2883,4.114434778690338
2884,6.568708539009094
2885,163.80906677246094
2886,229.80733489990234
2887,5.918937087059021
2888,2.129131704568863
2889,6.591270923614502
2890,2.5652923583984375
2891,-62.85824203491211
2892,162.30642700195312
2893,103.62288665771484
2894,49.581604957580566
2895,5.02163827419281
2896,2.665784478187561
2897,5.622514009475708
2898,105.61316871643066
2899,36.951951026916504
2900,2.9370922446250916
2901,37.774006843566895
2902,243.2366485595703
2903,267.56134033203125
2904,4.0353973507881165
2905,3.5441657304763794
2906,33.55613470077515
2907,3.7183886766433716
2908,16.257644414901733
2909,2.0097688138484955
2910,118.33743858337402
2911,3.7732892632484436
2912,2.344960004091263
2913,6.2676578760147095
2914,-6.875292778015137
2915,8.186957001686096
2916,249.7216033935547
2917,164.86335372924805
2918,4.060190439224243
2919,360.20337677001953
2920,202.59313583374023
2921,5.231276750564575
2922,3.7492812871932983
2923,213.29386520385742
2924,5.636589288711548
2925,4.852366924285889
2926,6.102957129478455
2927,27.857734203338623
2928,6.472710132598877
2929,168.2699089050293
2930,265.1288032531738
2931,2.1653110086917877
2932,5.524657130241394
2933,-28.973902702331543
2934,114.75700950622559
2935,-10.13482415676117
2936,-61.92325496673584
2937,6.56191349029541
2938,35.65812969207764
2939,3.1036794185638428
2940,162.61893844604492
2941,89.04483985900879
2942,60.34757995605469
2943,6.240609645843506
2944,6.551719903945923
2945,5.834164142608643
2946,6.505571365356445
2947,-53.83133029937744
2948,2.3629800379276276
2949,6.6779361963272095
2950,2.9186988472938538
2951,145.26684188842773
2952,127.55701065063477
2953,6.902146577835083
2954,1.8198639452457428
2955,20.418485403060913
2956,6.499577641487122
2957,103.48171615600586
2958,5.598064064979553
2959,207.97657775878906
2960,6.372787356376648
2961,205.8461456298828
2962,3.9193392992019653
2963,4.028551816940308
2964,222.06124114990234
2965,187.57266235351562
2966,4.319072604179382
2967,3.5514488220214844
2968,164.69758987426758
2969,-89.76147651672363
2970,1.949784904718399
2971,223.53460311889648
2972,6.859789133071899
2973,202.1316261291504
2974,259.2441177368164
2975,4.732442200183868
2976,50.8746976852417
2977,34.9386510848999
2978,4.663031220436096
2979,4.695119857788086
2980,304.5085868835449
2981,314.66760635375977
2982,136.17282485961914
2983,143.36170959472656
2984,275.32354736328125
2985,129.144287109375
2986,303.1866683959961
2987,229.3478660583496
2988,113.32377624511719
2989,92.68868827819824
2990,42.94193935394287
2991,7.076467871665955
2992,3.0436160564422607
2993,5.471692323684692
2994,9.768205046653748
2995,8.939902782440186
2996,4.213002800941467
2997,3.5214263200759888
2998,94.55065536499023
2999,174.88597869873047
3000,66.28543281555176
3001,3.1165513396263123
3002,304.98338317871094
3003,4.393394827842712
3004,287.9508972167969
3005,83.88282775878906
3006,82.60383415222168
3007,6.261031746864319
3008,2.8055300116539
3009,15.987568140029907
3010,4.346452176570892
3011,55.58016490936279
3012,5.262338876724243
3013,187.98708724975586
3014,6.587341070175171
3015,3.667349636554718
3016,5.880798578262329
3017,6.1596293449401855
3018,4.357808172702789
3019,228.86485290527344
3020,3.200895845890045
3021,245.5995750427246
3022,277.8934097290039
3023,3.050772488117218
3024,101.2694320678711
3025,237.84551239013672
3026,166.9780044555664
3027,6.194557070732117
3028,5.344996929168701
3029,-21.189117908477783
3030,-46.07077693939209
3031,5.994081616401672
3032,6.630212664604187
3033,5.01783812046051
3034,132.8093204498291
3035,150.2969741821289
3036,215.4967384338379
3037,5.692964315414429
3038,2.0857696533203125
3039,-37.88070011138916
3040,162.47307205200195
3041,4.807724118232727
3042,3.9049673676490784
3043,5.88087522983551
3044,228.80706787109375
3045,178.91295623779297
3046,4.464819967746735
3047,4.2879021763801575
3048,45.73141384124756
3049,5.7618913650512695
3050,239.55579376220703
3051,88.0126838684082
3052,6.593419432640076
3053,4.174715578556061
3054,126.71328544616699
3055,183.11676406860352
3056,46.71045398712158
3057,3.154017448425293
3058,99.98287582397461
3059,1.855336606502533
3060,264.4281425476074
3061,5.128147482872009
3062,234.94651794433594
3063,145.26810455322266
3064,236.92798614501953
3065,240.6663475036621
3066,133.17283821105957
3067,36.434807777404785
3068,6.319220781326294
3069,6.124065160751343
3070,3.603660821914673
3071,6.221859455108643
3072,200.5958251953125
3073,142.53524208068848
3074,6.315721273422241
3075,5.9573365449905396
3076,141.36098861694336
3077,-5.930284738540649
3078,88.46529388427734
3079,5.895931243896484
3080,3.2367658019065857
3081,-2.7860047817230225
3082,95.69370651245117
3083,160.46495819091797
3084,1.034969076514244
3085,5.214453220367432
3086,204.38949966430664
3087,3.135567307472229
3088,100.62457084655762
3089,3.4874024987220764
3090,310.0653076171875
3091,133.4646396636963
3092,99.63288307189941
3093,3.971017301082611
3094,186.52790451049805
3095,261.75183868408203
3096,129.17512130737305
3097,4.584670126438141
3098,6.150534987449646
3099,21.943286418914795
3100,79.85341739654541
3101,3.552515387535095
3102,2.580051302909851
3103,3.181532144546509
3104,70.78934478759766
3105,-9.83285391330719
3106,23.09388780593872
3107,1.3089884519577026
3108,2.510601043701172
3109,6.4503679275512695
3110,251.30396270751953
3111,2.221797525882721
3112,217.18556213378906
3113,5.4833292961120605
3114,62.702046394348145
3115,265.02255630493164
3116,93.29773139953613
3117,24.607040405273438
3118,277.58996963500977
3119,4.4094186425209045
3120,50.66581439971924
3121,38.72079133987427
3122,132.923490524292
3123,3.9175031185150146
3124,2.613189458847046
3125,3.655859649181366
3126,204.9952163696289
3127,248.16412734985352
3128,30.797919750213623
3129,360.50484466552734
3130,2.1063914597034454
3131,97.26197052001953
3132,200.16003036499023
3133,122.22969436645508
3134,234.24535751342773
3135,1.6996866166591644
3136,299.4788360595703
3137,3.080229341983795
3138,160.8880157470703
3139,5.999678254127502
3140,2.071478456258774
3141,15.41851544380188
3142,3.14882755279541
3143,108.20049667358398
3144,246.32169723510742
3145,5.074333429336548
3146,279.655460357666
3147,109.41763496398926
3148,108.3616943359375
3149,-18.76491641998291
3150,1.7341871857643127
3151,243.68651962280273
3152,7.203449726104736
3153,231.4442024230957
3154,166.55015182495117
3155,51.36131572723389
3156,42.97879219055176
3157,4.837067663669586
3158,289.030818939209
3159,115.02135276794434
3160,270.0827293395996
3161,-56.639655113220215
3162,3.5736408829689026
3163,200.39069366455078
3164,3.152971625328064
3165,-1.0015992484986782
3166,49.389869689941406
3167,6.659577131271362
3168,5.350849032402039
3169,3.4209418296813965
3170,217.73363876342773
3171,3.055755615234375
3172,228.31647109985352
3173,288.8710174560547
3174,64.79657459259033
3175,-60.16266918182373
3176,3.70881986618042
3177,3.1435665488243103
3178,167.4700927734375
3179,6.2422497272491455
3180,312.58466720581055
3181,212.41111755371094
3182,276.6876564025879
3183,5.936550259590149
3184,100.58810997009277
3185,7.048203468322754
3186,195.86583709716797
3187,286.03064346313477
3188,-19.394886255264282
3189,250.31553268432617
3190,4.091489255428314
3191,250.12383651733398
3192,50.109134674072266
3193,6.351040363311768
3194,4.512263834476471
3195,5.708364844322205
3196,138.56050872802734
3197,5.508985280990601
3198,195.80260467529297
3199,187.11218643188477
3200,2.236755460500717
3201,339.9011459350586
3202,4.372216105461121
3203,4.735680162906647
3204,-16.482544422149658
3205,6.473035097122192
3206,260.9705467224121
3207,5.920213580131531
3208,194.75125122070312
3209,-31.564258575439453
3210,7.429748773574829
3211,186.99429321289062
3212,228.65813064575195
3213,2.579957962036133
3214,260.06455993652344
3215,3.608361065387726
3216,6.1578662395477295
3217,134.07073211669922
3218,277.93458557128906
3219,84.61226844787598
3220,68.4572343826294
3221,92.5352954864502
3222,260.83281326293945
3223,337.91629791259766
3224,-84.85357475280762
3225,128.19763565063477
3226,5.987159609794617
3227,5.8533148765563965
3228,13.636204957962036
3229,293.8077697753906
3230,226.64865112304688
3231,7.135039687156677
3232,4.983724057674408
3233,5.628098845481873
3234,4.27480012178421
3235,72.67395496368408
3236,139.57130241394043
3237,25.392128467559814
3238,308.69235610961914
3239,6.4872987270355225
3240,76.2498607635498
3241,9.816829681396484
3242,2.6157021522521973
3243,28.48081111907959
3244,180.38512420654297
3245,5.069104075431824
3246,241.92124557495117
3247,6.390569090843201
3248,58.88394069671631
3249,-26.987106800079346
3250,228.69839096069336
3251,235.5545883178711
3252,126.42415237426758
3253,61.62508678436279
3254,136.80329704284668
3255,6.32939338684082
3256,6.330223798751831
3257,4.483735740184784
3258,2.45071542263031
3259,46.061461448669434
3260,5.884828567504883
3261,100.33447456359863
3262,308.5407905578613
3263,1.933892399072647
3264,4.156371653079987
3265,150.78265571594238
3266,3.7050291299819946
3267,6.784473776817322
3268,3.1690183877944946
3269,4.99887752532959
3270,55.6214017868042
3271,230.65855026245117
3272,2.37803316116333
3273,222.26202011108398
3274,212.16510391235352
3275,113.73355674743652
3276,118.16177177429199
3277,6.484925866127014
3278,6.24722695350647
3279,3.2139403223991394
3280,146.4776439666748
3281,273.9802894592285
3282,2.6516577005386353
3283,379.81773376464844
3284,362.86170959472656
3285,100.5146312713623
3286,3.068918764591217
3287,12.362127304077148
3288,23.521528244018555
3289,1.8411182761192322
3290,50.94031047821045
3291,250.02611541748047
3292,3.168156385421753
3293,55.241801261901855
3294,213.59392929077148
3295,141.07404327392578
3296,24.615539073944092
3297,208.56058502197266
3298,2.228553682565689
3299,246.15907669067383
3300,2.8550150990486145
3301,219.34122467041016
3302,190.92328643798828
3303,-8.294309616088867
3304,234.52089309692383
3305,5.100741982460022
3306,4.366928696632385
3307,183.67948532104492
3308,3.2222909927368164
3309,6.359819054603577
3310,-62.732773780822754
3311,2.2918776869773865
3312,3.620978534221649
3313,2.609185218811035
3314,6.021896600723267
3315,3.8723390102386475
3316,304.8910942077637
3317,314.53651428222656
3318,42.095669746398926
3319,1.9391901195049286
3320,2.0461443960666656
3321,4.896151065826416
3322,151.35830879211426
3323,4.713490962982178
3324,3.7278445959091187
3325,334.18627166748047
3326,91.0169906616211
3327,-71.83016967773438
3328,6.482812285423279
3329,1.8809990286827087
3330,197.54320526123047
3331,102.55860328674316
3332,3.8609249591827393
3333,248.43201446533203
3334,113.43285751342773
3335,3.4583518505096436
3336,4.882617831230164
3337,2.623482823371887
3338,1.783258318901062
3339,8.98901641368866
3340,42.10900592803955
3341,61.832350730895996
3342,222.97505569458008
3343,109.22146415710449
3344,3.6125195026397705
3345,265.78863525390625
3346,287.33288955688477
3347,165.81547164916992
3348,73.83518505096436
3349,5.644971132278442
3350,3.778777837753296
3351,2.8836156129837036
3352,1.8355930149555206
3353,130.477876663208
3354,36.72444772720337
3355,3.1280532479286194
3356,301.1462707519531
3357,3.4733476042747498
3358,240.7971420288086
3359,101.37892723083496
3360,128.80859184265137
3361,3.2729575634002686
3362,3.3423776626586914
3363,3.3741756081581116
3364,25.156554222106934
3365,122.25910377502441
3366,0.13754126615822315
3367,2.9844855666160583
3368,136.44127655029297
3369,4.927641272544861
3370,58.2205924987793
3371,-2.0942950397729874
3372,205.62874221801758
3373,55.75107383728027
3374,324.55918884277344
3375,2.2952977120876312
3376,2.652975022792816
3377,116.99530601501465
3378,6.012704968452454
3379,40.291274070739746
3380,347.9361114501953
3381,6.656784296035767
3382,106.16498374938965
3383,6.285735726356506
3384,95.39523124694824
3385,4.030973196029663
3386,52.91126537322998
3387,2.133483111858368
3388,183.81707000732422
3389,226.7489242553711
3390,1.9630408883094788
3391,5.576494574546814
3392,5.065342426300049
3393,188.14501190185547
3394,128.3897819519043
3395,5.332024931907654
3396,5.695868253707886
3397,158.07006645202637
3398,1.942952811717987
3399,206.37490844726562
3400,176.7327537536621
3401,5.003673195838928
3402,0.6712421178817749
3403,71.66268348693848
3404,120.01175498962402
3405,173.36408233642578
3406,215.73287200927734
3407,4.033642411231995
3408,107.21538925170898
3409,111.83105087280273
3410,6.0327208042144775
3411,5.204186916351318
3412,47.39431953430176
3413,2.171895444393158
3414,6.728025197982788
3415,108.36123275756836
3416,67.15089225769043
3417,179.74592971801758
3418,162.14641189575195
3419,46.62513828277588
3420,-11.67029356956482
3421,-38.94024705886841
3422,177.45188903808594
3423,2.0180720686912537
3424,3.854435086250305
3425,21.089366912841797
3426,3.4386590719223022
3427,62.12520217895508
3428,2.3855283558368683
3429,326.7513732910156
3430,307.345703125
3431,114.83649635314941
3432,6.043226599693298
3433,94.87816619873047
3434,1.9135607182979584
3435,311.05181884765625
3436,234.88494873046875
3437,3.1957717537879944
3438,32.37899446487427
3439,268.3755912780762
3440,6.4046870470047
3441,4.7298623919487
3442,223.53073501586914
3443,5.005627155303955
3444,210.47938919067383
3445,3.49540376663208
3446,5.979984402656555
3447,267.45587158203125
3448,5.546541690826416
3449,5.687409996986389
3450,103.8403491973877
3451,209.13002014160156
3452,1.9855473935604095
3453,2.6331937313079834
3454,16.9159677028656
3455,4.111588656902313
3456,5.7786078453063965
3457,3.9869848489761353
3458,6.18539023399353
3459,167.3374786376953
3460,-41.537343978881836
3461,2.8545360565185547
3462,35.96462440490723
3463,231.2383041381836
3464,4.1707876324653625
3465,2.688243806362152
3466,6.63691246509552
3467,117.78153610229492
3468,27.270381450653076
3469,318.64902114868164
3470,151.30756378173828
3471,14.422506332397461
3472,269.7704849243164
3473,6.4426589012146
3474,3.797876477241516
3475,4.8054845333099365
3476,39.65144729614258
3477,3.295268476009369
3478,6.706318616867065
3479,2.6398215889930725
3480,118.95720291137695
3481,168.14960098266602
3482,82.30470657348633
3483,67.59608936309814
3484,174.32878494262695
3485,2.413238137960434
3486,225.2130889892578
3487,5.963835835456848
3488,5.293710827827454
3489,3.0137078762054443
3490,6.229636073112488
3491,3.0312548875808716
3492,2.416349858045578
3493,308.3453826904297
3494,175.53688430786133
3495,6.519514679908752
3496,4.204274773597717
3497,4.65494179725647
3498,6.777141809463501
3499,-7.433458566665649
3500,97.37131309509277
3501,283.58022689819336
3502,6.145612478256226
3503,4.0960158705711365
3504,112.85485458374023
3505,168.46314239501953
3506,92.7406177520752
3507,6.25384795665741
3508,3.1630164980888367
3509,3.1053738594055176
3510,276.9188537597656
3511,1.939031034708023
3512,71.4230260848999
3513,92.41655921936035
3514,3.1783213019371033
3515,46.56533718109131
3516,3.14958393573761
3517,200.60377502441406
3518,4.331577003002167
3519,225.71582794189453
3520,311.9850273132324
3521,1.874983936548233
3522,75.96015930175781
3523,5.0870290994644165
3524,6.530269622802734
3525,5.276124596595764
3526,42.40570831298828
3527,1.6748703122138977
3528,290.0229377746582
3529,196.98322296142578
3530,2.4917753636837006
3531,96.27442169189453
3532,255.2896499633789
3533,51.575294494628906
3534,7.785547614097595
3535,74.20120811462402
3536,3.6320852041244507
3537,73.29998207092285
3538,7.107593774795532
3539,41.38377094268799
3540,152.75493240356445
3541,-55.61489772796631
3542,2.713042974472046
3543,202.92897033691406
3544,29.651763916015625
3545,2.509690999984741
3546,5.999571681022644
3547,170.22555923461914
3548,5.254144191741943
3549,1.769164800643921
3550,4.378378868103027
3551,5.026155948638916
3552,5.713003516197205
3553,6.772547125816345
3554,152.85333061218262
3555,4.038844108581543
3556,2.181853801012039
3557,109.29421424865723
3558,5.357538104057312
3559,97.7292652130127
3560,44.75919723510742
3561,6.154128789901733
3562,13.286665439605713
3563,-44.56798267364502
3564,5.910885572433472
3565,4.997605204582214
3566,168.00694274902344
3567,1.9418204724788666
3568,251.3990821838379
3569,170.07072830200195
3570,45.004515647888184
3571,206.42201232910156
3572,1.8623782694339752
3573,6.080641031265259
3574,5.684082508087158
3575,1.5293195247650146
3576,5.139118432998657
3577,5.892891049385071
3578,75.9762601852417
3579,2.039055347442627
3580,65.74753761291504
3581,232.50384902954102
3582,56.90058422088623
3583,64.80373954772949
3584,6.523712515830994
3585,33.00700807571411
3586,5.685619354248047
3587,54.16601371765137
3588,3.39557284116745
3589,236.5081787109375
3590,2.684148907661438
3591,3.3907646536827087
3592,191.06197357177734
3593,4.854266881942749
3594,16.428974390029907
3595,6.652958035469055
3596,17.43235945701599
3597,299.69676208496094
3598,78.31228828430176
3599,78.27475070953369
3600,2.7628920674324036
3601,294.6089096069336
3602,14.07865834236145
3603,5.201199054718018
3604,3.0375611782073975
3605,145.97840309143066
3606,2.1148525178432465
3607,3.2504680156707764
3608,284.73946380615234
3609,202.90008544921875
3610,29.71225929260254
3611,5.490758061408997
3612,281.1227569580078
3613,6.391913175582886
3614,4.903890132904053
3615,6.17142927646637
3616,67.62821102142334
3617,5.018996059894562
3618,2.75959974527359
3619,-55.618255615234375
3620,14.977334260940552
3621,78.9346170425415
3622,5.42764413356781
3623,254.05778121948242
3624,-8.161473512649536
3625,117.29242324829102
3626,50.795650482177734
3627,27.117263793945312
3628,6.28897225856781
3629,31.41665029525757
3630,259.67948150634766
3631,301.5301170349121
3632,249.08098220825195
3633,243.94166946411133
3634,106.6388111114502
3635,132.49921798706055
3636,4.66816383600235
3637,36.214577198028564
3638,48.16721153259277
3639,5.005225777626038
3640,328.69464111328125
3641,214.55157852172852
3642,144.01333618164062
3643,198.89645385742188
3644,6.472246885299683
3645,124.84282302856445
3646,2.5896307229995728
3647,6.02200984954834
3648,235.4983253479004
3649,-5.3555684089660645
3650,3.2196077704429626
3651,191.70563507080078
3652,42.58066368103027
3653,4.873476028442383
3654,69.9996690750122
3655,2.072203755378723
3656,148.8670711517334
3657,5.694055795669556
3658,7.849457025527954
3659,4.5005311369895935
3660,5.852753400802612
3661,46.19937610626221
3662,2.0686362981796265
3663,5.806847095489502
3664,129.3339443206787
3665,5.001864314079285
3666,278.8657417297363
3667,243.41675567626953
3668,267.1739044189453
3669,239.3320426940918
3670,7.276817321777344
3671,6.526561260223389
3672,218.23516464233398
3673,4.936435699462891
3674,299.9945602416992
3675,135.9688491821289
3676,47.07616329193115
3677,35.42800760269165
3678,-28.258318424224854
3679,4.253889083862305
3680,3.7353886365890503
3681,140.67349243164062
3682,89.60017013549805
3683,182.49928665161133
3684,42.26407337188721
3685,153.7580223083496
3686,271.6668395996094
3687,101.56710815429688
3688,295.20384216308594
3689,2.2962373793125153
3690,178.4611701965332
3691,192.4995880126953
3692,298.325382232666
3693,266.8591842651367
3694,1.4204278886318207
3695,245.30144119262695
3696,192.5541534423828
3697,0.7634403854608536
3698,-51.04007148742676
3699,4.125115633010864
3700,5.743764638900757
3701,371.5825424194336
3702,3.819814085960388
3703,3.8694552779197693
3704,6.0665377378463745
3705,1.2596971690654755
3706,66.93662738800049
3707,-10.935593962669373
3708,132.9008502960205
3709,3.1146024465560913
3710,6.625073671340942
3711,334.3327178955078
3712,61.542179107666016
3713,5.79236900806427
3714,333.2765426635742
3715,2.6442500352859497
3716,1.9957741796970367
3717,168.1369514465332
3718,76.38495063781738
3719,176.11112213134766
3720,147.06893157958984
3721,2.8630946278572083
3722,4.156713247299194
3723,3.336415708065033
3724,1.875953733921051
3725,64.08788299560547
3726,1.6857168674468994
3727,236.75175857543945
3728,53.97284126281738
3729,-40.56406116485596
3730,154.90124320983887
3731,89.36189842224121
3732,3.3160963654518127
3733,-58.942068099975586
3734,3.157107651233673
3735,2.257343113422394
3736,-14.391586542129517
3737,6.2532442808151245
3738,190.5846176147461
3739,-36.95227384567261
3740,249.33464813232422
3741,36.17091941833496
3742,269.0349655151367
3743,2.4275895953178406
3744,72.16380214691162
3745,-4.426773250102997
3746,5.149934768676758
3747,4.921329915523529
3748,210.15308380126953
3749,70.97027015686035
3750,1.603788286447525
3751,236.80637741088867
3752,98.78197288513184
3753,5.168547868728638
3754,3.7611873745918274
3755,36.06136894226074
3756,5.666034579277039
3757,17.135575532913208
3758,6.075358748435974
3759,46.65952205657959
3760,1.923339694738388
3761,6.509813189506531
3762,5.959934592247009
3763,120.79387855529785
3764,189.19871520996094
3765,377.46114349365234
3766,6.592099547386169
3767,301.6230354309082
3768,53.614813804626465
3769,1.6686612963676453
3770,162.9103775024414
3771,3.476720631122589
3772,214.29735565185547
3773,242.2382049560547
3774,2.5653293132781982
3775,3.737453579902649
3776,224.1293067932129
3777,6.418795347213745
3778,243.8790283203125
3779,291.9092559814453
3780,6.052430510520935
3781,6.475161552429199
3782,2.2578881680965424
3783,1.7884612679481506
3784,5.534834146499634
3785,27.64729595184326
3786,93.08541488647461
3787,6.001091837882996
3788,6.579357624053955
3789,300.1796531677246
3790,6.955609440803528
3791,6.602961897850037
3792,3.695766270160675
3793,43.370805740356445
3794,1.5577760189771652
3795,212.84828567504883
3796,225.9749984741211
3797,4.836113691329956
3798,179.2766876220703
3799,-56.99970817565918
3800,247.09593200683594
3801,114.23455238342285
3802,162.02457809448242
3803,64.36313533782959
3804,62.02699661254883
3805,4.221574187278748
3806,3.115693151950836
3807,77.03956031799316
3808,3.6870515942573547
3809,-55.05272579193115
3810,2.694527268409729
3811,4.6035192012786865
3812,262.75904846191406
3813,3.7354292273521423
3814,291.823055267334
3815,7.429429292678833
3816,3.689486086368561
3817,44.901089668273926
3818,6.577254891395569
3819,2.3451382517814636
3820,132.30744552612305
3821,8.134786367416382
3822,5.51319944858551
3823,259.9021530151367
3824,5.262649297714233
3825,259.7880630493164
3826,6.0608437061309814
3827,296.1254234313965
3828,289.1960220336914
3829,6.48127293586731
3830,230.8268928527832
3831,58.884352684020996
3832,1.8099224865436554
3833,39.02419424057007
3834,49.66805458068848
3835,2.7254950404167175
3836,5.214568853378296
3837,6.771869421005249
3838,5.876422882080078
3839,248.35456085205078
3840,5.680505990982056
3841,130.00857162475586
3842,3.5866037011146545
3843,233.0807342529297
3844,5.908321857452393
3845,6.431135416030884
3846,6.402702331542969
3847,78.9815502166748
3848,124.78281784057617
3849,199.55143356323242
3850,29.574748516082764
3851,151.45939826965332
3852,242.866943359375
3853,5.542173743247986
3854,244.53631973266602
3855,1.9344054460525513
3856,65.70489120483398
3857,3.9754889011383057
3858,2.9709585905075073
3859,237.7627067565918
3860,6.208744645118713
3861,-67.16611194610596
3862,-5.293681085109711
3863,3.4397799968719482
3864,2.5895082354545593
3865,310.4248580932617
3866,4.602497816085815
3867,198.10322189331055
3868,4.729066729545593
3869,3.1038002967834473
3870,137.31342124938965
3871,43.74610900878906
3872,3.9513407349586487
3873,74.0549898147583
3874,338.14774322509766
3875,279.53454208374023
3876,109.11668395996094
3877,-76.95368576049805
3878,184.24078369140625
3879,263.80344009399414
3880,6.7339019775390625
3881,3.776261270046234
3882,2.199576199054718
3883,186.2263641357422
3884,141.41859817504883
3885,6.383478283882141
3886,5.595580101013184
3887,6.199307680130005
3888,2.59371018409729
3889,178.66563415527344
3890,1.0729061216115952
3891,3.0352140069007874
3892,158.7494773864746
3893,2.8434208631515503
3894,308.86425018310547
3895,-22.415949821472168
3896,25.23388385772705
3897,234.730712890625
3898,195.14236068725586
3899,1.7863708138465881
3900,83.01871681213379
3901,142.00280380249023
3902,2.675629675388336
3903,41.395379066467285
3904,63.90971374511719
3905,3.753359079360962
3906,7.7105278968811035
3907,221.2203598022461
3908,138.01165008544922
3909,3.311164677143097
3910,4.011249661445618
3911,230.16988372802734
3912,4.234991908073425
3913,22.127924919128418
3914,271.08373260498047
3915,6.9865642786026
3916,5.891982436180115
3917,3.6704612970352173
3918,-38.70605230331421
3919,5.0631794929504395
3920,36.03500461578369
3921,66.15971183776855
3922,7.4901357889175415
3923,2.7148281931877136
3924,369.9258346557617
3925,89.87294387817383
3926,2.177950531244278
3927,246.2942657470703
3928,3.494130790233612
3929,5.579666495323181
3930,6.230746269226074
3931,194.32040786743164
3932,4.002450585365295
3933,2.773322641849518
3934,6.6746509075164795
3935,218.55241012573242
3936,1.815620332956314
3937,3.0792247653007507
3938,2.9482038021087646
3939,302.1307945251465
3940,6.422183513641357
3941,6.233587026596069
3942,5.447272300720215
3943,3.1230356097221375
3944,7.312499523162842
3945,320.9824676513672
3946,196.84662628173828
3947,24.698397636413574
3948,139.7605037689209
3949,5.473230838775635
3950,238.1322250366211
3951,1.7579558193683624
3952,85.43413734436035
3953,141.09158897399902
3954,2.1585691571235657
3955,5.988889932632446
3956,161.70543670654297
3957,56.343088150024414
3958,73.76073455810547
3959,211.93245315551758
3960,6.012730956077576
3961,6.6444411277771
3962,108.15902519226074
3963,5.930089950561523
3964,123.1347484588623
3965,6.160787582397461
3966,3.3532254099845886
3967,3.5822418332099915
3968,169.2129249572754
3969,46.6429967880249
3970,2.5333991646766663
3971,3.604437828063965
3972,2.90425705909729
3973,3.3762726187705994
3974,27.481173515319824
3975,37.19882917404175
3976,3.536617159843445
3977,4.147819638252258
3978,3.557156562805176
3979,100.20413017272949
3980,248.99840927124023
3981,262.0637626647949
3982,5.543512940406799
3983,3.1055597066879272
3984,389.2767562866211
3985,235.17895889282227
3986,157.48315048217773
3987,93.56137084960938
3988,2.822969675064087
3989,-7.364849925041199
3990,85.95278549194336
3991,280.5816116333008
3992,5.796169281005859
3993,5.7443166971206665
3994,54.8269157409668
3995,128.16601753234863
3996,4.055167019367218
3997,103.57501029968262
3998,2.301489621400833
3999,276.15234375
4000,5.534177541732788
4001,4.262811779975891
4002,53.607728004455566
4003,168.98465728759766
4004,2.277316302061081
4005,312.69982528686523
4006,81.54291534423828
4007,6.87213671207428
4008,3.334356129169464
4009,5.655329942703247
4010,207.86999893188477
4011,3.548228442668915
4012,6.5186285972595215
4013,233.08909606933594
4014,5.924083709716797
4015,6.228242039680481
4016,65.27314472198486
4017,117.15721130371094
4018,114.81268692016602
4019,1.2393174767494202
4020,1.972191959619522
4021,114.10177803039551
4022,56.813191413879395
4023,3.8984702825546265
4024,110.54244613647461
4025,56.08829689025879
4026,52.37190055847168
4027,268.1459159851074
4028,102.44503784179688
4029,7.173635125160217
4030,2.3366051018238068
4031,102.65852355957031
4032,79.43638515472412
4033,3.100339651107788
4034,249.57703399658203
4035,134.29531288146973
4036,3.968432128429413
4037,3.844817876815796
4038,6.333271265029907
4039,5.893783688545227
4040,103.34408950805664
4041,325.8447570800781
4042,59.66850566864014
4043,253.74674606323242
4044,4.3984697461128235
4045,17.592190504074097
4046,5.877397418022156
4047,4.069885313510895
4048,270.91038513183594
4049,117.17282295227051
4050,283.9223442077637
4051,41.034451484680176
4052,2.6610098481178284
4053,4.211619079113007
4054,5.2951682806015015
4055,4.095712423324585
4056,260.3361015319824
4057,6.690121412277222
4058,278.6017951965332
4059,56.58484745025635
4060,242.16034317016602
4061,119.93532752990723
4062,3.795293092727661
4063,1.9648706316947937
4064,184.89807510375977
4065,1.9172250032424927
4066,88.93845176696777
4067,176.9456901550293
4068,181.5484161376953
4069,342.96446228027344
4070,2.7603349089622498
4071,2.882890820503235
4072,2.0139728784561157
4073,2.9300068616867065
4074,3.951847195625305
4075,-25.667893409729004
4076,17.628953456878662
4077,4.9941728711128235
4078,6.3341439962387085
4079,6.877843618392944
4080,264.4532470703125
4081,4.119037747383118
4082,104.97623443603516
4083,4.1626728773117065
4084,0.5642050746828318
4085,31.423716068267822
4086,2.573518991470337
4087,4.2579145431518555
4088,4.474043428897858
4089,75.83728408813477
4090,146.84460258483887
4091,4.23556923866272
4092,61.94342803955078
4093,16.20259189605713
4094,4.948992073535919
4095,6.77129065990448
4096,2.500359982252121
4097,2.5703046321868896
4098,2.668828785419464
4099,-42.463168144226074
4100,40.51152801513672
4101,6.401176452636719
4102,4.47714763879776
4103,53.018975257873535
4104,207.61497497558594
4105,5.839167237281799
4106,117.53782844543457
4107,86.4907283782959
4108,77.5374059677124
4109,249.64722061157227
4110,6.076422572135925
4111,70.38100051879883
4112,77.389235496521
4113,3.0167737007141113
4114,5.185518980026245
4115,75.34591293334961
4116,164.82008361816406
4117,99.28403091430664
4118,283.13189697265625
4119,264.5564308166504
4120,231.41175842285156
4121,88.29449272155762
4122,-20.515141487121582
4123,2.1023861467838287
4124,102.53796768188477
4125,2.4071269631385803
4126,75.00132179260254
4127,6.01871657371521
4128,1.4798482060432434
4129,6.338379383087158
4130,2.049399256706238
4131,63.71357440948486
4132,6.3903621435165405
4133,5.054580211639404
4134,111.93831634521484
4135,-10.002313613891602
4136,150.07261085510254
4137,353.5819549560547
4138,-4.634051144123077
4139,93.31904792785645
4140,70.72313976287842
4141,4.1107929944992065
4142,121.86978530883789
4143,287.7942695617676
4144,84.89861106872559
4145,191.57944869995117
4146,71.99188899993896
4147,72.88317489624023
4148,285.23685455322266
4149,36.24742269515991
4150,33.41975450515747
4151,57.151607513427734
4152,121.36205863952637
4153,4.102350831031799
4154,361.22169494628906
4155,156.47208786010742
4156,3.194053828716278
4157,-5.288446485996246
4158,4.048956990242004
4159,4.445392727851868
4160,174.57320022583008
4161,186.9939956665039
4162,6.129838466644287
4163,73.2495174407959
4164,165.35319137573242
4165,0.8278259336948395
4166,54.28901767730713
4167,120.47443962097168
4168,8.6204172372818
4169,2.364753305912018
4170,-8.544565677642822
4171,80.4141902923584
4172,4.658525884151459
4173,3.9392058849334717
4174,62.30616855621338
4175,136.72076225280762
4176,1.9727233052253723
4177,3.745752215385437
4178,19.85811424255371
4179,127.86363983154297
4180,179.08529663085938
4181,69.06355667114258
4182,34.615821838378906
4183,31.727224826812744
4184,188.13217544555664
4185,286.61496353149414
4186,2.7935884594917297
4187,84.13081359863281
4188,4.09463495016098
4189,4.21653550863266
4190,129.92147254943848
4191,2.100032299757004
4192,33.03443670272827
4193,50.67831230163574
4194,5.9101293087005615
4195,4.136523008346558
4196,122.08725166320801
4197,6.453052520751953
4198,2.956535518169403
4199,5.066341519355774
4200,276.8872413635254
4201,260.5273094177246
4202,176.81096649169922
4203,5.7909146547317505
4204,79.62389945983887
4205,4.951700687408447
4206,7.60268497467041
4207,133.04999351501465
4208,139.05318450927734
4209,231.63198852539062
4210,-56.15891647338867
4211,1.7134265899658203
4212,5.752195358276367
4213,-6.888967752456665
4214,6.960271835327148
4215,3.014455199241638
4216,1.5462203621864319
4217,2.95999538898468
4218,5.99500036239624
4219,51.672780990600586
4220,54.65403938293457
4221,2.1268506944179535
4222,107.73239707946777
4223,2.756714701652527
4224,6.592309474945068
4225,5.13372528553009
4226,297.1151924133301
4227,2.3490902185440063
4228,222.7021026611328
4229,115.32497024536133
4230,2.8540719747543335
4231,2.0970692336559296
4232,52.104031562805176
4233,3.0507386922836304
4234,-8.407280564308167
4235,66.88960838317871
4236,260.7622261047363
4237,158.98211097717285
4238,2.897839844226837
4239,47.545273780822754
4240,6.9620256423950195
4241,42.05236053466797
4242,229.90372848510742
4243,-61.056182861328125
4244,336.33077239990234
4245,5.097287058830261
4246,1.970316082239151
4247,3.832929849624634
4248,4.084155321121216
4249,-36.645883083343506
4250,4.453540742397308
4251,294.81621170043945
4252,6.5172752141952515
4253,6.071143388748169
4254,5.415663838386536
4255,-63.01797103881836
4256,3.699461817741394
4257,102.98990821838379
4258,2.40275502204895
4259,1.5887942016124725
4260,86.17234992980957
4261,2.298207640647888
4262,268.4723777770996
4263,85.6132698059082
4264,2.360210031270981
4265,34.209481716156006
4266,4.294064462184906
4267,5.81738007068634
4268,5.9697026014328
4269,193.5039939880371
4270,197.66337203979492
4271,158.26662063598633
4272,4.9704702496528625
4273,8.06071925163269
4274,94.08207893371582
4275,6.569178342819214
4276,302.42816162109375
4277,238.70815658569336
4278,378.4202194213867
4279,317.76197814941406
4280,121.97164154052734
4281,43.37510299682617
4282,15.649065256118774
4283,6.469638109207153
4284,4.436201572418213
4285,101.21975898742676
4286,294.9875602722168
4287,1.7943419814109802
4288,179.2329330444336
4289,219.0625457763672
4290,193.07142639160156
4291,3.0458287596702576
4292,5.022729158401489
4293,-2.0808641016483307
4294,-52.75990676879883
4295,0.7060646712779999
4296,5.542781233787537
4297,6.438111186027527
4298,6.018015742301941
4299,73.1473217010498
4300,41.01239013671875
4301,-27.171428680419922
4302,91.04714012145996
4303,1.8858128786087036
4304,-58.773054122924805
4305,4.170890152454376
4306,284.3867874145508
4307,2.9131925106048584
4308,41.11424160003662
4309,4.867833435535431
4310,2.8273863196372986
4311,14.463567972183228
4312,262.7288284301758
4313,3.261460065841675
4314,2.7593114376068115
4315,230.48662185668945
4316,1.2750532925128937
4317,198.65034866333008
4318,6.088400840759277
4319,41.73090171813965
4320,127.24168968200684
4321,4.90777313709259
4322,317.6794548034668
4323,86.66607093811035
4324,3.407811760902405
4325,6.864956974983215
4326,3.7197660207748413
4327,122.56373405456543
4328,150.97765159606934
4329,200.30415725708008
4330,11.869868993759155
4331,2.990923285484314
4332,2.252038300037384
4333,281.1909408569336
4334,3.3904802799224854
4335,3.2818612456321716
4336,2.0932605862617493
4337,5.957625865936279
4338,2.4513873755931854
4339,5.0908931493759155
4340,-13.137653350830078
4341,71.86174011230469
4342,175.77002716064453
4343,172.99514389038086
4344,143.54066276550293
4345,5.9196449518203735
4346,4.690221846103668
4347,196.81528854370117
4348,5.614222764968872
4349,131.73235511779785
4350,-45.90666389465332
4351,123.47044372558594
4352,168.96573638916016
4353,4.953926742076874
4354,104.43754196166992
4355,142.11635398864746
4356,1.9088187515735626
4357,5.050975918769836
4358,298.8071594238281
4359,219.72086715698242
4360,3.2773075103759766
4361,4.076033174991608
4362,0.7532572448253632
4363,3.6064738631248474
4364,4.545308709144592
4365,1.6528433859348297
4366,3.2862886786460876
4367,253.04962539672852
4368,-14.751344919204712
4369,80.39117050170898
4370,6.5062079429626465
4371,200.42436981201172
4372,68.89205169677734
4373,337.99635314941406
4374,6.586801528930664
4375,227.17907333374023
4376,284.07170486450195
4377,5.276623487472534
4378,5.690322995185852
4379,176.13300704956055
4380,3.0724008083343506
4381,2.3124143183231354
4382,6.662523031234741
4383,23.688032627105713
4384,5.044938325881958
4385,196.3128662109375
4386,20.31355929374695
4387,310.87812423706055
4388,94.47616577148438
4389,6.653579235076904
4390,4.291661977767944
4391,3.7900899052619934
4392,2.4824799299240112
4393,108.39949798583984
4394,96.73234558105469
4395,3.0441672801971436
4396,-3.8962934613227844
4397,2.6175061464309692
4398,6.356387972831726
4399,3.0670496821403503
4400,235.14589309692383
4401,6.773047089576721
4402,232.59402084350586
4403,270.3329963684082
4404,246.5847053527832
4405,344.0648498535156
4406,26.720150470733643
4407,82.10180473327637
4408,6.573611617088318
4409,105.67648696899414
4410,-93.71935081481934
4411,2.6377806067466736
4412,280.608097076416
4413,221.91302108764648
4414,4.04936420917511
4415,194.39672470092773
4416,53.87847709655762
4417,2.7114402055740356
4418,228.50894165039062
4419,272.10413360595703
4420,343.48094940185547
4421,341.28826904296875
4422,4.257602155208588
4423,2.325293153524399
4424,67.43127346038818
4425,177.75051879882812
4426,5.539215326309204
4427,220.213134765625
4428,6.180739641189575
4429,5.172983288764954
4430,5.319212794303894
4431,178.79495239257812
4432,3.9405081272125244
4433,3.8389679193496704
4434,121.23744583129883
4435,5.724857807159424
4436,6.248666286468506
4437,14.752472877502441
4438,102.45853424072266
4439,7.34191107749939
4440,272.5414161682129
4441,1.6683730781078339
4442,269.08617401123047
4443,6.395774006843567
4444,279.1761474609375
4445,3.877294361591339
4446,3.8739607334136963
4447,104.99216842651367
4448,5.054170727729797
4449,-19.7306125164032
4450,90.1927661895752
4451,115.791015625
4452,272.9467658996582
4453,264.50399017333984
4454,5.061638712882996
4455,5.518847703933716
4456,200.21990203857422
4457,4.262109160423279
4458,6.964802980422974
4459,83.78434181213379
4460,0.42598719894886017
4461,79.21897506713867
4462,169.9004669189453
4463,44.677968978881836
4464,4.024114549160004
4465,128.67233657836914
4466,4.447892487049103
4467,-1.2287668883800507
4468,1.7994410395622253
4469,2.079647958278656
4470,4.755941331386566
4471,2.6778265833854675
4472,247.67559432983398
4473,3.7421635389328003
4474,243.17339706420898
4475,4.560383200645447
4476,85.69385147094727
4477,5.779508352279663
4478,4.082430124282837
4479,121.88601493835449
4480,296.1108055114746
4481,3.6149033904075623
4482,223.51602172851562
4483,63.4646635055542
4484,319.6165962219238
4485,227.4293670654297
4486,2.4484225809574127
4487,106.3736343383789
4488,59.46903324127197
4489,-32.87886905670166
4490,88.35495376586914
4491,5.57947850227356
4492,266.4043197631836
4493,302.73533630371094
4494,8.994550108909607
4495,2.67572283744812
4496,86.5438003540039
4497,6.7158894538879395
4498,228.14081573486328
4499,313.31225204467773
4500,156.6354694366455
4501,6.042972564697266
4502,5.84525191783905
4503,191.380615234375
4504,4.004395961761475
4505,73.7913064956665
4506,2.622444212436676
4507,-6.2690669298172
4508,162.24039840698242
4509,57.14895057678223
4510,2.170915901660919
4511,260.13727951049805
4512,64.55495166778564
4513,113.21606063842773
4514,2.9092965126037598
4515,3.0623812675476074
4516,3.2137169241905212
4517,4.873877108097076
4518,14.025524139404297
4519,106.56070709228516
4520,57.4088191986084
4521,2.6133666038513184
4522,80.92572021484375
4523,6.69585657119751
4524,209.46942901611328
4525,16.045315265655518
4526,2.1984341740608215
4527,108.02376747131348
4528,113.04089546203613
4529,105.73171997070312
4530,198.86825942993164
4531,4.034961700439453
4532,4.330346703529358
4533,4.680422127246857
4534,56.38851451873779
4535,5.9958308935165405
4536,2.1216899752616882
4537,1.8888173401355743
4538,6.28091561794281
4539,296.2750663757324
4540,199.79776000976562
4541,3.309356451034546
4542,2.8153419494628906
4543,218.2419891357422
4544,34.04411602020264
4545,5.246272087097168
4546,26.92855930328369
4547,5.779121279716492
4548,188.7147445678711
4549,4.57011753320694
4550,228.56529998779297
4551,29.605332851409912
4552,97.50076293945312
4553,124.46613502502441
4554,4.807766497135162
4555,186.99327087402344
4556,283.77485275268555
4557,4.991953253746033
4558,4.513956606388092
4559,69.30946826934814
4560,7.329904556274414
4561,5.250468015670776
4562,192.07625579833984
4563,40.575401306152344
4564,257.6549186706543
4565,48.384764671325684
4566,222.49144744873047
4567,290.9742774963379
4568,137.96253204345703
4569,5.035169959068298
4570,179.8630714416504
4571,272.1569366455078
4572,5.349598526954651
4573,3.1286733150482178
4574,1.5248368084430695
4575,5.7925578355789185
4576,160.69458389282227
4577,263.97045135498047
4578,59.775052070617676
4579,8.081353068351746
4580,0.6385253742337227
4581,373.93604278564453
4582,33.18774175643921
4583,1.4577431380748749
4584,291.4211311340332
4585,38.030232429504395
4586,5.948530793190002
4587,3.7831981778144836
4588,1.4908956289291382
4589,4.018030822277069
4590,3.175038516521454
4591,60.8631067276001
4592,5.479994773864746
4593,111.15947914123535
4594,-14.915332078933716
4595,2.5816484689712524
4596,64.3520917892456
4597,136.48735237121582
4598,4.190946817398071
4599,-40.12670373916626
4600,77.13577175140381
4601,6.898274302482605
4602,5.518612265586853
4603,5.670348882675171
4604,74.67535781860352
4605,1.8524434864521027
4606,135.65326690673828
4607,29.490256786346436
4608,4.3991579413414
4609,210.78412628173828
4610,125.69553565979004
4611,91.33392333984375
4612,2.6681092977523804
4613,-77.27604103088379
4614,75.59518337249756
4615,-43.55469036102295
4616,4.516471982002258
4617,4.56796270608902
4618,3.8668631315231323
4619,6.18538761138916
4620,6.693333983421326
4621,99.77823448181152
4622,3.992269515991211
4623,6.011459708213806
4624,1.2118392437696457
4625,86.9185848236084
4626,51.348026275634766
4627,5.547519087791443
4628,6.140726208686829
4629,67.38023948669434
4630,5.5571582317352295
4631,-4.829632520675659
4632,6.578343391418457
4633,226.8187484741211
4634,5.876739263534546
4635,6.119466066360474
4636,70.75271415710449
4637,6.91950798034668
4638,418.37545013427734
4639,288.9490394592285
4640,2.0629175305366516
4641,202.58191299438477
4642,164.52219772338867
4643,48.57399272918701
4644,37.568663120269775
4645,5.839389801025391
4646,61.975101470947266
4647,20.10075879096985
4648,193.34802627563477
4649,113.33855819702148
4650,130.84990119934082
4651,56.58908462524414
4652,4.771132409572601
4653,264.43898010253906
4654,2.052981436252594
4655,5.98758602142334
4656,3.2128027081489563
4657,3.06901478767395
4658,6.561257004737854
4659,67.76921272277832
4660,1.952747642993927
4661,2.397424340248108
4662,3.854106366634369
4663,111.19719123840332
4664,5.930174350738525
4665,166.43909454345703
4666,249.34479141235352
4667,1.8663076758384705
4668,116.4553337097168
4669,272.26237869262695
4670,14.985025405883789
4671,2.0210078954696655
4672,0.8397246897220612
4673,69.87279987335205
4674,296.5580863952637
4675,1.802882969379425
4676,137.93092918395996
4677,49.3767728805542
4678,5.59112811088562
4679,70.39634704589844
4680,4.268389582633972
4681,1.7228886783123016
4682,198.508056640625
4683,145.2365207672119
4684,87.84126853942871
4685,251.78645706176758
4686,3.7838085293769836
4687,218.43737411499023
4688,343.67796325683594
4689,106.61236190795898
4690,6.57605242729187
4691,6.790440320968628
4692,4.353217720985413
4693,79.2173318862915
4694,4.543689668178558
4695,381.98499298095703
4696,4.64127117395401
4697,2.648592948913574
4698,4.655381619930267
4699,3.4875494241714478
4700,94.86108207702637
4701,5.916593074798584
4702,1.9332565665245056
4703,3.5983203053474426
4704,5.135138511657715
4705,278.09414291381836
4706,3.357914090156555
4707,4.931067526340485
4708,3.040190815925598
4709,81.14520645141602
4710,161.9959487915039
4711,6.3586413860321045
4712,236.43223571777344
4713,3.736789107322693
4714,5.76897656917572
4715,79.64910507202148
4716,36.93414115905762
4717,7.0972946882247925
4718,6.013974666595459
4719,187.85468292236328
4720,161.27396392822266
4721,6.0879082679748535
4722,3.8650044202804565
4723,6.512914299964905
4724,74.16698169708252
4725,174.63376235961914
4726,3.5429545044898987
4727,283.04511642456055
4728,252.0582275390625
4729,3.8408910632133484
4730,187.5255470275879
4731,89.74419403076172
4732,-26.18050193786621
4733,5.5301865339279175
4734,6.2691158056259155
4735,5.668362617492676
4736,3.0597504377365112
4737,73.36405849456787
4738,-12.200899839401245
4739,153.23852920532227
4740,301.3359603881836
4741,4.753616809844971
4742,85.77524185180664
4743,5.908849596977234
4744,249.14013671875
4745,63.61211013793945
4746,4.154417812824249
4747,3.0256857872009277
4748,3.124483585357666
4749,5.860630631446838
4750,5.72077488899231
4751,3.8913393020629883
4752,98.17501831054688
4753,145.597562789917
4754,146.98353576660156
4755,4.191878914833069
4756,1.9998645782470703
4757,3.40043705701828
4758,61.58760356903076
4759,97.44613647460938
4760,4.619581699371338
4761,3.038396656513214
4762,180.18639755249023
4763,209.64136505126953
4764,2.486883044242859
4765,351.4419631958008
4766,29.016011238098145
4767,32.672656536102295
4768,24.625733375549316
4769,-40.35933208465576
4770,34.51983833312988
4771,30.266538619995117
4772,4.108390390872955
4773,4.248074173927307
4774,157.75201225280762
4775,2.197079688310623
4776,2.7041209936141968
4777,166.01189041137695
4778,5.164196610450745
4779,21.967531204223633
4780,1.942960262298584
4781,59.68035697937012
4782,4.737648963928223
4783,3.99114066362381
4784,2.6191394329071045
4785,30.119729042053223
4786,67.66772651672363
4787,5.598963499069214
4788,3.6400997042655945
4789,3.336213707923889
4790,129.5036563873291
4791,213.57651901245117
4792,4.512429416179657
4793,171.1658172607422
4794,66.03090381622314
4795,240.86438369750977
4796,3.151936650276184
4797,155.60412979125977
4798,5.9241509437561035
4799,4.029190361499786
4800,342.1419906616211
4801,3.5991616249084473
4802,4.828969955444336
4803,262.9198684692383
4804,1.9120325148105621
4805,250.91045761108398
4806,4.5417121052742
4807,2.995163142681122
4808,62.26245403289795
4809,89.33944320678711
4810,1.6602531671524048
4811,2.1263926029205322
4812,5.298095941543579
4813,262.47826385498047
4814,233.04111862182617
4815,2.9534400701522827
4816,2.7428850531578064
4817,6.100354433059692
4818,1.7247285842895508
4819,90.39494514465332
4820,2.3206393122673035
4821,186.36734771728516
4822,109.12826919555664
4823,5.010626435279846
4824,3.0636762380599976
4825,251.69189453125
4826,4.72938460111618
4827,5.529148459434509
4828,215.45336151123047
4829,121.80171966552734
4830,103.48637008666992
4831,190.03219985961914
4832,6.9298330545425415
4833,3.522230625152588
4834,109.43323135375977
4835,3.7348260283470154
4836,6.582245349884033
4837,198.3656997680664
4838,32.5112361907959
4839,312.9135856628418
4840,3.441603124141693
4841,144.88626670837402
4842,25.142346382141113
4843,2.1453308165073395
4844,4.286886632442474
4845,4.714442610740662
4846,7.251110672950745
4847,3.868889570236206
4848,2.265329658985138
4849,4.981294333934784
4850,6.781956076622009
4851,5.540864825248718
4852,105.12364196777344
4853,282.0325126647949
4854,2.869102358818054
4855,3.330707311630249
4856,153.8507843017578
4857,236.03589630126953
4858,313.8680229187012
4859,137.27070808410645
4860,251.38840103149414
4861,5.76151841878891
4862,120.24427032470703
4863,7.044224858283997
4864,5.9133734703063965
4865,1.866538643836975
4866,0.9426769465208054
4867,3.478331506252289
4868,72.58959102630615
4869,0.9788012951612473
4870,108.22985076904297
4871,6.6208274364471436
4872,2.314877599477768
4873,310.3765411376953
4874,-3.22087424993515
4875,3.4233771562576294
4876,205.25130462646484
4877,6.285243511199951
4878,84.42442512512207
4879,72.18391704559326
4880,5.893344879150391
4881,6.2405513525009155
4882,13.401811122894287
4883,1.8169119954109192
4884,99.62302589416504
4885,-64.38568592071533
4886,243.47898864746094
4887,5.320844650268555
4888,286.39476013183594
4889,40.51381874084473
4890,221.21708297729492
4891,131.44652366638184
4892,1.887626737356186
4893,5.819468855857849
4894,91.58465576171875
4895,6.577370643615723
4896,5.8399070501327515
4897,6.330210566520691
4898,-10.126306772232056
4899,208.51185607910156
4900,2.411287546157837
4901,264.6054992675781
4902,4.313870429992676
4903,145.1887912750244
4904,395.6596984863281
4905,83.68378448486328
4906,157.7838020324707
4907,185.36177444458008
4908,4.680276811122894
4909,151.81438827514648
4910,176.96783065795898
4911,87.78803825378418
4912,5.399866104125977
4913,234.70330810546875
4914,197.02936935424805
4915,3.8988007307052612
4916,4.727145493030548
4917,6.366267204284668
4918,2.8548359870910645
4919,32.813632011413574
4920,2.030264288187027
4921,-3.0535843074321747
4922,175.1586456298828
4923,228.19051361083984
4924,5.862651228904724
4925,2.4971439838409424
4926,1.145355835556984
4927,5.89362895488739
4928,2.7338958978652954
4929,80.91922569274902
4930,98.05341911315918
4931,-11.33378267288208
4932,5.696101784706116
4933,282.0190658569336
4934,-65.75428295135498
4935,67.04097366333008
4936,251.51483535766602
4937,30.59134864807129
4938,71.85225772857666
4939,56.751359939575195
4940,3.8696085810661316
