row_id,target_type,gnn_oof
0,egc,5.103146039304368
1,egc,4.743844510907094
2,egc,4.957976996822485
3,tg,83.00744387241264
4,egc,4.6408186408720065
5,tg,146.52500122910342
6,egb,0.569022862906412
7,egc,4.169798501216357
8,egc,2.980327509114961
9,egc,4.243709690101233
10,egc,3.2340223299235475
11,egc,1.8533323420890944
12,egc,3.785406050283964
13,tg,68.80426408565498
14,egc,5.579619796192299
15,egc,5.30720268378904
16,egb,4.906872696463688
17,tg,76.99857309984615
18,tg,67.575223734054
19,tg,120.45705312807719
20,tg,65.81366404432119
21,egc,5.1408192503203285
22,egc,4.999695125743911
23,tg,68.1654060586332
24,tg,68.91051823424677
25,tg,104.50723501421258
26,tg,48.744334038226256
27,tg,51.18736006525525
28,tg,151.65672169941215
29,tg,86.98938946241097
30,tg,41.35953739754966
31,tg,151.8719710531862
32,tg,143.1635525701195
33,tg,158.15095295570993
34,tg,145.99217055506585
35,tg,149.60498759732667
36,tg,157.31750429739031
37,tg,147.3086889801915
38,tg,115.75236602597933
39,tg,157.1860701461455
40,tg,93.08324924703119
41,tg,47.66908549518439
42,tg,59.314921262496426
43,tg,146.85911505498282
44,tg,94.31034842332434
45,tg,83.06533446735506
46,tg,63.5544481347992
47,tg,181.91561282658404
48,tg,114.24999388421605
49,tg,88.83494318991913
50,tg,148.19845773483763
51,tg,135.04548142779092
52,tg,141.17094221328716
53,tg,117.35204079937884
54,tg,133.47440078447025
55,tg,206.22332868313612
56,tg,75.41637540731698
57,tg,76.40534082143323
58,tg,79.08857184794414
59,tg,65.95011858865692
60,tg,42.44092486685817
61,tg,128.5633264279308
62,egc,5.43402013703126
63,egc,3.619754207166405
64,egc,2.7621109413287113
65,egb,1.4050877786507354
66,eps,6.59501619394016
67,nc,2.153423747556346
68,egc,3.768083660144408
69,egc,4.063540587549164
70,egc,3.4313478664801953
71,egc,3.292265969779376
72,egc,3.600246346246799
73,egb,5.285150414456559
74,eea,2.125292501350837
75,egb,5.47090498361314
76,ei,7.9102149699868365
77,nc,1.5959380292876058
78,egb,5.454179571728376
79,ei,7.829144682297141
80,egc,4.116664123117862
81,egc,4.051691291470741
82,egc,3.54165939077071
83,egc,3.7033301093154556
84,egc,3.8663472176919575
85,egc,3.405279527271767
86,egc,3.4916027021435774
87,egc,4.1138291754558685
88,egc,5.3749006824839425
89,egc,5.465303639602726
90,egc,5.709479653948995
91,tg,85.07996228809034
92,egb,5.745085030130178
93,ei,7.646295281635719
94,nc,1.6821276253166437
95,egc,5.677185833234487
96,egc,6.619265019468445
97,egc,5.662161638796851
98,egc,5.602735041551963
99,egc,6.00935393081079
100,egc,4.4013308639713316
101,egc,2.684097630846675
102,egc,4.099035992332002
103,eps,4.553632978645258
104,nc,2.04461990037567
105,egb,6.62016128300934
106,ei,7.599526295066102
107,eps,3.5518852285824547
108,egc,5.193523011739669
109,egc,4.40702024780793
110,egc,4.285884607325467
111,egc,5.320802066994047
112,egc,5.845101942413304
113,egc,4.377531721371117
114,egc,4.0774952972802865
115,egc,4.256760824525778
116,egc,4.43657581566283
117,egc,4.072599895076223
118,egc,4.278857035657023
119,egc,4.136833752235519
120,egc,3.3045134484176435
121,egc,3.851762566326545
122,egc,3.8541715240785637
123,egc,3.3451624665128943
124,egc,3.6475543600999045
125,egc,2.2016256182280123
126,egc,2.6339782237928624
127,egc,2.040036779477263
128,egc,2.5929166287447583
129,egc,3.510974844500532
130,egc,3.0988204698991875
131,egc,4.0438305041018054
132,egc,3.581588595745453
133,egc,3.122365023356825
134,egc,3.864241710569173
135,egc,3.8028007395338586
136,egc,2.928634813599339
137,egc,2.7471475024459817
138,egc,2.9523156464401348
139,egc,1.5166074844247648
140,egc,3.0045896324110792
141,egc,2.760265654921093
142,egc,1.8081520812388772
143,egc,3.5552611574628723
144,egc,3.628080054940624
145,egc,1.7226282625294593
146,egc,3.116869823620714
147,egc,2.419300059524332
148,egc,1.6594331384188856
149,egc,3.141164754916482
150,egc,2.7683762410907757
151,egc,2.8763068953896553
152,egc,3.2485929140412475
153,egc,3.0087511075118796
154,egc,2.220657809887747
155,egc,3.1416779056802255
156,egc,3.211041307605183
157,egc,3.990749403951458
158,egc,4.038749937660406
159,egc,4.523659914427145
160,egc,4.166543101746894
161,egc,4.702348326701244
162,egc,4.915015341897263
163,egc,6.158064180912926
164,egc,6.391369250554927
165,egc,5.856352936481031
166,egc,6.118245737988281
167,egc,6.287866461097589
168,egc,3.690166156498954
169,egc,5.993797050361756
170,egb,7.346895342272517
171,egc,5.990206023186481
172,egc,6.052973989011024
173,egc,5.49497637220851
174,egc,1.744191997956996
175,eea,2.8771891391965236
176,egb,2.9525468411693367
177,ei,5.989805891380459
178,eps,5.370345580774597
179,nc,2.0334648725185565
180,eea,3.378439277198968
181,egb,2.6032015654679492
182,ei,6.624573096263378
183,eps,4.949041109481385
184,egc,4.5172110700890515
185,egc,2.7703746314967574
186,egc,1.9020624098073355
187,egc,3.137049827917748
188,egc,2.8799660622565106
189,egc,5.884752886946579
190,egc,6.455866973762683
191,egb,2.734348966232575
192,ei,5.558362648723129
193,eps,4.656532718155303
194,ei,5.529688420149304
195,nc,2.1524340353445894
196,eea,3.228010076315413
197,ei,5.2119307041363
198,eps,5.1151181989839465
199,nc,2.182605109075248
200,eea,2.515300681736763
201,ei,5.777158532761945
202,nc,2.494157846495509
203,ei,5.458249376405043
204,eps,5.575473925640676
205,nc,2.202426717848955
206,ei,6.30956409378367
207,eps,5.129083534117707
208,nc,2.280035383967177
209,egb,1.7238861420249147
210,eps,5.467535593835181
211,ei,6.027578832882629
212,eps,6.388412868366157
213,nc,2.411146578474414
214,eea,2.659490356483138
215,egb,2.1333736255416613
216,ei,6.137514626548392
217,eps,6.637308755273151
218,eea,3.9439100101845685
219,egb,1.9914592386649383
220,ei,5.802255363695145
221,nc,2.1553285720377406
222,eea,3.7680882806321367
223,ei,6.581908202822608
224,egc,4.247090689996703
225,egc,3.857081154338049
226,egb,4.195964087739528
227,egc,4.274528108899894
228,eea,3.2294370173377738
229,egb,2.3978936230703334
230,ei,6.0737793078747835
231,eps,4.874459120788868
232,nc,2.2111241785948614
233,ei,5.779964205113812
234,egb,2.1464752512554393
235,nc,2.250647665761135
236,eea,2.600327572200477
237,ei,5.993831532532921
238,eea,2.9044765568500956
239,eps,5.735055492232577
240,eea,3.9260515690937283
241,ei,5.976809794110683
242,eps,5.614446997897704
243,nc,2.280817448446896
244,egc,4.208813335089767
245,egc,4.180871247832998
246,eea,2.5618329955248456
247,egb,1.9147800789609497
248,nc,2.161974057250138
249,eea,2.6935195639801837
250,ei,6.250647221229104
251,eps,5.56912374897219
252,nc,2.1140089747902944
253,nc,2.1011382254465185
254,ei,5.537701568677323
255,nc,2.131401019497282
256,eea,2.3393930638367104
257,egb,2.2974963364935785
258,egc,2.492814654840798
259,egc,2.7807466328901222
260,egc,2.913285156327577
261,egc,1.9205141522425082
262,egc,2.491051061287007
263,egc,3.0501349874112385
264,egc,1.844211344306284
265,egc,3.6865197950336714
266,egc,2.865036833424697
267,egc,1.9311876881283752
268,egc,3.292665834800741
269,egc,2.8607906744273666
270,egc,2.2001654285684125
271,egc,3.359363002566175
272,egc,2.9724534957290727
273,egc,1.8660816616108842
274,egc,3.280232911514884
275,egc,2.8581839807116505
276,egc,1.9359213870863043
277,egc,2.9976068562806186
278,egc,3.184397660026838
279,egc,1.8946732257495968
280,egc,2.931961600845817
281,egc,3.2035435113092894
282,egc,1.3148126757791556
283,egc,3.1684643755476416
284,egc,3.1071405225281694
285,egc,1.858324953181007
286,egc,3.3799550229955555
287,egc,3.0202309163463896
288,egc,2.3991581910217623
289,egc,2.2138234642514254
290,egc,2.52432659829871
291,egc,1.6355670478706688
292,egc,3.884709696196461
293,egc,4.252706092261444
294,egc,4.38430694717901
295,egc,3.167298710124209
296,egc,2.885466963667774
297,eea,3.2737012914215136
298,ei,7.386140351969855
299,ei,6.342088554377401
300,eps,5.22621570863329
301,nc,2.261694238830316
302,ei,7.516461816804114
303,eps,3.2970030196643676
304,nc,1.8159511788555263
305,ei,7.708505514484436
306,eps,2.8261340126341548
307,nc,1.65759229935762
308,eea,2.7944395932831108
309,eps,4.061332708145823
310,nc,1.9221008833062632
311,eea,2.9048614871087755
312,eps,4.3284387544739
313,eea,1.477239693181116
314,egb,6.75362162335106
315,ei,7.63197433207584
316,eps,3.685925371950116
317,nc,1.840977431653349
318,eea,3.3485161464420754
319,egb,2.488543588820712
320,eps,5.286657901056589
321,nc,2.1598889776414865
322,egb,2.807844944612611
323,ei,5.725735852344292
324,eps,5.1278645558085145
325,nc,2.1077489647114587
326,egb,2.322299936335322
327,nc,2.291833681960987
328,eea,2.2768169353971173
329,egb,2.4273852537671186
330,eps,5.234047386702484
331,eps,5.4127140429716025
332,eea,2.4006353987012474
333,egb,2.3374898356107767
334,eea,3.820750541148084
335,egb,1.8075027052411934
336,ei,6.214982567371084
337,nc,2.2804688382583946
338,egb,1.6897267652786785
339,eps,5.606084078987331
340,nc,2.295835977275429
341,egb,5.63916331827248
342,ei,7.159180344597238
343,nc,1.8718672595479136
344,eea,2.3077895917356592
345,egb,5.651689185725226
346,eps,4.611541062759628
347,nc,1.8865294143771896
348,egc,3.9308333973442817
349,egc,2.9167558875041393
350,egb,1.82139166445572
351,egb,6.471385914446044
352,tg,122.65143150623268
353,tg,-2.2173055512101314
354,tg,66.30454403405757
355,tg,47.954474032484754
356,tg,5.149536030756508
357,tg,79.98175960734099
358,tg,50.08950674710444
359,tg,127.95264633259691
360,tg,55.87605604480051
361,tg,195.73951882338085
362,tg,97.41134183631
363,tg,41.200471575005125
364,tg,44.53518314536362
365,tg,16.566989434129823
366,tg,44.71896074737133
367,tg,24.732762846140886
368,tg,129.35022102013673
369,tg,66.93161194103548
370,tg,60.614422701066744
371,tg,32.8947644602339
372,tg,59.22032717195134
373,tg,58.94094099582058
374,tg,8.508660237984685
375,tg,123.84076880742116
376,tg,94.85066822973671
377,tg,6.599207051264642
378,tg,98.21981046229726
379,tg,74.67317514306187
380,tg,-13.814413591280697
381,tg,80.84304315883094
382,tg,70.35539647015901
383,tg,65.07664172493187
384,tg,91.23445372424344
385,tg,127.73031835462665
386,tg,87.06696494062575
387,tg,46.355023616030365
388,tg,120.63275875738526
389,tg,72.7364804710336
390,tg,24.036215820272304
391,tg,46.36660563687876
392,tg,20.55882623901327
393,tg,62.58371741268684
394,tg,64.49967369926561
395,tg,123.22805324183146
396,tg,236.50623575808632
397,tg,95.37420678696364
398,tg,64.74298718048
399,tg,68.51691161219728
400,tg,59.80267976430062
401,tg,68.35283189966165
402,tg,102.30284023649969
403,tg,199.2784862572022
404,tg,93.45796761554101
405,tg,51.745261002135706
406,tg,211.74325088662425
407,tg,145.84306829439237
408,tg,52.12580939966888
409,tg,119.02555176857437
410,tg,70.9983969717908
411,tg,61.95834031167219
412,tg,105.83697261557606
413,tg,69.56889856704447
414,tg,54.122521180293376
415,tg,135.63999156532608
416,tg,67.34491645255707
417,tg,62.78872113263344
418,tg,34.079668273093674
419,tg,47.426643429351074
420,tg,55.9288612156534
421,tg,74.77412276216894
422,tg,101.68858018469354
423,tg,16.580398826038518
424,tg,46.02279975354742
425,tg,19.64302069830775
426,tg,47.486940171241216
427,tg,46.16872931437733
428,tg,20.857123429533218
429,tg,58.25448678093274
430,tg,59.50093593085555
431,tg,34.40441357073908
432,tg,54.86042792126348
433,tg,43.24609316966712
434,tg,115.47298635294842
435,tg,66.94334353318062
436,tg,52.11215288996554
437,tg,48.5948667910732
438,tg,66.01870678286694
439,tg,56.832128779831294
440,tg,63.56111381215439
441,tg,63.763561813856526
442,tg,79.16905421179578
443,tg,106.56913061627105
444,tg,30.270061332451547
445,tg,116.85262549107787
446,tg,64.92134119720554
447,tg,60.22341731896074
448,tg,115.99705816436376
449,tg,38.78682655313787
450,tg,10.735529728809354
451,tg,20.833829325839247
452,tg,-18.951706405280873
453,tg,28.610288161707587
454,tg,33.41075942162469
455,tg,49.08786679136354
456,tg,59.90964275077701
457,tg,111.6121349854195
458,tg,66.5724652451374
459,tg,54.8857770045128
460,tg,23.381158571502425
461,tg,81.39084478163078
462,tg,96.87946955661411
463,tg,35.70608704466221
464,tg,-99.05631819233079
465,tg,35.940465266670714
466,tg,26.589957122396186
467,tg,-33.980578278001644
468,tg,15.489347750339931
469,tg,0.12429162732226473
470,tg,-33.49920582025871
471,tg,14.073362787100052
472,tg,74.58279506122524
473,tg,30.40613219389563
474,tg,111.4664492908343
475,tg,57.37777787657791
476,tg,45.73555783278731
477,tg,112.95691425675624
478,tg,93.57345291438227
479,tg,59.74564107543969
480,tg,149.56003939043435
481,tg,111.65970190933618
482,tg,48.619246912443586
483,tg,86.48881335078522
484,tg,47.47182696716952
485,tg,52.80082466190521
486,tg,92.47483548199804
487,tg,22.284189674932392
488,tg,2.4661619360487066
489,tg,110.65562979424811
490,tg,126.15957099517372
491,tg,127.46257923034287
492,tg,159.38528845637086
493,tg,84.10221472123041
494,tg,91.86834663452308
495,tg,155.98324541585004
496,tg,192.2188185970627
497,tg,42.8936186542241
498,tg,128.04915721182536
499,tg,79.34506711257217
500,tg,102.06317174275611
501,tg,162.4562050325099
502,tg,108.47857079679139
503,tg,48.370828497840094
504,tg,94.23041882296069
505,tg,60.72899431437786
506,tg,104.76172082098427
507,tg,104.55621636234854
508,tg,46.3961297102374
509,tg,75.23390492838087
510,tg,113.62093928023131
511,tg,60.66681817662854
512,tg,48.37082199474024
513,tg,84.83060092400734
514,tg,83.42431858575668
515,tg,76.33884012227784
516,tg,115.72320937776271
517,tg,55.89254790604225
518,tg,120.47848084211171
519,tg,101.83605098018997
520,tg,107.57249714502446
521,tg,113.12326680269248
522,tg,123.34592192677094
523,tg,73.05493076801575
524,tg,59.65431154102369
525,tg,94.22217289233981
526,tg,64.91924069595116
527,tg,59.39329662199384
528,tg,60.454303376345095
529,tg,115.52311224665951
530,tg,30.761682675571834
531,tg,81.18394865962529
532,tg,109.17619733723652
533,tg,93.77212261506646
534,tg,110.82095485040668
535,tg,84.30730298147519
536,tg,96.57169084650013
537,tg,155.10290290444914
538,tg,58.260359080105175
539,tg,20.435852620684685
540,tg,60.446096464323375
541,tg,40.94495827845576
542,tg,18.578021040643236
543,tg,-34.4973536113755
544,tg,64.7590433340312
545,tg,73.39437307134189
546,tg,46.54085619759344
547,tg,61.268881664649626
548,tg,103.92726255641159
549,tg,169.96911924350334
550,tg,37.72840803253038
551,tg,81.0946155768659
552,tg,134.62423012824195
553,tg,67.84379525511969
554,tg,157.5351256568378
555,tg,170.99863148523877
556,tg,50.00506399543883
557,tg,82.28771329554769
558,tg,93.52792796382121
559,tg,76.82360719814703
560,tg,92.10818420886298
561,tg,95.48476273611197
562,tg,22.02056701285919
563,tg,87.55053544612093
564,tg,182.37620137717846
565,tg,135.33635451693465
566,tg,118.85655246099563
567,tg,169.3664412125456
568,tg,105.42790812516236
569,tg,97.88613640854581
570,tg,59.78388580570889
571,tg,88.1033119403127
572,tg,106.90949635977714
573,tg,81.86243007408632
574,tg,88.92126533744391
575,tg,112.89294976654577
576,tg,115.76090134454391
577,tg,123.74446115006329
578,tg,134.23682908923266
579,tg,158.95861357153973
580,tg,84.4531545051068
581,tg,150.49278062894697
582,tg,181.71911516125266
583,tg,112.96423999874709
584,tg,131.64504221427276
585,tg,160.2130469023141
586,tg,71.6159638498751
587,tg,130.8848948717858
588,tg,103.08565088199433
589,tg,96.41055378665058
590,tg,132.43428036109026
591,tg,61.743868078331275
592,tg,66.90031902451527
593,tg,137.6207374229099
594,tg,73.9319518211638
595,tg,191.10358249298946
596,tg,66.30179322281732
597,tg,51.043472477780995
598,tg,121.72176623395325
599,tg,68.6026289714352
600,tg,61.47934798847757
601,tg,135.5233617209097
602,tg,35.306809719535906
603,tg,-18.614624727203477
604,tg,16.329535245888152
605,tg,24.159319500598073
606,tg,28.399223552692646
607,tg,-21.980304059089235
608,tg,-274.16762920430557
609,tg,93.09766987096792
610,tg,64.24137057287686
611,tg,112.69568798698097
612,tg,112.31970151399871
613,tg,51.21296276939907
614,tg,47.717494570532764
615,tg,55.40179797830304
616,tg,82.25162109133173
617,tg,34.46370883525098
618,tg,65.34597410868103
619,tg,31.81336398472567
620,tg,37.650533411722094
621,tg,72.58436646223804
622,tg,57.33849915343117
623,tg,130.85941247498937
624,tg,117.34809992086444
625,tg,80.7899908701834
626,tg,-96.56555290923885
627,tg,145.92608036408907
628,egc,4.0941433474954305
629,egc,4.765151600850196
630,tg,70.90894683323397
631,egc,5.262912865698532
632,egb,5.768671777506264
633,egc,5.538839078748029
634,egc,5.594092704071727
635,tg,70.3715176547088
636,tg,88.05540360365345
637,tg,66.541640551807
638,tg,68.36666399306117
639,tg,64.13834846491486
640,tg,50.73657168614794
641,tg,53.45007464250125
642,tg,53.27303425194718
643,tg,23.00758149701781
644,tg,26.590451357985444
645,tg,56.840452747650474
646,tg,106.366955744763
647,tg,160.0483575241667
648,tg,141.73683302123155
649,tg,106.04989060805076
650,tg,122.080743849255
651,tg,29.794658720378948
652,tg,25.281806561013752
653,tg,41.70759630818861
654,tg,52.51775122815454
655,tg,158.17219045407356
656,tg,58.01889247925067
657,tg,180.89440504336824
658,tg,69.1706227192964
659,tg,50.55278758104038
660,tg,59.47567789100424
661,tg,-19.316907487147432
662,tg,22.38030549084442
663,tg,48.91861061134037
664,tg,1.4554631622046088
665,tg,15.64135120643789
666,tg,38.521695171897434
667,tg,36.844929401222615
668,tg,53.05164272035657
669,tg,34.44492137975911
670,tg,98.81207703038118
671,tg,57.679586741021566
672,tg,58.93646686311777
673,tg,20.24780898516964
674,tg,56.19979336196781
675,tg,43.61827858078196
676,tg,25.707447452967358
677,tg,41.26641300757264
678,tg,29.69096029003164
679,tg,-40.8612221021302
680,tg,89.02342578467463
681,tg,37.88390365325249
682,tg,16.497302216043664
683,tg,113.58066558280619
684,tg,102.94182507396872
685,tg,69.91033732202723
686,tg,106.78365487441084
687,tg,102.91775710139156
688,tg,81.1345446099985
689,tg,115.0424941485002
690,tg,58.49451619671848
691,tg,76.10682902861794
692,tg,106.7463010688223
693,tg,65.76705632763367
694,tg,-3.9427340181278225
695,tg,119.46200081249319
696,tg,113.1730642898607
697,tg,98.50733526790123
698,tg,45.57054167387204
699,tg,115.7116371115641
700,tg,-52.835067723216724
701,tg,120.62058007712483
702,tg,43.16879732474625
703,tg,28.815395931251928
704,tg,124.07592740141268
705,tg,50.98491856665298
706,tg,91.87398157055068
707,tg,38.873233240960815
708,tg,38.623494697086
709,tg,3.657933022359316
710,tg,46.94897773852762
711,tg,14.385017344729818
712,tg,95.21058554296806
713,tg,130.75746906871643
714,tg,72.35145794079762
715,tg,62.54878276024574
716,tg,50.634986763254716
717,tg,38.54868953941103
718,tg,51.72989417716953
719,tg,79.74148307376063
720,tg,71.46111203603903
721,tg,116.41085365992468
722,tg,114.51957338575986
723,tg,87.73393586833683
724,tg,101.12456633394588
725,tg,97.011267881451
726,tg,118.72791464269008
727,tg,104.75727920378075
728,tg,117.1529906673529
729,tg,79.81306269390568
730,tg,103.55433254036294
731,tg,131.0558800634839
732,tg,78.1636294519371
733,tg,84.59206722118913
734,tg,135.11194148257218
735,tg,116.80005930914479
736,tg,87.6271679748562
737,tg,151.89884673912735
738,tg,110.67055765997384
739,tg,111.04178061230958
740,tg,162.35444452592048
741,tg,85.29855098364183
742,tg,114.16934243976809
743,tg,123.28839550542062
744,tg,98.08115461865934
745,tg,106.4960097614595
746,tg,126.1625412860342
747,tg,148.29078712085692
748,tg,31.472588545928488
749,tg,98.6092030756383
750,tg,125.50620617814207
751,tg,72.4210931340849
752,tg,69.63543178169914
753,tg,120.56267322443276
754,tg,69.2301065737042
755,tg,69.06197542995659
756,tg,57.74204251206481
757,tg,61.849849096729
758,tg,65.15578445021262
759,tg,55.40372289586122
760,tg,25.45572546363563
761,tg,52.45216096297939
762,tg,42.03878617779402
763,tg,10.081942180607541
764,tg,23.989029327697367
765,tg,11.797668022536016
766,tg,-38.33604241458585
767,tg,33.199122539822184
768,tg,80.41037241593004
769,tg,108.21801759785151
770,tg,124.6848906783839
771,tg,85.95888224639715
772,tg,83.88240994600534
773,tg,112.07575723209803
774,tg,68.53601771958222
775,tg,91.48368177477934
776,tg,82.29268816693961
777,tg,64.50213187101221
778,tg,56.94828064640808
779,tg,25.838003685731223
780,tg,51.664908700281245
781,tg,21.853281272093213
782,tg,39.510003772927945
783,tg,46.41124941740895
784,tg,38.21662825442455
785,tg,60.03041832135335
786,tg,53.579278230494495
787,tg,132.0941072719175
788,tg,138.4755365709532
789,tg,58.037205208452846
790,tg,71.96444546200487
791,tg,63.09225982163953
792,tg,76.30136926089185
793,tg,48.574134908723565
794,tg,53.76444749587198
795,tg,95.91190259258303
796,tg,102.44795365829731
797,tg,126.95674861403126
798,tg,95.23329111612482
799,tg,102.56900886216758
800,tg,125.57022269315141
801,tg,82.83010433926506
802,tg,88.47171254730976
803,tg,125.74529264444828
804,tg,88.26133726687985
805,tg,93.51416415297021
806,tg,109.23997648910102
807,tg,92.17534497265402
808,tg,80.8211147061073
809,tg,158.57271962592267
810,tg,93.93723632047963
811,tg,99.86908437831931
812,tg,42.09662474793757
813,tg,50.50440451809142
814,tg,27.717659668898577
815,tg,53.76332896269628
816,tg,33.22386033168479
817,tg,10.689864961601359
818,tg,39.043081203071125
819,tg,63.86780650459197
820,tg,-34.19884832166005
821,tg,119.66493979823464
822,tg,123.07009457203787
823,tg,92.9270903101235
824,tg,76.56271583801448
825,tg,68.0700250930052
826,tg,129.83222509145344
827,tg,55.874261189239505
828,tg,59.3251831540735
829,tg,96.61002662016735
830,tg,70.86255371884178
831,tg,119.23167402169668
832,tg,122.46271317410731
833,tg,23.12003309977497
834,tg,136.78130957071397
835,tg,107.17979770540525
836,tg,109.5596038471576
837,tg,100.10692224945265
838,tg,103.52229827045883
839,tg,95.31129905048022
840,tg,70.87453242878156
841,tg,83.5724982191377
842,tg,101.53212860829221
843,tg,72.04038866215512
844,tg,47.961256765637415
845,tg,58.76590356002299
846,tg,36.365410326939426
847,tg,160.30254093679497
848,tg,160.15940770890433
849,tg,91.900758084219
850,tg,48.458503290135496
851,tg,86.34141408938723
852,tg,25.213680086893703
853,tg,102.48799324412752
854,tg,110.63204630261043
855,tg,103.65184001964474
856,tg,66.53754359889601
857,tg,112.46018472869693
858,tg,118.35492609874268
859,tg,115.58511280071264
860,tg,161.18083009441548
861,tg,104.4147576826715
862,tg,93.35882785819467
863,tg,120.15660015995408
864,tg,84.21982328217555
865,tg,86.1810541499708
866,tg,104.51832930257157
867,tg,77.75134592709333
868,tg,77.15148698992434
869,tg,89.18894268227903
870,tg,67.65518584991695
871,tg,52.09994657153071
872,tg,72.9753328257449
873,tg,80.79561605156121
874,tg,87.99763656760834
875,tg,112.74604799228698
876,tg,97.40630193391948
877,tg,103.26481453465226
878,tg,154.99212015969323
879,tg,93.95346155462715
880,tg,100.64593818434335
881,tg,109.13847610650595
882,tg,73.29053807589754
883,tg,4.540065511996318
884,tg,113.5987702128129
885,tg,93.0347621344845
886,tg,98.89423719399636
887,tg,177.81491087851552
888,tg,103.95887087327495
889,tg,101.90362469082203
890,tg,62.1467351145796
891,tg,152.15578746609572
892,tg,184.64220001985314
893,tg,169.12509166748856
894,tg,127.09047185642632
895,tg,105.59365588281176
896,tg,123.2190106814779
897,tg,126.96319806331616
898,tg,112.98617495457059
899,tg,108.64702059243209
900,tg,83.8445358924281
901,tg,97.34125792913247
902,tg,95.67276084992801
903,tg,116.26266589766884
904,tg,90.17689686436725
905,tg,116.5188376330789
906,tg,131.08001469283462
907,tg,96.6148941904116
908,tg,109.29782156234442
909,tg,75.31483600612277
910,tg,61.3477837752356
911,tg,35.234761876201034
912,tg,83.61739562056238
913,tg,71.0491991878872
914,tg,81.37229143773382
915,tg,65.08532986634313
916,tg,48.418229592710375
917,tg,71.37988831880348
918,tg,78.31369498427715
919,tg,69.35492056929282
920,tg,67.93862996035955
921,tg,62.7638467756738
922,tg,77.02044952777092
923,tg,53.6726237258667
924,tg,67.64137326581701
925,tg,39.893348503400375
926,tg,49.089277964032874
927,tg,24.59782352407224
928,tg,74.59917636976938
929,tg,82.9431282148098
930,tg,67.27771992171681
931,tg,-30.711600041015203
932,tg,24.42338437346166
933,tg,52.64367725381899
934,tg,35.8920757006219
935,tg,74.95749066888555
936,tg,65.95328559828812
937,tg,39.41613152646718
938,tg,43.989312943221805
939,tg,146.14482757269963
940,tg,206.92325732093127
941,tg,89.29589916565557
942,tg,93.14048302888787
943,tg,188.53815512041945
944,tg,115.44589118738702
945,tg,93.64235325738551
946,tg,162.00196675892752
947,tg,120.82368814346262
948,tg,89.04438852706926
949,tg,100.68639722011443
950,tg,105.47419068685696
951,tg,76.09730849042475
952,tg,58.95193773768169
953,tg,92.90720708230543
954,tg,50.50414439409707
955,tg,-249.0135609135392
956,tg,158.72525796198403
957,tg,71.15470547999524
958,tg,76.74117390433776
959,tg,90.82561684232479
960,tg,26.194659694383418
961,tg,187.13674360396297
962,tg,165.15145053600983
963,tg,133.59419601274288
964,tg,95.53894656413493
965,tg,115.78536275466251
966,tg,94.07393147951012
967,tg,94.62470827049535
968,tg,115.96103424269633
969,egc,4.04619211925604
970,egc,3.7412795244310266
971,egc,3.9417842122357305
972,egc,3.7122189274084407
973,egc,4.034221265332763
974,egc,3.788978757322684
975,egc,3.245286596743269
976,egc,3.0245487668985094
977,egc,2.911137213786443
978,egc,3.5160573738137053
979,egc,3.2972554028884167
980,egc,2.978246023803885
981,egc,3.428563953484323
982,egc,3.039261705954858
983,egc,2.982681366252184
984,egc,3.466531595266366
985,egc,2.505292163356948
986,egc,3.322038248025121
987,egc,3.4335917093279966
988,egc,3.559612189894979
989,egc,3.481147792785287
990,tg,82.16822533874338
991,tg,88.0268094735746
992,tg,67.21261088593121
993,tg,59.39762118339989
994,tg,37.32590516987415
995,tg,56.14867899707819
996,tg,42.93534254291771
997,tg,-8.293671997210367
998,tg,14.986111870871952
999,tg,41.3935356036111
1000,tg,8.52961322572952
1001,tg,25.406106811713528
1002,egc,5.183274577797974
1003,egc,6.437534125274958
1004,egc,5.922713144591948
1005,egc,4.357463518978871
1006,egc,4.944916141509155
1007,egc,4.6148557242351
1008,egc,4.201910242206317
1009,egc,3.8327808485124244
1010,egc,6.698740015131433
1011,egc,4.699253240110408
1012,egc,4.843786580864046
1013,egc,5.874236193862453
1014,egc,5.663413483638166
1015,egc,5.637573117965761
1016,egc,5.901519176818577
1017,egc,4.371247143404131
1018,egc,3.7046385970279596
1019,egc,5.333640370036253
1020,egc,5.83723428499316
1021,egc,6.748368704241775
1022,egb,11.439563379287495
1023,egc,5.554471576495399
1024,egc,5.40993485913496
1025,egc,5.0319345936043
1026,egc,4.633253254021279
1027,egc,6.11462115505268
1028,egc,5.87057141879053
1029,egc,5.528229289459771
1030,egc,4.56957148375779
1031,egc,5.873080903618397
1032,egc,5.606563669681964
1033,eea,2.0054834367774363
1034,ei,7.348781483369284
1035,nc,1.6679068499699534
1036,egb,6.641636759515084
1037,egc,5.084063280328935
1038,egc,3.858746744508273
1039,egc,6.269975913049578
1040,egc,4.1979656644365315
1041,egc,3.6558663743016218
1042,egc,2.8708800222852924
1043,egc,3.8286574157360036
1044,egc,6.352172383692011
1045,egc,6.0614048971601875
1046,egc,5.904847646526576
1047,egc,4.1883809148296205
1048,egc,2.03864426215882
1049,egc,4.767341955442158
1050,egc,2.2373351162393296
1051,tg,151.17848292291364
1052,tg,158.64326200164027
1053,tg,146.2368399326008
1054,tg,142.62304701891742
1055,tg,69.02514187235674
1056,tg,173.65387967305756
1057,tg,146.43495443113454
1058,tg,79.99892779096805
1059,egc,4.571919925471994
1060,tg,105.96432932320944
1061,tg,117.57477522109028
1062,tg,128.87441359009793
1063,tg,90.31439840778023
1064,tg,43.34627342299086
1065,egc,5.952792565535264
1066,tg,30.44922173355957
1067,tg,73.47193554335696
1068,tg,122.27484999961334
1069,tg,110.88979016241134
1070,tg,104.34072964542966
1071,tg,117.9872262007554
1072,tg,104.6801947096053
1073,tg,205.8689487594345
1074,tg,154.89372256861827
1075,tg,201.5165085642846
1076,tg,299.77631195944076
1077,tg,164.09933514494043
1078,tg,185.02325240762534
1079,tg,202.20381468525392
1080,tg,163.79474945685706
1081,tg,202.65719780120486
1082,tg,206.5576920654726
1083,tg,161.5882541778898
1084,tg,196.35330089734737
1085,tg,189.6433764507102
1086,tg,156.85509000151055
1087,tg,189.68130252908634
1088,tg,235.64651295056248
1089,tg,178.08562517098466
1090,tg,212.13501713141375
1091,tg,186.9545527583208
1092,tg,155.27848497485988
1093,egc,5.881570884860945
1094,egc,4.60492101094817
1095,tg,207.95948726482072
1096,tg,133.68814060618956
1097,egc,4.028498092060628
1098,tg,189.83577716313062
1099,tg,144.60867995604508
1100,tg,189.18791884590433
1101,tg,193.1016599245843
1102,tg,232.07095257383605
1103,egc,5.441680010453625
1104,egc,3.238276807758396
1105,egc,3.0332723298821507
1106,egc,3.9193246595186277
1107,egc,3.5540531500911743
1108,tg,122.87042176820046
1109,tg,92.12152206667324
1110,tg,160.4088942576596
1111,tg,139.798827568138
1112,tg,128.42403653205668
1113,tg,139.29983292910916
1114,tg,151.25241829098252
1115,tg,145.74514380383212
1116,tg,146.1546196153119
1117,tg,150.53004582979995
1118,tg,160.04237629807164
1119,tg,155.15134286952184
1120,tg,142.2970132946125
1121,tg,180.8916217166287
1122,tg,188.35218597375936
1123,tg,140.5923858054804
1124,tg,74.71616063312807
1125,tg,155.74167151384788
1126,tg,142.21990441381257
1127,tg,146.06441023984655
1128,tg,149.87975779188898
1129,tg,143.67030052995491
1130,tg,103.63546196265051
1131,tg,107.28549909050905
1132,tg,79.94483500634313
1133,tg,148.1837656064818
1134,tg,137.94080617886942
1135,tg,160.23564029699827
1136,tg,102.43062614872373
1137,tg,132.1410377049355
1138,tg,87.8059056744734
1139,tg,18.17724800254942
1140,tg,71.14619292228016
1141,tg,144.74042635769402
1142,tg,107.85233203504546
1143,egb,5.245454642035382
1144,egc,4.75680093676855
1145,tg,137.74650330974035
1146,tg,107.71381275650458
1147,tg,79.34534024276623
1148,tg,126.36840341516216
1149,tg,99.55664294560663
1150,tg,123.71527848944723
1151,egc,4.629930077056815
1152,tg,199.35719327479242
1153,tg,71.23890111386622
1154,tg,148.36831057427284
1155,tg,36.90107716540288
1156,tg,54.578115350196285
1157,tg,114.20412752091244
1158,tg,114.64890703575028
1159,tg,44.964960008827376
1160,tg,136.4116136275138
1161,tg,148.2919617432689
1162,tg,55.26607828425135
1163,tg,116.9218948849981
1164,tg,103.22019351497158
1165,tg,63.091713561251396
1166,tg,128.83597051528304
1167,tg,103.69390532108093
1168,tg,47.86193492149502
1169,tg,103.18550923187505
1170,tg,96.44701016445863
1171,tg,52.42798243770463
1172,tg,111.00388704943276
1173,tg,135.5030387209637
1174,tg,66.52860183659025
1175,tg,121.21234915806954
1176,tg,168.0409111167907
1177,tg,75.02889470533441
1178,tg,162.1285219595033
1179,tg,148.52255516115963
1180,tg,63.253068474946204
1181,tg,152.98002773501534
1182,tg,173.3688358000497
1183,tg,151.01335783707574
1184,tg,190.61508263780138
1185,tg,174.58118269431333
1186,tg,149.29810021833708
1187,tg,325.14101565463136
1188,tg,229.01619294929606
1189,tg,3.7094245670407417
1190,tg,168.2705339470275
1191,tg,171.4804916754711
1192,tg,101.68476936817632
1193,tg,212.18840758125393
1194,tg,182.49501951469733
1195,tg,77.75888301982958
1196,egc,5.17683804084116
1197,tg,141.21010875796134
1198,tg,143.4200514927412
1199,tg,174.789958212178
1200,tg,147.63549494760466
1201,tg,68.01149069117676
1202,egc,5.45728708433802
1203,egc,5.621408308087331
1204,egc,5.441050022084294
1205,egc,5.25473100858944
1206,egc,5.178842974153054
1207,egc,5.478000055056706
1208,egc,5.3119046496532905
1209,egc,5.752600581898156
1210,tg,76.87305676947281
1211,tg,131.26367686481984
1212,egc,6.174044387374527
1213,tg,26.662921902811135
1214,tg,159.03229857026403
1215,tg,158.786483021379
1216,egc,6.266206451483047
1217,egc,5.387316874624679
1218,tg,144.75492064955884
1219,tg,193.80592287843527
1220,tg,149.83159095701032
1221,tg,42.73104115775584
1222,tg,30.550930215350107
1223,tg,126.07326835694852
1224,tg,33.1836451621584
1225,tg,64.24122750467997
1226,tg,140.91158152028387
1227,tg,68.84783485470847
1228,tg,52.64999826688168
1229,tg,131.85516143514573
1230,tg,14.10464269742053
1231,tg,-15.648248732843456
1232,tg,142.9144184080878
1233,tg,76.1334006946407
1234,tg,105.16946843367657
1235,tg,137.48794574956963
1236,tg,135.5067113466089
1237,tg,42.46371172876316
1238,tg,167.41061279495798
1239,tg,55.585185394319225
1240,tg,34.58291715876136
1241,tg,135.30247905688304
1242,tg,97.67363786601203
1243,tg,47.72838726279615
1244,tg,124.02537392888588
1245,tg,30.12548441639227
1246,tg,105.58592369707972
1247,tg,175.09288560979735
1248,tg,130.23119026778653
1249,tg,113.86762787027237
1250,tg,173.38038530539882
1251,tg,210.90656856189992
1252,tg,67.08345932273683
1253,tg,128.55875474873014
1254,tg,85.22572927142377
1255,tg,60.17643892558128
1256,tg,124.17735950145924
1257,tg,65.4006586753931
1258,tg,58.74851427100076
1259,tg,143.49403400828405
1260,tg,36.55557397300841
1261,tg,76.17016271814211
1262,tg,80.67900246489447
1263,tg,71.83003939412464
1264,tg,65.26939360474464
1265,tg,91.75037389998587
1266,tg,121.66722148388814
1267,tg,37.07402060304595
1268,tg,90.39268922697948
1269,tg,45.02868388434307
1270,tg,26.620963902522604
1271,tg,120.37460845384318
1272,tg,100.62838956937456
1273,tg,92.78388229658447
1274,tg,121.06199098623586
1275,tg,87.26918533383284
1276,tg,54.5545090977091
1277,tg,140.9872629706648
1278,tg,144.63920957121937
1279,tg,169.2111666972187
1280,tg,143.5571791079123
1281,egb,3.0895828502362224
1282,egc,5.05999464010767
1283,egc,4.135223496355302
1284,egc,3.4535005569099813
1285,egc,4.016084002996792
1286,egc,3.829152199628149
1287,egc,4.0682461520116675
1288,egc,4.018654663994945
1289,egc,3.9034076855691713
1290,egc,3.861292495728914
1291,egc,4.185695425832695
1292,egc,3.917362769180632
1293,egc,4.081771787320028
1294,egc,4.1724323012565705
1295,tg,96.21027131720142
1296,egc,5.102839737837558
1297,egc,4.220619494724207
1298,egc,3.8163781572690163
1299,egc,3.8551214138119962
1300,egc,4.0565280879318415
1301,tg,86.37610812713356
1302,tg,56.22419949573762
1303,tg,67.0301078914958
1304,tg,95.6196207694324
1305,tg,56.64698552685324
1306,egc,5.9314310993705215
1307,egc,4.296976935924803
1308,egc,5.439222308052556
1309,egb,5.224147753492389
1310,egc,5.0368211628853805
1311,egc,3.9976701626808726
1312,egc,4.5422890280313615
1313,egc,5.474976578234335
1314,egb,5.501892382852466
1315,egc,5.440939260034196
1316,egc,5.8528562206209855
1317,tg,71.0875219553547
1318,egc,5.340885423223739
1319,tg,69.08688230241553
1320,egc,4.056449058975422
1321,egc,5.9584989141921945
1322,egb,5.191096434251587
1323,egc,5.832524514376856
1324,egc,5.966112239512493
1325,egb,5.213119659475759
1326,egc,5.515951339573966
1327,egc,5.7641936764750445
1328,egc,6.540943444647825
1329,egc,5.926240705579869
1330,egc,4.574674699169033
1331,egb,6.868232426031806
1332,egc,5.440676609096834
1333,egc,4.295526560624073
1334,egc,4.511892236718576
1335,egc,4.242563349617764
1336,egc,5.606225588386433
1337,egb,7.662014372130166
1338,egc,5.794638004628133
1339,egc,6.00622006581866
1340,egc,5.034730424035942
1341,egc,4.5074924421117775
1342,egc,4.493811220005935
1343,egc,4.328408728785282
1344,tg,110.66709801084899
1345,tg,279.5095963427041
1346,egc,4.982926966470223
1347,egb,5.007426423706821
1348,egc,5.045828267370263
1349,tg,52.02281330410631
1350,egc,4.852612119709844
1351,egc,5.101075396523091
1352,tg,21.684122638567928
1353,egc,5.696935220852365
1354,tg,39.22548014790878
1355,tg,45.84062191410496
1356,tg,-29.496951049401588
1357,egc,6.56419356733938
1358,egc,3.430519908471955
1359,egc,3.848412925644414
1360,egc,4.105184828368816
1361,egc,3.366757888299067
1362,egc,3.8918328643937965
1363,egc,4.3638164352613655
1364,egc,3.9535817258873567
1365,egc,3.927464875705088
1366,egc,4.179432018839841
1367,egc,3.655883292386911
1368,egc,3.731162509428098
1369,egc,4.015615157053087
1370,egb,4.108372307043763
1371,egc,3.920099573253931
1372,egc,3.9803303871056044
1373,egc,4.000344061387323
1374,egc,4.144297712360835
1375,egc,3.616256182725177
1376,egc,3.4577097017538616
1377,egc,3.772948263955638
1378,egc,4.031683225394091
1379,egc,3.420180902018408
1380,egc,3.8030467527961855
1381,egc,3.2992992197554507
1382,egc,3.8296968965454012
1383,egc,4.027972229365397
1384,egc,3.7114437799979263
1385,egc,3.9263608070673213
1386,egc,3.5043289345545032
1387,egc,2.829595033735303
1388,egc,3.5774657237895395
1389,egb,1.2403624202768846
1390,egc,2.7948574376623108
1391,egc,5.778006592088026
1392,egc,5.61150973267181
1393,egc,4.100006398748976
1394,egc,3.730894624166005
1395,egc,3.742232732352458
1396,egc,5.280027331635184
1397,egc,5.933178896480037
1398,egc,5.975289693226324
1399,egc,5.494888416859022
1400,egc,5.6119775504445855
1401,egb,6.084821204727011
1402,egc,5.134292327791831
1403,egc,5.86008117774031
1404,egb,5.678577521081159
1405,egc,5.614078477533231
1406,egc,3.6085149903293217
1407,egc,5.341115359631536
1408,egb,6.780228448061954
1409,egc,5.972623272126631
1410,egb,8.453573952667096
1411,egc,6.58388696637666
1412,egb,5.198053886699635
1413,egc,5.782749824994571
1414,egb,5.894140258249687
1415,egc,5.793210155617761
1416,egc,5.959912368809558
1417,egc,5.395416244384226
1418,egb,5.915281153398087
1419,egc,6.264196283846422
1420,egc,4.301555638115159
1421,egc,5.846752811045224
1422,egb,5.043308004034759
1423,egc,4.924858396082608
1424,egc,4.715914411188659
1425,egc,4.526494458999399
1426,egc,3.493833085299215
1427,egc,4.722014011858478
1428,egc,4.320158661882048
1429,egb,4.676557008884337
1430,egc,4.320052596703695
1431,egc,5.657254459362145
1432,egc,5.673173255978249
1433,egc,5.1865581818654265
1434,egc,5.641780112997699
1435,egc,5.48644853558175
1436,egc,5.630659135817471
1437,egc,7.815211759227092
1438,egb,8.651810281617752
1439,egc,5.913505967391256
1440,egc,5.693123978158076
1441,egb,6.794266241140763
1442,egc,6.955811536211605
1443,egc,5.412139351077199
1444,eea,1.8981715887255572
1445,ei,7.041340857577346
1446,eps,3.1723961017207776
1447,nc,1.705355698151529
1448,egc,4.29762498738796
1449,eea,1.2295642273527172
1450,egb,5.533524532278818
1451,ei,6.406451808723946
1452,eps,3.4973891907026946
1453,nc,1.8526914188021175
1454,egc,5.426592910649141
1455,egc,5.671253941263729
1456,egc,5.176738308261029
1457,egc,4.440840861459104
1458,egc,5.221053036129049
1459,egc,4.9232750128516765
1460,egc,6.434930796482282
1461,egc,5.406022294869105
1462,egc,6.705378447470704
1463,egb,4.3183115830854435
1464,egb,5.726101282534533
1465,egc,5.614716691269996
1466,egc,5.806542167646141
1467,egc,5.67687102598999
1468,egc,5.708169296834802
1469,egc,5.3612598452964715
1470,egc,5.259700392365362
1471,egb,11.90042897318983
1472,egc,7.898502951498846
1473,egc,6.530743241269717
1474,egb,6.478370256054993
1475,egc,6.613220869926238
1476,egc,6.63466365506447
1477,egc,5.8710374606317
1478,egc,5.389528750703591
1479,egc,5.526811441748436
1480,egc,5.255497977367563
1481,egc,5.948875888585692
1482,egc,5.716499257292738
1483,egb,5.33090574184107
1484,egc,5.6228686846871
1485,egc,6.324937070478967
1486,egc,5.176844350071861
1487,egc,4.4151453685757485
1488,egc,4.131734912392606
1489,egc,4.661070955963139
1490,egc,4.104764119518614
1491,egc,4.202909133631533
1492,egc,4.259057921954207
1493,egc,4.250705785718731
1494,egc,4.084012779330253
1495,egc,5.993776954293596
1496,egc,5.80936010375276
1497,egb,5.366493310422847
1498,egb,5.06870062981561
1499,egc,5.504756147146669
1500,egb,5.740833004660437
1501,egc,5.434483468239981
1502,egc,6.073185025376102
1503,egc,4.522951481289422
1504,egc,5.4335824166256845
1505,egb,5.754313791129892
1506,egc,5.327331326274657
1507,egb,5.399927033629522
1508,ei,6.499963615601365
1509,eps,3.956707116499258
1510,egc,5.233297103109233
1511,egb,4.698170233372236
1512,egc,5.471638574577721
1513,egc,5.660677053445205
1514,egc,5.7257928008514805
1515,egb,5.287177833601461
1516,egc,5.364020203831057
1517,egc,5.588216520271313
1518,egc,5.489563145736479
1519,egb,6.378358144914644
1520,egc,6.058144286733516
1521,egc,4.494119563209903
1522,egc,4.3814064302527616
1523,egc,4.321240975357654
1524,egc,4.530815919833532
1525,egb,5.5845016639492275
1526,egc,5.230102108681859
1527,egc,5.427834193370911
1528,egc,5.448873561624568
1529,egc,5.278591023582166
1530,egc,5.8719565519723
1531,egc,5.517940756851838
1532,egc,3.7580736683881977
1533,egc,4.630404239111574
1534,egc,5.322577998598989
1535,egc,3.8522144941849605
1536,egc,4.197332942067229
1537,egc,4.1568417715771275
1538,egc,4.509226211406272
1539,egc,4.8237885160864336
1540,egc,3.826035159251223
1541,egb,4.515520787366928
1542,egc,3.9199072118200906
1543,egc,5.654260145206129
1544,egc,4.386726747460828
1545,egc,4.204762668774107
1546,egc,4.827941298469378
1547,egc,4.566408689774516
1548,egc,4.206031221393021
1549,egc,4.2502506798774435
1550,egc,4.333287785408324
1551,egc,3.9161956082358476
1552,egc,4.24420662380532
1553,egc,4.339572269905226
1554,egc,4.2981433958439546
1555,egc,4.280811658695951
1556,egc,4.058801233651124
1557,egc,3.8806000035224573
1558,egc,3.9532198097202866
1559,egc,4.240596014647348
1560,egc,5.3183773595327954
1561,eea,4.5082714867466915
1562,egb,1.8384325522413985
1563,ei,7.377086232468023
1564,eps,5.778924496253223
1565,egc,4.26171221531044
1566,eea,2.58875148593495
1567,egb,4.345700198356023
1568,ei,6.658522798967429
1569,eps,4.932407017808122
1570,nc,2.080535829204893
1571,egc,4.154286533142912
1572,egc,4.097338622333058
1573,egc,3.709443520190255
1574,egc,4.025848729251352
1575,egc,3.801459724231959
1576,egc,3.6538866779125345
1577,eea,2.061348940008335
1578,egb,4.391098160831562
1579,ei,6.558691800854739
1580,eps,3.963054880511413
1581,nc,1.8402005383697677
1582,eea,1.2774915751204607
1583,eps,3.4942180473875863
1584,nc,1.8381687704955227
1585,egc,5.043137123433228
1586,egc,5.167297782994456
1587,egc,4.385170108357815
1588,ei,6.558381519231361
1589,nc,1.7341133162821376
1590,eea,1.4191653779001114
1591,ei,6.134771225842854
1592,eps,3.4202105969363377
1593,eea,1.856767333925363
1594,nc,1.8951258508598716
1595,egc,4.916488710838772
1596,ei,6.232220142346484
1597,egb,4.290431429825884
1598,ei,7.128908928650617
1599,nc,1.8572565535594556
1600,eea,3.0588661245456077
1601,egb,3.0134800384678475
1602,ei,6.270916431468457
1603,nc,1.9957769915841497
1604,egc,4.982987628555044
1605,egc,4.520672676248618
1606,egc,4.2181682651264865
1607,egc,3.98439474678864
1608,egc,5.074241256912595
1609,egc,5.12479539332928
1610,egc,6.169473513303746
1611,egc,4.435556220613904
1612,eea,1.5444846930597451
1613,eps,4.496710505396178
1614,nc,1.9655396360294497
1615,eea,1.8585269396886812
1616,egb,3.7725835172861863
1617,nc,1.9073663001565864
1618,egc,2.9433636425700476
1619,egc,2.2788599490260704
1620,egc,3.268350433556474
1621,eea,2.2501579742986575
1622,ei,6.882307779337239
1623,eps,4.0677828470346995
1624,nc,1.81613694898979
1625,ei,6.63257653971397
1626,eps,4.3833515135278045
1627,egb,3.950675147325834
1628,eps,4.281527244105058
1629,egc,4.450497068945593
1630,egc,4.0854780631094565
1631,egc,4.203807497980902
1632,egc,4.293649704695425
1633,egc,2.7432318536673392
1634,eea,1.5212774833547256
1635,egb,3.6389679156272496
1636,eps,4.5969373681039665
1637,nc,1.9630499682095157
1638,egb,2.8687028994345676
1639,ei,5.691868876843659
1640,eps,4.5674820946564285
1641,egb,2.4230382906898122
1642,eps,5.591849145810382
1643,nc,2.2029132172457415
1644,eea,1.8986057488784553
1645,ei,5.803534187081045
1646,nc,2.037350454567651
1647,egb,2.4977406253279604
1648,eps,5.752645582675022
1649,egb,3.167564247285218
1650,eps,4.878262282252144
1651,eea,3.1022523775267015
1652,egb,2.8275759278374863
1653,ei,6.533332043458925
1654,eps,4.782154035822828
1655,nc,2.074206116734693
1656,eea,3.2234397471545826
1657,egb,2.7092257627678498
1658,ei,6.613855351736516
1659,egb,2.495174951225386
1660,eps,5.017524424626127
1661,eea,1.663988215528279
1662,egb,3.426209257994455
1663,ei,5.888994290372043
1664,eea,1.7503077206742992
1665,egb,1.4171364814324154
1666,egc,3.9562797866106427
1667,eea,3.4522127813740013
1668,egb,2.801559013577574
1669,eps,5.6044318658495165
1670,nc,2.0084762424530167
1671,egc,4.061608373962987
1672,egc,3.8372357262083776
1673,egc,3.9669083633858797
1674,nc,1.8380542884925521
1675,egc,4.13241743094941
1676,egb,5.511143315616431
1677,egc,5.257277133690419
1678,ei,6.301254448899005
1679,eps,3.3482123675528728
1680,nc,1.840966563019946
1681,eps,4.885945092905061
1682,nc,1.9210333575732432
1683,egc,4.443757011256981
1684,eea,1.2603346270263232
1685,egb,5.233676481951533
1686,egc,5.0503166540915
1687,ei,6.243079421853013
1688,eps,3.564217814846363
1689,nc,1.8518589474390115
1690,egb,2.6489755265692247
1691,nc,2.043245498883768
1692,egc,4.499764633463642
1693,eea,3.086206203667794
1694,egb,2.0593222916411005
1695,ei,6.564071050660166
1696,eps,5.285590398440788
1697,nc,2.1565152387618394
1698,eea,2.2674928858207215
1699,ei,5.871991431602037
1700,eps,4.855603070445717
1701,eea,2.4637147477284564
1702,egb,3.217866555364961
1703,eps,4.503672820250704
1704,egb,3.4305695477172953
1705,ei,6.137632913030683
1706,eps,5.091606373992442
1707,nc,2.025163916920227
1708,egb,6.377017224917114
1709,egb,10.774271760291107
1710,egb,5.717413253125732
1711,egc,6.758552269944847
1712,egb,9.85754478685189
1713,egc,4.942825355924674
1714,egc,5.449540938027688
1715,egc,5.470678356399954
1716,egc,4.72901415005713
1717,egc,5.622820921473935
1718,egc,5.080527540708623
1719,egc,5.3669662874234865
1720,egc,5.867208925971784
1721,egb,6.5192738589207355
1722,egc,5.966732413522956
1723,egc,6.0318361032883345
1724,egc,5.716194731757533
1725,egc,4.736690520949404
1726,egc,7.030610036608359
1727,egc,5.748763821870806
1728,egc,4.058350240493554
1729,egc,4.395777946458059
1730,egc,5.477695342581331
1731,egc,6.145670047712125
1732,egc,5.5092067252187364
1733,egc,5.427175042335224
1734,egc,6.15793107951264
1735,egc,5.623070112719134
1736,egc,5.728173857783284
1737,egc,5.909182602104153
1738,egc,6.023981064329595
1739,egc,4.5560269967017675
1740,egc,4.50970977158593
1741,egc,5.416926141043107
1742,egc,6.335658649988252
1743,egc,5.519472825006396
1744,egb,5.933470373463093
1745,egc,5.419417118794249
1746,egb,5.087193355387534
1747,egc,5.145699603840792
1748,egc,3.519934699857715
1749,egc,3.6809489779992233
1750,egc,4.115666002820842
1751,egc,3.854623451936979
1752,egc,3.5206007676796527
1753,egc,3.2377765558663096
1754,egc,3.6139445740661347
1755,egc,4.049964852275527
1756,egc,3.5658950620329235
1757,egc,3.5475151046226245
1758,egc,5.71544659720143
1759,egc,5.569561854282755
1760,egc,5.1876386025718215
1761,egc,5.47814942025169
1762,ei,5.054404502998642
1763,egb,3.777758088638134
1764,nc,1.6919523085889803
1765,egc,5.424778002018976
1766,egb,4.495310840963515
1767,egc,5.6021989906175245
1768,egc,6.089115505752765
1769,egc,5.437529190942455
1770,egc,5.599042599335037
1771,egc,6.091448145180813
1772,egc,5.519448990134856
1773,egc,5.581142704278578
1774,egc,6.318840203809119
1775,egc,5.8093286978043785
1776,egc,6.200885069890936
1777,egc,6.804438229932817
1778,egc,5.671642870285211
1779,egc,5.990024784692692
1780,egc,5.95402291225715
1781,egc,5.552908008922375
1782,egc,5.683094731564465
1783,egc,5.60802442016207
1784,egc,5.119002771784383
1785,egc,5.807147760323425
1786,egc,4.456671171114616
1787,egc,3.9226292476200437
1788,egc,4.519376038790261
1789,egc,4.40839680510945
1790,egc,5.454445032949607
1791,egc,5.606926800960132
1792,egc,5.701553951606395
1793,egc,4.8666139149960195
1794,egc,5.800422961626103
1795,egc,8.25461500020373
1796,egc,6.21675516859303
1797,egc,7.257387342491102
1798,egc,6.621063757773998
1799,egc,6.762847033386102
1800,egc,6.690667190875876
1801,egc,6.640012387178215
1802,egc,6.120512387536693
1803,egc,7.824654107160312
1804,egc,6.779111949725
1805,egc,6.641505852187887
1806,egc,5.15644006430714
1807,egc,7.393994057885056
1808,egc,5.463143172070272
1809,egc,5.605338837695061
1810,eea,1.925368927551237
1811,egb,5.416137069930364
1812,egc,5.54073418471067
1813,ei,7.694430468494127
1814,egc,4.744628724915803
1815,egc,5.450755862185637
1816,egc,3.4811776097422333
1817,egc,4.441075722571977
1818,egc,3.765044994433311
1819,egc,3.615721533842005
1820,egc,5.437968126459129
1821,egc,4.587733971332808
1822,egc,4.540977594550727
1823,egc,4.6071504594029635
1824,egc,5.901779584473912
1825,egc,4.181113078309045
1826,egc,5.691533210790471
1827,egc,4.6191217222578596
1828,egc,5.840984117841952
1829,egc,5.473389830080362
1830,egc,3.823001914805025
1831,egc,3.4766274860302047
1832,egc,3.8940507225581147
1833,egc,3.369354113365322
1834,egc,2.931182060341332
1835,egc,3.6944416651028082
1836,egc,3.864236616449569
1837,egc,4.064238902550244
1838,egc,3.6021608005169257
1839,egc,4.485078692657005
1840,egc,5.604315059859855
1841,egc,5.296625048209839
1842,egc,3.4974099984917357
1843,egc,5.875209684792215
1844,egc,4.959774520016939
1845,egc,4.531308308554762
1846,egc,5.775891364076456
1847,egc,5.785074052115017
1848,egc,4.626162064276594
1849,egb,5.801031467430837
1850,egc,5.677894149534605
1851,egc,5.595811151574719
1852,egb,4.802106805752499
1853,egb,5.414617124729997
1854,egc,4.468456089672359
1855,egc,5.6517988909418495
1856,egb,5.20207717739935
1857,egc,6.023370798148086
1858,egc,6.377898528921193
1859,egc,5.4454020826873295
1860,egc,6.18860814817606
1861,egc,4.619448587143253
1862,egc,5.091911869851846
1863,egc,6.018724400249052
1864,egc,6.0423900909361645
1865,egc,5.648251794706274
1866,egc,6.4000935612992444
1867,egc,5.237363519134126
1868,egb,5.679963020477024
1869,egc,6.475383153519807
1870,egc,4.579356440443757
1871,egc,5.062366443501111
1872,egc,5.988238758318627
1873,egc,5.844865836979932
1874,egc,5.377998468023467
1875,egc,4.541723065209422
1876,egc,5.348994794282324
1877,egc,5.2496473576352525
1878,egc,5.776933835928557
1879,egc,5.13499293280998
1880,eea,2.498732875573769
1881,egb,4.506301711772209
1882,nc,1.9153182912307225
1883,egc,3.9962514737387775
1884,egc,3.9551861866223366
1885,eea,2.043623422931475
1886,egc,5.193182313281773
1887,eps,3.998012575358484
1888,nc,1.8056517418883506
1889,egc,6.888155645789755
1890,egc,4.287073803842665
1891,egc,4.452547528030505
1892,ei,6.449663400722492
1893,eps,3.581037941884777
1894,nc,1.7617450309974074
1895,eea,2.0657452322542493
1896,ei,5.974995818400606
1897,eps,3.9908351183963893
1898,egc,4.882919724496874
1899,egb,3.6298767846747753
1900,ei,5.889224996601715
1901,nc,1.9530750746699819
1902,eea,1.827008060845875
1903,egb,3.789321312337155
1904,nc,1.9247561425444588
1905,ei,6.409345357275294
1906,eps,4.30380995111009
1907,egc,5.40790786688313
1908,egc,5.867196868330888
1909,egc,6.215069342149519
1910,egc,4.524524448447815
1911,egc,5.757163604481842
1912,egb,4.933015860051425
1913,egb,5.6879094751325745
1914,egc,5.540175981366212
1915,egc,5.239803228543936
1916,egc,4.0988033452917545
1917,egc,4.0716768779920764
1918,egc,5.307211703652191
1919,egb,6.9403371262050815
1920,egc,5.8694809033150115
1921,egb,6.909289580158479
1922,egc,5.86368379520606
1923,ei,7.632325961697908
1924,eps,3.23250123953403
1925,eea,2.6560887753672846
1926,egb,5.601396548308614
1927,ei,9.241232199884816
1928,eps,1.1175976084074097
1929,nc,1.3924162241473566
1930,egc,3.978942730231554
1931,egc,5.680325119491517
1932,egc,5.291454843957433
1933,egb,6.350048104143563
1934,egb,5.265232032649794
1935,egc,5.327681932561506
1936,egc,5.125521048330067
1937,eea,1.759581913434231
1938,egb,4.802776499174309
1939,eps,3.515152014297008
1940,nc,1.7625578279589245
1941,eea,2.0623922541103683
1942,egb,4.704205169421808
1943,nc,1.8079407925577002
1944,egc,5.137399507074845
1945,egb,5.796979931318686
1946,egc,5.525426308566667
1947,egc,5.477029368229478
1948,egc,6.032230360104632
1949,egc,5.344107710915778
1950,egc,5.4110078957046825
1951,egc,5.1795342788977985
1952,egc,4.1725933502121135
1953,egc,5.454035633979625
1954,egc,5.5745233398365395
1955,egc,4.470796825946475
1956,egc,4.397451446534182
1957,egc,5.607868325121005
1958,egc,4.355249972122198
1959,egc,5.2739481308113
1960,egc,4.670052858576496
1961,egc,5.681623512434898
1962,egc,5.320218626726782
1963,egc,5.964392670368488
1964,egc,5.130235632655722
1965,egc,2.585664471830853
1966,egc,5.5306299751093135
1967,egc,5.205769555677091
1968,egc,5.522200001660995
1969,egc,6.3587179067673185
1970,egc,5.56437370377413
1971,egc,6.314094540680378
1972,egc,6.634173497941506
1973,egc,5.480391206757632
1974,egc,6.035331043216775
1975,egc,5.219939012927286
1976,egc,4.594581268417708
1977,egb,6.009904228541325
1978,egc,5.525367983233957
1979,eea,1.1480954835866701
1980,egb,5.627073927944702
1981,egc,5.41573841667974
1982,eps,3.5297047660402887
1983,egc,6.17583060068876
1984,egc,6.280460639364814
1985,egc,5.415623168065587
1986,egc,5.55378812323775
1987,egb,6.829084874068722
1988,egc,4.907067720819854
1989,egc,5.595178172162684
1990,egc,6.328848232693556
1991,egc,5.580150986682345
1992,egc,5.65383345427052
1993,egc,5.551735987533198
1994,egc,5.319726506732044
1995,egc,6.428104863153563
1996,egc,6.87168902100857
1997,egc,5.2519327479356015
1998,egc,5.823445391191888
1999,egc,7.190063644749461
2000,egc,4.939916473425864
2001,egc,5.632444881781282
2002,egc,5.8301670119063385
2003,egc,5.523870872890991
2004,egc,6.464329194390145
2005,egc,5.638171326506374
2006,egc,5.306425620241793
2007,egc,5.894642115353653
2008,egc,5.804846059493337
2009,egc,5.0378460623616
2010,egc,5.732223823073312
2011,egc,5.843104860588506
2012,egc,5.029391693221235
2013,egc,5.794704274918023
2014,egc,6.009386271460016
2015,egc,5.475102388968033
2016,egc,5.910590355046365
2017,egc,6.221480268303189
2018,egc,5.297856376367613
2019,egc,6.430770443022496
2020,egc,6.233740739283197
2021,egc,5.577315104319507
2022,egc,6.354714956929781
2023,egc,7.100872807686093
2024,egc,5.752687041726292
2025,egc,6.490927976327944
2026,egc,7.1191684550801995
2027,egc,5.819255781595663
2028,egc,6.604965965946133
2029,egc,7.363732183336854
2030,egc,5.848476492872947
2031,egc,4.827482477192233
2032,egc,7.207307379812937
2033,egc,5.207080286671623
2034,egc,6.11178377716849
2035,egc,6.502166819284689
2036,egc,5.657872203150411
2037,egc,6.377940590459205
2038,egc,5.761356672471193
2039,egc,4.768702903239571
2040,egc,6.242115098031256
2041,egc,6.335882417370475
2042,egc,5.487469041963999
2043,egc,6.301722279479342
2044,egc,6.3619605709377725
2045,egc,3.904997985586354
2046,egc,5.42849381175702
2047,egc,6.5907155168677445
2048,egc,5.284975357496804
2049,egc,6.546815609234606
2050,egc,6.58771662267759
2051,egc,5.055650430991729
2052,egc,4.457196560617544
2053,egc,6.010482488610688
2054,egc,5.565507028548336
2055,egc,6.378172396268692
2056,egc,6.9667348241631775
2057,egc,4.5127674540778075
2058,egc,2.6925720025851176
2059,egc,3.62309202388285
2060,egc,5.057411220442987
2061,egc,6.0482883336765125
2062,egc,6.672100667176974
2063,egb,4.213488597132935
2064,egc,3.5148825483219945
2065,egc,5.02351840699344
2066,egc,4.911928258682409
2067,egc,5.969552499441519
2068,egc,6.425124662980302
2069,egc,5.284974983616466
2070,egc,6.147913329739419
2071,egc,5.701210355575881
2072,egc,4.900341613541349
2073,egc,5.935490972489502
2074,egc,5.386215983969785
2075,egc,5.659294630895885
2076,egc,6.062966595331522
2077,egc,5.889429101802558
2078,egc,5.724660504248204
2079,egc,6.042914645050213
2080,egc,6.001666390243421
2081,egb,5.541161643649098
2082,egc,5.466194783388069
2083,egc,5.380825003377858
2084,egc,6.108353612008588
2085,egc,6.415581741236192
2086,egc,5.607957775991842
2087,egc,6.301952028946971
2088,egb,8.948875598629142
2089,egc,5.62538994674561
2090,egc,6.5127111795138175
2091,egc,5.785605990365739
2092,egc,4.465342671261206
2093,egc,6.445105202117076
2094,egc,7.210487605966964
2095,egc,5.394841029484393
2096,egc,3.281901726403022
2097,egb,7.742011984507023
2098,egc,4.029466161725491
2099,egc,4.427496669110342
2100,egc,5.088004867056018
2101,egc,3.4233823458816106
2102,egc,5.688892867844346
2103,egc,6.008059276670788
2104,egc,5.083292339072221
2105,egc,6.087366026181728
2106,egc,6.228775795336288
2107,egc,4.873100925798449
2108,egc,5.640497142618255
2109,egc,4.413329303253287
2110,egc,4.204204325224522
2111,egc,5.789068496174869
2112,egc,4.2495067982101835
2113,egc,3.587966246549051
2114,egc,2.4147493749917963
2115,egc,3.605891845878739
2116,egc,4.324118825788419
2117,egc,6.049787874241674
2118,egc,5.653268801490234
2119,egc,4.771883596744022
2120,egc,6.009027907156156
2121,egc,6.5907155168677445
2122,egc,4.845709050193916
2123,egc,5.6039750156925505
2124,egc,6.166666980547431
2125,egc,5.3526815348240975
2126,egc,2.9683041717392538
2127,egc,3.512287538366837
2128,egc,4.5836175546546025
2129,egc,1.7405322702696342
2130,egc,6.281333649953769
2131,egc,3.695344679588879
2132,egc,5.849667395219186
2133,egc,6.259145534361969
2134,egc,5.309152423016054
2135,egc,4.29082809988799
2136,egb,4.209074676506939
2137,egc,4.720761734718023
2138,egc,6.093675630763832
2139,egc,4.1893609486652945
2140,egc,3.469688173489023
2141,egc,2.7150225821741114
2142,egc,4.481639861067708
2143,egc,4.55286915225156
2144,egc,3.2096391628680396
2145,egc,4.532635783838644
2146,egc,4.8882373310724905
2147,egc,5.977889750566042
2148,egc,7.216441089527235
2149,eps,3.5637151346395823
2150,egc,5.817748856893828
2151,egc,6.847120222365303
2152,egc,5.4898544919897745
2153,egc,5.683863149128898
2154,egc,5.48191009563028
2155,egc,5.194484258088364
2156,egc,5.725619694255041
2157,egc,5.925313201931667
2158,egc,5.002161894743175
2159,egc,5.849837043422501
2160,egb,7.321209589257377
2161,egc,5.186802699606401
2162,egc,6.165200995742595
2163,egc,5.354718247964712
2164,egc,5.188071789678301
2165,egc,5.462405225753377
2166,egc,5.809772680705613
2167,egc,4.711167591367622
2168,egc,5.76487161499771
2169,egc,4.365605978447358
2170,egc,4.0611727566343125
2171,eps,3.749709875874125
2172,nc,1.8197120487741476
2173,egc,5.531165091342908
2174,egc,6.318978913414473
2175,egc,5.192303507547581
2176,egc,5.804007819775805
2177,egc,5.747966428580188
2178,egc,5.488780146838869
2179,egc,6.514927355216615
2180,egc,5.893445791742513
2181,egc,5.704414883951872
2182,egc,6.143202250541932
2183,egc,7.158981476739946
2184,egc,5.528990790237953
2185,egc,6.054186015596354
2186,egc,5.789502758187319
2187,egb,6.412239195258579
2188,egc,5.705396132898644
2189,egc,5.569973683474933
2190,egc,6.278057336552906
2191,egb,5.596146203772989
2192,egc,5.49518191292426
2193,egc,4.311753341168508
2194,egc,5.293317048450341
2195,egc,4.8364949795744945
2196,egc,3.902951645027039
2197,egc,4.517026546998077
2198,egc,4.779514120559864
2199,egc,5.599834945241094
2200,egc,4.1094318285969065
2201,egc,5.683186425717331
2202,egc,3.953785584141587
2203,egb,5.424240731829247
2204,egb,6.945499845097947
2205,egc,5.8120871869372746
2206,egc,5.629909505740017
2207,egc,2.6454720531400433
2208,egc,3.5139301816313235
2209,egb,7.359799073196862
2210,egc,5.931871343468378
2211,egc,4.408160103804288
2212,egc,5.683717242327039
2213,egc,5.841259667650972
2214,egc,5.002680233096607
2215,egc,6.12649129495994
2216,egc,6.825236819248877
2217,egc,5.566780184568911
2218,egc,5.417446769413608
2219,egc,5.312103133377664
2220,egc,4.187062659493289
2221,egc,5.342003979724598
2222,egc,5.8093272022830265
2223,egc,5.679263579742184
2224,egc,6.10423606784749
2225,egc,5.648577351010486
2226,egc,5.535890845343657
2227,egc,7.147698889783668
2228,egc,5.873616954552835
2229,egc,5.570431593418754
2230,egc,6.278595350359119
2231,egc,6.2282045061800035
2232,egc,5.470530019375899
2233,egc,6.314337189019663
2234,eea,0.5830032136618493
2235,ei,5.665874560293609
2236,nc,1.9276668094052107
2237,egb,5.792186938388198
2238,egc,5.365237745151371
2239,eps,2.9601132527312064
2240,nc,1.8208752661936418
2241,eea,0.9987598330745504
2242,egb,5.329858361850035
2243,egc,5.2621310819120195
2244,nc,1.5610957867208592
2245,egb,5.89651924137987
2246,ei,6.294534244488514
2247,egc,3.7143253692320704
2248,egc,4.503145180613392
2249,egc,1.8139036694166912
2250,egc,4.825417442616025
2251,egc,4.352059382472555
2252,egc,5.487941252830745
2253,egc,5.757364097813031
2254,egc,4.335217989387684
2255,egc,5.808649263760361
2256,egc,6.424998478366267
2257,egc,5.187608505204622
2258,egc,5.905244800915491
2259,egc,4.3071230902265665
2260,egc,4.9397863163332385
2261,egb,6.2907787326432185
2262,egc,5.374297800439107
2263,egc,5.391459094888078
2264,egc,5.99218702815675
2265,egc,6.245342246167689
2266,egc,5.50089368284609
2267,egc,4.977310489299511
2268,egc,6.8206450078791745
2269,egc,5.3302912434395875
2270,egc,5.786054459831029
2271,egc,5.978454496816414
2272,egc,4.689505618881307
2273,egc,6.274344330917396
2274,egc,4.21168779722997
2275,egc,5.89000534487332
2276,egc,5.487013842652628
2277,egc,6.289330576500737
2278,egc,5.0494715910578005
2279,egc,5.694800924943563
2280,egc,5.78914402000312
2281,eea,1.7041416614611642
2282,egb,3.944725271834593
2283,eps,3.4828694988718327
2284,egc,4.333998087947736
2285,egc,3.6935584662746455
2286,egc,4.159929999800515
2287,egc,3.7170012308102947
2288,egb,6.1010055312161136
2289,egc,3.413784650668
2290,egc,4.302295710876477
2291,egc,4.218141299007116
2292,egb,5.532717385712143
2293,egc,5.377749276778268
2294,ei,6.358770810127375
2295,eps,3.854498973892269
2296,nc,1.7300813409681512
2297,egc,5.402691675349164
2298,egc,4.708249759108225
2299,egc,5.4527710772068225
2300,egc,5.858537332355109
2301,egb,4.168349258557756
2302,egc,6.196807530925991
2303,egc,6.672154879825967
2304,egc,5.077517196433121
2305,egc,4.167851799767089
2306,egc,5.4221682237904725
2307,ei,6.390086278643937
2308,eps,3.8449202718121684
2309,nc,1.7208534011003649
2310,egc,4.82844540600245
2311,egc,5.4368419054113435
2312,egc,5.573972987979177
2313,egc,5.390446253052755
2314,egc,5.416705551643757
2315,egc,5.729728732638453
2316,egc,5.749615147400165
2317,egc,5.451683552774007
2318,egc,5.991807446143715
2319,egb,6.982769637324823
2320,egc,5.645359176002163
2321,egb,8.58733101725805
2322,ei,7.180120781084005
2323,nc,1.1299135661253645
2324,egc,6.025563325919513
2325,egc,5.575201839179711
2326,egc,4.760923785356942
2327,egc,5.720448461831705
2328,egc,5.706501790527847
2329,egc,4.547802273335655
2330,egc,3.719680831191898
2331,egc,6.401372232054802
2332,egc,5.278942050484395
2333,egc,4.720491384182452
2334,egc,6.227938116439263
2335,egc,4.741914680808072
2336,egc,6.078669569522583
2337,egc,3.9610757366448293
2338,eea,1.1178712321765365
2339,egb,4.56392120327823
2340,eps,3.7010682463904216
2341,nc,1.8861053657690423
2342,ei,5.9445519578949195
2343,eps,3.83466609116649
2344,nc,1.8865821577711788
2345,egc,3.7365565745328118
2346,egc,5.368598275098343
2347,egc,4.379564742443395
2348,egc,3.852919445562038
2349,egc,4.03127279825318
2350,egc,4.324080830199082
2351,egc,4.083515705421038
2352,egc,4.192192274361514
2353,egc,4.437923841221065
2354,egc,4.50705049656629
2355,egc,3.4103251359015747
2356,egc,3.881486567273661
2357,egc,4.18471055492015
2358,egc,3.9247115741618797
2359,egc,4.168867048457087
2360,egc,3.133108007515454
2361,eea,2.542654355172902
2362,egb,3.6641632362932492
2363,ei,6.27245847777432
2364,eps,4.766428455973539
2365,egc,5.72217784533458
2366,egc,5.411422622469479
2367,egc,4.906807009386744
2368,egc,5.762361569349337
2369,egc,6.259581291895771
2370,egc,5.039046171511161
2371,egc,5.814320467665531
2372,egc,4.205612522149635
2373,egc,4.191390417874362
2374,egc,4.046092199735741
2375,egc,4.09425102503274
2376,egc,5.387001226149422
2377,eea,1.3460402433104592
2378,nc,1.8170566290324084
2379,egb,4.045391774341371
2380,nc,1.8913244252917547
2381,eea,1.6604207639846538
2382,egc,5.061536522621097
2383,nc,1.7502159860301967
2384,egc,5.164012169320188
2385,egb,7.849887288252063
2386,egc,6.033070282283685
2387,egb,7.402295033301535
2388,egc,4.093581452082635
2389,egc,5.508200239349157
2390,egc,5.30410835664264
2391,eea,1.3869393307644864
2392,ei,7.022186404985694
2393,eps,3.264761975845304
2394,nc,1.6348072934851998
2395,egc,5.390732178041151
2396,eea,-0.3607097054976536
2397,egc,5.6667120429191336
2398,eps,2.2640439043047165
2399,nc,1.7844599696179482
2400,egc,5.914164090256014
2401,egc,5.48993824118546
2402,egc,4.1024762522610265
2403,egc,4.902403072886827
2404,egc,4.11587084251096
2405,egc,5.52833089144159
2406,egc,6.014666490001845
2407,eea,0.3742510403372168
2408,egb,5.310438726804005
2409,egc,5.503961184078246
2410,ei,6.867418255787827
2411,eps,1.5231966976972342
2412,nc,1.3838157320997246
2413,egb,5.436573893628873
2414,egc,5.47080622347551
2415,egc,5.844180140440256
2416,egc,4.39519733366085
2417,egc,3.7209242637256104
2418,egb,3.57244478020183
2419,egc,4.571542224544409
2420,egc,4.599348377088956
2421,egc,3.9839885258015304
2422,egc,4.391225988395623
2423,eea,2.324769153830254
2424,egc,4.307726112476528
2425,eps,4.023292192767414
2426,egc,4.025523453357394
2427,egc,4.067974013860732
2428,egc,4.293758340301101
2429,egc,4.045994990847891
2430,egc,4.074951836076715
2431,egc,3.5954205792556664
2432,eea,2.1156751841472214
2433,ei,6.117695485374026
2434,eps,5.241439309250271
2435,egc,5.791510589071832
2436,egc,6.191755472860354
2437,egc,3.630246037208061
2438,egc,5.836400625309768
2439,egc,5.912972814029436
2440,egc,5.467514954861131
2441,egc,6.063294301447677
2442,egb,7.396586275746525
2443,egc,5.5084288671757715
2444,egc,5.955743229161832
2445,egc,5.568227662297022
2446,eea,0.948658846894259
2447,egb,4.338027337964261
2448,nc,1.5660398992879818
2449,eea,1.2331051501865895
2450,egb,5.118890310050354
2451,ei,6.682295495349372
2452,eps,2.744648175248793
2453,egc,3.892104675399437
2454,egc,4.457446388627694
2455,egc,6.789113061823185
2456,egc,3.7389123945418086
2457,egc,5.926682538669161
2458,egc,5.871563510267101
2459,egc,5.594273101334755
2460,egb,7.254532961538485
2461,egb,7.322275720900092
2462,egc,5.660308594372221
2463,egc,6.139461577761418
2464,egc,4.738998834787969
2465,egc,5.580484020593314
2466,egc,4.610779394539373
2467,egc,4.418924609449866
2468,egc,5.691940646888678
2469,egc,6.443609306885208
2470,egc,3.6616365630262457
2471,egc,3.759364022904314
2472,egc,3.762888125499109
2473,egc,3.822003140217415
2474,egc,5.203936700790708
2475,egc,5.474546055025264
2476,ei,6.435524928462493
2477,nc,1.7190936367396745
2478,egc,3.292758183244198
2479,egc,4.030350388724583
2480,egc,4.344718125200628
2481,egc,5.529328965003567
2482,egc,5.562582069194997
2483,egc,5.310192838526296
2484,egc,3.801010834151289
2485,egc,4.110706807284128
2486,egc,3.9762341073887226
2487,egc,3.8739737690292095
2488,egc,4.222229984279635
2489,egb,2.844887712125745
2490,ei,5.590426539420509
2491,eps,4.754210862126891
2492,eea,1.4680916437761413
2493,egb,3.7473993414697704
2494,nc,1.9371899293228387
2495,eea,1.791152331884791
2496,egb,3.356235346920158
2497,ei,5.265460416155123
2498,egb,3.63895476588409
2499,ei,6.115721032619975
2500,nc,1.9758070775361236
2501,eea,2.4806960256102495
2502,egb,3.2516991344583257
2503,eps,4.688285190916599
2504,nc,1.986049768168473
2505,egb,4.165755206365963
2506,egc,3.9158380851627475
2507,eea,1.1208600014917438
2508,egb,4.353656530060808
2509,eps,3.8149993556928674
2510,nc,1.904256523826078
2511,eea,1.1566628050169523
2512,egb,4.28129228462064
2513,egc,4.401208242904267
2514,egc,3.0684898948388994
2515,egc,4.140803753868282
2516,eea,3.55883470149481
2517,ei,6.089802905608644
2518,eps,5.696356223865584
2519,nc,2.058992962887871
2520,egc,4.541397177378505
2521,egc,5.4942549700965655
2522,egc,5.6731859679097365
2523,eea,1.0198360350797095
2524,egc,5.639141639453262
2525,eps,3.554665978020536
2526,nc,1.6770827831813278
2527,egc,4.355566894127356
2528,egb,5.400647026293104
2529,egc,5.096760209868378
2530,ei,6.061295738552545
2531,eps,3.2917389947930475
2532,nc,1.837032531704456
2533,eea,2.177313255430194
2534,ei,6.060097863625966
2535,eps,4.5244435090127935
2536,egb,3.0616190663791913
2537,ei,7.0218510649148085
2538,eps,4.9325779577694755
2539,egc,4.037160385403899
2540,egc,4.074187577931041
2541,ei,6.155808837928053
2542,egb,4.992486074714108
2543,egc,4.874706414704358
2544,ei,6.231325886554438
2545,egb,3.277566743114292
2546,ei,6.138694043104235
2547,eea,2.052356086855006
2548,egb,3.56528094165038
2549,ei,6.212953987746295
2550,eps,5.195797459275291
2551,egc,4.126921576922707
2552,egc,4.42113399688778
2553,egc,3.9889778654404866
2554,egc,4.010469208287601
2555,eea,1.0055262378651326
2556,ei,6.305701870844143
2557,eea,2.066485017001783
2558,ei,6.4661173921151684
2559,eea,0.970547936080357
2560,egb,5.330437304353806
2561,ei,6.875427222706922
2562,eps,2.3010996972622273
2563,eea,1.0967333938158816
2564,egb,5.784772488139761
2565,ei,6.673915020562801
2566,eps,3.4924464403648816
2567,eea,0.9755370493011188
2568,egb,5.656582541269424
2569,egc,5.285797099744427
2570,ei,6.339354985523816
2571,egb,3.7177565771778367
2572,egc,4.310370451268765
2573,eps,4.120533719300997
2574,eea,1.5176788176824605
2575,egb,5.099701473635386
2576,ei,6.590348702420862
2577,eps,3.2008554045523634
2578,nc,1.7127960881271365
2579,egb,4.2392811107309925
2580,ei,5.791861444211608
2581,eea,1.285833798468734
2582,egb,4.183732512128369
2583,eps,4.082668154110006
2584,eea,1.4014944195565557
2585,egb,5.248252353085639
2586,eps,3.696844011190567
2587,egc,4.528336999723287
2588,egc,3.9290110111073586
2589,eea,1.0157871732434272
2590,egb,5.617440768117236
2591,egc,5.507671292141138
2592,eps,3.887228482807843
2593,nc,1.7231831477501773
2594,egb,4.430683111286144
2595,eps,3.324899717122481
2596,nc,1.8017507374659705
2597,ei,5.930414375006968
2598,nc,1.906215624817278
2599,egb,3.2706019787014373
2600,eps,4.668268375749092
2601,nc,2.0461019567689926
2602,ei,5.77135982701358
2603,eps,3.9307918619576645
2604,eps,4.332036856450825
2605,nc,1.9450838330243443
2606,egb,3.3351416847057074
2607,ei,6.017391497362358
2608,eps,4.749828304506221
2609,nc,1.9856738916730614
2610,egb,3.095912653060097
2611,ei,6.122746510084946
2612,eps,4.83044196662815
2613,nc,2.0238159818487222
2614,eea,1.207737434440268
2615,eps,4.167512832952286
2616,nc,1.9343013496792418
2617,eea,1.2689923572435744
2618,ei,5.867713208788143
2619,eps,4.403983278930115
2620,nc,1.9469806025082268
2621,eea,1.4388090295786085
2622,egb,4.2343406254458955
2623,ei,6.0695424330595795
2624,nc,1.83167308157397
2625,eea,1.2450591055865587
2626,eps,4.339087518541719
2627,eea,1.4270366836543613
2628,egb,5.215009684443254
2629,egc,5.305087315572343
2630,eps,4.096728919582672
2631,egc,4.650842945234901
2632,egc,5.238527081480658
2633,eea,1.8974251553026316
2634,eps,3.7493670830544277
2635,eea,1.4166205355264674
2636,egc,4.9353105480734065
2637,ei,6.230587988609513
2638,eps,3.775108365512522
2639,nc,1.8589774111595139
2640,egc,3.9522998304138848
2641,egc,6.2228509136218655
2642,egc,5.298962921962618
2643,egc,5.9160826572098575
2644,eea,0.16700361238519124
2645,egb,6.388601971738346
2646,ei,6.337263861199877
2647,eps,2.5969791318916027
2648,egc,4.142410714928021
2649,eea,1.8815925309580541
2650,eps,3.7712337698597884
2651,nc,1.7916984654311707
2652,egc,4.7676518321397
2653,eea,1.7171752429595388
2654,egb,3.33417632844891
2655,egc,3.746905769225566
2656,egc,3.956014284835704
2657,eea,1.3912083412966294
2658,egb,4.389264921526231
2659,ei,6.111526161130233
2660,eps,3.4046479202945465
2661,nc,1.8088374793713573
2662,eea,1.5143786989826395
2663,ei,5.791384990442552
2664,eps,4.255231181104832
2665,egc,4.93032957400701
2666,egc,5.708738716589397
2667,egc,4.422701525255634
2668,egc,3.465449865978788
2669,egc,4.905290176855956
2670,egc,3.472458346382478
2671,eps,3.8425196787634412
2672,eea,1.459480899731388
2673,egb,3.2272718649342713
2674,ei,5.532070501758365
2675,nc,2.053529794139592
2676,ei,5.491109021039476
2677,nc,2.2627177848382427
2678,eea,2.3373257464875974
2679,egb,2.613498463003955
2680,eps,4.99912596389915
2681,nc,2.2297786266488986
2682,eea,1.8773032939345198
2683,ei,5.611111523290464
2684,nc,2.339873574859398
2685,eea,1.7469871115158258
2686,eps,4.617794749476631
2687,nc,2.122943552771331
2688,eea,2.3329583999016714
2689,egb,2.1857310674716213
2690,eps,5.464220212795673
2691,nc,2.1725109622798615
2692,eea,3.0396568969872697
2693,eps,5.033756711209991
2694,nc,2.1778172971392955
2695,egb,2.424867932980198
2696,ei,5.935250031255277
2697,eps,5.738449643240926
2698,eea,2.662196317873852
2699,ei,5.528441551745033
2700,eps,5.452225594038801
2701,egc,3.897148367892513
2702,eea,1.6967721574705008
2703,ei,5.37401835407737
2704,nc,2.033447597776505
2705,eea,2.060681218323115
2706,egb,3.167426381368146
2707,ei,5.200047819815407
2708,eps,4.875005261413059
2709,nc,2.076705818218775
2710,egb,2.6866900513652023
2711,eea,1.5135267446470397
2712,nc,1.9448435241367805
2713,egb,3.5390398920821724
2714,ei,5.778906507704302
2715,eps,4.125413675367293
2716,nc,1.9874407708137845
2717,eea,3.510713337790067
2718,egb,2.2694518851538468
2719,eps,5.27929662576489
2720,nc,2.1054740173043043
2721,ei,6.426171441648635
2722,nc,2.1383435994001534
2723,egb,3.5337929086916597
2724,egc,4.186943251460378
2725,nc,1.973825151713123
2726,eea,2.2040171569548774
2727,egb,3.7268780763712406
2728,egc,4.172438844162484
2729,ei,6.257381655592352
2730,eps,4.1691450601667155
2731,nc,1.9193440533911401
2732,egb,3.6476469230149595
2733,ei,6.162798475259819
2734,eps,4.338313153670059
2735,egb,3.0111435119075067
2736,eps,4.539204173045518
2737,nc,2.0812041975350577
2738,egb,2.897749679627335
2739,ei,5.941662154067982
2740,eps,5.444819065139176
2741,eea,1.9514321970308832
2742,egb,2.9677730643989904
2743,ei,6.043470351065956
2744,eps,5.693993776869648
2745,nc,2.235553723070876
2746,eea,2.4120923449932166
2747,egb,3.3366659934979745
2748,nc,1.9799121723005242
2749,eea,2.642558341491471
2750,ei,6.252314497360433
2751,eps,4.721570067236654
2752,eea,2.086185916580058
2753,egb,3.075729153561648
2754,ei,5.633622934079159
2755,eps,4.629368359703852
2756,nc,2.062806063992452
2757,eea,2.0011792031138738
2758,egb,3.0410250354373476
2759,eps,5.435567114974522
2760,ei,5.998511439451825
2761,nc,2.2757905406091767
2762,ei,6.072208739251334
2763,eps,3.5234673321500516
2764,eea,1.3286391914915048
2765,egb,4.31311733134435
2766,ei,5.869962290268588
2767,nc,1.885120438843265
2768,egb,3.2765832838478532
2769,nc,1.9672416962964634
2770,egc,4.678218358420806
2771,egc,4.90558549558784
2772,egc,5.438929559747994
2773,egc,4.496635205379584
2774,egc,5.266441361387297
2775,egc,3.9603519510457312
2776,egc,3.8675405035253516
2777,eea,1.2871404364117924
2778,egb,4.548626548313434
2779,egc,4.564382199924391
2780,nc,1.776922947738387
2781,eea,1.3332038453562187
2782,ei,5.854042561828041
2783,eps,4.034946594378239
2784,nc,1.8592479622475588
2785,egc,4.722296875701607
2786,egc,4.352049778421375
2787,egc,4.824465169395438
2788,egc,5.431773677021093
2789,egc,5.1437787936049215
2790,egc,4.697733206229226
2791,egc,4.394545262984061
2792,egc,3.191819558614142
2793,eea,1.2605428971954287
2794,egb,3.5461840944700707
2795,ei,5.469996264817791
2796,eps,4.074207848652891
2797,egb,3.865733290488426
2798,eps,3.42268650398673
2799,nc,1.8847308835868342
2800,eea,1.2959968019931145
2801,egb,3.7783097881762564
2802,eps,3.579372687361393
2803,nc,1.9100705270086873
2804,eea,1.9130122241024554
2805,egb,3.4522547125040957
2806,eea,2.492180350256594
2807,egb,3.136804934173881
2808,eps,4.695303754897259
2809,eea,1.333617812013633
2810,ei,6.088049750464187
2811,eea,1.4254248995573284
2812,ei,5.819798086900876
2813,eps,4.190728977129464
2814,nc,1.884021899966513
2815,eea,1.558491851809329
2816,egb,2.7258828903361176
2817,ei,5.511079199431699
2818,eea,1.2832556302283606
2819,ei,5.822256436063747
2820,eps,3.595930552136002
2821,egb,3.6137718283842943
2822,eea,1.8161847762134506
2823,egb,3.5480708172599114
2824,eps,4.631739544428119
2825,nc,1.9586630607969595
2826,egc,3.0347589715756556
2827,eea,1.2950100923706596
2828,egb,3.8299827948198777
2829,eps,3.566379359297599
2830,nc,1.9041339201683858
2831,eea,1.5370863506457928
2832,ei,5.077869819918625
2833,nc,2.045126432018012
2834,egc,4.91890140739417
2835,egc,3.9594812304738456
2836,egc,3.039684003796496
2837,egc,3.5498722332128043
2838,tg,25.959312510495977
2839,tg,-67.50646419670309
2840,tg,33.424012739136785
2841,tg,52.06070036388327
2842,tg,171.08216705447407
2843,tg,52.24951136518165
2844,tg,117.47996327669992
2845,tg,119.29024744212427
2846,tg,142.66367432239733
2847,tg,113.57613942530452
2848,tg,86.24362047371164
2849,tg,151.42319700926012
2850,tg,104.53237924981636
2851,tg,60.85672820180304
2852,tg,45.707796099490395
2853,tg,74.04620478258184
2854,tg,122.50612461721425
2855,tg,57.34484617889329
2856,tg,114.53238449248155
2857,tg,51.14895926058945
2858,tg,55.33199370441943
2859,tg,64.62984624913781
2860,tg,7.376249447184563
2861,tg,125.86675429205971
2862,tg,145.99366139070847
2863,tg,130.1110958969204
2864,tg,128.9359654302608
2865,tg,130.44425701867047
2866,tg,138.46673381240694
2867,tg,132.76717566863363
2868,tg,128.46027668179443
2869,tg,133.57272196412185
2870,tg,132.27249786857973
2871,tg,125.25532959179199
2872,tg,117.95343121656455
2873,tg,126.57623923509725
2874,tg,105.06009930025246
2875,tg,116.75773550948921
2876,tg,42.43829761451525
2877,tg,43.00806020553803
2878,tg,58.6822932051393
2879,tg,48.200525318739665
2880,tg,116.38946333871436
2881,tg,-9.691617361442155
2882,tg,158.75031603151467
2883,tg,112.39173309958393
2884,tg,208.33753847200816
2885,tg,80.91434314568204
2886,tg,219.33162056527857
2887,tg,179.8462679236374
2888,tg,138.74125323118093
2889,tg,118.1052883529157
2890,tg,92.34127806864937
2891,tg,97.77970017315798
2892,tg,118.37206501842037
2893,tg,102.21992571330088
2894,tg,124.73944518309878
2895,tg,170.7054213445833
2896,tg,205.37229401702356
2897,tg,182.9423807601791
2898,tg,153.1467655896182
2899,tg,199.50363658051117
2900,tg,155.2659730107317
2901,tg,154.90383976622348
2902,tg,144.80553610475616
2903,tg,197.78971534879346
2904,tg,123.20599147556072
2905,tg,188.19943140962772
2906,tg,282.25259085691675
2907,tg,252.73193812880777
2908,tg,223.6744686881368
2909,tg,352.90939511960585
2910,tg,302.28180026061284
2911,tg,264.68242461520174
2912,tg,326.7994882054036
2913,tg,135.82932931771302
2914,tg,143.4254100470248
2915,tg,158.08770380648392
2916,tg,241.13195571859964
2917,tg,130.78716953865873
2918,tg,228.15074091079666
2919,tg,170.81659021089334
2920,tg,174.4545835978135
2921,tg,234.43997982757259
2922,tg,173.49091849369765
2923,tg,206.5926267179137
2924,tg,228.18916122476205
2925,tg,169.3481756308174
2926,tg,155.1549821667803
2927,tg,162.62584164387482
2928,tg,195.20168645266443
2929,tg,187.51246670140097
2930,tg,171.60623236278957
2931,tg,225.15638858084438
2932,tg,164.34845101700375
2933,tg,135.64961777889198
2934,tg,248.74583705799972
2935,tg,207.3341101638061
2936,tg,141.91025931403914
2937,tg,252.32094221773605
2938,tg,214.5023015543881
2939,tg,84.9660735002644
2940,tg,214.7141920570851
2941,tg,212.66215840596243
2942,tg,190.7616787663668
2943,tg,310.91729257542
2944,tg,193.7289261761079
2945,tg,166.0997390605097
2946,tg,223.3318398658799
2947,tg,199.44814562941662
2948,tg,280.39115655955356
2949,tg,242.9679759017149
2950,tg,125.2882287739773
2951,tg,236.02538354833212
2952,tg,269.0419596922975
2953,tg,205.6361442875918
2954,tg,254.10557490576764
2955,tg,188.49038985195708
2956,tg,207.36750358158068
2957,tg,236.2126598180638
2958,tg,303.7631803960321
2959,tg,279.60157618710605
2960,tg,401.21966236873925
2961,tg,307.44937150755527
2962,tg,278.4165553184488
2963,tg,403.2629103319528
2964,tg,305.18980443064095
2965,tg,218.81667910606487
2966,tg,264.6837382413732
2967,tg,245.89786950586745
2968,tg,224.79428947761045
2969,tg,270.46512407778147
2970,tg,246.5200340755519
2971,tg,227.14523811373965
2972,tg,279.92890321539534
2973,tg,251.97475619985642
2974,tg,241.981527187244
2975,tg,262.6470063842181
2976,tg,243.10231693859657
2977,tg,219.08610253321206
2978,tg,260.1627702133843
2979,tg,180.11824056592923
2980,tg,180.3772882972518
2981,tg,262.6966250361402
2982,tg,246.97456173707798
2983,tg,224.1551258048953
2984,tg,262.484649993145
2985,tg,236.8434214857615
2986,tg,220.89475767212178
2987,tg,262.9058037461961
2988,tg,243.93271076575752
2989,tg,222.28941246782506
2990,tg,266.0466318973664
2991,tg,247.18082705839717
2992,tg,229.4164587456009
2993,tg,260.6567586848532
2994,tg,239.95598716494575
2995,tg,226.99928254051034
2996,tg,269.0809002542516
2997,tg,244.92974002369857
2998,tg,226.65689433294818
2999,tg,258.8701880730637
3000,tg,253.26408679024766
3001,tg,217.1452783927735
3002,tg,277.9014317724391
3003,tg,251.1380933844316
3004,tg,228.6204663166926
3005,tg,273.6886716591548
3006,tg,249.5448079066433
3007,tg,228.29176063123322
3008,tg,284.80318465870903
3009,tg,250.3324763677324
3010,tg,177.20591508604502
3011,tg,245.4330799527643
3012,tg,225.54455210831213
3013,tg,198.66614136830447
3014,tg,255.98296781018414
3015,tg,247.77649799925712
3016,tg,217.86550970832758
3017,tg,277.25118681756464
3018,tg,233.56774505592054
3019,tg,209.4309761853549
3020,tg,269.73442277145483
3021,tg,245.25826362236194
3022,tg,198.3298075467108
3023,tg,273.2686624516789
3024,tg,246.0842743602181
3025,tg,212.3798003131962
3026,tg,192.09134158208192
3027,tg,225.10314770230096
3028,tg,176.24082905461006
3029,tg,194.4929298568111
3030,tg,224.45541944707185
3031,tg,156.12331812236968
3032,tg,240.4729836037148
3033,tg,221.52846524405547
3034,tg,166.55679642788084
3035,tg,239.88202090715257
3036,tg,155.88956988816
3037,tg,147.89960330994853
3038,tg,185.66957599328495
3039,tg,196.61854933438525
3040,tg,155.17405006845357
3041,tg,187.62874862997492
3042,tg,161.85476096475037
3043,tg,153.08066564399164
3044,tg,219.72284054967992
3045,tg,205.70146792567277
3046,tg,165.67381528371226
3047,tg,191.82342687410195
3048,tg,154.3870660586246
3049,tg,189.4182944099498
3050,tg,237.52411395417448
3051,tg,205.61721376390307
3052,tg,163.75514395294243
3053,tg,234.22299739768619
3054,tg,231.8824407151312
3055,tg,195.28433434876905
3056,tg,246.62760835341498
3057,tg,229.7707476259045
3058,tg,188.20121000743907
3059,tg,229.2116566217499
3060,tg,225.20925878269585
3061,tg,193.06972970427793
3062,tg,239.0444866763467
3063,tg,217.09697336702283
3064,tg,182.62285745172025
3065,tg,238.6656290847768
3066,tg,216.8041582896838
3067,tg,171.57489392457035
3068,tg,227.15151360510333
3069,tg,221.99467897602767
3070,tg,155.85456776605787
3071,tg,226.60937618228047
3072,tg,178.37041542309805
3073,tg,152.186226037872
3074,tg,225.4908690189783
3075,tg,213.35611069498736
3076,tg,181.32165870408681
3077,tg,217.05619242780875
3078,tg,216.30579973510987
3079,tg,171.1644052552876
3080,tg,183.80827826101878
3081,tg,211.43409351934025
3082,tg,165.26838602611957
3083,tg,194.8160038577928
3084,tg,204.689832705449
3085,tg,161.2297756755022
3086,tg,189.09336702550831
3087,tg,197.17096165498495
3088,tg,154.54794543314225
3089,tg,205.1715043057854
3090,tg,210.87101611497224
3091,tg,172.8409043988682
3092,tg,340.63851390937197
3093,tg,258.893560213956
3094,tg,245.3569416596183
3095,tg,301.4853135961153
3096,tg,263.23856736596736
3097,tg,282.7355110524261
3098,tg,318.4935599852372
3099,tg,208.55686852094357
3100,tg,205.00427709291816
3101,tg,231.47056038247865
3102,tg,206.84717105258412
3103,tg,218.7817704660232
3104,tg,272.25834085762654
3105,tg,313.55090495000877
3106,tg,222.57556186780891
3107,tg,257.73641163129327
3108,tg,247.68809485977755
3109,tg,231.90640463811062
3110,tg,254.03889211981618
3111,tg,227.7331443533683
3112,tg,231.7378052711732
3113,tg,245.242838269497
3114,tg,239.27168547611114
3115,tg,233.08381687993312
3116,tg,260.7493628268415
3117,tg,246.75548530903706
3118,tg,226.11312463206076
3119,tg,256.80073261741944
3120,tg,244.63847918722578
3121,tg,177.49702960277102
3122,tg,222.09058018964438
3123,tg,238.5236404024613
3124,tg,221.8211502593973
3125,tg,270.26268257917917
3126,tg,238.27487082046542
3127,tg,187.1453602112758
3128,tg,222.74979942232386
3129,tg,205.50446952165225
3130,tg,162.4301145958767
3131,tg,210.0130231320108
3132,tg,214.01748895681993
3133,tg,197.3431507330444
3134,tg,261.0331581046765
3135,tg,230.9740812237639
3136,tg,212.6331805929919
3137,tg,235.8814569422587
3138,tg,308.9175113316622
3139,tg,201.33482496043138
3140,tg,251.4198206765115
3141,tg,328.1197345325233
3142,tg,194.22956731873225
3143,tg,260.4792500711093
3144,tg,243.76271973545033
3145,tg,220.15398956721384
3146,tg,244.36358014999755
3147,tg,240.70511825627204
3148,tg,209.80312908097045
3149,tg,250.9594792437117
3150,tg,231.63236401006372
3151,tg,187.62661561322125
3152,tg,231.6941369556218
3153,tg,205.1465454085276
3154,tg,185.95790068017152
3155,tg,231.51182905418216
3156,tg,234.24739702835615
3157,tg,197.93858756230946
3158,tg,263.1870498088865
3159,tg,237.82101948132467
3160,tg,217.66775694472346
3161,tg,258.97815253691834
3162,tg,225.5296339972362
3163,tg,213.9910668620939
3164,tg,230.94235259955317
3165,tg,232.00138891464724
3166,tg,216.02485931811287
3167,tg,253.52548539216917
3168,tg,243.11685786988068
3169,tg,209.69657578978516
3170,tg,273.36698932154286
3171,tg,237.89359407574807
3172,tg,229.78586082997617
3173,tg,234.2962223020955
3174,tg,229.37154183487664
3175,tg,221.47409282613663
3176,tg,262.65202677730906
3177,tg,242.6028008322478
3178,tg,261.09799401026805
3179,tg,249.8108107032648
3180,tg,266.70331492110097
3181,tg,222.15971464424254
3182,tg,278.2289278813247
3183,tg,242.52261761098964
3184,tg,217.7870302992324
3185,tg,269.79306772598085
3186,tg,237.29125095443305
3187,tg,239.89004573237824
3188,tg,244.06705180263918
3189,tg,230.5926288953504
3190,tg,233.6465691293082
3191,tg,264.77592618497056
3192,tg,244.3543197357987
3193,tg,233.09047605418846
3194,tg,304.2701100362199
3195,tg,242.5981446127489
3196,tg,232.87019004957386
3197,tg,292.7239862990417
3198,tg,175.7587445074326
3199,tg,181.1319567781078
3200,tg,268.60895729130385
3201,tg,240.76732690952065
3202,tg,226.9206925787176
3203,tg,251.29858988894506
3204,tg,233.96872619320982
3205,tg,215.41698856191795
3206,tg,249.83178970340907
3207,tg,237.4761470896165
3208,tg,223.39877627272583
3209,tg,234.3046503195124
3210,tg,229.3421738359146
3211,tg,217.8868073603649
3212,tg,254.0549027516684
3213,tg,231.41547912667522
3214,tg,227.49185983930983
3215,tg,247.45754696358586
3216,tg,260.8552983235402
3217,tg,202.7549523982813
3218,tg,234.84315901261414
3219,tg,359.961668755206
3220,tg,221.91673282112095
3221,tg,239.26612532573193
3222,tg,262.9228548740257
3223,tg,240.09579730880859
3224,tg,244.73632482770023
3225,tg,296.45975704388786
3226,tg,230.94910932030638
3227,tg,230.8153730717116
3228,tg,274.6044511874609
3229,tg,229.92366151598267
3230,tg,236.3701258780431
3231,tg,302.38505648016974
3232,tg,252.1619869478891
3233,tg,254.01126695161634
3234,tg,238.45508472375056
3235,tg,217.29057064981725
3236,tg,254.05451256567687
3237,tg,235.72231308251585
3238,tg,215.63834757800925
3239,tg,254.47284397338927
3240,tg,236.35799759680657
3241,tg,226.40746143476673
3242,tg,259.65978145171096
3243,tg,240.82381283489357
3244,tg,225.66921653260397
3245,tg,257.66755680998904
3246,tg,234.87068013121626
3247,tg,228.32394447243408
3248,tg,278.47906311429085
3249,tg,240.94560288904788
3250,tg,223.52513150298094
3251,tg,259.92375528117657
3252,tg,239.31526925136438
3253,tg,226.74875712155261
3254,tg,259.74252689431347
3255,tg,233.42852669414486
3256,tg,228.6906347641683
3257,tg,287.2295172284007
3258,tg,237.54881272743793
3259,tg,229.40830385837802
3260,tg,267.8741460258665
3261,tg,235.82356634731627
3262,tg,232.90115130800126
3263,tg,281.2135125552892
3264,tg,232.3395175918019
3265,tg,213.28430346634727
3266,tg,250.77858901804132
3267,tg,236.29035885517592
3268,tg,150.96458540102276
3269,tg,180.1792721581034
3270,tg,191.48181578697293
3271,tg,212.7698172241237
3272,tg,253.3754848908277
3273,tg,235.62685407968956
3274,tg,153.34014420567988
3275,tg,249.40389873890433
3276,tg,246.81743383829132
3277,tg,227.09423430154766
3278,tg,260.88715050664825
3279,tg,238.95326119152844
3280,tg,229.76071984592232
3281,tg,269.2407334425795
3282,tg,242.09758801042275
3283,tg,212.88858983994353
3284,tg,231.49903095366017
3285,tg,236.5326188342132
3286,tg,228.90346821634483
3287,tg,243.79305019319145
3288,tg,233.44039485138703
3289,tg,192.71946624278686
3290,tg,241.00548343254707
3291,tg,234.4015790229068
3292,tg,206.02440536155743
3293,tg,239.0667402840633
3294,tg,278.14778220128744
3295,tg,182.28623099063293
3296,tg,204.7928027886121
3297,tg,248.9881555649357
3298,tg,169.13843602839867
3299,tg,212.3534367463689
3300,tg,189.99600704054984
3301,tg,171.74400053329677
3302,tg,209.55862553248193
3303,tg,220.21054052358537
3304,tg,216.50634883165327
3305,tg,244.9463619469375
3306,tg,249.2435713149872
3307,tg,230.880722722192
3308,tg,252.05285842915976
3309,tg,251.8628768698868
3310,tg,215.88946477905412
3311,tg,267.22224928362795
3312,tg,247.12806090614345
3313,tg,173.0695468868013
3314,tg,250.4523284981288
3315,tg,194.48238508039015
3316,tg,145.49228153658456
3317,tg,275.01906282205414
3318,tg,245.38313614584925
3319,tg,206.5805894800752
3320,tg,256.6696821490663
3321,tg,232.9911672162458
3322,tg,184.410289724241
3323,tg,243.98240745487794
3324,tg,219.77437111296047
3325,tg,224.97793701762097
3326,tg,262.70565133874413
3327,tg,239.02094545485812
3328,tg,225.4238675811338
3329,tg,276.64200243519826
3330,tg,242.6834002518969
3331,tg,201.84877794846653
3332,tg,241.23322198959977
3333,tg,222.19775127531625
3334,tg,190.42983533522562
3335,tg,249.67239872587157
3336,tg,235.73952028474204
3337,tg,226.50236767410505
3338,tg,267.4299062683169
3339,tg,243.63988918531862
3340,tg,216.84187626886444
3341,tg,276.2915113652121
3342,tg,249.52013514577928
3343,tg,202.83750925098786
3344,tg,261.59272383512075
3345,tg,360.05827880670734
3346,tg,183.19259077879366
3347,tg,268.7660331652916
3348,tg,237.06368147797667
3349,tg,216.60736148175891
3350,tg,265.6217713773959
3351,tg,246.10045407266662
3352,tg,212.55622941236356
3353,tg,295.66416780717077
3354,tg,247.64803576464777
3355,tg,224.6865591253507
3356,tg,290.5124771300834
3357,tg,246.37467678750954
3358,tg,221.78312013142346
3359,tg,265.36417058579184
3360,tg,239.5304698318895
3361,tg,221.36838493793294
3362,tg,257.89924925175586
3363,tg,251.10933667685632
3364,tg,212.07847918124196
3365,tg,237.5975729701787
3366,tg,219.77028066314932
3367,tg,177.14768958145987
3368,tg,226.97854415506083
3369,tg,200.12643845398173
3370,tg,163.31594084623345
3371,tg,295.657482620516
3372,tg,265.9605438614366
3373,egc,3.4715007453670763
3374,tg,194.45439248704827
3375,tg,186.8002732172723
3376,tg,177.147637556661
3377,tg,257.47254185142543
3378,tg,183.39041832804617
3379,tg,60.27047374953851
3380,tg,152.9208316427763
3381,tg,80.7456657415463
3382,tg,42.96670699353636
3383,egc,4.29690659968624
3384,tg,152.33104925883842
3385,tg,140.31536147392958
3386,tg,34.84858179419021
3387,tg,169.33177156142375
3388,tg,71.85573964476635
3389,tg,62.47636424021891
3390,tg,146.40247226022768
3391,tg,148.02779647880124
3392,tg,73.23489755350624
3393,egc,3.4883360161614148
3394,egc,4.17139987743855
3395,egc,4.276578375202757
3396,egc,3.601931424929635
3397,egc,2.1664862877319653
3398,egc,3.781729778391651
3399,egc,3.6154723425968065
3400,egc,3.9510577999314394
3401,egc,3.600807260223707
3402,tg,141.9554192781206
3403,tg,174.07057229960554
3404,tg,228.96515011850488
3405,tg,166.19332679635164
3406,egc,5.439768640696286
3407,tg,55.916492319722096
3408,tg,33.813366333878676
3409,tg,7.710977003113129
3410,tg,133.57350152321743
3411,egc,4.224203044292725
3412,tg,25.630710874634346
3413,tg,38.896891518246875
3414,tg,21.351762210987957
3415,tg,-20.916839132991385
3416,tg,-4.541344360123929
3417,tg,23.23916988918691
3418,tg,-57.255367765392464
3419,tg,-9.69351626660088
3420,tg,71.52592192923113
3421,tg,101.23266411134762
3422,tg,191.70744408812152
3423,tg,113.36528291548505
3424,tg,116.18239000723771
3425,tg,135.629362248607
3426,tg,157.67165823837186
3427,tg,105.03274726224663
3428,tg,135.10060170219353
3429,tg,106.3481097613724
3430,egc,3.2193972527466017
3431,tg,161.1429527892883
3432,tg,117.32000978102467
3433,tg,131.34727990371618
3434,tg,94.02428356363865
3435,tg,120.73568006729946
3436,tg,58.38467884010451
3437,egb,3.752534817396988
3438,ei,6.999373106997507
3439,nc,2.22815365018212
3440,egc,4.254903013126841
3441,eea,3.5161522512239545
3442,egb,2.9694957397203563
3443,eps,4.851851422455441
3444,nc,1.9852764743741982
3445,eea,3.576815623394858
3446,egb,2.1786679453386313
3447,ei,6.47401731734036
3448,eps,5.288579484013344
3449,nc,2.1451556855367073
3450,eea,2.9531104789843203
3451,egb,3.7403487204379005
3452,ei,6.3758911459730925
3453,eps,6.052155869460834
3454,tg,46.76674137118643
3455,tg,19.53969944775224
3456,tg,25.898404477219103
3457,tg,27.58110757806496
3458,tg,-3.957743172601795
3459,tg,-2.7636049579426185
3460,egc,3.8461317414978673
3461,egc,3.6552936830940705
3462,egc,4.096384666650951
3463,tg,40.604429957453206
3464,tg,70.26908082573408
3465,egc,3.896218153611861
3466,egc,3.4817047810186477
3467,tg,82.66155049402664
3468,tg,57.54467343135235
3469,tg,71.2820166659296
3470,tg,47.51407110385183
3471,tg,45.90311020064749
3472,tg,61.22756096814726
3473,tg,72.85289246160472
3474,tg,31.34921173540866
3475,tg,171.0627130312467
3476,tg,114.45057549625872
3477,tg,68.01169879037225
3478,tg,76.3574584971734
3479,tg,46.89998988729181
3480,tg,31.073454288999073
3481,tg,53.39889524661304
3482,tg,55.06056732251575
3483,tg,34.74930547174684
3484,tg,37.63520560535507
3485,tg,-1.717958525457675
3486,tg,25.80583935382994
3487,tg,56.214828528841196
3488,tg,-10.90307983412498
3489,tg,52.145995021630384
3490,tg,76.45870525887396
3491,tg,78.0651595138762
3492,tg,59.23081016892361
3493,tg,48.468830212711154
3494,tg,14.477075226330015
3495,tg,54.01151326570485
3496,tg,42.19339087383547
3497,tg,38.85598702013546
3498,tg,-70.07490250450769
3499,tg,56.016542511048655
3500,tg,32.316990050185154
3501,tg,107.812350977114
3502,tg,23.73583763779756
3503,tg,-30.35930110926836
3504,tg,44.04089553130126
3505,tg,69.1442916679684
3506,tg,21.356210331291322
3507,tg,22.08817323899055
3508,tg,23.750716730274334
3509,tg,-41.06799466523836
3510,tg,28.48371182605726
3511,tg,-13.262001270681026
3512,tg,31.392327287472042
3513,tg,-36.28973799443867
3514,tg,38.18222035307201
3515,tg,4.457944366980286
3516,tg,-16.67069210503243
3517,tg,-4.051582903563258
3518,tg,-58.03213703111834
3519,tg,-45.661888455043055
3520,tg,-13.262014276880734
3521,tg,-82.871923511912
3522,tg,-64.68469113080178
3523,tg,-58.84964171435931
3524,tg,-20.159982359032938
3525,tg,21.33899012286541
3526,tg,-8.673635115756241
3527,tg,-64.2617425221897
3528,tg,-50.33609552810307
3529,tg,43.70144672487527
3530,tg,52.763126192024146
3531,tg,14.254135956973016
3532,tg,24.682793026826403
3533,tg,-16.32359565317256
3534,tg,29.18123431690465
3535,tg,11.236996765115748
3536,tg,16.125402941322605
3537,tg,75.80225634673431
3538,tg,78.52805666492047
3539,tg,-10.878966339848802
3540,egb,4.118123652399155
3541,ei,7.222732000141571
3542,eea,3.3745266224694768
3543,ei,6.251160396701902
3544,eps,5.684111666954269
3545,egc,4.463385080547097
3546,eea,4.363077614546805
3547,ei,5.837207653947808
3548,eps,6.105884682627534
3549,egc,4.0938046119093086
3550,egc,4.0053821456753305
3551,tg,54.397225124525846
3552,tg,62.241004050131764
3553,tg,-65.6092758563166
3554,egc,4.237411535604477
3555,tg,84.37983855729946
3556,tg,6.542369958499336
3557,eea,1.2962506725065965
3558,egb,5.153583872999652
3559,egc,4.982227903708467
3560,ei,6.224615761693816
3561,eps,3.698481617976544
3562,nc,1.860562049489796
3563,egb,3.3887602046949103
3564,nc,1.9978162110327484
3565,egb,3.4455913307696653
3566,ei,6.054677655897309
3567,eps,4.563044396427397
3568,nc,1.9589815384185476
3569,ei,6.657284481017227
3570,nc,1.861499516482496
3571,eea,3.1670034147212878
3572,eps,4.389633451146298
3573,egc,4.617882659450596
3574,egc,4.273394036365012
3575,nc,1.9357353650815763
3576,egb,3.550520738242207
3577,ei,6.1320311485802295
3578,eps,4.432116302596481
3579,nc,1.9679383448247754
3580,tg,142.3390509578743
3581,tg,147.34057367879885
3582,tg,127.73802452795924
3583,tg,149.83873298643016
3584,tg,136.78807482678576
3585,tg,104.95828676886417
3586,tg,134.94015071937906
3587,tg,110.9140142093851
3588,tg,81.4847235311914
3589,tg,111.69194427843577
3590,tg,160.07620542353675
3591,tg,129.32189676870203
3592,tg,188.43644989017884
3593,tg,97.9844405175603
3594,tg,76.66688899465149
3595,tg,114.3519462322513
3596,tg,159.85538291318377
3597,tg,148.7432423257468
3598,tg,133.05125545708742
3599,tg,113.75300748371232
3600,tg,112.13232444621919
3601,tg,177.46757056041096
3602,tg,116.6709402614497
3603,tg,143.26347838966126
3604,tg,159.8982350897029
3605,eea,2.296822222223491
3606,egb,2.09873614064503
3607,nc,2.190983962393422
3608,egb,2.9268094326608876
3609,ei,5.755789075681976
3610,nc,2.0753095391291003
3611,eea,2.8646793347362323
3612,ei,5.706725634054487
3613,eps,4.898632567873783
3614,eea,2.7435639951747577
3615,ei,6.340972753277845
3616,nc,2.1928386045209773
3617,ei,5.853702696881827
3618,eps,5.7420218091623
3619,nc,2.112404149850393
3620,egb,3.1792782507746384
3621,nc,2.2282859261517203
3622,eea,3.1665963772044803
3623,ei,5.2757666466754
3624,nc,2.3175915993716902
3625,ei,6.0965261526077175
3626,eps,4.3943401524053005
3627,egb,3.3994981788176144
3628,ei,6.1914145045751106
3629,eps,5.270997609643809
3630,nc,2.0541091505373172
3631,tg,111.76811183553114
3632,tg,88.93018759045009
3633,tg,113.56728870639678
3634,tg,117.23220980405698
3635,tg,85.11662676509387
3636,tg,117.6083637318606
3637,tg,119.69766177094881
3638,tg,93.78885834255291
3639,tg,89.78661657789549
3640,tg,156.23593474128575
3641,tg,102.26976872216811
3642,tg,107.51834583250081
3643,tg,107.06006913390617
3644,tg,82.64083161787673
3645,eea,3.863611961222049
3646,egc,4.073015650011949
3647,eps,5.802905908935626
3648,nc,2.048064197665582
3649,egc,4.220554416177894
3650,eea,3.6832998845889384
3651,egb,2.6262172719796513
3652,ei,7.098558686255173
3653,nc,2.0161886640083724
3654,egc,3.922314159965293
3655,egc,4.071170036459034
3656,tg,60.067433965749245
3657,tg,92.72178094448353
3658,egc,4.891305182817463
3659,nc,1.858393458922616
3660,egb,3.246208910303089
3661,eps,5.046374023524348
3662,egb,3.1155014067759996
3663,ei,5.665526612983879
3664,eps,4.3662660105947815
3665,nc,2.1716196641753416
3666,eea,2.323305331632114
3667,eps,6.630843227549302
3668,eea,2.6772258548220633
3669,ei,6.64972594203254
3670,eps,5.060689943705684
3671,egb,1.7453870924725643
3672,eps,6.368143164430724
3673,eea,2.143375339360648
3674,egb,3.2818599278697977
3675,ei,6.120792980978535
3676,eps,5.142331495234747
3677,nc,2.0301237465556663
3678,egb,2.895401241640455
3679,ei,5.819818620473057
3680,eps,5.312255141411066
3681,egc,3.9992426099119216
3682,egc,5.639439154732132
3683,egc,4.305428921578016
3684,tg,146.21086512921192
3685,tg,51.84856924649149
3686,tg,41.5290016767683
3687,tg,26.10930000563772
3688,tg,30.63415688734213
3689,tg,22.874241937514412
3690,tg,64.51055338532927
3691,tg,85.53072465479823
3692,tg,66.82402465697265
3693,egc,5.453931227895272
3694,egc,5.87066928196897
3695,egc,5.2948486025194335
3696,egc,4.52632847511549
3697,egc,5.346186111714067
3698,egb,5.691285715914395
3699,egc,5.595584953970301
3700,egc,6.036302758214932
3701,egc,4.195048159322429
3702,egc,5.5465051211959695
3703,egc,5.405716741162971
3704,egc,5.154203044775505
3705,egc,5.572562243994262
3706,egc,5.946749818044324
3707,egc,4.704558064651974
3708,egc,3.985074835123248
3709,egc,3.987087713392322
3710,egc,3.7152958691191285
3711,egc,3.7634542270657056
3712,egc,3.187987845971354
3713,egc,3.3734018353733215
3714,egc,3.67591411842913
3715,egc,3.9255701436227843
3716,egc,3.3264463906788393
3717,egc,3.503099802943715
3718,egc,3.9585286301079634
3719,egc,3.9857358555606237
3720,egc,3.5008342750363166
3721,egc,5.471818691430496
3722,egc,5.1154778746938705
3723,egc,5.663372450271083
3724,egc,6.38469137384001
3725,egc,5.229263822229284
3726,egc,4.5876911737178805
3727,tg,66.07828818377263
3728,egc,5.202263866688937
3729,egc,4.922318299802077
3730,egc,5.6268340595506805
3731,egc,5.0666037228404175
3732,egc,5.590400729205223
3733,egc,5.514643599622138
3734,egc,5.267933003730321
3735,egc,5.731008057684602
3736,egc,6.10761538528144
3737,egc,5.287387773641948
3738,egc,4.8827540721396705
3739,egc,5.619692477746704
3740,egc,5.225477395842422
3741,egc,6.094547332771604
3742,egc,5.807422655841854
3743,egc,4.2898592824624515
3744,egc,4.533397462794174
3745,egc,4.758929577737241
3746,egc,4.640909750836844
3747,egc,3.981558584015548
3748,egc,4.352854287122174
3749,egc,4.564462648457718
3750,ei,7.266729141703154
3751,eps,3.363396583185434
3752,nc,1.6222973210247742
3753,eea,1.0727993502570823
3754,egb,6.381764105295355
3755,egc,3.8314418895523827
3756,egc,3.3017725316606272
3757,egc,3.6746007702722334
3758,egc,3.459500401632149
3759,egc,4.08185838735329
3760,egc,3.676488305158033
3761,egc,6.29277625769466
3762,egc,6.559127675701243
3763,egc,5.6692631219345895
3764,tg,149.1238317740978
3765,tg,38.31821968041763
3766,tg,153.8895073853333
3767,tg,33.68117131995041
3768,tg,9.995476964885881
3769,tg,131.47496745655488
3770,tg,17.496347434940944
3771,egc,7.354711198544427
3772,egc,5.888595629059334
3773,egb,7.134373085179305
3774,egc,5.786059320275422
3775,egc,7.586454570015093
3776,eea,1.2862657148999117
3777,egb,6.958327390066408
3778,eps,3.2209650906868577
3779,nc,1.8393985468927185
3780,eea,2.109323471924022
3781,egb,3.9225404757751865
3782,eps,3.942210116679288
3783,nc,1.7643389085935193
3784,eea,1.789836092132606
3785,eps,4.555932089337088
3786,nc,1.865019248683779
3787,egc,4.461043841871277
3788,egc,3.934671746363067
3789,egb,3.304786770422121
3790,egc,4.0688623535435395
3791,egc,5.891359445987045
3792,tg,100.6363558667015
3793,egc,4.288914299908454
3794,egc,5.941370988563379
3795,egc,5.433344722200875
3796,egc,4.97415863131612
3797,tg,131.46578751821679
3798,tg,129.09038966528118
3799,tg,141.96987485621906
3800,tg,168.8621615855503
3801,tg,226.5703705893278
3802,tg,200.68847536237234
3803,tg,193.31864560602062
3804,tg,221.82175504768418
3805,tg,197.8088312108282
3806,tg,176.021437226226
3807,tg,225.94663226947756
3808,egc,3.957335110599358
3809,egc,4.064652741349238
3810,egc,4.458982721354855
3811,egc,3.4924375769380687
3812,egc,4.1405338589993725
3813,egc,3.9973007689070448
3814,egc,3.785134286013366
3815,egc,4.069127201027888
3816,egb,4.756273670807006
3817,ei,7.439755755765586
3818,eps,3.8081293493955766
3819,nc,1.785765524737385
3820,eea,2.107165622053286
3821,egb,5.134022480184315
3822,eea,1.3814297400964064
3823,egc,4.981923705318557
3824,ei,6.2416033451088335
3825,nc,1.8574973474659242
3826,egb,5.492024296671871
3827,ei,8.083576487235641
3828,eps,2.281762713222733
3829,nc,1.556412465223019
3830,egb,4.350487191347647
3831,eps,3.4413611160531437
3832,nc,1.8129881466173277
3833,egc,4.128792146988175
3834,egc,3.9170303895602547
3835,egc,3.8473823244930414
3836,egc,3.542589137700939
3837,egc,3.8957959025052658
3838,egc,3.8861924588814603
3839,egc,3.078788148335617
3840,egc,3.818628075672308
3841,egc,3.7780647696445167
3842,tg,191.59232296287234
3843,tg,130.25744246902875
3844,tg,105.08388113643582
3845,tg,119.86516699133502
3846,tg,124.2907182866467
3847,tg,47.325903909439475
3848,tg,194.15229423466087
3849,tg,168.93382412021853
3850,tg,65.63471824550851
3851,tg,93.8215884441419
3852,tg,63.46253332139591
3853,tg,35.27126377570808
3854,tg,93.8215884441419
3855,tg,63.46254632759562
3856,tg,35.27130279430723
3857,tg,78.8093547524097
3858,tg,46.24347594415357
3859,tg,215.59749510469672
3860,tg,190.9507011184106
3861,tg,153.64798225658006
3862,tg,193.89009900300667
3863,tg,190.78094745124824
3864,tg,142.31040561588406
3865,tg,87.41465967767262
3866,tg,195.30352174490224
3867,tg,196.59465044240443
3868,tg,204.29251281338014
3869,tg,201.50315119717476
3870,tg,170.04299283212356
3871,tg,166.91289316994516
3872,egc,4.183717271700002
3873,egc,4.266123255536776
3874,egc,3.8220085147472718
3875,egc,3.9841714467568394
3876,egc,3.668424640970754
3877,egc,3.230268851741462
3878,egc,3.952918742578207
3879,egc,3.887899129153809
3880,egc,2.9508076000972867
3881,egc,3.474994937534841
3882,egc,2.7348636639448554
3883,egc,3.6223252887799378
3884,egc,3.9288186029384757
3885,egc,4.075558830805267
3886,tg,163.89703508876008
3887,tg,224.3749891080191
3888,tg,190.44492252689787
3889,tg,163.42693250307235
3890,tg,221.60925975670034
3891,tg,187.3009468753959
3892,tg,210.2189958138364
3893,tg,174.98702489874702
3894,tg,156.20852580115618
3895,tg,230.670074311568
3896,tg,193.9179842952009
3897,tg,158.04809017369445
3898,tg,75.16400961109925
3899,tg,172.69150543426366
3900,tg,168.49233192235928
3901,tg,222.66013468147167
3902,tg,210.67193021589708
3903,tg,170.28761343640954
3904,tg,199.24089183691888
3905,tg,220.61048766799712
3906,tg,185.8878948101923
3907,tg,173.59291311188196
3908,tg,213.85249230720422
3909,tg,175.79464812175263
3910,tg,212.98459510315797
3911,tg,189.99849772779575
3912,tg,157.55566569774163
3913,tg,107.17185091737788
3914,tg,172.7716106183235
3915,tg,154.86945299994548
3916,tg,117.78414252104209
3917,tg,129.99220866396553
3918,tg,162.16621717783445
3919,tg,200.3323005831097
3920,tg,191.4738624958457
3921,tg,177.9446249598477
3922,tg,169.57175708128543
3923,tg,203.21162608276074
3924,tg,174.89266166824692
3925,tg,212.11766686099065
3926,eea,1.6877578074833361
3927,egc,3.9042685917821878
3928,ei,5.719428238548654
3929,nc,1.9493477228028555
3930,egc,3.924713770708865
3931,egc,4.219005032690188
3932,egc,4.256313336496375
3933,egc,4.008680658221256
3934,egc,4.046524031525995
3935,egc,3.8352575253406416
3936,egc,4.633656624170813
3937,egc,4.207545366658881
3938,egc,3.5840348013261334
3939,eea,2.1188457939095047
3940,egb,1.1730654548986248
3941,ei,5.340936647285442
3942,eps,5.668380560817846
3943,egb,1.4430831064822556
3944,eps,5.9336934003283694
3945,eea,1.5733316952844434
3946,eps,4.260585452364294
3947,eea,2.555721691484806
3948,egb,2.498932947331042
3949,nc,2.2671384628980347
3950,egb,2.4624337418468105
3951,ei,4.621580892511837
3952,egb,2.7882981757268857
3953,ei,5.453165538546482
3954,eps,4.912356800391825
3955,nc,2.1598652617080445
3956,ei,5.990165946632448
3957,nc,2.3225323720617954
3958,eea,3.0682512825429766
3959,ei,5.801195232214769
3960,eps,4.896672545433061
3961,nc,2.2008279271406397
3962,eea,2.372003381312862
3963,egb,2.0492199867168734
3964,eps,5.880231674738136
3965,eea,2.2824452535899096
3966,egb,2.1994365199564947
3967,eps,5.905227185562431
3968,nc,2.290562535994686
3969,eea,2.8006095970428655
3970,nc,2.1911299346654123
3971,eps,6.5450306496735084
3972,nc,2.560985529932908
3973,egc,3.3062916233046122
3974,egc,3.5317430560391396
3975,egb,0.5234888993596636
3976,egc,3.5686073769440916
3977,egc,3.1665912350548506
3978,egc,3.5427738345878534
3979,egc,3.5037983983550482
3980,egc,3.1138888756867775
3981,egc,2.310668005711585
3982,eps,5.151666453818551
3983,egb,0.7892670265746728
3984,egc,3.5194064069402873
3985,egc,3.6453403342090493
3986,egc,4.0490174862343755
3987,eea,3.398088934132658
3988,ei,5.666491753288396
3989,eps,5.650000814479162
3990,nc,2.1008197443166563
3991,egb,3.6771068292192792
3992,nc,1.8856804786833667
3993,eea,2.46395060247636
3994,ei,6.182163865056863
3995,eea,2.141703642944294
3996,eps,4.7325365357586815
3997,nc,2.0525833740311903
3998,eea,2.4105578950547453
3999,egb,2.9214150895925464
4000,ei,5.725369555884954
4001,eps,5.034623311281091
4002,nc,2.090180987071002
4003,egc,3.565989466818239
4004,egb,2.552829911657463
4005,ei,5.667277833354058
4006,eps,4.844207866373088
4007,nc,2.1610335450754516
4008,eea,2.885672848996813
4009,egb,2.4783648620707686
4010,eps,5.093468064385969
4011,ei,5.972120618998866
4012,eps,5.854904782306516
4013,egc,3.6550348644301716
4014,egc,3.287085857698015
4015,egc,5.362395880703128
4016,egc,3.611405552691575
4017,egc,3.0523142424306706
4018,egc,3.342140204801622
4019,egc,2.9300207880118694
4020,eea,2.0843494963437235
4021,egb,3.2081557943626167
4022,eps,5.336763360863554
4023,nc,2.07406062158799
4024,egc,4.034309127212166
4025,egc,3.813090533987932
4026,egc,4.102103633769285
4027,egc,4.286826435264113
4028,egc,4.0786364735415885
4029,egc,4.290496047412908
4030,egc,4.494090768582006
4031,eea,3.000579381611133
4032,egb,2.391467939159564
4033,eps,5.328278244170393
4034,nc,1.9358378404547074
4035,eea,1.8481845704102993
4036,ei,6.11767807240552
4037,egc,3.6392137440523395
4038,egc,3.40570360104501
4039,egc,3.281325109451923
4040,egc,4.218076687811226
4041,egc,3.7291301893814532
4042,egc,3.739883829129712
4043,egc,3.736811934803585
4044,eps,4.152870910735174
4045,nc,1.8873975929548774
4046,egc,3.7975329057782226
4047,eea,1.7335143874824972
4048,egb,2.5101301600175443
4049,eps,5.343253602013057
4050,eea,1.7906704926453347
4051,ei,5.772326527619935
4052,egb,3.1695723251038594
4053,ei,6.192870032144092
4054,eps,4.5119222098242595
4055,nc,2.0116076929013955
4056,ei,5.976013384846858
4057,eps,5.153824933544179
4058,eea,1.3838426648312538
4059,egb,3.398142457988097
4060,ei,5.163018611787034
4061,eps,4.23918352793717
4062,nc,2.0223821010764094
4063,ei,5.096826738297667
4064,nc,2.0554581521241717
4065,egb,3.524871191246349
4066,eps,4.0471845653898395
4067,nc,1.9834830235648524
4068,tg,195.44909038368996
4069,tg,190.40928228812209
4070,tg,120.2070284478086
4071,tg,214.98251646035618
4072,tg,160.97922912146996
4073,tg,221.59622754458343
4074,tg,157.95223610755173
4075,tg,188.15432265745764
4076,tg,167.26122683655316
4077,tg,189.97869578872593
4078,tg,244.99293714812575
4079,tg,203.4140545751633
4080,tg,233.73860099850896
4081,tg,213.45556910422678
4082,tg,201.73620278681207
4083,tg,220.17907852646883
4084,tg,86.36651605484194
4085,tg,76.47969726521794
4086,tg,47.42939424059131
4087,tg,82.624983563521
4088,tg,46.91236528632297
4089,tg,55.12037633191649
4090,tg,84.50522482567564
4091,tg,97.64402274925536
4092,tg,94.99548901204071
4093,tg,186.258613772289
4094,tg,190.94639606630412
4095,tg,162.672878565153
4096,tg,198.41690356311878
4097,tg,172.76577083465037
4098,tg,213.7179561773268
4099,tg,200.7236051078092
4100,tg,181.25768771077648
4101,tg,115.96941998996415
4102,tg,102.2910371102561
4103,tg,90.36127925466181
4104,tg,83.07698151920204
4105,tg,82.70983601047772
4106,tg,146.3106354840227
4107,tg,180.53586963885687
4108,tg,188.0280747283502
4109,tg,157.95622738509002
4110,tg,206.08697818839812
4111,tg,187.1924068872038
4112,tg,165.62082965183828
4113,tg,203.02041543761453
4114,tg,175.88150352346585
4115,tg,159.7667684229588
4116,tg,203.77010579552865
4117,tg,218.09527072943638
4118,tg,113.30975619734129
4119,tg,243.4060507205984
4120,tg,429.2228167448136
4121,tg,162.0013896088151
4122,tg,187.27237875771652
4123,tg,208.13742508315534
4124,tg,187.8027780852944
4125,tg,256.9886201785379
4126,egc,3.4488786481730793
4127,egb,3.2708650914995454
4128,egc,4.052216266200171
4129,eps,4.547753869049846
4130,egc,3.5341944024744656
4131,egc,4.4225121899157775
4132,egc,3.5591833491474274
4133,egc,2.921783456407644
4134,egc,3.8146365291850755
4135,egc,3.819128561239606
4136,egc,3.848538736378112
4137,egc,2.546530042984364
4138,egc,3.3125844032715106
4139,egc,3.7097579535544143
4140,egc,3.0074010256117862
4141,egc,2.8512034478632167
4142,egc,3.5235661061094827
4143,egc,2.672232725264146
4144,egc,3.1093165060946446
4145,tg,69.53319004572018
4146,egc,5.617790268057643
4147,tg,73.002073572364
4148,egc,5.307075564474159
4149,egc,5.491235419017743
4150,egc,5.422882428705912
4151,egc,5.0694768062968745
4152,egc,5.549036758433856
4153,egc,5.499761760123151
4154,egc,4.185396555237601
4155,tg,90.4743096333064
4156,tg,75.88951494063875
4157,eea,4.221494814480461
4158,egb,3.7934344104755784
4159,tg,48.53555852036159
4160,tg,38.869910156933
4161,tg,27.21893694073256
4162,tg,11.269096066018449
4163,tg,65.55211587110293
4164,tg,68.16216751490354
4165,tg,58.75941346636398
4166,tg,67.90623151686336
4167,egc,5.767250148237234
4168,ei,7.479732436376807
4169,eps,3.3471381486235035
4170,nc,1.8210534795053266
4171,tg,141.79889047740843
4172,tg,77.05265287827136
4173,tg,81.43669813873468
4174,tg,54.46806989438686
4175,tg,27.720937231227367
4176,tg,-14.161900229132101
4177,tg,152.84216364378523
4178,egc,6.0921057072250635
4179,tg,56.79594553221732
4180,tg,110.18075068171413
4181,tg,92.02561109840676
4182,tg,47.44941728505634
4183,tg,111.92171505419435
4184,tg,13.551280924241468
4185,egc,5.327571544391747
4186,tg,75.01646077840451
4187,tg,39.772410355327565
4188,tg,63.60446997891255
4189,tg,69.4292510006781
4190,tg,84.12532023502848
4191,tg,60.93395901572531
4192,tg,46.805207206850824
4193,tg,66.68227008625205
4194,tg,57.109928199596524
4195,tg,20.689265415979676
4196,tg,30.94730715793942
4197,tg,46.449240526783655
4198,tg,57.162135085262406
4199,tg,23.72300051867643
4200,tg,51.26329025920579
4201,tg,28.52007716046728
4202,tg,50.85531828956836
4203,egc,5.350421802061937
4204,tg,33.48796422314754
4205,tg,33.21012578478316
4206,tg,57.126003862447305
4207,tg,42.62147693133595
4208,tg,28.122321560707917
4209,tg,42.49333985171954
4210,tg,22.927554350156285
4211,tg,31.82982983356797
4212,tg,32.81246122842181
4213,tg,28.142845343862064
4214,tg,-9.272765705741051
4215,tg,20.944199936641624
4216,tg,53.33314890704128
4217,egc,5.507361532281202
4218,tg,45.81080520125268
4219,tg,18.370429086952853
4220,tg,-17.65202287991451
4221,egc,5.527092693232609
4222,tg,33.40079667264112
4223,tg,18.63796661514101
4224,tg,-0.4226841017955394
4225,egc,5.177074707095039
4226,tg,18.95422536747077
4227,tg,26.098283754477038
4228,egc,5.646783847029663
4229,tg,13.103009244779486
4230,tg,20.532475678385694
4231,tg,174.45616059952923
4232,tg,75.03298515514555
4233,tg,-12.519295242015176
4234,tg,14.31868572617077
4235,tg,-33.060974926978616
4236,tg,14.947145296518443
4237,egc,5.240588050108193
4238,egc,5.722569111108174
4239,tg,10.20916882624374
4240,tg,-6.028655322614384
4241,egc,5.763403667321099
4242,tg,35.637824005445125
4243,egc,5.430047378031006
4244,tg,69.67367651196832
4245,tg,60.845282746051666
4246,egc,5.23958002198222
4247,tg,29.242701616769367
4248,egc,5.723408005116298
4249,tg,41.47966265814013
4250,egc,4.729261752310892
4251,tg,93.19878006757145
4252,tg,28.412502882604173
4253,egc,5.518657485459559
4254,tg,67.48817323934504
4255,tg,112.95526572094204
4256,tg,60.21087283933325
4257,tg,96.99918512191348
4258,tg,111.6092215966828
4259,tg,38.915028663752864
4260,tg,55.24792162944577
4261,tg,160.04362164169459
4262,tg,96.1783118329457
4263,tg,136.35931407267492
4264,egc,5.789224871626187
4265,tg,-37.525652122590344
4266,tg,15.806581967648512
4267,tg,30.97279930938565
4268,tg,56.52583927958497
4269,tg,18.236881428253966
4270,tg,-41.59678772715114
4271,tg,3.843648548124918
4272,tg,7.672647732545784
4273,tg,27.86175535556832
4274,tg,15.469227159377027
4275,tg,28.93096902194128
4276,tg,14.281579038376861
4277,tg,-37.61927074815662
4278,tg,-32.145546566064894
4279,tg,58.448422224919796
4280,tg,26.511152558308098
4281,tg,70.26763713756544
4282,tg,82.5119857003757
4283,tg,24.389841384390337
4284,tg,28.98413836638626
4285,tg,40.36060923444984
4286,tg,4.307956871838542
4287,tg,8.994623884227877
4288,tg,41.300242133037756
4289,tg,131.9360429267512
4290,tg,159.68364742633946
4291,tg,129.49121472817387
4292,tg,87.66630362980604
4293,tg,107.98457582222267
4294,tg,64.97209789160293
4295,tg,66.96349663964284
4296,tg,123.73024862532203
4297,tg,88.69586789634033
4298,tg,142.15209496581062
4299,tg,136.94885909346795
4300,tg,102.79910154136917
4301,tg,131.9406471214512
4302,tg,186.3966128028412
4303,tg,114.77911210112177
4304,tg,197.66949579325507
4305,tg,195.85943923632578
4306,tg,138.05026229125414
4307,tg,166.75520600457068
4308,tg,132.4020786363648
4309,tg,79.58384143008516
4310,tg,107.49353325498981
4311,tg,132.28390267995698
4312,tg,69.20423724246618
4313,tg,126.06667909101665
4314,tg,131.29461211084782
4315,tg,77.04945335314086
4316,tg,84.81173543131717
4317,tg,102.06615991714119
4318,tg,62.398288023315004
4319,tg,66.40828148300403
4320,tg,78.19785526649359
4321,tg,31.113292278733653
4322,tg,77.72348014419866
4323,tg,174.43472638239487
4324,tg,116.04330821055905
4325,tg,158.16716355788276
4326,tg,140.93720373372727
4327,tg,100.56547532979127
4328,egb,3.6045536225595827
4329,ei,6.709587421319443
4330,nc,1.815698246320402
4331,egc,5.908262295652455
4332,egc,6.160113605985028
4333,tg,64.21694492980747
4334,tg,50.189660988028734
4335,tg,60.500124217949704
4336,tg,48.797490376471515
4337,tg,-6.897768606334239
4338,tg,31.75911512570414
4339,tg,38.984046062553574
4340,tg,61.53303107781139
4341,tg,119.56646986017375
4342,tg,38.99672710727809
4343,egc,6.699224003228822
4344,egc,7.020640891279063
4345,tg,123.18273964201583
4346,tg,80.44464375218556
4347,egc,7.30413715299975
4348,tg,58.923070477408785
4349,tg,52.35664993535423
4350,tg,59.75745720788301
4351,tg,44.73119307820561
4352,tg,15.893567431358875
4353,egb,5.827149569848875
4354,egc,5.918552791132162
4355,egc,6.862067958273842
4356,tg,44.0174258439111
4357,egb,7.538387916843333
4358,egc,6.555973808111036
4359,egc,6.759365272739572
4360,egc,4.513632947627313
4361,egc,5.140600810732921
4362,tg,46.20912657069975
4363,tg,133.09605043468932
4364,tg,122.59215087369546
4365,tg,213.75769011746365
4366,tg,198.37069253552264
4367,tg,140.45052312072465
4368,tg,41.22852594779569
4369,tg,194.46685567792753
4370,tg,130.6322689515737
4371,tg,121.44015599767079
4372,tg,154.02973047603717
4373,tg,80.93443122114567
4374,tg,98.79763364559494
4375,tg,173.93848133527501
4376,tg,135.66457003124216
4377,tg,-32.53218186506584
4378,tg,-39.91798648622054
4379,tg,199.69274022130315
4380,tg,179.43286911716785
4381,tg,158.26985400775197
4382,tg,114.0834169813347
4383,tg,111.48557490751882
4384,tg,130.32570063092092
4385,tg,96.27480808019945
4386,tg,92.89915949623025
4387,tg,86.55578227313042
4388,tg,126.37437488660744
4389,tg,93.32638064144953
4390,tg,140.5828937183491
4391,tg,130.08357802986816
4392,tg,129.31420035001923
4393,tg,148.32855062173658
4394,tg,110.14017133859566
4395,tg,95.73103187621217
4396,tg,116.77551498450298
4397,eea,2.724185696585606
4398,egb,2.9318566932707655
4399,egc,4.077662281586194
4400,ei,6.244262060432149
4401,eea,3.0276131927184844
4402,egb,2.9471456578758537
4403,ei,6.178829609251554
4404,nc,1.9954920355223305
4405,egc,4.908332908515726
4406,egc,3.951788689256957
4407,egc,4.198038594469939
4408,egc,3.93549661985852
4409,egc,3.8538113371080565
4410,egc,3.9601343526890838
4411,egc,3.8934818168889844
4412,egc,3.9594137450728577
4413,tg,134.29051380434143
4414,tg,94.2471415442474
4415,tg,72.83863116361452
4416,tg,97.6038108312789
4417,tg,52.63084013469786
4418,tg,-18.302423909185535
4419,tg,125.58668203889385
4420,tg,87.10403911292038
4421,tg,68.46554362641317
4422,tg,118.56531113382239
4423,tg,81.78062107786349
4424,tg,68.86854722775853
4425,tg,60.913747381364374
4426,tg,145.9161314341927
4427,tg,211.84616244188868
4428,tg,89.20092789531867
4429,tg,45.272140433754345
4430,tg,42.8416653894527
4431,tg,130.96314423372345
4432,tg,133.60423598603728
4433,tg,124.11251709276783
4434,tg,155.72256947090034
4435,tg,126.2501006483071
4436,tg,141.04175976036845
4437,tg,130.181891080645
4438,tg,129.54562291314193
4439,tg,168.1212991856944
4440,tg,149.24240685825944
4441,tg,115.15975154205296
4442,tg,-86.5514554491798
4443,tg,124.48307022581814
4444,tg,119.31049809508434
4445,tg,107.29964658425172
4446,tg,147.10643200704772
4447,tg,113.64850592053247
4448,tg,106.93909196723422
4449,tg,116.01801440365853
4450,tg,94.95188897903785
4451,tg,102.93904174722918
4452,tg,139.80246483317774
4453,tg,97.60310524494423
4454,tg,68.26146984974635
4455,tg,170.2973924728221
4456,tg,122.74385193564999
4457,tg,135.35964780774114
4458,tg,129.917060467773
4459,tg,8.679691764269279
4460,egc,4.161514130792122
4461,eea,2.7095730959264976
4462,egb,4.98105381773956
4463,nc,1.7515605250922972
4464,eea,3.103987830285618
4465,egb,3.9378920048533343
4466,ei,7.383625457468399
4467,nc,1.9152698805553428
4468,eea,1.8439347305005025
4469,egb,3.4171740281922736
4470,ei,5.982152330013878
4471,eps,4.805199745392342
4472,eea,2.457036425513354
4473,egb,3.2945875229967534
4474,ei,6.147011419284502
4475,nc,1.9359119492384398
4476,eea,2.356345107344323
4477,eps,5.550403035607788
4478,nc,2.202988182048373
4479,eea,3.0413331550878566
4480,egb,2.6786345069121396
4481,ei,6.055515132305493
4482,eea,2.8281724975294322
4483,egb,3.2383466611777276
4484,ei,6.371251674276304
4485,eps,6.007268463641057
4486,nc,2.2102810982106416
4487,tg,105.6598997095227
4488,tg,63.360655759009035
4489,tg,69.70935902089317
4490,tg,102.66631474535376
4491,tg,65.58504106568768
4492,tg,61.00797079521752
4493,tg,58.85292804233252
4494,tg,45.376853347679614
4495,tg,29.617982503416968
4496,tg,59.450966111541064
4497,tg,106.74749113609644
4498,tg,25.768316467645064
4499,egc,5.541204058825304
4500,egc,5.578408704307813
4501,tg,34.43592759265448
4502,egc,5.367198934463733
4503,egc,5.2931260890677665
4504,egc,5.525489868224106
4505,egc,5.499778771678525
4506,tg,135.22228445520014
4507,tg,27.75480537529164
4508,tg,64.97541447253087
4509,egc,5.068136678960777
4510,tg,9.545111287269378
4511,egc,6.065639746277297
4512,egc,5.343496603503509
4513,tg,7.747563442918334
4514,tg,30.28549969151618
4515,egc,4.529620852226652
4516,egc,5.620570629190306
4517,egc,5.840505924889801
4518,egc,5.3384999731979645
4519,egc,5.9621319094353975
4520,egc,6.337936889827139
4521,egc,5.406694344776448
4522,egc,4.343018079620516
4523,tg,64.57037540092973
4524,tg,188.85316527757635
4525,egc,5.555948403830035
4526,egc,4.991200517732181
4527,egb,6.510531343580635
4528,egc,5.7662181450345935
4529,egc,5.385093314785208
4530,tg,125.12357353710418
4531,tg,70.35687267382693
4532,egc,5.577023197245706
4533,egc,4.311372824454628
4534,tg,33.915360952063
4535,tg,41.636400370935235
4536,tg,3.7289598790163723
4537,tg,46.9227442336975
4538,tg,42.72457707649626
4539,tg,21.226148334116715
4540,tg,48.94393368219026
4541,tg,26.457202841880076
4542,tg,-0.3391322748105665
4543,tg,144.705260743597
4544,tg,53.27518027490055
4545,tg,43.116102706590965
4546,tg,51.21704021301049
4547,tg,35.61830169966922
4548,tg,9.891648472541391
4549,tg,56.72667451252212
4550,tg,39.23684106336199
4551,tg,-1.1525530113402453
4552,tg,65.03649158640407
4553,tg,82.50184086459609
4554,tg,74.94705969671215
4555,egc,5.398883984518085
4556,egc,5.444037419454059
4557,egc,5.561629328623988
4558,egc,5.526790691389683
4559,egb,5.007660347613163
4560,egc,5.31985876690157
4561,tg,63.89015115570656
4562,tg,38.975806635032555
4563,tg,55.73569313744969
4564,tg,49.62843046402061
4565,tg,24.006548678716783
4566,tg,97.87739624233569
4567,tg,43.03134130303228
4568,egb,5.70427671867675
4569,egc,5.741286402053328
4570,egc,5.137156531590263
4571,tg,37.071139729808536
4572,egc,5.746702713038146
4573,egc,5.284290595657972
4574,egb,6.168198242128427
4575,tg,96.02661402254108
4576,tg,123.56056811803307
4577,egc,4.740291128808338
4578,egc,5.517359840276853
4579,egc,5.5727604005733395
4580,egc,4.8287721774177585
4581,tg,69.73356355856737
4582,tg,41.93737033549712
4583,tg,25.83099334408351
4584,tg,45.89662010698848
4585,tg,261.7350506786289
4586,tg,30.58920746111859
4587,tg,150.4473678568585
4588,tg,120.68624025062346
4589,tg,108.58191805974633
4590,tg,193.98860795966672
4591,tg,132.18083505029597
4592,tg,120.60156826468783
4593,tg,169.44930696249546
4594,tg,78.45274426545652
4595,tg,46.52348641787077
4596,tg,188.10156951140362
4597,tg,133.82695333711158
4598,tg,164.13953243094218
4599,tg,114.85213866098539
4600,egc,6.791876411400475
4601,tg,78.27835713964481
4602,egc,5.799482278695992
4603,egc,5.386082228278907
4604,egc,6.339098909917277
4605,egb,6.119488527157448
4606,egc,6.101037147676568
4607,eea,2.294927312616353
4608,egb,5.549181925562207
4609,ei,7.56738270415087
4610,nc,1.7041876393136695
4611,eea,1.3305367201488125
4612,ei,7.561470533252892
4613,eps,3.2693839733050316
4614,nc,1.8239219707709813
4615,egb,7.759291100823486
4616,egc,6.152310910273592
4617,egb,5.717842536220807
4618,egc,6.119769861185659
4619,egb,6.476193413371227
4620,ei,7.318794104769136
4621,eps,3.345718463390395
4622,egc,4.627633809175386
4623,egb,5.569317897289416
4624,ei,7.900324029403592
4625,eps,2.314315837398478
4626,nc,1.5523025641229948
4627,eps,3.3212799501437775
4628,nc,1.5991090600852589
4629,eea,0.813678659932908
4630,nc,1.8247104062766075
4631,ei,7.138923757199749
4632,eps,2.513120936057272
4633,tg,140.49886797796194
4634,tg,57.10059625129925
4635,egc,6.0274676854205165
4636,egc,5.572786572196991
4637,egc,4.773525772658086
4638,egb,4.739585585323227
4639,egc,4.772499377660514
4640,egc,4.909569260690541
4641,egc,4.845775273748764
4642,egc,6.710302638460784
4643,egc,6.548292062688904
4644,egc,5.813549900289155
4645,egc,5.838935440530525
4646,egc,4.050608440542149
4647,tg,168.0123251155867
4648,egb,8.512163075570626
4649,egc,6.1176641671227046
4650,egc,4.910768692181988
4651,tg,71.85482270768627
4652,tg,126.62418659035566
4653,egc,6.086157084109185
4654,eea,3.7622773053435545
4655,egb,5.471606224625042
4656,egc,5.421305681850978
4657,eps,1.346245961734438
4658,nc,1.4040562288102634
4659,egc,6.341854781887808
4660,egc,5.563305714588969
4661,egc,6.456568373276551
4662,egc,5.909070531472873
4663,egc,5.725801960919759
4664,egc,6.567838900633734
4665,egc,7.368899583486726
4666,tg,138.85323010764841
4667,tg,57.39692950566186
4668,tg,28.360413052735737
4669,tg,93.55528975647684
4670,tg,35.47248269153691
4671,tg,134.82079770189682
4672,egc,5.202978258544546
4673,egc,5.593052942852076
4674,egc,6.06413487791732
4675,egc,5.454939302756287
4676,egc,5.821326798257278
4677,egc,6.4623078103433835
4678,egc,5.76828187102962
4679,egc,6.163555735315743
4680,egc,5.802359661776334
4681,egc,5.311110901695966
4682,egc,5.645246544550376
4683,egc,5.83841640115146
4684,egc,5.350882329168123
4685,egc,5.974362937338798
4686,egc,3.437943022170357
4687,tg,45.55995462730202
4688,eps,4.917291236846338
4689,tg,65.1250768126797
4690,tg,55.3914190309285
4691,tg,15.069650691657216
4692,tg,59.99605594169982
4693,tg,99.9240941000243
4694,tg,-28.669496623376773
4695,tg,43.04928985864237
4696,tg,43.97542882502343
4697,tg,18.66024623525702
4698,tg,18.210023625837408
4699,tg,36.831637065111366
4700,tg,39.717699776216065
4701,tg,23.515018378994526
4702,tg,13.361078259573333
4703,tg,4.257726928529706
4704,tg,38.600428201887084
4705,tg,11.703529148981062
4706,tg,30.549213396987398
4707,tg,57.75034046748455
4708,tg,52.93924314239828
4709,egb,6.306975914038191
4710,ei,7.429163428300411
4711,eps,3.3933459947322047
4712,nc,1.629450692073346
4713,tg,36.78608285060096
4714,eea,0.8068110236976465
4715,egb,4.451392541543519
4716,ei,5.767530971128846
4717,nc,1.871487692348067
4718,tg,67.29328834277861
4719,tg,54.15611619416357
4720,tg,10.968704877343981
4721,egb,4.94874312977268
4722,ei,6.7273045238585185
4723,eps,2.8524236201485236
4724,nc,1.6466030374554084
4725,tg,107.34436515043026
4726,tg,28.281322352253866
4727,tg,-4.661079434722865
4728,tg,109.90492495275603
4729,tg,-42.20828721306725
4730,tg,-63.49190556091324
4731,tg,-21.01138119873761
4732,tg,-12.011325105850034
4733,tg,-1.4227047856716126
4734,tg,53.47448727937092
4735,tg,15.98684789573251
4736,tg,18.400694513695385
4737,tg,52.913048656167305
4738,tg,53.717202475398295
4739,egb,7.198946697471991
4740,egc,6.381667803547554
4741,egc,5.948281512318544
4742,egc,6.017782408737758
4743,tg,101.78084941703914
4744,tg,129.7283161232482
4745,tg,71.22960818416809
4746,tg,99.05807954338715
4747,tg,56.805212449516006
4748,tg,62.634786255877444
4749,tg,98.84410154563548
4750,tg,71.00614216372254
4751,tg,109.42643987135038
4752,tg,110.2360107727637
4753,tg,1.1245854413924121
4754,tg,-70.24218824527367
4755,tg,49.94676370520531
4756,tg,16.116337620119538
4757,tg,-69.03318394433742
4758,tg,121.06463449632842
4759,tg,122.26067649347124
4760,tg,135.32944497333474
4761,tg,142.52793593193354
4762,tg,142.13553157047042
4763,tg,138.07930107078585
4764,tg,118.8233866517161
4765,tg,91.71271444870396
4766,tg,103.26320826898716
4767,tg,121.57923129124958
4768,tg,121.72973578283012
4769,tg,144.94703299014486
4770,tg,124.68516380857795
4771,tg,112.84233288879534
4772,tg,136.87434088507425
4773,tg,95.28449327286253
4774,tg,106.28980296803903
4775,tg,136.1695105357606
4776,tg,140.71623165207754
4777,tg,132.85318566736518
4778,tg,172.5939686910325
4779,tg,144.1928099716292
4780,tg,142.27928828306003
4781,tg,161.0674452968286
4782,egc,5.238638871701685
4783,egc,4.206363507543314
4784,tg,123.3655385274948
4785,tg,123.90712968992956
4786,tg,104.88856703527873
4787,tg,148.0508536257941
4788,tg,196.4086260193955
4789,tg,128.10962791163672
4790,tg,161.102779889911
4791,tg,157.0443074465501
4792,tg,120.41634047141162
4793,tg,159.74018862806122
4794,egc,4.444598551636871
4795,egc,3.6196254053900043
4796,egc,3.9780116279851
4797,egc,3.5007877269342504
4798,tg,159.93707160205923
4799,tg,182.4555294408052
4800,egc,4.007385396525705
4801,tg,115.82755486654597
4802,tg,199.77529057090987
4803,tg,124.02999925866041
4804,tg,116.89704491466293
4805,tg,179.2909974906498
4806,tg,167.52108095225822
4807,tg,55.328852707187664
4808,tg,10.505827235599298
4809,tg,97.29923164629542
4810,tg,83.41243742231478
4811,tg,23.14328818486979
4812,tg,114.45326452805031
4813,tg,98.81093248480605
4814,tg,115.95752582032254
4815,tg,64.17204752838279
4816,tg,-42.18315923521311
4817,tg,-202.07925855111512
4818,tg,-110.06156610805863
4819,tg,-184.7285719296322
4820,tg,187.6592384136626
4821,tg,25.770774639391675
4822,tg,62.251350482007
4823,tg,30.202286025723865
4824,tg,128.32204191387234
4825,tg,123.79050960016295
4826,tg,-161.24104003346287
4827,tg,109.06413266892096
4828,tg,97.06988357202766
4829,tg,-101.0415585048045
4830,tg,-6.552675109230847
4831,egc,6.057285390127315
4832,egc,4.513705121137225
4833,tg,92.30992337268052
4834,tg,-36.10879574396938
4835,tg,-106.01421884278105
4836,tg,165.0251912264776
4837,tg,26.768350157720874
4838,tg,-21.93717550082613
4839,tg,180.42128501934604
4840,tg,163.31388424090312
4841,tg,-52.087614431654
4842,tg,128.37144596349913
4843,tg,123.18963943096594
4844,tg,-12.395125053312569
4845,tg,47.52433299542891
4846,tg,43.61167793442536
4847,tg,161.73265388447794
4848,tg,70.84113250790713
4849,tg,18.617117676993914
4850,tg,-72.08965388414029
4851,tg,59.03172426984845
4852,tg,64.36024723829445
4853,tg,-111.61859030103466
4854,tg,146.61266138942415
4855,tg,-7.470704710088057
4856,tg,-149.93802818140352
4857,tg,33.60599548558349
4858,tg,-30.445974424185493
4859,tg,108.8256282300521
4860,tg,88.02572995899806
4861,tg,1.78108637833094
4862,tg,-58.52267885966208
4863,tg,86.24393262250487
4864,tg,31.519697001305133
4865,tg,-58.65073790208018
4866,tg,104.5620366367221
4867,tg,46.94014652891947
4868,tg,-17.43967065712755
4869,tg,126.4240699499529
4870,tg,60.24455239350161
4871,tg,40.916786849867734
4872,tg,65.73453432524016
4873,tg,159.7266410452805
4874,tg,77.14880771278254
4875,tg,117.44066179270368
4876,tg,103.61116963312823
4877,tg,205.60974170216537
4878,tg,51.19468255569619
4879,tg,48.80769374014986
4880,tg,107.28476749177494
4881,tg,116.64572611752244
4882,tg,145.37951514314986
4883,tg,77.69436576613113
4884,tg,83.16368734961848
4885,tg,95.26587164641705
4886,tg,101.81029870474939
4887,tg,174.05349515937652
4888,tg,48.040438509517315
4889,tg,-3.685159238923262
4890,tg,132.89332279969327
4891,tg,92.17310140320276
4892,egc,3.34646179415712
4893,egc,4.421700928001376
4894,egc,4.058606161584835
4895,egc,3.5254154117307333
4896,egc,4.09300072244782
4897,egc,4.170341188526794
4898,tg,151.73813969675598
4899,tg,186.8896550732806
4900,tg,177.18778119208895
4901,tg,219.34876273650616
4902,tg,97.96815350396412
4903,tg,156.32235280953347
4904,tg,201.11115734389023
4905,tg,215.42542308243472
4906,tg,197.716038478944
4907,tg,147.49354284522585
4908,tg,179.11408391054297
4909,tg,161.91745735048838
4910,tg,268.5115668678195
4911,tg,248.63636387497786
4912,tg,181.72544918051506
4913,tg,206.2992393677871
4914,tg,176.20792987242473
4915,tg,138.8328371993789
4916,tg,181.96553062109967
4917,tg,175.4652140891091
4918,tg,123.51211514676065
4919,tg,201.75315636814378
4920,tg,167.24829704825905
4921,tg,79.62843318581648
4922,tg,89.14962819208309
4923,tg,113.41813360803695
4924,tg,17.040961364233496
4925,tg,173.13355689871076
4926,tg,182.25838796858778
4927,tg,99.01762701071591
4928,tg,151.6984431494433
4929,tg,111.23514703505899
4930,tg,93.24812884084943
4931,tg,161.6981126695783
4932,tg,120.08732263715902
4933,tg,141.64408012083396
4934,tg,190.70802494098234
4935,tg,114.44329202441695
4936,tg,242.3812012014617
4937,tg,180.92976564885006
4938,tg,129.3395982065175
4939,tg,205.30931149489174
4940,tg,255.63787431308077
4941,tg,186.91669171094327
4942,tg,182.14547139419074
4943,tg,142.07599650415125
4944,tg,154.1853529072065
4945,tg,166.36502489037179
4946,tg,168.16122171572715
4947,tg,185.75126143061044
4948,tg,161.10709632244223
4949,tg,225.44499615257484
4950,tg,216.72225825006296
4951,tg,159.41600747432855
4952,tg,248.92709145726224
4953,tg,155.84434082864254
4954,tg,156.81227359204067
4955,tg,129.79293905231935
4956,tg,180.18893576449346
4957,tg,118.12468384824435
4958,tg,118.83398995603577
4959,tg,136.57647858935735
4960,tg,142.14940268246912
4961,tg,247.72953911517723
4962,tg,105.97969289662569
4963,tg,127.17640381795958
4964,tg,74.6931201503286
4965,tg,269.2901700077055
4966,tg,202.86313796753115
4967,tg,278.75971089179427
4968,tg,304.26351589296314
4969,tg,149.4392508136583
4970,tg,169.81125324288274
4971,tg,209.99650525836967
4972,tg,138.32043520066006
4973,tg,248.6430815771319
4974,tg,227.07247492942034
4975,tg,154.09095065810726
4976,tg,275.95526208391664
4977,tg,246.19928818431958
4978,tg,139.76256994131938
4979,tg,304.6017551228154
4980,tg,122.07483578303334
4981,tg,98.78492008537111
4982,tg,215.32067765301014
4983,tg,198.0112532001309
4984,tg,160.8215582138451
4985,tg,210.87635515995623
4986,tg,132.06363618464195
4987,tg,133.24767752388297
4988,tg,202.4700385872706
4989,tg,111.3320237136545
4990,tg,199.6820036034364
4991,tg,187.86236273775
4992,tg,177.62286458503743
4993,tg,125.34851413544268
4994,tg,104.65117787803564
4995,tg,96.09130035683589
4996,tg,88.43033982600852
4997,tg,66.17747346281799
4998,tg,52.83727453661339
4999,tg,142.4621473222127
5000,tg,177.50186465751597
5001,tg,127.31025712235183
5002,tg,102.75805397506086
5003,tg,117.33976619839548
5004,tg,69.06361421112099
5005,tg,149.2135932485604
5006,tg,195.66966902779825
5007,tg,98.93905980977266
5008,tg,94.2020295405274
5009,tg,189.71969683065228
5010,tg,173.95293122316113
5011,tg,207.2886014709947
5012,tg,260.9382778777376
5013,tg,116.55922513475154
5014,tg,119.81866657579516
5015,tg,140.58474222448396
5016,tg,101.74450034037876
5017,tg,162.67493517048334
5018,tg,149.49404186863055
5019,tg,174.613789237005
5020,tg,120.26791046868603
5021,tg,114.77680350067192
5022,tg,94.99003291125922
5023,tg,99.35316095102695
5024,tg,216.09587967167008
5025,tg,137.1246671465988
5026,tg,132.04825635347603
5027,tg,110.39016350336496
5028,tg,124.04009532119109
5029,tg,157.33267277781079
5030,tg,91.08439794655317
5031,tg,92.89329695170761
5032,tg,123.81171620880227
5033,tg,105.86374587769447
5034,tg,229.5712390253385
5035,tg,156.7814846657595
5036,tg,205.28313651796037
5037,tg,186.703754209169
5038,tg,151.53819945293685
5039,tg,216.9999796326299
5040,tg,243.65041120089006
5041,tg,270.4765565273331
5042,tg,267.6924494158136
5043,tg,154.16564282442218
5044,tg,120.42518143566956
5045,tg,120.85048741798045
5046,tg,138.50188550580583
5047,tg,147.73385839740536
5048,tg,189.1753483538774
5049,tg,185.41596485344428
5050,tg,179.78344797900206
5051,tg,148.1186793315457
5052,tg,191.2515637818248
5053,tg,158.72884117000618
5054,tg,184.12922899989664
5055,tg,209.78399696118606
5056,tg,138.20682198169064
5057,tg,147.902942651726
5058,tg,309.10656945075516
5059,tg,161.53310789108778
5060,tg,293.2557447744901
5061,tg,298.9594185675865
5062,tg,181.80340183852167
5063,tg,160.89962955342412
5064,tg,173.49950258551115
5065,tg,161.04523233348613
5066,tg,155.43184026284098
5067,tg,212.34677757211358
5068,tg,170.36521167547383
5069,tg,223.9848356319946
5070,tg,270.66268825148967
5071,tg,180.17697656385326
5072,tg,264.19919227089923
5073,tg,273.56109384612625
5074,tg,180.36108582395377
5075,tg,305.99138952542773
5076,tg,239.9957211050826
5077,egc,3.7957012660029363
5078,egc,3.783191042957222
5079,egc,3.147298355329527
5080,egc,3.7924951486355103
5081,egc,2.5103275837475483
5082,tg,121.63309971892939
5083,tg,122.47814503007207
5084,tg,201.1293139986958
5085,tg,230.39654742840997
5086,tg,158.34681656880508
5087,tg,180.62237062162777
5088,tg,101.43282952499933
5089,tg,70.24799127289222
5090,tg,55.996402410786175
5091,tg,78.61406666365204
5092,tg,59.028797874912016
5093,tg,34.81045411971847
5094,tg,129.35373269406045
5095,tg,90.09982212484158
5096,tg,105.44247506884592
5097,tg,77.84988739925265
5098,tg,101.77855707433893
5099,tg,92.82905607975314
5100,tg,135.3102096168401
5101,tg,153.57606935256726
5102,tg,222.9357425565845
5103,tg,194.75184102303663
5104,tg,142.95794284255481
5105,tg,169.8739626348205
5106,tg,165.40396752929928
5107,tg,132.3753200062211
5108,tg,128.5253645825055
5109,tg,122.59146479666038
5110,tg,91.6250006378094
5111,tg,188.17309060364994
5112,tg,152.36702765880685
5113,tg,119.0720066624152
5114,tg,109.88118538672174
5115,tg,129.22306103127409
5116,tg,137.1370766869042
5117,tg,210.60038311125132
5118,tg,133.84632607159074
5119,tg,115.68660668020784
5120,tg,95.02474970985506
5121,tg,121.94796355633945
5122,tg,94.02040446457292
5123,tg,94.21165737986826
5124,tg,101.19594110644537
5125,tg,82.91999668861229
5126,tg,219.8055014519842
5127,tg,163.59837697619795
5128,tg,122.23525262457353
5129,tg,100.97109642882978
5130,tg,188.4097936838579
5131,tg,160.68663840107604
5132,tg,134.65945660728923
5133,tg,146.75657986662273
5134,tg,120.36272403885135
5135,tg,102.16329346818112
5136,tg,188.2614807369298
5137,tg,162.3990866806757
5138,tg,185.88349546313788
5139,tg,110.42232783526624
5140,tg,108.25786859378582
5141,tg,131.67034252427314
5142,tg,175.71112881026698
5143,tg,153.2505761984381
5144,tg,189.8790260287411
5145,tg,169.9205053205094
5146,tg,94.25471765558282
5147,tg,293.6097475183999
5148,tg,223.2452836067602
5149,tg,161.94527110858417
5150,tg,205.75124915509133
5151,tg,191.0347114139356
5152,tg,166.30490048062788
5153,tg,254.24892923905347
5154,tg,234.0755981362882
5155,tg,172.60301775448593
5156,tg,237.98528128065632
5157,tg,300.6038574288636
5158,tg,149.35870504458305
5159,tg,161.78682145475125
5160,tg,163.71206416792828
5161,tg,219.17748409242694
5162,tg,152.34854828767078
5163,tg,233.63206071352337
5164,tg,152.62176708647303
5165,tg,225.92619302662155
5166,tg,242.3486466835689
5167,tg,161.44364474633122
5168,tg,154.82129348105417
5169,tg,162.4574389957081
5170,tg,176.81239625584362
5171,tg,267.8496163331994
5172,tg,274.8923564244066
5173,tg,136.27693442943948
5174,tg,294.06441824812293
5175,tg,300.43990127522534
5176,tg,206.90176457589814
5177,tg,223.78275830698442
5178,eea,2.091759634794662
5179,ei,5.332702747253474
5180,eps,5.628308295378083
5181,ei,5.540327244609232
5182,nc,2.0611415562922377
5183,ei,5.487355246879155
5184,ei,5.506005222680751
5185,eps,4.478436818125638
5186,nc,2.1011219049550434
5187,ei,4.581349196168318
5188,nc,2.2510428377645244
5189,egb,2.671958683044047
5190,egc,3.8110756928470835
5191,ei,5.789264228185212
5192,eps,4.695357860345641
5193,nc,2.1470384780562655
5194,egc,3.721645198487132
5195,ei,5.923124925677153
5196,eps,5.745693350441714
5197,egb,2.9857212254952232
5198,ei,5.778082106625514
5199,eea,3.0080202227541424
5200,eps,5.253210333451552
5201,nc,2.1692293506801237
5202,egc,3.384524868895408
5203,egc,3.8573854461980432
5204,egc,3.494560656436734
5205,egc,3.3635905610166956
5206,egc,2.1360827125357056
5207,egc,3.815949783871887
5208,egc,3.6746351672633186
5209,egc,3.7255447704112457
5210,egc,3.9028506038657262
5211,egc,3.6277372066707856
5212,egc,3.074130253616193
5213,egc,3.235699650589373
5214,egc,2.3566294895278075
5215,egc,2.2279634316899695
5216,egc,3.9451346006785375
5217,egc,3.6993853913405426
5218,egc,3.594667584255171
5219,egc,4.181404728340114
5220,eea,2.359697994749458
5221,egc,3.7155246838859126
5222,eps,4.635310923790926
5223,nc,2.1170519395473604
5224,eea,2.0573774040816373
5225,egb,2.724347849466473
5226,ei,6.019034058312584
5227,eps,6.196994801735562
5228,nc,2.3011841868954495
5229,egc,4.447649140625619
5230,egc,3.7248267332223426
5231,eea,2.1403295036231547
5232,egb,2.5759470421971224
5233,ei,5.770738389997796
5234,egb,2.5211241708433834
5235,eps,5.035104538408611
5236,egb,2.7435552016632894
5237,egc,3.6199079654553588
5238,egc,3.8054822560521937
5239,egc,3.9726003176498015
5240,egc,3.857808678740526
5241,egc,3.479212962036746
5242,egc,3.6923711157916155
5243,egc,3.2990786303561004
5244,egc,3.192550494674702
5245,egc,4.2816983159172395
5246,egc,3.783406865382265
5247,egc,4.2415763288932755
5248,egc,3.725089758040043
5249,egc,3.987802666068438
5250,egc,3.360267325633428
5251,egc,3.700408701825327
5252,egc,3.81933312051947
5253,egc,4.16415765172112
5254,eea,1.9787371025155116
5255,egb,5.137442238950225
5256,nc,1.6179130167516578
5257,eea,1.2580697879250222
5258,egb,6.000077183711578
5259,ei,6.945107993516699
5260,eps,3.632006676209523
5261,egc,4.475862962943584
5262,egc,3.38192023152155
5263,egc,4.009541798109484
5264,egc,3.8126511311208353
5265,egc,3.5672696330951483
5266,egc,3.1439109994683125
5267,egc,4.572611814404767
5268,egc,3.9314685265682594
5269,egc,3.439112426397168
5270,egc,4.500577014098118
5271,egc,5.183728375058079
5272,egc,4.36545297960284
5273,egc,4.137785230960388
5274,egc,3.3394141497880367
5275,egb,0.22319900586872432
5276,egc,3.9031684488879685
5277,egc,4.103505638301302
5278,egc,3.305081185710718
5279,eea,2.1159947990067023
5280,egb,3.665593256119991
5281,egc,4.175704875854055
5282,egc,4.0987955872747435
5283,egc,4.896416968267077
5284,egc,4.448757234318898
5285,egc,4.503817388251503
5286,egc,4.769071829662977
5287,egc,4.4624147909677285
5288,egc,3.7292474943374643
5289,eea,1.0702993163260308
5290,egb,3.9464692933757965
5291,ei,5.830506251174458
5292,eps,3.33097009086357
5293,egc,3.824180198689862
5294,egc,4.302185509646886
5295,egc,3.274047528675042
5296,egc,3.528820807318251
5297,egc,3.5201659448466955
5298,egc,1.803594106039753
5299,egc,3.7141921743617
5300,egc,4.265257208469114
5301,egc,4.436220197042701
5302,egc,3.079761545795294
5303,egc,3.3439808177050168
5304,egc,3.2679623457657527
5305,egc,3.0772996372404227
5306,egc,3.6775475081552536
5307,egc,3.3019442362058
5308,eea,1.8736087751505226
5309,egb,4.029776115276462
5310,ei,6.227014749173285
5311,eps,3.965559543816986
5312,nc,1.8553043743932085
5313,eea,2.252854762827044
5314,egb,3.5145957578650973
5315,ei,6.166003569279032
5316,eps,4.460428873538677
5317,nc,1.9740804488250427
5318,egc,4.418458988224076
5319,egc,3.539441532606392
5320,egc,4.095770708401106
5321,egc,3.8335348716838484
5322,egc,4.27634343814544
5323,egb,4.431210486747793
5324,egc,3.6559388136170865
5325,egc,3.7758329844376117
5326,egc,3.612091529641505
5327,egc,3.8923024113631346
5328,egc,4.084804377475635
5329,egc,2.929666536391726
5330,eea,1.4930755511246434
5331,ei,5.12354696967453
5332,eps,4.400254958718277
5333,nc,2.041766712201979
5334,eea,1.7344287040835615
5335,egb,2.651572335489684
5336,ei,5.765760403015883
5337,eps,5.393200739399207
5338,egc,3.4228401259215966
5339,egc,3.3486361887321596
5340,egc,3.605413839866756
5341,egc,3.438284374918843
5342,egc,3.5339167028535035
5343,egc,3.5296081058397464
5344,egc,3.3601741359592108
5345,egc,3.424415844605602
5346,egc,3.1251122026095004
5347,egc,2.8006198683699237
5348,egc,3.19244048038528
5349,egc,3.3461281994256447
5350,egc,2.529376786962657
5351,egc,3.241074928207108
5352,egc,3.023956073092881
5353,egc,3.05366152022823
5354,egc,3.2870100534595093
5355,egc,3.887136039384191
5356,egc,3.3689929449589275
5357,egc,3.4101343634591696
5358,egc,4.1333760134006985
5359,egc,3.248540944674282
5360,egc,3.6430077882510856
5361,egc,3.5799663289593813
5362,egc,2.6797892207730873
5363,egc,2.619823114200635
5364,egc,1.4407312739540648
5365,egc,2.357180402205677
5366,egc,3.5075166383152885
5367,egc,4.1473709152681435
5368,egc,3.524307417349419
5369,egc,3.520917818206177
5370,tg,114.1899832787197
5371,tg,76.71929747641299
5372,tg,111.67565401328966
5373,tg,148.04275401492006
5374,tg,17.775278394081596
5375,tg,134.45960252954325
5376,tg,151.88308972816964
5377,tg,161.17108194772723
5378,tg,246.38943882418886
5379,tg,164.97811203505034
5380,tg,222.95942684627002
5381,tg,234.74082623323716
5382,tg,174.11171741241174
5383,tg,136.87872722592897
5384,tg,171.2682500053817
5385,tg,194.4010378042573
5386,tg,171.97267878827907
5387,tg,206.46052274738344
5388,tg,133.43392874249943
5389,tg,225.9754605111513
5390,tg,181.7067495168713
5391,tg,168.34987826840387
5392,tg,250.0365658148606
5393,tg,185.90444194778286
5394,tg,104.50511825520857
5395,tg,100.99283629165751
5396,tg,254.5194321807772
5397,tg,131.01766215850162
5398,tg,196.08524312117052
5399,tg,263.4637827202749
5400,tg,122.86190270738552
5401,tg,117.0569886556884
5402,tg,141.60706203777562
5403,tg,119.55709564172739
5404,tg,161.3045158021786
5405,tg,146.72527638256526
5406,tg,98.66411850239535
5407,tg,128.60937812958042
5408,tg,121.54642640401224
5409,tg,100.81728836252103
5410,tg,130.37341143592198
5411,tg,137.50351823506884
5412,tg,128.79947024155095
5413,tg,128.894756912231
5414,tg,114.4636922486738
5415,tg,112.96766062927279
5416,tg,94.2104347970948
5417,tg,123.51142906972555
5418,tg,106.62187400767529
5419,tg,89.69698110099267
5420,tg,187.49573097391453
5421,tg,149.65222245670682
5422,tg,215.85059575119848
5423,tg,218.6004315264625
5424,tg,149.89536523154993
5425,tg,230.87228169857536
5426,tg,216.89218424937155
5427,tg,-6.6838166209820145
5428,tg,-17.641969087532914
5429,tg,66.25575777891737
5430,tg,19.95329659876748
5431,tg,16.17759682078878
5432,tg,78.67268560577863
5433,tg,186.6712972377741
5434,tg,332.25895759260504
5435,tg,219.97539493579353
5436,tg,155.4460909932939
5437,tg,66.65060649303989
5438,tg,200.73914751647158
5439,tg,147.8477276759317
5440,tg,236.24323739359954
5441,tg,165.25368089156402
5442,tg,107.35943283280295
5443,tg,123.38248235417672
5444,tg,109.30022445774222
5445,tg,134.20763017086696
5446,tg,178.51252766431088
5447,tg,146.08024041067767
5448,tg,105.13396801154776
5449,tg,118.51273031991462
5450,tg,114.41789416791869
5451,tg,188.67017455065155
5452,tg,145.5345482308945
5453,tg,126.39893872054883
5454,tg,148.06825266946615
5455,tg,104.52714100288016
5456,tg,98.16922935159604
5457,tg,73.0386470059695
5458,tg,93.7897102486344
5459,tg,164.75235529767954
5460,tg,117.47838790075915
5461,tg,164.31939516683497
5462,tg,107.07402803775292
5463,tg,75.1495987418123
5464,tg,169.4525650155247
5465,tg,106.1117383392572
5466,tg,114.30063677436593
5467,tg,108.47474697407446
5468,tg,171.34484351551782
5469,tg,136.71121834754908
5470,tg,174.51680850881175
5471,tg,171.5067251803012
5472,tg,142.39063110729128
5473,tg,213.43237905013055
5474,tg,146.02590863713294
5475,tg,137.37272016827896
5476,tg,200.7744723549042
5477,tg,159.17674054700126
5478,tg,139.9727485029786
5479,tg,138.20624727024062
5480,tg,146.59479005812486
5481,tg,126.07802537449518
5482,tg,201.5971079839337
5483,tg,112.43036476429472
5484,tg,94.42943643948733
5485,tg,198.80034584008908
5486,tg,141.06908009576244
5487,tg,122.66251766571685
5488,tg,156.31375977595764
5489,tg,124.56770481892958
5490,tg,137.10011794463207
5491,tg,121.69302903567751
5492,tg,139.89202227288223
5493,tg,170.27877897525147
5494,tg,105.52800383818794
5495,tg,80.38988114827518
5496,tg,71.13325175356128
5497,tg,92.97538558122436
5498,tg,139.3503059257752
5499,tg,85.97016512465206
5500,tg,124.76142240907136
5501,tg,131.0371267492663
5502,tg,79.32761929565119
5503,tg,126.32237122281214
5504,tg,164.6654283618679
5505,tg,87.60819843256829
5506,tg,77.34473310532636
5507,tg,110.84059746352997
5508,tg,62.11235322562651
5509,tg,52.31687697661823
5510,tg,50.67115700466897
5511,tg,18.530613442673086
5512,tg,-13.598107483779614
5513,tg,116.54071406100367
5514,tg,93.52372370976255
5515,tg,93.0478626291499
5516,tg,87.49693689708528
5517,tg,134.67661015894157
5518,tg,193.92909484130954
5519,tg,206.5028709336635
5520,tg,82.23122737017475
5521,tg,198.82529173114716
5522,tg,200.0551904919295
5523,tg,128.15160542122482
5524,tg,221.9373021259741
5525,tg,203.93214353470862
5526,tg,175.46220965697435
5527,tg,252.25691919962685
5528,tg,324.14825243019766
5529,tg,147.22660360222469
5530,tg,201.2443603382966
5531,tg,225.02280190354634
5532,tg,151.363036832467
5533,tg,172.46390019075804
5534,tg,183.28235956924357
5535,tg,145.2426476519731
5536,tg,170.5603258063103
5537,tg,187.27141955048734
5538,tg,157.4355843330752
5539,tg,220.43248481866397
5540,tg,164.5602992495517
5541,tg,133.5594678337223
5542,tg,239.35756541284556
5543,tg,209.25845544920264
5544,tg,110.81022473563978
5545,tg,208.75367833506817
5546,tg,150.62676236956145
5547,tg,155.2761178465113
5548,tg,98.39251003369563
5549,tg,143.96548273564255
5550,tg,203.66190071697923
5551,tg,199.53903295304224
5552,tg,153.06018413098658
5553,tg,203.83667802878247
5554,tg,225.73065782006927
5555,tg,178.48480820116305
5556,tg,215.0750230558466
5557,tg,96.18594972372978
5558,tg,156.13538950148245
5559,tg,168.80994331945965
5560,tg,170.77342263403108
5561,tg,134.49801634040875
5562,tg,201.81528698419407
5563,tg,184.86900863362604
5564,tg,139.31460553332573
5565,tg,163.55314629090554
5566,tg,208.942099150375
5567,tg,174.59861425348464
5568,tg,165.44315195749806
5569,tg,195.27476828887686
5570,tg,212.2422077263852
5571,tg,154.84692301048491
5572,tg,171.77662008218815
5573,tg,222.33907664144618
5574,tg,157.0536150082229
5575,tg,196.20060160956453
5576,tg,227.24536634226456
5577,tg,163.22257096423678
5578,tg,190.11879206898254
5579,tg,215.86011628939167
5580,tg,153.35674418095675
5581,tg,157.72153051118846
5582,tg,190.1632700204663
5583,tg,140.05956000876773
5584,tg,167.10922500623016
5585,tg,236.7299163808272
5586,tg,217.8372992611404
5587,tg,147.71206081956637
5588,tg,139.59133681893917
5589,tg,132.07934360946322
5590,tg,164.9785558716157
5591,tg,249.0991244609251
5592,tg,185.40397964040463
5593,tg,270.12173439284106
5594,tg,285.07360956323447
5595,tg,169.3183881819145
5596,tg,251.35740392406743
5597,tg,279.3572287130141
5598,tg,174.2810386234335
5599,tg,187.7496607656483
5600,tg,167.37592688608646
5601,tg,140.09461740721866
5602,tg,212.02516676860006
5603,tg,86.76134525966488
5604,tg,110.87652383869954
5605,tg,211.0557626788589
5606,tg,164.54840182836014
5607,tg,74.21139652519331
5608,tg,113.88911411220562
5609,tg,82.07259725532074
5610,tg,60.64096835469009
5611,tg,46.47198837008949
5612,tg,76.98195767970711
5613,tg,56.25747585771475
5614,tg,73.35902222050983
5615,tg,71.45352942160375
5616,tg,51.11915555393689
5617,tg,72.32145263804944
5618,tg,44.685925000088986
5619,tg,20.391826634641077
5620,tg,33.490981661481996
5621,tg,90.08428296772914
5622,tg,54.4368940336641
5623,tg,83.39969134659165
5624,tg,72.01491602000849
5625,tg,47.397808684577456
5626,tg,77.13344739091622
5627,tg,60.094851034753646
5628,tg,41.86157670664362
5629,tg,32.30547956343521
5630,tg,20.42209206138361
5631,tg,68.22025970594159
5632,tg,77.93309456194511
5633,tg,62.248508627368736
5634,tg,39.74035657612389
5635,tg,37.687958751409084
5636,tg,15.17665269673276
5637,tg,18.062650376838874
5638,tg,91.83108387233256
5639,tg,51.32108981075018
5640,tg,39.11523959910359
5641,tg,36.970016527005285
5642,tg,25.61706737113073
5643,tg,3.498073821632005
5644,tg,72.99375610764467
5645,tg,42.54990381429077
5646,tg,24.731462226169143
5647,tg,38.344355638749875
5648,tg,37.919124442087366
5649,tg,23.355393289862135
5650,tg,0.8222953475591908
5651,tg,-5.843134889844521
5652,tg,36.01757902479552
5653,tg,56.323683917376485
5654,tg,48.15289661537433
5655,tg,21.150933481150645
5656,tg,5.490090364158505
5657,tg,39.736363672810626
5658,tg,57.93286947431939
5659,tg,52.15046915433318
5660,tg,51.51381567816351
5661,tg,22.568661275152678
5662,tg,29.22743233830107
5663,tg,44.95210988350652
5664,tg,7.938572491968955
5665,tg,-18.054122550379503
5666,tg,39.368301227006214
5667,tg,42.04474301726462
5668,tg,55.309057271217696
5669,tg,68.28421769305218
5670,tg,30.923271700861562
5671,tg,62.39588837946714
5672,tg,50.638420399980134
5673,tg,24.19866325474338
5674,tg,52.67043750973767
5675,tg,66.97163201756611
5676,tg,142.9107360277928
5677,tg,198.7465131794585
5678,tg,25.308118103042176
5679,tg,126.83721513552794
5680,tg,201.41777199912949
5681,tg,161.0238566442505
5682,tg,160.05274223924647
5683,tg,157.9923472274804
5684,tg,76.27634533263544
5685,tg,16.065262273829077
5686,tg,31.57346463093711
5687,tg,44.24090487055636
5688,tg,25.19223286355961
5689,tg,30.282313172585404
5690,tg,54.34358755689104
5691,tg,69.09556394072693
5692,tg,97.79239747563216
5693,tg,235.6334807384456
5694,tg,205.1048475322334
5695,tg,258.8000066193883
5696,tg,295.87931636289704
5697,tg,174.33766111390347
5698,tg,141.3134999168403
5699,tg,120.45617195804634
5700,tg,175.49599326074048
5701,tg,212.41076157162362
5702,tg,88.73549128377957
5703,tg,154.79431780995267
5704,tg,96.10629325356018
5705,tg,223.53811819339882
5706,tg,184.54593463264433
5707,tg,276.2798187916661
5708,tg,244.63905146001335
5709,tg,140.1152110986963
5710,tg,246.29138508451894
5711,tg,179.9303074831118
5712,tg,192.71771690892487
5713,tg,242.99868353924785
5714,tg,180.97136597864636
5715,tg,242.79009010817921
5716,tg,206.07515555285497
5717,tg,100.71077083838495
5718,tg,62.417979409687234
5719,tg,121.62154371048042
5720,tg,113.76311655244272
5721,tg,77.96632540222322
5722,tg,146.41637507483816
5723,tg,197.93864283865827
5724,tg,155.32276458179797
5725,tg,206.3494107831972
5726,tg,181.5281223699517
5727,tg,133.02436757783403
5728,tg,229.61040719578764
5729,tg,198.10453366450452
5730,tg,84.28188236412741
5731,tg,230.60321594192038
5732,tg,153.23622141838743
5733,tg,136.89741103826682
5734,tg,181.25314854707509
5735,tg,189.79755844526085
5736,tg,194.2963183872322
5737,tg,201.79307239507668
5738,tg,200.13959422499596
5739,tg,158.8941954901141
5740,tg,266.8275371346025
5741,tg,203.75459590236557
5742,tg,129.73301786444605
5743,tg,190.34864088193942
5744,tg,179.98470591343005
5745,tg,236.48385859147243
5746,tg,217.262685357623
5747,tg,185.42455544835764
5748,tg,136.11255963874777
5749,tg,191.59774979970445
5750,tg,221.5789813237581
5751,tg,235.4432390551783
5752,tg,210.2196526269221
5753,tg,183.93551466130478
5754,tg,143.41056265715983
5755,tg,264.90406326458697
5756,tg,226.547804832818
5757,tg,128.48842372375796
5758,tg,273.47423844441306
5759,tg,169.58390487182155
5760,tg,197.1865560884462
5761,tg,149.92562659385504
5762,tg,243.52646211758264
5763,tg,167.53163873487887
5764,tg,95.80143118373284
5765,tg,78.85814100754989
5766,tg,132.46702346887898
5767,tg,179.00126163109388
5768,tg,108.55257607318373
5769,tg,128.6301262696797
5770,tg,98.46380351744688
5771,tg,130.6636179573302
5772,tg,152.1958741993999
5773,tg,195.62070718896186
5774,tg,166.0864272150989
5775,tg,142.27489218755554
5776,tg,195.00516602648355
5777,tg,212.6700726784905
5778,tg,150.1594170982138
5779,tg,193.66033473034796
5780,tg,165.96628081943388
5781,tg,151.02919857544413
5782,tg,-23.571001303133755
5783,tg,175.47669206035977
5784,tg,105.15586394877211
5785,tg,185.62609626762946
5786,tg,86.35578594007504
5787,tg,42.588298115856716
5788,tg,54.10162672044727
5789,tg,110.215327663663
5790,tg,71.86625515723792
5791,tg,84.77349720414783
5792,tg,49.064162992378456
5793,tg,-4.781972061096667
5794,tg,113.2438082616739
5795,tg,82.46299134604004
5796,tg,144.871395435688
5797,tg,224.1004282319835
5798,tg,209.65665325975243
5799,tg,148.7933970769635
5800,tg,222.7236829732912
5801,tg,270.1771277974377
5802,tg,182.27946776677987
5803,tg,224.4625988693159
5804,tg,224.28874499769262
5805,tg,164.93798465737206
5806,tg,253.4597910773963
5807,tg,190.47675845225626
5808,tg,166.4269376525768
5809,tg,253.96951705052328
5810,tg,172.72269755273607
5811,tg,154.9885816604826
5812,tg,226.21893656986214
5813,tg,224.50987640528888
5814,tg,137.63418989785518
5815,tg,237.44137501467185
5816,tg,251.00931900102904
5817,tg,174.85298625600882
5818,tg,272.53754494696125
5819,tg,253.62347410084053
5820,tg,171.44723482279355
5821,tg,163.38412584825224
5822,tg,216.1679210119051
5823,tg,146.09157531373143
5824,tg,82.72403227746932
5825,tg,15.134915801839412
5826,tg,-2.9971442800693353
5827,tg,-5.074143331549692
5828,tg,46.829528800322464
5829,tg,7.9683306769225055
5830,tg,297.14328486383926
5831,tg,230.63566641021546
5832,tg,154.4359531118126
5833,tg,196.36094854278124
5834,tg,244.18771031741807
5835,tg,140.47630303433962
5836,tg,206.83003538445635
5837,tg,281.80715452899324
5838,tg,125.90799532558881
5839,tg,188.57190620868627
5840,tg,235.85216698049499
5841,tg,200.85576110313832
5842,tg,189.41522819836638
5843,tg,249.93795931170268
5844,tg,204.12241123037535
5845,tg,259.61258195293635
5846,tg,240.22849306142598
5847,tg,212.9330775460771
5848,tg,222.9010029971392
5849,tg,132.82750004869817
5850,tg,148.593221908662
5851,tg,190.72646122908185
5852,tg,128.55927824826875
5853,tg,111.12429844641701
5854,tg,95.17846998431573
5855,tg,181.88013516530475
5856,tg,83.9289006068954
5857,tg,206.3898275488192
5858,tg,200.6464718403848
5859,tg,143.46210053642776
5860,tg,212.82889788634026
5861,tg,198.78832160845027
5862,tg,176.05167013746922
5863,tg,207.01255138509148
5864,tg,221.3362206060317
5865,tg,162.21095200176265
5866,tg,210.14585544972525
5867,tg,192.9105305681863
5868,tg,167.89202101975013
5869,tg,216.78724372695126
5870,tg,249.73239632516822
5871,tg,175.16259884028295
5872,tg,195.27032992322327
5873,tg,225.66114618567929
5874,tg,195.75891757025946
5875,tg,230.33381202407278
5876,tg,180.10040906611658
5877,tg,201.42426209278852
5878,tg,198.76607450383358
5879,tg,229.31012655981078
5880,tg,239.83659025153946
5881,tg,195.39956927826574
5882,tg,189.55552932626856
5883,tg,172.268491794653
5884,tg,211.81605308954275
5885,tg,255.64057960262198
5886,tg,189.53485272026774
5887,tg,231.79113719311462
5888,tg,268.7556151993179
5889,tg,153.81249279948133
5890,tg,256.583659144135
5891,tg,210.05975440759568
5892,tg,167.25451563749894
5893,tg,248.82523340417495
5894,tg,192.31141623595113
5895,tg,212.59344014975522
5896,tg,197.6977029888923
5897,tg,206.65908839846992
5898,tg,129.548520044129
5899,tg,161.47763157196792
5900,tg,96.91751919388754
5901,tg,152.59862092830082
5902,tg,238.81882260814893
5903,tg,297.1859061803134
5904,tg,172.24825414789262
5905,tg,263.4574096824133
5906,tg,159.68979448148093
5907,tg,78.03515421112802
5908,tg,179.39033559254185
5909,tg,186.5079523755225
5910,tg,73.39070532302156
5911,tg,232.15135690048942
5912,tg,146.97952563907958
5913,tg,178.0961016648571
5914,tg,258.0170594087966
5915,tg,173.31307171876108
5916,tg,152.07800714023537
5917,tg,86.006257328868
5918,tg,49.55798238325099
5919,tg,6.5565337099916405
5920,tg,65.21876697234441
5921,tg,96.09384306888064
5922,tg,13.24367129472381
5923,tg,228.67552156009663
5924,tg,198.6887331372137
5925,tg,133.86997378133952
5926,tg,250.65453588513617
5927,tg,224.41050903944748
5928,tg,159.8570444551977
5929,tg,205.56832996226498
5930,tg,242.85177851343911
5931,tg,151.71509514951907
5932,egc,3.4228438647249755
5933,egc,3.6474480846138615
5934,egc,2.6587358320067596
5935,egc,3.931177460725218
5936,egc,2.304528329743049
5937,egc,4.512821690094321
5938,egc,3.6638650767801937
5939,egc,3.2292945195809404
5940,egc,3.8792196373149954
5941,egc,3.316258992702304
5942,egc,3.391668413571158
5943,egc,3.9362031602270333
5944,egc,3.6767589945226598
5945,egc,3.081566079246083
5946,egc,3.5675360228358897
5947,tg,161.23572926342288
5948,tg,118.61781065898192
5949,tg,55.931989206685444
5950,tg,8.624623514665558
5951,tg,-31.487250773565364
5952,tg,87.48354701447614
5953,tg,74.20432115254701
5954,tg,57.05273993943885
5955,tg,87.4760359341393
5956,tg,95.62196513693146
5957,tg,72.45016849355329
5958,tg,42.43206764485058
5959,tg,94.77001028218888
5960,tg,73.05447555102565
5961,tg,89.14758621872744
5962,tg,179.56658585646306
5963,tg,152.87519613951767
5964,tg,183.89156020935962
5965,tg,151.64207834430525
5966,tg,97.61855335865864
5967,tg,101.49141270007671
5968,tg,230.40414304904493
5969,tg,186.11059996795439
5970,tg,166.04591452875397
5971,tg,150.60147100132335
5972,tg,119.7266217003947
5973,tg,113.1009123969281
5974,tg,98.07651140536021
5975,tg,205.75846109283466
5976,tg,169.48444158525723
5977,tg,248.6168350661021
5978,tg,209.60696957683172
5979,tg,175.8260776033699
5980,tg,252.90847127757286
5981,tg,209.59017857299648
5982,tg,128.6279851240512
5983,tg,246.99830455466218
5984,tg,171.1361818019007
5985,tg,160.3174574220959
5986,tg,40.87531007896875
5987,tg,52.889624490476166
5988,tg,99.03977656883475
5989,tg,79.22030514178243
5990,tg,69.5720915890751
5991,tg,65.78731998679348
5992,tg,34.76152479638138
5993,tg,58.97638289005066
5994,tg,89.12455223902782
5995,tg,34.19396675621071
5996,tg,72.17802677066514
5997,egb,7.186158071025886
5998,egc,5.752056959886875
5999,tg,69.67748082538569
6000,tg,21.86583225482056
6001,tg,65.2573758762057
6002,tg,38.50210783512294
6003,tg,29.946792238474075
6004,tg,-20.43905638637048
6005,tg,65.06282914083192
6006,tg,28.107377437232557
6007,tg,49.00874357538237
6008,tg,28.643323908989927
6009,tg,89.0794727508071
6010,tg,107.9215185144425
6011,tg,24.696618617126063
6012,tg,144.2381203198949
6013,egb,4.131390829251591
6014,ei,6.035956280683635
6015,tg,134.33378380502646
6016,tg,84.75114604993337
6017,tg,167.25984980515807
6018,tg,184.65036466172575
6019,tg,136.46652092539603
6020,tg,163.4613208951253
6021,tg,212.07121521869976
6022,tg,178.02342302083593
6023,tg,146.47240253167104
6024,tg,117.8854055404923
6025,tg,115.22451591354606
6026,tg,28.794937179096365
6027,tg,54.74818441770179
6028,tg,40.84567545291253
6029,tg,-13.151929802472154
6030,tg,49.947687145385245
6031,tg,10.47119172575168
6032,tg,128.7417942489039
6033,tg,109.82412393701131
6034,tg,74.82207011742736
6035,tg,82.32715459619088
6036,tg,118.79076059972485
6037,tg,73.14354200669081
6038,tg,75.66080091860721
6039,tg,121.03063629026698
6040,tg,80.99655533409612
6041,tg,187.26173318324777
6042,tg,128.72381968089434
6043,tg,73.50001592854696
6044,tg,88.95029517521328
6045,tg,42.64004978453249
6046,tg,44.405303234985055
6047,tg,41.04115863466595
6048,tg,77.45426481624695
6049,tg,99.12563699626956
6050,tg,35.4327747637995
6051,tg,119.25938698174465
6052,tg,76.97217051441972
6053,tg,71.31734800746207
6054,tg,60.0413305229163
6055,tg,90.61884102766669
6056,tg,141.88241304044405
6057,tg,157.05530581418617
6058,tg,142.6383666964096
6059,tg,188.70123335557685
6060,tg,187.64022334967564
6061,egc,4.0695939438946915
6062,egc,4.298019501246989
6063,egc,4.095629989188935
6064,egc,4.323831405278672
6065,egc,3.9202406196113975
6066,tg,251.67013799627375
6067,tg,206.49625077800732
6068,tg,225.39613186023632
6069,tg,249.89777015457574
6070,tg,224.06911580616372
6071,tg,364.01438758096685
6072,tg,283.0614724297451
6073,tg,173.5817993142234
6074,tg,290.35889992381965
6075,tg,284.13964736772334
6076,tg,183.41288653805807
6077,tg,281.12876415793016
6078,tg,289.1924649145586
6079,tg,158.06487467442983
6080,tg,254.90795337873718
6081,tg,259.1026738930133
6082,egc,2.8914636304070704
6083,egc,1.924215193707206
6084,egc,3.0476862581382775
6085,egc,3.637459404036911
6086,tg,356.35614209433055
6087,tg,353.8194389138365
6088,tg,195.98537501664
6089,tg,341.56607705462204
6090,tg,358.0640382040291
6091,tg,195.175836630726
6092,tg,392.22467869374145
6093,tg,331.7584270026783
6094,tg,203.58619813152376
6095,tg,186.56055595027976
6096,tg,177.61550957909722
6097,tg,163.84767493505734
6098,tg,326.27228189985635
6099,tg,384.3555376786866
6100,tg,111.7591050422268
6101,tg,92.40288843671098
6102,tg,106.7841913801492
6103,tg,107.4427180326937
6104,tg,91.1885841093899
6105,tg,115.93835793348893
6106,tg,116.27429994331611
6107,tg,90.72133638454014
6108,tg,91.08025222039323
6109,tg,81.19492589218682
6110,tg,161.58003588544335
6111,tg,174.13109664999075
6112,tg,68.51520780003429
6113,tg,134.93446213277764
6114,tg,117.39717231239842
6115,tg,127.67504525737736
6116,tg,85.44307587490226
6117,tg,117.06017192306925
6118,tg,115.07164754516688
6119,tg,217.28562829392462
6120,tg,368.8996462568421
6121,tg,210.00290430863063
6122,tg,311.50660348461815
6123,tg,333.75321386574456
6124,tg,211.45885732360227
6125,tg,238.1484700685113
6126,tg,304.20119018391705
6127,tg,212.69573391053302
6128,tg,294.4786787153237
6129,tg,341.0727388931391
6130,tg,261.7513994716738
6131,tg,303.19060846587035
6132,tg,336.8919480187604
6133,tg,231.26930895115055
6134,tg,314.10210769403477
6135,tg,359.99244142373755
6136,tg,225.78623981456184
6137,tg,219.09155213089366
6138,tg,279.84929226692475
6139,tg,203.3773250671612
6140,tg,215.01592288433048
6141,tg,236.70221317542902
6142,tg,217.40971394232903
6143,tg,203.0132815370695
6144,tg,257.63531444088943
6145,tg,217.08929320608968
6146,tg,209.95061288266658
6147,tg,254.5632370614256
6148,tg,210.8836451348979
6149,tg,213.8945543570905
6150,tg,220.5913165296136
6151,tg,206.76478978357372
6152,tg,224.51751754762287
6153,tg,248.436159442727
6154,tg,205.76736383654128
6155,tg,215.91364980742873
6156,tg,263.1375091941627
6157,tg,241.02396524234558
6158,tg,229.8853842702142
6159,tg,163.80242311469038
6160,tg,217.04206119181572
6161,tg,287.16535764519443
6162,tg,352.8479668383403
6163,tg,192.5039470103687
6164,tg,354.9866282826812
6165,tg,368.2125027133693
6166,tg,237.49810155473955
6167,tg,372.733431722759
6168,tg,207.41405927346932
6169,tg,155.96322562293494
6170,tg,90.89681603112811
6171,tg,82.65423450668557
6172,egc,3.5966158746958765
6173,egc,3.3659693746664727
6174,egc,4.114828791274239
6175,egc,4.467495147101438
6176,egc,3.1711677173307002
6177,egc,3.7054224371563302
6178,egc,3.639845508353276
6179,egc,3.4179396763329724
6180,egc,3.946487533416207
6181,egc,3.7267181938516893
6182,egc,1.5361875977196666
6183,egc,2.356280285292225
6184,egb,1.507009256084841
6185,egc,2.6619898995275193
6186,egc,2.9645348971128924
6187,egc,1.0138861127063907
6188,egc,3.2441421490290105
6189,egb,3.466122443433701
6190,egc,3.9634640842432223
6191,egc,4.805292795976518
6192,egc,3.7650049892371573
6193,egc,3.702371480129125
6194,egc,4.033021576798583
6195,egc,4.676793932752277
6196,egc,3.9730288312520567
6197,egc,3.9888862647577055
6198,egc,1.950776774551386
6199,egc,3.113258513437108
6200,egc,3.49418799120995
6201,egc,3.775760077771725
6202,egc,4.13862220883178
6203,egc,4.483522526746295
6204,egc,2.9911380721446617
6205,egc,3.5965257695344466
6206,egc,4.03962145272801
6207,egc,5.141225144162142
6208,egc,4.199921946569459
6209,egc,4.1088652129448455
6210,egc,3.9331889369430253
6211,egc,4.3467062689486
6212,egc,4.154159927913497
6213,egc,3.835265376827737
6214,egc,5.219067170714386
6215,egc,4.39267044002975
6216,egc,4.23806433067442
6217,egc,5.682876572387311
6218,egc,4.1360134587742055
6219,egc,3.9885958532052554
6220,egc,4.134546866413819
6221,egc,4.549847679194126
6222,egc,4.419173158088235
6223,egc,3.839062832684567
6224,egc,2.556667621405876
6225,egc,4.0880421344666535
6226,egc,4.712954213613475
6227,egc,3.259224575329272
6228,egc,4.0167512859298276
6229,egc,3.7513238197082375
6230,egc,3.3291951589229507
6231,egc,3.065533623007263
6232,egc,3.4602073158810005
6233,egc,3.550513998812779
6234,egc,3.4073282980532777
6235,egc,5.381006615751985
6236,egc,4.172249941121768
6237,egc,3.8288785659558613
6238,egc,4.056456209436884
6239,egc,3.9748178954038664
6240,egc,3.766872568259922
6241,egc,5.121260681879898
6242,tg,163.96652233652557
6243,tg,143.19811044921252
6244,tg,324.4727831255477
6245,tg,126.80676924776434
6246,tg,111.75747926726213
6247,tg,208.28167684422166
6248,tg,157.78153461358497
6249,tg,82.55460051374996
6250,tg,145.04827975184543
6251,tg,112.80151293098208
6252,tg,167.0908244851799
6253,tg,146.94481453069614
6254,tg,176.26826888446396
6255,tg,140.12733978637658
6256,tg,155.36389099819206
6257,tg,138.35350590210416
6258,tg,125.12903288943559
6259,tg,148.0028453039745
6260,tg,267.52633423302217
6261,tg,140.0036613946008
6262,tg,191.51020832095617
6263,tg,207.91126027626842
6264,tg,179.3764027010945
6265,tg,200.7852154758708
6266,tg,215.73720119896183
6267,tg,202.07310888119332
6268,tg,196.4163419473779
6269,tg,212.57077034364767
6270,tg,195.29630980715888
6271,tg,207.0731342633754
6272,tg,278.80506351020904
6273,tg,163.18799235651295
6274,tg,204.7738657618235
6275,tg,272.552150909244
6276,tg,197.04128008915208
6277,tg,260.9911220671896
6278,tg,259.7040545555492
6279,tg,254.12925919545313
6280,tg,243.84385240928782
6281,tg,241.69756933191255
6282,tg,227.42597693464106
6283,tg,256.4360387773419
6284,tg,259.8334402303385
6285,tg,211.1289875832682
6286,tg,297.19977078921215
6287,tg,245.78016339842446
6288,tg,227.29834709681361
6289,tg,274.75456874459985
6290,tg,261.37800448398525
6291,tg,215.54122378161912
6292,tg,283.84608443390056
6293,tg,231.87894204740718
6294,tg,193.82929176777762
6295,tg,280.7405160901643
6296,tg,224.3241868919227
6297,tg,213.55914397567676
6298,tg,263.17815356827975
6299,tg,265.8736234287248
6300,tg,183.94405323141928
6301,tg,248.35055263618668
6302,tg,257.8512563747984
6303,tg,203.01651357769927
6304,tg,264.98559913061575
6305,tg,218.29868769301743
6306,tg,185.31216562504915
6307,tg,227.9041433641536
6308,tg,233.3948406368766
6309,tg,240.70314781701484
6310,tg,257.3165715044136
6311,tg,248.7941680961498
6312,tg,215.35446775987612
6313,tg,283.76441850587463
6314,tg,231.0661065898648
6315,tg,206.5230890711243
6316,tg,276.2872583379045
6317,tg,235.27947799453577
6318,tg,213.15299937709966
6319,tg,266.8653331509814
6320,tg,257.4427446478727
6321,tg,220.40398173198315
6322,tg,236.49420502334766
6323,tg,285.459984738241
6324,tg,221.9043379127902
6325,tg,240.80694379386003
6326,tg,236.83045430464318
6327,tg,213.5567118163296
6328,tg,226.56034280934563
6329,tg,403.0267697698826
6330,tg,189.01639308403048
6331,tg,248.6683591262828
6332,tg,222.5780005302559
6333,tg,192.27278457124035
6334,tg,277.9184568878692
6335,tg,231.9181947581545
6336,tg,237.2995359036531
6337,tg,277.52310743505757
6338,tg,256.4359347277441
6339,tg,232.84472391052708
6340,tg,301.9943242282578
6341,tg,265.0596044070081
6342,tg,218.2088408653692
6343,tg,274.78573159912287
6344,tg,218.02644192053157
6345,tg,214.93479671359282
6346,tg,301.61387988032243
6347,tg,262.64800786159634
6348,tg,233.25535564800674
6349,tg,277.04799095937875
6350,tg,250.77118849040207
6351,tg,231.76282269632972
6352,tg,284.76308654498007
6353,tg,268.4446369640734
6354,tg,216.4750168965339
6355,tg,272.56360937119507
6356,tg,255.83379970562459
6357,tg,251.71222605855945
6358,tg,295.8975510549009
6359,tg,258.73017633310525
6360,tg,262.00568368234985
6361,tg,295.2795484691261
6362,tg,256.33435630795077
6363,tg,232.816461438541
6364,tg,200.88653377166983
6365,tg,240.1739060412118
6366,tg,232.50106109539263
6367,tg,295.1971281815165
6368,tg,269.3175740705102
6369,tg,247.18784390314474
6370,tg,231.93814626852108
6371,tg,241.22701803233457
6372,tg,202.1217390619369
6373,tg,264.9807348119214
6374,tg,254.88008109274267
6375,tg,214.6202807920252
6376,tg,286.4072522760631
6377,tg,234.18360812184187
6378,tg,211.18152612702687
6379,tg,244.3279431627717
6380,tg,230.27380792167628
6381,tg,200.39739010959573
6382,tg,285.21978624185897
6383,tg,321.85164369648794
6384,tg,244.94539298505856
6385,tg,279.0918762263785
6386,tg,331.8319900682802
6387,tg,241.0038641606822
6388,tg,259.6265245990335
6389,tg,256.6999735882083
6390,tg,232.6471207182197
6391,tg,271.86629497954317
6392,tg,254.31673055818058
6393,tg,200.4001994487347
6394,tg,269.858059705969
6395,tg,247.03130778644524
6396,tg,181.13270788614147
6397,tg,262.95365355495665
6398,tg,213.8760855534917
6399,tg,174.79481927932238
6400,tg,242.03647187795042
6401,tg,261.40973961129583
6402,tg,246.4466205812467
6403,tg,304.04752193425526
6404,tg,258.72182635288664
6405,tg,263.3231857013291
6406,tg,296.73305631855084
6407,tg,256.3093583920938
6408,tg,266.1994677502463
6409,tg,299.4134389873236
6410,tg,260.7095898681055
6411,tg,250.76436673865027
6412,tg,276.90258164653756
6413,tg,190.97661597134763
6414,tg,179.0433854604288
6415,tg,241.47486417415047
6416,tg,243.06087918629675
6417,tg,218.60566001874895
6418,tg,253.55266834957865
6419,tg,232.3010517561375
6420,tg,215.13323880578196
6421,tg,263.50107149486485
6422,tg,245.44169005697728
6423,tg,174.88092032145198
6424,tg,288.77908886893863
6425,tg,261.3863544642038
6426,tg,232.7396143075104
6427,tg,291.71711134791457
6428,tg,213.03397314038529
6429,tg,179.07760152033552
6430,tg,206.1488161649548
6431,tg,226.71274295453497
6432,tg,183.09368513304224
6433,tg,222.01190568755345
6434,tg,233.31048892860903
6435,tg,204.8691816964529
6436,tg,271.17254428661386
6437,tg,231.14356501228212
6438,tg,188.04841317315834
6439,tg,274.59329186810334
6440,tg,247.0414786346243
6441,tg,227.96013505393728
6442,tg,279.2615941264916
6443,tg,238.5040985873858
6444,tg,227.9433505532019
6445,tg,296.73143054358616
6446,tg,285.18814215794646
6447,tg,230.73749845090333
6448,tg,294.8958135526621
6449,tg,249.91774767734177
6450,tg,235.53790467982185
6451,tg,264.9194756112522
6452,tg,231.45256630516957
6453,tg,226.48676673754397
6454,tg,286.656802230042
6455,tg,262.5041202741221
6456,tg,233.5816226710191
6457,tg,222.20771402429983
6458,tg,255.83385173042345
6459,tg,230.14777134331422
6460,tg,281.8233342414417
6461,tg,249.20308301526677
6462,tg,253.18698603832257
6463,tg,286.3926723261799
6464,tg,237.9608751468865
6465,tg,222.60385035219437
6466,tg,269.80317354316134
6467,tg,237.84653114207046
6468,tg,209.79096828423462
6469,tg,281.091072191149
6470,tg,240.1962506923264
6471,tg,255.30235337896943
6472,tg,478.71507441807
6473,tg,236.41752046981352
6474,tg,217.3773220019327
6475,tg,236.433427052068
6476,tg,310.50962625147594
6477,tg,231.94139781845044
6478,tg,275.1662669904563
6479,tg,245.32971968360965
6480,tg,234.6248434472567
6481,tg,282.8124297175551
6482,tg,254.19899843833815
6483,tg,233.02863157453197
6484,tg,246.885118101621
6485,tg,295.0936638627641
6486,tg,218.3881638439737
6487,tg,294.3059823954753
6488,tg,280.93386625516405
6489,tg,166.79917021116563
6490,tg,207.19405940524848
6491,tg,185.2458437611399
6492,tg,198.11332585551352
6493,tg,196.86919831224031
6494,tg,158.4200869949134
6495,tg,159.30822672304492
6496,tg,200.5328626858528
6497,tg,185.82328000999595
6498,tg,188.49048739845497
6499,tg,259.8733432510717
6500,tg,178.47413336274494
6501,tg,204.66389834321237
6502,tg,256.3602906701874
6503,tg,187.04571321214047
6504,tg,239.0667858057623
6505,tg,264.8453662852621
6506,tg,193.47383883259928
6507,tg,138.70224438667833
6508,tg,197.1887508846485
6509,tg,152.96633220671288
6510,tg,175.33361736036784
6511,tg,196.66293949402095
6512,tg,159.3541272276228
6513,tg,151.69480872950976
6514,tg,305.35736330160097
6515,tg,263.0272686453575
6516,tg,238.926813084403
6517,tg,290.17960946071446
6518,tg,239.7803644501609
6519,tg,202.0495026287061
6520,tg,221.7164308423722
6521,tg,230.51854558175972
6522,tg,202.51477991429869
6523,tg,251.36225523656202
6524,tg,226.33825544607015
6525,tg,170.64272333307034
6526,tg,193.17502139409063
6527,tg,217.69064785622618
6528,tg,184.74178849108972
6529,tg,308.8583981539463
6530,tg,256.92686674227934
6531,tg,228.09145214938462
6532,tg,271.4636230362906
6533,tg,234.52863658794664
6534,tg,227.7425673450636
6535,tg,276.3645541828254
6536,tg,287.4799646101601
6537,tg,239.3777445317072
6538,tg,292.8612277184604
6539,tg,254.95978308461127
6540,tg,204.89188401805973
6541,tg,207.0797869345309
6542,tg,254.27208027455055
6543,tg,221.67055147286885
6544,tg,261.67132030001335
6545,tg,255.37460281839992
6546,tg,240.79087463410912
6547,tg,247.48599152236795
6548,tg,254.33517334937994
6549,tg,240.6824939718635
6550,tg,296.3336229190279
6551,tg,222.9001315817581
6552,tg,182.26092092598276
6553,tg,298.9555557262704
6554,tg,252.96039202684497
6555,tg,231.60198152752375
6556,tg,276.9230273924934
6557,tg,245.39078379128313
6558,tg,236.17505239158078
6559,tg,286.22836500514916
6560,tg,252.97104410441358
6561,tg,209.93647514357372
6562,tg,236.940434729454
6563,tg,238.94664103587226
6564,tg,176.10908600612197
6565,tg,235.0512061832946
6566,tg,205.58759214404654
6567,tg,179.1409807315587
6568,tg,255.73893248488542
6569,tg,245.15781674194398
6570,tg,250.7005453166367
6571,tg,287.647159307528
6572,tg,223.73330223255874
6573,tg,219.13186484691795
6574,tg,319.4235032650356
6575,tg,245.7665068887211
6576,tg,248.67395179216132
6577,tg,322.6644401354312
6578,tg,253.6595012740579
6579,tg,245.69396480979697
6580,tg,294.0337496291892
6581,tg,247.75917374123347
6582,tg,245.72579098050562
6583,tg,302.2539539870178
6584,tg,253.86349051042652
6585,tg,248.03740886868923
6586,tg,301.6087814500332
6587,tg,280.3273871623389
6588,tg,235.65503201137744
6589,tg,260.7941951972676
6590,tg,251.69933691463945
6591,tg,248.49201456741363
6592,tg,267.4873416462692
6593,tg,248.8280492464138
6594,tg,235.56893096924784
6595,tg,293.7354264262698
6596,tg,254.64005167695694
6597,tg,189.68151713138167
6598,tg,276.53064335321733
6599,tg,260.26571428414803
6600,tg,236.6741197840393
6601,tg,315.45531173123845
6602,tg,259.524855135842
6603,tg,241.10684725004506
6604,tg,301.00489059095173
6605,tg,228.09056122470398
6606,tg,211.13439816235066
6607,tg,270.05356890012183
6608,tg,241.3939005809093
6609,tg,233.74455783797956
6610,tg,264.5633528567884
6611,tg,325.0296695788502
6612,tg,241.61551972099494
6613,tg,261.6965393212655
6614,tg,323.68671442702384
6615,tg,254.20360263303812
6616,tg,307.6728700435001
6617,tg,281.2608681284604
6618,tg,257.14652844930754
6619,tg,301.76668972080284
6620,tg,236.3025001426122
6621,tg,231.47492396248387
6622,tg,285.77721895554964
6623,tg,319.0429418613027
6624,tg,220.1453144320023
6625,tg,279.792338118362
6626,tg,282.93541634208344
6627,tg,233.51905634727822
6628,tg,292.96980347370175
6629,tg,245.4875369109813
6630,tg,245.5236226120974
6631,tg,276.7356990979628
6632,tg,214.21422073374623
6633,tg,229.51492868366176
6634,tg,303.60203358153285
6635,tg,256.56294026798514
6636,tg,238.9683808987
6637,tg,312.5791077195196
6638,tg,252.5465607642348
6639,tg,244.3833625797678
6640,tg,295.7333217710685
6641,tg,235.94718377253088
6642,tg,186.80786233480742
6643,tg,222.69189582118173
6644,tg,315.1835601943419
6645,tg,338.573142400439
6646,tg,209.8283611084223
6647,tg,234.88899286041845
6648,tg,246.5839790564628
6649,tg,317.92309505942967
6650,tg,241.63924953237944
6651,tg,218.21931735924164
6652,tg,306.4406886946674
6653,tg,249.5126045561429
6654,tg,235.7938601871616
6655,tg,302.5138828883712
6656,tg,238.37096062397802
6657,tg,252.6522491431389
6658,tg,323.7459316543375
6659,tg,253.2063132511027
6660,tg,233.9586789039281
6661,tg,276.1276072363727
6662,tg,249.78660616559063
6663,tg,238.2929949597717
6664,tg,280.6570423003776
6665,tg,221.2518168729652
6666,tg,208.69094943383084
6667,tg,243.84260381411497
6668,tg,254.95377422034178
6669,tg,216.87633619501585
6670,tg,324.22485894653346
6671,tg,234.52703032228152
6672,tg,220.8792672882583
6673,tg,248.5910112565631
6674,tg,254.64648974581706
6675,tg,216.38423362250603
6676,tg,340.420360921511
6677,tg,272.59998771180483
6678,tg,261.4937726676703
6679,tg,325.29564636307225
6680,tg,272.13876185742424
6681,tg,261.1264255628504
6682,tg,341.0257865121591
6683,tg,275.0640642730765
6684,tg,233.80057554016264
6685,tg,273.1384053615085
6686,tg,224.0771211220898
6687,tg,199.8286289959512
6688,tg,217.23000728083287
6689,tg,163.24370278722773
6690,tg,226.4785663286221
6691,tg,246.2646183255004
6692,tg,176.96492646303014
6693,tg,296.9875746408218
6694,tg,294.5315749295746
6695,tg,151.9908964918527
6696,tg,371.348661638841
6697,tg,294.4520680307018
6698,tg,212.03001157799483
6699,tg,263.99369431536337
6700,tg,342.0712118392488
6701,tg,217.45257587349792
6702,tg,302.9388604641392
6703,tg,344.0381784411195
6704,tg,200.3026464477539
6705,tg,254.95545202010533
6706,tg,270.17074175337643
6707,tg,157.66794821990246
6708,tg,249.81411427799304
6709,tg,215.73070460220293
6710,tg,182.41378929436195
6711,tg,200.28688293369635
6712,tg,246.70136651201273
6713,tg,145.9258893355307
6714,tg,252.7870974218095
6715,tg,215.28180862515453
6716,egc,4.098430820270097
6717,egc,3.226521075234529
6718,egc,2.8438056645577063
6719,egc,3.908045577690518
6720,egc,1.9683915858502088
6721,egc,3.8284631381654313
6722,tg,148.62345481990522
6723,tg,151.8600191685333
6724,egc,3.820272868748737
6725,egc,3.6758182181224632
6726,egc,3.9266663607734555
6727,egc,4.05909197234887
6728,egc,3.887475289055777
6729,egc,2.890256183855879
6730,egc,4.197468683997402
6731,egc,3.915955950939265
6732,nc,1.954637416163727
6733,egc,4.096779437552712
6734,egc,4.211760423485604
6735,egc,3.431892703602575
6736,egc,4.447540429075499
6737,egc,4.169150519855766
6738,egc,4.014593622499908
6739,egc,4.319843270449523
6740,egc,4.456709961199671
6741,egc,4.120712779826706
6742,egc,4.630102541046424
6743,egc,3.9477657835563846
6744,ei,5.676456277706291
6745,egc,4.163405427848822
6746,egc,3.5484563483732434
6747,egc,3.5025084177192696
6748,egc,3.9411511860886534
6749,egc,3.1862566865368738
6750,egc,3.5785944685296065
6751,eea,2.0538015220836066
6752,egc,3.295644445982566
6753,egc,1.5343997019439128
6754,egc,1.7216225244205554
6755,egc,3.1840164890223672
6756,egc,2.5426155158467347
6757,egc,3.3959385943801976
6758,egc,3.2988314019826754
6759,egc,3.092713695400385
6760,egc,3.4217185783780337
6761,egc,3.27853596213132
6762,egc,3.1249737734144
6763,egc,3.321679790251176
6764,egc,3.424786640430697
6765,egc,1.1822593840683542
6766,egb,-0.10276602649489597
6767,egb,3.638025497711659
6768,eea,1.4474282205757212
6769,ei,5.275790488087475
6770,eps,4.235115039484481
6771,nc,2.150993060841889
6772,eea,2.8256855959696265
6773,eea,1.5822175592072072
6774,nc,2.1905041146844764
6775,eea,2.1784055684550925
6776,egb,0.6089063287467678
6777,ei,5.607324608319118
6778,egc,3.0828805490439932
6779,egc,2.3855812873720694
6780,egc,1.6882608079909707
6781,egc,1.723309098624743
6782,egc,2.7697250144096865
6783,egc,2.091635444087907
6784,egc,3.5695392736862637
6785,egc,2.2208692392188194
6786,egc,0.7359898306865067
6787,egc,2.929732713211531
6788,egc,3.6947431995953104
6789,egc,2.0392974311091003
6790,egc,2.7078203382853134
6791,egc,2.6882417205117637
6792,ei,5.072509496574485
6793,eps,5.615150776269968
6794,eea,1.9175108861518633
6795,egb,4.761490197505402
6796,nc,1.7030755444654944
6797,egb,3.6698869715826197
6798,eps,4.296842199627954
6799,nc,1.97250822978535
6800,eea,1.7137997616066385
6801,ei,6.714617335146504
6802,nc,1.9804590175214432
6803,egc,2.631952353182047
6804,egc,3.162171595580743
6805,egc,3.157616985304659
6806,egc,2.1129455017061907
6807,eea,2.046624400732514
6808,egb,2.6860765539309757
6809,eps,4.910758709004124
6810,nc,2.226199597597462
6811,egc,3.0976957443727526
6812,egc,2.722914635286302
6813,egc,1.786361026565908
6814,egc,2.001896685389372
6815,egc,3.1099698619850944
6816,egc,2.355158083458071
6817,egc,3.029963021541469
6818,egc,3.110824458967409
6819,egc,2.349553056372707
6820,egc,2.800875228640697
6821,egc,3.3834273431635538
6822,egc,2.9914414760388532
6823,egc,3.4815038203370356
6824,egc,1.942726570056271
6825,egc,1.6578314350513974
6826,egc,1.9728347797856034
6827,egc,3.2801846809512973
6828,egc,1.7876443708256895
6829,egc,3.167965151826484
6830,egc,2.919064972470901
6831,ei,4.19554284747949
6832,egc,2.3449184357043165
6833,egc,2.5391457193710174
6834,egc,2.208797951689779
6835,egc,1.8984247410599089
6836,egc,3.889532612350017
6837,egc,3.5879331581391485
6838,egc,2.980827854477132
6839,egc,3.319561010376397
6840,egc,3.2355365452919713
6841,egc,3.632818894753199
6842,egc,3.1938723486092853
6843,egc,2.341864394164324
6844,egc,3.01260880483815
6845,egc,3.2292196500432793
6846,egc,2.8432612947857496
6847,eea,2.0093890963745045
6848,egb,4.920686590104035
6849,ei,7.246640380371291
6850,eps,2.817051730895762
6851,nc,1.679329959090091
6852,eea,2.1917153092025687
6853,ei,7.201665865738786
6854,eps,3.0978430649042243
6855,egc,2.6380039803310114
6856,egc,2.863609545234831
6857,egc,1.7208420492152263
6858,egc,2.7568640916070386
6859,egc,2.488361740016619
6860,egc,2.141259833574363
6861,egc,2.6724488280994416
6862,eea,2.380954775108225
6863,ei,5.213578258052405
6864,egc,5.019648605291231
6865,egc,2.692612755541947
6866,egc,2.257116190215843
6867,nc,1.8208393414660609
6868,eps,2.8109263225075685
6869,eea,1.4367616335087408
6870,egb,5.055840357907896
6871,ei,6.433355742237631
6872,eps,3.5340189868005734
6873,nc,1.7736788185399648
6874,eea,1.5257577996794787
6875,ei,6.485159128502089
6876,nc,1.7962544646425496
6877,eea,1.1419632601411782
6878,egb,6.261538421252919
6879,nc,1.8176019411375117
6880,eea,1.908962042429867
6881,ei,7.278475031522726
6882,eps,2.6306866795179698
6883,egb,5.281020687494947
6884,nc,1.8619191622065498
6885,eea,1.8932926158445411
6886,ei,5.972113878494928
6887,eps,3.968536305280179
6888,eea,1.7955531280721004
6889,ei,6.59966707464187
6890,egc,2.4748182986571665
6891,egc,2.6533194275518577
6892,egc,2.513540150550803
6893,egc,2.0245362614891653
6894,egc,3.436858582250329
6895,egc,3.1425796115851132
6896,egc,4.18212428441789
6897,egc,2.663358675444507
6898,egb,5.108429895752996
6899,nc,1.7599230719520926
6900,eea,1.40553074294793
6901,ei,7.302337913350868
6902,eps,3.622675564834462
6903,nc,1.8419286089815359
6904,egc,3.8445471898908794
6905,egc,3.886149135497308
6906,egc,4.1387401447108605
6907,egc,3.1662640897592036
6908,egc,2.255384563430941
6909,egc,3.033377857607518
6910,egc,2.8228277996196316
6911,egc,3.668644482609429
6912,egc,2.6466073407860238
6913,egc,2.8348873099180287
6914,egc,1.921882741219327
6915,egc,2.968070029177655
6916,egc,3.333775380002179
6917,egc,2.2560756812355165
6918,egc,2.8525077294219194
6919,egc,3.0946302060123703
6920,egc,2.388071704302704
6921,egc,4.069010363422299
6922,egc,2.963512334388784
6923,egc,2.019776764787922
6924,egc,2.7866492687244406
6925,egb,5.9766722919763176
6926,ei,7.136629801438462
6927,nc,1.8374045280486269
6928,egb,5.004474335851221
6929,ei,7.305574977954729
6930,nc,1.6506897558796654
6931,egc,3.8084142256618674
6932,eea,2.28901612463174
6933,egb,2.503106428146575
6934,ei,5.994565685753436
6935,nc,2.2172444330635495
6936,egc,2.3744968569948695
6937,egc,2.0389573869417963
6938,egc,2.8939398398848653
6939,egc,2.4715507714442433
6940,egc,2.177490707716858
6941,egc,3.139404339345562
6942,egc,1.4506703219161614
6943,egc,2.7019778971853943
6944,egc,3.681335663738678
6945,egc,1.9707378719105897
6946,egc,2.520000241968904
6947,egc,2.8658079616215795
6948,egc,1.7675402642372458
6949,egc,2.865875073142229
6950,egc,2.537515974978188
6951,egc,1.6034561481114693
6952,egc,1.0235610142097737
6953,egc,2.3143352110057047
6954,egc,3.3442945033085003
6955,egc,3.499840874978563
6956,egc,2.6655565310107487
6957,egc,1.890335466069485
6958,egc,2.6493486314233774
6959,egc,3.9657923305773
6960,egc,3.3208749193538
6961,egc,1.7222233501235324
6962,egc,2.4904952881647446
6963,egc,2.1636227382241238
6964,egc,2.6876317347405085
6965,egc,2.4317497139553095
6966,egc,2.1705522364064365
6967,egc,2.671935677335698
6968,egc,3.9584432451857996
6969,egc,2.0785451456979684
6970,egc,2.1142914709225673
6971,egc,2.9709417105828453
6972,egc,2.1128703517582763
6973,egc,1.6588001590068506
6974,egc,1.6835501026738213
6975,egc,2.1274744916363013
6976,egc,2.4245362536563753
6977,tg,118.43546699049307
6978,tg,113.7576767094109
6979,tg,197.99763245747678
6980,tg,153.5911061452156
6981,tg,64.98844018154792
6982,tg,64.06106562619371
6983,tg,90.45011810183193
6984,tg,152.6844602206611
6985,tg,244.60128145603386
6986,tg,182.69143263973055
6987,tg,143.25364001246248
6988,tg,352.71349573946145
6989,tg,204.88549797399844
6990,tg,286.93218249665983
6991,tg,334.9480674213882
6992,tg,206.51097379608748
6993,tg,304.15261202797234
6994,tg,343.1333111143763
6995,tg,190.60457362842968
6996,tg,228.22239856814002
6997,tg,214.48416440888212
6998,tg,162.11752846919214
6999,tg,198.34678714044193
7000,tg,141.82591167020894
7001,tg,145.5866307447756
7002,tg,153.55882800906681
7003,tg,206.48658717161726
7004,tg,145.0708373794804
7005,tg,172.70359469690106
7006,tg,184.88661577649356
7007,tg,134.64879558795832
7008,egc,3.5564435540314254
7009,egc,3.4820360389980114
7010,egc,2.9752437646906893
7011,egc,3.3326087798779014
7012,egc,4.007013432324554
7013,egc,3.883973198665875
7014,egc,2.0166191583943363
7015,egc,4.08812882797
7016,tg,203.06591762732606
7017,egc,2.84643404333302
7018,egc,3.611952165745559
7019,egc,3.8517830830100865
7020,egc,3.0770344626107793
7021,egc,3.711945901291702
7022,egc,3.8491948963710954
7023,egc,3.1739649965486523
7024,tg,263.66494961130485
7025,tg,204.96086890136115
7026,tg,339.87051082225565
7027,tg,282.64066984408635
7028,tg,226.2631771582011
7029,tg,301.63208855992684
7030,tg,285.3976460229953
7031,tg,195.380775319674
7032,tg,286.9337042220268
7033,tg,270.1349747041535
7034,tg,263.0422387812323
7035,tg,351.21630006518575
7036,tg,385.0004370854771
7037,tg,267.52330378848796
7038,tg,357.299156604845
7039,tg,374.6430800024748
7040,tg,270.66424899545575
7041,tg,388.50246040900095
7042,tg,396.1875897104533
7043,tg,274.79564232330756
7044,egc,3.011611665977018
7045,egc,2.907513565551686
7046,egc,3.148105936859353
7047,egc,3.360039445567489
7048,egc,3.706650634066274
7049,egc,3.513102877913674
7050,tg,213.87795194315117
7051,tg,103.32118015267781
7052,tg,139.21495609552795
7053,tg,151.20339548558496
7054,tg,250.9851404757543
7055,tg,185.44557346710107
7056,tg,192.06334898874002
7057,tg,216.21631708105377
7058,tg,141.19384775676457
7059,tg,130.10248904425737
7060,tg,222.9386624484211
7061,tg,160.67767062637085
7062,tg,241.8581633829239
7063,tg,236.22255753604878
7064,egc,4.058498951397946
7065,egc,3.453405778244328
7066,egc,3.7629434130540735
7067,eea,2.9434441298619327
7068,egb,2.0363150764433664
7069,nc,2.309982124613809
7070,tg,169.758348899757
7071,egc,3.82386716737697
7072,egb,3.8143280550721035
7073,egc,3.9572815989759986
7074,eps,4.467798047019511
7075,egc,4.276052979857948
7076,egb,3.0285968180952403
7077,egc,2.4168786235160367
7078,egc,1.36244577858605
7079,egc,3.268198357729041
7080,egc,2.7715579627661553
7081,egb,-1.1316373117768332
7082,egc,2.342608229096541
7083,egc,2.876482432208291
7084,egc,3.2679658976289625
7085,egc,3.5836002589034295
7086,egc,2.9304488809987443
7087,egc,3.6351345226258736
7088,egc,1.8545147386576475
7089,egc,5.361438560097979
7090,egc,2.8889034847934205
7091,egc,2.0617280081000176
7092,egc,3.553589725412369
7093,egc,4.219618757264822
7094,egc,2.004166139040318
7095,egc,3.9709981001968484
7096,tg,246.9398611962318
7097,egc,2.1775522110324395
7098,egc,3.3158091211857466
7099,tg,105.21687603164672
7100,egc,3.8428025707642357
7101,tg,198.91195854296444
7102,tg,121.92322739025181
7103,tg,156.85521030885795
7104,tg,208.81820859496634
7105,tg,183.55386073679563
7106,tg,218.38823537807215
7107,tg,227.25821646758538
7108,tg,148.36498911602
7109,tg,239.27569138562416
7110,tg,264.5302910971066
7111,tg,177.23582609384525
7112,tg,251.6601557379906
7113,tg,261.89916290666383
7114,tg,172.7879333989689
7115,tg,273.99308176354197
7116,tg,282.88232503483675
7117,egc,3.863245225998632
7118,egc,3.6897817140415263
7119,egc,3.0770364254825537
7120,egc,3.9040915127071583
7121,egc,3.2673788120284026
7122,egc,3.1716945147267763
7123,egc,3.0384823523905418
7124,egc,3.411135615004019
7125,tg,123.49442346359497
7126,tg,171.6795060404478
7127,tg,243.6289899899554
7128,tg,231.22907427232457
7129,tg,168.8161700375744
7130,tg,82.2567325278207
7131,tg,194.40774250021167
7132,tg,119.8112497904063
7133,tg,165.8663330519301
7134,tg,181.75686240438267
7135,tg,152.13697074665447
7136,tg,231.22895721652714
7137,tg,281.97857624126937
7138,tg,137.56162018075665
7139,tg,179.87164952238604
7140,tg,202.01328686559285
7141,tg,164.86990695650093
7142,tg,185.68320974213879
7143,tg,102.84010033442854
7144,tg,133.19326690025244
7145,tg,134.74609903248205
7146,tg,166.64376075651666
7147,tg,48.459361699316844
7148,tg,33.86000656606549
7149,tg,171.97966962062722
7150,tg,92.8949910092208
7151,tg,172.73829523774722
7152,tg,167.82820772661137
7153,tg,96.15028672410449
7154,tg,267.63043585556073
7155,tg,282.2420558351456
7156,tg,159.14053941586266
7157,tg,272.468416995463
7158,tg,311.11769210066666
7159,tg,147.10714165781982
7160,tg,226.25511981747613
7161,tg,266.57806521782186
7162,tg,168.72750027100062
7163,tg,245.11385578689897
7164,tg,147.8980876812377
7165,tg,113.68856176411231
7166,tg,131.87396921282468
7167,tg,175.92802995140514
7168,tg,126.3089406958289
7169,tg,201.22341385365164
7170,tg,206.11948718459195
7171,tg,165.62087192198737
7172,tg,275.0239141345487
7173,tg,324.5851566911066
7174,tg,210.55278042028542
7175,tg,336.3394186423632
7176,tg,345.89770082712414
7177,tg,231.1955703018524
7178,tg,443.45370624006927
7179,tg,214.03904022975178
7180,tg,235.00980094649407
7181,tg,322.3584432746785
7182,tg,357.90942050178796
7183,tg,196.4820362621508
7184,tg,264.8175590302662
7185,tg,280.80091688165214
7186,tg,187.48465944640503
7187,tg,277.9066212461263
7188,tg,367.1514309280194
7189,tg,221.87452119993793
7190,tg,321.3986247541291
7191,tg,340.81637369050827
7192,tg,203.85316989002422
7193,tg,236.67450346693096
7194,tg,361.9540234589251
7195,tg,191.12211632758687
7196,tg,346.09314499027846
7197,tg,336.4202131550081
7198,tg,195.61574532376966
7199,tg,279.93016481676796
7200,egc,4.204163268489918
7201,tg,205.85250241989178
7202,tg,337.8320621467378
7203,tg,274.5625712243707
7204,tg,210.8781435124174
7205,tg,293.295153559634
7206,tg,337.3423006901771
7207,tg,210.25841110208015
7208,tg,288.36101758522057
7209,tg,364.80261530864385
7210,tg,128.50634301541868
7211,tg,167.88990263497115
7212,tg,234.16354605877768
7213,tg,196.5065399424185
7214,tg,312.0908419759264
7215,tg,361.4883885028404
7216,tg,210.17697278254929
7217,tg,350.9466815450428
7218,tg,360.41881066287533
7219,tg,296.05059500697627
7220,tg,337.87255044645826
7221,tg,310.25369025343576
7222,tg,228.97777913843052
7223,tg,303.02336174370356
7224,tg,328.24469809940865
7225,tg,217.1125482911845
7226,tg,337.1673412915779
7227,tg,323.7685364294464
7228,tg,218.65674837123913
7229,tg,381.60574092202165
7230,tg,345.36063582219106
7231,egc,3.2334025297934232
7232,tg,301.5905857766285
7233,tg,313.867970086721
7234,tg,188.4526328541773
7235,tg,270.3062663544324
7236,tg,244.25855508727903
7237,tg,205.8289416891036
7238,tg,275.43327126445604
7239,egc,3.234328444450189
7240,egc,3.1903942332960495
7241,tg,233.62397085729913
7242,tg,228.79296104044542
7243,tg,170.3266060231625
7244,tg,140.0437948689352
7245,tg,147.54618421925105
7246,tg,93.32683585843964
7247,tg,155.12706110753683
7248,egc,5.36122572871564
7249,tg,122.69504617121022
7250,tg,278.0807612541434
7251,tg,290.6814796892121
7252,tg,186.26258391475275
7253,tg,203.56021824758812
7254,tg,118.0907181576822
7255,tg,67.94777331876092
7256,tg,85.18918835331758
7257,tg,94.62689331204788
7258,tg,42.40173718710946
7259,tg,178.9035460526166
7260,tg,199.0214317259863
7261,tg,135.43953026063082
7262,tg,231.58753814273751
7263,tg,170.13504258484892
7264,tg,112.92220396126027
7265,tg,118.76823386181421
7266,tg,221.5839236796507
7267,tg,199.29492609364507
7268,tg,309.326894473969
7269,tg,247.10999529473588
7270,tg,103.69171377642854
7271,tg,77.69943168092108
7272,tg,169.97033694895188
7273,tg,133.55374348007163
7274,tg,104.47912536507323
7275,tg,178.72527657618923
7276,tg,140.69416826003183
7277,tg,226.12402382742397
7278,tg,226.0502006378277
7279,tg,193.4433457973617
7280,tg,198.71434884755723
7281,tg,219.97556401638985
7282,tg,172.68791572314166
7283,tg,294.271424922826
7284,tg,327.9025830220406
7285,tg,233.72253183875802
7286,tg,252.9356022101835
7287,tg,244.65685694742655
7288,tg,232.19747688468752
7289,tg,195.98553109103662
7290,tg,266.00105817355643
7291,tg,192.98958550161893
7292,tg,294.8110391429037
7293,tg,225.72883044900897
7294,tg,217.14649447244707
7295,tg,322.5661522841664
7296,tg,171.24708891844142
7297,tg,119.36400072339708
7298,tg,293.4065386540143
7299,tg,298.30916060651236
7300,tg,201.870576339193
7301,tg,292.4786503537713
7302,tg,158.66627322049038
7303,tg,49.61190608727958
7304,tg,187.9043174864886
7305,tg,137.50085684145165
7306,tg,101.97031397987331
7307,tg,108.69276339683839
7308,tg,224.41543838914038
7309,tg,191.38726721812685
7310,tg,144.9900534343728
7311,tg,155.94576398692678
7312,tg,162.63085715964087
7313,tg,277.9414518489697
7314,egc,4.059365419080989
7315,egc,3.9218140950133753
7316,egc,3.7102995192238373
7317,egc,4.235518532718736
7318,egc,3.8912604535964985
7319,egc,3.7287845370090813
7320,egc,4.396703160089192
7321,egc,4.047888507819097
7322,egc,3.753772922861536
7323,egc,4.0933023036753635
7324,egc,4.274668290659078
7325,egc,3.926664257696555
7326,egc,4.527335431256432
7327,egc,4.245424515638452
7328,egc,3.104064889398664
7329,egc,3.7690620115185616
7330,egc,3.718664063613027
7331,egc,3.1269362713079447
7332,egc,3.6121073260857806
7333,tg,85.04412370476888
7334,tg,265.43852702957656
7335,tg,262.7916743436754
7336,tg,172.55616292000377
7337,tg,283.5372782340089
7338,tg,275.6062797330977
7339,tg,180.6057129313396
7340,tg,157.1831339965593
7341,tg,166.4020811791418
7342,tg,122.43448159184558
7343,tg,206.78670523009765
7344,tg,122.72811768554179
7345,tg,149.6021209496202
7346,tg,242.05773701448845
7347,tg,251.36955171460352
7348,tg,99.72684857820916
7349,tg,3.52425530166326
7350,tg,172.84090765041813
7351,tg,133.50015631146073
7352,tg,242.3327335982146
7353,tg,218.9711472370093
7354,tg,182.40283157109997
7355,tg,250.62538899156934
7356,tg,181.098986061824
7357,tg,89.48368592872619
7358,tg,98.52801837700191
7359,tg,101.93606865601723
7360,tg,124.74851700740172
7361,tg,104.25286951478827
7362,tg,137.92752684895788
7363,tg,69.68209802628537
7364,tg,132.7162003075035
7365,tg,177.70116190733654
7366,tg,90.76291070193699
7367,tg,157.63536281228534
7368,tg,99.75429491116293
7369,tg,109.01135676201743
7370,tg,130.20232300751363
7371,tg,111.10994935657871
7372,tg,131.5784992449683
7373,tg,100.69720537207965
7374,tg,134.22719962411685
7375,tg,75.93307270349253
7376,tg,129.78232924489984
7377,tg,64.46355548265024
7378,tg,84.88515542872223
7379,tg,125.25683505940928
7380,tg,116.640728485281
7381,tg,64.40249137497675
7382,tg,102.69252548933437
7383,tg,74.99951370017267
7384,tg,90.54291083371615
7385,tg,94.33617548441327
7386,tg,183.4157576566457
7387,tg,134.33619564218657
7388,tg,58.35824373917879
7389,tg,73.26788127598972
7390,tg,198.06624341253632
7391,tg,76.63925082025189
7392,tg,147.15748621826364
7393,tg,46.82401417164226
7394,tg,124.34221308287805
7395,tg,145.72657745373544
7396,tg,-12.522910965536624
7397,tg,44.13109352634184
7398,tg,79.58933654946578
7399,tg,194.85715872524878
7400,tg,357.81841612236485
7401,tg,275.2958087396422
7402,tg,227.99577854426298
7403,egc,1.7061038732360707
7404,egc,2.7101709239695806
7405,egc,1.9670476729756907
