subset,id,target_type,top1_sim,top3_sim,top5_sim,g_exact_twin,g_density_95,g_density_90,g_density_85
train,0,egc,0.4074074,0.4,0.375,0.0,0.0,0.0,0.0
train,1,egc,0.775,0.32142857,0.31578946,0.0,0.0,0.0,0.0
train,2,egc,0.4,0.4,0.4,0.0,0.0,0.0,0.0
train,3,tg,0.4,0.4,0.4,0.0,0.0,0.0,0.0
train,4,egc,0.42857143,0.32,0.32,0.0,0.0,0.0,0.0
train,5,tg,0.28846154,0.26785713,0.24561404,0.0,0.0,0.0,0.0
train,6,egb,0.2962963,0.28846154,0.27272728,0.0,0.0,0.0,0.0
train,7,egc,0.2857143,0.23809524,0.1875,0.0,0.0,0.0,0.0
train,8,egc,0.7692308,0.5365854,0.5365854,0.0,0.0,0.0,0.0
train,9,egc,0.7692308,0.64705884,0.64705884,0.0,0.0,0.0,0.0
train,10,egc,0.46774194,0.36842105,0.35526314,0.0,0.0,0.0,0.0
train,11,egc,0.39344263,0.34375,0.33898306,0.0,0.0,0.0,0.0
train,12,egc,0.51724136,0.40425533,0.38,0.0,0.0,0.0,0.0
train,13,tg,1.0,0.53846157,0.3888889,1.0,0.00016877637,0.00016877637,0.00016877637
train,14,egc,1.0,0.53846157,0.3888889,1.0,0.00016877637,0.00016877637,0.00016877637
train,15,egc,0.5555556,0.45454547,0.45454547,0.0,0.0,0.0,0.0
train,16,egb,0.45454547,0.45454547,0.45454547,0.0,0.0,0.0,0.0
train,17,tg,0.5714286,0.52380955,0.44444445,0.0,0.0,0.0,0.0
train,18,tg,0.5833333,0.52380955,0.47826087,0.0,0.0,0.0,0.0
train,19,tg,0.6551724,0.44117647,0.4117647,0.0,0.0,0.0,0.0
train,20,tg,0.6086956,0.4827586,0.4642857,0.0,0.0,0.0,0.0
train,21,egc,0.41666666,0.41666666,0.2777778,0.0,0.0,0.0,0.0
train,22,egc,0.33333334,0.26666668,0.26666668,0.0,0.0,0.0,0.0
train,23,tg,0.37931034,0.34615386,0.33333334,0.0,0.0,0.0,0.0
train,24,tg,0.3,0.2857143,0.27272728,0.0,0.0,0.0,0.0
train,25,tg,0.47619048,0.3,0.2857143,0.0,0.0,0.0,0.0
train,26,tg,0.6086956,0.27586207,0.25,0.0,0.0,0.0,0.0
train,27,tg,0.6086956,0.2857143,0.26923078,0.0,0.0,0.0,0.0
train,28,tg,0.5833333,0.53846157,0.4827586,0.0,0.0,0.0,0.0
train,29,tg,0.8,0.3478261,0.3448276,0.0,0.0,0.0,0.0
train,30,tg,0.8,0.41379312,0.36666667,0.0,0.0,0.0,0.0
train,31,tg,0.5652174,0.5185185,0.4814815,0.0,0.0,0.0,0.0
train,32,tg,0.5833333,0.516129,0.4827586,0.0,0.0,0.0,0.0
train,33,tg,0.5625,0.46875,0.43333334,0.0,0.0,0.0,0.0
train,34,tg,0.5625,0.4827586,0.45454547,0.0,0.0,0.0,0.0
train,35,tg,0.55172414,0.51724136,0.5,0.0,0.0,0.0,0.0
train,36,tg,0.516129,0.47058824,0.44444445,0.0,0.0,0.0,0.0
train,37,tg,0.51724136,0.4814815,0.46875,0.0,0.0,0.0,0.0
train,38,tg,0.6551724,0.5151515,0.46875,0.0,0.0,0.0,0.0
train,39,tg,0.6551724,0.5185185,0.5,0.0,0.0,0.0,0.0
train,40,tg,0.2857143,0.2857143,0.2857143,0.0,0.0,0.0,0.0
train,41,tg,0.27586207,0.24,0.21875,0.0,0.0,0.0,0.0
train,42,tg,1.0,0.42307693,0.3478261,1.0,0.00016880487,0.00016880487,0.00016880487
train,43,tg,0.5185185,0.45454547,0.40625,0.0,0.0,0.0,0.0
train,44,tg,0.4347826,0.2857143,0.28,0.0,0.0,0.0,0.0
train,45,tg,0.4390244,0.36363637,0.33333334,0.0,0.0,0.0,0.0
train,46,tg,0.4390244,0.3529412,0.3529412,0.0,0.0,0.0,0.0
train,47,tg,0.45614034,0.40298507,0.37878788,0.0,0.0,0.0,0.0
train,48,tg,0.9268293,0.5471698,0.54347825,0.0,0.0,0.00016877637,0.00016877637
train,49,tg,0.9268293,0.5744681,0.5740741,0.0,0.0,0.00016877637,0.00016877637
train,50,tg,0.3783784,0.2888889,0.2820513,0.0,0.0,0.0,0.0
train,51,tg,0.3783784,0.33333334,0.33333334,0.0,0.0,0.0,0.0
train,52,tg,0.4848485,0.43243244,0.42424244,0.0,0.0,0.0,0.0
train,53,tg,0.4857143,0.43243244,0.3846154,0.0,0.0,0.0,0.0
train,54,tg,0.5483871,0.4848485,0.37142858,0.0,0.0,0.0,0.0
train,55,tg,0.4651163,0.3877551,0.38297874,0.0,0.0,0.0,0.0
train,56,tg,0.41666666,0.33333334,0.33333334,0.0,0.0,0.0,0.0
train,57,tg,0.5217391,0.42857143,0.3478261,0.0,0.0,0.0,0.0
train,58,tg,0.5217391,0.45833334,0.38709676,0.0,0.0,0.0,0.0
train,59,tg,0.5217391,0.45833334,0.32142857,0.0,0.0,0.0,0.0
train,60,tg,0.42857143,0.38709676,0.37931034,0.0,0.0,0.0,0.0
train,61,tg,0.46341464,0.39534885,0.3488372,0.0,0.0,0.0,0.0
train,62,egc,0.4,0.36842105,0.34285715,0.0,0.0,0.0,0.0
train,63,egc,0.9574468,0.6923077,0.6226415,0.0,0.00016877637,0.00016877637,0.00016877637
train,64,egc,0.6122449,0.6041667,0.58,0.0,0.0,0.0,0.0
train,65,egb,0.5,0.4090909,0.4090909,0.0,0.0,0.0,0.0
train,66,eps,0.5,0.4090909,0.4090909,0.0,0.0,0.0,0.0
train,67,nc,0.5,0.4090909,0.4090909,0.0,0.0,0.0,0.0
train,68,egc,1.0,0.68,0.68,1.0,0.00033755274,0.00033755274,0.00033755274
train,69,egc,1.0,1.0,0.61538464,1.0,0.0005063291,0.0005063291,0.0005063291
train,70,egc,1.0,1.0,0.7096774,1.0,0.00050641457,0.00050641457,0.00050641457
train,71,egc,1.0,0.7419355,0.7419355,1.0,0.00033755274,0.00033755274,0.00033755274
train,72,egc,1.0,0.65909094,0.6,1.0,0.00033755274,0.00033755274,0.00033755274
train,73,egb,0.45833334,0.4,0.4,0.0,0.0,0.0,0.0
train,74,eea,1.0,0.5652174,0.5652174,1.0,0.00016877637,0.00016877637,0.00016877637
train,75,egb,1.0,0.5652174,0.5652174,1.0,0.00016877637,0.00016877637,0.00016877637
train,76,ei,1.0,0.5652174,0.5652174,1.0,0.00016877637,0.00016877637,0.00016877637
train,77,nc,1.0,0.5652174,0.5652174,1.0,0.00016877637,0.00016877637,0.00016877637
train,78,egb,1.0,0.5652174,0.4347826,1.0,0.00016877637,0.00016877637,0.00016877637
train,79,ei,1.0,0.5652174,0.4347826,1.0,0.00016877637,0.00016877637,0.00016877637
train,80,egc,0.41666666,0.4117647,0.4117647,0.0,0.0,0.0,0.0
train,81,egc,1.0,0.6551724,0.6333333,1.0,0.00033760973,0.00033760973,0.00033760973
train,82,egc,1.0,1.0,0.7241379,1.0,0.0006751055,0.0006751055,0.0006751055
train,83,egc,1.0,0.75757575,0.75757575,1.0,0.00033755274,0.00033755274,0.00033755274
train,84,egc,1.0,0.64705884,0.6111111,1.0,0.00033755274,0.00033755274,0.00033755274
train,85,egc,1.0,1.0,0.65625,1.0,0.0006751055,0.0006751055,0.0006751055
train,86,egc,1.0,1.0,0.6060606,1.0,0.00050641457,0.00050641457,0.00050641457
train,87,egc,1.0,0.6451613,0.6451613,1.0,0.00016877637,0.00016877637,0.00016877637
train,88,egc,0.6486486,0.3488372,0.3409091,0.0,0.0,0.0,0.0
train,89,egc,0.6486486,0.27659574,0.27659574,0.0,0.0,0.0,0.0
train,90,egc,0.3611111,0.3125,0.28947368,0.0,0.0,0.0,0.0
train,91,tg,1.0,0.64705884,0.64705884,1.0,0.00016880487,0.00016880487,0.00016880487
train,92,egb,0.5652174,0.44444445,0.4347826,0.0,0.0,0.0,0.0
train,93,ei,0.5652174,0.44444445,0.4347826,0.0,0.0,0.0,0.0
train,94,nc,0.5652174,0.44444445,0.4347826,0.0,0.0,0.0,0.0
train,95,egc,0.96153843,0.5625,0.4722222,0.0,0.00016877637,0.00016877637,0.00016877637
train,96,egc,0.61764705,0.4864865,0.4,0.0,0.0,0.0,0.0
train,97,egc,0.4489796,0.39534885,0.38297874,0.0,0.0,0.0,0.0
train,98,egc,0.3148148,0.26785713,0.25490198,0.0,0.0,0.0,0.0
train,99,egc,0.5625,0.5,0.4722222,0.0,0.0,0.0,0.0
train,100,egc,0.36,0.32142857,0.30769232,0.0,0.0,0.0,0.0
train,101,egc,0.61702126,0.59183675,0.58,0.0,0.0,0.0,0.0
train,102,egc,1.0,1.0,0.6111111,1.0,0.0006751055,0.0006751055,0.0006751055
train,103,eps,0.5714286,0.5714286,0.5,0.0,0.0,0.0,0.0
train,104,nc,0.5714286,0.5714286,0.5,0.0,0.0,0.0,0.0
train,105,egb,1.0,0.5652174,0.3846154,1.0,0.00016877637,0.00016877637,0.00016877637
train,106,ei,1.0,0.5652174,0.3846154,1.0,0.00016877637,0.00016877637,0.00016877637
train,107,eps,1.0,0.5652174,0.3846154,1.0,0.00016877637,0.00016877637,0.00016877637
train,108,egc,0.3529412,0.34285715,0.29032257,0.0,0.0,0.0,0.0
train,109,egc,0.6097561,0.5609756,0.53333336,0.0,0.0,0.0,0.0
train,110,egc,0.44444445,0.44444445,0.4347826,0.0,0.0,0.0,0.0
train,111,egc,0.44444445,0.37209302,0.32608697,0.0,0.0,0.0,0.0
train,112,egc,0.5,0.43243244,0.41463414,0.0,0.0,0.0,0.0
train,113,egc,0.6666667,0.4888889,0.4347826,0.0,0.0,0.0,0.0
train,114,egc,0.6097561,0.5609756,0.53333336,0.0,0.0,0.0,0.0
train,115,egc,0.6666667,0.5609756,0.5365854,0.0,0.0,0.0,0.0
train,116,egc,0.6097561,0.53488374,0.4883721,0.0,0.0,0.0,0.0
train,117,egc,0.53488374,0.53488374,0.44444445,0.0,0.0,0.0,0.0
train,118,egc,0.6,0.46666667,0.38636363,0.0,0.0,0.0,0.0
train,119,egc,0.8125,0.62857145,0.55,0.0,0.0,0.0,0.0
train,120,egc,0.68292683,0.6585366,0.6,0.0,0.0,0.0,0.0
train,121,egc,0.8125,0.6585366,0.51282054,0.0,0.0,0.0,0.0
train,122,egc,0.7,0.5681818,0.48,0.0,0.0,0.0,0.0
train,123,egc,0.68292683,0.5714286,0.5681818,0.0,0.0,0.0,0.0
train,124,egc,0.45652175,0.32692307,0.28846154,0.0,0.0,0.0,0.0
train,125,egc,1.0,0.8181818,0.8,1.0,0.00016877637,0.00016877637,0.00016877637
train,126,egc,1.0,0.9591837,0.9591837,1.0,0.00084388186,0.0010126582,0.0015189874
train,127,egc,0.95454544,0.85714287,0.82,0.0,0.00016877637,0.00016877637,0.0006751055
train,128,egc,1.0,0.88461536,0.85714287,1.0,0.00016877637,0.00016877637,0.00084388186
train,129,egc,0.7457627,0.6779661,0.6666667,0.0,0.0,0.0,0.0
train,130,egc,0.8596491,0.7758621,0.73214287,0.0,0.0,0.0,0.00016877637
train,131,egc,0.8596491,0.84210527,0.70689654,0.0,0.0,0.0,0.00033755274
train,132,egc,0.84210527,0.7758621,0.74545455,0.0,0.0,0.0,0.0
train,133,egc,0.7735849,0.74545455,0.73214287,0.0,0.0,0.0,0.0
train,134,egc,1.0,0.8666667,0.75555557,1.0,0.00016880487,0.00016880487,0.00050641457
train,135,egc,0.8717949,0.85,0.85,0.0,0.0,0.0,0.00033755274
train,136,egc,1.0,0.8695652,0.81632656,1.0,0.00033755274,0.00033755274,0.0005063291
train,137,egc,0.91935486,0.704918,0.6779661,0.0,0.0,0.00033755274,0.00033755274
train,138,egc,1.0,0.8363636,0.6981132,1.0,0.00016877637,0.00033755274,0.00033755274
train,139,egc,0.9206349,0.7887324,0.6721311,0.0,0.0,0.00016880487,0.00016880487
train,140,egc,1.0,0.90384614,0.8867925,1.0,0.00016877637,0.0005063291,0.0023628692
train,141,egc,0.98333335,0.9,0.8309859,0.0,0.00033755274,0.00033755274,0.0006751055
train,142,egc,1.0,1.0,0.9591837,1.0,0.00084388186,0.0011814346,0.0021940928
train,143,egc,0.8541667,0.8125,0.7906977,0.0,0.0,0.0,0.00016877637
train,144,egc,1.0,0.85106385,0.85,1.0,0.00016880487,0.00016880487,0.00067521946
train,145,egc,1.0,0.90384614,0.8867925,1.0,0.00016877637,0.0005063291,0.0023628692
train,146,egc,0.53846157,0.48076922,0.46666667,0.0,0.0,0.0,0.0
train,147,egc,1.0,0.88461536,0.8,1.0,0.00016877637,0.00016877637,0.0005063291
train,148,egc,1.0,0.8867925,0.8867925,1.0,0.00033755274,0.00033755274,0.0021940928
train,149,egc,1.0,1.0,0.94,1.0,0.00067521946,0.0010128291,0.0020256583
train,150,egc,1.0,0.8627451,0.8627451,1.0,0.00033755274,0.00033755274,0.0010126582
train,151,egc,0.7037037,0.68333334,0.6666667,0.0,0.0,0.0,0.0
train,152,egc,0.9361702,0.8695652,0.8039216,0.0,0.0,0.00033755274,0.0005063291
train,153,egc,0.9583333,0.8490566,0.8367347,0.0,0.00016877637,0.00016877637,0.00033755274
train,154,egc,1.0,0.78846157,0.7735849,1.0,0.00016880487,0.00016880487,0.00016880487
train,155,egc,1.0,0.88235295,0.8490566,1.0,0.00016877637,0.00016877637,0.0006751055
train,156,egc,0.9361702,0.8627451,0.8235294,0.0,0.0,0.00033755274,0.0006751055
train,157,egc,0.6388889,0.275,0.275,0.0,0.0,0.0,0.0
train,158,egc,0.6388889,0.2631579,0.25,0.0,0.0,0.0,0.0
train,159,egc,1.0,1.0,0.42857143,1.0,0.00050641457,0.00050641457,0.00050641457
train,160,egc,1.0,1.0,1.0,1.0,0.00084388186,0.00084388186,0.00084388186
train,161,egc,0.39473686,0.33333334,0.33333334,0.0,0.0,0.0,0.0
train,162,egc,1.0,0.3653846,0.3275862,1.0,0.00016877637,0.00016877637,0.00016877637
train,163,egc,1.0,0.4878049,0.46341464,1.0,0.00016877637,0.00016877637,0.00016877637
train,164,egc,0.71428573,0.5,0.5,0.0,0.0,0.0,0.0
train,165,egc,0.8095238,0.52272725,0.42,0.0,0.0,0.0,0.0
train,166,egc,0.6511628,0.4489796,0.42222223,0.0,0.0,0.0,0.0
train,167,egc,0.6666667,0.5945946,0.4878049,0.0,0.0,0.0,0.0
train,168,egc,1.0,0.8666667,0.84,1.0,0.00016877637,0.00033755274,0.0006751055
train,169,egc,0.9655172,0.8333333,0.6388889,0.0,0.00033760973,0.00033760973,0.00033760973
train,170,egb,0.9655172,0.6571429,0.4722222,0.0,0.00016877637,0.00016877637,0.00033755274
train,171,egc,0.9655172,0.6571429,0.4722222,0.0,0.00016877637,0.00016877637,0.00033755274
train,172,egc,0.62222224,0.45,0.44680852,0.0,0.0,0.0,0.0
train,173,egc,1.0,0.86206895,0.6666667,1.0,0.00016877637,0.00016877637,0.0005063291
train,174,egc,0.95652175,0.8148148,0.7818182,0.0,0.00033755274,0.00033755274,0.00033755274
train,175,eea,1.0,0.5925926,0.5925926,1.0,0.00016880487,0.00016880487,0.00016880487
train,176,egb,1.0,0.5925926,0.5925926,1.0,0.00016880487,0.00016880487,0.00016880487
train,177,ei,1.0,0.5925926,0.5925926,1.0,0.00016880487,0.00016880487,0.00016880487
train,178,eps,1.0,0.5925926,0.5925926,1.0,0.00016880487,0.00016880487,0.00016880487
train,179,nc,1.0,0.5925926,0.5925926,1.0,0.00016880487,0.00016880487,0.00016880487
train,180,eea,0.6451613,0.56666666,0.56666666,0.0,0.0,0.0,0.0
train,181,egb,0.6451613,0.56666666,0.56666666,0.0,0.0,0.0,0.0
train,182,ei,0.6451613,0.56666666,0.56666666,0.0,0.0,0.0,0.0
train,183,eps,0.6451613,0.56666666,0.56666666,0.0,0.0,0.0,0.0
train,184,egc,0.5,0.4864865,0.46153846,0.0,0.0,0.0,0.0
train,185,egc,0.7818182,0.7777778,0.67741936,0.0,0.0,0.0,0.0
train,186,egc,0.95652175,0.84615386,0.78431374,0.0,0.00016877637,0.00016877637,0.00033755274
train,187,egc,0.84,0.8076923,0.72727275,0.0,0.0,0.0,0.0
train,188,egc,0.86,0.74545455,0.7413793,0.0,0.0,0.0,0.00033755274
train,189,egc,0.96666664,0.4347826,0.41025642,0.0,0.00016877637,0.00016877637,0.00016877637
train,190,egc,0.96666664,0.42105263,0.3902439,0.0,0.00016880487,0.00016880487,0.00016880487
train,191,egb,0.73913044,0.73913044,0.73913044,0.0,0.0,0.0,0.0
train,192,ei,0.73913044,0.73913044,0.73913044,0.0,0.0,0.0,0.0
train,193,eps,0.73913044,0.73913044,0.73913044,0.0,0.0,0.0,0.0
train,194,ei,1.0,0.7419355,0.7096774,1.0,0.00016877637,0.00016877637,0.00016877637
train,195,nc,1.0,0.7419355,0.7096774,1.0,0.00016877637,0.00016877637,0.00016877637
train,196,eea,1.0,0.8965517,0.7096774,1.0,0.00016877637,0.00016877637,0.0006751055
train,197,ei,1.0,0.8965517,0.7096774,1.0,0.00016877637,0.00016877637,0.0006751055
train,198,eps,1.0,0.8965517,0.7096774,1.0,0.00016877637,0.00016877637,0.0006751055
train,199,nc,0.6875,0.6875,0.6666667,0.0,0.0,0.0,0.0
train,200,eea,0.8965517,0.8965517,0.7419355,0.0,0.0,0.0,0.00050641457
train,201,ei,0.8965517,0.8965517,0.7419355,0.0,0.0,0.0,0.00050641457
train,202,nc,0.8965517,0.8965517,0.7419355,0.0,0.0,0.0,0.00050641457
train,203,ei,0.6451613,0.6451613,0.6333333,0.0,0.0,0.0,0.0
train,204,eps,0.6451613,0.6451613,0.6333333,0.0,0.0,0.0,0.0
train,205,nc,0.6451613,0.6451613,0.6333333,0.0,0.0,0.0,0.0
train,206,ei,0.64,0.64,0.64,0.0,0.0,0.0,0.0
train,207,eps,0.64,0.64,0.64,0.0,0.0,0.0,0.0
train,208,nc,0.64,0.64,0.64,0.0,0.0,0.0,0.0
train,209,egb,1.0,0.75757575,0.65625,1.0,0.00016880487,0.00016880487,0.00016880487
train,210,eps,1.0,0.75757575,0.65625,1.0,0.00016880487,0.00016880487,0.00016880487
train,211,ei,0.75757575,0.75757575,0.65625,0.0,0.0,0.0,0.0
train,212,eps,0.75757575,0.75757575,0.65625,0.0,0.0,0.0,0.0
train,213,nc,0.75757575,0.75757575,0.65625,0.0,0.0,0.0,0.0
train,214,eea,1.0,0.65625,0.65625,1.0,0.00016880487,0.00016880487,0.00016880487
train,215,egb,1.0,0.65625,0.65625,1.0,0.00016880487,0.00016880487,0.00016880487
train,216,ei,1.0,0.65625,0.65625,1.0,0.00016880487,0.00016880487,0.00016880487
train,217,eps,1.0,0.65625,0.65625,1.0,0.00016880487,0.00016880487,0.00016880487
train,218,eea,0.64,0.64,0.61538464,0.0,0.0,0.0,0.0
train,219,egb,0.64,0.64,0.61538464,0.0,0.0,0.0,0.0
train,220,ei,0.64,0.64,0.61538464,0.0,0.0,0.0,0.0
train,221,nc,0.64,0.64,0.61538464,0.0,0.0,0.0,0.0
train,222,eea,1.0,0.6333333,0.62068963,1.0,0.00016877637,0.00016877637,0.00016877637
train,223,ei,1.0,0.6333333,0.62068963,1.0,0.00016877637,0.00016877637,0.00016877637
train,224,egc,0.4827586,0.4827586,0.4827586,0.0,0.0,0.0,0.0
train,225,egc,0.53333336,0.475,0.40425533,0.0,0.0,0.0,0.0
train,226,egb,0.74285716,0.6969697,0.4473684,0.0,0.0,0.0,0.0
train,227,egc,0.74285716,0.6969697,0.4473684,0.0,0.0,0.0,0.0
train,228,eea,0.73913044,0.73913044,0.68,0.0,0.0,0.0,0.0
train,229,egb,0.73913044,0.73913044,0.68,0.0,0.0,0.0,0.0
train,230,ei,0.73913044,0.73913044,0.68,0.0,0.0,0.0,0.0
train,231,eps,0.73913044,0.73913044,0.68,0.0,0.0,0.0,0.0
train,232,nc,0.73913044,0.73913044,0.68,0.0,0.0,0.0,0.0
train,233,ei,0.7096774,0.7096774,0.6875,0.0,0.0,0.0,0.0
train,234,egb,0.7241379,0.7241379,0.7241379,0.0,0.0,0.0,0.0
train,235,nc,0.7241379,0.7241379,0.7241379,0.0,0.0,0.0,0.0
train,236,eea,1.0,0.68,0.68,1.0,0.00016877637,0.00016877637,0.00016877637
train,237,ei,1.0,0.68,0.68,1.0,0.00016877637,0.00016877637,0.00016877637
train,238,eea,0.6875,0.6875,0.6875,0.0,0.0,0.0,0.0
train,239,eps,0.6875,0.6875,0.6875,0.0,0.0,0.0,0.0
train,240,eea,1.0,0.7241379,0.6875,1.0,0.00016877637,0.00016877637,0.00016877637
train,241,ei,1.0,0.7241379,0.6875,1.0,0.00016877637,0.00016877637,0.00016877637
train,242,eps,1.0,0.7241379,0.6875,1.0,0.00016877637,0.00016877637,0.00016877637
train,243,nc,1.0,0.7241379,0.6875,1.0,0.00016877637,0.00016877637,0.00016877637
train,244,egc,1.0,0.5294118,0.4318182,1.0,0.00016880487,0.00016880487,0.00033760973
train,245,egc,0.39215687,0.36,0.3469388,0.0,0.0,0.0,0.0
train,246,eea,0.4888889,0.47826087,0.45652175,0.0,0.0,0.0,0.0
train,247,egb,0.4888889,0.47826087,0.45652175,0.0,0.0,0.0,0.0
train,248,nc,0.4888889,0.47826087,0.45652175,0.0,0.0,0.0,0.0
train,249,eea,0.6,0.5862069,0.5862069,0.0,0.0,0.0,0.0
train,250,ei,0.6,0.5862069,0.5862069,0.0,0.0,0.0,0.0
train,251,eps,0.6,0.5862069,0.5862069,0.0,0.0,0.0,0.0
train,252,nc,0.6,0.5862069,0.5862069,0.0,0.0,0.0,0.0
train,253,nc,1.0,0.6451613,0.6451613,1.0,0.00016877637,0.00016877637,0.00016877637
train,254,ei,1.0,0.6,0.6,1.0,0.00016877637,0.00016877637,0.00016877637
train,255,nc,1.0,0.6,0.6,1.0,0.00016877637,0.00016877637,0.00016877637
train,256,eea,0.6666667,0.6,0.59375,0.0,0.0,0.0,0.0
train,257,egb,0.6666667,0.6,0.59375,0.0,0.0,0.0,0.0
train,258,egc,0.9,0.55,0.484375,0.0,0.0,0.0,0.00016877637
train,259,egc,0.7704918,0.7580645,0.6885246,0.0,0.0,0.0,0.0
train,260,egc,0.8684211,0.825,0.825,0.0,0.0,0.0,0.00033760973
train,261,egc,1.0,0.81395346,0.8,1.0,0.00016877637,0.00016877637,0.00016877637
train,262,egc,0.7906977,0.78571427,0.73913044,0.0,0.0,0.0,0.0
train,263,egc,0.76744187,0.73333335,0.7173913,0.0,0.0,0.0,0.0
train,264,egc,0.87234044,0.78723407,0.76744187,0.0,0.0,0.0,0.00016877637
train,265,egc,1.0,0.78,0.7368421,1.0,0.00016880487,0.00016880487,0.00016880487
train,266,egc,0.78,0.74,0.7254902,0.0,0.0,0.0,0.0
train,267,egc,0.76744187,0.73333335,0.7173913,0.0,0.0,0.0,0.0
train,268,egc,1.0,0.9268293,0.825,1.0,0.00033755274,0.0005063291,0.0006751055
train,269,egc,1.0,0.70212764,0.67346936,1.0,0.00016877637,0.00016877637,0.00016877637
train,270,egc,0.9166667,0.8684211,0.8684211,0.0,0.0,0.00033760973,0.0008440243
train,271,egc,0.80851066,0.75,0.70212764,0.0,0.0,0.0,0.0
train,272,egc,1.0,0.8125,0.7647059,1.0,0.00016877637,0.00016877637,0.00016877637
train,273,egc,1.0,0.9318182,0.7659575,1.0,0.00016877637,0.0005063291,0.0005063291
train,274,egc,1.0,0.8181818,0.8095238,1.0,0.00016877637,0.00033755274,0.00033755274
train,275,egc,1.0,0.8076923,0.76,1.0,0.00016880487,0.00016880487,0.00016880487
train,276,egc,1.0,0.7111111,0.6938776,1.0,0.00016877637,0.00016877637,0.00016877637
train,277,egc,0.88235295,0.79591835,0.7758621,0.0,0.0,0.0,0.00016877637
train,278,egc,0.9347826,0.84313726,0.82,0.0,0.0,0.00016877637,0.00033755274
train,279,egc,0.9347826,0.8367347,0.82978725,0.0,0.0,0.00016877637,0.00033755274
train,280,egc,0.877551,0.84444445,0.7916667,0.0,0.0,0.0,0.00033760973
train,281,egc,0.84615386,0.80487806,0.75,0.0,0.0,0.0,0.0
train,282,egc,1.0,0.78571427,0.7804878,1.0,0.00016877637,0.00016877637,0.00016877637
train,283,egc,0.7037037,0.7,0.67241377,0.0,0.0,0.0,0.0
train,284,egc,0.9183673,0.84313726,0.8039216,0.0,0.0,0.00016877637,0.00033755274
train,285,egc,0.8958333,0.88235295,0.84313726,0.0,0.0,0.0,0.00067521946
train,286,egc,0.76744187,0.73333335,0.70454544,0.0,0.0,0.0,0.0
train,287,egc,0.8035714,0.7,0.6666667,0.0,0.0,0.0,0.0
train,288,egc,1.0,0.6,0.6,1.0,0.00016877637,0.00016877637,0.00033755274
train,289,egc,1.0,1.0,0.6923077,1.0,0.0006751055,0.0006751055,0.0006751055
train,290,egc,1.0,1.0,0.6923077,1.0,0.00067521946,0.00067521946,0.00067521946
train,291,egc,1.0,1.0,0.6,1.0,0.0006751055,0.0006751055,0.0006751055
train,292,egc,0.5897436,0.4642857,0.46153846,0.0,0.0,0.0,0.0
train,293,egc,1.0,0.6969697,0.5365854,1.0,0.00016877637,0.00016877637,0.00016877637
train,294,egc,0.5365854,0.41463414,0.41025642,0.0,0.0,0.0,0.0
train,295,egc,0.7307692,0.5645161,0.5,0.0,0.0,0.0,0.0
train,296,egc,0.9787234,0.87234044,0.8541667,0.0,0.00016877637,0.00016877637,0.0011814346
train,297,eea,0.5416667,0.5416667,0.42307693,0.0,0.0,0.0,0.0
train,298,ei,0.5416667,0.5416667,0.42307693,0.0,0.0,0.0,0.0
train,299,ei,0.54285717,0.54285717,0.54285717,0.0,0.0,0.0,0.0
train,300,eps,0.54285717,0.54285717,0.54285717,0.0,0.0,0.0,0.0
train,301,nc,0.54285717,0.54285717,0.54285717,0.0,0.0,0.0,0.0
train,302,ei,1.0,0.5652174,0.5652174,1.0,0.00016877637,0.00016877637,0.00016877637
train,303,eps,1.0,0.5652174,0.5652174,1.0,0.00016877637,0.00016877637,0.00016877637
train,304,nc,1.0,0.5652174,0.5652174,1.0,0.00016877637,0.00016877637,0.00016877637
train,305,ei,0.5652174,0.4347826,0.4347826,0.0,0.0,0.0,0.0
train,306,eps,0.5652174,0.4347826,0.4347826,0.0,0.0,0.0,0.0
train,307,nc,0.5652174,0.4347826,0.4347826,0.0,0.0,0.0,0.0
train,308,eea,0.5555556,0.516129,0.4375,0.0,0.0,0.0,0.0
train,309,eps,0.5555556,0.516129,0.4375,0.0,0.0,0.0,0.0
train,310,nc,0.5555556,0.516129,0.4375,0.0,0.0,0.0,0.0
train,311,eea,1.0,0.516129,0.516129,1.0,0.00016877637,0.00016877637,0.00016877637
train,312,eps,1.0,0.516129,0.516129,1.0,0.00016877637,0.00016877637,0.00016877637
train,313,eea,0.5652174,0.5652174,0.4347826,0.0,0.0,0.0,0.0
train,314,egb,0.5652174,0.5652174,0.4347826,0.0,0.0,0.0,0.0
train,315,ei,0.5652174,0.5652174,0.3846154,0.0,0.0,0.0,0.0
train,316,eps,0.5652174,0.5652174,0.3846154,0.0,0.0,0.0,0.0
train,317,nc,0.5652174,0.5652174,0.3846154,0.0,0.0,0.0,0.0
train,318,eea,0.55172414,0.55172414,0.5,0.0,0.0,0.0,0.0
train,319,egb,0.55172414,0.55172414,0.5,0.0,0.0,0.0,0.0
train,320,eps,0.5588235,0.5588235,0.5588235,0.0,0.0,0.0,0.0
train,321,nc,0.5588235,0.5588235,0.5588235,0.0,0.0,0.0,0.0
train,322,egb,0.64705884,0.64705884,0.5882353,0.0,0.0,0.0,0.0
train,323,ei,0.64705884,0.64705884,0.5882353,0.0,0.0,0.0,0.0
train,324,eps,0.64705884,0.64705884,0.5882353,0.0,0.0,0.0,0.0
train,325,nc,0.64705884,0.64705884,0.5882353,0.0,0.0,0.0,0.0
train,326,egb,0.64705884,0.64705884,0.57575756,0.0,0.0,0.0,0.0
train,327,nc,0.64705884,0.64705884,0.57575756,0.0,0.0,0.0,0.0
train,328,eea,1.0,0.7037037,0.64,1.0,0.00016880487,0.00016880487,0.00016880487
train,329,egb,1.0,0.7037037,0.64,1.0,0.00016880487,0.00016880487,0.00016880487
train,330,eps,1.0,0.7037037,0.64,1.0,0.00016880487,0.00016880487,0.00016880487
train,331,eps,0.6666667,0.65625,0.64705884,0.0,0.0,0.0,0.0
train,332,eea,0.7037037,0.7037037,0.67741936,0.0,0.0,0.0,0.0
train,333,egb,0.7037037,0.7037037,0.67741936,0.0,0.0,0.0,0.0
train,334,eea,1.0,0.68,0.68,1.0,0.00016880487,0.00016880487,0.00016880487
train,335,egb,1.0,0.68,0.68,1.0,0.00016880487,0.00016880487,0.00016880487
train,336,ei,1.0,0.68,0.68,1.0,0.00016880487,0.00016880487,0.00016880487
train,337,nc,1.0,0.68,0.68,1.0,0.00016880487,0.00016880487,0.00016880487
train,338,egb,0.6363636,0.6363636,0.5862069,0.0,0.0,0.0,0.0
train,339,eps,0.6363636,0.6363636,0.5862069,0.0,0.0,0.0,0.0
train,340,nc,0.6363636,0.6363636,0.5862069,0.0,0.0,0.0,0.0
train,341,egb,1.0,0.48387095,0.48387095,1.0,0.00016877637,0.00016877637,0.00016877637
train,342,ei,1.0,0.48387095,0.48387095,1.0,0.00016877637,0.00016877637,0.00016877637
train,343,nc,1.0,0.48387095,0.48387095,1.0,0.00016877637,0.00016877637,0.00016877637
train,344,eea,0.4857143,0.4857143,0.4857143,0.0,0.0,0.0,0.0
train,345,egb,0.4857143,0.4857143,0.4857143,0.0,0.0,0.0,0.0
train,346,eps,0.4857143,0.4857143,0.4857143,0.0,0.0,0.0,0.0
train,347,nc,0.4857143,0.4857143,0.4857143,0.0,0.0,0.0,0.0
train,348,egc,0.58064514,0.43333334,0.43333334,0.0,0.0,0.0,0.0
train,349,egc,0.3809524,0.3809524,0.36363637,0.0,0.0,0.0,0.0
train,350,egb,0.58064514,0.3939394,0.375,0.0,0.0,0.0,0.0
train,351,egb,0.42307693,0.3448276,0.33333334,0.0,0.0,0.0,0.0
train,352,tg,1.0,0.4090909,0.2857143,1.0,0.00016877637,0.00016877637,0.00016877637
train,353,tg,0.6451613,0.36363637,0.3529412,0.0,0.0,0.0,0.0
train,354,tg,0.4090909,0.3529412,0.33333334,0.0,0.0,0.0,0.0
train,355,tg,0.5555556,0.33333334,0.3181818,0.0,0.0,0.0,0.0
train,356,tg,0.4,0.39130434,0.375,0.0,0.0,0.0,0.0
train,357,tg,0.3809524,0.3478261,0.31578946,0.0,0.0,0.0,0.0
train,358,tg,1.0,0.36363637,0.3,1.0,0.00016877637,0.00016877637,0.00016877637
train,359,tg,0.5555556,0.29032257,0.27272728,0.0,0.0,0.0,0.0
train,360,tg,0.53846157,0.4516129,0.42307693,0.0,0.0,0.0,0.0
train,361,tg,0.5882353,0.4347826,0.4,0.0,0.0,0.0,0.0
train,362,tg,0.5,0.44444445,0.43243244,0.0,0.0,0.0,0.0
train,363,tg,0.5681818,0.3181818,0.28947368,0.0,0.0,0.0,0.0
train,364,tg,0.5681818,0.34146342,0.29787233,0.0,0.0,0.0,0.0
train,365,tg,0.45,0.4054054,0.39473686,0.0,0.0,0.0,0.0
train,366,tg,0.7222222,0.4047619,0.4,0.0,0.0,0.0,0.0
train,367,tg,0.7222222,0.41463414,0.4047619,0.0,0.0,0.0,0.0
train,368,tg,0.5277778,0.3888889,0.35897437,0.0,0.0,0.0,0.0
train,369,tg,0.3888889,0.3888889,0.3888889,0.0,0.0,0.0,0.0
train,370,tg,0.42857143,0.42857143,0.42857143,0.0,0.0,0.0,0.0
train,371,tg,1.0,1.0,0.6,1.0,0.0006751055,0.0006751055,0.0006751055
train,372,tg,1.0,0.48387095,0.46875,1.0,0.00016877637,0.00016877637,0.00016877637
train,373,tg,0.42857143,0.4090909,0.39130434,0.0,0.0,0.0,0.0
train,374,tg,1.0,0.4347826,0.4,1.0,0.00016877637,0.00016877637,0.00016877637
train,375,tg,0.4642857,0.3939394,0.3939394,0.0,0.0,0.0,0.0
train,376,tg,0.972973,0.36585367,0.33333334,0.0,0.00033755274,0.00033755274,0.00033755274
train,377,tg,1.0,1.0,0.6363636,1.0,0.0005063291,0.0005063291,0.0005063291
train,378,tg,1.0,0.972973,0.3448276,1.0,0.0005063291,0.0005063291,0.0005063291
train,379,tg,1.0,0.972973,0.3448276,1.0,0.0005063291,0.0005063291,0.0005063291
train,380,tg,1.0,1.0,0.8,1.0,0.00067521946,0.00067521946,0.00067521946
train,381,tg,1.0,0.35714287,0.33962265,1.0,0.00033755274,0.00033755274,0.00033755274
train,382,tg,0.56,0.5185185,0.4827586,0.0,0.0,0.0,0.0
train,383,tg,0.6034483,0.41935483,0.36764705,0.0,0.0,0.0,0.0
train,384,tg,0.63461536,0.48214287,0.43333334,0.0,0.0,0.0,0.0
train,385,tg,0.63461536,0.45833334,0.4509804,0.0,0.0,0.0,0.0
train,386,tg,0.5,0.45454547,0.42857143,0.0,0.0,0.0,0.0
train,387,tg,0.43548387,0.34146342,0.34042552,0.0,0.0,0.0,0.0
train,388,tg,1.0,0.3846154,0.37254903,1.0,0.00016877637,0.00016877637,0.00016877637
train,389,tg,0.5833333,0.5416667,0.5185185,0.0,0.0,0.0,0.0
train,390,tg,0.6896552,0.5714286,0.53333336,0.0,0.0,0.0,0.0
train,391,tg,0.71428573,0.61290324,0.56666666,0.0,0.0,0.0,0.0
train,392,tg,1.0,0.61290324,0.55172414,1.0,0.00016877637,0.00016877637,0.00016877637
train,393,tg,0.71428573,0.6551724,0.5625,0.0,0.0,0.0,0.0
train,394,tg,0.64705884,0.5625,0.51282054,0.0,0.0,0.0,0.0
train,395,tg,0.7826087,0.5319149,0.46,0.0,0.0,0.0,0.0
train,396,tg,0.7826087,0.5102041,0.4181818,0.0,0.0,0.0,0.0
train,397,tg,0.625,0.5833333,0.53488374,0.0,0.0,0.0,0.0
train,398,tg,0.65384614,0.61538464,0.61538464,0.0,0.0,0.0,0.0
train,399,tg,0.6666667,0.5555556,0.51724136,0.0,0.0,0.0,0.0
train,400,tg,0.65384614,0.5769231,0.5555556,0.0,0.0,0.0,0.0
train,401,tg,1.0,0.64,0.6296296,1.0,0.00016877637,0.00016877637,0.00016877637
train,402,tg,0.47368422,0.45454547,0.44117647,0.0,0.0,0.0,0.0
train,403,tg,0.6315789,0.4888889,0.4473684,0.0,0.0,0.0,0.0
train,404,tg,0.45,0.44680852,0.4347826,0.0,0.0,0.0,0.0
train,405,tg,0.68421054,0.55813956,0.44186047,0.0,0.0,0.0,0.0
train,406,tg,0.72727275,0.54901963,0.42857143,0.0,0.0,0.0,0.0
train,407,tg,0.68421054,0.5681818,0.5,0.0,0.0,0.0,0.0
train,408,tg,0.5714286,0.4883721,0.4883721,0.0,0.0,0.0,0.0
train,409,tg,0.64705884,0.62857145,0.55813956,0.0,0.0,0.0,0.0
train,410,tg,0.6,0.55,0.52380955,0.0,0.0,0.0,0.0
train,411,tg,0.7741935,0.75,0.6,0.0,0.0,0.0,0.0
train,412,tg,0.962963,0.9285714,0.75,0.0,0.00016877637,0.0005063291,0.0005063291
train,413,tg,0.962963,0.962963,0.7741935,0.0,0.0005063291,0.0005063291,0.0005063291
train,414,tg,1.0,0.9285714,0.75,1.0,0.00033755274,0.0005063291,0.0005063291
train,415,tg,1.0,0.9285714,0.75,1.0,0.00033760973,0.00050641457,0.00050641457
train,416,tg,0.7741935,0.75,0.55263156,0.0,0.0,0.0,0.0
train,417,tg,0.67741936,0.6,0.58064514,0.0,0.0,0.0,0.0
train,418,tg,0.6060606,0.5833333,0.51428574,0.0,0.0,0.0,0.0
train,419,tg,0.6875,0.61290324,0.6,0.0,0.0,0.0,0.0
train,420,tg,0.8,0.53488374,0.5,0.0,0.0,0.0,0.0
train,421,tg,0.4680851,0.46341464,0.45238096,0.0,0.0,0.0,0.0
train,422,tg,0.61538464,0.61538464,0.5945946,0.0,0.0,0.0,0.0
train,423,tg,0.8857143,0.6315789,0.5675676,0.0,0.0,0.0,0.00016877637
train,424,tg,0.8857143,0.6571429,0.6,0.0,0.0,0.0,0.00016877637
train,425,tg,1.0,0.8518519,0.6896552,1.0,0.00016880487,0.00016880487,0.00050641457
train,426,tg,0.7241379,0.7,0.6571429,0.0,0.0,0.0,0.0
train,427,tg,0.8518519,0.76666665,0.6896552,0.0,0.0,0.0,0.00033755274
train,428,tg,1.0,0.67741936,0.6451613,1.0,0.00033755274,0.00033755274,0.00033755274
train,429,tg,0.7407407,0.7307692,0.6896552,0.0,0.0,0.0,0.0
train,430,tg,0.64705884,0.5641026,0.4864865,0.0,0.0,0.0,0.0
train,431,tg,1.0,0.7037037,0.67741936,1.0,0.00016877637,0.00016877637,0.00016877637
train,432,tg,0.7407407,0.71428573,0.6785714,0.0,0.0,0.0,0.0
train,433,tg,0.6,0.5833333,0.58064514,0.0,0.0,0.0,0.0
train,434,tg,0.6666667,0.58181816,0.5423729,0.0,0.0,0.0,0.0
train,435,tg,1.0,0.7037037,0.6666667,1.0,0.00016880487,0.00016880487,0.00016880487
train,436,tg,0.7692308,0.6666667,0.6296296,0.0,0.0,0.0,0.0
train,437,tg,0.75,0.71428573,0.62068963,0.0,0.0,0.0,0.0
train,438,tg,0.7037037,0.65384614,0.6296296,0.0,0.0,0.0,0.0
train,439,tg,0.71428573,0.71428573,0.6666667,0.0,0.0,0.0,0.0
train,440,tg,0.5405405,0.5,0.4864865,0.0,0.0,0.0,0.0
train,441,tg,0.6857143,0.6,0.5555556,0.0,0.0,0.0,0.0
train,442,tg,0.46938777,0.4181818,0.39215687,0.0,0.0,0.0,0.0
train,443,tg,0.4516129,0.40677965,0.4,0.0,0.0,0.0,0.0
train,444,tg,0.6666667,0.5510204,0.47916666,0.0,0.0,0.0,0.0
train,445,tg,0.6666667,0.5510204,0.48979592,0.0,0.0,0.0,0.0
train,446,tg,0.7714286,0.6666667,0.5625,0.0,0.0,0.0,0.0
train,447,tg,0.7222222,0.61538464,0.52380955,0.0,0.0,0.0,0.0
train,448,tg,0.7714286,0.5510204,0.5365854,0.0,0.0,0.0,0.0
train,449,tg,1.0,0.6451613,0.5882353,1.0,0.00016877637,0.00016877637,0.00016877637
train,450,tg,0.74285716,0.74285716,0.71428573,0.0,0.0,0.0,0.0
train,451,tg,1.0,1.0,0.7352941,1.0,0.0005063291,0.0005063291,0.0005063291
train,452,tg,1.0,0.7352941,0.61764705,1.0,0.00016877637,0.00016877637,0.00016877637
train,453,tg,0.7714286,0.7352941,0.7352941,0.0,0.0,0.0,0.0
train,454,tg,0.5882353,0.5833333,0.5714286,0.0,0.0,0.0,0.0
train,455,tg,0.78571427,0.6333333,0.4888889,0.0,0.0,0.0,0.0
train,456,tg,1.0,0.6333333,0.5862069,1.0,0.00016877637,0.00016877637,0.00016877637
train,457,tg,1.0,0.62857145,0.61764705,1.0,0.00016877637,0.00016877637,0.00016877637
train,458,tg,0.7627119,0.5714286,0.5692308,0.0,0.0,0.0,0.0
train,459,tg,0.78571427,0.5882353,0.5882353,0.0,0.0,0.0,0.0
train,460,tg,0.9705882,0.61538464,0.61538464,0.0,0.00016880487,0.00016880487,0.00016880487
train,461,tg,0.8076923,0.8039216,0.71153843,0.0,0.0,0.0,0.0
train,462,tg,0.8958333,0.877551,0.875,0.0,0.0,0.0,0.00084388186
train,463,tg,1.0,0.8235294,0.6451613,1.0,0.00033755274,0.00033755274,0.00033755274
train,464,tg,0.9705882,0.6315789,0.6315789,0.0,0.00016877637,0.00016877637,0.00016877637
train,465,tg,1.0,0.6216216,0.6216216,1.0,0.00016880487,0.00016880487,0.00016880487
train,466,tg,1.0,1.0,0.6585366,1.0,0.0005063291,0.0005063291,0.0005063291
train,467,tg,0.8235294,0.8235294,0.5833333,0.0,0.0,0.0,0.0
train,468,tg,1.0,0.8235294,0.6451613,1.0,0.00033755274,0.00033755274,0.00033755274
train,469,tg,1.0,1.0,0.6585366,1.0,0.0005063291,0.0005063291,0.0005063291
train,470,tg,0.43548387,0.41379312,0.41379312,0.0,0.0,0.0,0.0
train,471,tg,0.6956522,0.54545456,0.53846157,0.0,0.0,0.0,0.0
train,472,tg,1.0,1.0,0.97959185,1.0,0.00084388186,0.00084388186,0.00084388186
train,473,tg,1.0,0.8148148,0.7777778,1.0,0.00016877637,0.00016877637,0.00016877637
train,474,tg,1.0,1.0,0.7222222,1.0,0.0006751055,0.0006751055,0.0006751055
train,475,tg,0.8333333,0.8,0.78431374,0.0,0.0,0.0,0.0
train,476,tg,0.7735849,0.75,0.6481481,0.0,0.0,0.0,0.0
train,477,tg,1.0,0.9268293,0.6792453,1.0,0.00033755274,0.0005063291,0.0006751055
train,478,tg,0.74647886,0.5,0.47887325,0.0,0.0,0.0,0.0
train,479,tg,0.74647886,0.4857143,0.46753246,0.0,0.0,0.0,0.0
train,480,tg,0.8243243,0.5882353,0.5833333,0.0,0.0,0.0,0.0
train,481,tg,0.8243243,0.6142857,0.6056338,0.0,0.0,0.0,0.0
train,482,tg,0.84782606,0.81632656,0.7735849,0.0,0.0,0.0,0.0
train,483,tg,0.82222223,0.78723407,0.75,0.0,0.0,0.0,0.0
train,484,tg,1.0,0.82222223,0.7708333,1.0,0.00016877637,0.00016877637,0.00016877637
train,485,tg,1.0,0.7627119,0.74,1.0,0.00016880487,0.00016880487,0.00033760973
train,486,tg,0.95652175,0.85106385,0.8333333,0.0,0.00033755274,0.00033755274,0.0006751055
train,487,tg,1.0,1.0,0.95454544,1.0,0.00084388186,0.00084388186,0.00084388186
train,488,tg,1.0,0.97727275,0.877551,1.0,0.0006751055,0.0006751055,0.0010126582
train,489,tg,0.95652175,0.81632656,0.8039216,0.0,0.00033755274,0.00033755274,0.00033755274
train,490,tg,0.7123288,0.6779661,0.6333333,0.0,0.0,0.0,0.0
train,491,tg,0.7222222,0.6438356,0.6060606,0.0,0.0,0.0,0.0
train,492,tg,0.89830506,0.6896552,0.6507937,0.0,0.0,0.0,0.00016877637
train,493,tg,1.0,1.0,0.97959185,1.0,0.00084388186,0.00084388186,0.00084388186
train,494,tg,1.0,1.0,0.7222222,1.0,0.0006751055,0.0006751055,0.0006751055
train,495,tg,0.8243243,0.5882353,0.5833333,0.0,0.0,0.0,0.0
train,496,tg,0.59375,0.578125,0.5522388,0.0,0.0,0.0,0.0
train,497,tg,0.6956522,0.5714286,0.5714286,0.0,0.0,0.0,0.0
train,498,tg,0.42682928,0.42307693,0.42105263,0.0,0.0,0.0,0.0
train,499,tg,0.8333333,0.7118644,0.7118644,0.0,0.0,0.0,0.0
train,500,tg,1.0,1.0,0.97959185,1.0,0.0008440243,0.0008440243,0.0008440243
train,501,tg,0.8852459,0.59375,0.5873016,0.0,0.0,0.0,0.00016877637
train,502,tg,0.8852459,0.61290324,0.61290324,0.0,0.0,0.0,0.00016877637
train,503,tg,1.0,0.97727275,0.8958333,1.0,0.0006751055,0.0006751055,0.001350211
train,504,tg,0.7916667,0.7755102,0.7755102,0.0,0.0,0.0,0.0
train,505,tg,1.0,0.8148148,0.7962963,1.0,0.00016880487,0.00016880487,0.00016880487
train,506,tg,0.68421054,0.6779661,0.67241377,0.0,0.0,0.0,0.0
train,507,tg,1.0,0.82222223,0.74,1.0,0.00016877637,0.00016877637,0.00016877637
train,508,tg,0.84090906,0.8043478,0.7659575,0.0,0.0,0.0,0.0
train,509,tg,1.0,0.7627119,0.74,1.0,0.00016877637,0.00016877637,0.00033755274
train,510,tg,0.8043478,0.78723407,0.74,0.0,0.0,0.0,0.0
train,511,tg,0.95652175,0.85106385,0.8333333,0.0,0.00033755274,0.00033755274,0.0006751055
train,512,tg,1.0,0.97727275,0.9767442,1.0,0.00084388186,0.00084388186,0.0011814346
train,513,tg,1.0,0.97727275,0.877551,1.0,0.0006751055,0.0006751055,0.0010126582
train,514,tg,0.95652175,0.81632656,0.8039216,0.0,0.00033755274,0.00033755274,0.00033755274
train,515,tg,0.8604651,0.82608694,0.7222222,0.0,0.0,0.0,0.00016880487
train,516,tg,0.5645161,0.5645161,0.56363636,0.0,0.0,0.0,0.0
train,517,tg,1.0,0.8333333,0.6415094,1.0,0.00033755274,0.00033755274,0.00033755274
train,518,tg,1.0,0.975,0.85365856,1.0,0.0005063291,0.0006751055,0.00084388186
train,519,tg,1.0,0.8333333,0.6415094,1.0,0.00033755274,0.00033755274,0.00033755274
train,520,tg,1.0,0.975,0.6896552,1.0,0.00050641457,0.00067521946,0.00067521946
train,521,tg,0.97959185,0.97959185,0.97959185,0.0,0.00084388186,0.00084388186,0.00084388186
train,522,tg,0.8333333,0.82608694,0.754717,0.0,0.0,0.0,0.0
train,523,tg,0.7592593,0.73214287,0.7222222,0.0,0.0,0.0,0.0
train,524,tg,0.9767442,0.95454544,0.95454544,0.0,0.0010126582,0.0011814346,0.001350211
train,525,tg,1.0,1.0,0.97727275,1.0,0.0010128291,0.0010128291,0.0013504389
train,526,tg,0.9782609,0.63461536,0.627451,0.0,0.00033755274,0.00033755274,0.00033755274
train,527,tg,0.8108108,0.8108108,0.62,0.0,0.0,0.0,0.0
train,528,tg,0.7407407,0.6896552,0.67741936,0.0,0.0,0.0,0.0
train,529,tg,0.95,0.9268293,0.875,0.0,0.0,0.0006751055,0.00084388186
train,530,tg,0.6666667,0.625,0.5882353,0.0,0.0,0.0,0.0
train,531,tg,0.7083333,0.65384614,0.59090906,0.0,0.0,0.0,0.0
train,532,tg,0.7258065,0.640625,0.6,0.0,0.0,0.0,0.0
train,533,tg,0.73214287,0.6545454,0.64285713,0.0,0.0,0.0,0.0
train,534,tg,0.74545455,0.6666667,0.640625,0.0,0.0,0.0,0.0
train,535,tg,0.7777778,0.6851852,0.5942029,0.0,0.0,0.0,0.0
train,536,tg,0.8979592,0.75,0.73214287,0.0,0.0,0.0,0.00016877637
train,537,tg,0.75,0.61764705,0.5942029,0.0,0.0,0.0,0.0
train,538,tg,0.8979592,0.6851852,0.6545454,0.0,0.0,0.0,0.00016877637
train,539,tg,0.6666667,0.6451613,0.5882353,0.0,0.0,0.0,0.0
train,540,tg,0.78571427,0.7407407,0.6896552,0.0,0.0,0.0,0.0
train,541,tg,0.88461536,0.7407407,0.71428573,0.0,0.0,0.0,0.00016877637
train,542,tg,0.82758623,0.7241379,0.625,0.0,0.0,0.0,0.0
train,543,tg,0.88461536,0.6896552,0.6363636,0.0,0.0,0.0,0.00016877637
train,544,tg,1.0,0.81632656,0.6792453,1.0,0.00016877637,0.00016877637,0.00016877637
train,545,tg,1.0,0.81632656,0.6792453,1.0,0.00016880487,0.00016880487,0.00016880487
train,546,tg,0.7241379,0.6363636,0.61764705,0.0,0.0,0.0,0.0
train,547,tg,0.90909094,0.8695652,0.8695652,0.0,0.0,0.00016877637,0.00084388186
train,548,tg,0.875,0.7291667,0.6792453,0.0,0.0,0.0,0.00033755274
train,549,tg,0.8604651,0.7446808,0.6862745,0.0,0.0,0.0,0.00016877637
train,550,tg,0.6111111,0.5882353,0.5714286,0.0,0.0,0.0,0.0
train,551,tg,0.8333333,0.73913044,0.6086956,0.0,0.0,0.0,0.0
train,552,tg,0.7948718,0.7948718,0.627451,0.0,0.0,0.0,0.0
train,553,tg,1.0,0.8108108,0.63414633,1.0,0.00033755274,0.00033755274,0.00033755274
train,554,tg,0.89830506,0.6438356,0.6034483,0.0,0.0,0.0,0.00016877637
train,555,tg,0.875,0.85365856,0.6666667,0.0,0.0,0.0,0.00067521946
train,556,tg,0.62068963,0.6,0.58064514,0.0,0.0,0.0,0.0
train,557,tg,0.58536583,0.5681818,0.5555556,0.0,0.0,0.0,0.0
train,558,tg,0.627907,0.5813953,0.5681818,0.0,0.0,0.0,0.0
train,559,tg,1.0,0.64285713,0.61904764,1.0,0.00016877637,0.00016877637,0.00016877637
train,560,tg,0.6666667,0.5555556,0.53333336,0.0,0.0,0.0,0.0
train,561,tg,0.7297297,0.61904764,0.6086956,0.0,0.0,0.0,0.0
train,562,tg,0.6086956,0.5625,0.5,0.0,0.0,0.0,0.0
train,563,tg,0.71794873,0.64285713,0.5813953,0.0,0.0,0.0,0.0
train,564,tg,0.56666666,0.49122807,0.44827586,0.0,0.0,0.0,0.0
train,565,tg,0.6896552,0.5070422,0.49122807,0.0,0.0,0.0,0.0
train,566,tg,0.6896552,0.58,0.55,0.0,0.0,0.0,0.0
train,567,tg,1.0,0.78846157,0.59615386,1.0,0.00016877637,0.00016877637,0.00016877637
train,568,tg,1.0,0.78846157,0.6792453,1.0,0.00016877637,0.00016877637,0.00016877637
train,569,tg,1.0,0.78846157,0.6792453,1.0,0.00016877637,0.00016877637,0.00016877637
train,570,tg,0.7241379,0.6296296,0.61538464,0.0,0.0,0.0,0.0
train,571,tg,0.7222222,0.5609756,0.5,0.0,0.0,0.0,0.0
train,572,tg,0.64102566,0.5897436,0.53846157,0.0,0.0,0.0,0.0
train,573,tg,0.6756757,0.57894737,0.5405405,0.0,0.0,0.0,0.0
train,574,tg,0.7222222,0.6111111,0.5897436,0.0,0.0,0.0,0.0
train,575,tg,0.6,0.5813953,0.55813956,0.0,0.0,0.0,0.0
train,576,tg,0.6052632,0.5813953,0.55,0.0,0.0,0.0,0.0
train,577,tg,0.60465115,0.5609756,0.5555556,0.0,0.0,0.0,0.0
train,578,tg,0.62711865,0.5686275,0.51666665,0.0,0.0,0.0,0.0
train,579,tg,0.64705884,0.5660377,0.55,0.0,0.0,0.0,0.0
train,580,tg,0.74358976,0.6904762,0.6756757,0.0,0.0,0.0,0.0
train,581,tg,0.8947368,0.8292683,0.6904762,0.0,0.0,0.0,0.00033755274
train,582,tg,0.9459459,0.8292683,0.7567568,0.0,0.0,0.00016877637,0.00016877637
train,583,tg,0.8717949,0.8095238,0.6923077,0.0,0.0,0.0,0.00016877637
train,584,tg,0.9459459,0.8717949,0.8,0.0,0.0,0.00016877637,0.0005063291
train,585,tg,0.8947368,0.7714286,0.73170733,0.0,0.0,0.0,0.00016880487
train,586,tg,0.6756757,0.65789473,0.64102566,0.0,0.0,0.0,0.0
train,587,tg,0.75,0.68292683,0.6585366,0.0,0.0,0.0,0.0
train,588,tg,0.65789473,0.6315789,0.5813953,0.0,0.0,0.0,0.0
train,589,tg,0.6976744,0.65789473,0.6315789,0.0,0.0,0.0,0.0
train,590,tg,0.7291667,0.6976744,0.6,0.0,0.0,0.0,0.0
train,591,tg,0.53333336,0.53333336,0.47058824,0.0,0.0,0.0,0.0
train,592,tg,0.53846157,0.46666667,0.4375,0.0,0.0,0.0,0.0
train,593,tg,0.5,0.3,0.28947368,0.0,0.0,0.0,0.0
train,594,tg,0.5925926,0.41379312,0.375,0.0,0.0,0.0,0.0
train,595,tg,0.74418604,0.54901963,0.4347826,0.0,0.0,0.0,0.0
train,596,tg,0.6666667,0.5,0.45945945,0.0,0.0,0.0,0.0
train,597,tg,0.74418604,0.5106383,0.4375,0.0,0.0,0.0,0.0
train,598,tg,0.9032258,0.5555556,0.5121951,0.0,0.0,0.00016877637,0.00016877637
train,599,tg,0.9032258,0.6,0.575,0.0,0.0,0.00016877637,0.00016877637
train,600,tg,0.6666667,0.55172414,0.53125,0.0,0.0,0.0,0.0
train,601,tg,0.7368421,0.5121951,0.47619048,0.0,0.0,0.0,0.0
train,602,tg,0.7368421,0.6216216,0.5897436,0.0,0.0,0.0,0.0
train,603,tg,0.6944444,0.6388889,0.6216216,0.0,0.0,0.0,0.0
train,604,tg,0.8064516,0.6944444,0.6388889,0.0,0.0,0.0,0.0
train,605,tg,0.8064516,0.6764706,0.6388889,0.0,0.0,0.0,0.0
train,606,tg,0.9,0.7419355,0.6857143,0.0,0.0,0.0,0.00033755274
train,607,tg,1.0,0.6764706,0.6315789,1.0,0.00016877637,0.00016877637,0.00033755274
train,608,tg,1.0,0.6764706,0.58536583,1.0,0.00016877637,0.00016877637,0.00033755274
train,609,tg,0.7,0.63414633,0.6315789,0.0,0.0,0.0,0.0
train,610,tg,0.7,0.5,0.46666667,0.0,0.0,0.0,0.0
train,611,tg,0.7631579,0.6744186,0.55813956,0.0,0.0,0.0,0.0
train,612,tg,0.82051283,0.7631579,0.7105263,0.0,0.0,0.0,0.0
train,613,tg,0.85365856,0.82051283,0.6585366,0.0,0.0,0.0,0.00016877637
train,614,tg,0.975,0.7804878,0.627907,0.0,0.00016877637,0.00016877637,0.00033755274
train,615,tg,0.975,0.7619048,0.6136364,0.0,0.00016880487,0.00016880487,0.00016880487
train,616,tg,0.7105263,0.627907,0.5609756,0.0,0.0,0.0,0.0
train,617,tg,0.5588235,0.5,0.43243244,0.0,0.0,0.0,0.0
train,618,tg,0.44444445,0.36842105,0.36842105,0.0,0.0,0.0,0.0
train,619,tg,0.5263158,0.47368422,0.47368422,0.0,0.0,0.0,0.0
train,620,tg,1.0,0.44444445,0.42857143,1.0,0.00016880487,0.00016880487,0.00016880487
train,621,tg,1.0,1.0,0.5714286,1.0,0.0006751055,0.0006751055,0.0006751055
train,622,tg,0.4,0.3888889,0.3846154,0.0,0.0,0.0,0.0
train,623,tg,0.5294118,0.45714286,0.3888889,0.0,0.0,0.0,0.0
train,624,tg,0.53125,0.4347826,0.4117647,0.0,0.0,0.0,0.0
train,625,tg,0.53125,0.4054054,0.3939394,0.0,0.0,0.0,0.0
train,626,tg,0.34615386,0.32786885,0.3090909,0.0,0.0,0.0,0.0
train,627,tg,0.5294118,0.37142858,0.35,0.0,0.0,0.0,0.0
train,628,egc,0.33333334,0.2857143,0.26086956,0.0,0.0,0.0,0.0
train,629,egc,0.3478261,0.32,0.2857143,0.0,0.0,0.0,0.0
train,630,tg,1.0,0.33333334,0.33333334,1.0,0.00016880487,0.00016880487,0.00016880487
train,631,egc,0.5714286,0.53846157,0.39285713,0.0,0.0,0.0,0.0
train,632,egb,0.45454547,0.3529412,0.33333334,0.0,0.0,0.0,0.0
train,633,egc,0.45454547,0.3529412,0.33333334,0.0,0.0,0.0,0.0
train,634,egc,0.35714287,0.3529412,0.29032257,0.0,0.0,0.0,0.0
train,635,tg,0.54545456,0.5217391,0.5,0.0,0.0,0.0,0.0
train,636,tg,1.0,0.5217391,0.5,1.0,0.00016877637,0.00016877637,0.00016877637
train,637,tg,0.5769231,0.5,0.48,0.0,0.0,0.0,0.0
train,638,tg,0.45945945,0.41379312,0.4,0.0,0.0,0.0,0.0
train,639,tg,0.6551724,0.53571427,0.51724136,0.0,0.0,0.0,0.0
train,640,tg,0.6,0.53571427,0.46875,0.0,0.0,0.0,0.0
train,641,tg,0.6551724,0.4722222,0.46875,0.0,0.0,0.0,0.0
train,642,tg,0.6060606,0.5483871,0.4871795,0.0,0.0,0.0,0.0
train,643,tg,0.7878788,0.6,0.47058824,0.0,0.0,0.0,0.0
train,644,tg,0.7878788,0.4864865,0.4054054,0.0,0.0,0.0,0.0
train,645,tg,0.55172414,0.4827586,0.45714286,0.0,0.0,0.0,0.0
train,646,tg,0.6969697,0.5945946,0.475,0.0,0.0,0.0,0.0
train,647,tg,0.75,0.47916666,0.4074074,0.0,0.0,0.0,0.0
train,648,tg,0.75,0.4883721,0.4375,0.0,0.0,0.0,0.0
train,649,tg,0.7,0.5833333,0.52272725,0.0,0.0,0.0,0.0
train,650,tg,0.7,0.6363636,0.53571427,0.0,0.0,0.0,0.0
train,651,tg,0.6363636,0.6,0.5833333,0.0,0.0,0.0,0.0
train,652,tg,0.55172414,0.5483871,0.5,0.0,0.0,0.0,0.0
train,653,tg,0.5882353,0.55172414,0.53333336,0.0,0.0,0.0,0.0
train,654,tg,0.60714287,0.5555556,0.5555556,0.0,0.0,0.0,0.0
train,655,tg,0.6666667,0.48979592,0.4,0.0,0.0,0.0,0.0
train,656,tg,0.6666667,0.5,0.45454547,0.0,0.0,0.0,0.0
train,657,tg,0.45238096,0.45238096,0.41025642,0.0,0.0,0.0,0.0
train,658,tg,1.0,0.6551724,0.4722222,1.0,0.00033755274,0.00033755274,0.00033755274
train,659,tg,1.0,0.4722222,0.47058824,1.0,0.00033755274,0.00033755274,0.00033755274
train,660,tg,1.0,0.6666667,0.64285713,1.0,0.00016877637,0.00016877637,0.00016877637
train,661,tg,1.0,0.86206895,0.7352941,1.0,0.00033755274,0.00033755274,0.0005063291
train,662,tg,1.0,1.0,0.86206895,1.0,0.00067521946,0.00067521946,0.0008440243
train,663,tg,0.96428573,0.96428573,0.75757575,0.0,0.0006751055,0.0006751055,0.0006751055
train,664,tg,0.75,0.7058824,0.7058824,0.0,0.0,0.0,0.0
train,665,tg,0.90625,0.84375,0.75,0.0,0.0,0.00033755274,0.00033755274
train,666,tg,0.84375,0.8181818,0.71875,0.0,0.0,0.0,0.0
train,667,tg,0.6333333,0.60714287,0.59375,0.0,0.0,0.0,0.0
train,668,tg,0.6785714,0.60714287,0.5714286,0.0,0.0,0.0,0.0
train,669,tg,0.5714286,0.5714286,0.5625,0.0,0.0,0.0,0.0
train,670,tg,0.53333336,0.5263158,0.4888889,0.0,0.0,0.0,0.0
train,671,tg,0.8,0.5925926,0.5714286,0.0,0.0,0.0,0.0
train,672,tg,0.61764705,0.55263156,0.53125,0.0,0.0,0.0,0.0
train,673,tg,0.5625,0.5483871,0.53125,0.0,0.0,0.0,0.0
train,674,tg,0.88461536,0.8518519,0.8518519,0.0,0.0,0.0,0.00084388186
train,675,tg,1.0,0.96153843,0.96153843,1.0,0.00084388186,0.00084388186,0.0010126582
train,676,tg,1.0,1.0,0.96153843,1.0,0.00084388186,0.00084388186,0.0010126582
train,677,tg,1.0,1.0,0.96153843,1.0,0.0008440243,0.0008440243,0.0010128291
train,678,tg,1.0,1.0,0.8518519,1.0,0.0006751055,0.0006751055,0.00084388186
train,679,tg,1.0,1.0,0.96153843,1.0,0.00084388186,0.00084388186,0.00084388186
train,680,tg,1.0,1.0,0.9130435,1.0,0.0006751055,0.00084388186,0.00084388186
train,681,tg,0.7407407,0.7096774,0.7037037,0.0,0.0,0.0,0.0
train,682,tg,0.72727275,0.6909091,0.5645161,0.0,0.0,0.0,0.0
train,683,tg,1.0,0.972973,0.6041667,1.0,0.0005063291,0.0005063291,0.0005063291
train,684,tg,0.46376812,0.44155845,0.43283582,0.0,0.0,0.0,0.0
train,685,tg,1.0,1.0,0.9130435,1.0,0.0006751055,0.00084388186,0.00084388186
train,686,tg,1.0,1.0,1.0,1.0,0.0010126582,0.0010126582,0.0010126582
train,687,tg,1.0,0.972973,0.6041667,1.0,0.00050641457,0.00050641457,0.00050641457
train,688,tg,1.0,1.0,1.0,1.0,0.0010126582,0.0011814346,0.0011814346
train,689,tg,1.0,1.0,1.0,1.0,0.0010126582,0.0011814346,0.0011814346
train,690,tg,0.5322581,0.5147059,0.50980395,0.0,0.0,0.0,0.0
train,691,tg,0.9130435,0.9130435,0.9130435,0.0,0.0,0.00084388186,0.0010126582
train,692,tg,0.75510204,0.7446808,0.6862745,0.0,0.0,0.0,0.0
train,693,tg,0.6666667,0.5833333,0.5322581,0.0,0.0,0.0,0.0
train,694,tg,0.65,0.6052632,0.55263156,0.0,0.0,0.0,0.0
train,695,tg,1.0,1.0,0.9130435,1.0,0.0006751055,0.00084388186,0.00084388186
train,696,tg,1.0,0.972973,0.6041667,1.0,0.0005063291,0.0005063291,0.0005063291
train,697,tg,0.97727275,0.97727275,0.97727275,0.0,0.0010128291,0.0010128291,0.001181634
train,698,tg,1.0,0.67741936,0.65625,1.0,0.00016877637,0.00016877637,0.00033755274
train,699,tg,0.972973,0.972973,0.5833333,0.0,0.0005063291,0.0005063291,0.0005063291
train,700,tg,0.5614035,0.53061223,0.53061223,0.0,0.0,0.0,0.0
train,701,tg,0.6666667,0.6530612,0.6530612,0.0,0.0,0.0,0.0
train,702,tg,0.89285713,0.71875,0.6451613,0.0,0.0,0.0,0.00033760973
train,703,tg,0.5862069,0.58064514,0.55172414,0.0,0.0,0.0,0.0
train,704,tg,0.58208954,0.5138889,0.5074627,0.0,0.0,0.0,0.0
train,705,tg,1.0,0.5862069,0.5862069,1.0,0.00016877637,0.00016877637,0.00016877637
train,706,tg,0.52272725,0.49056605,0.45652175,0.0,0.0,0.0,0.0
train,707,tg,0.90625,0.5151515,0.5,0.0,0.0,0.00016880487,0.00016880487
train,708,tg,0.6666667,0.6333333,0.61290324,0.0,0.0,0.0,0.0
train,709,tg,0.6666667,0.5833333,0.54285717,0.0,0.0,0.0,0.0
train,710,tg,1.0,0.4651163,0.45454547,1.0,0.00016877637,0.00016877637,0.00016877637
train,711,tg,0.90625,0.5405405,0.4722222,0.0,0.0,0.00016877637,0.00016877637
train,712,tg,0.8181818,0.64705884,0.5849057,0.0,0.0,0.0,0.0
train,713,tg,0.95238096,0.7446808,0.6909091,0.0,0.00016877637,0.00016877637,0.00016877637
train,714,tg,0.95238096,0.75,0.72727275,0.0,0.00016877637,0.00016877637,0.00016877637
train,715,tg,0.54901963,0.53333336,0.52,0.0,0.0,0.0,0.0
train,716,tg,0.62857145,0.6060606,0.59375,0.0,0.0,0.0,0.0
train,717,tg,0.7222222,0.65,0.5641026,0.0,0.0,0.0,0.0
train,718,tg,0.6,0.5925926,0.5769231,0.0,0.0,0.0,0.0
train,719,tg,0.53333336,0.48387095,0.46875,0.0,0.0,0.0,0.0
train,720,tg,0.56,0.53846157,0.5185185,0.0,0.0,0.0,0.0
train,721,tg,0.54545456,0.5,0.4864865,0.0,0.0,0.0,0.0
train,722,tg,0.6111111,0.525,0.5,0.0,0.0,0.0,0.0
train,723,tg,0.7027027,0.6486486,0.5675676,0.0,0.0,0.0,0.0
train,724,tg,0.7027027,0.6,0.5609756,0.0,0.0,0.0,0.0
train,725,tg,0.65789473,0.6,0.55263156,0.0,0.0,0.0,0.0
train,726,tg,0.6486486,0.6,0.51282054,0.0,0.0,0.0,0.0
train,727,tg,0.7352941,0.6060606,0.5882353,0.0,0.0,0.0,0.0
train,728,tg,0.7352941,0.6666667,0.57894737,0.0,0.0,0.0,0.0
train,729,tg,0.71794873,0.6052632,0.5777778,0.0,0.0,0.0,0.0
train,730,tg,0.75,0.71875,0.7058824,0.0,0.0,0.0,0.0
train,731,tg,0.71428573,0.6857143,0.6764706,0.0,0.0,0.0,0.0
train,732,tg,0.8108108,0.71428573,0.6923077,0.0,0.0,0.0,0.0
train,733,tg,0.8108108,0.65957445,0.62222224,0.0,0.0,0.0,0.0
train,734,tg,0.7,0.65,0.62222224,0.0,0.0,0.0,0.0
train,735,tg,0.84375,0.65789473,0.6111111,0.0,0.0,0.0,0.0
train,736,tg,0.7058824,0.6486486,0.6052632,0.0,0.0,0.0,0.0
train,737,tg,0.6744186,0.6052632,0.5813953,0.0,0.0,0.0,0.0
train,738,tg,0.84210527,0.6041667,0.53488374,0.0,0.0,0.0,0.0
train,739,tg,0.84210527,0.6216216,0.61538464,0.0,0.0,0.0,0.0
train,740,tg,0.8064516,0.6764706,0.63414633,0.0,0.0,0.0,0.0
train,741,tg,0.8064516,0.6875,0.6571429,0.0,0.0,0.0,0.0
train,742,tg,1.0,0.55263156,0.4878049,1.0,0.00016880487,0.00016880487,0.00016880487
train,743,tg,1.0,0.625,0.625,1.0,0.00016877637,0.00016877637,0.00016877637
train,744,tg,0.6363636,0.625,0.5833333,0.0,0.0,0.0,0.0
train,745,tg,0.6363636,0.625,0.4878049,0.0,0.0,0.0,0.0
train,746,tg,0.6551724,0.61290324,0.61290324,0.0,0.0,0.0,0.0
train,747,tg,0.52380955,0.5116279,0.45945945,0.0,0.0,0.0,0.0
train,748,tg,0.57894737,0.36842105,0.36842105,0.0,0.0,0.0,0.0
train,749,tg,0.5,0.31578946,0.30555555,0.0,0.0,0.0,0.0
train,750,tg,0.5769231,0.5555556,0.35135135,0.0,0.0,0.0,0.0
train,751,tg,0.6086956,0.5714286,0.3043478,0.0,0.0,0.0,0.0
train,752,tg,0.9444444,0.5769231,0.38709676,0.0,0.0,0.00016880487,0.00016880487
train,753,tg,0.9444444,0.5555556,0.41935483,0.0,0.0,0.00016877637,0.00016877637
train,754,tg,0.3809524,0.3529412,0.3529412,0.0,0.0,0.0,0.0
train,755,tg,1.0,0.5555556,0.5,1.0,0.00016877637,0.00016877637,0.00016877637
train,756,tg,1.0,0.5263158,0.5,1.0,0.00016877637,0.00016877637,0.00016877637
train,757,tg,0.5925926,0.3939394,0.36363637,0.0,0.0,0.0,0.0
train,758,tg,0.68421054,0.61904764,0.61904764,0.0,0.0,0.0,0.0
train,759,tg,0.84210527,0.8,0.8,0.0,0.0,0.0,0.0
train,760,tg,0.94736844,0.94736844,0.94736844,0.0,0.0,0.00084388186,0.00084388186
train,761,tg,1.0,1.0,0.94736844,1.0,0.0006751055,0.00084388186,0.00084388186
train,762,tg,1.0,1.0,1.0,1.0,0.0008440243,0.0010128291,0.0010128291
train,763,tg,1.0,1.0,1.0,1.0,0.00084388186,0.0010126582,0.0010126582
train,764,tg,1.0,1.0,1.0,1.0,0.00084388186,0.0010126582,0.0010126582
train,765,tg,1.0,1.0,1.0,1.0,0.00084388186,0.00084388186,0.00084388186
train,766,tg,1.0,1.0,0.94736844,1.0,0.0006751055,0.00084388186,0.00084388186
train,767,tg,0.5833333,0.5833333,0.5833333,0.0,0.0,0.0,0.0
train,768,tg,0.64285713,0.4117647,0.4054054,0.0,0.0,0.0,0.0
train,769,tg,0.625,0.38297874,0.35185185,0.0,0.0,0.0,0.0
train,770,tg,0.625,0.44186047,0.38,0.0,0.0,0.0,0.0
train,771,tg,0.6,0.5151515,0.42857143,0.0,0.0,0.0,0.0
train,772,tg,0.64285713,0.6,0.3939394,0.0,0.0,0.0,0.0
train,773,tg,0.61538464,0.46153846,0.40625,0.0,0.0,0.0,0.0
train,774,tg,1.0,0.42857143,0.42857143,1.0,0.00016877637,0.00016877637,0.00016877637
train,775,tg,1.0,0.30555555,0.26666668,1.0,0.00016877637,0.00016877637,0.00016877637
train,776,tg,0.39130434,0.3,0.3,0.0,0.0,0.0,0.0
train,777,tg,0.44444445,0.4375,0.42857143,0.0,0.0,0.0,0.0
train,778,tg,1.0,0.6,0.5555556,1.0,0.00033755274,0.00033755274,0.00033755274
train,779,tg,0.962963,0.7586207,0.54545456,0.0,0.00016877637,0.00016877637,0.00033755274
train,780,tg,0.962963,0.78571427,0.6,0.0,0.00016877637,0.00016877637,0.00033755274
train,781,tg,0.6333333,0.59375,0.53125,0.0,0.0,0.0,0.0
train,782,tg,0.8888889,0.8148148,0.6785714,0.0,0.0,0.0,0.00033760973
train,783,tg,0.7037037,0.6551724,0.59375,0.0,0.0,0.0,0.0
train,784,tg,1.0,0.78571427,0.6551724,1.0,0.00016877637,0.00016877637,0.00016877637
train,785,tg,0.6296296,0.5862069,0.56666666,0.0,0.0,0.0,0.0
train,786,tg,0.7037037,0.6923077,0.6551724,0.0,0.0,0.0,0.0
train,787,tg,0.48387095,0.48387095,0.47058824,0.0,0.0,0.0,0.0
train,788,tg,0.5405405,0.4814815,0.44186047,0.0,0.0,0.0,0.0
train,789,tg,0.6923077,0.6,0.6,0.0,0.0,0.0,0.0
train,790,tg,0.5,0.45945945,0.4473684,0.0,0.0,0.0,0.0
train,791,tg,0.6923077,0.5555556,0.5555556,0.0,0.0,0.0,0.0
train,792,tg,0.6315789,0.5,0.46666667,0.0,0.0,0.0,0.0
train,793,tg,0.516129,0.4848485,0.4516129,0.0,0.0,0.0,0.0
train,794,tg,1.0,0.5483871,0.5,1.0,0.00033755274,0.00033755274,0.00033755274
train,795,tg,0.75,0.6666667,0.57894737,0.0,0.0,0.0,0.0
train,796,tg,0.7027027,0.68421054,0.6571429,0.0,0.0,0.0,0.0
train,797,tg,1.0,0.7027027,0.6764706,1.0,0.00016880487,0.00016880487,0.00016880487
train,798,tg,0.7,0.63414633,0.61904764,0.0,0.0,0.0,0.0
train,799,tg,0.75,0.6875,0.6571429,0.0,0.0,0.0,0.0
train,800,tg,0.7058824,0.7058824,0.6969697,0.0,0.0,0.0,0.0
train,801,tg,0.7058824,0.6666667,0.6571429,0.0,0.0,0.0,0.0
train,802,tg,0.7058824,0.6666667,0.6571429,0.0,0.0,0.0,0.0
train,803,tg,0.75,0.6969697,0.6857143,0.0,0.0,0.0,0.0
train,804,tg,1.0,0.7,0.6315789,1.0,0.00016877637,0.00016877637,0.00016877637
train,805,tg,0.7948718,0.7368421,0.6,0.0,0.0,0.0,0.0
train,806,tg,0.7948718,0.7,0.6,0.0,0.0,0.0,0.0
train,807,tg,0.7,0.6216216,0.6111111,0.0,0.0,0.0,0.0
train,808,tg,0.6857143,0.6486486,0.6388889,0.0,0.0,0.0,0.0
train,809,tg,0.8064516,0.6571429,0.6216216,0.0,0.0,0.0,0.0
train,810,tg,0.8064516,0.6875,0.6764706,0.0,0.0,0.0,0.0
train,811,tg,0.6875,0.64705884,0.6388889,0.0,0.0,0.0,0.0
train,812,tg,0.44827586,0.43333334,0.40625,0.0,0.0,0.0,0.0
train,813,tg,0.45454547,0.44444445,0.44444445,0.0,0.0,0.0,0.0
train,814,tg,0.5416667,0.52,0.47826087,0.0,0.0,0.0,0.0
train,815,tg,0.52,0.43333334,0.41935483,0.0,0.0,0.0,0.0
train,816,tg,0.5555556,0.516129,0.5,0.0,0.0,0.0,0.0
train,817,tg,1.0,0.95454544,0.516129,1.0,0.00050641457,0.00050641457,0.00050641457
train,818,tg,1.0,0.95454544,0.5,1.0,0.0005063291,0.0005063291,0.0005063291
train,819,tg,0.75510204,0.6862745,0.6862745,0.0,0.0,0.0,0.0
train,820,tg,0.4827586,0.4814815,0.46153846,0.0,0.0,0.0,0.0
train,821,tg,0.6875,0.46296296,0.375,0.0,0.0,0.0,0.0
train,822,tg,0.6875,0.43103448,0.375,0.0,0.0,0.0,0.0
train,823,tg,0.5660377,0.51785713,0.4716981,0.0,0.0,0.0,0.0
train,824,tg,0.41666666,0.4074074,0.4,0.0,0.0,0.0,0.0
train,825,tg,0.44444445,0.4,0.375,0.0,0.0,0.0,0.0
train,826,tg,0.44444445,0.40625,0.4,0.0,0.0,0.0,0.0
train,827,tg,0.44,0.42307693,0.4074074,0.0,0.0,0.0,0.0
train,828,tg,0.4117647,0.4117647,0.4117647,0.0,0.0,0.0,0.0
train,829,tg,0.37931034,0.37037036,0.33333334,0.0,0.0,0.0,0.0
train,830,tg,0.6666667,0.4864865,0.38709676,0.0,0.0,0.0,0.0
train,831,tg,0.6666667,0.64,0.48,0.0,0.0,0.0,0.0
train,832,tg,1.0,0.516129,0.38235295,1.0,0.00016880487,0.00016880487,0.00016880487
train,833,tg,0.5135135,0.4864865,0.42857143,0.0,0.0,0.0,0.0
train,834,tg,0.5555556,0.43333334,0.42857143,0.0,0.0,0.0,0.0
train,835,tg,0.60714287,0.60714287,0.5,0.0,0.0,0.0,0.0
train,836,tg,1.0,0.60714287,0.5,1.0,0.00016877637,0.00016877637,0.00016877637
train,837,tg,0.55172414,0.5,0.5,0.0,0.0,0.0,0.0
train,838,tg,0.6764706,0.64102566,0.4473684,0.0,0.0,0.0,0.0
train,839,tg,0.8378378,0.46341464,0.42222223,0.0,0.0,0.0,0.0
train,840,tg,0.8378378,0.4680851,0.44186047,0.0,0.0,0.0,0.0
train,841,tg,0.8627451,0.84615386,0.6727273,0.0,0.0,0.0,0.00016877637
train,842,tg,0.93877554,0.93877554,0.8627451,0.0,0.0,0.00067521946,0.0008440243
train,843,tg,1.0,1.0,0.84615386,1.0,0.0005063291,0.0006751055,0.0006751055
train,844,tg,1.0,1.0,0.84615386,1.0,0.0005063291,0.0006751055,0.0006751055
train,845,tg,1.0,1.0,0.84615386,1.0,0.0005063291,0.0006751055,0.0006751055
train,846,tg,1.0,1.0,0.6727273,1.0,0.0005063291,0.0006751055,0.0006751055
train,847,tg,0.8095238,0.7083333,0.51111114,0.0,0.0,0.0,0.0
train,848,tg,0.88095236,0.82222223,0.8095238,0.0,0.0,0.0,0.00016877637
train,849,tg,0.9318182,0.9318182,0.75555557,0.0,0.0,0.0005063291,0.0006751055
train,850,tg,1.0,0.9318182,0.7083333,1.0,0.00033755274,0.0005063291,0.0005063291
train,851,tg,1.0,0.9318182,0.7083333,1.0,0.00033755274,0.0005063291,0.0005063291
train,852,tg,1.0,0.9318182,0.6727273,1.0,0.00033760973,0.00050641457,0.00050641457
train,853,tg,1.0,0.71428573,0.5,1.0,0.00016877637,0.00016877637,0.00016877637
train,854,tg,0.5862069,0.51724136,0.5,0.0,0.0,0.0,0.0
train,855,tg,0.76,0.5344828,0.5344828,0.0,0.0,0.0,0.0
train,856,tg,0.76,0.6101695,0.6101695,0.0,0.0,0.0,0.0
train,857,tg,0.5925926,0.55172414,0.4814815,0.0,0.0,0.0,0.0
train,858,tg,0.6857143,0.6571429,0.6052632,0.0,0.0,0.0,0.0
train,859,tg,0.71428573,0.6857143,0.6388889,0.0,0.0,0.0,0.0
train,860,tg,0.71428573,0.6388889,0.5945946,0.0,0.0,0.0,0.0
train,861,tg,0.75757575,0.6944444,0.6571429,0.0,0.0,0.0,0.0
train,862,tg,0.75757575,0.6944444,0.64102566,0.0,0.0,0.0,0.0
train,863,tg,0.7941176,0.75757575,0.7567568,0.0,0.0,0.0,0.0
train,864,tg,0.7941176,0.6944444,0.6585366,0.0,0.0,0.0,0.0
train,865,tg,0.9189189,0.6904762,0.64102566,0.0,0.0,0.00016877637,0.00016877637
train,866,tg,0.9189189,0.6744186,0.625,0.0,0.0,0.00016877637,0.00016877637
train,867,tg,0.7105263,0.6744186,0.625,0.0,0.0,0.0,0.0
train,868,tg,0.71875,0.62857145,0.6052632,0.0,0.0,0.0,0.0
train,869,tg,0.7878788,0.7222222,0.6666667,0.0,0.0,0.0,0.0
train,870,tg,0.82857144,0.7878788,0.6571429,0.0,0.0,0.0,0.0
train,871,tg,0.9142857,0.74285716,0.6216216,0.0,0.0,0.00016877637,0.00016877637
train,872,tg,0.9142857,0.7222222,0.6052632,0.0,0.0,0.00016880487,0.00016880487
train,873,tg,0.7714286,0.6666667,0.65,0.0,0.0,0.0,0.0
train,874,tg,0.7714286,0.62857145,0.6,0.0,0.0,0.0,0.0
train,875,tg,0.65384614,0.5862069,0.55172414,0.0,0.0,0.0,0.0
train,876,tg,0.5925926,0.5714286,0.5151515,0.0,0.0,0.0,0.0
train,877,tg,0.65384614,0.46666667,0.44827586,0.0,0.0,0.0,0.0
train,878,tg,0.5714286,0.55172414,0.46875,0.0,0.0,0.0,0.0
train,879,tg,0.4848485,0.4473684,0.42424244,0.0,0.0,0.0,0.0
train,880,tg,0.71428573,0.5925926,0.53333336,0.0,0.0,0.0,0.0
train,881,tg,0.71428573,0.5714286,0.55172414,0.0,0.0,0.0,0.0
train,882,tg,0.4827586,0.46875,0.45454547,0.0,0.0,0.0,0.0
train,883,tg,0.6857143,0.5135135,0.475,0.0,0.0,0.0,0.0
train,884,tg,0.6,0.6,0.5,0.0,0.0,0.0,0.0
train,885,tg,1.0,0.6,0.5555556,1.0,0.00016877637,0.00016877637,0.00016877637
train,886,tg,0.6,0.6,0.5714286,0.0,0.0,0.0,0.0
train,887,tg,0.61764705,0.5277778,0.4651163,0.0,0.0,0.0,0.0
train,888,tg,0.5897436,0.54285717,0.5,0.0,0.0,0.0,0.0
train,889,tg,0.5897436,0.5135135,0.47368422,0.0,0.0,0.0,0.0
train,890,tg,0.6857143,0.5294118,0.5151515,0.0,0.0,0.0,0.0
train,891,tg,0.73846155,0.69491524,0.33333334,0.0,0.0,0.0,0.0
train,892,tg,0.73846155,0.66129035,0.33333334,0.0,0.0,0.0,0.0
train,893,tg,0.74545455,0.703125,0.34545454,0.0,0.0,0.0,0.0
train,894,tg,0.74545455,0.66129035,0.42592594,0.0,0.0,0.0,0.0
train,895,tg,0.53571427,0.53571427,0.53571427,0.0,0.0,0.0,0.0
train,896,tg,0.625,0.53846157,0.516129,0.0,0.0,0.0,0.0
train,897,tg,0.64102566,0.53846157,0.46153846,0.0,0.0,0.0,0.0
train,898,tg,0.67741936,0.6363636,0.61764705,0.0,0.0,0.0,0.0
train,899,tg,0.7941176,0.62857145,0.6216216,0.0,0.0,0.0,0.0
train,900,tg,0.7941176,0.5897436,0.57894737,0.0,0.0,0.0,0.0
train,901,tg,1.0,0.775,0.6,1.0,0.00016877637,0.00016877637,0.00016877637
train,902,tg,1.0,0.775,0.675,1.0,0.00016880487,0.00016880487,0.00016880487
train,903,tg,1.0,0.64102566,0.575,1.0,0.00016877637,0.00016877637,0.00016877637
train,904,tg,0.61764705,0.5897436,0.55,0.0,0.0,0.0,0.0
train,905,tg,0.7714286,0.65,0.5263158,0.0,0.0,0.0,0.0
train,906,tg,0.7714286,0.675,0.6,0.0,0.0,0.0,0.0
train,907,tg,0.8181818,0.7647059,0.65625,0.0,0.0,0.0,0.0
train,908,tg,0.8333333,0.725,0.6052632,0.0,0.0,0.0,0.0
train,909,tg,0.8333333,0.6904762,0.65,0.0,0.0,0.0,0.0
train,910,tg,0.725,0.6904762,0.55813956,0.0,0.0,0.0,0.0
train,911,tg,0.5588235,0.54761904,0.52380955,0.0,0.0,0.0,0.0
train,912,tg,0.64,0.6,0.5925926,0.0,0.0,0.0,0.0
train,913,tg,0.8,0.54545456,0.53333336,0.0,0.0,0.0,0.0
train,914,tg,0.84375,0.7096774,0.51428574,0.0,0.0,0.0,0.0
train,915,tg,0.84375,0.64705884,0.51282054,0.0,0.0,0.0,0.0
train,916,tg,0.51428574,0.5,0.4878049,0.0,0.0,0.0,0.0
train,917,tg,1.0,0.6,0.51111114,1.0,0.00016880487,0.00016880487,0.00016880487
train,918,tg,0.7096774,0.5625,0.55172414,0.0,0.0,0.0,0.0
train,919,tg,0.5625,0.55172414,0.54545456,0.0,0.0,0.0,0.0
train,920,tg,0.64285713,0.5925926,0.5714286,0.0,0.0,0.0,0.0
train,921,tg,0.5925926,0.5862069,0.5483871,0.0,0.0,0.0,0.0
train,922,tg,0.73333335,0.73333335,0.6060606,0.0,0.0,0.0,0.0
train,923,tg,0.6585366,0.55263156,0.475,0.0,0.0,0.0,0.0
train,924,tg,1.0,1.0,0.73333335,1.0,0.0006751055,0.0006751055,0.0006751055
train,925,tg,1.0,1.0,0.73333335,1.0,0.0006751055,0.0006751055,0.0006751055
train,926,tg,1.0,1.0,0.6486486,1.0,0.0005063291,0.0005063291,0.0005063291
train,927,tg,1.0,1.0,0.6486486,1.0,0.00067521946,0.00067521946,0.00067521946
train,928,tg,0.6363636,0.61764705,0.58064514,0.0,0.0,0.0,0.0
train,929,tg,0.61764705,0.5945946,0.5151515,0.0,0.0,0.0,0.0
train,930,tg,0.8125,0.7297297,0.6363636,0.0,0.0,0.0,0.0
train,931,tg,1.0,0.6585366,0.5714286,1.0,0.00033755274,0.00033755274,0.00033755274
train,932,tg,1.0,0.6585366,0.5714286,1.0,0.00033760973,0.00033760973,0.00033760973
train,933,tg,0.972973,0.58536583,0.58536583,0.0,0.00033755274,0.00033755274,0.00033755274
train,934,tg,0.94285715,0.7297297,0.6486486,0.0,0.0,0.00016877637,0.00016877637
train,935,tg,0.8181818,0.6923077,0.55813956,0.0,0.0,0.0,0.0
train,936,tg,0.8181818,0.7058824,0.6,0.0,0.0,0.0,0.0
train,937,tg,0.8125,0.7222222,0.6666667,0.0,0.0,0.0,0.0
train,938,tg,0.94285715,0.7297297,0.61538464,0.0,0.0,0.00016877637,0.00016877637
train,939,tg,0.71875,0.40384614,0.38181818,0.0,0.0,0.0,0.0
train,940,tg,0.71875,0.41269842,0.41269842,0.0,0.0,0.0,0.0
train,941,tg,0.6,0.58064514,0.5625,0.0,0.0,0.0,0.0
train,942,tg,0.60714287,0.6,0.5925926,0.0,0.0,0.0,0.0
train,943,tg,0.53125,0.45714286,0.4473684,0.0,0.0,0.0,0.0
train,944,tg,0.6,0.6,0.5769231,0.0,0.0,0.0,0.0
train,945,tg,0.6,0.6,0.6,0.0,0.0,0.0,0.0
train,946,tg,0.68,0.54545456,0.51724136,0.0,0.0,0.0,0.0
train,947,tg,0.6,0.6,0.5769231,0.0,0.0,0.0,0.0
train,948,tg,0.6785714,0.6,0.5925926,0.0,0.0,0.0,0.0
train,949,tg,0.6060606,0.57894737,0.5588235,0.0,0.0,0.0,0.0
train,950,tg,0.7586207,0.6785714,0.58064514,0.0,0.0,0.0,0.0
train,951,tg,0.86206895,0.6969697,0.6,0.0,0.0,0.0,0.00016877637
train,952,tg,0.6969697,0.65625,0.54761904,0.0,0.0,0.0,0.0
train,953,tg,0.86206895,0.6969697,0.57894737,0.0,0.0,0.0,0.00016877637
train,954,tg,0.575,0.54761904,0.4883721,0.0,0.0,0.0,0.0
train,955,tg,0.4651163,0.42553192,0.41666666,0.0,0.0,0.0,0.0
train,956,tg,0.65384614,0.58064514,0.5294118,0.0,0.0,0.0,0.0
train,957,tg,0.475,0.42857143,0.425,0.0,0.0,0.0,0.0
train,958,tg,0.64,0.5769231,0.5769231,0.0,0.0,0.0,0.0
train,959,tg,0.6451613,0.6,0.5862069,0.0,0.0,0.0,0.0
train,960,tg,0.6451613,0.5,0.5,0.0,0.0,0.0,0.0
train,961,tg,0.5,0.45714286,0.43243244,0.0,0.0,0.0,0.0
train,962,tg,1.0,0.59183675,0.4909091,1.0,0.00016880487,0.00016880487,0.00016880487
train,963,tg,1.0,0.5,0.4827586,1.0,0.00016877637,0.00016877637,0.00016877637
train,964,tg,0.68,0.64,0.64,0.0,0.0,0.0,0.0
train,965,tg,0.5,0.45454547,0.4,0.0,0.0,0.0,0.0
train,966,tg,1.0,0.41379312,0.40625,1.0,0.00016877637,0.00016877637,0.00016877637
train,967,tg,0.5277778,0.4642857,0.43333334,0.0,0.0,0.0,0.0
train,968,tg,0.4516129,0.44444445,0.4,0.0,0.0,0.0,0.0
train,969,egc,0.5714286,0.5714286,0.5,0.0,0.0,0.0,0.0
train,970,egc,1.0,1.0,0.73913044,1.0,0.0006751055,0.0006751055,0.0006751055
train,971,egc,1.0,1.0,0.5925926,1.0,0.0005063291,0.0005063291,0.0005063291
train,972,egc,1.0,0.64705884,0.61764705,1.0,0.00033760973,0.00033760973,0.00033760973
train,973,egc,0.55172414,0.55172414,0.5,0.0,0.0,0.0,0.0
train,974,egc,1.0,1.0,0.5925926,1.0,0.0005063291,0.0005063291,0.0005063291
train,975,egc,1.0,1.0,0.73913044,1.0,0.0005063291,0.0005063291,0.0005063291
train,976,egc,1.0,0.6111111,0.6111111,1.0,0.00016877637,0.00016877637,0.00016877637
train,977,egc,1.0,1.0,0.9130435,1.0,0.00067521946,0.0015192437,0.0021944633
train,978,egc,1.0,1.0,0.6923077,1.0,0.0005063291,0.0005063291,0.0005063291
train,979,egc,0.6666667,0.65625,0.64705884,0.0,0.0,0.0,0.0
train,980,egc,1.0,0.9130435,0.9130435,1.0,0.00033755274,0.0015189874,0.0015189874
train,981,egc,1.0,0.8888889,0.8888889,1.0,0.00033755274,0.00033755274,0.00084388186
train,982,egc,1.0,0.6571429,0.64705884,1.0,0.00033760973,0.00033760973,0.00033760973
train,983,egc,1.0,0.95454544,0.95454544,1.0,0.00084388186,0.0018565401,0.0018565401
train,984,egc,1.0,0.6666667,0.6666667,1.0,0.00016877637,0.00016877637,0.00016877637
train,985,egc,0.95652175,0.95454544,0.8695652,0.0,0.0006751055,0.0006751055,0.0015189874
train,986,egc,1.0,1.0,0.8888889,1.0,0.0005063291,0.0005063291,0.00084388186
train,987,egc,1.0,1.0,0.6551724,1.0,0.00067521946,0.00067521946,0.00067521946
train,988,egc,1.0,1.0,0.5588235,1.0,0.0006751055,0.0006751055,0.0006751055
train,989,egc,0.60714287,0.60714287,0.5483871,0.0,0.0,0.0,0.0
train,990,tg,0.5,0.31428573,0.30232558,0.0,0.0,0.0,0.0
train,991,tg,0.42857143,0.3939394,0.37142858,0.0,0.0,0.0,0.0
train,992,tg,0.5833333,0.4117647,0.36842105,0.0,0.0,0.0,0.0
train,993,tg,0.5,0.42857143,0.36363637,0.0,0.0,0.0,0.0
train,994,tg,1.0,0.4347826,0.4347826,1.0,0.00016877637,0.00016877637,0.00016877637
train,995,tg,1.0,0.7777778,0.54545456,1.0,0.00033755274,0.00033755274,0.00033755274
train,996,tg,0.8181818,0.6956522,0.56,0.0,0.0,0.0,0.0
train,997,tg,1.0,0.6956522,0.6956522,1.0,0.00016880487,0.00016880487,0.00016880487
train,998,tg,1.0,0.6956522,0.6956522,1.0,0.00016877637,0.00016877637,0.00016877637
train,999,tg,1.0,0.5652174,0.54545456,1.0,0.00016877637,0.00016877637,0.00016877637
train,1000,tg,1.0,0.7777778,0.6363636,1.0,0.00033755274,0.00033755274,0.00033755274
train,1001,tg,0.7407407,0.28,0.27868852,0.0,0.0,0.0,0.0
train,1002,egc,0.28,0.2777778,0.25,0.0,0.0,0.0,0.0
train,1003,egc,0.3809524,0.36363637,0.35,0.0,0.0,0.0,0.0
train,1004,egc,1.0,1.0,0.5,1.0,0.0006751055,0.0006751055,0.0006751055
train,1005,egc,0.5555556,0.516129,0.4375,0.0,0.0,0.0,0.0
train,1006,egc,1.0,0.5555556,0.5555556,1.0,0.00033755274,0.00033755274,0.00033755274
train,1007,egc,1.0,1.0,1.0,1.0,0.0008440243,0.0008440243,0.0008440243
train,1008,egc,1.0,1.0,0.48387095,1.0,0.0005063291,0.0005063291,0.0005063291
train,1009,egc,1.0,1.0,0.5882353,1.0,0.0005063291,0.0005063291,0.0005063291
train,1010,egc,0.5555556,0.42857143,0.3809524,0.0,0.0,0.0,0.0
train,1011,egc,1.0,1.0,0.5,1.0,0.0006751055,0.0006751055,0.0006751055
train,1012,egc,1.0,0.46875,0.46875,1.0,0.00033760973,0.00033760973,0.00033760973
train,1013,egc,1.0,1.0,0.5,1.0,0.0006751055,0.0006751055,0.0006751055
train,1014,egc,1.0,1.0,0.4090909,1.0,0.0006751055,0.0006751055,0.0006751055
train,1015,egc,1.0,1.0,0.5652174,1.0,0.0005063291,0.0005063291,0.0005063291
train,1016,egc,1.0,1.0,0.42857143,1.0,0.0006751055,0.0006751055,0.0006751055
train,1017,egc,1.0,0.56666666,0.56666666,1.0,0.00033760973,0.00033760973,0.00033760973
train,1018,egc,1.0,0.53333336,0.53333336,1.0,0.00033755274,0.00033755274,0.00033755274
train,1019,egc,1.0,0.56666666,0.56666666,1.0,0.00033755274,0.00033755274,0.00033755274
train,1020,egc,1.0,0.6666667,0.64,1.0,0.00016877637,0.00016877637,0.00016877637
train,1021,egc,1.0,0.94736844,0.64,1.0,0.00016877637,0.0005063291,0.0005063291
train,1022,egb,1.0,0.8888889,0.6666667,1.0,0.00016880487,0.00033760973,0.00050641457
train,1023,egc,1.0,1.0,0.5652174,1.0,0.0006751055,0.0006751055,0.0006751055
train,1024,egc,1.0,1.0,0.5652174,1.0,0.0005063291,0.0005063291,0.0005063291
train,1025,egc,1.0,1.0,1.0,1.0,0.00084388186,0.00084388186,0.00084388186
train,1026,egc,1.0,1.0,0.5151515,1.0,0.0005063291,0.0005063291,0.0005063291
train,1027,egc,1.0,1.0,0.41666666,1.0,0.00050641457,0.00050641457,0.00050641457
train,1028,egc,0.39130434,0.3809524,0.36842105,0.0,0.0,0.0,0.0
train,1029,egc,1.0,0.4347826,0.4347826,1.0,0.00033755274,0.00033755274,0.00033755274
train,1030,egc,1.0,1.0,0.53125,1.0,0.0005063291,0.0005063291,0.0005063291
train,1031,egc,1.0,0.4347826,0.4347826,1.0,0.00033755274,0.00033755274,0.00033755274
train,1032,egc,0.4090909,0.3809524,0.36,0.0,0.0,0.0,0.0
train,1033,eea,0.47368422,0.41666666,0.35714287,0.0,0.0,0.0,0.0
train,1034,ei,0.47368422,0.41666666,0.35714287,0.0,0.0,0.0,0.0
train,1035,nc,0.47368422,0.41666666,0.35714287,0.0,0.0,0.0,0.0
train,1036,egb,0.47368422,0.47368422,0.375,0.0,0.0,0.0,0.0
train,1037,egc,0.25,0.2173913,0.21052632,0.0,0.0,0.0,0.0
train,1038,egc,0.45454547,0.4375,0.4375,0.0,0.0,0.0,0.0
train,1039,egc,1.0,0.42105263,0.375,1.0,0.00016877637,0.00016877637,0.00016877637
train,1040,egc,1.0,0.47058824,0.45714286,1.0,0.00016880487,0.00016880487,0.00016880487
train,1041,egc,1.0,0.57575756,0.57575756,1.0,0.00016877637,0.00016877637,0.00016877637
train,1042,egc,1.0,0.6333333,0.6333333,1.0,0.00033755274,0.00033755274,0.00033755274
train,1043,egc,0.64705884,0.64705884,0.57575756,0.0,0.0,0.0,0.0
train,1044,egc,0.6451613,0.4,0.3888889,0.0,0.0,0.0,0.0
train,1045,egc,0.5714286,0.5714286,0.5714286,0.0,0.0,0.0,0.0
train,1046,egc,1.0,0.4090909,0.29032257,1.0,0.00016877637,0.00016877637,0.00016877637
train,1047,egc,0.37209302,0.35,0.33898306,0.0,0.0,0.0,0.0
train,1048,egc,0.67391306,0.44186047,0.4347826,0.0,0.0,0.0,0.0
train,1049,egc,0.42307693,0.34146342,0.31428573,0.0,0.0,0.0,0.0
train,1050,egc,0.67391306,0.41304347,0.40816328,0.0,0.0,0.0,0.0
train,1051,tg,1.0,0.33333334,0.23076923,1.0,0.00016877637,0.00016877637,0.00016877637
train,1052,tg,0.3181818,0.3030303,0.29545453,0.0,0.0,0.0,0.0
train,1053,tg,0.39473686,0.33333334,0.27027026,0.0,0.0,0.0,0.0
train,1054,tg,0.39473686,0.375,0.2888889,0.0,0.0,0.0,0.0
train,1055,tg,1.0,0.84210527,0.64,1.0,0.00016880487,0.00033760973,0.00033760973
train,1056,tg,1.0,0.6666667,0.64,1.0,0.00016877637,0.00016877637,0.00016877637
train,1057,tg,1.0,0.94736844,0.6666667,1.0,0.00016877637,0.0005063291,0.0006751055
train,1058,tg,0.8888889,0.84210527,0.72727275,0.0,0.0,0.0,0.00033755274
train,1059,egc,1.0,0.33333334,0.23076923,1.0,0.00016877637,0.00016877637,0.00016877637
train,1060,tg,0.33333334,0.30555555,0.2972973,0.0,0.0,0.0,0.0
train,1061,tg,0.3548387,0.33333334,0.32692307,0.0,0.0,0.0,0.0
train,1062,tg,0.26666668,0.25,0.24242425,0.0,0.0,0.0,0.0
train,1063,tg,0.70731705,0.27083334,0.27083334,0.0,0.0,0.0,0.0
train,1064,tg,0.70731705,0.3181818,0.30612245,0.0,0.0,0.0,0.0
train,1065,egc,1.0,0.33333334,0.32258064,1.0,0.00016880487,0.00016880487,0.00016880487
train,1066,tg,0.3653846,0.3015873,0.28070176,0.0,0.0,0.0,0.0
train,1067,tg,1.0,0.32258064,0.31034482,1.0,0.00016877637,0.00016877637,0.00016877637
train,1068,tg,1.0,0.32258064,0.3030303,1.0,0.00016877637,0.00016877637,0.00016877637
train,1069,tg,0.6956522,0.375,0.34615386,0.0,0.0,0.0,0.0
train,1070,tg,0.3181818,0.28070176,0.2682927,0.0,0.0,0.0,0.0
train,1071,tg,1.0,0.33333334,0.32258064,1.0,0.00016877637,0.00016877637,0.00016877637
train,1072,tg,0.42857143,0.31034482,0.2580645,0.0,0.0,0.0,0.0
train,1073,tg,0.87234044,0.6792453,0.56363636,0.0,0.0,0.0,0.00016877637
train,1074,tg,0.87234044,0.64705884,0.58181816,0.0,0.0,0.0,0.00016877637
train,1075,tg,0.7916667,0.6666667,0.59615386,0.0,0.0,0.0,0.0
train,1076,tg,0.7236842,0.7236842,0.7,0.0,0.0,0.0,0.0
train,1077,tg,0.6666667,0.60784316,0.56363636,0.0,0.0,0.0,0.0
train,1078,tg,0.625,0.55172414,0.5409836,0.0,0.0,0.0,0.0
train,1079,tg,0.8103448,0.5645161,0.42424244,0.0,0.0,0.0,0.0
train,1080,tg,0.8103448,0.44927537,0.42857143,0.0,0.0,0.0,0.0
train,1081,tg,0.6415094,0.5645161,0.5272727,0.0,0.0,0.0,0.0
train,1082,tg,0.6557377,0.5645161,0.53846157,0.0,0.0,0.0,0.0
train,1083,tg,0.7169811,0.6557377,0.51724136,0.0,0.0,0.0,0.0
train,1084,tg,0.70212764,0.627451,0.6,0.0,0.0,0.0,0.0
train,1085,tg,0.79545456,0.71428573,0.6730769,0.0,0.0,0.0,0.0
train,1086,tg,0.8367347,0.71428573,0.6037736,0.0,0.0,0.0,0.0
train,1087,tg,0.8367347,0.79545456,0.66,0.0,0.0,0.0,0.0
train,1088,tg,0.8367347,0.6964286,0.6,0.0,0.0,0.0,0.0
train,1089,tg,0.6666667,0.6,0.5762712,0.0,0.0,0.0,0.0
train,1090,tg,0.7169811,0.62,0.6,0.0,0.0,0.0,0.0
train,1091,tg,0.66,0.5689655,0.54545456,0.0,0.0,0.0,0.0
train,1092,tg,0.627451,0.5614035,0.54545456,0.0,0.0,0.0,0.0
train,1093,egc,0.28125,0.25,0.23529412,0.0,0.0,0.0,0.0
train,1094,egc,0.775,0.36206895,0.35,0.0,0.0,0.0,0.0
train,1095,tg,0.64,0.52,0.50877196,0.0,0.0,0.0,0.0
train,1096,tg,0.34146342,0.33333334,0.31578946,0.0,0.0,0.0,0.0
train,1097,egc,0.5576923,0.42857143,0.3773585,0.0,0.0,0.0,0.0
train,1098,tg,0.7407407,0.45833334,0.4489796,0.0,0.0,0.0,0.0
train,1099,tg,0.7183099,0.43421054,0.3888889,0.0,0.0,0.0,0.0
train,1100,tg,0.7183099,0.43678162,0.35820895,0.0,0.0,0.0,0.0
train,1101,tg,0.7407407,0.4456522,0.42696628,0.0,0.0,0.0,0.0
train,1102,tg,0.49425286,0.4456522,0.30973452,0.0,0.0,0.0,0.0
train,1103,egc,0.24242425,0.24242425,0.24242425,0.0,0.0,0.0,0.0
train,1104,egc,0.39130434,0.25,0.25,0.0,0.0,0.0,0.0
train,1105,egc,0.39130434,0.2631579,0.23809524,0.0,0.0,0.0,0.0
train,1106,egc,0.5,0.44230768,0.28846154,0.0,0.0,0.0,0.0
train,1107,egc,0.33333334,0.2972973,0.20588236,0.0,0.0,0.0,0.0
train,1108,tg,0.41935483,0.38235295,0.30952382,0.0,0.0,0.0,0.0
train,1109,tg,0.4827586,0.4,0.3548387,0.0,0.0,0.0,0.0
train,1110,tg,0.3448276,0.2857143,0.2777778,0.0,0.0,0.0,0.0
train,1111,tg,1.0,0.9736842,0.5185185,1.0,0.0005063291,0.0005063291,0.0006751055
train,1112,tg,1.0,0.9736842,0.825,1.0,0.0005063291,0.0005063291,0.0006751055
train,1113,tg,1.0,0.9736842,0.825,1.0,0.0005063291,0.0005063291,0.0006751055
train,1114,tg,0.9736842,0.9736842,0.84615386,0.0,0.0005063291,0.0006751055,0.0006751055
train,1115,tg,0.92105263,0.8974359,0.8684211,0.0,0.0,0.00016880487,0.0008440243
train,1116,tg,0.8684211,0.825,0.44,0.0,0.0,0.0,0.00016877637
train,1117,tg,0.6388889,0.47058824,0.4390244,0.0,0.0,0.0,0.0
train,1118,tg,0.48979592,0.42553192,0.4027778,0.0,0.0,0.0,0.0
train,1119,tg,0.6756757,0.45238096,0.35555556,0.0,0.0,0.0,0.0
train,1120,tg,0.675,0.33962265,0.32142857,0.0,0.0,0.0,0.0
train,1121,tg,0.675,0.3409091,0.3275862,0.0,0.0,0.0,0.0
train,1122,tg,0.35135135,0.32911393,0.31578946,0.0,0.0,0.0,0.0
train,1123,tg,0.6363636,0.53846157,0.525,0.0,0.0,0.0,0.0
train,1124,tg,0.62857145,0.52380955,0.45652175,0.0,0.0,0.0,0.0
train,1125,tg,0.75,0.6136364,0.45652175,0.0,0.0,0.0,0.0
train,1126,tg,0.75,0.53846157,0.45652175,0.0,0.0,0.0,0.0
train,1127,tg,0.73170733,0.6136364,0.51111114,0.0,0.0,0.0,0.0
train,1128,tg,0.5625,0.35185185,0.3392857,0.0,0.0,0.0,0.0
train,1129,tg,0.7,0.5609756,0.4827586,0.0,0.0,0.0,0.0
train,1130,tg,0.7,0.53488374,0.51724136,0.0,0.0,0.0,0.0
train,1131,tg,0.64444447,0.59322035,0.48979592,0.0,0.0,0.0,0.0
train,1132,tg,0.6101695,0.51724136,0.4,0.0,0.0,0.0,0.0
train,1133,tg,0.6419753,0.46067417,0.3846154,0.0,0.0,0.0,0.0
train,1134,tg,0.6419753,0.43421054,0.42682928,0.0,0.0,0.0,0.0
train,1135,tg,0.42696628,0.38297874,0.37254903,0.0,0.0,0.0,0.0
train,1136,tg,0.61290324,0.5555556,0.40425533,0.0,0.0,0.0,0.0
train,1137,tg,0.6571429,0.61290324,0.44680852,0.0,0.0,0.0,0.0
train,1138,tg,1.0,0.5555556,0.52380955,1.0,0.00016877637,0.00016877637,0.00016877637
train,1139,tg,1.0,0.5555556,0.48979592,1.0,0.00016877637,0.00016877637,0.00016877637
train,1140,tg,0.6101695,0.5416667,0.40425533,0.0,0.0,0.0,0.0
train,1141,tg,0.5625,0.39583334,0.3409091,0.0,0.0,0.0,0.0
train,1142,tg,1.0,0.4,0.35897437,1.0,0.00016877637,0.00016877637,0.00016877637
train,1143,egb,0.42857143,0.38709676,0.375,0.0,0.0,0.0,0.0
train,1144,egc,0.42857143,0.38709676,0.375,0.0,0.0,0.0,0.0
train,1145,tg,1.0,0.38709676,0.3409091,1.0,0.00016877637,0.00016877637,0.00016877637
train,1146,tg,0.6666667,0.5609756,0.45238096,0.0,0.0,0.0,0.0
train,1147,tg,0.6052632,0.5609756,0.41304347,0.0,0.0,0.0,0.0
train,1148,tg,0.7297297,0.6666667,0.5609756,0.0,0.0,0.0,0.0
train,1149,tg,0.7297297,0.6,0.51111114,0.0,0.0,0.0,0.0
train,1150,tg,1.0,0.53488374,0.4871795,1.0,0.00016877637,0.00016877637,0.00016877637
train,1151,egc,1.0,0.3653846,0.35714287,1.0,0.00016877637,0.00016877637,0.00016877637
train,1152,tg,1.0,0.3653846,0.3018868,1.0,0.00016880487,0.00016880487,0.00016880487
train,1153,tg,0.4909091,0.32142857,0.28846154,0.0,0.0,0.0,0.0
train,1154,tg,0.4047619,0.25,0.24444444,0.0,0.0,0.0,0.0
train,1155,tg,0.5185185,0.516129,0.5,0.0,0.0,0.0,0.0
train,1156,tg,1.0,0.31914893,0.27083334,1.0,0.00016877637,0.00016877637,0.00016877637
train,1157,tg,0.7352941,0.5714286,0.42857143,0.0,0.0,0.0,0.0
train,1158,tg,0.7352941,0.43636364,0.41666666,0.0,0.0,0.0,0.0
train,1159,tg,1.0,0.516129,0.47457626,1.0,0.00016877637,0.00016877637,0.00016877637
train,1160,tg,1.0,0.47457626,0.46666667,1.0,0.00016877637,0.00016877637,0.00016877637
train,1161,tg,0.58536583,0.5714286,0.4827586,0.0,0.0,0.0,0.0
train,1162,tg,0.85714287,0.2972973,0.2826087,0.0,0.0,0.0,0.00016880487
train,1163,tg,0.61538464,0.26530612,0.25,0.0,0.0,0.0,0.0
train,1164,tg,1.0,0.78125,0.6486486,1.0,0.00016877637,0.00016877637,0.00016877637
train,1165,tg,0.8235294,0.61538464,0.575,0.0,0.0,0.0,0.0
train,1166,tg,1.0,0.6486486,0.61538464,1.0,0.00016877637,0.00016877637,0.00016877637
train,1167,tg,0.71794873,0.6315789,0.575,0.0,0.0,0.0,0.0
train,1168,tg,0.8974359,0.55813956,0.5365854,0.0,0.0,0.0,0.00016877637
train,1169,tg,0.8974359,0.53333336,0.5116279,0.0,0.0,0.0,0.00016877637
train,1170,tg,0.5507246,0.48387095,0.48387095,0.0,0.0,0.0,0.0
train,1171,tg,0.65217394,0.65217394,0.39534885,0.0,0.0,0.0,0.0
train,1172,tg,0.65217394,0.41666666,0.4090909,0.0,0.0,0.0,0.0
train,1173,tg,0.3846154,0.3809524,0.35,0.0,0.0,0.0,0.0
train,1174,tg,0.44827586,0.4090909,0.4090909,0.0,0.0,0.0,0.0
train,1175,tg,0.5322581,0.5090909,0.4909091,0.0,0.0,0.0,0.0
train,1176,tg,1.0,0.8,0.8,1.0,0.00016877637,0.00016877637,0.00016877637
train,1177,tg,1.0,1.0,1.0,1.0,0.0010128291,0.0010128291,0.0010128291
train,1178,tg,1.0,1.0,0.8,1.0,0.0006751055,0.0006751055,0.0006751055
train,1179,tg,1.0,1.0,1.0,1.0,0.0010126582,0.0010126582,0.0010126582
train,1180,tg,1.0,1.0,1.0,1.0,0.0010126582,0.0010126582,0.0010126582
train,1181,tg,1.0,1.0,1.0,1.0,0.0010126582,0.0010126582,0.0010126582
train,1182,tg,0.73333335,0.63265306,0.5833333,0.0,0.0,0.0,0.0
train,1183,tg,0.73333335,0.5833333,0.5686275,0.0,0.0,0.0,0.0
train,1184,tg,0.76086956,0.67391306,0.6,0.0,0.0,0.0,0.0
train,1185,tg,0.76086956,0.625,0.6,0.0,0.0,0.0,0.0
train,1186,tg,0.7619048,0.625,0.6041667,0.0,0.0,0.0,0.0
train,1187,tg,0.7297297,0.46666667,0.37209302,0.0,0.0,0.0,0.0
train,1188,tg,0.7297297,0.4680851,0.35555556,0.0,0.0,0.0,0.0
train,1189,tg,0.51111114,0.4489796,0.3,0.0,0.0,0.0,0.0
train,1190,tg,0.7,0.4680851,0.4489796,0.0,0.0,0.0,0.0
train,1191,tg,0.7,0.5,0.44,0.0,0.0,0.0,0.0
train,1192,tg,0.525,0.38636363,0.33333334,0.0,0.0,0.0,0.0
train,1193,tg,0.42592594,0.26785713,0.24590164,0.0,0.0,0.0,0.0
train,1194,tg,0.33333334,0.3,0.28,0.0,0.0,0.0,0.0
train,1195,tg,0.36842105,0.36842105,0.27027026,0.0,0.0,0.0,0.0
train,1196,egc,0.38235295,0.29032257,0.23076923,0.0,0.0,0.0,0.0
train,1197,tg,0.5,0.31578946,0.3,0.0,0.0,0.0,0.0
train,1198,tg,0.8333333,0.36507937,0.34375,0.0,0.0,0.0,0.0
train,1199,tg,0.8333333,0.42592594,0.3275862,0.0,0.0,0.0,0.0
train,1200,tg,0.4,0.3617021,0.31578946,0.0,0.0,0.0,0.0
train,1201,tg,0.5,0.33333334,0.2972973,0.0,0.0,0.0,0.0
train,1202,egc,0.5,0.31578946,0.3,0.0,0.0,0.0,0.0
train,1203,egc,0.375,0.36363637,0.32,0.0,0.0,0.0,0.0
train,1204,egc,0.40625,0.25,0.23255815,0.0,0.0,0.0,0.0
train,1205,egc,1.0,0.36842105,0.36842105,1.0,0.00016877637,0.00016877637,0.00016877637
train,1206,egc,0.5714286,0.32,0.2777778,0.0,0.0,0.0,0.0
train,1207,egc,0.5714286,0.28,0.26923078,0.0,0.0,0.0,0.0
train,1208,egc,0.33333334,0.29032257,0.2580645,0.0,0.0,0.0,0.0
train,1209,egc,0.26923078,0.25,0.21621622,0.0,0.0,0.0,0.0
train,1210,tg,0.5,0.45,0.45,0.0,0.0,0.0,0.0
train,1211,tg,1.0,0.44827586,0.3939394,1.0,0.00016877637,0.00016877637,0.00016877637
train,1212,egc,0.25714287,0.22222222,0.21052632,0.0,0.0,0.0,0.0
train,1213,tg,1.0,0.575,0.45833334,1.0,0.00016877637,0.00016877637,0.00016877637
train,1214,tg,1.0,0.60465115,0.575,1.0,0.00016877637,0.00016877637,0.00016877637
train,1215,tg,0.7083333,0.4181818,0.33962265,0.0,0.0,0.0,0.0
train,1216,egc,0.85714287,0.3030303,0.27450982,0.0,0.0,0.0,0.00016877637
train,1217,egc,0.32,0.29166666,0.27272728,0.0,0.0,0.0,0.0
train,1218,tg,0.7,0.42592594,0.3888889,0.0,0.0,0.0,0.0
train,1219,tg,0.5222222,0.4177215,0.4,0.0,0.0,0.0,0.0
train,1220,tg,0.7,0.3442623,0.3164557,0.0,0.0,0.0,0.0
train,1221,tg,0.74509805,0.7307692,0.6785714,0.0,0.0,0.0,0.0
train,1222,tg,0.97727275,0.74509805,0.7169811,0.0,0.00033760973,0.00033760973,0.00033760973
train,1223,tg,0.9791667,0.7307692,0.7169811,0.0,0.00016877637,0.00016877637,0.00016877637
train,1224,tg,0.98039216,0.71929824,0.64912283,0.0,0.00016877637,0.00016877637,0.00016877637
train,1225,tg,1.0,0.9811321,0.6779661,1.0,0.0006751055,0.0006751055,0.0006751055
train,1226,tg,1.0,0.97727275,0.7169811,1.0,0.0005063291,0.0005063291,0.0005063291
train,1227,tg,1.0,0.7358491,0.7169811,1.0,0.00033760973,0.00033760973,0.00033760973
train,1228,tg,1.0,0.9811321,0.6507937,1.0,0.0005063291,0.0005063291,0.0005063291
train,1229,tg,1.0,0.97727275,0.7307692,1.0,0.0005063291,0.0005063291,0.0005063291
train,1230,tg,0.9791667,0.7358491,0.7358491,0.0,0.00016877637,0.00016877637,0.00016877637
train,1231,tg,0.98039216,0.71929824,0.6666667,0.0,0.00016877637,0.00016877637,0.00016877637
train,1232,tg,1.0,0.9811321,0.6666667,1.0,0.00050641457,0.00050641457,0.00050641457
train,1233,tg,1.0,0.9811321,0.6507937,1.0,0.0005063291,0.0005063291,0.0005063291
train,1234,tg,1.0,0.6666667,0.5714286,1.0,0.00016877637,0.00016877637,0.00016877637
train,1235,tg,0.5740741,0.5740741,0.53333336,0.0,0.0,0.0,0.0
train,1236,tg,0.7297297,0.7105263,0.7105263,0.0,0.0,0.0,0.0
train,1237,tg,0.77272725,0.70454544,0.70454544,0.0,0.0,0.0,0.0
train,1238,tg,1.0,0.6530612,0.63265306,1.0,0.00016877637,0.00016877637,0.00016877637
train,1239,tg,1.0,1.0,1.0,1.0,0.0010126582,0.0010126582,0.0010126582
train,1240,tg,1.0,1.0,1.0,1.0,0.0010126582,0.0010126582,0.0010126582
train,1241,tg,1.0,1.0,1.0,1.0,0.0010126582,0.0010126582,0.0010126582
train,1242,tg,0.972973,0.972973,0.825,0.0,0.00050641457,0.00050641457,0.00050641457
train,1243,tg,1.0,1.0,0.80487806,1.0,0.0005063291,0.0005063291,0.0005063291
train,1244,tg,1.0,1.0,0.825,1.0,0.0006751055,0.0006751055,0.0006751055
train,1245,tg,1.0,1.0,1.0,1.0,0.00084388186,0.00084388186,0.00084388186
train,1246,tg,0.67346936,0.5272727,0.5272727,0.0,0.0,0.0,0.0
train,1247,tg,0.67346936,0.61538464,0.55813956,0.0,0.0,0.0,0.0
train,1248,tg,0.754717,0.625,0.48214287,0.0,0.0,0.0,0.0
train,1249,tg,0.754717,0.7307692,0.56,0.0,0.0,0.0,0.0
train,1250,tg,1.0,0.625,0.5192308,1.0,0.00016877637,0.00016877637,0.00016877637
train,1251,tg,1.0,0.625,0.5208333,1.0,0.00016877637,0.00016877637,0.00016877637
train,1252,tg,0.34375,0.33333334,0.25,0.0,0.0,0.0,0.0
train,1253,tg,1.0,0.3653846,0.33333334,1.0,0.00016877637,0.00016877637,0.00016877637
train,1254,tg,0.2857143,0.28333333,0.27906978,0.0,0.0,0.0,0.0
train,1255,tg,1.0,0.5675676,0.5675676,1.0,0.00016877637,0.00016877637,0.00016877637
train,1256,tg,1.0,1.0,1.0,1.0,0.00084388186,0.00084388186,0.00084388186
train,1257,tg,0.7096774,0.7096774,0.7096774,0.0,0.0,0.0,0.0
train,1258,tg,1.0,0.4680851,0.45454547,1.0,0.00016877637,0.00016877637,0.00016877637
train,1259,tg,0.53061223,0.42592594,0.3653846,0.0,0.0,0.0,0.0
train,1260,tg,0.5,0.4390244,0.35849056,0.0,0.0,0.0,0.0
train,1261,tg,0.3529412,0.34285715,0.29032257,0.0,0.0,0.0,0.0
train,1262,tg,0.6052632,0.54347825,0.425,0.0,0.0,0.0,0.0
train,1263,tg,0.56666666,0.4375,0.2647059,0.0,0.0,0.0,0.0
train,1264,tg,0.52380955,0.43137255,0.3529412,0.0,0.0,0.0,0.0
train,1265,tg,0.52380955,0.34615386,0.28301886,0.0,0.0,0.0,0.0
train,1266,tg,0.5,0.34615386,0.3148148,0.0,0.0,0.0,0.0
train,1267,tg,0.5744681,0.5609756,0.39534885,0.0,0.0,0.0,0.0
train,1268,tg,1.0,0.6052632,0.47826087,1.0,0.00016877637,0.00016877637,0.00016877637
train,1269,tg,0.9705882,0.44444445,0.4318182,0.0,0.00016877637,0.00016877637,0.00016877637
train,1270,tg,0.9705882,0.45454547,0.45454547,0.0,0.00016877637,0.00016877637,0.00016877637
train,1271,tg,0.5744681,0.54347825,0.42222223,0.0,0.0,0.0,0.0
train,1272,tg,0.29411766,0.25,0.23333333,0.0,0.0,0.0,0.0
train,1273,tg,0.3653846,0.3125,0.29411766,0.0,0.0,0.0,0.0
train,1274,tg,0.24242425,0.22222222,0.21428572,0.0,0.0,0.0,0.0
train,1275,tg,1.0,0.32258064,0.3125,1.0,0.00016877637,0.00016877637,0.00016877637
train,1276,tg,1.0,0.36842105,0.36842105,1.0,0.00016877637,0.00016877637,0.00016877637
train,1277,tg,0.3448276,0.2647059,0.25,0.0,0.0,0.0,0.0
train,1278,tg,0.3448276,0.30769232,0.25714287,0.0,0.0,0.0,0.0
train,1279,tg,0.33333334,0.32142857,0.26086956,0.0,0.0,0.0,0.0
train,1280,tg,0.2857143,0.25,0.23529412,0.0,0.0,0.0,0.0
train,1281,egb,0.33333334,0.27272728,0.22222222,0.0,0.0,0.0,0.0
train,1282,egc,0.29166666,0.2857143,0.2857143,0.0,0.0,0.0,0.0
train,1283,egc,0.43243244,0.3783784,0.3,0.0,0.0,0.0,0.0
train,1284,egc,0.46666667,0.41025642,0.39583334,0.0,0.0,0.0,0.0
train,1285,egc,0.4848485,0.42105263,0.3939394,0.0,0.0,0.0,0.0
train,1286,egc,0.4848485,0.41025642,0.3617021,0.0,0.0,0.0,0.0
train,1287,egc,0.5625,0.40625,0.37142858,0.0,0.0,0.0,0.0
train,1288,egc,0.54545456,0.4651163,0.36585367,0.0,0.0,0.0,0.0
train,1289,egc,0.5625,0.3888889,0.3809524,0.0,0.0,0.0,0.0
train,1290,egc,0.5483871,0.4848485,0.41025642,0.0,0.0,0.0,0.0
train,1291,egc,0.41025642,0.33333334,0.325,0.0,0.0,0.0,0.0
train,1292,egc,0.4848485,0.43243244,0.42424244,0.0,0.0,0.0,0.0
train,1293,egc,0.43333334,0.42424244,0.3529412,0.0,0.0,0.0,0.0
train,1294,egc,0.43333334,0.40625,0.37142858,0.0,0.0,0.0,0.0
train,1295,tg,1.0,0.42307693,0.33333334,1.0,0.00016877637,0.00016877637,0.00016877637
train,1296,egc,1.0,0.42307693,0.33333334,1.0,0.00016877637,0.00016877637,0.00016877637
train,1297,egc,0.53488374,0.4888889,0.44186047,0.0,0.0,0.0,0.0
train,1298,egc,0.4893617,0.4716981,0.44186047,0.0,0.0,0.0,0.0
train,1299,egc,0.2647059,0.24324325,0.23076923,0.0,0.0,0.0,0.0
train,1300,egc,0.45833334,0.44,0.42857143,0.0,0.0,0.0,0.0
train,1301,tg,0.5882353,0.5555556,0.44444445,0.0,0.0,0.0,0.0
train,1302,tg,0.5945946,0.5135135,0.48387095,0.0,0.0,0.0,0.0
train,1303,tg,0.5777778,0.49056605,0.44444445,0.0,0.0,0.0,0.0
train,1304,tg,0.5945946,0.45454547,0.40425533,0.0,0.0,0.0,0.0
train,1305,tg,0.45454547,0.3846154,0.34042552,0.0,0.0,0.0,0.0
train,1306,egc,0.57575756,0.46875,0.4390244,0.0,0.0,0.0,0.0
train,1307,egc,0.47727272,0.3809524,0.35555556,0.0,0.0,0.0,0.0
train,1308,egc,0.33333334,0.26086956,0.25,0.0,0.0,0.0,0.0
train,1309,egb,0.375,0.3181818,0.3,0.0,0.0,0.0,0.0
train,1310,egc,0.375,0.3181818,0.3,0.0,0.0,0.0,0.0
train,1311,egc,0.6363636,0.41304347,0.41304347,0.0,0.0,0.0,0.0
train,1312,egc,0.52,0.45833334,0.4,0.0,0.0,0.0,0.0
train,1313,egc,0.62857145,0.53125,0.4722222,0.0,0.0,0.0,0.0
train,1314,egb,0.62857145,0.5777778,0.5135135,0.0,0.0,0.0,0.0
train,1315,egc,0.62857145,0.5777778,0.5135135,0.0,0.0,0.0,0.0
train,1316,egc,0.52,0.5,0.42424244,0.0,0.0,0.0,0.0
train,1317,tg,0.57575756,0.5507246,0.43835616,0.0,0.0,0.0,0.0
train,1318,egc,0.45833334,0.32258064,0.2777778,0.0,0.0,0.0,0.0
train,1319,tg,0.45833334,0.32258064,0.2777778,0.0,0.0,0.0,0.0
train,1320,egc,0.33333334,0.24242425,0.23684211,0.0,0.0,0.0,0.0
train,1321,egc,0.78125,0.7058824,0.6111111,0.0,0.0,0.0,0.0
train,1322,egb,1.0,0.78125,0.5641026,1.0,0.00016877637,0.00016877637,0.00016877637
train,1323,egc,1.0,0.6486486,0.61538464,1.0,0.00016880487,0.00016880487,0.00016880487
train,1324,egc,0.7352941,0.43636364,0.41666666,0.0,0.0,0.0,0.0
train,1325,egb,0.65217394,0.41666666,0.4090909,0.0,0.0,0.0,0.0
train,1326,egc,0.65217394,0.41666666,0.4090909,0.0,0.0,0.0,0.0
train,1327,egc,0.51282054,0.35714287,0.2777778,0.0,0.0,0.0,0.0
train,1328,egc,1.0,0.31914893,0.27272728,1.0,0.00016877637,0.00016877637,0.00016877637
train,1329,egc,0.35714287,0.29268292,0.27083334,0.0,0.0,0.0,0.0
train,1330,egc,1.0,0.8,0.8,1.0,0.00016880487,0.00016880487,0.00016880487
train,1331,egb,1.0,1.0,0.8,1.0,0.0006751055,0.0006751055,0.0006751055
train,1332,egc,1.0,1.0,0.8,1.0,0.0006751055,0.0006751055,0.0006751055
train,1333,egc,0.6530612,0.6041667,0.5882353,0.0,0.0,0.0,0.0
train,1334,egc,0.7619048,0.65217394,0.6041667,0.0,0.0,0.0,0.0
train,1335,egc,0.76086956,0.63265306,0.5882353,0.0,0.0,0.0,0.0
train,1336,egc,0.46875,0.3783784,0.35897437,0.0,0.0,0.0,0.0
train,1337,egb,0.47058824,0.3783784,0.33333334,0.0,0.0,0.0,0.0
train,1338,egc,0.47058824,0.3783784,0.33333334,0.0,0.0,0.0,0.0
train,1339,egc,0.47058824,0.46875,0.36842105,0.0,0.0,0.0,0.0
train,1340,egc,1.0,0.44827586,0.3939394,1.0,0.00016877637,0.00016877637,0.00016877637
train,1341,egc,0.25,0.23333333,0.22222222,0.0,0.0,0.0,0.0
train,1342,egc,0.4090909,0.39130434,0.375,0.0,0.0,0.0,0.0
train,1343,egc,0.64705884,0.6111111,0.57894737,0.0,0.0,0.0,0.0
train,1344,tg,0.64705884,0.6111111,0.57894737,0.0,0.0,0.0,0.0
train,1345,tg,0.54761904,0.48,0.37777779,0.0,0.0,0.0,0.0
train,1346,egc,0.8235294,0.7777778,0.64705884,0.0,0.0,0.0,0.0
train,1347,egb,0.9411765,0.9411765,0.64,0.0,0.0,0.0005063291,0.0005063291
train,1348,egc,0.9411765,0.9411765,0.64,0.0,0.0,0.0005063291,0.0005063291
train,1349,tg,1.0,0.7777778,0.56,1.0,0.00016877637,0.00016877637,0.00016877637
train,1350,egc,1.0,0.7777778,0.56,1.0,0.00016877637,0.00016877637,0.00016877637
train,1351,egc,1.0,0.9411765,0.7777778,1.0,0.00033755274,0.0006751055,0.0006751055
train,1352,tg,1.0,0.7777778,0.68,1.0,0.00033755274,0.00033755274,0.00033755274
train,1353,egc,1.0,0.9411765,0.68,1.0,0.00016880487,0.00050641457,0.00050641457
train,1354,tg,1.0,0.9411765,0.68,1.0,0.00016880487,0.00050641457,0.00050641457
train,1355,tg,0.7407407,0.36363637,0.34,0.0,0.0,0.0,0.0
train,1356,tg,1.0,0.7777778,0.68,1.0,0.00033755274,0.00033755274,0.00033755274
train,1357,egc,1.0,0.7777778,0.68,1.0,0.00033755274,0.00033755274,0.00033755274
train,1358,egc,0.53846157,0.53846157,0.53846157,0.0,0.0,0.0,0.0
train,1359,egc,0.35135135,0.3448276,0.32352942,0.0,0.0,0.0,0.0
train,1360,egc,0.4883721,0.4883721,0.475,0.0,0.0,0.0,0.0
train,1361,egc,0.5625,0.4888889,0.475,0.0,0.0,0.0,0.0
train,1362,egc,0.6,0.6,0.5,0.0,0.0,0.0,0.0
train,1363,egc,1.0,0.67391306,0.5405405,1.0,0.00033755274,0.00033755274,0.00033755274
train,1364,egc,0.3809524,0.3488372,0.3137255,0.0,0.0,0.0,0.0
train,1365,egc,0.4814815,0.36,0.3548387,0.0,0.0,0.0,0.0
train,1366,egc,1.0,0.40384614,0.40384614,1.0,0.00016877637,0.00016877637,0.00016877637
train,1367,egc,1.0,0.40425533,0.40425533,1.0,0.00016877637,0.00016877637,0.00016877637
train,1368,egc,0.45945945,0.3617021,0.3243243,0.0,0.0,0.0,0.0
train,1369,egc,0.45945945,0.3617021,0.31428573,0.0,0.0,0.0,0.0
train,1370,egb,1.0,0.5,0.5,1.0,0.00016877637,0.00016877637,0.00016877637
train,1371,egc,1.0,0.5,0.5,1.0,0.00016877637,0.00016877637,0.00016877637
train,1372,egc,1.0,0.7,0.5,1.0,0.00033760973,0.00033760973,0.00033760973
train,1373,egc,0.47058824,0.40625,0.39473686,0.0,0.0,0.0,0.0
train,1374,egc,0.75,0.5,0.3783784,0.0,0.0,0.0,0.0
train,1375,egc,0.75,0.6086956,0.45945945,0.0,0.0,0.0,0.0
train,1376,egc,0.93333334,0.44444445,0.42424244,0.0,0.0,0.00016877637,0.00016877637
train,1377,egc,0.93333334,0.47058824,0.42222223,0.0,0.0,0.00016880487,0.00016880487
train,1378,egc,0.4489796,0.42105263,0.4,0.0,0.0,0.0,0.0
train,1379,egc,0.55813956,0.42222223,0.3409091,0.0,0.0,0.0,0.0
train,1380,egc,0.7878788,0.55813956,0.35,0.0,0.0,0.0,0.0
train,1381,egc,0.37288135,0.33898306,0.33333334,0.0,0.0,0.0,0.0
train,1382,egc,0.73170733,0.53571427,0.3508772,0.0,0.0,0.0,0.0
train,1383,egc,0.8611111,0.50980395,0.34146342,0.0,0.0,0.0,0.00016877637
train,1384,egc,0.8611111,0.5416667,0.45833334,0.0,0.0,0.0,0.00016877637
train,1385,egc,0.57894737,0.57894737,0.57894737,0.0,0.0,0.0,0.0
train,1386,egc,0.8095238,0.60465115,0.44,0.0,0.0,0.0,0.0
train,1387,egc,0.8095238,0.50980395,0.42857143,0.0,0.0,0.0,0.0
train,1388,egc,0.36956522,0.33333334,0.3125,0.0,0.0,0.0,0.0
train,1389,egb,0.8181818,0.3448276,0.30769232,0.0,0.0,0.0,0.0
train,1390,egc,0.8181818,0.4375,0.375,0.0,0.0,0.0,0.0
train,1391,egc,0.6875,0.6875,0.6875,0.0,0.0,0.0,0.0
train,1392,egc,0.64285713,0.6111111,0.6052632,0.0,0.0,0.0,0.0
train,1393,egc,0.64444447,0.61702126,0.61702126,0.0,0.0,0.0,0.0
train,1394,egc,0.7222222,0.47272727,0.4375,0.0,0.0,0.0,0.0
train,1395,egc,0.7222222,0.52272725,0.4651163,0.0,0.0,0.0,0.0
train,1396,egc,0.85714287,0.85714287,0.85714287,0.0,0.0,0.0,0.00084388186
train,1397,egc,1.0,1.0,0.85714287,1.0,0.00067521946,0.00067521946,0.0008440243
train,1398,egc,1.0,1.0,1.0,1.0,0.00084388186,0.00084388186,0.0010126582
train,1399,egc,1.0,1.0,0.85714287,1.0,0.0006751055,0.0006751055,0.00084388186
train,1400,egc,0.42857143,0.42857143,0.42857143,0.0,0.0,0.0,0.0
train,1401,egb,0.5,0.5,0.4,0.0,0.0,0.0,0.0
train,1402,egc,0.6666667,0.6060606,0.5483871,0.0,0.0,0.0,0.0
train,1403,egc,1.0,0.6216216,0.6216216,1.0,0.00016877637,0.00016877637,0.00016877637
train,1404,egb,0.5,0.4090909,0.36842105,0.0,0.0,0.0,0.0
train,1405,egc,0.5,0.4090909,0.36842105,0.0,0.0,0.0,0.0
train,1406,egc,1.0,0.38181818,0.37254903,1.0,0.00016877637,0.00016877637,0.00016877637
train,1407,egc,0.65384614,0.61538464,0.61538464,0.0,0.0,0.0,0.0
train,1408,egb,1.0,0.61290324,0.55172414,1.0,0.00016877637,0.00016877637,0.00016877637
train,1409,egc,0.5882353,0.54545456,0.54285717,0.0,0.0,0.0,0.0
train,1410,egb,0.6896552,0.58064514,0.55172414,0.0,0.0,0.0,0.0
train,1411,egc,0.6896552,0.58064514,0.55172414,0.0,0.0,0.0,0.0
train,1412,egb,1.0,0.7037037,0.6666667,1.0,0.00016877637,0.00016877637,0.00016877637
train,1413,egc,0.8,0.51428574,0.5,0.0,0.0,0.0,0.0
train,1414,egb,1.0,0.67741936,0.6315789,1.0,0.00016877637,0.00016877637,0.00016877637
train,1415,egc,1.0,0.67741936,0.6315789,1.0,0.00016877637,0.00016877637,0.00016877637
train,1416,egc,1.0,0.7241379,0.7037037,1.0,0.00016877637,0.00016877637,0.00016877637
train,1417,egc,0.71428573,0.6896552,0.625,0.0,0.0,0.0,0.0
train,1418,egb,1.0,0.67741936,0.6060606,1.0,0.00016880487,0.00016880487,0.00016880487
train,1419,egc,1.0,0.62857145,0.61538464,1.0,0.00016877637,0.00016877637,0.00016877637
train,1420,egc,0.975,0.95,0.66101694,0.0,0.00033755274,0.0005063291,0.0006751055
train,1421,egc,0.6451613,0.6111111,0.6,0.0,0.0,0.0,0.0
train,1422,egb,1.0,0.7948718,0.61764705,1.0,0.00016880487,0.00016880487,0.00016880487
train,1423,egc,1.0,0.7948718,0.61764705,1.0,0.00016880487,0.00016880487,0.00016880487
train,1424,egc,0.7297297,0.65,0.58536583,0.0,0.0,0.0,0.0
train,1425,egc,1.0,0.64285713,0.61904764,1.0,0.00016880487,0.00016880487,0.00016880487
train,1426,egc,1.0,0.78846157,0.59615386,1.0,0.00016877637,0.00016877637,0.00016877637
train,1427,egc,0.54761904,0.53333336,0.5135135,0.0,0.0,0.0,0.0
train,1428,egc,0.6944444,0.6585366,0.6315789,0.0,0.0,0.0,0.0
train,1429,egb,0.8,0.7567568,0.6944444,0.0,0.0,0.0,0.0
train,1430,egc,0.8,0.7567568,0.6944444,0.0,0.0,0.0,0.0
train,1431,egc,0.6551724,0.6296296,0.5925926,0.0,0.0,0.0,0.0
train,1432,egc,0.7692308,0.62068963,0.5862069,0.0,0.0,0.0,0.0
train,1433,egc,0.5,0.45454547,0.44444445,0.0,0.0,0.0,0.0
train,1434,egc,1.0,0.44444445,0.42857143,1.0,0.00016877637,0.00016877637,0.00016877637
train,1435,egc,1.0,0.6296296,0.5714286,1.0,0.00016877637,0.00016877637,0.00016877637
train,1436,egc,0.7407407,0.6896552,0.6896552,0.0,0.0,0.0,0.0
train,1437,egc,0.89285713,0.76666665,0.7058824,0.0,0.0,0.0,0.00016880487
train,1438,egb,1.0,0.8518519,0.71428573,1.0,0.00016877637,0.00016877637,0.0006751055
train,1439,egc,0.8518519,0.76666665,0.6896552,0.0,0.0,0.0,0.00033755274
train,1440,egc,1.0,0.6333333,0.5862069,1.0,0.00016877637,0.00016877637,0.00016877637
train,1441,egb,1.0,0.7352941,0.61764705,1.0,0.00016877637,0.00016877637,0.00016877637
train,1442,egc,1.0,0.7352941,0.61764705,1.0,0.00016877637,0.00016877637,0.00016877637
train,1443,egc,0.5714286,0.5714286,0.5714286,0.0,0.0,0.0,0.0
train,1444,eea,1.0,0.5714286,0.45454547,1.0,0.00016877637,0.00016877637,0.00016877637
train,1445,ei,1.0,0.5714286,0.45454547,1.0,0.00016877637,0.00016877637,0.00016877637
train,1446,eps,1.0,0.5714286,0.45454547,1.0,0.00016877637,0.00016877637,0.00016877637
train,1447,nc,1.0,0.5714286,0.45454547,1.0,0.00016877637,0.00016877637,0.00016877637
train,1448,egc,0.36842105,0.36842105,0.33333334,0.0,0.0,0.0,0.0
train,1449,eea,0.5,0.47058824,0.44444445,0.0,0.0,0.0,0.0
train,1450,egb,0.5,0.47058824,0.44444445,0.0,0.0,0.0,0.0
train,1451,ei,0.5,0.47058824,0.44444445,0.0,0.0,0.0,0.0
train,1452,eps,0.5,0.47058824,0.44444445,0.0,0.0,0.0,0.0
train,1453,nc,0.5,0.47058824,0.44444445,0.0,0.0,0.0,0.0
train,1454,egc,1.0,0.52380955,0.33333334,1.0,0.00016877637,0.00016877637,0.00016877637
train,1455,egc,0.5217391,0.48,0.45833334,0.0,0.0,0.0,0.0
train,1456,egc,0.5769231,0.45454547,0.44117647,0.0,0.0,0.0,0.0
train,1457,egc,0.52380955,0.43589744,0.4047619,0.0,0.0,0.0,0.0
train,1458,egc,0.6,0.5769231,0.53571427,0.0,0.0,0.0,0.0
train,1459,egc,0.72,0.5555556,0.5483871,0.0,0.0,0.0,0.0
train,1460,egc,0.6111111,0.5,0.4848485,0.0,0.0,0.0,0.0
train,1461,egc,0.72,0.58064514,0.51724136,0.0,0.0,0.0,0.0
train,1462,egc,0.6111111,0.51282054,0.4871795,0.0,0.0,0.0,0.0
train,1463,egb,0.6363636,0.5833333,0.43243244,0.0,0.0,0.0,0.0
train,1464,egb,0.6923077,0.5833333,0.5714286,0.0,0.0,0.0,0.0
train,1465,egc,0.6923077,0.5833333,0.5714286,0.0,0.0,0.0,0.0
train,1466,egc,0.6923077,0.60714287,0.53571427,0.0,0.0,0.0,0.0
train,1467,egc,0.5882353,0.5151515,0.5,0.0,0.0,0.0,0.0
train,1468,egc,1.0,0.6551724,0.4722222,1.0,0.00033755274,0.00033755274,0.00033755274
train,1469,egc,1.0,0.6666667,0.6666667,1.0,0.00016877637,0.00016877637,0.00016877637
train,1470,egc,0.8,0.61538464,0.60714287,0.0,0.0,0.0,0.0
train,1471,egb,1.0,0.86206895,0.7352941,1.0,0.00033755274,0.00033755274,0.0005063291
train,1472,egc,1.0,0.86206895,0.7352941,1.0,0.00033755274,0.00033755274,0.0005063291
train,1473,egc,0.86206895,0.86206895,0.75,0.0,0.0,0.0,0.0006751055
train,1474,egb,0.90625,0.75757575,0.7352941,0.0,0.0,0.00016880487,0.00016880487
train,1475,egc,0.90625,0.75757575,0.7352941,0.0,0.0,0.00016880487,0.00016880487
train,1476,egc,0.78125,0.7352941,0.6875,0.0,0.0,0.0,0.0
train,1477,egc,0.6363636,0.6111111,0.6,0.0,0.0,0.0,0.0
train,1478,egc,0.5555556,0.53571427,0.53571427,0.0,0.0,0.0,0.0
train,1479,egc,0.61764705,0.55263156,0.53125,0.0,0.0,0.0,0.0
train,1480,egc,1.0,0.96153843,0.88461536,1.0,0.0006751055,0.0006751055,0.00084388186
train,1481,egc,0.65,0.6052632,0.55263156,0.0,0.0,0.0,0.0
train,1482,egc,1.0,0.67741936,0.65625,1.0,0.00016877637,0.00016877637,0.00033755274
train,1483,egb,0.71875,0.64705884,0.6363636,0.0,0.0,0.0,0.0
train,1484,egc,1.0,0.5862069,0.5862069,1.0,0.00016880487,0.00016880487,0.00016880487
train,1485,egc,1.0,0.46341464,0.45238096,1.0,0.00016877637,0.00016877637,0.00016877637
train,1486,egc,0.7222222,0.61764705,0.5135135,0.0,0.0,0.0,0.0
train,1487,egc,0.6585366,0.64444447,0.6304348,0.0,0.0,0.0,0.0
train,1488,egc,0.84375,0.71875,0.6571429,0.0,0.0,0.0,0.0
train,1489,egc,0.75,0.7058824,0.6764706,0.0,0.0,0.0,0.0
train,1490,egc,1.0,0.4878049,0.4878049,1.0,0.00016877637,0.00016877637,0.00016877637
train,1491,egc,1.0,0.625,0.55263156,1.0,0.00016877637,0.00016877637,0.00016877637
train,1492,egc,0.6363636,0.625,0.4878049,0.0,0.0,0.0,0.0
train,1493,egc,0.5151515,0.4871795,0.4722222,0.0,0.0,0.0,0.0
train,1494,egc,0.4047619,0.38297874,0.37254903,0.0,0.0,0.0,0.0
train,1495,egc,0.55,0.36363637,0.36363637,0.0,0.0,0.0,0.0
train,1496,egc,0.57894737,0.4117647,0.4117647,0.0,0.0,0.0,0.0
train,1497,egb,1.0,0.5,0.47826087,1.0,0.00016877637,0.00016877637,0.00016877637
train,1498,egb,1.0,0.5555556,0.5,1.0,0.00016877637,0.00016877637,0.00016877637
train,1499,egc,1.0,0.5263158,0.5,1.0,0.00016880487,0.00016880487,0.00016880487
train,1500,egb,0.68421054,0.61904764,0.61904764,0.0,0.0,0.0,0.0
train,1501,egc,0.68421054,0.61904764,0.61904764,0.0,0.0,0.0,0.0
train,1502,egc,0.5925926,0.4,0.38709676,0.0,0.0,0.0,0.0
train,1503,egc,0.64285713,0.42857143,0.39285713,0.0,0.0,0.0,0.0
train,1504,egc,0.44444445,0.44444445,0.4375,0.0,0.0,0.0,0.0
train,1505,egb,0.5,0.44444445,0.44444445,0.0,0.0,0.0,0.0
train,1506,egc,0.5,0.44444445,0.44444445,0.0,0.0,0.0,0.0
train,1507,egb,0.42857143,0.42857143,0.42857143,0.0,0.0,0.0,0.0
train,1508,ei,0.42857143,0.42857143,0.42857143,0.0,0.0,0.0,0.0
train,1509,eps,0.42857143,0.42857143,0.42857143,0.0,0.0,0.0,0.0
train,1510,egc,1.0,0.42857143,0.42857143,1.0,0.00016877637,0.00016877637,0.00016877637
train,1511,egb,1.0,0.30555555,0.27906978,1.0,0.00016880487,0.00016880487,0.00016880487
train,1512,egc,0.64285713,0.2820513,0.2631579,0.0,0.0,0.0,0.0
train,1513,egc,0.7037037,0.6923077,0.6296296,0.0,0.0,0.0,0.0
train,1514,egc,1.0,0.7586207,0.7037037,1.0,0.00016877637,0.00016877637,0.00016877637
train,1515,egb,0.5,0.47058824,0.4375,0.0,0.0,0.0,0.0
train,1516,egc,0.5,0.47058824,0.4375,0.0,0.0,0.0,0.0
train,1517,egc,0.6923077,0.5555556,0.5555556,0.0,0.0,0.0,0.0
train,1518,egc,0.58064514,0.516129,0.4516129,0.0,0.0,0.0,0.0
train,1519,egb,1.0,0.5151515,0.5,1.0,0.00016877637,0.00016877637,0.00016877637
train,1520,egc,1.0,0.5151515,0.5,1.0,0.00016877637,0.00016877637,0.00016877637
train,1521,egc,1.0,0.7222222,0.6666667,1.0,0.00016877637,0.00016877637,0.00016877637
train,1522,egc,0.7222222,0.68421054,0.6666667,0.0,0.0,0.0,0.0
train,1523,egc,1.0,0.6857143,0.5945946,1.0,0.00016877637,0.00016877637,0.00016877637
train,1524,egc,0.6571429,0.575,0.55,0.0,0.0,0.0,0.0
train,1525,egb,1.0,0.5769231,0.5555556,1.0,0.00016880487,0.00016880487,0.00016880487
train,1526,egc,1.0,0.5769231,0.5555556,1.0,0.00016880487,0.00016880487,0.00016880487
train,1527,egc,0.4,0.39130434,0.39130434,0.0,0.0,0.0,0.0
train,1528,egc,0.51724136,0.5,0.48387095,0.0,0.0,0.0,0.0
train,1529,egc,1.0,0.95454544,0.5,1.0,0.0005063291,0.0005063291,0.0005063291
train,1530,egc,1.0,0.95454544,0.5,1.0,0.0005063291,0.0005063291,0.0005063291
train,1531,egc,0.5,0.4814815,0.4814815,0.0,0.0,0.0,0.0
train,1532,egc,0.6875,0.43103448,0.375,0.0,0.0,0.0,0.0
train,1533,egc,0.4848485,0.44444445,0.42857143,0.0,0.0,0.0,0.0
train,1534,egc,0.4347826,0.36363637,0.35,0.0,0.0,0.0,0.0
train,1535,egc,1.0,0.5135135,0.375,1.0,0.00016877637,0.00016877637,0.00016877637
train,1536,egc,1.0,0.60714287,0.5,1.0,0.00016877637,0.00016877637,0.00016877637
train,1537,egc,0.6764706,0.4857143,0.45238096,0.0,0.0,0.0,0.0
train,1538,egc,1.0,0.775,0.6,1.0,0.00016877637,0.00016877637,0.00016877637
train,1539,egc,1.0,0.775,0.68292683,1.0,0.00016877637,0.00016877637,0.00016877637
train,1540,egc,1.0,0.64102566,0.5555556,1.0,0.00016877637,0.00016877637,0.00016877637
train,1541,egb,0.7647059,0.65,0.6,0.0,0.0,0.0,0.0
train,1542,egc,0.67741936,0.6571429,0.5555556,0.0,0.0,0.0,0.0
train,1543,egc,1.0,0.68292683,0.51111114,1.0,0.00016877637,0.00016877637,0.00016877637
train,1544,egc,1.0,0.71428573,0.55172414,1.0,0.00016877637,0.00016877637,0.00016877637
train,1545,egc,0.55172414,0.5,0.47058824,0.0,0.0,0.0,0.0
train,1546,egc,1.0,1.0,0.6486486,1.0,0.0005063291,0.0005063291,0.0005063291
train,1547,egc,0.56666666,0.5555556,0.5555556,0.0,0.0,0.0,0.0
train,1548,egc,0.6060606,0.47058824,0.42857143,0.0,0.0,0.0,0.0
train,1549,egc,0.6,0.6,0.5769231,0.0,0.0,0.0,0.0
train,1550,egc,0.5,0.47058824,0.4375,0.0,0.0,0.0,0.0
train,1551,egc,0.5555556,0.516129,0.5,0.0,0.0,0.0,0.0
train,1552,egc,1.0,0.6,0.54285717,1.0,0.00016880487,0.00016880487,0.00016880487
train,1553,egc,0.5,0.42857143,0.4,0.0,0.0,0.0,0.0
train,1554,egc,0.53846157,0.53846157,0.53571427,0.0,0.0,0.0,0.0
train,1555,egc,1.0,0.38709676,0.38709676,1.0,0.00016877637,0.00016877637,0.00016877637
train,1556,egc,0.4473684,0.3902439,0.35714287,0.0,0.0,0.0,0.0
train,1557,egc,0.45945945,0.35714287,0.34210527,0.0,0.0,0.0,0.0
train,1558,egc,0.44444445,0.41025642,0.35135135,0.0,0.0,0.0,0.0
train,1559,egc,0.45945945,0.44444445,0.35,0.0,0.0,0.0,0.0
train,1560,egc,0.42857143,0.42857143,0.42857143,0.0,0.0,0.0,0.0
train,1561,eea,0.45833334,0.45833334,0.4347826,0.0,0.0,0.0,0.0
train,1562,egb,0.45833334,0.45833334,0.4347826,0.0,0.0,0.0,0.0
train,1563,ei,0.45833334,0.45833334,0.4347826,0.0,0.0,0.0,0.0
train,1564,eps,0.45833334,0.45833334,0.4347826,0.0,0.0,0.0,0.0
train,1565,egc,0.6060606,0.6060606,0.57575756,0.0,0.0,0.0,0.0
train,1566,eea,0.5,0.5,0.45833334,0.0,0.0,0.0,0.0
train,1567,egb,0.5,0.5,0.45833334,0.0,0.0,0.0,0.0
train,1568,ei,0.5,0.5,0.45833334,0.0,0.0,0.0,0.0
train,1569,eps,0.5,0.5,0.45833334,0.0,0.0,0.0,0.0
train,1570,nc,0.62068963,0.62068963,0.62068963,0.0,0.0,0.0,0.0
train,1571,egc,1.0,0.68,0.68,1.0,0.00033755274,0.00033755274,0.00033755274
train,1572,egc,1.0,1.0,0.61538464,1.0,0.0005063291,0.0005063291,0.0005063291
train,1573,egc,1.0,1.0,0.64705884,1.0,0.0005063291,0.0005063291,0.0005063291
train,1574,egc,0.71428573,0.58064514,0.5625,0.0,0.0,0.0,0.0
train,1575,egc,1.0,1.0,0.64705884,1.0,0.00050641457,0.00050641457,0.00050641457
train,1576,egc,0.64705884,0.6,0.6,0.0,0.0,0.0,0.0
train,1577,eea,1.0,0.6,0.4347826,1.0,0.00016877637,0.00016877637,0.00016877637
train,1578,egb,1.0,0.6,0.4347826,1.0,0.00016877637,0.00016877637,0.00016877637
train,1579,ei,1.0,0.6,0.4347826,1.0,0.00016877637,0.00016877637,0.00016877637
train,1580,eps,1.0,0.6,0.4347826,1.0,0.00016877637,0.00016877637,0.00016877637
train,1581,nc,1.0,0.6,0.4347826,1.0,0.00016877637,0.00016877637,0.00016877637
train,1582,eea,1.0,0.6,0.6,1.0,0.00016880487,0.00016880487,0.00016880487
train,1583,eps,1.0,0.6,0.6,1.0,0.00016880487,0.00016880487,0.00016880487
train,1584,nc,1.0,0.6,0.6,1.0,0.00016880487,0.00016880487,0.00016880487
train,1585,egc,1.0,1.0,1.0,1.0,0.00084388186,0.00084388186,0.00084388186
train,1586,egc,1.0,1.0,0.55,1.0,0.0005063291,0.0005063291,0.0005063291
train,1587,egc,1.0,1.0,0.5,1.0,0.0005063291,0.0005063291,0.0005063291
train,1588,ei,0.45454547,0.45454547,0.45454547,0.0,0.0,0.0,0.0
train,1589,nc,0.45454547,0.45454547,0.45454547,0.0,0.0,0.0,0.0
train,1590,eea,1.0,0.5,0.4857143,1.0,0.00016877637,0.00016877637,0.00016877637
train,1591,ei,1.0,0.5,0.4857143,1.0,0.00016877637,0.00016877637,0.00016877637
train,1592,eps,1.0,0.5,0.4857143,1.0,0.00016877637,0.00016877637,0.00016877637
train,1593,eea,0.4857143,0.4857143,0.4857143,0.0,0.0,0.0,0.0
train,1594,nc,0.4857143,0.4857143,0.4857143,0.0,0.0,0.0,0.0
train,1595,egc,0.5555556,0.5555556,0.5555556,0.0,0.0,0.0,0.0
train,1596,ei,0.5555556,0.5555556,0.5555556,0.0,0.0,0.0,0.0
train,1597,egb,1.0,0.61904764,0.61904764,1.0,0.00016877637,0.00016877637,0.00016877637
train,1598,ei,1.0,0.61904764,0.61904764,1.0,0.00016877637,0.00016877637,0.00016877637
train,1599,nc,1.0,0.61904764,0.61904764,1.0,0.00016877637,0.00016877637,0.00016877637
train,1600,eea,1.0,0.61904764,0.54545456,1.0,0.00016880487,0.00016880487,0.00016880487
train,1601,egb,1.0,0.61904764,0.54545456,1.0,0.00016880487,0.00016880487,0.00016880487
train,1602,ei,1.0,0.61904764,0.54545456,1.0,0.00016880487,0.00016880487,0.00016880487
train,1603,nc,1.0,0.61904764,0.54545456,1.0,0.00016880487,0.00016880487,0.00016880487
train,1604,egc,1.0,1.0,0.5263158,1.0,0.00050641457,0.00050641457,0.00050641457
train,1605,egc,1.0,1.0,0.61904764,1.0,0.0006751055,0.0006751055,0.0006751055
train,1606,egc,1.0,1.0,0.5714286,1.0,0.0005063291,0.0005063291,0.0005063291
train,1607,egc,1.0,1.0,0.4848485,1.0,0.0005063291,0.0005063291,0.0005063291
train,1608,egc,0.5217391,0.5217391,0.5217391,0.0,0.0,0.0,0.0
train,1609,egc,1.0,0.61764705,0.5833333,1.0,0.00016880487,0.00016880487,0.00016880487
train,1610,egc,1.0,0.61764705,0.6,1.0,0.00033755274,0.00033755274,0.00033755274
train,1611,egc,0.7105263,0.5833333,0.4883721,0.0,0.0,0.0,0.0
train,1612,eea,1.0,0.5714286,0.5277778,1.0,0.00016877637,0.00016877637,0.00016877637
train,1613,eps,1.0,0.5714286,0.5277778,1.0,0.00016877637,0.00016877637,0.00016877637
train,1614,nc,1.0,0.5714286,0.5277778,1.0,0.00016877637,0.00016877637,0.00016877637
train,1615,eea,1.0,0.61290324,0.61290324,1.0,0.00016877637,0.00016877637,0.00016877637
train,1616,egb,1.0,0.61290324,0.61290324,1.0,0.00016877637,0.00016877637,0.00016877637
train,1617,nc,1.0,0.61290324,0.61290324,1.0,0.00016877637,0.00016877637,0.00016877637
train,1618,egc,0.8958333,0.877551,0.877551,0.0,0.0,0.0,0.00084388186
train,1619,egc,1.0,1.0,0.877551,1.0,0.0005063291,0.0005063291,0.00084388186
train,1620,egc,1.0,0.8909091,0.7962963,1.0,0.00033760973,0.00033760973,0.00067521946
train,1621,eea,1.0,0.57894737,0.55,1.0,0.00016877637,0.00016877637,0.00016877637
train,1622,ei,1.0,0.57894737,0.55,1.0,0.00016877637,0.00016877637,0.00016877637
train,1623,eps,1.0,0.57894737,0.55,1.0,0.00016877637,0.00016877637,0.00016877637
train,1624,nc,1.0,0.57894737,0.55,1.0,0.00016877637,0.00016877637,0.00016877637
train,1625,ei,1.0,0.61904764,0.5,1.0,0.00016877637,0.00016877637,0.00016877637
train,1626,eps,1.0,0.61904764,0.5,1.0,0.00016877637,0.00016877637,0.00016877637
train,1627,egb,0.61904764,0.61904764,0.45833334,0.0,0.0,0.0,0.0
train,1628,eps,0.61904764,0.61904764,0.45833334,0.0,0.0,0.0,0.0
train,1629,egc,1.0,0.61904764,0.5,1.0,0.00033755274,0.00033755274,0.00033755274
train,1630,egc,0.575,0.4473684,0.4473684,0.0,0.0,0.0,0.0
train,1631,egc,0.65,0.63414633,0.5121951,0.0,0.0,0.0,0.0
train,1632,egc,1.0,1.0,0.5151515,1.0,0.0006751055,0.0006751055,0.0006751055
train,1633,egc,0.6086956,0.5116279,0.42307693,0.0,0.0,0.0,0.0
train,1634,eea,1.0,0.61290324,0.61290324,1.0,0.00016877637,0.00016877637,0.00016877637
train,1635,egb,1.0,0.61290324,0.61290324,1.0,0.00016877637,0.00016877637,0.00016877637
train,1636,eps,1.0,0.61290324,0.61290324,1.0,0.00016877637,0.00016877637,0.00016877637
train,1637,nc,1.0,0.61290324,0.61290324,1.0,0.00016877637,0.00016877637,0.00016877637
train,1638,egb,0.5925926,0.5925926,0.5925926,0.0,0.0,0.0,0.0
train,1639,ei,0.5925926,0.5925926,0.5925926,0.0,0.0,0.0,0.0
train,1640,eps,0.5925926,0.5925926,0.5925926,0.0,0.0,0.0,0.0
train,1641,egb,1.0,0.62857145,0.62857145,1.0,0.00016877637,0.00016877637,0.00016877637
train,1642,eps,1.0,0.62857145,0.62857145,1.0,0.00016877637,0.00016877637,0.00016877637
train,1643,nc,1.0,0.62857145,0.62857145,1.0,0.00016877637,0.00016877637,0.00016877637
train,1644,eea,1.0,0.64705884,0.64705884,1.0,0.00016877637,0.00016877637,0.00016877637
train,1645,ei,1.0,0.64705884,0.64705884,1.0,0.00016877637,0.00016877637,0.00016877637
train,1646,nc,1.0,0.64705884,0.64705884,1.0,0.00016877637,0.00016877637,0.00016877637
train,1647,egb,0.64705884,0.6,0.6,0.0,0.0,0.0,0.0
train,1648,eps,0.64705884,0.6,0.6,0.0,0.0,0.0,0.0
train,1649,egb,1.0,0.68,0.5925926,1.0,0.00016877637,0.00016877637,0.00016877637
train,1650,eps,1.0,0.68,0.5925926,1.0,0.00016877637,0.00016877637,0.00016877637
train,1651,eea,0.71428573,0.58064514,0.5625,0.0,0.0,0.0,0.0
train,1652,egb,0.71428573,0.58064514,0.5625,0.0,0.0,0.0,0.0
train,1653,ei,0.71428573,0.58064514,0.5625,0.0,0.0,0.0,0.0
train,1654,eps,0.71428573,0.58064514,0.5625,0.0,0.0,0.0,0.0
train,1655,nc,0.71428573,0.58064514,0.5625,0.0,0.0,0.0,0.0
train,1656,eea,1.0,0.68,0.61538464,1.0,0.00016877637,0.00016877637,0.00016877637
train,1657,egb,1.0,0.68,0.61538464,1.0,0.00016877637,0.00016877637,0.00016877637
train,1658,ei,1.0,0.68,0.61538464,1.0,0.00016877637,0.00016877637,0.00016877637
train,1659,egb,0.71428573,0.71428573,0.71428573,0.0,0.0,0.0,0.0
train,1660,eps,0.71428573,0.71428573,0.71428573,0.0,0.0,0.0,0.0
train,1661,eea,0.59375,0.5925926,0.5862069,0.0,0.0,0.0,0.0
train,1662,egb,0.59375,0.5925926,0.5862069,0.0,0.0,0.0,0.0
train,1663,ei,0.59375,0.5925926,0.5862069,0.0,0.0,0.0,0.0
train,1664,eea,0.625,0.625,0.59375,0.0,0.0,0.0,0.0
train,1665,egb,1.0,0.47826087,0.47826087,1.0,0.00016877637,0.00016877637,0.00016877637
train,1666,egc,1.0,0.47826087,0.41666666,1.0,0.00016877637,0.00016877637,0.00016877637
train,1667,eea,0.5,0.5,0.45833334,0.0,0.0,0.0,0.0
train,1668,egb,0.5,0.5,0.45833334,0.0,0.0,0.0,0.0
train,1669,eps,0.5,0.5,0.45833334,0.0,0.0,0.0,0.0
train,1670,nc,0.5,0.5,0.45833334,0.0,0.0,0.0,0.0
train,1671,egc,1.0,1.0,0.55172414,1.0,0.0005063291,0.0005063291,0.0005063291
train,1672,egc,1.0,1.0,0.5862069,1.0,0.00050641457,0.00050641457,0.00050641457
train,1673,egc,1.0,1.0,0.59375,1.0,0.0006751055,0.0006751055,0.0006751055
train,1674,nc,1.0,0.55,0.55,1.0,0.00016877637,0.00016877637,0.00016877637
train,1675,egc,1.0,0.55,0.42857143,1.0,0.00016877637,0.00016877637,0.00016877637
train,1676,egb,0.45454547,0.42857143,0.375,0.0,0.0,0.0,0.0
train,1677,egc,0.45454547,0.42857143,0.375,0.0,0.0,0.0,0.0
train,1678,ei,0.45454547,0.42857143,0.375,0.0,0.0,0.0,0.0
train,1679,eps,0.45454547,0.42857143,0.375,0.0,0.0,0.0,0.0
train,1680,nc,0.45454547,0.42857143,0.375,0.0,0.0,0.0,0.0
train,1681,eps,0.54545456,0.54545456,0.54545456,0.0,0.0,0.0,0.0
train,1682,nc,0.54545456,0.54545456,0.54545456,0.0,0.0,0.0,0.0
train,1683,egc,0.54545456,0.54545456,0.54545456,0.0,0.0,0.0,0.0
train,1684,eea,0.45454547,0.4347826,0.4347826,0.0,0.0,0.0,0.0
train,1685,egb,0.45454547,0.4347826,0.4347826,0.0,0.0,0.0,0.0
train,1686,egc,0.45454547,0.4347826,0.4347826,0.0,0.0,0.0,0.0
train,1687,ei,0.45454547,0.4347826,0.4347826,0.0,0.0,0.0,0.0
train,1688,eps,0.45454547,0.4347826,0.4347826,0.0,0.0,0.0,0.0
train,1689,nc,0.45454547,0.4347826,0.4347826,0.0,0.0,0.0,0.0
train,1690,egb,0.42857143,0.42857143,0.39130434,0.0,0.0,0.0,0.0
train,1691,nc,0.42857143,0.42857143,0.39130434,0.0,0.0,0.0,0.0
train,1692,egc,0.42857143,0.42857143,0.39130434,0.0,0.0,0.0,0.0
train,1693,eea,0.61538464,0.61538464,0.61538464,0.0,0.0,0.0,0.0
train,1694,egb,0.6551724,0.58064514,0.58064514,0.0,0.0,0.0,0.0
train,1695,ei,0.6551724,0.58064514,0.58064514,0.0,0.0,0.0,0.0
train,1696,eps,0.6551724,0.58064514,0.58064514,0.0,0.0,0.0,0.0
train,1697,nc,0.6551724,0.58064514,0.58064514,0.0,0.0,0.0,0.0
train,1698,eea,1.0,0.55172414,0.55172414,1.0,0.00016880487,0.00016880487,0.00016880487
train,1699,ei,1.0,0.55172414,0.55172414,1.0,0.00016880487,0.00016880487,0.00016880487
train,1700,eps,1.0,0.55172414,0.55172414,1.0,0.00016880487,0.00016880487,0.00016880487
train,1701,eea,1.0,0.5862069,0.55172414,1.0,0.00016877637,0.00016877637,0.00016877637
train,1702,egb,1.0,0.5862069,0.55172414,1.0,0.00016877637,0.00016877637,0.00016877637
train,1703,eps,1.0,0.5862069,0.55172414,1.0,0.00016877637,0.00016877637,0.00016877637
train,1704,egb,1.0,0.59375,0.58064514,1.0,0.00016880487,0.00016880487,0.00016880487
train,1705,ei,1.0,0.59375,0.58064514,1.0,0.00016880487,0.00016880487,0.00016880487
train,1706,eps,1.0,0.59375,0.58064514,1.0,0.00016880487,0.00016880487,0.00016880487
train,1707,nc,1.0,0.59375,0.58064514,1.0,0.00016880487,0.00016880487,0.00016880487
train,1708,egb,0.7407407,0.7037037,0.4,0.0,0.0,0.0,0.0
train,1709,egb,0.7407407,0.54545456,0.33333334,0.0,0.0,0.0,0.0
train,1710,egb,1.0,0.7037037,0.3448276,1.0,0.00016877637,0.00033755274,0.00033755274
train,1711,egc,1.0,0.7037037,0.3448276,1.0,0.00016880487,0.00033760973,0.00033760973
train,1712,egb,0.9259259,0.6551724,0.36666667,0.0,0.0,0.00033755274,0.00033755274
train,1713,egc,0.525,0.5,0.44444445,0.0,0.0,0.0,0.0
train,1714,egc,0.48,0.41379312,0.39285713,0.0,0.0,0.0,0.0
train,1715,egc,1.0,0.56,0.48,1.0,0.00016877637,0.00016877637,0.00016877637
train,1716,egc,0.6363636,0.4883721,0.38235295,0.0,0.0,0.0,0.0
train,1717,egc,1.0,0.5217391,0.4814815,1.0,0.00016877637,0.00016877637,0.00016877637
train,1718,egc,0.61290324,0.61290324,0.59375,0.0,0.0,0.0,0.0
train,1719,egc,0.73333335,0.73333335,0.7096774,0.0,0.0,0.0,0.0
train,1720,egc,1.0,0.9259259,0.89285713,1.0,0.00016877637,0.0005063291,0.00084388186
train,1721,egb,0.962963,0.9259259,0.6666667,0.0,0.00016877637,0.0005063291,0.0005063291
train,1722,egc,0.962963,0.9259259,0.6666667,0.0,0.00016877637,0.0005063291,0.0005063291
train,1723,egc,1.0,0.962963,0.89285713,1.0,0.00050641457,0.00050641457,0.0008440243
train,1724,egc,1.0,0.89285713,0.64705884,1.0,0.00016877637,0.00016877637,0.0005063291
train,1725,egc,1.0,0.59090906,0.54901963,1.0,0.00016877637,0.00016877637,0.00016877637
train,1726,egc,0.6097561,0.52272725,0.4878049,0.0,0.0,0.0,0.0
train,1727,egc,0.5869565,0.5208333,0.5208333,0.0,0.0,0.0,0.0
train,1728,egc,0.70212764,0.6304348,0.56,0.0,0.0,0.0,0.0
train,1729,egc,0.74418604,0.63414633,0.6052632,0.0,0.0,0.0,0.0
train,1730,egc,0.7096774,0.6333333,0.6333333,0.0,0.0,0.0,0.0
train,1731,egc,1.0,0.65,0.5135135,1.0,0.00016877637,0.00016877637,0.00016877637
train,1732,egc,1.0,0.42857143,0.4117647,1.0,0.00016877637,0.00016877637,0.00016877637
train,1733,egc,1.0,0.5769231,0.5769231,1.0,0.00016880487,0.00016880487,0.00016880487
train,1734,egc,0.72727275,0.64705884,0.5945946,0.0,0.0,0.0,0.0
train,1735,egc,0.45454547,0.36,0.36,0.0,0.0,0.0,0.0
train,1736,egc,1.0,0.5769231,0.56666666,1.0,0.00016877637,0.00016877637,0.00016877637
train,1737,egc,1.0,0.56666666,0.51724136,1.0,0.00016877637,0.00016877637,0.00016877637
train,1738,egc,1.0,0.61904764,0.53846157,1.0,0.00016880487,0.00016880487,0.00016880487
train,1739,egc,1.0,0.35714287,0.33333334,1.0,0.00016877637,0.00016877637,0.00016877637
train,1740,egc,1.0,0.625,0.575,1.0,0.00016877637,0.00016877637,0.00016877637
train,1741,egc,0.47916666,0.42222223,0.4090909,0.0,0.0,0.0,0.0
train,1742,egc,0.3018868,0.29090908,0.2857143,0.0,0.0,0.0,0.0
train,1743,egc,1.0,0.44827586,0.4,1.0,0.00016880487,0.00016880487,0.00016880487
train,1744,egb,1.0,0.45833334,0.42857143,1.0,0.00016877637,0.00016877637,0.00016877637
train,1745,egc,1.0,0.45833334,0.42857143,1.0,0.00016877637,0.00016877637,0.00016877637
train,1746,egb,1.0,0.42857143,0.42857143,1.0,0.00016877637,0.00016877637,0.00016877637
train,1747,egc,1.0,0.42857143,0.42857143,1.0,0.00016877637,0.00016877637,0.00016877637
train,1748,egc,1.0,0.64,0.46875,1.0,0.00033755274,0.00033755274,0.00033755274
train,1749,egc,0.61538464,0.61538464,0.5862069,0.0,0.0,0.0,0.0
train,1750,egc,1.0,1.0,0.5862069,1.0,0.0005063291,0.0005063291,0.0005063291
train,1751,egc,1.0,1.0,0.60714287,1.0,0.0006751055,0.0006751055,0.0006751055
train,1752,egc,0.64705884,0.62857145,0.62857145,0.0,0.0,0.0,0.0
train,1753,egc,1.0,1.0,0.7241379,1.0,0.0006751055,0.0006751055,0.0006751055
train,1754,egc,1.0,1.0,0.71428573,1.0,0.0006751055,0.0006751055,0.0006751055
train,1755,egc,1.0,1.0,0.625,1.0,0.0005063291,0.0005063291,0.0005063291
train,1756,egc,1.0,1.0,0.6451613,1.0,0.0005063291,0.0005063291,0.0005063291
train,1757,egc,0.5882353,0.5882353,0.57575756,0.0,0.0,0.0,0.0
train,1758,egc,0.875,0.6,0.5714286,0.0,0.0,0.0,0.00016877637
train,1759,egc,1.0,0.52380955,0.5,1.0,0.00016877637,0.00016877637,0.00016877637
train,1760,egc,0.5,0.31428573,0.30232558,0.0,0.0,0.0,0.0
train,1761,egc,0.53846157,0.5217391,0.5217391,0.0,0.0,0.0,0.0
train,1762,ei,0.45238096,0.44444445,0.35,0.0,0.0,0.0,0.0
train,1763,egb,1.0,0.48387095,0.43333334,1.0,0.00016877637,0.00016877637,0.00016877637
train,1764,nc,1.0,0.48387095,0.43333334,1.0,0.00016877637,0.00016877637,0.00016877637
train,1765,egc,1.0,0.5652174,0.56,1.0,0.00016877637,0.00016877637,0.00016877637
train,1766,egb,1.0,0.8,0.625,1.0,0.00016877637,0.00016877637,0.00016877637
train,1767,egc,0.82608694,0.5652174,0.55172414,0.0,0.0,0.0,0.0
train,1768,egc,0.875,0.5833333,0.5675676,0.0,0.0,0.0,0.00016877637
train,1769,egc,0.64,0.4814815,0.44827586,0.0,0.0,0.0,0.0
train,1770,egc,0.6060606,0.5294118,0.46875,0.0,0.0,0.0,0.0
train,1771,egc,0.84375,0.6363636,0.61764705,0.0,0.0,0.0,0.0
train,1772,egc,0.6333333,0.5294118,0.46875,0.0,0.0,0.0,0.0
train,1773,egc,1.0,0.52380955,0.52380955,1.0,0.00016877637,0.00016877637,0.00016877637
train,1774,egc,0.78571427,0.7096774,0.7037037,0.0,0.0,0.0,0.0
train,1775,egc,1.0,0.78571427,0.61290324,1.0,0.00016877637,0.00016877637,0.00016877637
train,1776,egc,0.9032258,0.8064516,0.73333335,0.0,0.0,0.00033755274,0.00033755274
train,1777,egc,1.0,0.78125,0.7096774,1.0,0.00016877637,0.00033755274,0.00033755274
train,1778,egc,0.7037037,0.61290324,0.57575756,0.0,0.0,0.0,0.0
train,1779,egc,0.6296296,0.61290324,0.56666666,0.0,0.0,0.0,0.0
train,1780,egc,1.0,0.65384614,0.5862069,1.0,0.00016877637,0.00016877637,0.00016877637
train,1781,egc,1.0,0.65384614,0.5,1.0,0.00016877637,0.00016877637,0.00016877637
train,1782,egc,1.0,0.45833334,0.44,1.0,0.00016877637,0.00016877637,0.00016877637
train,1783,egc,1.0,0.60714287,0.5652174,1.0,0.00016877637,0.00016877637,0.00016877637
train,1784,egc,1.0,0.5,0.46875,1.0,0.00016880487,0.00016880487,0.00016880487
train,1785,egc,1.0,0.62068963,0.60714287,1.0,0.00016877637,0.00016877637,0.00016877637
train,1786,egc,0.5588235,0.45,0.42424244,0.0,0.0,0.0,0.0
train,1787,egc,1.0,0.48076922,0.47619048,1.0,0.00016877637,0.00016877637,0.00016877637
train,1788,egc,0.62857145,0.5588235,0.46153846,0.0,0.0,0.0,0.0
train,1789,egc,0.5405405,0.4651163,0.425,0.0,0.0,0.0,0.0
train,1790,egc,1.0,0.7692308,0.46875,1.0,0.00016877637,0.00016877637,0.00016877637
train,1791,egc,1.0,0.5862069,0.48,1.0,0.00016877637,0.00016877637,0.00016877637
train,1792,egc,1.0,0.5555556,0.48,1.0,0.00016877637,0.00016877637,0.00016877637
train,1793,egc,0.4074074,0.4074074,0.4074074,0.0,0.0,0.0,0.0
train,1794,egc,0.33333334,0.26666668,0.25714287,0.0,0.0,0.0,0.0
train,1795,egc,0.6666667,0.5675676,0.54285717,0.0,0.0,0.0,0.0
train,1796,egc,0.93333334,0.6666667,0.61764705,0.0,0.0,0.00016877637,0.00033755274
train,1797,egc,1.0,0.74358976,0.675,1.0,0.00016877637,0.00033755274,0.00033755274
train,1798,egc,0.6666667,0.61764705,0.58064514,0.0,0.0,0.0,0.0
train,1799,egc,0.64102566,0.64102566,0.6,0.0,0.0,0.0,0.0
train,1800,egc,0.93333334,0.93333334,0.64102566,0.0,0.0,0.0005063291,0.0005063291
train,1801,egc,1.0,0.6756757,0.6666667,1.0,0.00016877637,0.00033755274,0.00033755274
train,1802,egc,0.6756757,0.6756757,0.61904764,0.0,0.0,0.0,0.0
train,1803,egc,0.8611111,0.74358976,0.74358976,0.0,0.0,0.0,0.00033755274
train,1804,egc,0.94285715,0.74358976,0.61904764,0.0,0.0,0.00033760973,0.00033760973
train,1805,egc,1.0,0.675,0.6585366,1.0,0.00016877637,0.00016877637,0.00033755274
train,1806,egc,1.0,0.42307693,0.3478261,1.0,0.00016877637,0.00016877637,0.00016877637
train,1807,egc,0.61538464,0.2857143,0.26415095,0.0,0.0,0.0,0.0
train,1808,egc,0.61904764,0.61904764,0.44,0.0,0.0,0.0,0.0
train,1809,egc,0.5,0.48,0.4074074,0.0,0.0,0.0,0.0
train,1810,eea,0.61904764,0.3846154,0.3478261,0.0,0.0,0.0,0.0
train,1811,egb,0.61904764,0.3846154,0.3478261,0.0,0.0,0.0,0.0
train,1812,egc,0.61904764,0.3846154,0.3478261,0.0,0.0,0.0,0.0
train,1813,ei,0.61904764,0.3846154,0.3478261,0.0,0.0,0.0,0.0
train,1814,egc,0.4473684,0.41860464,0.35714287,0.0,0.0,0.0,0.0
train,1815,egc,0.5,0.5,0.4722222,0.0,0.0,0.0,0.0
train,1816,egc,1.0,0.7209302,0.7058824,1.0,0.00016877637,0.00016877637,0.00016877637
train,1817,egc,1.0,0.51111114,0.46341464,1.0,0.00016877637,0.00016877637,0.00016877637
train,1818,egc,0.73913044,0.68292683,0.50980395,0.0,0.0,0.0,0.0
train,1819,egc,1.0,0.7209302,0.5283019,1.0,0.00016877637,0.00016877637,0.00016877637
train,1820,egc,0.4642857,0.45454547,0.44444445,0.0,0.0,0.0,0.0
train,1821,egc,0.75757575,0.6756757,0.64102566,0.0,0.0,0.0,0.0
train,1822,egc,1.0,0.5,0.4642857,1.0,0.00016877637,0.00016877637,0.00016877637
train,1823,egc,1.0,0.44444445,0.41025642,1.0,0.00016880487,0.00016880487,0.00016880487
train,1824,egc,1.0,0.4722222,0.4716981,1.0,0.00016877637,0.00016877637,0.00016877637
train,1825,egc,0.35849056,0.33333334,0.3125,0.0,0.0,0.0,0.0
train,1826,egc,0.43243244,0.38235295,0.34375,0.0,0.0,0.0,0.0
train,1827,egc,0.72727275,0.6052632,0.4871795,0.0,0.0,0.0,0.0
train,1828,egc,0.6052632,0.5609756,0.41304347,0.0,0.0,0.0,0.0
train,1829,egc,0.5263158,0.5,0.41935483,0.0,0.0,0.0,0.0
train,1830,egc,1.0,1.0,1.0,1.0,0.00084388186,0.00084388186,0.00084388186
train,1831,egc,0.7096774,0.7096774,0.7096774,0.0,0.0,0.0,0.0
train,1832,egc,0.6,0.6,0.5833333,0.0,0.0,0.0,0.0
train,1833,egc,1.0,1.0,0.7777778,1.0,0.00067521946,0.00067521946,0.00067521946
train,1834,egc,1.0,1.0,0.7777778,1.0,0.0005063291,0.0005063291,0.0005063291
train,1835,egc,1.0,1.0,0.57575756,1.0,0.0006751055,0.0006751055,0.0006751055
train,1836,egc,1.0,0.53125,0.53125,1.0,0.00033755274,0.00033755274,0.00033755274
train,1837,egc,1.0,1.0,0.5,1.0,0.0006751055,0.0006751055,0.0006751055
train,1838,egc,1.0,0.5862069,0.57575756,1.0,0.00016880487,0.00016880487,0.00016880487
train,1839,egc,1.0,0.53488374,0.45238096,1.0,0.00016877637,0.00016877637,0.00016877637
train,1840,egc,0.26666668,0.25,0.24242425,0.0,0.0,0.0,0.0
train,1841,egc,0.39473686,0.33333334,0.27027026,0.0,0.0,0.0,0.0
train,1842,egc,0.54901963,0.4528302,0.43333334,0.0,0.0,0.0,0.0
train,1843,egc,0.27272728,0.25714287,0.25641027,0.0,0.0,0.0,0.0
train,1844,egc,1.0,0.35897437,0.33333334,1.0,0.00016877637,0.00016877637,0.00016877637
train,1845,egc,0.34285715,0.25641027,0.23076923,0.0,0.0,0.0,0.0
train,1846,egc,0.56666666,0.3548387,0.31034482,0.0,0.0,0.0,0.0
train,1847,egc,1.0,0.4375,0.32142857,1.0,0.00016877637,0.00016877637,0.00016877637
train,1848,egc,0.5686275,0.4814815,0.48,0.0,0.0,0.0,0.0
train,1849,egb,0.4,0.30952382,0.29787233,0.0,0.0,0.0,0.0
train,1850,egc,0.42424244,0.36842105,0.31578946,0.0,0.0,0.0,0.0
train,1851,egc,0.5641026,0.44444445,0.42424244,0.0,0.0,0.0,0.0
train,1852,egb,0.67346936,0.63461536,0.6226415,0.0,0.0,0.0,0.0
train,1853,egb,0.5714286,0.5714286,0.55813956,0.0,0.0,0.0,0.0
train,1854,egc,0.5714286,0.5714286,0.55813956,0.0,0.0,0.0,0.0
train,1855,egc,0.6363636,0.5,0.34375,0.0,0.0,0.0,0.0
train,1856,egb,1.0,1.0,1.0,1.0,0.0011814346,0.0011814346,0.0011814346
train,1857,egc,1.0,1.0,1.0,1.0,0.0011814346,0.0011814346,0.0011814346
train,1858,egc,1.0,1.0,1.0,1.0,0.0010126582,0.0010126582,0.0010126582
train,1859,egc,1.0,1.0,1.0,1.0,0.0011814346,0.0011814346,0.0011814346
train,1860,egc,1.0,1.0,1.0,1.0,0.0008440243,0.0008440243,0.0008440243
train,1861,egc,0.5777778,0.5510204,0.53061223,0.0,0.0,0.0,0.0
train,1862,egc,0.7,0.6363636,0.61764705,0.0,0.0,0.0,0.0
train,1863,egc,1.0,0.5882353,0.5675676,1.0,0.00016877637,0.00016877637,0.00016877637
train,1864,egc,1.0,0.87096775,0.6486486,1.0,0.00016877637,0.00016877637,0.0005063291
train,1865,egc,0.96666664,0.9,0.6315789,0.0,0.00016880487,0.00016880487,0.00050641457
train,1866,egc,0.96666664,0.87096775,0.61538464,0.0,0.00016877637,0.00016877637,0.0005063291
train,1867,egc,0.6486486,0.6315789,0.5675676,0.0,0.0,0.0,0.0
train,1868,egb,0.9268293,0.6,0.59574467,0.0,0.0,0.00016877637,0.00016877637
train,1869,egc,0.9268293,0.5777778,0.5531915,0.0,0.0,0.00016877637,0.00016877637
train,1870,egc,0.7173913,0.5,0.4883721,0.0,0.0,0.0,0.0
train,1871,egc,0.8372093,0.43396226,0.41509435,0.0,0.0,0.0,0.0
train,1872,egc,0.46875,0.42857143,0.41666666,0.0,0.0,0.0,0.0
train,1873,egc,0.57894737,0.41025642,0.4,0.0,0.0,0.0,0.0
train,1874,egc,0.7297297,0.7297297,0.7297297,0.0,0.0,0.0,0.0
train,1875,egc,0.5510204,0.5106383,0.48979592,0.0,0.0,0.0,0.0
train,1876,egc,0.625,0.6060606,0.48387095,0.0,0.0,0.0,0.0
train,1877,egc,0.5625,0.5625,0.54545456,0.0,0.0,0.0,0.0
train,1878,egc,0.6,0.6,0.5833333,0.0,0.0,0.0,0.0
train,1879,egc,1.0,0.5263158,0.5263158,1.0,0.00016877637,0.00016877637,0.00016877637
train,1880,eea,1.0,0.5,0.41666666,1.0,0.00016877637,0.00016877637,0.00016877637
train,1881,egb,1.0,0.5,0.41666666,1.0,0.00016877637,0.00016877637,0.00016877637
train,1882,nc,1.0,0.5,0.41666666,1.0,0.00016877637,0.00016877637,0.00016877637
train,1883,egc,1.0,1.0,0.41666666,1.0,0.00050641457,0.00050641457,0.00050641457
train,1884,egc,0.5294118,0.5294118,0.5294118,0.0,0.0,0.0,0.0
train,1885,eea,1.0,0.6666667,0.61904764,1.0,0.00016877637,0.00016877637,0.00016877637
train,1886,egc,1.0,0.6666667,0.61904764,1.0,0.00016877637,0.00016877637,0.00016877637
train,1887,eps,1.0,0.6666667,0.61904764,1.0,0.00016877637,0.00016877637,0.00016877637
train,1888,nc,1.0,0.6666667,0.61904764,1.0,0.00016877637,0.00016877637,0.00016877637
train,1889,egc,0.3392857,0.32692307,0.31111112,0.0,0.0,0.0,0.0
train,1890,egc,0.6923077,0.6666667,0.6666667,0.0,0.0,0.0,0.0
train,1891,egc,0.5405405,0.46153846,0.45454547,0.0,0.0,0.0,0.0
train,1892,ei,1.0,0.7368421,0.6666667,1.0,0.00016877637,0.00016877637,0.00016877637
train,1893,eps,1.0,0.7368421,0.6666667,1.0,0.00016877637,0.00016877637,0.00016877637
train,1894,nc,1.0,0.7368421,0.6666667,1.0,0.00016877637,0.00016877637,0.00016877637
train,1895,eea,0.4857143,0.4857143,0.4722222,0.0,0.0,0.0,0.0
train,1896,ei,0.4857143,0.4857143,0.4722222,0.0,0.0,0.0,0.0
train,1897,eps,0.4857143,0.4857143,0.4722222,0.0,0.0,0.0,0.0
train,1898,egc,0.4489796,0.375,0.36065573,0.0,0.0,0.0,0.0
train,1899,egb,0.46875,0.46875,0.45714286,0.0,0.0,0.0,0.0
train,1900,ei,0.46875,0.46875,0.45714286,0.0,0.0,0.0,0.0
train,1901,nc,0.46875,0.46875,0.45714286,0.0,0.0,0.0,0.0
train,1902,eea,0.5294118,0.5294118,0.5294118,0.0,0.0,0.0,0.0
train,1903,egb,0.5294118,0.5294118,0.5294118,0.0,0.0,0.0,0.0
train,1904,nc,0.5294118,0.5294118,0.5294118,0.0,0.0,0.0,0.0
train,1905,ei,0.45454547,0.45454547,0.4090909,0.0,0.0,0.0,0.0
train,1906,eps,0.45454547,0.45454547,0.4090909,0.0,0.0,0.0,0.0
train,1907,egc,0.46153846,0.43589744,0.42424244,0.0,0.0,0.0,0.0
train,1908,egc,1.0,0.5609756,0.53333336,1.0,0.00016877637,0.00016877637,0.00016877637
train,1909,egc,1.0,0.53333336,0.525,1.0,0.00016877637,0.00016877637,0.00016877637
train,1910,egc,0.4,0.36363637,0.36363637,0.0,0.0,0.0,0.0
train,1911,egc,1.0,0.48387095,0.46875,1.0,0.00016880487,0.00016880487,0.00016880487
train,1912,egb,1.0,0.65,0.65,1.0,0.00016877637,0.00016877637,0.00016877637
train,1913,egb,1.0,0.61764705,0.53125,1.0,0.00016877637,0.00016877637,0.00016877637
train,1914,egc,1.0,0.61764705,0.53125,1.0,0.00016877637,0.00016877637,0.00016877637
train,1915,egc,0.61904764,0.44827586,0.42307693,0.0,0.0,0.0,0.0
train,1916,egc,1.0,1.0,0.60714287,1.0,0.0005063291,0.0005063291,0.0005063291
train,1917,egc,1.0,1.0,0.5769231,1.0,0.0006751055,0.0006751055,0.0006751055
train,1918,egc,0.68421054,0.61904764,0.61904764,0.0,0.0,0.0,0.0
train,1919,egb,0.6,0.39130434,0.3888889,0.0,0.0,0.0,0.0
train,1920,egc,0.6,0.39130434,0.3888889,0.0,0.0,0.0,0.0
train,1921,egb,1.0,0.42857143,0.4090909,1.0,0.00016877637,0.00016877637,0.00016877637
train,1922,egc,1.0,0.42857143,0.4090909,1.0,0.00016877637,0.00016877637,0.00016877637
train,1923,ei,1.0,0.42857143,0.4090909,1.0,0.00016877637,0.00016877637,0.00016877637
train,1924,eps,1.0,0.42857143,0.4090909,1.0,0.00016877637,0.00016877637,0.00016877637
train,1925,eea,0.375,0.375,0.3478261,0.0,0.0,0.0,0.0
train,1926,egb,0.375,0.375,0.3478261,0.0,0.0,0.0,0.0
train,1927,ei,0.375,0.375,0.3478261,0.0,0.0,0.0,0.0
train,1928,eps,0.375,0.375,0.3478261,0.0,0.0,0.0,0.0
train,1929,nc,0.375,0.375,0.3478261,0.0,0.0,0.0,0.0
train,1930,egc,1.0,0.5483871,0.46875,1.0,0.00033755274,0.00033755274,0.00033755274
train,1931,egc,1.0,0.4,0.35714287,1.0,0.00016877637,0.00016877637,0.00016877637
train,1932,egc,0.32307693,0.26530612,0.25925925,0.0,0.0,0.0,0.0
train,1933,egb,0.40625,0.32,0.2580645,0.0,0.0,0.0,0.0
train,1934,egb,0.6363636,0.33333334,0.28947368,0.0,0.0,0.0,0.0
train,1935,egc,0.6363636,0.33333334,0.28947368,0.0,0.0,0.0,0.0
train,1936,egc,0.45833334,0.37931034,0.3181818,0.0,0.0,0.0,0.0
train,1937,eea,0.64705884,0.52380955,0.5,0.0,0.0,0.0,0.0
train,1938,egb,0.64705884,0.52380955,0.5,0.0,0.0,0.0,0.0
train,1939,eps,0.64705884,0.52380955,0.5,0.0,0.0,0.0,0.0
train,1940,nc,0.64705884,0.52380955,0.5,0.0,0.0,0.0,0.0
train,1941,eea,1.0,0.5,0.5,1.0,0.00016877637,0.00016877637,0.00016877637
train,1942,egb,1.0,0.5,0.5,1.0,0.00016877637,0.00016877637,0.00016877637
train,1943,nc,1.0,0.5,0.5,1.0,0.00016877637,0.00016877637,0.00016877637
train,1944,egc,1.0,0.7777778,0.5,1.0,0.00016877637,0.00016877637,0.00016877637
train,1945,egb,0.52380955,0.4347826,0.4,0.0,0.0,0.0,0.0
train,1946,egc,0.52380955,0.4347826,0.4,0.0,0.0,0.0,0.0
train,1947,egc,0.7777778,0.7777778,0.47826087,0.0,0.0,0.0,0.0
train,1948,egc,0.87096775,0.8333333,0.7878788,0.0,0.0,0.0,0.00016877637
train,1949,egc,0.90909094,0.90909094,0.8787879,0.0,0.0,0.0005063291,0.0011814346
train,1950,egc,1.0,0.8,0.8,1.0,0.00016880487,0.00016880487,0.00016880487
train,1951,egc,1.0,1.0,0.5,1.0,0.0005063291,0.0005063291,0.0005063291
train,1952,egc,1.0,0.63414633,0.63414633,1.0,0.00016877637,0.00016877637,0.00016877637
train,1953,egc,0.5185185,0.5,0.4827586,0.0,0.0,0.0,0.0
train,1954,egc,0.78571427,0.6111111,0.60714287,0.0,0.0,0.0,0.0
train,1955,egc,1.0,1.0,0.625,1.0,0.00067521946,0.00067521946,0.00067521946
train,1956,egc,1.0,0.61538464,0.5681818,1.0,0.00016877637,0.00016877637,0.00016877637
train,1957,egc,0.8,0.8,0.47826087,0.0,0.0,0.0,0.0
train,1958,egc,1.0,1.0,0.5862069,1.0,0.0005063291,0.0005063291,0.0005063291
train,1959,egc,0.5,0.30769232,0.2682927,0.0,0.0,0.0,0.0
train,1960,egc,0.50980395,0.4,0.39285713,0.0,0.0,0.0,0.0
train,1961,egc,0.50980395,0.44444445,0.33333334,0.0,0.0,0.0,0.0
train,1962,egc,0.94736844,0.94736844,0.94736844,0.0,0.0,0.0023628692,0.0023628692
train,1963,egc,0.9230769,0.9230769,0.9230769,0.0,0.0,0.008101266,0.008270042
train,1964,egc,0.94736844,0.94736844,0.94736844,0.0,0.0,0.0016877637,0.0016877637
train,1965,egc,0.6756757,0.6756757,0.54347825,0.0,0.0,0.0,0.0
train,1966,egc,0.47058824,0.45945945,0.41935483,0.0,0.0,0.0,0.0
train,1967,egc,1.0,0.5652174,0.54545456,1.0,0.00016877637,0.00016877637,0.00016877637
train,1968,egc,0.6956522,0.6956522,0.5652174,0.0,0.0,0.0,0.0
train,1969,egc,1.0,0.9310345,0.9032258,1.0,0.00016877637,0.0010126582,0.0015189874
train,1970,egc,1.0,0.88235295,0.7647059,1.0,0.00016880487,0.00033760973,0.00050641457
train,1971,egc,1.0,0.96875,0.96875,1.0,0.0010126582,0.001350211,0.0015189874
train,1972,egc,1.0,1.0,0.96875,1.0,0.0010126582,0.0011814346,0.0016877637
train,1973,egc,0.9411765,0.88235295,0.75757575,0.0,0.0,0.00033755274,0.0005063291
train,1974,egc,0.88235295,0.75757575,0.6969697,0.0,0.0,0.0,0.00033755274
train,1975,egc,1.0,0.6756757,0.6315789,1.0,0.00033760973,0.00033760973,0.00033760973
train,1976,egc,1.0,0.9705882,0.6756757,1.0,0.0005063291,0.0005063291,0.0005063291
train,1977,egb,0.53571427,0.52,0.52,0.0,0.0,0.0,0.0
train,1978,egc,0.53571427,0.52,0.52,0.0,0.0,0.0,0.0
train,1979,eea,1.0,1.0,1.0,1.0,0.0020256583,0.0021944633,0.0021944633
train,1980,egb,1.0,1.0,1.0,1.0,0.0020256583,0.0021944633,0.0021944633
train,1981,egc,1.0,1.0,1.0,1.0,0.0020256583,0.0021944633,0.0021944633
train,1982,eps,1.0,1.0,1.0,1.0,0.0020256583,0.0021944633,0.0021944633
train,1983,egc,1.0,0.9310345,0.9032258,1.0,0.00016877637,0.0010126582,0.0015189874
train,1984,egc,0.9310345,0.875,0.875,0.0,0.0,0.00033755274,0.00084388186
train,1985,egc,1.0,1.0,0.96875,1.0,0.0010126582,0.0010126582,0.0015189874
train,1986,egc,1.0,1.0,1.0,1.0,0.0010128291,0.001181634,0.001181634
train,1987,egb,1.0,1.0,0.6363636,1.0,0.0005063291,0.0005063291,0.0005063291
train,1988,egc,1.0,0.78571427,0.6896552,1.0,0.00033755274,0.00033755274,0.00033755274
train,1989,egc,1.0,1.0,1.0,1.0,0.001350211,0.0015189874,0.0015189874
train,1990,egc,1.0,0.6052632,0.45454547,1.0,0.00016877637,0.00016877637,0.00016877637
train,1991,egc,0.6052632,0.54347825,0.425,0.0,0.0,0.0,0.0
train,1992,egc,1.0,0.7777778,0.6363636,1.0,0.00033755274,0.00033755274,0.00033755274
train,1993,egc,1.0,1.0,1.0,1.0,0.0023628692,0.0023628692,0.0023628692
train,1994,egc,0.9310345,0.875,0.875,0.0,0.0,0.00033755274,0.00084388186
train,1995,egc,1.0,1.0,0.96875,1.0,0.0010126582,0.0011814346,0.0011814346
train,1996,egc,1.0,1.0,0.96875,1.0,0.001181634,0.0013504389,0.0020256583
train,1997,egc,1.0,1.0,1.0,1.0,0.001350211,0.0015189874,0.0015189874
train,1998,egc,1.0,1.0,0.6363636,1.0,0.0005063291,0.0005063291,0.0005063291
train,1999,egc,0.78125,0.78125,0.78125,0.0,0.0,0.0,0.0
train,2000,egc,1.0,1.0,1.0,1.0,0.002700422,0.0028691983,0.0028691983
train,2001,egc,1.0,0.78571427,0.6896552,1.0,0.00033760973,0.00033760973,0.00033760973
train,2002,egc,1.0,0.72,0.72,1.0,0.00016877637,0.00016877637,0.00033755274
train,2003,egc,1.0,1.0,0.96875,1.0,0.0010126582,0.0011814346,0.001350211
train,2004,egc,1.0,1.0,0.96875,1.0,0.0011814346,0.001350211,0.0016877637
train,2005,egc,1.0,0.9705882,0.675,1.0,0.0005063291,0.0005063291,0.0005063291
train,2006,egc,1.0,1.0,1.0,1.0,0.0010128291,0.001181634,0.001181634
train,2007,egc,1.0,1.0,0.6363636,1.0,0.0005063291,0.0005063291,0.0005063291
train,2008,egc,1.0,1.0,1.0,1.0,0.0023628692,0.0023628692,0.0023628692
train,2009,egc,1.0,0.78571427,0.6896552,1.0,0.00033755274,0.00033755274,0.00033755274
train,2010,egc,1.0,0.72,0.72,1.0,0.00016877637,0.00016877637,0.00016877637
train,2011,egc,1.0,1.0,1.0,1.0,0.0010128291,0.001181634,0.001181634
train,2012,egc,1.0,1.0,1.0,1.0,0.0025316456,0.002700422,0.002700422
train,2013,egc,1.0,1.0,1.0,1.0,0.001350211,0.0015189874,0.0015189874
train,2014,egc,1.0,1.0,1.0,1.0,0.001350211,0.0015189874,0.0015189874
train,2015,egc,1.0,0.7777778,0.6363636,1.0,0.00033755274,0.00033755274,0.00033755274
train,2016,egc,1.0,1.0,1.0,1.0,0.0010128291,0.001181634,0.001181634
train,2017,egc,1.0,1.0,1.0,1.0,0.0025316456,0.002700422,0.002700422
train,2018,egc,1.0,1.0,1.0,1.0,0.0023628692,0.0023628692,0.0023628692
train,2019,egc,1.0,1.0,1.0,1.0,0.00084388186,0.004219409,0.0043881857
train,2020,egc,1.0,1.0,0.6666667,1.0,0.0005063291,0.0005063291,0.0005063291
train,2021,egc,1.0,0.84615386,0.7241379,1.0,0.00033760973,0.00033760973,0.00033760973
train,2022,egc,1.0,1.0,0.9230769,1.0,0.0006751055,0.004219409,0.0043881857
train,2023,egc,0.8857143,0.6388889,0.6388889,0.0,0.0,0.0,0.00016877637
train,2024,egc,1.0,1.0,1.0,1.0,0.0033755274,0.0043881857,0.005063291
train,2025,egc,1.0,1.0,1.0,1.0,0.0030379747,0.004219409,0.005063291
train,2026,egc,1.0,1.0,1.0,1.0,0.0032072924,0.0042201215,0.0050641457
train,2027,egc,1.0,1.0,1.0,1.0,0.0035443038,0.0043881857,0.0052320673
train,2028,egc,1.0,1.0,1.0,1.0,0.0037130802,0.0043881857,0.0052320673
train,2029,egc,1.0,0.875,0.8064516,1.0,0.00033755274,0.00033755274,0.0005063291
train,2030,egc,0.962963,0.67741936,0.67741936,0.0,0.00016877637,0.00016877637,0.00033755274
train,2031,egc,0.7368421,0.6944444,0.6571429,0.0,0.0,0.0,0.0
train,2032,egc,1.0,1.0,1.0,1.0,0.006919831,0.0070886076,0.007257384
train,2033,egc,1.0,1.0,1.0,1.0,0.0018565401,0.0018565401,0.0018565401
train,2034,egc,1.0,1.0,1.0,1.0,0.0010126582,0.0011814346,0.0011814346
train,2035,egc,1.0,0.67741936,0.67741936,1.0,0.00033755274,0.00033755274,0.00033755274
train,2036,egc,1.0,1.0,1.0,1.0,0.0032072924,0.0042201215,0.0050641457
train,2037,egc,1.0,1.0,1.0,1.0,0.0035443038,0.0043881857,0.0052320673
train,2038,egc,1.0,0.6756757,0.6756757,1.0,0.00033755274,0.00033755274,0.00033755274
train,2039,egc,1.0,1.0,0.96,1.0,0.0010126582,0.0010126582,0.0010126582
train,2040,egc,1.0,1.0,1.0,1.0,0.0075949365,0.00793249,0.008101266
train,2041,egc,1.0,1.0,0.67741936,1.0,0.00050641457,0.00050641457,0.00050641457
train,2042,egc,1.0,0.7741935,0.7741935,1.0,0.00016877637,0.00016877637,0.00016877637
train,2043,egc,1.0,1.0,1.0,1.0,0.0037130802,0.0043881857,0.0052320673
train,2044,egc,1.0,1.0,1.0,1.0,0.0010126582,0.0011814346,0.0011814346
train,2045,egc,0.7777778,0.71794873,0.71794873,0.0,0.0,0.0,0.0
train,2046,egc,0.95238096,0.7037037,0.64,0.0,0.00033760973,0.00033760973,0.00033760973
train,2047,egc,1.0,1.0,1.0,1.0,0.006919831,0.0070886076,0.007257384
train,2048,egc,1.0,1.0,1.0,1.0,0.007763713,0.008101266,0.008270042
train,2049,egc,1.0,1.0,1.0,1.0,0.008101266,0.008270042,0.008438818
train,2050,egc,1.0,1.0,0.7878788,1.0,0.0006751055,0.0006751055,0.0006751055
train,2051,egc,1.0,1.0,1.0,1.0,0.0020256583,0.0020256583,0.0020256583
train,2052,egc,1.0,1.0,0.9677419,1.0,0.00084388186,0.0010126582,0.0010126582
train,2053,egc,1.0,1.0,0.8333333,1.0,0.0006751055,0.0006751055,0.0006751055
train,2054,egc,1.0,1.0,1.0,1.0,0.0033755274,0.0043881857,0.005063291
train,2055,egc,1.0,1.0,1.0,1.0,0.0030379747,0.004219409,0.005063291
train,2056,egc,1.0,1.0,1.0,1.0,0.0032072924,0.0042201215,0.0050641457
train,2057,egc,1.0,1.0,0.96875,1.0,0.00084388186,0.00084388186,0.00084388186
train,2058,egc,1.0,0.6571429,0.38297874,1.0,0.00016877637,0.00016877637,0.00033755274
train,2059,egc,1.0,1.0,0.5660377,1.0,0.0005063291,0.0005063291,0.0005063291
train,2060,egc,1.0,1.0,1.0,1.0,0.0075949365,0.00793249,0.008101266
train,2061,egc,1.0,1.0,1.0,1.0,0.008102633,0.008440243,0.008440243
train,2062,egc,1.0,1.0,1.0,1.0,0.006919831,0.0070886076,0.007257384
train,2063,egb,1.0,0.7714286,0.75757575,1.0,0.00033755274,0.00033755274,0.00033755274
train,2064,egc,1.0,1.0,0.969697,1.0,0.00084388186,0.0010126582,0.0010126582
train,2065,egc,0.7037037,0.6666667,0.57575756,0.0,0.0,0.0,0.0
train,2066,egc,0.88,0.88,0.88,0.0,0.0,0.0,0.008102633
train,2067,egc,1.0,1.0,1.0,1.0,0.006919831,0.0070886076,0.007257384
train,2068,egc,1.0,1.0,1.0,1.0,0.007763713,0.008101266,0.008270042
train,2069,egc,1.0,1.0,1.0,1.0,0.008101266,0.008270042,0.008438818
train,2070,egc,1.0,1.0,0.7878788,1.0,0.0006751055,0.0006751055,0.0006751055
train,2071,egc,1.0,1.0,0.95238096,1.0,0.0020256583,0.0020256583,0.0020256583
train,2072,egc,1.0,1.0,1.0,1.0,0.0021940928,0.0021940928,0.0021940928
train,2073,egc,0.44,0.42307693,0.4074074,0.0,0.0,0.0,0.0
train,2074,egc,1.0,1.0,0.8333333,1.0,0.0006751055,0.0006751055,0.0006751055
train,2075,egc,0.6,0.6,0.6,0.0,0.0,0.0,0.0
train,2076,egc,1.0,0.9655172,0.7419355,1.0,0.00050641457,0.00050641457,0.00050641457
train,2077,egc,1.0,0.96,0.7241379,1.0,0.0005063291,0.0005063291,0.0005063291
train,2078,egc,0.61764705,0.61764705,0.61764705,0.0,0.0,0.0,0.0
train,2079,egc,0.61538464,0.5882353,0.5882353,0.0,0.0,0.0,0.0
train,2080,egc,1.0,0.67741936,0.67741936,1.0,0.00033755274,0.00033755274,0.00033755274
train,2081,egb,1.0,1.0,0.9230769,1.0,0.0006751055,0.004219409,0.0043881857
train,2082,egc,1.0,1.0,0.9230769,1.0,0.0006751055,0.004219409,0.0043881857
train,2083,egc,1.0,0.7741935,0.7741935,1.0,0.00016880487,0.00016880487,0.00016880487
train,2084,egc,1.0,1.0,1.0,1.0,0.0035443038,0.0043881857,0.0052320673
train,2085,egc,1.0,1.0,1.0,1.0,0.0037130802,0.0043881857,0.0052320673
train,2086,egc,1.0,1.0,1.0,1.0,0.0033755274,0.0043881857,0.005063291
train,2087,egc,1.0,1.0,1.0,1.0,0.0030379747,0.004219409,0.005063291
train,2088,egb,1.0,1.0,1.0,1.0,0.0032072924,0.0042201215,0.0050641457
train,2089,egc,1.0,1.0,1.0,1.0,0.0020253165,0.0020253165,0.0023628692
train,2090,egc,1.0,0.90909094,0.6216216,1.0,0.00033755274,0.0005063291,0.0005063291
train,2091,egc,1.0,1.0,1.0,1.0,0.0015189874,0.0015189874,0.0015189874
train,2092,egc,1.0,0.96875,0.90909094,1.0,0.0006751055,0.00084388186,0.00084388186
train,2093,egc,1.0,0.8333333,0.6818182,1.0,0.00016880487,0.00016880487,0.00016880487
train,2094,egc,1.0,0.8333333,0.8333333,1.0,0.00016877637,0.00016877637,0.00016877637
train,2095,egc,1.0,1.0,0.6818182,1.0,0.0005063291,0.0006751055,0.0006751055
train,2096,egc,0.6976744,0.67391306,0.64444447,0.0,0.0,0.0,0.0
train,2097,egb,0.8333333,0.8,0.5,0.0,0.0,0.0,0.0
train,2098,egc,0.4857143,0.33333334,0.33333334,0.0,0.0,0.0,0.0
train,2099,egc,1.0,0.71428573,0.3888889,1.0,0.00033755274,0.00033755274,0.00033755274
train,2100,egc,1.0,1.0,0.9583333,1.0,0.00084388186,0.00084388186,0.00084388186
train,2101,egc,1.0,0.75,0.5116279,1.0,0.00016877637,0.00016877637,0.00016877637
train,2102,egc,1.0,0.8965517,0.79310346,1.0,0.00033755274,0.00033755274,0.0005063291
train,2103,egc,1.0,1.0,1.0,1.0,0.008102633,0.008440243,0.008440243
train,2104,egc,1.0,1.0,1.0,1.0,0.006919831,0.0070886076,0.007257384
train,2105,egc,1.0,1.0,1.0,1.0,0.007763713,0.008101266,0.008270042
train,2106,egc,1.0,1.0,1.0,1.0,0.0020253165,0.0020253165,0.0020253165
train,2107,egc,1.0,1.0,1.0,1.0,0.0020253165,0.0020253165,0.0020253165
train,2108,egc,1.0,1.0,0.75,1.0,0.00050641457,0.00050641457,0.00050641457
train,2109,egc,0.8780488,0.71794873,0.6923077,0.0,0.0,0.0,0.00016877637
train,2110,egc,1.0,1.0,0.969697,1.0,0.00084388186,0.0010126582,0.0010126582
train,2111,egc,1.0,1.0,1.0,1.0,0.0010126582,0.0011814346,0.0011814346
train,2112,egc,0.875,0.5897436,0.5609756,0.0,0.0,0.0,0.00016877637
train,2113,egc,1.0,1.0,0.5660377,1.0,0.00050641457,0.00050641457,0.00050641457
train,2114,egc,0.75,0.75,0.53333336,0.0,0.0,0.0,0.0
train,2115,egc,1.0,0.75,0.625,1.0,0.00033755274,0.00033755274,0.00033755274
train,2116,egc,0.47826087,0.3898305,0.375,0.0,0.0,0.0,0.0
train,2117,egc,1.0,1.0,0.55263156,1.0,0.0005063291,0.0005063291,0.0005063291
train,2118,egc,1.0,1.0,0.7037037,1.0,0.00067521946,0.00067521946,0.00067521946
train,2119,egc,1.0,0.8965517,0.79310346,1.0,0.00033755274,0.00033755274,0.0005063291
train,2120,egc,1.0,1.0,1.0,1.0,0.007763713,0.008101266,0.008270042
train,2121,egc,1.0,1.0,1.0,1.0,0.008101266,0.008270042,0.008438818
train,2122,egc,1.0,1.0,1.0,1.0,0.0020253165,0.0020253165,0.0020253165
train,2123,egc,1.0,1.0,0.75,1.0,0.00050641457,0.00050641457,0.00050641457
train,2124,egc,1.0,1.0,1.0,1.0,0.0035443038,0.0043881857,0.0052320673
train,2125,egc,1.0,1.0,1.0,1.0,0.0015189874,0.0015189874,0.0015189874
train,2126,egc,0.9705882,0.7222222,0.4,0.0,0.00016877637,0.00016877637,0.00016877637
train,2127,egc,0.825,0.825,0.64,0.0,0.0,0.0,0.0
train,2128,egc,1.0,1.0,0.9583333,1.0,0.0008440243,0.0008440243,0.0008440243
train,2129,egc,1.0,0.675,0.627907,1.0,0.00016877637,0.00016877637,0.00016877637
train,2130,egc,1.0,1.0,0.76666665,1.0,0.0006751055,0.0006751055,0.0006751055
train,2131,egc,0.5135135,0.5,0.5,0.0,0.0,0.0,0.0
train,2132,egc,1.0,1.0,1.0,1.0,0.0075949365,0.00793249,0.008101266
train,2133,egc,1.0,1.0,1.0,1.0,0.008102633,0.008440243,0.008440243
train,2134,egc,1.0,1.0,1.0,1.0,0.006919831,0.0070886076,0.007257384
train,2135,egc,1.0,0.9677419,0.75757575,1.0,0.0005063291,0.0006751055,0.0006751055
train,2136,egb,0.6551724,0.5151515,0.5151515,0.0,0.0,0.0,0.0
train,2137,egc,1.0,1.0,0.6666667,1.0,0.0005063291,0.0005063291,0.0005063291
train,2138,egc,1.0,1.0,1.0,1.0,0.0016880486,0.0016880486,0.0021944633
train,2139,egc,0.54545456,0.5,0.5,0.0,0.0,0.0,0.0
train,2140,egc,0.73170733,0.46,0.46,0.0,0.0,0.0,0.0
train,2141,egc,1.0,1.0,0.5660377,1.0,0.0005063291,0.0005063291,0.0005063291
train,2142,egc,1.0,0.71428573,0.3888889,1.0,0.00033755274,0.00033755274,0.00033755274
train,2143,egc,1.0,1.0,0.9583333,1.0,0.0008440243,0.0008440243,0.0008440243
train,2144,egc,0.6764706,0.6764706,0.6764706,0.0,0.0,0.0,0.0
train,2145,egc,0.96,0.96,0.92,0.0,0.0006751055,0.00084388186,0.00084388186
train,2146,egc,1.0,0.8965517,0.6896552,1.0,0.00016877637,0.00016877637,0.0005063291
train,2147,egc,0.9310345,0.78571427,0.78571427,0.0,0.0,0.00016877637,0.00033755274
train,2148,egc,0.6,0.5555556,0.51428574,0.0,0.0,0.0,0.0
train,2149,eps,1.0,0.82222223,0.73170733,1.0,0.00033755274,0.00033755274,0.00033755274
train,2150,egc,1.0,0.5555556,0.5555556,1.0,0.00016877637,0.00016877637,0.00016877637
train,2151,egc,1.0,1.0,0.55263156,1.0,0.0005063291,0.0005063291,0.0005063291
train,2152,egc,0.6111111,0.6111111,0.5714286,0.0,0.0,0.0,0.0
train,2153,egc,0.4473684,0.4473684,0.43243244,0.0,0.0,0.0,0.0
train,2154,egc,1.0,1.0,0.7307692,1.0,0.0006751055,0.0006751055,0.0006751055
train,2155,egc,1.0,0.7647059,0.7586207,1.0,0.00016877637,0.00016877637,0.00016877637
train,2156,egc,1.0,1.0,1.0,1.0,0.008101266,0.008270042,0.008438818
train,2157,egc,1.0,1.0,1.0,1.0,0.0075949365,0.00793249,0.008101266
train,2158,egc,1.0,1.0,1.0,1.0,0.008102633,0.008440243,0.008440243
train,2159,egc,1.0,1.0,1.0,1.0,0.006919831,0.0070886076,0.007257384
train,2160,egb,1.0,1.0,1.0,1.0,0.007763713,0.008101266,0.008270042
train,2161,egc,1.0,1.0,1.0,1.0,0.008101266,0.008270042,0.008438818
train,2162,egc,1.0,1.0,1.0,1.0,0.0075949365,0.00793249,0.008101266
train,2163,egc,1.0,0.60465115,0.60465115,1.0,0.00016880487,0.00016880487,0.00016880487
train,2164,egc,1.0,1.0,1.0,1.0,0.00084388186,0.00084388186,0.00084388186
train,2165,egc,1.0,0.95238096,0.95238096,1.0,0.0016877637,0.0018565401,0.0018565401
train,2166,egc,1.0,1.0,1.0,1.0,0.0020253165,0.0020253165,0.0020253165
train,2167,egc,1.0,1.0,1.0,1.0,0.0020253165,0.0020253165,0.0020253165
train,2168,egc,0.95454544,0.95454544,0.95454544,0.0,0.0013504389,0.0020256583,0.0020256583
train,2169,egc,0.6875,0.5882353,0.5483871,0.0,0.0,0.0,0.0
train,2170,egc,1.0,0.9677419,0.75757575,1.0,0.0005063291,0.0006751055,0.0006751055
train,2171,eps,0.6551724,0.5151515,0.5151515,0.0,0.0,0.0,0.0
train,2172,nc,0.6551724,0.5151515,0.5151515,0.0,0.0,0.0,0.0
train,2173,egc,1.0,1.0,0.8333333,1.0,0.0006751055,0.0006751055,0.0006751055
train,2174,egc,1.0,0.9655172,0.7419355,1.0,0.0005063291,0.0005063291,0.0006751055
train,2175,egc,1.0,0.84615386,0.7241379,1.0,0.00033760973,0.00033760973,0.00033760973
train,2176,egc,1.0,1.0,0.9230769,1.0,0.0006751055,0.004219409,0.0043881857
train,2177,egc,0.9230769,0.9230769,0.9230769,0.0,0.0,0.004219409,0.0043881857
train,2178,egc,1.0,1.0,1.0,1.0,0.0033755274,0.0043881857,0.005063291
train,2179,egc,1.0,0.7647059,0.75757575,1.0,0.00016877637,0.00033755274,0.00033755274
train,2180,egc,1.0,0.7878788,0.7878788,1.0,0.00016880487,0.00016880487,0.00016880487
train,2181,egc,1.0,0.8064516,0.8064516,1.0,0.00016877637,0.00016877637,0.00016877637
train,2182,egc,1.0,0.875,0.8064516,1.0,0.00033755274,0.00033755274,0.0005063291
train,2183,egc,1.0,0.9714286,0.6585366,1.0,0.0005063291,0.0005063291,0.0005063291
train,2184,egc,1.0,1.0,1.0,1.0,0.0018565401,0.0018565401,0.0020253165
train,2185,egc,1.0,1.0,1.0,1.0,0.0016880486,0.0016880486,0.0021944633
train,2186,egc,1.0,1.0,1.0,1.0,0.0020253165,0.0020253165,0.0023628692
train,2187,egb,0.9655172,0.9655172,0.9655172,0.0,0.0016877637,0.0018565401,0.0020253165
train,2188,egc,0.9655172,0.9655172,0.9655172,0.0,0.0016877637,0.0018565401,0.0020253165
train,2189,egc,1.0,1.0,0.9166667,1.0,0.0006751055,0.0011814346,0.0011814346
train,2190,egc,1.0,1.0,0.9166667,1.0,0.0005063291,0.0010126582,0.0011814346
train,2191,egb,1.0,0.9166667,0.9166667,1.0,0.00033760973,0.0010128291,0.0010128291
train,2192,egc,1.0,0.9166667,0.9166667,1.0,0.00033760973,0.0010128291,0.0010128291
train,2193,egc,1.0,1.0,0.97619045,1.0,0.0010126582,0.0010126582,0.0010126582
train,2194,egc,1.0,1.0,1.0,1.0,0.0016880486,0.0016880486,0.0016880486
train,2195,egc,1.0,1.0,0.9714286,1.0,0.00084388186,0.00084388186,0.00084388186
train,2196,egc,0.7567568,0.6086956,0.54347825,0.0,0.0,0.0,0.0
train,2197,egc,1.0,1.0,0.972973,1.0,0.00084388186,0.00084388186,0.00084388186
train,2198,egc,1.0,1.0,0.9714286,1.0,0.00084388186,0.00084388186,0.0010126582
train,2199,egc,0.96153843,0.67741936,0.6,0.0,0.00016880487,0.00016880487,0.00016880487
train,2200,egc,0.61702126,0.61702126,0.61702126,0.0,0.0,0.0,0.0
train,2201,egc,1.0,1.0,0.6818182,1.0,0.0005063291,0.0006751055,0.0006751055
train,2202,egc,0.7234042,0.627907,0.59574467,0.0,0.0,0.0,0.0
train,2203,egb,0.94736844,0.7,0.48,0.0,0.0,0.00016877637,0.00016877637
train,2204,egb,0.9444444,0.6818182,0.5714286,0.0,0.0,0.00016880487,0.00033760973
train,2205,egc,0.8095238,0.45454547,0.37037036,0.0,0.0,0.0,0.0
train,2206,egc,0.8095238,0.32258064,0.31034482,0.0,0.0,0.0,0.0
train,2207,egc,1.0,0.75,0.5116279,1.0,0.00016877637,0.00016877637,0.00016877637
train,2208,egc,0.46153846,0.35416666,0.35416666,0.0,0.0,0.0,0.0
train,2209,egb,1.0,0.6111111,0.55263156,1.0,0.00033755274,0.00033755274,0.00033755274
train,2210,egc,1.0,0.6111111,0.55263156,1.0,0.00033755274,0.00033755274,0.00033755274
train,2211,egc,1.0,1.0,0.7037037,1.0,0.00067521946,0.00067521946,0.00067521946
train,2212,egc,1.0,1.0,1.0,1.0,0.006919831,0.0070886076,0.007257384
train,2213,egc,1.0,1.0,1.0,1.0,0.007763713,0.008101266,0.008270042
train,2214,egc,1.0,1.0,1.0,1.0,0.008101266,0.008270042,0.008438818
train,2215,egc,1.0,1.0,1.0,1.0,0.0075949365,0.00793249,0.008101266
train,2216,egc,1.0,1.0,1.0,1.0,0.008102633,0.008440243,0.008440243
train,2217,egc,1.0,0.96875,0.96875,1.0,0.0010126582,0.001350211,0.0015189874
train,2218,egc,1.0,0.95238096,0.95238096,1.0,0.0016877637,0.0018565401,0.0018565401
train,2219,egc,0.88,0.78571427,0.78571427,0.0,0.0,0.0,0.00016877637
train,2220,egc,1.0,0.6551724,0.6551724,1.0,0.00033755274,0.00033755274,0.00033755274
train,2221,egc,1.0,1.0,0.8333333,1.0,0.00067521946,0.00067521946,0.00067521946
train,2222,egc,1.0,0.7878788,0.7878788,1.0,0.00016877637,0.00016877637,0.00016877637
train,2223,egc,1.0,0.8064516,0.8064516,1.0,0.00033755274,0.00033755274,0.00033755274
train,2224,egc,1.0,0.875,0.8064516,1.0,0.00033755274,0.00033755274,0.0005063291
train,2225,egc,0.625,0.55,0.55,0.0,0.0,0.0,0.0
train,2226,egc,0.7027027,0.5945946,0.5945946,0.0,0.0,0.0,0.0
train,2227,egc,1.0,0.6585366,0.65789473,1.0,0.00033755274,0.00033755274,0.00033755274
train,2228,egc,1.0,1.0,1.0,1.0,0.0021940928,0.0021940928,0.002700422
train,2229,egc,1.0,1.0,0.9166667,1.0,0.0005063291,0.0010126582,0.0011814346
train,2230,egc,1.0,1.0,0.9166667,1.0,0.0006751055,0.0011814346,0.001350211
train,2231,egc,1.0,1.0,0.9166667,1.0,0.00067521946,0.0008440243,0.0010128291
train,2232,egc,1.0,0.9705882,0.9166667,1.0,0.0005063291,0.001350211,0.001350211
train,2233,egc,1.0,0.90909094,0.6216216,1.0,0.00033755274,0.0005063291,0.0005063291
train,2234,eea,1.0,1.0,0.8181818,1.0,0.0006751055,0.0006751055,0.0006751055
train,2235,ei,1.0,1.0,0.8181818,1.0,0.0006751055,0.0006751055,0.0006751055
train,2236,nc,1.0,1.0,0.8181818,1.0,0.0006751055,0.0006751055,0.0006751055
train,2237,egb,1.0,1.0,1.0,1.0,0.0010126582,0.0010126582,0.0010126582
train,2238,egc,1.0,1.0,1.0,1.0,0.0010126582,0.0010126582,0.0010126582
train,2239,eps,1.0,1.0,1.0,1.0,0.0010126582,0.0010126582,0.0010126582
train,2240,nc,1.0,1.0,1.0,1.0,0.0010126582,0.0010126582,0.0010126582
train,2241,eea,1.0,1.0,0.6818182,1.0,0.0005063291,0.0006751055,0.0006751055
train,2242,egb,1.0,1.0,0.6818182,1.0,0.0005063291,0.0006751055,0.0006751055
train,2243,egc,1.0,1.0,0.6818182,1.0,0.0005063291,0.0006751055,0.0006751055
train,2244,nc,1.0,1.0,0.6818182,1.0,0.0005063291,0.0006751055,0.0006751055
train,2245,egb,0.8333333,0.65,0.6,0.0,0.0,0.0,0.0
train,2246,ei,0.8333333,0.65,0.6,0.0,0.0,0.0,0.0
train,2247,egc,1.0,0.6571429,0.41025642,1.0,0.00016877637,0.00016877637,0.00033755274
train,2248,egc,1.0,1.0,0.96,1.0,0.00084388186,0.00084388186,0.00084388186
train,2249,egc,1.0,0.675,0.627907,1.0,0.00016880487,0.00016880487,0.00016880487
train,2250,egc,1.0,0.95238096,0.6666667,1.0,0.0005063291,0.0005063291,0.0005063291
train,2251,egc,0.95454544,0.95454544,0.6923077,0.0,0.0006751055,0.0006751055,0.0006751055
train,2252,egc,0.96428573,0.9285714,0.7586207,0.0,0.00033755274,0.0005063291,0.0005063291
train,2253,egc,1.0,1.0,1.0,1.0,0.0075949365,0.00793249,0.008101266
train,2254,egc,0.8965517,0.7586207,0.7586207,0.0,0.0,0.0,0.00016880487
train,2255,egc,1.0,1.0,1.0,1.0,0.006919831,0.0070886076,0.007257384
train,2256,egc,1.0,1.0,1.0,1.0,0.007763713,0.008101266,0.008270042
train,2257,egc,1.0,1.0,1.0,1.0,0.008101266,0.008270042,0.008438818
train,2258,egc,0.9230769,0.8518519,0.7096774,0.0,0.0,0.00016877637,0.0005063291
train,2259,egc,0.9677419,0.9677419,0.9354839,0.0,0.00067521946,0.0008440243,0.0008440243
train,2260,egc,0.5897436,0.575,0.525,0.0,0.0,0.0,0.0
train,2261,egb,0.9655172,0.8965517,0.76666665,0.0,0.00033755274,0.00033755274,0.0005063291
train,2262,egc,0.96,0.96,0.7307692,0.0,0.0005063291,0.0005063291,0.0006751055
train,2263,egc,0.96,0.96,0.96,0.0,0.0030379747,0.0030379747,0.0043881857
train,2264,egc,1.0,1.0,1.0,1.0,0.0032072924,0.0042201215,0.0050641457
train,2265,egc,0.9677419,0.7741935,0.7741935,0.0,0.00016877637,0.00016877637,0.00016877637
train,2266,egc,0.9677419,0.9032258,0.7741935,0.0,0.00033755274,0.0005063291,0.0005063291
train,2267,egc,0.9,0.6060606,0.5882353,0.0,0.0,0.0,0.00016877637
train,2268,egc,0.7058824,0.65957445,0.57894737,0.0,0.0,0.0,0.0
train,2269,egc,0.96428573,0.96428573,0.96428573,0.0,0.0013504389,0.0018568535,0.0021944633
train,2270,egc,0.9285714,0.8965517,0.8965517,0.0,0.0,0.00016877637,0.0020253165
train,2271,egc,0.9705882,0.9705882,0.8888889,0.0,0.0005063291,0.0005063291,0.0011814346
train,2272,egc,0.9705882,0.6666667,0.6486486,0.0,0.00033755274,0.00033755274,0.00033755274
train,2273,egc,1.0,1.0,0.90909094,1.0,0.0006751055,0.00084388186,0.00084388186
train,2274,egc,1.0,0.97619045,0.97619045,1.0,0.0010128291,0.0010128291,0.0010128291
train,2275,egc,0.65625,0.65625,0.65625,0.0,0.0,0.0,0.0
train,2276,egc,0.96153843,0.7,0.61764705,0.0,0.00016877637,0.00016877637,0.00016877637
train,2277,egc,0.64705884,0.61764705,0.6,0.0,0.0,0.0,0.0
train,2278,egc,0.8518519,0.75,0.6363636,0.0,0.0,0.0,0.00033755274
train,2279,egc,0.9259259,0.7,0.56666666,0.0,0.0,0.00016880487,0.00033760973
train,2280,egc,0.9259259,0.7,0.6,0.0,0.0,0.00016877637,0.00033755274
train,2281,eea,0.96428573,0.87096775,0.87096775,0.0,0.00016877637,0.00016877637,0.0010126582
train,2282,egb,0.96428573,0.87096775,0.87096775,0.0,0.00016877637,0.00016877637,0.0010126582
train,2283,eps,0.96428573,0.87096775,0.87096775,0.0,0.00016877637,0.00016877637,0.0010126582
train,2284,egc,0.96875,0.96875,0.9375,0.0,0.0006751055,0.00084388186,0.00084388186
train,2285,egc,1.0,0.9375,0.7567568,1.0,0.00016877637,0.0005063291,0.0005063291
train,2286,egc,0.6097561,0.5555556,0.5217391,0.0,0.0,0.0,0.0
train,2287,egc,1.0,0.5849057,0.51724136,1.0,0.00016880487,0.00016880487,0.00016880487
train,2288,egb,0.94736844,0.65,0.47826087,0.0,0.0,0.00016877637,0.00016877637
train,2289,egc,0.9705882,0.74285716,0.39534885,0.0,0.00016877637,0.00016877637,0.00016877637
train,2290,egc,0.96153843,0.7407407,0.3611111,0.0,0.00033755274,0.00033755274,0.00033755274
train,2291,egc,0.9583333,0.9583333,0.92,0.0,0.0006751055,0.00084388186,0.00084388186
train,2292,egb,0.39130434,0.375,0.375,0.0,0.0,0.0,0.0
train,2293,egc,0.39130434,0.375,0.375,0.0,0.0,0.0,0.0
train,2294,ei,0.39130434,0.375,0.375,0.0,0.0,0.0,0.0
train,2295,eps,0.39130434,0.375,0.375,0.0,0.0,0.0,0.0
train,2296,nc,0.39130434,0.375,0.375,0.0,0.0,0.0,0.0
train,2297,egc,0.4347826,0.3846154,0.37931034,0.0,0.0,0.0,0.0
train,2298,egc,0.625,0.5,0.4347826,0.0,0.0,0.0,0.0
train,2299,egc,0.9285714,0.8965517,0.7,0.0,0.0,0.00016877637,0.0005063291
train,2300,egc,1.0,0.8333333,0.75757575,1.0,0.00016877637,0.00016877637,0.00016877637
train,2301,egb,0.8965517,0.6896552,0.67741936,0.0,0.0,0.0,0.00016877637
train,2302,egc,1.0,0.8,0.8,1.0,0.00016880487,0.00016880487,0.00016880487
train,2303,egc,0.92,0.92,0.92,0.0,0.0,0.006919831,0.0070886076
train,2304,egc,0.9230769,0.8076923,0.67741936,0.0,0.0,0.00016877637,0.00033755274
train,2305,egc,0.9354839,0.90625,0.90625,0.0,0.0,0.0010126582,0.0010126582
train,2306,egc,0.75,0.75,0.6315789,0.0,0.0,0.0,0.0
train,2307,ei,0.75,0.75,0.6315789,0.0,0.0,0.0,0.0
train,2308,eps,0.75,0.75,0.6315789,0.0,0.0,0.0,0.0
train,2309,nc,0.75,0.75,0.6315789,0.0,0.0,0.0,0.0
train,2310,egc,0.8333333,0.8333333,0.64,0.0,0.0,0.0,0.0
train,2311,egc,0.8965517,0.8666667,0.79310346,0.0,0.0,0.0,0.00050641457
train,2312,egc,0.88,0.84615386,0.7037037,0.0,0.0,0.0,0.00016877637
train,2313,egc,1.0,0.9166667,0.88,1.0,0.00016877637,0.0006751055,0.0015189874
train,2314,egc,0.8857143,0.61764705,0.61764705,0.0,0.0,0.0,0.00016877637
train,2315,egc,1.0,0.9166667,0.88,1.0,0.00016877637,0.0005063291,0.001350211
train,2316,egc,1.0,1.0,1.0,1.0,0.0010128291,0.0010128291,0.004557731
train,2317,egc,1.0,1.0,1.0,1.0,0.00084388186,0.00084388186,0.0048945146
train,2318,egc,1.0,1.0,1.0,1.0,0.0010126582,0.0010126582,0.005063291
train,2319,egb,1.0,1.0,0.9583333,1.0,0.00084388186,0.00084388186,0.0047257384
train,2320,egc,1.0,1.0,1.0,1.0,0.0010126582,0.0010126582,0.0043881857
train,2321,egb,0.6666667,0.6666667,0.6666667,0.0,0.0,0.0,0.0
train,2322,ei,0.6666667,0.6666667,0.6666667,0.0,0.0,0.0,0.0
train,2323,nc,0.6666667,0.6666667,0.6666667,0.0,0.0,0.0,0.0
train,2324,egc,0.9032258,0.875,0.79310346,0.0,0.0,0.00016880487,0.00067521946
train,2325,egc,0.8888889,0.7777778,0.7,0.0,0.0,0.0,0.00033755274
train,2326,egc,0.9,0.59375,0.59375,0.0,0.0,0.0,0.00016877637
train,2327,egc,0.45,0.43589744,0.4054054,0.0,0.0,0.0,0.0
train,2328,egc,0.8965517,0.8965517,0.8965517,0.0,0.0,0.0,0.0018565401
train,2329,egc,0.80851066,0.7916667,0.7916667,0.0,0.0,0.0,0.0
train,2330,egc,1.0,0.9375,0.75,1.0,0.00016877637,0.0005063291,0.0005063291
train,2331,egc,0.969697,0.7777778,0.7777778,0.0,0.00016877637,0.00016877637,0.00016877637
train,2332,egc,0.6744186,0.6216216,0.6216216,0.0,0.0,0.0,0.0
train,2333,egc,0.6976744,0.5277778,0.5135135,0.0,0.0,0.0,0.0
train,2334,egc,1.0,0.57894737,0.57894737,1.0,0.00016880487,0.00016880487,0.00016880487
train,2335,egc,0.974359,0.59574467,0.575,0.0,0.00016877637,0.00016877637,0.00016877637
train,2336,egc,0.7037037,0.6551724,0.6551724,0.0,0.0,0.0,0.0
train,2337,egc,0.625,0.5416667,0.49056605,0.0,0.0,0.0,0.0
train,2338,eea,1.0,0.625,0.5135135,1.0,0.00016877637,0.00016877637,0.00016877637
train,2339,egb,1.0,0.625,0.5135135,1.0,0.00016877637,0.00016877637,0.00016877637
train,2340,eps,1.0,0.625,0.5135135,1.0,0.00016877637,0.00016877637,0.00016877637
train,2341,nc,1.0,0.625,0.5135135,1.0,0.00016877637,0.00016877637,0.00016877637
train,2342,ei,1.0,0.5862069,0.5714286,1.0,0.00016877637,0.00016877637,0.00016877637
train,2343,eps,1.0,0.5862069,0.5714286,1.0,0.00016877637,0.00016877637,0.00016877637
train,2344,nc,1.0,0.5862069,0.5714286,1.0,0.00016877637,0.00016877637,0.00016877637
train,2345,egc,0.8787879,0.6969697,0.4,0.0,0.0,0.0,0.00033755274
train,2346,egc,0.5555556,0.5,0.46875,0.0,0.0,0.0,0.0
train,2347,egc,1.0,0.6764706,0.6,1.0,0.00016877637,0.00016877637,0.00016877637
train,2348,egc,0.71875,0.6969697,0.6571429,0.0,0.0,0.0,0.0
train,2349,egc,1.0,0.6486486,0.62857145,1.0,0.00016877637,0.00016877637,0.00016877637
train,2350,egc,1.0,0.6969697,0.6111111,1.0,0.00016877637,0.00016877637,0.00016877637
train,2351,egc,1.0,0.6969697,0.64705884,1.0,0.00016880487,0.00016880487,0.00016880487
train,2352,egc,0.64705884,0.61764705,0.53846157,0.0,0.0,0.0,0.0
train,2353,egc,0.42424244,0.375,0.3548387,0.0,0.0,0.0,0.0
train,2354,egc,0.5641026,0.43243244,0.42168674,0.0,0.0,0.0,0.0
train,2355,egc,0.75384617,0.5797101,0.5555556,0.0,0.0,0.0,0.0
train,2356,egc,0.6216216,0.5974026,0.5647059,0.0,0.0,0.0,0.0
train,2357,egc,0.66101694,0.63265306,0.63265306,0.0,0.0,0.0,0.0
train,2358,egc,0.6585366,0.6136364,0.6136364,0.0,0.0,0.0,0.0
train,2359,egc,0.7297297,0.28,0.28,0.0,0.0,0.0,0.0
train,2360,egc,0.7297297,0.28301886,0.28301886,0.0,0.0,0.0,0.0
train,2361,eea,0.47619048,0.45454547,0.45454547,0.0,0.0,0.0,0.0
train,2362,egb,0.47619048,0.45454547,0.45454547,0.0,0.0,0.0,0.0
train,2363,ei,0.47619048,0.45454547,0.45454547,0.0,0.0,0.0,0.0
train,2364,eps,0.47619048,0.45454547,0.45454547,0.0,0.0,0.0,0.0
train,2365,egc,0.79310346,0.76666665,0.76666665,0.0,0.0,0.0,0.0
train,2366,egc,1.0,0.95652175,0.7692308,1.0,0.0006751055,0.0006751055,0.0006751055
train,2367,egc,1.0,0.95652175,0.8076923,1.0,0.0005063291,0.0005063291,0.0005063291
train,2368,egc,1.0,0.95652175,0.8076923,1.0,0.0006751055,0.0006751055,0.0006751055
train,2369,egc,1.0,0.95652175,0.8076923,1.0,0.0006751055,0.0006751055,0.0006751055
train,2370,egc,0.7878788,0.7878788,0.7878788,0.0,0.0,0.0,0.0
train,2371,egc,0.8518519,0.7407407,0.6451613,0.0,0.0,0.0,0.00033755274
train,2372,egc,0.9032258,0.6857143,0.6585366,0.0,0.0,0.00016877637,0.00016877637
train,2373,egc,0.7105263,0.6666667,0.5869565,0.0,0.0,0.0,0.0
train,2374,egc,1.0,0.4814815,0.4814815,1.0,0.00033755274,0.00033755274,0.00033755274
train,2375,egc,1.0,0.5,0.4848485,1.0,0.00033760973,0.00033760973,0.00033760973
train,2376,egc,0.32,0.32,0.3043478,0.0,0.0,0.0,0.0
train,2377,eea,1.0,0.4814815,0.44827586,1.0,0.00016877637,0.00016877637,0.00016877637
train,2378,nc,1.0,0.4814815,0.44827586,1.0,0.00016877637,0.00016877637,0.00016877637
train,2379,egb,1.0,0.5,0.47058824,1.0,0.00016877637,0.00016877637,0.00016877637
train,2380,nc,1.0,0.5,0.47058824,1.0,0.00016877637,0.00016877637,0.00016877637
train,2381,eea,0.6,0.6,0.6,0.0,0.0,0.0,0.0
train,2382,egc,0.6,0.6,0.6,0.0,0.0,0.0,0.0
train,2383,nc,0.6,0.6,0.6,0.0,0.0,0.0,0.0
train,2384,egc,0.73913044,0.68,0.68,0.0,0.0,0.0,0.0
train,2385,egb,1.0,0.5277778,0.41463414,1.0,0.00016880487,0.00016880487,0.00016880487
train,2386,egc,1.0,0.5277778,0.41463414,1.0,0.00016880487,0.00016880487,0.00016880487
train,2387,egb,1.0,0.76666665,0.7419355,1.0,0.00016877637,0.00016877637,0.00016877637
train,2388,egc,0.5675676,0.53846157,0.5185185,0.0,0.0,0.0,0.0
train,2389,egc,0.7692308,0.76,0.7037037,0.0,0.0,0.0,0.0
train,2390,egc,0.8333333,0.8333333,0.8333333,0.0,0.0,0.0,0.0
train,2391,eea,0.95652175,0.95652175,0.95652175,0.0,0.001350211,0.001350211,0.001350211
train,2392,ei,0.95652175,0.95652175,0.95652175,0.0,0.001350211,0.001350211,0.001350211
train,2393,eps,0.95652175,0.95652175,0.95652175,0.0,0.001350211,0.001350211,0.001350211
train,2394,nc,0.95652175,0.95652175,0.95652175,0.0,0.001350211,0.001350211,0.001350211
train,2395,egc,1.0,1.0,0.95652175,1.0,0.001350211,0.001350211,0.001350211
train,2396,eea,1.0,1.0,0.95652175,1.0,0.001350211,0.001350211,0.001350211
train,2397,egc,1.0,1.0,0.95652175,1.0,0.001350211,0.001350211,0.001350211
train,2398,eps,1.0,1.0,0.95652175,1.0,0.001350211,0.001350211,0.001350211
train,2399,nc,1.0,1.0,0.95652175,1.0,0.001350211,0.001350211,0.001350211
train,2400,egc,1.0,1.0,1.0,1.0,0.0018565401,0.0018565401,0.0018565401
train,2401,egc,0.8148148,0.7777778,0.6296296,0.0,0.0,0.0,0.0
train,2402,egc,0.58181816,0.5625,0.5102041,0.0,0.0,0.0,0.0
train,2403,egc,0.8,0.56666666,0.53125,0.0,0.0,0.0,0.0
train,2404,egc,0.42,0.39215687,0.36956522,0.0,0.0,0.0,0.0
train,2405,egc,0.7058824,0.57575756,0.57575756,0.0,0.0,0.0,0.0
train,2406,egc,1.0,0.8064516,0.8,1.0,0.00016877637,0.00016877637,0.00016877637
train,2407,eea,0.8064516,0.75757575,0.7419355,0.0,0.0,0.0,0.0
train,2408,egb,0.8064516,0.75757575,0.7419355,0.0,0.0,0.0,0.0
train,2409,egc,0.8064516,0.75757575,0.7419355,0.0,0.0,0.0,0.0
train,2410,ei,0.8064516,0.75757575,0.7419355,0.0,0.0,0.0,0.0
train,2411,eps,0.8064516,0.75757575,0.7419355,0.0,0.0,0.0,0.0
train,2412,nc,0.8064516,0.75757575,0.7419355,0.0,0.0,0.0,0.0
train,2413,egb,0.8108108,0.8108108,0.8108108,0.0,0.0,0.0,0.0
train,2414,egc,0.8108108,0.8108108,0.8108108,0.0,0.0,0.0,0.0
train,2415,egc,0.8484849,0.8235294,0.8235294,0.0,0.0,0.0,0.0
train,2416,egc,0.8604651,0.8604651,0.8372093,0.0,0.0,0.0,0.0005063291
train,2417,egc,0.6818182,0.6,0.59183675,0.0,0.0,0.0,0.0
train,2418,egb,0.7777778,0.6511628,0.6086956,0.0,0.0,0.0,0.0
train,2419,egc,0.8484849,0.7777778,0.6666667,0.0,0.0,0.0,0.0
train,2420,egc,0.7878788,0.68292683,0.63414633,0.0,0.0,0.0,0.0
train,2421,egc,0.7297297,0.64285713,0.54545456,0.0,0.0,0.0,0.0
train,2422,egc,0.6764706,0.61764705,0.61764705,0.0,0.0,0.0,0.0
train,2423,eea,0.79310346,0.79310346,0.76666665,0.0,0.0,0.0,0.0
train,2424,egc,0.79310346,0.79310346,0.76666665,0.0,0.0,0.0,0.0
train,2425,eps,0.79310346,0.79310346,0.76666665,0.0,0.0,0.0,0.0
train,2426,egc,0.5510204,0.5254237,0.4923077,0.0,0.0,0.0,0.0
train,2427,egc,0.8780488,0.65789473,0.65789473,0.0,0.0,0.0,0.00016877637
train,2428,egc,0.6923077,0.6111111,0.6111111,0.0,0.0,0.0,0.0
train,2429,egc,0.5945946,0.5121951,0.47619048,0.0,0.0,0.0,0.0
train,2430,egc,0.75,0.75,0.75,0.0,0.0,0.0,0.0
train,2431,egc,1.0,1.0,0.51428574,1.0,0.0005063291,0.0005063291,0.0005063291
train,2432,eea,1.0,0.51428574,0.39473686,1.0,0.00016877637,0.00016877637,0.00016877637
train,2433,ei,1.0,0.51428574,0.39473686,1.0,0.00016877637,0.00016877637,0.00016877637
train,2434,eps,1.0,0.51428574,0.39473686,1.0,0.00016877637,0.00016877637,0.00016877637
train,2435,egc,1.0,0.58064514,0.58064514,1.0,0.00016877637,0.00016877637,0.00016877637
train,2436,egc,0.9714286,0.55,0.47619048,0.0,0.00016880487,0.00016880487,0.00016880487
train,2437,egc,1.0,0.5714286,0.48979592,1.0,0.00033755274,0.00033755274,0.00033755274
train,2438,egc,1.0,0.8888889,0.8888889,1.0,0.00033755274,0.00033755274,0.0020253165
train,2439,egc,0.7,0.6388889,0.6216216,0.0,0.0,0.0,0.0
train,2440,egc,1.0,0.9259259,0.89285713,1.0,0.00016877637,0.0005063291,0.0018565401
train,2441,egc,1.0,1.0,1.0,1.0,0.0010128291,0.0010128291,0.0016880486
train,2442,egb,0.7878788,0.7647059,0.7647059,0.0,0.0,0.0,0.0
train,2443,egc,1.0,0.8333333,0.8,1.0,0.00016877637,0.00016877637,0.00016877637
train,2444,egc,1.0,0.7,0.7,1.0,0.00016877637,0.00016877637,0.00016877637
train,2445,egc,0.87096775,0.8064516,0.8064516,0.0,0.0,0.0,0.00033755274
train,2446,eea,0.8604651,0.75,0.75,0.0,0.0,0.0,0.00016880487
train,2447,egb,0.8604651,0.75,0.75,0.0,0.0,0.0,0.00016880487
train,2448,nc,0.8604651,0.75,0.75,0.0,0.0,0.0,0.00016880487
train,2449,eea,1.0,0.62068963,0.62068963,1.0,0.00016877637,0.00016877637,0.00016877637
train,2450,egb,1.0,0.62068963,0.62068963,1.0,0.00016877637,0.00016877637,0.00016877637
train,2451,ei,1.0,0.62068963,0.62068963,1.0,0.00016877637,0.00016877637,0.00016877637
train,2452,eps,1.0,0.62068963,0.62068963,1.0,0.00016877637,0.00016877637,0.00016877637
train,2453,egc,1.0,0.61702126,0.61702126,1.0,0.00016880487,0.00016880487,0.00016880487
train,2454,egc,1.0,0.7297297,0.7105263,1.0,0.00016877637,0.00016877637,0.00016877637
train,2455,egc,0.8108108,0.65789473,0.65789473,0.0,0.0,0.0,0.0
train,2456,egc,1.0,0.5714286,0.5675676,1.0,0.00033755274,0.00033755274,0.00033755274
train,2457,egc,1.0,0.7241379,0.7241379,1.0,0.00016877637,0.00016877637,0.00016877637
train,2458,egc,1.0,0.8888889,0.8888889,1.0,0.00033760973,0.00033760973,0.0016880486
train,2459,egc,1.0,0.962963,0.962963,1.0,0.0011814346,0.001350211,0.0016877637
train,2460,egb,1.0,1.0,1.0,1.0,0.001350211,0.001350211,0.0020253165
train,2461,egb,1.0,1.0,1.0,1.0,0.001350211,0.001350211,0.0021940928
train,2462,egc,1.0,1.0,1.0,1.0,0.0011814346,0.0011814346,0.0018565401
train,2463,egc,1.0,0.7,0.7,1.0,0.00016880487,0.00016880487,0.00016880487
train,2464,egc,0.6363636,0.6363636,0.55932206,0.0,0.0,0.0,0.0
train,2465,egc,1.0,0.8064516,0.8064516,1.0,0.00016877637,0.00016877637,0.00033755274
train,2466,egc,1.0,0.7297297,0.7297297,1.0,0.00016877637,0.00016877637,0.00016877637
train,2467,egc,1.0,0.6944444,0.64102566,1.0,0.00016877637,0.00016877637,0.00016877637
train,2468,egc,1.0,0.8333333,0.8,1.0,0.00016880487,0.00016880487,0.00016880487
train,2469,egc,1.0,0.8108108,0.8064516,1.0,0.00016877637,0.00016877637,0.00033755274
train,2470,egc,1.0,0.73333335,0.5645161,1.0,0.00033755274,0.00033755274,0.00033755274
train,2471,egc,1.0,1.0,0.6,1.0,0.0006751055,0.0006751055,0.0006751055
train,2472,egc,1.0,1.0,0.5,1.0,0.0005063291,0.0005063291,0.0005063291
train,2473,egc,1.0,0.5660377,0.48076922,1.0,0.00016880487,0.00016880487,0.00016880487
train,2474,egc,0.61904764,0.61904764,0.61904764,0.0,0.0,0.0,0.0
train,2475,egc,0.47058824,0.47058824,0.35,0.0,0.0,0.0,0.0
train,2476,ei,0.47058824,0.47058824,0.35,0.0,0.0,0.0,0.0
train,2477,nc,0.47058824,0.47058824,0.35,0.0,0.0,0.0,0.0
train,2478,egc,0.5714286,0.4893617,0.4888889,0.0,0.0,0.0,0.0
train,2479,egc,0.8484849,0.8484849,0.75757575,0.0,0.0,0.0,0.0
train,2480,egc,0.8333333,0.7297297,0.71794873,0.0,0.0,0.0,0.0
train,2481,egc,0.61904764,0.47368422,0.47368422,0.0,0.0,0.0,0.0
train,2482,egc,0.8,0.61904764,0.47368422,0.0,0.0,0.0,0.0
train,2483,egc,1.0,0.5652174,0.39130434,1.0,0.00016877637,0.00016877637,0.00016877637
train,2484,egc,0.33333334,0.32258064,0.31034482,0.0,0.0,0.0,0.0
train,2485,egc,1.0,0.37931034,0.37931034,1.0,0.00016877637,0.00016877637,0.00016877637
train,2486,egc,0.5483871,0.45945945,0.3939394,0.0,0.0,0.0,0.0
train,2487,egc,0.5,0.375,0.3548387,0.0,0.0,0.0,0.0
train,2488,egc,0.4,0.33333334,0.33333334,0.0,0.0,0.0,0.0
train,2489,egb,0.65217394,0.625,0.625,0.0,0.0,0.0,0.0
train,2490,ei,0.65217394,0.625,0.625,0.0,0.0,0.0,0.0
train,2491,eps,0.65217394,0.625,0.625,0.0,0.0,0.0,0.0
train,2492,eea,0.7,0.67741936,0.67741936,0.0,0.0,0.0,0.0
train,2493,egb,0.7,0.67741936,0.67741936,0.0,0.0,0.0,0.0
train,2494,nc,0.7,0.67741936,0.67741936,0.0,0.0,0.0,0.0
train,2495,eea,0.6785714,0.6785714,0.5862069,0.0,0.0,0.0,0.0
train,2496,egb,0.6785714,0.6785714,0.5862069,0.0,0.0,0.0,0.0
train,2497,ei,0.6785714,0.6785714,0.5862069,0.0,0.0,0.0,0.0
train,2498,egb,1.0,0.5555556,0.51724136,1.0,0.00016880487,0.00016880487,0.00016880487
train,2499,ei,1.0,0.5555556,0.51724136,1.0,0.00016880487,0.00016880487,0.00016880487
train,2500,nc,1.0,0.5555556,0.51724136,1.0,0.00016880487,0.00016880487,0.00016880487
train,2501,eea,0.57575756,0.57575756,0.5151515,0.0,0.0,0.0,0.0
train,2502,egb,0.57575756,0.57575756,0.5151515,0.0,0.0,0.0,0.0
train,2503,eps,0.57575756,0.57575756,0.5151515,0.0,0.0,0.0,0.0
train,2504,nc,0.57575756,0.57575756,0.5151515,0.0,0.0,0.0,0.0
train,2505,egb,0.43333334,0.43333334,0.43333334,0.0,0.0,0.0,0.0
train,2506,egc,0.43333334,0.43333334,0.43333334,0.0,0.0,0.0,0.0
train,2507,eea,1.0,0.52,0.52,1.0,0.00016880487,0.00016880487,0.00016880487
train,2508,egb,1.0,0.52,0.52,1.0,0.00016880487,0.00016880487,0.00016880487
train,2509,eps,1.0,0.52,0.52,1.0,0.00016880487,0.00016880487,0.00016880487
train,2510,nc,1.0,0.52,0.52,1.0,0.00016880487,0.00016880487,0.00016880487
train,2511,eea,1.0,0.5483871,0.5483871,1.0,0.00016877637,0.00016877637,0.00016877637
train,2512,egb,1.0,0.5483871,0.5483871,1.0,0.00016877637,0.00016877637,0.00016877637
train,2513,egc,0.36666667,0.36666667,0.32142857,0.0,0.0,0.0,0.0
train,2514,egc,0.8,0.75757575,0.35135135,0.0,0.0,0.0,0.0
train,2515,egc,0.7407407,0.71428573,0.27272728,0.0,0.0,0.0,0.0
train,2516,eea,0.5652174,0.5652174,0.4347826,0.0,0.0,0.0,0.0
train,2517,ei,0.5652174,0.5652174,0.4347826,0.0,0.0,0.0,0.0
train,2518,eps,0.5652174,0.5652174,0.4347826,0.0,0.0,0.0,0.0
train,2519,nc,0.5652174,0.5652174,0.4347826,0.0,0.0,0.0,0.0
train,2520,egc,0.9047619,0.64,0.61538464,0.0,0.0,0.00033755274,0.00033755274
train,2521,egc,1.0,0.6923077,0.6666667,1.0,0.00016877637,0.00033755274,0.00033755274
train,2522,egc,1.0,0.6923077,0.6666667,1.0,0.00016877637,0.00033755274,0.00033755274
train,2523,eea,0.37142858,0.37142858,0.37142858,0.0,0.0,0.0,0.0
train,2524,egc,0.37142858,0.37142858,0.37142858,0.0,0.0,0.0,0.0
train,2525,eps,0.37142858,0.37142858,0.37142858,0.0,0.0,0.0,0.0
train,2526,nc,0.37142858,0.37142858,0.37142858,0.0,0.0,0.0,0.0
train,2527,egc,0.8,0.46153846,0.34285715,0.0,0.0,0.0,0.0
train,2528,egb,0.44444445,0.44444445,0.44444445,0.0,0.0,0.0,0.0
train,2529,egc,0.44444445,0.44444445,0.44444445,0.0,0.0,0.0,0.0
train,2530,ei,0.44444445,0.44444445,0.44444445,0.0,0.0,0.0,0.0
train,2531,eps,0.44444445,0.44444445,0.44444445,0.0,0.0,0.0,0.0
train,2532,nc,0.44444445,0.44444445,0.44444445,0.0,0.0,0.0,0.0
train,2533,eea,0.61290324,0.61290324,0.57575756,0.0,0.0,0.0,0.0
train,2534,ei,0.61290324,0.61290324,0.57575756,0.0,0.0,0.0,0.0
train,2535,eps,0.61290324,0.61290324,0.57575756,0.0,0.0,0.0,0.0
train,2536,egb,0.5652174,0.5652174,0.4347826,0.0,0.0,0.0,0.0
train,2537,ei,0.5652174,0.5652174,0.4347826,0.0,0.0,0.0,0.0
train,2538,eps,0.5652174,0.5652174,0.4347826,0.0,0.0,0.0,0.0
train,2539,egc,0.5,0.5,0.48387095,0.0,0.0,0.0,0.0
train,2540,egc,0.54545456,0.47619048,0.47619048,0.0,0.0,0.0,0.0
train,2541,ei,0.54545456,0.47619048,0.47619048,0.0,0.0,0.0,0.0
train,2542,egb,0.45454547,0.41666666,0.41666666,0.0,0.0,0.0,0.0
train,2543,egc,0.45454547,0.41666666,0.41666666,0.0,0.0,0.0,0.0
train,2544,ei,0.45454547,0.41666666,0.41666666,0.0,0.0,0.0,0.0
train,2545,egb,0.5,0.5,0.48387095,0.0,0.0,0.0,0.0
train,2546,ei,0.5,0.5,0.48387095,0.0,0.0,0.0,0.0
train,2547,eea,0.61290324,0.61290324,0.54545456,0.0,0.0,0.0,0.0
train,2548,egb,0.61290324,0.61290324,0.54545456,0.0,0.0,0.0,0.0
train,2549,ei,0.61290324,0.61290324,0.54545456,0.0,0.0,0.0,0.0
train,2550,eps,0.61290324,0.61290324,0.54545456,0.0,0.0,0.0,0.0
train,2551,egc,0.61538464,0.5769231,0.53571427,0.0,0.0,0.0,0.0
train,2552,egc,1.0,1.0,0.56,1.0,0.0006751055,0.0006751055,0.0006751055
train,2553,egc,1.0,1.0,0.56666666,1.0,0.0006751055,0.0006751055,0.0006751055
train,2554,egc,0.56666666,0.56666666,0.56666666,0.0,0.0,0.0,0.0
train,2555,eea,0.52380955,0.4090909,0.4090909,0.0,0.0,0.0,0.0
train,2556,ei,0.52380955,0.4090909,0.4090909,0.0,0.0,0.0,0.0
train,2557,eea,0.52380955,0.42857143,0.3809524,0.0,0.0,0.0,0.0
train,2558,ei,0.52380955,0.42857143,0.3809524,0.0,0.0,0.0,0.0
train,2559,eea,0.53846157,0.5185185,0.5185185,0.0,0.0,0.0,0.0
train,2560,egb,0.53846157,0.5185185,0.5185185,0.0,0.0,0.0,0.0
train,2561,ei,0.53846157,0.5185185,0.5185185,0.0,0.0,0.0,0.0
train,2562,eps,0.53846157,0.5185185,0.5185185,0.0,0.0,0.0,0.0
train,2563,eea,1.0,0.44117647,0.42857143,1.0,0.00016880487,0.00016880487,0.00016880487
train,2564,egb,1.0,0.44117647,0.42857143,1.0,0.00016880487,0.00016880487,0.00016880487
train,2565,ei,1.0,0.44117647,0.42857143,1.0,0.00016880487,0.00016880487,0.00016880487
train,2566,eps,1.0,0.44117647,0.42857143,1.0,0.00016880487,0.00016880487,0.00016880487
train,2567,eea,0.41666666,0.41666666,0.3809524,0.0,0.0,0.0,0.0
train,2568,egb,0.41666666,0.41666666,0.3809524,0.0,0.0,0.0,0.0
train,2569,egc,0.41666666,0.41666666,0.3809524,0.0,0.0,0.0,0.0
train,2570,ei,0.41666666,0.41666666,0.3809524,0.0,0.0,0.0,0.0
train,2571,egb,0.41935483,0.41935483,0.41935483,0.0,0.0,0.0,0.0
train,2572,egc,0.41935483,0.41935483,0.41935483,0.0,0.0,0.0,0.0
train,2573,eps,0.41935483,0.41935483,0.41935483,0.0,0.0,0.0,0.0
train,2574,eea,0.375,0.375,0.375,0.0,0.0,0.0,0.0
train,2575,egb,0.375,0.375,0.375,0.0,0.0,0.0,0.0
train,2576,ei,0.375,0.375,0.375,0.0,0.0,0.0,0.0
train,2577,eps,0.375,0.375,0.375,0.0,0.0,0.0,0.0
train,2578,nc,0.375,0.375,0.375,0.0,0.0,0.0,0.0
train,2579,egb,0.4642857,0.4642857,0.46153846,0.0,0.0,0.0,0.0
train,2580,ei,0.4642857,0.4642857,0.46153846,0.0,0.0,0.0,0.0
train,2581,eea,0.5,0.5,0.5,0.0,0.0,0.0,0.0
train,2582,egb,0.5,0.5,0.5,0.0,0.0,0.0,0.0
train,2583,eps,0.5,0.5,0.5,0.0,0.0,0.0,0.0
train,2584,eea,0.47619048,0.47619048,0.47619048,0.0,0.0,0.0,0.0
train,2585,egb,0.47619048,0.47619048,0.47619048,0.0,0.0,0.0,0.0
train,2586,eps,0.47619048,0.47619048,0.47619048,0.0,0.0,0.0,0.0
train,2587,egc,1.0,1.0,0.4516129,1.0,0.00050641457,0.00050641457,0.00050641457
train,2588,egc,1.0,0.53125,0.53125,1.0,0.00033755274,0.00033755274,0.00033755274
train,2589,eea,0.47619048,0.47619048,0.33333334,0.0,0.0,0.0,0.0
train,2590,egb,0.47619048,0.47619048,0.33333334,0.0,0.0,0.0,0.0
train,2591,egc,0.47619048,0.47619048,0.33333334,0.0,0.0,0.0,0.0
train,2592,eps,0.47619048,0.47619048,0.33333334,0.0,0.0,0.0,0.0
train,2593,nc,0.47619048,0.47619048,0.33333334,0.0,0.0,0.0,0.0
train,2594,egb,1.0,0.4516129,0.44,1.0,0.00016877637,0.00016877637,0.00016877637
train,2595,eps,1.0,0.4516129,0.44,1.0,0.00016877637,0.00016877637,0.00016877637
train,2596,nc,1.0,0.4516129,0.44,1.0,0.00016877637,0.00016877637,0.00016877637
train,2597,ei,1.0,0.5,0.5,1.0,0.00016877637,0.00016877637,0.00016877637
train,2598,nc,1.0,0.5,0.5,1.0,0.00016877637,0.00016877637,0.00016877637
train,2599,egb,0.57575756,0.5625,0.5588235,0.0,0.0,0.0,0.0
train,2600,eps,0.57575756,0.5625,0.5588235,0.0,0.0,0.0,0.0
train,2601,nc,0.57575756,0.5625,0.5588235,0.0,0.0,0.0,0.0
train,2602,ei,0.6451613,0.625,0.59375,0.0,0.0,0.0,0.0
train,2603,eps,0.6451613,0.625,0.59375,0.0,0.0,0.0,0.0
train,2604,eps,0.61538464,0.5769231,0.53571427,0.0,0.0,0.0,0.0
train,2605,nc,0.61538464,0.5769231,0.53571427,0.0,0.0,0.0,0.0
train,2606,egb,1.0,0.67741936,0.67741936,1.0,0.00016877637,0.00016877637,0.00016877637
train,2607,ei,1.0,0.67741936,0.67741936,1.0,0.00016877637,0.00016877637,0.00016877637
train,2608,eps,1.0,0.67741936,0.67741936,1.0,0.00016877637,0.00016877637,0.00016877637
train,2609,nc,1.0,0.67741936,0.67741936,1.0,0.00016877637,0.00016877637,0.00016877637
train,2610,egb,0.67741936,0.67741936,0.58064514,0.0,0.0,0.0,0.0
train,2611,ei,0.67741936,0.67741936,0.58064514,0.0,0.0,0.0,0.0
train,2612,eps,0.67741936,0.67741936,0.58064514,0.0,0.0,0.0,0.0
train,2613,nc,0.67741936,0.67741936,0.58064514,0.0,0.0,0.0,0.0
train,2614,eea,0.5769231,0.5769231,0.56,0.0,0.0,0.0,0.0
train,2615,eps,0.5769231,0.5769231,0.56,0.0,0.0,0.0,0.0
train,2616,nc,0.5769231,0.5769231,0.56,0.0,0.0,0.0,0.0
train,2617,eea,0.56666666,0.56666666,0.56666666,0.0,0.0,0.0,0.0
train,2618,ei,0.56666666,0.56666666,0.56666666,0.0,0.0,0.0,0.0
train,2619,eps,0.56666666,0.56666666,0.56666666,0.0,0.0,0.0,0.0
train,2620,nc,0.56666666,0.56666666,0.56666666,0.0,0.0,0.0,0.0
train,2621,eea,1.0,0.56,0.5,1.0,0.00016880487,0.00016880487,0.00016880487
train,2622,egb,1.0,0.56,0.5,1.0,0.00016880487,0.00016880487,0.00016880487
train,2623,ei,1.0,0.56,0.5,1.0,0.00016880487,0.00016880487,0.00016880487
train,2624,nc,1.0,0.56,0.5,1.0,0.00016880487,0.00016880487,0.00016880487
train,2625,eea,0.55172414,0.55172414,0.55172414,0.0,0.0,0.0,0.0
train,2626,eps,0.55172414,0.55172414,0.55172414,0.0,0.0,0.0,0.0
train,2627,eea,1.0,0.46153846,0.4,1.0,0.00016877637,0.00016877637,0.00016877637
train,2628,egb,1.0,0.46153846,0.4,1.0,0.00016877637,0.00016877637,0.00016877637
train,2629,egc,1.0,0.46153846,0.4,1.0,0.00016877637,0.00016877637,0.00016877637
train,2630,eps,1.0,0.46153846,0.4,1.0,0.00016877637,0.00016877637,0.00016877637
train,2631,egc,0.45652175,0.42553192,0.4090909,0.0,0.0,0.0,0.0
train,2632,egc,1.0,1.0,0.44117647,1.0,0.0006751055,0.0006751055,0.0006751055
train,2633,eea,0.7,0.5416667,0.52,0.0,0.0,0.0,0.0
train,2634,eps,0.7,0.5416667,0.52,0.0,0.0,0.0,0.0
train,2635,eea,0.47619048,0.39130434,0.39130434,0.0,0.0,0.0,0.0
train,2636,egc,0.47619048,0.39130434,0.39130434,0.0,0.0,0.0,0.0
train,2637,ei,0.47619048,0.39130434,0.39130434,0.0,0.0,0.0,0.0
train,2638,eps,0.47619048,0.39130434,0.39130434,0.0,0.0,0.0,0.0
train,2639,nc,0.47619048,0.39130434,0.39130434,0.0,0.0,0.0,0.0
train,2640,egc,1.0,1.0,0.51724136,1.0,0.0005063291,0.0005063291,0.0005063291
train,2641,egc,0.36666667,0.25,0.24242425,0.0,0.0,0.0,0.0
train,2642,egc,0.4814815,0.3125,0.27272728,0.0,0.0,0.0,0.0
train,2643,egc,0.4814815,0.37931034,0.375,0.0,0.0,0.0,0.0
train,2644,eea,0.48,0.48,0.46153846,0.0,0.0,0.0,0.0
train,2645,egb,0.48,0.48,0.46153846,0.0,0.0,0.0,0.0
train,2646,ei,0.48,0.48,0.46153846,0.0,0.0,0.0,0.0
train,2647,eps,0.48,0.48,0.46153846,0.0,0.0,0.0,0.0
train,2648,egc,1.0,0.6944444,0.6944444,1.0,0.00016877637,0.00016877637,0.00016877637
train,2649,eea,1.0,0.5,0.5,1.0,0.00016880487,0.00016880487,0.00016880487
train,2650,eps,1.0,0.5,0.5,1.0,0.00016880487,0.00016880487,0.00016880487
train,2651,nc,1.0,0.5,0.5,1.0,0.00016880487,0.00016880487,0.00016880487
train,2652,egc,1.0,1.0,0.5,1.0,0.0005063291,0.0005063291,0.0005063291
train,2653,eea,0.67741936,0.6060606,0.6060606,0.0,0.0,0.0,0.0
train,2654,egb,0.67741936,0.6060606,0.6060606,0.0,0.0,0.0,0.0
train,2655,egc,0.6666667,0.6666667,0.6666667,0.0,0.0,0.0,0.0
train,2656,egc,0.8125,0.75757575,0.7352941,0.0,0.0,0.0,0.0
train,2657,eea,0.6666667,0.64285713,0.53571427,0.0,0.0,0.0,0.0
train,2658,egb,0.6666667,0.64285713,0.53571427,0.0,0.0,0.0,0.0
train,2659,ei,0.6666667,0.64285713,0.53571427,0.0,0.0,0.0,0.0
train,2660,eps,0.6666667,0.64285713,0.53571427,0.0,0.0,0.0,0.0
train,2661,nc,0.6666667,0.64285713,0.53571427,0.0,0.0,0.0,0.0
train,2662,eea,1.0,0.51724136,0.516129,1.0,0.00016877637,0.00016877637,0.00016877637
train,2663,ei,1.0,0.51724136,0.516129,1.0,0.00016877637,0.00016877637,0.00016877637
train,2664,eps,1.0,0.51724136,0.516129,1.0,0.00016877637,0.00016877637,0.00016877637
train,2665,egc,0.46153846,0.33333334,0.33333334,0.0,0.0,0.0,0.0
train,2666,egc,0.34285715,0.24324325,0.23076923,0.0,0.0,0.0,0.0
train,2667,egc,1.0,0.5555556,0.5555556,1.0,0.00016877637,0.00016877637,0.00016877637
train,2668,egc,0.32,0.3043478,0.29411766,0.0,0.0,0.0,0.0
train,2669,egc,1.0,0.425,0.2857143,1.0,0.00016877637,0.00016877637,0.00016877637
train,2670,egc,0.63265306,0.54901963,0.54901963,0.0,0.0,0.0,0.0
train,2671,eps,0.71428573,0.71428573,0.71428573,0.0,0.0,0.0,0.0
train,2672,eea,1.0,0.7241379,0.6896552,1.0,0.00016877637,0.00016877637,0.00016877637
train,2673,egb,1.0,0.7241379,0.6896552,1.0,0.00016877637,0.00016877637,0.00016877637
train,2674,ei,1.0,0.7241379,0.6896552,1.0,0.00016877637,0.00016877637,0.00016877637
train,2675,nc,1.0,0.7241379,0.6896552,1.0,0.00016877637,0.00016877637,0.00016877637
train,2676,ei,0.8888889,0.8888889,0.7,0.0,0.0,0.0,0.00050641457
train,2677,nc,0.8888889,0.8888889,0.7,0.0,0.0,0.0,0.00050641457
train,2678,eea,1.0,0.7777778,0.7777778,1.0,0.00016877637,0.00016877637,0.00016877637
train,2679,egb,1.0,0.7777778,0.7777778,1.0,0.00016877637,0.00016877637,0.00016877637
train,2680,eps,1.0,0.7777778,0.7777778,1.0,0.00016877637,0.00016877637,0.00016877637
train,2681,nc,1.0,0.7777778,0.7777778,1.0,0.00016877637,0.00016877637,0.00016877637
train,2682,eea,0.8888889,0.7241379,0.7241379,0.0,0.0,0.0,0.00033755274
train,2683,ei,0.8888889,0.7241379,0.7241379,0.0,0.0,0.0,0.00033755274
train,2684,nc,0.8888889,0.7241379,0.7241379,0.0,0.0,0.0,0.00033755274
train,2685,eea,1.0,0.7777778,0.7777778,1.0,0.00016877637,0.00016877637,0.00016877637
train,2686,eps,1.0,0.7777778,0.7777778,1.0,0.00016877637,0.00016877637,0.00016877637
train,2687,nc,1.0,0.7777778,0.7777778,1.0,0.00016877637,0.00016877637,0.00016877637
train,2688,eea,1.0,0.5925926,0.5862069,1.0,0.00016880487,0.00016880487,0.00016880487
train,2689,egb,1.0,0.5925926,0.5862069,1.0,0.00016880487,0.00016880487,0.00016880487
train,2690,eps,1.0,0.5925926,0.5862069,1.0,0.00016880487,0.00016880487,0.00016880487
train,2691,nc,1.0,0.5925926,0.5862069,1.0,0.00016880487,0.00016880487,0.00016880487
train,2692,eea,0.6,0.6,0.5833333,0.0,0.0,0.0,0.0
train,2693,eps,0.6,0.6,0.5833333,0.0,0.0,0.0,0.0
train,2694,nc,0.6,0.6,0.5833333,0.0,0.0,0.0,0.0
train,2695,egb,0.64705884,0.62857145,0.62857145,0.0,0.0,0.0,0.0
train,2696,ei,0.64705884,0.62857145,0.62857145,0.0,0.0,0.0,0.0
train,2697,eps,0.64705884,0.62857145,0.62857145,0.0,0.0,0.0,0.0
train,2698,eea,0.6,0.6,0.6,0.0,0.0,0.0,0.0
train,2699,ei,0.6,0.6,0.6,0.0,0.0,0.0,0.0
train,2700,eps,0.6,0.6,0.6,0.0,0.0,0.0,0.0
train,2701,egc,0.41666666,0.4054054,0.4,0.0,0.0,0.0,0.0
train,2702,eea,0.56,0.56,0.56,0.0,0.0,0.0,0.0
train,2703,ei,0.56,0.56,0.56,0.0,0.0,0.0,0.0
train,2704,nc,0.56,0.56,0.56,0.0,0.0,0.0,0.0
train,2705,eea,0.6,0.56666666,0.56666666,0.0,0.0,0.0,0.0
train,2706,egb,0.6,0.56666666,0.56666666,0.0,0.0,0.0,0.0
train,2707,ei,0.6,0.56666666,0.56666666,0.0,0.0,0.0,0.0
train,2708,eps,0.6,0.56666666,0.56666666,0.0,0.0,0.0,0.0
train,2709,nc,0.6,0.56666666,0.56666666,0.0,0.0,0.0,0.0
train,2710,egb,0.5769231,0.56,0.56,0.0,0.0,0.0,0.0
train,2711,eea,0.625,0.625,0.625,0.0,0.0,0.0,0.0
train,2712,nc,0.625,0.625,0.625,0.0,0.0,0.0,0.0
train,2713,egb,1.0,0.5625,0.5625,1.0,0.00016877637,0.00016877637,0.00016877637
train,2714,ei,1.0,0.5625,0.5625,1.0,0.00016877637,0.00016877637,0.00016877637
train,2715,eps,1.0,0.5625,0.5625,1.0,0.00016877637,0.00016877637,0.00016877637
train,2716,nc,1.0,0.5625,0.5625,1.0,0.00016877637,0.00016877637,0.00016877637
train,2717,eea,0.61538464,0.61538464,0.5862069,0.0,0.0,0.0,0.0
train,2718,egb,0.61538464,0.61538464,0.5862069,0.0,0.0,0.0,0.0
train,2719,eps,0.61538464,0.61538464,0.5862069,0.0,0.0,0.0,0.0
train,2720,nc,0.61538464,0.61538464,0.5862069,0.0,0.0,0.0,0.0
train,2721,ei,0.6333333,0.6333333,0.57575756,0.0,0.0,0.0,0.0
train,2722,nc,0.6333333,0.6333333,0.57575756,0.0,0.0,0.0,0.0
train,2723,egb,0.6060606,0.5588235,0.55172414,0.0,0.0,0.0,0.0
train,2724,egc,0.6060606,0.5588235,0.55172414,0.0,0.0,0.0,0.0
train,2725,nc,0.6060606,0.5588235,0.55172414,0.0,0.0,0.0,0.0
train,2726,eea,0.71875,0.6333333,0.6,0.0,0.0,0.0,0.0
train,2727,egb,0.71875,0.6333333,0.6,0.0,0.0,0.0,0.0
train,2728,egc,0.71875,0.6333333,0.6,0.0,0.0,0.0,0.0
train,2729,ei,0.71875,0.6333333,0.6,0.0,0.0,0.0,0.0
train,2730,eps,0.71875,0.6333333,0.6,0.0,0.0,0.0,0.0
train,2731,nc,0.71875,0.6333333,0.6,0.0,0.0,0.0,0.0
train,2732,egb,0.6451613,0.6451613,0.5588235,0.0,0.0,0.0,0.0
train,2733,ei,0.6451613,0.6451613,0.5588235,0.0,0.0,0.0,0.0
train,2734,eps,0.6451613,0.6451613,0.5588235,0.0,0.0,0.0,0.0
train,2735,egb,0.5925926,0.5925926,0.5925926,0.0,0.0,0.0,0.0
train,2736,eps,0.5925926,0.5925926,0.5925926,0.0,0.0,0.0,0.0
train,2737,nc,0.5925926,0.5925926,0.5925926,0.0,0.0,0.0,0.0
train,2738,egb,0.6666667,0.6571429,0.64705884,0.0,0.0,0.0,0.0
train,2739,ei,0.6666667,0.6571429,0.64705884,0.0,0.0,0.0,0.0
train,2740,eps,0.6666667,0.6571429,0.64705884,0.0,0.0,0.0,0.0
train,2741,eea,1.0,0.7096774,0.6,1.0,0.00016877637,0.00016877637,0.00016877637
train,2742,egb,1.0,0.7096774,0.6,1.0,0.00016877637,0.00016877637,0.00016877637
train,2743,ei,1.0,0.7096774,0.6,1.0,0.00016877637,0.00016877637,0.00016877637
train,2744,eps,1.0,0.7096774,0.6,1.0,0.00016877637,0.00016877637,0.00016877637
train,2745,nc,1.0,0.7096774,0.6,1.0,0.00016877637,0.00016877637,0.00016877637
train,2746,eea,1.0,0.5862069,0.5862069,1.0,0.00016877637,0.00016877637,0.00016877637
train,2747,egb,1.0,0.5862069,0.5862069,1.0,0.00016877637,0.00016877637,0.00016877637
train,2748,nc,1.0,0.5862069,0.5862069,1.0,0.00016877637,0.00016877637,0.00016877637
train,2749,eea,0.6451613,0.6451613,0.57575756,0.0,0.0,0.0,0.0
train,2750,ei,0.6451613,0.6451613,0.57575756,0.0,0.0,0.0,0.0
train,2751,eps,0.6451613,0.6451613,0.57575756,0.0,0.0,0.0,0.0
train,2752,eea,0.5925926,0.5769231,0.5769231,0.0,0.0,0.0,0.0
train,2753,egb,0.5925926,0.5769231,0.5769231,0.0,0.0,0.0,0.0
train,2754,ei,0.5925926,0.5769231,0.5769231,0.0,0.0,0.0,0.0
train,2755,eps,0.5925926,0.5769231,0.5769231,0.0,0.0,0.0,0.0
train,2756,nc,0.5925926,0.5769231,0.5769231,0.0,0.0,0.0,0.0
train,2757,eea,0.6571429,0.6571429,0.62857145,0.0,0.0,0.0,0.0
train,2758,egb,0.6571429,0.6571429,0.62857145,0.0,0.0,0.0,0.0
train,2759,eps,0.6571429,0.6571429,0.62857145,0.0,0.0,0.0,0.0
train,2760,ei,0.7096774,0.7096774,0.7096774,0.0,0.0,0.0,0.0
train,2761,nc,0.7096774,0.7096774,0.7096774,0.0,0.0,0.0,0.0
train,2762,ei,0.6111111,0.6111111,0.6111111,0.0,0.0,0.0,0.0
train,2763,eps,0.6111111,0.6111111,0.6111111,0.0,0.0,0.0,0.0
train,2764,eea,0.55,0.53571427,0.53571427,0.0,0.0,0.0,0.0
train,2765,egb,0.55,0.53571427,0.53571427,0.0,0.0,0.0,0.0
train,2766,ei,0.55,0.53571427,0.53571427,0.0,0.0,0.0,0.0
train,2767,nc,0.55,0.53571427,0.53571427,0.0,0.0,0.0,0.0
train,2768,egb,1.0,0.53125,0.5151515,1.0,0.00016880487,0.00016880487,0.00016880487
train,2769,nc,1.0,0.53125,0.5151515,1.0,0.00016880487,0.00016880487,0.00016880487
train,2770,egc,0.4489796,0.36666667,0.32,0.0,0.0,0.0,0.0
train,2771,egc,1.0,1.0,1.0,1.0,0.0010126582,0.0010126582,0.0010126582
train,2772,egc,1.0,1.0,0.71428573,1.0,0.0006751055,0.0006751055,0.0006751055
train,2773,egc,1.0,1.0,1.0,1.0,0.0010126582,0.0010126582,0.0010126582
train,2774,egc,1.0,1.0,1.0,1.0,0.0008440243,0.0008440243,0.0008440243
train,2775,egc,0.8,0.6060606,0.6060606,0.0,0.0,0.0,0.0
train,2776,egc,0.45833334,0.43243244,0.43243244,0.0,0.0,0.0,0.0
train,2777,eea,0.5833333,0.56,0.48387095,0.0,0.0,0.0,0.0
train,2778,egb,0.5833333,0.56,0.48387095,0.0,0.0,0.0,0.0
train,2779,egc,0.5833333,0.56,0.48387095,0.0,0.0,0.0,0.0
train,2780,nc,0.5833333,0.56,0.48387095,0.0,0.0,0.0,0.0
train,2781,eea,1.0,0.5,0.5,1.0,0.00016880487,0.00016880487,0.00016880487
train,2782,ei,1.0,0.5,0.5,1.0,0.00016880487,0.00016880487,0.00016880487
train,2783,eps,1.0,0.5,0.5,1.0,0.00016880487,0.00016880487,0.00016880487
train,2784,nc,1.0,0.5,0.5,1.0,0.00016880487,0.00016880487,0.00016880487
train,2785,egc,0.7741935,0.72727275,0.6216216,0.0,0.0,0.0,0.0
train,2786,egc,0.8965517,0.7741935,0.67741936,0.0,0.0,0.0,0.00033755274
train,2787,egc,0.9,0.8235294,0.65625,0.0,0.0,0.0,0.00033760973
train,2788,egc,0.9,0.8,0.6363636,0.0,0.0,0.0,0.00033755274
train,2789,egc,0.8235294,0.74285716,0.575,0.0,0.0,0.0,0.0
train,2790,egc,0.67741936,0.6363636,0.5675676,0.0,0.0,0.0,0.0
train,2791,egc,0.72,0.41379312,0.41379312,0.0,0.0,0.0,0.0
train,2792,egc,0.6969697,0.42307693,0.41935483,0.0,0.0,0.0,0.0
train,2793,eea,1.0,0.625,0.625,1.0,0.00016877637,0.00016877637,0.00016877637
train,2794,egb,1.0,0.625,0.625,1.0,0.00016877637,0.00016877637,0.00016877637
train,2795,ei,1.0,0.625,0.625,1.0,0.00016877637,0.00016877637,0.00016877637
train,2796,eps,1.0,0.625,0.625,1.0,0.00016877637,0.00016877637,0.00016877637
train,2797,egb,0.64285713,0.64285713,0.54545456,0.0,0.0,0.0,0.0
train,2798,eps,0.64285713,0.64285713,0.54545456,0.0,0.0,0.0,0.0
train,2799,nc,0.64285713,0.64285713,0.54545456,0.0,0.0,0.0,0.0
train,2800,eea,0.64285713,0.64285713,0.60714287,0.0,0.0,0.0,0.0
train,2801,egb,0.64285713,0.64285713,0.60714287,0.0,0.0,0.0,0.0
train,2802,eps,0.64285713,0.64285713,0.60714287,0.0,0.0,0.0,0.0
train,2803,nc,0.64285713,0.64285713,0.60714287,0.0,0.0,0.0,0.0
train,2804,eea,0.53571427,0.53571427,0.51724136,0.0,0.0,0.0,0.0
train,2805,egb,0.53571427,0.53571427,0.51724136,0.0,0.0,0.0,0.0
train,2806,eea,0.6,0.6,0.6,0.0,0.0,0.0,0.0
train,2807,egb,0.6,0.6,0.6,0.0,0.0,0.0,0.0
train,2808,eps,0.6,0.6,0.6,0.0,0.0,0.0,0.0
train,2809,eea,0.5833333,0.5833333,0.55,0.0,0.0,0.0,0.0
train,2810,ei,0.5833333,0.5833333,0.55,0.0,0.0,0.0,0.0
train,2811,eea,0.53125,0.5151515,0.5151515,0.0,0.0,0.0,0.0
train,2812,ei,0.53125,0.5151515,0.5151515,0.0,0.0,0.0,0.0
train,2813,eps,0.53125,0.5151515,0.5151515,0.0,0.0,0.0,0.0
train,2814,nc,0.53125,0.5151515,0.5151515,0.0,0.0,0.0,0.0
train,2815,eea,1.0,0.625,0.625,1.0,0.00016877637,0.00016877637,0.00016877637
train,2816,egb,1.0,0.625,0.625,1.0,0.00016877637,0.00016877637,0.00016877637
train,2817,ei,1.0,0.625,0.625,1.0,0.00016877637,0.00016877637,0.00016877637
train,2818,eea,1.0,0.57575756,0.5483871,1.0,0.00016877637,0.00016877637,0.00016877637
train,2819,ei,1.0,0.57575756,0.5483871,1.0,0.00016877637,0.00016877637,0.00016877637
train,2820,eps,1.0,0.57575756,0.5483871,1.0,0.00016877637,0.00016877637,0.00016877637
train,2821,egb,1.0,0.57575756,0.57575756,1.0,0.00016877637,0.00016877637,0.00016877637
train,2822,eea,0.55172414,0.55172414,0.55172414,0.0,0.0,0.0,0.0
train,2823,egb,0.55172414,0.55172414,0.55172414,0.0,0.0,0.0,0.0
train,2824,eps,0.55172414,0.55172414,0.55172414,0.0,0.0,0.0,0.0
train,2825,nc,0.55172414,0.55172414,0.55172414,0.0,0.0,0.0,0.0
train,2826,egc,0.3488372,0.3030303,0.2739726,0.0,0.0,0.0,0.0
train,2827,eea,0.5882353,0.5882353,0.57575756,0.0,0.0,0.0,0.0
train,2828,egb,0.5882353,0.5882353,0.57575756,0.0,0.0,0.0,0.0
train,2829,eps,0.5882353,0.5882353,0.57575756,0.0,0.0,0.0,0.0
train,2830,nc,0.5882353,0.5882353,0.57575756,0.0,0.0,0.0,0.0
train,2831,eea,0.57575756,0.57575756,0.57575756,0.0,0.0,0.0,0.0
train,2832,ei,0.57575756,0.57575756,0.57575756,0.0,0.0,0.0,0.0
train,2833,nc,0.57575756,0.57575756,0.57575756,0.0,0.0,0.0,0.0
train,2834,egc,0.53488374,0.46153846,0.4318182,0.0,0.0,0.0,0.0
train,2835,egc,0.5777778,0.46938777,0.41509435,0.0,0.0,0.0,0.0
train,2836,egc,0.75757575,0.7222222,0.38636363,0.0,0.0,0.0,0.0
train,2837,egc,0.6969697,0.6571429,0.4390244,0.0,0.0,0.0,0.0
train,2838,tg,0.4878049,0.37777779,0.36956522,0.0,0.0,0.0,0.0
train,2839,tg,0.55,0.42553192,0.3617021,0.0,0.0,0.0,0.0
train,2840,tg,1.0,0.6896552,0.6896552,1.0,0.00016877637,0.00016877637,0.00033755274
train,2841,tg,0.9310345,0.8965517,0.7241379,0.0,0.0,0.00016880487,0.00050641457
train,2842,tg,0.5897436,0.4722222,0.45714286,0.0,0.0,0.0,0.0
train,2843,tg,0.4857143,0.43243244,0.4,0.0,0.0,0.0,0.0
train,2844,tg,0.7735849,0.55932206,0.47058824,0.0,0.0,0.0,0.0
train,2845,tg,0.73913044,0.7346939,0.55932206,0.0,0.0,0.0,0.0
train,2846,tg,1.0,0.7209302,0.7058824,1.0,0.00016880487,0.00016880487,0.00016880487
train,2847,tg,0.7735849,0.7058824,0.6981132,0.0,0.0,0.0,0.0
train,2848,tg,1.0,0.51111114,0.47058824,1.0,0.00016877637,0.00016877637,0.00016877637
train,2849,tg,0.7090909,0.5283019,0.5084746,0.0,0.0,0.0,0.0
train,2850,tg,1.0,0.7209302,0.5283019,1.0,0.00016877637,0.00016877637,0.00016877637
train,2851,tg,0.5714286,0.4814815,0.4375,0.0,0.0,0.0,0.0
train,2852,tg,0.5151515,0.4864865,0.4,0.0,0.0,0.0,0.0
train,2853,tg,0.44186047,0.4,0.37254903,0.0,0.0,0.0,0.0
train,2854,tg,0.42857143,0.39130434,0.38636363,0.0,0.0,0.0,0.0
train,2855,tg,0.6363636,0.42857143,0.38235295,0.0,0.0,0.0,0.0
train,2856,tg,0.45454547,0.41666666,0.40625,0.0,0.0,0.0,0.0
train,2857,tg,0.5714286,0.5483871,0.53125,0.0,0.0,0.0,0.0
train,2858,tg,0.6363636,0.42857143,0.39473686,0.0,0.0,0.0,0.0
train,2859,tg,0.96153843,0.55172414,0.51724136,0.0,0.00016877637,0.00016877637,0.00016877637
train,2860,tg,0.96153843,0.5833333,0.53125,0.0,0.00016877637,0.00016877637,0.00016877637
train,2861,tg,0.7647059,0.7058824,0.6216216,0.0,0.0,0.0,0.0
train,2862,tg,0.67741936,0.625,0.5882353,0.0,0.0,0.0,0.0
train,2863,tg,0.74285716,0.7058824,0.6388889,0.0,0.0,0.0,0.0
train,2864,tg,0.7647059,0.6756757,0.6216216,0.0,0.0,0.0,0.0
train,2865,tg,0.74285716,0.6388889,0.6216216,0.0,0.0,0.0,0.0
train,2866,tg,1.0,0.67741936,0.6216216,1.0,0.00016880487,0.00016880487,0.00016880487
train,2867,tg,0.7058824,0.6875,0.6111111,0.0,0.0,0.0,0.0
train,2868,tg,1.0,0.6666667,0.6216216,1.0,0.00016877637,0.00016877637,0.00016877637
train,2869,tg,0.71875,0.6764706,0.6451613,0.0,0.0,0.0,0.0
train,2870,tg,0.6969697,0.6666667,0.6111111,0.0,0.0,0.0,0.0
train,2871,tg,1.0,0.6486486,0.6052632,1.0,0.00016880487,0.00016880487,0.00016880487
train,2872,tg,0.6764706,0.6571429,0.6486486,0.0,0.0,0.0,0.0
train,2873,tg,1.0,0.6969697,0.6764706,1.0,0.00016877637,0.00016877637,0.00016877637
train,2874,tg,0.6388889,0.5675676,0.5365854,0.0,0.0,0.0,0.0
train,2875,tg,0.7,0.64705884,0.57575756,0.0,0.0,0.0,0.0
train,2876,tg,0.40625,0.40625,0.3611111,0.0,0.0,0.0,0.0
train,2877,tg,0.55,0.48387095,0.41666666,0.0,0.0,0.0,0.0
train,2878,tg,0.6666667,0.55172414,0.53333336,0.0,0.0,0.0,0.0
train,2879,tg,0.8214286,0.6,0.516129,0.0,0.0,0.0,0.0
train,2880,tg,0.57575756,0.5405405,0.5,0.0,0.0,0.0,0.0
train,2881,tg,0.6060606,0.5588235,0.5588235,0.0,0.0,0.0,0.0
train,2882,tg,0.8305085,0.5735294,0.45679012,0.0,0.0,0.0,0.0
train,2883,tg,0.7903226,0.5405405,0.45454547,0.0,0.0,0.0,0.0
train,2884,tg,0.8305085,0.5416667,0.47297296,0.0,0.0,0.0,0.0
train,2885,tg,1.0,0.425,0.2857143,1.0,0.00016877637,0.00016877637,0.00016877637
train,2886,tg,0.7209302,0.3137255,0.27450982,0.0,0.0,0.0,0.0
train,2887,tg,0.4054054,0.34615386,0.32941177,0.0,0.0,0.0,0.0
train,2888,tg,0.5625,0.5294118,0.5294118,0.0,0.0,0.0,0.0
train,2889,tg,0.87096775,0.87096775,0.45714286,0.0,0.0,0.0,0.0005063291
train,2890,tg,1.0,0.87096775,0.43243244,1.0,0.00033755274,0.00033755274,0.0005063291
train,2891,tg,1.0,0.5294118,0.4318182,1.0,0.00016880487,0.00016880487,0.00033760973
train,2892,tg,0.90909094,0.5294118,0.4,0.0,0.0,0.00033755274,0.00033755274
train,2893,tg,1.0,0.4318182,0.4318182,1.0,0.00016877637,0.00033755274,0.00033755274
train,2894,tg,1.0,0.4864865,0.4318182,1.0,0.00016877637,0.00033755274,0.00033755274
train,2895,tg,0.68421054,0.60465115,0.5652174,0.0,0.0,0.0,0.0
train,2896,tg,0.61904764,0.5652174,0.40425533,0.0,0.0,0.0,0.0
train,2897,tg,0.62222224,0.6,0.5416667,0.0,0.0,0.0,0.0
train,2898,tg,0.65,0.5777778,0.5416667,0.0,0.0,0.0,0.0
train,2899,tg,0.85714287,0.65,0.61904764,0.0,0.0,0.0,0.00016877637
train,2900,tg,0.53846157,0.53846157,0.47142857,0.0,0.0,0.0,0.0
train,2901,tg,0.48333332,0.46153846,0.3968254,0.0,0.0,0.0,0.0
train,2902,tg,0.56666666,0.47142857,0.38271606,0.0,0.0,0.0,0.0
train,2903,tg,0.6451613,0.4054054,0.37288135,0.0,0.0,0.0,0.0
train,2904,tg,0.8,0.47058824,0.46341464,0.0,0.0,0.0,0.0
train,2905,tg,0.8,0.4516129,0.41860464,0.0,0.0,0.0,0.0
train,2906,tg,0.85714287,0.60465115,0.55813956,0.0,0.0,0.0,0.00016880487
train,2907,tg,0.8541667,0.6181818,0.6181818,0.0,0.0,0.0,0.00016877637
train,2908,tg,0.8541667,0.68,0.66,0.0,0.0,0.0,0.00016877637
train,2909,tg,0.72,0.63265306,0.5344828,0.0,0.0,0.0,0.0
train,2910,tg,1.0,0.74418604,0.6530612,1.0,0.00033755274,0.00033755274,0.00033755274
train,2911,tg,1.0,0.74418604,0.6530612,1.0,0.00033760973,0.00033760973,0.00033760973
train,2912,tg,0.9736842,0.75,0.72727275,0.0,0.00033755274,0.00033755274,0.00033755274
train,2913,tg,0.5492958,0.5135135,0.33870968,0.0,0.0,0.0,0.0
train,2914,tg,0.852459,0.53521127,0.4,0.0,0.0,0.0,0.00016877637
train,2915,tg,0.852459,0.5492958,0.42168674,0.0,0.0,0.0,0.00016877637
train,2916,tg,0.82539684,0.5135135,0.38372093,0.0,0.0,0.0,0.0
train,2917,tg,0.5,0.32,0.30769232,0.0,0.0,0.0,0.0
train,2918,tg,0.9402985,0.4861111,0.41860464,0.0,0.0,0.00016877637,0.00016877637
train,2919,tg,0.9324324,0.5675676,0.47252747,0.0,0.0,0.00016877637,0.00016877637
train,2920,tg,0.7368421,0.5675676,0.53333336,0.0,0.0,0.0,0.0
train,2921,tg,0.95,0.6075949,0.47252747,0.0,0.0,0.00016880487,0.00016880487
train,2922,tg,0.95,0.6315789,0.48863637,0.0,0.0,0.00016877637,0.00016877637
train,2923,tg,0.9324324,0.5,0.41758242,0.0,0.0,0.00016877637,0.00016877637
train,2924,tg,0.9402985,0.5285714,0.45238096,0.0,0.0,0.00016877637,0.00016877637
train,2925,tg,0.86885244,0.43421054,0.38372093,0.0,0.0,0.0,0.00016877637
train,2926,tg,0.8852459,0.44871795,0.42168674,0.0,0.0,0.0,0.00016880487
train,2927,tg,0.8852459,0.44155845,0.39726028,0.0,0.0,0.0,0.00033755274
train,2928,tg,0.5873016,0.43529412,0.36363637,0.0,0.0,0.0,0.0
train,2929,tg,0.5873016,0.4642857,0.44262296,0.0,0.0,0.0,0.0
train,2930,tg,0.83076924,0.369863,0.3375,0.0,0.0,0.0,0.0
train,2931,tg,0.8939394,0.39759037,0.3882353,0.0,0.0,0.0,0.00016880487
train,2932,tg,0.8939394,0.45783132,0.45783132,0.0,0.0,0.0,0.00016877637
train,2933,tg,0.68,0.65957445,0.46153846,0.0,0.0,0.0,0.0
train,2934,tg,0.73913044,0.65384614,0.625,0.0,0.0,0.0,0.0
train,2935,tg,0.8695652,0.754717,0.68,0.0,0.0,0.0,0.00033755274
train,2936,tg,1.0,0.85106385,0.73333335,1.0,0.00016880487,0.00016880487,0.00050641457
train,2937,tg,1.0,0.85106385,0.73333335,1.0,0.00016877637,0.00016877637,0.0005063291
train,2938,tg,0.85106385,0.754717,0.63461536,0.0,0.0,0.0,0.00033755274
train,2939,tg,0.5,0.34375,0.33333334,0.0,0.0,0.0,0.0
train,2940,tg,0.4651163,0.44444445,0.42553192,0.0,0.0,0.0,0.0
train,2941,tg,0.734375,0.43835616,0.3768116,0.0,0.0,0.0,0.0
train,2942,tg,0.734375,0.4520548,0.39130434,0.0,0.0,0.0,0.0
train,2943,tg,0.7258065,0.4827586,0.44444445,0.0,0.0,0.0,0.0
train,2944,tg,1.0,0.5090909,0.5084746,1.0,0.00016877637,0.00016877637,0.00016877637
train,2945,tg,1.0,0.84444445,0.73333335,1.0,0.00033755274,0.00033755274,0.00033755274
train,2946,tg,0.84444445,0.84444445,0.5964912,0.0,0.0,0.0,0.0
train,2947,tg,1.0,0.73333335,0.63461536,1.0,0.00016877637,0.00016877637,0.00016877637
train,2948,tg,0.8245614,0.4918033,0.4918033,0.0,0.0,0.0,0.0
train,2949,tg,0.8245614,0.509434,0.45762712,0.0,0.0,0.0,0.0
train,2950,tg,0.5,0.30769232,0.2682927,0.0,0.0,0.0,0.0
train,2951,tg,0.6666667,0.5,0.47058824,0.0,0.0,0.0,0.0
train,2952,tg,0.6730769,0.5409836,0.3809524,0.0,0.0,0.0,0.0
train,2953,tg,0.6862745,0.6181818,0.5409836,0.0,0.0,0.0,0.0
train,2954,tg,0.73170733,0.6730769,0.44262296,0.0,0.0,0.0,0.0
train,2955,tg,0.8181818,0.62857145,0.53488374,0.0,0.0,0.0,0.0
train,2956,tg,0.75,0.61904764,0.47727272,0.0,0.0,0.0,0.0
train,2957,tg,0.75,0.6111111,0.5510204,0.0,0.0,0.0,0.0
train,2958,tg,0.77272725,0.7234042,0.6938776,0.0,0.0,0.0,0.0
train,2959,tg,0.8636364,0.6530612,0.6415094,0.0,0.0,0.0,0.00016877637
train,2960,tg,1.0,0.8636364,0.72727275,1.0,0.00033755274,0.00033755274,0.0005063291
train,2961,tg,0.974359,0.84444445,0.72727275,0.0,0.00033760973,0.00033760973,0.00033760973
train,2962,tg,0.8095238,0.65909094,0.6585366,0.0,0.0,0.0,0.0
train,2963,tg,0.8095238,0.68085104,0.6530612,0.0,0.0,0.0,0.0
train,2964,tg,1.0,0.74418604,0.72727275,1.0,0.00033755274,0.00033755274,0.00033755274
train,2965,tg,0.7704918,0.75409836,0.72307694,0.0,0.0,0.0,0.0
train,2966,tg,0.8867925,0.7,0.6363636,0.0,0.0,0.0,0.00016880487
train,2967,tg,0.8305085,0.6935484,0.671875,0.0,0.0,0.0,0.0
train,2968,tg,0.9411765,0.75,0.6885246,0.0,0.0,0.00016877637,0.00033755274
train,2969,tg,0.9411765,0.7118644,0.671875,0.0,0.0,0.00016877637,0.00016877637
train,2970,tg,0.8301887,0.76666665,0.7169811,0.0,0.0,0.0,0.0
train,2971,tg,0.9464286,0.8103448,0.754717,0.0,0.0,0.00016880487,0.00016880487
train,2972,tg,0.9464286,0.76666665,0.72307694,0.0,0.0,0.00016877637,0.00033755274
train,2973,tg,0.8301887,0.74509805,0.6666667,0.0,0.0,0.0,0.0
train,2974,tg,0.86206895,0.8103448,0.7704918,0.0,0.0,0.0,0.00016877637
train,2975,tg,0.90909094,0.8333333,0.8333333,0.0,0.0,0.00016877637,0.00033755274
train,2976,tg,1.0,0.88235295,0.86538464,1.0,0.00016880487,0.00016880487,0.0013504389
train,2977,tg,1.0,0.85714287,0.82978725,1.0,0.00016877637,0.00016877637,0.0005063291
train,2978,tg,1.0,0.85714287,0.8367347,1.0,0.00016877637,0.00016877637,0.0005063291
train,2979,tg,1.0,0.6727273,0.6229508,1.0,0.00016877637,0.00016877637,0.00016877637
train,2980,tg,1.0,0.6727273,0.6393443,1.0,0.00016877637,0.00016877637,0.00016877637
train,2981,tg,0.640625,0.6393443,0.5714286,0.0,0.0,0.0,0.0
train,2982,tg,0.86538464,0.8181818,0.7758621,0.0,0.0,0.0,0.00033755274
train,2983,tg,0.78571427,0.7258065,0.67741936,0.0,0.0,0.0,0.0
train,2984,tg,0.69491524,0.6666667,0.6393443,0.0,0.0,0.0,0.0
train,2985,tg,0.8541667,0.8113208,0.74545455,0.0,0.0,0.0,0.00016877637
train,2986,tg,0.9411765,0.8113208,0.78846157,0.0,0.0,0.00016880487,0.00016880487
train,2987,tg,0.9411765,0.78431374,0.75409836,0.0,0.0,0.00016877637,0.00016877637
train,2988,tg,0.97619045,0.8541667,0.75510204,0.0,0.00016877637,0.00016877637,0.0005063291
train,2989,tg,0.97619045,0.8367347,0.7755102,0.0,0.00016877637,0.00016877637,0.00016877637
train,2990,tg,1.0,0.88235295,0.86538464,1.0,0.00016877637,0.00033755274,0.001350211
train,2991,tg,0.8541667,0.8113208,0.74545455,0.0,0.0,0.0,0.00016880487
train,2992,tg,0.9230769,0.86538464,0.78571427,0.0,0.0,0.00016877637,0.0005063291
train,2993,tg,0.9230769,0.8113208,0.78846157,0.0,0.0,0.00016877637,0.00016877637
train,2994,tg,0.92156863,0.88235295,0.78431374,0.0,0.0,0.00016877637,0.0005063291
train,2995,tg,0.92156863,0.8039216,0.7592593,0.0,0.0,0.00016877637,0.00016877637
train,2996,tg,0.9375,0.84313726,0.8333333,0.0,0.0,0.00033760973,0.00033760973
train,2997,tg,0.9166667,0.8541667,0.8367347,0.0,0.0,0.00033755274,0.0006751055
train,2998,tg,1.0,0.7173913,0.64705884,1.0,0.00016877637,0.00016877637,0.00016877637
train,2999,tg,0.7291667,0.7254902,0.6792453,0.0,0.0,0.0,0.0
train,3000,tg,0.79545456,0.7254902,0.6530612,0.0,0.0,0.0,0.0
train,3001,tg,0.78571427,0.7659575,0.75510204,0.0,0.0,0.0,0.0
train,3002,tg,0.84745765,0.78125,0.7692308,0.0,0.0,0.0,0.0
train,3003,tg,0.9122807,0.8965517,0.84745765,0.0,0.0,0.00033755274,0.0006751055
train,3004,tg,0.95,0.95,0.8666667,0.0,0.0,0.0005063291,0.0010126582
train,3005,tg,0.8923077,0.890625,0.8769231,0.0,0.0,0.0,0.0010126582
train,3006,tg,1.0,0.98275864,0.9122807,1.0,0.00050641457,0.0010128291,0.0016880486
train,3007,tg,1.0,0.98275864,0.9122807,1.0,0.0005063291,0.0010126582,0.0016877637
train,3008,tg,1.0,0.98275864,0.890625,1.0,0.0005063291,0.0006751055,0.0011814346
train,3009,tg,0.98275864,0.98275864,0.8965517,0.0,0.0005063291,0.0005063291,0.001350211
train,3010,tg,1.0,1.0,0.85714287,1.0,0.0006751055,0.0006751055,0.0011814346
train,3011,tg,1.0,1.0,0.85714287,1.0,0.00067521946,0.00067521946,0.0013504389
train,3012,tg,1.0,1.0,0.85714287,1.0,0.0006751055,0.0006751055,0.0011814346
train,3013,tg,1.0,1.0,0.85714287,1.0,0.0006751055,0.0006751055,0.0011814346
train,3014,tg,1.0,1.0,0.85714287,1.0,0.0006751055,0.0006751055,0.0011814346
train,3015,tg,0.87234044,0.7659575,0.7291667,0.0,0.0,0.0,0.00016877637
train,3016,tg,1.0,0.79545456,0.7708333,1.0,0.00016880487,0.00016880487,0.00016880487
train,3017,tg,0.8939394,0.6818182,0.6818182,0.0,0.0,0.0,0.00016877637
train,3018,tg,0.93877554,0.78431374,0.7777778,0.0,0.0,0.00016877637,0.00016877637
train,3019,tg,0.93877554,0.78723407,0.76,0.0,0.0,0.00016877637,0.00016877637
train,3020,tg,0.9347826,0.80851066,0.7735849,0.0,0.0,0.00016877637,0.00016877637
train,3021,tg,0.9347826,0.8604651,0.79545456,0.0,0.0,0.00016880487,0.00050641457
train,3022,tg,0.7826087,0.75510204,0.6862745,0.0,0.0,0.0,0.0
train,3023,tg,0.7708333,0.7708333,0.7111111,0.0,0.0,0.0,0.0
train,3024,tg,0.7708333,0.75510204,0.7346939,0.0,0.0,0.0,0.0
train,3025,tg,0.7708333,0.6956522,0.6226415,0.0,0.0,0.0,0.0
train,3026,tg,0.6527778,0.5416667,0.47435898,0.0,0.0,0.0,0.0
train,3027,tg,0.90909094,0.5862069,0.57575756,0.0,0.0,0.00016877637,0.00016877637
train,3028,tg,0.6785714,0.66101694,0.66101694,0.0,0.0,0.0,0.0
train,3029,tg,0.72727275,0.6666667,0.5862069,0.0,0.0,0.0,0.0
train,3030,tg,0.90909094,0.6415094,0.6415094,0.0,0.0,0.00016877637,0.00016877637
train,3031,tg,0.7647059,0.7358491,0.7017544,0.0,0.0,0.0,0.0
train,3032,tg,0.79310346,0.779661,0.6212121,0.0,0.0,0.0,0.0
train,3033,tg,0.68333334,0.65,0.64912283,0.0,0.0,0.0,0.0
train,3034,tg,0.8703704,0.72727275,0.7017544,0.0,0.0,0.0,0.00016877637
train,3035,tg,0.86538464,0.779661,0.6779661,0.0,0.0,0.0,0.00016877637
train,3036,tg,0.8541667,0.82,0.74545455,0.0,0.0,0.0,0.00033760973
train,3037,tg,1.0,0.8367347,0.7692308,1.0,0.00016877637,0.00016877637,0.00033755274
train,3038,tg,1.0,0.8367347,0.7692308,1.0,0.00016877637,0.00016877637,0.00033755274
train,3039,tg,0.7924528,0.7735849,0.76363635,0.0,0.0,0.0,0.0
train,3040,tg,0.71666664,0.7118644,0.69491524,0.0,0.0,0.0,0.0
train,3041,tg,0.97619045,0.9318182,0.8367347,0.0,0.00033760973,0.00067521946,0.00067521946
train,3042,tg,1.0,0.95454544,0.85714287,1.0,0.0005063291,0.0005063291,0.0010126582
train,3043,tg,1.0,0.95454544,0.85714287,1.0,0.0005063291,0.0005063291,0.0010126582
train,3044,tg,0.96,0.8039216,0.74545455,0.0,0.00016877637,0.00016877637,0.00016877637
train,3045,tg,0.9583333,0.7735849,0.7307692,0.0,0.00016877637,0.00016877637,0.00016877637
train,3046,tg,0.93333334,0.8888889,0.7755102,0.0,0.0,0.00033760973,0.00067521946
train,3047,tg,1.0,0.93333334,0.8235294,1.0,0.00033755274,0.0006751055,0.0006751055
train,3048,tg,1.0,0.93333334,0.8235294,1.0,0.00033755274,0.0006751055,0.0006751055
train,3049,tg,1.0,0.84313726,0.79591835,1.0,0.00033755274,0.00033755274,0.00033755274
train,3050,tg,1.0,0.84313726,0.79591835,1.0,0.00033755274,0.00033755274,0.00033755274
train,3051,tg,1.0,0.84313726,0.79591835,1.0,0.00033760973,0.00033760973,0.00033760973
train,3052,tg,0.96,0.84313726,0.84313726,0.0,0.00016877637,0.00016877637,0.00033755274
train,3053,tg,0.9583333,0.79310346,0.7692308,0.0,0.00016877637,0.00016877637,0.00033755274
train,3054,tg,0.8909091,0.8909091,0.72727275,0.0,0.0,0.0,0.0006751055
train,3055,tg,0.8958333,0.7962963,0.71666664,0.0,0.0,0.0,0.00016877637
train,3056,tg,1.0,0.8909091,0.7962963,1.0,0.00033760973,0.00033760973,0.00067521946
train,3057,tg,1.0,1.0,0.877551,1.0,0.0005063291,0.0005063291,0.00084388186
train,3058,tg,0.8148148,0.64285713,0.50877196,0.0,0.0,0.0,0.0
train,3059,tg,0.76086956,0.5686275,0.51724136,0.0,0.0,0.0,0.0
train,3060,tg,0.88235295,0.73214287,0.71929824,0.0,0.0,0.0,0.00016877637
train,3061,tg,0.88235295,0.74603176,0.734375,0.0,0.0,0.0,0.00016880487
train,3062,tg,0.91935486,0.89830506,0.74603176,0.0,0.0,0.00016877637,0.0005063291
train,3063,tg,0.90384614,0.8103448,0.73214287,0.0,0.0,0.00016877637,0.00016877637
train,3064,tg,0.90384614,0.8867925,0.8039216,0.0,0.0,0.00016877637,0.0005063291
train,3065,tg,1.0,0.8867925,0.82258064,1.0,0.00016877637,0.00016877637,0.0005063291
train,3066,tg,1.0,0.8867925,0.82258064,1.0,0.00016880487,0.00016880487,0.00050641457
train,3067,tg,1.0,0.82258064,0.734375,1.0,0.00016877637,0.00016877637,0.00016877637
train,3068,tg,0.8181818,0.73846155,0.73770493,0.0,0.0,0.0,0.0
train,3069,tg,1.0,0.82222223,0.73170733,1.0,0.00033755274,0.00033755274,0.00033755274
train,3070,tg,1.0,0.82258064,0.734375,1.0,0.00016877637,0.00033755274,0.00033755274
train,3071,tg,1.0,0.82222223,0.8043478,1.0,0.00033760973,0.00033760973,0.00033760973
train,3072,tg,1.0,0.82222223,0.8125,1.0,0.00033755274,0.00033755274,0.00033755274
train,3073,tg,0.9782609,0.8043478,0.8043478,0.0,0.00033755274,0.00033755274,0.00033755274
train,3074,tg,1.0,0.82222223,0.6666667,1.0,0.00033755274,0.00033755274,0.00033755274
train,3075,tg,0.9137931,0.8153846,0.671875,0.0,0.0,0.00016877637,0.00033755274
train,3076,tg,0.96363634,0.8833333,0.7288136,0.0,0.00016880487,0.00033760973,0.00050641457
train,3077,tg,0.8833333,0.8153846,0.6515151,0.0,0.0,0.0,0.00033755274
train,3078,tg,0.96363634,0.8548387,0.704918,0.0,0.00016877637,0.00016877637,0.0005063291
train,3079,tg,0.85,0.8095238,0.8095238,0.0,0.0,0.0,0.0
train,3080,tg,0.7288136,0.5614035,0.52459013,0.0,0.0,0.0,0.0
train,3081,tg,0.925,0.902439,0.902439,0.0,0.0,0.0010128291,0.0010128291
train,3082,tg,0.975,0.975,0.975,0.0,0.00084388186,0.0010126582,0.0010126582
train,3083,tg,1.0,1.0,0.975,1.0,0.00084388186,0.0010126582,0.0010126582
train,3084,tg,1.0,1.0,1.0,1.0,0.0010126582,0.0011814346,0.0011814346
train,3085,tg,1.0,1.0,1.0,1.0,0.0010126582,0.0011814346,0.0011814346
train,3086,tg,1.0,1.0,1.0,1.0,0.0010128291,0.0010128291,0.0010128291
train,3087,tg,1.0,1.0,1.0,1.0,0.00084388186,0.0010126582,0.0010126582
train,3088,tg,1.0,1.0,0.975,1.0,0.00084388186,0.0010126582,0.0010126582
train,3089,tg,0.86567163,0.50537634,0.47887325,0.0,0.0,0.0,0.00016877637
train,3090,tg,0.7692308,0.5862069,0.55737704,0.0,0.0,0.0,0.0
train,3091,tg,0.86567163,0.55737704,0.53125,0.0,0.0,0.0,0.00016880487
train,3092,tg,0.890625,0.8507463,0.6216216,0.0,0.0,0.0,0.0005063291
train,3093,tg,0.9206349,0.8055556,0.5890411,0.0,0.0,0.00016877637,0.00033755274
train,3094,tg,0.9206349,0.890625,0.6956522,0.0,0.0,0.00016877637,0.0005063291
train,3095,tg,0.8965517,0.6956522,0.6438356,0.0,0.0,0.0,0.00016877637
train,3096,tg,0.8405797,0.8055556,0.7808219,0.0,0.0,0.0,0.0
train,3097,tg,0.8965517,0.6086956,0.5833333,0.0,0.0,0.0,0.00016877637
train,3098,tg,0.890625,0.8055556,0.5833333,0.0,0.0,0.0,0.00033755274
train,3099,tg,0.89041096,0.7307692,0.52380955,0.0,0.0,0.0,0.00016877637
train,3100,tg,0.89041096,0.7307692,0.52380955,0.0,0.0,0.0,0.00016877637
train,3101,tg,0.8857143,0.7307692,0.56626505,0.0,0.0,0.0,0.00016880487
train,3102,tg,0.8857143,0.7307692,0.54761904,0.0,0.0,0.0,0.00016877637
train,3103,tg,0.80701756,0.70689654,0.7017544,0.0,0.0,0.0,0.0
train,3104,tg,0.80701756,0.8,0.78,0.0,0.0,0.0,0.0
train,3105,tg,0.7352941,0.68115944,0.63492066,0.0,0.0,0.0,0.0
train,3106,tg,0.9361702,0.78846157,0.7169811,0.0,0.0,0.00016880487,0.00016880487
train,3107,tg,0.85106385,0.7592593,0.7446808,0.0,0.0,0.0,0.00016877637
train,3108,tg,0.9361702,0.74545455,0.6785714,0.0,0.0,0.00016877637,0.00016877637
train,3109,tg,0.82,0.8,0.8,0.0,0.0,0.0,0.0
train,3110,tg,0.8448276,0.8135593,0.6666667,0.0,0.0,0.0,0.0
train,3111,tg,0.98,0.8032787,0.7692308,0.0,0.00016880487,0.00016880487,0.00016880487
train,3112,tg,0.8196721,0.7741935,0.6376812,0.0,0.0,0.0,0.0
train,3113,tg,0.98,0.8305085,0.73770493,0.0,0.00016877637,0.00033755274,0.00033755274
train,3114,tg,0.8636364,0.8333333,0.77272725,0.0,0.0,0.0,0.00016877637
train,3115,tg,1.0,0.93333334,0.8888889,1.0,0.00033755274,0.0005063291,0.00084388186
train,3116,tg,0.8888889,0.8666667,0.85365856,0.0,0.0,0.0,0.0010128291
train,3117,tg,1.0,0.74545455,0.6440678,1.0,0.00016877637,0.00016877637,0.00016877637
train,3118,tg,1.0,0.78431374,0.78431374,1.0,0.00016877637,0.00016877637,0.00016877637
train,3119,tg,1.0,0.78431374,0.78431374,1.0,0.00016877637,0.00016877637,0.00016877637
train,3120,tg,0.8301887,0.8235294,0.8235294,0.0,0.0,0.0,0.0
train,3121,tg,1.0,0.7962963,0.7017544,1.0,0.00016880487,0.00016880487,0.00033760973
train,3122,tg,1.0,0.7692308,0.7017544,1.0,0.00016877637,0.00016877637,0.00033755274
train,3123,tg,0.94871795,0.9230769,0.85365856,0.0,0.0,0.0005063291,0.00084388186
train,3124,tg,0.9512195,0.8974359,0.8974359,0.0,0.00016877637,0.00033755274,0.0028691983
train,3125,tg,1.0,0.8958333,0.8333333,1.0,0.00016877637,0.00033755274,0.0006751055
train,3126,tg,0.9130435,0.9130435,0.84782606,0.0,0.0,0.00050641457,0.00067521946
train,3127,tg,0.8148148,0.50877196,0.50877196,0.0,0.0,0.0,0.0
train,3128,tg,1.0,1.0,0.73170733,1.0,0.0005063291,0.0005063291,0.0005063291
train,3129,tg,1.0,1.0,0.73170733,1.0,0.0005063291,0.0005063291,0.0005063291
train,3130,tg,1.0,1.0,0.73170733,1.0,0.0005063291,0.0005063291,0.0005063291
train,3131,tg,1.0,1.0,0.73170733,1.0,0.00050641457,0.00050641457,0.00050641457
train,3132,tg,0.8,0.5,0.5,0.0,0.0,0.0,0.0
train,3133,tg,0.7407407,0.5,0.4262295,0.0,0.0,0.0,0.0
train,3134,tg,0.6226415,0.5869565,0.5744681,0.0,0.0,0.0,0.0
train,3135,tg,0.6760563,0.5217391,0.5,0.0,0.0,0.0,0.0
train,3136,tg,0.8181818,0.63492066,0.6031746,0.0,0.0,0.0,0.0
train,3137,tg,0.8695652,0.7735849,0.43119267,0.0,0.0,0.0,0.00033755274
train,3138,tg,0.8695652,0.78,0.64166665,0.0,0.0,0.0,0.00033755274
train,3139,tg,0.8695652,0.7924528,0.74336284,0.0,0.0,0.0,0.00033755274
train,3140,tg,0.8521739,0.7735849,0.6814159,0.0,0.0,0.0,0.00016877637
train,3141,tg,0.8521739,0.7256637,0.64166665,0.0,0.0,0.0,0.00016880487
train,3142,tg,0.78,0.73214287,0.39252338,0.0,0.0,0.0,0.0
train,3143,tg,0.7826087,0.71428573,0.7,0.0,0.0,0.0,0.0
train,3144,tg,0.8181818,0.7,0.6666667,0.0,0.0,0.0,0.0
train,3145,tg,0.82978725,0.75,0.6956522,0.0,0.0,0.0,0.0
train,3146,tg,0.9411765,0.8039216,0.7719298,0.0,0.0,0.00016880487,0.00016880487
train,3147,tg,0.78125,0.72131145,0.70689654,0.0,0.0,0.0,0.0
train,3148,tg,0.8039216,0.6956522,0.6956522,0.0,0.0,0.0,0.0
train,3149,tg,0.8888889,0.5714286,0.5714286,0.0,0.0,0.0,0.00016877637
train,3150,tg,0.9347826,0.9347826,0.6458333,0.0,0.0,0.0005063291,0.0005063291
train,3151,tg,1.0,0.9347826,0.60784316,1.0,0.00033760973,0.00050641457,0.00050641457
train,3152,tg,1.0,0.9347826,0.6315789,1.0,0.00033755274,0.0005063291,0.0005063291
train,3153,tg,1.0,0.9347826,0.6315789,1.0,0.00033755274,0.0005063291,0.0005063291
train,3154,tg,0.78846157,0.7592593,0.71428573,0.0,0.0,0.0,0.0
train,3155,tg,0.81632656,0.78846157,0.71428573,0.0,0.0,0.0,0.0
train,3156,tg,1.0,0.7592593,0.6862745,1.0,0.00016880487,0.00016880487,0.00016880487
train,3157,tg,0.7708333,0.7058824,0.7,0.0,0.0,0.0,0.0
train,3158,tg,0.9464286,0.6851852,0.66071427,0.0,0.0,0.00033755274,0.00033755274
train,3159,tg,0.94871795,0.8780488,0.875,0.0,0.0,0.00033755274,0.0010126582
train,3160,tg,0.902439,0.8780488,0.85365856,0.0,0.0,0.00016877637,0.0010126582
train,3161,tg,0.94871795,0.9,0.84444445,0.0,0.0,0.00033760973,0.00067521946
train,3162,tg,0.65,0.6363636,0.625,0.0,0.0,0.0,0.0
train,3163,tg,0.9714286,0.9714286,0.9714286,0.0,0.00084388186,0.0020253165,0.0023628692
train,3164,tg,0.97727275,0.9347826,0.7906977,0.0,0.00016877637,0.0005063291,0.0006751055
train,3165,tg,0.97619045,0.97619045,0.8913044,0.0,0.0005063291,0.0006751055,0.0010126582
train,3166,tg,0.78723407,0.77272725,0.75555557,0.0,0.0,0.0,0.0
train,3167,tg,0.975,0.8717949,0.85,0.0,0.00016877637,0.00016877637,0.0005063291
train,3168,tg,1.0,0.8103448,0.7704918,1.0,0.00016877637,0.00016877637,0.00033755274
train,3169,tg,0.9,0.7708333,0.7708333,0.0,0.0,0.0,0.00016877637
train,3170,tg,1.0,0.95555556,0.8666667,1.0,0.0005063291,0.0006751055,0.00084388186
train,3171,tg,1.0,0.9714286,0.9459459,1.0,0.00067521946,0.0016880486,0.0033760972
train,3172,tg,0.8958333,0.81632656,0.7708333,0.0,0.0,0.0,0.00033755274
train,3173,tg,1.0,0.9148936,0.79545456,1.0,0.00033755274,0.0005063291,0.0005063291
train,3174,tg,1.0,1.0,0.8888889,1.0,0.0006751055,0.0006751055,0.0011814346
train,3175,tg,1.0,1.0,0.9714286,1.0,0.00084388186,0.0021940928,0.0037130802
train,3176,tg,1.0,1.0,1.0,1.0,0.0010128291,0.0020256583,0.0027008778
train,3177,tg,0.97619045,0.8913044,0.8292683,0.0,0.00016877637,0.00016877637,0.0005063291
train,3178,tg,0.7647059,0.75,0.7222222,0.0,0.0,0.0,0.0
train,3179,tg,0.9756098,0.9756098,0.8604651,0.0,0.0005063291,0.0006751055,0.00084388186
train,3180,tg,0.62857145,0.5875,0.56164384,0.0,0.0,0.0,0.0
train,3181,tg,1.0,0.972973,0.972973,1.0,0.0010128291,0.0016880486,0.0020256583
train,3182,tg,0.8333333,0.73333335,0.73333335,0.0,0.0,0.0,0.0
train,3183,tg,0.7164179,0.6545454,0.64285713,0.0,0.0,0.0,0.0
train,3184,tg,0.7058824,0.6923077,0.64912283,0.0,0.0,0.0,0.0
train,3185,tg,0.84090906,0.8181818,0.8,0.0,0.0,0.0,0.0
train,3186,tg,0.9583333,0.9148936,0.877551,0.0,0.00016880487,0.00067521946,0.0008440243
train,3187,tg,0.925,0.925,0.925,0.0,0.0,0.001350211,0.0023628692
train,3188,tg,0.9583333,0.877551,0.79591835,0.0,0.00016877637,0.00016877637,0.0005063291
train,3189,tg,0.8913044,0.87234044,0.82978725,0.0,0.0,0.0,0.0006751055
train,3190,tg,0.9047619,0.875,0.85,0.0,0.0,0.00016877637,0.0006751055
train,3191,tg,0.74509805,0.6981132,0.6851852,0.0,0.0,0.0,0.0
train,3192,tg,0.8636364,0.79545456,0.7777778,0.0,0.0,0.0,0.00016877637
train,3193,tg,1.0,0.93333334,0.93333334,1.0,0.00033755274,0.00084388186,0.0011814346
train,3194,tg,0.9767442,0.9767442,0.95454544,0.0,0.00084388186,0.0010126582,0.0010126582
train,3195,tg,1.0,0.95555556,0.8666667,1.0,0.0005063291,0.0006751055,0.00084388186
train,3196,tg,1.0,0.9767442,0.93333334,1.0,0.00067521946,0.0010128291,0.0010128291
train,3197,tg,0.95555556,0.95555556,0.89361703,0.0,0.0005063291,0.0006751055,0.0010126582
train,3198,tg,0.87234044,0.7692308,0.6779661,0.0,0.0,0.0,0.00016877637
train,3199,tg,0.87234044,0.8695652,0.6923077,0.0,0.0,0.0,0.0005063291
train,3200,tg,0.8604651,0.8,0.78723407,0.0,0.0,0.0,0.00016877637
train,3201,tg,1.0,0.8958333,0.8333333,1.0,0.00016880487,0.00033760973,0.00067521946
train,3202,tg,0.9111111,0.90909094,0.85365856,0.0,0.0,0.0005063291,0.001350211
train,3203,tg,1.0,0.76363635,0.76363635,1.0,0.00016877637,0.00016877637,0.00033755274
train,3204,tg,0.7692308,0.7017544,0.6603774,0.0,0.0,0.0,0.0
train,3205,tg,0.71153843,0.71153843,0.6851852,0.0,0.0,0.0,0.0
train,3206,tg,0.84090906,0.7916667,0.7826087,0.0,0.0,0.0,0.0
train,3207,tg,1.0,0.76363635,0.76363635,1.0,0.00016877637,0.00016877637,0.00033755274
train,3208,tg,0.7777778,0.7777778,0.7719298,0.0,0.0,0.0,0.0
train,3209,tg,1.0,0.9148936,0.79545456,1.0,0.00033755274,0.0005063291,0.0006751055
train,3210,tg,1.0,1.0,0.8888889,1.0,0.0006751055,0.0006751055,0.0011814346
train,3211,tg,1.0,1.0,0.95454544,1.0,0.0008440243,0.0008440243,0.0015192437
train,3212,tg,1.0,0.85714287,0.85714287,1.0,0.00016877637,0.00016877637,0.0010126582
train,3213,tg,0.95652175,0.877551,0.8043478,0.0,0.00016877637,0.00033755274,0.0005063291
train,3214,tg,0.95454544,0.95454544,0.8913044,0.0,0.0005063291,0.0006751055,0.00084388186
train,3215,tg,1.0,0.85714287,0.85714287,1.0,0.00016877637,0.00016877637,0.0011814346
train,3216,tg,0.6081081,0.56578946,0.5555556,0.0,0.0,0.0,0.0
train,3217,tg,0.8,0.7536232,0.703125,0.0,0.0,0.0,0.0
train,3218,tg,0.8125,0.7536232,0.73333335,0.0,0.0,0.0,0.0
train,3219,tg,0.81333333,0.69736844,0.6933333,0.0,0.0,0.0,0.0
train,3220,tg,0.8030303,0.75714284,0.69736844,0.0,0.0,0.0,0.0
train,3221,tg,0.83076924,0.7714286,0.74603176,0.0,0.0,0.0,0.0
train,3222,tg,0.8115942,0.7105263,0.6617647,0.0,0.0,0.0,0.0
train,3223,tg,0.81333333,0.74025977,0.675,0.0,0.0,0.0,0.0
train,3224,tg,0.8115942,0.7605634,0.7105263,0.0,0.0,0.0,0.0
train,3225,tg,0.83076924,0.8115942,0.7605634,0.0,0.0,0.0,0.0
train,3226,tg,0.8103448,0.75,0.73846155,0.0,0.0,0.0,0.0
train,3227,tg,0.8363636,0.75409836,0.7419355,0.0,0.0,0.0,0.0
train,3228,tg,0.8363636,0.75409836,0.71875,0.0,0.0,0.0,0.0
train,3229,tg,0.8030303,0.75409836,0.7352941,0.0,0.0,0.0,0.0
train,3230,tg,0.8115942,0.71875,0.7058824,0.0,0.0,0.0,0.0
train,3231,tg,0.8125,0.8,0.7878788,0.0,0.0,0.0,0.0
train,3232,tg,0.7704918,0.7058824,0.625,0.0,0.0,0.0,0.0
train,3233,tg,0.6851852,0.63793105,0.5535714,0.0,0.0,0.0,0.0
train,3234,tg,0.6981132,0.59322035,0.5882353,0.0,0.0,0.0,0.0
train,3235,tg,0.74418604,0.6666667,0.64705884,0.0,0.0,0.0,0.0
train,3236,tg,0.7358491,0.71428573,0.6938776,0.0,0.0,0.0,0.0
train,3237,tg,0.7358491,0.6,0.58928573,0.0,0.0,0.0,0.0
train,3238,tg,1.0,1.0,0.95454544,1.0,0.00084388186,0.00084388186,0.001350211
train,3239,tg,0.975,0.875,0.875,0.0,0.00016877637,0.00016877637,0.0011814346
train,3240,tg,1.0,1.0,0.9714286,1.0,0.00084388186,0.0021940928,0.0037130802
train,3241,tg,1.0,0.9714286,0.9459459,1.0,0.00067521946,0.0016880486,0.0033760972
train,3242,tg,1.0,0.9130435,0.8333333,1.0,0.00016877637,0.0005063291,0.0006751055
train,3243,tg,1.0,0.97619045,0.9130435,1.0,0.0005063291,0.00084388186,0.001350211
train,3244,tg,1.0,1.0,1.0,1.0,0.0011814346,0.002700422,0.0030379747
train,3245,tg,1.0,0.9230769,0.84090906,1.0,0.00016877637,0.0005063291,0.0006751055
train,3246,tg,1.0,0.9714286,0.9459459,1.0,0.00067521946,0.0016880486,0.0033760972
train,3247,tg,1.0,0.9756098,0.88372093,1.0,0.0005063291,0.0006751055,0.0016877637
train,3248,tg,1.0,1.0,1.0,1.0,0.0011814346,0.0021940928,0.0028691983
train,3249,tg,0.8958333,0.84090906,0.8,0.0,0.0,0.0,0.00016877637
train,3250,tg,0.8958333,0.754717,0.74509805,0.0,0.0,0.0,0.00016877637
train,3251,tg,0.9130435,0.9130435,0.84782606,0.0,0.0,0.00050641457,0.00067521946
train,3252,tg,1.0,0.9130435,0.8333333,1.0,0.00016877637,0.0005063291,0.0006751055
train,3253,tg,0.84444445,0.8367347,0.7826087,0.0,0.0,0.0,0.0
train,3254,tg,0.9111111,0.9111111,0.8367347,0.0,0.0,0.0005063291,0.0006751055
train,3255,tg,1.0,0.9756098,0.9111111,1.0,0.0006751055,0.00084388186,0.001350211
train,3256,tg,1.0,0.9756098,0.9111111,1.0,0.00067521946,0.0008440243,0.0013504389
train,3257,tg,0.9464286,0.64912283,0.6315789,0.0,0.0,0.00016877637,0.00016877637
train,3258,tg,0.9512195,0.902439,0.902439,0.0,0.00016877637,0.0011814346,0.0023628692
train,3259,tg,1.0,1.0,1.0,1.0,0.0011814346,0.002700422,0.0030379747
train,3260,tg,1.0,1.0,1.0,1.0,0.001350211,0.0025316456,0.0030379747
train,3261,tg,1.0,1.0,1.0,1.0,0.0010128291,0.0020256583,0.0027008778
train,3262,tg,0.95348835,0.9302326,0.8604651,0.0,0.00033755274,0.0005063291,0.0018565401
train,3263,tg,1.0,1.0,1.0,1.0,0.0011814346,0.0021940928,0.0028691983
train,3264,tg,0.7254902,0.72,0.6034483,0.0,0.0,0.0,0.0
train,3265,tg,1.0,0.7254902,0.6666667,1.0,0.00016877637,0.00016877637,0.00016877637
train,3266,tg,0.8695652,0.7826087,0.627907,0.0,0.0,0.0,0.00016880487
train,3267,tg,0.8695652,0.6938776,0.6938776,0.0,0.0,0.0,0.00016877637
train,3268,tg,1.0,0.6545454,0.64285713,1.0,0.00016877637,0.00016877637,0.00016877637
train,3269,tg,1.0,0.7735849,0.62068963,1.0,0.00016877637,0.00016877637,0.00016877637
train,3270,tg,0.64285713,0.5416667,0.53521127,0.0,0.0,0.0,0.0
train,3271,tg,0.7777778,0.68085104,0.6122449,0.0,0.0,0.0,0.0
train,3272,tg,1.0,0.75,0.64912283,1.0,0.00016877637,0.00016877637,0.00016877637
train,3273,tg,0.7719298,0.6779661,0.6557377,0.0,0.0,0.0,0.0
train,3274,tg,0.53488374,0.51086956,0.50549453,0.0,0.0,0.0,0.0
train,3275,tg,0.7708333,0.71153843,0.67346936,0.0,0.0,0.0,0.0
train,3276,tg,0.78846157,0.72727275,0.6481481,0.0,0.0,0.0,0.0
train,3277,tg,0.78846157,0.6666667,0.6440678,0.0,0.0,0.0,0.0
train,3278,tg,0.78846157,0.7307692,0.67346936,0.0,0.0,0.0,0.0
train,3279,tg,0.8181818,0.6721311,0.6666667,0.0,0.0,0.0,0.0
train,3280,tg,0.8113208,0.78846157,0.72727275,0.0,0.0,0.0,0.0
train,3281,tg,0.8333333,0.8113208,0.8,0.0,0.0,0.0,0.0
train,3282,tg,0.8863636,0.8125,0.8,0.0,0.0,0.0,0.00016877637
train,3283,tg,0.7619048,0.68085104,0.5744681,0.0,0.0,0.0,0.0
train,3284,tg,0.81632656,0.5283019,0.509434,0.0,0.0,0.0,0.0
train,3285,tg,0.88372093,0.8604651,0.8292683,0.0,0.0,0.0,0.0005063291
train,3286,tg,0.8684211,0.8292683,0.78571427,0.0,0.0,0.0,0.00016880487
train,3287,tg,0.9767442,0.7446808,0.6938776,0.0,0.00016877637,0.00016877637,0.00016877637
train,3288,tg,0.9767442,0.7291667,0.6938776,0.0,0.00016877637,0.00016877637,0.00016877637
train,3289,tg,0.84615386,0.6,0.5686275,0.0,0.0,0.0,0.0
train,3290,tg,1.0,0.7111111,0.6666667,1.0,0.00016877637,0.00016877637,0.00016877637
train,3291,tg,0.78431374,0.78431374,0.7647059,0.0,0.0,0.0,0.0
train,3292,tg,0.9591837,0.6923077,0.5686275,0.0,0.00016877637,0.00016877637,0.00016877637
train,3293,tg,0.9591837,0.6666667,0.5769231,0.0,0.00016877637,0.00016877637,0.00016877637
train,3294,tg,0.6530612,0.43333334,0.37704918,0.0,0.0,0.0,0.0
train,3295,tg,0.54901963,0.4528302,0.43333334,0.0,0.0,0.0,0.0
train,3296,tg,0.6530612,0.54901963,0.5,0.0,0.0,0.0,0.0
train,3297,tg,0.76086956,0.5,0.5,0.0,0.0,0.0,0.0
train,3298,tg,1.0,0.8125,0.75555557,1.0,0.00016877637,0.00016877637,0.00016877637
train,3299,tg,0.8125,0.8125,0.76744187,0.0,0.0,0.0,0.0
train,3300,tg,0.640625,0.63492066,0.5797101,0.0,0.0,0.0,0.0
train,3301,tg,1.0,0.8125,0.7735849,1.0,0.00016880487,0.00016880487,0.00016880487
train,3302,tg,0.65217394,0.65217394,0.5740741,0.0,0.0,0.0,0.0
train,3303,tg,0.8,0.4528302,0.44067797,0.0,0.0,0.0,0.0
train,3304,tg,0.7692308,0.74418604,0.5681818,0.0,0.0,0.0,0.0
train,3305,tg,0.81632656,0.6,0.5535714,0.0,0.0,0.0,0.0
train,3306,tg,0.8095238,0.7,0.63829786,0.0,0.0,0.0,0.0
train,3307,tg,0.6666667,0.66101694,0.61538464,0.0,0.0,0.0,0.0
train,3308,tg,0.8181818,0.66101694,0.5660377,0.0,0.0,0.0,0.0
train,3309,tg,1.0,0.64,0.61538464,1.0,0.00016877637,0.00016877637,0.00016877637
train,3310,tg,1.0,0.7,0.5952381,1.0,0.00016877637,0.00016877637,0.00016877637
train,3311,tg,1.0,0.6875,0.62222224,1.0,0.00016880487,0.00016880487,0.00016880487
train,3312,tg,0.9310345,0.9310345,0.56666666,0.0,0.0,0.0006751055,0.0006751055
train,3313,tg,1.0,1.0,0.5588235,1.0,0.0005063291,0.0006751055,0.0006751055
train,3314,tg,1.0,1.0,0.5588235,1.0,0.0005063291,0.0006751055,0.0006751055
train,3315,tg,1.0,1.0,0.5588235,1.0,0.0005063291,0.0006751055,0.0006751055
train,3316,tg,1.0,1.0,0.5588235,1.0,0.00050641457,0.00067521946,0.00067521946
train,3317,tg,1.0,0.675,0.62222224,1.0,0.00016877637,0.00016877637,0.00016877637
train,3318,tg,0.82978725,0.6875,0.6603774,0.0,0.0,0.0,0.0
train,3319,tg,0.7368421,0.73015875,0.6031746,0.0,0.0,0.0,0.0
train,3320,tg,1.0,1.0,0.5588235,1.0,0.0006751055,0.0006751055,0.0006751055
train,3321,tg,1.0,1.0,0.5588235,1.0,0.00067521946,0.00067521946,0.00067521946
train,3322,tg,1.0,1.0,0.5588235,1.0,0.0006751055,0.0006751055,0.0006751055
train,3323,tg,1.0,1.0,0.5588235,1.0,0.0006751055,0.0006751055,0.0006751055
train,3324,tg,1.0,1.0,0.5588235,1.0,0.0006751055,0.0006751055,0.0006751055
train,3325,tg,0.8888889,0.59016395,0.53968257,0.0,0.0,0.0,0.00016877637
train,3326,tg,0.8,0.7380952,0.72727275,0.0,0.0,0.0,0.0
train,3327,tg,0.8923077,0.88135594,0.7846154,0.0,0.0,0.0,0.0006751055
train,3328,tg,1.0,0.88135594,0.87931037,1.0,0.00033755274,0.00033755274,0.0010126582
train,3329,tg,1.0,0.88135594,0.87931037,1.0,0.00033755274,0.00033755274,0.0010126582
train,3330,tg,1.0,0.88135594,0.87931037,1.0,0.00033755274,0.00033755274,0.0011814346
train,3331,tg,0.81632656,0.6862745,0.67346936,0.0,0.0,0.0,0.0
train,3332,tg,1.0,1.0,0.85714287,1.0,0.0005063291,0.0006751055,0.001350211
train,3333,tg,1.0,1.0,0.85714287,1.0,0.0005063291,0.0006751055,0.001350211
train,3334,tg,1.0,1.0,0.85714287,1.0,0.0005063291,0.0006751055,0.001350211
train,3335,tg,1.0,1.0,0.85714287,1.0,0.0005063291,0.0006751055,0.001350211
train,3336,tg,0.9318182,0.9318182,0.8,0.0,0.0,0.00067521946,0.00067521946
train,3337,tg,0.9285714,0.63793105,0.6315789,0.0,0.0,0.00016877637,0.00016877637
train,3338,tg,0.8780488,0.8333333,0.7777778,0.0,0.0,0.0,0.00016877637
train,3339,tg,0.902439,0.84782606,0.8372093,0.0,0.0,0.00016877637,0.00033755274
train,3340,tg,0.85714287,0.8333333,0.8108108,0.0,0.0,0.0,0.00016877637
train,3341,tg,0.8939394,0.7903226,0.7,0.0,0.0,0.0,0.00016880487
train,3342,tg,0.7903226,0.6666667,0.6603774,0.0,0.0,0.0,0.0
train,3343,tg,0.9268293,0.7826087,0.7659575,0.0,0.0,0.00016877637,0.00016877637
train,3344,tg,1.0,0.85714287,0.73170733,1.0,0.00033755274,0.00033755274,0.0005063291
train,3345,tg,0.9268293,0.7291667,0.71428573,0.0,0.0,0.00016877637,0.00016877637
train,3346,tg,0.81632656,0.75,0.73170733,0.0,0.0,0.0,0.0
train,3347,tg,0.78431374,0.7291667,0.7254902,0.0,0.0,0.0,0.0
train,3348,tg,0.7592593,0.7291667,0.6981132,0.0,0.0,0.0,0.0
train,3349,tg,0.78846157,0.7592593,0.72727275,0.0,0.0,0.0,0.0
train,3350,tg,0.8,0.754717,0.7446808,0.0,0.0,0.0,0.0
train,3351,tg,0.754717,0.75,0.75,0.0,0.0,0.0,0.0
train,3352,tg,0.9,0.7368421,0.7291667,0.0,0.0,0.0,0.00016877637
train,3353,tg,0.6615385,0.61904764,0.5967742,0.0,0.0,0.0,0.0
train,3354,tg,0.78846157,0.7777778,0.7592593,0.0,0.0,0.0,0.0
train,3355,tg,0.90697676,0.88372093,0.81395346,0.0,0.0,0.00033755274,0.0006751055
train,3356,tg,1.0,0.8372093,0.8333333,1.0,0.00016880487,0.00033760973,0.00033760973
train,3357,tg,1.0,0.8372093,0.8333333,1.0,0.00016877637,0.00016877637,0.00016877637
train,3358,tg,0.8913044,0.8888889,0.8666667,0.0,0.0,0.0,0.00084388186
train,3359,tg,1.0,0.8717949,0.8717949,1.0,0.00016877637,0.00016877637,0.0020253165
train,3360,tg,1.0,0.8717949,0.8717949,1.0,0.00016877637,0.00016877637,0.0016877637
train,3361,tg,1.0,0.77272725,0.75555557,1.0,0.00016880487,0.00016880487,0.00016880487
train,3362,tg,0.8684211,0.76744187,0.75,0.0,0.0,0.0,0.00016877637
train,3363,tg,0.8333333,0.71929824,0.70689654,0.0,0.0,0.0,0.0
train,3364,tg,0.49056605,0.46551725,0.43396226,0.0,0.0,0.0,0.0
train,3365,tg,1.0,1.0,0.76744187,1.0,0.0005063291,0.0005063291,0.0005063291
train,3366,tg,1.0,1.0,0.76744187,1.0,0.00050641457,0.00050641457,0.00050641457
train,3367,tg,1.0,1.0,0.76744187,1.0,0.0005063291,0.0005063291,0.0005063291
train,3368,tg,1.0,1.0,0.76744187,1.0,0.0005063291,0.0005063291,0.0005063291
train,3369,tg,0.8333333,0.79591835,0.7906977,0.0,0.0,0.0,0.0
train,3370,tg,0.640625,0.63492066,0.5797101,0.0,0.0,0.0,0.0
train,3371,tg,0.9722222,0.8333333,0.72727275,0.0,0.00033760973,0.00033760973,0.00033760973
train,3372,tg,0.6862745,0.60714287,0.5964912,0.0,0.0,0.0,0.0
train,3373,egc,0.58,0.58,0.40816328,0.0,0.0,0.0,0.0
train,3374,tg,0.85365856,0.79545456,0.6666667,0.0,0.0,0.0,0.00016877637
train,3375,tg,0.8333333,0.7777778,0.625,0.0,0.0,0.0,0.0
train,3376,tg,0.8333333,0.7291667,0.625,0.0,0.0,0.0,0.0
train,3377,tg,0.71428573,0.6666667,0.625,0.0,0.0,0.0,0.0
train,3378,tg,0.79545456,0.7777778,0.54761904,0.0,0.0,0.0,0.0
train,3379,tg,0.5609756,0.48979592,0.45,0.0,0.0,0.0,0.0
train,3380,tg,0.47826087,0.41666666,0.3653846,0.0,0.0,0.0,0.0
train,3381,tg,0.8095238,0.54,0.42,0.0,0.0,0.0,0.0
train,3382,tg,0.53488374,0.53488374,0.51111114,0.0,0.0,0.0,0.0
train,3383,egc,0.24074075,0.2238806,0.22222222,0.0,0.0,0.0,0.0
train,3384,tg,0.47692308,0.35714287,0.3432836,0.0,0.0,0.0,0.0
train,3385,tg,0.4883721,0.4375,0.39130434,0.0,0.0,0.0,0.0
train,3386,tg,0.96153843,0.5,0.45945945,0.0,0.00016880487,0.00016880487,0.00016880487
train,3387,tg,1.0,0.4878049,0.46341464,1.0,0.00016877637,0.00016877637,0.00016877637
train,3388,tg,0.6571429,0.64705884,0.5945946,0.0,0.0,0.0,0.0
train,3389,tg,1.0,0.64705884,0.5,1.0,0.00016877637,0.00016877637,0.00016877637
train,3390,tg,1.0,0.6969697,0.45945945,1.0,0.00016877637,0.00016877637,0.00016877637
train,3391,tg,0.74285716,0.54761904,0.4375,0.0,0.0,0.0,0.0
train,3392,tg,0.22727273,0.18181819,0.17777778,0.0,0.0,0.0,0.0
train,3393,egc,0.25641027,0.25641027,0.21621622,0.0,0.0,0.0,0.0
train,3394,egc,0.5862069,0.24242425,0.1904762,0.0,0.0,0.0,0.0
train,3395,egc,0.5862069,0.21212122,0.1923077,0.0,0.0,0.0,0.0
train,3396,egc,0.625,0.33333334,0.32352942,0.0,0.0,0.0,0.0
train,3397,egc,0.375,0.36,0.35526314,0.0,0.0,0.0,0.0
train,3398,egc,0.3,0.265625,0.25862068,0.0,0.0,0.0,0.0
train,3399,egc,0.53571427,0.46153846,0.43243244,0.0,0.0,0.0,0.0
train,3400,egc,0.5483871,0.5483871,0.47058824,0.0,0.0,0.0,0.0
train,3401,egc,0.6296296,0.32692307,0.30555555,0.0,0.0,0.0,0.0
train,3402,tg,0.5897436,0.55,0.4893617,0.0,0.0,0.0,0.0
train,3403,tg,0.5897436,0.55,0.54285717,0.0,0.0,0.0,0.0
train,3404,tg,1.0,0.5897436,0.5,1.0,0.00016877637,0.00016877637,0.00016877637
train,3405,tg,1.0,0.5897436,0.5,1.0,0.00016877637,0.00016877637,0.00016877637
train,3406,egc,0.35,0.3181818,0.29166666,0.0,0.0,0.0,0.0
train,3407,tg,0.34375,0.32142857,0.32142857,0.0,0.0,0.0,0.0
train,3408,tg,0.6956522,0.37931034,0.3529412,0.0,0.0,0.0,0.0
train,3409,tg,0.6956522,0.42307693,0.37931034,0.0,0.0,0.0,0.0
train,3410,tg,0.45945945,0.37209302,0.34285715,0.0,0.0,0.0,0.0
train,3411,egc,0.4516129,0.38235295,0.37142858,0.0,0.0,0.0,0.0
train,3412,tg,0.77272725,0.6956522,0.64,0.0,0.0,0.0,0.0
train,3413,tg,0.95454544,0.9130435,0.64285713,0.0,0.00016877637,0.0005063291,0.0005063291
train,3414,tg,0.95454544,0.95454544,0.53846157,0.0,0.0005063291,0.0005063291,0.0005063291
train,3415,tg,1.0,0.9130435,0.64285713,1.0,0.00033755274,0.0005063291,0.0005063291
train,3416,tg,1.0,0.9130435,0.64285713,1.0,0.00033760973,0.00050641457,0.00050641457
train,3417,tg,0.5769231,0.53571427,0.5185185,0.0,0.0,0.0,0.0
train,3418,tg,0.7037037,0.5769231,0.51724136,0.0,0.0,0.0,0.0
train,3419,tg,0.7037037,0.64285713,0.64,0.0,0.0,0.0,0.0
train,3420,tg,0.54545456,0.42857143,0.41935483,0.0,0.0,0.0,0.0
train,3421,tg,0.6451613,0.38235295,0.3548387,0.0,0.0,0.0,0.0
train,3422,tg,0.6451613,0.45945945,0.36585367,0.0,0.0,0.0,0.0
train,3423,tg,0.44444445,0.4,0.3902439,0.0,0.0,0.0,0.0
train,3424,tg,0.5833333,0.44444445,0.36585367,0.0,0.0,0.0,0.0
train,3425,tg,0.6333333,0.5588235,0.47058824,0.0,0.0,0.0,0.0
train,3426,tg,0.5588235,0.53125,0.5135135,0.0,0.0,0.0,0.0
train,3427,tg,0.6551724,0.5294118,0.44444445,0.0,0.0,0.0,0.0
train,3428,tg,0.6666667,0.6333333,0.44444445,0.0,0.0,0.0,0.0
train,3429,tg,0.6666667,0.53125,0.4,0.0,0.0,0.0,0.0
train,3430,egc,0.625,0.32352942,0.2857143,0.0,0.0,0.0,0.0
train,3431,tg,1.0,0.45945945,0.43589744,1.0,0.00016880487,0.00016880487,0.00016880487
train,3432,tg,0.5882353,0.5625,0.5135135,0.0,0.0,0.0,0.0
train,3433,tg,0.55813956,0.47727272,0.40384614,0.0,0.0,0.0,0.0
train,3434,tg,0.62857145,0.52380955,0.516129,0.0,0.0,0.0,0.0
train,3435,tg,1.0,0.95238096,0.6,1.0,0.0005063291,0.0005063291,0.0005063291
train,3436,tg,0.95238096,0.7037037,0.64,0.0,0.00033760973,0.00033760973,0.00033760973
train,3437,egb,0.4347826,0.4347826,0.4347826,0.0,0.0,0.0,0.0
train,3438,ei,0.4347826,0.4347826,0.4347826,0.0,0.0,0.0,0.0
train,3439,nc,0.4347826,0.4347826,0.4347826,0.0,0.0,0.0,0.0
train,3440,egc,0.62068963,0.5,0.5,0.0,0.0,0.0,0.0
train,3441,eea,0.45833334,0.45833334,0.4347826,0.0,0.0,0.0,0.0
train,3442,egb,0.45833334,0.45833334,0.4347826,0.0,0.0,0.0,0.0
train,3443,eps,0.45833334,0.45833334,0.4347826,0.0,0.0,0.0,0.0
train,3444,nc,0.45833334,0.45833334,0.4347826,0.0,0.0,0.0,0.0
train,3445,eea,0.62068963,0.5,0.5,0.0,0.0,0.0,0.0
train,3446,egb,0.62068963,0.5,0.5,0.0,0.0,0.0,0.0
train,3447,ei,0.62068963,0.5,0.5,0.0,0.0,0.0,0.0
train,3448,eps,0.62068963,0.5,0.5,0.0,0.0,0.0,0.0
train,3449,nc,0.62068963,0.5,0.5,0.0,0.0,0.0,0.0
train,3450,eea,0.6060606,0.54545456,0.54545456,0.0,0.0,0.0,0.0
train,3451,egb,0.6060606,0.54545456,0.54545456,0.0,0.0,0.0,0.0
train,3452,ei,0.6060606,0.54545456,0.54545456,0.0,0.0,0.0,0.0
train,3453,eps,0.6060606,0.54545456,0.54545456,0.0,0.0,0.0,0.0
train,3454,tg,0.8965517,0.8965517,0.79310346,0.0,0.0,0.0,0.0006751055
train,3455,tg,1.0,1.0,1.0,1.0,0.00084388186,0.00084388186,0.0010126582
train,3456,tg,1.0,1.0,1.0,1.0,0.00084388186,0.00084388186,0.0010126582
train,3457,tg,1.0,1.0,1.0,1.0,0.0008440243,0.0008440243,0.0010128291
train,3458,tg,1.0,1.0,1.0,1.0,0.00084388186,0.00084388186,0.0010126582
train,3459,tg,1.0,1.0,0.76666665,1.0,0.0006751055,0.0006751055,0.0006751055
train,3460,egc,0.5714286,0.5714286,0.5625,0.0,0.0,0.0,0.0
train,3461,egc,1.0,1.0,0.6969697,1.0,0.0005063291,0.0005063291,0.0005063291
train,3462,egc,1.0,0.61290324,0.59375,1.0,0.00033760973,0.00033760973,0.00033760973
train,3463,tg,1.0,0.5555556,0.5555556,1.0,0.00016877637,0.00016877637,0.00016877637
train,3464,tg,0.47727272,0.47727272,0.47727272,0.0,0.0,0.0,0.0
train,3465,egc,1.0,1.0,0.62857145,1.0,0.0005063291,0.0005063291,0.0005063291
train,3466,egc,0.2888889,0.26086956,0.23529412,0.0,0.0,0.0,0.0
train,3467,tg,1.0,1.0,0.68421054,1.0,0.00067521946,0.00067521946,0.00067521946
train,3468,tg,1.0,1.0,0.7307692,1.0,0.0006751055,0.0006751055,0.0006751055
train,3469,tg,1.0,1.0,0.7307692,1.0,0.0006751055,0.0006751055,0.0006751055
train,3470,tg,0.725,0.5641026,0.53333336,0.0,0.0,0.0,0.0
train,3471,tg,0.78571427,0.5641026,0.5135135,0.0,0.0,0.0,0.0
train,3472,tg,0.78571427,0.71428573,0.54545456,0.0,0.0,0.0,0.0
train,3473,tg,0.84210527,0.8,0.8,0.0,0.0,0.0,0.0
train,3474,tg,0.725,0.6097561,0.5945946,0.0,0.0,0.0,0.0
train,3475,tg,0.88372093,0.6530612,0.5,0.0,0.0,0.0,0.00033755274
train,3476,tg,0.88095236,0.5555556,0.55,0.0,0.0,0.0,0.00016877637
train,3477,tg,1.0,0.5555556,0.5555556,1.0,0.00016880487,0.00016880487,0.00016880487
train,3478,tg,1.0,1.0,1.0,1.0,0.0025316456,0.002700422,0.002700422
train,3479,tg,1.0,0.95652175,0.7692308,1.0,0.0005063291,0.0005063291,0.0005063291
train,3480,tg,1.0,0.5609756,0.53333336,1.0,0.00016877637,0.00016877637,0.00016877637
train,3481,tg,0.9677419,0.5609756,0.5483871,0.0,0.00016877637,0.00016877637,0.00016877637
train,3482,tg,0.96666664,0.96666664,0.96666664,0.0,0.0008440243,0.0008440243,0.0008440243
train,3483,tg,1.0,1.0,1.0,1.0,0.006919831,0.0070886076,0.007257384
train,3484,tg,1.0,1.0,1.0,1.0,0.007763713,0.008101266,0.008270042
train,3485,tg,1.0,1.0,1.0,1.0,0.008101266,0.008270042,0.008438818
train,3486,tg,0.969697,0.75,0.75,0.0,0.00016877637,0.00016877637,0.00016877637
train,3487,tg,0.7906977,0.6,0.56,0.0,0.0,0.0,0.0
train,3488,tg,1.0,0.57894737,0.57894737,1.0,0.00016877637,0.00016877637,0.00016877637
train,3489,tg,0.974359,0.5744681,0.55,0.0,0.00016877637,0.00016877637,0.00016877637
train,3490,tg,0.6666667,0.61538464,0.61538464,0.0,0.0,0.0,0.0
train,3491,tg,0.71428573,0.71428573,0.71428573,0.0,0.0,0.0,0.0
train,3492,tg,1.0,1.0,1.0,1.0,0.0020256583,0.0021944633,0.0021944633
train,3493,tg,0.9677419,0.5714286,0.5714286,0.0,0.00016877637,0.00016877637,0.00016877637
train,3494,tg,1.0,1.0,1.0,1.0,0.007763713,0.008101266,0.008270042
train,3495,tg,1.0,1.0,1.0,1.0,0.0025316456,0.002700422,0.002700422
train,3496,tg,1.0,1.0,1.0,1.0,0.0075949365,0.00793249,0.008101266
train,3497,tg,1.0,1.0,1.0,1.0,0.0020256583,0.0021944633,0.0021944633
train,3498,tg,0.58536583,0.58536583,0.58536583,0.0,0.0,0.0,0.0
train,3499,tg,1.0,1.0,1.0,1.0,0.0023628692,0.0023628692,0.0023628692
train,3500,tg,1.0,1.0,1.0,1.0,0.0010126582,0.0010126582,0.0010126582
train,3501,tg,0.88372093,0.61538464,0.54901963,0.0,0.0,0.0,0.00016877637
train,3502,tg,1.0,1.0,1.0,1.0,0.008102633,0.008440243,0.008440243
train,3503,tg,1.0,1.0,1.0,1.0,0.006919831,0.0070886076,0.007257384
train,3504,tg,0.7027027,0.61764705,0.6052632,0.0,0.0,0.0,0.0
train,3505,tg,1.0,1.0,0.71428573,1.0,0.0006751055,0.0006751055,0.0006751055
train,3506,tg,1.0,1.0,1.0,1.0,0.002700422,0.0028691983,0.0028691983
train,3507,tg,1.0,1.0,1.0,1.0,0.0008440243,0.0008440243,0.0008440243
train,3508,tg,1.0,1.0,1.0,1.0,0.006919831,0.0070886076,0.007257384
train,3509,tg,1.0,1.0,1.0,1.0,0.007763713,0.008101266,0.008270042
train,3510,tg,1.0,1.0,1.0,1.0,0.0025316456,0.002700422,0.002700422
train,3511,tg,1.0,1.0,1.0,1.0,0.0075949365,0.00793249,0.008101266
train,3512,tg,1.0,1.0,1.0,1.0,0.0008440243,0.0008440243,0.0008440243
train,3513,tg,1.0,1.0,1.0,1.0,0.006919831,0.0070886076,0.007257384
train,3514,tg,0.7027027,0.61764705,0.6052632,0.0,0.0,0.0,0.0
train,3515,tg,1.0,1.0,1.0,1.0,0.0025316456,0.002700422,0.002700422
train,3516,tg,1.0,1.0,1.0,1.0,0.0075949365,0.00793249,0.008101266
train,3517,tg,1.0,1.0,1.0,1.0,0.008102633,0.008440243,0.008440243
train,3518,tg,1.0,1.0,1.0,1.0,0.006919831,0.0070886076,0.007257384
train,3519,tg,1.0,1.0,1.0,1.0,0.007763713,0.008101266,0.008270042
train,3520,tg,1.0,1.0,1.0,1.0,0.008101266,0.008270042,0.008438818
train,3521,tg,1.0,1.0,1.0,1.0,0.0075949365,0.00793249,0.008101266
train,3522,tg,1.0,1.0,1.0,1.0,0.008102633,0.008440243,0.008440243
train,3523,tg,1.0,1.0,1.0,1.0,0.006919831,0.0070886076,0.007257384
train,3524,tg,0.7027027,0.61764705,0.6052632,0.0,0.0,0.0,0.0
train,3525,tg,1.0,1.0,0.71428573,1.0,0.0006751055,0.0006751055,0.0006751055
train,3526,tg,1.0,1.0,1.0,1.0,0.0075949365,0.00793249,0.008101266
train,3527,tg,1.0,1.0,1.0,1.0,0.008102633,0.008440243,0.008440243
train,3528,tg,1.0,1.0,1.0,1.0,0.006919831,0.0070886076,0.007257384
train,3529,tg,1.0,1.0,1.0,1.0,0.0010126582,0.0010126582,0.0010126582
train,3530,tg,1.0,0.60465115,0.60465115,1.0,0.00016877637,0.00016877637,0.00016877637
train,3531,tg,1.0,1.0,0.7878788,1.0,0.0006751055,0.0006751055,0.0006751055
train,3532,tg,1.0,1.0,1.0,1.0,0.0010128291,0.0010128291,0.0010128291
train,3533,tg,1.0,1.0,1.0,1.0,0.00084388186,0.00084388186,0.00084388186
train,3534,tg,1.0,0.7058824,0.6875,1.0,0.00016877637,0.00016877637,0.00016877637
train,3535,tg,1.0,0.7058824,0.7058824,1.0,0.00016877637,0.00016877637,0.00016877637
train,3536,tg,0.8888889,0.8214286,0.8214286,0.0,0.0,0.0,0.00016877637
train,3537,tg,1.0,0.8125,0.78125,1.0,0.00033760973,0.00033760973,0.00033760973
train,3538,tg,1.0,0.8125,0.7058824,1.0,0.00033755274,0.00033755274,0.00033755274
train,3539,tg,1.0,0.8125,0.7058824,1.0,0.00033755274,0.00033755274,0.00033755274
train,3540,egb,0.57894737,0.57894737,0.44,0.0,0.0,0.0,0.0
train,3541,ei,0.57894737,0.57894737,0.44,0.0,0.0,0.0,0.0
train,3542,eea,1.0,0.57894737,0.5,1.0,0.00016877637,0.00016877637,0.00016877637
train,3543,ei,1.0,0.57894737,0.5,1.0,0.00016877637,0.00016877637,0.00016877637
train,3544,eps,1.0,0.57894737,0.5,1.0,0.00016877637,0.00016877637,0.00016877637
train,3545,egc,0.57894737,0.57894737,0.44,0.0,0.0,0.0,0.0
train,3546,eea,0.5121951,0.4878049,0.4878049,0.0,0.0,0.0,0.0
train,3547,ei,0.5121951,0.4878049,0.4878049,0.0,0.0,0.0,0.0
train,3548,eps,0.5121951,0.4878049,0.4878049,0.0,0.0,0.0,0.0
train,3549,egc,1.0,1.0,0.57894737,1.0,0.0005063291,0.0005063291,0.0005063291
train,3550,egc,1.0,1.0,0.61290324,1.0,0.00067521946,0.00067521946,0.00067521946
train,3551,tg,1.0,1.0,0.95238096,1.0,0.0020253165,0.0021940928,0.0021940928
train,3552,tg,1.0,0.95238096,0.95238096,1.0,0.0016877637,0.0018565401,0.0018565401
train,3553,tg,1.0,1.0,1.0,1.0,0.0020253165,0.0020253165,0.0020253165
train,3554,egc,0.54761904,0.45714286,0.45714286,0.0,0.0,0.0,0.0
train,3555,tg,1.0,0.7,0.7,1.0,0.00016880487,0.00016880487,0.00016880487
train,3556,tg,1.0,0.7,0.7,1.0,0.00016877637,0.00016877637,0.00016877637
train,3557,eea,0.44444445,0.44444445,0.44444445,0.0,0.0,0.0,0.0
train,3558,egb,0.44444445,0.44444445,0.44444445,0.0,0.0,0.0,0.0
train,3559,egc,0.44444445,0.44444445,0.44444445,0.0,0.0,0.0,0.0
train,3560,ei,0.44444445,0.44444445,0.44444445,0.0,0.0,0.0,0.0
train,3561,eps,0.44444445,0.44444445,0.44444445,0.0,0.0,0.0,0.0
train,3562,nc,0.44444445,0.44444445,0.44444445,0.0,0.0,0.0,0.0
train,3563,egb,0.5714286,0.5714286,0.5555556,0.0,0.0,0.0,0.0
train,3564,nc,0.5714286,0.5714286,0.5555556,0.0,0.0,0.0,0.0
train,3565,egb,1.0,0.61290324,0.55172414,1.0,0.00016877637,0.00016877637,0.00016877637
train,3566,ei,1.0,0.61290324,0.55172414,1.0,0.00016877637,0.00016877637,0.00016877637
train,3567,eps,1.0,0.61290324,0.55172414,1.0,0.00016877637,0.00016877637,0.00016877637
train,3568,nc,1.0,0.61290324,0.55172414,1.0,0.00016877637,0.00016877637,0.00016877637
train,3569,ei,1.0,0.6,0.42857143,1.0,0.00016880487,0.00016880487,0.00016880487
train,3570,nc,1.0,0.6,0.42857143,1.0,0.00016880487,0.00016880487,0.00016880487
train,3571,eea,0.6,0.6,0.52380955,0.0,0.0,0.0,0.0
train,3572,eps,0.6,0.6,0.52380955,0.0,0.0,0.0,0.0
train,3573,egc,1.0,0.6,0.42857143,1.0,0.00033755274,0.00033755274,0.00033755274
train,3574,egc,1.0,0.4857143,0.4857143,1.0,0.00016877637,0.00016877637,0.00016877637
train,3575,nc,1.0,0.4857143,0.4857143,1.0,0.00016877637,0.00016877637,0.00016877637
train,3576,egb,0.61290324,0.61290324,0.5483871,0.0,0.0,0.0,0.0
train,3577,ei,0.61290324,0.61290324,0.5483871,0.0,0.0,0.0,0.0
train,3578,eps,0.61290324,0.61290324,0.5483871,0.0,0.0,0.0,0.0
train,3579,nc,0.61290324,0.61290324,0.5483871,0.0,0.0,0.0,0.0
train,3580,tg,0.6875,0.5882353,0.5882353,0.0,0.0,0.0,0.0
train,3581,tg,0.8636364,0.84444445,0.5090909,0.0,0.0,0.0,0.00016877637
train,3582,tg,0.9767442,0.6037736,0.6037736,0.0,0.00016877637,0.00016877637,0.00033755274
train,3583,tg,0.79591835,0.78431374,0.5319149,0.0,0.0,0.0,0.0
train,3584,tg,0.89361703,0.89361703,0.58928573,0.0,0.0,0.0,0.0005063291
train,3585,tg,1.0,0.89361703,0.6226415,1.0,0.00033760973,0.00033760973,0.00050641457
train,3586,tg,1.0,0.89361703,0.6226415,1.0,0.00033755274,0.00033755274,0.0005063291
train,3587,tg,1.0,0.6226415,0.6226415,1.0,0.00016877637,0.00016877637,0.00016877637
train,3588,tg,1.0,0.89361703,0.6226415,1.0,0.00033755274,0.00033755274,0.0005063291
train,3589,tg,1.0,0.84444445,0.6226415,1.0,0.00033755274,0.00033755274,0.00033755274
train,3590,tg,0.71428573,0.6530612,0.5686275,0.0,0.0,0.0,0.0
train,3591,tg,0.6976744,0.5945946,0.575,0.0,0.0,0.0,0.0
train,3592,tg,0.63414633,0.55813956,0.5,0.0,0.0,0.0,0.0
train,3593,tg,0.61702126,0.53061223,0.46153846,0.0,0.0,0.0,0.0
train,3594,tg,0.7209302,0.61702126,0.48,0.0,0.0,0.0,0.0
train,3595,tg,0.6744186,0.6666667,0.6666667,0.0,0.0,0.0,0.0
train,3596,tg,0.6969697,0.5733333,0.5,0.0,0.0,0.0,0.0
train,3597,tg,0.6969697,0.53521127,0.50666666,0.0,0.0,0.0,0.0
train,3598,tg,1.0,0.63414633,0.61904764,1.0,0.00016877637,0.00016877637,0.00016877637
train,3599,tg,1.0,0.65,0.63414633,1.0,0.00016877637,0.00016877637,0.00016877637
train,3600,tg,0.9677419,0.9677419,0.9354839,0.0,0.00067521946,0.0008440243,0.0008440243
train,3601,tg,0.71428573,0.65909094,0.64444447,0.0,0.0,0.0,0.0
train,3602,tg,1.0,0.9677419,0.75757575,1.0,0.0005063291,0.0006751055,0.0006751055
train,3603,tg,0.725,0.5744681,0.52272725,0.0,0.0,0.0,0.0
train,3604,tg,0.8,0.63414633,0.5897436,0.0,0.0,0.0,0.0
train,3605,eea,0.5714286,0.5714286,0.5625,0.0,0.0,0.0,0.0
train,3606,egb,0.5714286,0.5714286,0.5625,0.0,0.0,0.0,0.0
train,3607,nc,0.5714286,0.5714286,0.5625,0.0,0.0,0.0,0.0
train,3608,egb,1.0,0.62857145,0.62857145,1.0,0.00016877637,0.00016877637,0.00016877637
train,3609,ei,1.0,0.62857145,0.62857145,1.0,0.00016877637,0.00016877637,0.00016877637
train,3610,nc,1.0,0.62857145,0.62857145,1.0,0.00016877637,0.00016877637,0.00016877637
train,3611,eea,1.0,0.6666667,0.62857145,1.0,0.00016880487,0.00016880487,0.00016880487
train,3612,ei,1.0,0.6666667,0.62857145,1.0,0.00016880487,0.00016880487,0.00016880487
train,3613,eps,1.0,0.6666667,0.62857145,1.0,0.00016880487,0.00016880487,0.00016880487
train,3614,eea,0.7037037,0.5714286,0.56666666,0.0,0.0,0.0,0.0
train,3615,ei,0.7037037,0.5714286,0.56666666,0.0,0.0,0.0,0.0
train,3616,nc,0.7037037,0.5714286,0.56666666,0.0,0.0,0.0,0.0
train,3617,ei,0.53571427,0.53571427,0.53571427,0.0,0.0,0.0,0.0
train,3618,eps,0.53571427,0.53571427,0.53571427,0.0,0.0,0.0,0.0
train,3619,nc,0.53571427,0.53571427,0.53571427,0.0,0.0,0.0,0.0
train,3620,egb,0.7037037,0.7037037,0.64285713,0.0,0.0,0.0,0.0
train,3621,nc,0.7037037,0.7037037,0.64285713,0.0,0.0,0.0,0.0
train,3622,eea,0.45652175,0.45652175,0.45652175,0.0,0.0,0.0,0.0
train,3623,ei,0.45652175,0.45652175,0.45652175,0.0,0.0,0.0,0.0
train,3624,nc,0.45652175,0.45652175,0.45652175,0.0,0.0,0.0,0.0
train,3625,ei,1.0,0.61290324,0.5714286,1.0,0.00016877637,0.00016877637,0.00016877637
train,3626,eps,1.0,0.61290324,0.5714286,1.0,0.00016877637,0.00016877637,0.00016877637
train,3627,egb,0.61290324,0.56666666,0.56666666,0.0,0.0,0.0,0.0
train,3628,ei,0.61290324,0.56666666,0.56666666,0.0,0.0,0.0,0.0
train,3629,eps,0.61290324,0.56666666,0.56666666,0.0,0.0,0.0,0.0
train,3630,nc,0.61290324,0.56666666,0.56666666,0.0,0.0,0.0,0.0
train,3631,tg,0.64444447,0.5777778,0.5555556,0.0,0.0,0.0,0.0
train,3632,tg,0.64444447,0.53061223,0.5102041,0.0,0.0,0.0,0.0
train,3633,tg,0.5625,0.5102041,0.48,0.0,0.0,0.0,0.0
train,3634,tg,0.7948718,0.627907,0.57894737,0.0,0.0,0.0,0.0
train,3635,tg,1.0,0.61538464,0.61538464,1.0,0.00016877637,0.00016877637,0.00016877637
train,3636,tg,0.7837838,0.71428573,0.71428573,0.0,0.0,0.0,0.0
train,3637,tg,1.0,1.0,0.75757575,1.0,0.0005063291,0.0005063291,0.0005063291
train,3638,tg,1.0,0.7714286,0.75757575,1.0,0.00033755274,0.00033755274,0.00033755274
train,3639,tg,1.0,1.0,0.75757575,1.0,0.0005063291,0.0005063291,0.0005063291
train,3640,tg,0.5,0.5,0.475,0.0,0.0,0.0,0.0
train,3641,tg,0.7714286,0.7714286,0.6097561,0.0,0.0,0.0,0.0
train,3642,tg,0.9677419,0.78125,0.72727275,0.0,0.00033755274,0.00033755274,0.00033755274
train,3643,tg,1.0,0.8125,0.75757575,1.0,0.00033755274,0.00033755274,0.00033755274
train,3644,tg,1.0,0.8125,0.8125,1.0,0.00033755274,0.00033755274,0.00033755274
train,3645,eea,0.47826087,0.45833334,0.45833334,0.0,0.0,0.0,0.0
train,3646,egc,0.47826087,0.45833334,0.45833334,0.0,0.0,0.0,0.0
train,3647,eps,0.47826087,0.45833334,0.45833334,0.0,0.0,0.0,0.0
train,3648,nc,0.47826087,0.45833334,0.45833334,0.0,0.0,0.0,0.0
train,3649,egc,1.0,1.0,0.61290324,1.0,0.0005063291,0.0005063291,0.0005063291
train,3650,eea,1.0,0.5,0.5,1.0,0.00016877637,0.00016877637,0.00016877637
train,3651,egb,1.0,0.5,0.5,1.0,0.00016877637,0.00016877637,0.00016877637
train,3652,ei,1.0,0.5,0.5,1.0,0.00016877637,0.00016877637,0.00016877637
train,3653,nc,1.0,0.5,0.5,1.0,0.00016877637,0.00016877637,0.00016877637
train,3654,egc,1.0,1.0,0.5,1.0,0.00067521946,0.00067521946,0.00067521946
train,3655,egc,1.0,0.75,0.75,1.0,0.00033755274,0.00033755274,0.00033755274
train,3656,tg,1.0,0.6551724,0.6551724,1.0,0.00033755274,0.00033755274,0.00033755274
train,3657,tg,1.0,0.6,0.56,1.0,0.00033755274,0.00033755274,0.00033755274
train,3658,egc,0.45454547,0.45454547,0.45454547,0.0,0.0,0.0,0.0
train,3659,nc,0.45454547,0.45454547,0.45454547,0.0,0.0,0.0,0.0
train,3660,egb,1.0,0.7777778,0.75,1.0,0.00016880487,0.00016880487,0.00016880487
train,3661,eps,1.0,0.7777778,0.75,1.0,0.00016880487,0.00016880487,0.00016880487
train,3662,egb,0.96428573,0.7777778,0.61764705,0.0,0.00033755274,0.00033755274,0.00033755274
train,3663,ei,0.96428573,0.7777778,0.61764705,0.0,0.00033755274,0.00033755274,0.00033755274
train,3664,eps,0.96428573,0.75,0.75,0.0,0.00033755274,0.00033755274,0.00033755274
train,3665,nc,0.96428573,0.75,0.75,0.0,0.00033755274,0.00033755274,0.00033755274
train,3666,eea,0.75,0.75,0.64705884,0.0,0.0,0.0,0.0
train,3667,eps,0.75,0.75,0.64705884,0.0,0.0,0.0,0.0
train,3668,eea,0.52380955,0.42857143,0.42857143,0.0,0.0,0.0,0.0
train,3669,ei,0.52380955,0.42857143,0.42857143,0.0,0.0,0.0,0.0
train,3670,eps,0.52380955,0.42857143,0.42857143,0.0,0.0,0.0,0.0
train,3671,egb,0.64285713,0.56666666,0.56666666,0.0,0.0,0.0,0.0
train,3672,eps,0.64285713,0.56666666,0.56666666,0.0,0.0,0.0,0.0
train,3673,eea,0.5714286,0.5714286,0.55172414,0.0,0.0,0.0,0.0
train,3674,egb,0.5714286,0.5714286,0.55172414,0.0,0.0,0.0,0.0
train,3675,ei,0.5714286,0.5714286,0.55172414,0.0,0.0,0.0,0.0
train,3676,eps,0.5714286,0.5714286,0.55172414,0.0,0.0,0.0,0.0
train,3677,nc,0.5714286,0.5714286,0.55172414,0.0,0.0,0.0,0.0
train,3678,egb,1.0,0.57575756,0.56666666,1.0,0.00016880487,0.00016880487,0.00016880487
train,3679,ei,1.0,0.57575756,0.56666666,1.0,0.00016880487,0.00016880487,0.00016880487
train,3680,eps,1.0,0.57575756,0.56666666,1.0,0.00016880487,0.00016880487,0.00016880487
train,3681,egc,1.0,0.45945945,0.43589744,1.0,0.00016877637,0.00016877637,0.00016877637
train,3682,egc,0.41379312,0.39285713,0.38235295,0.0,0.0,0.0,0.0
train,3683,egc,0.45454547,0.38297874,0.3529412,0.0,0.0,0.0,0.0
train,3684,tg,0.41860464,0.40425533,0.4,0.0,0.0,0.0,0.0
train,3685,tg,0.7419355,0.6896552,0.6571429,0.0,0.0,0.0,0.0
train,3686,tg,1.0,0.8787879,0.8125,1.0,0.00016877637,0.00033755274,0.0006751055
train,3687,tg,0.96875,0.96875,0.90625,0.0,0.00050641457,0.0008440243,0.0008440243
train,3688,tg,1.0,0.96875,0.8787879,1.0,0.0005063291,0.0005063291,0.00084388186
train,3689,tg,1.0,0.96875,0.8787879,1.0,0.0005063291,0.0005063291,0.00084388186
train,3690,tg,0.7380952,0.63829786,0.47727272,0.0,0.0,0.0,0.0
train,3691,tg,0.7894737,0.6818182,0.5641026,0.0,0.0,0.0,0.0
train,3692,tg,0.71428573,0.63829786,0.5116279,0.0,0.0,0.0,0.0
train,3693,egc,0.55,0.5,0.375,0.0,0.0,0.0,0.0
train,3694,egc,0.55,0.47619048,0.36,0.0,0.0,0.0,0.0
train,3695,egc,0.5,0.3846154,0.33333334,0.0,0.0,0.0,0.0
train,3696,egc,0.33333334,0.33333334,0.32,0.0,0.0,0.0,0.0
train,3697,egc,0.5,0.46153846,0.4347826,0.0,0.0,0.0,0.0
train,3698,egb,0.51428574,0.4054054,0.37142858,0.0,0.0,0.0,0.0
train,3699,egc,0.73333335,0.54761904,0.41379312,0.0,0.0,0.0,0.0
train,3700,egc,0.54761904,0.42553192,0.4,0.0,0.0,0.0,0.0
train,3701,egc,0.73333335,0.47727272,0.375,0.0,0.0,0.0,0.0
train,3702,egc,0.59375,0.5,0.41666666,0.0,0.0,0.0,0.0
train,3703,egc,1.0,0.5,0.48,1.0,0.00016877637,0.00016877637,0.00016877637
train,3704,egc,0.5185185,0.5,0.45945945,0.0,0.0,0.0,0.0
train,3705,egc,0.4,0.38235295,0.33333334,0.0,0.0,0.0,0.0
train,3706,egc,0.6315789,0.4047619,0.37209302,0.0,0.0,0.0,0.0
train,3707,egc,0.4827586,0.4,0.3529412,0.0,0.0,0.0,0.0
train,3708,egc,1.0,1.0,0.64,1.0,0.0006751055,0.0006751055,0.0006751055
train,3709,egc,1.0,1.0,0.64705884,1.0,0.0005063291,0.0005063291,0.0005063291
train,3710,egc,1.0,1.0,0.61538464,1.0,0.0006751055,0.0006751055,0.0006751055
train,3711,egc,1.0,1.0,0.61538464,1.0,0.0006751055,0.0006751055,0.0006751055
train,3712,egc,1.0,1.0,0.8333333,1.0,0.00067521946,0.00067521946,0.00067521946
train,3713,egc,1.0,0.8888889,0.6896552,1.0,0.00033755274,0.00033755274,0.0005063291
train,3714,egc,1.0,0.5833333,0.56,1.0,0.00016877637,0.00016877637,0.00016877637
train,3715,egc,1.0,1.0,0.6666667,1.0,0.0006751055,0.0006751055,0.0006751055
train,3716,egc,1.0,0.8888889,0.8888889,1.0,0.00033755274,0.00033755274,0.00084388186
train,3717,egc,1.0,1.0,0.6666667,1.0,0.00050641457,0.00050641457,0.00050641457
train,3718,egc,1.0,1.0,0.55172414,1.0,0.0006751055,0.0006751055,0.0006751055
train,3719,egc,1.0,1.0,1.0,1.0,0.00084388186,0.00084388186,0.00084388186
train,3720,egc,0.6,0.6,0.59375,0.0,0.0,0.0,0.0
train,3721,egc,0.7407407,0.6333333,0.59375,0.0,0.0,0.0,0.0
train,3722,egc,0.73333335,0.6875,0.5151515,0.0,0.0,0.0,0.0
train,3723,egc,0.87096775,0.6875,0.5675676,0.0,0.0,0.0,0.00016877637
train,3724,egc,0.87096775,0.64705884,0.5897436,0.0,0.0,0.0,0.00016877637
train,3725,egc,0.7407407,0.6666667,0.4848485,0.0,0.0,0.0,0.0
train,3726,egc,0.43333334,0.42857143,0.41025642,0.0,0.0,0.0,0.0
train,3727,tg,1.0,0.5,0.44444445,1.0,0.00016880487,0.00016880487,0.00016880487
train,3728,egc,0.7419355,0.6,0.5675676,0.0,0.0,0.0,0.0
train,3729,egc,0.65,0.5714286,0.525,0.0,0.0,0.0,0.0
train,3730,egc,0.4827586,0.4375,0.41379312,0.0,0.0,0.0,0.0
train,3731,egc,0.6296296,0.46666667,0.41935483,0.0,0.0,0.0,0.0
train,3732,egc,0.6296296,0.5862069,0.53125,0.0,0.0,0.0,0.0
train,3733,egc,0.6896552,0.61290324,0.6060606,0.0,0.0,0.0,0.0
train,3734,egc,0.8125,0.7878788,0.7647059,0.0,0.0,0.0,0.0
train,3735,egc,1.0,0.8787879,0.8787879,1.0,0.00016877637,0.00033755274,0.00084388186
train,3736,egc,1.0,0.96875,0.7647059,1.0,0.0005063291,0.0005063291,0.0006751055
train,3737,egc,0.71875,0.6764706,0.6388889,0.0,0.0,0.0,0.0
train,3738,egc,0.7894737,0.71428573,0.5945946,0.0,0.0,0.0,0.0
train,3739,egc,0.8666667,0.6315789,0.516129,0.0,0.0,0.0,0.00033755274
train,3740,egc,0.625,0.45945945,0.45238096,0.0,0.0,0.0,0.0
train,3741,egc,0.9354839,0.51428574,0.41025642,0.0,0.0,0.00016877637,0.00033755274
train,3742,egc,0.9354839,0.6097561,0.45238096,0.0,0.0,0.00016880487,0.00033760973
train,3743,egc,0.74358976,0.4878049,0.45454547,0.0,0.0,0.0,0.0
train,3744,egc,0.74358976,0.45454547,0.45238096,0.0,0.0,0.0,0.0
train,3745,egc,0.65,0.53846157,0.45833334,0.0,0.0,0.0,0.0
train,3746,egc,0.61764705,0.525,0.40425533,0.0,0.0,0.0,0.0
train,3747,egc,0.51282054,0.39130434,0.37254903,0.0,0.0,0.0,0.0
train,3748,egc,0.7,0.45238096,0.42857143,0.0,0.0,0.0,0.0
train,3749,egc,0.7,0.54545456,0.51282054,0.0,0.0,0.0,0.0
train,3750,ei,1.0,0.41666666,0.41666666,1.0,0.00016877637,0.00016877637,0.00016877637
train,3751,eps,1.0,0.41666666,0.41666666,1.0,0.00016877637,0.00016877637,0.00016877637
train,3752,nc,1.0,0.41666666,0.41666666,1.0,0.00016877637,0.00016877637,0.00016877637
train,3753,eea,1.0,0.4347826,0.4347826,1.0,0.00016880487,0.00016880487,0.00016880487
train,3754,egb,1.0,0.4347826,0.4347826,1.0,0.00016880487,0.00016880487,0.00016880487
train,3755,egc,0.6551724,0.6551724,0.57575756,0.0,0.0,0.0,0.0
train,3756,egc,0.7692308,0.7692308,0.6896552,0.0,0.0,0.0,0.0
train,3757,egc,1.0,0.67741936,0.67741936,1.0,0.00033760973,0.00033760973,0.00033760973
train,3758,egc,1.0,0.67741936,0.67741936,1.0,0.00033755274,0.00033755274,0.00033755274
train,3759,egc,1.0,1.0,0.6,1.0,0.0006751055,0.0006751055,0.0006751055
train,3760,egc,1.0,0.6666667,0.5925926,1.0,0.00033755274,0.00033755274,0.00033755274
train,3761,egc,0.21428572,0.20930232,0.19148937,0.0,0.0,0.0,0.0
train,3762,egc,0.46031746,0.41666666,0.41666666,0.0,0.0,0.0,0.0
train,3763,egc,0.21428572,0.1904762,0.17391305,0.0,0.0,0.0,0.0
train,3764,tg,0.59210527,0.45238096,0.43529412,0.0,0.0,0.0,0.0
train,3765,tg,0.6585366,0.65,0.65,0.0,0.0,0.0,0.0
train,3766,tg,1.0,1.0,0.8787879,1.0,0.0005063291,0.0005063291,0.00084388186
train,3767,tg,1.0,1.0,0.8787879,1.0,0.00067521946,0.00067521946,0.0008440243
train,3768,tg,1.0,1.0,0.8787879,1.0,0.0006751055,0.0006751055,0.0010126582
train,3769,tg,1.0,1.0,0.8787879,1.0,0.0006751055,0.0006751055,0.0010126582
train,3770,tg,1.0,0.8787879,0.8787879,1.0,0.00016877637,0.00016877637,0.0010126582
train,3771,egc,1.0,1.0,0.8787879,1.0,0.0005063291,0.0005063291,0.00084388186
train,3772,egc,1.0,0.8787879,0.8787879,1.0,0.00016880487,0.00016880487,0.0008440243
train,3773,egb,0.3529412,0.31578946,0.3030303,0.0,0.0,0.0,0.0
train,3774,egc,0.3529412,0.31578946,0.3030303,0.0,0.0,0.0,0.0
train,3775,egc,0.22222222,0.19402985,0.18571429,0.0,0.0,0.0,0.0
train,3776,eea,1.0,0.4347826,0.4347826,1.0,0.00016877637,0.00016877637,0.00016877637
train,3777,egb,1.0,0.4347826,0.4347826,1.0,0.00016877637,0.00016877637,0.00016877637
train,3778,eps,1.0,0.4347826,0.4347826,1.0,0.00016877637,0.00016877637,0.00016877637
train,3779,nc,1.0,0.4347826,0.4347826,1.0,0.00016877637,0.00016877637,0.00016877637
train,3780,eea,0.44,0.44,0.4,0.0,0.0,0.0,0.0
train,3781,egb,0.44,0.44,0.4,0.0,0.0,0.0,0.0
train,3782,eps,0.44,0.44,0.4,0.0,0.0,0.0,0.0
train,3783,nc,0.44,0.44,0.4,0.0,0.0,0.0,0.0
train,3784,eea,0.42424244,0.42424244,0.36363637,0.0,0.0,0.0,0.0
train,3785,eps,0.42424244,0.42424244,0.36363637,0.0,0.0,0.0,0.0
train,3786,nc,0.42424244,0.42424244,0.36363637,0.0,0.0,0.0,0.0
train,3787,egc,0.4642857,0.36363637,0.36363637,0.0,0.0,0.0,0.0
train,3788,egc,0.96,0.7692308,0.7307692,0.0,0.00033755274,0.00033755274,0.00033755274
train,3789,egb,0.96,0.7407407,0.5714286,0.0,0.00016877637,0.00016877637,0.00016877637
train,3790,egc,0.96,0.7407407,0.5714286,0.0,0.00016877637,0.00016877637,0.00016877637
train,3791,egc,0.625,0.6060606,0.5714286,0.0,0.0,0.0,0.0
train,3792,tg,0.44444445,0.39534885,0.39534885,0.0,0.0,0.0,0.0
train,3793,egc,0.95652175,0.8695652,0.7407407,0.0,0.00016877637,0.00033755274,0.0005063291
train,3794,egc,0.95652175,0.8695652,0.6060606,0.0,0.00016877637,0.00033755274,0.0005063291
train,3795,egc,0.95238096,0.8695652,0.7307692,0.0,0.00016877637,0.00033755274,0.0005063291
train,3796,egc,0.95238096,0.8695652,0.7692308,0.0,0.00016877637,0.00033755274,0.0005063291
train,3797,tg,0.775,0.75609756,0.42,0.0,0.0,0.0,0.0
train,3798,tg,0.974359,0.775,0.4385965,0.0,0.00033755274,0.00033755274,0.00033755274
train,3799,tg,0.5121951,0.41860464,0.41025642,0.0,0.0,0.0,0.0
train,3800,tg,0.4074074,0.34246576,0.33333334,0.0,0.0,0.0,0.0
train,3801,tg,0.55263156,0.4318182,0.40677965,0.0,0.0,0.0,0.0
train,3802,tg,0.87931037,0.6,0.47692308,0.0,0.0,0.0,0.00016880487
train,3803,tg,0.87931037,0.6268657,0.56,0.0,0.0,0.0,0.00016877637
train,3804,tg,0.87931037,0.7846154,0.6268657,0.0,0.0,0.0,0.00016877637
train,3805,tg,0.84615386,0.82258064,0.5915493,0.0,0.0,0.0,0.0
train,3806,tg,0.84615386,0.77272725,0.56,0.0,0.0,0.0,0.0
train,3807,tg,0.87931037,0.77272725,0.5074627,0.0,0.0,0.0,0.00016880487
train,3808,egc,0.7,0.55263156,0.53571427,0.0,0.0,0.0,0.0
train,3809,egc,1.0,0.75609756,0.45614034,1.0,0.00033755274,0.00033755274,0.00033755274
train,3810,egc,1.0,0.75609756,0.45614034,1.0,0.00033755274,0.00033755274,0.00033755274
train,3811,egc,0.7,0.5277778,0.44680852,0.0,0.0,0.0,0.0
train,3812,egc,0.73333335,0.5882353,0.5882353,0.0,0.0,0.0,0.0
train,3813,egc,0.73333335,0.51282054,0.4642857,0.0,0.0,0.0,0.0
train,3814,egc,0.5897436,0.5555556,0.5405405,0.0,0.0,0.0,0.0
train,3815,egc,0.5185185,0.5185185,0.5,0.0,0.0,0.0,0.0
train,3816,egb,0.42857143,0.42857143,0.42424244,0.0,0.0,0.0,0.0
train,3817,ei,0.42857143,0.42857143,0.42424244,0.0,0.0,0.0,0.0
train,3818,eps,0.42857143,0.42857143,0.42424244,0.0,0.0,0.0,0.0
train,3819,nc,0.42857143,0.42857143,0.42424244,0.0,0.0,0.0,0.0
train,3820,eea,0.45,0.45,0.42857143,0.0,0.0,0.0,0.0
train,3821,egb,0.45,0.45,0.42857143,0.0,0.0,0.0,0.0
train,3822,eea,0.45,0.36363637,0.36363637,0.0,0.0,0.0,0.0
train,3823,egc,0.45,0.36363637,0.36363637,0.0,0.0,0.0,0.0
train,3824,ei,0.45,0.36363637,0.36363637,0.0,0.0,0.0,0.0
train,3825,nc,0.45,0.36363637,0.36363637,0.0,0.0,0.0,0.0
train,3826,egb,1.0,0.47368422,0.42857143,1.0,0.00016877637,0.00016877637,0.00016877637
train,3827,ei,1.0,0.47368422,0.42857143,1.0,0.00016877637,0.00016877637,0.00016877637
train,3828,eps,1.0,0.47368422,0.42857143,1.0,0.00016877637,0.00016877637,0.00016877637
train,3829,nc,1.0,0.47368422,0.42857143,1.0,0.00016877637,0.00016877637,0.00016877637
train,3830,egb,0.52,0.52,0.52,0.0,0.0,0.0,0.0
train,3831,eps,0.52,0.52,0.52,0.0,0.0,0.0,0.0
train,3832,nc,0.52,0.52,0.52,0.0,0.0,0.0,0.0
train,3833,egc,0.4,0.4,0.3488372,0.0,0.0,0.0,0.0
train,3834,egc,0.5833333,0.44444445,0.4074074,0.0,0.0,0.0,0.0
train,3835,egc,0.6,0.5,0.5,0.0,0.0,0.0,0.0
train,3836,egc,1.0,0.6216216,0.54761904,1.0,0.00016877637,0.00016877637,0.00016877637
train,3837,egc,0.5833333,0.44444445,0.35714287,0.0,0.0,0.0,0.0
train,3838,egc,0.6,0.5833333,0.44827586,0.0,0.0,0.0,0.0
train,3839,egc,0.51785713,0.50769234,0.50769234,0.0,0.0,0.0,0.0
train,3840,egc,0.6,0.44827586,0.44444445,0.0,0.0,0.0,0.0
train,3841,egc,0.56,0.44444445,0.34146342,0.0,0.0,0.0,0.0
train,3842,tg,1.0,0.6216216,0.53488374,1.0,0.00016877637,0.00016877637,0.00016877637
train,3843,tg,1.0,0.41935483,0.37288135,1.0,0.00033755274,0.00033755274,0.00033755274
train,3844,tg,1.0,0.41935483,0.37288135,1.0,0.00033760973,0.00033760973,0.00033760973
train,3845,tg,1.0,0.41935483,0.37288135,1.0,0.00033755274,0.00033755274,0.00033755274
train,3846,tg,0.56666666,0.51724136,0.4516129,0.0,0.0,0.0,0.0
train,3847,tg,0.4262295,0.4107143,0.37288135,0.0,0.0,0.0,0.0
train,3848,tg,0.8,0.8,0.6511628,0.0,0.0,0.0,0.0
train,3849,tg,0.8,0.63414633,0.6037736,0.0,0.0,0.0,0.0
train,3850,tg,1.0,1.0,1.0,1.0,0.0011814346,0.0011814346,0.0011814346
train,3851,tg,1.0,1.0,1.0,1.0,0.0011814346,0.0011814346,0.0011814346
train,3852,tg,1.0,1.0,1.0,1.0,0.0011814346,0.0011814346,0.0011814346
train,3853,tg,1.0,1.0,1.0,1.0,0.0011814346,0.0011814346,0.0011814346
train,3854,tg,1.0,1.0,1.0,1.0,0.0013504389,0.0013504389,0.0013504389
train,3855,tg,1.0,1.0,1.0,1.0,0.0011814346,0.0011814346,0.0011814346
train,3856,tg,1.0,1.0,1.0,1.0,0.0011814346,0.0011814346,0.0011814346
train,3857,tg,1.0,1.0,1.0,1.0,0.0011814346,0.0011814346,0.0011814346
train,3858,tg,1.0,1.0,1.0,1.0,0.0011814346,0.0011814346,0.0011814346
train,3859,tg,0.65217394,0.5813953,0.54761904,0.0,0.0,0.0,0.0
train,3860,tg,0.65217394,0.5471698,0.5319149,0.0,0.0,0.0,0.0
train,3861,tg,0.5319149,0.40816328,0.4,0.0,0.0,0.0,0.0
train,3862,tg,0.6888889,0.54545456,0.46153846,0.0,0.0,0.0,0.0
train,3863,tg,0.64179105,0.59210527,0.5479452,0.0,0.0,0.0,0.0
train,3864,tg,0.7209302,0.5531915,0.45454547,0.0,0.0,0.0,0.0
train,3865,tg,0.7209302,0.61702126,0.61702126,0.0,0.0,0.0,0.0
train,3866,tg,0.6818182,0.6818182,0.61702126,0.0,0.0,0.0,0.0
train,3867,tg,0.82,0.62903225,0.52459013,0.0,0.0,0.0,0.0
train,3868,tg,0.7755102,0.6909091,0.5714286,0.0,0.0,0.0,0.0
train,3869,tg,0.5416667,0.5147059,0.46835443,0.0,0.0,0.0,0.0
train,3870,tg,0.6388889,0.5609756,0.5135135,0.0,0.0,0.0,0.0
train,3871,tg,0.42857143,0.34210527,0.3030303,0.0,0.0,0.0,0.0
train,3872,egc,1.0,0.47619048,0.4473684,1.0,0.00016877637,0.00016877637,0.00016877637
train,3873,egc,1.0,0.47619048,0.4473684,1.0,0.00016877637,0.00016877637,0.00016877637
train,3874,egc,0.5185185,0.5,0.41666666,0.0,0.0,0.0,0.0
train,3875,egc,0.4074074,0.37931034,0.34375,0.0,0.0,0.0,0.0
train,3876,egc,0.84444445,0.5,0.46551725,0.0,0.0,0.0,0.0
train,3877,egc,0.84444445,0.4375,0.42857143,0.0,0.0,0.0,0.0
train,3878,egc,0.5185185,0.4,0.37931034,0.0,0.0,0.0,0.0
train,3879,egc,0.53846157,0.37931034,0.36666667,0.0,0.0,0.0,0.0
train,3880,egc,1.0,0.85714287,0.6031746,1.0,0.00033755274,0.00033755274,0.0005063291
train,3881,egc,0.9655172,0.8833333,0.5714286,0.0,0.00016877637,0.00016877637,0.0005063291
train,3882,egc,0.90163934,0.85714287,0.5833333,0.0,0.0,0.00016877637,0.0006751055
train,3883,egc,0.68421054,0.575,0.575,0.0,0.0,0.0,0.0
train,3884,egc,0.58064514,0.46666667,0.38709676,0.0,0.0,0.0,0.0
train,3885,egc,0.58064514,0.46875,0.3888889,0.0,0.0,0.0,0.0
train,3886,tg,0.7704918,0.65625,0.4852941,0.0,0.0,0.0,0.0
train,3887,tg,0.88235295,0.65625,0.59016395,0.0,0.0,0.0,0.00016877637
train,3888,tg,0.88235295,0.72,0.64285713,0.0,0.0,0.0,0.00016877637
train,3889,tg,0.7704918,0.6393443,0.53125,0.0,0.0,0.0,0.0
train,3890,tg,0.87234044,0.6909091,0.6393443,0.0,0.0,0.0,0.00016877637
train,3891,tg,0.87234044,0.72,0.64285713,0.0,0.0,0.0,0.00016877637
train,3892,tg,0.6875,0.5510204,0.53061223,0.0,0.0,0.0,0.0
train,3893,tg,0.7051282,0.61333334,0.43421054,0.0,0.0,0.0,0.0
train,3894,tg,0.7051282,0.5,0.46,0.0,0.0,0.0,0.0
train,3895,tg,0.8873239,0.61904764,0.5,0.0,0.0,0.0,0.00016877637
train,3896,tg,0.8873239,0.5824176,0.4651163,0.0,0.0,0.0,0.00016877637
train,3897,tg,0.7808219,0.6666667,0.5714286,0.0,0.0,0.0,0.0
train,3898,tg,0.7808219,0.61445785,0.4949495,0.0,0.0,0.0,0.0
train,3899,tg,0.6567164,0.6376812,0.57746476,0.0,0.0,0.0,0.0
train,3900,tg,0.90163934,0.8548387,0.49253732,0.0,0.0,0.00016877637,0.0005063291
train,3901,tg,1.0,0.8548387,0.6031746,1.0,0.00016877637,0.00016877637,0.0005063291
train,3902,tg,0.57894737,0.53846157,0.509434,0.0,0.0,0.0,0.0
train,3903,tg,0.8636364,0.6031746,0.5849057,0.0,0.0,0.0,0.00016877637
train,3904,tg,0.8636364,0.57894737,0.55737704,0.0,0.0,0.0,0.00016880487
train,3905,tg,0.5862069,0.5074627,0.5,0.0,0.0,0.0,0.0
train,3906,tg,0.6727273,0.62711865,0.61290324,0.0,0.0,0.0,0.0
train,3907,tg,0.6551724,0.6166667,0.509434,0.0,0.0,0.0,0.0
train,3908,tg,0.7735849,0.63793105,0.41379312,0.0,0.0,0.0,0.0
train,3909,tg,0.7735849,0.63793105,0.5423729,0.0,0.0,0.0,0.0
train,3910,tg,0.9142857,0.75,0.6944444,0.0,0.0,0.00016877637,0.00016877637
train,3911,tg,0.675,0.6363636,0.59574467,0.0,0.0,0.0,0.0
train,3912,tg,0.6136364,0.58536583,0.5777778,0.0,0.0,0.0,0.0
train,3913,tg,0.9677419,0.72727275,0.7058824,0.0,0.00016877637,0.00016877637,0.00016877637
train,3914,tg,0.8636364,0.77272725,0.68085104,0.0,0.0,0.0,0.00016880487
train,3915,tg,0.9756098,0.7111111,0.627451,0.0,0.00016877637,0.00016877637,0.00033755274
train,3916,tg,0.9756098,0.6956522,0.6511628,0.0,0.00016877637,0.00016877637,0.00016877637
train,3917,tg,0.7631579,0.5609756,0.4509804,0.0,0.0,0.0,0.0
train,3918,tg,0.6122449,0.5714286,0.5714286,0.0,0.0,0.0,0.0
train,3919,tg,0.8108108,0.7948718,0.6976744,0.0,0.0,0.0,0.0
train,3920,tg,1.0,0.7619048,0.7111111,1.0,0.00016877637,0.00016877637,0.00016877637
train,3921,tg,0.7777778,0.7,0.6585366,0.0,0.0,0.0,0.0
train,3922,tg,0.7777778,0.68085104,0.627451,0.0,0.0,0.0,0.0
train,3923,tg,0.8717949,0.7777778,0.61904764,0.0,0.0,0.0,0.00016877637
train,3924,tg,0.80487806,0.71428573,0.6956522,0.0,0.0,0.0,0.0
train,3925,tg,0.8717949,0.77272725,0.6904762,0.0,0.0,0.0,0.00016877637
train,3926,eea,0.8333333,0.8333333,0.8333333,0.0,0.0,0.0,0.0
train,3927,egc,0.8333333,0.8333333,0.8333333,0.0,0.0,0.0,0.0
train,3928,ei,0.8333333,0.8333333,0.8333333,0.0,0.0,0.0,0.0
train,3929,nc,0.8333333,0.8333333,0.8333333,0.0,0.0,0.0,0.0
train,3930,egc,0.5769231,0.5185185,0.4848485,0.0,0.0,0.0,0.0
train,3931,egc,0.4848485,0.45454547,0.45,0.0,0.0,0.0,0.0
train,3932,egc,0.7647059,0.57575756,0.45714286,0.0,0.0,0.0,0.0
train,3933,egc,0.61538464,0.5555556,0.48387095,0.0,0.0,0.0,0.0
train,3934,egc,0.61538464,0.5769231,0.5185185,0.0,0.0,0.0,0.0
train,3935,egc,0.6,0.5185185,0.42857143,0.0,0.0,0.0,0.0
train,3936,egc,0.5897436,0.5555556,0.47727272,0.0,0.0,0.0,0.0
train,3937,egc,0.5,0.45833334,0.45833334,0.0,0.0,0.0,0.0
train,3938,egc,0.55172414,0.55172414,0.5,0.0,0.0,0.0,0.0
train,3939,eea,1.0,0.8333333,0.8333333,1.0,0.00016877637,0.00016877637,0.00016877637
train,3940,egb,1.0,0.8333333,0.8333333,1.0,0.00016877637,0.00016877637,0.00016877637
train,3941,ei,1.0,0.8333333,0.8333333,1.0,0.00016877637,0.00016877637,0.00016877637
train,3942,eps,1.0,0.8333333,0.8333333,1.0,0.00016877637,0.00016877637,0.00016877637
train,3943,egb,0.7241379,0.6896552,0.6896552,0.0,0.0,0.0,0.0
train,3944,eps,0.7241379,0.6896552,0.6896552,0.0,0.0,0.0,0.0
train,3945,eea,1.0,0.8888889,0.6896552,1.0,0.00016880487,0.00016880487,0.00067521946
train,3946,eps,1.0,0.8888889,0.6896552,1.0,0.00016880487,0.00016880487,0.00067521946
train,3947,eea,0.7692308,0.7692308,0.6896552,0.0,0.0,0.0,0.0
train,3948,egb,0.7692308,0.7692308,0.6896552,0.0,0.0,0.0,0.0
train,3949,nc,0.7692308,0.7692308,0.6896552,0.0,0.0,0.0,0.0
train,3950,egb,1.0,0.8888889,0.7241379,1.0,0.00016877637,0.00016877637,0.0005063291
train,3951,ei,1.0,0.8888889,0.7241379,1.0,0.00016877637,0.00016877637,0.0005063291
train,3952,egb,0.7692308,0.7692308,0.6363636,0.0,0.0,0.0,0.0
train,3953,ei,0.7692308,0.7692308,0.6363636,0.0,0.0,0.0,0.0
train,3954,eps,0.7692308,0.7692308,0.6363636,0.0,0.0,0.0,0.0
train,3955,nc,0.7692308,0.7692308,0.6363636,0.0,0.0,0.0,0.0
train,3956,ei,1.0,0.67741936,0.6451613,1.0,0.00016877637,0.00016877637,0.00016877637
train,3957,nc,1.0,0.67741936,0.6451613,1.0,0.00016877637,0.00016877637,0.00016877637
train,3958,eea,1.0,0.61538464,0.61538464,1.0,0.00016877637,0.00016877637,0.00016877637
train,3959,ei,1.0,0.61538464,0.61538464,1.0,0.00016877637,0.00016877637,0.00016877637
train,3960,eps,1.0,0.61538464,0.61538464,1.0,0.00016877637,0.00016877637,0.00016877637
train,3961,nc,1.0,0.61538464,0.61538464,1.0,0.00016877637,0.00016877637,0.00016877637
train,3962,eea,0.6363636,0.625,0.625,0.0,0.0,0.0,0.0
train,3963,egb,0.6363636,0.625,0.625,0.0,0.0,0.0,0.0
train,3964,eps,0.6363636,0.625,0.625,0.0,0.0,0.0,0.0
train,3965,eea,1.0,0.62857145,0.62857145,1.0,0.00016877637,0.00016877637,0.00016877637
train,3966,egb,1.0,0.62857145,0.62857145,1.0,0.00016877637,0.00016877637,0.00016877637
train,3967,eps,1.0,0.62857145,0.62857145,1.0,0.00016877637,0.00016877637,0.00016877637
train,3968,nc,1.0,0.62857145,0.62857145,1.0,0.00016877637,0.00016877637,0.00016877637
train,3969,eea,1.0,0.67741936,0.61290324,1.0,0.00016877637,0.00016877637,0.00016877637
train,3970,nc,1.0,0.67741936,0.61290324,1.0,0.00016877637,0.00016877637,0.00016877637
train,3971,eps,0.575,0.575,0.5641026,0.0,0.0,0.0,0.0
train,3972,nc,0.575,0.575,0.5641026,0.0,0.0,0.0,0.0
train,3973,egc,0.7631579,0.60465115,0.53488374,0.0,0.0,0.0,0.0
train,3974,egc,0.5365854,0.5365854,0.5121951,0.0,0.0,0.0,0.0
train,3975,egb,1.0,0.7755102,0.64444447,1.0,0.00016877637,0.00016877637,0.00016877637
train,3976,egc,0.90625,0.675,0.57894737,0.0,0.0,0.00016877637,0.00016877637
train,3977,egc,1.0,0.79545456,0.7619048,1.0,0.00016880487,0.00033760973,0.00033760973
train,3978,egc,0.8333333,0.7777778,0.71428573,0.0,0.0,0.0,0.0
train,3979,egc,0.82857144,0.74285716,0.71428573,0.0,0.0,0.0,0.0
train,3980,egc,0.45454547,0.45454547,0.45454547,0.0,0.0,0.0,0.0
train,3981,egc,1.0,0.37931034,0.3508772,1.0,0.00016877637,0.00016877637,0.00033755274
train,3982,eps,1.0,0.56,0.56,1.0,0.00016880487,0.00016880487,0.00016880487
train,3983,egb,0.8,0.63414633,0.6037736,0.0,0.0,0.0,0.0
train,3984,egc,0.8,0.63414633,0.6037736,0.0,0.0,0.0,0.0
train,3985,egc,0.76,0.57575756,0.516129,0.0,0.0,0.0,0.0
train,3986,egc,0.76,0.6785714,0.64,0.0,0.0,0.0,0.0
train,3987,eea,1.0,0.64,0.64,1.0,0.00016877637,0.00016877637,0.00016877637
train,3988,ei,1.0,0.64,0.64,1.0,0.00016877637,0.00016877637,0.00016877637
train,3989,eps,1.0,0.64,0.64,1.0,0.00016877637,0.00016877637,0.00016877637
train,3990,nc,1.0,0.64,0.64,1.0,0.00016877637,0.00016877637,0.00016877637
train,3991,egb,0.61538464,0.61538464,0.5769231,0.0,0.0,0.0,0.0
train,3992,nc,0.61538464,0.61538464,0.5769231,0.0,0.0,0.0,0.0
train,3993,eea,0.6,0.6,0.58064514,0.0,0.0,0.0,0.0
train,3994,ei,0.6,0.6,0.58064514,0.0,0.0,0.0,0.0
train,3995,eea,1.0,0.59375,0.59375,1.0,0.00016877637,0.00016877637,0.00016877637
train,3996,eps,1.0,0.59375,0.59375,1.0,0.00016877637,0.00016877637,0.00016877637
train,3997,nc,1.0,0.59375,0.59375,1.0,0.00016877637,0.00016877637,0.00016877637
train,3998,eea,0.59375,0.59375,0.59375,0.0,0.0,0.0,0.0
train,3999,egb,0.59375,0.59375,0.59375,0.0,0.0,0.0,0.0
train,4000,ei,0.59375,0.59375,0.59375,0.0,0.0,0.0,0.0
train,4001,eps,0.59375,0.59375,0.59375,0.0,0.0,0.0,0.0
train,4002,nc,0.59375,0.59375,0.59375,0.0,0.0,0.0,0.0
train,4003,egc,1.0,0.7352941,0.6944444,1.0,0.00016877637,0.00016877637,0.00016877637
train,4004,egb,1.0,0.6818182,0.6818182,1.0,0.00016877637,0.00016877637,0.00016877637
train,4005,ei,1.0,0.6818182,0.6818182,1.0,0.00016877637,0.00016877637,0.00016877637
train,4006,eps,1.0,0.6818182,0.6818182,1.0,0.00016877637,0.00016877637,0.00016877637
train,4007,nc,1.0,0.6818182,0.6818182,1.0,0.00016877637,0.00016877637,0.00016877637
train,4008,eea,0.65625,0.6363636,0.6363636,0.0,0.0,0.0,0.0
train,4009,egb,0.65625,0.6363636,0.6363636,0.0,0.0,0.0,0.0
train,4010,eps,0.65625,0.6363636,0.6363636,0.0,0.0,0.0,0.0
train,4011,ei,0.65625,0.65625,0.59375,0.0,0.0,0.0,0.0
train,4012,eps,0.65625,0.65625,0.59375,0.0,0.0,0.0,0.0
train,4013,egc,1.0,0.57894737,0.5081967,1.0,0.00016877637,0.00016877637,0.00016877637
train,4014,egc,0.7631579,0.46938777,0.41304347,0.0,0.0,0.0,0.0
train,4015,egc,1.0,0.84210527,0.6,1.0,0.00033755274,0.00033755274,0.00033755274
train,4016,egc,0.7627119,0.7241379,0.55172414,0.0,0.0,0.0,0.0
train,4017,egc,1.0,0.6909091,0.627451,1.0,0.00016877637,0.00016877637,0.00016877637
train,4018,egc,1.0,0.79545456,0.7777778,1.0,0.00016877637,0.00016877637,0.00033755274
train,4019,egc,0.6956522,0.6097561,0.59615386,0.0,0.0,0.0,0.0
train,4020,eea,1.0,0.6,0.516129,1.0,0.00016880487,0.00016880487,0.00016880487
train,4021,egb,1.0,0.6,0.516129,1.0,0.00016880487,0.00016880487,0.00016880487
train,4022,eps,1.0,0.6,0.516129,1.0,0.00016880487,0.00016880487,0.00016880487
train,4023,nc,1.0,0.6,0.516129,1.0,0.00016880487,0.00016880487,0.00016880487
train,4024,egc,0.71875,0.57894737,0.4857143,0.0,0.0,0.0,0.0
train,4025,egc,0.71875,0.5263158,0.44444445,0.0,0.0,0.0,0.0
train,4026,egc,0.79310346,0.79310346,0.76666665,0.0,0.0,0.0,0.0
train,4027,egc,0.9285714,0.8965517,0.8965517,0.0,0.0,0.00033755274,0.0011814346
train,4028,egc,0.96428573,0.96428573,0.96428573,0.0,0.0008440243,0.001181634,0.001181634
train,4029,egc,1.0,1.0,0.96428573,1.0,0.00084388186,0.00084388186,0.0011814346
train,4030,egc,1.0,1.0,0.96428573,1.0,0.00084388186,0.00084388186,0.0011814346
train,4031,eea,1.0,0.6111111,0.5151515,1.0,0.00016877637,0.00016877637,0.00016877637
train,4032,egb,1.0,0.6111111,0.5151515,1.0,0.00016877637,0.00016877637,0.00016877637
train,4033,eps,1.0,0.6111111,0.5151515,1.0,0.00016877637,0.00016877637,0.00016877637
train,4034,nc,1.0,0.6111111,0.5151515,1.0,0.00016877637,0.00016877637,0.00016877637
train,4035,eea,0.6111111,0.6111111,0.6111111,0.0,0.0,0.0,0.0
train,4036,ei,0.6111111,0.6111111,0.6111111,0.0,0.0,0.0,0.0
train,4037,egc,0.79310346,0.63076925,0.6164383,0.0,0.0,0.0,0.0
train,4038,egc,1.0,0.8108108,0.7714286,1.0,0.00016877637,0.00016877637,0.00016877637
train,4039,egc,0.84210527,0.675,0.55,0.0,0.0,0.0,0.0
train,4040,egc,1.0,0.6041667,0.54545456,1.0,0.00016877637,0.00016877637,0.00016877637
train,4041,egc,0.90625,0.8125,0.7714286,0.0,0.0,0.00016877637,0.00016877637
train,4042,egc,0.7837838,0.62222224,0.61904764,0.0,0.0,0.0,0.0
train,4043,egc,0.7837838,0.6904762,0.6041667,0.0,0.0,0.0,0.0
train,4044,eps,0.5833333,0.5416667,0.52380955,0.0,0.0,0.0,0.0
train,4045,nc,0.5833333,0.5416667,0.52380955,0.0,0.0,0.0,0.0
train,4046,egc,0.44680852,0.4347826,0.41860464,0.0,0.0,0.0,0.0
train,4047,eea,1.0,0.6666667,0.53125,1.0,0.00016877637,0.00016877637,0.00016877637
train,4048,egb,1.0,0.6666667,0.53125,1.0,0.00016877637,0.00016877637,0.00016877637
train,4049,eps,1.0,0.6666667,0.53125,1.0,0.00016877637,0.00016877637,0.00016877637
train,4050,eea,1.0,0.6666667,0.6666667,1.0,0.00016877637,0.00016877637,0.00016877637
train,4051,ei,1.0,0.6666667,0.6666667,1.0,0.00016877637,0.00016877637,0.00016877637
train,4052,egb,1.0,0.55172414,0.55172414,1.0,0.00016877637,0.00016877637,0.00016877637
train,4053,ei,1.0,0.55172414,0.55172414,1.0,0.00016877637,0.00016877637,0.00016877637
train,4054,eps,1.0,0.55172414,0.55172414,1.0,0.00016877637,0.00016877637,0.00016877637
train,4055,nc,1.0,0.55172414,0.55172414,1.0,0.00016877637,0.00016877637,0.00016877637
train,4056,ei,0.57575756,0.57575756,0.53125,0.0,0.0,0.0,0.0
train,4057,eps,0.57575756,0.57575756,0.53125,0.0,0.0,0.0,0.0
train,4058,eea,1.0,0.71428573,0.71428573,1.0,0.00016877637,0.00016877637,0.00016877637
train,4059,egb,1.0,0.71428573,0.71428573,1.0,0.00016877637,0.00016877637,0.00016877637
train,4060,ei,1.0,0.71428573,0.71428573,1.0,0.00016877637,0.00016877637,0.00016877637
train,4061,eps,1.0,0.71428573,0.71428573,1.0,0.00016877637,0.00016877637,0.00016877637
train,4062,nc,1.0,0.71428573,0.71428573,1.0,0.00016877637,0.00016877637,0.00016877637
train,4063,ei,0.6,0.6,0.59375,0.0,0.0,0.0,0.0
train,4064,nc,0.6,0.6,0.59375,0.0,0.0,0.0,0.0
train,4065,egb,0.59375,0.59375,0.5862069,0.0,0.0,0.0,0.0
train,4066,eps,0.59375,0.59375,0.5862069,0.0,0.0,0.0,0.0
train,4067,nc,0.59375,0.59375,0.5862069,0.0,0.0,0.0,0.0
train,4068,tg,0.9117647,0.90625,0.74285716,0.0,0.0,0.0005063291,0.0005063291
train,4069,tg,1.0,0.7647059,0.6944444,1.0,0.00016877637,0.00016877637,0.00016877637
train,4070,tg,0.65217394,0.6037736,0.6,0.0,0.0,0.0,0.0
train,4071,tg,0.84210527,0.8035714,0.59090906,0.0,0.0,0.0,0.0
train,4072,tg,1.0,0.54545456,0.5081967,1.0,0.00016880487,0.00016880487,0.00016880487
train,4073,tg,0.84313726,0.537037,0.5263158,0.0,0.0,0.0,0.0
train,4074,tg,0.95,0.6923077,0.53521127,0.0,0.0,0.00016877637,0.00016877637
train,4075,tg,0.95,0.54285717,0.5423729,0.0,0.0,0.00016877637,0.00016877637
train,4076,tg,0.7755102,0.7307692,0.6938776,0.0,0.0,0.0,0.0
train,4077,tg,0.7837838,0.725,0.6938776,0.0,0.0,0.0,0.0
train,4078,tg,0.85714287,0.84210527,0.7627119,0.0,0.0,0.0,0.00016877637
train,4079,tg,0.85714287,0.8214286,0.76666665,0.0,0.0,0.0,0.00033755274
train,4080,tg,0.9591837,0.8518519,0.8035714,0.0,0.00016877637,0.00016877637,0.0005063291
train,4081,tg,0.8867925,0.76666665,0.625,0.0,0.0,0.0,0.00033755274
train,4082,tg,0.9591837,0.8214286,0.7758621,0.0,0.00016880487,0.00016880487,0.00033760973
train,4083,tg,0.88372093,0.6938776,0.6097561,0.0,0.0,0.0,0.00016877637
train,4084,tg,0.84210527,0.84210527,0.47619048,0.0,0.0,0.0,0.0
train,4085,tg,1.0,0.84210527,0.6,1.0,0.00033755274,0.00033755274,0.00033755274
train,4086,tg,1.0,0.84210527,0.6,1.0,0.00033755274,0.00033755274,0.00033755274
train,4087,tg,0.6486486,0.6486486,0.6486486,0.0,0.0,0.0,0.0
train,4088,tg,1.0,1.0,0.5714286,1.0,0.0006751055,0.0006751055,0.0006751055
train,4089,tg,1.0,1.0,0.61702126,1.0,0.0006751055,0.0006751055,0.0006751055
train,4090,tg,1.0,1.0,0.61702126,1.0,0.0006751055,0.0006751055,0.0006751055
train,4091,tg,1.0,1.0,0.61702126,1.0,0.0006751055,0.0006751055,0.0006751055
train,4092,tg,1.0,1.0,0.61702126,1.0,0.00067521946,0.00067521946,0.00067521946
train,4093,tg,0.7241379,0.7169811,0.55172414,0.0,0.0,0.0,0.0
train,4094,tg,1.0,0.6530612,0.6226415,1.0,0.00016877637,0.00016877637,0.00016877637
train,4095,tg,0.89285713,0.64912283,0.5882353,0.0,0.0,0.0,0.00016877637
train,4096,tg,0.89285713,0.6981132,0.6363636,0.0,0.0,0.0,0.00016877637
train,4097,tg,0.6571429,0.62711865,0.6086956,0.0,0.0,0.0,0.0
train,4098,tg,0.84615386,0.7777778,0.7291667,0.0,0.0,0.0,0.0
train,4099,tg,1.0,0.79545456,0.7777778,1.0,0.00016877637,0.00016877637,0.00033755274
train,4100,tg,0.80851066,0.7291667,0.6226415,0.0,0.0,0.0,0.0
train,4101,tg,0.9285714,0.8965517,0.8965517,0.0,0.0,0.00033755274,0.0011814346
train,4102,tg,0.96428573,0.96428573,0.96428573,0.0,0.0008440243,0.001181634,0.001181634
train,4103,tg,1.0,1.0,0.96428573,1.0,0.00084388186,0.00084388186,0.0011814346
train,4104,tg,1.0,1.0,0.96428573,1.0,0.00084388186,0.00084388186,0.0011814346
train,4105,tg,1.0,1.0,0.96428573,1.0,0.0010126582,0.0010126582,0.001350211
train,4106,tg,0.7631579,0.5,0.4878049,0.0,0.0,0.0,0.0
train,4107,tg,0.90625,0.6097561,0.5263158,0.0,0.0,0.00016880487,0.00016880487
train,4108,tg,0.6888889,0.61702126,0.5192308,0.0,0.0,0.0,0.0
train,4109,tg,0.84210527,0.71794873,0.5652174,0.0,0.0,0.0,0.0
train,4110,tg,0.7906977,0.6097561,0.5294118,0.0,0.0,0.0,0.0
train,4111,tg,0.7906977,0.66,0.53061223,0.0,0.0,0.0,0.0
train,4112,tg,1.0,0.7714286,0.74358976,1.0,0.00016880487,0.00016880487,0.00016880487
train,4113,tg,0.92105263,0.85365856,0.74358976,0.0,0.0,0.00016877637,0.0005063291
train,4114,tg,0.90625,0.8125,0.7714286,0.0,0.0,0.00016877637,0.00016877637
train,4115,tg,0.9142857,0.8235294,0.7647059,0.0,0.0,0.00033755274,0.00033755274
train,4116,tg,1.0,0.6363636,0.58,1.0,0.00016877637,0.00016877637,0.00016877637
train,4117,tg,0.7222222,0.6944444,0.6304348,0.0,0.0,0.0,0.0
train,4118,tg,0.52380955,0.52380955,0.47826087,0.0,0.0,0.0,0.0
train,4119,tg,0.57894737,0.5294118,0.5090909,0.0,0.0,0.0,0.0
train,4120,tg,0.68292683,0.61702126,0.5869565,0.0,0.0,0.0,0.0
train,4121,tg,0.725,0.47619048,0.4651163,0.0,0.0,0.0,0.0
train,4122,tg,0.79310346,0.6376812,0.58208954,0.0,0.0,0.0,0.0
train,4123,tg,1.0,0.79545456,0.6904762,1.0,0.00016877637,0.00016877637,0.00016877637
train,4124,tg,1.0,0.7755102,0.64444447,1.0,0.00016877637,0.00016877637,0.00016877637
train,4125,tg,0.7777778,0.627907,0.5813953,0.0,0.0,0.0,0.0
train,4126,egc,0.7,0.7,0.5263158,0.0,0.0,0.0,0.0
train,4127,egb,0.7,0.6451613,0.6,0.0,0.0,0.0,0.0
train,4128,egc,0.7,0.6451613,0.6,0.0,0.0,0.0,0.0
train,4129,eps,0.7,0.6451613,0.6,0.0,0.0,0.0,0.0
train,4130,egc,0.7096774,0.5263158,0.5,0.0,0.0,0.0,0.0
train,4131,egc,0.9677419,0.7352941,0.7058824,0.0,0.00016877637,0.00016877637,0.00016877637
train,4132,egc,1.0,0.7948718,0.7619048,1.0,0.00016877637,0.00016877637,0.00016877637
train,4133,egc,0.6956522,0.6,0.58536583,0.0,0.0,0.0,0.0
train,4134,egc,0.8125,0.8,0.74285716,0.0,0.0,0.0,0.0
train,4135,egc,0.68421054,0.6388889,0.6388889,0.0,0.0,0.0,0.0
train,4136,egc,0.6216216,0.4864865,0.47368422,0.0,0.0,0.0,0.0
train,4137,egc,0.84090906,0.33333334,0.3275862,0.0,0.0,0.0,0.0
train,4138,egc,0.84090906,0.32692307,0.31578946,0.0,0.0,0.0,0.0
train,4139,egc,1.0,0.7017544,0.6862745,1.0,0.00033755274,0.00033755274,0.00033755274
train,4140,egc,0.88372093,0.6862745,0.5681818,0.0,0.0,0.0,0.00016880487
train,4141,egc,0.7017544,0.6779661,0.55263156,0.0,0.0,0.0,0.0
train,4142,egc,0.95652175,0.6779661,0.6603774,0.0,0.00033755274,0.00033755274,0.00033755274
train,4143,egc,1.0,0.7017544,0.6862745,1.0,0.00033755274,0.00033755274,0.00033755274
train,4144,egc,0.9230769,0.8055556,0.7826087,0.0,0.0,0.00016877637,0.00033755274
train,4145,tg,1.0,1.0,0.46153846,1.0,0.00067521946,0.00067521946,0.00067521946
train,4146,egc,0.4375,0.4117647,0.3888889,0.0,0.0,0.0,0.0
train,4147,tg,0.45454547,0.4117647,0.4117647,0.0,0.0,0.0,0.0
train,4148,egc,0.3529412,0.2962963,0.2857143,0.0,0.0,0.0,0.0
train,4149,egc,0.57894737,0.42857143,0.4117647,0.0,0.0,0.0,0.0
train,4150,egc,0.7,0.45833334,0.4090909,0.0,0.0,0.0,0.0
train,4151,egc,0.45833334,0.375,0.33333334,0.0,0.0,0.0,0.0
train,4152,egc,0.7,0.52,0.42307693,0.0,0.0,0.0,0.0
train,4153,egc,0.42857143,0.39285713,0.36363637,0.0,0.0,0.0,0.0
train,4154,egc,0.4,0.3846154,0.3846154,0.0,0.0,0.0,0.0
train,4155,tg,1.0,1.0,0.57894737,1.0,0.00067521946,0.00067521946,0.00067521946
train,4156,tg,1.0,1.0,0.8333333,1.0,0.0006751055,0.0006751055,0.0006751055
train,4157,eea,0.47826087,0.47826087,0.45833334,0.0,0.0,0.0,0.0
train,4158,egb,0.47826087,0.47826087,0.45833334,0.0,0.0,0.0,0.0
train,4159,tg,0.47142857,0.44594595,0.43835616,0.0,0.0,0.0,0.0
train,4160,tg,1.0,0.5641026,0.55,1.0,0.00016877637,0.00016877637,0.00016877637
train,4161,tg,0.9714286,0.5641026,0.47368422,0.0,0.00033755274,0.00033755274,0.00033755274
train,4162,tg,0.9714286,0.55,0.47619048,0.0,0.00016880487,0.00016880487,0.00016880487
train,4163,tg,1.0,0.56,0.48,1.0,0.00016877637,0.00016877637,0.00016877637
train,4164,tg,0.6,0.5769231,0.43333334,0.0,0.0,0.0,0.0
train,4165,tg,0.64,0.56,0.4375,0.0,0.0,0.0,0.0
train,4166,tg,0.516129,0.44827586,0.44444445,0.0,0.0,0.0,0.0
train,4167,egc,1.0,0.9811321,0.6666667,1.0,0.00050641457,0.00050641457,0.00050641457
train,4168,ei,0.5416667,0.5,0.5,0.0,0.0,0.0,0.0
train,4169,eps,0.5416667,0.5,0.5,0.0,0.0,0.0,0.0
train,4170,nc,0.5416667,0.5,0.5,0.0,0.0,0.0,0.0
train,4171,tg,0.7708333,0.7,0.42424244,0.0,0.0,0.0,0.0
train,4172,tg,0.97727275,0.56363636,0.43939394,0.0,0.00016877637,0.00016877637,0.00016877637
train,4173,tg,0.97727275,0.5714286,0.453125,0.0,0.00016877637,0.00016877637,0.00016877637
train,4174,tg,0.97727275,0.56363636,0.55737704,0.0,0.00016877637,0.00016877637,0.00016877637
train,4175,tg,0.97727275,0.5714286,0.5645161,0.0,0.00016880487,0.00016880487,0.00016880487
train,4176,tg,1.0,1.0,0.67741936,1.0,0.0005063291,0.0005063291,0.0005063291
train,4177,tg,1.0,0.5277778,0.45454547,1.0,0.00033755274,0.00033755274,0.00033755274
train,4178,egc,0.6486486,0.58536583,0.54545456,0.0,0.0,0.0,0.0
train,4179,tg,1.0,0.79310346,0.76666665,1.0,0.00016877637,0.00016877637,0.00016877637
train,4180,tg,0.5714286,0.5675676,0.5609756,0.0,0.0,0.0,0.0
train,4181,tg,1.0,0.61764705,0.5882353,1.0,0.00016877637,0.00016877637,0.00016877637
train,4182,tg,0.9655172,0.8965517,0.76666665,0.0,0.00033755274,0.00033755274,0.0005063291
train,4183,tg,0.8,0.6764706,0.6571429,0.0,0.0,0.0,0.0
train,4184,tg,1.0,0.5714286,0.48979592,1.0,0.00033755274,0.00033755274,0.00033755274
train,4185,egc,1.0,0.6666667,0.5714286,1.0,0.00016880487,0.00016880487,0.00016880487
train,4186,tg,1.0,1.0,0.7368421,1.0,0.0005063291,0.0005063291,0.0005063291
train,4187,tg,1.0,0.7241379,0.7,1.0,0.00016877637,0.00016877637,0.00016877637
train,4188,tg,1.0,0.5833333,0.53125,1.0,0.00033755274,0.00033755274,0.00033755274
train,4189,tg,1.0,0.8,0.8,1.0,0.00016877637,0.00016877637,0.00016877637
train,4190,tg,0.5735294,0.48809522,0.4691358,0.0,0.0,0.0,0.0
train,4191,tg,0.5735294,0.52307695,0.5074627,0.0,0.0,0.0,0.0
train,4192,tg,1.0,0.9259259,0.89285713,1.0,0.00016877637,0.0005063291,0.00084388186
train,4193,tg,1.0,0.87096775,0.6363636,1.0,0.00016877637,0.00016877637,0.0005063291
train,4194,tg,1.0,0.9166667,0.88,1.0,0.00016877637,0.0005063291,0.001350211
train,4195,tg,1.0,1.0,1.0,1.0,0.0008440243,0.0040513165,0.0042201215
train,4196,tg,1.0,0.8888889,0.85714287,1.0,0.00033755274,0.00033755274,0.0016877637
train,4197,tg,0.6551724,0.64705884,0.61290324,0.0,0.0,0.0,0.0
train,4198,tg,0.78571427,0.6785714,0.5555556,0.0,0.0,0.0,0.0
train,4199,tg,1.0,0.7586207,0.7586207,1.0,0.00016877637,0.00016877637,0.00016877637
train,4200,tg,1.0,0.9166667,0.88,1.0,0.00016880487,0.00067521946,0.0015192437
train,4201,tg,1.0,0.89285713,0.89285713,1.0,0.00016877637,0.00033755274,0.0016877637
train,4202,tg,1.0,1.0,1.0,1.0,0.001350211,0.0015189874,0.0015189874
train,4203,egc,0.9444444,0.9444444,0.9444444,0.0,0.0,0.00084388186,0.00084388186
train,4204,tg,1.0,0.87096775,0.6666667,1.0,0.00016877637,0.00033755274,0.0005063291
train,4205,tg,0.8518519,0.7894737,0.45,0.0,0.0,0.0,0.00016880487
train,4206,tg,0.7894737,0.7758621,0.46268657,0.0,0.0,0.0,0.0
train,4207,tg,0.8333333,0.7894737,0.45454547,0.0,0.0,0.0,0.0
train,4208,tg,0.8518519,0.7894737,0.51666665,0.0,0.0,0.0,0.00016877637
train,4209,tg,0.5897436,0.5483871,0.5483871,0.0,0.0,0.0,0.0
train,4210,tg,1.0,0.53333336,0.525,1.0,0.00016880487,0.00016880487,0.00016880487
train,4211,tg,0.9583333,0.9583333,0.9583333,0.0,0.00084388186,0.0015189874,0.0016877637
train,4212,tg,0.7096774,0.6451613,0.6451613,0.0,0.0,0.0,0.0
train,4213,tg,1.0,1.0,1.0,1.0,0.0033755274,0.0043881857,0.005063291
train,4214,tg,1.0,1.0,1.0,1.0,0.0030379747,0.004219409,0.005063291
train,4215,tg,1.0,0.962963,0.962963,1.0,0.0010128291,0.0013504389,0.0016880486
train,4216,tg,1.0,1.0,1.0,1.0,0.001350211,0.0015189874,0.0015189874
train,4217,egc,1.0,1.0,1.0,1.0,0.00084388186,0.0010126582,0.0010126582
train,4218,tg,1.0,1.0,1.0,1.0,0.0018565401,0.0018565401,0.0018565401
train,4219,tg,1.0,1.0,1.0,1.0,0.0011814346,0.0011814346,0.0018565401
train,4220,tg,1.0,1.0,1.0,1.0,0.0010128291,0.0010128291,0.0016880486
train,4221,egc,1.0,1.0,1.0,1.0,0.00084388186,0.0010126582,0.0010126582
train,4222,tg,1.0,1.0,0.85714287,1.0,0.0006751055,0.0006751055,0.00084388186
train,4223,tg,1.0,1.0,0.9583333,1.0,0.00084388186,0.00084388186,0.0047257384
train,4224,tg,1.0,1.0,1.0,1.0,0.0030379747,0.004219409,0.005063291
train,4225,egc,1.0,1.0,1.0,1.0,0.0010128291,0.001181634,0.001181634
train,4226,tg,1.0,1.0,1.0,1.0,0.001350211,0.001350211,0.001350211
train,4227,tg,0.5625,0.5625,0.54545456,0.0,0.0,0.0,0.0
train,4228,egc,0.6315789,0.6136364,0.6136364,0.0,0.0,0.0,0.0
train,4229,tg,1.0,1.0,1.0,1.0,0.0020253165,0.0020253165,0.0020253165
train,4230,tg,1.0,1.0,0.85714287,1.0,0.00067521946,0.00067521946,0.0008440243
train,4231,tg,0.7627119,0.48076922,0.48076922,0.0,0.0,0.0,0.0
train,4232,tg,0.7627119,0.44642857,0.44642857,0.0,0.0,0.0,0.0
train,4233,tg,1.0,0.61764705,0.6,1.0,0.00033755274,0.00033755274,0.00033755274
train,4234,tg,1.0,1.0,1.0,1.0,0.0030379747,0.004219409,0.005063291
train,4235,tg,1.0,1.0,1.0,1.0,0.0032072924,0.0042201215,0.0050641457
train,4236,tg,1.0,1.0,1.0,1.0,0.0011814346,0.0011814346,0.0016877637
train,4237,egc,1.0,1.0,1.0,1.0,0.00084388186,0.0010126582,0.0010126582
train,4238,egc,1.0,1.0,1.0,1.0,0.00084388186,0.00084388186,0.00084388186
train,4239,tg,1.0,1.0,1.0,1.0,0.00084388186,0.00084388186,0.00084388186
train,4240,tg,1.0,0.61764705,0.5897436,1.0,0.00033760973,0.00033760973,0.00033760973
train,4241,egc,1.0,1.0,1.0,1.0,0.00084388186,0.0010126582,0.0010126582
train,4242,tg,0.7894737,0.75,0.52307695,0.0,0.0,0.0,0.0
train,4243,egc,1.0,1.0,1.0,1.0,0.00084388186,0.00084388186,0.00084388186
train,4244,tg,0.62711865,0.42857143,0.4181818,0.0,0.0,0.0,0.0
train,4245,tg,0.7037037,0.6785714,0.6785714,0.0,0.0,0.0,0.0
train,4246,egc,0.625,0.6,0.6,0.0,0.0,0.0,0.0
train,4247,tg,0.8,0.7407407,0.7407407,0.0,0.0,0.0,0.0
train,4248,egc,0.5862069,0.56,0.56,0.0,0.0,0.0,0.0
train,4249,tg,0.64102566,0.5,0.47916666,0.0,0.0,0.0,0.0
train,4250,egc,0.5185185,0.5,0.5,0.0,0.0,0.0,0.0
train,4251,tg,0.62711865,0.3802817,0.36486486,0.0,0.0,0.0,0.0
train,4252,tg,0.962963,0.75,0.67741936,0.0,0.00016877637,0.00016877637,0.00033755274
train,4253,egc,0.5714286,0.4814815,0.4814815,0.0,0.0,0.0,0.0
train,4254,tg,0.5625,0.47619048,0.44444445,0.0,0.0,0.0,0.0
train,4255,tg,1.0,0.59090906,0.5660377,1.0,0.00016880487,0.00016880487,0.00016880487
train,4256,tg,1.0,0.5660377,0.45454547,1.0,0.00016877637,0.00016877637,0.00033755274
train,4257,tg,1.0,0.5660377,0.44827586,1.0,0.00016877637,0.00016877637,0.00033755274
train,4258,tg,0.82051283,0.63414633,0.5652174,0.0,0.0,0.0,0.0
train,4259,tg,0.8541667,0.54,0.5,0.0,0.0,0.0,0.00033755274
train,4260,tg,0.5692308,0.5441176,0.5,0.0,0.0,0.0,0.0
train,4261,tg,0.7162162,0.5692308,0.42168674,0.0,0.0,0.0,0.0
train,4262,tg,0.7567568,0.56060606,0.47368422,0.0,0.0,0.0,0.0
train,4263,tg,0.7567568,0.6329114,0.47560975,0.0,0.0,0.0,0.0
train,4264,egc,1.0,0.575,0.4181818,1.0,0.00016877637,0.00016877637,0.00016877637
train,4265,tg,1.0,0.675,0.675,1.0,0.00016880487,0.00016880487,0.00033760973
train,4266,tg,0.9714286,0.675,0.6486486,0.0,0.00033755274,0.00033755274,0.00033755274
train,4267,tg,1.0,0.9714286,0.6585366,1.0,0.0005063291,0.0005063291,0.0005063291
train,4268,tg,1.0,0.44827586,0.4,1.0,0.00016877637,0.00016877637,0.00016877637
train,4269,tg,1.0,0.8064516,0.8,1.0,0.00016877637,0.00016877637,0.00016877637
train,4270,tg,1.0,1.0,1.0,1.0,0.0016880486,0.0016880486,0.0021944633
train,4271,tg,1.0,0.82758623,0.8064516,1.0,0.00033755274,0.00033755274,0.00033755274
train,4272,tg,1.0,0.74358976,0.675,1.0,0.00016877637,0.00033755274,0.00033755274
train,4273,tg,1.0,0.61904764,0.53846157,1.0,0.00016877637,0.00016877637,0.00016877637
train,4274,tg,0.8965517,0.8965517,0.8965517,0.0,0.0,0.0,0.0018565401
train,4275,tg,1.0,1.0,1.0,1.0,0.0016880486,0.0016880486,0.0021944633
train,4276,tg,1.0,1.0,1.0,1.0,0.0020253165,0.0020253165,0.0023628692
train,4277,tg,1.0,1.0,1.0,1.0,0.0021940928,0.0021940928,0.002700422
train,4278,tg,1.0,1.0,1.0,1.0,0.0023628692,0.0023628692,0.0028691983
train,4279,tg,0.7755102,0.6511628,0.6511628,0.0,0.0,0.0,0.0
train,4280,tg,0.7755102,0.6363636,0.6363636,0.0,0.0,0.0,0.0
train,4281,tg,0.5285714,0.51428574,0.4923077,0.0,0.0,0.0,0.0
train,4282,tg,0.7090909,0.5194805,0.515625,0.0,0.0,0.0,0.0
train,4283,tg,0.7090909,0.627451,0.5714286,0.0,0.0,0.0,0.0
train,4284,tg,1.0,1.0,1.0,1.0,0.0018565401,0.0018565401,0.0020253165
train,4285,tg,1.0,0.6756757,0.6756757,1.0,0.00033760973,0.00033760973,0.00033760973
train,4286,tg,0.90909094,0.90909094,0.90909094,0.0,0.0,0.00084388186,0.00084388186
train,4287,tg,1.0,0.90909094,0.6216216,1.0,0.00033755274,0.0005063291,0.0005063291
train,4288,tg,1.0,1.0,0.90909094,1.0,0.0006751055,0.00084388186,0.00084388186
train,4289,tg,0.8360656,0.6617647,0.5694444,0.0,0.0,0.0,0.0
train,4290,tg,0.8360656,0.6756757,0.6621622,0.0,0.0,0.0,0.0
train,4291,tg,0.796875,0.7121212,0.69863015,0.0,0.0,0.0,0.0
train,4292,tg,0.74418604,0.6938776,0.68,0.0,0.0,0.0,0.0
train,4293,tg,1.0,0.97619045,0.8372093,1.0,0.0006751055,0.0006751055,0.0006751055
train,4294,tg,1.0,1.0,0.97619045,1.0,0.0010126582,0.0010126582,0.0010126582
train,4295,tg,1.0,1.0,1.0,1.0,0.0010128291,0.0010128291,0.0010128291
train,4296,tg,0.61538464,0.5697674,0.5681818,0.0,0.0,0.0,0.0
train,4297,tg,0.77272725,0.7361111,0.61333334,0.0,0.0,0.0,0.0
train,4298,tg,0.76811594,0.74025977,0.6666667,0.0,0.0,0.0,0.0
train,4299,tg,0.67142856,0.6216216,0.6052632,0.0,0.0,0.0,0.0
train,4300,tg,0.71428573,0.6052632,0.5846154,0.0,0.0,0.0,0.0
train,4301,tg,0.77272725,0.75384617,0.7432432,0.0,0.0,0.0,0.0
train,4302,tg,0.82666665,0.74025977,0.7,0.0,0.0,0.0,0.0
train,4303,tg,0.82666665,0.75,0.7123288,0.0,0.0,0.0,0.0
train,4304,tg,0.68421054,0.6216216,0.6025641,0.0,0.0,0.0,0.0
train,4305,tg,0.85057473,0.7011494,0.65217394,0.0,0.0,0.0,0.00016880487
train,4306,tg,0.85057473,0.70454544,0.6666667,0.0,0.0,0.0,0.00016877637
train,4307,tg,0.7105263,0.68292683,0.65217394,0.0,0.0,0.0,0.0
train,4308,tg,0.6530612,0.6530612,0.6530612,0.0,0.0,0.0,0.0
train,4309,tg,0.8888889,0.6744186,0.6744186,0.0,0.0,0.0,0.00016877637
train,4310,tg,0.8888889,0.7,0.6666667,0.0,0.0,0.0,0.00016880487
train,4311,tg,0.8043478,0.6666667,0.63265306,0.0,0.0,0.0,0.0
train,4312,tg,0.8043478,0.6111111,0.5576923,0.0,0.0,0.0,0.0
train,4313,tg,0.7173913,0.59183675,0.5714286,0.0,0.0,0.0,0.0
train,4314,tg,0.8947368,0.8947368,0.8947368,0.0,0.0,0.0,0.0010126582
train,4315,tg,1.0,1.0,1.0,1.0,0.0008440243,0.0008440243,0.0010128291
train,4316,tg,1.0,1.0,1.0,1.0,0.00084388186,0.00084388186,0.0010126582
train,4317,tg,1.0,1.0,1.0,1.0,0.0010126582,0.0010126582,0.0011814346
train,4318,tg,1.0,1.0,1.0,1.0,0.0010126582,0.0010126582,0.0011814346
train,4319,tg,1.0,1.0,1.0,1.0,0.0010126582,0.0010126582,0.0010126582
train,4320,tg,1.0,1.0,1.0,1.0,0.0008440243,0.0008440243,0.0010128291
train,4321,tg,1.0,1.0,1.0,1.0,0.00084388186,0.00084388186,0.0010126582
train,4322,tg,0.59375,0.5641026,0.5483871,0.0,0.0,0.0,0.0
train,4323,tg,0.89705884,0.62666667,0.61333334,0.0,0.0,0.0,0.00016877637
train,4324,tg,0.89705884,0.7733333,0.7,0.0,0.0,0.0,0.00016877637
train,4325,tg,0.8333333,0.7121212,0.6666667,0.0,0.0,0.0,0.0
train,4326,tg,0.66101694,0.63265306,0.63265306,0.0,0.0,0.0,0.0
train,4327,tg,0.63265306,0.54901963,0.54901963,0.0,0.0,0.0,0.0
train,4328,egb,1.0,0.55,0.55,1.0,0.00016877637,0.00016877637,0.00016877637
train,4329,ei,1.0,0.55,0.55,1.0,0.00016877637,0.00016877637,0.00016877637
train,4330,nc,1.0,0.55,0.55,1.0,0.00016877637,0.00016877637,0.00016877637
train,4331,egc,1.0,0.575,0.41025642,1.0,0.00016877637,0.00016877637,0.00016877637
train,4332,egc,0.7297297,0.7105263,0.7105263,0.0,0.0,0.0,0.0
train,4333,tg,0.73913044,0.73913044,0.73913044,0.0,0.0,0.0,0.0
train,4334,tg,0.46875,0.46875,0.4642857,0.0,0.0,0.0,0.0
train,4335,tg,0.5,0.5,0.4722222,0.0,0.0,0.0,0.0
train,4336,tg,0.7714286,0.5416667,0.45454547,0.0,0.0,0.0,0.0
train,4337,tg,0.4716981,0.45454547,0.3773585,0.0,0.0,0.0,0.0
train,4338,tg,1.0,0.5652174,0.4722222,1.0,0.00016880487,0.00016880487,0.00016880487
train,4339,tg,0.5652174,0.4516129,0.43137255,0.0,0.0,0.0,0.0
train,4340,tg,0.98,0.5285714,0.49275362,0.0,0.00016877637,0.00016877637,0.00016877637
train,4341,tg,0.98,0.51428574,0.47619048,0.0,0.00016877637,0.00016877637,0.00016877637
train,4342,tg,1.0,0.65,0.5,1.0,0.00016877637,0.00016877637,0.00016877637
train,4343,egc,0.77272725,0.70454544,0.70454544,0.0,0.0,0.0,0.0
train,4344,egc,0.77272725,0.6888889,0.67391306,0.0,0.0,0.0,0.0
train,4345,tg,0.38235295,0.3611111,0.33333334,0.0,0.0,0.0,0.0
train,4346,tg,0.7,0.64705884,0.6363636,0.0,0.0,0.0,0.0
train,4347,egc,1.0,0.6530612,0.63265306,1.0,0.00016877637,0.00016877637,0.00016877637
train,4348,tg,0.8636364,0.82608694,0.82608694,0.0,0.0,0.0,0.00016880487
train,4349,tg,0.95454544,0.95454544,0.95454544,0.0,0.0010126582,0.0010126582,0.0011814346
train,4350,tg,1.0,1.0,1.0,1.0,0.0015189874,0.0015189874,0.0015189874
train,4351,tg,1.0,1.0,1.0,1.0,0.0015189874,0.0015189874,0.0015189874
train,4352,tg,1.0,1.0,1.0,1.0,0.0016877637,0.0016877637,0.0016877637
train,4353,egb,1.0,1.0,0.80487806,1.0,0.00050641457,0.00050641457,0.00050641457
train,4354,egc,1.0,1.0,0.80487806,1.0,0.00050641457,0.00050641457,0.00050641457
train,4355,egc,1.0,1.0,0.80487806,1.0,0.00050641457,0.00050641457,0.00050641457
train,4356,tg,1.0,1.0,0.73913044,1.0,0.0006751055,0.0006751055,0.0006751055
train,4357,egb,1.0,1.0,0.80487806,1.0,0.0005063291,0.0005063291,0.0005063291
train,4358,egc,1.0,1.0,0.80487806,1.0,0.0005063291,0.0005063291,0.0005063291
train,4359,egc,1.0,1.0,0.825,1.0,0.0006751055,0.0006751055,0.0006751055
train,4360,egc,0.65957445,0.6136364,0.5192308,0.0,0.0,0.0,0.0
train,4361,egc,0.7083333,0.63414633,0.40677965,0.0,0.0,0.0,0.0
train,4362,tg,0.6785714,0.4642857,0.4516129,0.0,0.0,0.0,0.0
train,4363,tg,0.6363636,0.4787234,0.46268657,0.0,0.0,0.0,0.0
train,4364,tg,0.6627907,0.5208333,0.47619048,0.0,0.0,0.0,0.0
train,4365,tg,0.82758623,0.64285713,0.53846157,0.0,0.0,0.0,0.0
train,4366,tg,0.6627907,0.6082474,0.55172414,0.0,0.0,0.0,0.0
train,4367,tg,0.83950615,0.64893615,0.5208333,0.0,0.0,0.0,0.0
train,4368,tg,0.6785714,0.5,0.48387095,0.0,0.0,0.0,0.0
train,4369,tg,0.9375,0.5689655,0.484375,0.0,0.0,0.00016877637,0.00016877637
train,4370,tg,0.9375,0.50980395,0.4861111,0.0,0.0,0.00016877637,0.00016877637
train,4371,tg,0.8076923,0.5762712,0.5192308,0.0,0.0,0.0,0.0
train,4372,tg,0.8125,0.78125,0.65789473,0.0,0.0,0.0,0.0
train,4373,tg,0.7368421,0.65789473,0.5952381,0.0,0.0,0.0,0.0
train,4374,tg,1.0,0.6944444,0.64102566,1.0,0.00016877637,0.00016877637,0.00016877637
train,4375,tg,0.78125,0.6486486,0.6216216,0.0,0.0,0.0,0.0
train,4376,tg,0.7058824,0.7058824,0.6923077,0.0,0.0,0.0,0.0
train,4377,tg,0.73333335,0.45945945,0.40243903,0.0,0.0,0.0,0.0
train,4378,tg,0.73333335,0.47058824,0.42168674,0.0,0.0,0.0,0.0
train,4379,tg,0.8105263,0.4056604,0.39583334,0.0,0.0,0.0,0.0
train,4380,tg,0.8105263,0.40816328,0.39772728,0.0,0.0,0.0,0.0
train,4381,tg,1.0,0.6296296,0.6296296,1.0,0.00016877637,0.00016877637,0.00016877637
train,4382,tg,0.8235294,0.8181818,0.8181818,0.0,0.0,0.0,0.0
train,4383,tg,0.9375,0.90909094,0.90909094,0.0,0.0,0.00084388186,0.00084388186
train,4384,tg,0.96875,0.96875,0.9375,0.0,0.0006751055,0.00084388186,0.00084388186
train,4385,tg,1.0,1.0,0.96875,1.0,0.00084388186,0.0010126582,0.0010126582
train,4386,tg,1.0,0.96875,0.90909094,1.0,0.0006751055,0.00084388186,0.00084388186
train,4387,tg,0.7692308,0.7692308,0.75,0.0,0.0,0.0,0.0
train,4388,tg,0.6315789,0.6,0.6,0.0,0.0,0.0,0.0
train,4389,tg,0.61702126,0.54545456,0.51111114,0.0,0.0,0.0,0.0
train,4390,tg,0.5510204,0.5254237,0.4923077,0.0,0.0,0.0,0.0
train,4391,tg,0.93939394,0.9117647,0.9117647,0.0,0.0,0.0010126582,0.0010126582
train,4392,tg,0.969697,0.969697,0.969697,0.0,0.0010128291,0.001181634,0.001181634
train,4393,tg,1.0,1.0,1.0,1.0,0.0010126582,0.0011814346,0.0011814346
train,4394,tg,1.0,1.0,0.969697,1.0,0.00084388186,0.0010126582,0.0010126582
train,4395,tg,1.0,1.0,0.969697,1.0,0.00084388186,0.0010126582,0.0010126582
train,4396,tg,1.0,1.0,1.0,1.0,0.0010126582,0.0010126582,0.0010126582
train,4397,eea,0.7692308,0.7692308,0.71428573,0.0,0.0,0.0,0.0
train,4398,egb,0.7692308,0.7692308,0.71428573,0.0,0.0,0.0,0.0
train,4399,egc,0.7692308,0.7692308,0.71428573,0.0,0.0,0.0,0.0
train,4400,ei,0.7692308,0.7692308,0.71428573,0.0,0.0,0.0,0.0
train,4401,eea,0.6551724,0.6551724,0.6551724,0.0,0.0,0.0,0.0
train,4402,egb,0.6551724,0.6551724,0.6551724,0.0,0.0,0.0,0.0
train,4403,ei,0.6551724,0.6551724,0.6551724,0.0,0.0,0.0,0.0
train,4404,nc,0.6551724,0.6551724,0.6551724,0.0,0.0,0.0,0.0
train,4405,egc,0.6,0.5660377,0.54545456,0.0,0.0,0.0,0.0
train,4406,egc,1.0,0.71428573,0.71428573,1.0,0.00016877637,0.00016877637,0.00016877637
train,4407,egc,1.0,0.9655172,0.8333333,1.0,0.0005063291,0.0005063291,0.0006751055
train,4408,egc,1.0,0.9655172,0.8333333,1.0,0.0005063291,0.0005063291,0.0006751055
train,4409,egc,1.0,0.9655172,0.9310345,1.0,0.0006751055,0.00084388186,0.0010126582
train,4410,egc,0.9310345,0.9,0.9,0.0,0.0,0.00033760973,0.0010128291
train,4411,egc,0.86206895,0.86206895,0.8333333,0.0,0.0,0.0,0.0005063291
train,4412,egc,1.0,0.7692308,0.7692308,1.0,0.00016877637,0.00016877637,0.00016877637
train,4413,tg,0.79310346,0.79310346,0.76666665,0.0,0.0,0.0,0.0
train,4414,tg,1.0,0.625,0.5681818,1.0,0.00016877637,0.00016877637,0.00016877637
train,4415,tg,1.0,0.8,0.64102566,1.0,0.00016880487,0.00016880487,0.00016880487
train,4416,tg,0.8974359,0.84210527,0.6097561,0.0,0.0,0.0,0.00033755274
train,4417,tg,1.0,0.8,0.5681818,1.0,0.00016877637,0.00016877637,0.00033755274
train,4418,tg,1.0,0.8,0.5813953,1.0,0.00016877637,0.00016877637,0.00033755274
train,4419,tg,0.74285716,0.64102566,0.6097561,0.0,0.0,0.0,0.0
train,4420,tg,0.6585366,0.5681818,0.5102041,0.0,0.0,0.0,0.0
train,4421,tg,0.74358976,0.65,0.5652174,0.0,0.0,0.0,0.0
train,4422,tg,0.5192308,0.47058824,0.46938777,0.0,0.0,0.0,0.0
train,4423,tg,1.0,0.96428573,0.9032258,1.0,0.0006751055,0.001350211,0.0015189874
train,4424,tg,1.0,0.9032258,0.9032258,1.0,0.00016877637,0.00084388186,0.0010126582
train,4425,tg,0.84375,0.84375,0.8181818,0.0,0.0,0.0,0.0
train,4426,tg,0.5873016,0.5192308,0.47916666,0.0,0.0,0.0,0.0
train,4427,tg,0.83950615,0.6853933,0.5869565,0.0,0.0,0.0,0.0
train,4428,tg,0.90909094,0.75,0.65789473,0.0,0.0,0.00016877637,0.00033755274
train,4429,tg,0.969697,0.82857144,0.78125,0.0,0.00016877637,0.00033755274,0.00033755274
train,4430,tg,0.969697,0.75757575,0.75757575,0.0,0.00016880487,0.00016880487,0.00033760973
train,4431,tg,0.7058824,0.6666667,0.6666667,0.0,0.0,0.0,0.0
train,4432,tg,1.0,0.71428573,0.71428573,1.0,0.00016877637,0.00016877637,0.00016877637
train,4433,tg,0.6097561,0.6052632,0.5952381,0.0,0.0,0.0,0.0
train,4434,tg,0.7837838,0.63414633,0.5555556,0.0,0.0,0.0,0.0
train,4435,tg,0.8484849,0.8181818,0.8181818,0.0,0.0,0.0,0.0
train,4436,tg,0.71875,0.71875,0.71875,0.0,0.0,0.0,0.0
train,4437,tg,1.0,0.9655172,0.8333333,1.0,0.0005063291,0.0005063291,0.0006751055
train,4438,tg,1.0,0.9655172,0.86206895,1.0,0.0005063291,0.0006751055,0.00084388186
train,4439,tg,1.0,0.7692308,0.7692308,1.0,0.00016877637,0.00016877637,0.00016877637
train,4440,tg,0.7916667,0.64285713,0.627907,0.0,0.0,0.0,0.0
train,4441,tg,1.0,0.61702126,0.61702126,1.0,0.00016877637,0.00016877637,0.00016877637
train,4442,tg,0.515625,0.5090909,0.50877196,0.0,0.0,0.0,0.0
train,4443,tg,0.5945946,0.5833333,0.5833333,0.0,0.0,0.0,0.0
train,4444,tg,0.5873016,0.5507246,0.527027,0.0,0.0,0.0,0.0
train,4445,tg,0.68292683,0.5813953,0.5813953,0.0,0.0,0.0,0.0
train,4446,tg,0.9677419,0.9677419,0.9677419,0.0,0.00084388186,0.00084388186,0.0016877637
train,4447,tg,1.0,1.0,0.9032258,1.0,0.0006751055,0.0010126582,0.0015189874
train,4448,tg,1.0,1.0,0.9677419,1.0,0.00084388186,0.0010126582,0.0015189874
train,4449,tg,1.0,1.0,0.9677419,1.0,0.00084388186,0.0010126582,0.0010126582
train,4450,tg,1.0,1.0,0.9677419,1.0,0.0008440243,0.001181634,0.0016880486
train,4451,tg,0.8055556,0.8055556,0.8055556,0.0,0.0,0.0,0.0
train,4452,tg,1.0,1.0,0.7368421,1.0,0.0006751055,0.0006751055,0.0006751055
train,4453,tg,1.0,1.0,0.7222222,1.0,0.0005063291,0.0005063291,0.0005063291
train,4454,tg,1.0,1.0,0.72727275,1.0,0.0005063291,0.0005063291,0.0005063291
train,4455,tg,0.7837838,0.7105263,0.61538464,0.0,0.0,0.0,0.0
train,4456,tg,0.7105263,0.58536583,0.58536583,0.0,0.0,0.0,0.0
train,4457,tg,1.0,1.0,0.9032258,1.0,0.0006751055,0.0010126582,0.0015189874
train,4458,tg,1.0,1.0,0.7222222,1.0,0.0005063291,0.0005063291,0.0005063291
train,4459,tg,1.0,1.0,0.72727275,1.0,0.0005063291,0.0005063291,0.0005063291
train,4460,egc,1.0,0.6296296,0.6296296,1.0,0.00016880487,0.00016880487,0.00016880487
train,4461,eea,0.5,0.5,0.3846154,0.0,0.0,0.0,0.0
train,4462,egb,0.5,0.5,0.3846154,0.0,0.0,0.0,0.0
train,4463,nc,0.5,0.5,0.3846154,0.0,0.0,0.0,0.0
train,4464,eea,0.55,0.55,0.4347826,0.0,0.0,0.0,0.0
train,4465,egb,0.55,0.55,0.4347826,0.0,0.0,0.0,0.0
train,4466,ei,0.55,0.55,0.4347826,0.0,0.0,0.0,0.0
train,4467,nc,0.55,0.55,0.4347826,0.0,0.0,0.0,0.0
train,4468,eea,0.51724136,0.51724136,0.5,0.0,0.0,0.0,0.0
train,4469,egb,0.51724136,0.51724136,0.5,0.0,0.0,0.0,0.0
train,4470,ei,0.51724136,0.51724136,0.5,0.0,0.0,0.0,0.0
train,4471,eps,0.51724136,0.51724136,0.5,0.0,0.0,0.0,0.0
train,4472,eea,0.5483871,0.5483871,0.54545456,0.0,0.0,0.0,0.0
train,4473,egb,0.5483871,0.5483871,0.54545456,0.0,0.0,0.0,0.0
train,4474,ei,0.5483871,0.5483871,0.54545456,0.0,0.0,0.0,0.0
train,4475,nc,0.5483871,0.5483871,0.54545456,0.0,0.0,0.0,0.0
train,4476,eea,1.0,0.5925926,0.5925926,1.0,0.00016877637,0.00016877637,0.00016877637
train,4477,eps,1.0,0.5925926,0.5925926,1.0,0.00016877637,0.00016877637,0.00016877637
train,4478,nc,1.0,0.5925926,0.5925926,1.0,0.00016877637,0.00016877637,0.00016877637
train,4479,eea,1.0,0.61538464,0.61538464,1.0,0.00016880487,0.00016880487,0.00016880487
train,4480,egb,1.0,0.61538464,0.61538464,1.0,0.00016880487,0.00016880487,0.00016880487
train,4481,ei,1.0,0.61538464,0.61538464,1.0,0.00016880487,0.00016880487,0.00016880487
train,4482,eea,0.6551724,0.6551724,0.62068963,0.0,0.0,0.0,0.0
train,4483,egb,0.6551724,0.6551724,0.62068963,0.0,0.0,0.0,0.0
train,4484,ei,0.6551724,0.6551724,0.62068963,0.0,0.0,0.0,0.0
train,4485,eps,0.6551724,0.6551724,0.62068963,0.0,0.0,0.0,0.0
train,4486,nc,0.6551724,0.6551724,0.62068963,0.0,0.0,0.0,0.0
train,4487,tg,0.4857143,0.4857143,0.47727272,0.0,0.0,0.0,0.0
train,4488,tg,1.0,0.47368422,0.42857143,1.0,0.00016877637,0.00016877637,0.00016877637
train,4489,tg,1.0,0.5416667,0.47826087,1.0,0.00016877637,0.00016877637,0.00016877637
train,4490,tg,0.54545456,0.46666667,0.42424244,0.0,0.0,0.0,0.0
train,4491,tg,0.28947368,0.28947368,0.28947368,0.0,0.0,0.0,0.0
train,4492,tg,1.0,0.46153846,0.41935483,1.0,0.00016877637,0.00016877637,0.00016877637
train,4493,tg,1.0,0.5416667,0.51724136,1.0,0.00016877637,0.00016877637,0.00016877637
train,4494,tg,0.76,0.56,0.5555556,0.0,0.0,0.0,0.0
train,4495,tg,0.76,0.51724136,0.5,0.0,0.0,0.0,0.0
train,4496,tg,0.8235294,0.64705884,0.42857143,0.0,0.0,0.0,0.0
train,4497,tg,0.6730769,0.41666666,0.40983605,0.0,0.0,0.0,0.0
train,4498,tg,1.0,0.42857143,0.375,1.0,0.00016877637,0.00016877637,0.00016877637
train,4499,egc,0.5,0.47619048,0.44,0.0,0.0,0.0,0.0
train,4500,egc,1.0,0.44444445,0.44,1.0,0.00016877637,0.00016877637,0.00016877637
train,4501,tg,1.0,0.4347826,0.42857143,1.0,0.00033760973,0.00033760973,0.00033760973
train,4502,egc,1.0,0.5416667,0.48,1.0,0.00016877637,0.00016877637,0.00016877637
train,4503,egc,0.35714287,0.3529412,0.35,0.0,0.0,0.0,0.0
train,4504,egc,1.0,0.46153846,0.41935483,1.0,0.00016877637,0.00016877637,0.00016877637
train,4505,egc,1.0,0.5416667,0.51724136,1.0,0.00016877637,0.00016877637,0.00016877637
train,4506,tg,0.33333334,0.32258064,0.32258064,0.0,0.0,0.0,0.0
train,4507,tg,1.0,0.52380955,0.5217391,1.0,0.00016877637,0.00016877637,0.00016877637
train,4508,tg,1.0,0.5652174,0.5416667,1.0,0.00016877637,0.00016877637,0.00016877637
train,4509,egc,0.6,0.53846157,0.5185185,0.0,0.0,0.0,0.0
train,4510,tg,0.5217391,0.45833334,0.45833334,0.0,0.0,0.0,0.0
train,4511,egc,0.6666667,0.64705884,0.6060606,0.0,0.0,0.0,0.0
train,4512,egc,0.53125,0.5,0.4827586,0.0,0.0,0.0,0.0
train,4513,tg,1.0,0.62068963,0.58064514,1.0,0.00016877637,0.00016877637,0.00016877637
train,4514,tg,1.0,0.58064514,0.5483871,1.0,0.00016877637,0.00016877637,0.00016877637
train,4515,egc,0.6785714,0.6363636,0.625,0.0,0.0,0.0,0.0
train,4516,egc,0.71875,0.6969697,0.625,0.0,0.0,0.0,0.0
train,4517,egc,0.9655172,0.9655172,0.6875,0.0,0.0005063291,0.0005063291,0.0005063291
train,4518,egc,1.0,0.9655172,0.6969697,1.0,0.0005063291,0.0005063291,0.0005063291
train,4519,egc,1.0,0.9655172,0.6969697,1.0,0.0005063291,0.0005063291,0.0005063291
train,4520,egc,1.0,0.9655172,0.6969697,1.0,0.0005063291,0.0005063291,0.0005063291
train,4521,egc,0.6571429,0.6388889,0.5714286,0.0,0.0,0.0,0.0
train,4522,egc,0.75,0.53846157,0.5,0.0,0.0,0.0,0.0
train,4523,tg,1.0,0.52380955,0.48,1.0,0.00016877637,0.00016877637,0.00016877637
train,4524,tg,0.59574467,0.37142858,0.325,0.0,0.0,0.0,0.0
train,4525,egc,1.0,0.62068963,0.6,1.0,0.00016877637,0.00016877637,0.00016877637
train,4526,egc,0.72,0.6785714,0.6551724,0.0,0.0,0.0,0.0
train,4527,egb,0.962963,0.6875,0.6666667,0.0,0.00016877637,0.00016877637,0.00016877637
train,4528,egc,0.962963,0.6875,0.6666667,0.0,0.00016877637,0.00016877637,0.00016877637
train,4529,egc,0.962963,0.7878788,0.6969697,0.0,0.00033755274,0.00033755274,0.00033755274
train,4530,tg,1.0,0.38,0.36206895,1.0,0.00016877637,0.00016877637,0.00016877637
train,4531,tg,1.0,0.37931034,0.36206895,1.0,0.00016877637,0.00016877637,0.00016877637
train,4532,egc,0.8125,0.7878788,0.5641026,0.0,0.0,0.0,0.0
train,4533,egc,0.75,0.6097561,0.5,0.0,0.0,0.0,0.0
train,4534,tg,0.6296296,0.44827586,0.43333334,0.0,0.0,0.0,0.0
train,4535,tg,0.6296296,0.5483871,0.53571427,0.0,0.0,0.0,0.0
train,4536,tg,0.68,0.53846157,0.5,0.0,0.0,0.0,0.0
train,4537,tg,0.68,0.53571427,0.52,0.0,0.0,0.0,0.0
train,4538,tg,1.0,0.61538464,0.60714287,1.0,0.00016880487,0.00016880487,0.00016880487
train,4539,tg,1.0,0.5555556,0.5,1.0,0.00016877637,0.00016877637,0.00016877637
train,4540,tg,0.84615386,0.65384614,0.5925926,0.0,0.0,0.0,0.0
train,4541,tg,1.0,0.62068963,0.60714287,1.0,0.00016877637,0.00016877637,0.00016877637
train,4542,tg,0.43243244,0.41463414,0.4,0.0,0.0,0.0,0.0
train,4543,tg,1.0,0.5192308,0.47826087,1.0,0.00016880487,0.00016880487,0.00016880487
train,4544,tg,1.0,0.5862069,0.48,1.0,0.00016877637,0.00016877637,0.00016877637
train,4545,tg,0.7692308,0.71428573,0.5416667,0.0,0.0,0.0,0.0
train,4546,tg,1.0,0.7692308,0.5862069,1.0,0.00016877637,0.00016877637,0.00016877637
train,4547,tg,0.79310346,0.71428573,0.5483871,0.0,0.0,0.0,0.0
train,4548,tg,1.0,0.56666666,0.5185185,1.0,0.00016880487,0.00016880487,0.00016880487
train,4549,tg,0.64285713,0.5555556,0.5416667,0.0,0.0,0.0,0.0
train,4550,tg,0.8888889,0.5862069,0.55172414,0.0,0.0,0.0,0.00016877637
train,4551,tg,0.8888889,0.56666666,0.5,0.0,0.0,0.0,0.00016877637
train,4552,tg,0.4074074,0.4074074,0.4074074,0.0,0.0,0.0,0.0
train,4553,tg,1.0,0.5,0.41935483,1.0,0.00016880487,0.00016880487,0.00016880487
train,4554,tg,1.0,0.5,0.41025642,1.0,0.00016877637,0.00016877637,0.00016877637
train,4555,egc,0.4827586,0.4827586,0.4516129,0.0,0.0,0.0,0.0
train,4556,egc,1.0,0.51724136,0.4516129,1.0,0.00016877637,0.00016877637,0.00016877637
train,4557,egc,0.6,0.46666667,0.44827586,0.0,0.0,0.0,0.0
train,4558,egc,0.5675676,0.33333334,0.31707317,0.0,0.0,0.0,0.0
train,4559,egb,0.5675676,0.38235295,0.34210527,0.0,0.0,0.0,0.0
train,4560,egc,0.5675676,0.38235295,0.34210527,0.0,0.0,0.0,0.0
train,4561,tg,1.0,0.39285713,0.375,1.0,0.00016877637,0.00016877637,0.00016877637
train,4562,tg,1.0,0.51724136,0.46666667,1.0,0.00016877637,0.00016877637,0.00016877637
train,4563,tg,0.6923077,0.5,0.44827586,0.0,0.0,0.0,0.0
train,4564,tg,1.0,0.962963,0.5483871,1.0,0.0005063291,0.0005063291,0.0005063291
train,4565,tg,1.0,0.962963,0.58064514,1.0,0.00050641457,0.00050641457,0.00050641457
train,4566,tg,0.74285716,0.45714286,0.42105263,0.0,0.0,0.0,0.0
train,4567,tg,0.60714287,0.53571427,0.5,0.0,0.0,0.0,0.0
train,4568,egb,0.625,0.42424244,0.4,0.0,0.0,0.0,0.0
train,4569,egc,0.5,0.3846154,0.36,0.0,0.0,0.0,0.0
train,4570,egc,0.625,0.47826087,0.42307693,0.0,0.0,0.0,0.0
train,4571,tg,0.35555556,0.3478261,0.33333334,0.0,0.0,0.0,0.0
train,4572,egc,1.0,0.962963,0.5483871,1.0,0.0005063291,0.0005063291,0.0005063291
train,4573,egc,1.0,0.962963,0.58064514,1.0,0.0005063291,0.0005063291,0.0005063291
train,4574,egb,0.62857145,0.6,0.44444445,0.0,0.0,0.0,0.0
train,4575,tg,0.4691358,0.4520548,0.42857143,0.0,0.0,0.0,0.0
train,4576,tg,0.61904764,0.5,0.4883721,0.0,0.0,0.0,0.0
train,4577,egc,0.57894737,0.47368422,0.46153846,0.0,0.0,0.0,0.0
train,4578,egc,0.516129,0.5,0.48,0.0,0.0,0.0,0.0
train,4579,egc,1.0,0.5714286,0.5483871,1.0,0.00016877637,0.00016877637,0.00016877637
train,4580,egc,0.74285716,0.4871795,0.475,0.0,0.0,0.0,0.0
train,4581,tg,1.0,0.62068963,0.53846157,1.0,0.00016877637,0.00016877637,0.00016877637
train,4582,tg,1.0,0.5714286,0.5,1.0,0.00016877637,0.00016877637,0.00016877637
train,4583,tg,0.71875,0.6060606,0.5405405,0.0,0.0,0.0,0.0
train,4584,tg,1.0,0.71875,0.5555556,1.0,0.00016877637,0.00016877637,0.00016877637
train,4585,tg,0.3943662,0.37878788,0.37288135,0.0,0.0,0.0,0.0
train,4586,tg,0.6037736,0.41428572,0.38,0.0,0.0,0.0,0.0
train,4587,tg,0.6730769,0.47272727,0.47272727,0.0,0.0,0.0,0.0
train,4588,tg,0.6164383,0.58441556,0.5479452,0.0,0.0,0.0,0.0
train,4589,tg,0.71794873,0.5609756,0.5,0.0,0.0,0.0,0.0
train,4590,tg,0.7017544,0.6825397,0.6557377,0.0,0.0,0.0,0.0
train,4591,tg,0.75,0.71666664,0.6769231,0.0,0.0,0.0,0.0
train,4592,tg,0.7627119,0.7288136,0.61538464,0.0,0.0,0.0,0.0
train,4593,tg,0.8518519,0.7627119,0.68333334,0.0,0.0,0.0,0.00016877637
train,4594,tg,1.0,0.5106383,0.5,1.0,0.00016877637,0.00016877637,0.00016877637
train,4595,tg,0.80487806,0.48076922,0.46296296,0.0,0.0,0.0,0.0
train,4596,tg,0.8518519,0.8148148,0.6557377,0.0,0.0,0.0,0.00016877637
train,4597,tg,0.9583333,0.8113208,0.7017544,0.0,0.00016877637,0.00016877637,0.00016877637
train,4598,tg,0.9583333,0.7288136,0.6779661,0.0,0.00016877637,0.00016877637,0.00016877637
train,4599,tg,0.675,0.5869565,0.5,0.0,0.0,0.0,0.0
train,4600,egc,0.516129,0.3,0.28125,0.0,0.0,0.0,0.0
train,4601,tg,0.71794873,0.44680852,0.42222223,0.0,0.0,0.0,0.0
train,4602,egc,1.0,0.71875,0.54285717,1.0,0.00016877637,0.00016877637,0.00016877637
train,4603,egc,0.72727275,0.5714286,0.4848485,0.0,0.0,0.0,0.0
train,4604,egc,1.0,0.42857143,0.4090909,1.0,0.00016877637,0.00016877637,0.00016877637
train,4605,egb,0.64705884,0.64705884,0.6111111,0.0,0.0,0.0,0.0
train,4606,egc,0.64705884,0.64705884,0.6111111,0.0,0.0,0.0,0.0
train,4607,eea,1.0,0.5,0.5,1.0,0.00016877637,0.00016877637,0.00016877637
train,4608,egb,1.0,0.5,0.5,1.0,0.00016877637,0.00016877637,0.00016877637
train,4609,ei,1.0,0.5,0.5,1.0,0.00016877637,0.00016877637,0.00016877637
train,4610,nc,1.0,0.5,0.5,1.0,0.00016877637,0.00016877637,0.00016877637
train,4611,eea,0.5,0.5,0.5,0.0,0.0,0.0,0.0
train,4612,ei,0.5,0.5,0.5,0.0,0.0,0.0,0.0
train,4613,eps,0.5,0.5,0.5,0.0,0.0,0.0,0.0
train,4614,nc,0.5,0.5,0.5,0.0,0.0,0.0,0.0
train,4615,egb,0.8235294,0.64705884,0.42857143,0.0,0.0,0.0,0.0
train,4616,egc,0.8235294,0.64705884,0.42857143,0.0,0.0,0.0,0.0
train,4617,egb,0.8235294,0.8235294,0.6111111,0.0,0.0,0.0,0.0
train,4618,egc,0.8235294,0.8235294,0.6111111,0.0,0.0,0.0,0.0
train,4619,egb,0.39130434,0.3809524,0.36842105,0.0,0.0,0.0,0.0
train,4620,ei,0.39130434,0.3809524,0.36842105,0.0,0.0,0.0,0.0
train,4621,eps,0.39130434,0.3809524,0.36842105,0.0,0.0,0.0,0.0
train,4622,egc,1.0,0.5106383,0.4888889,1.0,0.00016880487,0.00016880487,0.00016880487
train,4623,egb,0.4090909,0.3809524,0.36,0.0,0.0,0.0,0.0
train,4624,ei,0.4090909,0.3809524,0.36,0.0,0.0,0.0,0.0
train,4625,eps,0.4090909,0.3809524,0.36,0.0,0.0,0.0,0.0
train,4626,nc,0.4090909,0.3809524,0.36,0.0,0.0,0.0,0.0
train,4627,eps,0.4,0.3888889,0.36363637,0.0,0.0,0.0,0.0
train,4628,nc,0.4,0.3888889,0.36363637,0.0,0.0,0.0,0.0
train,4629,eea,1.0,0.5,0.4,1.0,0.00016877637,0.00016877637,0.00016877637
train,4630,nc,1.0,0.5,0.4,1.0,0.00016877637,0.00016877637,0.00016877637
train,4631,ei,1.0,0.53333336,0.5,1.0,0.00016877637,0.00016877637,0.00016877637
train,4632,eps,1.0,0.53333336,0.5,1.0,0.00016877637,0.00016877637,0.00016877637
train,4633,tg,0.7234042,0.36666667,0.35849056,0.0,0.0,0.0,0.0
train,4634,tg,0.8372093,0.48076922,0.39344263,0.0,0.0,0.0,0.0
train,4635,egc,0.6,0.2962963,0.22222222,0.0,0.0,0.0,0.0
train,4636,egc,0.4,0.4,0.4,0.0,0.0,0.0,0.0
train,4637,egc,0.72727275,0.35714287,0.35555556,0.0,0.0,0.0,0.0
train,4638,egb,0.7058824,0.3846154,0.37209302,0.0,0.0,0.0,0.0
train,4639,egc,0.7058824,0.3846154,0.37209302,0.0,0.0,0.0,0.0
train,4640,egc,0.72727275,0.7058824,0.39473686,0.0,0.0,0.0,0.0
train,4641,egc,0.6111111,0.5121951,0.41025642,0.0,0.0,0.0,0.0
train,4642,egc,0.27272728,0.2413793,0.19565217,0.0,0.0,0.0,0.0
train,4643,egc,0.3488372,0.33333334,0.325,0.0,0.0,0.0,0.0
train,4644,egc,0.2413793,0.21568628,0.21052632,0.0,0.0,0.0,0.0
train,4645,egc,0.3125,0.2857143,0.27272728,0.0,0.0,0.0,0.0
train,4646,egc,0.31578946,0.26666668,0.25641027,0.0,0.0,0.0,0.0
train,4647,tg,0.5625,0.4390244,0.3783784,0.0,0.0,0.0,0.0
train,4648,egb,0.5625,0.46153846,0.41860464,0.0,0.0,0.0,0.0
train,4649,egc,0.5625,0.46153846,0.41860464,0.0,0.0,0.0,0.0
train,4650,egc,0.5675676,0.5625,0.5625,0.0,0.0,0.0,0.0
train,4651,tg,1.0,0.44444445,0.37037036,1.0,0.00016880487,0.00033760973,0.00033760973
train,4652,tg,1.0,0.44444445,0.39285713,1.0,0.00016877637,0.00016877637,0.00016877637
train,4653,egc,1.0,0.5675676,0.5675676,1.0,0.00016877637,0.00016877637,0.00016877637
train,4654,eea,1.0,0.5675676,0.4390244,1.0,0.00016877637,0.00016877637,0.00016877637
train,4655,egb,1.0,0.5675676,0.4390244,1.0,0.00016877637,0.00016877637,0.00016877637
train,4656,egc,1.0,0.5675676,0.4390244,1.0,0.00016877637,0.00016877637,0.00016877637
train,4657,eps,1.0,0.5675676,0.4390244,1.0,0.00016877637,0.00016877637,0.00016877637
train,4658,nc,1.0,0.5675676,0.4390244,1.0,0.00016877637,0.00016877637,0.00016877637
train,4659,egc,1.0,0.4680851,0.4390244,1.0,0.00016877637,0.00016877637,0.00016877637
train,4660,egc,0.7894737,0.53061223,0.46341464,0.0,0.0,0.0,0.0
train,4661,egc,0.5,0.4090909,0.3783784,0.0,0.0,0.0,0.0
train,4662,egc,0.4642857,0.32258064,0.2647059,0.0,0.0,0.0,0.0
train,4663,egc,1.0,0.8965517,0.7419355,1.0,0.00033755274,0.00033755274,0.0006751055
train,4664,egc,1.0,0.8965517,0.8965517,1.0,0.00033755274,0.00033755274,0.00084388186
train,4665,egc,1.0,0.8965517,0.7419355,1.0,0.00033755274,0.00033755274,0.0006751055
train,4666,tg,0.68,0.5483871,0.5483871,0.0,0.0,0.0,0.0
train,4667,tg,1.0,0.8965517,0.8965517,1.0,0.00033755274,0.00033755274,0.00084388186
train,4668,tg,1.0,0.8965517,0.8214286,1.0,0.00033755274,0.00033755274,0.0006751055
train,4669,tg,1.0,1.0,0.5555556,1.0,0.0005063291,0.0005063291,0.0005063291
train,4670,tg,1.0,1.0,0.5625,1.0,0.0006751055,0.0006751055,0.0006751055
train,4671,tg,0.5675676,0.5483871,0.5483871,0.0,0.0,0.0,0.0
train,4672,egc,0.5555556,0.5,0.5,0.0,0.0,0.0,0.0
train,4673,egc,0.68,0.5862069,0.5625,0.0,0.0,0.0,0.0
train,4674,egc,0.8214286,0.8214286,0.7419355,0.0,0.0,0.0,0.0
train,4675,egc,1.0,0.8965517,0.8214286,1.0,0.00033755274,0.00033755274,0.0006751055
train,4676,egc,0.5714286,0.5714286,0.53125,0.0,0.0,0.0,0.0
train,4677,egc,1.0,1.0,0.5625,1.0,0.0006751055,0.0006751055,0.0006751055
train,4678,egc,1.0,1.0,0.5555556,1.0,0.0006751055,0.0006751055,0.0006751055
train,4679,egc,1.0,1.0,0.5555556,1.0,0.0005063291,0.0005063291,0.0005063291
train,4680,egc,0.4642857,0.37037036,0.35714287,0.0,0.0,0.0,0.0
train,4681,egc,0.8888889,0.42307693,0.39285713,0.0,0.0,0.0,0.00016880487
train,4682,egc,1.0,0.8888889,0.37037036,1.0,0.00016877637,0.00033755274,0.0005063291
train,4683,egc,1.0,0.44444445,0.39285713,1.0,0.00016877637,0.00016877637,0.00016877637
train,4684,egc,0.9444444,0.84210527,0.42857143,0.0,0.0,0.00033755274,0.00033755274
train,4685,egc,0.3448276,0.33333334,0.3,0.0,0.0,0.0,0.0
train,4686,egc,0.75,0.6756757,0.63414633,0.0,0.0,0.0,0.0
train,4687,tg,1.0,0.61764705,0.5833333,1.0,0.00016877637,0.00016877637,0.00016877637
train,4688,eps,0.41304347,0.41304347,0.39130434,0.0,0.0,0.0,0.0
train,4689,tg,1.0,0.5217391,0.5,1.0,0.00016877637,0.00016877637,0.00016877637
train,4690,tg,1.0,0.5769231,0.53571427,1.0,0.00016877637,0.00016877637,0.00016877637
train,4691,tg,0.6333333,0.5,0.5,0.0,0.0,0.0,0.0
train,4692,tg,0.6956522,0.5555556,0.5555556,0.0,0.0,0.0,0.0
train,4693,tg,0.5405405,0.4473684,0.4,0.0,0.0,0.0,0.0
train,4694,tg,0.7037037,0.53571427,0.53125,0.0,0.0,0.0,0.0
train,4695,tg,1.0,0.6296296,0.56666666,1.0,0.00016877637,0.00016877637,0.00016877637
train,4696,tg,1.0,0.56666666,0.53125,1.0,0.00016880487,0.00016880487,0.00016880487
train,4697,tg,0.5686275,0.4883721,0.48214287,0.0,0.0,0.0,0.0
train,4698,tg,0.6296296,0.62068963,0.5862069,0.0,0.0,0.0,0.0
train,4699,tg,0.6551724,0.6551724,0.57575756,0.0,0.0,0.0,0.0
train,4700,tg,0.7037037,0.61290324,0.57575756,0.0,0.0,0.0,0.0
train,4701,tg,1.0,0.78125,0.61290324,1.0,0.00016880487,0.00016880487,0.00016880487
train,4702,tg,1.0,0.78125,0.5588235,1.0,0.00016877637,0.00033755274,0.00033755274
train,4703,tg,1.0,0.6296296,0.5,1.0,0.00016877637,0.00016877637,0.00016877637
train,4704,tg,1.0,0.65384614,0.56666666,1.0,0.00016877637,0.00016877637,0.00016877637
train,4705,tg,0.6896552,0.61290324,0.5862069,0.0,0.0,0.0,0.0
train,4706,tg,1.0,0.61904764,0.45833334,1.0,0.00033760973,0.00033760973,0.00033760973
train,4707,tg,1.0,0.45833334,0.44,1.0,0.00016877637,0.00016877637,0.00016877637
train,4708,tg,0.4642857,0.45454547,0.44444445,0.0,0.0,0.0,0.0
train,4709,egb,1.0,0.4090909,0.4090909,1.0,0.00016877637,0.00016877637,0.00016877637
train,4710,ei,1.0,0.4090909,0.4090909,1.0,0.00016877637,0.00016877637,0.00016877637
train,4711,eps,1.0,0.4090909,0.4090909,1.0,0.00016877637,0.00016877637,0.00016877637
train,4712,nc,1.0,0.4090909,0.4090909,1.0,0.00016877637,0.00016877637,0.00016877637
train,4713,tg,0.75,0.75,0.6315789,0.0,0.0,0.0,0.0
train,4714,eea,0.4857143,0.45714286,0.45714286,0.0,0.0,0.0,0.0
train,4715,egb,0.4857143,0.45714286,0.45714286,0.0,0.0,0.0,0.0
train,4716,ei,0.4857143,0.45714286,0.45714286,0.0,0.0,0.0,0.0
train,4717,nc,0.4857143,0.45714286,0.45714286,0.0,0.0,0.0,0.0
train,4718,tg,0.45652175,0.44680852,0.38636363,0.0,0.0,0.0,0.0
train,4719,tg,0.9705882,0.6486486,0.6052632,0.0,0.00033760973,0.00033760973,0.00033760973
train,4720,tg,1.0,1.0,0.8333333,1.0,0.0006751055,0.0006751055,0.0006751055
train,4721,egb,0.5,0.5,0.3888889,0.0,0.0,0.0,0.0
train,4722,ei,0.5,0.5,0.3888889,0.0,0.0,0.0,0.0
train,4723,eps,0.5,0.5,0.3888889,0.0,0.0,0.0,0.0
train,4724,nc,0.5,0.5,0.3888889,0.0,0.0,0.0,0.0
train,4725,tg,0.36666667,0.36666667,0.3448276,0.0,0.0,0.0,0.0
train,4726,tg,0.7,0.7,0.68,0.0,0.0,0.0,0.0
train,4727,tg,1.0,0.8333333,0.8,1.0,0.00016877637,0.00016877637,0.00016877637
train,4728,tg,0.62857145,0.62857145,0.6097561,0.0,0.0,0.0,0.0
train,4729,tg,0.84210527,0.51724136,0.47058824,0.0,0.0,0.0,0.0
train,4730,tg,0.9056604,0.5882353,0.5,0.0,0.0,0.00016877637,0.00016877637
train,4731,tg,1.0,0.8,0.8,1.0,0.00016877637,0.00016877637,0.00016877637
train,4732,tg,0.9056604,0.5849057,0.48214287,0.0,0.0,0.00016877637,0.00016877637
train,4733,tg,1.0,0.5,0.5,1.0,0.00016880487,0.00016880487,0.00016880487
train,4734,tg,0.94736844,0.94736844,0.94736844,0.0,0.0,0.0015189874,0.0015189874
train,4735,tg,0.7826087,0.75,0.68,0.0,0.0,0.0,0.0
train,4736,tg,0.6,0.5833333,0.43333334,0.0,0.0,0.0,0.0
train,4737,tg,1.0,0.5833333,0.56,1.0,0.00016877637,0.00016877637,0.00016877637
train,4738,tg,1.0,0.5833333,0.5833333,1.0,0.00016880487,0.00016880487,0.00016880487
train,4739,egb,0.6086956,0.56,0.56,0.0,0.0,0.0,0.0
train,4740,egc,1.0,0.5833333,0.56,1.0,0.00016877637,0.00016877637,0.00016877637
train,4741,egc,1.0,0.5833333,0.4642857,1.0,0.00016877637,0.00016877637,0.00016877637
train,4742,egc,0.4642857,0.44827586,0.43333334,0.0,0.0,0.0,0.0
train,4743,tg,0.4375,0.35135135,0.33333334,0.0,0.0,0.0,0.0
train,4744,tg,0.6545454,0.5,0.4852941,0.0,0.0,0.0,0.0
train,4745,tg,0.75510204,0.5645161,0.54545456,0.0,0.0,0.0,0.0
train,4746,tg,0.8448276,0.5,0.46969697,0.0,0.0,0.0,0.0
train,4747,tg,0.8448276,0.5409836,0.50793654,0.0,0.0,0.0,0.0
train,4748,tg,0.7173913,0.5283019,0.44444445,0.0,0.0,0.0,0.0
train,4749,tg,0.75510204,0.6666667,0.50793654,0.0,0.0,0.0,0.0
train,4750,tg,0.82608694,0.5686275,0.5,0.0,0.0,0.0,0.0
train,4751,tg,0.82608694,0.5409836,0.51724136,0.0,0.0,0.0,0.0
train,4752,tg,1.0,0.9811321,0.8245614,1.0,0.0005063291,0.0005063291,0.0006751055
train,4753,tg,0.7924528,0.76363635,0.51724136,0.0,0.0,0.0,0.0
train,4754,tg,0.8235294,0.7777778,0.52,0.0,0.0,0.0,0.0
train,4755,tg,0.76363635,0.75,0.5915493,0.0,0.0,0.0,0.0
train,4756,tg,0.9183673,0.76363635,0.46296296,0.0,0.0,0.00016877637,0.00016877637
train,4757,tg,0.9183673,0.7924528,0.53061223,0.0,0.0,0.00016877637,0.00016877637
train,4758,tg,1.0,0.9811321,0.71666664,1.0,0.00050641457,0.00050641457,0.00067521946
train,4759,tg,1.0,0.9811321,0.8245614,1.0,0.0005063291,0.0005063291,0.0006751055
train,4760,tg,0.8727273,0.85714287,0.8363636,0.0,0.0,0.0,0.0006751055
train,4761,tg,0.9811321,0.9811321,0.83928573,0.0,0.0005063291,0.0005063291,0.0006751055
train,4762,tg,0.8703704,0.7288136,0.71666664,0.0,0.0,0.0,0.00016877637
train,4763,tg,0.8703704,0.8245614,0.7288136,0.0,0.0,0.0,0.00016880487
train,4764,tg,0.84444445,0.7755102,0.48,0.0,0.0,0.0,0.0
train,4765,tg,0.82608694,0.74509805,0.49019608,0.0,0.0,0.0,0.0
train,4766,tg,0.7755102,0.74509805,0.4923077,0.0,0.0,0.0,0.0
train,4767,tg,0.84444445,0.76,0.52,0.0,0.0,0.0,0.0
train,4768,tg,0.71428573,0.6052632,0.54347825,0.0,0.0,0.0,0.0
train,4769,tg,0.71428573,0.6944444,0.5555556,0.0,0.0,0.0,0.0
train,4770,tg,0.7714286,0.6486486,0.5,0.0,0.0,0.0,0.0
train,4771,tg,1.0,0.6944444,0.6052632,1.0,0.00016877637,0.00016877637,0.00016877637
train,4772,tg,0.82978725,0.7647059,0.46153846,0.0,0.0,0.0,0.0
train,4773,tg,0.8333333,0.7358491,0.47058824,0.0,0.0,0.0,0.0
train,4774,tg,0.8333333,0.7358491,0.47058824,0.0,0.0,0.0,0.0
train,4775,tg,0.7647059,0.7358491,0.41269842,0.0,0.0,0.0,0.0
train,4776,tg,0.8604651,0.75510204,0.5,0.0,0.0,0.0,0.00016877637
train,4777,tg,0.8604651,0.75510204,0.5,0.0,0.0,0.0,0.00016877637
train,4778,tg,0.75510204,0.72,0.509434,0.0,0.0,0.0,0.0
train,4779,tg,0.8181818,0.72,0.54347825,0.0,0.0,0.0,0.0
train,4780,tg,1.0,0.5555556,0.33333334,1.0,0.00016877637,0.00016877637,0.00016877637
train,4781,tg,0.6,0.57894737,0.5365854,0.0,0.0,0.0,0.0
train,4782,egc,0.9142857,0.5675676,0.5555556,0.0,0.0,0.00016877637,0.00016877637
train,4783,egc,0.9142857,0.525,0.5208333,0.0,0.0,0.00016880487,0.00016880487
train,4784,tg,1.0,0.7878788,0.62857145,1.0,0.00016877637,0.00016877637,0.00033755274
train,4785,tg,0.77272725,0.5681818,0.52380955,0.0,0.0,0.0,0.0
train,4786,tg,0.8,0.54347825,0.4888889,0.0,0.0,0.0,0.0
train,4787,tg,0.8,0.5555556,0.53488374,0.0,0.0,0.0,0.0
train,4788,tg,0.78431374,0.5263158,0.5,0.0,0.0,0.0,0.0
train,4789,tg,0.78431374,0.5319149,0.48333332,0.0,0.0,0.0,0.0
train,4790,tg,0.7631579,0.74358976,0.57894737,0.0,0.0,0.0,0.0
train,4791,tg,0.8108108,0.74358976,0.57894737,0.0,0.0,0.0,0.0
train,4792,tg,0.8108108,0.7631579,0.5945946,0.0,0.0,0.0,0.0
train,4793,tg,0.7878788,0.7837838,0.7631579,0.0,0.0,0.0,0.0
train,4794,egc,1.0,0.5555556,0.30612245,1.0,0.00016877637,0.00016877637,0.00016877637
train,4795,egc,1.0,0.62857145,0.6052632,1.0,0.00016877637,0.00016877637,0.00016877637
train,4796,egc,1.0,0.7878788,0.5945946,1.0,0.00016877637,0.00016877637,0.00033755274
train,4797,egc,0.8965517,0.7222222,0.57894737,0.0,0.0,0.0,0.00033755274
train,4798,tg,1.0,0.7,0.47272727,1.0,0.00033760973,0.00033760973,0.00033760973
train,4799,tg,0.9777778,0.72,0.5185185,0.0,0.00033755274,0.00033755274,0.00033755274
train,4800,egc,1.0,0.5,0.47272727,1.0,0.00033755274,0.00033755274,0.00033755274
train,4801,tg,0.425,0.41860464,0.4047619,0.0,0.0,0.0,0.0
train,4802,tg,0.8043478,0.64,0.50877196,0.0,0.0,0.0,0.0
train,4803,tg,0.8043478,0.74418604,0.5,0.0,0.0,0.0,0.0
train,4804,tg,0.79545456,0.59183675,0.46551725,0.0,0.0,0.0,0.0
train,4805,tg,0.72,0.6122449,0.5294118,0.0,0.0,0.0,0.0
train,4806,tg,0.74418604,0.64,0.575,0.0,0.0,0.0,0.0
train,4807,tg,0.58181816,0.4489796,0.4489796,0.0,0.0,0.0,0.0
train,4808,tg,0.33333334,0.33333334,0.27586207,0.0,0.0,0.0,0.0
train,4809,tg,0.5,0.4375,0.38709676,0.0,0.0,0.0,0.0
train,4810,tg,0.74418604,0.52,0.51111114,0.0,0.0,0.0,0.0
train,4811,tg,1.0,0.4888889,0.44827586,1.0,0.00016877637,0.00016877637,0.00016877637
train,4812,tg,0.58064514,0.5283019,0.5084746,0.0,0.0,0.0,0.0
train,4813,tg,1.0,0.54761904,0.48,1.0,0.00016880487,0.00016880487,0.00016880487
train,4814,tg,0.88235295,0.46,0.46,0.0,0.0,0.0,0.00016877637
train,4815,tg,0.3773585,0.29090908,0.2888889,0.0,0.0,0.0,0.0
train,4816,tg,1.0,1.0,0.40625,1.0,0.0005063291,0.0005063291,0.0005063291
train,4817,tg,1.0,1.0,0.5,1.0,0.0005063291,0.0005063291,0.0005063291
train,4818,tg,1.0,1.0,0.5,1.0,0.00050641457,0.00050641457,0.00050641457
train,4819,tg,1.0,1.0,0.40625,1.0,0.0005063291,0.0005063291,0.0005063291
train,4820,tg,0.7816092,0.3069307,0.28421053,0.0,0.0,0.0,0.0
train,4821,tg,0.7816092,0.37777779,0.33695653,0.0,0.0,0.0,0.0
train,4822,tg,0.7758621,0.45762712,0.4477612,0.0,0.0,0.0,0.0
train,4823,tg,0.7758621,0.5081967,0.5,0.0,0.0,0.0,0.0
train,4824,tg,0.48,0.43636364,0.4347826,0.0,0.0,0.0,0.0
train,4825,tg,0.88235295,0.42,0.41666666,0.0,0.0,0.0,0.00016877637
train,4826,tg,0.5,0.5,0.41935483,0.0,0.0,0.0,0.0
train,4827,tg,0.6086956,0.4642857,0.4516129,0.0,0.0,0.0,0.0
train,4828,tg,0.6086956,0.5,0.42307693,0.0,0.0,0.0,0.0
train,4829,tg,1.0,0.26666668,0.23076923,1.0,0.00016877637,0.00016877637,0.00016877637
train,4830,tg,1.0,0.26666668,0.23333333,1.0,0.00016877637,0.00016877637,0.00016877637
train,4831,egc,1.0,0.8064516,0.7741935,1.0,0.00033755274,0.00033755274,0.00033755274
train,4832,egc,1.0,0.7241379,0.53571427,1.0,0.00016877637,0.00016877637,0.00016877637
train,4833,tg,0.48979592,0.46153846,0.45833334,0.0,0.0,0.0,0.0
train,4834,tg,0.71875,0.31111112,0.2888889,0.0,0.0,0.0,0.0
train,4835,tg,0.71875,0.27272728,0.27272728,0.0,0.0,0.0,0.0
train,4836,tg,0.5,0.44,0.43661973,0.0,0.0,0.0,0.0
train,4837,tg,0.75384617,0.41975307,0.39759037,0.0,0.0,0.0,0.0
train,4838,tg,0.75384617,0.5217391,0.48333332,0.0,0.0,0.0,0.0
train,4839,tg,0.65909094,0.34545454,0.32608697,0.0,0.0,0.0,0.0
train,4840,tg,0.65909094,0.3508772,0.32142857,0.0,0.0,0.0,0.0
train,4841,tg,0.30232558,0.27906978,0.27272728,0.0,0.0,0.0,0.0
train,4842,tg,0.9655172,0.51428574,0.4722222,0.0,0.00016877637,0.00016877637,0.00016877637
train,4843,tg,0.9655172,0.49295774,0.4722222,0.0,0.00016880487,0.00016880487,0.00016880487
train,4844,tg,0.7692308,0.53125,0.5,0.0,0.0,0.0,0.0
train,4845,tg,0.7692308,0.5588235,0.5151515,0.0,0.0,0.0,0.0
train,4846,tg,0.48333332,0.47058824,0.42424244,0.0,0.0,0.0,0.0
train,4847,tg,0.52459013,0.46666667,0.44444445,0.0,0.0,0.0,0.0
train,4848,tg,0.9166667,0.62068963,0.40625,0.0,0.0,0.00016880487,0.00016880487
train,4849,tg,0.962963,0.8,0.7741935,0.0,0.00033755274,0.00033755274,0.00033755274
train,4850,tg,0.9655172,0.9655172,0.7741935,0.0,0.0005063291,0.0005063291,0.0005063291
train,4851,tg,0.8214286,0.4857143,0.42857143,0.0,0.0,0.0,0.0
train,4852,tg,0.9166667,0.58064514,0.46875,0.0,0.0,0.00016877637,0.00016877637
train,4853,tg,1.0,0.8064516,0.7741935,1.0,0.00033760973,0.00033760973,0.00033760973
train,4854,tg,0.39583334,0.375,0.33962265,0.0,0.0,0.0,0.0
train,4855,tg,1.0,0.8064516,0.8064516,1.0,0.00033755274,0.00033755274,0.00033755274
train,4856,tg,1.0,0.9655172,0.7741935,1.0,0.0005063291,0.0005063291,0.0005063291
train,4857,tg,0.4722222,0.4722222,0.41463414,0.0,0.0,0.0,0.0
train,4858,tg,1.0,0.8064516,0.7741935,1.0,0.00033760973,0.00033760973,0.00033760973
train,4859,tg,0.5121951,0.42857143,0.41025642,0.0,0.0,0.0,0.0
train,4860,tg,0.525,0.45,0.43243244,0.0,0.0,0.0,0.0
train,4861,tg,1.0,0.8214286,0.7586207,1.0,0.00033755274,0.00033755274,0.00033755274
train,4862,tg,0.7586207,0.7586207,0.64705884,0.0,0.0,0.0,0.0
train,4863,tg,0.5945946,0.45945945,0.42857143,0.0,0.0,0.0,0.0
train,4864,tg,1.0,0.8214286,0.64705884,1.0,0.00016877637,0.00016877637,0.00016877637
train,4865,tg,1.0,0.8214286,0.7586207,1.0,0.00033755274,0.00033755274,0.00033755274
train,4866,tg,0.61538464,0.4390244,0.39583334,0.0,0.0,0.0,0.0
train,4867,tg,1.0,0.8214286,0.4864865,1.0,0.00016877637,0.00016877637,0.00016877637
train,4868,tg,1.0,0.8214286,0.7586207,1.0,0.00033760973,0.00033760973,0.00033760973
train,4869,tg,0.7241379,0.53333336,0.53333336,0.0,0.0,0.0,0.0
train,4870,tg,0.62068963,0.4857143,0.45454547,0.0,0.0,0.0,0.0
train,4871,tg,0.6875,0.5625,0.4864865,0.0,0.0,0.0,0.0
train,4872,tg,0.6875,0.5625,0.5,0.0,0.0,0.0,0.0
train,4873,tg,0.5769231,0.46153846,0.3846154,0.0,0.0,0.0,0.0
train,4874,tg,1.0,0.5416667,0.4814815,1.0,0.00016877637,0.00016877637,0.00016877637
train,4875,tg,0.7586207,0.64102566,0.5675676,0.0,0.0,0.0,0.0
train,4876,tg,0.64102566,0.4883721,0.46938777,0.0,0.0,0.0,0.0
train,4877,tg,0.5769231,0.5294118,0.5294118,0.0,0.0,0.0,0.0
train,4878,tg,0.5952381,0.41666666,0.39473686,0.0,0.0,0.0,0.0
train,4879,tg,0.5952381,0.37209302,0.34,0.0,0.0,0.0,0.0
train,4880,tg,0.875,0.4516129,0.41935483,0.0,0.0,0.0,0.00016877637
train,4881,tg,0.875,0.51724136,0.4054054,0.0,0.0,0.0,0.00016877637
train,4882,tg,0.6666667,0.42857143,0.4,0.0,0.0,0.0,0.0
train,4883,tg,0.67741936,0.5588235,0.4871795,0.0,0.0,0.0,0.0
train,4884,tg,0.67741936,0.6666667,0.64285713,0.0,0.0,0.0,0.0
train,4885,tg,0.88,0.6666667,0.48387095,0.0,0.0,0.0,0.00016877637
train,4886,tg,0.88,0.5882353,0.46875,0.0,0.0,0.0,0.00016877637
train,4887,tg,0.53846157,0.3939394,0.375,0.0,0.0,0.0,0.0
train,4888,tg,0.6296296,0.48387095,0.48387095,0.0,0.0,0.0,0.0
train,4889,tg,0.54285717,0.38636363,0.375,0.0,0.0,0.0,0.0
train,4890,tg,0.61538464,0.41666666,0.4,0.0,0.0,0.0,0.0
train,4891,tg,0.6923077,0.6296296,0.5714286,0.0,0.0,0.0,0.0
train,4892,egc,0.8518519,0.7586207,0.47058824,0.0,0.0,0.0,0.00016877637
train,4893,egc,1.0,0.5,0.47916666,1.0,0.00016880487,0.00016880487,0.00016880487
train,4894,egc,1.0,0.5652174,0.5,1.0,0.00016877637,0.00016877637,0.00016877637
train,4895,egc,0.55813956,0.43333334,0.42553192,0.0,0.0,0.0,0.0
train,4896,egc,1.0,0.5686275,0.5272727,1.0,0.00016877637,0.00016877637,0.00016877637
train,4897,egc,1.0,0.5652174,0.5,1.0,0.00016877637,0.00016877637,0.00016877637
train,4898,tg,0.4,0.37931034,0.33333334,0.0,0.0,0.0,0.0
train,4899,tg,0.7804878,0.64102566,0.5952381,0.0,0.0,0.0,0.0
train,4900,tg,0.7804878,0.70731705,0.65909094,0.0,0.0,0.0,0.0
train,4901,tg,0.4893617,0.48333332,0.46268657,0.0,0.0,0.0,0.0
train,4902,tg,0.4827586,0.46666667,0.38,0.0,0.0,0.0,0.0
train,4903,tg,1.0,0.5686275,0.5272727,1.0,0.00016880487,0.00016880487,0.00016880487
train,4904,tg,0.6956522,0.56,0.5102041,0.0,0.0,0.0,0.0
train,4905,tg,0.36619717,0.34375,0.32352942,0.0,0.0,0.0,0.0
train,4906,tg,0.4489796,0.4,0.39285713,0.0,0.0,0.0,0.0
train,4907,tg,1.0,0.3888889,0.38235295,1.0,0.00016877637,0.00016877637,0.00016877637
train,4908,tg,0.5769231,0.47058824,0.41666666,0.0,0.0,0.0,0.0
train,4909,tg,0.7222222,0.5769231,0.46666667,0.0,0.0,0.0,0.0
train,4910,tg,0.8039216,0.37931034,0.32786885,0.0,0.0,0.0,0.0
train,4911,tg,0.9,0.3846154,0.36764705,0.0,0.0,0.0,0.00016877637
train,4912,tg,0.9,0.3877551,0.3877551,0.0,0.0,0.0,0.00016877637
train,4913,tg,0.6086956,0.5869565,0.5681818,0.0,0.0,0.0,0.0
train,4914,tg,0.8301887,0.6666667,0.55737704,0.0,0.0,0.0,0.0
train,4915,tg,0.8301887,0.7288136,0.56666666,0.0,0.0,0.0,0.0
train,4916,tg,0.7288136,0.61904764,0.5,0.0,0.0,0.0,0.0
train,4917,tg,0.8076923,0.72,0.7037037,0.0,0.0,0.0,0.0
train,4918,tg,0.8292683,0.68,0.6136364,0.0,0.0,0.0,0.0
train,4919,tg,0.84090906,0.58,0.5576923,0.0,0.0,0.0,0.0
train,4920,tg,0.84090906,0.58,0.5576923,0.0,0.0,0.0,0.0
train,4921,tg,0.7169811,0.7037037,0.50877196,0.0,0.0,0.0,0.0
train,4922,tg,1.0,0.9148936,0.5714286,1.0,0.00016877637,0.0005063291,0.0005063291
train,4923,tg,1.0,0.9148936,0.5714286,1.0,0.00016880487,0.00050641457,0.00050641457
train,4924,tg,0.9347826,0.9148936,0.58181816,0.0,0.0,0.0005063291,0.0005063291
train,4925,tg,0.65957445,0.42857143,0.42372882,0.0,0.0,0.0,0.0
train,4926,tg,0.65957445,0.46666667,0.42307693,0.0,0.0,0.0,0.0
train,4927,tg,0.75,0.70731705,0.5217391,0.0,0.0,0.0,0.0
train,4928,tg,0.72727275,0.6,0.5609756,0.0,0.0,0.0,0.0
train,4929,tg,1.0,0.63265306,0.49056605,1.0,0.00016877637,0.00016877637,0.00016877637
train,4930,tg,0.6304348,0.6086956,0.6,0.0,0.0,0.0,0.0
train,4931,tg,0.82608694,0.73913044,0.5625,0.0,0.0,0.0,0.0
train,4932,tg,0.82608694,0.6666667,0.5471698,0.0,0.0,0.0,0.0
train,4933,tg,0.72727275,0.6956522,0.65909094,0.0,0.0,0.0,0.0
train,4934,tg,0.73913044,0.7380952,0.64,0.0,0.0,0.0,0.0
train,4935,tg,0.6,0.46268657,0.41428572,0.0,0.0,0.0,0.0
train,4936,tg,0.64285713,0.6034483,0.5555556,0.0,0.0,0.0,0.0
train,4937,tg,0.74509805,0.5740741,0.53846157,0.0,0.0,0.0,0.0
train,4938,tg,0.74509805,0.51666665,0.453125,0.0,0.0,0.0,0.0
train,4939,tg,0.73333335,0.66129035,0.57575756,0.0,0.0,0.0,0.0
train,4940,tg,0.7586207,0.6545454,0.6545454,0.0,0.0,0.0,0.0
train,4941,tg,0.704918,0.58064514,0.47368422,0.0,0.0,0.0,0.0
train,4942,tg,0.7368421,0.5138889,0.49253732,0.0,0.0,0.0,0.0
train,4943,tg,1.0,0.69491524,0.6896552,1.0,0.00016880487,0.00016880487,0.00016880487
train,4944,tg,1.0,0.69491524,0.6779661,1.0,0.00016877637,0.00016877637,0.00016877637
train,4945,tg,0.5915493,0.40860215,0.38666666,0.0,0.0,0.0,0.0
train,4946,tg,0.5483871,0.5254237,0.4375,0.0,0.0,0.0,0.0
train,4947,tg,0.7735849,0.63793105,0.59322035,0.0,0.0,0.0,0.0
train,4948,tg,0.7735849,0.62068963,0.60714287,0.0,0.0,0.0,0.0
train,4949,tg,0.84,0.7358491,0.63793105,0.0,0.0,0.0,0.0
train,4950,tg,0.75,0.6666667,0.62068963,0.0,0.0,0.0,0.0
train,4951,tg,0.84,0.80851066,0.75,0.0,0.0,0.0,0.0
train,4952,tg,0.85714287,0.5294118,0.5192308,0.0,0.0,0.0,0.00016877637
train,4953,tg,0.6666667,0.5897436,0.5833333,0.0,0.0,0.0,0.0
train,4954,tg,1.0,0.5869565,0.53571427,1.0,0.00033755274,0.00033755274,0.00033755274
train,4955,tg,1.0,0.51724136,0.5090909,1.0,0.00016877637,0.00016877637,0.00016877637
train,4956,tg,0.6792453,0.61538464,0.5555556,0.0,0.0,0.0,0.0
train,4957,tg,0.5762712,0.53968257,0.5185185,0.0,0.0,0.0,0.0
train,4958,tg,1.0,0.5862069,0.53968257,1.0,0.00033760973,0.00033760973,0.00033760973
train,4959,tg,0.5862069,0.5762712,0.5714286,0.0,0.0,0.0,0.0
train,4960,tg,1.0,0.5862069,0.53968257,1.0,0.00033755274,0.00033755274,0.00033755274
train,4961,tg,0.85714287,0.56,0.54901963,0.0,0.0,0.0,0.00016877637
train,4962,tg,0.8979592,0.46296296,0.43333334,0.0,0.0,0.0,0.00033755274
train,4963,tg,0.9791667,0.47457626,0.45454547,0.0,0.00016880487,0.00016880487,0.00033760973
train,4964,tg,0.9791667,0.4915254,0.47272727,0.0,0.00016877637,0.00016877637,0.00033755274
train,4965,tg,0.82,0.75510204,0.75,0.0,0.0,0.0,0.0
train,4966,tg,0.8301887,0.76363635,0.7118644,0.0,0.0,0.0,0.0
train,4967,tg,0.82,0.7307692,0.6666667,0.0,0.0,0.0,0.0
train,4968,tg,0.9166667,0.8301887,0.71428573,0.0,0.0,0.00016880487,0.00016880487
train,4969,tg,0.6666667,0.625,0.62,0.0,0.0,0.0,0.0
train,4970,tg,0.8292683,0.6666667,0.64444447,0.0,0.0,0.0,0.0
train,4971,tg,0.8043478,0.73333335,0.6666667,0.0,0.0,0.0,0.0
train,4972,tg,0.76,0.6792453,0.64285713,0.0,0.0,0.0,0.0
train,4973,tg,0.9791667,0.6727273,0.6530612,0.0,0.00016880487,0.00016880487,0.00016880487
train,4974,tg,0.95555556,0.76086956,0.67391306,0.0,0.00016877637,0.00016877637,0.00016877637
train,4975,tg,0.76086956,0.7291667,0.71428573,0.0,0.0,0.0,0.0
train,4976,tg,0.9791667,0.6545454,0.625,0.0,0.00016877637,0.00016877637,0.00016877637
train,4977,tg,0.95555556,0.7291667,0.6727273,0.0,0.00016877637,0.00016877637,0.00016877637
train,4978,tg,0.6785714,0.66101694,0.6415094,0.0,0.0,0.0,0.0
train,4979,tg,0.9166667,0.71428573,0.64912283,0.0,0.0,0.00016877637,0.00016877637
train,4980,tg,0.76,0.5686275,0.509434,0.0,0.0,0.0,0.0
train,4981,tg,0.76,0.61403507,0.5689655,0.0,0.0,0.0,0.0
train,4982,tg,0.6,0.53571427,0.5263158,0.0,0.0,0.0,0.0
train,4983,tg,0.7017544,0.6507937,0.6166667,0.0,0.0,0.0,0.0
train,4984,tg,0.82608694,0.64705884,0.61538464,0.0,0.0,0.0,0.0
train,4985,tg,0.7017544,0.63461536,0.6296296,0.0,0.0,0.0,0.0
train,4986,tg,0.7083333,0.5,0.5,0.0,0.0,0.0,0.0
train,4987,tg,0.71428573,0.6052632,0.4888889,0.0,0.0,0.0,0.0
train,4988,tg,0.77272725,0.6511628,0.5576923,0.0,0.0,0.0,0.0
train,4989,tg,0.7407407,0.6603774,0.60714287,0.0,0.0,0.0,0.0
train,4990,tg,1.0,0.5740741,0.4893617,1.0,0.00016877637,0.00016877637,0.00016877637
train,4991,tg,0.6052632,0.4893617,0.39534885,0.0,0.0,0.0,0.0
train,4992,tg,0.6097561,0.5714286,0.53333336,0.0,0.0,0.0,0.0
train,4993,tg,1.0,0.5652174,0.53125,1.0,0.00016880487,0.00016880487,0.00016880487
train,4994,tg,0.82857144,0.7837838,0.53125,0.0,0.0,0.0,0.0
train,4995,tg,0.9142857,0.8888889,0.5,0.0,0.0,0.00016877637,0.0005063291
train,4996,tg,0.9714286,0.9142857,0.4857143,0.0,0.00033755274,0.0005063291,0.0005063291
train,4997,tg,1.0,0.8888889,0.4722222,1.0,0.00033755274,0.00033755274,0.0005063291
train,4998,tg,1.0,0.8888889,0.4722222,1.0,0.00033760973,0.00033760973,0.00050641457
train,4999,tg,0.7586207,0.6388889,0.5862069,0.0,0.0,0.0,0.0
train,5000,tg,0.7105263,0.57575756,0.57575756,0.0,0.0,0.0,0.0
train,5001,tg,0.71428573,0.6666667,0.63414633,0.0,0.0,0.0,0.0
train,5002,tg,0.9722222,0.7631579,0.68421054,0.0,0.00033755274,0.00033755274,0.00033755274
train,5003,tg,1.0,0.7692308,0.6666667,1.0,0.00033760973,0.00033760973,0.00033760973
train,5004,tg,1.0,0.7692308,0.6666667,1.0,0.00033755274,0.00033755274,0.00033755274
train,5005,tg,0.80487806,0.65217394,0.58,0.0,0.0,0.0,0.0
train,5006,tg,0.80487806,0.65909094,0.59090906,0.0,0.0,0.0,0.0
train,5007,tg,0.80487806,0.6585366,0.5714286,0.0,0.0,0.0,0.0
train,5008,tg,0.80487806,0.7209302,0.6938776,0.0,0.0,0.0,0.0
train,5009,tg,0.66101694,0.63492066,0.56666666,0.0,0.0,0.0,0.0
train,5010,tg,0.91071427,0.6769231,0.63492066,0.0,0.0,0.00016877637,0.00016877637
train,5011,tg,0.91071427,0.6964286,0.6557377,0.0,0.0,0.00016877637,0.00016877637
train,5012,tg,0.7586207,0.625,0.6212121,0.0,0.0,0.0,0.0
train,5013,tg,0.8333333,0.6585366,0.5,0.0,0.0,0.0,0.0
train,5014,tg,0.8333333,0.6938776,0.59183675,0.0,0.0,0.0,0.0
train,5015,tg,0.969697,0.74358976,0.68421054,0.0,0.00016877637,0.00016877637,0.00016877637
train,5016,tg,0.969697,0.7692308,0.7105263,0.0,0.00016877637,0.00016877637,0.00016877637
train,5017,tg,0.7105263,0.6111111,0.5897436,0.0,0.0,0.0,0.0
train,5018,tg,0.7083333,0.41379312,0.3939394,0.0,0.0,0.0,0.0
train,5019,tg,0.5609756,0.39534885,0.39215687,0.0,0.0,0.0,0.0
train,5020,tg,0.5609756,0.44186047,0.4,0.0,0.0,0.0,0.0
train,5021,tg,0.7407407,0.57894737,0.5283019,0.0,0.0,0.0,0.0
train,5022,tg,0.73913044,0.6041667,0.53333336,0.0,0.0,0.0,0.0
train,5023,tg,0.67391306,0.5208333,0.4915254,0.0,0.0,0.0,0.0
train,5024,tg,0.6415094,0.47368422,0.43243244,0.0,0.0,0.0,0.0
train,5025,tg,1.0,0.5652174,0.41379312,1.0,0.00016877637,0.00016877637,0.00016877637
train,5026,tg,1.0,1.0,0.63829786,1.0,0.0005063291,0.0005063291,0.0005063291
train,5027,tg,1.0,0.7111111,0.63829786,1.0,0.00033755274,0.00033755274,0.00033755274
train,5028,tg,1.0,1.0,0.68085104,1.0,0.00050641457,0.00050641457,0.00050641457
train,5029,tg,0.74509805,0.63829786,0.63829786,0.0,0.0,0.0,0.0
train,5030,tg,0.7111111,0.7111111,0.65384614,0.0,0.0,0.0,0.0
train,5031,tg,0.68085104,0.68085104,0.53571427,0.0,0.0,0.0,0.0
train,5032,tg,1.0,0.7111111,0.63829786,1.0,0.00033755274,0.00033755274,0.00033755274
train,5033,tg,0.7105263,0.60465115,0.55813956,0.0,0.0,0.0,0.0
train,5034,tg,0.8518519,0.71875,0.45945945,0.0,0.0,0.0,0.00016877637
train,5035,tg,0.75757575,0.6388889,0.5897436,0.0,0.0,0.0,0.0
train,5036,tg,0.8214286,0.7352941,0.6388889,0.0,0.0,0.0,0.0
train,5037,tg,0.7352941,0.6388889,0.45,0.0,0.0,0.0,0.0
train,5038,tg,0.975,0.5106383,0.45833334,0.0,0.00016880487,0.00016880487,0.00016880487
train,5039,tg,0.975,0.5319149,0.5,0.0,0.00016877637,0.00016877637,0.00016877637
train,5040,tg,0.8333333,0.60465115,0.48979592,0.0,0.0,0.0,0.0
train,5041,tg,0.6721311,0.5942029,0.5479452,0.0,0.0,0.0,0.0
train,5042,tg,0.7457627,0.53424656,0.5294118,0.0,0.0,0.0,0.0
train,5043,tg,0.9714286,0.9714286,0.5,0.0,0.00050641457,0.00050641457,0.00050641457
train,5044,tg,1.0,0.9714286,0.5121951,1.0,0.0005063291,0.0005063291,0.0005063291
train,5045,tg,1.0,0.9714286,0.5121951,1.0,0.0005063291,0.0005063291,0.0005063291
train,5046,tg,1.0,0.9714286,0.5121951,1.0,0.0005063291,0.0005063291,0.0005063291
train,5047,tg,0.5952381,0.5813953,0.5813953,0.0,0.0,0.0,0.0
train,5048,tg,0.68292683,0.6216216,0.6216216,0.0,0.0,0.0,0.0
train,5049,tg,0.66,0.63793105,0.6181818,0.0,0.0,0.0,0.0
train,5050,tg,0.7358491,0.7254902,0.63793105,0.0,0.0,0.0,0.0
train,5051,tg,0.75,0.4509804,0.39344263,0.0,0.0,0.0,0.0
train,5052,tg,0.75,0.4893617,0.37288135,0.0,0.0,0.0,0.0
train,5053,tg,0.7692308,0.6315789,0.5952381,0.0,0.0,0.0,0.0
train,5054,tg,0.9032258,0.875,0.475,0.0,0.0,0.00016877637,0.0005063291
train,5055,tg,0.9677419,0.9032258,0.475,0.0,0.00033755274,0.0005063291,0.0005063291
train,5056,tg,1.0,0.875,0.46341464,1.0,0.00033755274,0.00033755274,0.0005063291
train,5057,tg,1.0,0.875,0.45238096,1.0,0.00033755274,0.00033755274,0.0005063291
train,5058,tg,0.575,0.5319149,0.4651163,0.0,0.0,0.0,0.0
train,5059,tg,0.96666664,0.7631579,0.5,0.0,0.00016877637,0.00016877637,0.00016877637
train,5060,tg,0.8055556,0.64444447,0.45652175,0.0,0.0,0.0,0.0
train,5061,tg,0.96666664,0.7837838,0.5,0.0,0.00016877637,0.00016877637,0.00016877637
train,5062,tg,0.7894737,0.68292683,0.6,0.0,0.0,0.0,0.0
train,5063,tg,0.4318182,0.3617021,0.3409091,0.0,0.0,0.0,0.0
train,5064,tg,0.74,0.5869565,0.47916666,0.0,0.0,0.0,0.0
train,5065,tg,0.70454544,0.65909094,0.64444447,0.0,0.0,0.0,0.0
train,5066,tg,0.74509805,0.6226415,0.4827586,0.0,0.0,0.0,0.0
train,5067,tg,0.8301887,0.7966102,0.7818182,0.0,0.0,0.0,0.0
train,5068,tg,0.8958333,0.86,0.8301887,0.0,0.0,0.0,0.00050641457
train,5069,tg,0.8490566,0.8035714,0.79310346,0.0,0.0,0.0,0.0
train,5070,tg,0.9375,0.9,0.84313726,0.0,0.0,0.00033755274,0.0005063291
train,5071,tg,0.9574468,0.9,0.86,0.0,0.00033755274,0.00033755274,0.00084388186
train,5072,tg,1.0,0.9375,0.9,1.0,0.00033755274,0.0005063291,0.0010126582
train,5073,tg,0.8181818,0.8,0.7894737,0.0,0.0,0.0,0.0
train,5074,tg,1.0,0.9375,0.9,1.0,0.00033755274,0.0005063291,0.0010126582
train,5075,tg,1.0,0.9,0.8113208,1.0,0.00016877637,0.00016877637,0.0006751055
train,5076,tg,1.0,0.9,0.8113208,1.0,0.00016877637,0.00016877637,0.0005063291
train,5077,egc,0.775,0.6923077,0.675,0.0,0.0,0.0,0.0
train,5078,egc,1.0,0.33333334,0.31428573,1.0,0.00016880487,0.00016880487,0.00016880487
train,5079,egc,0.5138889,0.43835616,0.43055555,0.0,0.0,0.0,0.0
train,5080,egc,0.9347826,0.93333334,0.5576923,0.0,0.0,0.0005063291,0.0005063291
train,5081,egc,0.516129,0.50877196,0.5,0.0,0.0,0.0,0.0
train,5082,tg,0.6666667,0.4878049,0.46341464,0.0,0.0,0.0,0.0
train,5083,tg,0.6666667,0.52272725,0.47619048,0.0,0.0,0.0,0.0
train,5084,tg,0.7659575,0.7209302,0.5744681,0.0,0.0,0.0,0.0
train,5085,tg,0.7916667,0.7234042,0.6956522,0.0,0.0,0.0,0.0
train,5086,tg,0.8095238,0.7659575,0.6976744,0.0,0.0,0.0,0.0
train,5087,tg,1.0,0.47058824,0.4680851,1.0,0.00016877637,0.00016877637,0.00016877637
train,5088,tg,1.0,1.0,0.55813956,1.0,0.00067521946,0.00067521946,0.00067521946
train,5089,tg,1.0,1.0,1.0,1.0,0.00084388186,0.00084388186,0.00084388186
train,5090,tg,1.0,1.0,1.0,1.0,0.00084388186,0.00084388186,0.00084388186
train,5091,tg,1.0,1.0,1.0,1.0,0.00084388186,0.00084388186,0.00084388186
train,5092,tg,1.0,1.0,1.0,1.0,0.00084388186,0.00084388186,0.00084388186
train,5093,tg,1.0,1.0,0.55813956,1.0,0.00067521946,0.00067521946,0.00067521946
train,5094,tg,0.5217391,0.5192308,0.5192308,0.0,0.0,0.0,0.0
train,5095,tg,0.47619048,0.4477612,0.43548387,0.0,0.0,0.0,0.0
train,5096,tg,0.86538464,0.6909091,0.5,0.0,0.0,0.0,0.00016877637
train,5097,tg,0.7962963,0.53333336,0.47368422,0.0,0.0,0.0,0.0
train,5098,tg,0.86538464,0.61403507,0.47368422,0.0,0.0,0.0,0.00016880487
train,5099,tg,0.6923077,0.61403507,0.5686275,0.0,0.0,0.0,0.0
train,5100,tg,0.6923077,0.5423729,0.53846157,0.0,0.0,0.0,0.0
train,5101,tg,0.8636364,0.6111111,0.5849057,0.0,0.0,0.0,0.00016877637
train,5102,tg,0.85714287,0.6415094,0.55737704,0.0,0.0,0.0,0.00016877637
train,5103,tg,0.8636364,0.71153843,0.627451,0.0,0.0,0.0,0.00016880487
train,5104,tg,0.57894737,0.49367088,0.4883721,0.0,0.0,0.0,0.0
train,5105,tg,0.8333333,0.775,0.76086956,0.0,0.0,0.0,0.0
train,5106,tg,0.8636364,0.82608694,0.82608694,0.0,0.0,0.0,0.00016877637
train,5107,tg,0.9111111,0.9111111,0.79545456,0.0,0.0,0.0005063291,0.0006751055
train,5108,tg,1.0,0.9111111,0.76086956,1.0,0.00033760973,0.00050641457,0.00050641457
train,5109,tg,1.0,0.9111111,0.76086956,1.0,0.00033755274,0.0005063291,0.0005063291
train,5110,tg,1.0,0.9111111,0.65957445,1.0,0.00033755274,0.0005063291,0.0005063291
train,5111,tg,0.64102566,0.6,0.5952381,0.0,0.0,0.0,0.0
train,5112,tg,0.9444444,0.65,0.6363636,0.0,0.0,0.00033755274,0.00033755274
train,5113,tg,0.9722222,0.6888889,0.6666667,0.0,0.00016880487,0.00033760973,0.00033760973
train,5114,tg,0.9722222,0.7111111,0.6888889,0.0,0.00016877637,0.00033755274,0.00033755274
train,5115,tg,1.0,0.52272725,0.5106383,1.0,0.00016877637,0.00016877637,0.00016877637
train,5116,tg,0.8787879,0.8125,0.74285716,0.0,0.0,0.0,0.00016877637
train,5117,tg,0.8787879,0.7894737,0.7714286,0.0,0.0,0.0,0.00033755274
train,5118,tg,0.7708333,0.6904762,0.58,0.0,0.0,0.0,0.0
train,5119,tg,0.46153846,0.4054054,0.3970588,0.0,0.0,0.0,0.0
train,5120,tg,0.6451613,0.64,0.6226415,0.0,0.0,0.0,0.0
train,5121,tg,1.0,1.0,0.7692308,1.0,0.0005063291,0.0005063291,0.0005063291
train,5122,tg,1.0,1.0,0.7692308,1.0,0.0005063291,0.0005063291,0.0005063291
train,5123,tg,1.0,1.0,0.7692308,1.0,0.00050641457,0.00050641457,0.00050641457
train,5124,tg,1.0,1.0,0.7692308,1.0,0.0005063291,0.0005063291,0.0005063291
train,5125,tg,0.6451613,0.5833333,0.5689655,0.0,0.0,0.0,0.0
train,5126,tg,0.81632656,0.74,0.6956522,0.0,0.0,0.0,0.0
train,5127,tg,0.88372093,0.7659575,0.6888889,0.0,0.0,0.0,0.00016877637
train,5128,tg,1.0,0.8863636,0.67346936,1.0,0.00016880487,0.00016880487,0.00050641457
train,5129,tg,1.0,0.7659575,0.67346936,1.0,0.00016877637,0.00016877637,0.00033755274
train,5130,tg,0.8648649,0.75609756,0.72727275,0.0,0.0,0.0,0.00016877637
train,5131,tg,0.9111111,0.8863636,0.82608694,0.0,0.0,0.00033755274,0.0005063291
train,5132,tg,1.0,0.76086956,0.67391306,1.0,0.00016877637,0.00016877637,0.00016877637
train,5133,tg,1.0,0.76086956,0.6888889,1.0,0.00016880487,0.00016880487,0.00033760973
train,5134,tg,1.0,0.76086956,0.67346936,1.0,0.00016877637,0.00016877637,0.00033755274
train,5135,tg,1.0,0.8863636,0.76086956,1.0,0.00016877637,0.00016877637,0.0005063291
train,5136,tg,0.9411765,0.8292683,0.75,0.0,0.0,0.00016877637,0.00033755274
train,5137,tg,0.90909094,0.8292683,0.80851066,0.0,0.0,0.00033755274,0.00033755274
train,5138,tg,0.75,0.65957445,0.6086956,0.0,0.0,0.0,0.0
train,5139,tg,0.6875,0.5555556,0.53846157,0.0,0.0,0.0,0.0
train,5140,tg,0.7894737,0.6818182,0.5952381,0.0,0.0,0.0,0.0
train,5141,tg,0.62222224,0.6037736,0.5925926,0.0,0.0,0.0,0.0
train,5142,tg,0.8333333,0.75,0.7297297,0.0,0.0,0.0,0.0
train,5143,tg,0.8378378,0.8333333,0.71794873,0.0,0.0,0.0,0.0
train,5144,tg,1.0,0.8378378,0.7631579,1.0,0.00033755274,0.00033755274,0.00033755274
train,5145,tg,0.73170733,0.71428573,0.65957445,0.0,0.0,0.0,0.0
train,5146,tg,0.5614035,0.5263158,0.5192308,0.0,0.0,0.0,0.0
train,5147,tg,0.78,0.6909091,0.6666667,0.0,0.0,0.0,0.0
train,5148,tg,0.78,0.6956522,0.63265306,0.0,0.0,0.0,0.0
train,5149,tg,0.71428573,0.68085104,0.6666667,0.0,0.0,0.0,0.0
train,5150,tg,0.7894737,0.7631579,0.675,0.0,0.0,0.0,0.0
train,5151,tg,0.85714287,0.7837838,0.7777778,0.0,0.0,0.0,0.00016877637
train,5152,tg,0.9111111,0.8863636,0.74418604,0.0,0.0,0.00033755274,0.0005063291
train,5153,tg,0.90909094,0.82608694,0.8095238,0.0,0.0,0.00033760973,0.00033760973
train,5154,tg,0.7619048,0.6792453,0.6666667,0.0,0.0,0.0,0.0
train,5155,tg,0.85106385,0.6730769,0.62068963,0.0,0.0,0.0,0.00016877637
train,5156,tg,0.85714287,0.78,0.75,0.0,0.0,0.0,0.00016877637
train,5157,tg,0.6458333,0.5833333,0.5510204,0.0,0.0,0.0,0.0
train,5158,tg,0.9705882,0.7894737,0.7222222,0.0,0.00033760973,0.00033760973,0.00033760973
train,5159,tg,0.75,0.5283019,0.48979592,0.0,0.0,0.0,0.0
train,5160,tg,0.76363635,0.74,0.5535714,0.0,0.0,0.0,0.0
train,5161,tg,0.74,0.5625,0.5510204,0.0,0.0,0.0,0.0
train,5162,tg,0.74285716,0.7105263,0.68421054,0.0,0.0,0.0,0.0
train,5163,tg,0.79591835,0.66101694,0.64705884,0.0,0.0,0.0,0.0
train,5164,tg,0.8611111,0.78125,0.7297297,0.0,0.0,0.0,0.00016877637
train,5165,tg,0.8484849,0.8333333,0.75757575,0.0,0.0,0.0,0.0
train,5166,tg,0.8648649,0.8055556,0.7111111,0.0,0.0,0.0,0.00033755274
train,5167,tg,0.7631579,0.74358976,0.6666667,0.0,0.0,0.0,0.0
train,5168,tg,0.84444445,0.6888889,0.64705884,0.0,0.0,0.0,0.0
train,5169,tg,0.84444445,0.6585366,0.6226415,0.0,0.0,0.0,0.0
train,5170,tg,0.80851066,0.77272725,0.7647059,0.0,0.0,0.0,0.0
train,5171,tg,1.0,0.8235294,0.80851066,1.0,0.00033755274,0.00033755274,0.00033755274
train,5172,tg,1.0,0.8235294,0.80851066,1.0,0.00033755274,0.00033755274,0.00033755274
train,5173,tg,0.8235294,0.8235294,0.754717,0.0,0.0,0.0,0.0
train,5174,tg,1.0,0.8235294,0.80851066,1.0,0.00033755274,0.00033755274,0.00033755274
train,5175,tg,0.8113208,0.8113208,0.7407407,0.0,0.0,0.0,0.0
train,5176,tg,0.84444445,0.7777778,0.7647059,0.0,0.0,0.0,0.0
train,5177,tg,0.7692308,0.61904764,0.61538464,0.0,0.0,0.0,0.0
train,5178,eea,1.0,0.6923077,0.68,1.0,0.00016877637,0.00016877637,0.00016877637
train,5179,ei,1.0,0.6923077,0.68,1.0,0.00016877637,0.00016877637,0.00016877637
train,5180,eps,1.0,0.6923077,0.68,1.0,0.00016877637,0.00016877637,0.00016877637
train,5181,ei,1.0,0.8888889,0.8888889,1.0,0.00016877637,0.00016877637,0.00084388186
train,5182,nc,1.0,0.8888889,0.8888889,1.0,0.00016877637,0.00016877637,0.00084388186
train,5183,ei,1.0,0.68,0.68,1.0,0.00016880487,0.00016880487,0.00016880487
train,5184,ei,1.0,0.8888889,0.6666667,1.0,0.00016877637,0.00016877637,0.0006751055
train,5185,eps,1.0,0.8888889,0.6666667,1.0,0.00016877637,0.00016877637,0.0006751055
train,5186,nc,1.0,0.8888889,0.6666667,1.0,0.00016877637,0.00016877637,0.0006751055
train,5187,ei,1.0,0.6086956,0.55172414,1.0,0.00016877637,0.00016877637,0.00016877637
train,5188,nc,1.0,0.6086956,0.55172414,1.0,0.00016877637,0.00016877637,0.00016877637
train,5189,egb,0.71428573,0.6896552,0.6,0.0,0.0,0.0,0.0
train,5190,egc,0.71428573,0.6896552,0.6,0.0,0.0,0.0,0.0
train,5191,ei,0.71428573,0.6896552,0.6,0.0,0.0,0.0,0.0
train,5192,eps,0.71428573,0.6896552,0.6,0.0,0.0,0.0,0.0
train,5193,nc,0.71428573,0.6896552,0.6,0.0,0.0,0.0,0.0
train,5194,egc,0.6060606,0.6060606,0.6060606,0.0,0.0,0.0,0.0
train,5195,ei,0.61764705,0.6,0.5882353,0.0,0.0,0.0,0.0
train,5196,eps,0.61764705,0.6,0.5882353,0.0,0.0,0.0,0.0
train,5197,egb,1.0,0.6111111,0.6,1.0,0.00016880487,0.00016880487,0.00016880487
train,5198,ei,1.0,0.6111111,0.6,1.0,0.00016880487,0.00016880487,0.00016880487
train,5199,eea,1.0,0.6060606,0.6,1.0,0.00016877637,0.00016877637,0.00016877637
train,5200,eps,1.0,0.6060606,0.6,1.0,0.00016877637,0.00016877637,0.00016877637
train,5201,nc,1.0,0.6060606,0.6,1.0,0.00016877637,0.00016877637,0.00016877637
train,5202,egc,0.6060606,0.5882353,0.5263158,0.0,0.0,0.0,0.0
train,5203,egc,1.0,0.75,0.71875,1.0,0.00016877637,0.00016877637,0.00033755274
train,5204,egc,1.0,0.8965517,0.7027027,1.0,0.00033755274,0.00033755274,0.0005063291
train,5205,egc,1.0,0.8888889,0.65789473,1.0,0.00016880487,0.00016880487,0.00067521946
train,5206,egc,0.4827586,0.45762712,0.359375,0.0,0.0,0.0,0.0
train,5207,egc,0.6666667,0.6666667,0.6666667,0.0,0.0,0.0,0.0
train,5208,egc,0.7222222,0.64102566,0.5555556,0.0,0.0,0.0,0.0
train,5209,egc,0.7222222,0.57894737,0.5714286,0.0,0.0,0.0,0.0
train,5210,egc,0.75,0.55813956,0.5294118,0.0,0.0,0.0,0.0
train,5211,egc,0.75,0.6764706,0.6315789,0.0,0.0,0.0,0.0
train,5212,egc,1.0,0.75,0.6888889,1.0,0.00033755274,0.00033755274,0.00033755274
train,5213,egc,1.0,0.73333335,0.6727273,1.0,0.00016877637,0.00016877637,0.00016877637
train,5214,egc,0.8,0.63235295,0.50793654,0.0,0.0,0.0,0.0
train,5215,egc,0.8,0.57894737,0.5483871,0.0,0.0,0.0,0.0
train,5216,egc,0.5952381,0.5744681,0.5555556,0.0,0.0,0.0,0.0
train,5217,egc,1.0,0.8666667,0.6969697,1.0,0.00016877637,0.00033755274,0.0005063291
train,5218,egc,0.9166667,0.7647059,0.7027027,0.0,0.0,0.00016877637,0.00016877637
train,5219,egc,1.0,0.7894737,0.6216216,1.0,0.00016877637,0.00016877637,0.00016877637
train,5220,eea,0.88461536,0.79310346,0.71875,0.0,0.0,0.0,0.00033755274
train,5221,egc,0.88461536,0.79310346,0.71875,0.0,0.0,0.0,0.00033755274
train,5222,eps,0.88461536,0.79310346,0.71875,0.0,0.0,0.0,0.00033755274
train,5223,nc,0.88461536,0.79310346,0.71875,0.0,0.0,0.0,0.00033755274
train,5224,eea,0.46153846,0.45,0.45,0.0,0.0,0.0,0.0
train,5225,egb,0.46153846,0.45,0.45,0.0,0.0,0.0,0.0
train,5226,ei,0.46153846,0.45,0.45,0.0,0.0,0.0,0.0
train,5227,eps,0.46153846,0.45,0.45,0.0,0.0,0.0,0.0
train,5228,nc,0.46153846,0.45,0.45,0.0,0.0,0.0,0.0
train,5229,egc,0.7209302,0.67391306,0.62,0.0,0.0,0.0,0.0
train,5230,egc,1.0,0.82857144,0.79310346,1.0,0.00016877637,0.00033755274,0.00033755274
train,5231,eea,1.0,0.64285713,0.64285713,1.0,0.00016880487,0.00016880487,0.00016880487
train,5232,egb,1.0,0.64285713,0.64285713,1.0,0.00016880487,0.00016880487,0.00016880487
train,5233,ei,1.0,0.64285713,0.64285713,1.0,0.00016880487,0.00016880487,0.00016880487
train,5234,egb,1.0,0.5833333,0.5833333,1.0,0.00016877637,0.00016877637,0.00016877637
train,5235,eps,1.0,0.5833333,0.5833333,1.0,0.00016877637,0.00016877637,0.00016877637
train,5236,egb,1.0,0.64705884,0.57575756,1.0,0.00016877637,0.00016877637,0.00016877637
train,5237,egc,1.0,0.5897436,0.5882353,1.0,0.00016877637,0.00016877637,0.00016877637
train,5238,egc,0.82051283,0.61904764,0.5416667,0.0,0.0,0.0,0.0
train,5239,egc,0.82051283,0.70731705,0.53061223,0.0,0.0,0.0,0.0
train,5240,egc,0.7567568,0.71428573,0.71428573,0.0,0.0,0.0,0.0
train,5241,egc,0.84313726,0.5714286,0.53061223,0.0,0.0,0.0,0.0
train,5242,egc,0.82608694,0.73913044,0.5625,0.0,0.0,0.0,0.0
train,5243,egc,1.0,0.5641026,0.52380955,1.0,0.00016877637,0.00016877637,0.00016877637
train,5244,egc,0.5641026,0.52380955,0.5217391,0.0,0.0,0.0,0.0
train,5245,egc,0.71428573,0.7,0.6666667,0.0,0.0,0.0,0.0
train,5246,egc,1.0,0.49056605,0.44444445,1.0,0.00016877637,0.00016877637,0.00016877637
train,5247,egc,0.84090906,0.67391306,0.5925926,0.0,0.0,0.0,0.0
train,5248,egc,0.97727275,0.4909091,0.4909091,0.0,0.00016877637,0.00016877637,0.00016877637
train,5249,egc,0.97727275,0.5,0.5,0.0,0.00016880487,0.00016880487,0.00016880487
train,5250,egc,0.7631579,0.6904762,0.5294118,0.0,0.0,0.0,0.0
train,5251,egc,0.7027027,0.6097561,0.5714286,0.0,0.0,0.0,0.0
train,5252,egc,1.0,0.7222222,0.6666667,1.0,0.00016877637,0.00016877637,0.00016877637
train,5253,egc,0.8378378,0.6666667,0.5714286,0.0,0.0,0.0,0.0
train,5254,eea,0.5769231,0.51724136,0.48387095,0.0,0.0,0.0,0.0
train,5255,egb,0.5769231,0.51724136,0.48387095,0.0,0.0,0.0,0.0
train,5256,nc,0.5769231,0.51724136,0.48387095,0.0,0.0,0.0,0.0
train,5257,eea,1.0,0.5,0.4857143,1.0,0.00016880487,0.00016880487,0.00016880487
train,5258,egb,1.0,0.5,0.4857143,1.0,0.00016880487,0.00016880487,0.00016880487
train,5259,ei,1.0,0.5,0.4857143,1.0,0.00016880487,0.00016880487,0.00016880487
train,5260,eps,1.0,0.5,0.4857143,1.0,0.00016880487,0.00016880487,0.00016880487
train,5261,egc,0.6315789,0.5882353,0.5882353,0.0,0.0,0.0,0.0
train,5262,egc,1.0,0.78723407,0.72,1.0,0.00016877637,0.00016877637,0.00016877637
train,5263,egc,0.7209302,0.6458333,0.6363636,0.0,0.0,0.0,0.0
train,5264,egc,0.8095238,0.71428573,0.675,0.0,0.0,0.0,0.0
train,5265,egc,0.6571429,0.6486486,0.6486486,0.0,0.0,0.0,0.0
train,5266,egc,1.0,0.4888889,0.4680851,1.0,0.00016880487,0.00016880487,0.00016880487
train,5267,egc,0.5777778,0.5777778,0.5,0.0,0.0,0.0,0.0
train,5268,egc,1.0,0.75,0.6904762,1.0,0.00033755274,0.00033755274,0.00033755274
train,5269,egc,1.0,0.7209302,0.70454544,1.0,0.00016877637,0.00016877637,0.00016877637
train,5270,egc,0.6415094,0.61403507,0.59615386,0.0,0.0,0.0,0.0
train,5271,egc,1.0,0.6603774,0.59615386,1.0,0.00016880487,0.00016880487,0.00016880487
train,5272,egc,0.7903226,0.61403507,0.5555556,0.0,0.0,0.0,0.0
train,5273,egc,0.877551,0.7017544,0.6721311,0.0,0.0,0.0,0.00016877637
train,5274,egc,1.0,0.7291667,0.64705884,1.0,0.00016877637,0.00016877637,0.00016877637
train,5275,egb,0.6333333,0.5,0.46551725,0.0,0.0,0.0,0.0
train,5276,egc,1.0,0.6122449,0.5964912,1.0,0.00016880487,0.00016880487,0.00016880487
train,5277,egc,0.86206895,0.55263156,0.5,0.0,0.0,0.0,0.00016877637
train,5278,egc,0.9,0.6,0.5833333,0.0,0.0,0.0,0.00016877637
train,5279,eea,0.58064514,0.53571427,0.53571427,0.0,0.0,0.0,0.0
train,5280,egb,0.58064514,0.53571427,0.53571427,0.0,0.0,0.0,0.0
train,5281,egc,0.58064514,0.53571427,0.53571427,0.0,0.0,0.0,0.0
train,5282,egc,1.0,0.5625,0.5625,1.0,0.00016877637,0.00016877637,0.00016877637
train,5283,egc,0.96363634,0.83928573,0.8305085,0.0,0.00016877637,0.00016877637,0.00033755274
train,5284,egc,1.0,0.9444444,0.83928573,1.0,0.00033760973,0.00050641457,0.00050641457
train,5285,egc,1.0,0.9411765,0.9245283,1.0,0.00033755274,0.00084388186,0.0025316456
train,5286,egc,1.0,0.84745765,0.8333333,1.0,0.00016877637,0.00016877637,0.00033755274
train,5287,egc,1.0,0.8135593,0.8135593,1.0,0.00016877637,0.00016877637,0.00016877637
train,5288,egc,1.0,0.5555556,0.53061223,1.0,0.00016877637,0.00016877637,0.00033755274
train,5289,eea,0.71428573,0.65625,0.625,0.0,0.0,0.0,0.0
train,5290,egb,0.71428573,0.65625,0.625,0.0,0.0,0.0,0.0
train,5291,ei,0.71428573,0.65625,0.625,0.0,0.0,0.0,0.0
train,5292,eps,0.71428573,0.65625,0.625,0.0,0.0,0.0,0.0
train,5293,egc,0.7692308,0.7692308,0.7692308,0.0,0.0,0.0,0.0
train,5294,egc,0.6,0.4716981,0.45,0.0,0.0,0.0,0.0
train,5295,egc,0.8301887,0.5689655,0.47058824,0.0,0.0,0.0,0.0
train,5296,egc,0.62857145,0.60465115,0.5833333,0.0,0.0,0.0,0.0
train,5297,egc,0.7777778,0.625,0.625,0.0,0.0,0.0,0.0
train,5298,egc,1.0,0.925,0.60465115,1.0,0.00033760973,0.00050641457,0.00050641457
train,5299,egc,1.0,1.0,0.7692308,1.0,0.0005063291,0.0005063291,0.0005063291
train,5300,egc,0.5208333,0.5208333,0.44642857,0.0,0.0,0.0,0.0
train,5301,egc,0.6216216,0.61538464,0.6111111,0.0,0.0,0.0,0.0
train,5302,egc,0.7346939,0.7173913,0.6666667,0.0,0.0,0.0,0.0
train,5303,egc,0.7948718,0.7368421,0.7209302,0.0,0.0,0.0,0.0
train,5304,egc,0.76744187,0.7,0.6744186,0.0,0.0,0.0,0.0
train,5305,egc,0.974359,0.6666667,0.6458333,0.0,0.00016877637,0.00016877637,0.00016877637
train,5306,egc,1.0,0.8490566,0.7586207,1.0,0.00016877637,0.00016877637,0.00033755274
train,5307,egc,1.0,0.55263156,0.54285717,1.0,0.00016877637,0.00016877637,0.00016877637
train,5308,eea,0.90909094,0.7692308,0.7407407,0.0,0.0,0.00016877637,0.00016877637
train,5309,egb,0.90909094,0.7692308,0.7407407,0.0,0.0,0.00016877637,0.00016877637
train,5310,ei,0.90909094,0.7692308,0.7407407,0.0,0.0,0.00016877637,0.00016877637
train,5311,eps,0.90909094,0.7692308,0.7407407,0.0,0.0,0.00016877637,0.00016877637
train,5312,nc,0.90909094,0.7692308,0.7407407,0.0,0.0,0.00016877637,0.00016877637
train,5313,eea,0.56666666,0.56666666,0.53125,0.0,0.0,0.0,0.0
train,5314,egb,0.56666666,0.56666666,0.53125,0.0,0.0,0.0,0.0
train,5315,ei,0.56666666,0.56666666,0.53125,0.0,0.0,0.0,0.0
train,5316,eps,0.56666666,0.56666666,0.53125,0.0,0.0,0.0,0.0
train,5317,nc,0.56666666,0.56666666,0.53125,0.0,0.0,0.0,0.0
train,5318,egc,0.8214286,0.71875,0.6875,0.0,0.0,0.0,0.0
train,5319,egc,1.0,0.7586207,0.71428573,1.0,0.00016877637,0.00016877637,0.00016877637
train,5320,egc,0.5714286,0.5294118,0.5294118,0.0,0.0,0.0,0.0
train,5321,egc,1.0,0.7647059,0.7586207,1.0,0.00016877637,0.00033755274,0.00033755274
train,5322,egc,1.0,0.5869565,0.53571427,1.0,0.00033755274,0.00033755274,0.00033755274
train,5323,egb,1.0,0.5869565,0.53488374,1.0,0.00033760973,0.00033760973,0.00033760973
train,5324,egc,1.0,0.5263158,0.5090909,1.0,0.00016877637,0.00016877637,0.00016877637
train,5325,egc,0.64285713,0.6363636,0.6097561,0.0,0.0,0.0,0.0
train,5326,egc,1.0,0.77272725,0.75555557,1.0,0.00016877637,0.00016877637,0.00016877637
train,5327,egc,1.0,0.75,0.6571429,1.0,0.00016877637,0.00016877637,0.00016877637
train,5328,egc,1.0,0.7878788,0.75,1.0,0.00016880487,0.00016880487,0.00016880487
train,5329,egc,1.0,0.53968257,0.5344828,1.0,0.00033755274,0.00033755274,0.00033755274
train,5330,eea,0.60714287,0.60714287,0.5483871,0.0,0.0,0.0,0.0
train,5331,ei,0.60714287,0.60714287,0.5483871,0.0,0.0,0.0,0.0
train,5332,eps,0.60714287,0.60714287,0.5483871,0.0,0.0,0.0,0.0
train,5333,nc,0.60714287,0.60714287,0.5483871,0.0,0.0,0.0,0.0
train,5334,eea,0.60714287,0.60714287,0.60714287,0.0,0.0,0.0,0.0
train,5335,egb,0.60714287,0.60714287,0.60714287,0.0,0.0,0.0,0.0
train,5336,ei,0.60714287,0.60714287,0.60714287,0.0,0.0,0.0,0.0
train,5337,eps,0.60714287,0.60714287,0.60714287,0.0,0.0,0.0,0.0
train,5338,egc,1.0,0.88461536,0.88461536,1.0,0.00016877637,0.00016877637,0.00084388186
train,5339,egc,0.71428573,0.70731705,0.6956522,0.0,0.0,0.0,0.0
train,5340,egc,0.7619048,0.70731705,0.6818182,0.0,0.0,0.0,0.0
train,5341,egc,0.7619048,0.6666667,0.64444447,0.0,0.0,0.0,0.0
train,5342,egc,0.6976744,0.6818182,0.6304348,0.0,0.0,0.0,0.0
train,5343,egc,0.70731705,0.6744186,0.65909094,0.0,0.0,0.0,0.0
train,5344,egc,0.75,0.6818182,0.65909094,0.0,0.0,0.0,0.0
train,5345,egc,0.75,0.61702126,0.59183675,0.0,0.0,0.0,0.0
train,5346,egc,0.9142857,0.84210527,0.7894737,0.0,0.0,0.00016880487,0.00033760973
train,5347,egc,1.0,0.8095238,0.70731705,1.0,0.00016877637,0.00033755274,0.00033755274
train,5348,egc,0.969697,0.85294116,0.54545456,0.0,0.00033755274,0.00033755274,0.0005063291
train,5349,egc,1.0,0.8787879,0.55813956,1.0,0.00033755274,0.00033755274,0.0005063291
train,5350,egc,0.925,0.925,0.76086956,0.0,0.0,0.0005063291,0.0005063291
train,5351,egc,0.8541667,0.6956522,0.62,0.0,0.0,0.0,0.00016880487
train,5352,egc,0.974359,0.6862745,0.6666667,0.0,0.00016877637,0.00016877637,0.00016877637
train,5353,egc,0.9285714,0.74285716,0.7222222,0.0,0.0,0.00016877637,0.00016877637
train,5354,egc,1.0,0.7692308,0.75,1.0,0.00016877637,0.00016877637,0.00033755274
train,5355,egc,0.96,0.85714287,0.75757575,0.0,0.00033755274,0.00033755274,0.0006751055
train,5356,egc,0.63414633,0.5641026,0.55263156,0.0,0.0,0.0,0.0
train,5357,egc,0.63414633,0.6,0.5833333,0.0,0.0,0.0,0.0
train,5358,egc,1.0,0.8888889,0.7241379,1.0,0.00033755274,0.00033755274,0.0005063291
train,5359,egc,0.84375,0.675,0.61764705,0.0,0.0,0.0,0.0
train,5360,egc,0.89285713,0.67741936,0.53571427,0.0,0.0,0.0,0.00016877637
train,5361,egc,0.88461536,0.88461536,0.79310346,0.0,0.0,0.0,0.00050641457
train,5362,egc,1.0,0.8965517,0.8965517,1.0,0.00016877637,0.00016877637,0.0011814346
train,5363,egc,0.70212764,0.70212764,0.65,0.0,0.0,0.0,0.0
train,5364,egc,1.0,0.6956522,0.6530612,1.0,0.00016877637,0.00016877637,0.00016877637
train,5365,egc,0.7368421,0.7368421,0.65789473,0.0,0.0,0.0,0.0
train,5366,egc,0.7407407,0.7407407,0.7407407,0.0,0.0,0.0,0.0
train,5367,egc,0.64285713,0.6,0.53571427,0.0,0.0,0.0,0.0
train,5368,egc,1.0,0.65625,0.625,1.0,0.00016877637,0.00016877637,0.00016877637
train,5369,egc,0.7692308,0.7692308,0.7692308,0.0,0.0,0.0,0.0
train,5370,tg,0.8333333,0.8333333,0.71428573,0.0,0.0,0.0,0.0
train,5371,tg,1.0,1.0,0.6,1.0,0.00067521946,0.00067521946,0.00067521946
train,5372,tg,1.0,1.0,0.5,1.0,0.0006751055,0.0006751055,0.0006751055
train,5373,tg,0.5686275,0.50877196,0.43396226,0.0,0.0,0.0,0.0
train,5374,tg,0.74,0.6785714,0.6666667,0.0,0.0,0.0,0.0
train,5375,tg,1.0,1.0,0.5,1.0,0.0005063291,0.0005063291,0.0005063291
train,5376,tg,0.9777778,0.6481481,0.64444447,0.0,0.00016880487,0.00016880487,0.00016880487
train,5377,tg,0.9777778,0.6666667,0.6363636,0.0,0.00016877637,0.00016877637,0.00016877637
train,5378,tg,0.85106385,0.6481481,0.6363636,0.0,0.0,0.0,0.00016877637
train,5379,tg,0.85106385,0.6730769,0.59574467,0.0,0.0,0.0,0.00016877637
train,5380,tg,1.0,0.7631579,0.70731705,1.0,0.00016877637,0.00016877637,0.00016877637
train,5381,tg,1.0,0.77272725,0.7173913,1.0,0.00016880487,0.00016880487,0.00016880487
train,5382,tg,1.0,0.82222223,0.60784316,1.0,0.00016877637,0.00016877637,0.00016877637
train,5383,tg,0.7234042,0.59574467,0.5869565,0.0,0.0,0.0,0.0
train,5384,tg,0.6666667,0.6041667,0.6041667,0.0,0.0,0.0,0.0
train,5385,tg,1.0,0.75,0.73170733,1.0,0.00033755274,0.00033755274,0.00033755274
train,5386,tg,0.71875,0.6896552,0.6896552,0.0,0.0,0.0,0.0
train,5387,tg,0.9736842,0.7692308,0.75,0.0,0.00033755274,0.00033755274,0.00033755274
train,5388,tg,0.5102041,0.48076922,0.47916666,0.0,0.0,0.0,0.0
train,5389,tg,0.7169811,0.61538464,0.61538464,0.0,0.0,0.0,0.0
train,5390,tg,0.7586207,0.61403507,0.5964912,0.0,0.0,0.0,0.0
train,5391,tg,0.527027,0.5131579,0.48051947,0.0,0.0,0.0,0.0
train,5392,tg,1.0,0.73333335,0.73333335,1.0,0.00016877637,0.00016877637,0.00016877637
train,5393,tg,1.0,0.73333335,0.5645161,1.0,0.00033755274,0.00033755274,0.00033755274
train,5394,tg,1.0,1.0,0.61290324,1.0,0.0005063291,0.0005063291,0.0005063291
train,5395,tg,1.0,1.0,0.73333335,1.0,0.0005063291,0.0005063291,0.0005063291
train,5396,tg,0.6896552,0.625,0.59090906,0.0,0.0,0.0,0.0
train,5397,tg,0.82,0.6909091,0.65384614,0.0,0.0,0.0,0.0
train,5398,tg,0.8372093,0.7659575,0.6415094,0.0,0.0,0.0,0.0
train,5399,tg,0.9285714,0.8333333,0.78571427,0.0,0.0,0.00016877637,0.00033755274
train,5400,tg,1.0,0.9375,0.7567568,1.0,0.00016877637,0.0005063291,0.0005063291
train,5401,tg,1.0,0.9375,0.7777778,1.0,0.00016880487,0.00050641457,0.00050641457
train,5402,tg,0.82857144,0.7567568,0.68421054,0.0,0.0,0.0,0.0
train,5403,tg,1.0,0.71428573,0.6944444,1.0,0.00016877637,0.00016877637,0.00016877637
train,5404,tg,0.9302326,0.6304348,0.61904764,0.0,0.0,0.00016877637,0.00016877637
train,5405,tg,0.9302326,0.60465115,0.59183675,0.0,0.0,0.00016877637,0.00016877637
train,5406,tg,0.74285716,0.73333335,0.73333335,0.0,0.0,0.0,0.0
train,5407,tg,0.9166667,0.7948718,0.74285716,0.0,0.0,0.00016877637,0.00016877637
train,5408,tg,0.96666664,0.83870965,0.7105263,0.0,0.00016877637,0.00033755274,0.00033755274
train,5409,tg,0.96666664,0.93333334,0.7027027,0.0,0.00016877637,0.0005063291,0.0006751055
train,5410,tg,1.0,0.9032258,0.6969697,1.0,0.00016877637,0.0005063291,0.0005063291
train,5411,tg,0.44954127,0.42682928,0.42045453,0.0,0.0,0.0,0.0
train,5412,tg,0.8125,0.49367088,0.47887325,0.0,0.0,0.0,0.0
train,5413,tg,0.89830506,0.61333334,0.527027,0.0,0.0,0.0,0.00016877637
train,5414,tg,0.89830506,0.5507246,0.52307695,0.0,0.0,0.0,0.00016877637
train,5415,tg,0.8666667,0.83870965,0.6857143,0.0,0.0,0.0,0.00033755274
train,5416,tg,0.8333333,0.7567568,0.75,0.0,0.0,0.0,0.0
train,5417,tg,1.0,0.7894737,0.63414633,1.0,0.00016877637,0.00016877637,0.00016877637
train,5418,tg,1.0,0.7948718,0.7894737,1.0,0.00016877637,0.00016877637,0.00016877637
train,5419,tg,1.0,0.7894737,0.74285716,1.0,0.00016877637,0.00016877637,0.00016877637
train,5420,tg,1.0,0.82857144,0.7777778,1.0,0.00016877637,0.00016877637,0.00016877637
train,5421,tg,0.9268293,0.65217394,0.64444447,0.0,0.0,0.00016880487,0.00016880487
train,5422,tg,0.9142857,0.7777778,0.74285716,0.0,0.0,0.00016877637,0.00016877637
train,5423,tg,0.9268293,0.6666667,0.627907,0.0,0.0,0.00016877637,0.00016877637
train,5424,tg,1.0,0.8125,0.71875,1.0,0.00016877637,0.00016877637,0.00016877637
train,5425,tg,0.925,0.8181818,0.75609756,0.0,0.0,0.00016877637,0.00033755274
train,5426,tg,0.9142857,0.90625,0.82857144,0.0,0.0,0.00067521946,0.00067521946
train,5427,tg,1.0,1.0,1.0,1.0,0.00084388186,0.00084388186,0.00084388186
train,5428,tg,1.0,1.0,1.0,1.0,0.0010126582,0.0010126582,0.0010126582
train,5429,tg,1.0,1.0,0.972973,1.0,0.00084388186,0.00084388186,0.00084388186
train,5430,tg,1.0,1.0,1.0,1.0,0.0010126582,0.0010126582,0.0010126582
train,5431,tg,1.0,1.0,1.0,1.0,0.0010128291,0.0010128291,0.0010128291
train,5432,tg,0.972973,0.972973,0.972973,0.0,0.00084388186,0.00084388186,0.00084388186
train,5433,tg,0.972973,0.7027027,0.6363636,0.0,0.00016877637,0.00016877637,0.00016877637
train,5434,tg,0.8235294,0.67391306,0.6458333,0.0,0.0,0.0,0.0
train,5435,tg,0.9142857,0.8611111,0.8125,0.0,0.0,0.00033755274,0.0005063291
train,5436,tg,1.0,0.8125,0.71875,1.0,0.00016880487,0.00016880487,0.00016880487
train,5437,tg,0.65217394,0.64102566,0.6,0.0,0.0,0.0,0.0
train,5438,tg,0.93333334,0.8269231,0.78723407,0.0,0.0,0.00033755274,0.00033755274
train,5439,tg,0.8666667,0.8666667,0.78,0.0,0.0,0.0,0.0005063291
train,5440,tg,1.0,0.8666667,0.8666667,1.0,0.00016877637,0.00016877637,0.00084388186
train,5441,tg,0.6875,0.5,0.4878049,0.0,0.0,0.0,0.0
train,5442,tg,0.71428573,0.7,0.6666667,0.0,0.0,0.0,0.0
train,5443,tg,0.7,0.63265306,0.5777778,0.0,0.0,0.0,0.0
train,5444,tg,0.8378378,0.7027027,0.64102566,0.0,0.0,0.0,0.0
train,5445,tg,0.71428573,0.6923077,0.6756757,0.0,0.0,0.0,0.0
train,5446,tg,1.0,0.5897436,0.5882353,1.0,0.00016880487,0.00016880487,0.00016880487
train,5447,tg,0.78125,0.71428573,0.71428573,0.0,0.0,0.0,0.0
train,5448,tg,0.78125,0.6896552,0.6896552,0.0,0.0,0.0,0.0
train,5449,tg,0.6486486,0.6451613,0.6451613,0.0,0.0,0.0,0.0
train,5450,tg,0.6,0.5,0.47058824,0.0,0.0,0.0,0.0
train,5451,tg,0.6,0.5,0.47058824,0.0,0.0,0.0,0.0
train,5452,tg,1.0,0.6666667,0.6451613,1.0,0.00016877637,0.00016877637,0.00016877637
train,5453,tg,0.8235294,0.6857143,0.6451613,0.0,0.0,0.0,0.0
train,5454,tg,0.625,0.5813953,0.54761904,0.0,0.0,0.0,0.0
train,5455,tg,0.6818182,0.61904764,0.5645161,0.0,0.0,0.0,0.0
train,5456,tg,0.9714286,0.74285716,0.6904762,0.0,0.00016880487,0.00016880487,0.00016880487
train,5457,tg,0.9714286,0.74285716,0.71428573,0.0,0.00016877637,0.00016877637,0.00016877637
train,5458,tg,0.8095238,0.6976744,0.6666667,0.0,0.0,0.0,0.0
train,5459,tg,0.51724136,0.5,0.46376812,0.0,0.0,0.0,0.0
train,5460,tg,0.6666667,0.5294118,0.5254237,0.0,0.0,0.0,0.0
train,5461,tg,0.84090906,0.64705884,0.5740741,0.0,0.0,0.0,0.0
train,5462,tg,0.59183675,0.5714286,0.56,0.0,0.0,0.0,0.0
train,5463,tg,0.84313726,0.5714286,0.53061223,0.0,0.0,0.0,0.0
train,5464,tg,0.7457627,0.71666664,0.47619048,0.0,0.0,0.0,0.0
train,5465,tg,0.84313726,0.7457627,0.56,0.0,0.0,0.0,0.0
train,5466,tg,0.8378378,0.6818182,0.67391306,0.0,0.0,0.0,0.0
train,5467,tg,0.5869565,0.52272725,0.52,0.0,0.0,0.0,0.0
train,5468,tg,0.7777778,0.63829786,0.5555556,0.0,0.0,0.0,0.0
train,5469,tg,0.7777778,0.62222224,0.5952381,0.0,0.0,0.0,0.0
train,5470,tg,0.8142857,0.625,0.5362319,0.0,0.0,0.0,0.0
train,5471,tg,0.8604651,0.79545456,0.75,0.0,0.0,0.0,0.00016880487
train,5472,tg,0.8181818,0.6976744,0.6938776,0.0,0.0,0.0,0.0
train,5473,tg,0.8181818,0.73170733,0.6888889,0.0,0.0,0.0,0.0
train,5474,tg,0.8043478,0.74,0.64705884,0.0,0.0,0.0,0.0
train,5475,tg,0.8604651,0.7209302,0.6938776,0.0,0.0,0.0,0.00016877637
train,5476,tg,0.76363635,0.5964912,0.56666666,0.0,0.0,0.0,0.0
train,5477,tg,0.75,0.74418604,0.7222222,0.0,0.0,0.0,0.0
train,5478,tg,0.74418604,0.6956522,0.6666667,0.0,0.0,0.0,0.0
train,5479,tg,0.9,0.8372093,0.75,0.0,0.0,0.0,0.00016877637
train,5480,tg,0.9,0.7659575,0.75555557,0.0,0.0,0.0,0.00016877637
train,5481,tg,0.8717949,0.79545456,0.75555557,0.0,0.0,0.0,0.00016880487
train,5482,tg,1.0,0.79545456,0.73913044,1.0,0.00016877637,0.00016877637,0.00016877637
train,5483,tg,1.0,0.78723407,0.65957445,1.0,0.00016877637,0.00016877637,0.00016877637
train,5484,tg,0.8292683,0.78723407,0.76086956,0.0,0.0,0.0,0.0
train,5485,tg,0.73913044,0.7083333,0.6666667,0.0,0.0,0.0,0.0
train,5486,tg,0.75757575,0.6969697,0.6486486,0.0,0.0,0.0,0.0
train,5487,tg,0.8,0.65789473,0.6052632,0.0,0.0,0.0,0.0
train,5488,tg,0.8,0.75757575,0.71428573,0.0,0.0,0.0,0.0
train,5489,tg,0.7647059,0.7027027,0.6097561,0.0,0.0,0.0,0.0
train,5490,tg,0.6969697,0.6486486,0.6,0.0,0.0,0.0,0.0
train,5491,tg,0.7297297,0.575,0.5714286,0.0,0.0,0.0,0.0
train,5492,tg,0.7297297,0.6857143,0.6052632,0.0,0.0,0.0,0.0
train,5493,tg,0.54761904,0.5217391,0.45833334,0.0,0.0,0.0,0.0
train,5494,tg,0.64285713,0.64285713,0.64285713,0.0,0.0,0.0,0.0
train,5495,tg,0.5952381,0.5121951,0.42857143,0.0,0.0,0.0,0.0
train,5496,tg,0.5813953,0.43103448,0.42307693,0.0,0.0,0.0,0.0
train,5497,tg,0.8918919,0.78571427,0.75757575,0.0,0.0,0.0,0.00016877637
train,5498,tg,0.75,0.6756757,0.65217394,0.0,0.0,0.0,0.0
train,5499,tg,0.82051283,0.6956522,0.6603774,0.0,0.0,0.0,0.0
train,5500,tg,0.7413793,0.6603774,0.59322035,0.0,0.0,0.0,0.0
train,5501,tg,0.7413793,0.6034483,0.515625,0.0,0.0,0.0,0.0
train,5502,tg,0.7777778,0.6363636,0.6034483,0.0,0.0,0.0,0.0
train,5503,tg,0.71428573,0.6727273,0.5967742,0.0,0.0,0.0,0.0
train,5504,tg,0.6727273,0.59322035,0.5714286,0.0,0.0,0.0,0.0
train,5505,tg,0.64,0.5714286,0.5538462,0.0,0.0,0.0,0.0
train,5506,tg,0.8333333,0.7894737,0.62068963,0.0,0.0,0.0,0.0
train,5507,tg,0.86,0.7894737,0.6393443,0.0,0.0,0.0,0.00016877637
train,5508,tg,0.7894737,0.6507937,0.6037736,0.0,0.0,0.0,0.0
train,5509,tg,0.7169811,0.7037037,0.6923077,0.0,0.0,0.0,0.0
train,5510,tg,0.9777778,0.8181818,0.75,0.0,0.00033755274,0.00033755274,0.00033755274
train,5511,tg,1.0,0.82222223,0.73333335,1.0,0.00033760973,0.00033760973,0.00033760973
train,5512,tg,1.0,0.82222223,0.72,1.0,0.00033755274,0.00033755274,0.00033755274
train,5513,tg,0.71153843,0.6909091,0.6875,0.0,0.0,0.0,0.0
train,5514,tg,0.75,0.7346939,0.6603774,0.0,0.0,0.0,0.0
train,5515,tg,0.80487806,0.7291667,0.72,0.0,0.0,0.0,0.0
train,5516,tg,0.6363636,0.6216216,0.58536583,0.0,0.0,0.0,0.0
train,5517,tg,0.6363636,0.5416667,0.51111114,0.0,0.0,0.0,0.0
train,5518,tg,0.7083333,0.5833333,0.5686275,0.0,0.0,0.0,0.0
train,5519,tg,0.7083333,0.5744681,0.49056605,0.0,0.0,0.0,0.0
train,5520,tg,0.58928573,0.48333332,0.46774194,0.0,0.0,0.0,0.0
train,5521,tg,0.81632656,0.6,0.6,0.0,0.0,0.0,0.0
train,5522,tg,0.7380952,0.6666667,0.65384614,0.0,0.0,0.0,0.0
train,5523,tg,0.7358491,0.7090909,0.6896552,0.0,0.0,0.0,0.0
train,5524,tg,0.93333334,0.84090906,0.84090906,0.0,0.0,0.00016877637,0.00033755274
train,5525,tg,1.0,0.8666667,0.8666667,1.0,0.00016877637,0.00016877637,0.00084388186
train,5526,tg,0.7804878,0.7446808,0.73913044,0.0,0.0,0.0,0.0
train,5527,tg,0.7826087,0.76086956,0.6603774,0.0,0.0,0.0,0.0
train,5528,tg,0.8235294,0.64705884,0.64705884,0.0,0.0,0.0,0.0
train,5529,tg,0.8095238,0.7916667,0.76744187,0.0,0.0,0.0,0.0
train,5530,tg,0.8,0.7446808,0.6792453,0.0,0.0,0.0,0.0
train,5531,tg,0.8181818,0.75510204,0.73333335,0.0,0.0,0.0,0.0
train,5532,tg,0.78571427,0.70212764,0.66,0.0,0.0,0.0,0.0
train,5533,tg,0.8372093,0.80851066,0.6792453,0.0,0.0,0.0,0.0
train,5534,tg,0.85714287,0.80851066,0.7254902,0.0,0.0,0.0,0.00033755274
train,5535,tg,0.8717949,0.8717949,0.8181818,0.0,0.0,0.0,0.0006751055
train,5536,tg,1.0,0.8372093,0.76086956,1.0,0.00016880487,0.00016880487,0.00033760973
train,5537,tg,1.0,0.8717949,0.76744187,1.0,0.00033755274,0.00033755274,0.0005063291
train,5538,tg,0.76,0.6041667,0.5625,0.0,0.0,0.0,0.0
train,5539,tg,1.0,1.0,0.8292683,1.0,0.0005063291,0.0005063291,0.0006751055
train,5540,tg,1.0,0.8372093,0.76086956,1.0,0.00016877637,0.00016877637,0.00033755274
train,5541,tg,1.0,1.0,0.8292683,1.0,0.00050641457,0.00050641457,0.00067521946
train,5542,tg,1.0,0.8717949,0.76744187,1.0,0.00033755274,0.00033755274,0.0005063291
train,5543,tg,0.85106385,0.7659575,0.6792453,0.0,0.0,0.0,0.00016877637
train,5544,tg,0.7647059,0.7027027,0.6585366,0.0,0.0,0.0,0.0
train,5545,tg,0.7692308,0.6415094,0.5416667,0.0,0.0,0.0,0.0
train,5546,tg,0.7903226,0.61538464,0.5925926,0.0,0.0,0.0,0.0
train,5547,tg,0.7413793,0.5208333,0.46551725,0.0,0.0,0.0,0.0
train,5548,tg,0.7413793,0.55932206,0.4084507,0.0,0.0,0.0,0.0
train,5549,tg,1.0,0.67241377,0.6,1.0,0.00016877637,0.00016877637,0.00016877637
train,5550,tg,0.8,0.70212764,0.65384614,0.0,0.0,0.0,0.0
train,5551,tg,0.88,0.67241377,0.6557377,0.0,0.0,0.0,0.00016880487
train,5552,tg,0.88,0.6730769,0.5964912,0.0,0.0,0.0,0.00016877637
train,5553,tg,1.0,0.62068963,0.61403507,1.0,0.00016877637,0.00016877637,0.00016877637
train,5554,tg,0.7966102,0.6333333,0.5833333,0.0,0.0,0.0,0.0
train,5555,tg,0.7966102,0.7407407,0.6142857,0.0,0.0,0.0,0.0
train,5556,tg,0.779661,0.6769231,0.5479452,0.0,0.0,0.0,0.0
train,5557,tg,0.5833333,0.54545456,0.5344828,0.0,0.0,0.0,0.0
train,5558,tg,0.60784316,0.60784316,0.58181816,0.0,0.0,0.0,0.0
train,5559,tg,0.71794873,0.54901963,0.5283019,0.0,0.0,0.0,0.0
train,5560,tg,0.96875,0.7222222,0.61904764,0.0,0.00016877637,0.00016877637,0.00016877637
train,5561,tg,1.0,0.75,0.7,1.0,0.00033760973,0.00033760973,0.00033760973
train,5562,tg,0.7708333,0.6904762,0.6904762,0.0,0.0,0.0,0.0
train,5563,tg,0.75510204,0.70212764,0.7,0.0,0.0,0.0,0.0
train,5564,tg,0.96875,0.75,0.64285713,0.0,0.00016877637,0.00016877637,0.00016877637
train,5565,tg,1.0,0.75,0.6904762,1.0,0.00033755274,0.00033755274,0.00033755274
train,5566,tg,0.877551,0.7241379,0.625,0.0,0.0,0.0,0.00016880487
train,5567,tg,0.75,0.627907,0.55813956,0.0,0.0,0.0,0.0
train,5568,tg,1.0,0.7291667,0.64705884,1.0,0.00016877637,0.00016877637,0.00016877637
train,5569,tg,0.8103448,0.7966102,0.5272727,0.0,0.0,0.0,0.0
train,5570,tg,0.9137931,0.8103448,0.63492066,0.0,0.0,0.00033755274,0.00033755274
train,5571,tg,0.9649123,0.7966102,0.625,0.0,0.00016880487,0.00033760973,0.00033760973
train,5572,tg,0.9649123,0.7966102,0.625,0.0,0.00016877637,0.00033755274,0.00033755274
train,5573,tg,0.8035714,0.63492066,0.625,0.0,0.0,0.0,0.0
train,5574,tg,0.8035714,0.73015875,0.55,0.0,0.0,0.0,0.0
train,5575,tg,0.7708333,0.6666667,0.64705884,0.0,0.0,0.0,0.0
train,5576,tg,0.7826087,0.7291667,0.6415094,0.0,0.0,0.0,0.0
train,5577,tg,1.0,0.7209302,0.70454544,1.0,0.00016877637,0.00016877637,0.00016877637
train,5578,tg,0.63265306,0.5740741,0.56363636,0.0,0.0,0.0,0.0
train,5579,tg,0.88095236,0.8604651,0.7380952,0.0,0.0,0.0,0.0006751055
train,5580,tg,0.9756098,0.9756098,0.7209302,0.0,0.0005063291,0.0005063291,0.0006751055
train,5581,tg,1.0,0.9756098,0.70454544,1.0,0.00050641457,0.00050641457,0.00067521946
train,5582,tg,1.0,0.9756098,0.70454544,1.0,0.0005063291,0.0005063291,0.0006751055
train,5583,tg,1.0,0.9756098,0.70454544,1.0,0.0005063291,0.0005063291,0.0006751055
train,5584,tg,0.6956522,0.64705884,0.5964912,0.0,0.0,0.0,0.0
train,5585,tg,0.7826087,0.7209302,0.6875,0.0,0.0,0.0,0.0
train,5586,tg,0.54347825,0.5319149,0.48076922,0.0,0.0,0.0,0.0
train,5587,tg,0.6666667,0.61403507,0.6037736,0.0,0.0,0.0,0.0
train,5588,tg,0.7457627,0.50769234,0.46666667,0.0,0.0,0.0,0.0
train,5589,tg,0.7457627,0.5254237,0.5254237,0.0,0.0,0.0,0.0
train,5590,tg,0.6875,0.6119403,0.5538462,0.0,0.0,0.0,0.0
train,5591,tg,0.7017544,0.62068963,0.5671642,0.0,0.0,0.0,0.0
train,5592,tg,0.8666667,0.84,0.7358491,0.0,0.0,0.0,0.00033755274
train,5593,tg,0.84,0.79591835,0.75,0.0,0.0,0.0,0.0
train,5594,tg,0.8333333,0.8333333,0.7291667,0.0,0.0,0.0,0.0
train,5595,tg,1.0,0.8666667,0.79591835,1.0,0.00033755274,0.00033755274,0.0005063291
train,5596,tg,1.0,0.8666667,0.79591835,1.0,0.00033760973,0.00033760973,0.00050641457
train,5597,tg,1.0,0.8333333,0.7254902,1.0,0.00033755274,0.00033755274,0.00033755274
train,5598,tg,0.6666667,0.6666667,0.5714286,0.0,0.0,0.0,0.0
train,5599,tg,0.7368421,0.5416667,0.5090909,0.0,0.0,0.0,0.0
train,5600,tg,0.6415094,0.64,0.5208333,0.0,0.0,0.0,0.0
train,5601,tg,0.75384617,0.5915493,0.525641,0.0,0.0,0.0,0.0
train,5602,tg,0.59615386,0.53846157,0.5294118,0.0,0.0,0.0,0.0
train,5603,tg,0.6904762,0.54,0.54,0.0,0.0,0.0,0.0
train,5604,tg,0.875,0.6571429,0.6097561,0.0,0.0,0.0,0.00016877637
train,5605,tg,0.74285716,0.6666667,0.63414633,0.0,0.0,0.0,0.0
train,5606,tg,0.62222224,0.6,0.6,0.0,0.0,0.0,0.0
train,5607,tg,0.7631579,0.7105263,0.5945946,0.0,0.0,0.0,0.0
train,5608,tg,1.0,0.5625,0.5625,1.0,0.00016877637,0.00016877637,0.00016877637
train,5609,tg,0.9411765,0.8333333,0.7894737,0.0,0.0,0.00016877637,0.00016877637
train,5610,tg,0.9411765,0.84210527,0.84210527,0.0,0.0,0.00016877637,0.00016877637
train,5611,tg,0.8333333,0.74603176,0.6875,0.0,0.0,0.0,0.0
train,5612,tg,0.8979592,0.84615386,0.8,0.0,0.0,0.0,0.00033755274
train,5613,tg,0.9056604,0.8888889,0.83928573,0.0,0.0,0.00016877637,0.0005063291
train,5614,tg,0.8947368,0.83928573,0.8196721,0.0,0.0,0.0,0.00016877637
train,5615,tg,0.90384614,0.9019608,0.88461536,0.0,0.0,0.0005063291,0.001350211
train,5616,tg,0.9074074,0.8909091,0.8301887,0.0,0.0,0.00033760973,0.00050641457
train,5617,tg,0.9444444,0.9245283,0.9074074,0.0,0.0,0.0010126582,0.002700422
train,5618,tg,1.0,0.9285714,0.9285714,1.0,0.00016877637,0.0015189874,0.0021940928
train,5619,tg,1.0,0.9285714,0.9285714,1.0,0.00016877637,0.0015189874,0.0021940928
train,5620,tg,0.91071427,0.84745765,0.8135593,0.0,0.0,0.00016877637,0.00033755274
train,5621,tg,0.90909094,0.8305085,0.78571427,0.0,0.0,0.00016880487,0.00033760973
train,5622,tg,0.82258064,0.74603176,0.7118644,0.0,0.0,0.0,0.0
train,5623,tg,0.82258064,0.7936508,0.67142856,0.0,0.0,0.0,0.0
train,5624,tg,0.9583333,0.88235295,0.8490566,0.0,0.00016877637,0.00016877637,0.0005063291
train,5625,tg,0.9433962,0.8490566,0.8148148,0.0,0.0,0.00033755274,0.00033755274
train,5626,tg,0.96,0.9411765,0.9230769,0.0,0.00016880487,0.0010128291,0.0018568535
train,5627,tg,0.9622642,0.9444444,0.8363636,0.0,0.00016877637,0.0006751055,0.0006751055
train,5628,tg,0.9444444,0.9433962,0.9245283,0.0,0.0,0.0018565401,0.002700422
train,5629,tg,1.0,0.96363634,0.96363634,1.0,0.0011814346,0.0016877637,0.002700422
train,5630,tg,1.0,0.96363634,0.96363634,1.0,0.00084388186,0.0016877637,0.0025316456
train,5631,tg,0.962963,0.81666666,0.78571427,0.0,0.00016880487,0.00033760973,0.00033760973
train,5632,tg,0.9583333,0.86538464,0.8333333,0.0,0.00016877637,0.00016877637,0.0005063291
train,5633,tg,0.98,0.98,0.9056604,0.0,0.0006751055,0.0011814346,0.0025316456
train,5634,tg,0.9811321,0.9622642,0.8363636,0.0,0.0005063291,0.0006751055,0.0006751055
train,5635,tg,1.0,1.0,0.96363634,1.0,0.0011814346,0.0016877637,0.0025316456
train,5636,tg,1.0,1.0,0.96363634,1.0,0.001181634,0.0016880486,0.0028696826
train,5637,tg,0.96363634,0.8596491,0.84210527,0.0,0.00016877637,0.00033755274,0.0006751055
train,5638,tg,0.9814815,0.90909094,0.7758621,0.0,0.00033755274,0.0005063291,0.0005063291
train,5639,tg,1.0,0.8888889,0.8333333,1.0,0.00016877637,0.00033755274,0.0005063291
train,5640,tg,1.0,0.98,0.9245283,1.0,0.0005063291,0.0010126582,0.0025316456
train,5641,tg,1.0,0.962963,0.962963,1.0,0.0008440243,0.0021944633,0.0027008778
train,5642,tg,1.0,1.0,1.0,1.0,0.0015189874,0.0020253165,0.002700422
train,5643,tg,1.0,1.0,1.0,1.0,0.0015189874,0.0016877637,0.0025316456
train,5644,tg,0.9814815,0.89285713,0.79310346,0.0,0.00016877637,0.00033755274,0.0005063291
train,5645,tg,1.0,0.8448276,0.8214286,1.0,0.00016877637,0.00016877637,0.00033755274
train,5646,tg,0.8947368,0.8448276,0.8103448,0.0,0.0,0.0,0.00016880487
train,5647,tg,1.0,0.9411765,0.9245283,1.0,0.00033755274,0.00084388186,0.0025316456
train,5648,tg,1.0,0.9444444,0.83928573,1.0,0.00033755274,0.0005063291,0.0006751055
train,5649,tg,1.0,0.962963,0.962963,1.0,0.0011814346,0.0023628692,0.0028691983
train,5650,tg,1.0,1.0,0.96363634,1.0,0.0011814346,0.0016877637,0.0025316456
train,5651,tg,1.0,1.0,0.96363634,1.0,0.001181634,0.0016880486,0.0028696826
train,5652,tg,0.9322034,0.8196721,0.7936508,0.0,0.0,0.00016877637,0.00016877637
train,5653,tg,0.94736844,0.94736844,0.89830506,0.0,0.0,0.0005063291,0.0010126582
train,5654,tg,1.0,0.9491525,0.89830506,1.0,0.00033755274,0.0006751055,0.0010126582
train,5655,tg,1.0,0.9491525,0.89830506,1.0,0.00033755274,0.0006751055,0.0010126582
train,5656,tg,1.0,0.9491525,0.94736844,1.0,0.00033760973,0.0008440243,0.001181634
train,5657,tg,0.8965517,0.852459,0.852459,0.0,0.0,0.0,0.00084388186
train,5658,tg,0.8305085,0.8032787,0.7419355,0.0,0.0,0.0,0.0
train,5659,tg,1.0,0.877193,0.8333333,1.0,0.00016877637,0.00016877637,0.0005063291
train,5660,tg,0.877193,0.852459,0.8333333,0.0,0.0,0.0,0.0005063291
train,5661,tg,0.9322034,0.8333333,0.82258064,0.0,0.0,0.00016880487,0.00033760973
train,5662,tg,0.84745765,0.8360656,0.8,0.0,0.0,0.0,0.0
train,5663,tg,0.94827586,0.89830506,0.89830506,0.0,0.0,0.00033755274,0.0011814346
train,5664,tg,1.0,0.9491525,0.89830506,1.0,0.00016877637,0.0006751055,0.00084388186
train,5665,tg,1.0,0.9491525,0.89830506,1.0,0.00016877637,0.0006751055,0.00084388186
train,5666,tg,1.0,0.8135593,0.8135593,1.0,0.00016880487,0.00016880487,0.00016880487
train,5667,tg,0.9245283,0.9245283,0.875,0.0,0.0,0.0005063291,0.00084388186
train,5668,tg,0.96153843,0.875,0.8490566,0.0,0.00016877637,0.00033755274,0.0006751055
train,5669,tg,0.9787234,0.86538464,0.8627451,0.0,0.00033755274,0.00033755274,0.00084388186
train,5670,tg,1.0,0.9245283,0.88461536,1.0,0.00033755274,0.0005063291,0.0016877637
train,5671,tg,1.0,0.88461536,0.86538464,1.0,0.00033760973,0.00033760973,0.001181634
train,5672,tg,1.0,0.88461536,0.86538464,1.0,0.00033755274,0.00033755274,0.00084388186
train,5673,tg,1.0,0.88461536,0.875,1.0,0.00016877637,0.00033755274,0.0016877637
train,5674,tg,0.79310346,0.76666665,0.75,0.0,0.0,0.0,0.0
train,5675,tg,0.7631579,0.7,0.6097561,0.0,0.0,0.0,0.0
train,5676,tg,1.0,0.5555556,0.5510204,1.0,0.00016880487,0.00016880487,0.00033760973
train,5677,tg,0.8636364,0.67346936,0.65217394,0.0,0.0,0.0,0.00033755274
train,5678,tg,0.65957445,0.54901963,0.5471698,0.0,0.0,0.0,0.0
train,5679,tg,0.7058824,0.5862069,0.5555556,0.0,0.0,0.0,0.0
train,5680,tg,1.0,0.76086956,0.67391306,1.0,0.00016877637,0.00016877637,0.00016877637
train,5681,tg,0.6451613,0.36619717,0.35526314,0.0,0.0,0.0,0.0
train,5682,tg,0.64285713,0.64285713,0.53846157,0.0,0.0,0.0,0.0
train,5683,tg,0.64444447,0.6,0.5813953,0.0,0.0,0.0,0.0
train,5684,tg,1.0,0.8,0.73333335,1.0,0.00016877637,0.00016877637,0.00016877637
train,5685,tg,1.0,0.8,0.73333335,1.0,0.00016877637,0.00016877637,0.00016877637
train,5686,tg,1.0,0.8135593,0.8,1.0,0.00016880487,0.00016880487,0.00016880487
train,5687,tg,1.0,0.8135593,0.73333335,1.0,0.00033755274,0.00033755274,0.00033755274
train,5688,tg,1.0,0.8135593,0.8,1.0,0.00016877637,0.00016877637,0.00016877637
train,5689,tg,1.0,0.8135593,0.73333335,1.0,0.00033755274,0.00033755274,0.00033755274
train,5690,tg,1.0,0.8135593,0.73333335,1.0,0.00033755274,0.00033755274,0.00033755274
train,5691,tg,0.72,0.6785714,0.59375,0.0,0.0,0.0,0.0
train,5692,tg,0.72,0.6923077,0.6545454,0.0,0.0,0.0,0.0
train,5693,tg,1.0,0.7631579,0.7173913,1.0,0.00016877637,0.00016877637,0.00016877637
train,5694,tg,0.7777778,0.7659575,0.6904762,0.0,0.0,0.0,0.0
train,5695,tg,1.0,0.82222223,0.7173913,1.0,0.00016877637,0.00016877637,0.00016877637
train,5696,tg,1.0,0.77272725,0.6041667,1.0,0.00016880487,0.00016880487,0.00016880487
train,5697,tg,0.77272725,0.77272725,0.58,0.0,0.0,0.0,0.0
train,5698,tg,0.54545456,0.515625,0.47619048,0.0,0.0,0.0,0.0
train,5699,tg,0.8636364,0.5925926,0.5689655,0.0,0.0,0.0,0.00016877637
train,5700,tg,0.8301887,0.6481481,0.51724136,0.0,0.0,0.0,0.0
train,5701,tg,0.6666667,0.59615386,0.56666666,0.0,0.0,0.0,0.0
train,5702,tg,0.8636364,0.66071427,0.51724136,0.0,0.0,0.0,0.00016877637
train,5703,tg,0.8301887,0.5689655,0.47058824,0.0,0.0,0.0,0.0
train,5704,tg,1.0,0.5660377,0.48076922,1.0,0.00016877637,0.00016877637,0.00016877637
train,5705,tg,0.6721311,0.56060606,0.47272727,0.0,0.0,0.0,0.0
train,5706,tg,1.0,0.6721311,0.5531915,1.0,0.00016880487,0.00016880487,0.00016880487
train,5707,tg,1.0,0.6721311,0.5531915,1.0,0.00016877637,0.00016877637,0.00016877637
train,5708,tg,0.72727275,0.56060606,0.4909091,0.0,0.0,0.0,0.0
train,5709,tg,0.8125,0.74285716,0.70731705,0.0,0.0,0.0,0.0
train,5710,tg,0.8541667,0.67346936,0.6666667,0.0,0.0,0.0,0.00016877637
train,5711,tg,0.9189189,0.85,0.575,0.0,0.0,0.00033760973,0.00033760973
train,5712,tg,1.0,0.925,0.6956522,1.0,0.00033755274,0.0006751055,0.0006751055
train,5713,tg,1.0,0.925,0.6956522,1.0,0.00033755274,0.0006751055,0.0006751055
train,5714,tg,0.575,0.5714286,0.5609756,0.0,0.0,0.0,0.0
train,5715,tg,0.63265306,0.53333336,0.4888889,0.0,0.0,0.0,0.0
train,5716,tg,0.63265306,0.45762712,0.4385965,0.0,0.0,0.0,0.0
train,5717,tg,0.9591837,0.6909091,0.6792453,0.0,0.00016877637,0.00016877637,0.00016877637
train,5718,tg,0.9591837,0.7222222,0.6875,0.0,0.00016877637,0.00016877637,0.00016877637
train,5719,tg,1.0,1.0,0.7692308,1.0,0.0005063291,0.0005063291,0.0005063291
train,5720,tg,1.0,1.0,0.7692308,1.0,0.0005063291,0.0005063291,0.0005063291
train,5721,tg,1.0,1.0,0.7692308,1.0,0.00050641457,0.00050641457,0.00050641457
train,5722,tg,0.5915493,0.5,0.44067797,0.0,0.0,0.0,0.0
train,5723,tg,0.6086956,0.53488374,0.5294118,0.0,0.0,0.0,0.0
train,5724,tg,0.902439,0.5681818,0.5681818,0.0,0.0,0.00016877637,0.00016877637
train,5725,tg,0.902439,0.5531915,0.5319149,0.0,0.0,0.00016877637,0.00016877637
train,5726,tg,0.84090906,0.6122449,0.5952381,0.0,0.0,0.0,0.0
train,5727,tg,0.6909091,0.66101694,0.65384614,0.0,0.0,0.0,0.0
train,5728,tg,0.7619048,0.7111111,0.6666667,0.0,0.0,0.0,0.0
train,5729,tg,0.84090906,0.68,0.58928573,0.0,0.0,0.0,0.0
train,5730,tg,0.68333334,0.6451613,0.60714287,0.0,0.0,0.0,0.0
train,5731,tg,0.7818182,0.7586207,0.5441176,0.0,0.0,0.0,0.0
train,5732,tg,0.75555557,0.7083333,0.6730769,0.0,0.0,0.0,0.0
train,5733,tg,0.925,0.84090906,0.75555557,0.0,0.0,0.00033755274,0.00033755274
train,5734,tg,0.8695652,0.8043478,0.76363635,0.0,0.0,0.0,0.00016877637
train,5735,tg,0.90909094,0.84090906,0.78846157,0.0,0.0,0.00016877637,0.00016877637
train,5736,tg,0.765625,0.6779661,0.62711865,0.0,0.0,0.0,0.0
train,5737,tg,0.7457627,0.627451,0.59016395,0.0,0.0,0.0,0.0
train,5738,tg,0.6730769,0.62903225,0.5614035,0.0,0.0,0.0,0.0
train,5739,tg,0.877551,0.79591835,0.79591835,0.0,0.0,0.0,0.00016877637
train,5740,tg,0.8269231,0.8076923,0.70689654,0.0,0.0,0.0,0.0
train,5741,tg,0.7948718,0.7368421,0.7209302,0.0,0.0,0.0,0.0
train,5742,tg,0.76363635,0.6896552,0.6545454,0.0,0.0,0.0,0.0
train,5743,tg,0.8918919,0.7948718,0.76744187,0.0,0.0,0.0,0.00016877637
train,5744,tg,0.7924528,0.74545455,0.7346939,0.0,0.0,0.0,0.0
train,5745,tg,1.0,0.8490566,0.7586207,1.0,0.00016877637,0.00016877637,0.00033755274
train,5746,tg,0.81666666,0.73770493,0.61904764,0.0,0.0,0.0,0.0
train,5747,tg,0.9019608,0.8703704,0.7413793,0.0,0.0,0.00033755274,0.0006751055
train,5748,tg,1.0,0.90625,0.82857144,1.0,0.00016877637,0.0006751055,0.0006751055
train,5749,tg,1.0,0.90625,0.8055556,1.0,0.00016877637,0.0005063291,0.0005063291
train,5750,tg,1.0,0.9142857,0.8333333,1.0,0.00016877637,0.0006751055,0.0006751055
train,5751,tg,1.0,0.8490566,0.68333334,1.0,0.00016880487,0.00033760973,0.00033760973
train,5752,tg,1.0,0.9142857,0.90625,1.0,0.00016877637,0.00084388186,0.00084388186
train,5753,tg,1.0,0.8490566,0.7818182,1.0,0.00016877637,0.00033755274,0.00033755274
train,5754,tg,1.0,0.9,0.8666667,1.0,0.00016877637,0.00033755274,0.0010126582
train,5755,tg,0.9,0.88,0.7924528,0.0,0.0,0.0,0.0005063291
train,5756,tg,1.0,0.8863636,0.8666667,1.0,0.00033760973,0.00033760973,0.0010128291
train,5757,tg,0.8863636,0.8863636,0.8,0.0,0.0,0.0,0.0006751055
train,5758,tg,0.7804878,0.7446808,0.72727275,0.0,0.0,0.0,0.0
train,5759,tg,0.75,0.6,0.5681818,0.0,0.0,0.0,0.0
train,5760,tg,0.81666666,0.68333334,0.625,0.0,0.0,0.0,0.0
train,5761,tg,0.625,0.5555556,0.5555556,0.0,0.0,0.0,0.0
train,5762,tg,1.0,0.62857145,0.55263156,1.0,0.00016877637,0.00016877637,0.00016877637
train,5763,tg,0.90625,0.53125,0.53125,0.0,0.0,0.00016877637,0.00033755274
train,5764,tg,0.962963,0.8214286,0.7878788,0.0,0.00016877637,0.00016877637,0.00033755274
train,5765,tg,0.962963,0.8181818,0.7714286,0.0,0.00016877637,0.00016877637,0.00033755274
train,5766,tg,1.0,0.7586207,0.71428573,1.0,0.00016880487,0.00016880487,0.00016880487
train,5767,tg,0.8378378,0.65789473,0.6451613,0.0,0.0,0.0,0.0
train,5768,tg,1.0,1.0,0.3875,1.0,0.0005063291,0.0005063291,0.0005063291
train,5769,tg,1.0,1.0,0.38297874,1.0,0.0005063291,0.0005063291,0.0005063291
train,5770,tg,1.0,1.0,0.3875,1.0,0.0005063291,0.0005063291,0.0005063291
train,5771,tg,1.0,1.0,0.3875,1.0,0.00050641457,0.00050641457,0.00050641457
train,5772,tg,0.7826087,0.7234042,0.7234042,0.0,0.0,0.0,0.0
train,5773,tg,0.81395346,0.77272725,0.7234042,0.0,0.0,0.0,0.0
train,5774,tg,0.7,0.6666667,0.65384614,0.0,0.0,0.0,0.0
train,5775,tg,0.81395346,0.77272725,0.75555557,0.0,0.0,0.0,0.0
train,5776,tg,1.0,0.77272725,0.75555557,1.0,0.00016880487,0.00016880487,0.00016880487
train,5777,tg,0.88095236,0.77272725,0.77272725,0.0,0.0,0.0,0.00016877637
train,5778,tg,0.88095236,0.75555557,0.75555557,0.0,0.0,0.0,0.00016877637
train,5779,tg,0.6981132,0.60714287,0.5471698,0.0,0.0,0.0,0.0
train,5780,tg,1.0,0.5849057,0.5294118,1.0,0.00016877637,0.00016877637,0.00016877637
train,5781,tg,0.80851066,0.74509805,0.7234042,0.0,0.0,0.0,0.0
train,5782,tg,0.5862069,0.5344828,0.5,0.0,0.0,0.0,0.0
train,5783,tg,1.0,0.7647059,0.7586207,1.0,0.00016877637,0.00016877637,0.00016877637
train,5784,tg,0.8918919,0.7567568,0.7297297,0.0,0.0,0.0,0.00016877637
train,5785,tg,0.8717949,0.8292683,0.7647059,0.0,0.0,0.0,0.00016877637
train,5786,tg,0.8181818,0.6923077,0.6785714,0.0,0.0,0.0,0.0
train,5787,tg,0.8918919,0.7,0.6585366,0.0,0.0,0.0,0.00016877637
train,5788,tg,0.7105263,0.5833333,0.4883721,0.0,0.0,0.0,0.0
train,5789,tg,0.75757575,0.6756757,0.64102566,0.0,0.0,0.0,0.0
train,5790,tg,0.82051283,0.62222224,0.5714286,0.0,0.0,0.0,0.0
train,5791,tg,0.86,0.7222222,0.54545456,0.0,0.0,0.0,0.00016880487
train,5792,tg,0.972973,0.8181818,0.72,0.0,0.00016877637,0.00016877637,0.00016877637
train,5793,tg,0.972973,0.82222223,0.8,0.0,0.00016877637,0.00016877637,0.00016877637
train,5794,tg,0.65909094,0.6304348,0.6041667,0.0,0.0,0.0,0.0
train,5795,tg,0.6571429,0.5952381,0.5897436,0.0,0.0,0.0,0.0
train,5796,tg,0.9268293,0.6111111,0.5882353,0.0,0.0,0.00016880487,0.00016880487
train,5797,tg,0.8095238,0.7234042,0.64285713,0.0,0.0,0.0,0.0
train,5798,tg,1.0,0.6923077,0.64102566,1.0,0.00016877637,0.00033755274,0.00033755274
train,5799,tg,0.8979592,0.62711865,0.5689655,0.0,0.0,0.0,0.00016877637
train,5800,tg,0.84444445,0.84210527,0.7631579,0.0,0.0,0.0,0.0
train,5801,tg,0.9285714,0.84782606,0.82222223,0.0,0.0,0.00033760973,0.00033760973
train,5802,tg,0.972973,0.6458333,0.6136364,0.0,0.00016877637,0.00016877637,0.00016877637
train,5803,tg,1.0,0.8095238,0.73170733,1.0,0.00016877637,0.00033755274,0.00033755274
train,5804,tg,0.8181818,0.75,0.70731705,0.0,0.0,0.0,0.0
train,5805,tg,0.9285714,0.82608694,0.72727275,0.0,0.0,0.00016877637,0.00033755274
train,5806,tg,0.9285714,0.8,0.78571427,0.0,0.0,0.00016880487,0.00016880487
train,5807,tg,1.0,0.88461536,0.88461536,1.0,0.00016877637,0.00016877637,0.00084388186
train,5808,tg,0.925,0.8863636,0.8292683,0.0,0.0,0.00016877637,0.0006751055
train,5809,tg,1.0,0.9142857,0.82857144,1.0,0.00016877637,0.0005063291,0.0005063291
train,5810,tg,1.0,0.8787879,0.55813956,1.0,0.00033755274,0.00033755274,0.0005063291
train,5811,tg,0.8787879,0.85294116,0.58536583,0.0,0.0,0.0,0.00050641457
train,5812,tg,0.9,0.6666667,0.6315789,0.0,0.0,0.0,0.00016877637
train,5813,tg,1.0,0.6666667,0.65909094,1.0,0.00016877637,0.00016877637,0.00016877637
train,5814,tg,1.0,0.90909094,0.75555557,1.0,0.00016877637,0.0005063291,0.0005063291
train,5815,tg,0.877551,0.85714287,0.74418604,0.0,0.0,0.0,0.0005063291
train,5816,tg,0.8125,0.74418604,0.73333335,0.0,0.0,0.0,0.0
train,5817,tg,0.84,0.71153843,0.6730769,0.0,0.0,0.0,0.0
train,5818,tg,1.0,0.8666667,0.8666667,1.0,0.00016877637,0.00016877637,0.0010126582
train,5819,tg,1.0,0.90625,0.82857144,1.0,0.00016877637,0.0005063291,0.0005063291
train,5820,tg,0.8125,0.74285716,0.74285716,0.0,0.0,0.0,0.0
train,5821,tg,0.90909094,0.90909094,0.90909094,0.0,0.0,0.0008440243,0.0008440243
train,5822,tg,0.75609756,0.5952381,0.5555556,0.0,0.0,0.0,0.0
train,5823,tg,1.0,0.7692308,0.75,1.0,0.00016877637,0.00016877637,0.00033755274
train,5824,tg,0.8918919,0.7234042,0.7083333,0.0,0.0,0.0,0.00016877637
train,5825,tg,1.0,1.0,0.9714286,1.0,0.00084388186,0.00084388186,0.0010126582
train,5826,tg,1.0,1.0,0.9714286,1.0,0.0010128291,0.0010128291,0.001181634
train,5827,tg,1.0,1.0,0.9714286,1.0,0.00084388186,0.00084388186,0.00084388186
train,5828,tg,0.9714286,0.9714286,0.9714286,0.0,0.00084388186,0.0010126582,0.0010126582
train,5829,tg,0.9714286,0.9714286,0.9714286,0.0,0.00084388186,0.0010126582,0.0010126582
train,5830,tg,0.6511628,0.6511628,0.5813953,0.0,0.0,0.0,0.0
train,5831,tg,1.0,0.6923077,0.6585366,1.0,0.00016880487,0.00033760973,0.00033760973
train,5832,tg,0.9189189,0.6666667,0.64285713,0.0,0.0,0.00033755274,0.00033755274
train,5833,tg,0.8965517,0.8965517,0.7647059,0.0,0.0,0.0,0.0005063291
train,5834,tg,1.0,0.68085104,0.65909094,1.0,0.00016877637,0.00016877637,0.00033755274
train,5835,tg,1.0,0.8695652,0.71428573,1.0,0.00016877637,0.00033755274,0.0005063291
train,5836,tg,1.0,0.8965517,0.8965517,1.0,0.00016880487,0.00016880487,0.0010128291
train,5837,tg,0.8979592,0.67346936,0.58181816,0.0,0.0,0.0,0.00016877637
train,5838,tg,0.89285713,0.61764705,0.54285717,0.0,0.0,0.0,0.00016877637
train,5839,tg,1.0,0.8965517,0.8965517,1.0,0.00016877637,0.00016877637,0.001350211
train,5840,tg,1.0,1.0,0.8965517,1.0,0.0005063291,0.0005063291,0.0011814346
train,5841,tg,1.0,1.0,1.0,1.0,0.0008440243,0.0008440243,0.0013504389
train,5842,tg,0.85106385,0.675,0.61702126,0.0,0.0,0.0,0.00016877637
train,5843,tg,0.84375,0.6744186,0.6585366,0.0,0.0,0.0,0.0
train,5844,tg,0.79545456,0.67346936,0.63265306,0.0,0.0,0.0,0.0
train,5845,tg,0.7368421,0.7368421,0.65789473,0.0,0.0,0.0,0.0
train,5846,tg,1.0,0.6956522,0.5740741,1.0,0.00016880487,0.00016880487,0.00016880487
train,5847,tg,0.76744187,0.75,0.73913044,0.0,0.0,0.0,0.0
train,5848,tg,0.8214286,0.7419355,0.7419355,0.0,0.0,0.0,0.0
train,5849,tg,0.7209302,0.65957445,0.59615386,0.0,0.0,0.0,0.0
train,5850,tg,0.625,0.5964912,0.5344828,0.0,0.0,0.0,0.0
train,5851,tg,0.8142857,0.6111111,0.49253732,0.0,0.0,0.0,0.0
train,5852,tg,0.5952381,0.5135135,0.475,0.0,0.0,0.0,0.0
train,5853,tg,0.82051283,0.5576923,0.5272727,0.0,0.0,0.0,0.0
train,5854,tg,0.78571427,0.6862745,0.6730769,0.0,0.0,0.0,0.0
train,5855,tg,0.5692308,0.42857143,0.39473686,0.0,0.0,0.0,0.0
train,5856,tg,0.6923077,0.5964912,0.5471698,0.0,0.0,0.0,0.0
train,5857,tg,0.75,0.6458333,0.5882353,0.0,0.0,0.0,0.0
train,5858,tg,0.85714287,0.64285713,0.59183675,0.0,0.0,0.0,0.00016877637
train,5859,tg,0.81395346,0.5762712,0.537037,0.0,0.0,0.0,0.0
train,5860,tg,0.78571427,0.75,0.6530612,0.0,0.0,0.0,0.0
train,5861,tg,0.80487806,0.75,0.6530612,0.0,0.0,0.0,0.0
train,5862,tg,0.80487806,0.78571427,0.6956522,0.0,0.0,0.0,0.0
train,5863,tg,0.7647059,0.7631579,0.7027027,0.0,0.0,0.0,0.0
train,5864,tg,0.80487806,0.67346936,0.63414633,0.0,0.0,0.0,0.0
train,5865,tg,0.80487806,0.75,0.66,0.0,0.0,0.0,0.0
train,5866,tg,0.8648649,0.80487806,0.7878788,0.0,0.0,0.0,0.00016880487
train,5867,tg,0.8292683,0.7647059,0.7647059,0.0,0.0,0.0,0.0
train,5868,tg,0.78571427,0.68421054,0.6458333,0.0,0.0,0.0,0.0
train,5869,tg,0.825,0.775,0.7027027,0.0,0.0,0.0,0.0
train,5870,tg,0.825,0.7222222,0.6666667,0.0,0.0,0.0,0.0
train,5871,tg,0.76,0.5692308,0.5471698,0.0,0.0,0.0,0.0
train,5872,tg,0.7083333,0.6458333,0.63414633,0.0,0.0,0.0,0.0
train,5873,tg,0.8292683,0.8292683,0.8292683,0.0,0.0,0.0,0.0
train,5874,tg,0.7058824,0.61290324,0.5777778,0.0,0.0,0.0,0.0
train,5875,tg,0.92,0.79591835,0.75,0.0,0.0,0.00033755274,0.00033755274
train,5876,tg,1.0,0.75510204,0.7027027,1.0,0.00016880487,0.00016880487,0.00016880487
train,5877,tg,0.96,0.75510204,0.71929824,0.0,0.00016877637,0.00033755274,0.00033755274
train,5878,tg,1.0,0.75510204,0.7027027,1.0,0.00016877637,0.00016877637,0.00016877637
train,5879,tg,0.96,0.8367347,0.75510204,0.0,0.00016877637,0.00033755274,0.00033755274
train,5880,tg,0.7058824,0.61904764,0.6122449,0.0,0.0,0.0,0.0
train,5881,tg,0.53061223,0.5294118,0.5294118,0.0,0.0,0.0,0.0
train,5882,tg,0.8367347,0.79591835,0.63414633,0.0,0.0,0.0,0.0
train,5883,tg,0.8,0.6938776,0.68421054,0.0,0.0,0.0,0.0
train,5884,tg,0.7804878,0.68421054,0.68421054,0.0,0.0,0.0,0.0
train,5885,tg,0.7894737,0.7105263,0.68421054,0.0,0.0,0.0,0.0
train,5886,tg,0.86,0.7692308,0.75,0.0,0.0,0.0,0.00016880487
train,5887,tg,0.82222223,0.76744187,0.75555557,0.0,0.0,0.0,0.0
train,5888,tg,0.84782606,0.84782606,0.79591835,0.0,0.0,0.0,0.0
train,5889,tg,0.8,0.71428573,0.68421054,0.0,0.0,0.0,0.0
train,5890,tg,1.0,1.0,0.8965517,1.0,0.0005063291,0.0005063291,0.0011814346
train,5891,tg,0.8125,0.74285716,0.74285716,0.0,0.0,0.0,0.0
train,5892,tg,1.0,1.0,1.0,1.0,0.00084388186,0.00084388186,0.001350211
train,5893,tg,1.0,1.0,1.0,1.0,0.00084388186,0.00084388186,0.0015189874
train,5894,tg,1.0,0.8965517,0.8965517,1.0,0.00016877637,0.00016877637,0.001350211
train,5895,tg,1.0,1.0,0.8965517,1.0,0.0005063291,0.0005063291,0.0011814346
train,5896,tg,0.7647059,0.7027027,0.6585366,0.0,0.0,0.0,0.0
train,5897,tg,0.6666667,0.60465115,0.58536583,0.0,0.0,0.0,0.0
train,5898,tg,0.625,0.6136364,0.6136364,0.0,0.0,0.0,0.0
train,5899,tg,0.7692308,0.7692308,0.7692308,0.0,0.0,0.0,0.0
train,5900,tg,0.86538464,0.7222222,0.5,0.0,0.0,0.0,0.00016877637
train,5901,tg,1.0,0.64285713,0.625,1.0,0.00016880487,0.00016880487,0.00016880487
train,5902,tg,0.57894737,0.54,0.5272727,0.0,0.0,0.0,0.0
train,5903,tg,0.75510204,0.6181818,0.5762712,0.0,0.0,0.0,0.0
train,5904,tg,1.0,0.5862069,0.530303,1.0,0.00016877637,0.00016877637,0.00016877637
train,5905,tg,1.0,0.5862069,0.530303,1.0,0.00016877637,0.00016877637,0.00016877637
train,5906,tg,0.9032258,0.6511628,0.61538464,0.0,0.0,0.00016880487,0.00016880487
train,5907,tg,0.5952381,0.52272725,0.5,0.0,0.0,0.0,0.0
train,5908,tg,0.6875,0.4722222,0.4375,0.0,0.0,0.0,0.0
train,5909,tg,0.90625,0.4888889,0.4864865,0.0,0.0,0.00016877637,0.00016877637
train,5910,tg,1.0,0.75,0.7105263,1.0,0.00016877637,0.00016877637,0.00033755274
train,5911,tg,0.53571427,0.5,0.49122807,0.0,0.0,0.0,0.0
train,5912,tg,0.5740741,0.5263158,0.50877196,0.0,0.0,0.0,0.0
train,5913,tg,0.6981132,0.62068963,0.5714286,0.0,0.0,0.0,0.0
train,5914,tg,0.5762712,0.5263158,0.4716981,0.0,0.0,0.0,0.0
train,5915,tg,0.7058824,0.6415094,0.6037736,0.0,0.0,0.0,0.0
train,5916,tg,0.85714287,0.75,0.73170733,0.0,0.0,0.0,0.00033760973
train,5917,tg,0.86538464,0.8333333,0.5263158,0.0,0.0,0.0,0.00016877637
train,5918,tg,1.0,0.6545454,0.6545454,1.0,0.00016877637,0.00016877637,0.00016877637
train,5919,tg,0.5797101,0.5769231,0.5576923,0.0,0.0,0.0,0.0
train,5920,tg,1.0,0.6545454,0.6545454,1.0,0.00016877637,0.00016877637,0.00016877637
train,5921,tg,0.8490566,0.78431374,0.78431374,0.0,0.0,0.0,0.0
train,5922,tg,0.8611111,0.8611111,0.8378378,0.0,0.0,0.0,0.0005063291
train,5923,tg,0.9268293,0.6666667,0.5555556,0.0,0.0,0.00016877637,0.00016877637
train,5924,tg,0.81632656,0.7017544,0.5882353,0.0,0.0,0.0,0.0
train,5925,tg,0.81395346,0.6304348,0.50980395,0.0,0.0,0.0,0.0
train,5926,tg,0.9189189,0.76744187,0.7234042,0.0,0.0,0.00033760973,0.00033760973
train,5927,tg,1.0,0.84210527,0.81578946,1.0,0.00016877637,0.00033755274,0.00033755274
train,5928,tg,0.81578946,0.7647059,0.7380952,0.0,0.0,0.0,0.0
train,5929,tg,1.0,0.8965517,0.7027027,1.0,0.00033755274,0.00033755274,0.0005063291
train,5930,tg,1.0,0.82857144,0.7631579,1.0,0.00016877637,0.00016877637,0.00016877637
train,5931,tg,1.0,0.8965517,0.7027027,1.0,0.00033760973,0.00033760973,0.00050641457
train,5932,egc,0.3478261,0.34285715,0.3382353,0.0,0.0,0.0,0.0
train,5933,egc,0.47916666,0.4375,0.42372882,0.0,0.0,0.0,0.0
train,5934,egc,0.26666668,0.24271844,0.24242425,0.0,0.0,0.0,0.0
train,5935,egc,0.6,0.51724136,0.4848485,0.0,0.0,0.0,0.0
train,5936,egc,0.85,0.53846157,0.4852941,0.0,0.0,0.0,0.0
train,5937,egc,1.0,0.54347825,0.52272725,1.0,0.00016877637,0.00016877637,0.00016877637
train,5938,egc,0.9411765,0.70454544,0.6956522,0.0,0.0,0.00016877637,0.00016877637
train,5939,egc,1.0,0.8378378,0.7631579,1.0,0.00033755274,0.00033755274,0.00033755274
train,5940,egc,0.8333333,0.75,0.7297297,0.0,0.0,0.0,0.0
train,5941,egc,0.8484849,0.7,0.6944444,0.0,0.0,0.0,0.0
train,5942,egc,1.0,0.7241379,0.65625,1.0,0.00016877637,0.00016877637,0.00016877637
train,5943,egc,0.7380952,0.46,0.4528302,0.0,0.0,0.0,0.0
train,5944,egc,0.7380952,0.54347825,0.44680852,0.0,0.0,0.0,0.0
train,5945,egc,0.48,0.48,0.44,0.0,0.0,0.0,0.0
train,5946,egc,0.9574468,0.6666667,0.6,0.0,0.00016880487,0.00016880487,0.00016880487
train,5947,tg,0.34615386,0.33333334,0.30555555,0.0,0.0,0.0,0.0
train,5948,tg,0.47540984,0.45762712,0.44444445,0.0,0.0,0.0,0.0
train,5949,tg,0.5,0.24242425,0.16393442,0.0,0.0,0.0,0.0
train,5950,tg,0.6666667,0.34375,0.21052632,0.0,0.0,0.0,0.0
train,5951,tg,0.6666667,0.27027026,0.25581396,0.0,0.0,0.0,0.0
train,5952,tg,0.46666667,0.4,0.3,0.0,0.0,0.0,0.0
train,5953,tg,0.6086956,0.3478261,0.32258064,0.0,0.0,0.0,0.0
train,5954,tg,0.6086956,0.375,0.3548387,0.0,0.0,0.0,0.0
train,5955,tg,0.4375,0.3548387,0.3125,0.0,0.0,0.0,0.0
train,5956,tg,0.46666667,0.37037036,0.29032257,0.0,0.0,0.0,0.0
train,5957,tg,0.37037036,0.2962963,0.2647059,0.0,0.0,0.0,0.0
train,5958,tg,0.3255814,0.3243243,0.3243243,0.0,0.0,0.0,0.0
train,5959,tg,0.96666664,0.47727272,0.45454547,0.0,0.00016877637,0.00033755274,0.00033755274
train,5960,tg,0.96666664,0.45454547,0.36,0.0,0.00016877637,0.00033755274,0.00033755274
train,5961,tg,0.93333334,0.4318182,0.36666667,0.0,0.0,0.00033760973,0.00033760973
train,5962,tg,0.44444445,0.37037036,0.3478261,0.0,0.0,0.0,0.0
train,5963,tg,0.42222223,0.39473686,0.36,0.0,0.0,0.0,0.0
train,5964,tg,0.5869565,0.5744681,0.39215687,0.0,0.0,0.0,0.0
train,5965,tg,0.9714286,0.65,0.63414633,0.0,0.00033755274,0.00033755274,0.00033755274
train,5966,tg,1.0,0.6585366,0.6585366,1.0,0.00033760973,0.00033760973,0.00033760973
train,5967,tg,1.0,0.6585366,0.63414633,1.0,0.00033755274,0.00033755274,0.00033755274
train,5968,tg,0.7169811,0.6037736,0.5686275,0.0,0.0,0.0,0.0
train,5969,tg,0.7083333,0.5714286,0.5714286,0.0,0.0,0.0,0.0
train,5970,tg,0.5897436,0.53125,0.4883721,0.0,0.0,0.0,0.0
train,5971,tg,0.969697,0.969697,0.63414633,0.0,0.00050641457,0.00050641457,0.00050641457
train,5972,tg,1.0,0.969697,0.63414633,1.0,0.0005063291,0.0005063291,0.0005063291
train,5973,tg,1.0,0.969697,0.6585366,1.0,0.0005063291,0.0005063291,0.0005063291
train,5974,tg,1.0,0.969697,0.6585366,1.0,0.0005063291,0.0005063291,0.0005063291
train,5975,tg,0.6721311,0.6111111,0.5254237,0.0,0.0,0.0,0.0
train,5976,tg,0.63829786,0.63414633,0.5777778,0.0,0.0,0.0,0.0
train,5977,tg,0.6363636,0.5555556,0.54347825,0.0,0.0,0.0,0.0
train,5978,tg,0.57894737,0.53125,0.4883721,0.0,0.0,0.0,0.0
train,5979,tg,0.78431374,0.48,0.4057971,0.0,0.0,0.0,0.0
train,5980,tg,0.78431374,0.48979592,0.44067797,0.0,0.0,0.0,0.0
train,5981,tg,0.6052632,0.57894737,0.48979592,0.0,0.0,0.0,0.0
train,5982,tg,0.6052632,0.5151515,0.47727272,0.0,0.0,0.0,0.0
train,5983,tg,0.7446808,0.58536583,0.4680851,0.0,0.0,0.0,0.0
train,5984,tg,0.79310346,0.3888889,0.35714287,0.0,0.0,0.0,0.0
train,5985,tg,0.79310346,0.46666667,0.4074074,0.0,0.0,0.0,0.0
train,5986,tg,0.5483871,0.53571427,0.4722222,0.0,0.0,0.0,0.0
train,5987,tg,0.53571427,0.52,0.52,0.0,0.0,0.0,0.0
train,5988,tg,0.45945945,0.3809524,0.33333334,0.0,0.0,0.0,0.0
train,5989,tg,0.42857143,0.36,0.32,0.0,0.0,0.0,0.0
train,5990,tg,0.42857143,0.375,0.33333334,0.0,0.0,0.0,0.0
train,5991,tg,0.57894737,0.4117647,0.4117647,0.0,0.0,0.0,0.0
train,5992,tg,0.42857143,0.3809524,0.33333334,0.0,0.0,0.0,0.0
train,5993,tg,0.5,0.39285713,0.27586207,0.0,0.0,0.0,0.0
train,5994,tg,0.52,0.4642857,0.43333334,0.0,0.0,0.0,0.0
train,5995,tg,0.57894737,0.37931034,0.36,0.0,0.0,0.0,0.0
train,5996,tg,0.36,0.33333334,0.2580645,0.0,0.0,0.0,0.0
train,5997,egb,0.3809524,0.3125,0.2857143,0.0,0.0,0.0,0.0
train,5998,egc,0.3809524,0.3125,0.2857143,0.0,0.0,0.0,0.0
train,5999,tg,0.5294118,0.5,0.45,0.0,0.0,0.0,0.0
train,6000,tg,0.5483871,0.5151515,0.4473684,0.0,0.0,0.0,0.0
train,6001,tg,0.42857143,0.36842105,0.30769232,0.0,0.0,0.0,0.0
train,6002,tg,0.58064514,0.5625,0.5625,0.0,0.0,0.0,0.0
train,6003,tg,0.725,0.675,0.6315789,0.0,0.0,0.0,0.0
train,6004,tg,0.725,0.7,0.63414633,0.0,0.0,0.0,0.0
train,6005,tg,0.6111111,0.57894737,0.5,0.0,0.0,0.0,0.0
train,6006,tg,0.9411765,0.8888889,0.55,0.0,0.0,0.00033755274,0.0005063291
train,6007,tg,1.0,0.9411765,0.6,1.0,0.00016877637,0.0005063291,0.0005063291
train,6008,tg,1.0,0.71428573,0.6,1.0,0.00016880487,0.00033760973,0.00033760973
train,6009,tg,0.5,0.36363637,0.3529412,0.0,0.0,0.0,0.0
train,6010,tg,0.72,0.55,0.41666666,0.0,0.0,0.0,0.0
train,6011,tg,0.71428573,0.6818182,0.54545456,0.0,0.0,0.0,0.0
train,6012,tg,0.45833334,0.35714287,0.33333334,0.0,0.0,0.0,0.0
train,6013,egb,1.0,0.71428573,0.5,1.0,0.00016877637,0.00016877637,0.00016877637
train,6014,ei,1.0,0.71428573,0.5,1.0,0.00016877637,0.00016877637,0.00016877637
train,6015,tg,1.0,0.71428573,0.53333336,1.0,0.00033760973,0.00033760973,0.00033760973
train,6016,tg,0.6923077,0.46666667,0.45454547,0.0,0.0,0.0,0.0
train,6017,tg,0.7297297,0.64285713,0.5,0.0,0.0,0.0,0.0
train,6018,tg,0.7297297,0.625,0.5555556,0.0,0.0,0.0,0.0
train,6019,tg,0.41666666,0.37931034,0.37931034,0.0,0.0,0.0,0.0
train,6020,tg,1.0,0.71428573,0.5,1.0,0.00016880487,0.00016880487,0.00016880487
train,6021,tg,1.0,0.71428573,0.5,1.0,0.00016877637,0.00016877637,0.00016877637
train,6022,tg,0.55263156,0.46938777,0.46875,0.0,0.0,0.0,0.0
train,6023,tg,0.3243243,0.24390244,0.23684211,0.0,0.0,0.0,0.0
train,6024,tg,0.5625,0.28,0.26923078,0.0,0.0,0.0,0.0
train,6025,tg,0.5625,0.2857143,0.27027026,0.0,0.0,0.0,0.0
train,6026,tg,0.4375,0.3529412,0.33333334,0.0,0.0,0.0,0.0
train,6027,tg,0.6666667,0.375,0.3043478,0.0,0.0,0.0,0.0
train,6028,tg,0.8333333,0.45833334,0.31578946,0.0,0.0,0.0,0.0
train,6029,tg,0.8333333,0.5652174,0.3448276,0.0,0.0,0.0,0.0
train,6030,tg,0.5652174,0.43333334,0.37037036,0.0,0.0,0.0,0.0
train,6031,tg,0.56666666,0.56666666,0.43333334,0.0,0.0,0.0,0.0
train,6032,tg,0.575,0.42857143,0.42553192,0.0,0.0,0.0,0.0
train,6033,tg,0.55172414,0.46153846,0.44827586,0.0,0.0,0.0,0.0
train,6034,tg,0.3888889,0.35135135,0.31707317,0.0,0.0,0.0,0.0
train,6035,tg,0.75609756,0.5319149,0.37037036,0.0,0.0,0.0,0.0
train,6036,tg,0.8857143,0.61904764,0.40816328,0.0,0.0,0.0,0.00016877637
train,6037,tg,0.8857143,0.6923077,0.37142858,0.0,0.0,0.0,0.00016877637
train,6038,tg,0.6923077,0.5319149,0.39534885,0.0,0.0,0.0,0.0
train,6039,tg,0.5,0.44827586,0.4375,0.0,0.0,0.0,0.0
train,6040,tg,0.55172414,0.4848485,0.3888889,0.0,0.0,0.0,0.0
train,6041,tg,0.3888889,0.33333334,0.30769232,0.0,0.0,0.0,0.0
train,6042,tg,0.4722222,0.36842105,0.33333334,0.0,0.0,0.0,0.0
train,6043,tg,0.5185185,0.48387095,0.4722222,0.0,0.0,0.0,0.0
train,6044,tg,0.30769232,0.29268292,0.2857143,0.0,0.0,0.0,0.0
train,6045,tg,0.6363636,0.3548387,0.32352942,0.0,0.0,0.0,0.0
train,6046,tg,0.6363636,0.375,0.36363637,0.0,0.0,0.0,0.0
train,6047,tg,0.6333333,0.4516129,0.41935483,0.0,0.0,0.0,0.0
train,6048,tg,0.94871795,0.52,0.40350878,0.0,0.0,0.00016877637,0.00016877637
train,6049,tg,0.79591835,0.5423729,0.5,0.0,0.0,0.0,0.0
train,6050,tg,0.94871795,0.5,0.43396226,0.0,0.0,0.00016880487,0.00016880487
train,6051,tg,0.47058824,0.4,0.325,0.0,0.0,0.0,0.0
train,6052,tg,0.61290324,0.36363637,0.34146342,0.0,0.0,0.0,0.0
train,6053,tg,0.6333333,0.53125,0.4375,0.0,0.0,0.0,0.0
train,6054,tg,0.4375,0.27272728,0.26923078,0.0,0.0,0.0,0.0
train,6055,tg,0.6666667,0.43333334,0.4,0.0,0.0,0.0,0.0
train,6056,tg,0.6896552,0.51724136,0.3783784,0.0,0.0,0.0,0.0
train,6057,tg,0.6896552,0.43333334,0.3939394,0.0,0.0,0.0,0.0
train,6058,tg,0.6060606,0.5833333,0.3611111,0.0,0.0,0.0,0.0
train,6059,tg,0.6969697,0.5833333,0.3469388,0.0,0.0,0.0,0.0
train,6060,tg,0.6969697,0.42307693,0.41935483,0.0,0.0,0.0,0.0
train,6061,egc,0.33333334,0.2647059,0.26190478,0.0,0.0,0.0,0.0
train,6062,egc,0.38235295,0.35714287,0.32142857,0.0,0.0,0.0,0.0
train,6063,egc,0.5,0.35714287,0.32,0.0,0.0,0.0,0.0
train,6064,egc,0.9375,0.25,0.24,0.0,0.0,0.00016877637,0.00016877637
train,6065,egc,0.9375,0.2413793,0.23076923,0.0,0.0,0.00016880487,0.00016880487
train,6066,tg,0.8979592,0.5205479,0.45762712,0.0,0.0,0.0,0.00016877637
train,6067,tg,0.8979592,0.5584416,0.5064935,0.0,0.0,0.0,0.00016877637
train,6068,tg,0.8611111,0.6315789,0.53521127,0.0,0.0,0.0,0.00016877637
train,6069,tg,0.8611111,0.6103896,0.5205479,0.0,0.0,0.0,0.00016877637
train,6070,tg,0.68292683,0.65822786,0.4935065,0.0,0.0,0.0,0.0
train,6071,tg,0.64285713,0.42105263,0.41584158,0.0,0.0,0.0,0.0
train,6072,tg,0.9130435,0.9130435,0.7058824,0.0,0.0,0.0005063291,0.0006751055
train,6073,tg,1.0,0.9767442,0.76,1.0,0.0005063291,0.0006751055,0.0006751055
train,6074,tg,1.0,0.9767442,0.76,1.0,0.0005063291,0.0006751055,0.0006751055
train,6075,tg,1.0,0.9767442,0.76,1.0,0.00050641457,0.00067521946,0.00067521946
train,6076,tg,0.9767442,0.9767442,0.74509805,0.0,0.0005063291,0.0005063291,0.0006751055
train,6077,tg,0.72,0.7,0.7,0.0,0.0,0.0,0.0
train,6078,tg,0.7291667,0.71428573,0.7058824,0.0,0.0,0.0,0.0
train,6079,tg,0.6888889,0.61702126,0.59090906,0.0,0.0,0.0,0.0
train,6080,tg,1.0,0.61702126,0.5882353,1.0,0.00016880487,0.00016880487,0.00016880487
train,6081,tg,0.625,0.625,0.625,0.0,0.0,0.0,0.0
train,6082,egc,1.0,0.7619048,0.61538464,1.0,0.00016877637,0.00016877637,0.00016877637
train,6083,egc,0.7777778,0.58181816,0.5283019,0.0,0.0,0.0,0.0
train,6084,egc,1.0,0.74545455,0.6440678,1.0,0.00016877637,0.00016877637,0.00016877637
train,6085,egc,0.31578946,0.28,0.225,0.0,0.0,0.0,0.0
train,6086,tg,0.9444444,0.9423077,0.8545455,0.0,0.0,0.0006751055,0.00084388186
train,6087,tg,0.9444444,0.9245283,0.8909091,0.0,0.0,0.0006751055,0.00084388186
train,6088,tg,1.0,0.9423077,0.9,1.0,0.00033755274,0.0006751055,0.0011814346
train,6089,tg,1.0,0.9423077,0.9,1.0,0.00033755274,0.0006751055,0.0011814346
train,6090,tg,0.98,0.9245283,0.88235295,0.0,0.00033760973,0.00067521946,0.0013504389
train,6091,tg,0.9056604,0.9019608,0.8867925,0.0,0.0,0.0005063291,0.0011814346
train,6092,tg,0.92,0.9056604,0.8679245,0.0,0.0,0.0005063291,0.0011814346
train,6093,tg,1.0,0.9019608,0.88235295,1.0,0.00016877637,0.0005063291,0.00084388186
train,6094,tg,1.0,0.9019608,0.88235295,1.0,0.00016877637,0.0005063291,0.00084388186
train,6095,tg,0.64102566,0.2982456,0.28,0.0,0.0,0.0,0.0
train,6096,tg,0.64102566,0.38297874,0.3488372,0.0,0.0,0.0,0.0
train,6097,tg,1.0,0.5277778,0.5,1.0,0.00016877637,0.00016877637,0.00016877637
train,6098,tg,0.70212764,0.63265306,0.5416667,0.0,0.0,0.0,0.0
train,6099,tg,0.6956522,0.6923077,0.66,0.0,0.0,0.0,0.0
train,6100,tg,0.51724136,0.39285713,0.36363637,0.0,0.0,0.0,0.0
train,6101,tg,1.0,0.53846157,0.53571427,1.0,0.00033755274,0.00033755274,0.00033755274
train,6102,tg,1.0,0.53846157,0.53571427,1.0,0.00033755274,0.00033755274,0.00033755274
train,6103,tg,1.0,0.53846157,0.53571427,1.0,0.00033755274,0.00033755274,0.00033755274
train,6104,tg,0.67391306,0.67391306,0.63793105,0.0,0.0,0.0,0.0
train,6105,tg,0.5,0.5,0.48979592,0.0,0.0,0.0,0.0
train,6106,tg,1.0,1.0,0.6,1.0,0.0005063291,0.0005063291,0.0005063291
train,6107,tg,1.0,1.0,0.5405405,1.0,0.0005063291,0.0005063291,0.0005063291
train,6108,tg,1.0,0.67391306,0.5405405,1.0,0.00033755274,0.00033755274,0.00033755274
train,6109,tg,0.5405405,0.5405405,0.516129,0.0,0.0,0.0,0.0
train,6110,tg,0.63793105,0.42857143,0.42857143,0.0,0.0,0.0,0.0
train,6111,tg,0.51428574,0.41666666,0.4,0.0,0.0,0.0,0.0
train,6112,tg,0.47058824,0.38666666,0.3783784,0.0,0.0,0.0,0.0
train,6113,tg,0.38666666,0.3272727,0.30666667,0.0,0.0,0.0,0.0
train,6114,tg,0.60714287,0.5483871,0.51724136,0.0,0.0,0.0,0.0
train,6115,tg,0.5483871,0.45945945,0.3939394,0.0,0.0,0.0,0.0
train,6116,tg,0.5625,0.45945945,0.44444445,0.0,0.0,0.0,0.0
train,6117,tg,0.60714287,0.5925926,0.53125,0.0,0.0,0.0,0.0
train,6118,tg,1.0,0.4,0.37931034,1.0,0.00016877637,0.00016877637,0.00016877637
train,6119,tg,0.47368422,0.45652175,0.45454547,0.0,0.0,0.0,0.0
train,6120,tg,0.8,0.75,0.6530612,0.0,0.0,0.0,0.0
train,6121,tg,0.75,0.63829786,0.5625,0.0,0.0,0.0,0.0
train,6122,tg,0.825,0.825,0.80487806,0.0,0.0,0.0,0.0
train,6123,tg,1.0,1.0,0.972973,1.0,0.0010126582,0.0010126582,0.0016877637
train,6124,tg,0.972973,0.972973,0.972973,0.0,0.00084388186,0.0010126582,0.0016877637
train,6125,tg,1.0,0.6103896,0.597561,1.0,0.00016880487,0.00016880487,0.00016880487
train,6126,tg,1.0,0.65,0.6075949,1.0,0.00016877637,0.00016877637,0.00016877637
train,6127,tg,0.85507244,0.56060606,0.5543478,0.0,0.0,0.0,0.00016877637
train,6128,tg,0.85507244,0.6164383,0.6052632,0.0,0.0,0.0,0.00016877637
train,6129,tg,0.8450704,0.7307692,0.5176471,0.0,0.0,0.0,0.0
train,6130,tg,0.7380952,0.61627907,0.58426964,0.0,0.0,0.0,0.0
train,6131,tg,1.0,0.7631579,0.7631579,1.0,0.00016877637,0.00016877637,0.00033755274
train,6132,tg,0.71428573,0.64285713,0.5675676,0.0,0.0,0.0,0.0
train,6133,tg,0.85714287,0.85714287,0.79545456,0.0,0.0,0.0,0.0005063291
train,6134,tg,1.0,0.8055556,0.8055556,1.0,0.00016877637,0.00016877637,0.00016877637
train,6135,tg,1.0,1.0,0.8974359,1.0,0.00050641457,0.00050641457,0.0013504389
train,6136,tg,1.0,0.8378378,0.8378378,1.0,0.00033755274,0.00033755274,0.00033755274
train,6137,tg,0.9285714,0.61764705,0.6031746,0.0,0.0,0.00016877637,0.00016877637
train,6138,tg,0.9285714,0.6229508,0.6119403,0.0,0.0,0.00016877637,0.00016877637
train,6139,tg,0.83870965,0.6056338,0.5833333,0.0,0.0,0.0,0.0
train,6140,tg,0.8979592,0.73333335,0.6507937,0.0,0.0,0.0,0.00016880487
train,6141,tg,0.779661,0.69491524,0.61904764,0.0,0.0,0.0,0.0
train,6142,tg,0.7719298,0.73333335,0.6935484,0.0,0.0,0.0,0.0
train,6143,tg,0.8979592,0.7090909,0.67241377,0.0,0.0,0.0,0.00016877637
train,6144,tg,0.76666665,0.73770493,0.67241377,0.0,0.0,0.0,0.0
train,6145,tg,0.7777778,0.7457627,0.69491524,0.0,0.0,0.0,0.0
train,6146,tg,0.8305085,0.7719298,0.71428573,0.0,0.0,0.0,0.0
train,6147,tg,0.8305085,0.7758621,0.73770493,0.0,0.0,0.0,0.0
train,6148,tg,0.84615386,0.75,0.6935484,0.0,0.0,0.0,0.0
train,6149,tg,0.84615386,0.7777778,0.7719298,0.0,0.0,0.0,0.0
train,6150,tg,0.71428573,0.61904764,0.59090906,0.0,0.0,0.0,0.0
train,6151,tg,0.76666665,0.73770493,0.6885246,0.0,0.0,0.0,0.0
train,6152,tg,0.7777778,0.7457627,0.66129035,0.0,0.0,0.0,0.0
train,6153,tg,0.8305085,0.7719298,0.71428573,0.0,0.0,0.0,0.0
train,6154,tg,0.8305085,0.8,0.73770493,0.0,0.0,0.0,0.0
train,6155,tg,0.84615386,0.72131145,0.6935484,0.0,0.0,0.0,0.0
train,6156,tg,0.84615386,0.7777778,0.7358491,0.0,0.0,0.0,0.0
train,6157,tg,0.43137255,0.375,0.37037036,0.0,0.0,0.0,0.0
train,6158,tg,0.7346939,0.4680851,0.3898305,0.0,0.0,0.0,0.0
train,6159,tg,0.5,0.3529412,0.34210527,0.0,0.0,0.0,0.0
train,6160,tg,0.8269231,0.704918,0.6785714,0.0,0.0,0.0,0.0
train,6161,tg,0.8,0.6166667,0.55172414,0.0,0.0,0.0,0.0
train,6162,tg,0.8245614,0.704918,0.59016395,0.0,0.0,0.0,0.0
train,6163,tg,0.8,0.63793105,0.5714286,0.0,0.0,0.0,0.0
train,6164,tg,0.8269231,0.7288136,0.6825397,0.0,0.0,0.0,0.0
train,6165,tg,0.76666665,0.6166667,0.52238804,0.0,0.0,0.0,0.0
train,6166,tg,0.76785713,0.6825397,0.6615385,0.0,0.0,0.0,0.0
train,6167,tg,0.8269231,0.76785713,0.55737704,0.0,0.0,0.0,0.0
train,6168,tg,0.47435898,0.42857143,0.4057971,0.0,0.0,0.0,0.0
train,6169,tg,0.33898306,0.32857144,0.32352942,0.0,0.0,0.0,0.0
train,6170,tg,0.8888889,0.3272727,0.3148148,0.0,0.0,0.0,0.00016880487
train,6171,tg,0.8888889,0.30985916,0.3090909,0.0,0.0,0.0,0.00016877637
train,6172,egc,0.6666667,0.47368422,0.38297874,0.0,0.0,0.0,0.0
train,6173,egc,0.6666667,0.41304347,0.3181818,0.0,0.0,0.0,0.0
train,6174,egc,0.5185185,0.4722222,0.31578946,0.0,0.0,0.0,0.0
train,6175,egc,0.425,0.32142857,0.3030303,0.0,0.0,0.0,0.0
train,6176,egc,0.6111111,0.6111111,0.6111111,0.0,0.0,0.0,0.0
train,6177,egc,0.64285713,0.4864865,0.4117647,0.0,0.0,0.0,0.0
train,6178,egc,0.64285713,0.4864865,0.38709676,0.0,0.0,0.0,0.0
train,6179,egc,1.0,0.5319149,0.5,1.0,0.00016877637,0.00016877637,0.00016877637
train,6180,egc,1.0,0.5,0.5,1.0,0.00016880487,0.00016880487,0.00016880487
train,6181,egc,0.6296296,0.4722222,0.41935483,0.0,0.0,0.0,0.0
train,6182,egc,0.6226415,0.46938777,0.4509804,0.0,0.0,0.0,0.0
train,6183,egc,0.6226415,0.5,0.4920635,0.0,0.0,0.0,0.0
train,6184,egb,0.5652174,0.4,0.3265306,0.0,0.0,0.0,0.0
train,6185,egc,0.5652174,0.4,0.3265306,0.0,0.0,0.0,0.0
train,6186,egc,0.55263156,0.4864865,0.45,0.0,0.0,0.0,0.0
train,6187,egc,0.35,0.33333334,0.328125,0.0,0.0,0.0,0.0
train,6188,egc,1.0,0.6875,0.60465115,1.0,0.00016877637,0.00016877637,0.00016877637
train,6189,egb,0.44,0.37931034,0.375,0.0,0.0,0.0,0.0
train,6190,egc,0.44,0.37931034,0.375,0.0,0.0,0.0,0.0
train,6191,egc,0.55813956,0.42,0.4047619,0.0,0.0,0.0,0.0
train,6192,egc,0.55813956,0.47727272,0.46938777,0.0,0.0,0.0,0.0
train,6193,egc,0.3846154,0.3125,0.30645162,0.0,0.0,0.0,0.0
train,6194,egc,1.0,0.41860464,0.4090909,1.0,0.00016880487,0.00016880487,0.00016880487
train,6195,egc,0.425,0.38709676,0.37037036,0.0,0.0,0.0,0.0
train,6196,egc,0.4074074,0.37037036,0.34615386,0.0,0.0,0.0,0.0
train,6197,egc,0.48,0.44,0.42857143,0.0,0.0,0.0,0.0
train,6198,egc,1.0,0.62222224,0.61904764,1.0,0.00016877637,0.00016877637,0.00016877637
train,6199,egc,0.46753246,0.43283582,0.42592594,0.0,0.0,0.0,0.0
train,6200,egc,0.41304347,0.36842105,0.34146342,0.0,0.0,0.0,0.0
train,6201,egc,0.5185185,0.34285715,0.31428573,0.0,0.0,0.0,0.0
train,6202,egc,0.5925926,0.5,0.46875,0.0,0.0,0.0,0.0
train,6203,egc,0.5641026,0.5641026,0.42553192,0.0,0.0,0.0,0.0
train,6204,egc,1.0,0.6111111,0.55172414,1.0,0.00016880487,0.00016880487,0.00016880487
train,6205,egc,0.56,0.53731346,0.5147059,0.0,0.0,0.0,0.0
train,6206,egc,0.6296296,0.6296296,0.60714287,0.0,0.0,0.0,0.0
train,6207,egc,0.5277778,0.5277778,0.5135135,0.0,0.0,0.0,0.0
train,6208,egc,1.0,0.88461536,0.88461536,1.0,0.00016877637,0.00033755274,0.0011814346
train,6209,egc,0.96,0.96,0.96,0.0,0.0010128291,0.001181634,0.001181634
train,6210,egc,1.0,0.5,0.5,1.0,0.00016877637,0.00016877637,0.00016877637
train,6211,egc,1.0,1.0,1.0,1.0,0.0010126582,0.0010126582,0.001350211
train,6212,egc,0.7241379,0.7241379,0.7241379,0.0,0.0,0.0,0.0
train,6213,egc,1.0,1.0,1.0,1.0,0.0010126582,0.0010126582,0.0011814346
train,6214,egc,0.6,0.6,0.6,0.0,0.0,0.0,0.0
train,6215,egc,1.0,0.5,0.5,1.0,0.00016877637,0.00016877637,0.00016877637
train,6216,egc,0.61702126,0.5,0.5,0.0,0.0,0.0,0.0
train,6217,egc,0.61702126,0.5365854,0.5365854,0.0,0.0,0.0,0.0
train,6218,egc,0.5769231,0.4375,0.4375,0.0,0.0,0.0,0.0
train,6219,egc,1.0,1.0,1.0,1.0,0.0010128291,0.0010128291,0.001181634
train,6220,egc,0.5576923,0.5365854,0.5365854,0.0,0.0,0.0,0.0
train,6221,egc,1.0,0.5641026,0.5,1.0,0.00033755274,0.00033755274,0.00033755274
train,6222,egc,1.0,1.0,1.0,1.0,0.0011814346,0.0011814346,0.0015189874
train,6223,egc,0.78431374,0.6875,0.4909091,0.0,0.0,0.0,0.0
train,6224,egc,0.5147059,0.42028984,0.36619717,0.0,0.0,0.0,0.0
train,6225,egc,1.0,0.5,0.5,1.0,0.00016877637,0.00016877637,0.00016877637
train,6226,egc,0.4864865,0.42222223,0.34146342,0.0,0.0,0.0,0.0
train,6227,egc,1.0,0.6862745,0.5,1.0,0.00016877637,0.00016877637,0.00016877637
train,6228,egc,0.55172414,0.53125,0.5151515,0.0,0.0,0.0,0.0
train,6229,egc,0.75555557,0.4909091,0.45614034,0.0,0.0,0.0,0.0
train,6230,egc,0.75555557,0.6122449,0.6111111,0.0,0.0,0.0,0.0
train,6231,egc,0.53333336,0.53333336,0.53333336,0.0,0.0,0.0,0.0
train,6232,egc,1.0,0.5277778,0.4651163,1.0,0.00016877637,0.00016877637,0.00016877637
train,6233,egc,0.6666667,0.54285717,0.41463414,0.0,0.0,0.0,0.0
train,6234,egc,0.6666667,0.5277778,0.43243244,0.0,0.0,0.0,0.0
train,6235,egc,0.4047619,0.3478261,0.3255814,0.0,0.0,0.0,0.0
train,6236,egc,0.62857145,0.52272725,0.3888889,0.0,0.0,0.0,0.0
train,6237,egc,0.62857145,0.57894737,0.5,0.0,0.0,0.0,0.0
train,6238,egc,0.52272725,0.44,0.4,0.0,0.0,0.0,0.0
train,6239,egc,0.5,0.5,0.42857143,0.0,0.0,0.0,0.0
train,6240,egc,1.0,0.64102566,0.5952381,1.0,0.00033755274,0.00033755274,0.00033755274
train,6241,egc,1.0,0.5952381,0.55,1.0,0.00016877637,0.00016877637,0.00016877637
train,6242,tg,0.6136364,0.5121951,0.4878049,0.0,0.0,0.0,0.0
train,6243,tg,0.4375,0.4375,0.42307693,0.0,0.0,0.0,0.0
train,6244,tg,0.73333335,0.6458333,0.62,0.0,0.0,0.0,0.0
train,6245,tg,0.5641026,0.47916666,0.41509435,0.0,0.0,0.0,0.0
train,6246,tg,0.8235294,0.7368421,0.6666667,0.0,0.0,0.0,0.0
train,6247,tg,0.9032258,0.45901638,0.44444445,0.0,0.0,0.00016877637,0.00016877637
train,6248,tg,0.9032258,0.39726028,0.375,0.0,0.0,0.00016877637,0.00016877637
train,6249,tg,0.67391306,0.6530612,0.63461536,0.0,0.0,0.0,0.0
train,6250,tg,0.8181818,0.6666667,0.6111111,0.0,0.0,0.0,0.0
train,6251,tg,0.7924528,0.68085104,0.6111111,0.0,0.0,0.0,0.0
train,6252,tg,0.7924528,0.61538464,0.5714286,0.0,0.0,0.0,0.0
train,6253,tg,0.8181818,0.7368421,0.63265306,0.0,0.0,0.0,0.0
train,6254,tg,0.58181816,0.5423729,0.5151515,0.0,0.0,0.0,0.0
train,6255,tg,1.0,0.7631579,0.72727275,1.0,0.00016877637,0.00016877637,0.00016877637
train,6256,tg,0.7631579,0.70731705,0.5625,0.0,0.0,0.0,0.0
train,6257,tg,0.70731705,0.6904762,0.54761904,0.0,0.0,0.0,0.0
train,6258,tg,1.0,0.7631579,0.6904762,1.0,0.00016877637,0.00016877637,0.00016877637
train,6259,tg,0.72727275,0.6666667,0.63265306,0.0,0.0,0.0,0.0
train,6260,tg,0.5671642,0.53333336,0.5,0.0,0.0,0.0,0.0
train,6261,tg,0.6530612,0.6481481,0.5671642,0.0,0.0,0.0,0.0
train,6262,tg,0.5625,0.46875,0.41791046,0.0,0.0,0.0,0.0
train,6263,tg,0.46296296,0.44642857,0.41666666,0.0,0.0,0.0,0.0
train,6264,tg,0.79310346,0.5,0.32352942,0.0,0.0,0.0,0.0
train,6265,tg,0.79310346,0.4827586,0.4,0.0,0.0,0.0,0.0
train,6266,tg,0.69491524,0.5967742,0.4385965,0.0,0.0,0.0,0.0
train,6267,tg,0.69491524,0.5967742,0.56060606,0.0,0.0,0.0,0.0
train,6268,tg,0.88235295,0.7894737,0.7307692,0.0,0.0,0.0,0.00016877637
train,6269,tg,0.9574468,0.88235295,0.66071427,0.0,0.00016880487,0.00016880487,0.00050641457
train,6270,tg,0.88235295,0.7894737,0.6333333,0.0,0.0,0.0,0.00016877637
train,6271,tg,0.9574468,0.8490566,0.5967742,0.0,0.00016877637,0.00016877637,0.00016877637
train,6272,tg,0.75510204,0.5192308,0.5090909,0.0,0.0,0.0,0.0
train,6273,tg,0.6721311,0.5689655,0.5535714,0.0,0.0,0.0,0.0
train,6274,tg,0.6721311,0.54385966,0.53333336,0.0,0.0,0.0,0.0
train,6275,tg,0.75510204,0.62222224,0.59574467,0.0,0.0,0.0,0.0
train,6276,tg,0.71153843,0.6851852,0.63461536,0.0,0.0,0.0,0.0
train,6277,tg,0.7123288,0.5833333,0.56164384,0.0,0.0,0.0,0.0
train,6278,tg,0.77922076,0.68,0.5875,0.0,0.0,0.0,0.0
train,6279,tg,0.77922076,0.6219512,0.6,0.0,0.0,0.0,0.0
train,6280,tg,0.7017544,0.6571429,0.64179105,0.0,0.0,0.0,0.0
train,6281,tg,0.8181818,0.75555557,0.71428573,0.0,0.0,0.0,0.0
train,6282,tg,0.65217394,0.39215687,0.36206895,0.0,0.0,0.0,0.0
train,6283,tg,1.0,0.82222223,0.73333335,1.0,0.00016877637,0.00016877637,0.00016877637
train,6284,tg,0.7380952,0.70454544,0.6744186,0.0,0.0,0.0,0.0
train,6285,tg,0.7258065,0.64912283,0.6268657,0.0,0.0,0.0,0.0
train,6286,tg,0.7258065,0.7090909,0.67241377,0.0,0.0,0.0,0.0
train,6287,tg,0.8181818,0.7826087,0.7058824,0.0,0.0,0.0,0.0
train,6288,tg,0.75555557,0.71153843,0.70454544,0.0,0.0,0.0,0.0
train,6289,tg,0.8214286,0.8181818,0.61403507,0.0,0.0,0.0,0.0
train,6290,tg,0.9183673,0.8214286,0.6862745,0.0,0.0,0.00033755274,0.00033755274
train,6291,tg,0.8363636,0.81666666,0.71428573,0.0,0.0,0.0,0.0
train,6292,tg,1.0,0.8363636,0.71428573,1.0,0.00016877637,0.00033755274,0.00033755274
train,6293,tg,0.7916667,0.75510204,0.71428573,0.0,0.0,0.0,0.0
train,6294,tg,0.8695652,0.82222223,0.75510204,0.0,0.0,0.0,0.00016880487
train,6295,tg,0.7368421,0.6181818,0.58928573,0.0,0.0,0.0,0.0
train,6296,tg,0.71428573,0.7,0.6603774,0.0,0.0,0.0,0.0
train,6297,tg,0.79545456,0.7777778,0.76086956,0.0,0.0,0.0,0.0
train,6298,tg,0.8604651,0.82608694,0.75,0.0,0.0,0.0,0.00016877637
train,6299,tg,0.59016395,0.5810811,0.5588235,0.0,0.0,0.0,0.0
train,6300,tg,0.73913044,0.64615387,0.5822785,0.0,0.0,0.0,0.0
train,6301,tg,0.6136364,0.5473684,0.5070422,0.0,0.0,0.0,0.0
train,6302,tg,0.76744187,0.73333335,0.71428573,0.0,0.0,0.0,0.0
train,6303,tg,0.73913044,0.5555556,0.5362319,0.0,0.0,0.0,0.0
train,6304,tg,0.765625,0.6621622,0.6111111,0.0,0.0,0.0,0.0
train,6305,tg,0.9245283,0.7037037,0.6666667,0.0,0.0,0.00016877637,0.00016877637
train,6306,tg,0.8979592,0.7647059,0.7017544,0.0,0.0,0.0,0.00016877637
train,6307,tg,0.9245283,0.7017544,0.65,0.0,0.0,0.00016877637,0.00016877637
train,6308,tg,0.75,0.7058824,0.6792453,0.0,0.0,0.0,0.0
train,6309,tg,0.7419355,0.6779661,0.6545454,0.0,0.0,0.0,0.0
train,6310,tg,0.8867925,0.6666667,0.6415094,0.0,0.0,0.0,0.00016877637
train,6311,tg,0.8867925,0.7118644,0.6181818,0.0,0.0,0.0,0.00016877637
train,6312,tg,0.8596491,0.64615387,0.6451613,0.0,0.0,0.0,0.00016877637
train,6313,tg,0.8596491,0.71153843,0.6545454,0.0,0.0,0.0,0.00016877637
train,6314,tg,0.8979592,0.75438595,0.6935484,0.0,0.0,0.0,0.00033760973
train,6315,tg,0.875,0.8125,0.7826087,0.0,0.0,0.0,0.00016877637
train,6316,tg,0.75555557,0.7173913,0.66,0.0,0.0,0.0,0.0
train,6317,tg,0.73333335,0.5824176,0.53424656,0.0,0.0,0.0,0.0
train,6318,tg,0.73333335,0.61290324,0.5555556,0.0,0.0,0.0,0.0
train,6319,tg,0.8181818,0.7826087,0.71153843,0.0,0.0,0.0,0.0
train,6320,tg,0.8196721,0.56666666,0.53968257,0.0,0.0,0.0,0.0
train,6321,tg,0.8196721,0.6666667,0.64179105,0.0,0.0,0.0,0.0
train,6322,tg,0.8125,0.7222222,0.6666667,0.0,0.0,0.0,0.0
train,6323,tg,0.68,0.67391306,0.6363636,0.0,0.0,0.0,0.0
train,6324,tg,0.6567164,0.64615387,0.6333333,0.0,0.0,0.0,0.0
train,6325,tg,0.70689654,0.6567164,0.6231884,0.0,0.0,0.0,0.0
train,6326,tg,0.8695652,0.82222223,0.75,0.0,0.0,0.0,0.00016877637
train,6327,tg,0.74509805,0.74509805,0.6481481,0.0,0.0,0.0,0.0
train,6328,tg,0.71428573,0.6909091,0.6181818,0.0,0.0,0.0,0.0
train,6329,tg,0.71428573,0.578125,0.53968257,0.0,0.0,0.0,0.0
train,6330,tg,0.7586207,0.57843137,0.54651165,0.0,0.0,0.0,0.0
train,6331,tg,0.7916667,0.7446808,0.7234042,0.0,0.0,0.0,0.0
train,6332,tg,0.8923077,0.6769231,0.62857145,0.0,0.0,0.0,0.00016877637
train,6333,tg,0.8923077,0.73333335,0.65625,0.0,0.0,0.0,0.00016877637
train,6334,tg,0.81395346,0.75,0.73333335,0.0,0.0,0.0,0.0
train,6335,tg,0.62711865,0.57377046,0.5689655,0.0,0.0,0.0,0.0
train,6336,tg,0.6984127,0.63492066,0.6333333,0.0,0.0,0.0,0.0
train,6337,tg,0.7468355,0.525,0.49411765,0.0,0.0,0.0,0.0
train,6338,tg,0.75,0.54444444,0.5,0.0,0.0,0.0,0.0
train,6339,tg,0.75,0.52,0.5194805,0.0,0.0,0.0,0.0
train,6340,tg,0.8630137,0.8630137,0.8181818,0.0,0.0,0.0,0.0005063291
train,6341,tg,0.7692308,0.5824176,0.49333334,0.0,0.0,0.0,0.0
train,6342,tg,0.7692308,0.6315789,0.5507246,0.0,0.0,0.0,0.0
train,6343,tg,0.8196721,0.6721311,0.6507937,0.0,0.0,0.0,0.0
train,6344,tg,0.6020408,0.5392157,0.5247525,0.0,0.0,0.0,0.0
train,6345,tg,0.84782606,0.84090906,0.76086956,0.0,0.0,0.0,0.0
train,6346,tg,0.84444445,0.73913044,0.7234042,0.0,0.0,0.0,0.0
train,6347,tg,0.82,0.76,0.7291667,0.0,0.0,0.0,0.0
train,6348,tg,0.84444445,0.7916667,0.7777778,0.0,0.0,0.0,0.0
train,6349,tg,0.8333333,0.70212764,0.6938776,0.0,0.0,0.0,0.0
train,6350,tg,0.8333333,0.7708333,0.7708333,0.0,0.0,0.0,0.0
train,6351,tg,0.877551,0.8076923,0.7407407,0.0,0.0,0.0,0.00016877637
train,6352,tg,0.7916667,0.7906977,0.75,0.0,0.0,0.0,0.0
train,6353,tg,0.7826087,0.75,0.6875,0.0,0.0,0.0,0.0
train,6354,tg,0.8181818,0.73333335,0.73333335,0.0,0.0,0.0,0.0
train,6355,tg,0.7619048,0.6231884,0.5833333,0.0,0.0,0.0,0.0
train,6356,tg,0.765625,0.671875,0.66101694,0.0,0.0,0.0,0.0
train,6357,tg,0.7638889,0.75,0.69135803,0.0,0.0,0.0,0.0
train,6358,tg,0.98333335,0.83870965,0.8194444,0.0,0.00033755274,0.00033755274,0.00033755274
train,6359,tg,0.9672131,0.87096775,0.82539684,0.0,0.00033760973,0.00033760973,0.00067521946
train,6360,tg,0.85915494,0.8194444,0.75,0.0,0.0,0.0,0.00016877637
train,6361,tg,0.80597013,0.7941176,0.739726,0.0,0.0,0.0,0.0
train,6362,tg,0.8028169,0.75342464,0.739726,0.0,0.0,0.0,0.0
train,6363,tg,0.75510204,0.70454544,0.67391306,0.0,0.0,0.0,0.0
train,6364,tg,0.71428573,0.671875,0.65625,0.0,0.0,0.0,0.0
train,6365,tg,0.72727275,0.71428573,0.7058824,0.0,0.0,0.0,0.0
train,6366,tg,1.0,0.7111111,0.6923077,1.0,0.00016877637,0.00016877637,0.00016877637
train,6367,tg,0.6785714,0.65,0.63461536,0.0,0.0,0.0,0.0
train,6368,tg,0.8833333,0.6969697,0.67741936,0.0,0.0,0.0,0.00016877637
train,6369,tg,0.8833333,0.796875,0.7936508,0.0,0.0,0.0,0.00016880487
train,6370,tg,0.75384617,0.73015875,0.65625,0.0,0.0,0.0,0.0
train,6371,tg,0.78688526,0.73770493,0.6617647,0.0,0.0,0.0,0.0
train,6372,tg,0.8181818,0.73770493,0.71929824,0.0,0.0,0.0,0.0
train,6373,tg,0.75409836,0.73770493,0.7222222,0.0,0.0,0.0,0.0
train,6374,tg,0.8153846,0.78125,0.75384617,0.0,0.0,0.0,0.0
train,6375,tg,0.8235294,0.67142856,0.6666667,0.0,0.0,0.0,0.0
train,6376,tg,0.8235294,0.7741935,0.73015875,0.0,0.0,0.0,0.0
train,6377,tg,0.75384617,0.7368421,0.73134327,0.0,0.0,0.0,0.0
train,6378,tg,0.78431374,0.7719298,0.7368421,0.0,0.0,0.0,0.0
train,6379,tg,0.79518074,0.5888889,0.5473684,0.0,0.0,0.0,0.0
train,6380,tg,0.8181818,0.7735849,0.75438595,0.0,0.0,0.0,0.0
train,6381,tg,0.8292683,0.77272725,0.75555557,0.0,0.0,0.0,0.0
train,6382,tg,1.0,0.81395346,0.8,1.0,0.00016877637,0.00016877637,0.00016877637
train,6383,tg,0.7183099,0.6666667,0.6060606,0.0,0.0,0.0,0.0
train,6384,tg,0.8181818,0.78431374,0.74545455,0.0,0.0,0.0,0.0
train,6385,tg,0.875,0.8196721,0.70689654,0.0,0.0,0.0,0.00033755274
train,6386,tg,0.7125,0.68421054,0.64444447,0.0,0.0,0.0,0.0
train,6387,tg,0.7258065,0.7083333,0.68421054,0.0,0.0,0.0,0.0
train,6388,tg,0.7083333,0.6923077,0.6212121,0.0,0.0,0.0,0.0
train,6389,tg,0.7777778,0.72727275,0.7209302,0.0,0.0,0.0,0.0
train,6390,tg,0.7777778,0.7708333,0.7659575,0.0,0.0,0.0,0.0
train,6391,tg,0.84444445,0.65217394,0.41269842,0.0,0.0,0.0,0.0
train,6392,tg,0.84444445,0.44642857,0.390625,0.0,0.0,0.0,0.0
train,6393,tg,0.80487806,0.73333335,0.73333335,0.0,0.0,0.0,0.0
train,6394,tg,0.71428573,0.67391306,0.6730769,0.0,0.0,0.0,0.0
train,6395,tg,0.9166667,0.75510204,0.71153843,0.0,0.0,0.00033755274,0.00033755274
train,6396,tg,1.0,0.7592593,0.67241377,1.0,0.00016877637,0.00016877637,0.00016877637
train,6397,tg,1.0,0.6923077,0.67241377,1.0,0.00016877637,0.00033755274,0.00033755274
train,6398,tg,1.0,0.7592593,0.67241377,1.0,0.00016877637,0.00016877637,0.00016877637
train,6399,tg,1.0,0.6923077,0.67241377,1.0,0.00016880487,0.00033760973,0.00033760973
train,6400,tg,0.79518074,0.6,0.5822785,0.0,0.0,0.0,0.0
train,6401,tg,0.6885246,0.6142857,0.5833333,0.0,0.0,0.0,0.0
train,6402,tg,0.6923077,0.6527778,0.64285713,0.0,0.0,0.0,0.0
train,6403,tg,0.8428571,0.61538464,0.6052632,0.0,0.0,0.0,0.0
train,6404,tg,0.8428571,0.6111111,0.60493827,0.0,0.0,0.0,0.0
train,6405,tg,0.7692308,0.72,0.6375,0.0,0.0,0.0,0.0
train,6406,tg,0.7714286,0.739726,0.6865672,0.0,0.0,0.0,0.0
train,6407,tg,0.7714286,0.72,0.6142857,0.0,0.0,0.0,0.0
train,6408,tg,0.7916667,0.7887324,0.7368421,0.0,0.0,0.0,0.0
train,6409,tg,0.9206349,0.7887324,0.6721311,0.0,0.0,0.00016880487,0.00016880487
train,6410,tg,0.9206349,0.76811594,0.7368421,0.0,0.0,0.00033755274,0.00033755274
train,6411,tg,0.828125,0.76811594,0.7246377,0.0,0.0,0.0,0.0
train,6412,tg,0.8333333,0.7291667,0.7209302,0.0,0.0,0.0,0.0
train,6413,tg,0.7291667,0.65217394,0.6,0.0,0.0,0.0,0.0
train,6414,tg,0.85507244,0.51428574,0.46753246,0.0,0.0,0.0,0.00016880487
train,6415,tg,0.92727274,0.9,0.796875,0.0,0.0,0.00033755274,0.0005063291
train,6416,tg,0.9444444,0.87931037,0.82258064,0.0,0.0,0.00033755274,0.0005063291
train,6417,tg,0.9032258,0.86153847,0.82258064,0.0,0.0,0.00033755274,0.0005063291
train,6418,tg,0.95,0.9,0.86153847,0.0,0.0,0.00033755274,0.00084388186
train,6419,tg,0.93442625,0.890625,0.84375,0.0,0.0,0.00033760973,0.00050641457
train,6420,tg,1.0,0.93442625,0.87931037,1.0,0.00016877637,0.0006751055,0.0010126582
train,6421,tg,1.0,0.93442625,0.86440676,1.0,0.00016877637,0.0006751055,0.00084388186
train,6422,tg,0.9444444,0.86440676,0.82258064,0.0,0.0,0.00033755274,0.0006751055
train,6423,tg,0.76086956,0.71428573,0.6666667,0.0,0.0,0.0,0.0
train,6424,tg,0.93877554,0.877551,0.8039216,0.0,0.0,0.00033760973,0.00067521946
train,6425,tg,0.9583333,0.8541667,0.81632656,0.0,0.00016877637,0.00033755274,0.0005063291
train,6426,tg,0.9583333,0.8958333,0.81632656,0.0,0.00016877637,0.00033755274,0.0006751055
train,6427,tg,0.90909094,0.877551,0.8541667,0.0,0.0,0.00016877637,0.00084388186
train,6428,tg,0.95555556,0.93333334,0.7058824,0.0,0.00033755274,0.0006751055,0.0006751055
train,6429,tg,1.0,0.95555556,0.7307692,1.0,0.00050641457,0.00050641457,0.00067521946
train,6430,tg,1.0,0.95555556,0.7307692,1.0,0.0005063291,0.0005063291,0.0006751055
train,6431,tg,0.93333334,0.8913044,0.72,0.0,0.0,0.00033755274,0.0006751055
train,6432,tg,0.95555556,0.93333334,0.6981132,0.0,0.00033755274,0.0006751055,0.0006751055
train,6433,tg,0.79591835,0.78,0.73333335,0.0,0.0,0.0,0.0
train,6434,tg,0.85106385,0.79591835,0.7254902,0.0,0.0,0.0,0.00016880487
train,6435,tg,0.8043478,0.7254902,0.6981132,0.0,0.0,0.0,0.0
train,6436,tg,0.79545456,0.7,0.6862745,0.0,0.0,0.0,0.0
train,6437,tg,0.84782606,0.78723407,0.75,0.0,0.0,0.0,0.0
train,6438,tg,0.6666667,0.5769231,0.5409836,0.0,0.0,0.0,0.0
train,6439,tg,0.9767442,0.79591835,0.7777778,0.0,0.00033760973,0.00033760973,0.00033760973
train,6440,tg,1.0,0.8958333,0.8,1.0,0.00033755274,0.00033755274,0.0006751055
train,6441,tg,1.0,0.8958333,0.81632656,1.0,0.00033755274,0.00033755274,0.0006751055
train,6442,tg,0.7173913,0.46296296,0.44642857,0.0,0.0,0.0,0.0
train,6443,tg,0.84090906,0.8043478,0.8043478,0.0,0.0,0.0,0.0
train,6444,tg,0.8780488,0.79545456,0.79545456,0.0,0.0,0.0,0.00016880487
train,6445,tg,0.7916667,0.67741936,0.67142856,0.0,0.0,0.0,0.0
train,6446,tg,0.8,0.72131145,0.6984127,0.0,0.0,0.0,0.0
train,6447,tg,0.88,0.8125,0.8,0.0,0.0,0.0,0.00016877637
train,6448,tg,0.8965517,0.852459,0.8,0.0,0.0,0.0,0.0005063291
train,6449,tg,0.8703704,0.8333333,0.8333333,0.0,0.0,0.0,0.00016880487
train,6450,tg,0.88,0.86538464,0.8333333,0.0,0.0,0.0,0.0006751055
train,6451,tg,0.8169014,0.625,0.59210527,0.0,0.0,0.0,0.0
train,6452,tg,0.8169014,0.5797101,0.5529412,0.0,0.0,0.0,0.0
train,6453,tg,0.8596491,0.7017544,0.6779661,0.0,0.0,0.0,0.00016877637
train,6454,tg,0.78,0.6851852,0.6363636,0.0,0.0,0.0,0.0
train,6455,tg,0.78571427,0.74545455,0.6851852,0.0,0.0,0.0,0.0
train,6456,tg,0.8780488,0.8636364,0.78,0.0,0.0,0.0,0.0005063291
train,6457,tg,0.8181818,0.6885246,0.6666667,0.0,0.0,0.0,0.0
train,6458,tg,0.9574468,0.84,0.7446808,0.0,0.00016877637,0.00016877637,0.00033755274
train,6459,tg,0.9574468,0.877551,0.7254902,0.0,0.00016880487,0.00016880487,0.00050641457
train,6460,tg,0.877551,0.84313726,0.7446808,0.0,0.0,0.0,0.00033755274
train,6461,tg,0.81666666,0.6363636,0.61290324,0.0,0.0,0.0,0.0
train,6462,tg,0.81666666,0.7627119,0.625,0.0,0.0,0.0,0.0
train,6463,tg,0.8135593,0.76666665,0.6603774,0.0,0.0,0.0,0.0
train,6464,tg,0.9347826,0.8,0.7169811,0.0,0.0,0.00016880487,0.00016880487
train,6465,tg,0.9347826,0.78723407,0.76,0.0,0.0,0.00016877637,0.00016877637
train,6466,tg,0.74545455,0.6862745,0.6551724,0.0,0.0,0.0,0.0
train,6467,tg,0.95555556,0.84090906,0.7818182,0.0,0.00016877637,0.00033755274,0.00033755274
train,6468,tg,0.9148936,0.87234044,0.8076923,0.0,0.0,0.00016877637,0.0005063291
train,6469,tg,0.96363634,0.8545455,0.84126985,0.0,0.00016880487,0.00016880487,0.00067521946
train,6470,tg,0.8730159,0.84126985,0.765625,0.0,0.0,0.0,0.00033755274
train,6471,tg,0.95714283,0.92753625,0.8873239,0.0,0.00016877637,0.0006751055,0.0010126582
train,6472,tg,0.8958333,0.6923077,0.627451,0.0,0.0,0.0,0.00016877637
train,6473,tg,0.95555556,0.82978725,0.79591835,0.0,0.00016877637,0.00016877637,0.00016877637
train,6474,tg,0.8181818,0.7818182,0.7285714,0.0,0.0,0.0,0.0
train,6475,tg,0.75,0.68115944,0.66071427,0.0,0.0,0.0,0.0
train,6476,tg,0.73333335,0.68115944,0.6142857,0.0,0.0,0.0,0.0
train,6477,tg,0.73333335,0.62666667,0.5694444,0.0,0.0,0.0,0.0
train,6478,tg,0.76785713,0.7446808,0.704918,0.0,0.0,0.0,0.0
train,6479,tg,0.9122807,0.7878788,0.75438595,0.0,0.0,0.00016880487,0.00016880487
train,6480,tg,0.88135594,0.8333333,0.7647059,0.0,0.0,0.0,0.00016877637
train,6481,tg,0.9122807,0.8548387,0.7962963,0.0,0.0,0.00016877637,0.0005063291
train,6482,tg,0.8548387,0.7647059,0.6835443,0.0,0.0,0.0,0.00016877637
train,6483,tg,0.8,0.74626863,0.65,0.0,0.0,0.0,0.0
train,6484,tg,0.8043478,0.7755102,0.7254902,0.0,0.0,0.0,0.0
train,6485,tg,1.0,0.78571427,0.7804878,1.0,0.00016877637,0.00016877637,0.00016877637
train,6486,tg,0.8888889,0.73913044,0.7234042,0.0,0.0,0.0,0.00016877637
train,6487,tg,0.7804878,0.74418604,0.73333335,0.0,0.0,0.0,0.0
train,6488,tg,0.63461536,0.6181818,0.61403507,0.0,0.0,0.0,0.0
train,6489,tg,0.6481481,0.5762712,0.5555556,0.0,0.0,0.0,0.0
train,6490,tg,0.85507244,0.625,0.5294118,0.0,0.0,0.0,0.00016877637
train,6491,tg,0.6875,0.6481481,0.6304348,0.0,0.0,0.0,0.0
train,6492,tg,0.81666666,0.81666666,0.8095238,0.0,0.0,0.0,0.0
train,6493,tg,1.0,1.0,0.78,1.0,0.0005063291,0.0005063291,0.0005063291
train,6494,tg,1.0,1.0,0.84,1.0,0.00050641457,0.00050641457,0.00050641457
train,6495,tg,1.0,1.0,0.84,1.0,0.0005063291,0.0005063291,0.0005063291
train,6496,tg,1.0,1.0,0.84,1.0,0.0005063291,0.0005063291,0.0005063291
train,6497,tg,0.8888889,0.8666667,0.8301887,0.0,0.0,0.0,0.0006751055
train,6498,tg,0.8888889,0.8666667,0.8636364,0.0,0.0,0.0,0.00084388186
train,6499,tg,0.8833333,0.8548387,0.82539684,0.0,0.0,0.0,0.00050641457
train,6500,tg,0.9298246,0.84126985,0.8181818,0.0,0.0,0.00016877637,0.00033755274
train,6501,tg,0.9137931,0.86885244,0.8035714,0.0,0.0,0.00016877637,0.0005063291
train,6502,tg,0.89830506,0.8548387,0.8333333,0.0,0.0,0.0,0.0005063291
train,6503,tg,0.9375,0.9375,0.8695652,0.0,0.0,0.0005063291,0.0011814346
train,6504,tg,0.8305085,0.779661,0.75384617,0.0,0.0,0.0,0.0
train,6505,tg,0.9137931,0.8833333,0.7818182,0.0,0.0,0.00016877637,0.0005063291
train,6506,tg,0.9375,0.9375,0.9,0.0,0.0,0.0006751055,0.0011814346
train,6507,tg,1.0,0.9285714,0.8666667,1.0,0.00033755274,0.0005063291,0.00084388186
train,6508,tg,1.0,0.8666667,0.84,1.0,0.00016877637,0.00033755274,0.0006751055
train,6509,tg,0.82978725,0.81632656,0.78,0.0,0.0,0.0,0.0
train,6510,tg,0.9285714,0.9285714,0.9285714,0.0,0.0,0.0010126582,0.0010126582
train,6511,tg,1.0,0.9285714,0.8666667,1.0,0.00033755274,0.0005063291,0.0010126582
train,6512,tg,1.0,0.9285714,0.8666667,1.0,0.00033755274,0.0005063291,0.00084388186
train,6513,tg,1.0,0.9285714,0.78,1.0,0.00033755274,0.0005063291,0.0006751055
train,6514,tg,0.90909094,0.8780488,0.85106385,0.0,0.0,0.00016880487,0.0010128291
train,6515,tg,1.0,0.8780488,0.8684211,1.0,0.00016877637,0.00033755274,0.0015189874
train,6516,tg,0.9268293,0.9268293,0.8780488,0.0,0.0,0.0005063291,0.0010126582
train,6517,tg,1.0,0.8780488,0.8684211,1.0,0.00016877637,0.00033755274,0.001350211
train,6518,tg,0.78846157,0.7173913,0.7017544,0.0,0.0,0.0,0.0
train,6519,tg,1.0,0.8666667,0.81395346,1.0,0.00016880487,0.00016880487,0.00050641457
train,6520,tg,0.8974359,0.81395346,0.7826087,0.0,0.0,0.0,0.00016877637
train,6521,tg,1.0,0.84782606,0.79545456,1.0,0.00016877637,0.00016877637,0.00033755274
train,6522,tg,0.85106385,0.76086956,0.7446808,0.0,0.0,0.0,0.00016877637
train,6523,tg,1.0,0.76744187,0.7368421,1.0,0.00016877637,0.00016877637,0.00016877637
train,6524,tg,0.7457627,0.6779661,0.6666667,0.0,0.0,0.0,0.0
train,6525,tg,0.8596491,0.7758621,0.73214287,0.0,0.0,0.0,0.00016877637
train,6526,tg,0.8363636,0.8181818,0.7735849,0.0,0.0,0.0,0.0
train,6527,tg,0.84210527,0.7758621,0.74545455,0.0,0.0,0.0,0.0
train,6528,tg,0.7735849,0.74545455,0.73214287,0.0,0.0,0.0,0.0
train,6529,tg,0.7407407,0.6923077,0.67346936,0.0,0.0,0.0,0.0
train,6530,tg,0.84615386,0.80487806,0.75,0.0,0.0,0.0,0.0
train,6531,tg,1.0,1.0,0.825,1.0,0.0005063291,0.0005063291,0.0006751055
train,6532,tg,1.0,0.9268293,0.825,1.0,0.00033755274,0.0005063291,0.0006751055
train,6533,tg,0.875,0.79545456,0.7659575,0.0,0.0,0.0,0.00016877637
train,6534,tg,1.0,1.0,0.80487806,1.0,0.00050641457,0.00067521946,0.00067521946
train,6535,tg,1.0,0.8965517,0.8305085,1.0,0.00016877637,0.00033755274,0.0005063291
train,6536,tg,0.9230769,0.73846155,0.6666667,0.0,0.0,0.00016877637,0.00016877637
train,6537,tg,0.96,0.8958333,0.86,0.0,0.00016877637,0.00016877637,0.00084388186
train,6538,tg,0.96,0.9,0.8039216,0.0,0.00016877637,0.00016877637,0.0006751055
train,6539,tg,0.7758621,0.754717,0.7241379,0.0,0.0,0.0,0.0
train,6540,tg,0.7755102,0.7659575,0.71153843,0.0,0.0,0.0,0.0
train,6541,tg,1.0,0.8666667,0.75555557,1.0,0.00016877637,0.00016877637,0.0005063291
train,6542,tg,0.7037037,0.7,0.67241377,0.0,0.0,0.0,0.0
train,6543,tg,0.71428573,0.6727273,0.6603774,0.0,0.0,0.0,0.0
train,6544,tg,0.67741936,0.59322035,0.59016395,0.0,0.0,0.0,0.0
train,6545,tg,1.0,0.70212764,0.67346936,1.0,0.00016877637,0.00016877637,0.00016877637
train,6546,tg,0.76744187,0.7647059,0.73333335,0.0,0.0,0.0,0.0
train,6547,tg,0.8974359,0.8974359,0.85365856,0.0,0.0,0.0,0.0010126582
train,6548,tg,1.0,0.91525424,0.8363636,1.0,0.00016877637,0.0005063291,0.0006751055
train,6549,tg,1.0,0.95555556,0.9318182,1.0,0.00050641457,0.0010128291,0.0020256583
train,6550,tg,0.95555556,0.9,0.8913044,0.0,0.00033755274,0.00033755274,0.0011814346
train,6551,tg,0.98,0.71428573,0.67741936,0.0,0.00016877637,0.00016877637,0.00016877637
train,6552,tg,0.98,0.6666667,0.6481481,0.0,0.00016877637,0.00016877637,0.00016877637
train,6553,tg,0.84615386,0.8,0.70689654,0.0,0.0,0.0,0.0
train,6554,tg,0.9361702,0.84615386,0.8125,0.0,0.0,0.00033760973,0.00033760973
train,6555,tg,0.8979592,0.88,0.8363636,0.0,0.0,0.0,0.0005063291
train,6556,tg,1.0,0.8979592,0.8666667,1.0,0.00016877637,0.00033755274,0.00084388186
train,6557,tg,1.0,0.8979592,0.8666667,1.0,0.00016877637,0.00033755274,0.00084388186
train,6558,tg,0.94,0.94,0.90384614,0.0,0.0,0.00084388186,0.001350211
train,6559,tg,0.9183673,0.8541667,0.8039216,0.0,0.0,0.00016880487,0.00050641457
train,6560,tg,0.87234044,0.8367347,0.7916667,0.0,0.0,0.0,0.00033755274
train,6561,tg,0.57746476,0.56060606,0.5394737,0.0,0.0,0.0,0.0
train,6562,tg,0.75,0.73214287,0.7037037,0.0,0.0,0.0,0.0
train,6563,tg,1.0,0.7647059,0.7234042,1.0,0.00016877637,0.00016877637,0.00016877637
train,6564,tg,0.9782609,0.86,0.7777778,0.0,0.00016880487,0.00016880487,0.00050641457
train,6565,tg,0.9782609,0.877551,0.7916667,0.0,0.00016877637,0.00016877637,0.0005063291
train,6566,tg,1.0,0.86,0.76,1.0,0.00016877637,0.00016877637,0.0005063291
train,6567,tg,1.0,0.86,0.76,1.0,0.00016877637,0.00016877637,0.0005063291
train,6568,tg,1.0,0.8,0.7647059,1.0,0.00016877637,0.00033755274,0.00033755274
train,6569,tg,1.0,0.9318182,0.8125,1.0,0.00016880487,0.00050641457,0.00050641457
train,6570,tg,0.9047619,0.75757575,0.7246377,0.0,0.0,0.00016877637,0.00016877637
train,6571,tg,0.9047619,0.7936508,0.78125,0.0,0.0,0.00016877637,0.00016877637
train,6572,tg,0.8,0.7692308,0.7407407,0.0,0.0,0.0,0.0
train,6573,tg,0.7719298,0.754717,0.72727275,0.0,0.0,0.0,0.0
train,6574,tg,0.8767123,0.8552632,0.84415585,0.0,0.0,0.0,0.00050641457
train,6575,tg,0.78688526,0.7241379,0.70689654,0.0,0.0,0.0,0.0
train,6576,tg,0.7419355,0.6507937,0.6451613,0.0,0.0,0.0,0.0
train,6577,tg,1.0,0.9818182,0.91525424,1.0,0.0005063291,0.00084388186,0.0010126582
train,6578,tg,1.0,0.90163934,0.8596491,1.0,0.00016877637,0.0005063291,0.00084388186
train,6579,tg,0.80851066,0.8039216,0.78431374,0.0,0.0,0.0,0.0
train,6580,tg,0.9122807,0.83870965,0.82539684,0.0,0.0,0.00016877637,0.00033755274
train,6581,tg,0.86764705,0.82608694,0.79710144,0.0,0.0,0.0,0.00033755274
train,6582,tg,0.8730159,0.8507463,0.84126985,0.0,0.0,0.0,0.0005063291
train,6583,tg,0.9122807,0.9,0.8730159,0.0,0.0,0.00033755274,0.0018565401
train,6584,tg,0.90163934,0.86885244,0.86885244,0.0,0.0,0.00016880487,0.0008440243
train,6585,tg,0.8852459,0.83076924,0.80597013,0.0,0.0,0.0,0.00033755274
train,6586,tg,0.9322034,0.91525424,0.90163934,0.0,0.0,0.0010126582,0.001350211
train,6587,tg,0.95714283,0.9411765,0.9,0.0,0.00033755274,0.0006751055,0.0011814346
train,6588,tg,0.7413793,0.70689654,0.6865672,0.0,0.0,0.0,0.0
train,6589,tg,0.87234044,0.8367347,0.8076923,0.0,0.0,0.0,0.00033760973
train,6590,tg,0.91525424,0.8032787,0.7894737,0.0,0.0,0.00016877637,0.00016877637
train,6591,tg,0.91525424,0.8833333,0.82258064,0.0,0.0,0.00033755274,0.0005063291
train,6592,tg,1.0,0.82608694,0.7910448,1.0,0.00016877637,0.00016877637,0.00033755274
train,6593,tg,0.8965517,0.84126985,0.8103448,0.0,0.0,0.0,0.00033755274
train,6594,tg,1.0,0.82608694,0.7910448,1.0,0.00016880487,0.00016880487,0.00033760973
train,6595,tg,0.8730159,0.8636364,0.8030303,0.0,0.0,0.0,0.0005063291
train,6596,tg,1.0,0.8039216,0.76,1.0,0.00016877637,0.00016877637,0.00033755274
train,6597,tg,0.925,0.88372093,0.8604651,0.0,0.0,0.00016877637,0.00084388186
train,6598,tg,0.7735849,0.74545455,0.7241379,0.0,0.0,0.0,0.0
train,6599,tg,0.9787234,0.92,0.89361703,0.0,0.00033760973,0.00050641457,0.001181634
train,6600,tg,0.92,0.85714287,0.85714287,0.0,0.0,0.00016877637,0.00084388186
train,6601,tg,1.0,0.9318182,0.89361703,1.0,0.00033755274,0.0006751055,0.0021940928
train,6602,tg,1.0,0.9318182,0.9285714,1.0,0.00033755274,0.00084388186,0.0020253165
train,6603,tg,1.0,0.9318182,0.89361703,1.0,0.00033755274,0.0006751055,0.0021940928
train,6604,tg,0.8039216,0.8039216,0.7777778,0.0,0.0,0.0,0.0
train,6605,tg,0.9111111,0.8367347,0.8039216,0.0,0.0,0.00016877637,0.00033755274
train,6606,tg,0.9111111,0.8666667,0.8039216,0.0,0.0,0.00033755274,0.0005063291
train,6607,tg,0.88461536,0.82978725,0.78846157,0.0,0.0,0.0,0.00033755274
train,6608,tg,0.9298246,0.8730159,0.84615386,0.0,0.0,0.00016877637,0.0006751055
train,6609,tg,0.9634146,0.82758623,0.64444447,0.0,0.00016880487,0.00016880487,0.00033760973
train,6610,tg,0.9634146,0.8518519,0.8068182,0.0,0.00016877637,0.00016877637,0.0005063291
train,6611,tg,0.87341774,0.84705883,0.8181818,0.0,0.0,0.0,0.00033755274
train,6612,tg,0.88461536,0.84705883,0.8068182,0.0,0.0,0.0,0.00033755274
train,6613,tg,1.0,0.87341774,0.8518519,1.0,0.00016877637,0.00016877637,0.00084388186
train,6614,tg,1.0,0.87341774,0.7125,1.0,0.00016880487,0.00016880487,0.00067521946
train,6615,tg,0.92537314,0.92537314,0.9,0.0,0.0,0.0006751055,0.0010126582
train,6616,tg,0.95714283,0.92753625,0.9142857,0.0,0.00016877637,0.00084388186,0.0010126582
train,6617,tg,1.0,0.92753625,0.92537314,1.0,0.00033755274,0.0010126582,0.001350211
train,6618,tg,1.0,0.9411765,0.92753625,1.0,0.00033755274,0.0011814346,0.0015189874
train,6619,tg,0.9142857,0.8648649,0.85333335,0.0,0.0,0.00033760973,0.0008440243
train,6620,tg,1.0,0.9111111,0.87234044,1.0,0.00033755274,0.0005063291,0.001350211
train,6621,tg,0.9285714,0.925,0.8666667,0.0,0.0,0.0005063291,0.0011814346
train,6622,tg,0.64285713,0.6101695,0.6,0.0,0.0,0.0,0.0
train,6623,tg,0.53846157,0.51428574,0.50666666,0.0,0.0,0.0,0.0
train,6624,tg,0.5697674,0.5647059,0.55421686,0.0,0.0,0.0,0.0
train,6625,tg,0.96363634,0.8867925,0.86206895,0.0,0.00016877637,0.00033755274,0.00084388186
train,6626,tg,0.921875,0.8088235,0.7966102,0.0,0.0,0.00016877637,0.00016877637
train,6627,tg,1.0,0.90384614,0.8965517,1.0,0.00016877637,0.0006751055,0.0010126582
train,6628,tg,0.9818182,0.9322034,0.8545455,0.0,0.00033755274,0.0006751055,0.0011814346
train,6629,tg,1.0,0.9591837,0.90384614,1.0,0.00050641457,0.0010128291,0.0027008778
train,6630,tg,0.9591837,0.8909091,0.8703704,0.0,0.00016877637,0.00016877637,0.0020253165
train,6631,tg,0.8867925,0.8867925,0.852459,0.0,0.0,0.0,0.00084388186
train,6632,tg,0.8367347,0.7755102,0.7358491,0.0,0.0,0.0,0.0
train,6633,tg,0.875,0.84615386,0.8,0.0,0.0,0.0,0.00016877637
train,6634,tg,0.88135594,0.7962963,0.7818182,0.0,0.0,0.0,0.00016880487
train,6635,tg,0.9787234,0.87234044,0.8541667,0.0,0.00016877637,0.00016877637,0.0011814346
train,6636,tg,0.88461536,0.84313726,0.8113208,0.0,0.0,0.0,0.00016877637
train,6637,tg,0.9230769,0.72131145,0.71666664,0.0,0.0,0.00016877637,0.00016877637
train,6638,tg,1.0,0.95555556,0.9318182,1.0,0.0005063291,0.00084388186,0.0020253165
train,6639,tg,0.88235295,0.8269231,0.8039216,0.0,0.0,0.0,0.00033760973
train,6640,tg,0.95555556,0.9,0.8913044,0.0,0.00033755274,0.00033755274,0.0011814346
train,6641,tg,0.9148936,0.9148936,0.7708333,0.0,0.0,0.0005063291,0.0005063291
train,6642,tg,1.0,0.9148936,0.7307692,1.0,0.00033755274,0.0005063291,0.0005063291
train,6643,tg,1.0,0.74,0.7307692,1.0,0.00016877637,0.00033755274,0.00033755274
train,6644,tg,0.8958333,0.6956522,0.6530612,0.0,0.0,0.0,0.00033760973
train,6645,tg,0.877551,0.61538464,0.60714287,0.0,0.0,0.0,0.00016877637
train,6646,tg,1.0,0.85106385,0.85106385,1.0,0.00016877637,0.00016877637,0.00084388186
train,6647,tg,1.0,0.9111111,0.87234044,1.0,0.00033755274,0.0006751055,0.001350211
train,6648,tg,0.9818182,0.9322034,0.8545455,0.0,0.00033755274,0.0006751055,0.0011814346
train,6649,tg,1.0,0.9411765,0.92753625,1.0,0.00033760973,0.0010128291,0.001181634
train,6650,tg,0.95652175,0.84615386,0.78431374,0.0,0.00016877637,0.00016877637,0.00033755274
train,6651,tg,0.875,0.8541667,0.8269231,0.0,0.0,0.0,0.0006751055
train,6652,tg,0.90163934,0.8852459,0.8730159,0.0,0.0,0.00033755274,0.0011814346
train,6653,tg,0.96363634,0.8909091,0.8909091,0.0,0.00033755274,0.00033755274,0.0018565401
train,6654,tg,0.7846154,0.71428573,0.6885246,0.0,0.0,0.0,0.0
train,6655,tg,0.88135594,0.7846154,0.6825397,0.0,0.0,0.0,0.00016877637
train,6656,tg,0.95348835,0.87234044,0.8367347,0.0,0.00033755274,0.00033755274,0.0005063291
train,6657,tg,1.0,0.9649123,0.90163934,1.0,0.0005063291,0.00084388186,0.0011814346
train,6658,tg,0.82051283,0.75609756,0.75609756,0.0,0.0,0.0,0.0
train,6659,tg,1.0,0.88235295,0.8490566,1.0,0.00016880487,0.00016880487,0.00067521946
train,6660,tg,1.0,1.0,0.9591837,1.0,0.00084388186,0.0011814346,0.0020253165
train,6661,tg,1.0,0.96363634,0.8867925,1.0,0.0005063291,0.0005063291,0.0023628692
train,6662,tg,1.0,0.96363634,0.8867925,1.0,0.0005063291,0.0005063291,0.0021940928
train,6663,tg,1.0,1.0,0.9591837,1.0,0.00084388186,0.0010126582,0.0018565401
train,6664,tg,1.0,0.9591837,0.90384614,1.0,0.00067521946,0.0008440243,0.0016880486
train,6665,tg,0.71666664,0.6885246,0.6666667,0.0,0.0,0.0,0.0
train,6666,tg,0.7916667,0.7755102,0.6981132,0.0,0.0,0.0,0.0
train,6667,tg,1.0,0.7916667,0.76086956,1.0,0.00016877637,0.00016877637,0.00033755274
train,6668,tg,1.0,0.8333333,0.7755102,1.0,0.00016877637,0.00016877637,0.00033755274
train,6669,tg,0.87234044,0.87234044,0.8367347,0.0,0.0,0.0,0.00067521946
train,6670,tg,0.921875,0.828125,0.75342464,0.0,0.0,0.00016877637,0.00016877637
train,6671,tg,1.0,0.85365856,0.7777778,1.0,0.00016877637,0.00016877637,0.0005063291
train,6672,tg,1.0,0.7777778,0.7777778,1.0,0.00016877637,0.00016877637,0.00033755274
train,6673,tg,0.65753424,0.6075949,0.56578946,0.0,0.0,0.0,0.0
train,6674,tg,0.8684211,0.825,0.825,0.0,0.0,0.0,0.00033760973
train,6675,tg,0.7164179,0.671875,0.6388889,0.0,0.0,0.0,0.0
train,6676,tg,0.90163934,0.7910448,0.7794118,0.0,0.0,0.00016877637,0.00033755274
train,6677,tg,0.9137931,0.84126985,0.828125,0.0,0.0,0.00033755274,0.00033755274
train,6678,tg,0.92424244,0.8333333,0.8030303,0.0,0.0,0.00033755274,0.00033755274
train,6679,tg,0.9166667,0.8333333,0.8333333,0.0,0.0,0.00016880487,0.00016880487
train,6680,tg,0.9166667,0.90163934,0.90163934,0.0,0.0,0.00084388186,0.0010126582
train,6681,tg,1.0,0.90163934,0.828125,1.0,0.00016877637,0.0005063291,0.0005063291
train,6682,tg,1.0,0.90163934,0.8208955,1.0,0.00016877637,0.0005063291,0.0005063291
train,6683,tg,0.90163934,0.828125,0.8208955,0.0,0.0,0.00016877637,0.00016877637
train,6684,tg,0.80851066,0.6875,0.68085104,0.0,0.0,0.0,0.0
train,6685,tg,0.8888889,0.7291667,0.71428573,0.0,0.0,0.0,0.00016877637
train,6686,tg,0.9,0.65,0.51666665,0.0,0.0,0.0,0.00016877637
train,6687,tg,0.65,0.52380955,0.48101267,0.0,0.0,0.0,0.0
train,6688,tg,0.82978725,0.7234042,0.4,0.0,0.0,0.0,0.0
train,6689,tg,0.82978725,0.6666667,0.5,0.0,0.0,0.0,0.0
train,6690,tg,0.8947368,0.7368421,0.4520548,0.0,0.0,0.0,0.00016877637
train,6691,tg,0.8947368,0.84210527,0.5,0.0,0.0,0.0,0.00016877637
train,6692,tg,1.0,0.7368421,0.50666666,1.0,0.00016877637,0.00016877637,0.00016877637
train,6693,tg,1.0,0.7368421,0.5,1.0,0.00016877637,0.00016877637,0.00016877637
train,6694,tg,0.90625,0.8405797,0.4473684,0.0,0.0,0.00016880487,0.00033760973
train,6695,tg,0.88235295,0.82191783,0.5625,0.0,0.0,0.0,0.00033755274
train,6696,tg,0.9230769,0.8405797,0.50666666,0.0,0.0,0.00016877637,0.00033755274
train,6697,tg,0.9677419,0.90625,0.5,0.0,0.00016877637,0.0005063291,0.0006751055
train,6698,tg,0.9677419,0.8787879,0.5277778,0.0,0.00016877637,0.00016877637,0.0006751055
train,6699,tg,0.5416667,0.44,0.41509435,0.0,0.0,0.0,0.0
train,6700,tg,0.71428573,0.6923077,0.6923077,0.0,0.0,0.0,0.0
train,6701,tg,1.0,1.0,0.6923077,1.0,0.0006751055,0.0006751055,0.0006751055
train,6702,tg,1.0,1.0,0.6923077,1.0,0.0006751055,0.0006751055,0.0006751055
train,6703,tg,0.8974359,0.7173913,0.68085104,0.0,0.0,0.0,0.00033755274
train,6704,tg,1.0,0.8974359,0.7105263,1.0,0.00033760973,0.00033760973,0.00050641457
train,6705,tg,0.627451,0.61538464,0.59615386,0.0,0.0,0.0,0.0
train,6706,tg,1.0,0.6,0.6,1.0,0.00016877637,0.00016877637,0.00033755274
train,6707,tg,0.6666667,0.5555556,0.49019608,0.0,0.0,0.0,0.0
train,6708,tg,0.87234044,0.8039216,0.55172414,0.0,0.0,0.0,0.00016877637
train,6709,tg,0.84313726,0.6909091,0.6181818,0.0,0.0,0.0,0.0
train,6710,tg,0.9148936,0.8039216,0.6545454,0.0,0.0,0.00016877637,0.00016877637
train,6711,tg,0.9130435,0.6909091,0.6181818,0.0,0.0,0.00016877637,0.00016877637
train,6712,tg,0.9130435,0.7058824,0.6181818,0.0,0.0,0.00016877637,0.00033755274
train,6713,tg,0.88095236,0.7826087,0.68,0.0,0.0,0.0,0.00016877637
train,6714,tg,0.9148936,0.73913044,0.6181818,0.0,0.0,0.00016880487,0.00033760973
train,6715,tg,0.7826087,0.6545454,0.5660377,0.0,0.0,0.0,0.0
train,6716,egc,0.44186047,0.41666666,0.3846154,0.0,0.0,0.0,0.0
train,6717,egc,0.55813956,0.34375,0.32352942,0.0,0.0,0.0,0.0
train,6718,egc,0.4,0.33333334,0.31034482,0.0,0.0,0.0,0.0
train,6719,egc,0.35,0.35,0.35,0.0,0.0,0.0,0.0
train,6720,egc,0.55813956,0.4,0.32307693,0.0,0.0,0.0,0.0
train,6721,egc,0.5,0.4090909,0.375,0.0,0.0,0.0,0.0
train,6722,tg,0.89285713,0.44117647,0.40983605,0.0,0.0,0.0,0.00016877637
train,6723,tg,0.72307694,0.53846157,0.4918033,0.0,0.0,0.0,0.0
train,6724,egc,0.64705884,0.42857143,0.375,0.0,0.0,0.0,0.0
train,6725,egc,0.64705884,0.39130434,0.36,0.0,0.0,0.0,0.0
train,6726,egc,0.35714287,0.31578946,0.29411766,0.0,0.0,0.0,0.0
train,6727,egc,0.51428574,0.3611111,0.33333334,0.0,0.0,0.0,0.0
train,6728,egc,0.41666666,0.34615386,0.2777778,0.0,0.0,0.0,0.0
train,6729,egc,0.4848485,0.44117647,0.41666666,0.0,0.0,0.0,0.0
train,6730,egc,0.7,0.3888889,0.3888889,0.0,0.0,0.0,0.0
train,6731,egc,0.3846154,0.3,0.28125,0.0,0.0,0.0,0.0
train,6732,nc,1.0,0.72727275,0.53333336,1.0,0.00016877637,0.00016877637,0.00016877637
train,6733,egc,0.44444445,0.4,0.39130434,0.0,0.0,0.0,0.0
train,6734,egc,0.5625,0.4375,0.41935483,0.0,0.0,0.0,0.0
train,6735,egc,0.32608697,0.29787233,0.27083334,0.0,0.0,0.0,0.0
train,6736,egc,0.44117647,0.41666666,0.37931034,0.0,0.0,0.0,0.0
train,6737,egc,0.6785714,0.45454547,0.4,0.0,0.0,0.0,0.0
train,6738,egc,0.6666667,0.5,0.44117647,0.0,0.0,0.0,0.0
train,6739,egc,0.6785714,0.5294118,0.42424244,0.0,0.0,0.0,0.0
train,6740,egc,0.7096774,0.59375,0.45454547,0.0,0.0,0.0,0.0
train,6741,egc,0.7096774,0.53125,0.5,0.0,0.0,0.0,0.0
train,6742,egc,0.7,0.7,0.6,0.0,0.0,0.0,0.0
train,6743,egc,0.3243243,0.28947368,0.27272728,0.0,0.0,0.0,0.0
train,6744,ei,0.6666667,0.5,0.45454547,0.0,0.0,0.0,0.0
train,6745,egc,0.7714286,0.64705884,0.64705884,0.0,0.0,0.0,0.0
train,6746,egc,0.78431374,0.53571427,0.5192308,0.0,0.0,0.0,0.0
train,6747,egc,0.6296296,0.5,0.4047619,0.0,0.0,0.0,0.0
train,6748,egc,0.7,0.41463414,0.4054054,0.0,0.0,0.0,0.0
train,6749,egc,0.50980395,0.50980395,0.42307693,0.0,0.0,0.0,0.0
train,6750,egc,0.5555556,0.5,0.42105263,0.0,0.0,0.0,0.0
train,6751,eea,0.6666667,0.6363636,0.6363636,0.0,0.0,0.0,0.0
train,6752,egc,0.5,0.5,0.4857143,0.0,0.0,0.0,0.0
train,6753,egc,1.0,0.81395346,0.8095238,1.0,0.00016877637,0.00016877637,0.00016877637
train,6754,egc,1.0,0.88235295,0.8378378,1.0,0.00016880487,0.00016880487,0.00050641457
train,6755,egc,0.75,0.65217394,0.62857145,0.0,0.0,0.0,0.0
train,6756,egc,0.7878788,0.68421054,0.52380955,0.0,0.0,0.0,0.0
train,6757,egc,0.8918919,0.6976744,0.55,0.0,0.0,0.0,0.00016877637
train,6758,egc,0.8918919,0.7619048,0.64102566,0.0,0.0,0.0,0.00016877637
train,6759,egc,0.5,0.375,0.36585367,0.0,0.0,0.0,0.0
train,6760,egc,0.44444445,0.39473686,0.34210527,0.0,0.0,0.0,0.0
train,6761,egc,0.6052632,0.6052632,0.44444445,0.0,0.0,0.0,0.0
train,6762,egc,0.8518519,0.47058824,0.45454547,0.0,0.0,0.0,0.00016877637
train,6763,egc,0.6333333,0.6333333,0.6,0.0,0.0,0.0,0.0
train,6764,egc,0.8518519,0.54545456,0.5,0.0,0.0,0.0,0.00016880487
train,6765,egc,1.0,0.85714287,0.8372093,1.0,0.00033755274,0.00033755274,0.0005063291
train,6766,egb,1.0,0.72727275,0.6111111,1.0,0.00016877637,0.00016877637,0.00016877637
train,6767,egb,1.0,0.6052632,0.5,1.0,0.00033755274,0.00033755274,0.00033755274
train,6768,eea,1.0,0.9130435,0.90909094,1.0,0.00016877637,0.00084388186,0.0015189874
train,6769,ei,1.0,0.9130435,0.90909094,1.0,0.00016877637,0.00084388186,0.0015189874
train,6770,eps,1.0,0.9130435,0.90909094,1.0,0.00016877637,0.00084388186,0.0015189874
train,6771,nc,1.0,0.9130435,0.90909094,1.0,0.00016877637,0.00084388186,0.0015189874
train,6772,eea,1.0,0.95454544,0.95454544,1.0,0.00084388186,0.0015189874,0.0015189874
train,6773,eea,1.0,0.95652175,0.95652175,1.0,0.00084388186,0.0018565401,0.0018565401
train,6774,nc,1.0,0.95652175,0.95652175,1.0,0.00084388186,0.0018565401,0.0018565401
train,6775,eea,0.95652175,0.95454544,0.8695652,0.0,0.0006751055,0.0006751055,0.0015189874
train,6776,egb,0.95652175,0.95454544,0.8695652,0.0,0.0006751055,0.0006751055,0.0015189874
train,6777,ei,0.95652175,0.95454544,0.8695652,0.0,0.0006751055,0.0006751055,0.0015189874
train,6778,egc,1.0,1.0,0.6,1.0,0.00050641457,0.00050641457,0.00050641457
train,6779,egc,0.6304348,0.5869565,0.4918033,0.0,0.0,0.0,0.0
train,6780,egc,1.0,0.7647059,0.74285716,1.0,0.00016877637,0.00016877637,0.00033755274
train,6781,egc,1.0,0.8974359,0.64285713,1.0,0.00033755274,0.00033755274,0.0005063291
train,6782,egc,1.0,0.93939394,0.8378378,1.0,0.00033755274,0.0005063291,0.0006751055
train,6783,egc,1.0,0.8292683,0.82051283,1.0,0.00016880487,0.00016880487,0.00033760973
train,6784,egc,0.5,0.46551725,0.45833334,0.0,0.0,0.0,0.0
train,6785,egc,0.972973,0.972973,0.94736844,0.0,0.0006751055,0.0010126582,0.0010126582
train,6786,egc,1.0,0.7826087,0.65957445,1.0,0.00033755274,0.00033755274,0.00033755274
train,6787,egc,0.59574467,0.5555556,0.509434,0.0,0.0,0.0,0.0
train,6788,egc,0.48387095,0.46666667,0.43243244,0.0,0.0,0.0,0.0
train,6789,egc,1.0,0.74285716,0.74285716,1.0,0.00016877637,0.00016877637,0.00016877637
train,6790,egc,0.6666667,0.6086956,0.5714286,0.0,0.0,0.0,0.0
train,6791,egc,0.6086956,0.56,0.53333336,0.0,0.0,0.0,0.0
train,6792,ei,1.0,0.61290324,0.61290324,1.0,0.00016877637,0.00016877637,0.00016877637
train,6793,eps,1.0,0.61290324,0.61290324,1.0,0.00016877637,0.00016877637,0.00016877637
train,6794,eea,0.8636364,0.5625,0.5625,0.0,0.0,0.0,0.00016877637
train,6795,egb,0.8636364,0.5625,0.5625,0.0,0.0,0.0,0.00016877637
train,6796,nc,0.8636364,0.5625,0.5625,0.0,0.0,0.0,0.00016877637
train,6797,egb,1.0,0.5882353,0.5625,1.0,0.00016880487,0.00016880487,0.00016880487
train,6798,eps,1.0,0.5882353,0.5625,1.0,0.00016880487,0.00016880487,0.00016880487
train,6799,nc,1.0,0.5882353,0.5625,1.0,0.00016880487,0.00016880487,0.00016880487
train,6800,eea,0.5882353,0.5882353,0.53846157,0.0,0.0,0.0,0.0
train,6801,ei,0.5882353,0.5882353,0.53846157,0.0,0.0,0.0,0.0
train,6802,nc,0.5882353,0.5882353,0.53846157,0.0,0.0,0.0,0.0
train,6803,egc,0.55813956,0.46341464,0.42857143,0.0,0.0,0.0,0.0
train,6804,egc,1.0,0.64705884,0.58928573,1.0,0.00016880487,0.00016880487,0.00016880487
train,6805,egc,1.0,0.972973,0.972973,1.0,0.001350211,0.0025316456,0.002700422
train,6806,egc,0.7619048,0.7619048,0.7619048,0.0,0.0,0.0,0.0
train,6807,eea,1.0,0.6551724,0.6551724,1.0,0.00016877637,0.00016877637,0.00016877637
train,6808,egb,1.0,0.6551724,0.6551724,1.0,0.00016877637,0.00016877637,0.00016877637
train,6809,eps,1.0,0.6551724,0.6551724,1.0,0.00016877637,0.00016877637,0.00016877637
train,6810,nc,1.0,0.6551724,0.6551724,1.0,0.00016877637,0.00016877637,0.00016877637
train,6811,egc,1.0,0.88235295,0.7297297,1.0,0.00016877637,0.00016877637,0.0005063291
train,6812,egc,1.0,0.7105263,0.64285713,1.0,0.00033755274,0.00033755274,0.00033755274
train,6813,egc,0.3255814,0.30666667,0.29166666,0.0,0.0,0.0,0.0
train,6814,egc,0.3255814,0.29577464,0.29577464,0.0,0.0,0.0,0.0
train,6815,egc,1.0,1.0,0.8787879,1.0,0.0005063291,0.0006751055,0.00084388186
train,6816,egc,0.8974359,0.74358976,0.74358976,0.0,0.0,0.0,0.00016877637
train,6817,egc,1.0,0.82857144,0.8181818,1.0,0.00033755274,0.00033755274,0.00033755274
train,6818,egc,0.93939394,0.93939394,0.93939394,0.0,0.0,0.0008440243,0.0008440243
train,6819,egc,0.93939394,0.8787879,0.8181818,0.0,0.0,0.00016877637,0.0006751055
train,6820,egc,0.8974359,0.74358976,0.6923077,0.0,0.0,0.0,0.00033755274
train,6821,egc,0.5,0.43333334,0.43333334,0.0,0.0,0.0,0.0
train,6822,egc,0.8181818,0.43589744,0.41463414,0.0,0.0,0.0,0.0
train,6823,egc,0.42222223,0.3653846,0.36363637,0.0,0.0,0.0,0.0
train,6824,egc,1.0,0.7837838,0.7837838,1.0,0.00016877637,0.00016877637,0.00016877637
train,6825,egc,1.0,1.0,0.84375,1.0,0.0005063291,0.0005063291,0.0005063291
train,6826,egc,1.0,1.0,0.84375,1.0,0.0005063291,0.0005063291,0.0005063291
train,6827,egc,1.0,0.7297297,0.7027027,1.0,0.00016877637,0.00016877637,0.00016877637
train,6828,egc,1.0,1.0,0.972973,1.0,0.0010128291,0.0010128291,0.0015192437
train,6829,egc,0.7941176,0.5897436,0.57894737,0.0,0.0,0.0,0.0
train,6830,egc,1.0,0.84375,0.84375,1.0,0.00033755274,0.00033755274,0.00033755274
train,6831,ei,0.8181818,0.7027027,0.627907,0.0,0.0,0.0,0.0
train,6832,egc,1.0,0.84375,0.84375,1.0,0.00033755274,0.00033755274,0.00033755274
train,6833,egc,1.0,1.0,0.84375,1.0,0.00050641457,0.00050641457,0.00050641457
train,6834,egc,0.7368421,0.6923077,0.6363636,0.0,0.0,0.0,0.0
train,6835,egc,1.0,1.0,0.972973,1.0,0.0010126582,0.0010126582,0.0016877637
train,6836,egc,0.9736842,0.64705884,0.5344828,0.0,0.00016877637,0.00016877637,0.00016877637
train,6837,egc,0.9166667,0.7586207,0.73333335,0.0,0.0,0.00016877637,0.00016877637
train,6838,egc,1.0,0.7586207,0.72727275,1.0,0.00016880487,0.00016880487,0.00016880487
train,6839,egc,0.8,0.7352941,0.73333335,0.0,0.0,0.0,0.0
train,6840,egc,0.9166667,0.76666665,0.73333335,0.0,0.0,0.00016877637,0.00016877637
train,6841,egc,0.9230769,0.6976744,0.5416667,0.0,0.0,0.00016877637,0.00033755274
train,6842,egc,1.0,0.8333333,0.5952381,1.0,0.00016877637,0.00016877637,0.00033755274
train,6843,egc,0.64705884,0.5945946,0.5641026,0.0,0.0,0.0,0.0
train,6844,egc,0.8965517,0.8125,0.8125,0.0,0.0,0.0,0.00016877637
train,6845,egc,0.75,0.37037036,0.34146342,0.0,0.0,0.0,0.0
train,6846,egc,0.75,0.35555556,0.34,0.0,0.0,0.0,0.0
train,6847,eea,1.0,0.5,0.4375,1.0,0.00016877637,0.00016877637,0.00016877637
train,6848,egb,1.0,0.5,0.4375,1.0,0.00016877637,0.00016877637,0.00016877637
train,6849,ei,1.0,0.5,0.4375,1.0,0.00016877637,0.00016877637,0.00016877637
train,6850,eps,1.0,0.5,0.4375,1.0,0.00016877637,0.00016877637,0.00016877637
train,6851,nc,1.0,0.5,0.4375,1.0,0.00016877637,0.00016877637,0.00016877637
train,6852,eea,0.5,0.5,0.5,0.0,0.0,0.0,0.0
train,6853,ei,0.5,0.5,0.5,0.0,0.0,0.0,0.0
train,6854,eps,0.5,0.5,0.5,0.0,0.0,0.0,0.0
train,6855,egc,0.9302326,0.5849057,0.46938777,0.0,0.0,0.00016877637,0.00016877637
train,6856,egc,0.5964912,0.5423729,0.49019608,0.0,0.0,0.0,0.0
train,6857,egc,0.9302326,0.5576923,0.4680851,0.0,0.0,0.00016877637,0.00016877637
train,6858,egc,0.75510204,0.7111111,0.6862745,0.0,0.0,0.0,0.0
train,6859,egc,0.53846157,0.53125,0.52307695,0.0,0.0,0.0,0.0
train,6860,egc,0.7446808,0.6862745,0.5833333,0.0,0.0,0.0,0.0
train,6861,egc,0.6956522,0.61538464,0.59183675,0.0,0.0,0.0,0.0
train,6862,eea,0.6571429,0.6571429,0.62857145,0.0,0.0,0.0,0.0
train,6863,ei,0.5813953,0.5,0.4883721,0.0,0.0,0.0,0.0
train,6864,egc,0.6,0.34042552,0.3265306,0.0,0.0,0.0,0.0
train,6865,egc,0.84615386,0.74358976,0.7222222,0.0,0.0,0.0,0.0
train,6866,egc,0.6666667,0.61904764,0.59090906,0.0,0.0,0.0,0.0
train,6867,nc,0.53125,0.4827586,0.46875,0.0,0.0,0.0,0.0
train,6868,eps,0.53125,0.5151515,0.5,0.0,0.0,0.0,0.0
train,6869,eea,1.0,0.5,0.46875,1.0,0.00016877637,0.00016877637,0.00016877637
train,6870,egb,1.0,0.5,0.46875,1.0,0.00016877637,0.00016877637,0.00016877637
train,6871,ei,1.0,0.5,0.46875,1.0,0.00016877637,0.00016877637,0.00016877637
train,6872,eps,1.0,0.5,0.46875,1.0,0.00016877637,0.00016877637,0.00016877637
train,6873,nc,1.0,0.5,0.46875,1.0,0.00016877637,0.00016877637,0.00016877637
train,6874,eea,1.0,0.53125,0.5151515,1.0,0.00016877637,0.00016877637,0.00016877637
train,6875,ei,1.0,0.53125,0.5151515,1.0,0.00016877637,0.00016877637,0.00016877637
train,6876,nc,1.0,0.53125,0.5151515,1.0,0.00016877637,0.00016877637,0.00016877637
train,6877,eea,0.5185185,0.516129,0.516129,0.0,0.0,0.0,0.0
train,6878,egb,0.5185185,0.516129,0.516129,0.0,0.0,0.0,0.0
train,6879,nc,0.5185185,0.516129,0.516129,0.0,0.0,0.0,0.0
train,6880,eea,1.0,0.53125,0.516129,1.0,0.00016880487,0.00016880487,0.00016880487
train,6881,ei,1.0,0.53125,0.516129,1.0,0.00016880487,0.00016880487,0.00016880487
train,6882,eps,1.0,0.53125,0.516129,1.0,0.00016880487,0.00016880487,0.00016880487
train,6883,egb,0.56,0.53333336,0.5,0.0,0.0,0.0,0.0
train,6884,nc,0.56,0.53333336,0.5,0.0,0.0,0.0,0.0
train,6885,eea,0.6666667,0.53333336,0.5,0.0,0.0,0.0,0.0
train,6886,ei,0.6666667,0.53333336,0.5,0.0,0.0,0.0,0.0
train,6887,eps,0.6666667,0.53333336,0.5,0.0,0.0,0.0,0.0
train,6888,eea,1.0,0.6666667,0.53333336,1.0,0.00016877637,0.00016877637,0.00016877637
train,6889,ei,1.0,0.6666667,0.53333336,1.0,0.00016877637,0.00016877637,0.00016877637
train,6890,egc,0.74358976,0.7209302,0.68421054,0.0,0.0,0.0,0.0
train,6891,egc,1.0,0.6545454,0.58,1.0,0.00016877637,0.00016877637,0.00016877637
train,6892,egc,0.7209302,0.6666667,0.61904764,0.0,0.0,0.0,0.0
train,6893,egc,0.78723407,0.75,0.6666667,0.0,0.0,0.0,0.0
train,6894,egc,1.0,0.7,0.61904764,1.0,0.00016877637,0.00016877637,0.00016877637
train,6895,egc,0.7380952,0.6122449,0.5833333,0.0,0.0,0.0,0.0
train,6896,egc,0.55263156,0.42857143,0.35,0.0,0.0,0.0,0.0
train,6897,egc,0.78431374,0.6976744,0.6458333,0.0,0.0,0.0,0.0
train,6898,egb,1.0,0.46666667,0.4642857,1.0,0.00016877637,0.00016877637,0.00016877637
train,6899,nc,1.0,0.46666667,0.4642857,1.0,0.00016877637,0.00016877637,0.00016877637
train,6900,eea,0.5151515,0.5151515,0.4848485,0.0,0.0,0.0,0.0
train,6901,ei,0.5151515,0.5151515,0.4848485,0.0,0.0,0.0,0.0
train,6902,eps,0.5151515,0.5151515,0.4848485,0.0,0.0,0.0,0.0
train,6903,nc,0.5151515,0.5151515,0.4848485,0.0,0.0,0.0,0.0
train,6904,egc,0.8181818,0.61904764,0.6097561,0.0,0.0,0.0,0.0
train,6905,egc,1.0,0.5090909,0.5084746,1.0,0.00016877637,0.00016877637,0.00016877637
train,6906,egc,0.78125,0.62857145,0.575,0.0,0.0,0.0,0.0
train,6907,egc,1.0,0.7619048,0.73170733,1.0,0.00033755274,0.00033755274,0.00033755274
train,6908,egc,1.0,0.72727275,0.6923077,1.0,0.00016880487,0.00016880487,0.00016880487
train,6909,egc,0.6363636,0.6086956,0.56,0.0,0.0,0.0,0.0
train,6910,egc,0.6086956,0.55813956,0.52272725,0.0,0.0,0.0,0.0
train,6911,egc,0.45714286,0.44827586,0.425,0.0,0.0,0.0,0.0
train,6912,egc,0.65,0.60465115,0.5652174,0.0,0.0,0.0,0.0
train,6913,egc,0.8,0.6976744,0.6896552,0.0,0.0,0.0,0.0
train,6914,egc,1.0,0.8103448,0.72727275,1.0,0.00016877637,0.00016877637,0.00033755274
train,6915,egc,0.575,0.575,0.5263158,0.0,0.0,0.0,0.0
train,6916,egc,0.625,0.5777778,0.5681818,0.0,0.0,0.0,0.0
train,6917,egc,1.0,0.78723407,0.7708333,1.0,0.00016877637,0.00016877637,0.00033755274
train,6918,egc,0.81632656,0.63461536,0.5483871,0.0,0.0,0.0,0.0
train,6919,egc,0.7755102,0.5471698,0.5263158,0.0,0.0,0.0,0.0
train,6920,egc,0.9714286,0.9714286,0.9714286,0.0,0.00084388186,0.0020253165,0.0023628692
train,6921,egc,0.33333334,0.3090909,0.29787233,0.0,0.0,0.0,0.0
train,6922,egc,1.0,0.6212121,0.6031746,1.0,0.00033755274,0.00033755274,0.00033755274
train,6923,egc,0.6666667,0.6415094,0.58181816,0.0,0.0,0.0,0.0
train,6924,egc,0.75510204,0.59183675,0.5849057,0.0,0.0,0.0,0.0
train,6925,egb,0.516129,0.516129,0.46666667,0.0,0.0,0.0,0.0
train,6926,ei,0.516129,0.516129,0.46666667,0.0,0.0,0.0,0.0
train,6927,nc,0.516129,0.516129,0.46666667,0.0,0.0,0.0,0.0
train,6928,egb,0.516129,0.516129,0.4848485,0.0,0.0,0.0,0.0
train,6929,ei,0.516129,0.516129,0.4848485,0.0,0.0,0.0,0.0
train,6930,nc,0.516129,0.516129,0.4848485,0.0,0.0,0.0,0.0
train,6931,egc,0.8367347,0.7222222,0.627451,0.0,0.0,0.0,0.0
train,6932,eea,1.0,0.5588235,0.5,1.0,0.00016877637,0.00016877637,0.00016877637
train,6933,egb,1.0,0.5588235,0.5,1.0,0.00016877637,0.00016877637,0.00016877637
train,6934,ei,1.0,0.5588235,0.5,1.0,0.00016877637,0.00016877637,0.00016877637
train,6935,nc,1.0,0.5588235,0.5,1.0,0.00016877637,0.00016877637,0.00016877637
train,6936,egc,0.65909094,0.627907,0.59183675,0.0,0.0,0.0,0.0
train,6937,egc,1.0,0.85714287,0.8333333,1.0,0.00016877637,0.00016877637,0.0005063291
train,6938,egc,0.94871795,0.84615386,0.8378378,0.0,0.0,0.00016880487,0.00033760973
train,6939,egc,1.0,0.84615386,0.82857144,1.0,0.00016877637,0.00016877637,0.00016877637
train,6940,egc,0.94871795,0.85,0.84615386,0.0,0.0,0.00033755274,0.00033755274
train,6941,egc,0.8181818,0.51111114,0.4893617,0.0,0.0,0.0,0.0
train,6942,egc,1.0,1.0,0.8717949,1.0,0.0006751055,0.0006751055,0.0015189874
train,6943,egc,0.7446808,0.6923077,0.6304348,0.0,0.0,0.0,0.0
train,6944,egc,0.78571427,0.62857145,0.59574467,0.0,0.0,0.0,0.0
train,6945,egc,0.68421054,0.6086956,0.59090906,0.0,0.0,0.0,0.0
train,6946,egc,0.6086956,0.5283019,0.509434,0.0,0.0,0.0,0.0
train,6947,egc,1.0,0.82051283,0.8108108,1.0,0.00016877637,0.00016877637,0.00016877637
train,6948,egc,0.7234042,0.6530612,0.65217394,0.0,0.0,0.0,0.0
train,6949,egc,0.6304348,0.627907,0.5952381,0.0,0.0,0.0,0.0
train,6950,egc,0.62222224,0.6037736,0.54385966,0.0,0.0,0.0,0.0
train,6951,egc,0.82051283,0.7111111,0.6888889,0.0,0.0,0.0,0.0
train,6952,egc,1.0,0.5084746,0.5,1.0,0.00016877637,0.00033755274,0.00033755274
train,6953,egc,0.84615386,0.82051283,0.6956522,0.0,0.0,0.0,0.0
train,6954,egc,0.6363636,0.5897436,0.5897436,0.0,0.0,0.0,0.0
train,6955,egc,1.0,0.6603774,0.62711865,1.0,0.00016877637,0.00016877637,0.00016877637
train,6956,egc,1.0,0.82051283,0.8125,1.0,0.00016877637,0.00016877637,0.00016877637
train,6957,egc,0.75510204,0.6938776,0.6458333,0.0,0.0,0.0,0.0
train,6958,egc,0.7619048,0.75510204,0.70212764,0.0,0.0,0.0,0.0
train,6959,egc,1.0,0.73333335,0.63461536,1.0,0.00016877637,0.00016877637,0.00016877637
train,6960,egc,0.85365856,0.8333333,0.5897436,0.0,0.0,0.0,0.00016877637
train,6961,egc,1.0,0.61702126,0.5882353,1.0,0.00016877637,0.00016877637,0.00016877637
train,6962,egc,0.84210527,0.7111111,0.7111111,0.0,0.0,0.0,0.0
train,6963,egc,0.8108108,0.7380952,0.71428573,0.0,0.0,0.0,0.0
train,6964,egc,0.7659575,0.6888889,0.6458333,0.0,0.0,0.0,0.0
train,6965,egc,0.85365856,0.775,0.7209302,0.0,0.0,0.0,0.00016877637
train,6966,egc,0.7619048,0.6530612,0.6363636,0.0,0.0,0.0,0.0
train,6967,egc,0.85365856,0.7619048,0.7234042,0.0,0.0,0.0,0.00016877637
train,6968,egc,0.7083333,0.53125,0.5151515,0.0,0.0,0.0,0.0
train,6969,egc,0.7222222,0.6666667,0.6666667,0.0,0.0,0.0,0.0
train,6970,egc,0.66101694,0.52307695,0.5,0.0,0.0,0.0,0.0
train,6971,egc,1.0,0.77272725,0.75555557,1.0,0.00016877637,0.00016877637,0.00016877637
train,6972,egc,0.85294116,0.7647059,0.7027027,0.0,0.0,0.0,0.00016877637
train,6973,egc,1.0,0.8378378,0.8378378,1.0,0.00033760973,0.00033760973,0.00033760973
train,6974,egc,0.7346939,0.37288135,0.36507937,0.0,0.0,0.0,0.0
train,6975,egc,0.85294116,0.74285716,0.68421054,0.0,0.0,0.0,0.00016877637
train,6976,egc,0.96875,0.8378378,0.81578946,0.0,0.00016877637,0.00033755274,0.00033755274
train,6977,tg,1.0,0.53333336,0.53333336,1.0,0.00016877637,0.00016877637,0.00016877637
train,6978,tg,0.47058824,0.4,0.34285715,0.0,0.0,0.0,0.0
train,6979,tg,0.9268293,0.78571427,0.5686275,0.0,0.0,0.00016877637,0.00016877637
train,6980,tg,0.78571427,0.73333335,0.46153846,0.0,0.0,0.0,0.0
train,6981,tg,0.7619048,0.36065573,0.3469388,0.0,0.0,0.0,0.0
train,6982,tg,0.7619048,0.4878049,0.37209302,0.0,0.0,0.0,0.0
train,6983,tg,0.8636364,0.8636364,0.5769231,0.0,0.0,0.0,0.00050641457
train,6984,tg,0.4814815,0.47058824,0.42424244,0.0,0.0,0.0,0.0
train,6985,tg,0.47692308,0.41538462,0.3970588,0.0,0.0,0.0,0.0
train,6986,tg,0.53488374,0.47272727,0.4680851,0.0,0.0,0.0,0.0
train,6987,tg,0.4923077,0.46969697,0.44594595,0.0,0.0,0.0,0.0
train,6988,tg,0.9230769,0.9230769,0.84615386,0.0,0.0,0.00067521946,0.00067521946
train,6989,tg,1.0,0.9230769,0.92105263,1.0,0.00033755274,0.0010126582,0.0010126582
train,6990,tg,1.0,0.9230769,0.92105263,1.0,0.00033755274,0.0010126582,0.0010126582
train,6991,tg,1.0,0.9230769,0.92105263,1.0,0.00033755274,0.0010126582,0.0010126582
train,6992,tg,0.9189189,0.9166667,0.9166667,0.0,0.0,0.00084388186,0.00084388186
train,6993,tg,1.0,1.0,0.92105263,1.0,0.00050641457,0.001181634,0.001181634
train,6994,tg,1.0,1.0,0.92105263,1.0,0.0005063291,0.0010126582,0.0010126582
train,6995,tg,1.0,1.0,0.92105263,1.0,0.0005063291,0.0010126582,0.0010126582
train,6996,tg,1.0,1.0,0.92105263,1.0,0.0005063291,0.0010126582,0.0010126582
train,6997,tg,0.9268293,0.627451,0.48979592,0.0,0.0,0.00016877637,0.00016877637
train,6998,tg,0.48979592,0.4528302,0.4390244,0.0,0.0,0.0,0.0
train,6999,tg,0.516129,0.516129,0.46875,0.0,0.0,0.0,0.0
train,7000,tg,0.45833334,0.375,0.375,0.0,0.0,0.0,0.0
train,7001,tg,0.9230769,0.42857143,0.41269842,0.0,0.0,0.00016877637,0.00016877637
train,7002,tg,0.9230769,0.453125,0.44827586,0.0,0.0,0.00016877637,0.00033755274
train,7003,tg,1.0,0.59322035,0.4716981,1.0,0.00016880487,0.00016880487,0.00016880487
train,7004,tg,1.0,0.59322035,0.4716981,1.0,0.00016877637,0.00016877637,0.00016877637
train,7005,tg,0.86440676,0.52238804,0.42857143,0.0,0.0,0.0,0.00016877637
train,7006,tg,1.0,0.59322035,0.3846154,1.0,0.00016877637,0.00016877637,0.00016877637
train,7007,tg,1.0,0.59322035,0.37313432,1.0,0.00016877637,0.00016877637,0.00016877637
train,7008,egc,0.59375,0.5833333,0.5277778,0.0,0.0,0.0,0.0
train,7009,egc,0.3783784,0.36842105,0.33962265,0.0,0.0,0.0,0.0
train,7010,egc,1.0,0.84090906,0.73333335,1.0,0.00016877637,0.00016877637,0.00033755274
train,7011,egc,0.75,0.67391306,0.65957445,0.0,0.0,0.0,0.0
train,7012,egc,1.0,0.74,0.7307692,1.0,0.00016877637,0.00033755274,0.00033755274
train,7013,egc,0.47368422,0.39534885,0.36842105,0.0,0.0,0.0,0.0
train,7014,egc,0.7,0.63265306,0.62222224,0.0,0.0,0.0,0.0
train,7015,egc,0.4,0.3243243,0.2962963,0.0,0.0,0.0,0.0
train,7016,tg,0.43661973,0.42168674,0.4050633,0.0,0.0,0.0,0.0
train,7017,egc,0.53571427,0.44444445,0.39285713,0.0,0.0,0.0,0.0
train,7018,egc,0.53571427,0.46875,0.42857143,0.0,0.0,0.0,0.0
train,7019,egc,0.5882353,0.47058824,0.4390244,0.0,0.0,0.0,0.0
train,7020,egc,0.6388889,0.5882353,0.46875,0.0,0.0,0.0,0.0
train,7021,egc,0.7297297,0.46153846,0.4390244,0.0,0.0,0.0,0.0
train,7022,egc,0.46875,0.41860464,0.3846154,0.0,0.0,0.0,0.0
train,7023,egc,0.7297297,0.6052632,0.46666667,0.0,0.0,0.0,0.0
train,7024,tg,0.9166667,0.7457627,0.71875,0.0,0.0,0.00016877637,0.00016877637
train,7025,tg,0.91935486,0.73846155,0.65625,0.0,0.0,0.00016877637,0.00016877637
train,7026,tg,1.0,0.8181818,0.8,1.0,0.00016877637,0.00016877637,0.00016877637
train,7027,tg,1.0,0.8627451,0.8181818,1.0,0.00016877637,0.00016877637,0.0005063291
train,7028,tg,1.0,0.88461536,0.8627451,1.0,0.00016880487,0.00016880487,0.001181634
train,7029,tg,1.0,0.88461536,0.8,1.0,0.00016877637,0.00016877637,0.0005063291
train,7030,tg,1.0,0.78846157,0.7735849,1.0,0.00016877637,0.00016877637,0.00016877637
train,7031,tg,1.0,0.81632656,0.8125,1.0,0.00016877637,0.00016877637,0.00016877637
train,7032,tg,0.9347826,0.86,0.8125,0.0,0.0,0.00033755274,0.0006751055
train,7033,tg,0.8947368,0.6,0.6,0.0,0.0,0.0,0.00033760973
train,7034,tg,0.87096775,0.83076924,0.71428573,0.0,0.0,0.0,0.00016877637
train,7035,tg,0.80597013,0.8,0.7083333,0.0,0.0,0.0,0.0
train,7036,tg,0.83076924,0.8,0.7285714,0.0,0.0,0.0,0.0
train,7037,tg,0.86567163,0.8235294,0.7285714,0.0,0.0,0.0,0.00016877637
train,7038,tg,0.93442625,0.79710144,0.75342464,0.0,0.0,0.00016880487,0.00033760973
train,7039,tg,0.93442625,0.79710144,0.7536232,0.0,0.0,0.00016877637,0.00016877637
train,7040,tg,0.85714287,0.79710144,0.74025977,0.0,0.0,0.0,0.00016877637
train,7041,tg,0.85714287,0.79710144,0.7631579,0.0,0.0,0.0,0.00016877637
train,7042,tg,0.7837838,0.75342464,0.74025977,0.0,0.0,0.0,0.0
train,7043,tg,0.86567163,0.8028169,0.7837838,0.0,0.0,0.0,0.00016880487
train,7044,egc,0.3,0.28,0.27027026,0.0,0.0,0.0,0.0
train,7045,egc,0.7941176,0.63414633,0.63414633,0.0,0.0,0.0,0.0
train,7046,egc,0.7,0.64102566,0.5555556,0.0,0.0,0.0,0.0
train,7047,egc,0.45945945,0.44444445,0.43589744,0.0,0.0,0.0,0.0
train,7048,egc,0.575,0.25675675,0.24675325,0.0,0.0,0.0,0.0
train,7049,egc,0.575,0.25,0.24,0.0,0.0,0.0,0.0
train,7050,tg,0.46551725,0.3888889,0.3846154,0.0,0.0,0.0,0.0
train,7051,tg,1.0,0.56164384,0.45783132,1.0,0.00016877637,0.00016877637,0.00016877637
train,7052,tg,1.0,0.56164384,0.45783132,1.0,0.00016877637,0.00016877637,0.00016877637
train,7053,tg,0.7183099,0.5113636,0.42857143,0.0,0.0,0.0,0.0
train,7054,tg,0.96428573,0.43421054,0.4262295,0.0,0.00016877637,0.00016877637,0.00016877637
train,7055,tg,0.6216216,0.5890411,0.4871795,0.0,0.0,0.0,0.0
train,7056,tg,0.86538464,0.8035714,0.36065573,0.0,0.0,0.0,0.00033755274
train,7057,tg,0.8490566,0.3846154,0.3442623,0.0,0.0,0.0,0.0
train,7058,tg,1.0,0.8490566,0.35416666,1.0,0.00016880487,0.00016880487,0.00033760973
train,7059,tg,0.5492958,0.41558442,0.35955057,0.0,0.0,0.0,0.0
train,7060,tg,0.8113208,0.6666667,0.5714286,0.0,0.0,0.0,0.0
train,7061,tg,0.8113208,0.61538464,0.55737704,0.0,0.0,0.0,0.0
train,7062,tg,0.96428573,0.5492958,0.39726028,0.0,0.00016877637,0.00016877637,0.00016877637
train,7063,tg,0.89285713,0.45454547,0.40677965,0.0,0.0,0.0,0.00016880487
train,7064,egc,0.7307692,0.5588235,0.51428574,0.0,0.0,0.0,0.0
train,7065,egc,0.6363636,0.5555556,0.4871795,0.0,0.0,0.0,0.0
train,7066,egc,0.7307692,0.6666667,0.625,0.0,0.0,0.0,0.0
train,7067,eea,0.775,0.7027027,0.7027027,0.0,0.0,0.0,0.0
train,7068,egb,0.775,0.7027027,0.7027027,0.0,0.0,0.0,0.0
train,7069,nc,0.775,0.7027027,0.7027027,0.0,0.0,0.0,0.0
train,7070,tg,0.5,0.4054054,0.3888889,0.0,0.0,0.0,0.0
train,7071,egc,0.41666666,0.3888889,0.36842105,0.0,0.0,0.0,0.0
train,7072,egb,0.44,0.4,0.3888889,0.0,0.0,0.0,0.0
train,7073,egc,0.44,0.4,0.3888889,0.0,0.0,0.0,0.0
train,7074,eps,0.44,0.4,0.3888889,0.0,0.0,0.0,0.0
train,7075,egc,0.3469388,0.3469388,0.3207547,0.0,0.0,0.0,0.0
train,7076,egb,0.53333336,0.53333336,0.516129,0.0,0.0,0.0,0.0
train,7077,egc,1.0,0.7837838,0.5897436,1.0,0.00016877637,0.00016877637,0.00016877637
train,7078,egc,0.84210527,0.82051283,0.675,0.0,0.0,0.0,0.0
train,7079,egc,0.8947368,0.7297297,0.675,0.0,0.0,0.0,0.00016880487
train,7080,egc,0.7837838,0.7567568,0.52380955,0.0,0.0,0.0,0.0
train,7081,egb,1.0,0.7631579,0.75757575,1.0,0.00016877637,0.00016877637,0.00016877637
train,7082,egc,1.0,0.7631579,0.75757575,1.0,0.00016877637,0.00016877637,0.00016877637
train,7083,egc,0.92105263,0.74358976,0.74358976,0.0,0.0,0.00016877637,0.00016877637
train,7084,egc,0.92105263,0.775,0.775,0.0,0.0,0.00016877637,0.00033755274
train,7085,egc,0.9285714,0.71875,0.5625,0.0,0.0,0.00016877637,0.00016877637
train,7086,egc,0.875,0.7222222,0.59090906,0.0,0.0,0.0,0.00016880487
train,7087,egc,0.9285714,0.72727275,0.625,0.0,0.0,0.00016877637,0.00033755274
train,7088,egc,0.9122807,0.8965517,0.84745765,0.0,0.0,0.00033755274,0.0006751055
train,7089,egc,0.51111114,0.4680851,0.4375,0.0,0.0,0.0,0.0
train,7090,egc,1.0,0.7,0.6862745,1.0,0.00016877637,0.00016877637,0.00016877637
train,7091,egc,1.0,0.875,0.8604651,1.0,0.00016880487,0.00033760973,0.0008440243
train,7092,egc,1.0,0.7254902,0.63793105,1.0,0.00016877637,0.00016877637,0.00016877637
train,7093,egc,0.55263156,0.4,0.38297874,0.0,0.0,0.0,0.0
train,7094,egc,0.55263156,0.52272725,0.4888889,0.0,0.0,0.0,0.0
train,7095,egc,0.42307693,0.4074074,0.2857143,0.0,0.0,0.0,0.0
train,7096,tg,0.6530612,0.6530612,0.6530612,0.0,0.0,0.0,0.0
train,7097,egc,0.6904762,0.51282054,0.5106383,0.0,0.0,0.0,0.0
train,7098,egc,0.46153846,0.41025642,0.38297874,0.0,0.0,0.0,0.0
train,7099,tg,0.46296296,0.45614034,0.45454547,0.0,0.0,0.0,0.0
train,7100,egc,0.42307693,0.33333334,0.3181818,0.0,0.0,0.0,0.0
train,7101,tg,0.7222222,0.4084507,0.37254903,0.0,0.0,0.0,0.0
train,7102,tg,0.7222222,0.3809524,0.37313432,0.0,0.0,0.0,0.0
train,7103,tg,1.0,1.0,0.50980395,1.0,0.0005063291,0.0005063291,0.0005063291
train,7104,tg,1.0,0.6052632,0.5,1.0,0.00033755274,0.00033755274,0.00033755274
train,7105,tg,0.6086956,0.48214287,0.4528302,0.0,0.0,0.0,0.0
train,7106,tg,0.82608694,0.73214287,0.6363636,0.0,0.0,0.0,0.0
train,7107,tg,0.79310346,0.68333334,0.5645161,0.0,0.0,0.0,0.0
train,7108,tg,0.83928573,0.73214287,0.6034483,0.0,0.0,0.0,0.0
train,7109,tg,0.7755102,0.6363636,0.5645161,0.0,0.0,0.0,0.0
train,7110,tg,0.84090906,0.7307692,0.6545454,0.0,0.0,0.0,0.0
train,7111,tg,0.83928573,0.7307692,0.62711865,0.0,0.0,0.0,0.0
train,7112,tg,0.84090906,0.7755102,0.64912283,0.0,0.0,0.0,0.0
train,7113,tg,0.9148936,0.9148936,0.5769231,0.0,0.0,0.0005063291,0.0005063291
train,7114,tg,1.0,0.9148936,0.5555556,1.0,0.00033755274,0.0005063291,0.0005063291
train,7115,tg,1.0,0.9148936,0.5,1.0,0.00033755274,0.0005063291,0.0005063291
train,7116,tg,1.0,0.9148936,0.5555556,1.0,0.00033760973,0.00050641457,0.00050641457
train,7117,egc,0.7058824,0.53488374,0.5,0.0,0.0,0.0,0.0
train,7118,egc,0.7058824,0.5813953,0.47368422,0.0,0.0,0.0,0.0
train,7119,egc,0.6969697,0.61764705,0.5,0.0,0.0,0.0,0.0
train,7120,egc,0.61764705,0.61538464,0.5833333,0.0,0.0,0.0,0.0
train,7121,egc,1.0,0.972973,0.6511628,1.0,0.00050641457,0.00050641457,0.00050641457
train,7122,egc,0.972973,0.6818182,0.6511628,0.0,0.00033755274,0.00033755274,0.00033755274
train,7123,egc,0.46666667,0.4375,0.33962265,0.0,0.0,0.0,0.0
train,7124,egc,0.5833333,0.43589744,0.4047619,0.0,0.0,0.0,0.0
train,7125,tg,0.69014084,0.33333334,0.32857144,0.0,0.0,0.0,0.0
train,7126,tg,0.69014084,0.41379312,0.36363637,0.0,0.0,0.0,0.0
train,7127,tg,0.65822786,0.4597701,0.42666668,0.0,0.0,0.0,0.0
train,7128,tg,0.63793105,0.6166667,0.5131579,0.0,0.0,0.0,0.0
train,7129,tg,0.36734694,0.36734694,0.36734694,0.0,0.0,0.0,0.0
train,7130,tg,0.54761904,0.45714286,0.45714286,0.0,0.0,0.0,0.0
train,7131,tg,0.54761904,0.53488374,0.4864865,0.0,0.0,0.0,0.0
train,7132,tg,0.63414633,0.6,0.5833333,0.0,0.0,0.0,0.0
train,7133,tg,1.0,0.7,0.6111111,1.0,0.00016877637,0.00016877637,0.00016877637
train,7134,tg,1.0,0.8888889,0.72727275,1.0,0.00033755274,0.00033755274,0.0006751055
train,7135,tg,0.6363636,0.61538464,0.5714286,0.0,0.0,0.0,0.0
train,7136,tg,0.75757575,0.72727275,0.6388889,0.0,0.0,0.0,0.0
train,7137,tg,0.6944444,0.6666667,0.65789473,0.0,0.0,0.0,0.0
train,7138,tg,1.0,0.85714287,0.65789473,1.0,0.00016877637,0.00016877637,0.0005063291
train,7139,tg,0.82,0.66101694,0.5217391,0.0,0.0,0.0,0.0
train,7140,tg,0.82,0.6603774,0.5263158,0.0,0.0,0.0,0.0
train,7141,tg,0.71666664,0.66101694,0.5,0.0,0.0,0.0,0.0
train,7142,tg,1.0,0.5641026,0.52380955,1.0,0.00016877637,0.00016877637,0.00016877637
train,7143,tg,0.90384614,0.78333336,0.3768116,0.0,0.0,0.00016877637,0.00016877637
train,7144,tg,0.73134327,0.6911765,0.5492958,0.0,0.0,0.0,0.0
train,7145,tg,0.86206895,0.73333335,0.43055555,0.0,0.0,0.0,0.00016877637
train,7146,tg,0.86206895,0.78571427,0.41538462,0.0,0.0,0.0,0.00016880487
train,7147,tg,0.90384614,0.73333335,0.4,0.0,0.0,0.00016877637,0.00016877637
train,7148,tg,0.35714287,0.30555555,0.3,0.0,0.0,0.0,0.0
train,7149,tg,1.0,0.70454544,0.6818182,1.0,0.00016877637,0.00016877637,0.00016877637
train,7150,tg,1.0,0.972973,0.70454544,1.0,0.0005063291,0.0005063291,0.0005063291
train,7151,tg,1.0,0.6818182,0.6363636,1.0,0.00016880487,0.00016880487,0.00016880487
train,7152,tg,0.972973,0.6818182,0.6511628,0.0,0.00033755274,0.00033755274,0.00033755274
train,7153,tg,0.6216216,0.4117647,0.4090909,0.0,0.0,0.0,0.0
train,7154,tg,0.85,0.6615385,0.48333332,0.0,0.0,0.0,0.0
train,7155,tg,0.7837838,0.6744186,0.5714286,0.0,0.0,0.0,0.0
train,7156,tg,0.96666664,0.7837838,0.53488374,0.0,0.00016880487,0.00016880487,0.00016880487
train,7157,tg,0.82857144,0.6744186,0.46938777,0.0,0.0,0.0,0.0
train,7158,tg,0.96666664,0.7631579,0.52272725,0.0,0.00016877637,0.00016877637,0.00016877637
train,7159,tg,1.0,0.4074074,0.3880597,1.0,0.00016877637,0.00016877637,0.00016877637
train,7160,tg,1.0,0.41379312,0.3880597,1.0,0.00016877637,0.00016877637,0.00016877637
train,7161,tg,0.7894737,0.7837838,0.5897436,0.0,0.0,0.0,0.0
train,7162,tg,0.60784316,0.5,0.44230768,0.0,0.0,0.0,0.0
train,7163,tg,0.81632656,0.5777778,0.5294118,0.0,0.0,0.0,0.0
train,7164,tg,1.0,0.94,0.8703704,1.0,0.00033755274,0.0005063291,0.00084388186
train,7165,tg,1.0,0.8703704,0.8703704,1.0,0.00016877637,0.00016877637,0.00084388186
train,7166,tg,1.0,1.0,0.8703704,1.0,0.00050641457,0.00067521946,0.0010128291
train,7167,tg,1.0,0.8703704,0.8703704,1.0,0.00016877637,0.00016877637,0.00084388186
train,7168,tg,1.0,1.0,0.8703704,1.0,0.0005063291,0.0006751055,0.0010126582
train,7169,tg,1.0,0.94,0.8703704,1.0,0.00033755274,0.0005063291,0.00084388186
train,7170,tg,0.94,0.94,0.8148148,0.0,0.0,0.0006751055,0.0006751055
train,7171,tg,0.73170733,0.5,0.4318182,0.0,0.0,0.0,0.0
train,7172,tg,1.0,0.63414633,0.5416667,1.0,0.00016877637,0.00016877637,0.00016877637
train,7173,tg,0.5308642,0.5294118,0.50617284,0.0,0.0,0.0,0.0
train,7174,tg,1.0,0.9268293,0.8372093,1.0,0.00033755274,0.0005063291,0.0005063291
train,7175,tg,0.9736842,0.8095238,0.7906977,0.0,0.00016877637,0.00016877637,0.00016877637
train,7176,tg,1.0,0.81395346,0.81395346,1.0,0.00033760973,0.00033760973,0.00033760973
train,7177,tg,0.975,0.9512195,0.88095236,0.0,0.0005063291,0.0005063291,0.0011814346
train,7178,tg,1.0,0.9268293,0.8372093,1.0,0.00033755274,0.0005063291,0.0005063291
train,7179,tg,0.83870965,0.74285716,0.65,0.0,0.0,0.0,0.0
train,7180,tg,1.0,0.7962963,0.60784316,1.0,0.00016877637,0.00033755274,0.00033755274
train,7181,tg,0.93877554,0.88,0.6530612,0.0,0.0,0.00033760973,0.00050641457
train,7182,tg,1.0,0.9,0.60784316,1.0,0.00016877637,0.00033755274,0.0005063291
train,7183,tg,0.7962963,0.7777778,0.71428573,0.0,0.0,0.0,0.0
train,7184,tg,0.90789473,0.4489796,0.44871795,0.0,0.0,0.00016877637,0.00016877637
train,7185,tg,0.90789473,0.49462366,0.46666667,0.0,0.0,0.00016877637,0.00016877637
train,7186,tg,0.7529412,0.44444445,0.44444445,0.0,0.0,0.0,0.0
train,7187,tg,0.7916667,0.72,0.7,0.0,0.0,0.0,0.0
train,7188,tg,1.0,0.88095236,0.8372093,1.0,0.00033755274,0.00033755274,0.0006751055
train,7189,tg,1.0,0.88095236,0.8372093,1.0,0.00033755274,0.00033755274,0.0006751055
train,7190,tg,0.9,0.71428573,0.6875,0.0,0.0,0.0,0.00033755274
train,7191,tg,0.975,0.9268293,0.8780488,0.0,0.00016880487,0.00050641457,0.0013504389
train,7192,tg,1.0,0.88235295,0.80487806,1.0,0.00016877637,0.00016877637,0.0005063291
train,7193,tg,1.0,0.88235295,0.75,1.0,0.00016877637,0.00016877637,0.0005063291
train,7194,tg,0.8,0.6666667,0.5714286,0.0,0.0,0.0,0.0
train,7195,tg,0.9756098,0.8,0.7777778,0.0,0.00033755274,0.00033755274,0.00033755274
train,7196,tg,1.0,0.8,0.65957445,1.0,0.00033760973,0.00033760973,0.00033760973
train,7197,tg,0.78571427,0.76744187,0.61702126,0.0,0.0,0.0,0.0
train,7198,tg,0.6730769,0.42857143,0.41428572,0.0,0.0,0.0,0.0
train,7199,tg,0.6730769,0.5102041,0.5,0.0,0.0,0.0,0.0
train,7200,egc,0.29166666,0.27906978,0.27450982,0.0,0.0,0.0,0.0
train,7201,tg,0.90384614,0.546875,0.5263158,0.0,0.0,0.00033760973,0.00033760973
train,7202,tg,1.0,0.5084746,0.5084746,1.0,0.00016877637,0.00033755274,0.00033755274
train,7203,tg,1.0,0.8717949,0.82051283,1.0,0.00016877637,0.00016877637,0.0005063291
train,7204,tg,0.8974359,0.74358976,0.74358976,0.0,0.0,0.0,0.00016877637
train,7205,tg,1.0,0.93939394,0.8378378,1.0,0.00033755274,0.0005063291,0.0006751055
train,7206,tg,0.94871795,0.84615386,0.8378378,0.0,0.0,0.00016880487,0.00033760973
train,7207,tg,1.0,1.0,0.8378378,1.0,0.0005063291,0.0006751055,0.0006751055
train,7208,tg,0.8947368,0.82051283,0.7804878,0.0,0.0,0.0,0.00016877637
train,7209,tg,1.0,0.7837838,0.7837838,1.0,0.00016877637,0.00016877637,0.00016877637
train,7210,tg,1.0,0.5217391,0.4893617,1.0,0.00016877637,0.00016877637,0.00016877637
train,7211,tg,1.0,0.5217391,0.4893617,1.0,0.00016880487,0.00016880487,0.00016880487
train,7212,tg,0.59183675,0.59183675,0.59183675,0.0,0.0,0.0,0.0
train,7213,tg,0.63829786,0.63829786,0.63829786,0.0,0.0,0.0,0.0
train,7214,tg,1.0,1.0,0.972973,1.0,0.0010126582,0.0010126582,0.0016877637
train,7215,tg,0.972973,0.972973,0.972973,0.0,0.00084388186,0.0010126582,0.0016877637
train,7216,tg,1.0,1.0,0.972973,1.0,0.0010128291,0.0010128291,0.0015192437
train,7217,tg,0.8666667,0.5,0.4864865,0.0,0.0,0.0,0.00016877637
train,7218,tg,0.8666667,0.5507246,0.54545456,0.0,0.0,0.0,0.00016877637
train,7219,tg,0.5102041,0.47663552,0.42857143,0.0,0.0,0.0,0.0
train,7220,tg,0.6666667,0.578125,0.5625,0.0,0.0,0.0,0.0
train,7221,tg,0.72,0.6166667,0.6052632,0.0,0.0,0.0,0.0
train,7222,tg,1.0,0.7631579,0.7631579,1.0,0.00016877637,0.00016877637,0.00033755274
train,7223,tg,1.0,0.85714287,0.7631579,1.0,0.00033755274,0.00033755274,0.0005063291
train,7224,tg,1.0,0.82857144,0.82857144,1.0,0.00016877637,0.00016877637,0.00016877637
train,7225,tg,1.0,1.0,0.84375,1.0,0.0005063291,0.0005063291,0.0005063291
train,7226,tg,1.0,1.0,0.8974359,1.0,0.00050641457,0.00050641457,0.0013504389
train,7227,tg,0.77272725,0.77272725,0.77272725,0.0,0.0,0.0,0.0
train,7228,tg,1.0,1.0,0.8974359,1.0,0.0006751055,0.0006751055,0.0016877637
train,7229,tg,1.0,1.0,0.8974359,1.0,0.0006751055,0.0006751055,0.0015189874
train,7230,tg,1.0,0.8378378,0.8378378,1.0,0.00033755274,0.00033755274,0.00033755274
train,7231,egc,0.49019608,0.3877551,0.38636363,0.0,0.0,0.0,0.0
train,7232,tg,0.8378378,0.75609756,0.7380952,0.0,0.0,0.0,0.0
train,7233,tg,1.0,0.85714287,0.8333333,1.0,0.00016877637,0.00016877637,0.0005063291
train,7234,tg,1.0,0.82857144,0.8235294,1.0,0.00033755274,0.00033755274,0.00033755274
train,7235,tg,1.0,0.84615386,0.82857144,1.0,0.00016877637,0.00016877637,0.00016877637
train,7236,tg,1.0,0.82857144,0.8181818,1.0,0.00033760973,0.00033760973,0.00033760973
train,7237,tg,1.0,0.84375,0.84375,1.0,0.00033755274,0.00033755274,0.00033755274
train,7238,tg,1.0,0.82857144,0.75757575,1.0,0.00033755274,0.00033755274,0.00033755274
train,7239,egc,0.57894737,0.5116279,0.40425533,0.0,0.0,0.0,0.0
train,7240,egc,0.42592594,0.390625,0.3877551,0.0,0.0,0.0,0.0
train,7241,tg,0.6511628,0.5813953,0.48,0.0,0.0,0.0,0.0
train,7242,tg,0.6037736,0.5740741,0.5272727,0.0,0.0,0.0,0.0
train,7243,tg,0.61702126,0.575,0.5294118,0.0,0.0,0.0,0.0
train,7244,tg,0.65957445,0.5,0.5,0.0,0.0,0.0,0.0
train,7245,tg,0.375,0.375,0.36666667,0.0,0.0,0.0,0.0
train,7246,tg,0.9714286,0.65909094,0.6511628,0.0,0.00016880487,0.00016880487,0.00016880487
train,7247,tg,0.9714286,0.6511628,0.6363636,0.0,0.00016877637,0.00016877637,0.00016877637
train,7248,egc,0.3265306,0.25,0.24390244,0.0,0.0,0.0,0.0
train,7249,tg,0.61904764,0.5945946,0.55,0.0,0.0,0.0,0.0
train,7250,tg,0.48076922,0.46296296,0.44444445,0.0,0.0,0.0,0.0
train,7251,tg,0.67241377,0.49253732,0.46774194,0.0,0.0,0.0,0.0
train,7252,tg,0.67241377,0.5263158,0.5,0.0,0.0,0.0,0.0
train,7253,tg,0.703125,0.50617284,0.4057971,0.0,0.0,0.0,0.0
train,7254,tg,0.44680852,0.42,0.42,0.0,0.0,0.0,0.0
train,7255,tg,0.7966102,0.41428572,0.32394367,0.0,0.0,0.0,0.0
train,7256,tg,0.8,0.46376812,0.36507937,0.0,0.0,0.0,0.0
train,7257,tg,0.7966102,0.46153846,0.3939394,0.0,0.0,0.0,0.0
train,7258,tg,0.48214287,0.4090909,0.4090909,0.0,0.0,0.0,0.0
train,7259,tg,0.85714287,0.7368421,0.516129,0.0,0.0,0.0,0.00016877637
train,7260,tg,0.875,0.75,0.625,0.0,0.0,0.0,0.00016877637
train,7261,tg,0.84,0.7368421,0.484375,0.0,0.0,0.0,0.0
train,7262,tg,0.875,0.84,0.5263158,0.0,0.0,0.0,0.00033755274
train,7263,tg,0.7692308,0.75,0.45,0.0,0.0,0.0,0.0
train,7264,tg,0.9736842,0.64705884,0.5344828,0.0,0.00016877637,0.00016877637,0.00016877637
train,7265,tg,0.9736842,0.75,0.5555556,0.0,0.00033755274,0.00033755274,0.00033755274
train,7266,tg,0.8181818,0.5479452,0.50617284,0.0,0.0,0.0,0.0
train,7267,tg,0.375,0.359375,0.3548387,0.0,0.0,0.0,0.0
train,7268,tg,0.84210527,0.7619048,0.72727275,0.0,0.0,0.0,0.0
train,7269,tg,1.0,0.7586207,0.72727275,1.0,0.00016877637,0.00016877637,0.00016877637
train,7270,tg,0.63793105,0.5740741,0.4528302,0.0,0.0,0.0,0.0
train,7271,tg,1.0,0.73015875,0.5322581,1.0,0.00016880487,0.00016880487,0.00016880487
train,7272,tg,0.94827586,0.94827586,0.7419355,0.0,0.0,0.0005063291,0.0005063291
train,7273,tg,1.0,0.94827586,0.73015875,1.0,0.00033755274,0.0005063291,0.0005063291
train,7274,tg,1.0,0.73015875,0.73015875,1.0,0.00016877637,0.00016877637,0.00016877637
train,7275,tg,0.9655172,0.94827586,0.73015875,0.0,0.00033755274,0.0005063291,0.0005063291
train,7276,tg,1.0,0.94827586,0.49253732,1.0,0.00033760973,0.00050641457,0.00050641457
train,7277,tg,0.8545455,0.5671642,0.53846157,0.0,0.0,0.0,0.00016877637
train,7278,tg,0.96363634,0.6060606,0.6,0.0,0.00016877637,0.00016877637,0.00033755274
train,7279,tg,0.90384614,0.52238804,0.5151515,0.0,0.0,0.00016877637,0.00016877637
train,7280,tg,0.90384614,0.578125,0.56060606,0.0,0.0,0.00016877637,0.00033755274
train,7281,tg,1.0,0.67241377,0.6166667,1.0,0.00033760973,0.00033760973,0.00033760973
train,7282,tg,0.4861111,0.45833334,0.45070422,0.0,0.0,0.0,0.0
train,7283,tg,0.7878788,0.525,0.5068493,0.0,0.0,0.0,0.0
train,7284,tg,0.7878788,0.57746476,0.52112675,0.0,0.0,0.0,0.0
train,7285,tg,0.85714287,0.59322035,0.5538462,0.0,0.0,0.0,0.00016877637
train,7286,tg,0.7894737,0.6296296,0.58928573,0.0,0.0,0.0,0.0
train,7287,tg,0.6111111,0.58536583,0.57894737,0.0,0.0,0.0,0.0
train,7288,tg,0.85714287,0.5967742,0.58181816,0.0,0.0,0.0,0.00016877637
train,7289,tg,0.6857143,0.65,0.64,0.0,0.0,0.0,0.0
train,7290,tg,0.96363634,0.6363636,0.6060606,0.0,0.00016877637,0.00016877637,0.00016877637
train,7291,tg,0.89285713,0.6515151,0.6212121,0.0,0.0,0.0,0.00016880487
train,7292,tg,0.9622642,0.70689654,0.6515151,0.0,0.00033755274,0.00033755274,0.00033755274
train,7293,tg,0.6666667,0.64705884,0.59574467,0.0,0.0,0.0,0.0
train,7294,tg,0.8181818,0.5064935,0.46666667,0.0,0.0,0.0,0.0
train,7295,tg,0.969697,0.84210527,0.8,0.0,0.00016877637,0.00033755274,0.00033755274
train,7296,tg,0.90384614,0.4923077,0.43137255,0.0,0.0,0.00016880487,0.00016880487
train,7297,tg,0.90384614,0.4057971,0.4027778,0.0,0.0,0.00016877637,0.00016877637
train,7298,tg,0.969697,0.8648649,0.82051283,0.0,0.00033755274,0.00033755274,0.0005063291
train,7299,tg,0.82051283,0.72727275,0.7111111,0.0,0.0,0.0,0.0
train,7300,tg,0.84210527,0.7894737,0.74418604,0.0,0.0,0.0,0.0
train,7301,tg,0.8648649,0.8378378,0.74418604,0.0,0.0,0.0,0.00016880487
train,7302,tg,0.8947368,0.52459013,0.47142857,0.0,0.0,0.0,0.00016877637
train,7303,tg,0.8947368,0.5344828,0.43076923,0.0,0.0,0.0,0.00016877637
train,7304,tg,0.9245283,0.5479452,0.45901638,0.0,0.0,0.00016877637,0.00016877637
train,7305,tg,1.0,0.5660377,0.5660377,1.0,0.00033755274,0.00033755274,0.00033755274
train,7306,tg,1.0,0.64,0.5660377,1.0,0.00033760973,0.00033760973,0.00033760973
train,7307,tg,1.0,0.64,0.5660377,1.0,0.00033755274,0.00033755274,0.00033755274
train,7308,tg,0.9245283,0.53333336,0.4516129,0.0,0.0,0.00016877637,0.00016877637
train,7309,tg,1.0,0.7027027,0.7027027,1.0,0.00016877637,0.00016877637,0.00016877637
train,7310,tg,1.0,1.0,0.5660377,1.0,0.0006751055,0.0006751055,0.0006751055
train,7311,tg,1.0,1.0,0.5660377,1.0,0.00050641457,0.00050641457,0.00050641457
train,7312,tg,0.75,0.627907,0.627907,0.0,0.0,0.0,0.0
train,7313,tg,1.0,0.6545454,0.5744681,1.0,0.00016877637,0.00016877637,0.00016877637
train,7314,egc,0.42307693,0.39285713,0.36666667,0.0,0.0,0.0,0.0
train,7315,egc,0.6037736,0.38636363,0.38636363,0.0,0.0,0.0,0.0
train,7316,egc,0.5769231,0.42105263,0.3548387,0.0,0.0,0.0,0.0
train,7317,egc,0.85714287,0.85714287,0.5,0.0,0.0,0.0,0.0005063291
train,7318,egc,0.7,0.6060606,0.5769231,0.0,0.0,0.0,0.0
train,7319,egc,1.0,0.85714287,0.6060606,1.0,0.00033755274,0.00033755274,0.0005063291
train,7320,egc,1.0,0.85714287,0.6060606,1.0,0.00033755274,0.00033755274,0.0005063291
train,7321,egc,1.0,0.85714287,0.6060606,1.0,0.00033760973,0.00033760973,0.00050641457
train,7322,egc,0.6969697,0.6969697,0.5714286,0.0,0.0,0.0,0.0
train,7323,egc,0.5,0.33333334,0.3043478,0.0,0.0,0.0,0.0
train,7324,egc,1.0,0.63414633,0.42857143,1.0,0.00016877637,0.00016877637,0.00016877637
train,7325,egc,1.0,0.63414633,0.42857143,1.0,0.00016877637,0.00016877637,0.00016877637
train,7326,egc,0.63414633,0.41379312,0.34210527,0.0,0.0,0.0,0.0
train,7327,egc,0.51724136,0.37142858,0.35714287,0.0,0.0,0.0,0.0
train,7328,egc,0.60714287,0.37142858,0.36585367,0.0,0.0,0.0,0.0
train,7329,egc,0.60714287,0.33333334,0.27272728,0.0,0.0,0.0,0.0
train,7330,egc,0.5416667,0.37142858,0.3275862,0.0,0.0,0.0,0.0
train,7331,egc,0.7878788,0.5588235,0.5405405,0.0,0.0,0.0,0.0
train,7332,egc,0.6122449,0.53571427,0.41379312,0.0,0.0,0.0,0.0
train,7333,tg,0.6037736,0.4848485,0.42028984,0.0,0.0,0.0,0.0
train,7334,tg,0.8666667,0.8125,0.43055555,0.0,0.0,0.0,0.00016877637
train,7335,tg,0.9318182,0.8125,0.5964912,0.0,0.0,0.00033755274,0.00033755274
train,7336,tg,0.97619045,0.8666667,0.6296296,0.0,0.00016880487,0.00033760973,0.00067521946
train,7337,tg,0.8541667,0.8039216,0.55737704,0.0,0.0,0.0,0.00016877637
train,7338,tg,0.97619045,0.84782606,0.6181818,0.0,0.00016877637,0.00033755274,0.00033755274
train,7339,tg,0.6296296,0.5964912,0.55737704,0.0,0.0,0.0,0.0
train,7340,tg,1.0,0.47058824,0.45714286,1.0,0.00016877637,0.00016877637,0.00016877637
train,7341,tg,0.6034483,0.5692308,0.5645161,0.0,0.0,0.0,0.0
train,7342,tg,0.7173913,0.42553192,0.42553192,0.0,0.0,0.0,0.0
train,7343,tg,0.7173913,0.39130434,0.3877551,0.0,0.0,0.0,0.0
train,7344,tg,0.5074627,0.42857143,0.40384614,0.0,0.0,0.0,0.0
train,7345,tg,0.7826087,0.6666667,0.5952381,0.0,0.0,0.0,0.0
train,7346,tg,0.7826087,0.65909094,0.5555556,0.0,0.0,0.0,0.0
train,7347,tg,0.65909094,0.5555556,0.53333336,0.0,0.0,0.0,0.0
train,7348,tg,0.75,0.5,0.45454547,0.0,0.0,0.0,0.0
train,7349,tg,0.8235294,0.5833333,0.53846157,0.0,0.0,0.0,0.0
train,7350,tg,0.8125,0.6666667,0.6315789,0.0,0.0,0.0,0.0
train,7351,tg,0.8125,0.6603774,0.64912283,0.0,0.0,0.0,0.0
train,7352,tg,0.71666664,0.64912283,0.5217391,0.0,0.0,0.0,0.0
train,7353,tg,0.75510204,0.6785714,0.4918033,0.0,0.0,0.0,0.0
train,7354,tg,0.6888889,0.5714286,0.5714286,0.0,0.0,0.0,0.0
train,7355,tg,0.6888889,0.4651163,0.45454547,0.0,0.0,0.0,0.0
train,7356,tg,0.78431374,0.7307692,0.70454544,0.0,0.0,0.0,0.0
train,7357,tg,0.78431374,0.70212764,0.6785714,0.0,0.0,0.0,0.0
train,7358,tg,0.9787234,0.6909091,0.6041667,0.0,0.00016877637,0.00016877637,0.00016877637
train,7359,tg,0.9787234,0.6785714,0.59183675,0.0,0.00016877637,0.00016877637,0.00016877637
train,7360,tg,0.75,0.6086956,0.54285717,0.0,0.0,0.0,0.0
train,7361,tg,0.9677419,0.7027027,0.55263156,0.0,0.00033760973,0.00033760973,0.00033760973
train,7362,tg,0.96153843,0.56,0.51724136,0.0,0.00016877637,0.00016877637,0.00016877637
train,7363,tg,0.9705882,0.7027027,0.68421054,0.0,0.00016877637,0.00016877637,0.00016877637
train,7364,tg,1.0,0.7105263,0.68421054,1.0,0.00033755274,0.00033755274,0.00033755274
train,7365,tg,0.96153843,0.5405405,0.53846157,0.0,0.00016877637,0.00016877637,0.00016877637
train,7366,tg,0.9705882,0.7234042,0.7105263,0.0,0.00016880487,0.00016880487,0.00016880487
train,7367,tg,1.0,0.7105263,0.68421054,1.0,0.00033755274,0.00033755274,0.00033755274
train,7368,tg,1.0,0.41860464,0.4090909,1.0,0.00016877637,0.00016877637,0.00016877637
train,7369,tg,0.58064514,0.5,0.49019608,0.0,0.0,0.0,0.0
train,7370,tg,1.0,0.6862745,0.5689655,1.0,0.00016877637,0.00016877637,0.00016877637
train,7371,tg,1.0,0.88461536,0.88461536,1.0,0.00016880487,0.00016880487,0.001181634
train,7372,tg,0.84210527,0.6086956,0.5652174,0.0,0.0,0.0,0.0
train,7373,tg,1.0,1.0,1.0,1.0,0.0010126582,0.0010126582,0.001350211
train,7374,tg,0.7714286,0.52380955,0.5,0.0,0.0,0.0,0.0
train,7375,tg,1.0,1.0,1.0,1.0,0.0010126582,0.0010126582,0.0011814346
train,7376,tg,1.0,0.5777778,0.5652174,1.0,0.00016880487,0.00016880487,0.00016880487
train,7377,tg,1.0,1.0,1.0,1.0,0.0011814346,0.0011814346,0.0015189874
train,7378,tg,0.84210527,0.65957445,0.60465115,0.0,0.0,0.0,0.0
train,7379,tg,0.7173913,0.5531915,0.5471698,0.0,0.0,0.0,0.0
train,7380,tg,1.0,0.5777778,0.5531915,1.0,0.00016877637,0.00016877637,0.00016877637
train,7381,tg,0.6875,0.5555556,0.5365854,0.0,0.0,0.0,0.0
train,7382,tg,0.7291667,0.5714286,0.5,0.0,0.0,0.0,0.0
train,7383,tg,0.62857145,0.62857145,0.62857145,0.0,0.0,0.0,0.0
train,7384,tg,1.0,0.5,0.45945945,1.0,0.00016877637,0.00016877637,0.00016877637
train,7385,tg,0.5531915,0.5365854,0.52380955,0.0,0.0,0.0,0.0
train,7386,tg,1.0,0.6122449,0.5,1.0,0.00016880487,0.00016880487,0.00016880487
train,7387,tg,0.9230769,0.8333333,0.7619048,0.0,0.0,0.00016877637,0.00016877637
train,7388,tg,1.0,0.5952381,0.55,1.0,0.00016877637,0.00016877637,0.00016877637
train,7389,tg,1.0,0.78571427,0.5952381,1.0,0.00016877637,0.00016877637,0.00016877637
train,7390,tg,0.35526314,0.34545454,0.31746033,0.0,0.0,0.0,0.0
train,7391,tg,0.325,0.31764707,0.30588236,0.0,0.0,0.0,0.0
train,7392,tg,0.8148148,0.4516129,0.3809524,0.0,0.0,0.0,0.0
train,7393,tg,0.7777778,0.6666667,0.4716981,0.0,0.0,0.0,0.0
train,7394,tg,0.88372093,0.7173913,0.54545456,0.0,0.0,0.0,0.00016877637
train,7395,tg,0.8148148,0.47692308,0.4375,0.0,0.0,0.0,0.0
train,7396,tg,0.82608694,0.7173913,0.5,0.0,0.0,0.0,0.0
train,7397,tg,0.8367347,0.76,0.47692308,0.0,0.0,0.0,0.0
train,7398,tg,0.88372093,0.82608694,0.5322581,0.0,0.0,0.0,0.00016877637
train,7399,tg,0.7368421,0.5675676,0.5555556,0.0,0.0,0.0,0.0
train,7400,tg,0.88461536,0.6862745,0.5,0.0,0.0,0.0,0.00016877637
train,7401,tg,0.7446808,0.6923077,0.6304348,0.0,0.0,0.0,0.0
train,7402,tg,0.88461536,0.7446808,0.54901963,0.0,0.0,0.0,0.00016877637
train,7403,egc,0.6818182,0.6730769,0.6603774,0.0,0.0,0.0,0.0
train,7404,egc,0.78431374,0.60294116,0.59322035,0.0,0.0,0.0,0.0
train,7405,egc,0.5,0.46341464,0.45238096,0.0,0.0,0.0,0.0
test,1,egc,1.0,0.8787879,0.4347826,1.0,0.0002700513,0.0002700513,0.00040507698
test,2,egc,1.0,1.0,1.0,1.0,0.0010802052,0.0010802052,0.0013502565
test,3,tg,0.95238096,0.82222223,0.7906977,0.0,0.00013502565,0.00013502565,0.00013502565
test,4,tg,0.7777778,0.32,0.27450982,0.0,0.0,0.0,0.0
test,5,egc,1.0,0.65909094,0.5294118,1.0,0.00013502565,0.00013502565,0.00013502565
test,6,egc,1.0,0.87096775,0.61764705,1.0,0.0002700513,0.0002700513,0.0005401026
test,7,egc,0.41025642,0.32352942,0.2820513,0.0,0.0,0.0,0.0
test,8,tg,0.81578946,0.7368421,0.625,0.0,0.0,0.0,0.0
test,9,tg,0.90625,0.82857144,0.5967742,0.0,0.0,0.0002700513,0.0002700513
test,10,tg,0.64285713,0.61290324,0.5625,0.0,0.0,0.0,0.0
test,11,tg,1.0,0.5660377,0.5272727,1.0,0.00013502565,0.00013502565,0.00013502565
test,12,tg,1.0,0.575,0.46,1.0,0.00013502565,0.00013502565,0.0002700513
test,13,tg,0.81632656,0.78431374,0.7592593,0.0,0.0,0.0,0.0
test,14,tg,0.67741936,0.5121951,0.45454547,0.0,0.0,0.0,0.0
test,15,egb,1.0,0.55172414,0.55172414,1.0,0.0002700513,0.0002700513,0.0002700513
test,16,tg,0.79545456,0.71428573,0.6888889,0.0,0.0,0.0,0.0
test,17,egb,0.54545456,0.53125,0.53125,0.0,0.0,0.0,0.0
test,18,tg,1.0,0.7692308,0.74358976,1.0,0.0002700513,0.0002700513,0.0002700513
test,19,eps,1.0,1.0,0.6666667,1.0,0.00040507698,0.00040507698,0.00040507698
test,20,ei,1.0,0.56,0.53333336,1.0,0.0002700513,0.0002700513,0.0002700513
test,21,tg,1.0,0.95454544,0.52,1.0,0.0005401026,0.0005401026,0.0005401026
test,22,tg,0.9807692,0.96153843,0.8490566,0.0,0.00040507698,0.0005401026,0.0005401026
test,23,egc,1.0,0.53125,0.516129,1.0,0.00013502565,0.00013502565,0.00013502565
test,24,egc,1.0,1.0,0.64,1.0,0.0005401026,0.0005401026,0.0005401026
test,25,tg,1.0,0.78846157,0.6792453,1.0,0.0002700513,0.0002700513,0.0002700513
test,26,tg,1.0,0.9655172,0.73015875,1.0,0.00040507698,0.0005401026,0.0005401026
test,27,eea,1.0,0.6111111,0.6111111,1.0,0.0002700513,0.0002700513,0.0002700513
test,28,tg,0.9677419,0.9677419,0.7222222,0.0,0.00040507698,0.00040507698,0.00040507698
test,29,tg,1.0,0.9811321,0.8909091,1.0,0.00040507698,0.0005401026,0.00067512825
test,30,egc,1.0,1.0,0.7037037,1.0,0.00040507698,0.00040507698,0.00040507698
test,31,egc,1.0,0.45454547,0.4117647,1.0,0.00013502565,0.00013502565,0.00013502565
test,32,tg,0.77272725,0.6296296,0.60714287,0.0,0.0,0.0,0.0
test,33,tg,1.0,0.8,0.79591835,1.0,0.00013502565,0.00013502565,0.00013502565
test,34,egc,1.0,1.0,0.71428573,1.0,0.00040507698,0.00040507698,0.00040507698
test,35,eea,1.0,1.0,0.6333333,1.0,0.00040507698,0.00040507698,0.00040507698
test,36,egc,1.0,1.0,0.5652174,1.0,0.00040507698,0.00040507698,0.00040507698
test,37,tg,0.8125,0.61702126,0.5714286,0.0,0.0,0.0,0.0
test,38,tg,0.6875,0.625,0.5147059,0.0,0.0,0.0,0.0
test,39,tg,0.88461536,0.76785713,0.63235295,0.0,0.0,0.0,0.0002700513
test,40,tg,0.7037037,0.625,0.5510204,0.0,0.0,0.0,0.0
test,41,tg,1.0,0.9714286,0.55,1.0,0.00040507698,0.00040507698,0.00040507698
test,42,egc,1.0,1.0,0.5,1.0,0.00040507698,0.00040507698,0.00040507698
test,43,egc,0.6363636,0.5833333,0.56,0.0,0.0,0.0,0.0
test,44,egc,0.8235294,0.7941176,0.7941176,0.0,0.0,0.0,0.0
test,45,tg,0.8484849,0.8484849,0.8484849,0.0,0.0,0.0,0.0
test,46,tg,0.86538464,0.4923077,0.41791046,0.0,0.0,0.0,0.0002700513
test,47,egc,0.5813953,0.4680851,0.44,0.0,0.0,0.0,0.0
test,48,tg,0.8636364,0.64285713,0.4827586,0.0,0.0,0.0,0.00013502565
test,49,egc,0.79310346,0.425,0.41304347,0.0,0.0,0.0,0.0
test,50,nc,1.0,0.5151515,0.5151515,1.0,0.00013502565,0.00013502565,0.00013502565
test,51,tg,0.8965517,0.75,0.75,0.0,0.0,0.0,0.00013502565
test,52,egc,1.0,1.0,0.84,1.0,0.0005401026,0.0005401026,0.0005401026
test,53,egc,0.43243244,0.37777779,0.37777779,0.0,0.0,0.0,0.0
test,54,tg,0.51724136,0.47058824,0.4117647,0.0,0.0,0.0,0.0
test,55,egc,1.0,0.8095238,0.7,1.0,0.00013502565,0.00013502565,0.00013502565
test,56,egb,1.0,1.0,0.5151515,1.0,0.0005401026,0.0005401026,0.0005401026
test,57,egc,0.96428573,0.96428573,0.96428573,0.0,0.00081015396,0.0009451796,0.0009451796
test,58,tg,1.0,0.80851066,0.74509805,1.0,0.00013502565,0.00013502565,0.00013502565
test,59,tg,0.8730159,0.8088235,0.7419355,0.0,0.0,0.0,0.0002700513
test,60,egc,0.9705882,0.71794873,0.6111111,0.0,0.00013502565,0.0002700513,0.0002700513
test,61,nc,1.0,1.0,0.6363636,1.0,0.00040507698,0.00040507698,0.00040507698
test,62,tg,0.9137931,0.84375,0.8103448,0.0,0.0,0.00013502565,0.00013502565
test,63,egc,1.0,1.0,0.6969697,1.0,0.0005401026,0.0005401026,0.0005401026
test,64,egc,1.0,0.7037037,0.7037037,1.0,0.0002700513,0.0002700513,0.0002700513
test,65,egc,0.3939394,0.36842105,0.36363637,0.0,0.0,0.0,0.0
test,66,egc,0.8,0.5625,0.48387095,0.0,0.0,0.0,0.0
test,67,ei,1.0,1.0,0.5,1.0,0.00040507698,0.00040507698,0.00040507698
test,68,tg,0.44117647,0.44117647,0.4054054,0.0,0.0,0.0,0.0
test,69,tg,0.9591837,0.64,0.51666665,0.0,0.00013502565,0.00013502565,0.00013502565
test,70,egb,1.0,0.55,0.55,1.0,0.0002700513,0.0002700513,0.0002700513
test,71,egc,0.96,0.6896552,0.6896552,0.0,0.00013502565,0.00013502565,0.00013502565
test,72,egc,0.56,0.46875,0.46875,0.0,0.0,0.0,0.0
test,73,tg,0.8727273,0.8666667,0.8196721,0.0,0.0,0.0,0.00040507698
test,74,tg,0.7619048,0.33870968,0.3181818,0.0,0.0,0.0,0.0
test,75,tg,0.8181818,0.7,0.68292683,0.0,0.0,0.0,0.0
test,76,egc,1.0,0.44444445,0.4375,1.0,0.00013502565,0.00013502565,0.00013502565
test,77,egc,1.0,1.0,1.0,1.0,0.0076964623,0.007966514,0.00810154
test,78,tg,0.62068963,0.58064514,0.58064514,0.0,0.0,0.0,0.0
test,79,tg,0.95555556,0.9375,0.84444445,0.0,0.0002700513,0.0005401026,0.0005401026
test,80,egc,0.75,0.4883721,0.42857143,0.0,0.0,0.0,0.0
test,81,tg,0.8360656,0.8135593,0.8,0.0,0.0,0.0,0.0
test,82,egc,0.7948718,0.6052632,0.6052632,0.0,0.0,0.0,0.0
test,83,tg,0.5714286,0.47368422,0.46296296,0.0,0.0,0.0,0.0
test,84,tg,1.0,1.0,1.0,1.0,0.00081015396,0.0010802052,0.0014852822
test,85,tg,0.5714286,0.41666666,0.36363637,0.0,0.0,0.0,0.0
test,86,nc,1.0,0.7037037,0.7037037,1.0,0.0002700513,0.0002700513,0.0002700513
test,87,tg,0.8484849,0.6455696,0.625,0.0,0.0,0.0,0.0
test,88,tg,0.6875,0.64705884,0.64705884,0.0,0.0,0.0,0.0
test,89,egc,1.0,1.0,1.0,1.0,0.0024304618,0.0025654875,0.0025654875
test,90,egc,1.0,0.64285713,0.2857143,1.0,0.0002700513,0.0002700513,0.0002700513
test,91,tg,1.0,1.0,1.0,1.0,0.0076964623,0.007966514,0.00810154
test,92,tg,1.0,0.33333334,0.31578946,1.0,0.00013502565,0.00013502565,0.00013502565
test,93,tg,1.0,1.0,1.0,1.0,0.00081015396,0.0010802052,0.0014852822
test,94,egc,1.0,1.0,0.42857143,1.0,0.0005401026,0.0005401026,0.0005401026
test,95,eea,1.0,0.6551724,0.57575756,1.0,0.00013502565,0.00013502565,0.00013502565
test,96,egc,0.43333334,0.4,0.36842105,0.0,0.0,0.0,0.0
test,97,ei,1.0,1.0,1.0,1.0,0.00081015396,0.00081015396,0.00081015396
test,98,tg,0.9285714,0.8227848,0.6,0.0,0.0,0.00013502565,0.0002700513
test,99,tg,0.9148936,0.7755102,0.5882353,0.0,0.0,0.0002700513,0.0002700513
test,100,tg,1.0,0.8333333,0.7222222,1.0,0.00013502565,0.00013502565,0.00013502565
test,101,egb,1.0,0.5555556,0.5555556,1.0,0.0002700513,0.0002700513,0.0002700513
test,102,tg,0.8636364,0.79545456,0.7777778,0.0,0.0,0.0,0.00013502565
test,103,egb,1.0,1.0,0.5,1.0,0.0005401026,0.0005401026,0.0005401026
test,104,egc,1.0,0.36666667,0.34375,1.0,0.00013502565,0.00013502565,0.00013502565
test,105,tg,0.5,0.5,0.5,0.0,0.0,0.0,0.0
test,106,tg,1.0,0.45833334,0.37931034,1.0,0.00013502565,0.00013502565,0.00013502565
test,107,tg,0.87931037,0.796875,0.59375,0.0,0.0,0.0,0.00013502565
test,108,eea,1.0,1.0,1.0,1.0,0.00067512825,0.00067512825,0.00067512825
test,109,tg,0.71875,0.67741936,0.6769231,0.0,0.0,0.0,0.0
test,110,egc,0.5769231,0.5588235,0.5151515,0.0,0.0,0.0,0.0
test,111,tg,0.8235294,0.7924528,0.7592593,0.0,0.0,0.0,0.0
test,112,nc,1.0,0.8181818,0.7027027,1.0,0.00013502565,0.00013502565,0.00013502565
test,113,tg,0.5,0.25,0.25,0.0,0.0,0.0,0.0
test,114,egc,1.0,0.33333334,0.30555555,1.0,0.00013502565,0.00013502565,0.00013502565
test,115,egc,1.0,0.36,0.33333334,1.0,0.00013502565,0.00013502565,0.00013502565
test,116,tg,0.86567163,0.82608694,0.8028169,0.0,0.0,0.0,0.00013502565
test,117,tg,0.9047619,0.72727275,0.6911765,0.0,0.0,0.00013502565,0.00013502565
test,118,tg,0.3880597,0.3432836,0.3432836,0.0,0.0,0.0,0.0
test,119,tg,0.89361703,0.42,0.4,0.0,0.0,0.0,0.00013502565
test,120,tg,0.7755102,0.70212764,0.6875,0.0,0.0,0.0,0.0
test,121,tg,0.7,0.6315789,0.38636363,0.0,0.0,0.0,0.0
test,122,egc,0.7096774,0.44186047,0.4375,0.0,0.0,0.0,0.0
test,123,tg,0.7358491,0.5555556,0.5090909,0.0,0.0,0.0,0.0
test,124,tg,0.79591835,0.52380955,0.4827586,0.0,0.0,0.0,0.0
test,125,tg,1.0,0.6136364,0.54901963,1.0,0.00013502565,0.00013502565,0.00013502565
test,126,egc,0.9117647,0.6857143,0.61538464,0.0,0.0,0.00013502565,0.00013502565
test,127,tg,0.9777778,0.9777778,0.9130435,0.0,0.00040507698,0.00067512825,0.00067512825
test,128,egb,0.82758623,0.58064514,0.4848485,0.0,0.0,0.0,0.0
test,129,tg,0.68,0.64705884,0.5869565,0.0,0.0,0.0,0.0
test,130,tg,1.0,0.7,0.7,1.0,0.0002700513,0.0002700513,0.0002700513
test,131,tg,1.0,0.6571429,0.5416667,1.0,0.0002700513,0.0002700513,0.0002700513
test,132,tg,1.0,0.4117647,0.4117647,1.0,0.00013502565,0.00013502565,0.00013502565
test,133,tg,1.0,0.64705884,0.64705884,1.0,0.0002700513,0.0002700513,0.0002700513
test,134,tg,0.5,0.5,0.4375,0.0,0.0,0.0,0.0
test,135,egb,0.76666665,0.7241379,0.6896552,0.0,0.0,0.0,0.0
test,136,egc,0.7173913,0.64285713,0.59574467,0.0,0.0,0.0,0.0
test,137,tg,0.91071427,0.9,0.82258064,0.0,0.0,0.0002700513,0.0005401026
test,138,egc,1.0,1.0,0.96875,1.0,0.0010802052,0.0013502565,0.0014852822
test,139,tg,0.8333333,0.8181818,0.8,0.0,0.0,0.0,0.0
test,140,tg,1.0,0.88,0.84313726,1.0,0.00013502565,0.0002700513,0.00040507698
test,141,tg,0.6388889,0.4883721,0.4871795,0.0,0.0,0.0,0.0
test,142,tg,0.8,0.46153846,0.23255815,0.0,0.0,0.0,0.0
test,143,tg,0.5,0.4516129,0.42424244,0.0,0.0,0.0,0.0
test,144,tg,0.9375,0.9375,0.61764705,0.0,0.0,0.00040507698,0.00040507698
test,145,ei,1.0,0.7241379,0.7241379,1.0,0.0002700513,0.0002700513,0.0002700513
test,146,tg,1.0,0.5625,0.5625,1.0,0.00013502565,0.00013502565,0.00013502565
test,147,tg,1.0,0.9047619,0.8974359,1.0,0.0002700513,0.00040507698,0.0028355387
test,148,egc,0.8064516,0.78571427,0.78571427,0.0,0.0,0.0,0.0
test,149,tg,1.0,0.36363637,0.33333334,1.0,0.00013502565,0.00013502565,0.00013502565
test,150,tg,1.0,1.0,0.8666667,1.0,0.00040507698,0.0005401026,0.0009451796
test,151,tg,1.0,0.9591837,0.9,1.0,0.0005401026,0.0005401026,0.002295436
test,152,tg,0.80851066,0.5192308,0.50877196,0.0,0.0,0.0,0.0
test,153,tg,0.9811321,0.9811321,0.36666667,0.0,0.00040507698,0.00040507698,0.00040507698
test,154,tg,0.55813956,0.4883721,0.4680851,0.0,0.0,0.0,0.0
test,155,eps,1.0,0.4857143,0.4857143,1.0,0.0002700513,0.0002700513,0.0002700513
test,156,tg,0.8292683,0.71794873,0.6666667,0.0,0.0,0.0,0.0
test,157,tg,0.64705884,0.6052632,0.5897436,0.0,0.0,0.0,0.0
test,158,tg,0.61538464,0.53846157,0.36666667,0.0,0.0,0.0,0.0
test,159,tg,0.73913044,0.62068963,0.58064514,0.0,0.0,0.0,0.0
test,160,egc,1.0,0.7307692,0.7037037,1.0,0.0002700513,0.0002700513,0.0002700513
test,161,tg,0.725,0.6875,0.55,0.0,0.0,0.0,0.0
test,162,egc,0.76086956,0.6666667,0.56363636,0.0,0.0,0.0,0.0
test,163,tg,0.78571427,0.6956522,0.625,0.0,0.0,0.0,0.0
test,164,egc,1.0,0.7307692,0.6862745,1.0,0.00013502565,0.00013502565,0.00013502565
test,165,tg,1.0,0.45454547,0.33333334,1.0,0.00013502565,0.00013502565,0.00013502565
test,166,tg,1.0,0.95348835,0.9302326,1.0,0.0005401026,0.00067512825,0.0017553335
test,167,tg,0.79591835,0.7090909,0.6,0.0,0.0,0.0,0.0
test,168,egc,1.0,0.73913044,0.73913044,1.0,0.00013502565,0.00013502565,0.00013502565
test,169,egb,1.0,0.5588235,0.5588235,1.0,0.0002700513,0.0002700513,0.0002700513
test,170,tg,0.8541667,0.82222223,0.7826087,0.0,0.0,0.0,0.00013502565
test,171,egc,0.9142857,0.8611111,0.82051283,0.0,0.0,0.00013502565,0.00040507698
test,172,egc,0.8695652,0.8695652,0.8695652,0.0,0.0,0.0,0.00067512825
test,173,tg,1.0,0.9,0.6388889,1.0,0.0002700513,0.0002700513,0.00040507698
test,174,egc,1.0,1.0,0.61290324,1.0,0.00040507698,0.00040507698,0.00040507698
test,175,egc,1.0,0.8965517,0.8965517,1.0,0.00013502565,0.00013502565,0.0009451796
test,176,tg,1.0,1.0,0.7692308,1.0,0.0005401026,0.0005401026,0.0005401026
test,177,tg,1.0,0.95454544,0.93333334,1.0,0.0005401026,0.00081015396,0.00081015396
test,178,tg,1.0,0.74545455,0.72727275,1.0,0.00013502565,0.0002700513,0.0002700513
test,179,tg,0.74358976,0.73170733,0.725,0.0,0.0,0.0,0.0
test,180,tg,0.4375,0.37931034,0.375,0.0,0.0,0.0,0.0
test,181,eps,1.0,1.0,0.67741936,1.0,0.00040507698,0.00040507698,0.00040507698
test,182,egc,1.0,1.0,0.6363636,1.0,0.00040507698,0.00040507698,0.00040507698
test,183,tg,1.0,0.8947368,0.8717949,1.0,0.0002700513,0.0002700513,0.00067512825
test,184,egc,0.52380955,0.5,0.45454547,0.0,0.0,0.0,0.0
test,185,nc,1.0,1.0,0.4347826,1.0,0.00040507698,0.00040507698,0.00040507698
test,186,egc,0.78125,0.6666667,0.5952381,0.0,0.0,0.0,0.0
test,187,eea,1.0,1.0,0.64705884,1.0,0.0005401026,0.0005401026,0.0005401026
test,188,egc,0.9375,0.90909094,0.7941176,0.0,0.0,0.00040507698,0.00040507698
test,189,tg,1.0,1.0,0.8666667,1.0,0.00040507698,0.0005401026,0.0009451796
test,190,egc,0.78723407,0.78723407,0.67346936,0.0,0.0,0.0,0.0
test,191,eea,1.0,1.0,0.60714287,1.0,0.00040507698,0.00040507698,0.00040507698
test,192,tg,1.0,0.6216216,0.5897436,1.0,0.00013502565,0.00013502565,0.00013502565
test,193,egc,0.675,0.5531915,0.48214287,0.0,0.0,0.0,0.0
test,194,tg,0.7619048,0.5681818,0.54761904,0.0,0.0,0.0,0.0
test,195,tg,0.80701756,0.7894737,0.65,0.0,0.0,0.0,0.0
test,196,tg,1.0,0.90625,0.7567568,1.0,0.00013502565,0.00040507698,0.00040507698
test,197,tg,1.0,1.0,0.84,1.0,0.0005401026,0.0005401026,0.0005401026
test,198,tg,1.0,0.9111111,0.90909094,1.0,0.00013502565,0.00067512825,0.0014852822
test,199,tg,0.5068493,0.46052632,0.4556962,0.0,0.0,0.0,0.0
test,200,egb,1.0,1.0,0.8888889,1.0,0.00040507698,0.00040507698,0.00081015396
test,201,egc,0.7878788,0.39534885,0.38636363,0.0,0.0,0.0,0.0
test,202,tg,0.96666664,0.96666664,0.54545456,0.0,0.00040507698,0.00040507698,0.0005401026
test,203,tg,0.55932206,0.5,0.49275362,0.0,0.0,0.0,0.0
test,204,egc,0.6315789,0.61290324,0.61290324,0.0,0.0,0.0,0.0
test,205,tg,1.0,0.92,0.9,1.0,0.0002700513,0.0005401026,0.0009451796
test,206,tg,0.75,0.5714286,0.51428574,0.0,0.0,0.0,0.0
test,207,tg,0.71794873,0.4651163,0.45614034,0.0,0.0,0.0,0.0
test,208,tg,0.6,0.5833333,0.5744681,0.0,0.0,0.0,0.0
test,209,tg,1.0,0.75,0.7058824,1.0,0.00013502565,0.00013502565,0.00013502565
test,210,tg,1.0,1.0,0.8666667,1.0,0.00040507698,0.00040507698,0.0009451796
test,211,tg,0.7027027,0.68421054,0.5952381,0.0,0.0,0.0,0.0
test,212,tg,1.0,0.59375,0.5692308,1.0,0.00013502565,0.00013502565,0.00013502565
test,213,tg,1.0,0.73333335,0.7173913,1.0,0.00013502565,0.00013502565,0.00013502565
test,214,tg,1.0,0.8243243,0.6142857,1.0,0.00013502565,0.00013502565,0.00013502565
test,215,tg,1.0,0.87096775,0.8064516,1.0,0.0002700513,0.0002700513,0.00040507698
test,216,tg,0.725,0.54545456,0.5416667,0.0,0.0,0.0,0.0
test,217,tg,0.65625,0.5882353,0.5645161,0.0,0.0,0.0,0.0
test,218,tg,0.84,0.6785714,0.5576923,0.0,0.0,0.0,0.0
test,219,tg,0.7222222,0.53125,0.51666665,0.0,0.0,0.0,0.0
test,220,eps,1.0,1.0,0.64705884,1.0,0.00040507698,0.00040507698,0.00040507698
test,221,tg,0.8,0.70212764,0.6666667,0.0,0.0,0.0,0.0
test,222,tg,1.0,0.516129,0.50877196,1.0,0.00013502565,0.00013502565,0.00013502565
test,223,egc,1.0,0.65384614,0.6363636,1.0,0.00013502565,0.00013502565,0.00013502565
test,224,tg,0.75,0.64285713,0.625,0.0,0.0,0.0,0.0
test,225,tg,1.0,0.8958333,0.88235295,1.0,0.00013502565,0.0002700513,0.0009451796
test,226,tg,0.8627451,0.6551724,0.5714286,0.0,0.0,0.0,0.00013502565
test,227,tg,0.78723407,0.7291667,0.62222224,0.0,0.0,0.0,0.0
test,228,tg,0.9787234,0.9019608,0.88461536,0.0,0.0002700513,0.0005401026,0.0009451796
test,229,tg,0.75609756,0.71428573,0.65217394,0.0,0.0,0.0,0.0
test,230,egc,0.51724136,0.47058824,0.4375,0.0,0.0,0.0,0.0
test,231,tg,1.0,1.0,0.95348835,1.0,0.00067512825,0.00081015396,0.0016203079
test,232,tg,0.8648649,0.625,0.575,0.0,0.0,0.0,0.00013502565
test,233,tg,0.9791667,0.88461536,0.88461536,0.0,0.00013502565,0.0002700513,0.0014852822
test,234,tg,0.93846154,0.8181818,0.4347826,0.0,0.0,0.0002700513,0.0002700513
test,235,tg,0.8214286,0.65625,0.62068963,0.0,0.0,0.0,0.0
test,236,egc,0.85365856,0.775,0.7111111,0.0,0.0,0.0,0.00013502565
test,237,egb,1.0,0.6363636,0.5882353,1.0,0.0002700513,0.0002700513,0.0002700513
test,238,tg,0.6530612,0.5849057,0.52459013,0.0,0.0,0.0,0.0
test,239,egc,0.6296296,0.5925926,0.5862069,0.0,0.0,0.0,0.0
test,240,tg,0.8965517,0.85294116,0.82857144,0.0,0.0,0.0,0.00040507698
test,241,tg,1.0,0.8,0.6976744,1.0,0.00013502565,0.00013502565,0.00013502565
test,242,tg,0.7457627,0.6393443,0.61403507,0.0,0.0,0.0,0.0
test,243,egc,1.0,1.0,0.64285713,1.0,0.0005401026,0.0005401026,0.0005401026
test,244,egc,0.35897437,0.30232558,0.29411766,0.0,0.0,0.0,0.0
test,245,tg,1.0,0.6571429,0.5416667,1.0,0.0002700513,0.0002700513,0.0002700513
test,246,tg,0.627907,0.52272725,0.5208333,0.0,0.0,0.0,0.0
test,247,tg,0.5833333,0.5319149,0.4814815,0.0,0.0,0.0,0.0
test,248,egb,1.0,1.0,0.47058824,1.0,0.00040507698,0.00040507698,0.00040507698
test,249,egc,1.0,0.9130435,0.7692308,1.0,0.0002700513,0.00040507698,0.0005401026
test,250,tg,0.75609756,0.7027027,0.63414633,0.0,0.0,0.0,0.0
test,251,tg,0.78,0.7307692,0.59322035,0.0,0.0,0.0,0.0
test,252,tg,0.88461536,0.7962963,0.78846157,0.0,0.0,0.0,0.00013502565
test,253,ei,1.0,0.7,0.5416667,1.0,0.0002700513,0.0002700513,0.0002700513
test,254,tg,0.627451,0.47058824,0.41346154,0.0,0.0,0.0,0.0
test,255,tg,0.9375,0.9375,0.8181818,0.0,0.0,0.0005401026,0.0005401026
test,256,egb,1.0,1.0,0.7368421,1.0,0.0005401026,0.0005401026,0.0005401026
test,257,nc,1.0,1.0,0.64705884,1.0,0.00040507698,0.00040507698,0.00040507698
test,258,tg,0.9117647,0.3488372,0.325,0.0,0.0,0.00013502565,0.00013502565
test,259,tg,0.7924528,0.6923077,0.6557377,0.0,0.0,0.0,0.0
test,260,eea,1.0,1.0,1.0,1.0,0.00067512825,0.00067512825,0.00067512825
test,261,egc,1.0,1.0,1.0,1.0,0.00067512825,0.00067512825,0.0009451796
test,262,egc,1.0,0.8,0.6764706,1.0,0.00013502565,0.00013502565,0.00013502565
test,263,tg,0.9655172,0.37209302,0.2888889,0.0,0.00013502565,0.00013502565,0.00013502565
test,264,eps,1.0,1.0,0.53125,1.0,0.0005401026,0.0005401026,0.0005401026
test,265,egc,1.0,0.5,0.5,1.0,0.00013502565,0.00013502565,0.00013502565
test,266,egc,1.0,0.75,0.52380955,1.0,0.00013502565,0.00013502565,0.00013502565
test,267,egb,1.0,1.0,0.45,1.0,0.0005401026,0.0005401026,0.0005401026
test,268,eea,1.0,1.0,0.61904764,1.0,0.0005401026,0.0005401026,0.0005401026
test,269,tg,0.9111111,0.8367347,0.6792453,0.0,0.0,0.00013502565,0.0002700513
test,270,egb,1.0,1.0,0.8333333,1.0,0.0005401026,0.0005401026,0.0005401026
test,271,tg,0.6666667,0.53846157,0.5,0.0,0.0,0.0,0.0
test,272,tg,0.68,0.5714286,0.5,0.0,0.0,0.0,0.0
test,273,egc,1.0,0.90909094,0.90909094,1.0,0.00013502565,0.00081015396,0.00081015396
test,274,egc,0.45714286,0.40625,0.38235295,0.0,0.0,0.0,0.0
test,275,tg,0.80851066,0.68292683,0.65957445,0.0,0.0,0.0,0.0
test,276,tg,0.9791667,0.9791667,0.9791667,0.0,0.00067512825,0.00067512825,0.00067512825
test,277,tg,0.76,0.3548387,0.34285715,0.0,0.0,0.0,0.0
test,278,tg,1.0,0.71875,0.64705884,1.0,0.00013502565,0.00013502565,0.00013502565
test,279,egc,1.0,0.4318182,0.3617021,1.0,0.00013502565,0.00013502565,0.00013502565
test,280,tg,0.59322035,0.55172414,0.50793654,0.0,0.0,0.0,0.0
test,281,egc,1.0,0.73333335,0.6896552,1.0,0.00013502565,0.00013502565,0.0002700513
test,282,tg,0.9347826,0.9148936,0.64,0.0,0.0,0.00040507698,0.0005401026
test,283,tg,0.78688526,0.59322035,0.5873016,0.0,0.0,0.0,0.0
test,284,tg,0.81395346,0.66,0.63461536,0.0,0.0,0.0,0.0
test,285,tg,0.82608694,0.7692308,0.7352941,0.0,0.0,0.0,0.0
test,286,tg,1.0,1.0,0.6585366,1.0,0.0005401026,0.0005401026,0.0005401026
test,287,tg,0.9318182,0.6818182,0.6363636,0.0,0.0,0.00013502565,0.00013502565
test,288,egc,0.8055556,0.7837838,0.6111111,0.0,0.0,0.0,0.0
test,289,tg,0.67741936,0.4722222,0.4,0.0,0.0,0.0,0.0
test,290,egc,0.7948718,0.65909094,0.5652174,0.0,0.0,0.0,0.0
test,291,tg,1.0,0.5,0.5,1.0,0.00013502565,0.00013502565,0.00013502565
test,292,egc,0.8,0.59574467,0.5777778,0.0,0.0,0.0,0.0
test,293,tg,0.9117647,0.6857143,0.61538464,0.0,0.0,0.00013502565,0.00013502565
test,294,tg,0.8679245,0.71929824,0.71428573,0.0,0.0,0.0,0.00013502565
test,295,egc,0.3265306,0.3243243,0.3243243,0.0,0.0,0.0,0.0
test,296,tg,0.7826087,0.75,0.65217394,0.0,0.0,0.0,0.0
test,297,tg,0.9459459,0.75,0.65,0.0,0.0,0.00013502565,0.0002700513
test,298,tg,0.57575756,0.36842105,0.34375,0.0,0.0,0.0,0.0
test,299,tg,0.9756098,0.90909094,0.84444445,0.0,0.00013502565,0.00040507698,0.0005401026
test,300,egc,0.8888889,0.53125,0.46153846,0.0,0.0,0.0,0.00013502565
test,301,egc,1.0,1.0,0.61290324,1.0,0.0005401026,0.0005401026,0.0005401026
test,302,ei,1.0,1.0,0.5769231,1.0,0.00040507698,0.00040507698,0.00040507698
test,303,egc,0.7804878,0.75,0.6923077,0.0,0.0,0.0,0.0
test,304,eps,1.0,1.0,1.0,1.0,0.00067512825,0.00067512825,0.00067512825
test,305,egc,1.0,1.0,0.7714286,1.0,0.0005401026,0.0005401026,0.0005401026
test,306,tg,0.9,0.73214287,0.41791046,0.0,0.0,0.0,0.00013502565
test,307,egb,1.0,1.0,0.5652174,1.0,0.00040507698,0.00040507698,0.00040507698
test,308,egc,0.7941176,0.7941176,0.7777778,0.0,0.0,0.0,0.0
test,309,tg,0.5070422,0.39325842,0.36956522,0.0,0.0,0.0,0.0
test,310,egb,1.0,1.0,0.6060606,1.0,0.0005401026,0.0005401026,0.0005401026
test,311,eea,1.0,0.61538464,0.61538464,1.0,0.0002700513,0.0002700513,0.0002700513
test,312,egc,0.57894737,0.5641026,0.54545456,0.0,0.0,0.0,0.0
test,313,tg,0.5769231,0.54545456,0.4918033,0.0,0.0,0.0,0.0
test,314,eps,1.0,0.625,0.625,1.0,0.0002700513,0.0002700513,0.0002700513
test,315,egc,0.95238096,0.4,0.35714287,0.0,0.00013502565,0.00013502565,0.00013502565
test,316,egc,0.54285717,0.5277778,0.5277778,0.0,0.0,0.0,0.0
test,317,egc,0.5675676,0.5116279,0.475,0.0,0.0,0.0,0.0
test,318,eps,1.0,0.45833334,0.45833334,1.0,0.00013502565,0.00013502565,0.00013502565
test,319,tg,0.6818182,0.5769231,0.5660377,0.0,0.0,0.0,0.0
test,320,nc,1.0,0.52380955,0.42857143,1.0,0.0002700513,0.0002700513,0.0002700513
test,321,ei,1.0,0.6060606,0.6060606,1.0,0.00013502565,0.00013502565,0.00013502565
test,322,egc,1.0,0.80597013,0.7941176,1.0,0.00013502565,0.00013502565,0.00013502565
test,323,nc,1.0,1.0,0.71428573,1.0,0.0005401026,0.0005401026,0.0005401026
test,324,eea,1.0,0.57575756,0.57575756,1.0,0.0002700513,0.0002700513,0.0002700513
test,325,egc,1.0,1.0,0.5652174,1.0,0.00040507698,0.00040507698,0.00040507698
test,326,egc,1.0,1.0,0.9677419,1.0,0.00081015396,0.0009451796,0.0009451796
test,327,tg,0.9807692,0.7777778,0.75,0.0,0.00013502565,0.00013502565,0.00013502565
test,328,egc,0.3181818,0.29411766,0.22580644,0.0,0.0,0.0,0.0
test,329,tg,1.0,0.37777779,0.27450982,1.0,0.00013502565,0.00013502565,0.00013502565
test,330,tg,1.0,0.93333334,0.7169811,1.0,0.00013502565,0.0005401026,0.0005401026
test,331,tg,0.7407407,0.58064514,0.56666666,0.0,0.0,0.0,0.0
test,332,egc,0.95454544,0.95454544,0.95454544,0.0,0.0012152309,0.002025385,0.002025385
test,333,egc,1.0,0.71428573,0.71428573,1.0,0.0002700513,0.0002700513,0.0002700513
test,334,egc,1.0,1.0,1.0,1.0,0.0033756413,0.004320821,0.005130975
test,335,tg,0.7234042,0.7083333,0.6938776,0.0,0.0,0.0,0.0
test,336,egb,1.0,1.0,0.53125,1.0,0.0005401026,0.0005401026,0.0005401026
test,337,nc,1.0,1.0,0.5121951,1.0,0.00040507698,0.00040507698,0.00040507698
test,338,tg,0.7826087,0.6875,0.66071427,0.0,0.0,0.0,0.0
test,339,tg,0.64,0.5,0.4,0.0,0.0,0.0,0.0
test,340,tg,1.0,0.825,0.825,1.0,0.00013502565,0.00013502565,0.00013502565
test,341,tg,0.7241379,0.4375,0.3478261,0.0,0.0,0.0,0.0
test,342,tg,0.72307694,0.69491524,0.60655737,0.0,0.0,0.0,0.0
test,343,eps,1.0,1.0,1.0,1.0,0.00067512825,0.00067512825,0.00067512825
test,344,egc,0.6451613,0.4857143,0.45714286,0.0,0.0,0.0,0.0
test,345,tg,0.7755102,0.7735849,0.7173913,0.0,0.0,0.0,0.0
test,346,egc,1.0,0.8181818,0.6666667,1.0,0.00013502565,0.00013502565,0.00013502565
test,347,eps,1.0,0.8181818,0.7027027,1.0,0.00013502565,0.00013502565,0.00013502565
test,348,tg,0.72727275,0.47619048,0.45833334,0.0,0.0,0.0,0.0
test,349,tg,1.0,0.42857143,0.4,1.0,0.00013502565,0.00013502565,0.00013502565
test,350,tg,1.0,0.45714286,0.42857143,1.0,0.00013502565,0.00013502565,0.00013502565
test,351,tg,0.8541667,0.78571427,0.74545455,0.0,0.0,0.0,0.00013502565
test,352,tg,1.0,0.8611111,0.74358976,1.0,0.00013502565,0.00013502565,0.00040507698
test,353,eea,1.0,0.5862069,0.5862069,1.0,0.0002700513,0.0002700513,0.0002700513
test,354,egc,1.0,1.0,0.95652175,1.0,0.00067512825,0.00067512825,0.00067512825
test,355,tg,0.6792453,0.6666667,0.66,0.0,0.0,0.0,0.0
test,356,tg,0.8333333,0.78571427,0.71875,0.0,0.0,0.0,0.0
test,357,egc,1.0,0.6909091,0.6666667,1.0,0.00013502565,0.00013502565,0.00013502565
test,358,tg,0.5,0.5,0.45454547,0.0,0.0,0.0,0.0
test,359,egc,1.0,0.8666667,0.83870965,1.0,0.00013502565,0.00013502565,0.0005401026
test,360,tg,0.84210527,0.84210527,0.7804878,0.0,0.0,0.0,0.0
test,361,egc,1.0,1.0,0.516129,1.0,0.00040507698,0.00040507698,0.00040507698
test,362,egb,1.0,0.5882353,0.51428574,1.0,0.00013502565,0.00013502565,0.00013502565
test,363,tg,0.45,0.41666666,0.36,0.0,0.0,0.0,0.0
test,364,egc,0.8333333,0.71428573,0.71428573,0.0,0.0,0.0,0.0
test,365,egc,1.0,0.9705882,0.6756757,1.0,0.00040507698,0.00040507698,0.00040507698
test,366,tg,0.8958333,0.877551,0.84615386,0.0,0.0,0.0,0.0005401026
test,367,egc,1.0,0.9,0.75,1.0,0.0002700513,0.0002700513,0.0005401026
test,368,tg,0.8909091,0.78688526,0.7222222,0.0,0.0,0.0,0.00013502565
test,369,egb,1.0,0.64285713,0.4117647,1.0,0.00013502565,0.00013502565,0.00013502565
test,370,tg,1.0,0.36363637,0.31111112,1.0,0.00013502565,0.00013502565,0.00013502565
test,371,tg,0.7692308,0.7,0.6851852,0.0,0.0,0.0,0.0
test,372,tg,0.7368421,0.6486486,0.525,0.0,0.0,0.0,0.0
test,373,tg,0.67741936,0.4848485,0.45945945,0.0,0.0,0.0,0.0
test,374,tg,1.0,0.9411765,0.7647059,1.0,0.0002700513,0.00040507698,0.0005401026
test,375,tg,1.0,0.8965517,0.6,1.0,0.00013502565,0.00013502565,0.00040507698
test,376,egc,0.84615386,0.78571427,0.75555557,0.0,0.0,0.0,0.0
test,377,egc,0.7307692,0.59375,0.48387095,0.0,0.0,0.0,0.0
test,378,egb,1.0,1.0,0.53125,1.0,0.00040507698,0.00040507698,0.00040507698
test,379,egc,0.5,0.421875,0.40983605,0.0,0.0,0.0,0.0
test,380,eea,1.0,1.0,0.42857143,1.0,0.00040507698,0.00040507698,0.00040507698
test,381,egc,1.0,1.0,0.61764705,1.0,0.00040507698,0.00040507698,0.00040507698
test,382,egb,1.0,0.7,0.5416667,1.0,0.0002700513,0.0002700513,0.0002700513
test,383,tg,1.0,1.0,0.53571427,1.0,0.00040507698,0.00040507698,0.00040507698
test,384,nc,1.0,1.0,0.8064516,1.0,0.0005401026,0.0005401026,0.0005401026
test,385,egb,1.0,1.0,0.5769231,1.0,0.00040507698,0.00040507698,0.00040507698
test,386,tg,0.8043478,0.67391306,0.6666667,0.0,0.0,0.0,0.0
test,387,egc,0.5,0.35714287,0.35135135,0.0,0.0,0.0,0.0
test,388,egc,1.0,0.7058824,0.7058824,1.0,0.00013502565,0.00013502565,0.00013502565
test,389,tg,0.7647059,0.6756757,0.65789473,0.0,0.0,0.0,0.0
test,390,eps,1.0,1.0,0.74358976,1.0,0.00040507698,0.00040507698,0.00040507698
test,391,tg,0.9,0.85,0.85,0.0,0.0,0.0,0.0002700513
test,392,egc,0.7241379,0.67741936,0.67741936,0.0,0.0,0.0,0.0
test,393,eps,1.0,1.0,0.5483871,1.0,0.00040507698,0.00040507698,0.00040507698
test,394,tg,0.7777778,0.6981132,0.625,0.0,0.0,0.0,0.0
test,395,tg,0.75757575,0.65789473,0.53125,0.0,0.0,0.0,0.0
test,396,egc,1.0,1.0,0.4347826,1.0,0.00040507698,0.00040507698,0.00040507698
test,397,nc,1.0,0.45238096,0.44444445,1.0,0.00013502565,0.00013502565,0.00013502565
test,398,egc,1.0,0.5,0.4117647,1.0,0.00013502565,0.00013502565,0.00013502565
test,399,tg,0.45,0.3469388,0.3409091,0.0,0.0,0.0,0.0
test,400,tg,1.0,0.90384614,0.5084746,1.0,0.0002700513,0.00040507698,0.00040507698
test,401,nc,1.0,1.0,0.61904764,1.0,0.00040507698,0.00040507698,0.00040507698
test,402,ei,1.0,0.6875,0.6875,1.0,0.0002700513,0.0002700513,0.0002700513
test,403,eps,1.0,1.0,1.0,1.0,0.00067512825,0.00067512825,0.00067512825
test,404,egc,0.7,0.54285717,0.5405405,0.0,0.0,0.0,0.0
test,405,tg,1.0,1.0,1.0,1.0,0.00067512825,0.00067512825,0.00067512825
test,406,ei,1.0,1.0,1.0,1.0,0.0013502565,0.0014852822,0.0014852822
test,407,tg,0.65217394,0.5652174,0.53846157,0.0,0.0,0.0,0.0
test,408,egc,0.3857143,0.32098764,0.26086956,0.0,0.0,0.0,0.0
test,409,egb,1.0,0.6,0.6,1.0,0.0002700513,0.0002700513,0.0002700513
test,410,egc,1.0,0.6363636,0.627451,1.0,0.00013502565,0.00013502565,0.00013502565
test,411,egc,0.5833333,0.5714286,0.5263158,0.0,0.0,0.0,0.0
test,412,tg,1.0,0.6857143,0.6315789,1.0,0.00013502565,0.00013502565,0.00013502565
test,413,tg,1.0,0.84210527,0.82051283,1.0,0.00013502565,0.00013502565,0.00013502565
test,414,egc,1.0,1.0,1.0,1.0,0.00067512825,0.00081015396,0.00081015396
test,415,tg,1.0,1.0,1.0,1.0,0.0076964623,0.007966514,0.00810154
test,416,eps,1.0,1.0,1.0,1.0,0.0013502565,0.0014852822,0.0014852822
test,417,egc,1.0,1.0,1.0,1.0,0.0033756413,0.004320821,0.005130975
test,418,egb,0.3478261,0.33333334,0.33333334,0.0,0.0,0.0,0.0
test,419,egc,1.0,0.7692308,0.68,1.0,0.00013502565,0.00013502565,0.00013502565
test,420,egc,0.5185185,0.44,0.42307693,0.0,0.0,0.0,0.0
test,421,tg,1.0,0.63414633,0.5641026,1.0,0.00013502565,0.00013502565,0.00013502565
test,422,tg,0.5952381,0.47368422,0.47058824,0.0,0.0,0.0,0.0
test,423,tg,0.63414633,0.55263156,0.52272725,0.0,0.0,0.0,0.0
test,424,tg,0.7846154,0.74647886,0.5675676,0.0,0.0,0.0,0.0
test,425,egc,0.58064514,0.51428574,0.4473684,0.0,0.0,0.0,0.0
test,426,tg,0.6805556,0.6025641,0.42465752,0.0,0.0,0.0,0.0
test,427,egb,1.0,1.0,0.61290324,1.0,0.00040507698,0.00040507698,0.00040507698
test,428,tg,0.91071427,0.91071427,0.8,0.0,0.0,0.0005401026,0.0005401026
test,429,egc,1.0,0.5,0.5,1.0,0.00013502565,0.00013502565,0.00013502565
test,430,egc,0.7105263,0.62857145,0.62857145,0.0,0.0,0.0,0.0
test,431,tg,0.92105263,0.8604651,0.85714287,0.0,0.0,0.0002700513,0.00067512825
test,432,tg,0.6944444,0.6097561,0.4375,0.0,0.0,0.0,0.0
test,433,tg,0.88461536,0.75,0.56666666,0.0,0.0,0.0,0.0002700513
test,434,ei,1.0,1.0,0.48387095,1.0,0.00040507698,0.00040507698,0.00040507698
test,435,tg,0.9807692,0.875,0.85714287,0.0,0.00013502565,0.00013502565,0.00067512825
test,436,tg,0.95652175,0.8979592,0.84615386,0.0,0.0002700513,0.0002700513,0.0005401026
test,437,tg,0.5810811,0.50769234,0.4516129,0.0,0.0,0.0,0.0
test,438,tg,0.9189189,0.7906977,0.7906977,0.0,0.0,0.00013502565,0.00013502565
test,439,egc,0.9583333,0.9583333,0.9583333,0.0,0.0076964623,0.007831488,0.00810154
test,440,tg,0.8545455,0.779661,0.73770493,0.0,0.0,0.0,0.0002700513
test,441,tg,0.51724136,0.51724136,0.46875,0.0,0.0,0.0,0.0
test,442,tg,0.7619048,0.42857143,0.40963855,0.0,0.0,0.0,0.0
test,443,tg,0.6333333,0.60784316,0.5283019,0.0,0.0,0.0,0.0
test,444,ei,1.0,0.7037037,0.7037037,1.0,0.0002700513,0.0002700513,0.0002700513
test,445,ei,1.0,1.0,0.55172414,1.0,0.00040507698,0.00040507698,0.00040507698
test,446,tg,1.0,1.0,1.0,1.0,0.00081015396,0.00081015396,0.00081015396
test,447,eea,1.0,0.5555556,0.5555556,1.0,0.0002700513,0.0002700513,0.0002700513
test,448,egc,1.0,1.0,1.0,1.0,0.002025385,0.002025385,0.0024304618
test,449,tg,0.9019608,0.75,0.7222222,0.0,0.0,0.00013502565,0.00013502565
test,450,tg,0.9104478,0.72727275,0.71428573,0.0,0.0,0.00013502565,0.00013502565
test,451,tg,0.81395346,0.6458333,0.6296296,0.0,0.0,0.0,0.0
test,452,tg,0.84444445,0.78,0.7708333,0.0,0.0,0.0,0.0
test,453,nc,1.0,1.0,0.625,1.0,0.0005401026,0.0005401026,0.0005401026
test,454,egb,1.0,1.0,1.0,1.0,0.00067512825,0.00067512825,0.00067512825
test,455,tg,0.8214286,0.68333334,0.62068963,0.0,0.0,0.0,0.0
test,456,egc,0.5625,0.28125,0.25714287,0.0,0.0,0.0,0.0
test,457,egc,1.0,0.8235294,0.8181818,1.0,0.00013502565,0.00013502565,0.00013502565
test,458,tg,0.97619045,0.90909094,0.8863636,0.0,0.00013502565,0.0005401026,0.00067512825
test,459,tg,1.0,0.9032258,0.47727272,1.0,0.0002700513,0.00040507698,0.00040507698
test,460,tg,0.5614035,0.53846157,0.5147059,0.0,0.0,0.0,0.0
test,461,tg,0.59090906,0.5,0.46575344,0.0,0.0,0.0,0.0
test,462,egb,1.0,1.0,1.0,1.0,0.0013502565,0.0014852822,0.0014852822
test,463,tg,0.71428573,0.6086956,0.5681818,0.0,0.0,0.0,0.0
test,464,egc,1.0,0.7777778,0.7586207,1.0,0.00013502565,0.00013502565,0.0002700513
test,465,tg,0.7058824,0.6,0.5714286,0.0,0.0,0.0,0.0
test,466,tg,0.9285714,0.83928573,0.8135593,0.0,0.0,0.00013502565,0.00013502565
test,467,egb,1.0,1.0,0.7096774,1.0,0.00040507698,0.00040507698,0.00040507698
test,468,egc,0.53846157,0.41666666,0.4090909,0.0,0.0,0.0,0.0
test,469,tg,0.96428573,0.5405405,0.46875,0.0,0.00013502565,0.00013502565,0.00013502565
test,470,tg,0.4888889,0.2820513,0.275,0.0,0.0,0.0,0.0
test,471,nc,1.0,1.0,0.5,1.0,0.0005401026,0.0005401026,0.0005401026
test,472,nc,1.0,1.0,0.51724136,1.0,0.0005401026,0.0005401026,0.0005401026
test,473,tg,0.75,0.71875,0.71875,0.0,0.0,0.0,0.0
test,474,egc,0.5555556,0.53571427,0.53571427,0.0,0.0,0.0,0.0
test,475,tg,0.61290324,0.44117647,0.4375,0.0,0.0,0.0,0.0
test,476,egc,1.0,0.42857143,0.39130434,1.0,0.00013502565,0.00013502565,0.00013502565
test,477,egc,0.902439,0.6136364,0.59090906,0.0,0.0,0.0002700513,0.0002700513
test,478,egc,0.8684211,0.71428573,0.71428573,0.0,0.0,0.0,0.00013502565
test,479,tg,0.8,0.7446808,0.625,0.0,0.0,0.0,0.0
test,480,egc,0.6666667,0.61290324,0.35714287,0.0,0.0,0.0,0.0
test,481,egc,1.0,1.0,0.96153843,1.0,0.00081015396,0.00081015396,0.0009451796
test,482,tg,1.0,1.0,1.0,1.0,0.0012152309,0.0012152309,0.0012152309
test,483,nc,1.0,0.52380955,0.4090909,1.0,0.0002700513,0.0002700513,0.0002700513
test,484,tg,0.8490566,0.7755102,0.6666667,0.0,0.0,0.0,0.0
test,485,tg,1.0,1.0,0.79591835,1.0,0.00040507698,0.00040507698,0.0005401026
test,486,eps,1.0,1.0,0.45454547,1.0,0.00040507698,0.00040507698,0.00040507698
test,487,egc,1.0,1.0,0.65625,1.0,0.00040507698,0.00040507698,0.00040507698
test,488,tg,1.0,0.8245614,0.74603176,1.0,0.00013502565,0.00013502565,0.0002700513
test,489,egc,0.8378378,0.6666667,0.6136364,0.0,0.0,0.0,0.0
test,490,egc,0.475,0.43589744,0.41463414,0.0,0.0,0.0,0.0
test,491,egb,1.0,1.0,1.0,1.0,0.0009451796,0.0009451796,0.004725898
test,492,egc,0.61764705,0.61764705,0.44186047,0.0,0.0,0.0,0.0
test,493,egc,0.8888889,0.5362319,0.5362319,0.0,0.0,0.0,0.00013502565
test,494,tg,0.82539684,0.72131145,0.7164179,0.0,0.0,0.0,0.0
test,495,egc,1.0,1.0,1.0,1.0,0.0010802052,0.0010802052,0.0010802052
test,496,tg,0.6296296,0.3809524,0.35,0.0,0.0,0.0,0.0
test,497,egc,0.6923077,0.5,0.4827586,0.0,0.0,0.0,0.0
test,498,egc,1.0,0.56666666,0.5483871,1.0,0.00013502565,0.00013502565,0.00013502565
test,499,eps,1.0,0.45454547,0.45454547,1.0,0.0002700513,0.0002700513,0.0002700513
test,500,tg,0.972973,0.972973,0.972973,0.0,0.00081015396,0.0009451796,0.0009451796
test,501,egc,0.62903225,0.5,0.48333332,0.0,0.0,0.0,0.0
test,502,tg,0.90697676,0.7234042,0.7083333,0.0,0.0,0.00013502565,0.00013502565
test,503,tg,1.0,0.8125,0.7352941,1.0,0.00013502565,0.00013502565,0.00013502565
test,504,tg,0.6551724,0.57575756,0.4722222,0.0,0.0,0.0,0.0
test,505,eea,1.0,1.0,0.516129,1.0,0.00040507698,0.00040507698,0.00040507698
test,506,egc,1.0,1.0,0.8965517,1.0,0.00040507698,0.00040507698,0.00081015396
test,507,tg,0.96875,0.96875,0.8181818,0.0,0.0005401026,0.0005401026,0.0005401026
test,508,tg,0.55263156,0.52380955,0.5,0.0,0.0,0.0,0.0
test,509,tg,0.78723407,0.6875,0.6875,0.0,0.0,0.0,0.0
test,510,egc,0.82758623,0.58064514,0.4848485,0.0,0.0,0.0,0.0
test,511,tg,0.88,0.46666667,0.4,0.0,0.0,0.0,0.00013502565
test,512,tg,0.61538464,0.575,0.5714286,0.0,0.0,0.0,0.0
test,513,tg,0.71428573,0.6721311,0.4,0.0,0.0,0.0,0.0
test,514,tg,0.78571427,0.75555557,0.75555557,0.0,0.0,0.0,0.0
test,515,tg,0.5,0.45454547,0.43589744,0.0,0.0,0.0,0.0
test,516,tg,0.87234044,0.6101695,0.54,0.0,0.0,0.0,0.00013502565
test,517,tg,0.9166667,0.75,0.71428573,0.0,0.0,0.00013502565,0.00013502565
test,518,egc,1.0,0.95454544,0.95454544,1.0,0.0014852822,0.0014852822,0.0016203079
test,519,tg,1.0,0.6744186,0.6216216,1.0,0.00013502565,0.00013502565,0.00013502565
test,520,tg,0.7291667,0.7291667,0.7,0.0,0.0,0.0,0.0
test,521,eea,1.0,1.0,1.0,1.0,0.00067512825,0.00067512825,0.00067512825
test,522,eps,1.0,1.0,0.53125,1.0,0.00040507698,0.00040507698,0.00040507698
test,523,tg,1.0,1.0,1.0,1.0,0.0012152309,0.0012152309,0.0012152309
test,524,egc,1.0,0.54545456,0.44067797,1.0,0.00013502565,0.00013502565,0.00013502565
test,525,tg,1.0,0.7777778,0.6769231,1.0,0.0002700513,0.0002700513,0.0002700513
test,526,egc,0.8235294,0.64705884,0.62857145,0.0,0.0,0.0,0.0
test,527,ei,1.0,1.0,0.6666667,1.0,0.0005401026,0.0005401026,0.0005401026
test,528,egc,1.0,1.0,0.55,1.0,0.0005401026,0.0005401026,0.0005401026
test,529,ei,1.0,1.0,0.64285713,1.0,0.00040507698,0.00040507698,0.00040507698
test,530,tg,0.94520545,0.8765432,0.8414634,0.0,0.0,0.0002700513,0.00040507698
test,531,tg,0.59375,0.375,0.37142858,0.0,0.0,0.0,0.0
test,532,egc,0.6571429,0.5294118,0.5294118,0.0,0.0,0.0,0.0
test,533,tg,0.8,0.46,0.43137255,0.0,0.0,0.0,0.0
test,534,eps,1.0,1.0,0.5882353,1.0,0.00040507698,0.00040507698,0.00040507698
test,535,ei,1.0,1.0,0.5555556,1.0,0.0005401026,0.0005401026,0.0005401026
test,536,egc,1.0,1.0,1.0,1.0,0.0076964623,0.007966514,0.00810154
test,537,egb,1.0,1.0,0.6451613,1.0,0.00040507698,0.00040507698,0.00040507698
test,538,egc,1.0,1.0,1.0,1.0,0.0010802052,0.0010802052,0.0010802052
test,539,tg,0.9302326,0.8695652,0.84090906,0.0,0.0,0.0002700513,0.0005401026
test,540,tg,0.8030303,0.7719298,0.7297297,0.0,0.0,0.0,0.0
test,541,tg,0.6315789,0.49315068,0.43055555,0.0,0.0,0.0,0.0
test,542,tg,0.6875,0.5625,0.54545456,0.0,0.0,0.0,0.0
test,543,tg,0.74285716,0.4473684,0.44117647,0.0,0.0,0.0,0.0
test,544,ei,1.0,1.0,0.61290324,1.0,0.0005401026,0.0005401026,0.0005401026
test,545,egc,1.0,1.0,0.8717949,1.0,0.0005401026,0.0005401026,0.00067512825
test,546,egc,0.53571427,0.53571427,0.53571427,0.0,0.0,0.0,0.0
test,547,nc,1.0,0.7096774,0.7096774,1.0,0.00013502565,0.00013502565,0.00013502565
test,548,tg,0.8333333,0.7446808,0.6862745,0.0,0.0,0.0,0.0
test,549,egc,0.84615386,0.62068963,0.48,0.0,0.0,0.0,0.0
test,550,tg,0.86440676,0.8305085,0.63492066,0.0,0.0,0.0,0.00013502565
test,551,egc,1.0,0.7297297,0.7297297,1.0,0.00013502565,0.00013502565,0.00013502565
test,552,tg,0.64102566,0.60465115,0.4857143,0.0,0.0,0.0,0.0
test,553,egc,1.0,0.64285713,0.5897436,1.0,0.00013502565,0.00013502565,0.00013502565
test,554,tg,0.5714286,0.55813956,0.5,0.0,0.0,0.0,0.0
test,555,tg,1.0,0.6,0.525,1.0,0.00013502565,0.0002700513,0.0002700513
test,556,tg,0.95,0.92105263,0.92105263,0.0,0.0,0.0009451796,0.0025654875
test,557,tg,0.8043478,0.7659575,0.7346939,0.0,0.0,0.0,0.0
test,558,egc,0.6296296,0.6296296,0.5483871,0.0,0.0,0.0,0.0
test,559,egb,1.0,1.0,0.61904764,1.0,0.00040507698,0.00040507698,0.00040507698
test,560,tg,0.73913044,0.5185185,0.5185185,0.0,0.0,0.0,0.0
test,561,tg,0.98333335,0.4074074,0.37804878,0.0,0.00013502565,0.00013502565,0.00013502565
test,562,tg,0.8958333,0.6603774,0.56,0.0,0.0,0.0,0.00013502565
test,563,egc,0.9756098,0.95238096,0.8,0.0,0.00040507698,0.00040507698,0.00040507698
test,564,tg,1.0,0.47826087,0.41379312,1.0,0.00013502565,0.00013502565,0.00013502565
test,565,tg,0.91071427,0.9,0.82258064,0.0,0.0,0.0002700513,0.0005401026
test,566,egc,0.6551724,0.6551724,0.6333333,0.0,0.0,0.0,0.0
test,567,tg,1.0,0.9705882,0.6756757,1.0,0.00040507698,0.00040507698,0.00040507698
test,568,tg,1.0,0.95454544,0.93333334,1.0,0.0005401026,0.00081015396,0.00081015396
test,569,tg,0.6976744,0.6976744,0.5897436,0.0,0.0,0.0,0.0
test,570,egc,0.38,0.32692307,0.32692307,0.0,0.0,0.0,0.0
test,571,tg,0.8947368,0.828125,0.7894737,0.0,0.0,0.0,0.00013502565
test,572,eea,1.0,1.0,0.6451613,1.0,0.00040507698,0.00040507698,0.00040507698
test,573,tg,0.6923077,0.64,0.62068963,0.0,0.0,0.0,0.0
test,574,tg,0.7567568,0.4878049,0.4864865,0.0,0.0,0.0,0.0
test,575,egc,1.0,0.94736844,0.8888889,1.0,0.0002700513,0.0005401026,0.00067512825
test,576,nc,1.0,1.0,0.47619048,1.0,0.00040507698,0.00040507698,0.00040507698
test,577,egc,0.5652174,0.3181818,0.3125,0.0,0.0,0.0,0.0
test,578,tg,0.7358491,0.63793105,0.61403507,0.0,0.0,0.0,0.0
test,579,tg,1.0,1.0,0.35714287,1.0,0.0005401026,0.0005401026,0.0005401026
test,580,tg,1.0,0.6304348,0.6041667,1.0,0.00013502565,0.00013502565,0.00013502565
test,581,tg,1.0,1.0,0.93877554,1.0,0.0005401026,0.00067512825,0.00067512825
test,582,tg,0.95348835,0.5535714,0.5535714,0.0,0.00013502565,0.00013502565,0.00013502565
test,583,egc,0.41379312,0.41379312,0.2777778,0.0,0.0,0.0,0.0
test,584,egc,1.0,0.7254902,0.64285713,1.0,0.00013502565,0.00013502565,0.00013502565
test,585,tg,0.972973,0.972973,0.74358976,0.0,0.0005401026,0.0005401026,0.0005401026
test,586,egc,1.0,0.6551724,0.57575756,1.0,0.00013502565,0.00013502565,0.00013502565
test,587,tg,0.8888889,0.74,0.74,0.0,0.0,0.0,0.00013502565
test,588,egc,1.0,0.85,0.84615386,1.0,0.0002700513,0.0002700513,0.0002700513
test,589,tg,0.852459,0.6666667,0.6056338,0.0,0.0,0.0,0.00013502565
test,590,tg,0.6415094,0.4920635,0.49122807,0.0,0.0,0.0,0.0
test,591,tg,0.796875,0.546875,0.5423729,0.0,0.0,0.0,0.0
test,592,ei,1.0,1.0,0.47826087,1.0,0.0005401026,0.0005401026,0.0005401026
test,593,tg,0.8604651,0.79545456,0.73333335,0.0,0.0,0.0,0.0002700513
test,594,tg,0.75,0.6229508,0.5846154,0.0,0.0,0.0,0.0
test,595,tg,1.0,1.0,1.0,1.0,0.002025385,0.002025385,0.0024304618
test,596,ei,1.0,1.0,1.0,1.0,0.00067512825,0.00067512825,0.00067512825
test,597,tg,0.7234042,0.72,0.6923077,0.0,0.0,0.0,0.0
test,598,egb,1.0,1.0,0.5555556,1.0,0.0005401026,0.0005401026,0.0005401026
test,599,tg,1.0,1.0,0.8974359,1.0,0.0005401026,0.0005401026,0.00067512825
test,600,tg,0.6857143,0.5,0.4047619,0.0,0.0,0.0,0.0
test,601,tg,1.0,0.61538464,0.5882353,1.0,0.00013502565,0.00013502565,0.00013502565
test,602,tg,1.0,1.0,1.0,1.0,0.002025385,0.002025385,0.0024304618
test,603,nc,1.0,0.57575756,0.57575756,1.0,0.0002700513,0.0002700513,0.0002700513
test,604,tg,1.0,0.8125,0.74285716,1.0,0.00013502565,0.00013502565,0.00013502565
test,605,egc,0.9302326,0.8695652,0.84090906,0.0,0.0,0.0002700513,0.0005401026
test,606,egc,0.42307693,0.36842105,0.35,0.0,0.0,0.0,0.0
test,607,egc,1.0,0.85714287,0.8148148,1.0,0.00013502565,0.00013502565,0.00040507698
test,608,tg,0.9807692,0.96153843,0.9444444,0.0,0.00040507698,0.0021604104,0.002700513
test,609,tg,0.75438595,0.73333335,0.54545456,0.0,0.0,0.0,0.0
test,610,tg,0.8918919,0.7297297,0.61904764,0.0,0.0,0.0,0.00013502565
test,611,tg,0.8666667,0.80851066,0.6181818,0.0,0.0,0.0,0.00013502565
test,612,tg,0.7241379,0.5925926,0.4871795,0.0,0.0,0.0,0.0
test,613,tg,0.55813956,0.4883721,0.4680851,0.0,0.0,0.0,0.0
test,614,tg,0.8214286,0.62068963,0.6,0.0,0.0,0.0,0.0
test,615,nc,1.0,0.625,0.625,1.0,0.00013502565,0.00013502565,0.00013502565
test,616,tg,0.8,0.71428573,0.68421054,0.0,0.0,0.0,0.0
test,617,tg,1.0,0.8333333,0.8,1.0,0.0002700513,0.0002700513,0.0002700513
test,618,tg,0.86,0.754717,0.754717,0.0,0.0,0.0,0.00013502565
test,619,egc,0.7894737,0.4888889,0.45238096,0.0,0.0,0.0,0.0
test,620,egc,1.0,0.3255814,0.30769232,1.0,0.00013502565,0.00013502565,0.00013502565
test,621,tg,1.0,0.7804878,0.68421054,1.0,0.00013502565,0.00013502565,0.00013502565
test,622,tg,0.8333333,0.5964912,0.55,0.0,0.0,0.0,0.0
test,623,tg,0.71428573,0.71428573,0.71428573,0.0,0.0,0.0,0.0
test,624,tg,0.82978725,0.8125,0.8125,0.0,0.0,0.0,0.0
test,625,nc,1.0,0.6896552,0.6896552,1.0,0.0002700513,0.0002700513,0.0002700513
test,626,eea,1.0,1.0,0.57575756,1.0,0.00040507698,0.00040507698,0.00040507698
test,627,tg,0.6792453,0.6792453,0.625,0.0,0.0,0.0,0.0
test,628,egc,1.0,1.0,0.64285713,1.0,0.00040507698,0.00040507698,0.00040507698
test,629,tg,0.7708333,0.74,0.71428573,0.0,0.0,0.0,0.0
test,630,egc,1.0,1.0,1.0,1.0,0.0009451796,0.0009451796,0.0012152309
test,631,eea,1.0,1.0,0.61290324,1.0,0.00040507698,0.00040507698,0.00040507698
test,632,tg,0.75,0.525,0.46938777,0.0,0.0,0.0,0.0
test,633,tg,0.84782606,0.8125,0.5416667,0.0,0.0,0.0,0.0
test,634,tg,0.8076923,0.8,0.76785713,0.0,0.0,0.0,0.0
test,635,egc,0.84615386,0.7878788,0.7222222,0.0,0.0,0.0,0.0
test,636,tg,0.9736842,0.6976744,0.6818182,0.0,0.0002700513,0.0002700513,0.0002700513
test,637,tg,0.79591835,0.74418604,0.6666667,0.0,0.0,0.0,0.0
test,638,ei,1.0,1.0,0.4857143,1.0,0.0005401026,0.0005401026,0.0005401026
test,639,tg,0.7222222,0.5365854,0.45,0.0,0.0,0.0,0.0
test,640,tg,0.6666667,0.6666667,0.6052632,0.0,0.0,0.0,0.0
test,641,egc,0.9444444,0.6,0.6,0.0,0.0,0.00013502565,0.00013502565
test,642,egc,0.39534885,0.37037036,0.3617021,0.0,0.0,0.0,0.0
test,643,tg,1.0,0.8450704,0.61627907,1.0,0.00013502565,0.00013502565,0.0002700513
test,644,egc,0.2982456,0.28333333,0.27272728,0.0,0.0,0.0,0.0
test,645,tg,0.6,0.47058824,0.47058824,0.0,0.0,0.0,0.0
test,646,tg,0.73170733,0.58536583,0.5675676,0.0,0.0,0.0,0.0
test,647,tg,0.6875,0.5471698,0.509434,0.0,0.0,0.0,0.0
test,648,tg,1.0,0.7903226,0.6034483,1.0,0.00013502565,0.00013502565,0.00013502565
test,649,tg,0.8958333,0.84,0.78431374,0.0,0.0,0.0,0.00013502565
test,650,tg,1.0,0.6785714,0.5471698,1.0,0.00013502565,0.00013502565,0.00013502565
test,651,tg,0.7735849,0.4642857,0.45762712,0.0,0.0,0.0,0.0
test,652,tg,0.9459459,0.65789473,0.5952381,0.0,0.0,0.00013502565,0.00013502565
test,653,egc,1.0,0.8947368,0.82051283,1.0,0.00013502565,0.00013502565,0.00040507698
test,654,tg,1.0,0.78125,0.64912283,1.0,0.00013502565,0.00013502565,0.0002700513
test,655,tg,0.5714286,0.34146342,0.3243243,0.0,0.0,0.0,0.0
test,656,tg,0.76744187,0.60465115,0.5813953,0.0,0.0,0.0,0.0
test,657,tg,0.41666666,0.37142858,0.3529412,0.0,0.0,0.0,0.0
test,658,tg,1.0,0.8780488,0.8717949,1.0,0.0002700513,0.0002700513,0.002025385
test,659,nc,1.0,1.0,0.625,1.0,0.00040507698,0.00040507698,0.00040507698
test,660,tg,0.7380952,0.6956522,0.67391306,0.0,0.0,0.0,0.0
test,661,eea,1.0,0.7037037,0.7037037,1.0,0.0002700513,0.0002700513,0.0002700513
test,662,tg,0.7777778,0.6511628,0.6,0.0,0.0,0.0,0.0
test,663,eps,1.0,1.0,0.60714287,1.0,0.00040507698,0.00040507698,0.00040507698
test,664,tg,0.85294116,0.6969697,0.6111111,0.0,0.0,0.0,0.00013502565
test,665,tg,0.88235295,0.8035714,0.6779661,0.0,0.0,0.0,0.00013502565
test,666,tg,0.71428573,0.6571429,0.575,0.0,0.0,0.0,0.0
test,667,tg,0.84615386,0.78571427,0.75555557,0.0,0.0,0.0,0.0
test,668,tg,1.0,0.85,0.84615386,1.0,0.0002700513,0.0002700513,0.0002700513
test,669,tg,0.7962963,0.36666667,0.35714287,0.0,0.0,0.0,0.0
test,670,tg,0.75510204,0.6727273,0.62068963,0.0,0.0,0.0,0.0
test,671,tg,0.72727275,0.6857143,0.62857145,0.0,0.0,0.0,0.0
test,672,tg,1.0,0.975,0.95,1.0,0.0005401026,0.00067512825,0.00081015396
test,673,egb,1.0,1.0,0.51724136,1.0,0.0005401026,0.0005401026,0.0005401026
test,674,egc,0.6923077,0.5714286,0.5,0.0,0.0,0.0,0.0
test,675,egc,0.73913044,0.5833333,0.5769231,0.0,0.0,0.0,0.0
test,676,ei,1.0,1.0,0.5714286,1.0,0.0005401026,0.0005401026,0.0005401026
test,677,tg,1.0,0.6,0.5833333,1.0,0.00013502565,0.00013502565,0.00013502565
test,678,tg,0.52272725,0.4883721,0.4883721,0.0,0.0,0.0,0.0
test,679,egc,1.0,1.0,0.51724136,1.0,0.00040507698,0.00040507698,0.00040507698
test,680,egc,0.6666667,0.5555556,0.4878049,0.0,0.0,0.0,0.0
test,681,nc,1.0,1.0,0.6571429,1.0,0.00040507698,0.00040507698,0.00040507698
test,682,tg,0.53125,0.35897437,0.275,0.0,0.0,0.0,0.0
test,683,egb,1.0,0.8125,0.57894737,1.0,0.00013502565,0.00013502565,0.00013502565
test,684,tg,0.7,0.7,0.7,0.0,0.0,0.0,0.0
test,685,tg,1.0,1.0,1.0,1.0,0.0012152309,0.0012152309,0.0012152309
test,686,egc,0.5,0.4516129,0.44444445,0.0,0.0,0.0,0.0
test,687,tg,0.9705882,0.85294116,0.84615386,0.0,0.0002700513,0.0002700513,0.0005401026
test,688,tg,0.7647059,0.7209302,0.7027027,0.0,0.0,0.0,0.0
test,689,tg,0.7096774,0.7058824,0.62857145,0.0,0.0,0.0,0.0
test,690,tg,0.7368421,0.6666667,0.5645161,0.0,0.0,0.0,0.0
test,691,eea,1.0,1.0,0.6363636,1.0,0.00040507698,0.00040507698,0.00040507698
test,692,tg,1.0,1.0,0.8666667,1.0,0.00040507698,0.0005401026,0.0009451796
test,693,egb,1.0,1.0,1.0,1.0,0.00067512825,0.0010802052,0.0012152309
test,694,eps,1.0,0.79310346,0.6875,1.0,0.00013502565,0.00013502565,0.00013502565
test,695,tg,0.7027027,0.7027027,0.64285713,0.0,0.0,0.0,0.0
test,696,tg,1.0,0.9347826,0.8695652,1.0,0.00013502565,0.00040507698,0.00067512825
test,697,eea,1.0,1.0,0.41935483,1.0,0.00040507698,0.00040507698,0.00040507698
test,698,tg,0.7910448,0.74626863,0.6891892,0.0,0.0,0.0,0.0
test,699,egc,0.56,0.5,0.45238096,0.0,0.0,0.0,0.0
test,700,tg,0.5769231,0.53846157,0.5,0.0,0.0,0.0,0.0
test,701,egc,1.0,0.5555556,0.55172414,1.0,0.00013502565,0.00013502565,0.00013502565
test,702,egc,1.0,1.0,0.5,1.0,0.0005401026,0.0005401026,0.0005401026
test,703,tg,1.0,0.84782606,0.81632656,1.0,0.0002700513,0.0002700513,0.0002700513
test,704,tg,1.0,1.0,0.7027027,1.0,0.00040507698,0.00040507698,0.00040507698
test,705,tg,0.7826087,0.6363636,0.35714287,0.0,0.0,0.0,0.0
test,706,tg,0.50617284,0.44186047,0.39361703,0.0,0.0,0.0,0.0
test,707,tg,0.8360656,0.73134327,0.6,0.0,0.0,0.0,0.0
test,708,tg,1.0,0.5217391,0.5217391,1.0,0.00013502565,0.00013502565,0.00013502565
test,709,tg,1.0,1.0,0.54385966,1.0,0.00040507698,0.00040507698,0.00040507698
test,710,tg,0.8333333,0.4893617,0.45833334,0.0,0.0,0.0,0.0
test,711,tg,0.8055556,0.7804878,0.5319149,0.0,0.0,0.0,0.0
test,712,ei,1.0,0.6451613,0.6451613,1.0,0.0002700513,0.0002700513,0.0002700513
test,713,tg,0.6666667,0.52272725,0.5116279,0.0,0.0,0.0,0.0
test,714,egc,1.0,0.8888889,0.78571427,1.0,0.0002700513,0.0002700513,0.00040507698
test,715,tg,0.90625,0.90625,0.90625,0.0,0.0,0.00081015396,0.00081015396
test,716,egc,1.0,0.65909094,0.5849057,1.0,0.00013502565,0.00013502565,0.00013502565
test,717,tg,0.8918919,0.8918919,0.70454544,0.0,0.0,0.0,0.0005401026
test,718,tg,0.8333333,0.8292683,0.73913044,0.0,0.0,0.0,0.0
test,719,tg,0.8909091,0.625,0.6142857,0.0,0.0,0.0,0.00013502565
test,720,egc,0.5294118,0.5294118,0.5,0.0,0.0,0.0,0.0
test,721,tg,0.7567568,0.71428573,0.6315789,0.0,0.0,0.0,0.0
test,722,egb,1.0,0.6451613,0.6451613,1.0,0.0002700513,0.0002700513,0.0002700513
test,723,egb,1.0,1.0,1.0,1.0,0.0013502565,0.0014852822,0.0014852822
test,724,egc,0.7941176,0.4878049,0.4473684,0.0,0.0,0.0,0.0
test,725,egb,1.0,1.0,0.57894737,1.0,0.0005401026,0.0005401026,0.0005401026
test,726,tg,0.974359,0.8181818,0.7906977,0.0,0.00013502565,0.0002700513,0.0002700513
test,727,tg,0.9130435,0.9130435,0.89361703,0.0,0.0,0.00040507698,0.0010802052
test,728,tg,0.9361702,0.509434,0.45714286,0.0,0.0,0.00013502565,0.0002700513
test,729,tg,0.65789473,0.53061223,0.52,0.0,0.0,0.0,0.0
test,730,tg,0.32,0.24242425,0.20689656,0.0,0.0,0.0,0.0
test,731,tg,0.7741935,0.734375,0.71929824,0.0,0.0,0.0,0.0
test,732,egc,0.5882353,0.54545456,0.54347825,0.0,0.0,0.0,0.0
test,733,egc,1.0,0.6923077,0.6,1.0,0.00013502565,0.00013502565,0.00013502565
test,734,tg,1.0,0.6315789,0.6315789,1.0,0.00013502565,0.00013502565,0.0002700513
test,735,tg,1.0,0.8888889,0.85106385,1.0,0.00013502565,0.0002700513,0.00067512825
test,736,tg,1.0,0.9,0.78571427,1.0,0.0002700513,0.0002700513,0.00040507698
test,737,tg,0.71428573,0.6896552,0.6666667,0.0,0.0,0.0,0.0
test,738,tg,0.78125,0.7058824,0.5897436,0.0,0.0,0.0,0.0
test,739,tg,0.72,0.6226415,0.5555556,0.0,0.0,0.0,0.0
test,740,tg,1.0,0.85714287,0.75,1.0,0.0002700513,0.0002700513,0.00040507698
test,741,tg,0.39130434,0.3809524,0.36,0.0,0.0,0.0,0.0
test,742,tg,0.85714287,0.7659575,0.75,0.0,0.0,0.0,0.00013502565
test,743,tg,0.7222222,0.47058824,0.35897437,0.0,0.0,0.0,0.0
test,744,egb,1.0,0.79310346,0.6875,1.0,0.00013502565,0.00013502565,0.00013502565
test,745,tg,1.0,1.0,0.8867925,1.0,0.0005401026,0.0005401026,0.0021604104
test,746,tg,1.0,0.9166667,0.6923077,1.0,0.0002700513,0.00040507698,0.00040507698
test,747,egc,0.4814815,0.44827586,0.34375,0.0,0.0,0.0,0.0
test,748,tg,1.0,0.71875,0.7096774,1.0,0.00013502565,0.00013502565,0.00013502565
test,749,tg,1.0,1.0,0.82222223,1.0,0.00040507698,0.0005401026,0.0005401026
test,750,tg,0.8064516,0.7183099,0.56666666,0.0,0.0,0.0,0.0
test,751,tg,1.0,0.71428573,0.6451613,1.0,0.00013502565,0.00013502565,0.00013502565
test,752,tg,1.0,0.8695652,0.7222222,1.0,0.00013502565,0.00013502565,0.0005401026
test,753,eea,1.0,1.0,0.8888889,1.0,0.00040507698,0.00040507698,0.0009451796
test,754,tg,0.8695652,0.8043478,0.8,0.0,0.0,0.0,0.0002700513
test,755,egc,1.0,0.5769231,0.56,1.0,0.00013502565,0.00013502565,0.00013502565
test,756,egc,1.0,1.0,1.0,1.0,0.0076964623,0.007966514,0.00810154
test,757,tg,1.0,0.61403507,0.5964912,1.0,0.00013502565,0.00013502565,0.00013502565
test,758,eea,1.0,0.5,0.5,1.0,0.00013502565,0.00013502565,0.00013502565
test,759,tg,1.0,1.0,0.74285716,1.0,0.0005401026,0.0005401026,0.0005401026
test,760,tg,0.55813956,0.475,0.46341464,0.0,0.0,0.0,0.0
test,761,tg,0.8333333,0.6666667,0.625,0.0,0.0,0.0,0.0
test,762,egc,0.95238096,0.60714287,0.5833333,0.0,0.00013502565,0.00013502565,0.00013502565
test,763,nc,1.0,1.0,0.45833334,1.0,0.0005401026,0.0005401026,0.0005401026
test,764,tg,0.6666667,0.61290324,0.6,0.0,0.0,0.0,0.0
test,765,egc,1.0,1.0,0.6551724,1.0,0.00040507698,0.00040507698,0.00040507698
test,766,tg,1.0,0.5714286,0.5192308,1.0,0.00013502565,0.00013502565,0.00013502565
test,767,egb,0.4347826,0.4347826,0.4347826,0.0,0.0,0.0,0.0
test,768,egc,0.9285714,0.90697676,0.90697676,0.0,0.0,0.0010802052,0.0013502565
test,769,egc,1.0,0.9310345,0.8965517,1.0,0.0002700513,0.0005401026,0.0012152309
test,770,egb,1.0,1.0,0.7419355,1.0,0.00040507698,0.00040507698,0.00040507698
test,771,tg,0.972973,0.7826087,0.65789473,0.0,0.00013502565,0.0002700513,0.0002700513
test,772,tg,1.0,0.7346939,0.7058824,1.0,0.00013502565,0.00013502565,0.0002700513
test,773,tg,0.8115942,0.7083333,0.5058824,0.0,0.0,0.0,0.0
test,774,tg,1.0,1.0,1.0,1.0,0.00067512825,0.00067512825,0.00067512825
test,775,tg,1.0,0.4857143,0.4516129,1.0,0.00013502565,0.00013502565,0.00013502565
test,776,eps,1.0,0.8888889,0.8888889,1.0,0.0002700513,0.0002700513,0.00067512825
test,777,tg,0.6184211,0.5714286,0.55714285,0.0,0.0,0.0,0.0
test,778,tg,1.0,0.3243243,0.24242425,1.0,0.0002700513,0.0002700513,0.0002700513
test,779,tg,0.9375,0.90909094,0.7941176,0.0,0.0,0.00040507698,0.00040507698
test,780,tg,0.8039216,0.5555556,0.47272727,0.0,0.0,0.0,0.0
test,781,tg,0.6976744,0.63829786,0.6363636,0.0,0.0,0.0,0.0
test,782,egc,0.54545456,0.53125,0.53125,0.0,0.0,0.0,0.0
test,783,tg,1.0,1.0,1.0,1.0,0.0076964623,0.007966514,0.00810154
test,784,egc,0.6111111,0.58064514,0.56666666,0.0,0.0,0.0,0.0
test,785,tg,0.6481481,0.6415094,0.5625,0.0,0.0,0.0,0.0
test,786,tg,0.77272725,0.75609756,0.68085104,0.0,0.0,0.0,0.0
test,787,egc,1.0,0.96153843,0.3888889,1.0,0.00040507698,0.00040507698,0.00040507698
test,788,nc,1.0,0.5769231,0.5769231,1.0,0.00013502565,0.00013502565,0.00013502565
test,789,tg,0.8333333,0.6875,0.6530612,0.0,0.0,0.0,0.0
test,790,tg,0.71875,0.6388889,0.6052632,0.0,0.0,0.0,0.0
test,791,tg,1.0,1.0,1.0,1.0,0.00067512825,0.00067512825,0.00067512825
test,792,tg,0.8,0.79591835,0.78431374,0.0,0.0,0.0,0.0
test,793,tg,1.0,0.8235294,0.7777778,1.0,0.00013502565,0.00013502565,0.00013502565
test,794,tg,0.80487806,0.77272725,0.3962264,0.0,0.0,0.0,0.0
test,795,tg,0.7777778,0.6923077,0.51724136,0.0,0.0,0.0,0.0
test,796,tg,0.84210527,0.8035714,0.71875,0.0,0.0,0.0,0.0
test,797,egc,0.8518519,0.7407407,0.7407407,0.0,0.0,0.0,0.0002700513
test,798,tg,0.8596491,0.7777778,0.76363635,0.0,0.0,0.0,0.0002700513
test,799,egc,1.0,0.80851066,0.7755102,1.0,0.0002700513,0.0002700513,0.0002700513
test,800,egc,1.0,1.0,0.6111111,1.0,0.0005401026,0.0005401026,0.0005401026
test,801,tg,1.0,0.76086956,0.6956522,1.0,0.00013502565,0.00013502565,0.0002700513
test,802,tg,0.74,0.62711865,0.57894737,0.0,0.0,0.0,0.0
test,803,tg,1.0,0.5652174,0.55813956,1.0,0.00013502565,0.00013502565,0.00013502565
test,804,egc,1.0,0.6666667,0.6666667,1.0,0.00013502565,0.00013502565,0.0002700513
test,805,egb,1.0,0.61538464,0.61538464,1.0,0.00013502565,0.00013502565,0.00013502565
test,806,tg,0.91071427,0.9,0.82258064,0.0,0.0,0.0002700513,0.0005401026
test,807,egc,1.0,0.79310346,0.6875,1.0,0.00013502565,0.00013502565,0.00013502565
test,808,tg,0.8727273,0.7966102,0.70689654,0.0,0.0,0.0,0.00013502565
test,809,nc,1.0,1.0,0.61904764,1.0,0.0005401026,0.0005401026,0.0005401026
test,810,tg,0.9791667,0.88461536,0.88461536,0.0,0.00013502565,0.0002700513,0.0014852822
test,811,tg,0.68,0.61538464,0.57894737,0.0,0.0,0.0,0.0
test,812,tg,0.53333336,0.43333334,0.43333334,0.0,0.0,0.0,0.0
test,813,tg,0.7419355,0.7368421,0.6721311,0.0,0.0,0.0,0.0
test,814,egc,1.0,1.0,1.0,1.0,0.0076964623,0.007966514,0.00810154
test,815,ei,1.0,1.0,0.7692308,1.0,0.0005401026,0.0005401026,0.0005401026
test,816,egb,1.0,0.94736844,0.84210527,1.0,0.0002700513,0.0005401026,0.0005401026
test,817,egc,0.47058824,0.41935483,0.33333334,0.0,0.0,0.0,0.0
test,818,tg,1.0,1.0,0.7241379,1.0,0.00040507698,0.00040507698,0.00040507698
test,819,egc,1.0,0.7352941,0.4375,1.0,0.00013502565,0.00013502565,0.00013502565
test,820,tg,0.8235294,0.75757575,0.43243244,0.0,0.0,0.0,0.0
test,821,egc,0.5862069,0.48387095,0.4814815,0.0,0.0,0.0,0.0
test,822,nc,1.0,1.0,0.65217394,1.0,0.0005401026,0.0005401026,0.0005401026
test,823,tg,0.97959185,0.8979592,0.8979592,0.0,0.00013502565,0.00013502565,0.0010802052
test,824,tg,0.9444444,0.8,0.6744186,0.0,0.0,0.00013502565,0.0002700513
test,825,egb,1.0,0.36842105,0.3448276,1.0,0.00013502565,0.00013502565,0.00013502565
test,826,tg,0.6938776,0.6744186,0.62,0.0,0.0,0.0,0.0
test,827,eps,0.54545456,0.53125,0.53125,0.0,0.0,0.0,0.0
test,828,egb,1.0,0.96428573,0.96428573,1.0,0.00067512825,0.00067512825,0.00081015396
test,829,tg,1.0,0.6571429,0.5416667,1.0,0.0002700513,0.0002700513,0.0002700513
test,830,tg,0.73913044,0.627907,0.54901963,0.0,0.0,0.0,0.0
test,831,tg,0.75,0.625,0.5744681,0.0,0.0,0.0,0.0
test,832,egc,1.0,1.0,1.0,1.0,0.0024304618,0.0025654875,0.0025654875
test,833,tg,1.0,0.94871795,0.8717949,1.0,0.0002700513,0.00040507698,0.00067512825
test,834,tg,1.0,0.53846157,0.49056605,1.0,0.0002700513,0.0002700513,0.0002700513
test,835,tg,1.0,0.51282054,0.2857143,1.0,0.00013502565,0.00013502565,0.00013502565
test,836,egc,0.6571429,0.5555556,0.44444445,0.0,0.0,0.0,0.0
test,837,tg,0.8852459,0.69491524,0.59375,0.0,0.0,0.0,0.0002700513
test,838,tg,1.0,0.71428573,0.70731705,1.0,0.00013502565,0.00013502565,0.00013502565
test,839,egc,1.0,0.56,0.4827586,1.0,0.00013502565,0.00013502565,0.00013502565
test,840,tg,0.77272725,0.5777778,0.5344828,0.0,0.0,0.0,0.0
test,841,tg,1.0,1.0,0.7692308,1.0,0.0005401026,0.0005401026,0.0005401026
test,842,tg,0.9705882,0.7,0.7,0.0,0.00013502565,0.00013502565,0.00013502565
test,843,egb,1.0,1.0,0.6969697,1.0,0.0005401026,0.0005401026,0.0005401026
test,844,egc,0.7037037,0.625,0.5510204,0.0,0.0,0.0,0.0
test,845,egc,1.0,0.6,0.59574467,1.0,0.00013502565,0.0002700513,0.0002700513
test,846,ei,1.0,1.0,0.47619048,1.0,0.00040507698,0.00040507698,0.00040507698
test,847,egc,1.0,0.96428573,0.79310346,1.0,0.00040507698,0.00040507698,0.0005401026
test,848,tg,0.9361702,0.65384614,0.625,0.0,0.0,0.00013502565,0.00013502565
test,849,egb,1.0,0.93333334,0.6756757,1.0,0.0002700513,0.00040507698,0.0005401026
test,850,tg,0.9285714,0.8043478,0.74,0.0,0.0,0.00013502565,0.0002700513
test,851,tg,0.8974359,0.375,0.35714287,0.0,0.0,0.0,0.00013502565
test,852,tg,1.0,1.0,1.0,1.0,0.002025385,0.002025385,0.0024304618
test,853,tg,0.97619045,0.7916667,0.7916667,0.0,0.0002700513,0.0002700513,0.0002700513
test,854,tg,0.7407407,0.58064514,0.56666666,0.0,0.0,0.0,0.0
test,855,egc,1.0,1.0,1.0,1.0,0.00067512825,0.00067512825,0.00067512825
test,856,tg,0.88135594,0.82539684,0.8,0.0,0.0,0.0,0.00013502565
test,857,tg,0.8787879,0.6969697,0.55,0.0,0.0,0.0,0.0002700513
test,858,tg,1.0,1.0,0.6111111,1.0,0.0005401026,0.0005401026,0.0005401026
test,859,tg,0.53846157,0.3902439,0.37209302,0.0,0.0,0.0,0.0
test,860,nc,1.0,1.0,0.64705884,1.0,0.00040507698,0.00040507698,0.00040507698
test,861,egc,1.0,0.86206895,0.53125,1.0,0.00013502565,0.0002700513,0.00040507698
test,862,egc,0.37142858,0.34285715,0.30769232,0.0,0.0,0.0,0.0
test,863,tg,0.75,0.72727275,0.72727275,0.0,0.0,0.0,0.0
test,864,tg,0.8852459,0.60655737,0.60655737,0.0,0.0,0.0,0.00013502565
test,865,tg,0.88461536,0.75510204,0.6851852,0.0,0.0,0.0,0.00013502565
test,866,tg,0.8333333,0.8333333,0.8333333,0.0,0.0,0.0,0.0
test,867,egc,0.37931034,0.30769232,0.3030303,0.0,0.0,0.0,0.0
test,868,tg,1.0,0.7352941,0.7352941,1.0,0.0002700513,0.0002700513,0.0002700513
test,869,tg,1.0,0.6,0.5660377,1.0,0.00013502565,0.00013502565,0.00013502565
test,870,tg,0.97619045,0.97619045,0.8863636,0.0,0.0005401026,0.0005401026,0.0009451796
test,871,tg,1.0,0.6666667,0.5824176,1.0,0.00013502565,0.00013502565,0.00013502565
test,872,tg,0.51785713,0.5090909,0.4918033,0.0,0.0,0.0,0.0
test,873,egc,1.0,0.775,0.75555557,1.0,0.00013502565,0.00013502565,0.00013502565
test,874,tg,0.6904762,0.6041667,0.58536583,0.0,0.0,0.0,0.0
test,875,egc,0.96153843,0.5625,0.5294118,0.0,0.00013502565,0.00013502565,0.00013502565
test,876,tg,1.0,0.61538464,0.59183675,1.0,0.00013502565,0.00013502565,0.00013502565
test,877,tg,0.97959185,0.8979592,0.8979592,0.0,0.00013502565,0.00013502565,0.0010802052
test,878,tg,0.46666667,0.35555556,0.3469388,0.0,0.0,0.0,0.0
test,879,eps,1.0,1.0,0.68,1.0,0.00040507698,0.00040507698,0.00040507698
test,880,egc,1.0,0.6451613,0.6451613,1.0,0.00013502565,0.00013502565,0.00013502565
test,881,tg,0.8857143,0.8857143,0.8125,0.0,0.0,0.0,0.0005401026
test,882,ei,1.0,0.41304347,0.4090909,1.0,0.00013502565,0.00013502565,0.00013502565
test,883,tg,0.8863636,0.7755102,0.7647059,0.0,0.0,0.0,0.0002700513
test,884,egc,1.0,1.0,1.0,1.0,0.0076964623,0.007966514,0.00810154
test,885,tg,0.9189189,0.8292683,0.8292683,0.0,0.0,0.00013502565,0.00013502565
test,886,tg,0.7,0.7,0.68085104,0.0,0.0,0.0,0.0
test,887,egc,0.55263156,0.46666667,0.46666667,0.0,0.0,0.0,0.0
test,888,nc,1.0,1.0,0.52380955,1.0,0.00040507698,0.00040507698,0.00040507698
test,889,tg,0.6862745,0.5882353,0.5740741,0.0,0.0,0.0,0.0
test,890,egc,0.55813956,0.34042552,0.33333334,0.0,0.0,0.0,0.0
test,891,egc,0.5813953,0.57575756,0.5588235,0.0,0.0,0.0,0.0
test,892,tg,0.57894737,0.4918033,0.46153846,0.0,0.0,0.0,0.0
test,893,egb,1.0,0.89285713,0.67741936,1.0,0.0002700513,0.0002700513,0.00040507698
test,894,tg,0.8787879,0.5555556,0.51428574,0.0,0.0,0.0,0.00013502565
test,895,egc,0.68,0.5769231,0.53571427,0.0,0.0,0.0,0.0
test,896,tg,1.0,0.9375,0.88235295,1.0,0.0002700513,0.00040507698,0.0013502565
test,897,eea,1.0,1.0,0.5,1.0,0.00040507698,0.00040507698,0.00040507698
test,898,tg,0.6896552,0.66071427,0.5652174,0.0,0.0,0.0,0.0
test,899,tg,1.0,1.0,1.0,1.0,0.0033756413,0.004320821,0.005130975
test,900,tg,0.8372093,0.79591835,0.75,0.0,0.0,0.0,0.0
test,901,egb,1.0,1.0,1.0,1.0,0.00067512825,0.00067512825,0.00067512825
test,902,tg,0.6792453,0.5849057,0.5660377,0.0,0.0,0.0,0.0
test,903,egc,0.6,0.54545456,0.51785713,0.0,0.0,0.0,0.0
test,904,tg,0.88235295,0.84615386,0.78571427,0.0,0.0,0.0,0.0002700513
test,905,nc,1.0,0.54545456,0.54545456,1.0,0.0002700513,0.0002700513,0.0002700513
test,906,eea,1.0,0.8333333,0.65,1.0,0.0002700513,0.0002700513,0.0002700513
test,907,tg,0.8873239,0.75641024,0.52380955,0.0,0.0,0.0,0.00013502565
test,908,tg,1.0,0.44444445,0.44444445,1.0,0.00013502565,0.00013502565,0.00013502565
test,909,tg,1.0,1.0,0.7111111,1.0,0.0005401026,0.0005401026,0.0005401026
test,910,nc,1.0,1.0,0.6060606,1.0,0.0005401026,0.0005401026,0.0005401026
test,911,egc,1.0,0.87096775,0.61764705,1.0,0.0002700513,0.0002700513,0.0005401026
test,912,tg,0.74358976,0.46666667,0.40816328,0.0,0.0,0.0,0.0
test,913,tg,1.0,0.6034483,0.5862069,1.0,0.0002700513,0.0002700513,0.0002700513
test,914,tg,0.86206895,0.6,0.59615386,0.0,0.0,0.0,0.00013502565
test,915,tg,1.0,0.3902439,0.375,1.0,0.00013502565,0.00013502565,0.00013502565
test,916,tg,0.6857143,0.6666667,0.6315789,0.0,0.0,0.0,0.0
test,917,tg,1.0,0.6296296,0.56666666,1.0,0.00013502565,0.00013502565,0.00013502565
test,918,egc,0.5952381,0.47727272,0.4509804,0.0,0.0,0.0,0.0
test,919,egc,0.725,0.5365854,0.39534885,0.0,0.0,0.0,0.0
test,920,tg,0.9791667,0.9583333,0.7777778,0.0,0.00040507698,0.0005401026,0.0005401026
test,921,tg,0.44444445,0.41304347,0.38297874,0.0,0.0,0.0,0.0
test,922,tg,0.65,0.59375,0.56666666,0.0,0.0,0.0,0.0
test,923,egc,1.0,0.7446808,0.7291667,1.0,0.00013502565,0.00013502565,0.00013502565
test,924,tg,0.51111114,0.5,0.47368422,0.0,0.0,0.0,0.0
test,925,tg,0.78571427,0.60465115,0.5625,0.0,0.0,0.0,0.0
test,926,tg,1.0,1.0,1.0,1.0,0.0076964623,0.007966514,0.00810154
test,927,tg,0.9361702,0.9166667,0.7659575,0.0,0.0,0.00040507698,0.00040507698
test,928,egc,1.0,0.5217391,0.42857143,1.0,0.00013502565,0.00013502565,0.00013502565
test,929,tg,0.8333333,0.42372882,0.41860464,0.0,0.0,0.0,0.0
test,930,tg,0.6666667,0.5,0.37037036,0.0,0.0,0.0,0.0
test,931,tg,0.89830506,0.73770493,0.5714286,0.0,0.0,0.0,0.0002700513
test,932,tg,0.76086956,0.70212764,0.65217394,0.0,0.0,0.0,0.0
test,933,ei,1.0,0.75,0.75,1.0,0.0002700513,0.0002700513,0.0002700513
test,934,nc,1.0,1.0,0.64705884,1.0,0.0005401026,0.0005401026,0.0005401026
test,935,tg,0.65957445,0.64,0.6037736,0.0,0.0,0.0,0.0
test,936,tg,0.7708333,0.64705884,0.6415094,0.0,0.0,0.0,0.0
test,937,egb,1.0,0.54545456,0.54545456,1.0,0.0002700513,0.0002700513,0.0002700513
test,938,egb,1.0,0.74418604,0.63414633,1.0,0.00013502565,0.00013502565,0.0002700513
test,939,tg,0.8703704,0.7903226,0.41666666,0.0,0.0,0.0,0.00013502565
test,940,eea,1.0,1.0,1.0,1.0,0.00067512825,0.00067512825,0.00067512825
test,941,ei,1.0,1.0,0.64705884,1.0,0.00040507698,0.00040507698,0.00040507698
test,942,ei,1.0,1.0,0.8888889,1.0,0.00040507698,0.00040507698,0.00081015396
test,943,tg,0.7058824,0.6315789,0.61764705,0.0,0.0,0.0,0.0
test,944,egc,0.5,0.46875,0.46875,0.0,0.0,0.0,0.0
test,945,nc,1.0,1.0,0.5652174,1.0,0.00040507698,0.00040507698,0.00040507698
test,946,tg,0.9459459,0.92105263,0.59574467,0.0,0.0,0.0005401026,0.0005401026
test,947,tg,0.6862745,0.6862745,0.6666667,0.0,0.0,0.0,0.0
test,948,tg,0.7777778,0.4477612,0.41666666,0.0,0.0,0.0,0.0
test,949,tg,0.94,0.94,0.88235295,0.0,0.0,0.0005401026,0.0012152309
test,950,tg,0.85714287,0.7777778,0.75555557,0.0,0.0,0.0,0.00013502565
test,951,tg,1.0,0.55,0.3846154,1.0,0.00013502565,0.00013502565,0.00013502565
test,952,tg,0.59090906,0.45833334,0.4347826,0.0,0.0,0.0,0.0
test,953,egb,1.0,0.4848485,0.4814815,1.0,0.00013502565,0.00013502565,0.00013502565
test,954,tg,0.7924528,0.7017544,0.6603774,0.0,0.0,0.0,0.0
test,955,tg,0.9285714,0.9285714,0.8125,0.0,0.0,0.00040507698,0.00040507698
test,956,tg,0.97727275,0.97727275,0.82,0.0,0.00040507698,0.00040507698,0.0005401026
test,957,egb,1.0,1.0,0.52380955,1.0,0.00040507698,0.00040507698,0.00040507698
test,958,egc,0.925,0.85714287,0.8372093,0.0,0.0,0.0002700513,0.00040507698
test,959,tg,0.68333334,0.6229508,0.5967742,0.0,0.0,0.0,0.0
test,960,tg,1.0,0.754717,0.67241377,1.0,0.00013502565,0.00013502565,0.00013502565
test,961,tg,0.88235295,0.88235295,0.8035714,0.0,0.0,0.0,0.00040507698
test,962,egc,1.0,1.0,0.52380955,1.0,0.00040507698,0.00040507698,0.00040507698
test,963,egc,0.5625,0.54545456,0.4864865,0.0,0.0,0.0,0.0
test,964,egc,0.64285713,0.64285713,0.59375,0.0,0.0,0.0,0.0
test,965,eps,1.0,1.0,0.4347826,1.0,0.00040507698,0.00040507698,0.00040507698
test,966,egc,0.6964286,0.4117647,0.4,0.0,0.0,0.0,0.0
test,967,tg,0.9117647,0.575,0.54761904,0.0,0.0,0.00013502565,0.00013502565
test,968,tg,0.7297297,0.625,0.48076922,0.0,0.0,0.0,0.0
test,969,tg,0.75555557,0.5652174,0.54,0.0,0.0,0.0,0.0
test,970,ei,1.0,1.0,0.88461536,1.0,0.0005401026,0.0005401026,0.00081015396
test,971,tg,1.0,1.0,0.82857144,1.0,0.00040507698,0.00040507698,0.00040507698
test,972,egc,0.5,0.39285713,0.3478261,0.0,0.0,0.0,0.0
test,973,tg,0.6557377,0.609375,0.55932206,0.0,0.0,0.0,0.0
test,974,egc,0.6,0.6,0.6,0.0,0.0,0.0,0.0
test,975,egb,0.76086956,0.6666667,0.56363636,0.0,0.0,0.0,0.0
test,976,egc,0.5833333,0.5675676,0.5294118,0.0,0.0,0.0,0.0
test,977,tg,0.73170733,0.62,0.6,0.0,0.0,0.0,0.0
test,978,tg,0.76086956,0.75,0.74418604,0.0,0.0,0.0,0.0
test,979,egc,0.4642857,0.39285713,0.3529412,0.0,0.0,0.0,0.0
test,980,eea,1.0,0.8888889,0.8888889,1.0,0.0002700513,0.0002700513,0.00067512825
test,981,tg,0.6451613,0.6363636,0.57575756,0.0,0.0,0.0,0.0
test,982,tg,0.9791667,0.8367347,0.8125,0.0,0.00013502565,0.00013502565,0.00013502565
test,983,tg,0.9285714,0.9117647,0.8873239,0.0,0.0,0.0005401026,0.0009451796
test,984,tg,1.0,0.875,0.7916667,1.0,0.0002700513,0.0002700513,0.00040507698
test,985,tg,0.8305085,0.78571427,0.7692308,0.0,0.0,0.0,0.0
test,986,tg,0.56,0.5555556,0.49122807,0.0,0.0,0.0,0.0
test,987,eea,1.0,1.0,0.5652174,1.0,0.00040507698,0.00040507698,0.00040507698
test,988,tg,1.0,0.95652175,0.84615386,1.0,0.00040507698,0.00040507698,0.0005401026
test,989,tg,0.925,0.85714287,0.8372093,0.0,0.0,0.0002700513,0.00040507698
test,990,tg,0.734375,0.3768116,0.36486486,0.0,0.0,0.0,0.0
test,991,eps,1.0,1.0,0.6785714,1.0,0.00040507698,0.00040507698,0.00040507698
test,992,tg,0.88235295,0.7878788,0.71428573,0.0,0.0,0.0,0.0002700513
test,993,tg,0.75438595,0.7288136,0.66101694,0.0,0.0,0.0,0.0
test,994,egc,1.0,0.97727275,0.9347826,1.0,0.00040507698,0.00067512825,0.00081015396
test,995,tg,1.0,1.0,1.0,1.0,0.0009451796,0.0009451796,0.0010802052
test,996,tg,0.3888889,0.3529412,0.3529412,0.0,0.0,0.0,0.0
test,997,nc,1.0,1.0,0.6111111,1.0,0.00040507698,0.00040507698,0.00040507698
test,998,tg,1.0,1.0,1.0,1.0,0.00081015396,0.00081015396,0.00081015396
test,999,tg,0.6212121,0.43939394,0.43333334,0.0,0.0,0.0,0.0
test,1000,tg,0.79310346,0.45454547,0.44117647,0.0,0.0,0.0,0.0
test,1001,tg,0.8636364,0.82,0.79591835,0.0,0.0,0.0,0.00013502565
test,1002,tg,0.875,0.82051283,0.75,0.0,0.0,0.0,0.00013502565
test,1003,egc,0.44,0.4,0.39285713,0.0,0.0,0.0,0.0
test,1004,eea,1.0,1.0,0.64285713,1.0,0.00040507698,0.00040507698,0.00040507698
test,1005,eea,1.0,1.0,0.46875,1.0,0.00040507698,0.00040507698,0.00040507698
test,1006,eps,1.0,0.4857143,0.4857143,1.0,0.0002700513,0.0002700513,0.0002700513
test,1007,tg,0.7058824,0.6666667,0.6666667,0.0,0.0,0.0,0.0
test,1008,nc,1.0,1.0,0.4375,1.0,0.00040507698,0.00040507698,0.00040507698
test,1009,egc,1.0,0.9259259,0.51428574,1.0,0.00013502565,0.00040507698,0.00040507698
test,1010,tg,0.93333334,0.41666666,0.39473686,0.0,0.0,0.00013502565,0.00013502565
test,1011,tg,0.88135594,0.88135594,0.7846154,0.0,0.0,0.0,0.00040507698
test,1012,tg,0.7307692,0.53571427,0.40625,0.0,0.0,0.0,0.0
test,1013,tg,1.0,0.8852459,0.85714287,1.0,0.00013502565,0.0002700513,0.00067512825
test,1014,tg,0.47945204,0.47560975,0.46478873,0.0,0.0,0.0,0.0
test,1015,tg,0.8979592,0.89361703,0.875,0.0,0.0,0.0,0.00067512825
test,1016,egc,1.0,1.0,0.8965517,1.0,0.00040507698,0.00040507698,0.00081015396
test,1017,egc,1.0,0.7777778,0.7586207,1.0,0.00013502565,0.00013502565,0.0002700513
test,1018,egb,1.0,1.0,0.8333333,1.0,0.0005401026,0.0005401026,0.0005401026
test,1019,ei,1.0,0.71428573,0.71428573,1.0,0.0002700513,0.0002700513,0.0002700513
test,1020,egc,0.6857143,0.5263158,0.5,0.0,0.0,0.0,0.0
test,1021,tg,0.725,0.6666667,0.6666667,0.0,0.0,0.0,0.0
test,1022,tg,0.78571427,0.53333336,0.46938777,0.0,0.0,0.0,0.0
test,1023,tg,0.76363635,0.57377046,0.53333336,0.0,0.0,0.0,0.0
test,1024,tg,1.0,1.0,0.88461536,1.0,0.0005401026,0.0005401026,0.00081015396
test,1025,egc,1.0,1.0,1.0,1.0,0.0009451796,0.0009451796,0.0009451796
test,1026,egc,1.0,1.0,0.5,1.0,0.00040507698,0.00040507698,0.00040507698
test,1027,egc,0.5,0.44827586,0.41935483,0.0,0.0,0.0,0.0
test,1028,tg,1.0,0.94827586,0.7419355,1.0,0.00013502565,0.0005401026,0.0005401026
test,1029,eea,1.0,1.0,0.75757575,1.0,0.00040507698,0.00040507698,0.00040507698
test,1030,tg,1.0,1.0,1.0,1.0,0.0013502565,0.0017553335,0.002700513
test,1031,tg,0.6923077,0.4888889,0.4888889,0.0,0.0,0.0,0.0
test,1032,egc,1.0,0.8787879,0.8787879,1.0,0.00013502565,0.0002700513,0.00081015396
test,1033,egc,1.0,0.73333335,0.72727275,1.0,0.00013502565,0.00013502565,0.00013502565
test,1034,tg,0.85714287,0.72,0.6333333,0.0,0.0,0.0,0.00013502565
test,1035,eea,1.0,0.45238096,0.44444445,1.0,0.00013502565,0.00013502565,0.00013502565
test,1036,tg,0.8541667,0.7407407,0.6666667,0.0,0.0,0.0,0.0002700513
test,1037,egc,1.0,0.7,0.6388889,1.0,0.00013502565,0.00013502565,0.0002700513
test,1038,tg,1.0,1.0,1.0,1.0,0.0010802052,0.0010802052,0.0010802052
test,1039,eps,1.0,1.0,0.51724136,1.0,0.00040507698,0.00040507698,0.00040507698
test,1040,tg,0.84210527,0.54545456,0.5217391,0.0,0.0,0.0,0.0
test,1041,egc,1.0,1.0,0.6451613,1.0,0.0005401026,0.0005401026,0.0005401026
test,1042,egc,0.5217391,0.35,0.32,0.0,0.0,0.0,0.0
test,1043,egc,1.0,0.6060606,0.53571427,1.0,0.00013502565,0.00013502565,0.00013502565
test,1044,tg,1.0,0.8787879,0.8787879,1.0,0.00013502565,0.0002700513,0.00081015396
test,1045,tg,0.7058824,0.375,0.3255814,0.0,0.0,0.0,0.0
test,1046,tg,1.0,0.96363634,0.96363634,1.0,0.0010802052,0.0017553335,0.0025654875
test,1047,tg,0.8490566,0.7592593,0.6923077,0.0,0.0,0.0,0.0
test,1048,nc,1.0,1.0,0.53125,1.0,0.0005401026,0.0005401026,0.0005401026
test,1049,egc,0.26666668,0.25,0.23333333,0.0,0.0,0.0,0.0
test,1050,eps,1.0,0.7037037,0.7037037,1.0,0.0002700513,0.0002700513,0.0002700513
test,1051,tg,1.0,0.4489796,0.42105263,1.0,0.00013502565,0.00013502565,0.00013502565
test,1052,tg,1.0,0.85,0.85,1.0,0.00013502565,0.00013502565,0.0002700513
test,1053,tg,0.9056604,0.8541667,0.78846157,0.0,0.0,0.00013502565,0.00040507698
test,1054,egc,1.0,1.0,0.82758623,1.0,0.00040507698,0.00040507698,0.00040507698
test,1055,tg,0.61403507,0.5714286,0.5645161,0.0,0.0,0.0,0.0
test,1056,tg,0.9705882,0.8857143,0.7631579,0.0,0.00013502565,0.00013502565,0.00040507698
test,1057,egc,1.0,0.93333334,0.8666667,1.0,0.0002700513,0.0005401026,0.00067512825
test,1058,egc,1.0,1.0,0.6571429,1.0,0.00040507698,0.00040507698,0.00040507698
test,1059,egc,1.0,0.63829786,0.56,1.0,0.00013502565,0.00013502565,0.00013502565
test,1060,tg,0.6,0.6,0.5882353,0.0,0.0,0.0,0.0
test,1061,egc,1.0,0.6551724,0.53521127,1.0,0.00013502565,0.00013502565,0.00013502565
test,1062,egc,0.5,0.41666666,0.41666666,0.0,0.0,0.0,0.0
test,1063,tg,0.9104478,0.87323946,0.8028169,0.0,0.0,0.0002700513,0.00040507698
test,1064,tg,0.6923077,0.6727273,0.6545454,0.0,0.0,0.0,0.0
test,1065,tg,0.87096775,0.5873016,0.5846154,0.0,0.0,0.0,0.0002700513
test,1066,tg,0.9047619,0.5942029,0.575,0.0,0.0,0.00013502565,0.00013502565
test,1067,tg,0.86,0.7777778,0.7777778,0.0,0.0,0.0,0.00013502565
test,1068,eps,1.0,0.6060606,0.6060606,1.0,0.00013502565,0.00013502565,0.00013502565
test,1069,egc,0.7083333,0.5,0.5,0.0,0.0,0.0,0.0
test,1070,tg,0.75438595,0.6964286,0.63793105,0.0,0.0,0.0,0.0
test,1071,tg,0.6666667,0.6315789,0.625,0.0,0.0,0.0,0.0
test,1072,egb,1.0,0.52380955,0.4090909,1.0,0.0002700513,0.0002700513,0.0002700513
test,1073,egc,1.0,0.2857143,0.25,1.0,0.00013502565,0.00013502565,0.00013502565
test,1074,egc,1.0,1.0,0.8235294,1.0,0.0005401026,0.0005401026,0.0005401026
test,1075,egc,0.61538464,0.4888889,0.4878049,0.0,0.0,0.0,0.0
test,1076,tg,0.9807692,0.9444444,0.8947368,0.0,0.0002700513,0.00040507698,0.00067512825
test,1077,egc,1.0,1.0,1.0,1.0,0.00067512825,0.00067512825,0.00067512825
test,1078,tg,1.0,0.974359,0.47272727,1.0,0.00040507698,0.00040507698,0.00040507698
test,1079,egc,1.0,0.37288135,0.33898306,1.0,0.00013502565,0.00013502565,0.00013502565
test,1080,egb,1.0,1.0,0.8888889,1.0,0.00040507698,0.00040507698,0.0009451796
test,1081,egc,1.0,0.9310345,0.8965517,1.0,0.0002700513,0.0005401026,0.0012152309
test,1082,egc,1.0,1.0,0.5769231,1.0,0.00040507698,0.00040507698,0.00040507698
test,1083,egb,1.0,1.0,1.0,1.0,0.00067512825,0.00067512825,0.00067512825
test,1084,egc,0.6111111,0.6111111,0.57894737,0.0,0.0,0.0,0.0
test,1085,tg,0.5263158,0.5106383,0.47619048,0.0,0.0,0.0,0.0
test,1086,tg,0.94,0.7962963,0.5689655,0.0,0.0,0.00013502565,0.00013502565
test,1087,tg,0.66101694,0.6507937,0.6507937,0.0,0.0,0.0,0.0
test,1088,tg,0.8035714,0.72131145,0.7096774,0.0,0.0,0.0,0.0
test,1089,ei,1.0,1.0,1.0,1.0,0.00067512825,0.00067512825,0.00067512825
test,1090,tg,0.7894737,0.7017544,0.6779661,0.0,0.0,0.0,0.0
test,1091,tg,0.97619045,0.9111111,0.8367347,0.0,0.0002700513,0.00040507698,0.00040507698
test,1092,egc,0.6666667,0.6666667,0.55172414,0.0,0.0,0.0,0.0
test,1093,egc,0.65217394,0.3846154,0.32142857,0.0,0.0,0.0,0.0
test,1094,egc,1.0,0.96428573,0.96428573,1.0,0.00067512825,0.00067512825,0.00081015396
test,1095,egc,0.38709676,0.38709676,0.3529412,0.0,0.0,0.0,0.0
test,1096,egb,1.0,0.35,0.35,1.0,0.00013502565,0.00013502565,0.00013502565
test,1097,egc,1.0,0.45833334,0.45833334,1.0,0.00013502565,0.00013502565,0.00013502565
test,1098,tg,0.7258065,0.7058824,0.7037037,0.0,0.0,0.0,0.0
test,1099,tg,0.95348835,0.9302326,0.8888889,0.0,0.0002700513,0.0005401026,0.00081015396
test,1100,eps,1.0,1.0,0.4888889,1.0,0.00040507698,0.00040507698,0.00040507698
test,1101,egb,1.0,1.0,1.0,1.0,0.0010802052,0.0010802052,0.0010802052
test,1102,egc,0.36666667,0.275,0.23684211,0.0,0.0,0.0,0.0
test,1103,tg,0.9649123,0.88709676,0.8730159,0.0,0.00013502565,0.0002700513,0.0013502565
test,1104,eps,1.0,1.0,0.61538464,1.0,0.0005401026,0.0005401026,0.0005401026
test,1105,tg,0.6896552,0.5555556,0.53333336,0.0,0.0,0.0,0.0
test,1106,egc,0.37142858,0.34285715,0.33333334,0.0,0.0,0.0,0.0
test,1107,egc,0.8518519,0.8518519,0.79310346,0.0,0.0,0.0,0.00040507698
test,1108,tg,1.0,0.96428573,0.96428573,1.0,0.00067512825,0.0013502565,0.0014852822
test,1109,tg,0.6666667,0.6,0.6,0.0,0.0,0.0,0.0
test,1110,tg,0.61538464,0.5714286,0.5263158,0.0,0.0,0.0,0.0
test,1111,egb,1.0,1.0,0.6666667,1.0,0.00040507698,0.00040507698,0.00040507698
test,1112,tg,0.71428573,0.578125,0.5740741,0.0,0.0,0.0,0.0
test,1113,egc,1.0,1.0,0.8867925,1.0,0.0005401026,0.0005401026,0.0021604104
test,1114,tg,0.9411765,0.8055556,0.7647059,0.0,0.0,0.00013502565,0.00013502565
test,1115,tg,0.4,0.32258064,0.32,0.0,0.0,0.0,0.0
test,1116,ei,1.0,1.0,0.7777778,1.0,0.00040507698,0.00040507698,0.00040507698
test,1117,tg,0.82222223,0.71153843,0.58928573,0.0,0.0,0.0,0.0
test,1118,tg,0.8947368,0.7222222,0.5753425,0.0,0.0,0.0,0.00013502565
test,1119,egc,0.75,0.54901963,0.5121951,0.0,0.0,0.0,0.0
test,1120,tg,0.82051283,0.5897436,0.55813956,0.0,0.0,0.0,0.0
test,1121,tg,1.0,0.5555556,0.45454547,1.0,0.00013502565,0.00013502565,0.00013502565
test,1122,tg,0.9782609,0.6862745,0.6363636,0.0,0.00013502565,0.00013502565,0.00013502565
test,1123,egc,1.0,0.8888889,0.8888889,1.0,0.0002700513,0.0002700513,0.00067512825
test,1124,tg,0.79545456,0.5740741,0.509434,0.0,0.0,0.0,0.0
test,1125,eea,1.0,1.0,0.64705884,1.0,0.00040507698,0.00040507698,0.00040507698
test,1126,tg,1.0,0.74358976,0.7,1.0,0.00013502565,0.00013502565,0.00013502565
test,1127,egc,0.72,0.7037037,0.60714287,0.0,0.0,0.0,0.0
test,1128,tg,1.0,0.90625,0.75757575,1.0,0.0002700513,0.00040507698,0.00040507698
test,1129,tg,0.43055555,0.4027778,0.37931034,0.0,0.0,0.0,0.0
test,1130,egc,0.42857143,0.42857143,0.42857143,0.0,0.0,0.0,0.0
test,1131,tg,0.90384614,0.7222222,0.6296296,0.0,0.0,0.00013502565,0.0002700513
test,1132,egc,1.0,0.5652174,0.5652174,1.0,0.0002700513,0.0002700513,0.0002700513
test,1133,tg,1.0,0.8235294,0.8235294,1.0,0.0002700513,0.0002700513,0.0002700513
test,1134,tg,1.0,0.60714287,0.53125,1.0,0.00013502565,0.00013502565,0.00013502565
test,1135,tg,1.0,1.0,0.95348835,1.0,0.00067512825,0.00081015396,0.0016203079
test,1136,tg,1.0,0.96,0.96,1.0,0.0033756413,0.0033756413,0.0044558467
test,1137,eps,1.0,1.0,0.5769231,1.0,0.00040507698,0.00040507698,0.00040507698
test,1138,tg,1.0,1.0,0.9655172,1.0,0.00067512825,0.00067512825,0.00081015396
test,1139,tg,0.98245615,0.44047618,0.41758242,0.0,0.00013502565,0.00013502565,0.00013502565
test,1140,tg,1.0,0.7692308,0.7692308,1.0,0.00013502565,0.00013502565,0.00013502565
test,1141,tg,0.8181818,0.76086956,0.627451,0.0,0.0,0.0,0.0
test,1142,tg,0.7894737,0.7692308,0.6976744,0.0,0.0,0.0,0.0
test,1143,tg,0.55172414,0.5294118,0.45714286,0.0,0.0,0.0,0.0
test,1144,tg,1.0,0.962963,0.9259259,1.0,0.0005401026,0.00081015396,0.00081015396
test,1145,tg,1.0,0.8787879,0.8787879,1.0,0.0002700513,0.0002700513,0.0009451796
test,1146,tg,0.7169811,0.51785713,0.51785713,0.0,0.0,0.0,0.0
test,1147,egc,1.0,1.0,0.53125,1.0,0.0005401026,0.0005401026,0.0005401026
test,1148,tg,0.7941176,0.75,0.4225352,0.0,0.0,0.0,0.0
test,1149,tg,0.98,0.72,0.66071427,0.0,0.00013502565,0.00013502565,0.00013502565
test,1150,egc,1.0,1.0,0.64285713,1.0,0.00040507698,0.00040507698,0.00040507698
test,1151,eea,1.0,1.0,0.625,1.0,0.00040507698,0.00040507698,0.00040507698
test,1152,eea,1.0,1.0,0.5652174,1.0,0.0005401026,0.0005401026,0.0005401026
test,1153,egc,0.6896552,0.6896552,0.61764705,0.0,0.0,0.0,0.0
test,1154,tg,1.0,1.0,1.0,1.0,0.00067512825,0.00081015396,0.00081015396
test,1155,tg,0.9767442,0.9767442,0.95348835,0.0,0.00067512825,0.00067512825,0.00067512825
test,1156,egc,1.0,0.9230769,0.9230769,1.0,0.00013502565,0.0041857953,0.004320821
test,1157,tg,1.0,0.6571429,0.6388889,1.0,0.00013502565,0.00013502565,0.00013502565
test,1158,tg,0.6354167,0.6020408,0.55421686,0.0,0.0,0.0,0.0
test,1159,tg,0.54545456,0.42857143,0.4,0.0,0.0,0.0,0.0
test,1160,tg,0.57746476,0.4868421,0.45833334,0.0,0.0,0.0,0.0
test,1161,nc,1.0,1.0,0.41666666,1.0,0.0005401026,0.0005401026,0.0005401026
test,1162,egc,1.0,0.5,0.3888889,1.0,0.00013502565,0.00013502565,0.00013502565
test,1163,ei,1.0,1.0,0.7,1.0,0.00040507698,0.00040507698,0.00040507698
test,1164,egc,1.0,0.8135593,0.8135593,1.0,0.0002700513,0.0002700513,0.0002700513
test,1165,tg,1.0,0.9047619,0.8974359,1.0,0.0002700513,0.00040507698,0.0028355387
test,1166,tg,1.0,0.5660377,0.5272727,1.0,0.00013502565,0.00013502565,0.00013502565
test,1167,tg,1.0,1.0,1.0,1.0,0.00067512825,0.00067512825,0.00067512825
test,1168,egc,0.7837838,0.6333333,0.6333333,0.0,0.0,0.0,0.0
test,1169,tg,0.84,0.6666667,0.6086956,0.0,0.0,0.0,0.0
test,1170,egc,1.0,0.6097561,0.4888889,1.0,0.00013502565,0.00013502565,0.00013502565
test,1171,eps,1.0,1.0,0.61290324,1.0,0.0005401026,0.0005401026,0.0005401026
test,1172,tg,1.0,0.36363637,0.31111112,1.0,0.00013502565,0.00013502565,0.00013502565
test,1173,egc,0.63461536,0.63461536,0.5106383,0.0,0.0,0.0,0.0
test,1174,tg,1.0,1.0,0.5833333,1.0,0.00040507698,0.00040507698,0.00040507698
test,1175,tg,1.0,0.8214286,0.8214286,1.0,0.0002700513,0.0002700513,0.0002700513
test,1176,tg,1.0,0.95652175,0.8148148,1.0,0.00040507698,0.00040507698,0.00040507698
test,1177,eea,1.0,0.96428573,0.7777778,1.0,0.0005401026,0.0005401026,0.0005401026
test,1178,tg,1.0,0.7567568,0.7209302,1.0,0.00013502565,0.00013502565,0.00013502565
test,1179,egb,1.0,1.0,0.6,1.0,0.0005401026,0.0005401026,0.0005401026
test,1180,egc,0.47368422,0.42857143,0.41304347,0.0,0.0,0.0,0.0
test,1181,egc,0.44444445,0.42553192,0.42222223,0.0,0.0,0.0,0.0
test,1182,tg,1.0,0.7254902,0.7,1.0,0.00013502565,0.00013502565,0.00013502565
test,1183,ei,1.0,1.0,0.42424244,1.0,0.00040507698,0.00040507698,0.00040507698
test,1184,egc,1.0,0.8378378,0.7948718,1.0,0.00013502565,0.00013502565,0.0002700513
test,1185,tg,0.9661017,0.91935486,0.89830506,0.0,0.0002700513,0.0005401026,0.00081015396
test,1186,tg,0.8028169,0.67105263,0.59210527,0.0,0.0,0.0,0.0
test,1187,egc,0.33333334,0.3255814,0.31707317,0.0,0.0,0.0,0.0
test,1188,egc,0.39534885,0.3783784,0.3783784,0.0,0.0,0.0,0.0
test,1189,tg,0.7096774,0.6875,0.6875,0.0,0.0,0.0,0.0
test,1190,egc,1.0,0.7,0.6415094,1.0,0.0002700513,0.0002700513,0.0002700513
test,1191,egc,0.31111112,0.22222222,0.2195122,0.0,0.0,0.0,0.0
test,1192,ei,1.0,0.7241379,0.7241379,1.0,0.0002700513,0.0002700513,0.0002700513
test,1193,tg,0.3939394,0.3939394,0.3939394,0.0,0.0,0.0,0.0
test,1194,egc,1.0,0.96153843,0.3888889,1.0,0.00040507698,0.00040507698,0.00040507698
test,1195,eea,1.0,1.0,0.8888889,1.0,0.00040507698,0.00040507698,0.00081015396
test,1196,tg,0.7837838,0.71794873,0.6865672,0.0,0.0,0.0,0.0
test,1197,tg,0.84210527,0.82051283,0.59090906,0.0,0.0,0.0,0.0
test,1198,egc,1.0,0.82,0.69491524,1.0,0.00013502565,0.00013502565,0.0002700513
test,1199,tg,0.7818182,0.71929824,0.7037037,0.0,0.0,0.0,0.0
test,1200,tg,0.9444444,0.5423729,0.5254237,0.0,0.0,0.00013502565,0.0002700513
test,1201,tg,0.82857144,0.82857144,0.82857144,0.0,0.0,0.0,0.0
test,1202,tg,0.6097561,0.5,0.46153846,0.0,0.0,0.0,0.0
test,1203,egb,1.0,0.71428573,0.71428573,1.0,0.00013502565,0.00013502565,0.00013502565
test,1204,tg,0.94736844,0.8,0.8,0.0,0.0,0.00013502565,0.0002700513
test,1205,nc,1.0,0.45454547,0.45454547,1.0,0.0002700513,0.0002700513,0.0002700513
test,1206,tg,0.8979592,0.86,0.8,0.0,0.0,0.0,0.00040507698
test,1207,tg,0.71875,0.6060606,0.6,0.0,0.0,0.0,0.0
test,1208,tg,0.87096775,0.38636363,0.375,0.0,0.0,0.0,0.00013502565
test,1209,tg,0.72,0.70731705,0.65909094,0.0,0.0,0.0,0.0
test,1210,tg,1.0,0.8333333,0.81395346,1.0,0.00013502565,0.00013502565,0.0002700513
test,1211,tg,0.64,0.63461536,0.516129,0.0,0.0,0.0,0.0
test,1212,ei,1.0,1.0,0.61538464,1.0,0.0005401026,0.0005401026,0.0005401026
test,1213,egc,0.5074627,0.47540984,0.40298507,0.0,0.0,0.0,0.0
test,1214,tg,1.0,0.9047619,0.8974359,1.0,0.0002700513,0.00040507698,0.0028355387
test,1215,tg,0.6857143,0.46875,0.45454547,0.0,0.0,0.0,0.0
test,1216,tg,0.82857144,0.80487806,0.7631579,0.0,0.0,0.0,0.0
test,1217,tg,0.7804878,0.74418604,0.54347825,0.0,0.0,0.0,0.0
test,1218,tg,1.0,1.0,1.0,1.0,0.0033756413,0.004320821,0.005130975
test,1219,egc,0.6896552,0.6666667,0.6451613,0.0,0.0,0.0,0.0
test,1220,egc,1.0,1.0,0.6111111,1.0,0.0005401026,0.0005401026,0.0005401026
test,1221,tg,0.7906977,0.7631579,0.70731705,0.0,0.0,0.0,0.0
test,1222,egb,1.0,0.78125,0.7058824,1.0,0.00013502565,0.00013502565,0.00013502565
test,1223,egc,1.0,1.0,0.6060606,1.0,0.0005401026,0.0005401026,0.0005401026
test,1224,egc,1.0,0.8,0.7719298,1.0,0.00013502565,0.00013502565,0.00013502565
test,1225,tg,0.71428573,0.6885246,0.671875,0.0,0.0,0.0,0.0
test,1226,eea,1.0,1.0,0.59375,1.0,0.00040507698,0.00040507698,0.00040507698
test,1227,egc,0.7105263,0.5714286,0.5,0.0,0.0,0.0,0.0
test,1228,egc,1.0,1.0,0.6551724,1.0,0.0005401026,0.0005401026,0.0005401026
test,1229,tg,1.0,1.0,0.6041667,1.0,0.0005401026,0.0005401026,0.0005401026
test,1230,tg,0.6296296,0.5769231,0.48387095,0.0,0.0,0.0,0.0
test,1231,tg,1.0,1.0,0.9318182,1.0,0.00040507698,0.00081015396,0.002025385
test,1232,nc,1.0,1.0,0.5,1.0,0.00040507698,0.00040507698,0.00040507698
test,1233,tg,1.0,0.86206895,0.86206895,1.0,0.00013502565,0.00013502565,0.00081015396
test,1234,egc,0.5714286,0.54285717,0.45238096,0.0,0.0,0.0,0.0
test,1235,tg,0.9818182,0.8947368,0.877193,0.0,0.00013502565,0.0002700513,0.00067512825
test,1236,tg,0.95,0.9047619,0.8730159,0.0,0.0,0.00040507698,0.00081015396
test,1237,egc,0.65217394,0.5,0.44,0.0,0.0,0.0,0.0
test,1238,egc,1.0,0.8780488,0.87234044,1.0,0.00013502565,0.0002700513,0.0010802052
test,1239,egc,0.4814815,0.40625,0.325,0.0,0.0,0.0,0.0
test,1240,tg,1.0,0.95652175,0.85106385,1.0,0.0005401026,0.0005401026,0.00081015396
test,1241,nc,1.0,1.0,0.7777778,1.0,0.00040507698,0.00040507698,0.00040507698
test,1242,egc,0.775,0.5294118,0.42,0.0,0.0,0.0,0.0
test,1243,eps,1.0,0.62068963,0.62068963,1.0,0.00013502565,0.00013502565,0.00013502565
test,1244,tg,0.6666667,0.5,0.5,0.0,0.0,0.0,0.0
test,1245,egc,0.5714286,0.3181818,0.3125,0.0,0.0,0.0,0.0
test,1246,tg,0.81632656,0.76,0.6785714,0.0,0.0,0.0,0.0
test,1247,egc,0.5833333,0.54545456,0.5,0.0,0.0,0.0,0.0
test,1248,tg,0.9756098,0.79545456,0.627451,0.0,0.00013502565,0.0002700513,0.0002700513
test,1249,tg,0.95555556,0.58928573,0.49122807,0.0,0.00013502565,0.00013502565,0.00013502565
test,1250,egb,1.0,0.6363636,0.3448276,1.0,0.00013502565,0.00013502565,0.00013502565
test,1251,tg,1.0,0.7173913,0.61904764,1.0,0.00013502565,0.00013502565,0.00013502565
test,1252,egc,1.0,0.8888889,0.8214286,1.0,0.00013502565,0.00013502565,0.00040507698
test,1253,egc,0.7826087,0.75,0.65217394,0.0,0.0,0.0,0.0
test,1254,egc,0.7777778,0.59375,0.5,0.0,0.0,0.0,0.0
test,1255,tg,0.61538464,0.5,0.4827586,0.0,0.0,0.0,0.0
test,1256,tg,0.8095238,0.7966102,0.6721311,0.0,0.0,0.0,0.0
test,1257,tg,0.7948718,0.65909094,0.5652174,0.0,0.0,0.0,0.0
test,1258,tg,0.7407407,0.7241379,0.7,0.0,0.0,0.0,0.0
test,1259,tg,0.7291667,0.67346936,0.5652174,0.0,0.0,0.0,0.0
test,1260,tg,0.87931037,0.82258064,0.6779661,0.0,0.0,0.0,0.0002700513
test,1261,egc,1.0,0.84615386,0.65384614,1.0,0.00013502565,0.00013502565,0.00013502565
test,1262,egc,1.0,1.0,0.875,1.0,0.0005401026,0.0005401026,0.00067512825
test,1263,tg,0.65384614,0.65384614,0.52380955,0.0,0.0,0.0,0.0
test,1264,egc,0.4868421,0.43589744,0.42168674,0.0,0.0,0.0,0.0
test,1265,tg,1.0,0.61904764,0.61904764,1.0,0.00013502565,0.00013502565,0.00013502565
test,1266,tg,0.7222222,0.6756757,0.53488374,0.0,0.0,0.0,0.0
test,1267,egb,1.0,1.0,0.56666666,1.0,0.00040507698,0.00040507698,0.00040507698
test,1268,egb,1.0,1.0,0.82758623,1.0,0.00040507698,0.00040507698,0.00040507698
test,1269,tg,0.890625,0.8194444,0.6712329,0.0,0.0,0.0,0.00013502565
test,1270,tg,1.0,0.962963,0.962963,1.0,0.0012152309,0.0014852822,0.0018903592
test,1271,tg,0.71794873,0.71794873,0.6666667,0.0,0.0,0.0,0.0
test,1272,tg,1.0,1.0,1.0,1.0,0.0076964623,0.007966514,0.00810154
test,1273,tg,0.8,0.71428573,0.71428573,0.0,0.0,0.0,0.0
test,1274,tg,0.73333335,0.5283019,0.47368422,0.0,0.0,0.0,0.0
test,1275,tg,0.6363636,0.40816328,0.36206895,0.0,0.0,0.0,0.0
test,1276,tg,1.0,0.9705882,0.6756757,1.0,0.00040507698,0.00040507698,0.00040507698
test,1277,egb,1.0,1.0,0.5862069,1.0,0.0005401026,0.0005401026,0.0005401026
test,1278,egc,0.6875,0.46153846,0.43636364,0.0,0.0,0.0,0.0
test,1279,egc,1.0,1.0,0.5769231,1.0,0.00040507698,0.00040507698,0.00040507698
test,1280,tg,0.9130435,0.9130435,0.75,0.0,0.0,0.00040507698,0.00040507698
test,1281,egc,0.6052632,0.57575756,0.5,0.0,0.0,0.0,0.0
test,1282,tg,0.4888889,0.4888889,0.45652175,0.0,0.0,0.0,0.0
test,1283,tg,0.85365856,0.64705884,0.5576923,0.0,0.0,0.0,0.00013502565
test,1284,egc,0.8076923,0.7962963,0.7777778,0.0,0.0,0.0,0.0
test,1285,tg,1.0,1.0,0.96153843,1.0,0.00081015396,0.00081015396,0.0009451796
test,1286,egc,0.61904764,0.39534885,0.35,0.0,0.0,0.0,0.0
test,1287,tg,0.9,0.8,0.78431374,0.0,0.0,0.0,0.00013502565
test,1288,tg,0.64912283,0.54901963,0.5471698,0.0,0.0,0.0,0.0
test,1289,egc,1.0,0.5714286,0.5714286,1.0,0.0002700513,0.0002700513,0.0002700513
test,1290,tg,0.6666667,0.6,0.58536583,0.0,0.0,0.0,0.0
test,1291,egc,0.7,0.6511628,0.54545456,0.0,0.0,0.0,0.0
test,1292,tg,0.94736844,0.70212764,0.6875,0.0,0.0,0.00013502565,0.00013502565
test,1293,tg,0.82051283,0.6363636,0.62222224,0.0,0.0,0.0,0.0
test,1294,tg,0.9811321,0.9811321,0.8666667,0.0,0.00040507698,0.00040507698,0.0010802052
test,1295,tg,1.0,1.0,0.88461536,1.0,0.0005401026,0.0005401026,0.00081015396
test,1296,egc,1.0,0.4,0.3448276,1.0,0.00013502565,0.00013502565,0.00013502565
test,1297,tg,0.94736844,0.5217391,0.40625,0.0,0.0,0.00013502565,0.00013502565
test,1298,tg,1.0,0.9411765,0.7647059,1.0,0.0002700513,0.00040507698,0.0005401026
test,1299,eps,1.0,1.0,0.45652175,1.0,0.00040507698,0.00040507698,0.00040507698
test,1300,tg,0.9268293,0.8372093,0.8,0.0,0.0,0.00013502565,0.00013502565
test,1301,tg,0.72727275,0.6545454,0.55737704,0.0,0.0,0.0,0.0
test,1302,tg,0.9230769,0.7346939,0.7058824,0.0,0.0,0.00013502565,0.00013502565
test,1303,egc,0.76666665,0.7241379,0.6896552,0.0,0.0,0.0,0.0
test,1304,eea,1.0,1.0,0.5652174,1.0,0.00040507698,0.00040507698,0.00040507698
test,1305,egc,0.9791667,0.88461536,0.88461536,0.0,0.00013502565,0.0002700513,0.0014852822
test,1306,tg,1.0,0.78846157,0.6792453,1.0,0.0002700513,0.0002700513,0.0002700513
test,1307,tg,0.6969697,0.6666667,0.6666667,0.0,0.0,0.0,0.0
test,1308,nc,1.0,0.55172414,0.55172414,1.0,0.0002700513,0.0002700513,0.0002700513
test,1309,eps,1.0,0.54545456,0.54545456,1.0,0.0002700513,0.0002700513,0.0002700513
test,1310,tg,1.0,1.0,0.84375,1.0,0.0005401026,0.0005401026,0.0005401026
test,1311,egc,0.75,0.7457627,0.73770493,0.0,0.0,0.0,0.0
test,1312,egb,1.0,0.52380955,0.375,1.0,0.0002700513,0.0002700513,0.0002700513
test,1313,tg,0.98,0.49019608,0.49019608,0.0,0.00013502565,0.00013502565,0.00013502565
test,1314,tg,0.4516129,0.4090909,0.3548387,0.0,0.0,0.0,0.0
test,1315,tg,0.63461536,0.5660377,0.3108108,0.0,0.0,0.0,0.0
test,1316,tg,0.9285714,0.75438595,0.75,0.0,0.0,0.00013502565,0.00013502565
test,1317,tg,1.0,0.84782606,0.81632656,1.0,0.0002700513,0.0002700513,0.0002700513
test,1318,nc,1.0,1.0,0.57894737,1.0,0.0005401026,0.0005401026,0.0005401026
test,1319,tg,0.8372093,0.78571427,0.7222222,0.0,0.0,0.0,0.0
test,1320,tg,0.8888889,0.8484849,0.3647059,0.0,0.0,0.0,0.0002700513
test,1321,tg,0.7692308,0.75,0.55,0.0,0.0,0.0,0.0
test,1322,tg,1.0,1.0,1.0,1.0,0.0076964623,0.007966514,0.00810154
test,1323,tg,0.76086956,0.6666667,0.56363636,0.0,0.0,0.0,0.0
test,1324,tg,0.6923077,0.53488374,0.52,0.0,0.0,0.0,0.0
test,1325,tg,0.86440676,0.86440676,0.8245614,0.0,0.0,0.0,0.00040507698
test,1326,tg,0.972973,0.7368421,0.64285713,0.0,0.00013502565,0.00013502565,0.0002700513
test,1327,tg,0.9811321,0.8965517,0.8135593,0.0,0.00013502565,0.0002700513,0.00040507698
test,1328,egc,0.5,0.5,0.42307693,0.0,0.0,0.0,0.0
test,1329,ei,1.0,1.0,0.5,1.0,0.0005401026,0.0005401026,0.0005401026
test,1330,tg,0.82857144,0.7631579,0.68292683,0.0,0.0,0.0,0.0
test,1331,tg,0.47826087,0.36666667,0.35714287,0.0,0.0,0.0,0.0
test,1332,tg,0.6818182,0.50980395,0.5,0.0,0.0,0.0,0.0
test,1333,egb,1.0,0.6060606,0.6060606,1.0,0.00013502565,0.00013502565,0.00013502565
test,1334,tg,1.0,0.7380952,0.6122449,1.0,0.00013502565,0.00013502565,0.00013502565
test,1335,nc,1.0,1.0,0.47619048,1.0,0.0005401026,0.0005401026,0.0005401026
test,1336,tg,0.7083333,0.6034483,0.56363636,0.0,0.0,0.0,0.0
test,1337,tg,1.0,1.0,1.0,1.0,0.002025385,0.002025385,0.0024304618
test,1338,tg,0.8363636,0.8301887,0.8,0.0,0.0,0.0,0.0
test,1339,egc,0.6,0.41666666,0.39130434,0.0,0.0,0.0,0.0
test,1340,tg,0.72,0.60465115,0.5777778,0.0,0.0,0.0,0.0
test,1341,tg,0.7894737,0.7,0.68421054,0.0,0.0,0.0,0.0
test,1342,tg,0.91071427,0.7894737,0.73015875,0.0,0.0,0.00013502565,0.00013502565
test,1343,tg,0.7407407,0.73333335,0.73333335,0.0,0.0,0.0,0.0
test,1344,tg,0.61702126,0.5,0.45652175,0.0,0.0,0.0,0.0
test,1345,egb,1.0,1.0,0.51428574,1.0,0.0005401026,0.0005401026,0.0005401026
test,1346,tg,0.74,0.5344828,0.4918033,0.0,0.0,0.0,0.0
test,1347,tg,0.82666665,0.44594595,0.42424244,0.0,0.0,0.0,0.0
test,1348,egb,1.0,0.6451613,0.6451613,1.0,0.0002700513,0.0002700513,0.0002700513
test,1349,tg,0.82758623,0.7741935,0.754717,0.0,0.0,0.0,0.0
test,1350,tg,0.9047619,0.53333336,0.4651163,0.0,0.0,0.00013502565,0.00013502565
test,1351,tg,1.0,1.0,1.0,1.0,0.0012152309,0.0024304618,0.0029705644
test,1352,egc,0.7222222,0.6666667,0.6304348,0.0,0.0,0.0,0.0
test,1353,tg,1.0,0.8135593,0.8135593,1.0,0.0002700513,0.0002700513,0.0002700513
test,1354,egc,0.6,0.36363637,0.33333334,0.0,0.0,0.0,0.0
test,1355,egb,1.0,0.4857143,0.4516129,1.0,0.00013502565,0.00013502565,0.00013502565
test,1356,eps,1.0,1.0,0.5,1.0,0.0005401026,0.0005401026,0.0005401026
test,1357,egb,0.5833333,0.3846154,0.33333334,0.0,0.0,0.0,0.0
test,1358,egc,1.0,0.962963,0.89285713,1.0,0.0005401026,0.0005401026,0.00081015396
test,1359,nc,1.0,1.0,0.53846157,1.0,0.0005401026,0.0005401026,0.0005401026
test,1360,tg,0.88709676,0.84126985,0.7794118,0.0,0.0,0.0,0.0002700513
test,1361,egc,0.31034482,0.3,0.2962963,0.0,0.0,0.0,0.0
test,1362,ei,1.0,1.0,0.44,1.0,0.0005401026,0.0005401026,0.0005401026
test,1363,tg,0.83870965,0.74285716,0.6969697,0.0,0.0,0.0,0.0
test,1364,egc,1.0,1.0,0.57575756,1.0,0.00040507698,0.00040507698,0.00040507698
test,1365,egc,1.0,1.0,1.0,1.0,0.0076964623,0.007966514,0.00810154
test,1366,egb,1.0,1.0,1.0,1.0,0.00067512825,0.00067512825,0.00067512825
test,1367,egc,1.0,1.0,1.0,1.0,0.0076964623,0.007966514,0.00810154
test,1368,tg,1.0,1.0,0.61764705,1.0,0.00040507698,0.00040507698,0.00040507698
test,1369,tg,1.0,0.80487806,0.80487806,1.0,0.00013502565,0.00013502565,0.0002700513
test,1370,tg,1.0,0.76744187,0.7,1.0,0.00013502565,0.00013502565,0.00013502565
test,1371,tg,0.7962963,0.6760563,0.6666667,0.0,0.0,0.0,0.0
test,1372,tg,1.0,0.6923077,0.5833333,1.0,0.0002700513,0.0002700513,0.0002700513
test,1373,egc,0.525,0.46666667,0.42222223,0.0,0.0,0.0,0.0
test,1374,tg,1.0,0.54545456,0.3783784,1.0,0.00013502565,0.00013502565,0.00013502565
test,1375,tg,1.0,0.6034483,0.5862069,1.0,0.0002700513,0.0002700513,0.0002700513
test,1376,egc,0.48,0.42857143,0.36,0.0,0.0,0.0,0.0
test,1377,egc,0.64102566,0.54761904,0.4918033,0.0,0.0,0.0,0.0
test,1378,tg,1.0,0.7352941,0.7352941,1.0,0.0002700513,0.0002700513,0.0002700513
test,1379,tg,0.5681818,0.5,0.5,0.0,0.0,0.0,0.0
test,1380,tg,1.0,1.0,0.5483871,1.0,0.00040507698,0.00040507698,0.00040507698
test,1381,tg,1.0,0.8965517,0.8965517,1.0,0.0002700513,0.0002700513,0.0012152309
test,1382,tg,1.0,0.68421054,0.60465115,1.0,0.00013502565,0.00013502565,0.00013502565
test,1383,tg,1.0,1.0,1.0,1.0,0.00081015396,0.0010802052,0.0014852822
test,1384,tg,1.0,1.0,1.0,1.0,0.0009451796,0.0009451796,0.0010802052
test,1385,tg,0.8,0.8,0.70454544,0.0,0.0,0.0,0.0
test,1386,egc,1.0,1.0,0.6363636,1.0,0.00040507698,0.00040507698,0.00040507698
test,1387,tg,0.85714287,0.80487806,0.70212764,0.0,0.0,0.0,0.00013502565
test,1388,nc,1.0,1.0,0.48,1.0,0.0005401026,0.0005401026,0.0005401026
test,1389,tg,0.8913044,0.81395346,0.76086956,0.0,0.0,0.0,0.0002700513
test,1390,tg,0.8181818,0.7209302,0.64,0.0,0.0,0.0,0.0
test,1391,tg,0.9285714,0.90697676,0.90697676,0.0,0.0,0.0010802052,0.0013502565
test,1392,tg,1.0,1.0,1.0,1.0,0.00081015396,0.00081015396,0.00081015396
test,1393,tg,0.85,0.7619048,0.74418604,0.0,0.0,0.0,0.0
test,1394,tg,0.8888889,0.7714286,0.68421054,0.0,0.0,0.0,0.00013502565
test,1395,tg,1.0,0.54545456,0.54545456,1.0,0.00013502565,0.00013502565,0.00013502565
test,1396,tg,0.9142857,0.75,0.5319149,0.0,0.0,0.00013502565,0.00013502565
test,1397,egc,1.0,0.8333333,0.8,1.0,0.0002700513,0.0002700513,0.0002700513
test,1398,tg,0.87323946,0.6363636,0.5394737,0.0,0.0,0.0,0.00013502565
test,1399,eea,1.0,0.71428573,0.71428573,1.0,0.00013502565,0.00013502565,0.00013502565
test,1400,tg,0.75438595,0.67241377,0.6666667,0.0,0.0,0.0,0.0
test,1401,tg,0.78431374,0.66071427,0.6481481,0.0,0.0,0.0,0.0
test,1402,tg,0.57575756,0.46666667,0.46666667,0.0,0.0,0.0,0.0
test,1403,tg,0.75,0.6896552,0.6557377,0.0,0.0,0.0,0.0
test,1404,tg,1.0,0.5625,0.53125,1.0,0.00013502565,0.00013502565,0.00013502565
test,1405,tg,0.75,0.72727275,0.71794873,0.0,0.0,0.0,0.0
test,1406,nc,1.0,1.0,0.60714287,1.0,0.00040507698,0.00040507698,0.00040507698
test,1407,tg,0.46875,0.38709676,0.3846154,0.0,0.0,0.0,0.0
test,1408,ei,1.0,1.0,0.5,1.0,0.00040507698,0.00040507698,0.00040507698
test,1409,egc,1.0,1.0,0.6551724,1.0,0.0005401026,0.0005401026,0.0005401026
test,1410,tg,0.8852459,0.71428573,0.5915493,0.0,0.0,0.0,0.00013502565
test,1411,tg,0.8181818,0.68421054,0.6388889,0.0,0.0,0.0,0.0
test,1412,tg,1.0,0.94736844,0.94736844,1.0,0.00013502565,0.0014852822,0.0014852822
test,1413,tg,1.0,1.0,0.7714286,1.0,0.0005401026,0.0005401026,0.0005401026
test,1414,tg,0.94871795,0.85365856,0.7446808,0.0,0.0,0.0002700513,0.00040507698
test,1415,egc,0.5576923,0.42592594,0.37288135,0.0,0.0,0.0,0.0
test,1416,egc,0.9512195,0.8863636,0.88095236,0.0,0.00013502565,0.00013502565,0.0012152309
test,1417,egc,0.4,0.4,0.36,0.0,0.0,0.0,0.0
test,1418,tg,0.877551,0.6851852,0.5769231,0.0,0.0,0.0,0.00013502565
test,1419,tg,0.95522386,0.75342464,0.6025641,0.0,0.00013502565,0.00013502565,0.00013502565
test,1420,egc,1.0,0.625,0.6,1.0,0.00013502565,0.00013502565,0.00013502565
test,1421,tg,0.9677419,0.5,0.4090909,0.0,0.00013502565,0.00013502565,0.00013502565
test,1422,egc,0.9259259,0.89285713,0.6551724,0.0,0.0,0.0002700513,0.00040507698
test,1423,egc,1.0,1.0,0.6,1.0,0.00040507698,0.00040507698,0.00040507698
test,1424,eps,1.0,0.6,0.6,1.0,0.0002700513,0.0002700513,0.0002700513
test,1425,egb,1.0,1.0,0.54545456,1.0,0.00040507698,0.00040507698,0.00040507698
test,1426,tg,1.0,0.72727275,0.5714286,1.0,0.00013502565,0.00013502565,0.00013502565
test,1427,egc,1.0,1.0,0.55172414,1.0,0.0005401026,0.0005401026,0.0005401026
test,1428,egc,0.68,0.42307693,0.4,0.0,0.0,0.0,0.0
test,1429,egc,0.20833333,0.1891892,0.18181819,0.0,0.0,0.0,0.0
test,1430,egc,1.0,0.4375,0.35135135,1.0,0.00013502565,0.00013502565,0.00013502565
test,1431,egc,0.8235294,0.8,0.7368421,0.0,0.0,0.0,0.0
test,1432,tg,0.5714286,0.54285717,0.45238096,0.0,0.0,0.0,0.0
test,1433,egc,1.0,0.7241379,0.7241379,1.0,0.0002700513,0.0002700513,0.0002700513
test,1434,egb,0.6315789,0.55,0.47826087,0.0,0.0,0.0,0.0
test,1435,eps,1.0,1.0,0.8333333,1.0,0.0005401026,0.0005401026,0.0005401026
test,1436,tg,0.8055556,0.675,0.6571429,0.0,0.0,0.0,0.0
test,1437,tg,0.8292683,0.7647059,0.7222222,0.0,0.0,0.0,0.0
test,1438,tg,0.625,0.39583334,0.34545454,0.0,0.0,0.0,0.0
test,1439,egc,1.0,1.0,1.0,1.0,0.0009451796,0.0010802052,0.0010802052
test,1440,egc,0.8974359,0.45833334,0.43396226,0.0,0.0,0.0,0.00013502565
test,1441,tg,0.6730769,0.6181818,0.6181818,0.0,0.0,0.0,0.0
test,1442,tg,0.7096774,0.44186047,0.4375,0.0,0.0,0.0,0.0
test,1443,tg,1.0,1.0,1.0,1.0,0.0010802052,0.0010802052,0.0010802052
test,1444,egc,1.0,0.82608694,0.62068963,1.0,0.0002700513,0.0002700513,0.0002700513
test,1445,tg,1.0,0.972973,0.70454544,1.0,0.0005401026,0.0005401026,0.0005401026
test,1446,tg,0.7777778,0.76363635,0.7241379,0.0,0.0,0.0,0.0
test,1447,tg,0.86,0.754717,0.754717,0.0,0.0,0.0,0.00013502565
test,1448,tg,0.7307692,0.4054054,0.4054054,0.0,0.0,0.0,0.0
test,1449,egc,1.0,1.0,1.0,1.0,0.0076964623,0.007966514,0.00810154
test,1450,tg,0.8245614,0.67741936,0.6666667,0.0,0.0,0.0,0.0
test,1451,tg,0.5833333,0.55263156,0.53125,0.0,0.0,0.0,0.0
test,1452,egc,1.0,0.8181818,0.8,1.0,0.0002700513,0.0002700513,0.0002700513
test,1453,eps,1.0,0.64705884,0.64705884,1.0,0.0002700513,0.0002700513,0.0002700513
test,1454,tg,0.9375,0.86,0.8125,0.0,0.0,0.0002700513,0.00040507698
test,1455,tg,1.0,0.71428573,0.7058824,1.0,0.0002700513,0.0002700513,0.0002700513
test,1456,tg,1.0,1.0,1.0,1.0,0.0009451796,0.0009451796,0.0009451796
test,1457,egb,1.0,1.0,0.41666666,1.0,0.0005401026,0.0005401026,0.0005401026
test,1458,egc,0.8055556,0.63414633,0.5777778,0.0,0.0,0.0,0.0
test,1459,tg,0.6805556,0.63414633,0.5925926,0.0,0.0,0.0,0.0
test,1460,tg,1.0,0.88235295,0.85,1.0,0.0002700513,0.0002700513,0.0005401026
test,1461,tg,1.0,0.525,0.4883721,1.0,0.00013502565,0.00013502565,0.00013502565
test,1462,tg,0.54545456,0.46666667,0.44444445,0.0,0.0,0.0,0.0
test,1463,tg,0.9787234,0.75,0.7307692,0.0,0.00013502565,0.00013502565,0.00013502565
test,1464,egc,1.0,1.0,1.0,1.0,0.0076964623,0.007966514,0.00810154
test,1465,egc,1.0,1.0,0.7631579,1.0,0.00040507698,0.00040507698,0.0005401026
test,1466,tg,0.8039216,0.76,0.76,0.0,0.0,0.0,0.0
test,1467,egc,0.32,0.3043478,0.29268292,0.0,0.0,0.0,0.0
test,1468,ei,1.0,0.6666667,0.6666667,1.0,0.0002700513,0.0002700513,0.0002700513
test,1469,tg,1.0,1.0,1.0,1.0,0.00067512825,0.00081015396,0.00081015396
test,1470,eea,1.0,0.6060606,0.6060606,1.0,0.00013502565,0.00013502565,0.00013502565
test,1471,tg,0.6060606,0.3548387,0.3548387,0.0,0.0,0.0,0.0
test,1472,egc,1.0,0.9230769,0.9230769,1.0,0.00013502565,0.0041857953,0.004320821
test,1473,egc,0.4651163,0.42553192,0.41463414,0.0,0.0,0.0,0.0
test,1474,tg,1.0,0.9111111,0.90909094,1.0,0.00013502565,0.00067512825,0.0014852822
test,1475,tg,0.7647059,0.71428573,0.6756757,0.0,0.0,0.0,0.0
test,1476,egc,1.0,1.0,1.0,1.0,0.0009451796,0.0009451796,0.0009451796
test,1477,egc,1.0,0.7173913,0.6923077,1.0,0.00013502565,0.00013502565,0.00013502565
test,1478,tg,0.5714286,0.516129,0.5,0.0,0.0,0.0,0.0
test,1479,egc,0.27659574,0.23684211,0.23684211,0.0,0.0,0.0,0.0
test,1480,tg,0.55263156,0.4385965,0.3859649,0.0,0.0,0.0,0.0
test,1481,egc,1.0,1.0,0.67741936,1.0,0.0005401026,0.0005401026,0.0005401026
test,1482,tg,0.7659575,0.6041667,0.49019608,0.0,0.0,0.0,0.0
test,1483,egc,0.4516129,0.4516129,0.44827586,0.0,0.0,0.0,0.0
test,1484,tg,1.0,0.6956522,0.6097561,1.0,0.00013502565,0.00013502565,0.0002700513
test,1485,tg,1.0,0.85,0.85,1.0,0.00013502565,0.00013502565,0.0002700513
test,1486,egb,1.0,0.5,0.31578946,1.0,0.0002700513,0.0002700513,0.0002700513
test,1487,egc,0.71428573,0.71428573,0.65384614,0.0,0.0,0.0,0.0
test,1488,tg,0.53333336,0.4117647,0.3939394,0.0,0.0,0.0,0.0
test,1489,tg,0.8214286,0.76666665,0.76666665,0.0,0.0,0.0,0.0
test,1490,tg,0.31578946,0.2972973,0.29411766,0.0,0.0,0.0,0.0
test,1491,egc,0.45454547,0.45454547,0.4074074,0.0,0.0,0.0,0.0
test,1492,nc,1.0,0.96428573,0.7777778,1.0,0.0005401026,0.0005401026,0.0005401026
test,1493,egc,1.0,0.8888889,0.84210527,1.0,0.00013502565,0.00013502565,0.00040507698
test,1494,egc,1.0,0.9705882,0.6756757,1.0,0.00040507698,0.00040507698,0.00040507698
test,1495,tg,0.6481481,0.6415094,0.5625,0.0,0.0,0.0,0.0
test,1496,ei,1.0,1.0,1.0,1.0,0.0014852822,0.0014852822,0.0014852822
test,1497,tg,1.0,1.0,0.8666667,1.0,0.00040507698,0.0005401026,0.0009451796
test,1498,egc,1.0,0.7714286,0.5,1.0,0.00013502565,0.00013502565,0.00013502565
test,1499,tg,0.8333333,0.65789473,0.5952381,0.0,0.0,0.0,0.0
test,1500,egb,1.0,0.61904764,0.61904764,1.0,0.00013502565,0.00013502565,0.00013502565
test,1501,egc,1.0,0.6111111,0.5714286,1.0,0.0002700513,0.0002700513,0.0002700513
test,1502,tg,0.71794873,0.625,0.6097561,0.0,0.0,0.0,0.0
test,1503,egc,1.0,1.0,1.0,1.0,0.002025385,0.002025385,0.002025385
test,1504,nc,1.0,1.0,0.6969697,1.0,0.0005401026,0.0005401026,0.0005401026
test,1505,egc,1.0,0.57575756,0.5405405,1.0,0.00013502565,0.00013502565,0.00013502565
test,1506,tg,0.72727275,0.63235295,0.6231884,0.0,0.0,0.0,0.0
test,1507,tg,0.75609756,0.7209302,0.7209302,0.0,0.0,0.0,0.0
test,1508,tg,1.0,0.5882353,0.51428574,1.0,0.00013502565,0.00013502565,0.00013502565
test,1509,tg,1.0,0.8243243,0.6142857,1.0,0.00013502565,0.00013502565,0.00013502565
test,1510,eea,1.0,0.61904764,0.61904764,1.0,0.0002700513,0.0002700513,0.0002700513
test,1511,tg,0.6923077,0.38181818,0.3255814,0.0,0.0,0.0,0.0
test,1512,tg,0.93333334,0.64,0.6181818,0.0,0.0,0.00013502565,0.00013502565
test,1513,egb,1.0,0.45454547,0.45454547,1.0,0.0002700513,0.0002700513,0.0002700513
test,1514,tg,0.9206349,0.8923077,0.7972973,0.0,0.0,0.0002700513,0.00040507698
test,1515,tg,1.0,0.54545456,0.53333336,1.0,0.00013502565,0.00013502565,0.00013502565
test,1516,egb,1.0,1.0,0.6666667,1.0,0.00040507698,0.00040507698,0.00040507698
test,1517,tg,0.8095238,0.78571427,0.70454544,0.0,0.0,0.0,0.0
test,1518,egc,1.0,0.7777778,0.75,1.0,0.00013502565,0.00013502565,0.00013502565
test,1519,tg,1.0,0.94871795,0.85,1.0,0.00013502565,0.00040507698,0.00040507698
test,1520,ei,1.0,0.6363636,0.6363636,1.0,0.00013502565,0.00013502565,0.00013502565
test,1521,tg,0.62068963,0.6,0.6,0.0,0.0,0.0,0.0
test,1522,egc,1.0,0.7209302,0.65,1.0,0.0002700513,0.0002700513,0.0002700513
test,1523,egc,1.0,0.84615386,0.8039216,1.0,0.00013502565,0.00013502565,0.0002700513
test,1524,tg,0.70731705,0.6904762,0.66,0.0,0.0,0.0,0.0
test,1525,tg,0.96,0.96,0.96,0.0,0.00081015396,0.0009451796,0.004590872
test,1526,egb,1.0,1.0,0.61538464,1.0,0.0005401026,0.0005401026,0.0005401026
test,1527,egc,0.58536583,0.5116279,0.48,0.0,0.0,0.0,0.0
test,1528,egc,0.65625,0.57575756,0.5,0.0,0.0,0.0,0.0
test,1529,tg,0.9,0.80701756,0.73214287,0.0,0.0,0.0,0.00013502565
test,1530,tg,0.73417723,0.55813956,0.54444444,0.0,0.0,0.0,0.0
test,1531,eps,1.0,1.0,0.61904764,1.0,0.0005401026,0.0005401026,0.0005401026
test,1532,eps,1.0,0.47826087,0.47826087,1.0,0.0002700513,0.0002700513,0.0002700513
test,1533,egc,0.75510204,0.54545456,0.49122807,0.0,0.0,0.0,0.0
test,1534,tg,0.5263158,0.45833334,0.45454547,0.0,0.0,0.0,0.0
test,1535,tg,0.8979592,0.8235294,0.8076923,0.0,0.0,0.0,0.00013502565
test,1536,egc,0.9714286,0.6,0.575,0.0,0.00013502565,0.00013502565,0.00013502565
test,1537,eea,1.0,1.0,0.62857145,1.0,0.0005401026,0.0005401026,0.0005401026
test,1538,tg,0.83950615,0.74025977,0.7195122,0.0,0.0,0.0,0.0
test,1539,tg,0.886076,0.6707317,0.5730337,0.0,0.0,0.0,0.00013502565
test,1540,nc,1.0,0.64705884,0.64705884,1.0,0.0002700513,0.0002700513,0.0002700513
test,1541,tg,0.8684211,0.65909094,0.6511628,0.0,0.0,0.0,0.00013502565
test,1542,egb,1.0,1.0,0.5,1.0,0.00040507698,0.00040507698,0.00040507698
test,1543,tg,0.8333333,0.8333333,0.7105263,0.0,0.0,0.0,0.0
test,1544,ei,1.0,0.45,0.45,1.0,0.0002700513,0.0002700513,0.0002700513
test,1545,eps,1.0,1.0,0.46875,1.0,0.00040507698,0.00040507698,0.00040507698
test,1546,egb,0.2923077,0.27142859,0.2658228,0.0,0.0,0.0,0.0
test,1547,tg,1.0,0.62857145,0.6,1.0,0.00013502565,0.00013502565,0.00013502565
test,1548,tg,0.9148936,0.4,0.36206895,0.0,0.0,0.00013502565,0.00013502565
test,1549,tg,1.0,1.0,1.0,1.0,0.0076964623,0.007966514,0.00810154
test,1550,egc,1.0,0.75,0.6666667,1.0,0.00013502565,0.00013502565,0.00013502565
test,1551,nc,1.0,1.0,0.75757575,1.0,0.00040507698,0.00040507698,0.00040507698
test,1552,tg,0.9756098,0.9111111,0.87234044,0.0,0.00013502565,0.0005401026,0.0013502565
test,1553,egc,1.0,0.54545456,0.51428574,1.0,0.00013502565,0.00013502565,0.00013502565
test,1554,tg,0.7777778,0.6551724,0.6440678,0.0,0.0,0.0,0.0
test,1555,tg,0.5319149,0.5,0.39130434,0.0,0.0,0.0,0.0
test,1556,egc,1.0,0.5,0.4883721,1.0,0.00013502565,0.00013502565,0.00013502565
test,1557,tg,1.0,0.94285715,0.63414633,1.0,0.00013502565,0.00040507698,0.00040507698
test,1558,eps,1.0,1.0,0.5555556,1.0,0.00040507698,0.00040507698,0.00040507698
test,1559,tg,0.92,0.8214286,0.79310346,0.0,0.0,0.0002700513,0.0002700513
test,1560,tg,0.6486486,0.5744681,0.5217391,0.0,0.0,0.0,0.0
test,1561,tg,0.84313726,0.6557377,0.6481481,0.0,0.0,0.0,0.0
test,1562,tg,0.8153846,0.76811594,0.7419355,0.0,0.0,0.0,0.0
test,1563,tg,1.0,1.0,1.0,1.0,0.00067512825,0.00067512825,0.00067512825
test,1564,egc,1.0,0.5365854,0.5,1.0,0.00013502565,0.00013502565,0.00013502565
test,1565,tg,0.50980395,0.48076922,0.48076922,0.0,0.0,0.0,0.0
test,1566,egc,1.0,1.0,1.0,1.0,0.00067512825,0.00067512825,0.00067512825
test,1567,tg,1.0,0.47619048,0.3809524,1.0,0.00013502565,0.00013502565,0.00013502565
test,1568,tg,0.8108108,0.7352941,0.73170733,0.0,0.0,0.0,0.0
test,1569,tg,0.9818182,0.8947368,0.877193,0.0,0.00013502565,0.0002700513,0.00067512825
test,1570,tg,0.95,0.95,0.88095236,0.0,0.0,0.0005401026,0.0009451796
test,1571,egc,0.4489796,0.4489796,0.44444445,0.0,0.0,0.0,0.0
test,1572,tg,1.0,1.0,1.0,1.0,0.0009451796,0.0009451796,0.0009451796
test,1573,egb,1.0,1.0,0.5555556,1.0,0.00040507698,0.00040507698,0.00040507698
test,1574,egc,1.0,0.42424244,0.41860464,1.0,0.00013502565,0.00013502565,0.00013502565
test,1575,egc,1.0,0.6,0.6,1.0,0.00013502565,0.00013502565,0.00013502565
test,1576,egc,0.6896552,0.5555556,0.53333336,0.0,0.0,0.0,0.0
test,1577,egc,0.75,0.6666667,0.6666667,0.0,0.0,0.0,0.0
test,1578,tg,1.0,1.0,0.7111111,1.0,0.0005401026,0.0005401026,0.0005401026
test,1579,egc,1.0,0.7777778,0.7586207,1.0,0.00013502565,0.00013502565,0.0002700513
test,1580,tg,0.75949365,0.5,0.4871795,0.0,0.0,0.0,0.0
test,1581,tg,0.63461536,0.63461536,0.5106383,0.0,0.0,0.0,0.0
test,1582,egc,1.0,1.0,0.95652175,1.0,0.0017553335,0.0017553335,0.0018903592
test,1583,tg,1.0,0.9166667,0.8627451,1.0,0.00013502565,0.00040507698,0.00067512825
test,1584,tg,1.0,0.9583333,0.8979592,1.0,0.00040507698,0.00040507698,0.00081015396
test,1585,egc,0.375,0.375,0.375,0.0,0.0,0.0,0.0
test,1586,eps,1.0,0.6333333,0.6333333,1.0,0.0002700513,0.0002700513,0.0002700513
test,1587,tg,0.7714286,0.7714286,0.75,0.0,0.0,0.0,0.0
test,1588,tg,0.9142857,0.9142857,0.85333335,0.0,0.0,0.00040507698,0.00081015396
test,1589,egc,1.0,0.6086956,0.56,1.0,0.00013502565,0.00013502565,0.00013502565
test,1590,egc,0.3939394,0.3939394,0.3939394,0.0,0.0,0.0,0.0
test,1591,tg,0.5416667,0.53571427,0.48387095,0.0,0.0,0.0,0.0
test,1592,ei,1.0,0.47826087,0.47826087,1.0,0.0002700513,0.0002700513,0.0002700513
test,1593,tg,0.66129035,0.58064514,0.5625,0.0,0.0,0.0,0.0
test,1594,tg,1.0,1.0,1.0,1.0,0.00067512825,0.00067512825,0.0012152309
test,1595,tg,1.0,0.61538464,0.59183675,1.0,0.00013502565,0.00013502565,0.00013502565
test,1596,ei,1.0,1.0,0.5,1.0,0.00040507698,0.00040507698,0.00040507698
test,1597,tg,0.8108108,0.63414633,0.575,0.0,0.0,0.0,0.0
test,1598,egc,1.0,1.0,0.42857143,1.0,0.00040507698,0.00040507698,0.00040507698
test,1599,egc,0.33333334,0.1904762,0.1764706,0.0,0.0,0.0,0.0
test,1600,eps,1.0,1.0,0.5,1.0,0.0005401026,0.0005401026,0.0005401026
test,1601,egb,1.0,0.75,0.75,1.0,0.0002700513,0.0002700513,0.0002700513
test,1602,ei,1.0,1.0,0.53125,1.0,0.00040507698,0.00040507698,0.00040507698
test,1603,tg,0.75555557,0.67391306,0.62,0.0,0.0,0.0,0.0
test,1604,tg,1.0,0.5,0.47058824,1.0,0.0002700513,0.0002700513,0.0002700513
test,1605,tg,0.41379312,0.3939394,0.3939394,0.0,0.0,0.0,0.0
test,1606,tg,0.87096775,0.7619048,0.7580645,0.0,0.0,0.0,0.00013502565
test,1607,tg,0.64285713,0.64,0.62068963,0.0,0.0,0.0,0.0
test,1608,egc,1.0,0.96428573,0.7777778,1.0,0.0005401026,0.0005401026,0.0005401026
test,1609,egb,0.52380955,0.5,0.45454547,0.0,0.0,0.0,0.0
test,1610,egc,0.4117647,0.33333334,0.33333334,0.0,0.0,0.0,0.0
test,1611,tg,0.8636364,0.6666667,0.59615386,0.0,0.0,0.0,0.00013502565
test,1612,tg,0.8103448,0.61904764,0.61403507,0.0,0.0,0.0,0.0
test,1613,egc,0.4473684,0.4473684,0.4473684,0.0,0.0,0.0,0.0
test,1614,tg,0.78,0.7446808,0.7058824,0.0,0.0,0.0,0.0
test,1615,egc,1.0,0.78125,0.78125,1.0,0.00013502565,0.00013502565,0.00013502565
test,1616,egc,1.0,0.6666667,0.6530612,1.0,0.00013502565,0.00013502565,0.00013502565
test,1617,tg,0.875,0.6626506,0.56666666,0.0,0.0,0.0,0.00013502565
test,1618,tg,0.8780488,0.61702126,0.59090906,0.0,0.0,0.0,0.00013502565
test,1619,tg,0.96428573,0.96428573,0.7941176,0.0,0.0005401026,0.0005401026,0.0005401026
test,1620,tg,0.61764705,0.4117647,0.38709676,0.0,0.0,0.0,0.0
test,1621,egc,0.6666667,0.325,0.3,0.0,0.0,0.0,0.0
test,1622,egc,0.725,0.63414633,0.47916666,0.0,0.0,0.0,0.0
test,1623,egb,1.0,1.0,0.6451613,1.0,0.00040507698,0.00040507698,0.00040507698
test,1624,tg,1.0,0.8965517,0.8965517,1.0,0.0002700513,0.0002700513,0.0012152309
test,1625,tg,0.6,0.4074074,0.39285713,0.0,0.0,0.0,0.0
test,1626,nc,1.0,1.0,0.42857143,1.0,0.00040507698,0.00040507698,0.00040507698
test,1627,tg,0.9268293,0.902439,0.8333333,0.0,0.0,0.00040507698,0.0005401026
test,1628,egc,1.0,0.67741936,0.67741936,1.0,0.0002700513,0.0002700513,0.0002700513
test,1629,tg,1.0,0.9655172,0.8833333,1.0,0.00040507698,0.00040507698,0.00067512825
test,1630,tg,0.65909094,0.63829786,0.63461536,0.0,0.0,0.0,0.0
test,1631,egb,1.0,0.2857143,0.25,1.0,0.00013502565,0.00013502565,0.00013502565
test,1632,tg,0.76086956,0.73913044,0.6875,0.0,0.0,0.0,0.0
test,1633,egc,1.0,0.6363636,0.59183675,1.0,0.00013502565,0.00013502565,0.00013502565
test,1634,tg,0.7037037,0.4516129,0.3548387,0.0,0.0,0.0,0.0
test,1635,egc,0.5714286,0.42857143,0.40625,0.0,0.0,0.0,0.0
test,1636,eps,1.0,1.0,0.6,1.0,0.00040507698,0.00040507698,0.00040507698
test,1637,eps,1.0,1.0,0.95652175,1.0,0.0012152309,0.0012152309,0.0018903592
test,1638,tg,0.94285715,0.68292683,0.54761904,0.0,0.0,0.00013502565,0.00013502565
test,1639,tg,0.86206895,0.86206895,0.86206895,0.0,0.0,0.0,0.00067512825
test,1640,egc,0.5192308,0.2777778,0.26785713,0.0,0.0,0.0,0.0
test,1641,tg,1.0,0.95454544,0.85714287,1.0,0.00040507698,0.00040507698,0.00081015396
test,1642,tg,0.6818182,0.6818182,0.68085104,0.0,0.0,0.0,0.0
test,1643,tg,0.9268293,0.85714287,0.775,0.0,0.0,0.00013502565,0.00040507698
test,1644,tg,0.671875,0.5652174,0.5423729,0.0,0.0,0.0,0.0
test,1645,tg,0.7916667,0.7777778,0.77272725,0.0,0.0,0.0,0.0
test,1646,eps,1.0,0.7241379,0.7241379,1.0,0.0002700513,0.0002700513,0.0002700513
test,1647,egc,0.7037037,0.6896552,0.6451613,0.0,0.0,0.0,0.0
test,1648,tg,0.6451613,0.59375,0.5882353,0.0,0.0,0.0,0.0
test,1649,eps,1.0,1.0,0.6,1.0,0.00040507698,0.00040507698,0.00040507698
test,1650,tg,1.0,0.962963,0.75,1.0,0.00040507698,0.0005401026,0.0005401026
test,1651,egc,0.7777778,0.64285713,0.51724136,0.0,0.0,0.0,0.0
test,1652,egb,0.375,0.375,0.375,0.0,0.0,0.0,0.0
test,1653,tg,0.87234044,0.87234044,0.85106385,0.0,0.0,0.0,0.00067512825
test,1654,egc,0.85714287,0.85714287,0.85714287,0.0,0.0,0.0,0.00081015396
test,1655,tg,0.86440676,0.72727275,0.7118644,0.0,0.0,0.0,0.00013502565
test,1656,tg,0.96428573,0.4848485,0.45714286,0.0,0.0002700513,0.0002700513,0.0002700513
test,1657,eea,1.0,1.0,0.6,1.0,0.00040507698,0.00040507698,0.00040507698
test,1658,tg,0.78571427,0.65909094,0.65789473,0.0,0.0,0.0,0.0
test,1659,nc,1.0,1.0,0.73913044,1.0,0.0005401026,0.0005401026,0.0005401026
test,1660,tg,0.6296296,0.5925926,0.5862069,0.0,0.0,0.0,0.0
test,1661,ei,1.0,1.0,1.0,1.0,0.00067512825,0.00067512825,0.00067512825
test,1662,tg,0.81632656,0.8,0.7647059,0.0,0.0,0.0,0.0
test,1663,egc,1.0,1.0,1.0,1.0,0.0076964623,0.007966514,0.00810154
test,1664,tg,0.8196721,0.75,0.7,0.0,0.0,0.0,0.0
test,1665,eea,1.0,1.0,0.5862069,1.0,0.0005401026,0.0005401026,0.0005401026
test,1666,tg,1.0,0.43333334,0.41379312,1.0,0.00013502565,0.00013502565,0.00013502565
test,1667,tg,1.0,0.8181818,0.6956522,1.0,0.0002700513,0.0002700513,0.0002700513
test,1668,tg,0.8541667,0.8,0.8,0.0,0.0,0.0,0.00013502565
test,1669,tg,0.9807692,0.7777778,0.75,0.0,0.00013502565,0.00013502565,0.00013502565
test,1670,nc,1.0,1.0,0.61538464,1.0,0.0005401026,0.0005401026,0.0005401026
test,1671,eea,1.0,0.61764705,0.61764705,1.0,0.0002700513,0.0002700513,0.0002700513
test,1672,egc,1.0,0.8333333,0.8,1.0,0.0002700513,0.0002700513,0.0002700513
test,1673,egc,0.56666666,0.53571427,0.53333336,0.0,0.0,0.0,0.0
test,1674,tg,1.0,0.6666667,0.6666667,1.0,0.00013502565,0.00013502565,0.00013502565
test,1675,nc,1.0,0.6875,0.6875,1.0,0.0002700513,0.0002700513,0.0002700513
test,1676,tg,1.0,0.95454544,0.52,1.0,0.0005401026,0.0005401026,0.0005401026
test,1677,tg,1.0,0.96153843,0.88461536,1.0,0.00040507698,0.0005401026,0.0017553335
test,1678,tg,0.97619045,0.5531915,0.53571427,0.0,0.00013502565,0.00013502565,0.00013502565
test,1679,tg,0.8135593,0.6181818,0.6037736,0.0,0.0,0.0,0.0
test,1680,tg,0.90625,0.8235294,0.8,0.0,0.0,0.00013502565,0.00013502565
test,1681,egb,1.0,1.0,0.64705884,1.0,0.00040507698,0.00040507698,0.00040507698
test,1682,egc,1.0,0.6904762,0.5675676,1.0,0.00013502565,0.00013502565,0.00013502565
test,1683,tg,1.0,0.7777778,0.7567568,1.0,0.00013502565,0.00013502565,0.0002700513
test,1684,tg,1.0,0.91071427,0.83928573,1.0,0.0002700513,0.00040507698,0.0005401026
test,1685,egc,1.0,0.962963,0.6969697,1.0,0.00040507698,0.00040507698,0.00040507698
test,1686,tg,1.0,1.0,0.8604651,1.0,0.0005401026,0.0005401026,0.00067512825
test,1687,egb,1.0,0.42857143,0.3030303,1.0,0.00013502565,0.00013502565,0.00013502565
test,1688,tg,0.81632656,0.6530612,0.61403507,0.0,0.0,0.0,0.0
test,1689,tg,0.81333333,0.6944444,0.6081081,0.0,0.0,0.0,0.0
test,1690,egc,0.82857144,0.8181818,0.725,0.0,0.0,0.0,0.0
test,1691,eps,1.0,1.0,1.0,1.0,0.0010802052,0.0010802052,0.0010802052
test,1692,egc,0.85714287,0.6,0.5,0.0,0.0,0.0,0.00013502565
test,1693,egc,0.52,0.4857143,0.43333334,0.0,0.0,0.0,0.0
test,1694,tg,0.9583333,0.72,0.5833333,0.0,0.00013502565,0.00013502565,0.00013502565
test,1695,tg,0.63414633,0.4390244,0.38297874,0.0,0.0,0.0,0.0
test,1696,tg,1.0,0.6571429,0.60714287,1.0,0.00013502565,0.00013502565,0.00013502565
test,1697,egc,1.0,0.2962963,0.28070176,1.0,0.00013502565,0.00013502565,0.00013502565
test,1698,tg,1.0,0.9375,0.88235295,1.0,0.0002700513,0.00040507698,0.0013502565
test,1699,tg,0.95,0.75510204,0.70212764,0.0,0.0,0.00013502565,0.00013502565
test,1700,tg,0.8333333,0.78125,0.58064514,0.0,0.0,0.0,0.0
test,1701,tg,0.875,0.5714286,0.5409836,0.0,0.0,0.0,0.00013502565
test,1702,tg,0.61290324,0.4864865,0.4117647,0.0,0.0,0.0,0.0
test,1703,egc,1.0,1.0,0.64705884,1.0,0.0005401026,0.0005401026,0.0005401026
test,1704,ei,1.0,0.71428573,0.71428573,1.0,0.00013502565,0.00013502565,0.00013502565
test,1705,egc,0.64285713,0.5185185,0.43333334,0.0,0.0,0.0,0.0
test,1706,tg,0.94285715,0.63829786,0.5869565,0.0,0.0,0.00013502565,0.0002700513
test,1707,eps,1.0,1.0,0.6666667,1.0,0.00040507698,0.00040507698,0.00040507698
test,1708,tg,1.0,0.78571427,0.7096774,1.0,0.00013502565,0.00013502565,0.00013502565
test,1709,tg,0.75757575,0.72727275,0.6666667,0.0,0.0,0.0,0.0
test,1710,ei,1.0,0.4857143,0.4857143,1.0,0.0002700513,0.0002700513,0.0002700513
test,1711,tg,1.0,0.85714287,0.8367347,1.0,0.0002700513,0.0002700513,0.0005401026
test,1712,nc,1.0,1.0,0.6451613,1.0,0.0005401026,0.0005401026,0.0005401026
test,1713,egc,1.0,0.9130435,0.7692308,1.0,0.0002700513,0.00040507698,0.0005401026
test,1714,tg,0.8095238,0.5555556,0.5,0.0,0.0,0.0,0.0
test,1715,egc,1.0,0.9444444,0.9285714,1.0,0.0002700513,0.0014852822,0.0021604104
test,1716,egc,0.5555556,0.44117647,0.41666666,0.0,0.0,0.0,0.0
test,1717,tg,1.0,0.6315789,0.6136364,1.0,0.00013502565,0.00013502565,0.00013502565
test,1718,tg,0.8636364,0.64705884,0.58,0.0,0.0,0.0,0.00013502565
test,1719,tg,0.6969697,0.62857145,0.62857145,0.0,0.0,0.0,0.0
test,1720,egc,1.0,0.8888889,0.67741936,1.0,0.0002700513,0.0002700513,0.00040507698
test,1721,tg,1.0,0.8695652,0.85106385,1.0,0.0002700513,0.0002700513,0.00081015396
test,1722,egc,1.0,0.61290324,0.5285714,1.0,0.00013502565,0.00013502565,0.00013502565
test,1723,tg,0.78431374,0.5849057,0.5535714,0.0,0.0,0.0,0.0
test,1724,tg,0.82222223,0.7826087,0.61702126,0.0,0.0,0.0,0.0
test,1725,egc,1.0,0.5416667,0.5416667,1.0,0.0002700513,0.0002700513,0.0002700513
test,1726,egc,0.8484849,0.7368421,0.6486486,0.0,0.0,0.0,0.0
test,1727,tg,0.7118644,0.7118644,0.6825397,0.0,0.0,0.0,0.0
test,1728,egc,0.75,0.5405405,0.5,0.0,0.0,0.0,0.0
test,1729,eps,1.0,1.0,0.5652174,1.0,0.00040507698,0.00040507698,0.00040507698
test,1730,tg,0.8,0.5625,0.48387095,0.0,0.0,0.0,0.0
test,1731,tg,0.8541667,0.7407407,0.74,0.0,0.0,0.0,0.0002700513
test,1732,egc,0.54545456,0.54545456,0.525,0.0,0.0,0.0,0.0
test,1733,tg,1.0,1.0,0.84375,1.0,0.00040507698,0.00040507698,0.00040507698
test,1734,tg,0.8113208,0.78431374,0.72727275,0.0,0.0,0.0,0.0
test,1735,tg,0.5833333,0.5675676,0.56164384,0.0,0.0,0.0,0.0
test,1736,egc,0.79310346,0.79310346,0.74285716,0.0,0.0,0.0,0.0
test,1737,tg,1.0,1.0,0.92753625,1.0,0.00040507698,0.0010802052,0.0013502565
test,1738,tg,0.84615386,0.7758621,0.69491524,0.0,0.0,0.0,0.0
test,1739,tg,0.6792453,0.66071427,0.64285713,0.0,0.0,0.0,0.0
test,1740,tg,1.0,0.6666667,0.6571429,1.0,0.00013502565,0.00013502565,0.00013502565
test,1741,tg,0.39215687,0.34,0.3148148,0.0,0.0,0.0,0.0
test,1742,tg,0.78571427,0.78,0.7457627,0.0,0.0,0.0,0.0
test,1743,egc,1.0,0.71794873,0.55813956,1.0,0.00013502565,0.00013502565,0.0002700513
test,1744,tg,1.0,1.0,0.7692308,1.0,0.0005401026,0.0005401026,0.0005401026
test,1745,tg,0.45833334,0.45,0.44444445,0.0,0.0,0.0,0.0
test,1746,eps,1.0,1.0,0.5483871,1.0,0.00040507698,0.00040507698,0.00040507698
test,1747,egb,1.0,1.0,0.6,1.0,0.00040507698,0.00040507698,0.00040507698
test,1748,tg,0.66,0.59615386,0.54545456,0.0,0.0,0.0,0.0
test,1749,eps,1.0,0.4642857,0.4642857,1.0,0.0002700513,0.0002700513,0.0002700513
test,1750,tg,0.4722222,0.41379312,0.39285713,0.0,0.0,0.0,0.0
test,1751,tg,0.39583334,0.3469388,0.3255814,0.0,0.0,0.0,0.0
test,1752,egc,1.0,0.82608694,0.82608694,1.0,0.00013502565,0.00013502565,0.0002700513
test,1753,egc,1.0,1.0,1.0,1.0,0.0024304618,0.0025654875,0.0025654875
test,1754,tg,0.859375,0.84126985,0.82539684,0.0,0.0,0.0,0.0002700513
test,1755,tg,0.90909094,0.82978725,0.8,0.0,0.0,0.00013502565,0.00013502565
test,1756,nc,1.0,0.5862069,0.5862069,1.0,0.0002700513,0.0002700513,0.0002700513
test,1757,tg,0.7692308,0.7297297,0.7027027,0.0,0.0,0.0,0.0
test,1758,tg,0.8363636,0.73214287,0.6557377,0.0,0.0,0.0,0.0
test,1759,egc,0.47368422,0.4375,0.35555556,0.0,0.0,0.0,0.0
test,1760,tg,0.76086956,0.6315789,0.5925926,0.0,0.0,0.0,0.0
test,1761,tg,0.8360656,0.8245614,0.7719298,0.0,0.0,0.0,0.0
test,1762,tg,0.9714286,0.7837838,0.63414633,0.0,0.00013502565,0.00013502565,0.0002700513
test,1763,tg,0.9,0.6909091,0.58181816,0.0,0.0,0.0,0.00013502565
test,1764,tg,1.0,1.0,1.0,1.0,0.00081015396,0.00081015396,0.00081015396
test,1765,egc,0.47058824,0.2777778,0.27027026,0.0,0.0,0.0,0.0
test,1766,tg,0.8333333,0.7692308,0.6818182,0.0,0.0,0.0,0.0
test,1767,tg,1.0,0.8863636,0.88372093,1.0,0.00013502565,0.0002700513,0.00067512825
test,1768,ei,1.0,0.72727275,0.53333336,1.0,0.0002700513,0.0002700513,0.0002700513
test,1769,tg,0.375,0.36363637,0.30769232,0.0,0.0,0.0,0.0
test,1770,tg,0.75,0.7358491,0.6551724,0.0,0.0,0.0,0.0
test,1771,egc,0.80851066,0.68292683,0.65957445,0.0,0.0,0.0,0.0
test,1772,tg,0.6666667,0.625,0.625,0.0,0.0,0.0,0.0
test,1773,tg,0.82258064,0.7846154,0.7164179,0.0,0.0,0.0,0.0
test,1774,ei,1.0,0.7037037,0.7037037,1.0,0.0002700513,0.0002700513,0.0002700513
test,1775,tg,0.90384614,0.90384614,0.8703704,0.0,0.0,0.0005401026,0.0009451796
test,1776,egc,0.61290324,0.61290324,0.61290324,0.0,0.0,0.0,0.0
test,1777,tg,1.0,0.5151515,0.5,1.0,0.00013502565,0.00013502565,0.00013502565
test,1778,tg,0.5555556,0.4074074,0.2857143,0.0,0.0,0.0,0.0
test,1779,tg,0.6,0.52380955,0.52380955,0.0,0.0,0.0,0.0
test,1780,tg,0.75,0.6666667,0.6315789,0.0,0.0,0.0,0.0
test,1781,egc,1.0,1.0,1.0,1.0,0.002025385,0.002025385,0.002025385
test,1782,tg,0.71428573,0.6779661,0.65,0.0,0.0,0.0,0.0
test,1783,tg,0.8235294,0.69491524,0.5686275,0.0,0.0,0.0,0.0
test,1784,eps,1.0,0.52380955,0.42857143,1.0,0.0002700513,0.0002700513,0.0002700513
test,1785,tg,1.0,0.4054054,0.4,1.0,0.00013502565,0.00013502565,0.00013502565
test,1786,egc,0.62222224,0.47916666,0.45833334,0.0,0.0,0.0,0.0
test,1787,tg,0.7647059,0.7222222,0.7058824,0.0,0.0,0.0,0.0
test,1788,egc,1.0,0.9433962,0.8448276,1.0,0.0002700513,0.00040507698,0.0005401026
test,1789,egc,0.79310346,0.59375,0.57575756,0.0,0.0,0.0,0.0
test,1790,tg,0.67241377,0.6,0.6,0.0,0.0,0.0,0.0
test,1791,egc,1.0,1.0,0.5,1.0,0.00040507698,0.00040507698,0.00040507698
test,1792,egc,1.0,0.75,0.74418604,1.0,0.00013502565,0.00013502565,0.00013502565
test,1793,egb,1.0,1.0,0.6333333,1.0,0.00040507698,0.00040507698,0.00040507698
test,1794,tg,0.75,0.625,0.62,0.0,0.0,0.0,0.0
test,1795,tg,1.0,0.77272725,0.77272725,1.0,0.00013502565,0.00013502565,0.00013502565
test,1796,tg,0.5862069,0.5660377,0.54385966,0.0,0.0,0.0,0.0
test,1797,tg,0.83076924,0.6666667,0.5,0.0,0.0,0.0,0.0
test,1798,egb,1.0,1.0,1.0,1.0,0.00067512825,0.00067512825,0.00067512825
test,1799,tg,0.84210527,0.54901963,0.47727272,0.0,0.0,0.0,0.0
test,1800,tg,1.0,0.6666667,0.61904764,1.0,0.00013502565,0.00013502565,0.00013502565
test,1801,egc,0.65625,0.5675676,0.4888889,0.0,0.0,0.0,0.0
test,1802,egc,1.0,0.6571429,0.62857145,1.0,0.00013502565,0.00013502565,0.00013502565
test,1803,tg,0.84615386,0.49333334,0.41666666,0.0,0.0,0.0,0.0
test,1804,egc,0.62068963,0.58064514,0.58064514,0.0,0.0,0.0,0.0
test,1805,tg,0.51111114,0.45454547,0.45,0.0,0.0,0.0,0.0
test,1806,egc,1.0,0.79310346,0.5483871,1.0,0.00013502565,0.00013502565,0.00013502565
test,1807,tg,0.85714287,0.85714287,0.85714287,0.0,0.0,0.0,0.00067512825
test,1808,tg,1.0,0.5510204,0.5106383,1.0,0.00013502565,0.00013502565,0.00013502565
test,1809,tg,0.8787879,0.6969697,0.5945946,0.0,0.0,0.0,0.0002700513
test,1810,egc,0.36666667,0.34375,0.31428573,0.0,0.0,0.0,0.0
test,1811,egc,1.0,1.0,0.8965517,1.0,0.00040507698,0.00040507698,0.0009451796
test,1812,tg,0.86206895,0.86206895,0.71428573,0.0,0.0,0.0,0.0005401026
test,1813,eea,1.0,0.7241379,0.7241379,1.0,0.0002700513,0.0002700513,0.0002700513
test,1814,tg,1.0,0.75757575,0.7,1.0,0.00013502565,0.00013502565,0.00013502565
test,1815,tg,0.64912283,0.54385966,0.537037,0.0,0.0,0.0,0.0
test,1816,egc,0.34210527,0.29411766,0.2857143,0.0,0.0,0.0,0.0
test,1817,tg,1.0,0.5970149,0.5797101,1.0,0.00013502565,0.00013502565,0.00013502565
test,1818,tg,0.7777778,0.7027027,0.625,0.0,0.0,0.0,0.0
test,1819,tg,0.95238096,0.88095236,0.88095236,0.0,0.0002700513,0.0002700513,0.0014852822
test,1820,egc,1.0,1.0,1.0,1.0,0.00067512825,0.00067512825,0.00067512825
test,1821,egb,1.0,0.5833333,0.56,1.0,0.0002700513,0.0002700513,0.0002700513
test,1822,tg,0.6603774,0.66,0.66,0.0,0.0,0.0,0.0
test,1823,tg,1.0,0.6666667,0.61764705,1.0,0.00013502565,0.00013502565,0.00013502565
test,1824,tg,0.775,0.5294118,0.42,0.0,0.0,0.0,0.0
test,1825,nc,1.0,1.0,0.8888889,1.0,0.00040507698,0.00040507698,0.00081015396
test,1826,egc,1.0,0.8333333,0.8333333,1.0,0.0002700513,0.0002700513,0.0002700513
test,1827,egc,1.0,1.0,0.5652174,1.0,0.00040507698,0.00040507698,0.00040507698
test,1828,nc,1.0,1.0,0.68,1.0,0.00040507698,0.00040507698,0.00040507698
test,1829,tg,0.8888889,0.73846155,0.70149255,0.0,0.0,0.0,0.00013502565
test,1830,tg,0.8958333,0.8367347,0.82978725,0.0,0.0,0.0,0.00013502565
test,1831,egc,1.0,1.0,1.0,1.0,0.0009451796,0.0009451796,0.004725898
test,1832,tg,0.98039216,0.5967742,0.5147059,0.0,0.00013502565,0.00013502565,0.00013502565
test,1833,egb,1.0,0.4857143,0.4857143,1.0,0.0002700513,0.0002700513,0.0002700513
test,1834,egc,1.0,1.0,0.47619048,1.0,0.00040507698,0.00040507698,0.00040507698
test,1835,tg,0.8214286,0.8035714,0.6166667,0.0,0.0,0.0,0.0
test,1836,ei,1.0,0.45454547,0.45454547,1.0,0.0002700513,0.0002700513,0.0002700513
test,1837,egc,1.0,0.9411765,0.7647059,1.0,0.0002700513,0.00040507698,0.0005401026
test,1838,egc,1.0,1.0,1.0,1.0,0.0076964623,0.007966514,0.00810154
test,1839,tg,1.0,0.9677419,0.47916666,1.0,0.00040507698,0.00040507698,0.0005401026
test,1840,tg,0.71428573,0.59375,0.46875,0.0,0.0,0.0,0.0
test,1841,tg,0.8636364,0.64285713,0.4827586,0.0,0.0,0.0,0.00013502565
test,1842,tg,0.8727273,0.8679245,0.8518519,0.0,0.0,0.0,0.00067512825
test,1843,tg,1.0,1.0,0.8666667,1.0,0.00040507698,0.00040507698,0.0009451796
test,1844,tg,0.94871795,0.85365856,0.7446808,0.0,0.0,0.0002700513,0.00040507698
test,1845,tg,0.73170733,0.70731705,0.65909094,0.0,0.0,0.0,0.0
test,1846,tg,0.78571427,0.6896552,0.6875,0.0,0.0,0.0,0.0
test,1847,tg,0.68421054,0.68421054,0.6666667,0.0,0.0,0.0,0.0
test,1848,tg,0.5632184,0.51898736,0.443038,0.0,0.0,0.0,0.0
test,1849,egc,1.0,0.625,0.625,1.0,0.0002700513,0.0002700513,0.0002700513
test,1850,egb,1.0,1.0,1.0,1.0,0.00067512825,0.00067512825,0.00067512825
test,1851,tg,1.0,1.0,0.56666666,1.0,0.0005401026,0.0005401026,0.0005401026
test,1852,ei,1.0,1.0,1.0,1.0,0.00067512825,0.00067512825,0.00067512825
test,1853,tg,0.5813953,0.54545456,0.53333336,0.0,0.0,0.0,0.0
test,1854,tg,0.6056338,0.375,0.375,0.0,0.0,0.0,0.0
test,1855,egc,0.2777778,0.2777778,0.26190478,0.0,0.0,0.0,0.0
test,1856,tg,0.74285716,0.68421054,0.68421054,0.0,0.0,0.0,0.0
test,1857,egc,0.81395346,0.81395346,0.5660377,0.0,0.0,0.0,0.0
test,1858,ei,1.0,0.95454544,0.95454544,1.0,0.00081015396,0.0018903592,0.0018903592
test,1859,egc,1.0,0.6296296,0.5862069,1.0,0.00013502565,0.00013502565,0.00013502565
test,1860,ei,1.0,1.0,0.6363636,1.0,0.00040507698,0.00040507698,0.00040507698
test,1861,tg,1.0,1.0,0.73333335,1.0,0.0005401026,0.0005401026,0.0005401026
test,1862,egc,1.0,0.7692308,0.7241379,1.0,0.0002700513,0.0002700513,0.0002700513
test,1863,tg,0.5,0.41666666,0.41666666,0.0,0.0,0.0,0.0
test,1864,tg,1.0,0.7183099,0.46666667,1.0,0.0002700513,0.0002700513,0.0002700513
test,1865,tg,0.8333333,0.7962963,0.68,0.0,0.0,0.0,0.0
test,1866,tg,0.56363636,0.53061223,0.3962264,0.0,0.0,0.0,0.0
test,1867,tg,0.6976744,0.5294118,0.5116279,0.0,0.0,0.0,0.0
test,1868,tg,0.63829786,0.60784316,0.5882353,0.0,0.0,0.0,0.0
test,1869,tg,1.0,1.0,0.8604651,1.0,0.0005401026,0.0005401026,0.00067512825
test,1870,egc,0.7777778,0.5,0.5,0.0,0.0,0.0,0.0
test,1871,tg,0.5897436,0.5609756,0.46938777,0.0,0.0,0.0,0.0
test,1872,tg,0.84090906,0.82222223,0.78723407,0.0,0.0,0.0,0.0
test,1873,egc,0.875,0.3043478,0.25,0.0,0.0,0.0,0.00013502565
test,1874,tg,0.9649123,0.86885244,0.86440676,0.0,0.00013502565,0.0002700513,0.0009451796
test,1875,tg,1.0,0.48,0.44,1.0,0.00013502565,0.00013502565,0.00013502565
test,1876,egc,0.34210527,0.31428573,0.29268292,0.0,0.0,0.0,0.0
test,1877,egc,1.0,1.0,0.95652175,1.0,0.0012152309,0.0012152309,0.0018903592
test,1878,tg,0.74285716,0.7222222,0.7222222,0.0,0.0,0.0,0.0
test,1879,tg,1.0,0.36842105,0.34146342,1.0,0.00013502565,0.00013502565,0.00013502565
test,1880,tg,1.0,0.7692308,0.56363636,1.0,0.00013502565,0.00013502565,0.00013502565
test,1881,ei,1.0,1.0,0.7,1.0,0.00040507698,0.00040507698,0.00040507698
test,1882,tg,0.94,0.8039216,0.68,0.0,0.0,0.0002700513,0.0002700513
test,1883,eps,1.0,1.0,0.95652175,1.0,0.0009451796,0.0018903592,0.0018903592
test,1884,tg,0.6585366,0.6585366,0.5263158,0.0,0.0,0.0,0.0
test,1885,tg,1.0,0.83928573,0.6885246,1.0,0.00013502565,0.0002700513,0.0002700513
test,1886,tg,0.66071427,0.6166667,0.59322035,0.0,0.0,0.0,0.0
test,1887,egc,0.7586207,0.5882353,0.5151515,0.0,0.0,0.0,0.0
test,1888,tg,0.7777778,0.65957445,0.6101695,0.0,0.0,0.0,0.0
test,1889,tg,0.84782606,0.82978725,0.8125,0.0,0.0,0.0,0.0
test,1890,egc,0.83870965,0.67741936,0.5675676,0.0,0.0,0.0,0.0
test,1891,tg,1.0,1.0,0.9130435,1.0,0.0005401026,0.00067512825,0.00067512825
test,1892,tg,0.7777778,0.65625,0.6101695,0.0,0.0,0.0,0.0
test,1893,egc,0.96875,0.90909094,0.8235294,0.0,0.0002700513,0.0005401026,0.0005401026
test,1894,nc,1.0,0.6666667,0.6,1.0,0.0002700513,0.0002700513,0.0002700513
test,1895,tg,0.88235295,0.8181818,0.7222222,0.0,0.0,0.0,0.00013502565
test,1896,egc,1.0,0.87096775,0.8064516,1.0,0.0002700513,0.0002700513,0.00040507698
test,1897,tg,0.8,0.51785713,0.5,0.0,0.0,0.0,0.0
test,1898,tg,0.57894737,0.57894737,0.47826087,0.0,0.0,0.0,0.0
test,1899,egc,1.0,1.0,0.82857144,1.0,0.00040507698,0.00040507698,0.00040507698
test,1900,egc,1.0,0.9310345,0.9032258,1.0,0.0002700513,0.0010802052,0.0016203079
test,1901,tg,0.8028169,0.7051282,0.6615385,0.0,0.0,0.0,0.0
test,1902,tg,0.9464286,0.7777778,0.66071427,0.0,0.0,0.0002700513,0.0002700513
test,1903,tg,1.0,1.0,1.0,1.0,0.0012152309,0.0012152309,0.0018903592
test,1904,tg,0.5862069,0.4857143,0.46875,0.0,0.0,0.0,0.0
test,1905,tg,0.8636364,0.76744187,0.7037037,0.0,0.0,0.0,0.00013502565
test,1906,tg,1.0,0.86,0.78,1.0,0.0002700513,0.0002700513,0.0005401026
test,1907,egc,1.0,1.0,1.0,1.0,0.0033756413,0.004320821,0.005130975
test,1908,egc,0.57894737,0.57894737,0.47826087,0.0,0.0,0.0,0.0
test,1909,tg,0.7826087,0.6875,0.66071427,0.0,0.0,0.0,0.0
test,1910,egc,0.4848485,0.48387095,0.46666667,0.0,0.0,0.0,0.0
test,1911,eps,1.0,1.0,0.45,1.0,0.0005401026,0.0005401026,0.0005401026
test,1912,egb,0.8333333,0.71428573,0.71428573,0.0,0.0,0.0,0.0
test,1913,tg,1.0,0.8243243,0.5882353,1.0,0.0002700513,0.0002700513,0.0002700513
test,1914,tg,0.725,0.61702126,0.53488374,0.0,0.0,0.0,0.0
test,1915,egb,1.0,0.42857143,0.32258064,1.0,0.0002700513,0.0002700513,0.0002700513
test,1916,eea,1.0,1.0,0.6666667,1.0,0.00040507698,0.00040507698,0.00040507698
test,1917,egc,0.6666667,0.4857143,0.41666666,0.0,0.0,0.0,0.0
test,1918,tg,0.7346939,0.59090906,0.4509804,0.0,0.0,0.0,0.0
test,1919,egc,0.3783784,0.3488372,0.33333334,0.0,0.0,0.0,0.0
test,1920,eps,1.0,0.5714286,0.5714286,1.0,0.0002700513,0.0002700513,0.0002700513
test,1921,tg,0.9591837,0.94,0.94,0.0,0.00013502565,0.00081015396,0.00081015396
test,1922,egc,0.5294118,0.34285715,0.32352942,0.0,0.0,0.0,0.0
test,1923,egc,1.0,0.6551724,0.55172414,1.0,0.0002700513,0.0002700513,0.0002700513
test,1924,egc,1.0,1.0,1.0,1.0,0.0010802052,0.0010802052,0.0013502565
test,1925,egc,0.7209302,0.5833333,0.575,0.0,0.0,0.0,0.0
test,1926,tg,1.0,0.62857145,0.6,1.0,0.00013502565,0.0002700513,0.0002700513
test,1927,tg,0.7346939,0.67391306,0.64,0.0,0.0,0.0,0.0
test,1928,egc,1.0,0.6,0.6,1.0,0.0002700513,0.0002700513,0.0002700513
test,1929,tg,1.0,1.0,1.0,1.0,0.0076964623,0.007966514,0.00810154
test,1930,egc,1.0,0.83076924,0.8125,1.0,0.00013502565,0.00013502565,0.0002700513
test,1931,egc,1.0,0.7741935,0.7741935,1.0,0.0002700513,0.0002700513,0.0002700513
test,1932,egc,1.0,0.84210527,0.8,1.0,0.0002700513,0.0002700513,0.0002700513
test,1933,egc,1.0,0.7246377,0.6197183,1.0,0.00013502565,0.00013502565,0.00013502565
test,1934,tg,0.9756098,0.9111111,0.87234044,0.0,0.00013502565,0.0005401026,0.0013502565
test,1935,egc,1.0,0.7878788,0.7647059,1.0,0.00013502565,0.00013502565,0.00013502565
test,1936,egc,0.7222222,0.47058824,0.35897437,0.0,0.0,0.0,0.0
test,1937,tg,0.55263156,0.55263156,0.5365854,0.0,0.0,0.0,0.0
test,1938,tg,1.0,1.0,1.0,1.0,0.00067512825,0.00067512825,0.00067512825
test,1939,egc,1.0,0.53333336,0.53333336,1.0,0.00013502565,0.00013502565,0.00013502565
test,1940,tg,0.8181818,0.7169811,0.61904764,0.0,0.0,0.0,0.0
test,1941,egc,1.0,0.5555556,0.5,1.0,0.00013502565,0.00013502565,0.00013502565
test,1942,tg,0.3488372,0.3478261,0.3478261,0.0,0.0,0.0,0.0
test,1943,egc,0.8235294,0.75757575,0.43243244,0.0,0.0,0.0,0.0
test,1944,tg,0.95348835,0.84444445,0.8,0.0,0.00013502565,0.00013502565,0.0002700513
test,1945,tg,0.83950615,0.74025977,0.7195122,0.0,0.0,0.0,0.0
test,1946,egc,1.0,1.0,0.7777778,1.0,0.00040507698,0.00040507698,0.00040507698
test,1947,tg,0.6304348,0.5652174,0.5344828,0.0,0.0,0.0,0.0
test,1948,ei,1.0,1.0,0.7096774,1.0,0.0005401026,0.0005401026,0.0005401026
test,1949,tg,0.7058824,0.7058824,0.6764706,0.0,0.0,0.0,0.0
test,1950,tg,0.6923077,0.6097561,0.54545456,0.0,0.0,0.0,0.0
test,1951,egb,1.0,0.8888889,0.8888889,1.0,0.0002700513,0.0002700513,0.00067512825
test,1952,tg,0.96666664,0.7777778,0.7647059,0.0,0.00013502565,0.00013502565,0.00013502565
test,1953,tg,0.84210527,0.82051283,0.71794873,0.0,0.0,0.0,0.0
test,1954,eea,1.0,1.0,0.6111111,1.0,0.00040507698,0.00040507698,0.00040507698
test,1955,tg,0.98039216,0.64705884,0.45070422,0.0,0.00013502565,0.00013502565,0.0002700513
test,1956,nc,1.0,1.0,0.6571429,1.0,0.00040507698,0.00040507698,0.00040507698
test,1957,tg,0.7419355,0.64705884,0.5945946,0.0,0.0,0.0,0.0
test,1958,egc,0.46666667,0.46666667,0.35714287,0.0,0.0,0.0,0.0
test,1959,tg,0.8787879,0.7162162,0.6625,0.0,0.0,0.0,0.00013502565
test,1960,tg,0.9268293,0.5813953,0.54347825,0.0,0.0,0.00013502565,0.00013502565
test,1961,eea,1.0,1.0,0.4516129,1.0,0.0005401026,0.0005401026,0.0005401026
test,1962,eps,1.0,1.0,0.5862069,1.0,0.0005401026,0.0005401026,0.0005401026
test,1963,egc,0.5483871,0.42857143,0.4054054,0.0,0.0,0.0,0.0
test,1964,egc,1.0,1.0,0.9677419,1.0,0.00081015396,0.0009451796,0.0009451796
test,1965,tg,1.0,1.0,0.8666667,1.0,0.00040507698,0.0005401026,0.0009451796
test,1966,egc,1.0,0.6451613,0.6451613,1.0,0.0002700513,0.0002700513,0.0002700513
test,1967,egc,0.7352941,0.6666667,0.6666667,0.0,0.0,0.0,0.0
test,1968,tg,0.9230769,0.9230769,0.85365856,0.0,0.0,0.0005401026,0.00081015396
test,1969,tg,0.6666667,0.4375,0.3611111,0.0,0.0,0.0,0.0
test,1970,ei,1.0,1.0,0.64705884,1.0,0.00040507698,0.00040507698,0.00040507698
test,1971,egc,0.54545456,0.5151515,0.37931034,0.0,0.0,0.0,0.0
test,1972,tg,1.0,1.0,0.9310345,1.0,0.0005401026,0.00067512825,0.00067512825
test,1973,tg,1.0,1.0,1.0,1.0,0.0013502565,0.0014852822,0.0014852822
test,1974,egc,0.7027027,0.6315789,0.61764705,0.0,0.0,0.0,0.0
test,1975,egb,1.0,1.0,0.65909094,1.0,0.00040507698,0.00040507698,0.00040507698
test,1976,tg,0.8039216,0.7735849,0.69491524,0.0,0.0,0.0,0.0
test,1977,nc,1.0,1.0,1.0,1.0,0.00067512825,0.00067512825,0.00067512825
test,1978,tg,0.9411765,0.8627451,0.8148148,0.0,0.0,0.0002700513,0.00040507698
test,1979,tg,0.625,0.4857143,0.2580645,0.0,0.0,0.0,0.0
test,1980,tg,0.890625,0.890625,0.8507463,0.0,0.0,0.0,0.00067512825
test,1981,tg,0.7352941,0.6666667,0.6666667,0.0,0.0,0.0,0.0
test,1982,tg,0.98,0.6440678,0.5283019,0.0,0.00013502565,0.00013502565,0.00013502565
test,1983,tg,0.7826087,0.7291667,0.5652174,0.0,0.0,0.0,0.0
test,1984,egc,0.6,0.57894737,0.45454547,0.0,0.0,0.0,0.0
test,1985,egc,0.5483871,0.425,0.41463414,0.0,0.0,0.0,0.0
test,1986,eps,1.0,0.52380955,0.4090909,1.0,0.0002700513,0.0002700513,0.0002700513
test,1987,egc,1.0,0.5625,0.40425533,1.0,0.00013502565,0.00013502565,0.00013502565
test,1988,eea,1.0,1.0,1.0,1.0,0.00067512825,0.00067512825,0.00067512825
test,1989,ei,1.0,1.0,0.74358976,1.0,0.00040507698,0.00040507698,0.00040507698
test,1990,egc,0.60714287,0.58064514,0.5,0.0,0.0,0.0,0.0
test,1991,tg,0.73913044,0.53571427,0.52,0.0,0.0,0.0,0.0
test,1992,egc,1.0,0.61538464,0.61538464,1.0,0.0002700513,0.0002700513,0.0002700513
test,1993,tg,0.61538464,0.5714286,0.53846157,0.0,0.0,0.0,0.0
test,1994,eea,1.0,1.0,0.61290324,1.0,0.0005401026,0.0005401026,0.0005401026
test,1995,tg,1.0,0.60714287,0.5862069,1.0,0.00013502565,0.00013502565,0.00013502565
test,1996,egb,1.0,1.0,0.5,1.0,0.0005401026,0.0005401026,0.0005401026
test,1997,egc,0.9375,0.53333336,0.51428574,0.0,0.0,0.0002700513,0.0002700513
test,1998,egc,0.4883721,0.43589744,0.41025642,0.0,0.0,0.0,0.0
test,1999,tg,0.94871795,0.8974359,0.84615386,0.0,0.0,0.00013502565,0.0005401026
test,2000,egc,1.0,1.0,1.0,1.0,0.0076964623,0.007966514,0.00810154
test,2001,tg,0.7647059,0.7647059,0.7090909,0.0,0.0,0.0,0.0
test,2002,tg,0.52380955,0.48,0.42857143,0.0,0.0,0.0,0.0
test,2003,egc,1.0,1.0,1.0,1.0,0.0033756413,0.004320821,0.005130975
test,2004,tg,0.84,0.76,0.7037037,0.0,0.0,0.0,0.0
test,2005,tg,0.61538464,0.5952381,0.5714286,0.0,0.0,0.0,0.0
test,2006,egc,0.6904762,0.5365854,0.53488374,0.0,0.0,0.0,0.0
test,2007,tg,1.0,1.0,1.0,1.0,0.0076964623,0.007966514,0.00810154
test,2008,tg,0.9183673,0.8958333,0.8235294,0.0,0.0,0.00013502565,0.00040507698
test,2009,tg,0.8,0.74509805,0.6530612,0.0,0.0,0.0,0.0
test,2010,tg,0.3432836,0.33898306,0.33333334,0.0,0.0,0.0,0.0
test,2011,eps,1.0,0.95454544,0.95454544,1.0,0.00081015396,0.0018903592,0.0018903592
test,2012,tg,1.0,0.5686275,0.53061223,1.0,0.00013502565,0.00013502565,0.00013502565
test,2013,tg,1.0,1.0,1.0,1.0,0.0013502565,0.0014852822,0.0014852822
test,2014,tg,0.78431374,0.754717,0.73214287,0.0,0.0,0.0,0.0
test,2015,tg,0.79310346,0.79310346,0.74285716,0.0,0.0,0.0,0.0
test,2016,tg,0.82222223,0.6530612,0.537037,0.0,0.0,0.0,0.0
test,2017,egc,1.0,1.0,0.5555556,1.0,0.00040507698,0.00040507698,0.00040507698
test,2018,tg,0.6333333,0.6,0.51428574,0.0,0.0,0.0,0.0
test,2019,tg,1.0,1.0,0.82222223,1.0,0.00040507698,0.0005401026,0.0005401026
test,2020,egc,1.0,1.0,1.0,1.0,0.0033756413,0.004320821,0.005130975
test,2021,egc,0.6304348,0.5652174,0.5344828,0.0,0.0,0.0,0.0
test,2022,tg,1.0,0.877551,0.7647059,1.0,0.0002700513,0.0002700513,0.0005401026
test,2023,tg,0.68292683,0.59302324,0.5633803,0.0,0.0,0.0,0.0
test,2024,egc,0.425,0.3846154,0.31578946,0.0,0.0,0.0,0.0
test,2025,eps,1.0,0.5862069,0.5862069,1.0,0.0002700513,0.0002700513,0.0002700513
test,2026,tg,1.0,0.7419355,0.73015875,1.0,0.0002700513,0.0002700513,0.0002700513
test,2027,egc,1.0,1.0,1.0,1.0,0.00081015396,0.00081015396,0.00081015396
test,2028,egc,1.0,1.0,1.0,1.0,0.002025385,0.002025385,0.0024304618
test,2029,tg,0.75,0.75,0.6666667,0.0,0.0,0.0,0.0
test,2030,tg,0.9074074,0.7962963,0.6229508,0.0,0.0,0.00013502565,0.0002700513
test,2031,tg,0.74358976,0.64102566,0.4318182,0.0,0.0,0.0,0.0
test,2032,tg,0.7647059,0.7254902,0.7090909,0.0,0.0,0.0,0.0
test,2033,tg,0.627907,0.5681818,0.4878049,0.0,0.0,0.0,0.0
test,2034,egc,1.0,0.94285715,0.8684211,1.0,0.0002700513,0.00040507698,0.00067512825
test,2035,tg,0.9807692,0.875,0.85714287,0.0,0.00013502565,0.00013502565,0.00067512825
test,2036,tg,0.8043478,0.5744681,0.53846157,0.0,0.0,0.0,0.0
test,2037,egc,0.54545456,0.45238096,0.39583334,0.0,0.0,0.0,0.0
test,2038,egc,1.0,1.0,0.57575756,1.0,0.0005401026,0.0005401026,0.0005401026
test,2039,egc,0.7619048,0.5681818,0.54761904,0.0,0.0,0.0,0.0
test,2040,tg,0.7105263,0.5121951,0.4888889,0.0,0.0,0.0,0.0
test,2041,tg,1.0,0.5555556,0.5,1.0,0.00013502565,0.00013502565,0.00013502565
test,2042,egc,0.73333335,0.71428573,0.71428573,0.0,0.0,0.0,0.0
test,2043,tg,0.7659575,0.73333335,0.63461536,0.0,0.0,0.0,0.0
test,2044,egc,0.7105263,0.4318182,0.35714287,0.0,0.0,0.0,0.0
test,2045,tg,1.0,1.0,1.0,1.0,0.0009451796,0.0009451796,0.0009451796
test,2046,tg,0.95454544,0.67391306,0.6458333,0.0,0.00013502565,0.00013502565,0.00013502565
test,2047,ei,1.0,1.0,0.6,1.0,0.00040507698,0.00040507698,0.00040507698
test,2048,tg,0.45454547,0.45,0.4090909,0.0,0.0,0.0,0.0
test,2049,eea,1.0,0.72727275,0.53333336,1.0,0.0002700513,0.0002700513,0.0002700513
test,2050,tg,0.9268293,0.81395346,0.8,0.0,0.0,0.00013502565,0.00013502565
test,2051,egc,0.5769231,0.5555556,0.53571427,0.0,0.0,0.0,0.0
test,2052,egc,1.0,0.2857143,0.22580644,1.0,0.00013502565,0.00013502565,0.00013502565
test,2053,tg,0.9268293,0.7631579,0.70731705,0.0,0.0,0.00013502565,0.00013502565
test,2054,egc,1.0,1.0,0.71428573,1.0,0.0005401026,0.0005401026,0.0005401026
test,2055,egc,1.0,0.6666667,0.65909094,1.0,0.00013502565,0.00013502565,0.00013502565
test,2056,tg,1.0,1.0,0.95652175,1.0,0.0017553335,0.0017553335,0.0018903592
test,2057,tg,0.8863636,0.84782606,0.84782606,0.0,0.0,0.0,0.0002700513
test,2058,tg,1.0,1.0,1.0,1.0,0.00067512825,0.00067512825,0.00067512825
test,2059,eps,1.0,0.7096774,0.7096774,1.0,0.00013502565,0.00013502565,0.00013502565
test,2060,tg,1.0,0.57575756,0.49333334,1.0,0.0002700513,0.0002700513,0.0002700513
test,2061,nc,1.0,0.7241379,0.7241379,1.0,0.0002700513,0.0002700513,0.0002700513
test,2062,tg,0.5882353,0.5121951,0.44680852,0.0,0.0,0.0,0.0
test,2063,eea,0.6666667,0.6666667,0.6451613,0.0,0.0,0.0,0.0
test,2064,egc,0.44827586,0.37142858,0.3442623,0.0,0.0,0.0,0.0
test,2065,eps,1.0,1.0,1.0,1.0,0.00067512825,0.00067512825,0.00067512825
test,2066,nc,1.0,1.0,0.51428574,1.0,0.0005401026,0.0005401026,0.0005401026
test,2067,egb,1.0,0.6451613,0.5625,1.0,0.00013502565,0.00013502565,0.00013502565
test,2068,egc,0.7234042,0.7083333,0.6938776,0.0,0.0,0.0,0.0
test,2069,egb,1.0,0.95454544,0.95454544,1.0,0.00081015396,0.0018903592,0.0018903592
test,2070,tg,0.9189189,0.7619048,0.73170733,0.0,0.0,0.00013502565,0.00013502565
test,2071,tg,0.9142857,0.9142857,0.85333335,0.0,0.0,0.00040507698,0.00081015396
test,2072,egb,1.0,0.74285716,0.625,1.0,0.0002700513,0.0002700513,0.0002700513
test,2073,tg,0.8873239,0.75641024,0.55128205,0.0,0.0,0.0,0.00013502565
test,2074,tg,0.9142857,0.8611111,0.82051283,0.0,0.0,0.00013502565,0.00040507698
test,2075,tg,0.8596491,0.67241377,0.6666667,0.0,0.0,0.0,0.00013502565
test,2076,egc,1.0,0.6,0.6,1.0,0.0002700513,0.0002700513,0.0002700513
test,2077,egc,1.0,0.62068963,0.62068963,1.0,0.00013502565,0.00013502565,0.00013502565
test,2078,egc,1.0,0.4375,0.4375,1.0,0.00013502565,0.00013502565,0.00013502565
test,2079,egc,0.7878788,0.6857143,0.6315789,0.0,0.0,0.0,0.0
test,2080,egc,0.79310346,0.7164179,0.68333334,0.0,0.0,0.0,0.0
test,2081,eps,1.0,1.0,1.0,1.0,0.0012152309,0.0013502565,0.0013502565
test,2082,eps,1.0,1.0,1.0,1.0,0.00067512825,0.00067512825,0.00067512825
test,2083,tg,1.0,1.0,1.0,1.0,0.002025385,0.002025385,0.0024304618
test,2084,egc,1.0,0.6363636,0.6363636,1.0,0.00013502565,0.00013502565,0.00013502565
test,2085,eps,1.0,1.0,1.0,1.0,0.00067512825,0.00067512825,0.00067512825
test,2086,tg,0.6052632,0.44444445,0.3773585,0.0,0.0,0.0,0.0
test,2087,tg,0.75,0.725,0.70731705,0.0,0.0,0.0,0.0
test,2088,tg,0.79591835,0.78,0.6818182,0.0,0.0,0.0,0.0
test,2089,tg,0.5,0.46666667,0.4642857,0.0,0.0,0.0,0.0
test,2090,tg,0.86538464,0.8333333,0.76363635,0.0,0.0,0.0,0.0002700513
test,2091,tg,0.75,0.54545456,0.52380955,0.0,0.0,0.0,0.0
test,2092,tg,1.0,0.962963,0.8064516,1.0,0.00040507698,0.00040507698,0.00040507698
test,2093,egc,0.2857143,0.2820513,0.2580645,0.0,0.0,0.0,0.0
test,2094,egc,0.4651163,0.36363637,0.35416666,0.0,0.0,0.0,0.0
test,2095,tg,0.671875,0.43243244,0.41269842,0.0,0.0,0.0,0.0
test,2096,tg,0.96,0.6896552,0.6896552,0.0,0.00013502565,0.00013502565,0.00013502565
test,2097,tg,0.8974359,0.8974359,0.8974359,0.0,0.0,0.0,0.0009451796
test,2098,egc,0.3846154,0.36666667,0.3548387,0.0,0.0,0.0,0.0
test,2099,tg,1.0,0.6086956,0.56,1.0,0.00013502565,0.00013502565,0.00013502565
test,2100,tg,0.8679245,0.8181818,0.7758621,0.0,0.0,0.0,0.00013502565
test,2101,egc,1.0,0.5,0.32,1.0,0.00013502565,0.00013502565,0.00013502565
test,2102,egb,1.0,0.45454547,0.44444445,1.0,0.00013502565,0.00013502565,0.00013502565
test,2103,tg,0.62857145,0.32608697,0.31707317,0.0,0.0,0.0,0.0
test,2104,tg,0.93333334,0.78688526,0.5081967,0.0,0.0,0.00013502565,0.00013502565
test,2105,tg,0.6976744,0.5625,0.5510204,0.0,0.0,0.0,0.0
test,2106,tg,1.0,0.78,0.7358491,1.0,0.00013502565,0.00013502565,0.00013502565
test,2107,ei,1.0,1.0,0.46875,1.0,0.00040507698,0.00040507698,0.00040507698
test,2108,egb,1.0,0.6,0.5833333,1.0,0.0002700513,0.0002700513,0.0002700513
test,2109,egc,1.0,0.9310345,0.9032258,1.0,0.0002700513,0.0010802052,0.0016203079
test,2110,tg,0.74603176,0.71666664,0.6885246,0.0,0.0,0.0,0.0
test,2111,egc,1.0,1.0,0.6571429,1.0,0.00040507698,0.00040507698,0.00040507698
test,2112,tg,0.7,0.7,0.68085104,0.0,0.0,0.0,0.0
test,2113,tg,1.0,1.0,0.82222223,1.0,0.00040507698,0.0005401026,0.0005401026
test,2114,nc,1.0,1.0,0.95652175,1.0,0.0012152309,0.0012152309,0.0018903592
test,2115,tg,0.6296296,0.6296296,0.5483871,0.0,0.0,0.0,0.0
test,2116,eea,1.0,1.0,0.75757575,1.0,0.00040507698,0.00040507698,0.00040507698
test,2117,egc,0.9259259,0.89285713,0.7352941,0.0,0.0,0.0002700513,0.00040507698
test,2118,egb,1.0,0.45454547,0.45454547,1.0,0.0002700513,0.0002700513,0.0002700513
test,2119,tg,1.0,0.85714287,0.8367347,1.0,0.0002700513,0.0002700513,0.0005401026
test,2120,eps,1.0,1.0,0.55,1.0,0.0005401026,0.0005401026,0.0005401026
test,2121,tg,0.64285713,0.61538464,0.59183675,0.0,0.0,0.0,0.0
test,2122,tg,0.76666665,0.7,0.68333334,0.0,0.0,0.0,0.0
test,2123,egc,1.0,0.9166667,0.75510204,1.0,0.00013502565,0.00040507698,0.00040507698
test,2124,nc,1.0,1.0,0.5652174,1.0,0.0005401026,0.0005401026,0.0005401026
test,2125,egc,1.0,0.4,0.37931034,1.0,0.00013502565,0.00013502565,0.00013502565
test,2126,egc,0.61764705,0.61764705,0.6,0.0,0.0,0.0,0.0
test,2127,tg,0.8378378,0.8378378,0.5263158,0.0,0.0,0.0,0.0
test,2128,tg,0.877551,0.7647059,0.75,0.0,0.0,0.0,0.0002700513
test,2129,nc,1.0,1.0,1.0,1.0,0.00067512825,0.00067512825,0.00067512825
test,2130,egc,0.5192308,0.48214287,0.48214287,0.0,0.0,0.0,0.0
test,2131,egb,1.0,1.0,1.0,1.0,0.00067512825,0.00067512825,0.00067512825
test,2132,egc,1.0,1.0,0.67741936,1.0,0.0005401026,0.0005401026,0.0005401026
test,2133,tg,0.84782606,0.49019608,0.49019608,0.0,0.0,0.0,0.0
test,2134,tg,0.4,0.2857143,0.2857143,0.0,0.0,0.0,0.0
test,2135,tg,1.0,0.7446808,0.63265306,1.0,0.00013502565,0.00013502565,0.00013502565
test,2136,tg,0.8235294,0.64705884,0.62857145,0.0,0.0,0.0,0.0
test,2137,tg,0.9361702,0.9347826,0.8125,0.0,0.0,0.0005401026,0.0005401026
test,2138,egc,1.0,0.7708333,0.6666667,1.0,0.00013502565,0.00013502565,0.0002700513
test,2139,tg,0.96666664,0.64705884,0.5365854,0.0,0.00013502565,0.0002700513,0.0002700513
test,2140,tg,0.525,0.3846154,0.34210527,0.0,0.0,0.0,0.0
test,2141,tg,0.4117647,0.36,0.36,0.0,0.0,0.0,0.0
test,2142,egc,1.0,1.0,0.9411765,1.0,0.00040507698,0.00067512825,0.00067512825
test,2143,tg,1.0,1.0,0.42857143,1.0,0.00040507698,0.00040507698,0.00040507698
test,2144,tg,0.6060606,0.4848485,0.47058824,0.0,0.0,0.0,0.0
test,2145,tg,0.6875,0.6666667,0.6666667,0.0,0.0,0.0,0.0
test,2146,eps,1.0,1.0,0.5652174,1.0,0.00040507698,0.00040507698,0.00040507698
test,2147,egb,1.0,0.45238096,0.44444445,1.0,0.00013502565,0.00013502565,0.00013502565
test,2148,tg,0.64102566,0.6086956,0.5609756,0.0,0.0,0.0,0.0
test,2149,tg,0.8636364,0.82608694,0.5652174,0.0,0.0,0.0,0.0002700513
test,2150,tg,1.0,0.525,0.4318182,1.0,0.00013502565,0.00013502565,0.00013502565
test,2151,tg,1.0,1.0,0.82608694,1.0,0.00040507698,0.0005401026,0.0005401026
test,2152,egc,1.0,0.9375,0.90909094,1.0,0.00013502565,0.0009451796,0.0009451796
test,2153,egc,1.0,1.0,0.5,1.0,0.0005401026,0.0005401026,0.0005401026
test,2154,egc,0.5652174,0.3548387,0.32142857,0.0,0.0,0.0,0.0
test,2155,nc,1.0,0.64285713,0.56666666,1.0,0.0002700513,0.0002700513,0.0002700513
test,2156,egc,1.0,1.0,1.0,1.0,0.0076964623,0.007966514,0.00810154
test,2157,tg,0.625,0.5652174,0.47761193,0.0,0.0,0.0,0.0
test,2158,eps,1.0,0.5,0.4827586,1.0,0.00013502565,0.00013502565,0.00013502565
test,2159,tg,1.0,0.94285715,0.9166667,1.0,0.00013502565,0.00067512825,0.0012152309
test,2160,tg,0.6666667,0.5283019,0.47916666,0.0,0.0,0.0,0.0
test,2161,tg,1.0,0.46341464,0.3877551,1.0,0.00013502565,0.00013502565,0.00013502565
test,2162,nc,1.0,1.0,0.6666667,1.0,0.00040507698,0.00040507698,0.00040507698
test,2163,tg,0.64912283,0.5967742,0.54545456,0.0,0.0,0.0,0.0
test,2164,egc,1.0,1.0,1.0,1.0,0.0009451796,0.0010802052,0.0010802052
test,2165,egc,1.0,0.7241379,0.7241379,1.0,0.0002700513,0.0002700513,0.0002700513
test,2166,egc,1.0,0.7758621,0.6363636,1.0,0.00013502565,0.00013502565,0.00013502565
test,2167,tg,0.65789473,0.40816328,0.33333334,0.0,0.0,0.0,0.0
test,2168,tg,0.8,0.73333335,0.73333335,0.0,0.0,0.0,0.0
test,2169,eea,1.0,1.0,0.65909094,1.0,0.00040507698,0.00040507698,0.00040507698
test,2170,egc,0.65,0.60465115,0.6,0.0,0.0,0.0,0.0
test,2171,tg,1.0,0.54285717,0.51724136,1.0,0.00013502565,0.00013502565,0.00013502565
test,2172,egc,0.8484849,0.8125,0.8125,0.0,0.0,0.0,0.0
test,2173,tg,0.5322581,0.51724136,0.50877196,0.0,0.0,0.0,0.0
test,2174,tg,1.0,0.70212764,0.6666667,1.0,0.00013502565,0.00013502565,0.00013502565
test,2175,eea,1.0,1.0,1.0,1.0,0.00067512825,0.00067512825,0.00067512825
test,2176,egc,0.7894737,0.71428573,0.51428574,0.0,0.0,0.0,0.0
test,2177,tg,1.0,0.4347826,0.3846154,1.0,0.00013502565,0.00013502565,0.00013502565
test,2178,egc,0.4,0.29787233,0.29166666,0.0,0.0,0.0,0.0
test,2179,tg,0.8,0.7,0.6666667,0.0,0.0,0.0,0.0
test,2180,tg,0.76,0.76,0.75,0.0,0.0,0.0,0.0
test,2181,egc,0.42857143,0.36842105,0.35,0.0,0.0,0.0,0.0
test,2182,tg,0.9166667,0.70454544,0.61904764,0.0,0.0,0.00013502565,0.00013502565
test,2183,tg,0.8909091,0.625,0.6142857,0.0,0.0,0.0,0.00013502565
test,2184,egc,1.0,1.0,1.0,1.0,0.0076964623,0.007966514,0.00810154
test,2185,egc,0.5254237,0.48387095,0.47142857,0.0,0.0,0.0,0.0
test,2186,eea,1.0,1.0,0.67741936,1.0,0.0005401026,0.0005401026,0.0005401026
test,2187,egc,1.0,0.5925926,0.53125,1.0,0.00013502565,0.00013502565,0.00013502565
test,2188,tg,0.82608694,0.70212764,0.70212764,0.0,0.0,0.0,0.0
test,2189,tg,1.0,0.95348835,0.9302326,1.0,0.0005401026,0.00067512825,0.0017553335
test,2190,tg,0.984127,0.984127,0.4857143,0.0,0.0005401026,0.0005401026,0.0005401026
test,2191,eea,1.0,1.0,0.53125,1.0,0.00040507698,0.00040507698,0.00040507698
test,2192,egc,0.73913044,0.6956522,0.68085104,0.0,0.0,0.0,0.0
test,2193,tg,0.6,0.5483871,0.5084746,0.0,0.0,0.0,0.0
test,2194,egc,1.0,1.0,0.4857143,1.0,0.0005401026,0.0005401026,0.0005401026
test,2195,egc,0.725,0.6875,0.55,0.0,0.0,0.0,0.0
test,2196,egc,0.6666667,0.65625,0.6111111,0.0,0.0,0.0,0.0
test,2197,nc,1.0,1.0,0.7,1.0,0.00040507698,0.00040507698,0.00040507698
test,2198,egb,1.0,1.0,0.6551724,1.0,0.00040507698,0.00040507698,0.00040507698
test,2199,egb,1.0,0.625,0.625,1.0,0.0002700513,0.0002700513,0.0002700513
test,2200,nc,1.0,1.0,0.41935483,1.0,0.00040507698,0.00040507698,0.00040507698
test,2201,egc,1.0,0.6451613,0.6451613,1.0,0.00013502565,0.00013502565,0.00013502565
test,2202,tg,1.0,0.7234042,0.6363636,1.0,0.00013502565,0.00013502565,0.0002700513
test,2203,egc,1.0,0.61538464,0.61538464,1.0,0.00013502565,0.00013502565,0.00013502565
test,2204,nc,1.0,1.0,0.71428573,1.0,0.00040507698,0.00040507698,0.00040507698
test,2205,tg,1.0,0.4848485,0.47058824,1.0,0.00013502565,0.00013502565,0.00013502565
test,2206,egc,0.96666664,0.75,0.61764705,0.0,0.00013502565,0.00013502565,0.0002700513
test,2207,tg,1.0,0.5686275,0.4814815,1.0,0.00013502565,0.00013502565,0.00013502565
test,2208,egc,0.42105263,0.33333334,0.33333334,0.0,0.0,0.0,0.0
test,2209,tg,0.5945946,0.5641026,0.5641026,0.0,0.0,0.0,0.0
test,2210,tg,0.8679245,0.70689654,0.59016395,0.0,0.0,0.0,0.0002700513
test,2211,nc,1.0,0.5652174,0.5652174,1.0,0.0002700513,0.0002700513,0.0002700513
test,2212,egc,1.0,0.4848485,0.47058824,1.0,0.00013502565,0.00013502565,0.00013502565
test,2213,ei,1.0,1.0,1.0,1.0,0.00067512825,0.00067512825,0.00067512825
test,2214,tg,0.6315789,0.55,0.47826087,0.0,0.0,0.0,0.0
test,2215,tg,1.0,0.53846157,0.53571427,1.0,0.00013502565,0.00013502565,0.00013502565
test,2216,tg,0.52238804,0.5064935,0.48101267,0.0,0.0,0.0,0.0
test,2217,egc,0.6666667,0.59183675,0.59090906,0.0,0.0,0.0,0.0
test,2218,tg,0.9130435,0.52380955,0.4054054,0.0,0.0,0.00013502565,0.00013502565
test,2219,egc,0.6666667,0.58536583,0.5833333,0.0,0.0,0.0,0.0
test,2220,ei,1.0,0.67741936,0.67741936,1.0,0.0002700513,0.0002700513,0.0002700513
test,2221,egc,0.84444445,0.7234042,0.6415094,0.0,0.0,0.0,0.0
test,2222,tg,0.60714287,0.42857143,0.3255814,0.0,0.0,0.0,0.0
test,2223,tg,0.8064516,0.59090906,0.5416667,0.0,0.0,0.0,0.0
test,2224,tg,1.0,0.57894737,0.4090909,1.0,0.00013502565,0.00013502565,0.00013502565
test,2225,tg,0.64285713,0.48076922,0.42857143,0.0,0.0,0.0,0.0
test,2226,tg,1.0,0.6857143,0.6315789,1.0,0.00013502565,0.00013502565,0.00013502565
test,2227,tg,0.7037037,0.59322035,0.53968257,0.0,0.0,0.0,0.0
test,2228,tg,1.0,0.7027027,0.6363636,1.0,0.00013502565,0.00013502565,0.00013502565
test,2229,tg,0.7692308,0.675,0.5,0.0,0.0,0.0,0.0
test,2230,eea,1.0,0.64705884,0.64705884,1.0,0.0002700513,0.0002700513,0.0002700513
test,2231,egc,1.0,0.5714286,0.53488374,1.0,0.00013502565,0.00013502565,0.00013502565
test,2232,egc,1.0,1.0,0.5925926,1.0,0.00040507698,0.00040507698,0.00040507698
test,2233,tg,0.8181818,0.8076923,0.7924528,0.0,0.0,0.0,0.0
test,2234,tg,0.9298246,0.8548387,0.6825397,0.0,0.0,0.00013502565,0.00040507698
test,2235,tg,0.72727275,0.47058824,0.45762712,0.0,0.0,0.0,0.0
test,2236,egc,1.0,1.0,0.6785714,1.0,0.00040507698,0.00040507698,0.00040507698
test,2237,egc,0.3432836,0.32786885,0.32467532,0.0,0.0,0.0,0.0
test,2238,tg,0.9,0.8780488,0.84444445,0.0,0.0,0.0,0.0005401026
test,2239,tg,0.71428573,0.59375,0.54285717,0.0,0.0,0.0,0.0
test,2240,tg,1.0,1.0,0.95348835,1.0,0.00067512825,0.00081015396,0.0016203079
test,2241,egc,1.0,0.4814815,0.47058824,1.0,0.00013502565,0.00013502565,0.00013502565
test,2242,tg,0.75609756,0.74418604,0.72727275,0.0,0.0,0.0,0.0
test,2243,egc,0.65384614,0.5185185,0.51724136,0.0,0.0,0.0,0.0
test,2244,tg,1.0,0.65384614,0.64,1.0,0.00013502565,0.00013502565,0.00013502565
test,2245,tg,0.9166667,0.7659575,0.7659575,0.0,0.0,0.00013502565,0.00013502565
test,2246,tg,0.84782606,0.71428573,0.6181818,0.0,0.0,0.0,0.0
test,2247,tg,0.85106385,0.7692308,0.7407407,0.0,0.0,0.0,0.0002700513
test,2248,eps,1.0,1.0,0.6333333,1.0,0.00040507698,0.00040507698,0.00040507698
test,2249,tg,0.8292683,0.7307692,0.7108434,0.0,0.0,0.0,0.0
test,2250,tg,0.83076924,0.7236842,0.64102566,0.0,0.0,0.0,0.0
test,2251,egc,1.0,0.8541667,0.5660377,1.0,0.0002700513,0.0002700513,0.00040507698
test,2252,tg,0.78571427,0.74545455,0.7090909,0.0,0.0,0.0,0.0
test,2253,egc,1.0,0.87096775,0.8064516,1.0,0.0002700513,0.0002700513,0.00040507698
test,2254,tg,0.625,0.58536583,0.48979592,0.0,0.0,0.0,0.0
test,2255,tg,1.0,0.95454544,0.6956522,1.0,0.00040507698,0.0005401026,0.0005401026
test,2256,tg,0.76,0.5645161,0.5555556,0.0,0.0,0.0,0.0
test,2257,eea,1.0,1.0,0.42857143,1.0,0.0005401026,0.0005401026,0.0005401026
test,2258,egc,1.0,0.41463414,0.3939394,1.0,0.00013502565,0.00013502565,0.00013502565
test,2259,tg,1.0,1.0,0.8666667,1.0,0.00040507698,0.0005401026,0.0009451796
test,2260,egc,1.0,0.7692308,0.71428573,1.0,0.00013502565,0.00013502565,0.00013502565
test,2261,tg,0.6896552,0.55172414,0.516129,0.0,0.0,0.0,0.0
test,2262,eea,1.0,1.0,1.0,1.0,0.00067512825,0.00067512825,0.00067512825
test,2263,tg,0.64285713,0.64285713,0.59375,0.0,0.0,0.0,0.0
test,2264,tg,1.0,0.5121951,0.43243244,1.0,0.00013502565,0.00013502565,0.00013502565
test,2265,tg,0.9322034,0.8032787,0.7936508,0.0,0.0,0.00013502565,0.00013502565
test,2266,nc,1.0,1.0,0.65625,1.0,0.00040507698,0.00040507698,0.00040507698
test,2267,egb,1.0,0.92105263,0.85365856,1.0,0.00013502565,0.00040507698,0.00067512825
test,2268,egc,1.0,0.8666667,0.72727275,1.0,0.00013502565,0.00013502565,0.00040507698
test,2269,egc,1.0,0.71428573,0.71428573,1.0,0.00013502565,0.00013502565,0.00013502565
test,2270,ei,1.0,1.0,0.4347826,1.0,0.00040507698,0.00040507698,0.00040507698
test,2271,tg,0.8214286,0.6969697,0.6216216,0.0,0.0,0.0,0.0
test,2272,tg,1.0,1.0,1.0,1.0,0.0076964623,0.007966514,0.00810154
test,2273,egc,1.0,1.0,0.59375,1.0,0.00040507698,0.00040507698,0.00040507698
test,2274,ei,1.0,1.0,1.0,1.0,0.00067512825,0.00067512825,0.00067512825
test,2275,ei,1.0,1.0,1.0,1.0,0.0012152309,0.0013502565,0.0013502565
test,2276,egc,1.0,0.3939394,0.3939394,1.0,0.00013502565,0.00013502565,0.00013502565
test,2277,egc,1.0,1.0,0.45833334,1.0,0.0005401026,0.0005401026,0.0005401026
test,2278,egb,0.6666667,0.6666667,0.6451613,0.0,0.0,0.0,0.0
test,2279,egc,1.0,0.8333333,0.8333333,1.0,0.0002700513,0.0002700513,0.0002700513
test,2280,egc,1.0,1.0,1.0,1.0,0.00067512825,0.00067512825,0.00067512825
test,2281,tg,0.8113208,0.6315789,0.61403507,0.0,0.0,0.0,0.0
test,2282,egc,0.5,0.40625,0.3809524,0.0,0.0,0.0,0.0
test,2283,egc,1.0,0.7916667,0.64285713,1.0,0.00013502565,0.00013502565,0.00013502565
test,2284,tg,1.0,0.73333335,0.63829786,1.0,0.00013502565,0.00013502565,0.00013502565
test,2285,egc,0.4722222,0.43589744,0.3783784,0.0,0.0,0.0,0.0
test,2286,tg,1.0,0.8235294,0.7297297,1.0,0.0002700513,0.0002700513,0.0002700513
test,2287,egc,0.8965517,0.7741935,0.7741935,0.0,0.0,0.0,0.00013502565
test,2288,egc,0.37662336,0.36708862,0.35365853,0.0,0.0,0.0,0.0
test,2289,egc,0.45454547,0.3846154,0.33333334,0.0,0.0,0.0,0.0
test,2290,tg,0.4074074,0.37931034,0.36666667,0.0,0.0,0.0,0.0
test,2291,tg,1.0,0.78846157,0.6792453,1.0,0.0002700513,0.0002700513,0.0002700513
test,2292,egc,0.5,0.46666667,0.4642857,0.0,0.0,0.0,0.0
test,2293,nc,1.0,1.0,0.6785714,1.0,0.00040507698,0.00040507698,0.00040507698
test,2294,tg,1.0,0.8235294,0.7297297,1.0,0.0002700513,0.0002700513,0.0002700513
test,2295,egc,0.47368422,0.35897437,0.325,0.0,0.0,0.0,0.0
test,2296,eps,1.0,1.0,0.7096774,1.0,0.00040507698,0.00040507698,0.00040507698
test,2297,tg,0.8484849,0.8484849,0.8484849,0.0,0.0,0.0,0.0
test,2298,tg,0.75,0.6315789,0.55,0.0,0.0,0.0,0.0
test,2299,tg,0.8372093,0.42372882,0.4,0.0,0.0,0.0,0.0
test,2300,egc,0.4516129,0.4516129,0.4516129,0.0,0.0,0.0,0.0
test,2301,egc,1.0,0.8666667,0.72727275,1.0,0.00013502565,0.00013502565,0.00040507698
test,2302,tg,0.8636364,0.82608694,0.7619048,0.0,0.0,0.0,0.00013502565
test,2303,tg,1.0,0.53846157,0.49056605,1.0,0.0002700513,0.0002700513,0.0002700513
test,2304,egb,0.44,0.4,0.39285713,0.0,0.0,0.0,0.0
test,2305,tg,0.7058824,0.5833333,0.51428574,0.0,0.0,0.0,0.0
test,2306,tg,0.6730769,0.5769231,0.54385966,0.0,0.0,0.0,0.0
test,2307,tg,0.9705882,0.7714286,0.6486486,0.0,0.00013502565,0.0002700513,0.0002700513
test,2308,tg,0.7692308,0.6296296,0.50877196,0.0,0.0,0.0,0.0
test,2309,egc,0.55,0.55,0.46153846,0.0,0.0,0.0,0.0
test,2310,tg,0.9189189,0.7906977,0.7906977,0.0,0.0,0.00013502565,0.00013502565
test,2311,tg,1.0,0.8333333,0.8,1.0,0.0002700513,0.0002700513,0.0002700513
test,2312,tg,1.0,0.969697,0.61538464,1.0,0.00040507698,0.00040507698,0.0005401026
test,2313,egc,1.0,0.5833333,0.5416667,1.0,0.0002700513,0.0002700513,0.0002700513
test,2314,egc,1.0,0.8235294,0.7297297,1.0,0.0002700513,0.0002700513,0.0002700513
test,2315,tg,0.92727274,0.85,0.796875,0.0,0.0,0.00013502565,0.0002700513
test,2316,egc,1.0,1.0,0.42105263,1.0,0.00040507698,0.00040507698,0.00040507698
test,2317,eps,1.0,1.0,0.57575756,1.0,0.00040507698,0.00040507698,0.00040507698
test,2318,tg,0.7948718,0.75757575,0.70731705,0.0,0.0,0.0,0.0
test,2319,egc,1.0,0.94736844,0.94736844,1.0,0.00013502565,0.0013502565,0.0013502565
test,2320,tg,0.5609756,0.51111114,0.5,0.0,0.0,0.0,0.0
test,2321,egc,0.30769232,0.30769232,0.29166666,0.0,0.0,0.0,0.0
test,2322,tg,0.9791667,0.6440678,0.5942029,0.0,0.00013502565,0.00013502565,0.00013502565
test,2323,tg,1.0,0.73333335,0.7291667,1.0,0.00013502565,0.00013502565,0.00013502565
test,2324,nc,1.0,0.6451613,0.6451613,1.0,0.0002700513,0.0002700513,0.0002700513
test,2325,tg,1.0,0.97727275,0.97727275,1.0,0.0009451796,0.0009451796,0.0014852822
test,2326,egb,1.0,0.625,0.625,1.0,0.00013502565,0.00013502565,0.00013502565
test,2327,tg,0.7777778,0.6052632,0.54761904,0.0,0.0,0.0,0.0
test,2328,egb,1.0,1.0,0.53125,1.0,0.0005401026,0.0005401026,0.0005401026
test,2329,tg,1.0,0.8974359,0.70731705,1.0,0.00013502565,0.00013502565,0.00040507698
test,2330,tg,1.0,0.8703704,0.8703704,1.0,0.0002700513,0.0002700513,0.00081015396
test,2331,egc,0.95238096,0.4,0.35714287,0.0,0.00013502565,0.00013502565,0.00013502565
test,2332,tg,0.95555556,0.9375,0.84444445,0.0,0.0002700513,0.0005401026,0.0005401026
test,2333,tg,1.0,0.6,0.6,1.0,0.00013502565,0.00013502565,0.00013502565
test,2334,tg,0.72,0.58181816,0.4489796,0.0,0.0,0.0,0.0
test,2335,egc,0.64705884,0.24242425,0.23076923,0.0,0.0,0.0,0.0
test,2336,tg,0.82051283,0.30952382,0.3,0.0,0.0,0.0,0.0
test,2337,tg,0.65822786,0.6056338,0.52747256,0.0,0.0,0.0,0.0
test,2338,tg,0.68421054,0.50980395,0.47368422,0.0,0.0,0.0,0.0
test,2339,tg,1.0,1.0,1.0,1.0,0.0013502565,0.0017553335,0.002700513
test,2340,tg,0.9807692,0.875,0.85714287,0.0,0.00013502565,0.00013502565,0.00067512825
test,2341,tg,0.5531915,0.54347825,0.5319149,0.0,0.0,0.0,0.0
test,2342,eea,1.0,1.0,0.6,1.0,0.00040507698,0.00040507698,0.00040507698
test,2343,egc,0.6315789,0.55,0.47826087,0.0,0.0,0.0,0.0
test,2344,tg,0.64,0.64,0.61538464,0.0,0.0,0.0,0.0
test,2345,egc,1.0,0.6875,0.59375,1.0,0.00013502565,0.00013502565,0.0002700513
test,2346,tg,1.0,0.6,0.5769231,1.0,0.00013502565,0.00013502565,0.00013502565
test,2347,tg,0.6666667,0.35714287,0.2857143,0.0,0.0,0.0,0.0
test,2348,nc,1.0,1.0,0.7692308,1.0,0.0005401026,0.0005401026,0.0005401026
test,2349,tg,0.8703704,0.85714287,0.75,0.0,0.0,0.0,0.00040507698
test,2350,tg,0.969697,0.5952381,0.5675676,0.0,0.00013502565,0.00013502565,0.00013502565
test,2351,egc,1.0,1.0,1.0,1.0,0.0013502565,0.0017553335,0.002700513
test,2352,egc,1.0,0.70212764,0.6938776,1.0,0.00013502565,0.00013502565,0.00013502565
test,2353,eea,1.0,1.0,1.0,1.0,0.00067512825,0.00067512825,0.00067512825
test,2354,tg,0.7241379,0.67741936,0.67741936,0.0,0.0,0.0,0.0
test,2355,tg,0.7916667,0.6666667,0.537037,0.0,0.0,0.0,0.0
test,2356,egc,0.6862745,0.5925926,0.54545456,0.0,0.0,0.0,0.0
test,2357,tg,0.6060606,0.5714286,0.5405405,0.0,0.0,0.0,0.0
test,2358,egc,0.42857143,0.3888889,0.36363637,0.0,0.0,0.0,0.0
test,2359,egc,0.82857144,0.7777778,0.65625,0.0,0.0,0.0,0.0
test,2360,eps,1.0,1.0,0.68,1.0,0.0005401026,0.0005401026,0.0005401026
test,2361,egb,0.8235294,0.8,0.7368421,0.0,0.0,0.0,0.0
test,2362,tg,0.6,0.5633803,0.5322581,0.0,0.0,0.0,0.0
test,2363,egc,0.41304347,0.34615386,0.27906978,0.0,0.0,0.0,0.0
test,2364,tg,0.7058824,0.7058824,0.64705884,0.0,0.0,0.0,0.0
test,2365,tg,1.0,0.59375,0.5692308,1.0,0.00013502565,0.00013502565,0.00013502565
test,2366,tg,0.89830506,0.5,0.45588234,0.0,0.0,0.0,0.00013502565
test,2367,tg,0.8113208,0.6363636,0.5714286,0.0,0.0,0.0,0.0
test,2368,tg,0.45945945,0.425,0.3617021,0.0,0.0,0.0,0.0
test,2369,egc,0.52272725,0.52272725,0.4888889,0.0,0.0,0.0,0.0
test,2370,tg,0.9130435,0.8604651,0.8,0.0,0.0,0.00013502565,0.00040507698
test,2371,tg,1.0,0.8235294,0.8235294,1.0,0.00013502565,0.00013502565,0.00013502565
test,2372,tg,0.6666667,0.5531915,0.5,0.0,0.0,0.0,0.0
test,2373,nc,1.0,1.0,0.5925926,1.0,0.0005401026,0.0005401026,0.0005401026
test,2374,tg,1.0,0.82608694,0.5652174,1.0,0.00013502565,0.00013502565,0.00013502565
test,2375,egc,0.71794873,0.62857145,0.62857145,0.0,0.0,0.0,0.0
test,2376,tg,0.6944444,0.4848485,0.36842105,0.0,0.0,0.0,0.0
test,2377,tg,0.8484849,0.8333333,0.7948718,0.0,0.0,0.0,0.0
test,2378,egc,0.85714287,0.7027027,0.46938777,0.0,0.0,0.0,0.00013502565
test,2379,egc,1.0,0.9677419,0.8064516,1.0,0.00040507698,0.00040507698,0.00040507698
test,2380,tg,1.0,1.0,0.96428573,1.0,0.00067512825,0.00067512825,0.0014852822
test,2381,tg,1.0,0.61904764,0.5824176,1.0,0.00013502565,0.00013502565,0.00013502565
test,2382,tg,0.80851066,0.71428573,0.68,0.0,0.0,0.0,0.0
test,2383,tg,1.0,0.9245283,0.875,1.0,0.00013502565,0.0005401026,0.00081015396
test,2384,egc,1.0,1.0,0.8888889,1.0,0.00040507698,0.00040507698,0.00067512825
test,2385,tg,1.0,0.90384614,0.5084746,1.0,0.0002700513,0.00040507698,0.00040507698
test,2386,egc,1.0,1.0,1.0,1.0,0.0076964623,0.007966514,0.00810154
test,2387,tg,0.6041667,0.54545456,0.51111114,0.0,0.0,0.0,0.0
test,2388,tg,0.84126985,0.828125,0.8153846,0.0,0.0,0.0,0.0
test,2389,tg,1.0,0.71428573,0.7058824,1.0,0.0002700513,0.0002700513,0.0002700513
test,2390,nc,1.0,0.67741936,0.67741936,1.0,0.0002700513,0.0002700513,0.0002700513
test,2391,tg,0.71428573,0.6976744,0.54347825,0.0,0.0,0.0,0.0
test,2392,tg,1.0,0.96428573,0.96428573,1.0,0.00067512825,0.0013502565,0.0014852822
test,2393,tg,0.8545455,0.47692308,0.45901638,0.0,0.0,0.0,0.00013502565
test,2394,tg,1.0,0.8181818,0.73846155,1.0,0.00013502565,0.0002700513,0.0002700513
test,2395,ei,1.0,1.0,0.57575756,1.0,0.0005401026,0.0005401026,0.0005401026
test,2396,egc,1.0,1.0,0.6,1.0,0.00040507698,0.00040507698,0.00040507698
test,2397,tg,1.0,0.8360656,0.6229508,1.0,0.00013502565,0.0002700513,0.0002700513
test,2398,tg,0.6363636,0.6034483,0.58208954,0.0,0.0,0.0,0.0
test,2399,egc,1.0,0.7692308,0.74358976,1.0,0.0002700513,0.0002700513,0.0002700513
test,2400,tg,0.71428573,0.60465115,0.55813956,0.0,0.0,0.0,0.0
test,2401,tg,0.8852459,0.5967742,0.59375,0.0,0.0,0.0,0.0002700513
test,2402,tg,0.6956522,0.5531915,0.48979592,0.0,0.0,0.0,0.0
test,2403,egc,0.85,0.5185185,0.5,0.0,0.0,0.0,0.0
test,2404,nc,1.0,0.6111111,0.6111111,1.0,0.0002700513,0.0002700513,0.0002700513
test,2405,ei,1.0,0.55172414,0.55172414,1.0,0.0002700513,0.0002700513,0.0002700513
test,2406,egc,1.0,0.9375,0.88235295,1.0,0.0002700513,0.00040507698,0.0013502565
test,2407,tg,0.44117647,0.43589744,0.42553192,0.0,0.0,0.0,0.0
test,2408,tg,0.90909094,0.8181818,0.75438595,0.0,0.0,0.00013502565,0.00013502565
test,2409,tg,0.7755102,0.71428573,0.66,0.0,0.0,0.0,0.0
test,2410,egc,1.0,0.58536583,0.5614035,1.0,0.00013502565,0.00013502565,0.00013502565
test,2411,egc,0.84375,0.8181818,0.7586207,0.0,0.0,0.0,0.0
test,2412,tg,0.75510204,0.6603774,0.62,0.0,0.0,0.0,0.0
test,2413,tg,1.0,0.88235295,0.75757575,1.0,0.0002700513,0.0002700513,0.00040507698
test,2414,eps,1.0,1.0,0.60714287,1.0,0.0005401026,0.0005401026,0.0005401026
test,2415,tg,0.54545456,0.54545456,0.525,0.0,0.0,0.0,0.0
test,2416,tg,1.0,0.9591837,0.9,1.0,0.0005401026,0.0005401026,0.002295436
test,2417,tg,1.0,1.0,1.0,1.0,0.00081015396,0.00081015396,0.00081015396
test,2418,egc,1.0,0.65384614,0.64444447,1.0,0.00013502565,0.00013502565,0.00013502565
test,2419,eps,1.0,1.0,0.516129,1.0,0.00040507698,0.00040507698,0.00040507698
test,2420,nc,1.0,0.61904764,0.61904764,1.0,0.0002700513,0.0002700513,0.0002700513
test,2421,tg,1.0,1.0,0.61764705,1.0,0.00040507698,0.00040507698,0.00040507698
test,2422,tg,0.82608694,0.7307692,0.7173913,0.0,0.0,0.0,0.0
test,2423,eea,1.0,1.0,0.6571429,1.0,0.00040507698,0.00040507698,0.00040507698
test,2424,tg,0.77272725,0.6666667,0.64444447,0.0,0.0,0.0,0.0
test,2425,egc,0.34210527,0.29411766,0.2820513,0.0,0.0,0.0,0.0
test,2426,tg,0.625,0.5185185,0.41379312,0.0,0.0,0.0,0.0
test,2427,tg,1.0,0.9148936,0.8666667,1.0,0.0002700513,0.00040507698,0.0010802052
test,2428,tg,1.0,0.5263158,0.5,1.0,0.00013502565,0.00013502565,0.00013502565
test,2429,egb,0.6944444,0.45652175,0.43589744,0.0,0.0,0.0,0.0
test,2430,egb,1.0,0.85714287,0.8148148,1.0,0.00013502565,0.00013502565,0.00040507698
test,2431,egc,1.0,0.6,0.5813953,1.0,0.00013502565,0.00013502565,0.00013502565
test,2432,tg,1.0,0.9166667,0.704918,1.0,0.00013502565,0.00040507698,0.00040507698
test,2433,tg,0.94871795,0.8780488,0.8333333,0.0,0.0,0.0002700513,0.0005401026
test,2434,egb,1.0,0.8235294,0.6857143,1.0,0.0002700513,0.0002700513,0.0002700513
test,2435,tg,1.0,1.0,1.0,1.0,0.0076964623,0.007966514,0.00810154
test,2436,tg,0.84615386,0.8269231,0.7586207,0.0,0.0,0.0,0.0
test,2437,tg,1.0,0.95454544,0.6956522,1.0,0.00040507698,0.0005401026,0.0005401026
test,2438,egc,1.0,0.78125,0.78125,1.0,0.00013502565,0.00013502565,0.00013502565
test,2439,ei,1.0,1.0,0.96428573,1.0,0.00067512825,0.00067512825,0.0014852822
test,2440,tg,1.0,0.3773585,0.30769232,1.0,0.00013502565,0.00013502565,0.00013502565
test,2441,egc,1.0,0.7878788,0.7878788,1.0,0.0002700513,0.0002700513,0.0002700513
test,2442,egc,0.95238096,0.95,0.68,0.0,0.0002700513,0.00040507698,0.00040507698
test,2443,egc,0.44117647,0.43589744,0.42553192,0.0,0.0,0.0,0.0
test,2444,tg,0.65217394,0.5416667,0.5217391,0.0,0.0,0.0,0.0
test,2445,ei,1.0,1.0,0.64705884,1.0,0.0005401026,0.0005401026,0.0005401026
test,2446,egc,0.46875,0.4642857,0.44827586,0.0,0.0,0.0,0.0
test,2447,tg,1.0,0.877551,0.877551,1.0,0.00013502565,0.00013502565,0.00081015396
test,2448,ei,1.0,1.0,0.5,1.0,0.0005401026,0.0005401026,0.0005401026
test,2449,egb,1.0,1.0,0.37142858,1.0,0.0005401026,0.0005401026,0.0005401026
test,2450,tg,0.52,0.38709676,0.30357143,0.0,0.0,0.0,0.0
test,2451,eea,1.0,1.0,1.0,1.0,0.00067512825,0.00067512825,0.00067512825
test,2452,egc,1.0,0.46153846,0.45614034,1.0,0.00013502565,0.00013502565,0.00013502565
test,2453,tg,0.8695652,0.80851066,0.60714287,0.0,0.0,0.0,0.0002700513
test,2454,tg,1.0,0.972973,0.972973,1.0,0.00081015396,0.0010802052,0.0010802052
test,2455,tg,0.7837838,0.70731705,0.6585366,0.0,0.0,0.0,0.0
test,2456,egc,1.0,1.0,0.5652174,1.0,0.0005401026,0.0005401026,0.0005401026
test,2457,tg,0.95348835,0.85106385,0.82,0.0,0.00013502565,0.00013502565,0.00040507698
test,2458,egc,0.61904764,0.4642857,0.44444445,0.0,0.0,0.0,0.0
test,2459,egc,0.5,0.4642857,0.40625,0.0,0.0,0.0,0.0
test,2460,egc,1.0,0.82608694,0.62068963,1.0,0.0002700513,0.0002700513,0.0002700513
test,2461,tg,0.71875,0.61290324,0.46666667,0.0,0.0,0.0,0.0
test,2462,tg,0.9818182,0.8333333,0.82758623,0.0,0.00013502565,0.0002700513,0.0002700513
test,2463,egc,0.8333333,0.8333333,0.7878788,0.0,0.0,0.0,0.0
test,2464,tg,1.0,1.0,0.56666666,1.0,0.0005401026,0.0005401026,0.0005401026
test,2465,tg,0.6666667,0.6440678,0.64285713,0.0,0.0,0.0,0.0
test,2466,tg,0.9166667,0.8055556,0.8055556,0.0,0.0,0.00013502565,0.00013502565
test,2467,tg,1.0,0.8611111,0.84210527,1.0,0.00013502565,0.0002700513,0.00040507698
test,2468,tg,0.93650794,0.8194444,0.7878788,0.0,0.0,0.00013502565,0.0002700513
test,2469,tg,0.8596491,0.72131145,0.6825397,0.0,0.0,0.0,0.00013502565
test,2470,ei,1.0,0.64705884,0.64705884,1.0,0.0002700513,0.0002700513,0.0002700513
test,2471,tg,0.78723407,0.6938776,0.6304348,0.0,0.0,0.0,0.0
test,2472,egb,1.0,0.45454547,0.45454547,1.0,0.0002700513,0.0002700513,0.0002700513
test,2473,tg,0.76363635,0.76363635,0.76363635,0.0,0.0,0.0,0.0
test,2474,tg,0.85,0.75510204,0.7234042,0.0,0.0,0.0,0.0
test,2475,ei,1.0,1.0,0.57575756,1.0,0.0005401026,0.0005401026,0.0005401026
test,2476,tg,0.9444444,0.6551724,0.63793105,0.0,0.0,0.00013502565,0.00013502565
test,2477,tg,0.68292683,0.6363636,0.5714286,0.0,0.0,0.0,0.0
test,2478,tg,0.6764706,0.53846157,0.48,0.0,0.0,0.0,0.0
test,2479,egb,1.0,0.5777778,0.5652174,1.0,0.00013502565,0.0002700513,0.0002700513
test,2480,tg,0.84615386,0.6097561,0.6,0.0,0.0,0.0,0.0
test,2481,tg,1.0,0.7037037,0.6923077,1.0,0.00013502565,0.00013502565,0.00013502565
test,2482,eea,1.0,0.56,0.53333336,1.0,0.0002700513,0.0002700513,0.0002700513
test,2483,ei,1.0,1.0,0.59375,1.0,0.00040507698,0.00040507698,0.00040507698
test,2484,tg,0.78571427,0.75757575,0.6363636,0.0,0.0,0.0,0.0
test,2485,tg,0.8367347,0.75,0.7291667,0.0,0.0,0.0,0.0
test,2486,egc,0.9655172,0.7058824,0.64705884,0.0,0.00013502565,0.00013502565,0.00013502565
test,2487,egc,0.7777778,0.7222222,0.61538464,0.0,0.0,0.0,0.0
test,2488,tg,0.96428573,0.6764706,0.64705884,0.0,0.00013502565,0.00013502565,0.00013502565
test,2489,tg,0.7647059,0.7234042,0.63829786,0.0,0.0,0.0,0.0
test,2490,egc,0.41379312,0.375,0.36666667,0.0,0.0,0.0,0.0
test,2491,tg,1.0,0.7894737,0.6315789,1.0,0.00013502565,0.00013502565,0.0002700513
test,2492,tg,1.0,0.425,0.42,1.0,0.00013502565,0.00013502565,0.00013502565
test,2493,tg,0.7714286,0.7714286,0.75,0.0,0.0,0.0,0.0
test,2494,ei,1.0,1.0,0.64705884,1.0,0.0005401026,0.0005401026,0.0005401026
test,2495,eps,1.0,1.0,0.55172414,1.0,0.00040507698,0.00040507698,0.00040507698
test,2496,tg,0.7592593,0.39583334,0.33333334,0.0,0.0,0.0,0.0
test,2497,tg,0.7419355,0.7419355,0.6666667,0.0,0.0,0.0,0.0
test,2498,eea,1.0,1.0,0.4375,1.0,0.00040507698,0.00040507698,0.00040507698
test,2499,egc,1.0,1.0,1.0,1.0,0.0033756413,0.004320821,0.005130975
test,2500,nc,1.0,1.0,0.61290324,1.0,0.00040507698,0.00040507698,0.00040507698
test,2501,tg,0.8,0.6666667,0.61538464,0.0,0.0,0.0,0.0
test,2502,tg,0.75,0.65957445,0.63265306,0.0,0.0,0.0,0.0
test,2503,tg,0.85,0.85,0.71428573,0.0,0.0,0.0,0.0
test,2504,tg,0.7924528,0.7719298,0.754717,0.0,0.0,0.0,0.0
test,2505,egb,1.0,1.0,0.5714286,1.0,0.00040507698,0.00040507698,0.00040507698
test,2506,eps,1.0,0.61538464,0.61538464,1.0,0.0002700513,0.0002700513,0.0002700513
test,2507,tg,1.0,0.82051283,0.75609756,1.0,0.00013502565,0.00013502565,0.00013502565
test,2508,tg,0.925,0.8604651,0.8181818,0.0,0.0,0.00013502565,0.00040507698
test,2509,tg,0.8333333,0.6329114,0.609375,0.0,0.0,0.0,0.0
test,2510,egc,1.0,1.0,1.0,1.0,0.0013502565,0.0014852822,0.0014852822
test,2511,tg,0.9375,0.7735849,0.7291667,0.0,0.0,0.00013502565,0.00013502565
test,2512,tg,1.0,0.7346939,0.7058824,1.0,0.00013502565,0.00013502565,0.0002700513
test,2513,tg,1.0,0.28301886,0.26530612,1.0,0.00013502565,0.00013502565,0.00013502565
test,2514,tg,0.7692308,0.5614035,0.54385966,0.0,0.0,0.0,0.0
test,2515,tg,0.76363635,0.7090909,0.7,0.0,0.0,0.0,0.0
test,2516,egc,0.8064516,0.78571427,0.78571427,0.0,0.0,0.0,0.0
test,2517,egc,0.7446808,0.73913044,0.70454544,0.0,0.0,0.0,0.0
test,2518,tg,0.7446808,0.6730769,0.6603774,0.0,0.0,0.0,0.0
test,2519,egc,0.55,0.4347826,0.4090909,0.0,0.0,0.0,0.0
test,2520,tg,0.5862069,0.46666667,0.44117647,0.0,0.0,0.0,0.0
test,2521,tg,0.5777778,0.5106383,0.5,0.0,0.0,0.0,0.0
test,2522,egb,1.0,0.62068963,0.62068963,1.0,0.00013502565,0.00013502565,0.00013502565
test,2523,egc,0.36,0.2857143,0.2857143,0.0,0.0,0.0,0.0
test,2524,egc,1.0,0.7209302,0.6923077,1.0,0.00013502565,0.00013502565,0.00013502565
test,2525,tg,0.78431374,0.76363635,0.71929824,0.0,0.0,0.0,0.0
test,2526,egc,0.75,0.6956522,0.575,0.0,0.0,0.0,0.0
test,2527,egc,0.6,0.46153846,0.42105263,0.0,0.0,0.0,0.0
test,2528,tg,0.880597,0.8730159,0.85714287,0.0,0.0,0.0,0.00067512825
test,2529,tg,0.45454547,0.32352942,0.275,0.0,0.0,0.0,0.0
test,2530,tg,1.0,0.86,0.74545455,1.0,0.00013502565,0.00013502565,0.00040507698
test,2531,tg,1.0,0.6956522,0.6,1.0,0.00013502565,0.00013502565,0.00013502565
test,2532,tg,0.71428573,0.4848485,0.43243244,0.0,0.0,0.0,0.0
test,2533,egc,0.59375,0.59375,0.5483871,0.0,0.0,0.0,0.0
test,2534,ei,1.0,1.0,1.0,1.0,0.00067512825,0.00067512825,0.00067512825
test,2535,egc,1.0,1.0,1.0,1.0,0.0076964623,0.007966514,0.00810154
test,2536,eps,1.0,0.45454547,0.45454547,1.0,0.0002700513,0.0002700513,0.0002700513
test,2537,egc,0.61538464,0.5,0.4814815,0.0,0.0,0.0,0.0
test,2538,egc,0.9375,0.9375,0.61764705,0.0,0.0,0.00040507698,0.00040507698
test,2539,tg,0.7407407,0.71666664,0.5,0.0,0.0,0.0,0.0
test,2540,egb,1.0,0.7169811,0.6530612,1.0,0.0002700513,0.0002700513,0.0002700513
test,2541,tg,1.0,1.0,0.35714287,1.0,0.0005401026,0.0005401026,0.0005401026
test,2542,tg,1.0,0.6785714,0.61538464,1.0,0.00013502565,0.00013502565,0.00013502565
test,2543,egb,1.0,0.54545456,0.41379312,1.0,0.00013502565,0.00013502565,0.00013502565
test,2544,tg,0.59090906,0.53846157,0.52,0.0,0.0,0.0,0.0
test,2545,nc,1.0,1.0,1.0,1.0,0.00067512825,0.00067512825,0.00067512825
test,2546,tg,0.8679245,0.8518519,0.8518519,0.0,0.0,0.0,0.00067512825
test,2547,tg,1.0,1.0,1.0,1.0,0.00067512825,0.00067512825,0.00067512825
test,2548,tg,0.46875,0.4642857,0.44827586,0.0,0.0,0.0,0.0
test,2549,tg,0.73913044,0.55263156,0.5,0.0,0.0,0.0,0.0
test,2550,tg,0.65,0.5416667,0.4893617,0.0,0.0,0.0,0.0
test,2551,tg,0.8214286,0.79310346,0.5882353,0.0,0.0,0.0,0.0
test,2552,eea,1.0,1.0,1.0,1.0,0.00067512825,0.00067512825,0.00067512825
test,2553,tg,0.84090906,0.7254902,0.6,0.0,0.0,0.0,0.0
test,2554,egb,1.0,0.68,0.68,1.0,0.0002700513,0.0002700513,0.0002700513
test,2555,tg,1.0,0.7105263,0.65,1.0,0.00013502565,0.00013502565,0.00013502565
test,2556,tg,0.6756757,0.47727272,0.35416666,0.0,0.0,0.0,0.0
test,2557,egc,0.45454547,0.29310346,0.29090908,0.0,0.0,0.0,0.0
test,2558,tg,0.61904764,0.5,0.45454547,0.0,0.0,0.0,0.0
test,2559,egc,1.0,0.6451613,0.5625,1.0,0.00013502565,0.00013502565,0.00013502565
test,2560,tg,0.6923077,0.53571427,0.46551725,0.0,0.0,0.0,0.0
test,2561,egc,1.0,1.0,0.6451613,1.0,0.00040507698,0.00040507698,0.00040507698
test,2562,tg,0.6964286,0.54545456,0.47692308,0.0,0.0,0.0,0.0
test,2563,tg,1.0,0.8695652,0.73913044,1.0,0.0002700513,0.0002700513,0.0005401026
test,2564,tg,0.8,0.7592593,0.754717,0.0,0.0,0.0,0.0
test,2565,egc,1.0,0.7692308,0.7692308,1.0,0.00013502565,0.00013502565,0.00013502565
test,2566,egc,0.7380952,0.63414633,0.5531915,0.0,0.0,0.0,0.0
test,2567,tg,0.8113208,0.78688526,0.75,0.0,0.0,0.0,0.0
test,2568,tg,1.0,0.37142858,0.34285715,1.0,0.00013502565,0.00013502565,0.00013502565
test,2569,tg,0.90909094,0.86206895,0.86206895,0.0,0.0,0.00013502565,0.00081015396
test,2570,egc,1.0,0.8,0.78125,1.0,0.00013502565,0.00013502565,0.0002700513
test,2571,tg,0.9736842,0.9736842,0.9736842,0.0,0.0009451796,0.0009451796,0.0009451796
test,2572,tg,0.61904764,0.5833333,0.5833333,0.0,0.0,0.0,0.0
test,2573,tg,1.0,0.9318182,0.8,1.0,0.0002700513,0.0005401026,0.0005401026
test,2574,eea,1.0,1.0,0.7096774,1.0,0.00040507698,0.00040507698,0.00040507698
test,2575,egc,0.6666667,0.61290324,0.47058824,0.0,0.0,0.0,0.0
test,2576,egc,1.0,0.7777778,0.6097561,1.0,0.00013502565,0.0002700513,0.0002700513
test,2577,eps,1.0,1.0,0.8888889,1.0,0.00040507698,0.00040507698,0.00081015396
test,2578,tg,0.6923077,0.5510204,0.4528302,0.0,0.0,0.0,0.0
test,2579,egc,1.0,0.7096774,0.7096774,1.0,0.00013502565,0.00013502565,0.00013502565
test,2580,egc,1.0,0.9444444,0.6818182,1.0,0.00013502565,0.00040507698,0.0005401026
test,2581,eea,1.0,0.45454547,0.45454547,1.0,0.0002700513,0.0002700513,0.0002700513
test,2582,tg,1.0,0.5121951,0.43243244,1.0,0.00013502565,0.00013502565,0.00013502565
test,2583,egc,0.5,0.3859649,0.33333334,0.0,0.0,0.0,0.0
test,2584,egc,1.0,1.0,0.6363636,1.0,0.00040507698,0.00040507698,0.00040507698
test,2585,tg,1.0,1.0,0.5714286,1.0,0.00040507698,0.00040507698,0.00040507698
test,2586,egc,1.0,1.0,0.516129,1.0,0.00040507698,0.00040507698,0.00040507698
test,2587,tg,1.0,0.7288136,0.55,1.0,0.00013502565,0.00013502565,0.0002700513
test,2588,tg,1.0,0.8214286,0.8214286,1.0,0.00013502565,0.00013502565,0.00013502565
test,2589,eps,1.0,1.0,0.65217394,1.0,0.0005401026,0.0005401026,0.0005401026
test,2590,tg,0.63414633,0.6136364,0.6136364,0.0,0.0,0.0,0.0
test,2591,eea,1.0,0.4857143,0.4857143,1.0,0.0002700513,0.0002700513,0.0002700513
test,2592,tg,0.84615386,0.47457626,0.39344263,0.0,0.0,0.0,0.0
test,2593,tg,0.97727275,0.9347826,0.84782606,0.0,0.0002700513,0.0005401026,0.0005401026
test,2594,tg,0.85,0.61702126,0.5744681,0.0,0.0,0.0,0.0
test,2595,tg,1.0,1.0,1.0,1.0,0.0010802052,0.0010802052,0.0010802052
test,2596,tg,1.0,0.9444444,0.9285714,1.0,0.0002700513,0.0014852822,0.0021604104
test,2597,egc,1.0,0.33333334,0.30952382,1.0,0.00013502565,0.00013502565,0.00013502565
test,2598,ei,1.0,1.0,0.5483871,1.0,0.00040507698,0.00040507698,0.00040507698
test,2599,tg,0.8181818,0.4117647,0.40816328,0.0,0.0,0.0,0.0
test,2600,egc,0.32,0.32,0.3125,0.0,0.0,0.0,0.0
test,2601,tg,0.9782609,0.9782609,0.75510204,0.0,0.00040507698,0.0005401026,0.0005401026
test,2602,egc,0.7027027,0.7,0.61538464,0.0,0.0,0.0,0.0
test,2603,tg,1.0,0.93939394,0.93939394,1.0,0.00013502565,0.00081015396,0.00081015396
test,2604,tg,0.65957445,0.54901963,0.5263158,0.0,0.0,0.0,0.0
test,2605,tg,0.7735849,0.5,0.47457626,0.0,0.0,0.0,0.0
test,2606,egc,0.56666666,0.43333334,0.41935483,0.0,0.0,0.0,0.0
test,2607,tg,0.85106385,0.8367347,0.8333333,0.0,0.0,0.0,0.0002700513
test,2608,tg,0.8292683,0.73913044,0.7234042,0.0,0.0,0.0,0.0
test,2609,tg,0.9736842,0.9736842,0.9736842,0.0,0.00081015396,0.00081015396,0.00081015396
test,2610,egc,1.0,0.7241379,0.7241379,1.0,0.00013502565,0.00013502565,0.00013502565
test,2611,tg,1.0,0.9411765,0.7647059,1.0,0.0002700513,0.00040507698,0.0005401026
test,2612,egc,0.6981132,0.37037036,0.3508772,0.0,0.0,0.0,0.0
test,2613,egc,0.7837838,0.7837838,0.7837838,0.0,0.0,0.0,0.0
test,2614,egc,0.5185185,0.46666667,0.38709676,0.0,0.0,0.0,0.0
test,2615,tg,1.0,1.0,0.7906977,1.0,0.0005401026,0.0005401026,0.0005401026
test,2616,tg,0.8235294,0.4680851,0.43137255,0.0,0.0,0.0,0.0
test,2617,tg,0.75,0.703125,0.6779661,0.0,0.0,0.0,0.0
test,2618,tg,0.9506173,0.7111111,0.43373495,0.0,0.00013502565,0.00013502565,0.00013502565
test,2619,egc,1.0,0.71794873,0.6571429,1.0,0.00013502565,0.00013502565,0.00013502565
test,2620,egb,1.0,1.0,0.5652174,1.0,0.0005401026,0.0005401026,0.0005401026
test,2621,egc,0.3809524,0.37931034,0.36666667,0.0,0.0,0.0,0.0
test,2622,egc,1.0,0.63492066,0.6101695,1.0,0.00013502565,0.00013502565,0.00013502565
test,2623,egc,0.45945945,0.3611111,0.3488372,0.0,0.0,0.0,0.0
test,2624,egc,1.0,1.0,1.0,1.0,0.00067512825,0.00067512825,0.00067512825
test,2625,tg,0.7708333,0.7,0.6923077,0.0,0.0,0.0,0.0
test,2626,tg,0.89285713,0.8103448,0.78333336,0.0,0.0,0.0,0.00013502565
test,2627,tg,0.6,0.5555556,0.55263156,0.0,0.0,0.0,0.0
test,2628,tg,0.9056604,0.8181818,0.8035714,0.0,0.0,0.00013502565,0.0002700513
test,2629,tg,0.7058824,0.6666667,0.5555556,0.0,0.0,0.0,0.0
test,2630,tg,1.0,0.5945946,0.47368422,1.0,0.00013502565,0.00013502565,0.00013502565
test,2631,tg,0.6909091,0.5849057,0.5084746,0.0,0.0,0.0,0.0
test,2632,egc,0.6315789,0.5675676,0.55263156,0.0,0.0,0.0,0.0
test,2633,tg,0.6551724,0.6060606,0.56666666,0.0,0.0,0.0,0.0
test,2634,tg,1.0,0.5797101,0.5660377,1.0,0.00013502565,0.00013502565,0.00013502565
test,2635,tg,0.7567568,0.71428573,0.7027027,0.0,0.0,0.0,0.0
test,2636,tg,1.0,1.0,1.0,1.0,0.0033756413,0.004320821,0.005130975
test,2637,egc,0.53125,0.4848485,0.40625,0.0,0.0,0.0,0.0
test,2638,tg,0.85714287,0.6818182,0.6363636,0.0,0.0,0.0,0.00013502565
test,2639,tg,1.0,0.8333333,0.8,1.0,0.0002700513,0.0002700513,0.0002700513
test,2640,tg,0.89361703,0.7821782,0.71929824,0.0,0.0,0.0,0.00013502565
test,2641,egc,0.3478261,0.3181818,0.3043478,0.0,0.0,0.0,0.0
test,2642,egc,0.9354839,0.8666667,0.51428574,0.0,0.0,0.0002700513,0.00040507698
test,2643,tg,0.6037736,0.58181816,0.41428572,0.0,0.0,0.0,0.0
test,2644,tg,0.67346936,0.63461536,0.59016395,0.0,0.0,0.0,0.0
test,2645,tg,0.8787879,0.7878788,0.75757575,0.0,0.0,0.0,0.0002700513
test,2646,eea,1.0,1.0,0.5652174,1.0,0.0005401026,0.0005401026,0.0005401026
test,2647,egc,1.0,0.75,0.627907,1.0,0.00013502565,0.00013502565,0.00013502565
test,2648,egc,0.5,0.4651163,0.40816328,0.0,0.0,0.0,0.0
test,2649,egc,1.0,0.5555556,0.5555556,1.0,0.0002700513,0.0002700513,0.0002700513
test,2650,tg,0.80487806,0.7837838,0.725,0.0,0.0,0.0,0.0
test,2651,tg,0.86538464,0.76,0.754717,0.0,0.0,0.0,0.00013502565
test,2652,tg,0.9464286,0.84210527,0.8196721,0.0,0.0,0.0002700513,0.0002700513
test,2653,egb,1.0,1.0,0.6451613,1.0,0.0005401026,0.0005401026,0.0005401026
test,2654,tg,0.64102566,0.57894737,0.5625,0.0,0.0,0.0,0.0
test,2655,tg,1.0,0.8888889,0.8666667,1.0,0.00013502565,0.00013502565,0.0014852822
test,2656,tg,0.8627451,0.78723407,0.78723407,0.0,0.0,0.0,0.00013502565
test,2657,egc,0.84313726,0.71428573,0.6551724,0.0,0.0,0.0,0.0
test,2658,tg,0.8787879,0.72727275,0.6666667,0.0,0.0,0.0,0.00013502565
test,2659,tg,0.84313726,0.6896552,0.6666667,0.0,0.0,0.0,0.0
test,2660,nc,1.0,1.0,0.5925926,1.0,0.00040507698,0.00040507698,0.00040507698
test,2661,tg,0.8888889,0.8695652,0.8695652,0.0,0.0,0.0,0.0009451796
test,2662,tg,1.0,0.64285713,0.2857143,1.0,0.00013502565,0.00013502565,0.00013502565
test,2663,tg,0.96875,0.7058824,0.6486486,0.0,0.00013502565,0.00013502565,0.00013502565
test,2664,tg,0.7297297,0.65789473,0.6438356,0.0,0.0,0.0,0.0
test,2665,tg,0.9259259,0.89285713,0.7352941,0.0,0.0,0.0002700513,0.00040507698
test,2666,tg,0.5609756,0.46938777,0.46,0.0,0.0,0.0,0.0
test,2667,tg,0.26086956,0.22857143,0.21875,0.0,0.0,0.0,0.0
test,2668,tg,1.0,1.0,0.82758623,1.0,0.00040507698,0.00040507698,0.00040507698
test,2669,egc,1.0,1.0,1.0,1.0,0.0009451796,0.0009451796,0.004725898
test,2670,tg,0.6060606,0.56,0.5294118,0.0,0.0,0.0,0.0
test,2671,tg,0.828125,0.70149255,0.56666666,0.0,0.0,0.0,0.0
test,2672,tg,1.0,0.59322035,0.52238804,1.0,0.0002700513,0.0002700513,0.0002700513
test,2673,tg,0.7446808,0.62,0.59183675,0.0,0.0,0.0,0.0
test,2674,tg,0.87234044,0.8076923,0.7592593,0.0,0.0,0.0,0.0002700513
test,2675,egc,1.0,0.46875,0.3448276,1.0,0.00013502565,0.00013502565,0.00013502565
test,2676,tg,1.0,1.0,0.6,1.0,0.00040507698,0.00040507698,0.00040507698
test,2677,tg,1.0,0.62222224,0.54901963,1.0,0.00013502565,0.00013502565,0.00013502565
test,2678,tg,1.0,0.96428573,0.96428573,1.0,0.00067512825,0.0013502565,0.0014852822
test,2679,egc,0.95652175,0.9130435,0.8076923,0.0,0.0002700513,0.0005401026,0.0005401026
test,2680,tg,0.8043478,0.6792453,0.6086956,0.0,0.0,0.0,0.0
test,2681,egc,0.33333334,0.27272728,0.25,0.0,0.0,0.0,0.0
test,2682,egc,0.56,0.5319149,0.5319149,0.0,0.0,0.0,0.0
test,2683,nc,1.0,0.95454544,0.95454544,1.0,0.00081015396,0.0018903592,0.0018903592
test,2684,egc,0.42857143,0.32258064,0.2972973,0.0,0.0,0.0,0.0
test,2685,egc,1.0,1.0,1.0,1.0,0.0012152309,0.0012152309,0.0018903592
test,2686,tg,0.82051283,0.7619048,0.54,0.0,0.0,0.0,0.0
test,2687,tg,0.81578946,0.675,0.6585366,0.0,0.0,0.0,0.0
test,2688,tg,0.3265306,0.24324325,0.23809524,0.0,0.0,0.0,0.0
test,2689,tg,1.0,1.0,1.0,1.0,0.0009451796,0.0010802052,0.0010802052
test,2690,tg,0.78723407,0.78723407,0.67346936,0.0,0.0,0.0,0.0
test,2691,tg,1.0,0.7222222,0.68421054,1.0,0.00013502565,0.00013502565,0.00013502565
test,2692,tg,1.0,1.0,1.0,1.0,0.0076964623,0.007966514,0.00810154
test,2693,tg,1.0,1.0,0.84,1.0,0.0005401026,0.0005401026,0.0005401026
test,2694,tg,0.6666667,0.4857143,0.47368422,0.0,0.0,0.0,0.0
test,2695,eps,1.0,1.0,0.67741936,1.0,0.00040507698,0.00040507698,0.00040507698
test,2696,tg,0.49019608,0.3783784,0.31578946,0.0,0.0,0.0,0.0
test,2697,eps,0.375,0.375,0.375,0.0,0.0,0.0,0.0
test,2698,egc,1.0,0.5588235,0.5588235,1.0,0.0002700513,0.0002700513,0.0002700513
test,2699,eps,1.0,0.5416667,0.5416667,1.0,0.0002700513,0.0002700513,0.0002700513
test,2700,tg,0.8666667,0.8292683,0.81395346,0.0,0.0,0.0,0.0002700513
test,2701,tg,1.0,0.97619045,0.95454544,1.0,0.00067512825,0.00067512825,0.0012152309
test,2702,tg,0.6086956,0.5,0.44827586,0.0,0.0,0.0,0.0
test,2703,egc,1.0,0.4857143,0.4857143,1.0,0.0002700513,0.0002700513,0.0002700513
test,2704,tg,0.7380952,0.63414633,0.5531915,0.0,0.0,0.0,0.0
test,2705,egc,1.0,0.75,0.75,1.0,0.0002700513,0.0002700513,0.0002700513
test,2706,egc,0.7837838,0.6756757,0.6315789,0.0,0.0,0.0,0.0
test,2707,tg,0.53846157,0.4883721,0.4814815,0.0,0.0,0.0,0.0
test,2708,egc,0.8181818,0.68421054,0.6388889,0.0,0.0,0.0,0.0
test,2709,tg,0.94871795,0.7692308,0.75,0.0,0.0,0.00013502565,0.00013502565
test,2710,ei,1.0,1.0,0.4375,1.0,0.00040507698,0.00040507698,0.00040507698
test,2711,tg,0.9056604,0.8181818,0.8035714,0.0,0.0,0.00013502565,0.0002700513
test,2712,nc,1.0,1.0,0.6451613,1.0,0.00040507698,0.00040507698,0.00040507698
test,2713,tg,0.33333334,0.30357143,0.2820513,0.0,0.0,0.0,0.0
test,2714,tg,1.0,1.0,1.0,1.0,0.00081015396,0.0009451796,0.0009451796
test,2715,egc,0.5952381,0.5,0.47916666,0.0,0.0,0.0,0.0
test,2716,egc,1.0,0.8695652,0.8666667,1.0,0.00013502565,0.00013502565,0.0009451796
test,2717,tg,0.9583333,0.8367347,0.8076923,0.0,0.00013502565,0.00013502565,0.0002700513
test,2718,egc,0.31578946,0.2972973,0.29411766,0.0,0.0,0.0,0.0
test,2719,egc,0.76086956,0.75,0.74418604,0.0,0.0,0.0,0.0
test,2720,egc,0.7631579,0.7058824,0.6666667,0.0,0.0,0.0,0.0
test,2721,egc,1.0,1.0,0.48,1.0,0.0005401026,0.0005401026,0.0005401026
test,2722,egc,1.0,0.55172414,0.55172414,1.0,0.0002700513,0.0002700513,0.0002700513
test,2723,tg,0.86538464,0.8627451,0.75,0.0,0.0,0.0,0.00040507698
test,2724,eps,1.0,0.6551724,0.57575756,1.0,0.00013502565,0.00013502565,0.00013502565
test,2725,tg,0.61702126,0.5185185,0.45762712,0.0,0.0,0.0,0.0
test,2726,tg,1.0,1.0,0.8135593,1.0,0.00040507698,0.00040507698,0.00040507698
test,2727,tg,0.9756098,0.95238096,0.8,0.0,0.00040507698,0.00040507698,0.00040507698
test,2728,tg,0.90625,0.7567568,0.625,0.0,0.0,0.00013502565,0.0002700513
test,2729,tg,0.7083333,0.5,0.5,0.0,0.0,0.0,0.0
test,2730,tg,0.85365856,0.64705884,0.5576923,0.0,0.0,0.0,0.00013502565
test,2731,tg,0.62222224,0.59574467,0.5714286,0.0,0.0,0.0,0.0
test,2732,egc,1.0,1.0,0.7368421,1.0,0.0005401026,0.0005401026,0.0005401026
test,2733,tg,0.6333333,0.55,0.5090909,0.0,0.0,0.0,0.0
test,2734,tg,0.9354839,0.90625,0.72727275,0.0,0.0,0.00040507698,0.00040507698
test,2735,tg,1.0,0.9655172,0.73015875,1.0,0.00040507698,0.0005401026,0.0005401026
test,2736,tg,0.68421054,0.44444445,0.41463414,0.0,0.0,0.0,0.0
test,2737,tg,0.9512195,0.9285714,0.88095236,0.0,0.00013502565,0.0005401026,0.00067512825
test,2738,tg,0.71666664,0.61403507,0.537037,0.0,0.0,0.0,0.0
test,2739,tg,0.6923077,0.6923077,0.6923077,0.0,0.0,0.0,0.0
test,2740,ei,1.0,1.0,0.8604651,1.0,0.00040507698,0.00040507698,0.00067512825
test,2741,tg,1.0,1.0,1.0,1.0,0.002025385,0.002025385,0.002025385
test,2742,eea,1.0,1.0,0.41666666,1.0,0.0005401026,0.0005401026,0.0005401026
test,2743,tg,0.33333334,0.29166666,0.25,0.0,0.0,0.0,0.0
test,2744,tg,0.8888889,0.6333333,0.4857143,0.0,0.0,0.0,0.00013502565
test,2745,egc,1.0,0.6388889,0.53846157,1.0,0.00013502565,0.00013502565,0.00013502565
test,2746,tg,0.67346936,0.5952381,0.5744681,0.0,0.0,0.0,0.0
test,2747,tg,0.75,0.625,0.62,0.0,0.0,0.0,0.0
test,2748,egc,1.0,0.725,0.70454544,1.0,0.00013502565,0.00013502565,0.00013502565
test,2749,egc,0.9117647,0.8857143,0.8108108,0.0,0.0,0.00013502565,0.0005401026
test,2750,tg,1.0,0.90697676,0.902439,1.0,0.0002700513,0.0013502565,0.002295436
test,2751,tg,0.7735849,0.71428573,0.7017544,0.0,0.0,0.0,0.0
test,2752,egc,0.5,0.4680851,0.42307693,0.0,0.0,0.0,0.0
test,2753,tg,0.62857145,0.5365854,0.42105263,0.0,0.0,0.0,0.0
test,2754,eea,1.0,1.0,1.0,1.0,0.00067512825,0.00067512825,0.00067512825
test,2755,tg,1.0,1.0,1.0,1.0,0.0013502565,0.0017553335,0.002700513
test,2756,tg,0.8,0.40625,0.34375,0.0,0.0,0.0,0.0
test,2757,egc,0.6086956,0.4814815,0.46153846,0.0,0.0,0.0,0.0
test,2758,tg,0.7169811,0.67741936,0.63793105,0.0,0.0,0.0,0.0
test,2759,tg,0.6666667,0.61290324,0.35714287,0.0,0.0,0.0,0.0
test,2760,tg,0.74285716,0.67741936,0.61764705,0.0,0.0,0.0,0.0
test,2761,egc,1.0,1.0,1.0,1.0,0.0012152309,0.0012152309,0.0018903592
test,2762,egc,1.0,1.0,0.5660377,1.0,0.00040507698,0.00040507698,0.00040507698
test,2763,tg,0.75757575,0.65789473,0.37931034,0.0,0.0,0.0,0.0
test,2764,egc,0.6,0.47058824,0.47058824,0.0,0.0,0.0,0.0
test,2765,tg,0.6530612,0.627451,0.6037736,0.0,0.0,0.0,0.0
test,2766,egb,1.0,1.0,0.6,1.0,0.00040507698,0.00040507698,0.00040507698
test,2767,tg,0.9318182,0.8039216,0.79591835,0.0,0.0,0.0002700513,0.0002700513
test,2768,egc,1.0,0.75757575,0.6857143,1.0,0.00013502565,0.00013502565,0.00013502565
test,2769,egc,0.62068963,0.5,0.48387095,0.0,0.0,0.0,0.0
test,2770,tg,0.96666664,0.44186047,0.40425533,0.0,0.00013502565,0.00013502565,0.00013502565
test,2771,tg,0.7017544,0.6721311,0.6557377,0.0,0.0,0.0,0.0
test,2772,egc,1.0,0.65625,0.64705884,1.0,0.00013502565,0.00013502565,0.00013502565
test,2773,egc,0.972973,0.8974359,0.8717949,0.0,0.0002700513,0.0002700513,0.00081015396
test,2774,eps,1.0,1.0,0.6551724,1.0,0.0005401026,0.0005401026,0.0005401026
test,2775,egc,1.0,0.48,0.4642857,1.0,0.00013502565,0.00013502565,0.00013502565
test,2776,egb,1.0,0.4857143,0.4857143,1.0,0.0002700513,0.0002700513,0.0002700513
test,2777,tg,0.85,0.6212121,0.59090906,0.0,0.0,0.0,0.0
test,2778,tg,1.0,0.96153843,0.88461536,1.0,0.00040507698,0.0005401026,0.0017553335
test,2779,nc,1.0,0.47826087,0.47826087,1.0,0.0002700513,0.0002700513,0.0002700513
test,2780,egc,0.7659575,0.7346939,0.7169811,0.0,0.0,0.0,0.0
test,2781,tg,0.9230769,0.85714287,0.82191783,0.0,0.0,0.00013502565,0.00040507698
test,2782,tg,0.95652175,0.875,0.7446808,0.0,0.0002700513,0.0002700513,0.0005401026
test,2783,eps,1.0,1.0,0.6333333,1.0,0.00040507698,0.00040507698,0.00040507698
test,2784,tg,1.0,0.47368422,0.47368422,1.0,0.00013502565,0.00013502565,0.00013502565
test,2785,egc,0.6785714,0.625,0.5555556,0.0,0.0,0.0,0.0
test,2786,egc,1.0,1.0,0.5483871,1.0,0.0005401026,0.0005401026,0.0005401026
test,2787,tg,0.6666667,0.6551724,0.51666665,0.0,0.0,0.0,0.0
test,2788,tg,1.0,1.0,0.35714287,1.0,0.0005401026,0.0005401026,0.0005401026
test,2789,tg,0.65909094,0.60784316,0.50980395,0.0,0.0,0.0,0.0
test,2790,tg,0.7291667,0.6333333,0.59615386,0.0,0.0,0.0,0.0
test,2791,tg,0.6530612,0.5660377,0.5652174,0.0,0.0,0.0,0.0
test,2792,tg,0.71794873,0.35555556,0.32142857,0.0,0.0,0.0,0.0
test,2793,tg,0.6181818,0.5322581,0.48387095,0.0,0.0,0.0,0.0
test,2794,tg,0.72839504,0.6195652,0.59770113,0.0,0.0,0.0,0.0
test,2795,tg,0.675,0.6052632,0.5365854,0.0,0.0,0.0,0.0
test,2796,tg,1.0,0.5,0.46938777,1.0,0.00013502565,0.00013502565,0.00013502565
test,2797,tg,0.9705882,0.7027027,0.7027027,0.0,0.00013502565,0.00013502565,0.00013502565
test,2798,tg,1.0,0.9705882,0.6756757,1.0,0.00040507698,0.00040507698,0.00040507698
test,2799,tg,0.9285714,0.79310346,0.5483871,0.0,0.0,0.00013502565,0.00013502565
test,2800,egc,0.43243244,0.4,0.4,0.0,0.0,0.0,0.0
test,2801,egc,1.0,0.75555557,0.7291667,1.0,0.00013502565,0.00013502565,0.00013502565
test,2802,egc,1.0,0.92105263,0.85365856,1.0,0.00013502565,0.00040507698,0.00067512825
test,2803,tg,0.5625,0.3902439,0.3611111,0.0,0.0,0.0,0.0
test,2804,eps,1.0,0.5769231,0.5769231,1.0,0.00013502565,0.00013502565,0.00013502565
test,2805,tg,0.8235294,0.7924528,0.75,0.0,0.0,0.0,0.0
test,2806,ei,0.375,0.375,0.375,0.0,0.0,0.0,0.0
test,2807,tg,1.0,1.0,0.97727275,1.0,0.0009451796,0.0009451796,0.0012152309
test,2808,tg,0.90909094,0.7878788,0.7878788,0.0,0.0,0.0002700513,0.0002700513
test,2809,egc,0.88461536,0.51724136,0.51724136,0.0,0.0,0.0,0.00013502565
test,2810,ei,1.0,0.53571427,0.53571427,1.0,0.0002700513,0.0002700513,0.0002700513
test,2811,tg,0.7878788,0.6857143,0.6315789,0.0,0.0,0.0,0.0
test,2812,ei,1.0,1.0,0.6571429,1.0,0.00040507698,0.00040507698,0.00040507698
test,2813,tg,1.0,1.0,0.7241379,1.0,0.00040507698,0.00040507698,0.00040507698
test,2814,egc,0.6666667,0.5652174,0.5652174,0.0,0.0,0.0,0.0
test,2815,tg,0.6888889,0.59090906,0.52380955,0.0,0.0,0.0,0.0
test,2816,tg,1.0,0.7,0.7,1.0,0.0002700513,0.0002700513,0.0002700513
test,2817,tg,0.7714286,0.6376812,0.59375,0.0,0.0,0.0,0.0
test,2818,tg,0.9782609,0.74509805,0.54,0.0,0.00013502565,0.00013502565,0.00013502565
test,2819,tg,1.0,0.95652175,0.85106385,1.0,0.0005401026,0.0005401026,0.00081015396
test,2820,tg,0.44444445,0.44,0.35714287,0.0,0.0,0.0,0.0
test,2821,tg,0.86,0.4181818,0.4,0.0,0.0,0.0,0.00013502565
test,2822,egc,0.64705884,0.59375,0.5882353,0.0,0.0,0.0,0.0
test,2823,tg,1.0,0.7735849,0.6545454,1.0,0.0002700513,0.0002700513,0.0002700513
test,2824,tg,0.84615386,0.8301887,0.75,0.0,0.0,0.0,0.0
test,2825,tg,0.47727272,0.42857143,0.42553192,0.0,0.0,0.0,0.0
test,2826,tg,1.0,1.0,0.9411765,1.0,0.00040507698,0.00067512825,0.00067512825
test,2827,egc,1.0,0.71428573,0.7037037,1.0,0.00013502565,0.00013502565,0.00013502565
test,2828,egc,1.0,0.8666667,0.72727275,1.0,0.00013502565,0.00013502565,0.00040507698
test,2829,eps,1.0,0.68,0.68,1.0,0.0002700513,0.0002700513,0.0002700513
test,2830,egc,0.4375,0.3888889,0.3888889,0.0,0.0,0.0,0.0
test,2831,egc,0.5416667,0.44827586,0.43333334,0.0,0.0,0.0,0.0
test,2832,egb,1.0,0.6,0.5769231,1.0,0.00013502565,0.00013502565,0.00013502565
test,2833,tg,1.0,0.74285716,0.6666667,1.0,0.00013502565,0.0002700513,0.0002700513
test,2834,egc,0.9444444,0.8032787,0.71929824,0.0,0.0,0.00013502565,0.0002700513
test,2835,egc,0.38636363,0.3783784,0.36956522,0.0,0.0,0.0,0.0
test,2836,eps,1.0,1.0,0.47058824,1.0,0.00040507698,0.00040507698,0.00040507698
test,2837,egc,1.0,1.0,0.73913044,1.0,0.00040507698,0.00040507698,0.00040507698
test,2838,egc,1.0,0.62857145,0.5609756,1.0,0.0002700513,0.0002700513,0.0002700513
test,2839,nc,1.0,1.0,0.61538464,1.0,0.0005401026,0.0005401026,0.0005401026
test,2840,tg,1.0,1.0,1.0,1.0,0.002025385,0.002025385,0.002025385
test,2841,tg,1.0,1.0,1.0,1.0,0.0010802052,0.0010802052,0.0010802052
test,2842,tg,0.71428573,0.6851852,0.62711865,0.0,0.0,0.0,0.0
test,2843,ei,1.0,1.0,0.75757575,1.0,0.00040507698,0.00040507698,0.00040507698
test,2844,tg,0.9189189,0.9189189,0.8095238,0.0,0.0,0.0005401026,0.0005401026
test,2845,tg,0.8,0.7169811,0.62068963,0.0,0.0,0.0,0.0
test,2846,egc,0.5277778,0.5135135,0.5,0.0,0.0,0.0,0.0
test,2847,tg,0.902439,0.6136364,0.59090906,0.0,0.0,0.0002700513,0.0002700513
test,2848,tg,1.0,0.7096774,0.6333333,1.0,0.00013502565,0.00013502565,0.00013502565
test,2849,tg,0.79310346,0.67741936,0.65625,0.0,0.0,0.0,0.0
test,2850,egc,1.0,1.0,1.0,1.0,0.0033756413,0.004320821,0.005130975
test,2851,egc,0.8181818,0.6486486,0.5675676,0.0,0.0,0.0,0.0
test,2852,tg,1.0,1.0,0.8235294,1.0,0.0005401026,0.0005401026,0.0005401026
test,2853,tg,0.3888889,0.2777778,0.27586207,0.0,0.0,0.0,0.0
test,2854,egb,1.0,1.0,0.7777778,1.0,0.0005401026,0.0005401026,0.0005401026
test,2855,tg,0.7297297,0.6923077,0.6666667,0.0,0.0,0.0,0.0
test,2856,egc,1.0,0.9047619,0.6923077,1.0,0.0002700513,0.00040507698,0.00040507698
test,2857,tg,0.8695652,0.7692308,0.71428573,0.0,0.0,0.0,0.00013502565
test,2858,tg,0.5609756,0.53488374,0.52380955,0.0,0.0,0.0,0.0
test,2859,egb,1.0,1.0,0.6333333,1.0,0.00040507698,0.00040507698,0.00040507698
test,2860,tg,1.0,1.0,0.37704918,1.0,0.00040507698,0.00040507698,0.00040507698
test,2861,tg,0.96153843,0.82758623,0.7962963,0.0,0.00013502565,0.00013502565,0.00013502565
test,2862,tg,0.76785713,0.6785714,0.63492066,0.0,0.0,0.0,0.0
test,2863,egc,1.0,0.7755102,0.5294118,1.0,0.00013502565,0.00013502565,0.00013502565
test,2864,tg,0.8214286,0.73214287,0.6603774,0.0,0.0,0.0,0.0
test,2865,tg,0.8125,0.703125,0.39655173,0.0,0.0,0.0,0.0
test,2866,egc,0.6666667,0.6666667,0.6451613,0.0,0.0,0.0,0.0
test,2867,nc,1.0,0.6666667,0.6666667,1.0,0.0002700513,0.0002700513,0.0002700513
test,2868,tg,0.8,0.59183675,0.5576923,0.0,0.0,0.0,0.0
test,2869,tg,0.9285714,0.9285714,0.8965517,0.0,0.0,0.00040507698,0.00067512825
test,2870,tg,0.7692308,0.75,0.6666667,0.0,0.0,0.0,0.0
test,2871,ei,1.0,1.0,0.6111111,1.0,0.0005401026,0.0005401026,0.0005401026
test,2872,tg,0.6041667,0.375,0.31666666,0.0,0.0,0.0,0.0
test,2873,egc,1.0,0.7380952,0.5714286,1.0,0.00013502565,0.00013502565,0.00013502565
test,2874,tg,0.875,0.39583334,0.35714287,0.0,0.0,0.0,0.00013502565
test,2875,eps,1.0,0.45,0.45,1.0,0.0002700513,0.0002700513,0.0002700513
test,2876,tg,1.0,0.5625,0.5625,1.0,0.0002700513,0.0002700513,0.0002700513
test,2877,tg,1.0,0.7804878,0.7619048,1.0,0.00013502565,0.00013502565,0.00013502565
test,2878,tg,1.0,1.0,0.56666666,1.0,0.0005401026,0.0005401026,0.0005401026
test,2879,egc,1.0,0.8064516,0.7692308,1.0,0.00013502565,0.00013502565,0.00013502565
test,2880,tg,0.5625,0.5510204,0.5185185,0.0,0.0,0.0,0.0
test,2881,egc,0.52,0.4827586,0.46875,0.0,0.0,0.0,0.0
test,2882,egc,0.53846157,0.52,0.4642857,0.0,0.0,0.0,0.0
test,2883,egc,1.0,0.45454547,0.45454547,1.0,0.0002700513,0.0002700513,0.0002700513
test,2884,egc,0.9310345,0.9,0.71875,0.0,0.0,0.00013502565,0.0005401026
test,2885,tg,0.8,0.59574467,0.5777778,0.0,0.0,0.0,0.0
test,2886,tg,0.877551,0.7962963,0.3508772,0.0,0.0,0.0,0.00013502565
test,2887,egc,1.0,1.0,1.0,1.0,0.0076964623,0.007966514,0.00810154
test,2888,egb,1.0,1.0,1.0,1.0,0.00067512825,0.00067512825,0.00067512825
test,2889,egc,0.55172414,0.4516129,0.42307693,0.0,0.0,0.0,0.0
test,2890,eea,1.0,1.0,0.5652174,1.0,0.00040507698,0.00040507698,0.00040507698
test,2891,tg,1.0,0.8333333,0.8,1.0,0.0002700513,0.0002700513,0.0002700513
test,2892,tg,0.98,0.98,0.82,0.0,0.0005401026,0.0005401026,0.0005401026
test,2893,tg,0.5,0.5,0.4878049,0.0,0.0,0.0,0.0
test,2894,tg,1.0,0.42857143,0.42857143,1.0,0.00013502565,0.00013502565,0.00013502565
test,2895,egc,0.4814815,0.4090909,0.37037036,0.0,0.0,0.0,0.0
test,2896,eea,1.0,0.8181818,0.7027027,1.0,0.00013502565,0.00013502565,0.00013502565
test,2897,egc,0.4516129,0.39473686,0.36842105,0.0,0.0,0.0,0.0
test,2898,tg,0.55263156,0.5365854,0.42424244,0.0,0.0,0.0,0.0
test,2899,tg,1.0,1.0,0.5813953,1.0,0.0005401026,0.0005401026,0.0005401026
test,2900,egc,0.75,0.5862069,0.5483871,0.0,0.0,0.0,0.0
test,2901,tg,1.0,1.0,0.35714287,1.0,0.0005401026,0.0005401026,0.0005401026
test,2902,tg,0.90909094,0.84210527,0.7818182,0.0,0.0,0.00013502565,0.0002700513
test,2903,tg,0.86,0.78431374,0.7169811,0.0,0.0,0.0,0.0002700513
test,2904,egb,1.0,1.0,0.53125,1.0,0.0005401026,0.0005401026,0.0005401026
test,2905,egc,0.6111111,0.53125,0.53125,0.0,0.0,0.0,0.0
test,2906,tg,0.8727273,0.8666667,0.8196721,0.0,0.0,0.0,0.00040507698
test,2907,egc,0.71428573,0.71428573,0.71428573,0.0,0.0,0.0,0.0
test,2908,tg,0.7692308,0.6666667,0.45454547,0.0,0.0,0.0,0.0
test,2909,nc,1.0,0.75,0.75,1.0,0.0002700513,0.0002700513,0.0002700513
test,2910,tg,1.0,0.9767442,0.6226415,1.0,0.00040507698,0.00040507698,0.00040507698
test,2911,eea,1.0,1.0,0.6551724,1.0,0.0005401026,0.0005401026,0.0005401026
test,2912,egc,1.0,0.6666667,0.59090906,1.0,0.00013502565,0.00013502565,0.00013502565
test,2913,egc,0.5,0.47368422,0.39130434,0.0,0.0,0.0,0.0
test,2914,tg,1.0,0.4722222,0.41860464,1.0,0.00013502565,0.00013502565,0.00013502565
test,2915,egc,0.7,0.4,0.3809524,0.0,0.0,0.0,0.0
test,2916,tg,0.5714286,0.55172414,0.537037,0.0,0.0,0.0,0.0
test,2917,tg,0.94736844,0.8,0.8,0.0,0.0,0.00013502565,0.0002700513
test,2918,egc,0.8108108,0.70731705,0.65,0.0,0.0,0.0,0.0
test,2919,tg,0.9722222,0.76744187,0.61702126,0.0,0.00013502565,0.00013502565,0.00013502565
test,2920,tg,0.875,0.875,0.8541667,0.0,0.0,0.0,0.0010802052
test,2921,egc,0.46875,0.38709676,0.3846154,0.0,0.0,0.0,0.0
test,2922,egc,0.5192308,0.49056605,0.4888889,0.0,0.0,0.0,0.0
test,2923,tg,0.6923077,0.5744681,0.5609756,0.0,0.0,0.0,0.0
test,2924,egc,0.42424244,0.4117647,0.39473686,0.0,0.0,0.0,0.0
test,2925,egc,0.7837838,0.40384614,0.32258064,0.0,0.0,0.0,0.0
test,2926,egc,1.0,0.7741935,0.7741935,1.0,0.0002700513,0.0002700513,0.0002700513
test,2927,tg,0.41935483,0.34285715,0.3125,0.0,0.0,0.0,0.0
test,2928,ei,1.0,1.0,0.5625,1.0,0.00040507698,0.00040507698,0.0005401026
test,2929,tg,0.63265306,0.62,0.5777778,0.0,0.0,0.0,0.0
test,2930,tg,0.9464286,0.7413793,0.71929824,0.0,0.0,0.00013502565,0.00013502565
test,2931,eea,1.0,0.45454547,0.45454547,1.0,0.0002700513,0.0002700513,0.0002700513
test,2932,ei,1.0,1.0,0.73913044,1.0,0.0005401026,0.0005401026,0.0005401026
test,2933,tg,1.0,1.0,1.0,1.0,0.00067512825,0.00067512825,0.00067512825
test,2934,tg,0.7948718,0.75609756,0.7380952,0.0,0.0,0.0,0.0
test,2935,tg,0.63829786,0.59574467,0.48076922,0.0,0.0,0.0,0.0
test,2936,tg,0.9047619,0.8181818,0.625,0.0,0.0,0.0002700513,0.0002700513
test,2937,egc,0.65789473,0.40816328,0.33333334,0.0,0.0,0.0,0.0
test,2938,tg,0.30952382,0.30232558,0.29545453,0.0,0.0,0.0,0.0
test,2939,egc,1.0,1.0,1.0,1.0,0.00067512825,0.00067512825,0.0016203079
test,2940,tg,0.72727275,0.625,0.52112675,0.0,0.0,0.0,0.0
test,2941,tg,0.8484849,0.6455696,0.625,0.0,0.0,0.0,0.0
test,2942,tg,0.35714287,0.33333334,0.3,0.0,0.0,0.0,0.0
test,2943,egc,0.93333334,0.93333334,0.93333334,0.0,0.0,0.00067512825,0.00067512825
test,2944,egc,1.0,1.0,1.0,1.0,0.0012152309,0.0012152309,0.0018903592
test,2945,egc,0.85714287,0.64705884,0.64705884,0.0,0.0,0.0,0.00013502565
test,2946,egc,1.0,0.64705884,0.5641026,1.0,0.00013502565,0.00013502565,0.00013502565
test,2947,tg,1.0,1.0,1.0,1.0,0.0033756413,0.004320821,0.005130975
test,2948,eea,0.54545456,0.53125,0.53125,0.0,0.0,0.0,0.0
test,2949,egc,1.0,1.0,1.0,1.0,0.0013502565,0.0014852822,0.0014852822
test,2950,egc,1.0,1.0,0.64705884,1.0,0.0005401026,0.0005401026,0.0005401026
test,2951,tg,0.75,0.6923077,0.58208954,0.0,0.0,0.0,0.0
test,2952,tg,0.8043478,0.74,0.6458333,0.0,0.0,0.0,0.0
test,2953,ei,1.0,1.0,1.0,1.0,0.00067512825,0.00067512825,0.00067512825
test,2954,eea,1.0,1.0,0.516129,1.0,0.00040507698,0.00040507698,0.00040507698
test,2955,tg,0.875,0.39583334,0.35714287,0.0,0.0,0.0,0.00013502565
test,2956,egc,0.34285715,0.34285715,0.34042552,0.0,0.0,0.0,0.0
test,2957,tg,0.64444447,0.64444447,0.5714286,0.0,0.0,0.0,0.0
test,2958,eps,1.0,0.6451613,0.6451613,1.0,0.0002700513,0.0002700513,0.0002700513
test,2959,tg,0.5,0.37704918,0.37096775,0.0,0.0,0.0,0.0
test,2960,egc,0.5625,0.53846157,0.5,0.0,0.0,0.0,0.0
test,2961,tg,0.5689655,0.4923077,0.4848485,0.0,0.0,0.0,0.0
test,2962,eea,1.0,0.5588235,0.5588235,1.0,0.0002700513,0.0002700513,0.0002700513
test,2963,eps,1.0,0.5555556,0.5555556,1.0,0.0002700513,0.0002700513,0.0002700513
test,2964,tg,0.7692308,0.73015875,0.7254902,0.0,0.0,0.0,0.0
test,2965,tg,0.84615386,0.78571427,0.7777778,0.0,0.0,0.0,0.0
test,2966,eps,1.0,1.0,0.64705884,1.0,0.0005401026,0.0005401026,0.0005401026
test,2967,egc,1.0,0.6730769,0.6181818,1.0,0.0002700513,0.0002700513,0.0002700513
test,2968,tg,0.79545456,0.7446808,0.6862745,0.0,0.0,0.0,0.0
test,2969,tg,1.0,0.95454544,0.6956522,1.0,0.00040507698,0.0005401026,0.0005401026
test,2970,egb,1.0,1.0,0.64,1.0,0.00040507698,0.00040507698,0.00040507698
test,2971,tg,0.8181818,0.7368421,0.7017544,0.0,0.0,0.0,0.0
test,2972,egc,1.0,0.7,0.5416667,1.0,0.0002700513,0.0002700513,0.0002700513
test,2973,tg,0.675,0.6585366,0.525,0.0,0.0,0.0,0.0
test,2974,tg,0.8235294,0.6181818,0.5964912,0.0,0.0,0.0,0.0
test,2975,egc,0.50980395,0.4883721,0.4074074,0.0,0.0,0.0,0.0
test,2976,tg,1.0,0.8448276,0.8196721,1.0,0.00013502565,0.00013502565,0.0002700513
test,2977,tg,1.0,1.0,1.0,1.0,0.0024304618,0.0025654875,0.0025654875
test,2978,egc,0.6551724,0.59375,0.4878049,0.0,0.0,0.0,0.0
test,2979,egc,1.0,0.6097561,0.5609756,1.0,0.0002700513,0.0002700513,0.0002700513
test,2980,tg,0.8958333,0.8269231,0.7647059,0.0,0.0,0.0,0.00013502565
test,2981,tg,0.78688526,0.66071427,0.6440678,0.0,0.0,0.0,0.0
test,2982,tg,1.0,1.0,0.7714286,1.0,0.0005401026,0.0005401026,0.0005401026
test,2983,tg,0.83870965,0.6,0.546875,0.0,0.0,0.0,0.0
test,2984,tg,0.72,0.7017544,0.6875,0.0,0.0,0.0,0.0
test,2985,tg,0.9767442,0.9767442,0.7755102,0.0,0.00040507698,0.00040507698,0.0005401026
test,2986,tg,0.8,0.6904762,0.64444447,0.0,0.0,0.0,0.0
test,2987,tg,0.90909094,0.82978725,0.8,0.0,0.0,0.00013502565,0.00013502565
test,2988,tg,0.5322581,0.4477612,0.44444445,0.0,0.0,0.0,0.0
test,2989,tg,0.80487806,0.46,0.3846154,0.0,0.0,0.0,0.0
test,2990,tg,1.0,0.51724136,0.5,1.0,0.00013502565,0.00013502565,0.00013502565
test,2991,ei,1.0,0.6,0.6,1.0,0.0002700513,0.0002700513,0.0002700513
test,2992,egc,1.0,0.8378378,0.75609756,1.0,0.00013502565,0.00013502565,0.00013502565
test,2993,eps,1.0,1.0,0.64,1.0,0.0005401026,0.0005401026,0.0005401026
test,2994,tg,1.0,0.6785714,0.6551724,1.0,0.00013502565,0.00013502565,0.00013502565
test,2995,tg,1.0,1.0,1.0,1.0,0.00081015396,0.00081015396,0.00081015396
test,2996,egc,1.0,0.4857143,0.4857143,1.0,0.00013502565,0.00013502565,0.00013502565
test,2997,egc,0.625,0.5675676,0.5,0.0,0.0,0.0,0.0
test,2998,tg,0.6363636,0.4848485,0.44117647,0.0,0.0,0.0,0.0
test,2999,tg,0.7735849,0.7169811,0.4909091,0.0,0.0,0.0,0.0
test,3000,tg,0.9782609,0.9347826,0.8125,0.0,0.0002700513,0.0005401026,0.0005401026
test,3001,egc,0.4642857,0.4,0.37931034,0.0,0.0,0.0,0.0
test,3002,tg,0.76086956,0.76,0.71428573,0.0,0.0,0.0,0.0
test,3003,egc,1.0,0.5769231,0.5769231,1.0,0.00013502565,0.00013502565,0.00013502565
test,3004,tg,0.7580645,0.73015875,0.6984127,0.0,0.0,0.0,0.0
test,3005,tg,0.96666664,0.9032258,0.44444445,0.0,0.00013502565,0.00040507698,0.00040507698
test,3006,tg,0.53968257,0.4861111,0.44642857,0.0,0.0,0.0,0.0
test,3007,egc,1.0,0.6923077,0.5,1.0,0.00013502565,0.00013502565,0.00013502565
test,3008,egc,1.0,0.9166667,0.6923077,1.0,0.0002700513,0.00040507698,0.00040507698
test,3009,tg,1.0,1.0,1.0,1.0,0.00081015396,0.0010802052,0.0014852822
test,3010,egc,0.5,0.49056605,0.49056605,0.0,0.0,0.0,0.0
test,3011,tg,0.7037037,0.6551724,0.6451613,0.0,0.0,0.0,0.0
test,3012,egc,1.0,1.0,1.0,1.0,0.0009451796,0.0009451796,0.0009451796
test,3013,tg,0.8965517,0.83870965,0.79310346,0.0,0.0,0.0,0.0002700513
test,3014,ei,1.0,1.0,0.6,1.0,0.00040507698,0.00040507698,0.00040507698
test,3015,egc,0.5675676,0.35135135,0.33333334,0.0,0.0,0.0,0.0
test,3016,ei,1.0,1.0,0.5925926,1.0,0.0005401026,0.0005401026,0.0005401026
test,3017,egc,0.48,0.3448276,0.29032257,0.0,0.0,0.0,0.0
test,3018,eps,1.0,0.53571427,0.53571427,1.0,0.0002700513,0.0002700513,0.0002700513
test,3019,tg,0.39130434,0.3783784,0.3783784,0.0,0.0,0.0,0.0
test,3020,egc,1.0,0.6666667,0.6,1.0,0.0002700513,0.0002700513,0.0002700513
test,3021,tg,0.6779661,0.65,0.61538464,0.0,0.0,0.0,0.0
test,3022,tg,0.97619045,0.7346939,0.7111111,0.0,0.0002700513,0.0002700513,0.0002700513
test,3023,egc,1.0,1.0,0.61290324,1.0,0.0005401026,0.0005401026,0.0005401026
test,3024,tg,0.67391306,0.60465115,0.5652174,0.0,0.0,0.0,0.0
test,3025,tg,0.87234044,0.82,0.7592593,0.0,0.0,0.0,0.0002700513
test,3026,tg,0.925,0.71428573,0.7,0.0,0.0,0.00013502565,0.00013502565
test,3027,ei,1.0,1.0,0.5882353,1.0,0.0005401026,0.0005401026,0.0005401026
test,3028,egc,0.8787879,0.8,0.7777778,0.0,0.0,0.0,0.0002700513
test,3029,tg,1.0,0.8695652,0.8695652,1.0,0.00013502565,0.00013502565,0.00067512825
test,3030,tg,1.0,0.72727275,0.6969697,1.0,0.00013502565,0.00013502565,0.00013502565
test,3031,ei,0.54545456,0.53125,0.53125,0.0,0.0,0.0,0.0
test,3032,ei,1.0,1.0,0.41935483,1.0,0.00040507698,0.00040507698,0.00040507698
test,3033,egc,0.61538464,0.5952381,0.58536583,0.0,0.0,0.0,0.0
test,3034,tg,1.0,1.0,0.8039216,1.0,0.00040507698,0.00040507698,0.00040507698
test,3035,tg,0.84444445,0.84444445,0.7,0.0,0.0,0.0,0.0
test,3036,tg,0.7346939,0.627451,0.625,0.0,0.0,0.0,0.0
test,3037,egc,0.3478261,0.33333334,0.33333334,0.0,0.0,0.0,0.0
test,3038,nc,1.0,0.6060606,0.6060606,1.0,0.00013502565,0.00013502565,0.00013502565
test,3039,tg,1.0,1.0,0.84615386,1.0,0.0005401026,0.0005401026,0.0005401026
test,3040,tg,0.5744681,0.5744681,0.55932206,0.0,0.0,0.0,0.0
test,3041,egc,1.0,1.0,0.7714286,1.0,0.0005401026,0.0005401026,0.0005401026
test,3042,tg,1.0,0.87096775,0.8064516,1.0,0.0002700513,0.0002700513,0.00040507698
test,3043,egc,1.0,1.0,0.96875,1.0,0.0010802052,0.0013502565,0.0014852822
test,3044,tg,0.8947368,0.63492066,0.56164384,0.0,0.0,0.0,0.00013502565
test,3045,tg,0.875,0.627451,0.5813953,0.0,0.0,0.0,0.00013502565
test,3046,egc,1.0,0.8333333,0.8333333,1.0,0.00013502565,0.00013502565,0.00013502565
test,3047,egc,1.0,0.5,0.5,1.0,0.00013502565,0.00013502565,0.00013502565
test,3048,tg,0.7586207,0.6896552,0.6666667,0.0,0.0,0.0,0.0
test,3049,egc,0.4375,0.42105263,0.2820513,0.0,0.0,0.0,0.0
test,3050,tg,0.84444445,0.7234042,0.6415094,0.0,0.0,0.0,0.0
test,3051,tg,0.6785714,0.6551724,0.6229508,0.0,0.0,0.0,0.0
test,3052,egc,0.93333334,0.6111111,0.6111111,0.0,0.0,0.00013502565,0.00013502565
test,3053,egc,1.0,1.0,1.0,1.0,0.0009451796,0.0010802052,0.0010802052
test,3054,tg,1.0,0.9767442,0.6226415,1.0,0.00040507698,0.00040507698,0.00040507698
test,3055,tg,0.8235294,0.6415094,0.6,0.0,0.0,0.0,0.0
test,3056,tg,1.0,0.9032258,0.8064516,1.0,0.00013502565,0.00040507698,0.00040507698
test,3057,egc,0.78,0.7735849,0.7647059,0.0,0.0,0.0,0.0
test,3058,tg,0.67741936,0.6333333,0.6333333,0.0,0.0,0.0,0.0
test,3059,nc,1.0,1.0,0.6666667,1.0,0.00040507698,0.00040507698,0.00040507698
test,3060,tg,0.84615386,0.68421054,0.61290324,0.0,0.0,0.0,0.0
test,3061,ei,1.0,1.0,0.67741936,1.0,0.00040507698,0.00040507698,0.00040507698
test,3062,tg,0.9375,0.8208955,0.7878788,0.0,0.0,0.0002700513,0.0002700513
test,3063,tg,0.6805556,0.6216216,0.5974026,0.0,0.0,0.0,0.0
test,3064,tg,0.7826087,0.7083333,0.7,0.0,0.0,0.0,0.0
test,3065,tg,0.6122449,0.5660377,0.5555556,0.0,0.0,0.0,0.0
test,3066,tg,0.7209302,0.5888889,0.57831323,0.0,0.0,0.0,0.0
test,3067,tg,0.7777778,0.7777778,0.7777778,0.0,0.0,0.0,0.0
test,3068,egc,0.5882353,0.53125,0.5151515,0.0,0.0,0.0,0.0
test,3069,egc,0.5714286,0.5185185,0.5185185,0.0,0.0,0.0,0.0
test,3070,egc,1.0,1.0,0.60714287,1.0,0.00040507698,0.00040507698,0.00040507698
test,3071,egc,1.0,1.0,1.0,1.0,0.002025385,0.002025385,0.0024304618
test,3072,tg,0.7777778,0.625,0.54901963,0.0,0.0,0.0,0.0
test,3073,tg,1.0,0.8703704,0.8703704,1.0,0.0002700513,0.0002700513,0.00081015396
test,3074,egc,1.0,1.0,1.0,1.0,0.002025385,0.002025385,0.0024304618
test,3075,egc,1.0,0.88,0.88,1.0,0.00013502565,0.00013502565,0.007831488
test,3076,tg,0.6707317,0.5925926,0.5,0.0,0.0,0.0,0.0
test,3077,tg,0.53333336,0.53333336,0.53333336,0.0,0.0,0.0,0.0
test,3078,tg,0.7173913,0.70454544,0.66,0.0,0.0,0.0,0.0
test,3079,egc,0.6666667,0.5,0.41666666,0.0,0.0,0.0,0.0
test,3080,egc,0.9166667,0.75,0.71428573,0.0,0.0,0.00013502565,0.00013502565
test,3081,tg,0.7777778,0.7222222,0.6,0.0,0.0,0.0,0.0
test,3082,tg,1.0,0.8,0.7567568,1.0,0.0002700513,0.0002700513,0.0002700513
test,3083,tg,0.65384614,0.5263158,0.5263158,0.0,0.0,0.0,0.0
test,3084,eea,1.0,1.0,0.53125,1.0,0.00040507698,0.00040507698,0.00040507698
test,3085,egc,1.0,1.0,0.44,1.0,0.0005401026,0.0005401026,0.0005401026
test,3086,tg,0.8125,0.74,0.7058824,0.0,0.0,0.0,0.0
test,3087,eea,1.0,1.0,0.64705884,1.0,0.0005401026,0.0005401026,0.0005401026
test,3088,tg,0.89285713,0.89285713,0.8181818,0.0,0.0,0.0,0.0005401026
test,3089,egc,1.0,0.75,0.6,1.0,0.00013502565,0.00013502565,0.00013502565
test,3090,tg,0.877551,0.7346939,0.7058824,0.0,0.0,0.0,0.00013502565
test,3091,tg,1.0,0.5625,0.46153846,1.0,0.0002700513,0.0002700513,0.0002700513
test,3092,tg,0.7446808,0.59574467,0.5714286,0.0,0.0,0.0,0.0
test,3093,eps,1.0,1.0,0.4347826,1.0,0.00040507698,0.00040507698,0.00040507698
test,3094,tg,0.7164179,0.5694444,0.3292683,0.0,0.0,0.0,0.0
test,3095,tg,0.7804878,0.70731705,0.675,0.0,0.0,0.0,0.0
test,3096,tg,0.5882353,0.58064514,0.5135135,0.0,0.0,0.0,0.0
test,3097,eps,1.0,1.0,0.5714286,1.0,0.00040507698,0.00040507698,0.00040507698
test,3098,ei,1.0,0.5588235,0.5588235,1.0,0.0002700513,0.0002700513,0.0002700513
test,3099,tg,0.7692308,0.64285713,0.5769231,0.0,0.0,0.0,0.0
test,3100,tg,1.0,1.0,1.0,1.0,0.00081015396,0.00081015396,0.0009451796
test,3101,eps,1.0,1.0,0.6111111,1.0,0.0005401026,0.0005401026,0.0005401026
test,3102,eea,1.0,1.0,0.73913044,1.0,0.00040507698,0.00040507698,0.00040507698
test,3103,eea,1.0,0.7096774,0.7096774,1.0,0.00013502565,0.00013502565,0.00013502565
test,3104,tg,0.5833333,0.57377046,0.5555556,0.0,0.0,0.0,0.0
test,3105,tg,0.5625,0.5625,0.5,0.0,0.0,0.0,0.0
test,3106,tg,0.8,0.47761193,0.4520548,0.0,0.0,0.0,0.0
test,3107,eea,1.0,0.6451613,0.6451613,1.0,0.0002700513,0.0002700513,0.0002700513
test,3108,egc,1.0,0.8909091,0.8909091,1.0,0.00013502565,0.00013502565,0.00067512825
test,3109,egc,1.0,0.45,0.45,1.0,0.00013502565,0.00013502565,0.00013502565
test,3110,tg,1.0,0.9230769,0.875,1.0,0.0002700513,0.0005401026,0.0009451796
test,3111,eea,1.0,1.0,0.57894737,1.0,0.00040507698,0.00040507698,0.00040507698
test,3112,tg,0.9347826,0.9347826,0.8958333,0.0,0.0,0.0005401026,0.0009451796
test,3113,egc,1.0,0.5833333,0.51428574,1.0,0.00013502565,0.00013502565,0.00013502565
test,3114,tg,0.42424244,0.4117647,0.4090909,0.0,0.0,0.0,0.0
test,3115,tg,0.8703704,0.6825397,0.67741936,0.0,0.0,0.0,0.00013502565
test,3116,tg,1.0,0.5862069,0.56666666,1.0,0.00013502565,0.00013502565,0.00013502565
test,3117,tg,0.26530612,0.23076923,0.22857143,0.0,0.0,0.0,0.0
test,3118,tg,0.6938776,0.50980395,0.5,0.0,0.0,0.0,0.0
test,3119,egc,0.5744681,0.33962265,0.32608697,0.0,0.0,0.0,0.0
test,3120,tg,0.9756098,0.82222223,0.78723407,0.0,0.00013502565,0.00013502565,0.00013502565
test,3121,tg,0.53846157,0.52,0.4642857,0.0,0.0,0.0,0.0
test,3122,tg,1.0,0.75757575,0.7567568,1.0,0.00013502565,0.0002700513,0.0002700513
test,3123,egc,0.80487806,0.6976744,0.6666667,0.0,0.0,0.0,0.0
test,3124,egc,1.0,0.6333333,0.6333333,1.0,0.0002700513,0.0002700513,0.0002700513
test,3125,egc,1.0,1.0,0.47619048,1.0,0.0005401026,0.0005401026,0.0005401026
test,3126,tg,1.0,0.86538464,0.39285713,1.0,0.00013502565,0.00013502565,0.00040507698
test,3127,tg,0.7,0.5423729,0.48979592,0.0,0.0,0.0,0.0
test,3128,tg,1.0,0.76,0.6666667,1.0,0.00013502565,0.00013502565,0.00013502565
test,3129,tg,0.9722222,0.7906977,0.76744187,0.0,0.00013502565,0.00013502565,0.00013502565
test,3130,nc,1.0,1.0,0.55172414,1.0,0.00040507698,0.00040507698,0.00040507698
test,3131,tg,0.97959185,0.7407407,0.7222222,0.0,0.00013502565,0.0002700513,0.0002700513
test,3132,tg,0.75641024,0.59090906,0.59090906,0.0,0.0,0.0,0.0
test,3133,tg,0.5945946,0.575,0.5714286,0.0,0.0,0.0,0.0
test,3134,tg,0.82,0.5272727,0.4262295,0.0,0.0,0.0,0.0
test,3135,nc,1.0,1.0,1.0,1.0,0.0024304618,0.0025654875,0.0025654875
test,3136,tg,0.9583333,0.9,0.8958333,0.0,0.0002700513,0.0002700513,0.00081015396
test,3137,egc,1.0,1.0,1.0,1.0,0.00067512825,0.00067512825,0.00067512825
test,3138,tg,1.0,1.0,0.8333333,1.0,0.0005401026,0.0005401026,0.0005401026
test,3139,egc,0.75,0.75,0.75,0.0,0.0,0.0,0.0
test,3140,egc,0.30612245,0.28846154,0.27272728,0.0,0.0,0.0,0.0
test,3141,tg,0.5833333,0.5833333,0.5833333,0.0,0.0,0.0,0.0
test,3142,egc,1.0,0.7096774,0.7096774,1.0,0.00013502565,0.00013502565,0.00013502565
test,3143,tg,1.0,1.0,0.73170733,1.0,0.0005401026,0.0005401026,0.0005401026
test,3144,tg,0.825,0.775,0.73333335,0.0,0.0,0.0,0.0
test,3145,egc,0.76666665,0.76666665,0.76666665,0.0,0.0,0.0,0.0
test,3146,tg,0.82539684,0.8,0.6935484,0.0,0.0,0.0,0.0
test,3147,tg,0.7241379,0.546875,0.530303,0.0,0.0,0.0,0.0
test,3148,tg,0.8490566,0.4918033,0.47619048,0.0,0.0,0.0,0.0
test,3149,tg,0.65625,0.57575756,0.5,0.0,0.0,0.0,0.0
test,3150,nc,0.375,0.375,0.375,0.0,0.0,0.0,0.0
test,3151,tg,1.0,0.87234044,0.7777778,1.0,0.0002700513,0.0002700513,0.0005401026
test,3152,ei,1.0,1.0,0.516129,1.0,0.00040507698,0.00040507698,0.00040507698
test,3153,tg,0.76,0.7037037,0.6363636,0.0,0.0,0.0,0.0
test,3154,tg,0.96875,0.96875,0.74358976,0.0,0.0005401026,0.0005401026,0.0005401026
test,3155,tg,0.96666664,0.96666664,0.75757575,0.0,0.0005401026,0.0005401026,0.0005401026
test,3156,tg,0.85294116,0.6315789,0.57894737,0.0,0.0,0.0,0.0002700513
test,3157,egc,0.7619048,0.6956522,0.55813956,0.0,0.0,0.0,0.0
test,3158,tg,1.0,0.87234044,0.78723407,1.0,0.00013502565,0.00013502565,0.00040507698
test,3159,tg,0.6315789,0.53846157,0.47619048,0.0,0.0,0.0,0.0
test,3160,tg,0.88135594,0.8305085,0.7910448,0.0,0.0,0.0,0.00013502565
test,3161,tg,1.0,1.0,1.0,1.0,0.0033756413,0.004320821,0.005130975
test,3162,egc,0.375,0.33333334,0.31914893,0.0,0.0,0.0,0.0
test,3163,tg,0.9268293,0.72727275,0.70731705,0.0,0.0,0.00013502565,0.00013502565
test,3164,egc,1.0,0.57575756,0.57575756,1.0,0.0002700513,0.0002700513,0.0002700513
test,3165,tg,1.0,1.0,1.0,1.0,0.0009451796,0.0009451796,0.0009451796
test,3166,tg,0.71428573,0.66071427,0.62068963,0.0,0.0,0.0,0.0
test,3167,egc,0.7419355,0.7419355,0.6666667,0.0,0.0,0.0,0.0
test,3168,egc,1.0,0.9705882,0.6756757,1.0,0.00040507698,0.00040507698,0.00040507698
test,3169,egc,1.0,0.7755102,0.7,1.0,0.00013502565,0.00013502565,0.00013502565
test,3170,tg,0.92424244,0.5714286,0.44444445,0.0,0.0,0.00013502565,0.00013502565
test,3171,eea,1.0,0.41304347,0.4090909,1.0,0.00013502565,0.00013502565,0.00013502565
test,3172,tg,0.875,0.875,0.8076923,0.0,0.0,0.0,0.0005401026
test,3173,tg,1.0,0.77272725,0.7234042,1.0,0.0002700513,0.0002700513,0.0002700513
test,3174,tg,0.87096775,0.6031746,0.5846154,0.0,0.0,0.0,0.0002700513
test,3175,tg,1.0,1.0,1.0,1.0,0.0012152309,0.0012152309,0.0018903592
test,3176,egc,1.0,1.0,1.0,1.0,0.00067512825,0.00067512825,0.00067512825
test,3177,egc,0.8064516,0.75757575,0.625,0.0,0.0,0.0,0.0
test,3178,tg,0.7592593,0.6851852,0.6101695,0.0,0.0,0.0,0.0
test,3179,egc,1.0,0.9655172,0.8,1.0,0.0005401026,0.0005401026,0.0005401026
test,3180,tg,1.0,1.0,1.0,1.0,0.00067512825,0.00067512825,0.00067512825
test,3181,tg,0.8333333,0.7941176,0.68292683,0.0,0.0,0.0,0.0
test,3182,tg,1.0,0.9672131,0.852459,1.0,0.00040507698,0.00040507698,0.00067512825
test,3183,ei,1.0,0.6551724,0.57575756,1.0,0.00013502565,0.00013502565,0.00013502565
test,3184,tg,0.5555556,0.4642857,0.3846154,0.0,0.0,0.0,0.0
test,3185,egc,1.0,0.24242425,0.22222222,1.0,0.00013502565,0.00013502565,0.00013502565
test,3186,tg,0.3809524,0.37931034,0.36666667,0.0,0.0,0.0,0.0
test,3187,tg,0.82978725,0.8043478,0.7826087,0.0,0.0,0.0,0.0
test,3188,tg,1.0,0.4318182,0.42857143,1.0,0.00013502565,0.00013502565,0.00013502565
test,3189,tg,0.6,0.6,0.58064514,0.0,0.0,0.0,0.0
test,3190,egc,0.6923077,0.61764705,0.43243244,0.0,0.0,0.0,0.0
test,3191,tg,1.0,0.94871795,0.8717949,1.0,0.0002700513,0.00040507698,0.00067512825
test,3192,tg,1.0,0.7346939,0.7058824,1.0,0.00013502565,0.00013502565,0.0002700513
test,3193,egc,1.0,0.60714287,0.5769231,1.0,0.00013502565,0.00013502565,0.00013502565
test,3194,egc,0.6296296,0.5483871,0.5151515,0.0,0.0,0.0,0.0
test,3195,ei,1.0,1.0,0.64285713,1.0,0.00040507698,0.00040507698,0.00040507698
test,3196,tg,1.0,0.59322035,0.39726028,1.0,0.0002700513,0.0002700513,0.0002700513
test,3197,egc,1.0,0.96153843,0.3888889,1.0,0.00040507698,0.00040507698,0.00040507698
test,3198,tg,0.51111114,0.42857143,0.42857143,0.0,0.0,0.0,0.0
test,3199,tg,0.78571427,0.67469877,0.5421687,0.0,0.0,0.0,0.0
test,3200,eea,1.0,1.0,0.64285713,1.0,0.00040507698,0.00040507698,0.00040507698
test,3201,tg,0.47058824,0.4347826,0.42307693,0.0,0.0,0.0,0.0
test,3202,egc,1.0,0.61702126,0.54545456,1.0,0.00013502565,0.00013502565,0.00013502565
test,3203,egc,0.5625,0.4893617,0.4893617,0.0,0.0,0.0,0.0
test,3204,tg,0.6451613,0.4864865,0.3846154,0.0,0.0,0.0,0.0
test,3205,egc,1.0,0.9655172,0.8666667,1.0,0.0005401026,0.0005401026,0.00067512825
test,3206,tg,0.7808219,0.70886075,0.51428574,0.0,0.0,0.0,0.0
test,3207,egc,1.0,1.0,1.0,1.0,0.0076964623,0.007966514,0.00810154
test,3208,tg,0.5660377,0.537037,0.51724136,0.0,0.0,0.0,0.0
test,3209,tg,1.0,0.7777778,0.62857145,1.0,0.00013502565,0.00013502565,0.00013502565
test,3210,ei,1.0,1.0,0.5555556,1.0,0.00040507698,0.00040507698,0.00040507698
test,3211,tg,1.0,0.67741936,0.6585366,1.0,0.00013502565,0.00013502565,0.00013502565
test,3212,tg,0.62857145,0.6,0.5555556,0.0,0.0,0.0,0.0
test,3213,egc,1.0,0.95652175,0.84615386,1.0,0.00040507698,0.00040507698,0.0005401026
test,3214,tg,0.8448276,0.81666666,0.7647059,0.0,0.0,0.0,0.0
test,3215,egb,1.0,1.0,0.5769231,1.0,0.00040507698,0.00040507698,0.00040507698
test,3216,egc,1.0,0.8333333,0.8333333,1.0,0.0002700513,0.0002700513,0.0002700513
test,3217,tg,1.0,0.9714286,0.6585366,1.0,0.00040507698,0.00040507698,0.00040507698
test,3218,tg,0.6976744,0.63414633,0.5681818,0.0,0.0,0.0,0.0
test,3219,tg,0.7804878,0.74418604,0.5641026,0.0,0.0,0.0,0.0
test,3220,tg,0.64705884,0.61764705,0.6111111,0.0,0.0,0.0,0.0
test,3221,tg,0.7307692,0.46153846,0.4074074,0.0,0.0,0.0,0.0
test,3222,tg,0.9361702,0.76086956,0.7446808,0.0,0.0,0.00013502565,0.00013502565
test,3223,tg,0.8333333,0.71875,0.6666667,0.0,0.0,0.0,0.0
test,3224,tg,1.0,1.0,1.0,1.0,0.0012152309,0.0013502565,0.0013502565
test,3225,tg,0.7234042,0.6888889,0.63265306,0.0,0.0,0.0,0.0
test,3226,egc,1.0,0.9047619,0.6923077,1.0,0.0002700513,0.00040507698,0.00040507698
test,3227,egc,1.0,1.0,0.6111111,1.0,0.0005401026,0.0005401026,0.0005401026
test,3228,tg,0.90625,0.90625,0.90625,0.0,0.0,0.00067512825,0.00067512825
test,3229,tg,1.0,1.0,0.92753625,1.0,0.00040507698,0.0010802052,0.0013502565
test,3230,tg,0.972973,0.7659575,0.7346939,0.0,0.0002700513,0.0002700513,0.0002700513
test,3231,egb,1.0,0.7297297,0.7105263,1.0,0.0002700513,0.0002700513,0.0002700513
test,3232,eps,1.0,1.0,0.6111111,1.0,0.00040507698,0.00040507698,0.00040507698
test,3233,egc,0.41666666,0.41666666,0.37037036,0.0,0.0,0.0,0.0
test,3234,egc,1.0,0.8,0.61764705,1.0,0.00013502565,0.00013502565,0.0002700513
test,3235,tg,0.6315789,0.34146342,0.3409091,0.0,0.0,0.0,0.0
test,3236,tg,1.0,0.6888889,0.67391306,1.0,0.00013502565,0.00013502565,0.00013502565
test,3237,tg,0.875,0.76,0.65217394,0.0,0.0,0.0,0.0002700513
test,3238,tg,0.85106385,0.75,0.6938776,0.0,0.0,0.0,0.00013502565
test,3239,egc,1.0,1.0,0.8965517,1.0,0.00040507698,0.00040507698,0.00081015396
test,3240,tg,0.7941176,0.5588235,0.5294118,0.0,0.0,0.0,0.0
test,3241,tg,0.7407407,0.6666667,0.5714286,0.0,0.0,0.0,0.0
test,3242,eea,1.0,1.0,0.61290324,1.0,0.0005401026,0.0005401026,0.0005401026
test,3243,tg,0.9459459,0.75,0.65,0.0,0.0,0.00013502565,0.0002700513
test,3244,tg,0.4883721,0.37209302,0.36585367,0.0,0.0,0.0,0.0
test,3245,egc,0.7105263,0.5121951,0.4888889,0.0,0.0,0.0,0.0
test,3246,tg,0.9375,0.8913044,0.8541667,0.0,0.0,0.00013502565,0.00081015396
test,3247,egc,0.95454544,0.7777778,0.75,0.0,0.00013502565,0.00013502565,0.00013502565
test,3248,tg,0.6388889,0.61764705,0.5588235,0.0,0.0,0.0,0.0
test,3249,tg,0.59090906,0.3809524,0.375,0.0,0.0,0.0,0.0
test,3250,tg,0.89361703,0.89361703,0.87234044,0.0,0.0,0.0,0.0009451796
test,3251,tg,0.75,0.6666667,0.59574467,0.0,0.0,0.0,0.0
test,3252,tg,1.0,0.78125,0.7058824,1.0,0.00013502565,0.00013502565,0.00013502565
test,3253,tg,0.5588235,0.4516129,0.4516129,0.0,0.0,0.0,0.0
test,3254,tg,0.6511628,0.64285713,0.57894737,0.0,0.0,0.0,0.0
test,3255,egc,0.64285713,0.64,0.62068963,0.0,0.0,0.0,0.0
test,3256,egc,0.70454544,0.6756757,0.575,0.0,0.0,0.0,0.0
test,3257,tg,0.5555556,0.39130434,0.375,0.0,0.0,0.0,0.0
test,3258,egc,0.76666665,0.6666667,0.5945946,0.0,0.0,0.0,0.0
test,3259,tg,0.8,0.5510204,0.46666667,0.0,0.0,0.0,0.0
test,3260,egc,1.0,1.0,0.96875,1.0,0.0010802052,0.0013502565,0.0014852822
test,3261,tg,0.7647059,0.7419355,0.5263158,0.0,0.0,0.0,0.0
test,3262,tg,0.9298246,0.75,0.73333335,0.0,0.0,0.0002700513,0.0002700513
test,3263,egc,0.29850745,0.29411766,0.26785713,0.0,0.0,0.0,0.0
test,3264,eea,1.0,1.0,0.5652174,1.0,0.00040507698,0.00040507698,0.00040507698
test,3265,tg,0.76744187,0.4883721,0.46938777,0.0,0.0,0.0,0.0
test,3266,eps,1.0,1.0,0.4857143,1.0,0.0005401026,0.0005401026,0.0005401026
test,3267,egc,1.0,0.972973,0.972973,1.0,0.0009451796,0.0009451796,0.0009451796
test,3268,egc,1.0,1.0,0.47826087,1.0,0.0005401026,0.0005401026,0.0005401026
test,3269,egc,0.4883721,0.45652175,0.44680852,0.0,0.0,0.0,0.0
test,3270,tg,1.0,0.627907,0.627907,1.0,0.00013502565,0.00013502565,0.00013502565
test,3271,tg,0.68,0.58181816,0.4909091,0.0,0.0,0.0,0.0
test,3272,egb,1.0,0.7096774,0.7096774,1.0,0.00013502565,0.00013502565,0.00013502565
test,3273,tg,1.0,0.7407407,0.7017544,1.0,0.00013502565,0.00013502565,0.0002700513
test,3274,tg,0.8292683,0.64102566,0.62222224,0.0,0.0,0.0,0.0
test,3275,tg,0.73913044,0.70454544,0.68292683,0.0,0.0,0.0,0.0
test,3276,tg,0.53333336,0.516129,0.5,0.0,0.0,0.0,0.0
test,3277,egc,1.0,0.6,0.44827586,1.0,0.00013502565,0.00013502565,0.00013502565
test,3278,egc,1.0,0.6551724,0.6296296,1.0,0.00013502565,0.00013502565,0.00013502565
test,3279,egc,1.0,1.0,0.6,1.0,0.0005401026,0.0005401026,0.0005401026
test,3280,tg,1.0,0.72727275,0.6052632,1.0,0.00013502565,0.00013502565,0.00013502565
test,3281,tg,1.0,0.9268293,0.9268293,1.0,0.00013502565,0.00067512825,0.0012152309
test,3282,egc,1.0,1.0,0.64,1.0,0.00040507698,0.00040507698,0.00040507698
test,3283,tg,0.8767123,0.7605634,0.7368421,0.0,0.0,0.0,0.00013502565
test,3284,tg,1.0,0.7619048,0.6122449,1.0,0.00013502565,0.00013502565,0.00013502565
test,3285,tg,0.75,0.67741936,0.62857145,0.0,0.0,0.0,0.0
test,3286,egc,1.0,0.7826087,0.72,1.0,0.00013502565,0.00013502565,0.0002700513
test,3287,tg,1.0,0.45454547,0.41666666,1.0,0.00013502565,0.00013502565,0.00013502565
test,3288,tg,0.45,0.42857143,0.42857143,0.0,0.0,0.0,0.0
test,3289,nc,1.0,1.0,0.4857143,1.0,0.00040507698,0.00040507698,0.00040507698
test,3290,tg,0.6052632,0.40425533,0.35185185,0.0,0.0,0.0,0.0
test,3291,tg,0.7254902,0.7254902,0.6603774,0.0,0.0,0.0,0.0
test,3292,eea,1.0,1.0,0.64705884,1.0,0.00040507698,0.00040507698,0.00040507698
test,3293,tg,0.75,0.74626863,0.5714286,0.0,0.0,0.0,0.0
test,3294,tg,1.0,0.9047619,0.8974359,1.0,0.0002700513,0.00040507698,0.0028355387
test,3295,tg,0.93333334,0.75949365,0.6962025,0.0,0.0,0.00013502565,0.00013502565
test,3296,tg,1.0,0.78846157,0.6792453,1.0,0.0002700513,0.0002700513,0.0002700513
test,3297,tg,0.7916667,0.75510204,0.7058824,0.0,0.0,0.0,0.0
test,3298,egb,1.0,1.0,0.61764705,1.0,0.0005401026,0.0005401026,0.0005401026
test,3299,tg,0.95652175,0.9111111,0.9111111,0.0,0.00013502565,0.00081015396,0.0012152309
test,3300,egb,0.4117647,0.33333334,0.33333334,0.0,0.0,0.0,0.0
test,3301,tg,0.943662,0.8108108,0.46052632,0.0,0.0,0.00013502565,0.0002700513
test,3302,tg,1.0,0.6041667,0.6,1.0,0.00013502565,0.00013502565,0.00013502565
test,3303,tg,0.8148148,0.6551724,0.4375,0.0,0.0,0.0,0.0
test,3304,tg,0.77272725,0.5,0.5,0.0,0.0,0.0,0.0
test,3305,egb,1.0,1.0,0.6,1.0,0.00040507698,0.00040507698,0.00040507698
test,3306,eps,1.0,0.55,0.55,1.0,0.0002700513,0.0002700513,0.0002700513
test,3307,tg,0.5882353,0.54545456,0.5263158,0.0,0.0,0.0,0.0
test,3308,eea,1.0,0.6896552,0.6896552,1.0,0.0002700513,0.0002700513,0.0002700513
test,3309,egc,1.0,0.6875,0.6451613,1.0,0.0002700513,0.0002700513,0.0002700513
test,3310,tg,1.0,1.0,1.0,1.0,0.0012152309,0.0012152309,0.0018903592
test,3311,egc,1.0,0.64285713,0.56666666,1.0,0.0002700513,0.0002700513,0.0002700513
test,3312,egc,0.4827586,0.44262296,0.3968254,0.0,0.0,0.0,0.0
test,3313,egb,1.0,1.0,0.8888889,1.0,0.00040507698,0.00040507698,0.00067512825
test,3314,ei,1.0,0.6666667,0.6,1.0,0.0002700513,0.0002700513,0.0002700513
test,3315,egc,1.0,1.0,0.516129,1.0,0.00040507698,0.00040507698,0.00040507698
test,3316,tg,0.7903226,0.71666664,0.5967742,0.0,0.0,0.0,0.0
test,3317,tg,0.88235295,0.87323946,0.7941176,0.0,0.0,0.0,0.00040507698
test,3318,tg,1.0,1.0,1.0,1.0,0.00067512825,0.00067512825,0.00067512825
test,3319,nc,1.0,1.0,0.61290324,1.0,0.00040507698,0.00040507698,0.00040507698
test,3320,egc,0.4827586,0.42857143,0.375,0.0,0.0,0.0,0.0
test,3321,egc,1.0,1.0,0.9811321,1.0,0.00067512825,0.00067512825,0.00067512825
test,3322,tg,0.5777778,0.5416667,0.5106383,0.0,0.0,0.0,0.0
test,3323,egb,1.0,0.5686275,0.53061223,1.0,0.00013502565,0.00013502565,0.00013502565
test,3324,egc,1.0,0.8787879,0.6666667,1.0,0.00013502565,0.00013502565,0.0005401026
test,3325,tg,1.0,0.66101694,0.37096775,1.0,0.00013502565,0.00013502565,0.00013502565
test,3326,tg,0.6,0.6,0.5675676,0.0,0.0,0.0,0.0
test,3327,tg,1.0,0.61904764,0.61904764,1.0,0.00013502565,0.00013502565,0.00013502565
test,3328,egc,1.0,1.0,1.0,1.0,0.00081015396,0.00081015396,0.00081015396
test,3329,nc,1.0,1.0,0.68,1.0,0.00040507698,0.00040507698,0.00040507698
test,3330,tg,1.0,0.85106385,0.84090906,1.0,0.00013502565,0.0002700513,0.0005401026
test,3331,tg,0.93333334,0.8888889,0.84090906,0.0,0.0,0.0002700513,0.0005401026
test,3332,egc,1.0,1.0,0.9268293,1.0,0.0005401026,0.00067512825,0.00081015396
test,3333,tg,0.4375,0.4375,0.4117647,0.0,0.0,0.0,0.0
test,3334,tg,0.78723407,0.6938776,0.6304348,0.0,0.0,0.0,0.0
test,3335,egc,1.0,0.61764705,0.61764705,1.0,0.0002700513,0.0002700513,0.0002700513
test,3336,eps,1.0,1.0,0.55,1.0,0.0005401026,0.0005401026,0.0005401026
test,3337,egc,1.0,0.5777778,0.4909091,1.0,0.00013502565,0.00013502565,0.00013502565
test,3338,nc,1.0,1.0,0.56666666,1.0,0.00040507698,0.00040507698,0.00040507698
test,3339,tg,1.0,0.55,0.4117647,1.0,0.00013502565,0.00013502565,0.00013502565
test,3340,tg,1.0,1.0,0.97727275,1.0,0.0009451796,0.0009451796,0.0012152309
test,3341,tg,0.9574468,0.9375,0.8627451,0.0,0.00013502565,0.00040507698,0.00067512825
test,3342,tg,0.72,0.6875,0.6530612,0.0,0.0,0.0,0.0
test,3343,tg,0.754717,0.62068963,0.5555556,0.0,0.0,0.0,0.0
test,3344,eea,1.0,1.0,0.5652174,1.0,0.00040507698,0.00040507698,0.00040507698
test,3345,tg,0.9787234,0.86,0.7058824,0.0,0.00013502565,0.0002700513,0.00040507698
test,3346,tg,0.9268293,0.8636364,0.82608694,0.0,0.0,0.0002700513,0.00040507698
test,3347,tg,1.0,1.0,0.73333335,1.0,0.0005401026,0.0005401026,0.0005401026
test,3348,tg,1.0,0.77272725,0.67391306,1.0,0.00013502565,0.00013502565,0.00013502565
test,3349,egc,0.95652175,0.95652175,0.95652175,0.0,0.00067512825,0.00067512825,0.00081015396
test,3350,egc,0.6363636,0.5263158,0.5,0.0,0.0,0.0,0.0
test,3351,egc,0.7647059,0.7254902,0.7090909,0.0,0.0,0.0,0.0
test,3352,nc,1.0,1.0,0.51724136,1.0,0.0005401026,0.0005401026,0.0005401026
test,3353,tg,1.0,0.6486486,0.58536583,1.0,0.00013502565,0.00013502565,0.00013502565
test,3354,tg,0.75,0.5714286,0.51428574,0.0,0.0,0.0,0.0
test,3355,egc,1.0,0.88235295,0.85,1.0,0.0002700513,0.0002700513,0.0005401026
test,3356,tg,1.0,1.0,0.92753625,1.0,0.00040507698,0.0010802052,0.0013502565
test,3357,eea,1.0,0.5813953,0.54761904,1.0,0.00013502565,0.00013502565,0.00013502565
test,3358,tg,0.6111111,0.6037736,0.58928573,0.0,0.0,0.0,0.0
test,3359,tg,0.7083333,0.6034483,0.56363636,0.0,0.0,0.0,0.0
test,3360,tg,1.0,0.7894737,0.4651163,1.0,0.00013502565,0.00013502565,0.00013502565
test,3361,egc,0.75438595,0.73333335,0.54545456,0.0,0.0,0.0,0.0
test,3362,egc,0.4893617,0.4642857,0.44444445,0.0,0.0,0.0,0.0
test,3363,egc,0.6571429,0.53488374,0.4651163,0.0,0.0,0.0,0.0
test,3364,tg,1.0,0.6451613,0.6060606,1.0,0.00013502565,0.00013502565,0.00013502565
test,3365,tg,0.82,0.55172414,0.5,0.0,0.0,0.0,0.0
test,3366,tg,1.0,0.4722222,0.41860464,1.0,0.00013502565,0.00013502565,0.00013502565
test,3367,eps,1.0,1.0,0.48387095,1.0,0.00040507698,0.00040507698,0.00040507698
test,3368,tg,0.41935483,0.35135135,0.33333334,0.0,0.0,0.0,0.0
test,3369,egb,1.0,1.0,0.56666666,1.0,0.00040507698,0.00040507698,0.00040507698
test,3370,tg,1.0,0.7346939,0.7058824,1.0,0.00013502565,0.00013502565,0.0002700513
test,3371,tg,1.0,0.87096775,0.8064516,1.0,0.0002700513,0.0002700513,0.00040507698
test,3372,tg,0.9142857,0.7837838,0.51282054,0.0,0.0,0.0002700513,0.0002700513
test,3373,tg,0.8965517,0.50769234,0.49253732,0.0,0.0,0.0,0.00013502565
test,3374,tg,0.92727274,0.8360656,0.6229508,0.0,0.0,0.00013502565,0.0002700513
test,3375,eea,1.0,1.0,0.56666666,1.0,0.00040507698,0.00040507698,0.00040507698
test,3376,egc,0.67741936,0.4848485,0.45945945,0.0,0.0,0.0,0.0
test,3377,tg,0.65957445,0.6415094,0.6363636,0.0,0.0,0.0,0.0
test,3378,egb,1.0,0.375,0.3529412,1.0,0.00013502565,0.00013502565,0.00013502565
test,3379,tg,0.65789473,0.6097561,0.5531915,0.0,0.0,0.0,0.0
test,3380,tg,0.6551724,0.6034483,0.5833333,0.0,0.0,0.0,0.0
test,3381,egc,1.0,1.0,1.0,1.0,0.0033756413,0.004320821,0.005130975
test,3382,tg,0.8679245,0.7894737,0.68333334,0.0,0.0,0.0,0.00013502565
test,3383,egc,0.8888889,0.6333333,0.4857143,0.0,0.0,0.0,0.00013502565
test,3384,tg,0.6904762,0.6,0.5185185,0.0,0.0,0.0,0.0
test,3385,egb,1.0,0.6363636,0.625,1.0,0.0002700513,0.0002700513,0.0002700513
test,3386,tg,0.96428573,0.9259259,0.79310346,0.0,0.00013502565,0.00040507698,0.00040507698
test,3387,nc,1.0,1.0,0.6451613,1.0,0.0005401026,0.0005401026,0.0005401026
test,3388,tg,0.8,0.7254902,0.7083333,0.0,0.0,0.0,0.0
test,3389,tg,0.7708333,0.7346939,0.71428573,0.0,0.0,0.0,0.0
test,3390,eea,1.0,1.0,0.55,1.0,0.0005401026,0.0005401026,0.0005401026
test,3391,ei,1.0,1.0,0.64285713,1.0,0.0005401026,0.0005401026,0.0005401026
test,3392,ei,1.0,1.0,0.7777778,1.0,0.0005401026,0.0005401026,0.0005401026
test,3393,tg,0.5882353,0.54545456,0.54347825,0.0,0.0,0.0,0.0
test,3394,tg,0.71794873,0.6744186,0.6486486,0.0,0.0,0.0,0.0
test,3395,ei,1.0,1.0,0.4888889,1.0,0.00040507698,0.00040507698,0.00040507698
test,3396,egc,1.0,0.8235294,0.6486486,1.0,0.0002700513,0.0002700513,0.0002700513
test,3397,tg,1.0,0.94736844,0.84210527,1.0,0.0002700513,0.0005401026,0.0005401026
test,3398,egc,0.7714286,0.75,0.5192308,0.0,0.0,0.0,0.0
test,3399,tg,0.9137931,0.7419355,0.6515151,0.0,0.0,0.00013502565,0.00013502565
test,3400,tg,1.0,1.0,0.74,1.0,0.00040507698,0.0005401026,0.0005401026
test,3401,egc,1.0,0.71875,0.64705884,1.0,0.00013502565,0.00013502565,0.00013502565
test,3402,eea,1.0,1.0,1.0,1.0,0.00067512825,0.00067512825,0.00067512825
test,3403,tg,0.84375,0.7096774,0.6935484,0.0,0.0,0.0,0.0
test,3404,tg,0.60714287,0.516129,0.5,0.0,0.0,0.0,0.0
test,3405,tg,0.73333335,0.67346936,0.67346936,0.0,0.0,0.0,0.0
test,3406,tg,0.57894737,0.46153846,0.4047619,0.0,0.0,0.0,0.0
test,3407,egc,0.7804878,0.775,0.775,0.0,0.0,0.0,0.0
test,3408,tg,0.5857143,0.49411765,0.46478873,0.0,0.0,0.0,0.0
test,3409,tg,1.0,0.6666667,0.61538464,1.0,0.00013502565,0.00013502565,0.00013502565
test,3410,egc,1.0,0.3,0.26923078,1.0,0.00013502565,0.00013502565,0.00013502565
test,3411,egb,0.23076923,0.22727273,0.20833333,0.0,0.0,0.0,0.0
test,3412,tg,0.53571427,0.53571427,0.5,0.0,0.0,0.0,0.0
test,3413,nc,1.0,1.0,0.6,1.0,0.00040507698,0.00040507698,0.00040507698
test,3414,egc,0.96666664,0.96666664,0.75757575,0.0,0.0005401026,0.0005401026,0.0005401026
test,3415,tg,0.8518519,0.5483871,0.3255814,0.0,0.0,0.0,0.0002700513
test,3416,tg,0.57575756,0.5675676,0.525,0.0,0.0,0.0,0.0
test,3417,tg,0.7777778,0.7291667,0.5263158,0.0,0.0,0.0,0.0
test,3418,tg,1.0,0.88461536,0.88461536,1.0,0.0002700513,0.0002700513,0.00081015396
test,3419,tg,1.0,0.5,0.44444445,1.0,0.0002700513,0.0002700513,0.0002700513
test,3420,tg,0.6,0.6,0.6,0.0,0.0,0.0,0.0
test,3421,tg,1.0,0.4318182,0.42857143,1.0,0.00013502565,0.00013502565,0.00013502565
test,3422,tg,0.8125,0.74285716,0.74285716,0.0,0.0,0.0,0.0
test,3423,nc,1.0,1.0,0.6666667,1.0,0.0005401026,0.0005401026,0.0005401026
test,3424,eea,1.0,1.0,0.53571427,1.0,0.0005401026,0.0005401026,0.0005401026
test,3425,tg,0.57894737,0.42857143,0.4117647,0.0,0.0,0.0,0.0
test,3426,eea,1.0,0.62068963,0.62068963,1.0,0.00013502565,0.00013502565,0.00013502565
test,3427,tg,1.0,0.7183099,0.46666667,1.0,0.0002700513,0.0002700513,0.0002700513
test,3428,egc,0.37037036,0.31707317,0.31707317,0.0,0.0,0.0,0.0
test,3429,tg,0.88461536,0.76363635,0.76,0.0,0.0,0.0,0.00013502565
test,3430,tg,0.84126985,0.7647059,0.73333335,0.0,0.0,0.0,0.0
test,3431,tg,0.64,0.5483871,0.43589744,0.0,0.0,0.0,0.0
test,3432,egc,1.0,1.0,0.67741936,1.0,0.0005401026,0.0005401026,0.0005401026
test,3433,tg,1.0,0.62857145,0.6,1.0,0.00013502565,0.0002700513,0.0002700513
test,3434,nc,0.54545456,0.53125,0.53125,0.0,0.0,0.0,0.0
test,3435,tg,0.902439,0.8043478,0.72,0.0,0.0,0.00013502565,0.0002700513
test,3436,tg,0.75757575,0.7222222,0.5945946,0.0,0.0,0.0,0.0
test,3437,eps,1.0,1.0,0.6,1.0,0.00040507698,0.00040507698,0.00040507698
test,3438,tg,1.0,0.53061223,0.53061223,1.0,0.00013502565,0.00013502565,0.00013502565
test,3439,tg,0.6666667,0.6666667,0.6458333,0.0,0.0,0.0,0.0
test,3440,egc,0.8214286,0.79310346,0.64285713,0.0,0.0,0.0,0.0
test,3441,eps,1.0,0.96428573,0.7777778,1.0,0.0005401026,0.0005401026,0.0005401026
test,3442,tg,0.73770493,0.67241377,0.67241377,0.0,0.0,0.0,0.0
test,3443,egc,1.0,1.0,0.96875,1.0,0.00081015396,0.0009451796,0.0009451796
test,3444,tg,0.50877196,0.5,0.45614034,0.0,0.0,0.0,0.0
test,3445,eps,1.0,0.45238096,0.44444445,1.0,0.00013502565,0.00013502565,0.00013502565
test,3446,egc,1.0,1.0,0.53846157,1.0,0.0005401026,0.0005401026,0.0005401026
test,3447,tg,1.0,0.94871795,0.85,1.0,0.00013502565,0.00040507698,0.00040507698
test,3448,egc,0.65217394,0.5652174,0.53846157,0.0,0.0,0.0,0.0
test,3449,egc,1.0,1.0,0.9411765,1.0,0.00040507698,0.00067512825,0.00067512825
test,3450,tg,0.6944444,0.6111111,0.6111111,0.0,0.0,0.0,0.0
test,3451,tg,0.9189189,0.70731705,0.47826087,0.0,0.0,0.0002700513,0.0002700513
test,3452,eea,1.0,0.68,0.68,1.0,0.0002700513,0.0002700513,0.0002700513
test,3453,egc,0.5862069,0.52,0.44827586,0.0,0.0,0.0,0.0
test,3454,tg,1.0,1.0,1.0,1.0,0.0009451796,0.0010802052,0.0010802052
test,3455,eps,1.0,1.0,0.6666667,1.0,0.00040507698,0.00040507698,0.00040507698
test,3456,egc,1.0,0.73214287,0.71929824,1.0,0.0002700513,0.0002700513,0.0002700513
test,3457,eps,1.0,1.0,0.516129,1.0,0.00040507698,0.00040507698,0.00040507698
test,3458,egc,1.0,1.0,1.0,1.0,0.002025385,0.002025385,0.0024304618
test,3459,tg,0.9,0.85,0.85,0.0,0.0,0.0,0.0002700513
test,3460,tg,0.6111111,0.5217391,0.42105263,0.0,0.0,0.0,0.0
test,3461,egb,0.33333334,0.1904762,0.1764706,0.0,0.0,0.0,0.0
test,3462,tg,0.86440676,0.86440676,0.8245614,0.0,0.0,0.0,0.00040507698
test,3463,tg,0.9074074,0.6363636,0.6086956,0.0,0.0,0.00013502565,0.00013502565
test,3464,eps,1.0,1.0,0.61904764,1.0,0.0005401026,0.0005401026,0.0005401026
test,3465,egc,0.8,0.59090906,0.45652175,0.0,0.0,0.0,0.0
test,3466,egc,0.625,0.5185185,0.41379312,0.0,0.0,0.0,0.0
test,3467,tg,0.98245615,0.44047618,0.41758242,0.0,0.00013502565,0.00013502565,0.00013502565
test,3468,tg,0.9230769,0.7083333,0.7083333,0.0,0.0,0.00013502565,0.00013502565
test,3469,tg,1.0,0.9137931,0.90163934,1.0,0.00013502565,0.00081015396,0.0009451796
test,3470,tg,0.7948718,0.7209302,0.70454544,0.0,0.0,0.0,0.0
test,3471,tg,1.0,0.85714287,0.7586207,1.0,0.0002700513,0.0002700513,0.00040507698
test,3472,tg,0.82758623,0.79310346,0.78688526,0.0,0.0,0.0,0.0
test,3473,egc,0.45,0.41666666,0.36,0.0,0.0,0.0,0.0
test,3474,egc,0.67741936,0.5,0.3783784,0.0,0.0,0.0,0.0
test,3475,egc,1.0,1.0,1.0,1.0,0.00067512825,0.00067512825,0.00067512825
test,3476,tg,1.0,0.54545456,0.54545456,1.0,0.00013502565,0.00013502565,0.00013502565
test,3477,egc,0.8780488,0.61702126,0.59090906,0.0,0.0,0.0,0.00013502565
test,3478,egc,0.7058824,0.6666667,0.5555556,0.0,0.0,0.0,0.0
test,3479,egc,1.0,0.6122449,0.6111111,1.0,0.00013502565,0.00013502565,0.00013502565
test,3480,tg,1.0,0.6097561,0.5609756,1.0,0.0002700513,0.0002700513,0.0002700513
test,3481,tg,0.55932206,0.5344828,0.45454547,0.0,0.0,0.0,0.0
test,3482,tg,1.0,1.0,1.0,1.0,0.00067512825,0.00067512825,0.00067512825
test,3483,tg,0.62222224,0.6086956,0.5319149,0.0,0.0,0.0,0.0
test,3484,tg,0.7714286,0.7297297,0.6666667,0.0,0.0,0.0,0.0
test,3485,nc,1.0,1.0,0.8888889,1.0,0.00040507698,0.00040507698,0.00081015396
test,3486,tg,0.76744187,0.725,0.56363636,0.0,0.0,0.0,0.0
test,3487,egc,1.0,0.9310345,0.9032258,1.0,0.0002700513,0.0010802052,0.0016203079
test,3488,eps,1.0,0.6666667,0.6,1.0,0.0002700513,0.0002700513,0.0002700513
test,3489,egc,0.44444445,0.34246576,0.33333334,0.0,0.0,0.0,0.0
test,3490,egb,1.0,1.0,0.84615386,1.0,0.0005401026,0.0005401026,0.0005401026
test,3491,egc,0.61290324,0.6052632,0.5,0.0,0.0,0.0,0.0
test,3492,egc,1.0,0.80487806,0.78571427,1.0,0.00013502565,0.00013502565,0.00013502565
test,3493,tg,0.67346936,0.66,0.66,0.0,0.0,0.0,0.0
test,3494,tg,1.0,0.35714287,0.3,1.0,0.00013502565,0.00013502565,0.00013502565
test,3495,egc,1.0,1.0,1.0,1.0,0.0012152309,0.0012152309,0.0018903592
test,3496,tg,0.71428573,0.47826087,0.46666667,0.0,0.0,0.0,0.0
test,3497,egb,1.0,0.6111111,0.6111111,1.0,0.0002700513,0.0002700513,0.0002700513
test,3498,egc,1.0,0.9714286,0.675,1.0,0.0005401026,0.0005401026,0.0005401026
test,3499,tg,0.73913044,0.5833333,0.5769231,0.0,0.0,0.0,0.0
test,3500,tg,0.5,0.44827586,0.36666667,0.0,0.0,0.0,0.0
test,3501,tg,1.0,0.80487806,0.78571427,1.0,0.00013502565,0.00013502565,0.00013502565
test,3502,egc,0.49019608,0.3783784,0.31578946,0.0,0.0,0.0,0.0
test,3503,egc,0.9166667,0.65789473,0.47619048,0.0,0.0,0.00013502565,0.0002700513
test,3504,tg,0.5217391,0.35,0.32,0.0,0.0,0.0,0.0
test,3505,tg,0.71929824,0.6101695,0.4848485,0.0,0.0,0.0,0.0
test,3506,tg,0.7346939,0.7297297,0.6511628,0.0,0.0,0.0,0.0
test,3507,egc,1.0,1.0,1.0,1.0,0.002025385,0.002025385,0.0024304618
test,3508,eea,1.0,1.0,0.64705884,1.0,0.00040507698,0.00040507698,0.00040507698
test,3509,egc,1.0,0.9189189,0.85,1.0,0.00013502565,0.0005401026,0.0005401026
test,3510,tg,0.7692308,0.754717,0.72727275,0.0,0.0,0.0,0.0
test,3511,nc,1.0,0.5833333,0.56,1.0,0.0002700513,0.0002700513,0.0002700513
test,3512,tg,1.0,0.9677419,0.9677419,1.0,0.00081015396,0.00081015396,0.0014852822
test,3513,tg,0.7352941,0.625,0.42105263,0.0,0.0,0.0,0.0
test,3514,egc,1.0,0.6938776,0.6666667,1.0,0.00013502565,0.00013502565,0.0002700513
test,3515,tg,0.6363636,0.46666667,0.42105263,0.0,0.0,0.0,0.0
test,3516,egb,1.0,1.0,0.88461536,1.0,0.0005401026,0.0005401026,0.00081015396
test,3517,tg,0.74358976,0.73170733,0.71428573,0.0,0.0,0.0,0.0
test,3518,egc,0.96875,0.90909094,0.8235294,0.0,0.0002700513,0.0005401026,0.0005401026
test,3519,tg,1.0,0.6615385,0.5862069,1.0,0.00013502565,0.00013502565,0.00013502565
test,3520,tg,0.8,0.7592593,0.7234042,0.0,0.0,0.0,0.0
test,3521,nc,1.0,1.0,0.45454547,1.0,0.00040507698,0.00040507698,0.00040507698
test,3522,tg,1.0,0.3478261,0.32,1.0,0.00013502565,0.00013502565,0.00013502565
test,3523,egc,0.3888889,0.2777778,0.27586207,0.0,0.0,0.0,0.0
test,3524,egc,0.8333333,0.8064516,0.7419355,0.0,0.0,0.0,0.0
test,3525,egc,1.0,1.0,1.0,1.0,0.00067512825,0.0010802052,0.0012152309
test,3526,tg,1.0,0.8333333,0.78723407,1.0,0.0002700513,0.0002700513,0.0002700513
test,3527,nc,1.0,1.0,0.5652174,1.0,0.00040507698,0.00040507698,0.00040507698
test,3528,tg,0.8703704,0.6440678,0.60655737,0.0,0.0,0.0,0.00013502565
test,3529,tg,0.6097561,0.375,0.35897437,0.0,0.0,0.0,0.0
test,3530,egb,1.0,1.0,0.7037037,1.0,0.00040507698,0.00040507698,0.00040507698
test,3531,tg,0.6333333,0.5277778,0.5263158,0.0,0.0,0.0,0.0
test,3532,tg,0.8360656,0.765625,0.67241377,0.0,0.0,0.0,0.0
test,3533,tg,0.5692308,0.5671642,0.5277778,0.0,0.0,0.0,0.0
test,3534,egc,1.0,0.47368422,0.47368422,1.0,0.00013502565,0.00013502565,0.00013502565
test,3535,tg,0.8541667,0.7291667,0.6909091,0.0,0.0,0.0,0.00013502565
test,3536,egb,1.0,1.0,0.5769231,1.0,0.00040507698,0.00040507698,0.00040507698
test,3537,tg,1.0,0.67391306,0.6511628,1.0,0.00013502565,0.00013502565,0.00013502565
test,3538,egb,1.0,0.42307693,0.36363637,1.0,0.00013502565,0.00013502565,0.00013502565
test,3539,tg,0.65384614,0.5185185,0.51724136,0.0,0.0,0.0,0.0
test,3540,tg,1.0,0.6976744,0.67391306,1.0,0.00013502565,0.00013502565,0.00013502565
test,3541,tg,0.96428573,0.54545456,0.54545456,0.0,0.00013502565,0.00013502565,0.00013502565
test,3542,egc,0.6956522,0.6,0.5769231,0.0,0.0,0.0,0.0
test,3543,tg,0.6388889,0.5116279,0.5,0.0,0.0,0.0,0.0
test,3544,tg,0.7368421,0.7,0.6666667,0.0,0.0,0.0,0.0
test,3545,egc,1.0,0.8636364,0.8333333,1.0,0.00013502565,0.00013502565,0.00040507698
test,3546,egb,1.0,0.39285713,0.3,1.0,0.00013502565,0.00013502565,0.00013502565
test,3547,tg,0.8918919,0.76744187,0.73333335,0.0,0.0,0.0,0.0002700513
test,3548,egb,1.0,1.0,0.42424244,1.0,0.00040507698,0.00040507698,0.00040507698
test,3549,nc,1.0,0.5555556,0.5555556,1.0,0.0002700513,0.0002700513,0.0002700513
test,3550,egc,0.5,0.47826087,0.44680852,0.0,0.0,0.0,0.0
test,3551,egc,1.0,1.0,1.0,1.0,0.00067512825,0.00067512825,0.00067512825
test,3552,egc,1.0,1.0,1.0,1.0,0.002025385,0.002025385,0.002025385
test,3553,egc,1.0,0.6,0.5833333,1.0,0.00013502565,0.00013502565,0.00013502565
test,3554,tg,0.4814815,0.44827586,0.34375,0.0,0.0,0.0,0.0
test,3555,egb,1.0,1.0,0.4814815,1.0,0.00040507698,0.00040507698,0.00040507698
test,3556,eea,1.0,1.0,0.60714287,1.0,0.00040507698,0.00040507698,0.00040507698
test,3557,tg,0.7714286,0.6756757,0.6571429,0.0,0.0,0.0,0.0
test,3558,ei,1.0,1.0,0.4814815,1.0,0.00040507698,0.00040507698,0.00040507698
test,3559,tg,1.0,1.0,0.5660377,1.0,0.00040507698,0.00040507698,0.00040507698
test,3560,tg,0.67241377,0.46296296,0.44444445,0.0,0.0,0.0,0.0
test,3561,ei,1.0,1.0,0.6,1.0,0.0005401026,0.0005401026,0.0005401026
test,3562,tg,0.5714286,0.5625,0.54285717,0.0,0.0,0.0,0.0
test,3563,tg,0.96,0.88461536,0.88461536,0.0,0.00013502565,0.0002700513,0.004590872
test,3564,egc,1.0,1.0,0.95652175,1.0,0.00067512825,0.00067512825,0.00067512825
test,3565,egc,0.7777778,0.7222222,0.6,0.0,0.0,0.0,0.0
test,3566,tg,0.9714286,0.74285716,0.74285716,0.0,0.00013502565,0.00013502565,0.00013502565
test,3567,nc,1.0,1.0,0.6,1.0,0.00040507698,0.00040507698,0.00040507698
test,3568,tg,0.54,0.50980395,0.509434,0.0,0.0,0.0,0.0
test,3569,tg,0.8913044,0.8,0.7254902,0.0,0.0,0.0,0.00013502565
test,3570,tg,0.72727275,0.62857145,0.61764705,0.0,0.0,0.0,0.0
test,3571,tg,0.7916667,0.6923077,0.6730769,0.0,0.0,0.0,0.0
test,3572,nc,1.0,1.0,0.82222223,1.0,0.00040507698,0.00040507698,0.00040507698
test,3573,egc,1.0,0.5294118,0.5,1.0,0.00013502565,0.00013502565,0.00013502565
test,3574,egc,0.46666667,0.4642857,0.4375,0.0,0.0,0.0,0.0
test,3575,eea,1.0,1.0,0.61904764,1.0,0.00040507698,0.00040507698,0.00040507698
test,3576,egc,0.3888889,0.37142858,0.35135135,0.0,0.0,0.0,0.0
test,3577,egc,1.0,0.39473686,0.34146342,1.0,0.00013502565,0.00013502565,0.00013502565
test,3578,tg,1.0,0.9,0.775,1.0,0.00013502565,0.0002700513,0.0005401026
test,3579,nc,1.0,1.0,0.61290324,1.0,0.0005401026,0.0005401026,0.0005401026
test,3580,tg,1.0,0.8490566,0.6545454,1.0,0.0002700513,0.0002700513,0.0002700513
test,3581,tg,0.76086956,0.7346939,0.7,0.0,0.0,0.0,0.0
test,3582,tg,0.5192308,0.49056605,0.4888889,0.0,0.0,0.0,0.0
test,3583,tg,0.71794873,0.6363636,0.6086956,0.0,0.0,0.0,0.0
test,3584,egc,1.0,0.8,0.76666665,1.0,0.0002700513,0.0002700513,0.0002700513
test,3585,tg,0.75,0.6458333,0.537037,0.0,0.0,0.0,0.0
test,3586,ei,1.0,1.0,1.0,1.0,0.00067512825,0.00067512825,0.00067512825
test,3587,tg,1.0,0.9032258,0.83870965,1.0,0.0002700513,0.0005401026,0.0005401026
test,3588,egc,1.0,1.0,0.5652174,1.0,0.00040507698,0.00040507698,0.00040507698
test,3589,tg,0.97727275,0.8958333,0.7708333,0.0,0.00013502565,0.0002700513,0.00040507698
test,3590,eea,1.0,1.0,0.5416667,1.0,0.00040507698,0.00040507698,0.00040507698
test,3591,egc,0.9302326,0.7346939,0.67391306,0.0,0.0,0.00013502565,0.00013502565
test,3592,tg,0.8888889,0.73333335,0.5531915,0.0,0.0,0.0,0.00013502565
test,3593,egc,0.29411766,0.22222222,0.21428572,0.0,0.0,0.0,0.0
test,3594,tg,0.9302326,0.5652174,0.4680851,0.0,0.0,0.00013502565,0.00013502565
test,3595,egc,1.0,1.0,1.0,1.0,0.0013502565,0.0014852822,0.0014852822
test,3596,tg,1.0,1.0,1.0,1.0,0.0009451796,0.0010802052,0.0010802052
test,3597,tg,0.8360656,0.7058824,0.6885246,0.0,0.0,0.0,0.0
test,3598,tg,0.71428573,0.71428573,0.6944444,0.0,0.0,0.0,0.0
test,3599,tg,0.6666667,0.5217391,0.5,0.0,0.0,0.0,0.0
test,3600,egc,0.53571427,0.5,0.4909091,0.0,0.0,0.0,0.0
test,3601,tg,0.972973,0.94736844,0.8974359,0.0,0.0002700513,0.00040507698,0.00081015396
test,3602,tg,0.7446808,0.5686275,0.51666665,0.0,0.0,0.0,0.0
test,3603,ei,1.0,1.0,0.6551724,1.0,0.00040507698,0.00040507698,0.00040507698
test,3604,egb,1.0,0.96428573,0.75,1.0,0.0005401026,0.0005401026,0.0005401026
test,3605,tg,1.0,0.6666667,0.6666667,1.0,0.00013502565,0.00013502565,0.00013502565
test,3606,nc,1.0,0.68,0.68,1.0,0.0002700513,0.0002700513,0.0002700513
test,3607,egc,0.82857144,0.82857144,0.82857144,0.0,0.0,0.0,0.0
test,3608,tg,0.7205882,0.70422536,0.5764706,0.0,0.0,0.0,0.0
test,3609,tg,1.0,0.88461536,0.88461536,1.0,0.00013502565,0.00013502565,0.00067512825
test,3610,tg,0.4117647,0.4117647,0.35,0.0,0.0,0.0,0.0
test,3611,egc,0.85714287,0.51428574,0.51428574,0.0,0.0,0.0,0.00013502565
test,3612,tg,1.0,0.8367347,0.7222222,1.0,0.00013502565,0.00013502565,0.00013502565
test,3613,egb,1.0,1.0,1.0,1.0,0.0033756413,0.004320821,0.005130975
test,3614,eps,1.0,1.0,0.61538464,1.0,0.0005401026,0.0005401026,0.0005401026
test,3615,eps,1.0,1.0,0.7692308,1.0,0.0005401026,0.0005401026,0.0005401026
test,3616,tg,0.5,0.48333332,0.47619048,0.0,0.0,0.0,0.0
test,3617,ei,1.0,1.0,0.57575756,1.0,0.00040507698,0.00040507698,0.00040507698
test,3618,egc,0.8484849,0.68421054,0.3888889,0.0,0.0,0.0,0.0
test,3619,tg,1.0,0.8,0.5652174,1.0,0.00013502565,0.00013502565,0.00013502565
test,3620,tg,0.7037037,0.6896552,0.6451613,0.0,0.0,0.0,0.0
test,3621,tg,1.0,1.0,1.0,1.0,0.00067512825,0.00067512825,0.00067512825
test,3622,egc,0.96666664,0.75,0.61764705,0.0,0.00013502565,0.00013502565,0.0002700513
test,3623,tg,0.88461536,0.8333333,0.8181818,0.0,0.0,0.0,0.00013502565
test,3624,tg,1.0,0.8,0.6764706,1.0,0.00013502565,0.00013502565,0.00013502565
test,3625,tg,1.0,1.0,0.84,1.0,0.0005401026,0.0005401026,0.0005401026
test,3626,tg,0.5769231,0.5555556,0.5416667,0.0,0.0,0.0,0.0
test,3627,tg,1.0,1.0,0.6585366,1.0,0.0005401026,0.0005401026,0.0005401026
test,3628,egc,1.0,0.6451613,0.5555556,1.0,0.00013502565,0.00013502565,0.00013502565
test,3629,tg,0.76086956,0.6923077,0.6923077,0.0,0.0,0.0,0.0
test,3630,tg,0.8695652,0.8125,0.7708333,0.0,0.0,0.0,0.00013502565
test,3631,tg,0.8979592,0.7692308,0.76086956,0.0,0.0,0.0,0.00013502565
test,3632,tg,1.0,0.87234044,0.87234044,1.0,0.00013502565,0.00013502565,0.00081015396
test,3633,tg,0.6805556,0.6351351,0.44117647,0.0,0.0,0.0,0.0
test,3634,tg,0.6938776,0.5925926,0.5625,0.0,0.0,0.0,0.0
test,3635,tg,0.7407407,0.6666667,0.61538464,0.0,0.0,0.0,0.0
test,3636,egc,0.4,0.4,0.3939394,0.0,0.0,0.0,0.0
test,3637,tg,1.0,1.0,1.0,1.0,0.00081015396,0.0010802052,0.0014852822
test,3638,tg,0.5423729,0.47540984,0.4375,0.0,0.0,0.0,0.0
test,3639,egc,1.0,1.0,0.8604651,1.0,0.00040507698,0.00040507698,0.00067512825
test,3640,tg,0.8541667,0.7346939,0.6603774,0.0,0.0,0.0,0.00013502565
test,3641,tg,0.7818182,0.7407407,0.6896552,0.0,0.0,0.0,0.0
test,3642,tg,1.0,1.0,0.7692308,1.0,0.0005401026,0.0005401026,0.0005401026
test,3643,tg,0.8125,0.7631579,0.74285716,0.0,0.0,0.0,0.0
test,3644,ei,1.0,0.625,0.625,1.0,0.00013502565,0.00013502565,0.00013502565
test,3645,tg,0.8857143,0.8095238,0.7894737,0.0,0.0,0.0,0.0002700513
test,3646,eea,1.0,1.0,0.5882353,1.0,0.0005401026,0.0005401026,0.0005401026
test,3647,egc,1.0,1.0,0.5,1.0,0.0005401026,0.0005401026,0.0005401026
test,3648,tg,0.95652175,0.9111111,0.9111111,0.0,0.00013502565,0.00081015396,0.0012152309
test,3649,tg,1.0,0.8214286,0.53333336,1.0,0.0002700513,0.0002700513,0.0002700513
test,3650,egc,1.0,0.8181818,0.7027027,1.0,0.00013502565,0.00013502565,0.00013502565
test,3651,tg,0.85714287,0.7468355,0.5671642,0.0,0.0,0.0,0.00013502565
test,3652,tg,1.0,1.0,1.0,1.0,0.0009451796,0.0010802052,0.0010802052
test,3653,tg,0.9591837,0.75510204,0.5423729,0.0,0.00013502565,0.00013502565,0.00013502565
test,3654,tg,0.92,0.7735849,0.7719298,0.0,0.0,0.00013502565,0.00013502565
test,3655,nc,1.0,0.71428573,0.71428573,1.0,0.0002700513,0.0002700513,0.0002700513
test,3656,tg,1.0,0.85365856,0.8333333,1.0,0.00013502565,0.0002700513,0.00040507698
test,3657,egc,0.5,0.44,0.44,0.0,0.0,0.0,0.0
test,3658,egc,1.0,0.53333336,0.53333336,1.0,0.00013502565,0.00013502565,0.00013502565
test,3659,eps,1.0,1.0,0.5,1.0,0.00040507698,0.00040507698,0.00040507698
test,3660,ei,1.0,1.0,0.6060606,1.0,0.0005401026,0.0005401026,0.0005401026
test,3661,tg,0.7380952,0.29545453,0.23076923,0.0,0.0,0.0,0.0
test,3662,nc,1.0,1.0,0.73913044,1.0,0.00040507698,0.00040507698,0.00040507698
test,3663,egc,0.5217391,0.5217391,0.5217391,0.0,0.0,0.0,0.0
test,3664,tg,1.0,0.9714286,0.6585366,1.0,0.00040507698,0.00040507698,0.00040507698
test,3665,egc,1.0,1.0,0.4857143,1.0,0.0005401026,0.0005401026,0.0005401026
test,3666,tg,1.0,0.95714283,0.9411765,1.0,0.00040507698,0.00081015396,0.0012152309
test,3667,tg,0.94545454,0.94545454,0.83870965,0.0,0.0,0.00040507698,0.0005401026
test,3668,tg,0.8372093,0.6041667,0.5625,0.0,0.0,0.0,0.0
test,3669,tg,0.9807692,0.8035714,0.67741936,0.0,0.00013502565,0.00013502565,0.00013502565
test,3670,egc,1.0,0.42857143,0.3030303,1.0,0.00013502565,0.00013502565,0.00013502565
test,3671,ei,1.0,1.0,0.57575756,1.0,0.00040507698,0.00040507698,0.00040507698
test,3672,tg,0.5714286,0.5,0.4385965,0.0,0.0,0.0,0.0
test,3673,egc,0.59090906,0.3809524,0.375,0.0,0.0,0.0,0.0
test,3674,tg,0.64615387,0.6101695,0.5862069,0.0,0.0,0.0,0.0
test,3675,tg,1.0,1.0,0.7692308,1.0,0.0005401026,0.0005401026,0.0005401026
test,3676,tg,1.0,0.6744186,0.65909094,1.0,0.0002700513,0.0002700513,0.0002700513
test,3677,tg,0.95555556,0.45833334,0.41269842,0.0,0.00013502565,0.00013502565,0.00013502565
test,3678,tg,0.84615386,0.54545456,0.5,0.0,0.0,0.0,0.0
test,3679,eps,1.0,1.0,0.8888889,1.0,0.00040507698,0.00040507698,0.00067512825
test,3680,egc,0.4716981,0.46938777,0.4509804,0.0,0.0,0.0,0.0
test,3681,tg,0.8867925,0.7407407,0.6909091,0.0,0.0,0.0,0.00013502565
test,3682,tg,0.5675676,0.53846157,0.525,0.0,0.0,0.0,0.0
test,3683,tg,0.7592593,0.6567164,0.63492066,0.0,0.0,0.0,0.0
test,3684,tg,0.625,0.6,0.5833333,0.0,0.0,0.0,0.0
test,3685,tg,1.0,0.9142857,0.90625,1.0,0.00013502565,0.00067512825,0.0009451796
test,3686,tg,0.84313726,0.63793105,0.6315789,0.0,0.0,0.0,0.0
test,3687,tg,1.0,0.53846157,0.53846157,1.0,0.00013502565,0.00013502565,0.00013502565
test,3688,tg,0.94,0.94,0.94,0.0,0.0,0.00067512825,0.00067512825
test,3689,egc,1.0,1.0,0.7692308,1.0,0.0005401026,0.0005401026,0.0005401026
test,3690,tg,0.90909094,0.6545454,0.61702126,0.0,0.0,0.00013502565,0.00013502565
test,3691,tg,0.71875,0.5,0.4375,0.0,0.0,0.0,0.0
test,3692,tg,0.82,0.7735849,0.66,0.0,0.0,0.0,0.0
test,3693,tg,0.8108108,0.7916667,0.5217391,0.0,0.0,0.0,0.0
test,3694,egb,1.0,1.0,0.67741936,1.0,0.00040507698,0.00040507698,0.00040507698
test,3695,tg,0.91525424,0.9,0.87096775,0.0,0.0,0.0002700513,0.00081015396
test,3696,tg,0.8333333,0.67346936,0.54385966,0.0,0.0,0.0,0.0
test,3697,eea,1.0,1.0,0.5,1.0,0.00040507698,0.00040507698,0.00040507698
test,3698,tg,1.0,1.0,1.0,1.0,0.0013502565,0.0014852822,0.0014852822
test,3699,eps,1.0,1.0,1.0,1.0,0.00067512825,0.00067512825,0.00067512825
test,3700,egc,1.0,1.0,1.0,1.0,0.00067512825,0.00067512825,0.00067512825
test,3701,tg,0.8108108,0.6315789,0.61904764,0.0,0.0,0.0,0.0
test,3702,eea,1.0,0.6333333,0.6333333,1.0,0.0002700513,0.0002700513,0.0002700513
test,3703,eps,1.0,1.0,0.55,1.0,0.0005401026,0.0005401026,0.0005401026
test,3704,egb,1.0,0.8611111,0.74358976,1.0,0.00013502565,0.00013502565,0.00040507698
test,3705,eea,1.0,1.0,0.57575756,1.0,0.00040507698,0.00040507698,0.00040507698
test,3706,tg,0.5131579,0.44615385,0.43283582,0.0,0.0,0.0,0.0
test,3707,tg,0.375,0.36666667,0.31034482,0.0,0.0,0.0,0.0
test,3708,tg,0.6818182,0.55813956,0.53333336,0.0,0.0,0.0,0.0
test,3709,egc,1.0,0.8947368,0.8717949,1.0,0.0002700513,0.0002700513,0.00067512825
test,3710,eps,1.0,1.0,0.8965517,1.0,0.00040507698,0.00040507698,0.0009451796
test,3711,tg,0.88372093,0.8636364,0.8,0.0,0.0,0.0,0.0005401026
test,3712,tg,0.625,0.4117647,0.4054054,0.0,0.0,0.0,0.0
test,3713,egc,1.0,0.9444444,0.42857143,1.0,0.00013502565,0.00040507698,0.00040507698
test,3714,tg,0.75,0.67346936,0.6226415,0.0,0.0,0.0,0.0
test,3715,egc,0.8181818,0.779661,0.6730769,0.0,0.0,0.0,0.0
test,3716,nc,1.0,0.61764705,0.61764705,1.0,0.0002700513,0.0002700513,0.0002700513
test,3717,tg,0.5925926,0.516129,0.5,0.0,0.0,0.0,0.0
test,3718,tg,0.9574468,0.86538464,0.6964286,0.0,0.00013502565,0.00013502565,0.00040507698
test,3719,tg,0.85106385,0.8367347,0.82608694,0.0,0.0,0.0,0.00013502565
test,3720,tg,0.7619048,0.6956522,0.55813956,0.0,0.0,0.0,0.0
test,3721,egc,0.62222224,0.38636363,0.34615386,0.0,0.0,0.0,0.0
test,3722,egc,1.0,1.0,1.0,1.0,0.0009451796,0.0010802052,0.0010802052
test,3723,eea,1.0,0.6666667,0.6666667,1.0,0.0002700513,0.0002700513,0.0002700513
test,3724,nc,1.0,1.0,0.60714287,1.0,0.0005401026,0.0005401026,0.0005401026
test,3725,tg,1.0,0.9782609,0.82222223,1.0,0.00040507698,0.00040507698,0.00040507698
test,3726,nc,1.0,0.45833334,0.45833334,1.0,0.00013502565,0.00013502565,0.00013502565
test,3727,tg,0.72,0.72,0.5862069,0.0,0.0,0.0,0.0
test,3728,tg,0.49056605,0.4375,0.40384614,0.0,0.0,0.0,0.0
test,3729,tg,1.0,0.45454547,0.4,1.0,0.00013502565,0.00013502565,0.00013502565
test,3730,tg,0.6862745,0.66101694,0.6363636,0.0,0.0,0.0,0.0
test,3731,tg,0.61764705,0.57894737,0.57894737,0.0,0.0,0.0,0.0
test,3732,egc,0.79591835,0.76,0.7169811,0.0,0.0,0.0,0.0
test,3733,tg,1.0,0.7741935,0.7741935,1.0,0.0002700513,0.0002700513,0.0002700513
test,3734,egc,1.0,1.0,1.0,1.0,0.00067512825,0.00067512825,0.00067512825
test,3735,egc,0.8965517,0.59090906,0.43137255,0.0,0.0,0.0,0.00013502565
test,3736,tg,1.0,0.5,0.5,1.0,0.00013502565,0.00013502565,0.00013502565
test,3737,egb,1.0,1.0,0.95652175,1.0,0.0017553335,0.0017553335,0.0018903592
test,3738,tg,0.9361702,0.7708333,0.7446808,0.0,0.0,0.00013502565,0.00013502565
test,3739,tg,1.0,1.0,0.8787879,1.0,0.0005401026,0.0005401026,0.00081015396
test,3740,tg,1.0,0.6964286,0.68333334,1.0,0.00013502565,0.00013502565,0.00013502565
test,3741,tg,0.68,0.43333334,0.40625,0.0,0.0,0.0,0.0
test,3742,tg,1.0,1.0,0.9375,1.0,0.0005401026,0.0009451796,0.0025654875
test,3743,nc,1.0,0.5813953,0.54761904,1.0,0.00013502565,0.00013502565,0.00013502565
test,3744,tg,1.0,0.6415094,0.64,1.0,0.00013502565,0.00013502565,0.0002700513
test,3745,tg,0.42857143,0.35,0.29166666,0.0,0.0,0.0,0.0
test,3746,egc,0.4,0.36363637,0.36363637,0.0,0.0,0.0,0.0
test,3747,egc,1.0,1.0,1.0,1.0,0.00067512825,0.00081015396,0.00081015396
test,3748,tg,0.4909091,0.42592594,0.40983605,0.0,0.0,0.0,0.0
test,3749,tg,1.0,0.5675676,0.5555556,1.0,0.00013502565,0.0002700513,0.0002700513
test,3750,nc,1.0,1.0,1.0,1.0,0.00067512825,0.00067512825,0.00067512825
test,3751,tg,1.0,0.7777778,0.62857145,1.0,0.00013502565,0.00013502565,0.00013502565
test,3752,tg,0.9166667,0.6567164,0.5409836,0.0,0.0,0.00013502565,0.00013502565
test,3753,egc,0.61538464,0.44444445,0.44444445,0.0,0.0,0.0,0.0
test,3754,eps,1.0,1.0,0.4814815,1.0,0.00040507698,0.00040507698,0.00040507698
test,3755,tg,1.0,1.0,0.42105263,1.0,0.00040507698,0.00040507698,0.00040507698
test,3756,egc,1.0,1.0,1.0,1.0,0.00081015396,0.00081015396,0.0009451796
test,3757,tg,0.6764706,0.51428574,0.5,0.0,0.0,0.0,0.0
test,3758,egc,0.82857144,0.8235294,0.7419355,0.0,0.0,0.0,0.0
test,3759,tg,1.0,0.94545454,0.8032787,1.0,0.0002700513,0.00040507698,0.0005401026
test,3760,nc,1.0,0.53571427,0.53571427,1.0,0.0002700513,0.0002700513,0.0002700513
test,3761,egc,1.0,1.0,1.0,1.0,0.00067512825,0.00067512825,0.00067512825
test,3762,egc,0.44444445,0.2777778,0.27272728,0.0,0.0,0.0,0.0
test,3763,tg,1.0,1.0,0.9318182,1.0,0.0005401026,0.00067512825,0.0013502565
test,3764,tg,0.9166667,0.84,0.7916667,0.0,0.0,0.0002700513,0.0002700513
test,3765,tg,1.0,0.8787879,0.8787879,1.0,0.00013502565,0.0002700513,0.00081015396
test,3766,ei,1.0,1.0,0.5,1.0,0.0005401026,0.0005401026,0.0005401026
test,3767,tg,0.7,0.65384614,0.3898305,0.0,0.0,0.0,0.0
test,3768,tg,0.46666667,0.41935483,0.3448276,0.0,0.0,0.0,0.0
test,3769,nc,1.0,0.7,0.5416667,1.0,0.0002700513,0.0002700513,0.0002700513
test,3770,tg,0.77272725,0.4722222,0.4722222,0.0,0.0,0.0,0.0
test,3771,egc,0.68085104,0.5714286,0.53488374,0.0,0.0,0.0,0.0
test,3772,tg,0.7962963,0.6865672,0.6571429,0.0,0.0,0.0,0.0
test,3773,tg,0.9677419,0.8955224,0.85714287,0.0,0.00013502565,0.0002700513,0.00067512825
test,3774,egc,1.0,0.9285714,0.925,1.0,0.00013502565,0.00067512825,0.0012152309
test,3775,egc,1.0,0.765625,0.68333334,1.0,0.00013502565,0.00013502565,0.00013502565
test,3776,tg,0.82051283,0.8,0.6904762,0.0,0.0,0.0,0.0
test,3777,egc,0.55,0.55,0.55,0.0,0.0,0.0,0.0
test,3778,tg,0.6923077,0.5714286,0.50980395,0.0,0.0,0.0,0.0
test,3779,tg,0.54285717,0.5,0.41935483,0.0,0.0,0.0,0.0
test,3780,egb,1.0,1.0,1.0,1.0,0.0009451796,0.0010802052,0.0010802052
test,3781,egc,1.0,1.0,1.0,1.0,0.0012152309,0.0012152309,0.0018903592
test,3782,eea,1.0,1.0,0.7,1.0,0.00040507698,0.00040507698,0.00040507698
test,3783,egc,1.0,0.7714286,0.64705884,1.0,0.0002700513,0.0002700513,0.0002700513
test,3784,egc,1.0,0.8,0.7407407,1.0,0.00013502565,0.00013502565,0.00013502565
test,3785,tg,1.0,0.96153843,0.88461536,1.0,0.00040507698,0.0005401026,0.0017553335
test,3786,tg,1.0,1.0,1.0,1.0,0.00067512825,0.00067512825,0.00067512825
test,3787,egc,0.7407407,0.64,0.61538464,0.0,0.0,0.0,0.0
test,3788,egc,1.0,0.962963,0.6969697,1.0,0.00040507698,0.00040507698,0.00040507698
test,3789,tg,1.0,0.94871795,0.8717949,1.0,0.0002700513,0.00040507698,0.00067512825
test,3790,ei,1.0,1.0,0.68,1.0,0.00040507698,0.00040507698,0.00040507698
test,3791,egc,1.0,0.4516129,0.44827586,1.0,0.00013502565,0.00013502565,0.00013502565
test,3792,egc,0.7948718,0.75757575,0.70731705,0.0,0.0,0.0,0.0
test,3793,tg,0.42857143,0.42105263,0.42105263,0.0,0.0,0.0,0.0
test,3794,tg,1.0,0.6857143,0.6315789,1.0,0.00013502565,0.00013502565,0.00013502565
test,3795,tg,0.71428573,0.6779661,0.65,0.0,0.0,0.0,0.0
test,3796,tg,0.60465115,0.5777778,0.54285717,0.0,0.0,0.0,0.0
test,3797,egc,0.70212764,0.66,0.64705884,0.0,0.0,0.0,0.0
test,3798,tg,0.25925925,0.22580644,0.22222222,0.0,0.0,0.0,0.0
test,3799,tg,1.0,0.6956522,0.5652174,1.0,0.00013502565,0.00013502565,0.00013502565
test,3800,tg,0.8301887,0.7719298,0.754717,0.0,0.0,0.0,0.0
test,3801,tg,0.77272725,0.7380952,0.7,0.0,0.0,0.0,0.0
test,3802,tg,0.91071427,0.7592593,0.67241377,0.0,0.0,0.00013502565,0.00013502565
test,3803,tg,0.94285715,0.9166667,0.5952381,0.0,0.0,0.0005401026,0.0005401026
test,3804,tg,1.0,1.0,0.82608694,1.0,0.00040507698,0.0005401026,0.0005401026
test,3805,egc,1.0,1.0,0.5,1.0,0.00040507698,0.00040507698,0.00040507698
test,3806,eea,1.0,0.79310346,0.6875,1.0,0.00013502565,0.00013502565,0.00013502565
test,3807,tg,1.0,0.6571429,0.575,1.0,0.00013502565,0.00013502565,0.00013502565
test,3808,egc,1.0,0.70731705,0.675,1.0,0.00013502565,0.00013502565,0.00013502565
test,3809,tg,1.0,1.0,1.0,1.0,0.0033756413,0.004320821,0.005130975
test,3810,egc,1.0,0.84615386,0.73333335,1.0,0.00013502565,0.0002700513,0.0002700513
test,3811,eps,1.0,1.0,0.5483871,1.0,0.0005401026,0.0005401026,0.0005401026
test,3812,tg,0.9444444,0.8032787,0.71929824,0.0,0.0,0.00013502565,0.0002700513
test,3813,egc,1.0,1.0,0.7,1.0,0.00040507698,0.00040507698,0.00040507698
test,3814,tg,1.0,0.87234044,0.7777778,1.0,0.0002700513,0.0002700513,0.0005401026
test,3815,egb,1.0,1.0,1.0,1.0,0.00067512825,0.00067512825,0.00067512825
test,3816,egc,0.44827586,0.37931034,0.36666667,0.0,0.0,0.0,0.0
test,3817,tg,1.0,1.0,1.0,1.0,0.0009451796,0.0010802052,0.0010802052
test,3818,egc,1.0,0.7037037,0.6785714,1.0,0.00013502565,0.00013502565,0.00013502565
test,3819,egc,0.8666667,0.7777778,0.67346936,0.0,0.0,0.0,0.0002700513
test,3820,tg,1.0,0.5714286,0.45945945,1.0,0.00013502565,0.00013502565,0.00013502565
test,3821,egb,1.0,1.0,0.42105263,1.0,0.00040507698,0.00040507698,0.00040507698
test,3822,ei,1.0,0.625,0.625,1.0,0.0002700513,0.0002700513,0.0002700513
test,3823,tg,0.95348835,0.8913044,0.8541667,0.0,0.00013502565,0.0002700513,0.00067512825
test,3824,egc,1.0,0.73333335,0.6896552,1.0,0.00013502565,0.00013502565,0.0002700513
test,3825,tg,1.0,0.93939394,0.8378378,1.0,0.0002700513,0.00040507698,0.00040507698
test,3826,egc,1.0,1.0,1.0,1.0,0.0024304618,0.0025654875,0.0025654875
test,3827,tg,1.0,0.7346939,0.73333335,1.0,0.00013502565,0.00013502565,0.00013502565
test,3828,tg,0.84931505,0.7368421,0.71428573,0.0,0.0,0.0,0.0
test,3829,egc,0.96428573,0.6764706,0.64705884,0.0,0.00013502565,0.00013502565,0.00013502565
test,3830,tg,0.80487806,0.75,0.625,0.0,0.0,0.0,0.0
test,3831,tg,0.9166667,0.65789473,0.47619048,0.0,0.0,0.00013502565,0.0002700513
test,3832,nc,1.0,1.0,0.5483871,1.0,0.00040507698,0.00040507698,0.00040507698
test,3833,tg,0.8076923,0.71428573,0.6896552,0.0,0.0,0.0,0.0
test,3834,tg,0.6875,0.4827586,0.3030303,0.0,0.0,0.0,0.0
test,3835,egc,0.6388889,0.4857143,0.35555556,0.0,0.0,0.0,0.0
test,3836,ei,1.0,1.0,1.0,1.0,0.00067512825,0.00067512825,0.00067512825
test,3837,egc,1.0,0.9583333,0.9583333,1.0,0.0009451796,0.0014852822,0.0016203079
test,3838,ei,1.0,1.0,0.5925926,1.0,0.0005401026,0.0005401026,0.0005401026
test,3839,tg,0.75,0.7457627,0.73770493,0.0,0.0,0.0,0.0
test,3840,ei,1.0,1.0,0.61764705,1.0,0.0005401026,0.0005401026,0.0005401026
test,3841,tg,0.8857143,0.8095238,0.7894737,0.0,0.0,0.0,0.0002700513
test,3842,egc,0.4814815,0.3448276,0.33333334,0.0,0.0,0.0,0.0
test,3843,tg,0.52,0.47457626,0.38333333,0.0,0.0,0.0,0.0
test,3844,eps,1.0,1.0,0.62857145,1.0,0.0005401026,0.0005401026,0.0005401026
test,3845,egc,0.7307692,0.53571427,0.40625,0.0,0.0,0.0,0.0
test,3846,egc,1.0,0.4090909,0.3529412,1.0,0.00013502565,0.00013502565,0.00013502565
test,3847,tg,1.0,1.0,1.0,1.0,0.0009451796,0.0009451796,0.0009451796
test,3848,tg,0.7777778,0.75757575,0.75,0.0,0.0,0.0,0.0
test,3849,tg,0.95238096,0.8367347,0.79591835,0.0,0.00013502565,0.00013502565,0.00013502565
test,3850,tg,1.0,1.0,0.35714287,1.0,0.0005401026,0.0005401026,0.0005401026
test,3851,tg,0.47457626,0.43421054,0.43076923,0.0,0.0,0.0,0.0
test,3852,tg,0.509434,0.46551725,0.46153846,0.0,0.0,0.0,0.0
test,3853,egc,1.0,0.8965517,0.78571427,1.0,0.00013502565,0.0002700513,0.0005401026
test,3854,tg,0.9285714,0.852459,0.7741935,0.0,0.0,0.00013502565,0.00040507698
test,3855,nc,1.0,0.71428573,0.71428573,1.0,0.00013502565,0.00013502565,0.00013502565
test,3856,tg,1.0,0.59375,0.56164384,1.0,0.00013502565,0.00013502565,0.00013502565
test,3857,egc,1.0,0.7567568,0.6086956,1.0,0.00013502565,0.00013502565,0.00013502565
test,3858,egc,1.0,1.0,1.0,1.0,0.00067512825,0.00067512825,0.00067512825
test,3859,tg,1.0,1.0,1.0,1.0,0.00081015396,0.00081015396,0.0013502565
test,3860,egb,1.0,0.71428573,0.5,1.0,0.00013502565,0.00013502565,0.00013502565
test,3861,tg,1.0,0.9444444,0.71428573,1.0,0.0002700513,0.0005401026,0.0005401026
test,3862,tg,1.0,1.0,1.0,1.0,0.0009451796,0.0009451796,0.0010802052
test,3863,egc,1.0,0.5641026,0.4888889,1.0,0.00013502565,0.00013502565,0.00013502565
test,3864,egc,0.8181818,0.41379312,0.38636363,0.0,0.0,0.0,0.0
test,3865,tg,1.0,0.8596491,0.84210527,1.0,0.00013502565,0.00013502565,0.00040507698
test,3866,egc,1.0,0.5869565,0.5555556,1.0,0.00013502565,0.00013502565,0.00013502565
test,3867,tg,0.8372093,0.77272725,0.7297297,0.0,0.0,0.0,0.0
test,3868,egc,1.0,0.5833333,0.5833333,1.0,0.0002700513,0.0002700513,0.0002700513
test,3869,egc,1.0,1.0,1.0,1.0,0.00067512825,0.00067512825,0.0016203079
test,3870,tg,0.71153843,0.44615385,0.36363637,0.0,0.0,0.0,0.0
test,3871,tg,0.94,0.84,0.8235294,0.0,0.0,0.00013502565,0.00013502565
test,3872,egc,1.0,1.0,0.51724136,1.0,0.0005401026,0.0005401026,0.0005401026
test,3873,tg,1.0,0.3809524,0.3125,1.0,0.0002700513,0.0002700513,0.0002700513
test,3874,tg,0.7962963,0.7291667,0.6935484,0.0,0.0,0.0,0.0
test,3875,tg,0.8,0.64912283,0.6363636,0.0,0.0,0.0,0.0
test,3876,tg,1.0,0.8333333,0.5208333,1.0,0.0002700513,0.0002700513,0.0002700513
test,3877,tg,0.5263158,0.47619048,0.45945945,0.0,0.0,0.0,0.0
test,3878,tg,0.4025974,0.38709676,0.36708862,0.0,0.0,0.0,0.0
test,3879,tg,0.78571427,0.69736844,0.63076925,0.0,0.0,0.0,0.0
test,3880,egc,0.7,0.7,0.4848485,0.0,0.0,0.0,0.0
test,3881,egc,0.68,0.53571427,0.5185185,0.0,0.0,0.0,0.0
test,3882,egc,0.71794873,0.60465115,0.5531915,0.0,0.0,0.0,0.0
test,3883,tg,0.62222224,0.5,0.47916666,0.0,0.0,0.0,0.0
test,3884,tg,0.75609756,0.68421054,0.68421054,0.0,0.0,0.0,0.0
test,3885,egc,1.0,0.8,0.6764706,1.0,0.00013502565,0.00013502565,0.00013502565
test,3886,egc,0.83870965,0.8125,0.7878788,0.0,0.0,0.0,0.0
test,3887,egc,0.7058824,0.6363636,0.58064514,0.0,0.0,0.0,0.0
test,3888,egc,0.8125,0.74285716,0.7027027,0.0,0.0,0.0,0.0
test,3889,tg,0.9375,0.5121951,0.5,0.0,0.0,0.00013502565,0.00013502565
test,3890,eea,1.0,1.0,0.48387095,1.0,0.00040507698,0.00040507698,0.00040507698
test,3891,egc,0.43589744,0.35714287,0.34042552,0.0,0.0,0.0,0.0
test,3892,tg,1.0,0.3783784,0.35897437,1.0,0.00013502565,0.00013502565,0.00013502565
test,3893,egc,0.6764706,0.53846157,0.48,0.0,0.0,0.0,0.0
test,3894,tg,1.0,1.0,0.7105263,1.0,0.00040507698,0.00040507698,0.0005401026
test,3895,tg,0.7692308,0.75,0.7407407,0.0,0.0,0.0,0.0
test,3896,tg,0.7741935,0.71875,0.7058824,0.0,0.0,0.0,0.0
test,3897,tg,0.91525424,0.83076924,0.7826087,0.0,0.0,0.00013502565,0.0002700513
test,3898,tg,0.77272725,0.7105263,0.675,0.0,0.0,0.0,0.0
test,3899,nc,1.0,1.0,0.96428573,1.0,0.00067512825,0.00067512825,0.0014852822
test,3900,tg,0.7037037,0.62068963,0.61538464,0.0,0.0,0.0,0.0
test,3901,tg,0.9591837,0.64,0.51666665,0.0,0.00013502565,0.00013502565,0.00013502565
test,3902,egc,0.85106385,0.76086956,0.6938776,0.0,0.0,0.0,0.00013502565
test,3903,tg,1.0,1.0,0.5714286,1.0,0.00040507698,0.00040507698,0.00040507698
test,3904,tg,0.93333334,0.87234044,0.6727273,0.0,0.0,0.00013502565,0.0005401026
test,3905,egc,1.0,1.0,0.5833333,1.0,0.00040507698,0.00040507698,0.00040507698
test,3906,egb,1.0,0.44444445,0.4375,1.0,0.00013502565,0.00013502565,0.00013502565
test,3907,tg,0.877193,0.82758623,0.73846155,0.0,0.0,0.0,0.0002700513
test,3908,tg,1.0,0.75757575,0.7567568,1.0,0.00013502565,0.0002700513,0.0002700513
test,3909,egc,1.0,1.0,0.55,1.0,0.0005401026,0.0005401026,0.0005401026
test,3910,eps,1.0,1.0,0.53571427,1.0,0.0005401026,0.0005401026,0.0005401026
test,3911,tg,0.7704918,0.7413793,0.70149255,0.0,0.0,0.0,0.0
test,3912,egc,0.625,0.5714286,0.5714286,0.0,0.0,0.0,0.0
test,3913,tg,1.0,1.0,1.0,1.0,0.002025385,0.002025385,0.0024304618
test,3914,tg,0.7708333,0.7647059,0.6964286,0.0,0.0,0.0,0.0
test,3915,ei,1.0,0.61904764,0.61904764,1.0,0.0002700513,0.0002700513,0.0002700513
test,3916,egc,1.0,1.0,1.0,1.0,0.00067512825,0.00081015396,0.00081015396
test,3917,eps,1.0,0.56,0.53333336,1.0,0.0002700513,0.0002700513,0.0002700513
test,3918,tg,0.6896552,0.6666667,0.6451613,0.0,0.0,0.0,0.0
test,3919,egc,1.0,1.0,0.8125,1.0,0.00040507698,0.00040507698,0.00040507698
test,3920,tg,1.0,0.96153843,0.875,1.0,0.00040507698,0.0005401026,0.00081015396
test,3921,tg,1.0,0.675,0.5675676,1.0,0.00013502565,0.00013502565,0.00013502565
test,3922,eps,1.0,0.6571429,0.62857145,1.0,0.00013502565,0.00013502565,0.00013502565
test,3923,egb,1.0,1.0,0.5652174,1.0,0.00040507698,0.00040507698,0.00040507698
test,3924,tg,0.6818182,0.63265306,0.50980395,0.0,0.0,0.0,0.0
test,3925,tg,0.6964286,0.4117647,0.4,0.0,0.0,0.0,0.0
test,3926,egb,1.0,0.6333333,0.6333333,1.0,0.0002700513,0.0002700513,0.0002700513
test,3927,tg,0.87234044,0.84782606,0.8235294,0.0,0.0,0.0,0.0002700513
test,3928,egb,1.0,1.0,0.6,1.0,0.00040507698,0.00040507698,0.00040507698
test,3929,egc,1.0,0.52272725,0.47826087,1.0,0.00013502565,0.00013502565,0.00013502565
test,3930,ei,1.0,1.0,0.5862069,1.0,0.0005401026,0.0005401026,0.0005401026
test,3931,tg,0.5641026,0.42222223,0.38,0.0,0.0,0.0,0.0
test,3932,egc,1.0,0.45238096,0.44444445,1.0,0.00013502565,0.00013502565,0.00013502565
test,3933,egb,1.0,1.0,0.64705884,1.0,0.0005401026,0.0005401026,0.0005401026
test,3934,egc,1.0,0.5,0.43137255,1.0,0.00013502565,0.00013502565,0.00013502565
test,3935,tg,0.875,0.7916667,0.7291667,0.0,0.0,0.0,0.00013502565
test,3936,egb,1.0,1.0,0.67741936,1.0,0.00040507698,0.00040507698,0.00040507698
test,3937,egc,1.0,0.96428573,0.75,1.0,0.0005401026,0.0005401026,0.0005401026
test,3938,egc,0.41935483,0.4117647,0.3783784,0.0,0.0,0.0,0.0
test,3939,tg,0.8918919,0.5625,0.5,0.0,0.0,0.0,0.00013502565
test,3940,egc,0.8695652,0.7692308,0.71428573,0.0,0.0,0.0,0.00013502565
test,3941,egc,0.5714286,0.42105263,0.35,0.0,0.0,0.0,0.0
test,3942,egb,1.0,1.0,0.5,1.0,0.0005401026,0.0005401026,0.0005401026
test,3943,egc,0.9705882,0.85294116,0.84615386,0.0,0.0002700513,0.0002700513,0.0005401026
test,3944,eps,1.0,0.5813953,0.54761904,1.0,0.00013502565,0.00013502565,0.00013502565
test,3945,tg,0.877193,0.72307694,0.704918,0.0,0.0,0.0,0.00013502565
test,3946,tg,0.54545456,0.5084746,0.5,0.0,0.0,0.0,0.0
test,3947,tg,0.6,0.47058824,0.45833334,0.0,0.0,0.0,0.0
test,3948,tg,1.0,0.42105263,0.35,1.0,0.00013502565,0.00013502565,0.00013502565
test,3949,ei,1.0,1.0,1.0,1.0,0.00067512825,0.00067512825,0.00067512825
test,3950,tg,1.0,0.7777778,0.7413793,1.0,0.00013502565,0.00013502565,0.00013502565
test,3951,nc,1.0,0.45,0.45,1.0,0.0002700513,0.0002700513,0.0002700513
test,3952,tg,0.875,0.6666667,0.6486486,0.0,0.0,0.0,0.00013502565
test,3953,tg,0.6451613,0.5483871,0.5,0.0,0.0,0.0,0.0
test,3954,egc,0.51666665,0.45762712,0.44262296,0.0,0.0,0.0,0.0
test,3955,egc,1.0,0.5483871,0.53125,1.0,0.00013502565,0.00013502565,0.00013502565
test,3956,tg,0.33333334,0.325,0.30555555,0.0,0.0,0.0,0.0
test,3957,tg,0.92156863,0.76785713,0.63235295,0.0,0.0,0.00013502565,0.00013502565
test,3958,tg,0.56666666,0.43333334,0.41935483,0.0,0.0,0.0,0.0
test,3959,tg,0.8695652,0.75555557,0.6938776,0.0,0.0,0.0,0.00013502565
test,3960,ei,1.0,1.0,1.0,1.0,0.00067512825,0.00067512825,0.00067512825
test,3961,eps,1.0,1.0,1.0,1.0,0.00067512825,0.00067512825,0.00067512825
test,3962,tg,0.6551724,0.57575756,0.5625,0.0,0.0,0.0,0.0
test,3963,egc,1.0,0.9310345,0.9032258,1.0,0.0002700513,0.0010802052,0.0016203079
test,3964,tg,0.9189189,0.4893617,0.475,0.0,0.0,0.00013502565,0.00013502565
test,3965,egc,1.0,1.0,1.0,1.0,0.00067512825,0.00067512825,0.00067512825
test,3966,egc,0.5945946,0.5294118,0.4888889,0.0,0.0,0.0,0.0
test,3967,egc,1.0,0.5945946,0.47368422,1.0,0.00013502565,0.00013502565,0.00013502565
test,3968,tg,0.74390244,0.7294118,0.68817204,0.0,0.0,0.0,0.0
test,3969,tg,1.0,0.6571429,0.6216216,1.0,0.0002700513,0.0002700513,0.0002700513
test,3970,egc,1.0,0.76,0.74545455,1.0,0.00013502565,0.00013502565,0.00013502565
test,3971,egc,0.86538464,0.63793105,0.5833333,0.0,0.0,0.0,0.00013502565
test,3972,egc,0.85714287,0.7916667,0.7708333,0.0,0.0,0.0,0.00013502565
test,3973,egc,1.0,0.6037736,0.390625,1.0,0.00013502565,0.00013502565,0.00013502565
test,3974,tg,0.7368421,0.5121951,0.4864865,0.0,0.0,0.0,0.0
test,3975,tg,1.0,0.4,0.4,1.0,0.00013502565,0.00013502565,0.00013502565
test,3976,egc,0.5769231,0.5555556,0.5185185,0.0,0.0,0.0,0.0
test,3977,egc,1.0,0.4920635,0.4909091,1.0,0.0002700513,0.0002700513,0.0002700513
test,3978,eps,1.0,1.0,0.42105263,1.0,0.00040507698,0.00040507698,0.00040507698
test,3979,tg,0.8965517,0.5135135,0.3875,0.0,0.0,0.0,0.00013502565
test,3980,tg,1.0,0.875,0.875,1.0,0.00013502565,0.0002700513,0.0009451796
test,3981,tg,0.8958333,0.89361703,0.8666667,0.0,0.0,0.0,0.00067512825
test,3982,egc,1.0,0.6,0.5,1.0,0.0002700513,0.0002700513,0.0002700513
test,3983,egc,1.0,1.0,0.5,1.0,0.0005401026,0.0005401026,0.0005401026
test,3984,tg,0.6666667,0.5625,0.47272727,0.0,0.0,0.0,0.0
test,3985,tg,0.92156863,0.78846157,0.72727275,0.0,0.0,0.0002700513,0.0002700513
test,3986,tg,0.73170733,0.5116279,0.5116279,0.0,0.0,0.0,0.0
test,3987,tg,0.8153846,0.5833333,0.46052632,0.0,0.0,0.0,0.0
test,3988,egc,0.6944444,0.45652175,0.43589744,0.0,0.0,0.0,0.0
test,3989,tg,0.67741936,0.6451613,0.5882353,0.0,0.0,0.0,0.0
test,3990,tg,1.0,1.0,0.8666667,1.0,0.00040507698,0.0005401026,0.0009451796
test,3991,tg,0.7358491,0.62711865,0.5,0.0,0.0,0.0,0.0
test,3992,egc,1.0,0.45945945,0.44444445,1.0,0.0002700513,0.0002700513,0.0002700513
test,3993,egb,1.0,0.5714286,0.55,1.0,0.00013502565,0.00013502565,0.00013502565
test,3994,tg,0.8103448,0.6666667,0.4,0.0,0.0,0.0,0.0
test,3995,tg,1.0,0.6666667,0.6666667,1.0,0.00013502565,0.0002700513,0.0002700513
test,3996,egc,1.0,0.58536583,0.4827586,1.0,0.00013502565,0.00013502565,0.00013502565
test,3997,tg,0.6060606,0.56,0.5294118,0.0,0.0,0.0,0.0
test,3998,egc,1.0,0.62857145,0.62857145,1.0,0.00013502565,0.00013502565,0.00013502565
test,3999,tg,0.78723407,0.6875,0.6875,0.0,0.0,0.0,0.0
test,4000,egc,1.0,0.95238096,0.7777778,1.0,0.0005401026,0.0005401026,0.0005401026
test,4001,egb,1.0,0.5833333,0.5833333,1.0,0.0002700513,0.0002700513,0.0002700513
test,4002,tg,0.7692308,0.42857143,0.37037036,0.0,0.0,0.0,0.0
test,4003,tg,0.9189189,0.8292683,0.8292683,0.0,0.0,0.00013502565,0.00013502565
test,4004,eea,1.0,1.0,0.7692308,1.0,0.0005401026,0.0005401026,0.0005401026
test,4005,tg,0.86,0.68085104,0.63793105,0.0,0.0,0.0,0.00013502565
test,4006,tg,0.78,0.71428573,0.64285713,0.0,0.0,0.0,0.0
test,4007,egc,1.0,0.516129,0.44827586,1.0,0.00013502565,0.00013502565,0.00013502565
test,4008,egc,1.0,0.7826087,0.7209302,1.0,0.00013502565,0.00013502565,0.0002700513
test,4009,ei,1.0,0.61538464,0.61538464,1.0,0.00013502565,0.00013502565,0.00013502565
test,4010,tg,0.89285713,0.84210527,0.74626863,0.0,0.0,0.0,0.0002700513
test,4011,egc,0.5641026,0.5135135,0.46153846,0.0,0.0,0.0,0.0
test,4012,egc,1.0,1.0,1.0,1.0,0.0012152309,0.0012152309,0.0018903592
test,4013,tg,1.0,1.0,1.0,1.0,0.00081015396,0.00081015396,0.0013502565
test,4014,egc,1.0,0.9310345,0.9032258,1.0,0.0002700513,0.0010802052,0.0016203079
test,4015,egb,1.0,0.6857143,0.62857145,1.0,0.0002700513,0.0002700513,0.0002700513
test,4016,tg,0.90909094,0.625,0.5945946,0.0,0.0,0.00013502565,0.00013502565
test,4017,tg,0.42553192,0.41463414,0.3846154,0.0,0.0,0.0,0.0
test,4018,tg,1.0,1.0,0.73170733,1.0,0.0005401026,0.0005401026,0.0005401026
test,4019,egc,0.59375,0.36842105,0.34210527,0.0,0.0,0.0,0.0
test,4020,nc,1.0,1.0,0.5,1.0,0.00040507698,0.00040507698,0.00040507698
test,4021,tg,0.4814815,0.4090909,0.37037036,0.0,0.0,0.0,0.0
test,4022,tg,0.6785714,0.6333333,0.625,0.0,0.0,0.0,0.0
test,4023,egc,1.0,1.0,0.61290324,1.0,0.0005401026,0.0005401026,0.0005401026
test,4024,tg,1.0,1.0,0.9677419,1.0,0.00081015396,0.0009451796,0.0009451796
test,4025,tg,1.0,0.969697,0.61538464,1.0,0.00040507698,0.00040507698,0.0005401026
test,4026,tg,0.6315789,0.47826087,0.41379312,0.0,0.0,0.0,0.0
test,4027,tg,0.5,0.37288135,0.32307693,0.0,0.0,0.0,0.0
test,4028,tg,0.7083333,0.6,0.6,0.0,0.0,0.0,0.0
test,4029,egb,0.49019608,0.3783784,0.31578946,0.0,0.0,0.0,0.0
test,4030,eea,1.0,1.0,0.7777778,1.0,0.00040507698,0.00040507698,0.00040507698
test,4031,tg,0.8076923,0.62711865,0.5423729,0.0,0.0,0.0,0.0
test,4032,tg,1.0,0.8484849,0.8484849,1.0,0.00013502565,0.00013502565,0.00013502565
test,4033,egc,0.4,0.3478261,0.34615386,0.0,0.0,0.0,0.0
test,4034,tg,0.86538464,0.75,0.72,0.0,0.0,0.0,0.0002700513
test,4035,tg,0.6440678,0.4918033,0.46774194,0.0,0.0,0.0,0.0
test,4036,egb,1.0,0.5641026,0.4888889,1.0,0.00013502565,0.00013502565,0.00013502565
test,4037,eea,1.0,0.6451613,0.6451613,1.0,0.0002700513,0.0002700513,0.0002700513
test,4038,eps,1.0,0.7037037,0.7037037,1.0,0.0002700513,0.0002700513,0.0002700513
test,4039,egc,1.0,1.0,1.0,1.0,0.0076964623,0.007966514,0.00810154
test,4040,tg,1.0,0.88372093,0.7659575,1.0,0.00013502565,0.00013502565,0.00040507698
test,4041,tg,0.73333335,0.72727275,0.66,0.0,0.0,0.0,0.0
test,4042,tg,0.9583333,0.9583333,0.9583333,0.0,0.0076964623,0.0076964623,0.007966514
test,4043,tg,0.8115942,0.7567568,0.7105263,0.0,0.0,0.0,0.0
test,4044,egc,0.5416667,0.53571427,0.48387095,0.0,0.0,0.0,0.0
test,4045,tg,0.7837838,0.74358976,0.6744186,0.0,0.0,0.0,0.0
test,4046,egc,0.9655172,0.93333334,0.93333334,0.0,0.00013502565,0.0010802052,0.0010802052
test,4047,egc,1.0,1.0,0.5625,1.0,0.00040507698,0.00040507698,0.0005401026
test,4048,tg,0.984375,0.84375,0.8115942,0.0,0.00013502565,0.00013502565,0.0002700513
test,4049,tg,0.7692308,0.55813956,0.5555556,0.0,0.0,0.0,0.0
test,4050,tg,0.88,0.7446808,0.74,0.0,0.0,0.0,0.00013502565
test,4051,tg,0.41379312,0.3529412,0.3125,0.0,0.0,0.0,0.0
test,4052,eea,1.0,1.0,0.68,1.0,0.00040507698,0.00040507698,0.00040507698
test,4053,egc,0.7258065,0.7058824,0.7037037,0.0,0.0,0.0,0.0
test,4054,ei,1.0,0.6571429,0.62857145,1.0,0.00013502565,0.00013502565,0.00013502565
test,4055,egc,1.0,0.56,0.53333336,1.0,0.0002700513,0.0002700513,0.0002700513
test,4056,tg,0.877551,0.8113208,0.79591835,0.0,0.0,0.0,0.0002700513
test,4057,egc,1.0,1.0,1.0,1.0,0.00067512825,0.00067512825,0.00067512825
test,4058,tg,0.65753424,0.525641,0.5070422,0.0,0.0,0.0,0.0
test,4059,tg,0.6,0.6,0.6,0.0,0.0,0.0,0.0
test,4060,tg,0.84615386,0.6964286,0.6779661,0.0,0.0,0.0,0.0
test,4061,tg,0.52,0.44827586,0.42307693,0.0,0.0,0.0,0.0
test,4062,eps,1.0,0.5652174,0.5652174,1.0,0.0002700513,0.0002700513,0.0002700513
test,4063,egc,1.0,1.0,0.6052632,1.0,0.0005401026,0.0005401026,0.0005401026
test,4064,tg,1.0,0.5777778,0.5510204,1.0,0.00013502565,0.00013502565,0.00013502565
test,4065,eea,1.0,0.7241379,0.7241379,1.0,0.0002700513,0.0002700513,0.0002700513
test,4066,tg,0.972973,0.972973,0.972973,0.0,0.0009451796,0.0010802052,0.0010802052
test,4067,tg,0.7083333,0.6458333,0.63414633,0.0,0.0,0.0,0.0
test,4068,tg,0.5555556,0.54545456,0.53125,0.0,0.0,0.0,0.0
test,4069,tg,0.925,0.8,0.77272725,0.0,0.0,0.00013502565,0.00013502565
test,4070,eea,1.0,1.0,1.0,1.0,0.00067512825,0.00067512825,0.00067512825
test,4071,egc,0.8666667,0.3559322,0.33962265,0.0,0.0,0.0,0.00013502565
test,4072,egc,0.56,0.42424244,0.42424244,0.0,0.0,0.0,0.0
test,4073,egb,1.0,0.52380955,0.42857143,1.0,0.0002700513,0.0002700513,0.0002700513
test,4074,egc,1.0,0.75510204,0.75,1.0,0.0002700513,0.0002700513,0.0002700513
test,4075,tg,0.6785714,0.65384614,0.6333333,0.0,0.0,0.0,0.0
test,4076,tg,0.6666667,0.5625,0.54545456,0.0,0.0,0.0,0.0
test,4077,egc,0.7027027,0.5714286,0.5714286,0.0,0.0,0.0,0.0
test,4078,egc,1.0,1.0,0.82758623,1.0,0.00040507698,0.00040507698,0.00040507698
test,4079,egb,1.0,1.0,0.6363636,1.0,0.00040507698,0.00040507698,0.00040507698
test,4080,tg,0.74626863,0.60294116,0.5875,0.0,0.0,0.0,0.0
test,4081,egc,1.0,0.5925926,0.5714286,1.0,0.00013502565,0.00013502565,0.00013502565
test,4082,tg,0.91549295,0.5802469,0.5050505,0.0,0.0,0.00013502565,0.00013502565
test,4083,egc,0.74358976,0.46341464,0.42222223,0.0,0.0,0.0,0.0
test,4084,tg,0.6923077,0.6551724,0.5483871,0.0,0.0,0.0,0.0
test,4085,tg,1.0,0.7291667,0.5254237,1.0,0.00013502565,0.00013502565,0.00013502565
test,4086,tg,1.0,1.0,0.96875,1.0,0.00081015396,0.0009451796,0.0009451796
test,4087,egc,0.51724136,0.5,0.38709676,0.0,0.0,0.0,0.0
test,4088,egc,1.0,0.65217394,0.6,1.0,0.00013502565,0.00013502565,0.00013502565
test,4089,tg,0.5208333,0.5208333,0.5208333,0.0,0.0,0.0,0.0
test,4090,tg,0.6304348,0.537037,0.46551725,0.0,0.0,0.0,0.0
test,4091,egc,1.0,1.0,0.6451613,1.0,0.00040507698,0.00040507698,0.00040507698
test,4092,tg,1.0,0.6415094,0.64,1.0,0.00013502565,0.00013502565,0.0002700513
test,4093,tg,1.0,0.85714287,0.7586207,1.0,0.0002700513,0.0002700513,0.00040507698
test,4094,egc,0.5,0.42857143,0.38297874,0.0,0.0,0.0,0.0
test,4095,egc,1.0,1.0,0.84615386,1.0,0.0005401026,0.0005401026,0.0005401026
test,4096,nc,1.0,0.6571429,0.62857145,1.0,0.00013502565,0.00013502565,0.00013502565
test,4097,egc,1.0,0.7962963,0.7962963,1.0,0.00013502565,0.00013502565,0.0002700513
test,4098,egc,1.0,1.0,0.4888889,1.0,0.00040507698,0.00040507698,0.00040507698
test,4099,tg,0.7352941,0.6571429,0.6388889,0.0,0.0,0.0,0.0
test,4100,tg,0.76,0.76,0.75,0.0,0.0,0.0,0.0
test,4101,egc,0.29268292,0.24324325,0.23913044,0.0,0.0,0.0,0.0
test,4102,egc,1.0,1.0,1.0,1.0,0.00067512825,0.00067512825,0.00067512825
test,4103,tg,0.6666667,0.6666667,0.4878049,0.0,0.0,0.0,0.0
test,4104,tg,0.8450704,0.74025977,0.5735294,0.0,0.0,0.0,0.0
test,4105,egc,0.7,0.7,0.7,0.0,0.0,0.0,0.0
test,4106,tg,1.0,1.0,0.82222223,1.0,0.00040507698,0.00040507698,0.00040507698
test,4107,tg,1.0,1.0,1.0,1.0,0.0009451796,0.0009451796,0.0009451796
test,4108,tg,0.90909094,0.6666667,0.627907,0.0,0.0,0.00013502565,0.00013502565
test,4109,tg,1.0,0.7297297,0.675,1.0,0.00013502565,0.00013502565,0.00013502565
test,4110,egc,0.4390244,0.38636363,0.3478261,0.0,0.0,0.0,0.0
test,4111,tg,0.8292683,0.6904762,0.5416667,0.0,0.0,0.0,0.0
test,4112,tg,0.7105263,0.6666667,0.65,0.0,0.0,0.0,0.0
test,4113,egc,0.9375,0.7735849,0.7291667,0.0,0.0,0.00013502565,0.00013502565
test,4114,ei,0.6666667,0.6666667,0.6451613,0.0,0.0,0.0,0.0
test,4115,tg,1.0,0.8125,0.8125,1.0,0.0002700513,0.0002700513,0.0002700513
test,4116,tg,0.625,0.5555556,0.4385965,0.0,0.0,0.0,0.0
test,4117,tg,0.6296296,0.5483871,0.5151515,0.0,0.0,0.0,0.0
test,4118,tg,0.73913044,0.63492066,0.6268657,0.0,0.0,0.0,0.0
test,4119,tg,0.9298246,0.9298246,0.8548387,0.0,0.0,0.00040507698,0.00081015396
test,4120,tg,0.8271605,0.6179775,0.45652175,0.0,0.0,0.0,0.0
test,4121,tg,1.0,1.0,0.73170733,1.0,0.0005401026,0.0005401026,0.0005401026
test,4122,tg,1.0,0.8974359,0.8,1.0,0.0002700513,0.0002700513,0.00040507698
test,4123,egc,1.0,0.6896552,0.6896552,1.0,0.0002700513,0.0002700513,0.0002700513
test,4124,tg,1.0,0.5,0.5,1.0,0.00013502565,0.00013502565,0.00013502565
test,4125,egb,1.0,1.0,0.5925926,1.0,0.0005401026,0.0005401026,0.0005401026
test,4126,tg,0.6857143,0.6666667,0.6315789,0.0,0.0,0.0,0.0
test,4127,egc,1.0,0.6875,0.59375,1.0,0.00013502565,0.00013502565,0.0002700513
test,4128,egb,1.0,0.6896552,0.6896552,1.0,0.0002700513,0.0002700513,0.0002700513
test,4129,egb,0.6296296,0.5925926,0.5862069,0.0,0.0,0.0,0.0
test,4130,egb,1.0,1.0,0.47826087,1.0,0.0005401026,0.0005401026,0.0005401026
test,4131,tg,1.0,0.84782606,0.79591835,1.0,0.00013502565,0.00013502565,0.0002700513
test,4132,egb,0.96153843,0.5625,0.5294118,0.0,0.00013502565,0.00013502565,0.00013502565
test,4133,egc,1.0,1.0,1.0,1.0,0.0010802052,0.0010802052,0.0010802052
test,4134,tg,0.5897436,0.5897436,0.5897436,0.0,0.0,0.0,0.0
test,4135,tg,1.0,0.8,0.8,1.0,0.00013502565,0.00013502565,0.00013502565
test,4136,tg,1.0,0.9285714,0.7647059,1.0,0.0002700513,0.00040507698,0.00040507698
test,4137,tg,1.0,0.72,0.6666667,1.0,0.00013502565,0.00013502565,0.00013502565
test,4138,tg,1.0,0.82758623,0.6666667,1.0,0.00013502565,0.00013502565,0.0002700513
test,4139,tg,0.78125,0.7804878,0.64285713,0.0,0.0,0.0,0.0
test,4140,tg,0.7241379,0.6875,0.61290324,0.0,0.0,0.0,0.0
test,4141,egc,1.0,1.0,0.60714287,1.0,0.00040507698,0.00040507698,0.00040507698
test,4142,tg,0.6296296,0.5862069,0.5862069,0.0,0.0,0.0,0.0
test,4143,tg,1.0,0.7627119,0.6909091,1.0,0.00013502565,0.00013502565,0.00013502565
test,4144,tg,1.0,0.962963,0.75,1.0,0.00040507698,0.0005401026,0.0005401026
test,4145,tg,1.0,0.31428573,0.3030303,1.0,0.00013502565,0.00013502565,0.0002700513
test,4146,tg,1.0,0.74509805,0.63829786,1.0,0.00013502565,0.00013502565,0.00013502565
test,4147,tg,0.54545456,0.47727272,0.41463414,0.0,0.0,0.0,0.0
test,4148,tg,0.7924528,0.75438595,0.66071427,0.0,0.0,0.0,0.0
test,4149,tg,0.7297297,0.65217394,0.5897436,0.0,0.0,0.0,0.0
test,4150,tg,0.5,0.47619048,0.4680851,0.0,0.0,0.0,0.0
test,4151,tg,0.73333335,0.5882353,0.51724136,0.0,0.0,0.0,0.0
test,4152,tg,1.0,0.7692308,0.7692308,1.0,0.00013502565,0.00013502565,0.00013502565
test,4153,egc,1.0,0.79591835,0.78431374,1.0,0.00013502565,0.00013502565,0.00013502565
test,4154,tg,1.0,0.88235295,0.85,1.0,0.0002700513,0.0002700513,0.0005401026
test,4155,tg,0.72727275,0.72727275,0.7234042,0.0,0.0,0.0,0.0
test,4156,egc,1.0,1.0,0.6451613,1.0,0.00040507698,0.00040507698,0.00040507698
test,4157,tg,1.0,0.61764705,0.6,1.0,0.00013502565,0.00013502565,0.00013502565
test,4158,egb,1.0,1.0,0.8064516,1.0,0.0005401026,0.0005401026,0.0005401026
test,4159,egc,0.64,0.5483871,0.43589744,0.0,0.0,0.0,0.0
test,4160,tg,0.5769231,0.54545456,0.54545456,0.0,0.0,0.0,0.0
test,4161,tg,0.8965517,0.85294116,0.82857144,0.0,0.0,0.0,0.00040507698
test,4162,egb,1.0,0.6571429,0.64705884,1.0,0.00013502565,0.00013502565,0.00013502565
test,4163,tg,0.42,0.40425533,0.40425533,0.0,0.0,0.0,0.0
test,4164,tg,0.7777778,0.6,0.5576923,0.0,0.0,0.0,0.0
test,4165,tg,1.0,0.7368421,0.6944444,1.0,0.00013502565,0.00013502565,0.00013502565
test,4166,tg,0.9782609,0.89361703,0.6909091,0.0,0.0002700513,0.0002700513,0.0005401026
test,4167,tg,1.0,1.0,1.0,1.0,0.00067512825,0.00067512825,0.00067512825
test,4168,tg,0.625,0.43333334,0.38709676,0.0,0.0,0.0,0.0
test,4169,egc,1.0,0.6875,0.6875,1.0,0.0002700513,0.0002700513,0.0002700513
test,4170,tg,0.65384614,0.62068963,0.56666666,0.0,0.0,0.0,0.0
test,4171,tg,0.5714286,0.53333336,0.52380955,0.0,0.0,0.0,0.0
test,4172,egc,0.56666666,0.5151515,0.4827586,0.0,0.0,0.0,0.0
test,4173,egc,1.0,1.0,0.60714287,1.0,0.0005401026,0.0005401026,0.0005401026
test,4174,tg,0.7804878,0.75,0.6923077,0.0,0.0,0.0,0.0
test,4175,tg,0.7567568,0.5681818,0.5,0.0,0.0,0.0,0.0
test,4176,nc,1.0,1.0,0.68,1.0,0.0005401026,0.0005401026,0.0005401026
test,4177,egc,0.44827586,0.33333334,0.33333334,0.0,0.0,0.0,0.0
test,4178,tg,1.0,0.6,0.5833333,1.0,0.00013502565,0.00013502565,0.00013502565
test,4179,tg,0.84745765,0.6142857,0.4347826,0.0,0.0,0.0,0.0
test,4180,tg,0.8,0.5945946,0.56666666,0.0,0.0,0.0,0.0
test,4181,tg,0.7096774,0.5483871,0.5,0.0,0.0,0.0,0.0
test,4182,tg,0.7,0.7,0.4848485,0.0,0.0,0.0,0.0
test,4183,tg,1.0,0.42424244,0.375,1.0,0.00013502565,0.00013502565,0.00013502565
test,4184,tg,0.76,0.74,0.6363636,0.0,0.0,0.0,0.0
test,4185,tg,0.7254902,0.71153843,0.60714287,0.0,0.0,0.0,0.0
test,4186,egc,1.0,0.9375,0.9,1.0,0.00013502565,0.0005401026,0.0012152309
test,4187,tg,0.5,0.48387095,0.45454547,0.0,0.0,0.0,0.0
test,4188,egc,0.7297297,0.70731705,0.675,0.0,0.0,0.0,0.0
test,4189,egc,1.0,0.68421054,0.60465115,1.0,0.00013502565,0.00013502565,0.00013502565
test,4190,tg,0.8064516,0.7241379,0.6969697,0.0,0.0,0.0,0.0
test,4191,nc,1.0,0.41304347,0.4090909,1.0,0.00013502565,0.00013502565,0.00013502565
test,4192,tg,0.82857144,0.61538464,0.5897436,0.0,0.0,0.0,0.0
test,4193,tg,0.9285714,0.90909094,0.88135594,0.0,0.0,0.00040507698,0.0013502565
test,4194,egc,1.0,1.0,1.0,1.0,0.0076964623,0.007966514,0.00810154
test,4195,egc,1.0,1.0,1.0,1.0,0.00067512825,0.00067512825,0.00067512825
test,4196,tg,1.0,1.0,0.7714286,1.0,0.0005401026,0.0005401026,0.0005401026
test,4197,egc,1.0,0.36206895,0.34615386,1.0,0.00013502565,0.00013502565,0.00013502565
test,4198,egc,1.0,0.84090906,0.7916667,1.0,0.00013502565,0.00013502565,0.00013502565
test,4199,egc,1.0,1.0,1.0,1.0,0.0010802052,0.0010802052,0.0010802052
test,4200,tg,0.96363634,0.9298246,0.8333333,0.0,0.00013502565,0.0005401026,0.0005401026
test,4201,tg,0.8636364,0.8333333,0.80851066,0.0,0.0,0.0,0.00013502565
test,4202,tg,0.53125,0.3773585,0.32352942,0.0,0.0,0.0,0.0
test,4203,egc,0.4090909,0.37037036,0.3125,0.0,0.0,0.0,0.0
test,4204,tg,1.0,0.4473684,0.41860464,1.0,0.00013502565,0.00013502565,0.00013502565
test,4205,ei,1.0,0.5862069,0.5862069,1.0,0.0002700513,0.0002700513,0.0002700513
test,4206,ei,1.0,1.0,1.0,1.0,0.0017553335,0.0017553335,0.0017553335
test,4207,tg,0.91071427,0.9,0.82258064,0.0,0.0,0.0002700513,0.0005401026
test,4208,tg,1.0,1.0,0.9310345,1.0,0.0005401026,0.00067512825,0.00067512825
test,4209,tg,0.9183673,0.877551,0.7692308,0.0,0.0,0.00013502565,0.00040507698
test,4210,tg,0.52,0.4516129,0.42424244,0.0,0.0,0.0,0.0
test,4211,egb,1.0,0.8125,0.74285716,1.0,0.00013502565,0.00013502565,0.0002700513
test,4212,ei,1.0,1.0,0.5483871,1.0,0.00040507698,0.00040507698,0.00040507698
test,4213,tg,0.5217391,0.46153846,0.3448276,0.0,0.0,0.0,0.0
test,4214,egb,1.0,0.41379312,0.4,1.0,0.00013502565,0.00013502565,0.00013502565
test,4215,egc,0.64102566,0.55813956,0.5555556,0.0,0.0,0.0,0.0
test,4216,egc,0.5510204,0.4878049,0.4318182,0.0,0.0,0.0,0.0
test,4217,egc,0.94,0.94,0.94,0.0,0.0,0.00067512825,0.00067512825
test,4218,egc,0.52,0.44827586,0.42307693,0.0,0.0,0.0,0.0
test,4219,tg,0.7291667,0.56363636,0.5081967,0.0,0.0,0.0,0.0
test,4220,tg,0.92,0.64285713,0.5714286,0.0,0.0,0.00013502565,0.0002700513
test,4221,eea,1.0,1.0,0.8888889,1.0,0.0005401026,0.0005401026,0.0009451796
test,4222,tg,1.0,0.7058824,0.6875,1.0,0.00013502565,0.00013502565,0.00013502565
test,4223,egc,0.825,0.5531915,0.5217391,0.0,0.0,0.0,0.0
test,4224,egc,1.0,0.32258064,0.32258064,1.0,0.00013502565,0.00013502565,0.00013502565
test,4225,egc,0.53846157,0.37931034,0.375,0.0,0.0,0.0,0.0
test,4226,tg,0.7924528,0.7647059,0.66101694,0.0,0.0,0.0,0.0
test,4227,egc,0.6481481,0.5740741,0.546875,0.0,0.0,0.0,0.0
test,4228,tg,0.9166667,0.8055556,0.8055556,0.0,0.0,0.00013502565,0.00013502565
test,4229,tg,0.97727275,0.95454544,0.9318182,0.0,0.0005401026,0.00081015396,0.00081015396
test,4230,egc,1.0,1.0,0.9130435,1.0,0.0005401026,0.00081015396,0.0012152309
test,4231,egc,0.6086956,0.44444445,0.4,0.0,0.0,0.0,0.0
test,4232,tg,0.7368421,0.65789473,0.64102566,0.0,0.0,0.0,0.0
test,4233,egc,1.0,0.7692308,0.74418604,1.0,0.00013502565,0.00013502565,0.00013502565
test,4234,tg,1.0,0.88235295,0.75757575,1.0,0.0002700513,0.0002700513,0.00040507698
test,4235,tg,0.9166667,0.6451613,0.40625,0.0,0.0,0.00013502565,0.00013502565
test,4236,tg,0.6938776,0.6545454,0.63414633,0.0,0.0,0.0,0.0
test,4237,tg,0.89285713,0.89285713,0.75,0.0,0.0,0.0,0.0005401026
test,4238,egc,0.8035714,0.72131145,0.7096774,0.0,0.0,0.0,0.0
test,4239,tg,0.51282054,0.5,0.4883721,0.0,0.0,0.0,0.0
test,4240,tg,1.0,0.96428573,0.96428573,1.0,0.00067512825,0.0013502565,0.0014852822
test,4241,tg,1.0,0.71428573,0.43396226,1.0,0.00013502565,0.00013502565,0.00013502565
test,4242,tg,0.925,0.85,0.85,0.0,0.0,0.0002700513,0.0002700513
test,4243,tg,0.375,0.33333334,0.3181818,0.0,0.0,0.0,0.0
test,4244,tg,1.0,0.877551,0.66,1.0,0.00013502565,0.00013502565,0.00040507698
test,4245,egc,0.68292683,0.5882353,0.5588235,0.0,0.0,0.0,0.0
test,4246,nc,1.0,1.0,0.6451613,1.0,0.00040507698,0.00040507698,0.00040507698
test,4247,egc,1.0,0.5625,0.5294118,1.0,0.00013502565,0.00013502565,0.00013502565
test,4248,eps,1.0,1.0,0.57575756,1.0,0.00040507698,0.00040507698,0.00040507698
test,4249,tg,0.6875,0.36,0.33333334,0.0,0.0,0.0,0.0
test,4250,tg,1.0,0.8214286,0.53333336,1.0,0.0002700513,0.0002700513,0.0002700513
test,4251,tg,0.8043478,0.6851852,0.62,0.0,0.0,0.0,0.0
test,4252,egc,1.0,0.5714286,0.5675676,1.0,0.00013502565,0.00013502565,0.00013502565
test,4253,egc,0.5,0.44827586,0.36666667,0.0,0.0,0.0,0.0
test,4254,egc,0.5208333,0.32608697,0.30612245,0.0,0.0,0.0,0.0
test,4255,tg,1.0,1.0,1.0,1.0,0.0012152309,0.0012152309,0.0018903592
test,4256,tg,1.0,0.8214286,0.53333336,1.0,0.0002700513,0.0002700513,0.0002700513
test,4257,tg,0.67241377,0.53571427,0.45454547,0.0,0.0,0.0,0.0
test,4258,egc,1.0,0.7037037,0.7037037,1.0,0.0002700513,0.0002700513,0.0002700513
test,4259,nc,1.0,1.0,0.39130434,1.0,0.0005401026,0.0005401026,0.0005401026
test,4260,tg,0.62857145,0.6052632,0.5675676,0.0,0.0,0.0,0.0
test,4261,egc,1.0,1.0,0.75757575,1.0,0.00040507698,0.00040507698,0.00040507698
test,4262,tg,0.8947368,0.7090909,0.6031746,0.0,0.0,0.0,0.00013502565
test,4263,tg,0.625,0.5277778,0.4864865,0.0,0.0,0.0,0.0
test,4264,egc,1.0,1.0,1.0,1.0,0.0010802052,0.0010802052,0.0013502565
test,4265,tg,1.0,0.8135593,0.8135593,1.0,0.0002700513,0.0002700513,0.0002700513
test,4266,egc,0.8918919,0.7297297,0.61904764,0.0,0.0,0.0,0.00013502565
test,4267,egb,1.0,0.44680852,0.44444445,1.0,0.00013502565,0.00013502565,0.00013502565
test,4268,eps,1.0,1.0,0.7419355,1.0,0.00040507698,0.00040507698,0.00040507698
test,4269,tg,0.59574467,0.54,0.5106383,0.0,0.0,0.0,0.0
test,4270,tg,0.5555556,0.53846157,0.44444445,0.0,0.0,0.0,0.0
test,4271,tg,0.48214287,0.41025642,0.3970588,0.0,0.0,0.0,0.0
test,4272,egc,0.6451613,0.41666666,0.3939394,0.0,0.0,0.0,0.0
test,4273,ei,1.0,0.45833334,0.45833334,1.0,0.00013502565,0.00013502565,0.00013502565
test,4274,tg,0.62,0.4716981,0.4642857,0.0,0.0,0.0,0.0
test,4275,egc,0.2857143,0.27272728,0.27027026,0.0,0.0,0.0,0.0
test,4276,tg,0.7659575,0.7346939,0.7169811,0.0,0.0,0.0,0.0
test,4277,tg,0.8780488,0.61702126,0.59090906,0.0,0.0,0.0,0.00013502565
test,4278,tg,0.9166667,0.86,0.82,0.0,0.0,0.0002700513,0.0005401026
test,4279,tg,0.9032258,0.8208955,0.7777778,0.0,0.0,0.00013502565,0.0002700513
test,4280,tg,0.5952381,0.36734694,0.3043478,0.0,0.0,0.0,0.0
test,4281,tg,0.52459013,0.4827586,0.4516129,0.0,0.0,0.0,0.0
test,4282,tg,1.0,0.575,0.46,1.0,0.00013502565,0.00013502565,0.0002700513
test,4283,egb,1.0,1.0,1.0,1.0,0.0017553335,0.0017553335,0.0017553335
test,4284,egc,1.0,0.4642857,0.4642857,1.0,0.0002700513,0.0002700513,0.0002700513
test,4285,tg,0.96428573,0.96428573,0.96428573,0.0,0.00081015396,0.0009451796,0.0009451796
test,4286,tg,0.71428573,0.6981132,0.6923077,0.0,0.0,0.0,0.0
test,4287,nc,1.0,0.6111111,0.6111111,1.0,0.0002700513,0.0002700513,0.0002700513
test,4288,tg,0.7837838,0.35185185,0.3392857,0.0,0.0,0.0,0.0
test,4289,tg,0.88,0.86,0.82,0.0,0.0,0.0,0.00040507698
test,4290,tg,0.88235295,0.7894737,0.7169811,0.0,0.0,0.0,0.00013502565
test,4291,egc,0.375,0.375,0.36363637,0.0,0.0,0.0,0.0
test,4292,egc,1.0,1.0,0.96875,1.0,0.00081015396,0.0009451796,0.0009451796
test,4293,tg,1.0,0.8,0.7105263,1.0,0.0002700513,0.0002700513,0.0002700513
test,4294,tg,1.0,0.7741935,0.7741935,1.0,0.0002700513,0.0002700513,0.0002700513
test,4295,eea,1.0,1.0,1.0,1.0,0.0013502565,0.0014852822,0.0014852822
test,4296,egc,1.0,0.96428573,0.79310346,1.0,0.00040507698,0.00040507698,0.0005401026
test,4297,egc,0.6,0.41666666,0.39130434,0.0,0.0,0.0,0.0
test,4298,egb,0.4390244,0.38636363,0.3478261,0.0,0.0,0.0,0.0
test,4299,tg,0.7017544,0.60655737,0.59322035,0.0,0.0,0.0,0.0
test,4300,tg,1.0,1.0,1.0,1.0,0.0076964623,0.007966514,0.00810154
test,4301,tg,0.5769231,0.44827586,0.43333334,0.0,0.0,0.0,0.0
test,4302,tg,0.9459459,0.47916666,0.36956522,0.0,0.0,0.00013502565,0.00013502565
test,4303,eea,1.0,1.0,0.6551724,1.0,0.00040507698,0.00040507698,0.00040507698
test,4304,tg,0.5769231,0.36842105,0.33333334,0.0,0.0,0.0,0.0
test,4305,egc,0.95238096,0.54385966,0.5272727,0.0,0.00013502565,0.00013502565,0.00013502565
test,4306,tg,0.64634144,0.5479452,0.53333336,0.0,0.0,0.0,0.0
test,4307,eea,1.0,1.0,0.67741936,1.0,0.00040507698,0.00040507698,0.00040507698
test,4308,tg,0.47727272,0.45945945,0.45945945,0.0,0.0,0.0,0.0
test,4309,eea,1.0,1.0,0.4347826,1.0,0.00040507698,0.00040507698,0.00040507698
test,4310,egc,0.90384614,0.90384614,0.8703704,0.0,0.0,0.0005401026,0.0009451796
test,4311,tg,0.97619045,0.5531915,0.53571427,0.0,0.00013502565,0.00013502565,0.00013502565
test,4312,tg,0.6666667,0.6296296,0.6226415,0.0,0.0,0.0,0.0
test,4313,egc,0.88235295,0.7878788,0.71428573,0.0,0.0,0.0,0.0002700513
test,4314,egc,0.46031746,0.42424244,0.4057971,0.0,0.0,0.0,0.0
test,4315,tg,0.8979592,0.8888889,0.78,0.0,0.0,0.0,0.0005401026
test,4316,eea,1.0,0.45454547,0.45454547,1.0,0.0002700513,0.0002700513,0.0002700513
test,4317,tg,0.64285713,0.61538464,0.59183675,0.0,0.0,0.0,0.0
test,4318,egc,0.6315789,0.6315789,0.6315789,0.0,0.0,0.0,0.0
test,4319,tg,0.9117647,0.7777778,0.7777778,0.0,0.0,0.00013502565,0.0002700513
test,4320,tg,0.765625,0.5614035,0.515625,0.0,0.0,0.0,0.0
test,4321,egc,0.45833334,0.42307693,0.33333334,0.0,0.0,0.0,0.0
test,4322,tg,0.76086956,0.73333335,0.5294118,0.0,0.0,0.0,0.0
test,4323,tg,1.0,0.6666667,0.61538464,1.0,0.00013502565,0.00013502565,0.00013502565
test,4324,egc,0.85106385,0.6792453,0.6363636,0.0,0.0,0.0,0.00013502565
test,4325,egc,1.0,0.7037037,0.6785714,1.0,0.00013502565,0.00013502565,0.00013502565
test,4326,egc,0.67741936,0.5121951,0.45454547,0.0,0.0,0.0,0.0
test,4327,tg,0.81578946,0.775,0.75609756,0.0,0.0,0.0,0.0
test,4328,tg,0.7647059,0.7017544,0.5535714,0.0,0.0,0.0,0.0
test,4329,tg,0.9047619,0.76,0.76,0.0,0.0,0.00013502565,0.00013502565
test,4330,tg,1.0,0.47826087,0.46666667,1.0,0.00013502565,0.00013502565,0.00013502565
test,4331,egc,0.7297297,0.625,0.48076922,0.0,0.0,0.0,0.0
test,4332,egb,1.0,1.0,0.7096774,1.0,0.0005401026,0.0005401026,0.0005401026
test,4333,tg,0.6666667,0.45945945,0.45454547,0.0,0.0,0.0,0.0
test,4334,egc,0.3448276,0.34375,0.33333334,0.0,0.0,0.0,0.0
test,4335,egc,0.47619048,0.3846154,0.37037036,0.0,0.0,0.0,0.0
test,4336,nc,1.0,1.0,0.61290324,1.0,0.0005401026,0.0005401026,0.0005401026
test,4337,egc,1.0,0.8,0.8,1.0,0.00013502565,0.00013502565,0.00013502565
test,4338,tg,1.0,1.0,1.0,1.0,0.0010802052,0.0010802052,0.0013502565
test,4339,eps,1.0,1.0,0.57894737,1.0,0.00040507698,0.00040507698,0.00040507698
test,4340,tg,1.0,0.75757575,0.7352941,1.0,0.00013502565,0.00013502565,0.00013502565
test,4341,tg,0.8333333,0.5576923,0.54901963,0.0,0.0,0.0,0.0
test,4342,tg,0.61290324,0.6034483,0.59322035,0.0,0.0,0.0,0.0
test,4343,tg,0.76363635,0.6315789,0.5660377,0.0,0.0,0.0,0.0
test,4344,tg,0.60714287,0.516129,0.42857143,0.0,0.0,0.0,0.0
test,4345,egc,1.0,1.0,1.0,1.0,0.0076964623,0.007966514,0.00810154
test,4346,egc,0.7837838,0.70731705,0.6585366,0.0,0.0,0.0,0.0
test,4347,tg,0.7755102,0.6909091,0.67346936,0.0,0.0,0.0,0.0
test,4348,egc,0.95652175,0.9130435,0.8076923,0.0,0.0002700513,0.0005401026,0.0005401026
test,4349,tg,0.5777778,0.5,0.46666667,0.0,0.0,0.0,0.0
test,4350,tg,0.5,0.4117647,0.39130434,0.0,0.0,0.0,0.0
test,4351,tg,0.4814815,0.3478261,0.29411766,0.0,0.0,0.0,0.0
test,4352,tg,0.5882353,0.54347825,0.54,0.0,0.0,0.0,0.0
test,4353,egc,0.5588235,0.41463414,0.3902439,0.0,0.0,0.0,0.0
test,4354,tg,1.0,0.36666667,0.34375,1.0,0.00013502565,0.00013502565,0.00013502565
test,4355,tg,0.96,0.8,0.4375,0.0,0.00013502565,0.00013502565,0.0002700513
test,4356,nc,1.0,1.0,0.57894737,1.0,0.00040507698,0.00040507698,0.00040507698
test,4357,egc,0.64705884,0.5945946,0.5641026,0.0,0.0,0.0,0.0
test,4358,tg,1.0,0.7708333,0.6666667,1.0,0.00013502565,0.00013502565,0.00013502565
test,4359,tg,1.0,0.82857144,0.53488374,1.0,0.0002700513,0.0002700513,0.0002700513
test,4360,eea,1.0,1.0,0.64,1.0,0.00040507698,0.00040507698,0.00040507698
test,4361,tg,1.0,0.87096775,0.8064516,1.0,0.0002700513,0.0002700513,0.00040507698
test,4362,egc,0.6388889,0.46875,0.41935483,0.0,0.0,0.0,0.0
test,4363,egc,0.5769231,0.5555556,0.5,0.0,0.0,0.0,0.0
test,4364,eps,1.0,1.0,0.8888889,1.0,0.00040507698,0.00040507698,0.0009451796
test,4365,nc,1.0,1.0,1.0,1.0,0.00067512825,0.00067512825,0.00067512825
test,4366,egc,1.0,0.64705884,0.63793105,1.0,0.00013502565,0.00013502565,0.00013502565
test,4367,tg,0.85714287,0.8372093,0.80851066,0.0,0.0,0.0,0.0002700513
test,4368,tg,1.0,1.0,0.8235294,1.0,0.0005401026,0.0005401026,0.0005401026
test,4369,tg,0.5365854,0.4878049,0.4864865,0.0,0.0,0.0,0.0
test,4370,egc,1.0,1.0,1.0,1.0,0.0012152309,0.0012152309,0.0018903592
test,4371,tg,0.9130435,0.9130435,0.8913044,0.0,0.0,0.0005401026,0.00081015396
test,4372,tg,1.0,0.6,0.4716981,1.0,0.00013502565,0.00013502565,0.00013502565
test,4373,tg,0.7826087,0.73333335,0.72727275,0.0,0.0,0.0,0.0
test,4374,egc,1.0,0.6,0.5769231,1.0,0.00013502565,0.00013502565,0.00013502565
test,4375,tg,0.875,0.875,0.8541667,0.0,0.0,0.0,0.00067512825
test,4376,tg,0.72727275,0.67741936,0.6031746,0.0,0.0,0.0,0.0
test,4377,ei,1.0,1.0,1.0,1.0,0.00067512825,0.00067512825,0.00067512825
test,4378,egc,0.64,0.5714286,0.53333336,0.0,0.0,0.0,0.0
test,4379,tg,0.6666667,0.61904764,0.5897436,0.0,0.0,0.0,0.0
test,4380,egc,0.96875,0.96875,0.8181818,0.0,0.0005401026,0.0005401026,0.0005401026
test,4381,egb,1.0,1.0,0.8888889,1.0,0.0005401026,0.0005401026,0.0009451796
test,4382,egc,1.0,0.87096775,0.61764705,1.0,0.0002700513,0.0002700513,0.0005401026
test,4383,tg,1.0,0.96428573,0.96428573,1.0,0.0017553335,0.0021604104,0.0024304618
test,4384,eps,1.0,0.6111111,0.6111111,1.0,0.0002700513,0.0002700513,0.0002700513
test,4385,tg,1.0,0.8214286,0.7419355,1.0,0.00013502565,0.00013502565,0.0002700513
test,4386,tg,1.0,0.8965517,0.8666667,1.0,0.00013502565,0.00013502565,0.00067512825
test,4387,tg,0.7647059,0.7,0.6938776,0.0,0.0,0.0,0.0
test,4388,tg,0.3970588,0.31034482,0.31034482,0.0,0.0,0.0,0.0
test,4389,egc,1.0,0.87096775,0.61764705,1.0,0.0002700513,0.0002700513,0.0005401026
test,4390,egc,1.0,1.0,0.625,1.0,0.00040507698,0.00040507698,0.00040507698
test,4391,egc,1.0,0.4814815,0.43333334,1.0,0.00013502565,0.00013502565,0.00013502565
test,4392,egc,0.6451613,0.4857143,0.45714286,0.0,0.0,0.0,0.0
test,4393,tg,0.63414633,0.516129,0.516129,0.0,0.0,0.0,0.0
test,4394,tg,0.6785714,0.62068963,0.5925926,0.0,0.0,0.0,0.0
test,4395,egc,0.9583333,0.9,0.8958333,0.0,0.0002700513,0.0002700513,0.00081015396
test,4396,tg,0.627907,0.6,0.525,0.0,0.0,0.0,0.0
test,4397,egc,1.0,0.9318182,0.8,1.0,0.0002700513,0.0005401026,0.0005401026
test,4398,ei,1.0,0.61538464,0.61538464,1.0,0.0002700513,0.0002700513,0.0002700513
test,4399,egc,0.3243243,0.28947368,0.2857143,0.0,0.0,0.0,0.0
test,4400,tg,1.0,0.7903226,0.53846157,1.0,0.00013502565,0.00013502565,0.00013502565
test,4401,egc,0.9705882,0.8857143,0.7631579,0.0,0.00013502565,0.00013502565,0.00040507698
test,4402,tg,0.8269231,0.76785713,0.5084746,0.0,0.0,0.0,0.0
test,4403,tg,1.0,0.7758621,0.7,1.0,0.00013502565,0.00013502565,0.00013502565
test,4404,tg,0.7446808,0.7291667,0.7291667,0.0,0.0,0.0,0.0
test,4405,tg,0.6818182,0.6086956,0.5769231,0.0,0.0,0.0,0.0
test,4406,tg,1.0,0.6041667,0.5652174,1.0,0.0002700513,0.0002700513,0.0002700513
test,4407,tg,0.90909094,0.7058824,0.53846157,0.0,0.0,0.00013502565,0.00013502565
test,4408,egc,0.8333333,0.8333333,0.7105263,0.0,0.0,0.0,0.0
test,4409,tg,1.0,1.0,0.9310345,1.0,0.0005401026,0.00067512825,0.00067512825
test,4410,tg,1.0,0.962963,0.8064516,1.0,0.00040507698,0.00040507698,0.00040507698
test,4411,egc,1.0,0.71428573,0.71428573,1.0,0.0002700513,0.0002700513,0.0002700513
test,4412,tg,0.86440676,0.72602737,0.6,0.0,0.0,0.0,0.00013502565
test,4413,tg,0.76086956,0.7446808,0.625,0.0,0.0,0.0,0.0
test,4414,eps,1.0,1.0,0.57575756,1.0,0.0005401026,0.0005401026,0.0005401026
test,4415,tg,0.7894737,0.58064514,0.5263158,0.0,0.0,0.0,0.0
test,4416,tg,0.75,0.6,0.5882353,0.0,0.0,0.0,0.0
test,4417,egc,1.0,0.6666667,0.6527778,1.0,0.00013502565,0.00013502565,0.00013502565
test,4418,tg,0.7619048,0.73333335,0.63829786,0.0,0.0,0.0,0.0
test,4419,tg,0.68115944,0.6615385,0.640625,0.0,0.0,0.0,0.0
test,4420,tg,0.8333333,0.8181818,0.8,0.0,0.0,0.0,0.0
test,4421,tg,1.0,1.0,0.84375,1.0,0.0005401026,0.0005401026,0.0005401026
test,4422,tg,1.0,0.65625,0.65625,1.0,0.00013502565,0.00013502565,0.00013502565
test,4423,eea,1.0,0.54545456,0.54545456,1.0,0.0002700513,0.0002700513,0.0002700513
test,4424,tg,1.0,1.0,0.5,1.0,0.0005401026,0.0005401026,0.0005401026
test,4425,tg,1.0,1.0,0.92105263,1.0,0.00040507698,0.0010802052,0.0010802052
test,4426,egc,0.6585366,0.6585366,0.5263158,0.0,0.0,0.0,0.0
test,4427,tg,0.95348835,0.8604651,0.8604651,0.0,0.00013502565,0.00013502565,0.0014852822
test,4428,egc,1.0,0.7,0.5510204,1.0,0.00013502565,0.00013502565,0.00013502565
test,4429,egc,0.55263156,0.5365854,0.42424244,0.0,0.0,0.0,0.0
test,4430,egc,0.8055556,0.675,0.6571429,0.0,0.0,0.0,0.0
test,4431,tg,0.73333335,0.67346936,0.67346936,0.0,0.0,0.0,0.0
test,4432,eps,1.0,1.0,0.8604651,1.0,0.00040507698,0.00040507698,0.00067512825
test,4433,egb,1.0,1.0,0.61290324,1.0,0.00040507698,0.00040507698,0.00040507698
test,4434,tg,0.71428573,0.51724136,0.4848485,0.0,0.0,0.0,0.0
test,4435,egc,1.0,1.0,1.0,1.0,0.00067512825,0.00067512825,0.0009451796
test,4436,egc,1.0,0.4375,0.30555555,1.0,0.00013502565,0.00013502565,0.00013502565
test,4437,tg,1.0,0.4642857,0.43333334,1.0,0.00013502565,0.00013502565,0.00013502565
test,4438,tg,0.6486486,0.6216216,0.6052632,0.0,0.0,0.0,0.0
test,4439,egb,1.0,0.3,0.25,1.0,0.0002700513,0.0002700513,0.0002700513
test,4440,tg,0.8947368,0.7735849,0.76785713,0.0,0.0,0.0,0.00013502565
test,4441,egb,1.0,0.6363636,0.6363636,1.0,0.00013502565,0.00013502565,0.00013502565
test,4442,tg,0.94871795,0.8974359,0.84615386,0.0,0.0,0.00013502565,0.0005401026
test,4443,egb,1.0,0.93333334,0.6756757,1.0,0.00013502565,0.0005401026,0.0005401026
test,4444,tg,0.8301887,0.78846157,0.78431374,0.0,0.0,0.0,0.0
test,4445,eea,1.0,0.71428573,0.71428573,1.0,0.0002700513,0.0002700513,0.0002700513
test,4446,eps,1.0,1.0,0.5,1.0,0.00040507698,0.00040507698,0.00040507698
test,4447,tg,0.49019608,0.46,0.4528302,0.0,0.0,0.0,0.0
test,4448,egc,0.7,0.7,0.68085104,0.0,0.0,0.0,0.0
test,4449,tg,0.85714287,0.68,0.64,0.0,0.0,0.0,0.00013502565
test,4450,tg,1.0,0.47058824,0.3809524,1.0,0.0002700513,0.0002700513,0.0002700513
test,4451,tg,0.56666666,0.53571427,0.53333336,0.0,0.0,0.0,0.0
test,4452,tg,0.75510204,0.54545456,0.49122807,0.0,0.0,0.0,0.0
test,4453,tg,0.7254902,0.6,0.5714286,0.0,0.0,0.0,0.0
test,4454,egc,0.5714286,0.5,0.47058824,0.0,0.0,0.0,0.0
test,4455,egc,1.0,0.52380955,0.4090909,1.0,0.0002700513,0.0002700513,0.0002700513
test,4456,tg,0.8955224,0.7808219,0.63492066,0.0,0.0,0.0,0.00013502565
test,4457,egc,0.75609756,0.70731705,0.47058824,0.0,0.0,0.0,0.0
test,4458,ei,1.0,1.0,0.5,1.0,0.0005401026,0.0005401026,0.0005401026
test,4459,tg,0.86440676,0.7183099,0.5125,0.0,0.0,0.0,0.0002700513
test,4460,eea,1.0,1.0,1.0,1.0,0.00067512825,0.00067512825,0.00067512825
test,4461,tg,0.8888889,0.71428573,0.7,0.0,0.0,0.0,0.00013502565
test,4462,tg,0.78125,0.75,0.6857143,0.0,0.0,0.0,0.0
test,4463,tg,1.0,0.9714286,0.7837838,1.0,0.00040507698,0.00040507698,0.0005401026
test,4464,eps,1.0,0.67741936,0.67741936,1.0,0.0002700513,0.0002700513,0.0002700513
test,4465,tg,0.5675676,0.5675676,0.5263158,0.0,0.0,0.0,0.0
test,4466,egc,0.8333333,0.8333333,0.6944444,0.0,0.0,0.0,0.0
test,4467,tg,0.64705884,0.53333336,0.47368422,0.0,0.0,0.0,0.0
test,4468,nc,1.0,0.4642857,0.4642857,1.0,0.0002700513,0.0002700513,0.0002700513
test,4469,egc,0.6976744,0.54347825,0.5,0.0,0.0,0.0,0.0
test,4470,egc,0.8125,0.8125,0.7878788,0.0,0.0,0.0,0.0
test,4471,egc,0.61904764,0.5777778,0.5625,0.0,0.0,0.0,0.0
test,4472,tg,0.65384614,0.6181818,0.5740741,0.0,0.0,0.0,0.0
test,4473,egc,0.65,0.45614034,0.39215687,0.0,0.0,0.0,0.0
test,4474,tg,0.8181818,0.73770493,0.73214287,0.0,0.0,0.0,0.0
test,4475,egc,0.4375,0.31111112,0.25581396,0.0,0.0,0.0,0.0
test,4476,tg,0.89285713,0.89285713,0.8181818,0.0,0.0,0.0,0.0005401026
test,4477,egc,1.0,0.8,0.8,1.0,0.0002700513,0.0002700513,0.0002700513
test,4478,egc,0.6944444,0.46875,0.41860464,0.0,0.0,0.0,0.0
test,4479,tg,0.71875,0.64705884,0.5675676,0.0,0.0,0.0,0.0
test,4480,tg,0.84313726,0.71428573,0.6551724,0.0,0.0,0.0,0.0
test,4481,eps,1.0,1.0,0.5625,1.0,0.00040507698,0.00040507698,0.0005401026
test,4482,tg,0.6097561,0.5,0.46153846,0.0,0.0,0.0,0.0
test,4483,tg,0.7105263,0.6923077,0.65,0.0,0.0,0.0,0.0
test,4484,tg,1.0,0.87234044,0.8604651,1.0,0.00013502565,0.0002700513,0.00067512825
test,4485,tg,0.64444447,0.49056605,0.4262295,0.0,0.0,0.0,0.0
test,4486,eea,1.0,1.0,0.6451613,1.0,0.00040507698,0.00040507698,0.00040507698
test,4487,tg,1.0,1.0,0.7906977,1.0,0.0005401026,0.0005401026,0.0005401026
test,4488,tg,1.0,1.0,0.7358491,1.0,0.0005401026,0.0005401026,0.0005401026
test,4489,tg,0.625,0.625,0.54545456,0.0,0.0,0.0,0.0
test,4490,tg,0.8214286,0.8035714,0.6440678,0.0,0.0,0.0,0.0
test,4491,egc,0.47826087,0.42307693,0.3478261,0.0,0.0,0.0,0.0
test,4492,tg,0.754717,0.6896552,0.546875,0.0,0.0,0.0,0.0
test,4493,tg,1.0,0.7906977,0.75,1.0,0.00013502565,0.00013502565,0.00013502565
test,4494,tg,0.5625,0.53846157,0.5,0.0,0.0,0.0,0.0
test,4495,egc,0.75555557,0.6530612,0.63829786,0.0,0.0,0.0,0.0
test,4496,tg,1.0,0.5,0.44444445,1.0,0.0002700513,0.0002700513,0.0002700513
test,4497,egc,1.0,1.0,1.0,1.0,0.0033756413,0.004320821,0.005130975
test,4498,tg,1.0,0.8958333,0.81632656,1.0,0.00013502565,0.00013502565,0.0005401026
test,4499,tg,0.78431374,0.58181816,0.54385966,0.0,0.0,0.0,0.0
test,4500,tg,0.9444444,0.8095238,0.8095238,0.0,0.0,0.00013502565,0.00013502565
test,4501,egb,1.0,0.3783784,0.35897437,1.0,0.00013502565,0.00013502565,0.00013502565
test,4502,egc,1.0,0.6571429,0.64705884,1.0,0.00013502565,0.00013502565,0.00013502565
test,4503,tg,0.7647059,0.53488374,0.52272725,0.0,0.0,0.0,0.0
test,4504,tg,0.70454544,0.6052632,0.5897436,0.0,0.0,0.0,0.0
test,4505,tg,1.0,0.95454544,0.95454544,1.0,0.00081015396,0.00081015396,0.00081015396
test,4506,egc,0.36666667,0.33333334,0.33333334,0.0,0.0,0.0,0.0
test,4507,tg,0.9117647,0.4390244,0.30952382,0.0,0.0,0.00013502565,0.00013502565
test,4508,tg,0.64102566,0.47368422,0.47368422,0.0,0.0,0.0,0.0
test,4509,tg,0.9230769,0.61538464,0.5609756,0.0,0.0,0.00013502565,0.00013502565
test,4510,nc,1.0,1.0,0.6333333,1.0,0.00040507698,0.00040507698,0.00040507698
test,4511,tg,1.0,0.7222222,0.6944444,1.0,0.00013502565,0.00013502565,0.0002700513
test,4512,tg,1.0,1.0,0.7358491,1.0,0.0005401026,0.0005401026,0.0005401026
test,4513,tg,0.6,0.37254903,0.36206895,0.0,0.0,0.0,0.0
test,4514,egc,1.0,0.47826087,0.47826087,1.0,0.0002700513,0.0002700513,0.0002700513
test,4515,egc,0.7777778,0.6981132,0.625,0.0,0.0,0.0,0.0
test,4516,egc,0.8035714,0.51724136,0.4516129,0.0,0.0,0.0,0.0
test,4517,egc,0.96,0.8214286,0.7241379,0.0,0.00013502565,0.00013502565,0.00013502565
test,4518,tg,0.7,0.61764705,0.6,0.0,0.0,0.0,0.0
test,4519,tg,0.6363636,0.6363636,0.625,0.0,0.0,0.0,0.0
test,4520,tg,0.84782606,0.82608694,0.59574467,0.0,0.0,0.0,0.0
test,4521,egc,1.0,1.0,0.67741936,1.0,0.0005401026,0.0005401026,0.0005401026
test,4522,tg,0.8356164,0.5368421,0.4117647,0.0,0.0,0.0,0.0
test,4523,egc,1.0,1.0,1.0,1.0,0.0033756413,0.004320821,0.005130975
test,4524,tg,0.625,0.5,0.40384614,0.0,0.0,0.0,0.0
test,4525,tg,1.0,0.8135593,0.8135593,1.0,0.0002700513,0.0002700513,0.0002700513
test,4526,nc,1.0,1.0,0.8965517,1.0,0.0005401026,0.0005401026,0.0009451796
test,4527,tg,0.7058824,0.6764706,0.6764706,0.0,0.0,0.0,0.0
test,4528,tg,1.0,0.9736842,0.6666667,1.0,0.00040507698,0.00040507698,0.00040507698
test,4529,tg,1.0,0.5405405,0.4651163,1.0,0.00013502565,0.00013502565,0.00013502565
test,4530,tg,1.0,0.30769232,0.29032257,1.0,0.00013502565,0.00013502565,0.00013502565
test,4531,egb,1.0,1.0,0.5714286,1.0,0.0005401026,0.0005401026,0.0005401026
test,4532,eps,1.0,1.0,0.7692308,1.0,0.0005401026,0.0005401026,0.0005401026
test,4533,egc,1.0,1.0,1.0,1.0,0.0009451796,0.0009451796,0.0010802052
test,4534,tg,1.0,1.0,1.0,1.0,0.0009451796,0.0009451796,0.0010802052
test,4535,ei,1.0,0.4857143,0.4857143,1.0,0.0002700513,0.0002700513,0.0002700513
test,4536,egc,0.537037,0.46875,0.4477612,0.0,0.0,0.0,0.0
test,4537,nc,1.0,0.5416667,0.5416667,1.0,0.0002700513,0.0002700513,0.0002700513
test,4538,egc,0.9677419,0.6,0.5833333,0.0,0.00013502565,0.00013502565,0.00013502565
test,4539,tg,0.7105263,0.6585366,0.6315789,0.0,0.0,0.0,0.0
test,4540,tg,0.8039216,0.71929824,0.65,0.0,0.0,0.0,0.0
test,4541,egc,0.7027027,0.53846157,0.48076922,0.0,0.0,0.0,0.0
test,4542,eea,1.0,1.0,0.7419355,1.0,0.00040507698,0.00040507698,0.00040507698
test,4543,tg,1.0,1.0,1.0,1.0,0.0009451796,0.0021604104,0.0037807184
test,4544,tg,0.9347826,0.87234044,0.66071427,0.0,0.0,0.0002700513,0.0005401026
test,4545,ei,1.0,1.0,0.6363636,1.0,0.00040507698,0.00040507698,0.00040507698
test,4546,tg,0.875,0.65909094,0.5952381,0.0,0.0,0.0,0.00013502565
test,4547,ei,1.0,1.0,0.4516129,1.0,0.0005401026,0.0005401026,0.0005401026
test,4548,tg,0.88461536,0.86538464,0.7894737,0.0,0.0,0.0,0.00040507698
test,4549,egc,0.73170733,0.5116279,0.5116279,0.0,0.0,0.0,0.0
test,4550,tg,0.984375,0.80597013,0.44578314,0.0,0.00013502565,0.0002700513,0.0002700513
test,4551,tg,1.0,0.9491525,0.9491525,1.0,0.0002700513,0.00081015396,0.0009451796
test,4552,tg,0.78571427,0.75609756,0.509434,0.0,0.0,0.0,0.0
test,4553,tg,0.64285713,0.60465115,0.5208333,0.0,0.0,0.0,0.0
test,4554,egc,0.9459459,0.65789473,0.5952381,0.0,0.0,0.00013502565,0.00013502565
test,4555,tg,0.9047619,0.84,0.7735849,0.0,0.0,0.00013502565,0.00013502565
test,4556,tg,0.8333333,0.825,0.7173913,0.0,0.0,0.0,0.0
test,4557,egc,1.0,0.84745765,0.8333333,1.0,0.00013502565,0.00013502565,0.0002700513
test,4558,egc,0.7567568,0.625,0.61764705,0.0,0.0,0.0,0.0
test,4559,tg,1.0,0.74509805,0.63829786,1.0,0.00013502565,0.00013502565,0.00013502565
test,4560,ei,1.0,0.5652174,0.5652174,1.0,0.0002700513,0.0002700513,0.0002700513
test,4561,ei,1.0,1.0,0.65625,1.0,0.00040507698,0.00040507698,0.00040507698
test,4562,tg,0.75,0.7222222,0.6818182,0.0,0.0,0.0,0.0
test,4563,tg,1.0,1.0,1.0,1.0,0.0076964623,0.007966514,0.00810154
test,4564,tg,0.79310346,0.6885246,0.6666667,0.0,0.0,0.0,0.0
test,4565,tg,1.0,1.0,0.6551724,1.0,0.00040507698,0.00040507698,0.00040507698
test,4566,tg,0.96153843,0.9056604,0.7936508,0.0,0.00013502565,0.00040507698,0.00040507698
test,4567,tg,0.7936508,0.703125,0.6315789,0.0,0.0,0.0,0.0
test,4568,tg,0.83870965,0.7647059,0.72727275,0.0,0.0,0.0,0.0
test,4569,egc,1.0,0.6111111,0.6097561,1.0,0.00013502565,0.00013502565,0.00013502565
test,4570,tg,0.9767442,0.6938776,0.6792453,0.0,0.00013502565,0.00013502565,0.00013502565
test,4571,tg,0.972973,0.8974359,0.8717949,0.0,0.0002700513,0.0002700513,0.00081015396
test,4572,egc,0.5,0.42857143,0.425,0.0,0.0,0.0,0.0
test,4573,egc,1.0,1.0,0.5,1.0,0.00040507698,0.00040507698,0.00040507698
test,4574,eea,1.0,1.0,1.0,1.0,0.00067512825,0.00067512825,0.00067512825
test,4575,egc,1.0,0.45454547,0.45454547,1.0,0.0002700513,0.0002700513,0.0002700513
test,4576,tg,0.8780488,0.5714286,0.46774194,0.0,0.0,0.0,0.00013502565
test,4577,tg,0.78846157,0.5576923,0.45454547,0.0,0.0,0.0,0.0
test,4578,tg,1.0,0.969697,0.61538464,1.0,0.00040507698,0.00040507698,0.0005401026
test,4579,tg,0.6551724,0.6122449,0.6122449,0.0,0.0,0.0,0.0
test,4580,eea,1.0,1.0,0.47058824,1.0,0.00040507698,0.00040507698,0.00040507698
test,4581,tg,0.8958333,0.877551,0.78431374,0.0,0.0,0.0,0.0005401026
test,4582,tg,0.3265306,0.3243243,0.3243243,0.0,0.0,0.0,0.0
test,4583,egc,0.5555556,0.5,0.5,0.0,0.0,0.0,0.0
test,4584,tg,1.0,0.877551,0.75510204,1.0,0.00013502565,0.00013502565,0.00040507698
test,4585,tg,1.0,0.96153843,0.88461536,1.0,0.00040507698,0.0005401026,0.0017553335
test,4586,egb,0.72,0.62068963,0.6,0.0,0.0,0.0,0.0
test,4587,eea,1.0,0.45833334,0.45833334,1.0,0.00013502565,0.00013502565,0.00013502565
test,4588,egb,1.0,0.6551724,0.57575756,1.0,0.00013502565,0.00013502565,0.00013502565
test,4589,egc,1.0,1.0,0.57575756,1.0,0.00040507698,0.00040507698,0.00040507698
test,4590,egc,0.4814815,0.40625,0.4,0.0,0.0,0.0,0.0
test,4591,tg,0.9310345,0.81666666,0.8135593,0.0,0.0,0.00013502565,0.00013502565
test,4592,egc,0.44444445,0.4,0.36363637,0.0,0.0,0.0,0.0
test,4593,tg,0.8541667,0.8125,0.8,0.0,0.0,0.0,0.00013502565
test,4594,tg,0.72,0.7037037,0.60714287,0.0,0.0,0.0,0.0
test,4595,egc,0.86206895,0.53333336,0.48076922,0.0,0.0,0.0,0.00013502565
test,4596,tg,0.75,0.6956522,0.575,0.0,0.0,0.0,0.0
test,4597,tg,0.80487806,0.65217394,0.5777778,0.0,0.0,0.0,0.0
test,4598,eps,1.0,0.72727275,0.53333336,1.0,0.0002700513,0.0002700513,0.0002700513
test,4599,tg,0.8055556,0.7837838,0.6111111,0.0,0.0,0.0,0.0
test,4600,tg,0.65,0.62857145,0.62857145,0.0,0.0,0.0,0.0
test,4601,ei,1.0,1.0,0.37142858,1.0,0.0005401026,0.0005401026,0.0005401026
test,4602,egc,0.57894737,0.30555555,0.2857143,0.0,0.0,0.0,0.0
test,4603,eps,1.0,1.0,0.7037037,1.0,0.00040507698,0.00040507698,0.00040507698
test,4604,tg,0.97959185,0.78431374,0.754717,0.0,0.00013502565,0.00013502565,0.00013502565
test,4605,eea,1.0,1.0,0.71428573,1.0,0.00040507698,0.00040507698,0.00040507698
test,4606,tg,0.73170733,0.41666666,0.4,0.0,0.0,0.0,0.0
test,4607,tg,0.84375,0.44444445,0.3409091,0.0,0.0,0.0,0.0
test,4608,egc,0.59574467,0.54,0.5106383,0.0,0.0,0.0,0.0
test,4609,tg,0.84615386,0.7777778,0.6923077,0.0,0.0,0.0,0.0
test,4610,tg,0.33333334,0.33333334,0.2857143,0.0,0.0,0.0,0.0
test,4611,tg,0.90909094,0.6122449,0.6122449,0.0,0.0,0.00013502565,0.00013502565
test,4612,egb,1.0,1.0,0.5652174,1.0,0.0005401026,0.0005401026,0.0005401026
test,4613,tg,0.5555556,0.4074074,0.4074074,0.0,0.0,0.0,0.0
test,4614,tg,1.0,0.7,0.7,1.0,0.0002700513,0.0002700513,0.0002700513
test,4615,tg,0.8333333,0.35714287,0.27272728,0.0,0.0,0.0,0.0
test,4616,egc,1.0,0.42,0.42,1.0,0.00013502565,0.00013502565,0.00013502565
test,4617,egc,0.625,0.58536583,0.48979592,0.0,0.0,0.0,0.0
test,4618,egc,0.5416667,0.3888889,0.3809524,0.0,0.0,0.0,0.0
test,4619,egb,1.0,0.6666667,0.6571429,1.0,0.00013502565,0.00013502565,0.00013502565
test,4620,egc,0.93333334,0.9,0.6363636,0.0,0.0,0.0002700513,0.0005401026
test,4621,tg,0.55737704,0.52459013,0.52307695,0.0,0.0,0.0,0.0
test,4622,egc,1.0,0.625,0.625,1.0,0.00013502565,0.00013502565,0.00013502565
test,4623,egc,1.0,0.57575756,0.5588235,1.0,0.00013502565,0.00013502565,0.00013502565
test,4624,egc,0.6551724,0.54545456,0.41025642,0.0,0.0,0.0,0.0
test,4625,tg,0.5869565,0.5714286,0.5272727,0.0,0.0,0.0,0.0
test,4626,tg,0.96153843,0.83928573,0.6911765,0.0,0.00013502565,0.0002700513,0.0002700513
test,4627,egc,0.4,0.34042552,0.34042552,0.0,0.0,0.0,0.0
test,4628,egc,1.0,0.62857145,0.6,1.0,0.00013502565,0.00013502565,0.00013502565
test,4629,tg,0.80851066,0.6923077,0.59016395,0.0,0.0,0.0,0.0
test,4630,egc,0.8235294,0.8,0.6052632,0.0,0.0,0.0,0.0
test,4631,tg,0.7,0.4,0.3809524,0.0,0.0,0.0,0.0
test,4632,egc,1.0,0.962963,0.6969697,1.0,0.00040507698,0.00040507698,0.00040507698
test,4633,tg,0.76744187,0.58536583,0.58536583,0.0,0.0,0.0,0.0
test,4634,egc,1.0,1.0,1.0,1.0,0.0018903592,0.002025385,0.002025385
test,4635,egc,0.43333334,0.43333334,0.43333334,0.0,0.0,0.0,0.0
test,4636,tg,1.0,0.5,0.4680851,1.0,0.00013502565,0.00013502565,0.00013502565
test,4637,egc,1.0,1.0,1.0,1.0,0.00067512825,0.00067512825,0.00067512825
test,4638,tg,0.9444444,0.7631579,0.73333335,0.0,0.0,0.00013502565,0.00013502565
test,4639,tg,0.884058,0.8243243,0.79710144,0.0,0.0,0.0,0.0002700513
test,4640,nc,1.0,1.0,0.6666667,1.0,0.00040507698,0.00040507698,0.00040507698
test,4641,tg,0.925,0.80487806,0.75,0.0,0.0,0.00013502565,0.0002700513
test,4642,tg,0.74,0.7291667,0.7291667,0.0,0.0,0.0,0.0
test,4643,tg,1.0,1.0,1.0,1.0,0.00081015396,0.0010802052,0.0014852822
test,4644,tg,0.46341464,0.46341464,0.4390244,0.0,0.0,0.0,0.0
test,4645,egc,1.0,1.0,1.0,1.0,0.00067512825,0.00067512825,0.00067512825
test,4646,tg,1.0,1.0,0.5,1.0,0.0005401026,0.0005401026,0.0005401026
test,4647,tg,1.0,1.0,0.5952381,1.0,0.00040507698,0.00040507698,0.00040507698
test,4648,tg,0.61538464,0.46031746,0.3859649,0.0,0.0,0.0,0.0
test,4649,tg,0.84375,0.84375,0.75,0.0,0.0,0.0,0.0
test,4650,tg,0.74509805,0.5769231,0.5576923,0.0,0.0,0.0,0.0
test,4651,tg,0.84090906,0.82222223,0.78723407,0.0,0.0,0.0,0.0
test,4652,egc,0.8684211,0.65909094,0.6511628,0.0,0.0,0.0,0.00013502565
test,4653,tg,0.82857144,0.70731705,0.5319149,0.0,0.0,0.0,0.0
test,4654,tg,1.0,1.0,0.96875,1.0,0.00081015396,0.0009451796,0.0009451796
test,4655,egc,0.5,0.47619048,0.4680851,0.0,0.0,0.0,0.0
test,4656,egc,0.6976744,0.63414633,0.5681818,0.0,0.0,0.0,0.0
test,4657,egc,1.0,0.84210527,0.82857144,1.0,0.0002700513,0.0002700513,0.0002700513
test,4658,egc,1.0,0.7037037,0.6551724,1.0,0.00013502565,0.00013502565,0.00013502565
test,4659,tg,1.0,0.8604651,0.8372093,1.0,0.00013502565,0.00013502565,0.0005401026
test,4660,egb,1.0,0.5416667,0.5416667,1.0,0.0002700513,0.0002700513,0.0002700513
test,4661,egb,1.0,1.0,0.6,1.0,0.0005401026,0.0005401026,0.0005401026
test,4662,egb,1.0,0.5833333,0.5416667,1.0,0.0002700513,0.0002700513,0.0002700513
test,4663,tg,1.0,1.0,1.0,1.0,0.0009451796,0.0010802052,0.0010802052
test,4664,egc,1.0,1.0,1.0,1.0,0.0076964623,0.007966514,0.00810154
test,4665,tg,0.75409836,0.66101694,0.66101694,0.0,0.0,0.0,0.0
test,4666,tg,0.6825397,0.6557377,0.6515151,0.0,0.0,0.0,0.0
test,4667,nc,1.0,1.0,0.5,1.0,0.00040507698,0.00040507698,0.00040507698
test,4668,tg,1.0,0.46031746,0.41666666,1.0,0.00013502565,0.00013502565,0.00013502565
test,4669,tg,0.5,0.5,0.46666667,0.0,0.0,0.0,0.0
test,4670,tg,0.46875,0.4,0.38709676,0.0,0.0,0.0,0.0
test,4671,nc,1.0,0.6,0.6,1.0,0.0002700513,0.0002700513,0.0002700513
test,4672,eea,0.375,0.375,0.375,0.0,0.0,0.0,0.0
test,4673,tg,0.72727275,0.6857143,0.6764706,0.0,0.0,0.0,0.0
test,4674,tg,0.5322581,0.516129,0.4516129,0.0,0.0,0.0,0.0
test,4675,nc,1.0,1.0,1.0,1.0,0.00067512825,0.00067512825,0.00067512825
test,4676,tg,0.82222223,0.7631579,0.7631579,0.0,0.0,0.0,0.0
test,4677,tg,0.96875,0.90909094,0.8235294,0.0,0.0002700513,0.0005401026,0.0005401026
test,4678,ei,1.0,0.79310346,0.6875,1.0,0.00013502565,0.00013502565,0.00013502565
test,4679,tg,1.0,1.0,0.82222223,1.0,0.00040507698,0.0005401026,0.0005401026
test,4680,eps,1.0,1.0,0.71428573,1.0,0.00040507698,0.00040507698,0.00040507698
test,4681,egc,0.5,0.4473684,0.4473684,0.0,0.0,0.0,0.0
test,4682,tg,0.7692308,0.4878049,0.45,0.0,0.0,0.0,0.0
test,4683,tg,0.75609756,0.73170733,0.7111111,0.0,0.0,0.0,0.0
test,4684,tg,0.8367347,0.6896552,0.6181818,0.0,0.0,0.0,0.0
test,4685,tg,0.9591837,0.81632656,0.75510204,0.0,0.00013502565,0.00013502565,0.00013502565
test,4686,egc,1.0,0.61904764,0.61904764,1.0,0.0002700513,0.0002700513,0.0002700513
test,4687,tg,0.6779661,0.6142857,0.5625,0.0,0.0,0.0,0.0
test,4688,tg,0.9056604,0.8518519,0.8,0.0,0.0,0.00013502565,0.0005401026
test,4689,tg,0.6666667,0.61290324,0.5151515,0.0,0.0,0.0,0.0
test,4690,egb,1.0,0.4516129,0.44827586,1.0,0.00013502565,0.00013502565,0.00013502565
test,4691,egc,1.0,0.7,0.6388889,1.0,0.00013502565,0.00013502565,0.0002700513
test,4692,egc,1.0,0.7777778,0.75,1.0,0.00013502565,0.00013502565,0.00013502565
test,4693,tg,0.88135594,0.5217391,0.52112675,0.0,0.0,0.0,0.00013502565
test,4694,eps,1.0,1.0,0.65909094,1.0,0.00040507698,0.00040507698,0.00040507698
test,4695,tg,0.8142857,0.8088235,0.7916667,0.0,0.0,0.0,0.0
test,4696,egc,1.0,0.6969697,0.6875,1.0,0.00013502565,0.00013502565,0.00013502565
test,4697,eea,1.0,1.0,0.64705884,1.0,0.0005401026,0.0005401026,0.0005401026
test,4698,egc,1.0,0.68292683,0.63414633,1.0,0.00013502565,0.00013502565,0.00013502565
test,4699,egc,1.0,0.7924528,0.7,1.0,0.00013502565,0.00013502565,0.00013502565
test,4700,tg,1.0,0.75,0.75,1.0,0.00013502565,0.00013502565,0.00013502565
test,4701,egc,0.4827586,0.3939394,0.35897437,0.0,0.0,0.0,0.0
test,4702,nc,1.0,1.0,0.5,1.0,0.0005401026,0.0005401026,0.0005401026
test,4703,eea,1.0,1.0,0.5555556,1.0,0.00040507698,0.00040507698,0.00040507698
test,4704,egc,0.75757575,0.65789473,0.37931034,0.0,0.0,0.0,0.0
test,4705,tg,0.96363634,0.9298246,0.8333333,0.0,0.00013502565,0.0005401026,0.0005401026
test,4706,egc,1.0,0.53571427,0.53571427,1.0,0.0002700513,0.0002700513,0.0002700513
test,4707,ei,1.0,1.0,0.95652175,1.0,0.0009451796,0.0018903592,0.0018903592
test,4708,egc,1.0,0.7826087,0.7708333,1.0,0.00013502565,0.0002700513,0.0002700513
test,4709,tg,1.0,0.74509805,0.69491524,1.0,0.0002700513,0.0002700513,0.0002700513
test,4710,tg,1.0,1.0,0.9318182,1.0,0.0005401026,0.00067512825,0.0013502565
test,4711,egc,1.0,1.0,1.0,1.0,0.002025385,0.002025385,0.0024304618
test,4712,tg,0.902439,0.902439,0.75510204,0.0,0.0,0.00040507698,0.00040507698
test,4713,egc,0.4074074,0.37931034,0.37931034,0.0,0.0,0.0,0.0
test,4714,egc,1.0,1.0,1.0,1.0,0.00081015396,0.00081015396,0.0009451796
test,4715,tg,1.0,0.8235294,0.6666667,1.0,0.00013502565,0.00013502565,0.00013502565
test,4716,tg,0.5625,0.41666666,0.36842105,0.0,0.0,0.0,0.0
test,4717,ei,1.0,1.0,0.8064516,1.0,0.0005401026,0.0005401026,0.0005401026
test,4718,egc,1.0,0.55172414,0.41379312,1.0,0.00013502565,0.00013502565,0.00013502565
test,4719,tg,0.8039216,0.75555557,0.75555557,0.0,0.0,0.0,0.0
test,4720,tg,0.61290324,0.59375,0.5671642,0.0,0.0,0.0,0.0
test,4721,ei,1.0,1.0,0.55172414,1.0,0.0005401026,0.0005401026,0.0005401026
test,4722,eps,1.0,1.0,0.5,1.0,0.00040507698,0.00040507698,0.00040507698
test,4723,egc,1.0,0.8181818,0.6956522,1.0,0.0002700513,0.0002700513,0.0002700513
test,4724,tg,0.7948718,0.6666667,0.5681818,0.0,0.0,0.0,0.0
test,4725,tg,1.0,0.71428573,0.6,1.0,0.00013502565,0.00013502565,0.0002700513
test,4726,egb,1.0,1.0,0.6666667,1.0,0.00040507698,0.00040507698,0.00040507698
test,4727,tg,0.84375,0.83076924,0.8181818,0.0,0.0,0.0,0.0
test,4728,tg,0.9,0.64285713,0.5964912,0.0,0.0,0.0,0.00013502565
test,4729,eps,1.0,1.0,0.625,1.0,0.0005401026,0.0005401026,0.0005401026
test,4730,tg,1.0,0.9148936,0.8666667,1.0,0.0002700513,0.00040507698,0.0010802052
test,4731,tg,0.7777778,0.6,0.55172414,0.0,0.0,0.0,0.0
test,4732,tg,0.4375,0.42424244,0.42424244,0.0,0.0,0.0,0.0
test,4733,ei,1.0,1.0,0.64705884,1.0,0.00040507698,0.00040507698,0.00040507698
test,4734,egc,1.0,1.0,1.0,1.0,0.0009451796,0.0009451796,0.0009451796
test,4735,egc,1.0,0.6585366,0.65,1.0,0.00013502565,0.00013502565,0.00013502565
test,4736,eea,1.0,1.0,0.54285717,1.0,0.00040507698,0.00040507698,0.00040507698
test,4737,tg,0.8108108,0.71794873,0.61538464,0.0,0.0,0.0,0.0
test,4738,tg,1.0,0.8125,0.7647059,1.0,0.00013502565,0.00013502565,0.00013502565
test,4739,tg,1.0,0.37209302,0.35555556,1.0,0.00013502565,0.00013502565,0.00013502565
test,4740,tg,1.0,0.94871795,0.85,1.0,0.00013502565,0.00040507698,0.00040507698
test,4741,egc,0.4047619,0.275,0.25,0.0,0.0,0.0,0.0
test,4742,tg,0.67741936,0.39534885,0.37142858,0.0,0.0,0.0,0.0
test,4743,egc,0.5833333,0.37931034,0.37037036,0.0,0.0,0.0,0.0
test,4744,tg,0.78125,0.7222222,0.68421054,0.0,0.0,0.0,0.0
test,4745,tg,1.0,0.48214287,0.43835616,1.0,0.00013502565,0.00013502565,0.00013502565
test,4746,egc,0.7352941,0.625,0.42105263,0.0,0.0,0.0,0.0
test,4747,eea,1.0,1.0,0.61290324,1.0,0.0005401026,0.0005401026,0.0005401026
test,4748,egc,0.94871795,0.8974359,0.84615386,0.0,0.0,0.00013502565,0.0005401026
test,4749,egc,0.93939394,0.78125,0.78125,0.0,0.0,0.00013502565,0.00013502565
test,4750,ei,1.0,1.0,1.0,1.0,0.00067512825,0.00067512825,0.00067512825
test,4751,egc,0.7894737,0.7692308,0.6976744,0.0,0.0,0.0,0.0
test,4752,tg,0.8378378,0.81578946,0.7105263,0.0,0.0,0.0,0.0
test,4753,tg,0.9189189,0.6888889,0.57731956,0.0,0.0,0.00013502565,0.00013502565
test,4754,tg,0.7407407,0.6603774,0.5862069,0.0,0.0,0.0,0.0
test,4755,eps,1.0,1.0,0.516129,1.0,0.00040507698,0.00040507698,0.00040507698
test,4756,nc,1.0,1.0,0.8333333,1.0,0.0005401026,0.0005401026,0.0005401026
test,4757,egc,1.0,0.52380955,0.42857143,1.0,0.0002700513,0.0002700513,0.0002700513
test,4758,tg,0.9245283,0.85714287,0.82758623,0.0,0.0,0.0002700513,0.00040507698
test,4759,tg,0.4893617,0.46153846,0.46153846,0.0,0.0,0.0,0.0
test,4760,egc,0.65,0.3508772,0.33333334,0.0,0.0,0.0,0.0
test,4761,egc,1.0,0.5925926,0.5740741,1.0,0.00013502565,0.00013502565,0.00013502565
test,4762,tg,1.0,0.7777778,0.7659575,1.0,0.00013502565,0.00013502565,0.00013502565
test,4763,tg,1.0,1.0,1.0,1.0,0.0012152309,0.0012152309,0.0012152309
test,4764,egc,0.77272725,0.73170733,0.6666667,0.0,0.0,0.0,0.0
test,4765,tg,0.54761904,0.5106383,0.5,0.0,0.0,0.0,0.0
test,4766,tg,0.76086956,0.58,0.5254237,0.0,0.0,0.0,0.0
test,4767,tg,0.5,0.46875,0.46875,0.0,0.0,0.0,0.0
test,4768,tg,0.72727275,0.5294118,0.5116279,0.0,0.0,0.0,0.0
test,4769,tg,1.0,1.0,1.0,1.0,0.00081015396,0.0009451796,0.0009451796
test,4770,tg,1.0,0.5405405,0.4871795,1.0,0.00013502565,0.00013502565,0.00013502565
test,4771,tg,1.0,0.9777778,0.8,1.0,0.00040507698,0.00040507698,0.00040507698
test,4772,egc,0.63829786,0.56,0.4528302,0.0,0.0,0.0,0.0
test,4773,egc,0.8333333,0.6,0.5294118,0.0,0.0,0.0,0.0
test,4774,tg,1.0,0.88461536,0.88461536,1.0,0.0002700513,0.0002700513,0.00081015396
test,4775,eea,1.0,1.0,0.45454547,1.0,0.00040507698,0.00040507698,0.00040507698
test,4776,egc,0.52459013,0.46938777,0.44444445,0.0,0.0,0.0,0.0
test,4777,tg,0.8,0.70731705,0.68292683,0.0,0.0,0.0,0.0
test,4778,ei,1.0,1.0,1.0,1.0,0.00067512825,0.00067512825,0.00067512825
test,4779,tg,0.9777778,0.8,0.6981132,0.0,0.00013502565,0.00013502565,0.00013502565
test,4780,egc,0.37209302,0.28,0.27906978,0.0,0.0,0.0,0.0
test,4781,tg,0.97727275,0.6481481,0.64,0.0,0.00013502565,0.00013502565,0.00013502565
test,4782,egc,0.44444445,0.38709676,0.3809524,0.0,0.0,0.0,0.0
test,4783,eps,1.0,1.0,0.5925926,1.0,0.00040507698,0.00040507698,0.00040507698
test,4784,egc,1.0,0.8035714,0.7090909,1.0,0.00013502565,0.00013502565,0.00013502565
test,4785,tg,0.64705884,0.5294118,0.4054054,0.0,0.0,0.0,0.0
test,4786,tg,1.0,1.0,0.7111111,1.0,0.0005401026,0.0005401026,0.0005401026
test,4787,egc,0.75,0.6666667,0.6666667,0.0,0.0,0.0,0.0
test,4788,egc,1.0,1.0,0.6666667,1.0,0.00040507698,0.00040507698,0.00040507698
test,4789,egc,1.0,1.0,1.0,1.0,0.00067512825,0.00067512825,0.00067512825
test,4790,tg,1.0,1.0,0.7906977,1.0,0.0005401026,0.0005401026,0.0005401026
test,4791,tg,0.5714286,0.42553192,0.375,0.0,0.0,0.0,0.0
test,4792,egc,1.0,1.0,1.0,1.0,0.0009451796,0.0009451796,0.0012152309
test,4793,tg,0.79591835,0.6888889,0.6888889,0.0,0.0,0.0,0.0
test,4794,tg,1.0,0.6111111,0.5714286,1.0,0.0002700513,0.0002700513,0.0002700513
test,4795,tg,0.9736842,0.9230769,0.8974359,0.0,0.0002700513,0.00040507698,0.0009451796
test,4796,egc,1.0,0.9166667,0.86,1.0,0.00013502565,0.00040507698,0.0009451796
test,4797,tg,1.0,0.7380952,0.54545456,1.0,0.00013502565,0.00013502565,0.00013502565
test,4798,egc,1.0,1.0,1.0,1.0,0.0076964623,0.007966514,0.00810154
test,4799,eps,1.0,1.0,0.53125,1.0,0.00040507698,0.00040507698,0.00040507698
test,4800,tg,0.8717949,0.78571427,0.75609756,0.0,0.0,0.0,0.00013502565
test,4801,egc,0.5,0.47058824,0.46938777,0.0,0.0,0.0,0.0
test,4802,egc,0.7,0.6315789,0.38636363,0.0,0.0,0.0,0.0
test,4803,tg,1.0,0.7647059,0.5967742,1.0,0.00013502565,0.00013502565,0.0002700513
test,4804,egb,1.0,1.0,1.0,1.0,0.00067512825,0.00067512825,0.00067512825
test,4805,tg,0.8235294,0.8076923,0.8039216,0.0,0.0,0.0,0.0
test,4806,egc,1.0,0.4516129,0.41379312,1.0,0.00013502565,0.00013502565,0.00013502565
test,4807,egc,0.5681818,0.47727272,0.4489796,0.0,0.0,0.0,0.0
test,4808,tg,0.97727275,0.9347826,0.84782606,0.0,0.0002700513,0.0005401026,0.0005401026
test,4809,tg,0.5689655,0.54385966,0.51666665,0.0,0.0,0.0,0.0
test,4810,nc,1.0,1.0,1.0,1.0,0.0013502565,0.0014852822,0.0014852822
test,4811,nc,1.0,1.0,1.0,1.0,0.00067512825,0.00067512825,0.00067512825
test,4812,egb,1.0,0.6764706,0.65,1.0,0.00013502565,0.00013502565,0.00013502565
test,4813,tg,0.59322035,0.5217391,0.5074627,0.0,0.0,0.0,0.0
test,4814,tg,0.82978725,0.78431374,0.7735849,0.0,0.0,0.0,0.0
test,4815,eea,1.0,1.0,0.60714287,1.0,0.0005401026,0.0005401026,0.0005401026
test,4816,egb,1.0,0.61764705,0.61764705,1.0,0.0002700513,0.0002700513,0.0002700513
test,4817,egc,0.5263158,0.45833334,0.45454547,0.0,0.0,0.0,0.0
test,4818,nc,1.0,1.0,1.0,1.0,0.00067512825,0.00067512825,0.00067512825
test,4819,tg,0.59090906,0.5777778,0.5681818,0.0,0.0,0.0,0.0
test,4820,egc,0.84313726,0.63793105,0.6315789,0.0,0.0,0.0,0.0
test,4821,tg,0.96,0.71929824,0.6896552,0.0,0.00013502565,0.00013502565,0.00013502565
test,4822,tg,0.6911765,0.6376812,0.5822785,0.0,0.0,0.0,0.0
test,4823,egc,0.8125,0.33870968,0.33333334,0.0,0.0,0.0,0.0
test,4824,egc,0.71428573,0.5681818,0.5,0.0,0.0,0.0,0.0
test,4825,tg,0.6904762,0.5319149,0.48,0.0,0.0,0.0,0.0
test,4826,egb,1.0,0.44444445,0.4347826,1.0,0.00013502565,0.00013502565,0.00013502565
test,4827,egc,1.0,0.44680852,0.44444445,1.0,0.00013502565,0.00013502565,0.00013502565
test,4828,tg,0.8235294,0.6666667,0.6111111,0.0,0.0,0.0,0.0
test,4829,tg,0.70454544,0.6086956,0.60465115,0.0,0.0,0.0,0.0
test,4830,tg,1.0,0.57894737,0.51724136,1.0,0.00013502565,0.00013502565,0.00013502565
test,4831,tg,0.54901963,0.509434,0.509434,0.0,0.0,0.0,0.0
test,4832,ei,1.0,1.0,0.56666666,1.0,0.00040507698,0.00040507698,0.00040507698
test,4833,eps,1.0,1.0,0.41666666,1.0,0.0005401026,0.0005401026,0.0005401026
test,4834,tg,1.0,0.8541667,0.82,1.0,0.00013502565,0.00013502565,0.00040507698
test,4835,eps,1.0,1.0,0.7,1.0,0.00040507698,0.00040507698,0.00040507698
test,4836,egc,1.0,0.3529412,0.34615386,1.0,0.00013502565,0.00013502565,0.00013502565
test,4837,tg,0.6567164,0.5,0.48333332,0.0,0.0,0.0,0.0
test,4838,tg,1.0,1.0,1.0,1.0,0.00067512825,0.00081015396,0.00081015396
test,4839,tg,0.9756098,0.8,0.76744187,0.0,0.00013502565,0.00013502565,0.00013502565
test,4840,egc,1.0,0.7794118,0.41666666,1.0,0.00013502565,0.00013502565,0.0002700513
test,4841,tg,0.37179488,0.36486486,0.35211268,0.0,0.0,0.0,0.0
test,4842,tg,0.969697,0.7941176,0.6216216,0.0,0.00013502565,0.0002700513,0.0002700513
test,4843,egc,0.90697676,0.74418604,0.6956522,0.0,0.0,0.00013502565,0.00013502565
test,4844,egc,0.33333334,0.3265306,0.31578946,0.0,0.0,0.0,0.0
test,4845,egc,0.5714286,0.53333336,0.52380955,0.0,0.0,0.0,0.0
test,4846,ei,1.0,1.0,0.51724136,1.0,0.00040507698,0.00040507698,0.00040507698
test,4847,egb,1.0,1.0,0.57575756,1.0,0.00040507698,0.00040507698,0.00040507698
test,4848,egc,0.8888889,0.8684211,0.78571427,0.0,0.0,0.0,0.00040507698
test,4849,egc,0.87096775,0.38636363,0.375,0.0,0.0,0.0,0.00013502565
test,4850,egc,1.0,0.89285713,0.8518519,1.0,0.0002700513,0.0002700513,0.00067512825
test,4851,egc,1.0,0.52380955,0.5,1.0,0.0002700513,0.0002700513,0.0002700513
test,4852,tg,1.0,0.7924528,0.76363635,1.0,0.00013502565,0.00013502565,0.00013502565
test,4853,tg,1.0,0.972973,0.972973,1.0,0.0009451796,0.0010802052,0.0017553335
test,4854,egb,1.0,0.57575756,0.57575756,1.0,0.0002700513,0.0002700513,0.0002700513
test,4855,egc,0.75,0.625,0.62,0.0,0.0,0.0,0.0
test,4856,tg,0.6666667,0.58181816,0.55172414,0.0,0.0,0.0,0.0
test,4857,tg,0.8888889,0.77272725,0.6938776,0.0,0.0,0.0,0.00013502565
test,4858,tg,0.47826087,0.45833334,0.42222223,0.0,0.0,0.0,0.0
test,4859,tg,1.0,1.0,1.0,1.0,0.0009451796,0.0009451796,0.0012152309
test,4860,tg,0.94871795,0.8974359,0.84615386,0.0,0.0,0.00013502565,0.0005401026
test,4861,tg,0.45454547,0.3846154,0.33333334,0.0,0.0,0.0,0.0
test,4862,tg,0.6571429,0.51282054,0.5,0.0,0.0,0.0,0.0
test,4863,ei,1.0,1.0,0.47826087,1.0,0.0005401026,0.0005401026,0.0005401026
test,4864,egc,0.5,0.375,0.26666668,0.0,0.0,0.0,0.0
test,4865,nc,1.0,1.0,0.56666666,1.0,0.00040507698,0.00040507698,0.00040507698
test,4866,eea,1.0,1.0,0.7368421,1.0,0.0005401026,0.0005401026,0.0005401026
test,4867,eea,1.0,1.0,0.64705884,1.0,0.00040507698,0.00040507698,0.00040507698
test,4868,tg,0.7297297,0.65,0.55,0.0,0.0,0.0,0.0
test,4869,eea,1.0,0.4642857,0.4642857,1.0,0.0002700513,0.0002700513,0.0002700513
test,4870,tg,0.5714286,0.5555556,0.45833334,0.0,0.0,0.0,0.0
test,4871,ei,1.0,1.0,1.0,1.0,0.0024304618,0.0025654875,0.0025654875
test,4872,nc,1.0,0.6551724,0.57575756,1.0,0.00013502565,0.00013502565,0.00013502565
test,4873,tg,0.7037037,0.68085104,0.6785714,0.0,0.0,0.0,0.0
test,4874,tg,1.0,0.61904764,0.61904764,1.0,0.00013502565,0.00013502565,0.00013502565
test,4875,egc,0.53571427,0.5192308,0.46296296,0.0,0.0,0.0,0.0
test,4876,tg,0.97727275,0.72,0.63461536,0.0,0.00013502565,0.00013502565,0.00013502565
test,4877,ei,1.0,0.62068963,0.62068963,1.0,0.00013502565,0.00013502565,0.00013502565
test,4878,tg,0.7241379,0.67741936,0.625,0.0,0.0,0.0,0.0
test,4879,tg,0.9310345,0.5,0.46478873,0.0,0.0,0.0002700513,0.0002700513
test,4880,egc,0.61904764,0.5833333,0.5833333,0.0,0.0,0.0,0.0
test,4881,egc,1.0,0.78571427,0.6451613,1.0,0.00013502565,0.00013502565,0.00013502565
test,4882,tg,0.44117647,0.36666667,0.3181818,0.0,0.0,0.0,0.0
test,4883,nc,1.0,1.0,0.5483871,1.0,0.00040507698,0.00040507698,0.00040507698
test,4884,tg,0.962963,0.34285715,0.33333334,0.0,0.00013502565,0.00013502565,0.00013502565
test,4885,tg,0.93333334,0.93333334,0.93333334,0.0,0.0,0.00067512825,0.00067512825
test,4886,tg,0.5294118,0.5294118,0.5294118,0.0,0.0,0.0,0.0
test,4887,egb,1.0,1.0,0.5555556,1.0,0.00040507698,0.00040507698,0.00040507698
test,4888,tg,0.78,0.7735849,0.7647059,0.0,0.0,0.0,0.0
test,4889,tg,1.0,0.47368422,0.47368422,1.0,0.00013502565,0.00013502565,0.00013502565
test,4890,tg,0.7818182,0.6923077,0.68421054,0.0,0.0,0.0,0.0
test,4891,tg,0.5974026,0.5443038,0.37373737,0.0,0.0,0.0,0.0
test,4892,egb,1.0,1.0,1.0,1.0,0.00067512825,0.0013502565,0.0018903592
test,4893,egc,0.55,0.42307693,0.41666666,0.0,0.0,0.0,0.0
test,4894,tg,1.0,0.5972222,0.5416667,1.0,0.00013502565,0.00013502565,0.00013502565
test,4895,egc,1.0,0.9655172,0.8965517,1.0,0.0005401026,0.0005401026,0.00067512825
test,4896,egc,1.0,1.0,1.0,1.0,0.0076964623,0.007966514,0.00810154
test,4897,egc,0.5833333,0.3846154,0.33333334,0.0,0.0,0.0,0.0
test,4898,tg,0.75,0.6666667,0.6666667,0.0,0.0,0.0,0.0
test,4899,tg,0.77272725,0.7254902,0.6976744,0.0,0.0,0.0,0.0
test,4900,egc,0.45454547,0.33333334,0.33333334,0.0,0.0,0.0,0.0
test,4901,tg,0.79591835,0.76,0.7169811,0.0,0.0,0.0,0.0
test,4902,eps,1.0,0.625,0.625,1.0,0.00013502565,0.00013502565,0.00013502565
test,4903,tg,0.6557377,0.5285714,0.5263158,0.0,0.0,0.0,0.0
test,4904,tg,0.7761194,0.7671233,0.73239434,0.0,0.0,0.0,0.0
test,4905,tg,0.80701756,0.7894737,0.65,0.0,0.0,0.0,0.0
test,4906,tg,0.85,0.85,0.8372093,0.0,0.0,0.0,0.0
test,4907,tg,0.8,0.6415094,0.61702126,0.0,0.0,0.0,0.0
test,4908,egc,0.5121951,0.4883721,0.4883721,0.0,0.0,0.0,0.0
test,4909,tg,1.0,0.974359,0.47272727,1.0,0.00040507698,0.00040507698,0.00040507698
test,4910,tg,0.6727273,0.6545454,0.37704918,0.0,0.0,0.0,0.0
test,4911,tg,0.5897436,0.5714286,0.5714286,0.0,0.0,0.0,0.0
test,4912,egc,1.0,1.0,0.42424244,1.0,0.00040507698,0.00040507698,0.00040507698
test,4913,tg,0.5294118,0.5294118,0.48387095,0.0,0.0,0.0,0.0
test,4914,tg,0.44230768,0.3939394,0.3888889,0.0,0.0,0.0,0.0
test,4915,egc,0.60714287,0.4117647,0.4117647,0.0,0.0,0.0,0.0
test,4916,egc,1.0,0.68421054,0.6666667,1.0,0.00013502565,0.00013502565,0.00013502565
test,4917,egc,1.0,0.7878788,0.7647059,1.0,0.00013502565,0.00013502565,0.00013502565
test,4918,egc,0.68292683,0.6363636,0.5714286,0.0,0.0,0.0,0.0
test,4919,tg,0.62857145,0.3611111,0.30555555,0.0,0.0,0.0,0.0
test,4920,nc,1.0,0.6,0.6,1.0,0.0002700513,0.0002700513,0.0002700513
test,4921,tg,1.0,1.0,1.0,1.0,0.0009451796,0.0009451796,0.0010802052
test,4922,tg,0.88372093,0.6888889,0.6744186,0.0,0.0,0.0,0.00013502565
test,4923,tg,0.73333335,0.63265306,0.5833333,0.0,0.0,0.0,0.0
test,4924,egc,1.0,0.45,0.45,1.0,0.0002700513,0.0002700513,0.0002700513
test,4925,nc,1.0,1.0,0.64705884,1.0,0.00040507698,0.00040507698,0.00040507698
test,4926,eea,1.0,1.0,0.39130434,1.0,0.0005401026,0.0005401026,0.0005401026
test,4927,egc,0.5185185,0.39285713,0.34375,0.0,0.0,0.0,0.0
test,4928,egc,1.0,0.5897436,0.5483871,1.0,0.00013502565,0.00013502565,0.00013502565
test,4929,tg,0.67741936,0.67741936,0.6666667,0.0,0.0,0.0,0.0
test,4930,tg,0.8604651,0.7291667,0.71428573,0.0,0.0,0.0,0.0002700513
test,4931,tg,1.0,1.0,1.0,1.0,0.00067512825,0.00067512825,0.00067512825
test,4932,egc,0.72,0.62068963,0.6,0.0,0.0,0.0,0.0
test,4933,tg,1.0,0.5833333,0.5555556,1.0,0.00013502565,0.00013502565,0.00013502565
test,4934,tg,0.9444444,0.6086956,0.37931034,0.0,0.0,0.00013502565,0.00013502565
test,4935,tg,0.7619048,0.5416667,0.4827586,0.0,0.0,0.0,0.0
test,4936,tg,0.92957747,0.6197183,0.5915493,0.0,0.0,0.00013502565,0.00013502565
test,4937,tg,0.76086956,0.627451,0.62,0.0,0.0,0.0,0.0
test,4938,tg,0.80701756,0.7894737,0.65,0.0,0.0,0.0,0.0
test,4939,tg,0.9019608,0.52238804,0.47457626,0.0,0.0,0.00013502565,0.0002700513
test,4940,egc,1.0,0.765625,0.6779661,1.0,0.00013502565,0.00013502565,0.00013502565
