id,target
1,4.116104637364316
2,2.376273088714386
3,326.99716375589446
4,-34.139065475701756
5,4.359225966629343
6,6.657245374294908
7,5.368706032741014
8,78.80485720745341
9,83.69441155117461
10,79.79013934341857
11,31.603333392034095
12,-11.633212712103983
13,257.80709759727085
14,197.98231287490512
15,3.3975211856658234
16,284.3913294398223
17,2.773415282833477
18,88.34576553203814
19,3.834554313767518
20,6.595869583485744
21,-60.16280021299319
22,56.5279776201244
23,3.6749362829355796
24,2.7033773151987557
25,27.26244704050415
26,76.18283459529088
27,1.1124758516125661
28,158.81351659380556
29,44.63101645307949
30,3.5985673880054936
31,5.995218586619817
32,42.81478376603654
33,48.451352812219
34,3.560241580721609
35,2.424275170781949
36,6.226055243106519
37,271.68629039117303
38,233.13156896553863
39,67.75448598316522
40,114.91308920919428
41,-44.44702940934127
42,3.030134735758991
43,5.766025509909197
44,4.724036821622331
45,126.63675849033132
46,61.50340650963891
47,2.7506844207227736
48,-90.12182324904114
49,3.7661797246765394
50,1.7814551667294467
51,268.9506847307742
52,2.9870483393293403
53,2.8313150025218388
54,71.78400798175672
55,2.957544295628047
56,3.9580315004011037
57,5.611285397459421
58,164.34829609398946
59,242.08421155308133
60,6.799446091751349
61,2.419946054155437
62,239.38372383237865
63,6.703736521628212
64,2.729194748059866
65,2.7036448283862193
66,4.584100675422005
67,5.031698959877657
68,213.8056365791295
69,122.33217442882442
70,2.2643243090317116
71,2.3844277646145184
72,2.2828538980601065
73,31.01862904729105
74,245.5367501344267
75,193.13713774947502
76,6.040458120112298
77,5.790718201896367
78,153.3465032255401
79,263.68924473390075
80,3.627136859399839
81,41.624639770462394
82,4.510417351988525
83,182.92412065466675
84,31.945514226100848
85,-3.916033777218085
86,2.3994782960425933
87,66.34184872524631
88,200.18334124554508
89,6.069808602804303
90,5.35261188019815
91,56.0250550655488
92,72.79725350329542
93,21.67141807397787
94,5.30330207222697
95,3.977917141143858
96,2.876949777919471
97,7.356779546808047
98,219.44268304259543
99,88.5459637704884
100,276.81144207173725
101,5.001165290263713
102,264.84285738912297
103,3.881651073298257
104,6.387471175318618
105,127.09168128334875
106,61.13089757417062
107,280.242933744967
108,2.3539224089381117
109,183.09298681485916
110,3.1377072616045965
111,60.825006396192876
112,2.1530680034399783
113,211.15058776718269
114,6.460392861925094
115,5.359774343031319
116,392.71003032243834
117,217.36001022590347
118,174.35930860619308
119,237.9735856136642
120,308.0851877433906
121,155.87205295948644
122,3.5415470556331874
123,102.89315332479867
124,257.3634640617875
125,162.09935495285666
126,6.242533252972015
127,136.59226675665334
128,2.992408139414239
129,229.78127603019442
130,87.32654562710438
131,57.98167015425439
132,-3.5117039413464397
133,-52.50548466413353
134,273.4323120551167
135,6.484592167863767
136,2.092941645281416
137,120.6300220943135
138,5.826011612195847
139,195.97621533283447
140,290.67216326157694
141,66.6939205596944
142,5.47118916831054
143,54.51713920153067
144,32.32224063922075
145,6.521872073162934
146,149.2610488265962
147,220.12938736899997
148,1.799061359458718
149,221.18305296411802
150,62.323155236339886
151,283.1378341970513
152,287.0868234465493
153,176.0161277908188
154,14.40801632451604
155,4.342637404628621
156,223.96057621840524
157,130.22935839240813
158,138.2930018360601
159,131.61248621424866
160,6.442420574414436
161,51.973413916379045
162,4.581582215672343
163,273.07629672274334
164,3.027414043764286
165,96.7386313646246
166,208.50960097151005
167,312.5698139141535
168,7.1615159100670915
169,2.192645499771197
170,246.82208936045015
171,3.154260343833381
172,4.349481981801114
173,-30.262213150465342
174,3.902982703920734
175,5.604956437510335
176,137.3428993246007
177,71.07834328855827
178,333.7790669297579
179,136.60402042688872
180,235.99117447546183
181,6.4353759310319525
182,2.440852616633449
183,309.25490889649393
184,6.644419081077924
185,1.6441979335007262
186,3.6907093612371007
187,3.024854053375938
188,4.104137164381554
189,74.11998785780837
190,4.326512205508818
191,2.171945080291402
192,35.30634269433519
193,3.1336659318727613
194,336.75967658614996
195,102.82954949991043
196,268.4985185804737
197,133.13329551254986
198,230.4263289659994
199,43.65999668138977
200,2.1085064860688565
201,3.175621721245549
202,85.4336693613638
203,52.06260969345455
204,4.147413577527411
205,268.34983080510864
206,74.9965603505262
207,216.58599060735435
208,145.6847863052627
209,61.63271190010611
210,166.96930122107855
211,33.84214967025384
212,97.02673393305236
213,254.5300407153327
214,70.8688804282845
215,20.728474357563133
216,166.95763363208323
217,87.84051547993815
218,183.2367677307466
219,207.07447636958278
220,6.0311094622307255
221,199.41800310205855
222,170.60325188920922
223,2.8589164005077046
224,191.85961817026913
225,263.61631064317055
226,199.3700116056557
227,52.95895345245698
228,266.93794177031555
229,257.722194344807
230,1.0158581057933944
231,218.0622360818968
232,50.358029644023695
233,57.81267790801327
234,243.75994769969935
235,115.64393974046084
236,2.1124610799954424
237,6.305411482394182
238,37.55728266350895
239,6.282782339344045
240,182.94539270666627
241,316.9047801216065
242,235.07381202162463
243,3.574100931900957
244,3.9139730621942173
245,31.20003649098871
246,113.23470756025148
247,127.98821458307458
248,6.086349142977005
249,5.872861552259202
250,57.15304204681841
251,65.36538729424053
252,204.17954414420956
253,7.775729271447961
254,156.7772354017642
255,-45.16804353175247
256,5.608790180733308
257,2.2495244882447887
258,86.53468159102022
259,271.2850510764751
260,2.6848044643205684
261,5.8040683589975846
262,6.303137682027865
263,-33.40041525959275
264,3.630384981558875
265,3.622997088603162
266,2.0976741758820507
267,3.413277826294326
268,1.8105357965157567
269,202.29514297033904
270,2.896146341884898
271,142.17936336509536
272,118.03459309940055
273,4.702704653593531
274,5.051324957820869
275,337.2917181395035
276,191.63565403168712
277,230.2647821403134
278,-64.67845234789796
279,4.071091857033523
280,187.49866114310262
281,5.1849121360872426
282,178.93188401435776
283,223.93171296800952
284,133.53422678546232
285,253.83038029349092
286,142.38994695244043
287,223.4629939663746
288,6.2930761083739775
289,130.26118279883752
290,4.781435205061169
291,156.8299021174948
292,3.8176111913637234
293,80.75145494331709
294,102.05549927145472
295,5.039045158181244
296,106.83572324130427
297,36.600658196985414
298,-60.397014410301864
299,208.21880803857974
300,5.76165270658854
301,3.9558368160805477
302,5.118751208591582
303,4.388003153429337
304,4.116172588316352
305,4.882646937923862
306,211.42596565033256
307,3.4546748384782875
308,3.2005245457197438
309,135.2393427143944
310,2.250540495406816
311,2.3623998787957468
312,3.4807483859454402
313,127.28320350957017
314,3.9626274673230046
315,1.0243609036144063
316,3.181499195842059
317,3.9709012034169207
318,3.6285385769493486
319,74.48884527266458
320,1.8326573199700933
321,6.41600081389705
322,2.712476240340415
323,1.9094069630208905
324,2.713893016689428
325,3.6225813279414396
326,4.896378451367516
327,37.31327799759242
328,4.385732678249441
329,107.756258449402
330,58.967213651075966
331,0.7832363003068396
332,5.703522600675281
333,3.108167536922548
334,6.812001097375125
335,149.55815426774106
336,3.604793522183381
337,2.2540826084260974
338,133.8557265453403
339,45.76278614238481
340,291.1890335278905
341,126.24436790951017
342,80.23557106992328
343,3.4903257352106687
344,2.571305969390616
345,122.72833554366372
346,2.8291236884144766
347,5.290192962838237
348,29.100203505023437
349,-51.55423537049603
350,129.22005758091592
351,248.03208876062035
352,25.188955525458745
353,1.3025665351221833
354,5.938477910769478
355,275.938928828633
356,209.84671740245648
357,3.023662205732421
358,-12.172591908262403
359,4.405909591245418
360,137.1321132777645
361,4.295893779376543
362,6.209241484605464
363,-36.002826559162
364,4.49810351737357
365,5.25904057261668
366,76.90008171358603
367,4.473096490713498
368,262.46505258267024
369,4.695052848872594
370,-19.9771359064506
371,267.7403864252069
372,79.77634804380085
373,180.231377904729
374,14.389304616133916
375,102.58567801752493
376,2.918692790087936
377,2.79627417189605
378,3.666158646896471
379,3.3837945074271687
380,0.9395609001605216
381,5.952166976579677
382,5.902568146927251
383,149.97277383514333
384,1.7622784370422382
385,3.9464865158439233
386,278.44807497990007
387,2.726035433220332
388,4.043301780382085
389,67.13084025565479
390,5.281767051532411
391,173.16477072313103
392,6.510718347192459
393,3.9048229227229916
394,329.6214743368388
395,192.844660288947
396,3.124188719653657
397,1.7855802196187227
398,6.250443747472655
399,201.23395073282774
400,237.96766540212315
401,1.6636615106918822
402,6.1830253236839425
403,5.7141286731798555
404,5.81589180398742
405,22.24876305088486
406,7.34033454286686
407,-72.283318572745
408,4.149668722932406
409,3.0709698862221755
410,3.704740524350193
411,2.613608841416242
412,-8.263317179134532
413,353.8539363414746
414,5.856285713365796
415,55.93031134261568
416,3.327318984739242
417,6.762545660062193
418,6.297880978192349
419,5.461829989759367
420,4.406729931202856
421,144.282975398372
422,152.20661461355144
423,157.83175330504488
424,148.07227087714583
425,5.848812738590823
426,235.2126232470281
427,3.2062917402430466
428,201.58465475621318
429,2.7251257799666098
430,4.348797732378716
431,263.1542304804196
432,151.60804494893242
433,8.201220721847003
434,6.026027167931394
435,56.575856836670056
436,244.6176012161095
437,235.21071960510608
438,166.65941615852665
439,5.954533932686156
440,263.51855786517774
441,219.09479031116655
442,127.82354173551107
443,314.92209390493383
444,5.443428486654663
445,6.2565046186733255
446,66.05355690786718
447,1.2456621633562648
448,6.181200557630817
449,314.2313221693279
450,267.32181973727046
451,167.65829255268886
452,234.39416378059047
453,1.926091792761274
454,4.012919065121231
455,133.99776880069868
456,3.0530838504349402
457,4.848459956046503
458,258.5450120558564
459,66.68280155703118
460,11.475087896319433
461,118.43889146390612
462,6.435432303189774
463,180.73583754285568
464,5.316609022385697
465,144.2718833839841
466,62.444011836888905
467,2.250454512201384
468,5.225505065393112
469,33.59831813580794
470,23.743918528824135
471,1.7949326980815137
472,1.9254963524629618
473,44.526774742796945
474,5.939829331469553
475,93.80439189794156
476,6.50669899756498
477,2.127981235865283
478,4.431169709751435
479,210.61261571391907
480,4.297659031606692
481,6.282021432620209
482,216.0149985022751
483,1.7196299628255707
484,212.09142547857476
485,115.20280279616719
486,4.712684772821255
487,2.499761661831077
488,202.61733574842486
489,2.5965394557323487
490,4.837269822689844
491,6.452276281700311
492,3.7848759510276855
493,4.011436896254826
494,229.7830929547908
495,5.892969902694203
496,108.15698339638945
497,6.371197376521911
498,6.020107800464292
499,5.3710661895177445
500,7.899460869308561
501,3.1267454386391944
502,328.0093235583461
503,98.98441466706373
504,10.55116352555358
505,2.0103154047734058
506,6.412421509087652
507,340.4995304229306
508,65.05613809902235
509,259.73346096502075
510,3.7914015682583875
511,156.67682387558452
512,204.4976774791965
513,235.37484310060051
514,344.309868217808
515,313.1041980151959
516,222.97422579284657
517,284.16943717233426
518,7.228943016494441
519,55.9397049773617
520,292.2485586367695
521,1.8255365209072818
522,3.758363528373555
523,210.9193287739597
524,4.149263852395083
525,149.14135141274733
526,5.628917549471416
527,4.812464229764972
528,3.838978433422027
529,6.3317360987811995
530,260.2871497459912
531,123.05150381330611
532,3.6534269771311294
533,98.60262230735921
534,4.120741586341432
535,6.799565694814015
536,5.943273665968906
537,1.6103759987431097
538,4.889709320105565
539,270.4168314923369
540,260.0939733963223
541,255.59584777435816
542,79.51006735938871
543,92.51308154455958
544,5.474336306051624
545,4.023016030777352
546,3.7393048415421934
547,2.0828273083978055
548,343.3606864963092
549,5.715181436570796
550,246.83330861474263
551,5.764909857372442
552,126.71556925887707
553,4.186370363377035
554,86.8458122412307
555,105.52495738364922
556,246.8592233279631
557,210.58383871948843
558,4.890698670415901
559,5.2133157406448305
560,155.71401162191233
561,119.73663081298805
562,151.3911839308355
563,3.2465089780379426
564,9.74373209120472
565,153.80488840673323
566,2.8094039014047043
567,52.66818901799623
568,112.62951905021184
569,319.0518036744981
570,3.446671340388595
571,207.70216317646032
572,3.176401877909738
573,103.49440017810099
574,94.02420084005452
575,7.855815922402675
576,1.9153574767477806
577,2.8736176883483857
578,177.93039920122786
579,4.931413226879168
580,275.8020515876167
581,54.08989854288532
582,67.6934494808822
583,5.536264901329437
584,3.1903455196659474
585,144.97183461478252
586,4.586818591093799
587,225.82462189301708
588,2.993956949662001
589,190.8474710473501
590,273.96736004524996
591,177.36824574519835
592,6.946347683696446
593,247.400781154345
594,289.6975042416745
595,31.609001962749886
596,5.269723867640286
597,110.07911918601866
598,3.0266008953464794
599,78.63900883578762
600,178.07291170558457
601,142.25003489613667
602,31.681885415695803
603,2.1232458066008966
604,239.05370560731598
605,2.5827316219762912
606,2.510590134729534
607,6.788782510360928
608,43.61107788980007
609,277.9413951138764
610,38.334214293243605
611,71.00423341350819
612,4.412387803435848
613,3.4828158771387145
614,49.559938345161854
615,1.9105172014929814
616,180.51395684721862
617,-56.77499552415797
618,233.58780299706473
619,4.594377427544528
620,5.239756640860062
621,186.71541658622732
622,96.33679160175083
623,171.0071480727111
624,204.38448093628878
625,2.4989115367342527
626,1.8141135830707258
627,73.37628986844516
628,4.175323600718399
629,235.06093131583856
630,4.5295564883578106
631,2.127031564619676
632,179.431954489397
633,132.2883967479354
634,219.02540484864056
635,2.6300384261751253
636,109.13129464945925
637,100.15441950467542
638,6.834914528068312
639,18.501370625392337
640,125.12801488111194
641,6.624042276658265
642,3.1586516830456928
643,290.77178735509324
644,3.222363080885625
645,101.96509001824776
646,66.72066436838743
647,160.62692859130118
648,234.06668900390753
649,377.09929048978455
650,310.4208188909296
651,127.56138872903344
652,41.077553160763806
653,3.023931368467638
654,195.99143160724992
655,0.9899803398709537
656,203.22475644348322
657,152.7860347986262
658,299.75353333002204
659,1.8825069192946846
660,126.83244035294871
661,4.020375346860137
662,132.89672819618696
663,3.482159488691299
664,-46.999854144180766
665,94.10707128913859
666,145.66963261029403
667,234.39842463150393
668,329.0898830527424
669,165.47610317838817
670,197.63504171800247
671,112.01461693017083
672,95.641905994242
673,4.060974990384281
674,5.674295634286688
675,5.794172827922762
676,5.72566264710502
677,29.606874214755244
678,184.99633569034538
679,4.943433983091854
680,3.221218221794416
681,1.97336901908198
682,96.52369153155217
683,5.43494597435393
684,175.74071396432242
685,224.61386578928824
686,5.884847353607929
687,375.40716255446296
688,87.1850682008033
689,108.09110268215909
690,321.6127148351944
691,3.471344615935271
692,65.08011682684307
693,5.399149917401603
694,6.300377595300397
695,-19.899878430054308
696,296.9243988381905
697,1.1436943704492544
698,233.72426719141401
699,1.5970793650787858
700,245.8944440115509
701,3.7537003822400514
702,4.189467565691547
703,57.87251784074989
704,82.61792241045167
705,169.30327262645292
706,195.5456032608348
707,154.40486243806103
708,75.86805679392548
709,83.89047799828768
710,222.66054359184494
711,223.0199107844707
712,6.588748224351594
713,37.27758476306767
714,6.927427001960587
715,248.43483809585712
716,2.897080609964781
717,78.55562694207117
718,368.02309398330976
719,206.59866918355976
720,4.284911029973195
721,154.73614760511242
722,2.2070734538761902
723,6.420483181284734
724,1.85925475527621
725,2.5979062554487595
726,114.42946146598112
727,251.6936085680915
728,63.29835332742653
729,68.84579667298914
730,115.9943950002534
731,284.39414561837725
732,4.533506685349318
733,6.575914138573813
734,25.019465099497467
735,244.81657166571455
736,49.91416184061309
737,55.8906917931631
738,105.05126221722303
739,293.59472790573295
740,117.58115415882202
741,-18.857451699444375
742,278.81315771044854
743,131.0913229634617
744,1.7638308659710185
745,281.6815726439714
746,178.32277054869382
747,4.109867531317319
748,56.14513524357115
749,87.68025897671006
750,200.34560195621435
751,51.980451424677355
752,248.15653126092946
753,1.922853532501673
754,240.65421536537713
755,6.435845405735135
756,5.925145246169117
757,212.39311190029525
758,1.7816637439320764
759,68.42096710624925
760,13.709739714749826
761,208.28227048232975
762,5.3389767878063425
763,2.0433395602726954
764,77.08163280471507
765,4.31421700979013
766,41.464512940385326
767,1.2632022647961316
768,5.050814696905247
769,5.905787615366309
770,1.9933036573854852
771,255.52737558733912
772,80.4680212271069
773,125.05540086008955
774,-31.460971509239204
775,33.43687484489725
776,4.116719095063219
777,220.3252331641042
778,29.08063618847669
779,161.8565937195504
780,72.58047088372973
781,308.6219649398483
782,3.326624654694001
783,57.24698173761327
784,2.8141736850974715
785,40.94993700746424
786,129.26964717709816
787,5.588536190134314
788,1.9129826428800176
789,180.7931170354269
790,79.84578290823455
791,-23.317539745610798
792,129.0814059486258
793,-83.39736848083653
794,341.24911474009804
795,-59.53903125472358
796,116.0677712092162
797,3.7875401222545664
798,57.7117059304604
799,3.3901582378812325
800,5.80580517925517
801,197.07210392500485
802,92.07028355547949
803,161.3842736445861
804,6.5542352111885815
805,1.8448591112677506
806,164.07190601560112
807,2.6793759519549805
808,76.76212985992754
809,1.5932734702083096
810,50.81345737182912
811,237.9950119251567
812,90.90782045651159
813,272.93301181752133
814,5.863431079057032
815,4.74792204840839
816,7.333718679805356
817,2.874495179915502
818,-0.6649791326968095
819,5.382303665942415
820,80.6140523098368
821,5.546596559386394
822,2.050747498974551
823,37.30863090814455
824,88.7299580037625
825,7.239774600433213
826,62.43839566503215
827,4.357137219657883
828,6.226674651418579
829,31.270169200498714
830,177.48013976743178
831,110.46574364854379
832,6.101229880074738
833,263.09592451434355
834,183.60849532413127
835,149.87093619013643
836,2.238803619055639
837,70.39005042198909
838,162.05607587051313
839,5.945246836790799
840,169.11653811286354
841,142.50263110478045
842,69.84069989537149
843,2.199643672510904
844,3.247067053572466
845,5.328688739192114
846,6.067658115963317
847,5.532836986673976
848,159.48800246602042
849,6.326496706202768
850,74.87961767118554
851,42.52233986387812
852,28.02828718738632
853,96.57005629180972
854,0.7832363003068396
855,6.808697075790677
856,245.7772014693719
857,87.95687415931322
858,47.00956747892565
859,231.3527325096523
860,2.2268970604423344
861,3.3986027651857436
862,2.855519060858481
863,119.54249336598258
864,255.56700421125964
865,270.14946456279444
866,228.84779478698124
867,5.333063535878357
868,117.2294160833595
869,147.00618498949495
870,120.31794509619655
871,174.33040316716352
872,153.36003505029103
873,2.848321067453958
874,59.760937294178646
875,6.51448220837994
876,102.1887431536303
877,39.00322644107585
878,62.49858968654412
879,5.430340559814903
880,6.777959010105728
881,152.46357044732136
882,5.77437086497043
883,250.59611920505932
884,5.927020845105434
885,172.3495198583791
886,71.58775692074823
887,2.261628749843706
888,2.1462863466464026
889,210.79971973109946
890,4.032652982999479
891,2.7708705780406526
892,74.29267521936386
893,5.4747872144036025
894,-26.05740960863018
895,3.679318031624754
896,214.86583090074146
897,2.4675729035243226
898,223.61418023160698
899,-53.15023254661635
900,236.97357299330287
901,3.5532049071771192
902,181.6221399642449
903,5.364279262399329
904,128.38326877474725
905,1.9011655695374539
906,0.838285555425764
907,207.30888662954249
908,40.47016612720676
909,80.02355867939683
910,2.276103013346372
911,6.706482746477862
912,260.21832067730816
913,154.36662092337005
914,291.8739018564266
915,91.95825494530332
916,138.06104008902747
917,-26.520022427883198
918,2.572922269205369
919,3.0727215733685256
920,390.706689208238
921,141.36854579962625
922,196.10581999844857
923,2.553201534192471
924,85.43107039529038
925,192.19398647975925
926,57.71589605570756
927,57.47759282497118
928,5.213013069257649
929,63.765965585023
930,40.20266296411599
931,228.5404764117572
932,190.60234605130015
933,5.219682019370387
934,2.1530678474843055
935,163.78899238728778
936,62.191415788937704
937,3.5233474805493845
938,4.611864786890514
939,121.62342854815529
940,1.5737543302579344
941,5.848295666399899
942,4.83887719408165
943,108.80022499915569
944,4.105221605718846
945,1.9845457150497923
946,70.38850078903148
947,50.21078823829201
948,60.09974731897104
949,228.2560146603194
950,353.4724677376315
951,-5.416218960095165
952,-36.804941460381045
953,5.600832280812315
954,268.3931366134989
955,183.72439123073946
956,171.1528334700966
957,2.4835412271625867
958,3.162760538824526
959,189.18401474765594
960,60.63422436222561
961,168.00734767847726
962,3.0066279025439124
963,6.435146280662213
964,4.884711607592011
965,6.4932577437407275
966,3.9143867892535353
967,50.99283117885588
968,170.69369084654815
969,152.05907459615392
970,6.390779771229423
971,366.1873439884986
972,5.549245778675123
973,107.5762345018187
974,5.3801554855828595
975,3.4755316879227385
976,5.210065379604497
977,185.352918314889
978,300.25448112660706
979,2.341785803973404
980,1.7765575806295422
981,-25.746236864674994
982,48.33844062672098
983,297.77824142709875
984,313.2111277858675
985,255.74228765939336
986,89.19542495497568
987,2.681443021347258
988,245.57473739475452
989,331.15841621067784
990,98.88893747711204
991,3.7598791473601265
992,286.22471991418956
993,195.67314804422733
994,3.0372539946547175
995,-7.095721879580973
996,33.403274734101615
997,2.0215683020101
998,39.1249232356866
999,79.33386932486356
1000,-21.452089804089344
1001,276.350779310528
1002,166.94516283270042
1003,5.58222509248343
1004,1.3363707588573637
1005,1.8606413693174657
1006,3.783830488840896
1007,154.35914625209875
1008,2.0190984558825895
1009,6.466389095902144
1010,44.38974638630979
1011,258.42641665696954
1012,28.521145082751644
1013,219.07628388830238
1014,79.81170451619393
1015,234.58570119352282
1016,6.627166173663047
1017,5.254041880211492
1018,3.482872642112982
1019,6.472764356780022
1020,4.065837421444468
1021,137.34211777327013
1022,85.35179158744226
1023,178.19800982124886
1024,173.64284885118067
1025,5.241353838887009
1026,3.4745145095349486
1027,4.898537234209055
1028,76.212964672855
1029,3.798234146123534
1030,31.156843466278687
1031,264.3415312529758
1032,3.011848325179222
1033,2.532788081861379
1034,228.15207311109896
1035,1.3991432077556207
1036,241.61779741258596
1037,6.802555903000094
1038,56.16136902735363
1039,3.64754801381157
1040,-35.95653266166634
1041,2.9874408962197885
1042,4.287160994252859
1043,3.5617691716365067
1044,340.4471086275573
1045,104.77978536298997
1046,39.5951894160194
1047,229.27154163719797
1048,1.7817287566401627
1049,3.203970706388845
1050,6.239962739376692
1051,65.2789611789564
1052,175.23371686046897
1053,255.76191638430902
1054,6.258821504707571
1055,38.34539827362772
1056,29.71132369975556
1057,4.483278160312955
1058,2.8238359513640803
1059,2.9483792738219803
1060,135.86568599886147
1061,3.1094986486920178
1062,5.92460192250813
1063,295.16435390590823
1064,207.66438786319
1065,75.7142919760515
1066,259.7595360483168
1067,267.65604478492065
1068,5.983960715284834
1069,4.383928185546034
1070,308.70000916904945
1071,122.79193033044402
1072,5.349674022358635
1073,3.543246797775354
1074,6.3264288539726365
1075,4.9397935583849275
1076,278.46771250386655
1077,6.225743671310653
1078,156.76584777535967
1079,2.6610788558599574
1080,2.3680853905092576
1081,5.880853166443143
1082,3.93211405793964
1083,3.4101132729950074
1084,6.2604504828219465
1085,118.51525058357298
1086,193.73775030101007
1087,76.00884970218056
1088,288.3683022378817
1089,8.608088362184255
1090,129.110258150317
1091,267.17470616415386
1092,5.575861602708843
1093,3.6161997335428504
1094,6.734430548718059
1095,3.0949537403456837
1096,2.9972912647347276
1097,5.731062274827021
1098,75.42794854577929
1099,123.9865440774833
1100,5.724384753314632
1101,4.58156232787667
1102,6.009877457060787
1103,269.5568710973167
1104,4.71507383743062
1105,124.47838154258785
1106,4.756223494187867
1107,6.171561469790275
1108,16.429364721172387
1109,118.28607844758339
1110,83.67798034432913
1111,3.390194777446888
1112,223.00105981010785
1113,2.7617418675426686
1114,160.93336394007233
1115,-45.11143436096873
1116,5.539735432786081
1117,304.44298312757854
1118,273.6239518477619
1119,4.653774470281014
1120,59.36520954121292
1121,39.1228039974255
1122,241.91380157323218
1123,3.453950751886685
1124,186.12592724907464
1125,2.736139180765406
1126,75.76177370544656
1127,6.542764043724178
1128,-30.849795970776313
1129,190.15682278247988
1130,6.1004142766991585
1131,49.79253250750932
1132,3.976508613001805
1133,-59.29889256905273
1134,176.250177389446
1135,201.54061755889273
1136,-53.3040210344182
1137,4.013299722202798
1138,55.09102379150832
1139,95.63466574498882
1140,124.96969588503302
1141,198.44736424914078
1142,152.36752782474713
1143,35.35334831623715
1144,-35.3271402738533
1145,124.56057183343394
1146,37.88960414783008
1147,4.444470548450424
1148,103.32661701657642
1149,38.62252133346801
1150,4.2454626049896635
1151,1.1345135996362572
1152,3.7176645800584014
1153,4.150286274553808
1154,40.06231159034086
1155,181.21006038236035
1156,6.673653568800139
1157,92.47670927490033
1158,206.55439423164046
1159,128.57688730700772
1160,125.25397512414514
1161,1.7039505632180805
1162,5.485532330550812
1163,5.491452228095346
1164,4.865006362989347
1165,201.26265698265115
1166,52.104863145006675
1167,-23.807259878196845
1168,4.800084194857915
1169,164.40674774556936
1170,4.682257127207022
1171,4.377918811835298
1172,-16.251995270222388
1173,3.8221304115108783
1174,183.9662703245883
1175,-38.970779565084
1176,247.1768297046271
1177,2.335386427738575
1178,147.20480058930445
1179,2.3928806348381473
1180,2.66805180961376
1181,1.8219590622650768
1182,125.8229272904868
1183,7.441353888406496
1184,3.778033637559392
1185,279.9684739819368
1186,120.52148878438692
1187,4.11396669963
1188,2.8198038247944073
1189,149.66502387791465
1190,3.7268894892051962
1191,3.1521073839140037
1192,4.812270898345485
1193,167.74981838513708
1194,5.565379814835269
1195,2.127686802335301
1196,258.705184892294
1197,84.17517175501408
1198,3.188423353142138
1199,274.62285350916704
1200,70.6069642722773
1201,224.6440924770203
1202,64.47434521116078
1203,3.1637106107161745
1204,154.7407083969609
1205,1.8430050904639024
1206,156.75948517364077
1207,107.60605143203088
1208,215.81850288793032
1209,259.74056458771133
1210,201.26559677125516
1211,228.87038556580808
1212,5.984856913678042
1213,3.999454566383158
1214,194.4899966142019
1215,101.59865092005151
1216,240.9135774364534
1217,173.774934443009
1218,-42.98441660672976
1219,6.028034694647371
1220,5.809230972988808
1221,245.46397219441366
1222,5.934978870200922
1223,2.5694300675424513
1224,3.0764649575347045
1225,110.55524954084481
1226,1.4020508739910706
1227,4.70157234498004
1228,2.4476626226055584
1229,42.85857940313452
1230,108.29010235062258
1231,232.81892251647096
1232,1.8074889264317906
1233,-16.30031145979126
1234,2.976470295549442
1235,20.71925592589387
1236,264.0150833756039
1237,3.769627937914822
1238,2.5469117589254813
1239,1.110411273459278
1240,53.41457691300107
1241,2.1530014563966198
1242,4.63763040303815
1243,4.726464240674082
1244,196.0998569663663
1245,4.128589934742887
1246,256.0500769971613
1247,5.538369751435383
1248,114.35507213425836
1249,149.92183608707418
1250,7.536814899162106
1251,28.516486038494136
1252,5.75681621607655
1253,3.795115541625771
1254,4.097999326161351
1255,23.96532411540844
1256,82.1669552053487
1257,149.36473995807427
1258,261.275267903518
1259,58.312862251409
1260,267.01274091862587
1261,5.898607085230299
1262,5.497919166245016
1263,187.74700201633473
1264,2.9455340870056306
1265,45.09595758892999
1266,110.09970408405738
1267,2.614944716835978
1268,6.3100089885272865
1269,274.07263038637245
1270,-58.53238109775117
1271,258.5173297527873
1272,56.70693803911277
1273,8.524429605036923
1274,223.28858050793394
1275,195.9314292835518
1276,47.44627789010838
1277,3.887991450290939
1278,1.6412914817789654
1279,3.8612101018128486
1280,-63.60473581365294
1281,3.443259665769141
1282,110.11429050543032
1283,177.88877625688332
1284,2.763807281372578
1285,-57.670722474248294
1286,2.9806904306567215
1287,51.785099238601134
1288,105.59277894425051
1289,4.116333659632526
1290,223.12992415095306
1291,3.1733447564641946
1292,35.39003619865893
1293,107.70099334122386
1294,262.9028389580417
1295,159.7002314267567
1296,6.203972295496969
1297,64.75443293503558
1298,13.046634978326939
1299,5.942277310433864
1300,172.87764927111917
1301,253.44774649310693
1302,206.84874238977596
1303,6.005261064075594
1304,3.7664088254782957
1305,5.0040743153567835
1306,54.87748447672088
1307,156.8958725949245
1308,1.8796197199830145
1309,4.512284433716475
1310,348.5495697606926
1311,2.763181199246731
1312,6.737718664355686
1313,52.90860196471033
1314,176.16584007255707
1315,203.3270313916181
1316,256.8256367062214
1317,67.63925030547381
1318,2.0992940539163722
1319,215.67340761073518
1320,265.09014262855294
1321,22.29453673297989
1322,54.64809529455496
1323,264.66434746883965
1324,213.35674352414406
1325,48.724831933084616
1326,63.68277857653804
1327,247.80139714909086
1328,2.7430077119819853
1329,5.940468836180604
1330,126.75695318753108
1331,-25.694062874964914
1332,276.8750210354979
1333,1.815300491625119
1334,335.5279457809773
1335,1.828873593751407
1336,116.72467624726701
1337,29.118517700780327
1338,241.77602963350898
1339,6.391433289700197
1340,185.65671874060544
1341,228.4403423583754
1342,176.68042373625872
1343,46.088224293928334
1344,125.4009867933076
1345,2.9447734433124997
1346,67.891967713561
1347,103.00973770531358
1348,3.1031895079975707
1349,215.03743568649415
1350,47.08921495506952
1351,220.97271610906785
1352,2.5309564516225733
1353,13.674733046964548
1354,5.271148034095773
1355,6.020227970368273
1356,3.547897652589631
1357,7.5505012991209615
1358,6.6945943098167575
1359,1.6657369992171949
1360,310.36914278610914
1361,4.477699386988979
1362,6.581564136386697
1363,64.05494245393733
1364,3.4782876750167597
1365,5.887367127387026
1366,6.414692693117607
1367,5.885345384715205
1368,25.72859192873831
1369,182.02645514999838
1370,279.44311753060833
1371,232.78070819028318
1372,14.399792008202933
1373,3.5317228558614904
1374,165.14242699213105
1375,181.7373746841905
1376,5.491938159079306
1377,4.981647492931375
1378,113.4223011268408
1379,77.97219388489341
1380,102.19831257777588
1381,230.21999617966225
1382,70.43563622913932
1383,51.57806777276059
1384,-6.415146457535712
1385,146.57403654584996
1386,2.348019386259241
1387,63.899093131368815
1388,1.6493370640432778
1389,231.55759028459772
1390,194.33818853296611
1391,68.62635167623951
1392,57.05824941182388
1393,277.44303469885574
1394,-12.406748029834716
1395,34.213296709488276
1396,190.5341611805253
1397,5.517955104454405
1398,202.7138892803032
1399,1.4712933693913568
1400,93.34550954878893
1401,336.00135893869145
1402,64.3917257825617
1403,271.0930660609281
1404,82.96040619340543
1405,130.2863417424654
1406,1.980113085570253
1407,129.7130069825396
1408,7.643694627346298
1409,3.7796835756062928
1410,259.04000631386964
1411,279.347265281593
1412,-42.02887768569878
1413,118.87467562557043
1414,256.13555260766816
1415,2.30616830549372
1416,2.547662747190237
1417,4.179349751389783
1418,338.6086658933394
1419,179.12498688852452
1420,4.7243350695915645
1421,54.95034179298436
1422,6.508350518114472
1423,3.181941045214676
1424,5.053715621134392
1425,2.4084527691333633
1426,-35.23216011434284
1427,3.6022765528109506
1428,4.556442407392174
1429,3.928397907757612
1430,4.496719833808152
1431,6.462687990696962
1432,176.18251350083472
1433,2.8841893919230985
1434,5.841959032521482
1435,4.534618093380033
1436,-58.1313958882205
1437,163.0432273263144
1438,113.8737551306936
1439,6.469684109103476
1440,2.3013679353269074
1441,137.57415102413853
1442,174.95804135025315
1443,52.694484919023836
1444,5.866429839588729
1445,58.663008213461524
1446,263.8726262696158
1447,237.1569810375957
1448,-19.540562813491317
1449,5.910245382315963
1450,276.006803182797
1451,160.6854197963234
1452,4.963509770367145
1453,6.07617147404846
1454,174.63556969430778
1455,73.1767166775732
1456,-7.5626540650868606
1457,8.014935840504323
1458,4.915285653523936
1459,286.54791508486704
1460,356.4927770638962
1461,140.66523024496448
1462,-37.56471891617124
1463,68.4745234406635
1464,5.85256931704464
1465,3.340636701855483
1466,228.22100496199295
1467,5.732243114663769
1468,5.442553661970548
1469,39.79107167998041
1470,3.709820685597678
1471,34.22428334725714
1472,6.762384427127566
1473,2.984023037873593
1474,249.12236144779305
1475,102.93380379727819
1476,6.756026782899948
1477,2.6346890506554463
1478,118.37595866726812
1479,4.639566113825668
1480,108.48733230044488
1481,5.9403063442385085
1482,149.83770565365018
1483,6.372808726067347
1484,233.67994889861495
1485,178.94045581203181
1486,7.274718255378599
1487,3.6294678363184607
1488,99.3225333978948
1489,1.1688868435922664
1490,68.22162479535524
1491,3.666523420978767
1492,2.0563138044467135
1493,8.09068353646073
1494,5.2698283283997585
1495,30.54384272820596
1496,7.358129894152363
1497,58.814903480317625
1498,6.065651309427137
1499,76.06447858776194
1500,6.456303431517059
1501,5.6917642114341085
1502,51.911474576542204
1503,5.639778835013627
1504,2.120763895822638
1505,4.814424947881824
1506,209.05739184955718
1507,48.8213198671927
1508,102.54510892575294
1509,61.72032708420594
1510,3.3523462528981973
1511,19.018357071273947
1512,56.09004253504391
1513,5.396679285740249
1514,283.2533635700809
1515,51.302694675178614
1516,2.7662355831100474
1517,350.55210528842764
1518,4.427124754810289
1519,244.24464834994433
1520,5.0459062204865015
1521,44.935665888252856
1522,4.941206383549955
1523,2.783024823859532
1524,120.24368221092163
1525,-32.91121564527884
1526,2.5518641249089073
1527,5.775624431524476
1528,3.755992612758269
1529,214.53718883195694
1530,273.0918824050228
1531,3.271154942211944
1532,5.762180001329661
1533,3.411601842228219
1534,-22.100391882826926
1535,85.41786548828854
1536,5.773385420516118
1537,2.5379274070230395
1538,284.74992628514667
1539,171.7141139316551
1540,2.3031355720706674
1541,152.32675654963475
1542,3.1326722240012685
1543,27.825576683364666
1544,7.653054981694552
1545,3.502022471953154
1546,6.581087961382732
1547,-32.54030946587326
1548,215.74720178608254
1549,49.742385164083885
1550,3.033110603770301
1551,2.3174239033317656
1552,228.04599238908423
1553,6.365826814105549
1554,281.6213289334146
1555,140.72313634587059
1556,4.123030753120007
1557,21.457033960467594
1558,3.6414021854992074
1559,250.25953170698085
1560,166.62873343129516
1561,212.09563597535657
1562,240.7952247411004
1563,108.64520770798994
1564,3.397680438630225
1565,71.18137208252256
1566,3.709382287987002
1567,2.1933720403703676
1568,90.77063949675227
1569,23.691495931224072
1570,276.89586819975085
1571,3.5877088504519032
1572,86.73776996159401
1573,2.1632082533190875
1574,4.535447982453747
1575,5.435226604833152
1576,4.12747864168442
1577,5.818216652560468
1578,80.02355844293758
1579,5.22338047684313
1580,205.2584174263046
1581,205.84613042472097
1582,6.7689357512580575
1583,292.31173989959404
1584,307.00073518623134
1585,6.047084829697001
1586,5.405076264244446
1587,55.22869236640922
1588,276.40355219527703
1589,7.267910368944914
1590,6.155872217049522
1591,125.66221415344612
1592,7.205272753079845
1593,128.4883986865808
1594,141.63735255939292
1595,115.45799267747569
1596,5.74379087155676
1597,69.69462769756554
1598,6.349941635959997
1599,3.4143586891926914
1600,4.334211762282063
1601,2.5336131579824066
1602,5.960789717545325
1603,276.25914115427025
1604,44.86931717862479
1605,106.28448023164589
1606,265.8923031345929
1607,-9.375628557987
1608,3.2105384661263594
1609,6.9409348075522095
1610,3.2091006290633217
1611,190.88315837876786
1612,81.90353726383321
1613,2.833941691486795
1614,270.2128048738946
1615,5.841256737689845
1616,3.901038779705803
1617,189.2524301800264
1618,222.49423236141837
1619,4.822468361708739
1620,52.56772663760778
1621,2.3963252124022443
1622,2.4511495547557782
1623,2.571318534015756
1624,250.99407694694207
1625,75.62487929208666
1626,1.6293612762388707
1627,35.17988615262187
1628,3.6770082857756723
1629,203.7984939667772
1630,89.1607861785277
1631,3.980838270606089
1632,298.5988149314644
1633,4.888468022357966
1634,25.84081087990114
1635,3.645705444716469
1636,4.825747677438738
1637,6.850375965383088
1638,209.68669995255163
1639,37.75921422202693
1640,4.4413596130619775
1641,316.67075236428644
1642,144.41487124805326
1643,206.99668635955044
1644,112.74468728824468
1645,194.15518688634222
1646,6.436821709179879
1647,6.820618450186442
1648,26.236958344852702
1649,4.480069254814805
1650,95.29032818446065
1651,6.487618706370283
1652,6.436818988294037
1653,227.23540884508145
1654,6.552866587109916
1655,314.9221335476726
1656,50.835247128089776
1657,1.2138414950026502
1658,284.0351716565676
1659,2.1528883603032662
1660,-17.733970829237684
1661,6.494232824871812
1662,202.2942798523294
1663,5.911415380777941
1664,109.54282307927886
1665,1.1238605880401247
1666,88.24108783607178
1667,-58.89185171977246
1668,261.3123979935921
1669,48.41612451994985
1670,2.0051619230659776
1671,2.4725797475817473
1672,5.558175635501912
1673,4.734794993048182
1674,118.58145840951494
1675,2.2474245345270623
1676,-56.08759063244135
1677,33.95564185860168
1678,-11.560032586713854
1679,213.2175374638788
1680,102.32509297864503
1681,1.3633517466574172
1682,3.2145730032296367
1683,65.07127456349919
1684,30.635790249803087
1685,6.6372547125898835
1686,122.05722169691296
1687,7.230601700425803
1688,167.56974964194893
1689,262.39173270243725
1690,3.225291255677515
1691,3.8350982809372463
1692,3.7903024936538072
1693,2.2499309768508176
1694,79.49313248598746
1695,221.20278908754995
1696,115.91389758963045
1697,2.062766673573011
1698,213.23865038210334
1699,180.49046770964964
1700,110.74862674066965
1701,267.0248523709525
1702,-60.83197796378897
1703,6.013105051564638
1704,5.5757814923567235
1705,2.8420349987561964
1706,87.45823885480371
1707,5.927371819053171
1708,68.84245422527258
1709,128.04308347837397
1710,6.18279010807778
1711,67.77870006387427
1712,1.9106799381549773
1713,5.845909396566302
1714,-61.80928002106599
1715,4.99647925720579
1716,2.67866508462383
1717,9.889727501098264
1718,120.04703940384573
1719,22.682408978833603
1720,6.318886890684624
1721,254.96719529575972
1722,3.747244624484704
1723,188.797758415866
1724,140.43685146650293
1725,3.561334077969086
1726,4.192053618414653
1727,258.18025947505294
1728,4.1721981260692385
1729,3.3837884168726795
1730,58.116452025445014
1731,223.66140708316772
1732,4.9068043103622685
1733,378.35117681325295
1734,273.4468535693799
1735,199.73352362933997
1736,3.422671800305408
1737,302.35593264198997
1738,284.0670857041167
1739,164.17809944277602
1740,90.87799977359226
1741,127.10152123228306
1742,257.4384804365066
1743,5.312389806920435
1744,118.80127971358408
1745,53.36995785853841
1746,3.5415595714584738
1747,7.404547374670429
1748,171.10151104305285
1749,3.575939556911674
1750,78.20688344031703
1751,36.01254359564407
1752,7.250246307770583
1753,6.077677433413671
1754,274.77439950806286
1755,237.69470231282384
1756,2.004760478790457
1757,222.5603868857599
1758,326.34315128678685
1759,4.862382705969489
1760,252.76131025100364
1761,258.0872318351034
1762,12.37062582393088
1763,48.524543825954595
1764,9.186861691355034
1765,5.086395566536009
1766,242.31585379816318
1767,178.35740595483077
1768,5.494114133903637
1769,106.08481336668157
1770,53.252513275633106
1771,3.0547959814695878
1772,222.5773517847415
1773,254.89966259869607
1774,6.463939896597903
1775,288.4987874657081
1776,2.7050367108727076
1777,19.268185402454407
1778,40.65009620783335
1779,21.782660384372523
1780,111.77684428815752
1781,5.724859227175429
1782,215.42908760709173
1783,230.08772567270609
1784,4.142406149700829
1785,44.580827603339195
1786,2.7383787703291413
1787,66.81663478036916
1788,5.048630042635937
1789,2.622825741988565
1790,57.349391807896765
1791,4.181030010949995
1792,2.6229004936900444
1793,1.9640693869598573
1794,156.53199193498355
1795,196.57324116553195
1796,254.8588402535122
1797,128.26410684940737
1798,6.453072998696156
1799,193.4367633886435
1800,140.60953259459774
1801,5.032016467047555
1802,2.0192617852534305
1803,154.65073543479605
1804,3.948417253229903
1805,187.2154625519726
1806,5.572703965562663
1807,280.5320997234307
1808,159.96540468864742
1809,61.862626705323436
1810,4.246787104207445
1811,2.6506401501770323
1812,18.428878068202415
1813,3.3680022771121383
1814,173.02079345489446
1815,269.1394655024429
1816,5.274243844532537
1817,103.22799273908797
1818,51.36321186269913
1819,230.09722826489832
1820,7.890513642761283
1821,3.2168554416990576
1822,254.8648776774096
1823,-11.919445301783666
1824,50.259799197458264
1825,2.2138922209238774
1826,5.9654750778338546
1827,3.753885702966187
1828,2.1912051138235373
1829,225.7590296399864
1830,236.8984447173833
1831,6.794377346098137
1832,50.471496274444064
1833,3.3164278839241863
1834,4.0293267931549375
1835,109.63883415560258
1836,6.354356369348953
1837,5.841177335797765
1838,5.898867505010887
1839,119.9033419156809
1840,26.97878505745318
1841,-87.95519815550009
1842,240.93325580280361
1843,173.5599086361378
1844,256.15498641596815
1845,151.42406326068865
1846,28.53385348037647
1847,266.3384769861627
1848,117.04920377318939
1849,3.928584241983333
1850,5.372793285565102
1851,-70.86065746898059
1852,5.991252742682048
1853,63.72801347993476
1854,63.34810537204562
1855,5.6578057185167
1856,170.20156378191308
1857,2.7575466859324655
1858,5.006267755286134
1859,6.243116114841261
1860,5.815356192667048
1861,144.0334865212233
1862,6.1970844338944335
1863,77.45251800174246
1864,68.86207438111839
1865,211.71572946124147
1866,134.2082605398389
1867,83.05730436494413
1868,268.1296855168141
1869,152.35434599239747
1870,3.4560335178277093
1871,189.8128779655089
1872,48.558471979090626
1873,2.9292137835596295
1874,25.573555209551877
1875,127.78003440252158
1876,2.878573558515351
1877,2.7128258350537884
1878,65.76922054555119
1879,52.25029147108266
1880,268.2607141297574
1881,6.2016559855630184
1882,103.00605250823996
1883,5.894894541191062
1884,93.0350091136217
1885,301.22368675565104
1886,270.71177259429055
1887,3.624383160785384
1888,216.72056550834705
1889,235.12363598189518
1890,2.440599754515757
1891,245.26507993136613
1892,216.67610358947024
1893,4.306853725301365
1894,2.1647170005811778
1895,17.43763682459939
1896,5.930777665108585
1897,64.57177578981862
1898,-66.17122649444983
1899,2.9926638326417447
1900,5.8964570641025205
1901,275.5953009780479
1902,228.98038126034575
1903,-59.04748333226529
1904,63.22431909808759
1905,60.270368102584726
1906,181.27609557104356
1907,6.80056807216415
1908,6.2615168908217544
1909,118.14954737139016
1910,5.737211668266288
1911,5.17732313772237
1912,3.7255700623758865
1913,72.74241103964903
1914,-35.555384909980205
1915,6.507824716330489
1916,1.1184203685269967
1917,2.8553972263169842
1918,159.27323443731612
1919,4.765232254393084
1920,4.750602193457472
1921,73.36847603213059
1922,3.2239683656274454
1923,6.605524398238767
1924,2.381930533567821
1925,4.466586184352674
1926,114.44310950207344
1927,138.591685766073
1928,3.400005958121227
1929,56.96174557588266
1930,2.7002125785028475
1931,6.01345110336525
1932,4.812147266799833
1933,2.717595431635021
1934,245.19819320055132
1935,6.192470249510693
1936,4.554320337562826
1937,-1.0867922593719754
1938,-32.222626380513475
1939,2.49947658498132
1940,279.6165696750715
1941,3.4607446751279003
1942,236.0559282078213
1943,3.8997387938123973
1944,226.31539937348037
1945,287.75148065379886
1946,5.801703877813365
1947,104.34536816222605
1948,5.7562889466168885
1949,-6.684737515312785
1950,36.247173947821494
1951,2.7239121870981857
1952,41.6790205959634
1953,392.94163810878257
1954,2.636609386185698
1955,99.46889959028967
1956,2.0684910449659273
1957,113.63905751750202
1958,3.46339978138064
1959,175.23997291460398
1960,59.98352959320154
1961,0.9699385017687037
1962,4.160804029619034
1963,3.1280760060422965
1964,5.015470641356692
1965,89.19675538325053
1966,3.5009414662283493
1967,4.626578845958215
1968,260.9746316070719
1969,30.72746457626768
1970,5.896107489433311
1971,1.8277939955012026
1972,101.4999708761485
1973,-39.71985242819418
1974,2.4267455190386613
1975,2.9460170138840156
1976,324.5121893040697
1977,1.6595618507884304
1978,213.3869254796998
1979,113.12647305085589
1980,265.8621925875094
1981,130.68310308119004
1982,116.035805036078
1983,89.87061405077229
1984,8.455705090780668
1985,4.624815796792583
1986,3.9898808667349934
1987,6.204187870307923
1988,1.3737204737599102
1989,5.666978220562479
1990,4.486511647209246
1991,-18.13170992905582
1992,4.312164243950725
1993,33.565658893773445
1994,1.9351468287935467
1995,131.53470088266707
1996,4.011391408401521
1997,2.65378650082873
1998,5.533733680671032
1999,306.5774982169735
2000,5.897165735138744
2001,293.43034935639065
2002,-48.46959046694194
2003,6.7802670181029985
2004,314.949182685863
2005,68.08809913160141
2006,4.631899913935419
2007,53.72647532087876
2008,235.19851716048206
2009,134.50820407540135
2010,306.49824983859094
2011,5.839748388182176
2012,184.62289397666245
2013,-36.88630793922424
2014,283.2350991956269
2015,184.58204253811616
2016,38.937200277612284
2017,3.082982990442389
2018,26.13026577944526
2019,91.77812750410705
2020,6.794470000238526
2021,4.428053108564821
2022,191.17631973068956
2023,80.56520100633222
2024,2.915628837600399
2025,4.796628122131218
2026,82.83883953436056
2027,5.93003455904633
2028,6.248136730167477
2029,43.16715697530162
2030,305.69433125737794
2031,66.38433961807081
2032,295.0802990027387
2033,227.23912760409337
2034,2.6051430119479995
2035,60.19878373081144
2036,189.80096172701766
2037,5.057769517791314
2038,3.1264250668269025
2039,2.966303398090624
2040,120.99759017273828
2041,269.3821170835433
2042,4.0954884282634625
2043,177.23862429994298
2044,2.4581593049340875
2045,93.52201256296911
2046,282.8260601996403
2047,5.4680554753845
2048,-64.19293938385731
2049,1.604042728406494
2050,364.71482261428673
2051,3.6150664764714024
2052,3.255148015496453
2053,244.6669967679328
2054,4.679351830027502
2055,3.7772040199139925
2056,-38.25383013784181
2057,203.13268178314382
2058,-28.248406422180672
2059,5.22640840406962
2060,14.95097139807125
2061,2.2557529962340173
2062,173.63620970248675
2063,3.368439753055648
2064,4.024430281711295
2065,3.460678056182621
2066,2.016877854324268
2067,6.1290172125607985
2068,3.522888731685066
2069,1.4823995928038762
2070,278.1882224587204
2071,274.98882388543495
2072,4.555640075597479
2073,206.03080738819165
2074,377.5276488523054
2075,268.30720636853744
2076,3.789314976691555
2077,2.790366133015736
2078,3.9326450669190365
2079,3.9405697858562982
2080,2.641606489589202
2081,3.124177364592641
2082,5.926233467709383
2083,31.692703941449473
2084,2.3635632678630576
2085,5.118951555265078
2086,118.17782650187122
2087,76.89271427850454
2088,25.828792226436377
2089,62.671869059140136
2090,241.904891754608
2091,197.29751249459076
2092,-85.45948687548844
2093,5.050999951852931
2094,4.2654206163653505
2095,80.69196731601485
2096,45.444057577757164
2097,108.26857039039496
2098,5.586835372068722
2099,33.43288759720016
2100,17.146036631600907
2101,5.620366317300993
2102,6.277672008412584
2103,67.21430566167908
2104,66.91435279505244
2105,52.88260560143209
2106,299.690883658228
2107,7.024573619089526
2108,6.750399239118625
2109,5.917178317903869
2110,270.0075565798616
2111,3.7699148446421242
2112,56.195228593192425
2113,102.96593596787436
2114,2.412231580303001
2115,47.920708955325566
2116,3.752643302854553
2117,3.61938707394307
2118,3.1774231020283112
2119,120.59738652724724
2120,4.422860458071595
2121,194.26944262402912
2122,217.13107908868403
2123,2.710971084063888
2124,1.6368115289757728
2125,4.132072769302515
2126,5.944659919696129
2127,56.36538661702619
2128,209.35805088280847
2129,1.8553537347436233
2130,2.4742656092096187
2131,5.323508817544143
2132,6.034872849835034
2133,231.90454686158705
2134,69.25505247394106
2135,219.88282150158454
2136,42.545585919185676
2137,237.50302866914484
2138,3.5902052581240547
2139,67.74552086256065
2140,44.45675440086112
2141,47.17880383586417
2142,5.692613137565756
2143,4.252053166972066
2144,184.12306530661346
2145,50.125365217638645
2146,3.871497775803338
2147,4.171299826284025
2148,59.01141501454124
2149,-58.68485988918475
2150,17.95520079248077
2151,61.32250440618233
2152,5.006165753353177
2153,3.426739217945154
2154,1.6955372669192386
2155,2.4047536203999496
2156,5.8833975093954
2157,144.6729095902306
2158,3.696045231214577
2159,327.6267080301651
2160,243.7726006208262
2161,297.64809577118916
2162,1.8991141592571208
2163,300.25667551746733
2164,6.450568682149083
2165,2.9227767227446706
2166,2.648023400342181
2167,28.239489127962322
2168,315.5254509259035
2169,2.29625160423185
2170,2.4900264649736155
2171,160.59014127085754
2172,5.512464495645789
2173,257.8599055936907
2174,257.9243452347132
2175,1.2183655510204376
2176,4.489189582916841
2177,-58.586939870722475
2178,4.37424535308094
2179,71.28575001807737
2180,270.3040468106897
2181,2.7111798126422557
2182,156.75631782254538
2183,191.2418483214483
2184,5.918197596098816
2185,2.7429085376309716
2186,2.5977202296036443
2187,4.229239058078756
2188,257.7262762330053
2189,242.09439207667913
2190,70.24487116432707
2191,2.748968751677724
2192,2.766520792713309
2193,104.33548356224904
2194,2.763408435857268
2195,4.789625920152679
2196,6.606660341764982
2197,1.9704407278369271
2198,4.762564348098196
2199,3.243088469869507
2200,1.7690138957361183
2201,3.755874827885127
2202,86.37083043259311
2203,2.5487113069930722
2204,2.03639342843551
2205,121.85803223849766
2206,5.336604039400075
2207,182.79741968464114
2208,5.139264966145599
2209,3.430937358308256
2210,256.7803884896642
2211,1.7497863006364713
2212,4.796293112720596
2213,6.510969799116532
2214,116.60760103066912
2215,6.656005918225457
2216,94.57869380728937
2217,4.323294986252427
2218,18.15389883478427
2219,2.6618039971747316
2220,5.616938622504523
2221,3.281404898240671
2222,-46.24729293369497
2223,209.62203829734892
2224,-58.23592605105047
2225,165.02269688941982
2226,-8.835827705215204
2227,73.29803188259999
2228,144.10812148203743
2229,111.79411211232713
2230,3.345244033214683
2231,5.4861703586631245
2232,4.112699882929564
2233,262.39817688594246
2234,225.97391079760638
2235,224.9318701853545
2236,3.2113856193681842
2237,2.950940837112462
2238,254.87596596043832
2239,92.45664103110651
2240,236.06643951613347
2241,2.1120908149237296
2242,232.72678963621746
2243,6.1174376401475055
2244,90.73498917502977
2245,224.02388349746218
2246,97.7170249717393
2247,250.4122063649491
2248,6.591192598681989
2249,289.07068379737507
2250,134.8911111956257
2251,4.720585423974356
2252,272.8854895581061
2253,6.132214859874905
2254,155.62989107269212
2255,-91.64833124838941
2256,38.8407790982275
2257,1.560851354570874
2258,2.891344945497576
2259,68.72601861478297
2260,6.232384500752069
2261,94.93825082958618
2262,2.039769914781745
2263,85.14017449047152
2264,-10.005561842652089
2265,56.56846017955185
2266,2.4442359787477077
2267,2.879432837913665
2268,5.34338921054702
2269,3.8167196786139
2270,8.6754180911351
2271,181.41988999254784
2272,51.81432330500343
2273,3.123188525315892
2274,6.214703502925111
2275,6.685812094376306
2276,4.534170214743164
2277,2.800716209208139
2278,1.383137010639563
2279,6.031555644537283
2280,2.9115049422572463
2281,205.92464753060347
2282,2.4299025722819523
2283,3.891883681290313
2284,237.0927625564754
2285,3.363026907592229
2286,-33.83484012595504
2287,5.740450448804912
2288,2.6619764780434
2289,4.735860389323299
2290,-57.2049143448849
2291,43.09648958151865
2292,4.783392490976737
2293,1.8985157223907079
2294,3.682999072023014
2295,2.697534138930957
2296,5.341066400863274
2297,124.99777278821529
2298,-60.06152809233606
2299,97.08686659833666
2300,3.831200427990999
2301,5.35951836393167
2302,-92.55345793220752
2303,152.41300193151775
2304,5.967574105635448
2305,38.74989237921594
2306,286.5818265366777
2307,31.30659607799167
2308,54.12474683427381
2309,6.144951676718
2310,167.3992404705345
2311,-59.97944034205517
2312,84.80450585075474
2313,4.051015435014671
2314,4.840027123094275
2315,249.25692809013492
2316,7.684637896267986
2317,3.7807090857254426
2318,249.23688656995762
2319,6.5263999147643705
2320,81.45408777432658
2321,3.348607262107297
2322,229.0708281749398
2323,168.4392929889217
2324,1.9727909525285443
2325,33.20912457962322
2326,3.1626957312507926
2327,116.882851072611
2328,3.9248932998743706
2329,345.1409444890842
2330,175.9680868748881
2331,1.072186732775112
2332,269.7898983725054
2333,-7.5487722816369764
2334,9.010133388179344
2335,5.5092945049946
2336,52.7396933824477
2337,131.95555190584997
2338,179.34893731603853
2339,26.72880030444506
2340,53.49650164953816
2341,138.8186606668579
2342,2.194197233998858
2343,6.317340605694378
2344,293.3607892801417
2345,5.903093468608537
2346,138.75611251051973
2347,93.38601742774429
2348,1.8489021119296205
2349,258.3460948703028
2350,32.62576719462898
2351,4.797770931871827
2352,4.907979358159464
2353,1.6095584384120283
2354,-40.47368004080247
2355,137.51894570616994
2356,3.8899974388681686
2357,110.19336577394446
2358,6.482674691118675
2359,6.757849159213647
2360,4.377832003324874
2361,5.7317133161734395
2362,259.9516316380153
2363,4.444087019647162
2364,246.65018447528155
2365,75.11403734146587
2366,57.168807206064955
2367,48.93310559708381
2368,-71.23036460945981
2369,4.419135135743653
2370,219.7706796916758
2371,48.90551485292312
2372,64.26897570598926
2373,1.940241173757331
2374,-66.08660589772344
2375,1.7639733407439295
2376,117.09523809202031
2377,107.26172721968973
2378,5.333867776160191
2379,6.392148259509102
2380,29.85796500416761
2381,176.6163530124755
2382,162.84737460546876
2383,52.39821322841584
2384,3.2809731988764366
2385,249.39583038089268
2386,5.861045962901089
2387,33.27488270265392
2388,261.9815249672441
2389,85.10274091696915
2390,1.9228602065944131
2391,109.64193998693051
2392,17.180273805719946
2393,83.29197728226316
2394,119.35621438133538
2395,5.773311155227758
2396,2.499856231957261
2397,295.10436755820035
2398,290.1647873080522
2399,4.23536924194217
2400,201.71449229956153
2401,69.18544968828779
2402,252.84151817943868
2403,6.193964374225208
2404,2.0203868426241165
2405,5.041842232763067
2406,2.7826756579849636
2407,89.6725936854314
2408,273.1005931091355
2409,182.64926061788313
2410,4.298505695067142
2411,6.393371003636572
2412,310.43903865485424
2413,-14.427588450183983
2414,3.7165418411872193
2415,64.65199840746695
2416,265.43300739204216
2417,29.83466719645625
2418,3.2759682599352766
2419,3.967932250915509
2420,1.8730386134916364
2421,16.779517262245115
2422,244.85513064913704
2423,2.3911452997365092
2424,181.87089196200554
2425,6.001715232243454
2426,-19.973567536193304
2427,163.42773437781807
2428,-3.4055847838111983
2429,4.293137812263832
2430,6.209424875418158
2431,3.7339177744113776
2432,321.86061431220855
2433,245.26332752397622
2434,4.127490699470401
2435,53.30078825525388
2436,240.74563861909272
2437,-83.77672996131827
2438,5.878645139802895
2439,6.908020219502969
2440,166.15313683448844
2441,6.386473031926437
2442,5.895129507301162
2443,5.164394609262507
2444,-62.1596707576298
2445,6.54723127527696
2446,5.304348794499719
2447,227.2443791523964
2448,6.435544060723087
2449,6.3070389577749175
2450,20.569051392005974
2451,2.9651720302074756
2452,3.6274631044019237
2453,43.281361832135715
2454,303.186513308406
2455,145.07751333838814
2456,3.116103519394093
2457,258.2163577644338
2458,6.393044683172857
2459,1.6918924828787847
2460,5.843280509871139
2461,61.794847913627834
2462,56.75688254824951
2463,6.14418138838141
2464,-70.09569311221101
2465,18.97388008083056
2466,201.94056772579123
2467,150.62014133577188
2468,265.75843899333717
2469,253.93462207923375
2470,5.759804438913747
2471,131.61003912834116
2472,3.3305362208187606
2473,58.98721254316101
2474,183.29338922753468
2475,6.39057478752447
2476,92.81702403573038
2477,141.70056933630096
2478,203.3804558953621
2479,5.56501190982198
2480,47.55312942923431
2481,75.1559962296768
2482,2.292044053140642
2483,4.908714560839455
2484,111.69727538252523
2485,132.09949550346656
2486,6.506263218393601
2487,5.1617260715380615
2488,-30.196452409324166
2489,195.21836840607813
2490,5.751405567010113
2491,144.28236419322997
2492,51.66354908046392
2493,63.912178000821754
2494,6.0052627737672735
2495,5.919098530330305
2496,161.35605823781316
2497,72.60575612632748
2498,1.7743165024036622
2499,6.765571247965456
2500,1.8899554242282832
2501,104.9352304070577
2502,253.0021433687939
2503,85.82485500933372
2504,345.11142910560966
2505,3.1672385914543
2506,4.555776489515339
2507,277.3847323536216
2508,207.5594642878013
2509,123.41489117466004
2510,6.739017686144608
2511,209.85264735203265
2512,93.82457392584138
2513,171.67888144811627
2514,226.83939535839386
2515,308.4131461239408
2516,1.7446064699104378
2517,2.1300841301253275
2518,275.9450897413891
2519,4.378949338819089
2520,76.97327145129807
2521,145.73181414298693
2522,2.0495594138654067
2523,6.469543519642746
2524,4.690164069820402
2525,288.0511842673666
2526,4.193605026736242
2527,3.4953682895066125
2528,236.5504894587199
2529,104.53008505514488
2530,252.6394091597495
2531,268.5076965664144
2532,35.87249870028188
2533,1.7714166282035042
2534,6.05082214269936
2535,5.901831112192541
2536,3.839962205491699
2537,6.438878538619257
2538,5.748105825482026
2539,139.3600321602416
2540,2.9799783886772246
2541,4.806190041295755
2542,-4.196843516604834
2543,4.845420225196149
2544,145.88911340481312
2545,2.4291169240760064
2546,270.3955203926593
2547,31.00517664585324
2548,0.9443597554099956
2549,141.35728466734832
2550,135.8055470079558
2551,-37.4221337192302
2552,2.3812861876677944
2553,287.5053551704486
2554,2.281194747279411
2555,62.95496899132512
2556,105.96715557723849
2557,4.382902606439681
2558,-30.64516406676978
2559,6.427031202050028
2560,214.8881129146132
2561,2.129999978236912
2562,228.35833479452566
2563,240.03618031365642
2564,275.22265364904496
2565,4.888029537057343
2566,4.821352329880676
2567,260.82532555021123
2568,35.81959874366278
2569,65.98869171589175
2570,3.4495299370257424
2571,98.94401898463306
2572,-55.31836235071893
2573,177.39606370047076
2574,3.138214824137231
2575,4.221753723717754
2576,3.50283882178708
2577,6.18523467437481
2578,60.26760598134935
2579,6.135513182695972
2580,4.794277170272577
2581,2.841011958144056
2582,-25.19972436793202
2583,2.1781037243672365
2584,6.851230272137922
2585,40.50761701762302
2586,4.787121293447367
2587,237.12441729916827
2588,191.9791502519185
2589,4.768294098264086
2590,51.1172710735203
2591,1.7449558627366843
2592,133.05336947563706
2593,60.31162471961791
2594,71.00887656632004
2595,56.41162153112168
2596,47.0843722778188
2597,5.5233783631780105
2598,6.501344237475109
2599,39.59758789960398
2600,3.7797685256978033
2601,221.17715241732986
2602,6.099394030148638
2603,377.2741266714835
2604,159.86351327611501
2605,38.50327277834375
2606,4.061023005911385
2607,42.37021653067306
2608,178.564343956859
2609,27.917050316417836
2610,2.347429588488372
2611,14.203566330705502
2612,3.185954856241713
2613,4.522399246290734
2614,3.264872975519954
2615,112.54232908552257
2616,170.09317019798655
2617,266.90617978048726
2618,195.84208108351237
2619,4.485996482463434
2620,2.335404888879594
2621,3.65497412582196
2622,2.635525812886103
2623,1.065126816574079
2624,6.870090960376643
2625,118.8846749562577
2626,293.00668174675894
2627,40.57841327300986
2628,123.50538180392311
2629,38.34215853696292
2630,111.24381023080596
2631,19.80726620002706
2632,6.262691217158633
2633,284.65371168360053
2634,55.94503184017337
2635,156.34598290615105
2636,-44.425629395382835
2637,2.8880304021317476
2638,-62.09886678488833
2639,-57.71891577238327
2640,194.4689266173964
2641,3.359541374758492
2642,5.6604699493169175
2643,159.87031878700725
2644,135.18807153084018
2645,227.80304063751683
2646,2.6905288415768167
2647,3.4079548179195163
2648,4.751959056456959
2649,6.676661483973845
2650,277.19472889221936
2651,220.7504135963925
2652,63.489240697904435
2653,3.502873506460528
2654,26.236349894385874
2655,228.24524165368123
2656,254.17028806947357
2657,2.9937183740532185
2658,7.798339749697316
2659,285.6870511623888
2660,1.840592622300532
2661,276.88451538907844
2662,70.3714923815012
2663,-4.916823167474945
2664,75.68739098901318
2665,266.38594139318496
2666,258.9984141588221
2667,-9.752962649143702
2668,27.80859129779224
2669,6.791005909283863
2670,85.02097546454843
2671,196.9031558084625
2672,117.28522984503279
2673,245.14852011213043
2674,234.8591548030439
2675,1.3308428455917556
2676,-69.28353350961554
2677,347.5435350146016
2678,3.852494655774109
2679,5.508480019818018
2680,58.10350426266049
2681,5.276188344562108
2682,2.850301182890696
2683,2.454599879127129
2684,2.6150504578035805
2685,6.496910877903745
2686,9.579906703540985
2687,43.797802552544326
2688,61.29004686753744
2689,37.141646711439535
2690,134.47606520740766
2691,82.81361265956559
2692,58.57531540786182
2693,147.89371572419196
2694,126.94389701749614
2695,6.9019762206216395
2696,175.80811601132874
2697,3.958994407565739
2698,2.6965282782238096
2699,4.068958003993018
2700,226.61871649778595
2701,53.655571558497954
2702,-18.886880533529755
2703,3.8091368402418446
2704,167.54342391575085
2705,2.9980600872163006
2706,5.705626660784667
2707,199.31329045896075
2708,3.2979247550243826
2709,45.57608064458099
2710,5.438882694585746
2711,165.75904514804955
2712,1.8912065739304884
2713,133.06168721792602
2714,-44.12648596384249
2715,4.75244445804086
2716,2.921331788811865
2717,269.84779670518964
2718,4.42153466189019
2719,3.0619195745270904
2720,6.668830831694001
2721,6.279840343993893
2722,4.298532625439418
2723,236.02279388955816
2724,6.700180512860129
2725,33.15924285908693
2726,5.667143512581627
2727,296.58769546497706
2728,46.443440665193755
2729,183.17866658529388
2730,198.42436235569087
2731,124.29477714254455
2732,6.600820715231798
2733,194.6333846876588
2734,129.93510466038006
2735,82.28959534769427
2736,67.83232659152871
2737,199.02014103783563
2738,128.4657790632355
2739,96.64829502590291
2740,5.930847734250627
2741,58.28077449448833
2742,1.3330344529342661
2743,11.845850222157338
2744,-14.30007303994542
2745,4.509915047419075
2746,201.8342244713696
2747,173.59916023495018
2748,2.8640662795704315
2749,5.357485193315794
2750,210.03141727975526
2751,262.44951774370475
2752,2.2536684171069776
2753,104.77223666815408
2754,0.5354834606629507
2755,32.45900897048817
2756,275.54699994744215
2757,5.933169722869826
2758,300.2255987078093
2759,79.89828875920351
2760,151.3602335004772
2761,6.498383786997639
2762,4.032742776749742
2763,107.61354196879887
2764,4.451442030821054
2765,101.50696642738629
2766,2.0296434104131507
2767,260.92920099809265
2768,4.1496189030269734
2769,3.7445109314673743
2770,197.29288249336736
2771,135.59197623531097
2772,7.073249651015672
2773,3.034205466157207
2774,5.012732697961402
2775,6.374718023382723
2776,3.763791454677423
2777,255.95619623997788
2778,30.859000268398653
2779,2.067503476619796
2780,2.9098566070968053
2781,241.93834324484232
2782,207.7426574979076
2783,6.183873340431999
2784,6.39131904872707
2785,5.980918255415319
2786,3.3073428216417597
2787,67.05586133306673
2788,18.4969228306513
2789,157.02170057142823
2790,228.60961989622888
2791,79.17088017247389
2792,119.13500679817136
2793,174.62067614290746
2794,150.71210655163986
2795,60.014890379725585
2796,248.79223095212814
2797,106.68463792223
2798,41.73353234878481
2799,27.375223884143217
2800,5.456044750837495
2801,4.205144213730686
2802,3.284507918885028
2803,66.48193639045384
2804,3.7368918780136537
2805,63.80242640651995
2806,6.724060865444974
2807,33.43152148053737
2808,84.5045498237975
2809,6.029066256507637
2810,5.606124719935529
2811,199.84190202083653
2812,5.829980369667843
2813,-4.6464138366403915
2814,6.020431798587646
2815,256.8854517910298
2816,64.1183822811009
2817,275.17565326147303
2818,108.43968823688283
2819,57.89140544505368
2820,155.09651798259924
2821,33.559530609398955
2822,6.2727119266395714
2823,41.39384433422759
2824,263.44960926673673
2825,147.80690458846757
2826,-70.42390592139058
2827,6.599448462339103
2828,5.465265939706659
2829,4.701764800601891
2830,5.955729072010228
2831,5.969068944405739
2832,6.145292777616394
2833,127.49774668901767
2834,3.6093380871075746
2835,3.111628631821846
2836,3.468410497534341
2837,3.310717323115594
2838,5.792720107792663
2839,2.0013154000781768
2840,63.251446787297056
2841,52.6078805039098
2842,283.54202375093945
2843,6.1002801300290415
2844,176.44912627540702
2845,303.2059010830645
2846,3.669062753317043
2847,100.58234514997278
2848,15.768181687411921
2849,-59.16754951797725
2850,6.620770370339541
2851,6.263825995485748
2852,-30.69137012453885
2853,59.30397927936964
2854,2.1511342040133044
2855,49.019105613868646
2856,5.965414273895651
2857,46.670538603895466
2858,241.82832319071866
2859,1.5888901136128375
2860,136.9159719040462
2861,280.96155213087286
2862,260.42886817635673
2863,2.6829066713516103
2864,272.9199888239089
2865,228.6506932200473
2866,1.8510756650465043
2867,2.449553466327914
2868,88.02081045180351
2869,43.17646424254776
2870,171.2074066351227
2871,6.2481601029171845
2872,276.3305958142291
2873,5.169837496821294
2874,27.840003890952886
2875,4.798505321443366
2876,-45.791026454602196
2877,304.72333044926904
2878,-73.51541963637585
2879,5.03025437482046
2880,242.1446066607266
2881,5.706393579235072
2882,6.1106341365312655
2883,3.9005152751998913
2884,6.619630784875721
2885,185.41979733169967
2886,222.89324814029908
2887,5.913063120953709
2888,2.0012954478889347
2889,6.621253494427677
2890,2.7871010094264457
2891,-56.97221525033055
2892,152.46414369023339
2893,66.67607321341268
2894,62.43541288036748
2895,4.591703884609765
2896,2.7025125669153196
2897,5.479617747198678
2898,92.2412872187449
2899,31.40046486962639
2900,3.1502970450014773
2901,41.15733100719893
2902,236.39537005861797
2903,264.44439050000744
2904,3.9421291868529775
2905,4.050700307977357
2906,34.197918062357864
2907,3.959921392987032
2908,41.41452237060014
2909,2.048963508020326
2910,122.17365890817666
2911,3.5386543990160444
2912,2.3514995750066645
2913,6.300244319639822
2914,4.887789947631026
2915,8.398194003198377
2916,200.48647728021632
2917,152.18760370898912
2918,3.8792340217359476
2919,363.512656877624
2920,200.57004103771413
2921,5.224209089366269
2922,4.004157368734525
2923,221.7604026709265
2924,5.635046987066114
2925,4.921200390106825
2926,6.034576454409834
2927,5.688242033805911
2928,6.498630672346979
2929,150.20039596837944
2930,268.82369100210633
2931,2.3370021142101285
2932,5.536440699379807
2933,2.7664657455977704
2934,112.45088415381817
2935,-19.621088701442723
2936,-59.52059693505848
2937,6.44336877502456
2938,5.474205149597462
2939,3.1887932061519733
2940,153.96791915039634
2941,94.04064869762928
2942,63.409418307531396
2943,6.203993191468353
2944,6.488574029660762
2945,5.776771934750508
2946,6.4015899389732605
2947,-50.88206758264154
2948,2.6069327323266545
2949,6.733839534224609
2950,2.771947999598029
2951,146.3482649427746
2952,133.47728361116543
2953,6.6592901969591445
2954,1.8161094686619776
2955,36.514478633197996
2956,6.361678099374611
2957,90.62814318708769
2958,5.70433137952338
2959,191.2855405494666
2960,6.208280489087482
2961,204.8483485471275
2962,3.571142765453986
2963,4.093992153503878
2964,238.94987102678886
2965,184.9681120580283
2966,4.341678139147576
2967,3.640003327805866
2968,182.5679853652551
2969,-88.27076454808397
2970,1.9676457827819003
2971,223.62243453560134
2972,6.937264191424778
2973,204.72635820675129
2974,245.81554188237004
2975,4.532841977720413
2976,46.70869518844938
2977,39.67834821228846
2978,4.486513273236268
2979,4.6173834091778945
2980,294.77538721057414
2981,321.92567284322496
2982,138.33349292600548
2983,137.3321712956186
2984,280.2920309690169
2985,127.8783340556401
2986,287.8317257888772
2987,238.84128484678286
2988,106.32794678622028
2989,113.04380870307838
2990,46.8543886796086
2991,6.831875258921212
2992,3.14915429331087
2993,5.4864113615924195
2994,16.797418503807236
2995,7.400069575523531
2996,4.428750671058051
2997,3.4504837048800727
2998,89.10613195912987
2999,142.69688622904516
3000,67.97112103378089
3001,3.0275095155686937
3002,292.17597049863565
3003,4.256507445700233
3004,284.5355364110937
3005,87.95841008377252
3006,77.45040770492754
3007,6.3044754740737705
3008,2.725730794649999
3009,24.095009925970547
3010,4.207171553771856
3011,53.489941803574524
3012,5.23143605703094
3013,197.16428008485434
3014,6.554049012619846
3015,3.7511600131269747
3016,5.937785647229106
3017,6.204499420396456
3018,4.496576468358541
3019,209.96519977727516
3020,3.061519893756084
3021,239.52639194528518
3022,277.9948513623391
3023,3.0753270084563917
3024,107.4796676842621
3025,232.25889605987948
3026,157.10820335076642
3027,6.330982671338317
3028,5.33537539553834
3029,-17.52325552622809
3030,-48.01098900933218
3031,6.141178908904012
3032,6.643457679631252
3033,4.701820423525919
3034,136.4222385912698
3035,142.01382907864638
3036,199.9099192035876
3037,5.980618286189206
3038,2.1472119593479033
3039,-33.96249286238581
3040,155.44489408364439
3041,4.809261402298133
3042,20.71850556209378
3043,5.8597631831981705
3044,228.70904298480588
3045,183.77507969488602
3046,4.543912693212761
3047,4.192628595067101
3048,41.83502648026842
3049,5.7101939018003876
3050,239.94959347416156
3051,90.41125651002832
3052,6.673753083472963
3053,4.017979983227801
3054,128.98192638909805
3055,183.46075372342597
3056,50.716073377500365
3057,3.202188531395392
3058,104.60801482362653
3059,1.829123797846734
3060,253.21216703271676
3061,5.055527369326024
3062,231.19014161693792
3063,134.96113853197454
3064,229.26605831814456
3065,245.61966511817894
3066,122.59294730779206
3067,56.456213599301336
3068,6.148732948743311
3069,6.0345614453706755
3070,3.4884331233002355
3071,6.14191295671381
3072,209.5382170307434
3073,137.59647942721057
3074,6.251576121587951
3075,5.9649419818192015
3076,129.8955450069562
3077,3.6836351742846127
3078,87.54989036688923
3079,5.778043098867756
3080,3.315747284188099
3081,-9.118728533542347
3082,94.09271702404993
3083,143.02254003209356
3084,1.113048602858496
3085,5.662664845841835
3086,207.12878045934798
3087,3.106907899852291
3088,113.307811314345
3089,3.486163572325605
3090,298.11645525910745
3091,149.86257789432065
3092,110.62869835074636
3093,4.106878128359988
3094,186.0684017521748
3095,261.53086930891027
3096,137.1850624901651
3097,5.1072274924375565
3098,6.122343841765888
3099,15.37087922849808
3100,86.5120399165752
3101,3.590949538815442
3102,2.546520792272067
3103,2.9823705369717493
3104,76.37090470405985
3105,-0.10722771364399364
3106,26.564280778129607
3107,1.2665275213369405
3108,2.4878462857867927
3109,6.644692065000751
3110,243.78491583769562
3111,2.2304367769604396
3112,213.30637422749612
3113,5.339613818759284
3114,46.18145898271914
3115,271.6431187256735
3116,94.7760398486569
3117,49.233876754020045
3118,293.41118938387115
3119,4.504859010996761
3120,39.77332687646257
3121,24.366020510340164
3122,139.96779219059343
3123,4.008941999327773
3124,2.5759655074444834
3125,3.7144979792593134
3126,219.3979209668878
3127,257.909472811772
3128,43.3732774875739
3129,366.24249942942913
3130,2.1509736943811792
3131,108.35218385276818
3132,199.42130308313
3133,118.19599350746743
3134,239.58655235315763
3135,1.6884933260996249
3136,314.83285940162693
3137,2.8821560360445497
3138,148.11391744980205
3139,5.955000846865993
3140,2.3439526488161526
3141,-2.534843995305626
3142,3.1572472672546548
3143,108.43671317416766
3144,260.11839717623803
3145,5.232901912890749
3146,282.3629540736905
3147,120.5526223452375
3148,121.87848251494259
3149,1.316917177608957
3150,1.7113903694754153
3151,251.44459473618363
3152,7.175128749161489
3153,247.0859178658149
3154,161.89584049364507
3155,47.931634312762014
3156,40.43649960603807
3157,4.8496593890969
3158,292.9787290069949
3159,104.80801027726281
3160,259.8659438179186
3161,-44.710758018603514
3162,3.306191777093507
3163,187.52457994872807
3164,3.066823235990717
3165,-10.579330147987672
3166,55.5839981085867
3167,6.622550021898087
3168,5.246811645594048
3169,3.5184905410736262
3170,204.04843540961718
3171,2.8236783375180545
3172,222.09972086912717
3173,269.51008276961977
3174,71.68292129641056
3175,-60.01026882548604
3176,3.8800398151660564
3177,3.4168402373626616
3178,173.07302263919163
3179,6.065384682099264
3180,316.5071653778821
3181,197.19161236338522
3182,291.7259590284342
3183,6.1104822031887664
3184,103.80972077360781
3185,6.841983193696483
3186,174.90426044109714
3187,264.59171664212903
3188,-22.282220670605142
3189,262.0940890677527
3190,3.873939479118822
3191,243.78283179353525
3192,55.493047829614994
3193,6.551468679920337
3194,4.148409834576747
3195,5.862733467523185
3196,147.60988087559798
3197,5.526339750000534
3198,176.73810884564114
3199,190.39600926335893
3200,2.0569895873593964
3201,351.3328319213661
3202,4.1635054146098875
3203,4.510052889741326
3204,0.22662114764263683
3205,6.545024742183594
3206,275.5066211469701
3207,5.906254005207859
3208,190.22354300669448
3209,-29.734362597192373
3210,7.420634111902176
3211,191.8571291464987
3212,221.72783769633446
3213,2.5783375810157483
3214,255.12130207011438
3215,3.6108483555550936
3216,5.984693753236591
3217,132.87023746994623
3218,275.77747875777357
3219,84.8343346676438
3220,60.5142502163786
3221,95.49048476906
3222,260.65916182908046
3223,343.80073598145447
3224,-79.19963267406474
3225,149.93634126047314
3226,5.985170607438173
3227,5.798640884085515
3228,10.564058927351766
3229,288.67140711286663
3230,228.0343341025528
3231,6.708246451584468
3232,4.579454860200627
3233,5.681646762811807
3234,4.344855640366188
3235,78.13066409285128
3236,135.05962463214124
3237,21.858147472317345
3238,307.9744871253891
3239,6.615961768148306
3240,50.34500688903191
3241,8.194692248133624
3242,2.480117799112944
3243,27.629496905247407
3244,191.8463304699282
3245,5.041175544549668
3246,241.93482456517842
3247,6.325395109157631
3248,75.91898874101061
3249,-35.649093000201255
3250,231.87638485353193
3251,231.621288058198
3252,139.09375038152123
3253,72.52002875560267
3254,141.23535508795595
3255,6.610482645220859
3256,6.15888241717378
3257,30.604996715123093
3258,2.5271170163856866
3259,52.26088813218614
3260,5.8823732263093484
3261,95.75446304868825
3262,302.38233114609375
3263,2.3361843448338435
3264,3.840079234050281
3265,153.9870312360166
3266,3.6884296683762825
3267,6.729961452233233
3268,3.3175950285191558
3269,4.957442074292034
3270,45.32783328741207
3271,231.51112483965494
3272,2.2346585567253423
3273,223.75634104652437
3274,190.93944277781566
3275,138.09695834807258
3276,131.69478562839083
3277,6.521094990365688
3278,6.462761000427761
3279,3.2287716973352687
3280,140.45983493070258
3281,285.48414514706207
3282,2.7841750536225716
3283,379.3969652588029
3284,340.9625009979208
3285,87.68250057010388
3286,3.115465196648199
3287,29.042567033951286
3288,22.442908475727783
3289,1.836642692781017
3290,51.21196488025925
3291,228.48059112459345
3292,3.198304651524845
3293,59.887099351184176
3294,202.06899200123098
3295,142.5766700741043
3296,26.936787510312
3297,211.59551257626697
3298,2.127632253520959
3299,254.81158260235156
3300,3.894015906588544
3301,206.09575082018353
3302,226.17301547047774
3303,-0.45072054404724327
3304,232.01917293909685
3305,4.673095432694067
3306,4.7296972420464405
3307,182.82012654454252
3308,3.0610755945857813
3309,6.317780181042643
3310,-51.02364412361777
3311,2.621001082069794
3312,3.670179850894878
3313,2.582199876468408
3314,5.951417491944241
3315,3.7950240152721557
3316,298.2947441714114
3317,297.90044245487906
3318,34.58833941011287
3319,1.9423341488239245
3320,2.0770641106311274
3321,4.7455762528433
3322,170.50752550966175
3323,4.640854610562538
3324,3.820752770496659
3325,333.12704679680166
3326,119.01259258698181
3327,-73.9134229509702
3328,6.522962476572928
3329,1.8633772145243475
3330,181.58502118392732
3331,104.2208312551661
3332,3.7131346239183243
3333,249.92931994710042
3334,112.45879174627726
3335,3.413890833497785
3336,5.364032302716378
3337,2.5644958902587813
3338,1.7513874364440878
3339,31.686711301440447
3340,35.934301342485824
3341,67.38698845470599
3342,230.41781901708669
3343,118.75461300070009
3344,3.8376811590537017
3345,265.71541143325805
3346,275.361105781316
3347,165.08011752956043
3348,58.60246332739037
3349,5.662732123866282
3350,3.793278018046978
3351,3.0409452719908776
3352,1.833746769500646
3353,157.24355794716539
3354,39.691332129662584
3355,3.1806313840359035
3356,303.8344440678176
3357,3.2738265983681467
3358,239.65650778379975
3359,92.84269301724707
3360,111.17027206508769
3361,3.1362121172281725
3362,3.262005052857597
3363,3.267797563707602
3364,36.51609192481173
3365,119.3840924104577
3366,34.06978801488646
3367,3.6070262926952115
3368,135.45066967765115
3369,4.450004324201463
3370,65.7403015995208
3371,14.165591791473588
3372,217.09676736638013
3373,64.33251324408647
3374,316.7170497953945
3375,2.046902887056626
3376,2.743574829628337
3377,106.28084028517011
3378,5.734365178945312
3379,45.03194061272719
3380,349.66122175684586
3381,6.649206145785129
3382,108.00851185716297
3383,6.603847858339803
3384,117.3768628719109
3385,4.463504070638114
3386,44.168873780878336
3387,2.2283586693470028
3388,186.63351644712134
3389,234.86657922954157
3390,2.0467240728216853
3391,5.51341754864279
3392,5.059808165008496
3393,199.06151608189367
3394,137.81879865604904
3395,5.361611792788844
3396,5.6126125770977415
3397,157.05924131879206
3398,2.131089778610534
3399,206.45007142343695
3400,172.99199144572924
3401,4.9021557516577685
3402,1.2625991397427485
3403,82.50096331291552
3404,117.10361278168561
3405,180.1383925661535
3406,230.89458584710883
3407,4.173771363834514
3408,104.63425540428108
3409,110.75959838172923
3410,5.961553576913586
3411,5.626826525071992
3412,37.746576091445085
3413,2.219853622198265
3414,6.631833704323245
3415,121.38352948761792
3416,80.99590858211342
3417,202.8640932028665
3418,154.39726773439338
3419,54.69983691597856
3420,5.3725038979422095
3421,-41.6967422165932
3422,180.41832592510983
3423,2.1703875948932527
3424,3.6661802110664623
3425,35.91478675702899
3426,3.522755322071979
3427,54.802186052307306
3428,2.304182721132717
3429,337.74594890959804
3430,314.7073108144489
3431,123.84322610246059
3432,5.999443548366729
3433,125.49559399567478
3434,1.9881963086437655
3435,306.0512462129318
3436,227.22907761604432
3437,3.2857280594919063
3438,31.000908454353677
3439,279.16224185686025
3440,6.374749397622413
3441,4.953671530511044
3442,243.2825416657587
3443,5.0443694787506335
3444,194.22418038949104
3445,3.7378101174695164
3446,5.899437762484409
3447,247.8261947731994
3448,5.230419823001442
3449,5.6813885601269885
3450,114.14360434797584
3451,206.10707758862952
3452,1.955244088168918
3453,1.8919265211057903
3454,10.0678710131466
3455,4.11147869486937
3456,5.832512131300444
3457,3.9800766444579327
3458,6.082630771868086
3459,171.6598072357898
3460,-63.023765950138085
3461,3.8155345933123757
3462,42.642882503088856
3463,220.243644932947
3464,4.506977573226975
3465,2.820892467751755
3466,6.800756416835505
3467,95.10721147024633
3468,24.91352009923765
3469,300.80872291053345
3470,153.11372399194425
3471,21.721089864743433
3472,276.27524055065896
3473,6.877601908434363
3474,3.623627147141045
3475,4.659405102356178
3476,25.437012469458566
3477,3.478013820574186
3478,6.683739244747321
3479,2.75665989728892
3480,122.5574212276024
3481,143.15067353726573
3482,81.27813417636082
3483,56.807014104352334
3484,180.1783955150547
3485,2.473408520615946
3486,224.36353648804538
3487,5.922613882969898
3488,5.003884282784249
3489,3.0307088470800965
3490,6.1432064365201065
3491,3.1837968440497377
3492,2.4156526999236956
3493,322.1323275256092
3494,197.63990949225206
3495,6.400588239973695
3496,13.932398727311039
3497,4.565759278429432
3498,6.606105075393465
3499,-24.422015571324852
3500,108.91208517267208
3501,288.60605927683883
3502,6.229913331481448
3503,3.8481684582947038
3504,102.81464704883479
3505,139.3009523644615
3506,84.99191559311248
3507,6.189513156732097
3508,3.2158052178192014
3509,2.978610285466436
3510,272.1742913525667
3511,1.962590072962373
3512,74.75584836714077
3513,84.8852727146429
3514,3.045031146421433
3515,43.08463375157081
3516,3.2367563749003754
3517,207.0715325389845
3518,4.312580441642552
3519,207.49055852468982
3520,323.6180739723154
3521,1.9093263742925446
3522,32.52735978045592
3523,4.756101725890374
3524,6.613622537493217
3525,5.2777931300519
3526,35.98684973374581
3527,1.6254072274162419
3528,283.2277808745473
3529,201.4478921099954
3530,2.676574146607254
3531,78.31357383238782
3532,257.8317821985401
3533,45.030335991178305
3534,8.237024120945508
3535,86.58396358274811
3536,3.4545490782719552
3537,60.00398576888507
3538,6.741924112926267
3539,33.11571829545076
3540,149.0587911073178
3541,-56.97682938479696
3542,2.8347032789732194
3543,167.115245839807
3544,25.849748152246335
3545,2.463520428656341
3546,6.024844114506076
3547,170.58410970126985
3548,4.879518298253113
3549,1.7316777169412179
3550,4.456050415565695
3551,4.801470160265789
3552,5.634678740910707
3553,6.869036409601732
3554,165.71566576380602
3555,4.223136078512952
3556,1.9643894281755667
3557,108.40515334119488
3558,5.218936259636869
3559,101.57728417680133
3560,76.71749441639275
3561,6.388319313437851
3562,18.13278330196836
3563,-49.21732018603119
3564,5.96402776124404
3565,5.0401804444757765
3566,163.78656068542026
3567,2.051929337394441
3568,248.0570214865912
3569,175.21821127454376
3570,34.74432408206319
3571,205.69428512347798
3572,1.9133663989813083
3573,6.123380419067805
3574,5.707522995763023
3575,1.7826474366272649
3576,5.071395431737227
3577,5.993607809312376
3578,75.71430116468404
3579,2.1219582096866842
3580,68.544730441139
3581,249.55347655152525
3582,43.9995208225104
3583,73.25488870178555
3584,6.594690340420955
3585,25.643584793687822
3586,5.831893440771975
3587,50.01699037473777
3588,3.1026677355932644
3589,235.73341324950093
3590,2.8554246430070647
3591,3.5021884769342635
3592,188.90560623885807
3593,4.7763300766664845
3594,17.930732359043418
3595,6.712571267323526
3596,25.91502947634374
3597,301.7168832536266
3598,70.95092234718454
3599,66.08270709478633
3600,2.6870106360438966
3601,299.3345186373147
3602,26.46062863465489
3603,5.361540388857037
3604,2.7479003116516534
3605,165.09898783211398
3606,2.0816083020978797
3607,3.7803341507211954
3608,277.6689374169515
3609,173.75681380796297
3610,32.16549432260257
3611,5.491721480460823
3612,279.04558195738605
3613,6.359940755205216
3614,4.8721068458588395
3615,6.029880302425921
3616,58.81053068469207
3617,4.976467659015199
3618,3.014335191857949
3619,-65.21618925136084
3620,18.183092613041286
3621,69.15828269886748
3622,5.278816698558991
3623,259.73869360541283
3624,-17.251728147285654
3625,105.26703062800692
3626,13.002193455952817
3627,27.776467610438335
3628,6.456743237163095
3629,36.115087089255155
3630,259.88548384380493
3631,300.67111040292
3632,256.2294831126634
3633,241.09613843613812
3634,118.03442647692502
3635,147.0176283052416
3636,4.752186630651477
3637,34.145530312814245
3638,60.0450072274585
3639,5.043533465672975
3640,319.1176751024931
3641,218.5257207471222
3642,153.25730522628047
3643,194.47057662703094
3644,6.461218120577538
3645,110.96710789285859
3646,2.544417974779118
3647,6.114393595742785
3648,244.21436010784385
3649,-7.665669578328959
3650,3.2801176356518207
3651,184.45939522841374
3652,43.5786811982117
3653,-0.1295678252948183
3654,70.35232367414551
3655,2.1544769181638097
3656,151.70716792050624
3657,5.753280926976306
3658,8.046165813202604
3659,4.539566998564531
3660,5.9275063554479885
3661,44.21726944810255
3662,2.072041353359558
3663,5.802866171168583
3664,127.89590066226498
3665,4.756835907065341
3666,277.3520622074915
3667,248.6128608477357
3668,262.61641404306033
3669,231.54944926107947
3670,7.7102328113103376
3671,6.50850788135511
3672,223.49632316570802
3673,4.981502598700034
3674,292.1207596689745
3675,144.65526797679541
3676,56.90062724435964
3677,27.21834792939709
3678,-15.99720924254002
3679,4.143127349378202
3680,3.8861658606775613
3681,155.91312493833368
3682,79.4877489233361
3683,188.60200682626729
3684,56.84441791138579
3685,141.95930800415206
3686,274.32101724005463
3687,91.31305219158372
3688,276.44442291752387
3689,2.2341258043165015
3690,175.05914560605765
3691,190.58044225370966
3692,297.04475979417987
3693,273.81098918731345
3694,1.7255487892851304
3695,253.2569441734796
3696,184.8924371449998
3697,0.7453879497442633
3698,-43.41468167831266
3699,4.135019192823785
3700,5.662062241133474
3701,399.8821541690975
3702,3.8166731844279314
3703,3.652733137419757
3704,6.313343123662203
3705,1.2555876433140356
3706,65.64257293748135
3707,-23.787342215600535
3708,123.5417377672741
3709,3.026288860120723
3710,6.038470833886218
3711,333.0177354985479
3712,68.67066332642193
3713,5.80329332592373
3714,331.92830278653855
3715,2.681614384501596
3716,2.0104479771008825
3717,157.2196812368359
3718,79.75005356439527
3719,159.85956452815148
3720,159.45602407904127
3721,2.902737086388549
3722,4.009016909548589
3723,3.3312151270472867
3724,1.9313319301455132
3725,62.95272145607886
3726,1.6471883352981893
3727,231.52830532930727
3728,53.92575944257577
3729,-56.21051015134127
3730,155.23487352151017
3731,78.7549965816088
3732,3.44631080201251
3733,-52.46620748302833
3734,3.146180922851724
3735,2.363255194795903
3736,-29.265977262315317
3737,6.135501459204233
3738,195.97283897174816
3739,-37.67128307771106
3740,240.66628894868967
3741,23.85899943015719
3742,266.36964684390875
3743,2.2977466724730533
3744,65.62880859952978
3745,50.72134059172065
3746,5.046208795660907
3747,4.90742590977823
3748,197.05592898232135
3749,73.81883615174124
3750,1.6149730793155235
3751,226.7371839281861
3752,87.98388574684643
3753,4.882224274386882
3754,3.835207611949997
3755,20.294236219703205
3756,5.636912956598617
3757,24.464333678905668
3758,5.956601005243177
3759,48.24610159380889
3760,1.9440768941498368
3761,6.641548858569829
3762,5.946646163998391
3763,116.0729131314763
3764,183.61415339274157
3765,376.2409364733401
3766,6.5401582046808
3767,280.05135609146623
3768,55.68203947428147
3769,1.6520473172575878
3770,145.06846868490405
3771,3.276721612781861
3772,193.34495544584806
3773,241.61593185959708
3774,2.560177088752934
3775,3.5184657278029903
3776,206.4779492000169
3777,6.419158676949831
3778,230.80141621836867
3779,269.36383752607765
3780,6.18183576968894
3781,6.424833963222983
3782,2.103425854109599
3783,1.7345969295307024
3784,5.633857530475383
3785,25.801577295783943
3786,94.56411771560701
3787,6.005976958223384
3788,6.612605743552899
3789,307.17214139124667
3790,6.979604650881145
3791,6.579630417453041
3792,3.7215750907807026
3793,63.336977632289475
3794,-6.811374253222311
3795,240.18058503432775
3796,229.46413031620352
3797,4.754460957306456
3798,174.6260282692278
3799,-60.66027944453609
3800,242.53567163269943
3801,138.3440073617475
3802,149.37388814705614
3803,65.28620757250246
3804,60.514828651863425
3805,4.447035093733752
3806,3.0212107110344797
3807,79.86903133964468
3808,3.624951469972979
3809,-39.21223659916881
3810,2.6199736576223773
3811,4.91576078217056
3812,261.2513735681499
3813,3.6199740599091363
3814,294.19076784835147
3815,7.189093036116949
3816,3.929926784552748
3817,47.454333074791855
3818,6.567860436051293
3819,2.4306776154832352
3820,117.13776709790687
3821,8.22017959598611
3822,5.629776672003399
3823,256.83784161175373
3824,5.19671770156157
3825,247.64640486508733
3826,6.045462785027353
3827,292.07560026374125
3828,301.6552360062522
3829,6.601600441587234
3830,235.3224463441765
3831,60.983926877708484
3832,1.8319220957714877
3833,53.584828209856596
3834,61.675352723268105
3835,2.7663178928174332
3836,5.19983622190168
3837,6.8295234487404874
3838,5.793406141677011
3839,241.07108327655038
3840,5.762107071335704
3841,132.1871788995067
3842,3.4314891540654306
3843,227.1597293069786
3844,5.525126322607715
3845,6.454911499917678
3846,6.306217544092741
3847,82.7249177193329
3848,136.51531469007506
3849,216.03722003153263
3850,32.2438293806203
3851,130.16352221212586
3852,273.4214300453223
3853,5.438032498582126
3854,244.85418114514346
3855,1.9414666469268362
3856,68.84594964982212
3857,3.719497939910994
3858,2.9946959797730224
3859,251.80195484691143
3860,6.365118623169771
3861,-69.48940957316826
3862,-4.771638925164666
3863,3.2813024366230428
3864,2.770635856973016
3865,287.40551621530466
3866,4.217010947264218
3867,196.57615409728317
3868,4.689555406367365
3869,3.19222357868097
3870,122.14295729286337
3871,48.95015162583057
3872,3.665870565806508
3873,40.529864461483044
3874,350.9384414860655
3875,273.72275868968654
3876,90.76748745387603
3877,-60.615713167395796
3878,159.47302941064754
3879,260.022469148868
3880,6.555152867711479
3881,3.682119056594881
3882,2.2806635085269473
3883,201.55083048148452
3884,148.28480925326068
3885,6.328009171981396
3886,5.525726437296559
3887,6.217746192524535
3888,2.6354056732742053
3889,166.77849046105666
3890,1.2496544578153408
3891,3.187575848578523
3892,182.90820646100727
3893,3.2113931811584258
3894,326.92183659166216
3895,-29.96301734810325
3896,28.827959277978287
3897,237.6632142530526
3898,193.2730465303598
3899,1.7096089606967735
3900,81.16257780086981
3901,105.9194955402164
3902,2.6567953342028026
3903,37.19208502089575
3904,65.12310722564209
3905,3.658367825941693
3906,7.545396728561631
3907,220.74978629979645
3908,161.0377197781563
3909,3.2181560106621103
3910,3.84953905461843
3911,242.24316110990736
3912,4.335035875617933
3913,31.8948526560455
3914,269.38258069617007
3915,6.8878425260961995
3916,5.8103813547722645
3917,3.7873578937642556
3918,-50.09358745949086
3919,5.125801785023137
3920,39.76287246033164
3921,62.10389595236555
3922,7.615011832905321
3923,3.3835435399229117
3924,350.347621625341
3925,55.582825781260055
3926,2.0167863397010866
3927,246.26924507961937
3928,3.3826049251658192
3929,5.432136521470583
3930,6.225061617067914
3931,181.18871621634096
3932,4.127483018170136
3933,2.5732523499238202
3934,6.518363509483022
3935,220.77819855651614
3936,2.0561690609037084
3937,3.005277777483717
3938,3.0096810844807145
3939,306.58858345371164
3940,6.41325249496408
3941,6.246731189622773
3942,5.367587831399324
3943,3.1762907746289315
3944,6.704106384786071
3945,329.3025957333961
3946,200.66207603353428
3947,27.980918626974386
3948,134.61685515433055
3949,5.80599461457665
3950,245.38567841034052
3951,1.8153313570779512
3952,97.06723890463951
3953,158.7097483798112
3954,2.579313431901018
3955,6.069356463532706
3956,180.1555388615028
3957,61.95117139242569
3958,93.75389562318317
3959,215.26600809648215
3960,6.053488028537968
3961,6.515876616329437
3962,104.61396027535244
3963,5.862969415581519
3964,126.18298215373727
3965,6.308076745698079
3966,3.248974202153329
3967,3.2030146521271288
3968,166.73224720808506
3969,52.545145227576285
3970,2.7171888023692494
3971,3.5557294222631395
3972,2.9291114568150958
3973,3.3336426372140373
3974,27.910168935345474
3975,7.985410658340754
3976,3.524659685956867
3977,4.056240708866719
3978,3.518893177774477
3979,111.77842563515662
3980,245.72009215194805
3981,261.66272102881715
3982,5.567722613065425
3983,3.4983282913728315
3984,387.32622118250197
3985,243.49997511504384
3986,150.33345110294653
3987,112.99990524977892
3988,3.362327897594562
3989,-16.40679493290827
3990,80.12177760507647
3991,269.07661868847805
3992,5.7903613248976304
3993,5.379742570560253
3994,60.01196686169693
3995,126.43328281132133
3996,4.269633246614644
3997,85.02097545103648
3998,2.4053002622830775
3999,254.72316300767739
4000,5.59695713382186
4001,4.294241719963934
4002,51.581504006994564
4003,161.23837029877657
4004,2.283488239142597
4005,317.27646093709257
4006,96.9845104855584
4007,7.1833391445993335
4008,3.378222709699976
4009,5.838730524091971
4010,207.36403521642575
4011,3.278890391225543
4012,6.434962044581033
4013,245.0514930666568
4014,5.852710792968332
4015,6.2533159483037615
4016,68.60593868025197
4017,111.71248347885424
4018,115.91828873862477
4019,1.3784918270305755
4020,1.9768445072951728
4021,102.22176027472429
4022,60.20385244201533
4023,4.219826505371275
4024,107.80561450127968
4025,63.9541989570541
4026,1.4961999151787968
4027,238.9062979962584
4028,97.8667716006159
4029,7.322639817330016
4030,2.565367608560087
4031,106.78599816624285
4032,81.30388204245871
4033,3.31282873468746
4034,245.3315754796074
4035,145.94252886094293
4036,3.9598211306507887
4037,3.908442944931135
4038,6.3281432296956925
4039,5.852056706703702
4040,115.55967427522538
4041,319.70377045524344
4042,55.25841373607709
4043,251.37484615253675
4044,4.538813309829285
4045,28.58963444998684
4046,5.925088872779673
4047,4.082664522245738
4048,271.24217618746894
4049,127.89477691957828
4050,277.7072925563056
4051,45.47935568344517
4052,2.470951521389156
4053,4.316311478169967
4054,5.50589874865064
4055,4.490525690529707
4056,255.80322565847234
4057,6.878123205924338
4058,266.10605813325424
4059,50.52145524138275
4060,258.484391190733
4061,127.29389509695335
4062,3.6847446547090925
4063,2.044794616456555
4064,201.06878826414544
4065,1.9094766467234694
4066,89.20262224475954
4067,175.34503255185982
4068,177.67048914633205
4069,342.11654178903467
4070,2.7099947237722284
4071,2.674167601481059
4072,2.0000164336299258
4073,3.3669789816045093
4074,4.049401457166347
4075,-37.190642449114726
4076,37.955657850807796
4077,4.690851846982089
4078,6.2686964582913856
4079,6.680823216376542
4080,269.27586772472637
4081,3.6430291237223935
4082,103.96342158224087
4083,4.25380225214986
4084,12.393038792337194
4085,23.01246123597948
4086,-5.829044869612706
4087,4.12409615057246
4088,4.601327915411403
4089,87.62755802202427
4090,146.98032489033938
4091,4.430746875594506
4092,51.63526381749017
4093,30.7527512021337
4094,4.742862075615498
4095,6.755705406552218
4096,2.4711695731343
4097,2.5648573705619775
4098,2.5942718435523417
4099,-27.75761599594859
4100,42.04812379488088
4101,6.681153887558754
4102,4.418914141715281
4103,61.019481958997474
4104,195.29088805227877
4105,5.726093730642734
4106,120.16507734865199
4107,89.80337191379735
4108,69.65040941646632
4109,241.6627307126514
4110,6.17519991875449
4111,57.95957047616294
4112,77.9328800275618
4113,3.0896823429532807
4114,5.1898142513154895
4115,73.53645041786486
4116,152.42371128933678
4117,89.17558419872256
4118,272.55489819369444
4119,257.6568674339975
4120,237.06066732458606
4121,83.84569402142871
4122,-17.849958188919885
4123,2.325580426731008
4124,96.6992327427067
4125,2.1906055825552757
4126,57.344161977103965
4127,5.91902510293692
4128,1.7163372691977026
4129,6.342342315254731
4130,2.2876947825561373
4131,60.26671548638235
4132,6.469638562516793
4133,4.913516059923417
4134,102.32589439192341
4135,-18.838331091442313
4136,144.90248469775796
4137,359.9181961909926
4138,-17.20854332154339
4139,89.01833340867464
4140,64.11520808779994
4141,3.9003889000457743
4142,118.23384908996708
4143,295.4296115550039
4144,98.93339076428754
4145,185.40321231523413
4146,69.7911480959382
4147,58.466246485577
4148,286.67287963923326
4149,41.42355010830575
4150,32.400765325028
4151,66.96827316296213
4152,133.70560325533512
4153,4.136783354489597
4154,363.0382873339156
4155,143.96143803870237
4156,3.179601258083104
4157,-2.4045217013106517
4158,4.109437650075583
4159,4.370502694551908
4160,175.52670653779214
4161,176.04611890848085
4162,6.423146887193219
4163,70.92374874393869
4164,172.57623178581818
4165,-5.715292589843196
4166,57.24260383512939
4167,115.6682703008241
4168,45.82487585428092
4169,2.3502520816907726
4170,1.7900969200345
4171,91.03900289346691
4172,4.273548662814432
4173,3.391132687152047
4174,76.98528544589759
4175,138.01509865037676
4176,1.9848245790020052
4177,3.67229253561153
4178,29.6068743228509
4179,120.37250159695583
4180,168.46389779095864
4181,76.99192826725199
4182,67.68843269601444
4183,21.047273934004014
4184,195.22065804724696
4185,275.9649413463981
4186,2.760522525245858
4187,83.85003281090563
4188,4.299112964794146
4189,4.405669888079756
4190,120.06156927716262
4191,2.1856000805940967
4192,28.514891354000504
4193,47.13566156225009
4194,5.962817270443779
4195,4.315157565776122
4196,119.60465143436673
4197,6.414930663676394
4198,3.0254699511346947
4199,5.08726124421383
4200,289.7617867392994
4201,253.77171138075613
4202,205.5589535254806
4203,5.736172012297299
4204,98.79949462371718
4205,4.933252451214676
4206,7.482636286541975
4207,125.96214031001917
4208,153.99482384719315
4209,233.43013928869146
4210,-52.09655350963989
4211,1.960595410852536
4212,5.705038104234232
4213,-24.342903329148648
4214,7.428903265831083
4215,3.0813286063551235
4216,1.8232072476150427
4217,2.8916584454298992
4218,5.938420401501279
4219,51.30738341111565
4220,93.82069552473166
4221,2.1508963009840443
4222,108.49301584039539
4223,2.7380767910230555
4224,6.870733527298881
4225,5.037253861499811
4226,272.0521304592778
4227,2.2813556955602765
4228,215.82789986559283
4229,121.9276049254713
4230,2.8711944229253947
4231,1.9679182484883198
4232,44.19923928257981
4233,3.169792841402303
4234,-6.426494856697445
4235,88.58629186808639
4236,258.4386341297513
4237,161.17757549595808
4238,2.810792913634892
4239,46.844284008270094
4240,4.153346340523919
4241,40.251044573186384
4242,208.4392873121273
4243,-57.81797600538115
4244,340.5242017213094
4245,5.126637669617376
4246,2.025926341860859
4247,3.659453631422436
4248,4.132792753264237
4249,-47.679447621850876
4250,-3.2266050364201533
4251,284.6933718250665
4252,6.525854210030602
4253,6.282836530364719
4254,5.292761477749518
4255,-55.299012380362626
4256,-2.575525820260462
4257,98.70044896404255
4258,2.4070062658140077
4259,1.5786528199407737
4260,81.36143390856428
4261,2.3389498498949735
4262,277.21486683841044
4263,79.14431715130284
4264,2.31477924390382
4265,39.33906484101818
4266,4.24548913385695
4267,6.265634309591448
4268,5.75309487827473
4269,162.84895163183003
4270,217.28377484603158
4271,148.76852387319823
4272,4.721326614644751
4273,7.9105206210486205
4274,87.05376799837788
4275,6.537385877041006
4276,302.6918925724701
4277,242.2801247714591
4278,384.8354497900748
4279,315.4727592185945
4280,121.19598594794391
4281,48.945471947320144
4282,12.54665066698768
4283,6.397823133444206
4284,4.6359899003638425
4285,108.8081716208887
4286,301.4877140711224
4287,1.7482544167688756
4288,195.51683388904075
4289,209.78930848348
4290,188.82449137375923
4291,3.040155411687825
4292,5.087847509558343
4293,-5.450706464617468
4294,-55.61674106376098
4295,0.8713756344297381
4296,5.551656440477552
4297,6.636427423579146
4298,6.0559270494483295
4299,80.90085353494078
4300,46.978231875258146
4301,-7.471801755520801
4302,111.32185379727812
4303,2.150769265416254
4304,-53.01085401813462
4305,3.928529804703051
4306,290.83669300144885
4307,2.9014910549724116
4308,27.320376422093226
4309,4.904918337703775
4310,2.8879565144497215
4311,-6.131149590344288
4312,241.7009991872557
4313,3.302198788593547
4314,2.7493631809523387
4315,220.3463682179837
4316,1.2750247013900866
4317,194.26944259024924
4318,5.922757461207562
4319,46.80375036401908
4320,145.74326687022838
4321,4.653375727593894
4322,283.4695016056146
4323,78.5178430596674
4324,3.344635339842424
4325,6.768672412111747
4326,3.720291311110123
4327,116.27158610454889
4328,149.34948216753924
4329,218.27055205738645
4330,-0.877117949832666
4331,3.004195842981517
4332,2.476387645981183
4333,268.77133695826774
4334,3.2842317549004925
4335,3.0524341653113396
4336,2.1625956032967943
4337,6.014313571060018
4338,9.304637721145221
4339,5.143088713489223
4340,-14.410460544952677
4341,59.98376834431531
4342,180.32903329509455
4343,193.54039399959714
4344,132.99068347242456
4345,5.917924542845892
4346,4.836163178608564
4347,216.82682887222109
4348,5.523044782231494
4349,142.06551466459925
4350,-25.546880309321654
4351,123.68672598250726
4352,193.33730023923906
4353,5.11001829470805
4354,138.02992420540977
4355,132.94328720556422
4356,1.8962767499122708
4357,5.005384156909829
4358,303.47430029002265
4359,213.23063619334744
4360,3.326069605205527
4361,16.86021250575799
4362,0.29077931510851673
4363,3.40508385383085
4364,4.755831481059929
4365,1.620994198292764
4366,3.4373530712581752
4367,255.0383113071787
4368,-32.013492037710876
4369,71.1773845962414
4370,6.415646659085356
4371,194.70203172775217
4372,89.27237010844941
4373,315.7380744432194
4374,6.7634561127702515
4375,231.16593559345
4376,293.64935887800027
4377,5.428434159578864
4378,6.127989977116445
4379,178.77637310969538
4380,3.116550178050418
4381,2.1844601409602844
4382,6.6826733568501275
4383,28.690142503966015
4384,5.358940952186358
4385,212.16988102684348
4386,24.51798440688375
4387,308.03348373062295
4388,85.88484076804944
4389,6.633060175961678
4390,4.133561138913002
4391,3.8249799434772633
4392,2.5827112864206225
4393,126.65876189912561
4394,103.52545187897451
4395,3.089687327907467
4396,-0.5296731749442927
4397,2.5215184358423643
4398,6.510728637828501
4399,2.7633614769339228
4400,226.7537063595443
4401,6.502039234747679
4402,254.48562163421605
4403,283.0963412993738
4404,254.9176637096383
4405,347.0463677113229
4406,46.50594599294455
4407,83.5721487522571
4408,6.335099464959754
4409,103.7242368505809
4410,-83.2692523172699
4411,2.53870968247646
4412,287.1678710216167
4413,213.57324114519008
4414,3.747392465302428
4415,187.23336392442374
4416,54.11919160851141
4417,2.6673937794863734
4418,225.70361419666045
4419,258.9081112898867
4420,347.7637974756198
4421,349.0196189878493
4422,8.998581535429727
4423,2.469490942063376
4424,48.447464189647505
4425,156.24018362466072
4426,5.495752618629181
4427,216.61324455134144
4428,6.176749650694733
4429,4.796180204455067
4430,5.326471867563597
4431,187.35785924909908
4432,3.986486239300816
4433,3.7322957336465183
4434,135.737563755537
4435,5.775888838151372
4436,6.2362974564290905
4437,3.133282066668007
4438,101.7031732439441
4439,7.4899069470859105
4440,273.54059850928047
4441,2.457600595649822
4442,246.84454738053222
4443,6.314355212623418
4444,271.54407550490777
4445,3.8963629014931938
4446,3.694654100489542
4447,82.29581318648461
4448,4.994614584057208
4449,-17.686509847543903
4450,117.77763927658322
4451,110.42653631278132
4452,301.11951061721436
4453,263.0684607169432
4454,4.851694713654307
4455,5.748104730125425
4456,194.55332356148148
4457,4.045100338121936
4458,7.079047846856003
4459,70.18411719552469
4460,0.4754571617162889
4461,81.51165934979906
4462,162.38732871046747
4463,49.87794618954423
4464,3.912314526855364
4465,120.67971584566993
4466,4.57195724747054
4467,2.005839929704185
4468,1.7715956172379845
4469,2.008644728966312
4470,4.840640246130488
4471,2.562756708528301
4472,216.87148153798114
4473,3.9997125402245857
4474,237.91649661450282
4475,4.039185076334728
4476,86.50187869999654
4477,5.783784316450016
4478,4.1959947190875795
4479,115.29722789371746
4480,279.0293150843388
4481,3.7013375666480437
4482,214.9247132144617
4483,65.46675397234358
4484,309.37553312825446
4485,223.38487021363932
4486,2.3038743963616666
4487,97.7372391886044
4488,54.837206463717294
4489,-41.61979656373384
4490,106.86726037826644
4491,5.529587560228012
4492,261.5662787316028
4493,298.74673213253044
4494,26.54178832134167
4495,2.4861080858111055
4496,107.38269669628306
4497,6.7600229237181555
4498,206.0760677028295
4499,319.0060491850908
4500,136.97477024286303
4501,6.4102363160217415
4502,5.830298451696235
4503,180.68804817987652
4504,19.520040012856587
4505,80.05701742204039
4506,2.6634090814388105
4507,10.030116476724421
4508,143.91218807909013
4509,56.812994508866254
4510,2.193373291325937
4511,259.2078998901417
4512,61.184976559738544
4513,89.16830050391117
4514,3.436663194492982
4515,3.257140387521323
4516,3.4431514815617357
4517,4.985221974903118
4518,11.548513195396149
4519,121.95233405201793
4520,66.76176596504511
4521,2.800188502330622
4522,78.79223244998693
4523,6.745472364849055
4524,234.52539243541133
4525,18.296762193770633
4526,2.21874464060254
4527,112.3341837860227
4528,115.63260470616615
4529,110.07344255765577
4530,193.57524480552433
4531,3.845463213201968
4532,4.37486025364574
4533,4.563973534128078
4534,62.717543685271565
4535,6.19603459413304
4536,2.0360230354683697
4537,1.8093114864602196
4538,6.2960060190786695
4539,303.1581140779387
4540,169.57519889460457
4541,3.5589971136797978
4542,2.7550923981926667
4543,206.27242336215016
4544,41.36493194109114
4545,5.226103243465612
4546,20.393655933565164
4547,5.71293783068534
4548,175.97772171343135
4549,4.6017153265210125
4550,227.34529149909994
4551,30.321523051772637
4552,140.38080946629427
4553,125.48233755246366
4554,4.665740736489059
4555,189.754323049993
4556,285.129918665329
4557,5.074334879349968
4558,4.493725066831939
4559,68.37347629162998
4560,7.422021839465753
4561,5.300750962305893
4562,186.77778786152794
4563,47.186858752593395
4564,244.8888313544134
4565,53.09355370530207
4566,222.19058220762105
4567,281.27516532153106
4568,139.7451504060779
4569,5.032668698416743
4570,188.43563578519658
4571,260.3026421697503
4572,5.35987152741059
4573,3.09206658856804
4574,1.825050636722981
4575,5.827018407363687
4576,156.6809294884721
4577,236.20494162085998
4578,66.07019711991785
4579,24.411354952949395
4580,0.7761702410751976
4581,372.6095970698027
4582,41.746436232001
4583,1.1100999100782303
4584,299.1365559196911
4585,39.44520972336906
4586,6.330550449458849
4587,3.290259141177532
4588,1.633986088858535
4589,3.7020114118088587
4590,3.158352335392025
4591,63.90333913411935
4592,5.418532723321471
4593,124.40510935992316
4594,-29.263901749106196
4595,2.3130825838505378
4596,70.25703459011064
4597,155.90647217757075
4598,4.19848039413859
4599,-46.60057592827886
4600,83.4020763111038
4601,7.054616279150485
4602,5.366161409982402
4603,5.463167237495212
4604,83.3962213030359
4605,1.8694505817869067
4606,129.66031633578947
4607,37.835288926383676
4608,4.530262272601665
4609,209.76685020250207
4610,133.04744999977666
4611,109.47533150847906
4612,3.3847382128821293
4613,-64.69465780248895
4614,74.24461584933455
4615,-39.93805213682207
4616,4.445428395638703
4617,4.80869335859932
4618,3.90023928887883
4619,6.082238648740918
4620,6.725385624069853
4621,99.93257448816908
4622,4.066069925778526
4623,6.104809214890782
4624,0.7895987002098412
4625,82.11781845955085
4626,59.815611284269536
4627,5.240720693463407
4628,5.910735957122312
4629,70.05469200287186
4630,5.500313122635355
4631,13.152167127252643
4632,6.600095798101936
4633,237.93636719786295
4634,5.895027765017948
4635,5.9738389609195135
4636,71.6829857357968
4637,6.993056137328805
4638,401.4534111085941
4639,273.88949711326785
4640,2.223156133239148
4641,205.7803879814747
4642,133.75447288271704
4643,47.57787271556309
4644,21.938279011830485
4645,5.7905571487155605
4646,48.03529721088054
4647,22.3418780926942
4648,195.6101845797091
4649,108.054159632427
4650,137.4248314909026
4651,49.138345390739985
4652,4.806286910671822
4653,239.42873062016645
4654,-4.078731542069383
4655,5.67157111598286
4656,3.0882506665673564
4657,3.150129150283731
4658,6.534038845657712
4659,75.15531913040664
4660,2.5599396334925686
4661,2.707671881974703
4662,4.069560031015018
4663,111.47192437672692
4664,5.918055131723945
4665,166.1413179990371
4666,240.44505284357666
4667,1.8261851559543318
4668,116.38667398807786
4669,291.4278216445639
4670,19.048795026473357
4671,2.028154796494169
4672,0.9367375257162602
4673,83.63685954743134
4674,272.79110319385643
4675,1.764073542417461
4676,127.40217452896181
4677,46.78442703272293
4678,5.5930876527857585
4679,89.12886363107665
4680,4.496445514164649
4681,2.0559588537649103
4682,197.1942199994092
4683,154.7874384297043
4684,98.27258619323945
4685,248.51982830711836
4686,3.7283434928253882
4687,233.70402795496398
4688,345.6898881428317
4689,129.53875779165685
4690,6.064066271331056
4691,6.80898322536855
4692,4.444700101653378
4693,90.70417456429817
4694,4.473824132226108
4695,379.21976632437566
4696,4.624022018000596
4697,2.4956858307700798
4698,4.568221190065273
4699,3.4118096493403662
4700,101.37564798308276
4701,5.827547774427793
4702,1.9151625112362347
4703,3.639337556343313
4704,4.815787823331446
4705,282.92635215056106
4706,3.256059343436397
4707,4.981758518131311
4708,2.9628318831745526
4709,77.42708820301495
4710,165.5314677498806
4711,6.31060066910838
4712,228.15899775556034
4713,3.8929004672783227
4714,5.693428872684549
4715,79.84212163192996
4716,58.84322663629435
4717,7.133560187403155
4718,6.226306856732937
4719,179.09556651622168
4720,144.15801207044248
4721,6.140704229993737
4722,3.9283076534506174
4723,6.480805274451024
4724,75.10218993517887
4725,160.87681486443432
4726,3.816400071093674
4727,298.4008384952253
4728,239.02456266241217
4729,3.946854299568086
4730,181.88615455057203
4731,110.658000667592
4732,-27.038513519297467
4733,5.67660627396257
4734,6.265962465251956
4735,5.730191844898053
4736,3.0877876829829516
4737,64.19386587210262
4738,-7.071192894168851
4739,142.66429175635056
4740,308.4136971622232
4741,4.926846007717818
4742,97.88511488484633
4743,5.809750189466141
4744,248.8957497212922
4745,53.28268833915098
4746,4.092408618250273
4747,3.0350580787764176
4748,3.105522842460365
4749,5.897226413306433
4750,5.769536025790341
4751,4.075301754932498
4752,99.50067915366225
4753,143.94665109433924
4754,147.81360485074288
4755,4.114046314514148
4756,1.9850636393208116
4757,3.666671663964471
4758,77.52960652754767
4759,101.60474941103911
4760,4.431059522671229
4761,3.299359231559893
4762,173.95943664960674
4763,219.8310809973152
4764,2.4881599673296932
4765,325.67232568716224
4766,27.837929068955923
4767,43.845503125798025
4768,22.621966933572175
4769,-35.02265350479518
4770,29.06888945919983
4771,30.497552752574776
4772,4.09437988113467
4773,4.1641984016184495
4774,137.16679866471537
4775,2.500132487627698
4776,2.6284719340144527
4777,165.34056354884433
4778,5.302589119165591
4779,29.508938864277916
4780,2.031607466563802
4781,47.27065532455097
4782,4.459050816001583
4783,3.977343448830559
4784,2.649895032959574
4785,44.00884431247859
4786,64.81068293558728
4787,5.768869187971694
4788,3.9703238231296396
4789,3.4912928018649207
4790,131.56590875727997
4791,194.67893702566812
4792,4.556321586918469
4793,160.13122916638977
4794,64.52389669332314
4795,235.05679244986953
4796,3.2583893586127015
4797,158.74151888737538
4798,5.898342724104634
4799,4.151488008638074
4800,347.8921214693995
4801,3.7297521099294393
4802,4.742405281867134
4803,270.37724480485576
4804,1.8918196329644688
4805,259.5502207851594
4806,4.360411179592328
4807,3.149440746945799
4808,66.11933792212436
4809,74.13945565980427
4810,1.6626082738096026
4811,2.069452459820807
4812,5.404745305508878
4813,282.10416045493486
4814,242.4048550491762
4815,2.706120834085772
4816,2.490266979456391
4817,5.907875150584681
4818,1.683286800364542
4819,68.40095931929658
4820,2.464091215185761
4821,194.62009761448223
4822,109.8622002873363
4823,4.329289767084598
4824,2.974337658591546
4825,244.14408933155482
4826,5.157418323351446
4827,5.980056736072409
4828,213.14003458482978
4829,132.87579346144503
4830,96.39230796775777
4831,191.9689721872906
4832,6.876930504397673
4833,3.6943693072536017
4834,109.86305009525395
4835,3.4708500616729605
4836,6.513123343770731
4837,192.64413698596383
4838,38.08621849126191
4839,312.8753007842947
4840,3.148023520982208
4841,172.22525796465646
4842,31.288736360646432
4843,2.2172089770450065
4844,4.177579488342515
4845,4.770895691499445
4846,7.2519878470265535
4847,3.5402310369695362
4848,2.230225618085537
4849,4.644783895727905
4850,6.798642478301696
4851,5.761409881927202
4852,84.84578251143695
4853,286.6397224482358
4854,2.572917626572943
4855,3.4064332597181015
4856,171.3579620467589
4857,241.54427369117798
4858,315.84626166555785
4859,127.69317834683076
4860,245.79392720529032
4861,-22.09332598712326
4862,111.57338362459743
4863,7.0109630347728285
4864,5.640872681384279
4865,1.9393128092583294
4866,1.059919286138387
4867,3.326249743702557
4868,72.8823058917187
4869,0.7451145562361507
4870,129.98779275717172
4871,6.547590434894213
4872,2.2553293579041975
4873,302.5430917317059
4874,-12.095226679133768
4875,3.3721665424067284
4876,214.0925162022292
4877,6.416496999532937
4878,82.6352661092496
4879,72.27537380578127
4880,5.957013464789587
4881,6.072527166165379
4882,39.716313706928815
4883,1.8212619056828954
4884,97.31003383282027
4885,-69.73130284923342
4886,254.54831749243283
4887,4.887783898452066
4888,286.8394695222513
4889,30.51668109652657
4890,230.93788121777192
4891,136.66096667390036
4892,1.885100873116666
4893,5.867210349525262
4894,95.67534304708896
4895,6.667248685223347
4896,5.798684237071354
4897,6.558760880652699
4898,0.25416380276377026
4899,202.45487402408122
4900,2.636279186367832
4901,259.8396602752094
4902,4.219228952517031
4903,141.27021319981864
4904,395.3483949263432
4905,101.18807323822227
4906,151.8981895423215
4907,188.68721951950957
4908,4.55719634594391
4909,150.52908209131337
4910,170.18846730028244
4911,84.45417295322562
4912,5.24751619835863
4913,213.0847797764216
4914,188.59873409177177
4915,3.7533991574420384
4916,4.820182109245826
4917,6.318191085490401
4918,2.7381748360011477
4919,42.08397307775655
4920,1.9697391377847637
4921,-4.364378166063764
4922,172.69100098646462
4923,228.57400197331128
4924,6.232031664888533
4925,2.468112992098385
4926,1.3613238871878124
4927,5.820547298420346
4928,3.1555915708796807
4929,81.75336022274763
4930,90.41978516927057
4931,-20.12412055574734
4932,5.904239557920701
4933,249.48421495562894
4934,-60.353391594774806
4935,72.58139529969075
4936,249.42443663236202
4937,40.32198788635028
4938,87.63349393142005
4939,48.30877426872476
4940,3.751474716154668
