canon,target_type,fold
/C=C\C(C#N)C,egc,1
=CC2OC(C=)C3C(=O)N(c1cc(C(F)(F)F)cc(C(F)(F)F)c1)C(=O)C23,egc,0
C,egc,0
C,tg,0
C#CC#CCCCCCCCC,egc,2
C#CC(=C()COS(=O)(=O)c1ccc(cc1)C)COS(=O)(=O)c1ccc(cc1)C,tg,1
C#CC(=C()c1cnc2ccccc2c1)c1cnc2ccccc2c1,egb,0
C#CC=C,egc,2
C#Cc1c(F)c(F)c(C#Cc2cc(CCCCCC)c()s2)c(F)c1F,egc,1
C#Cc1cc(CCCCCC)c()s1,egc,0
C#Cc1cc(OCC(CC)CCCC)c(C#Cc2cc(OCCNCCCC)c()cc2OCCNCCCC)cc1OCC(CC)CCCC,egc,2
C#Cc1cc(OCCCCCC)c(C#Cc2ccc3c(-c4c(O)ccc5cc()ccc45)c(O)ccc3c2)cc1OCCCCCC,egc,1
C#Cc1sc(-c2sc()c3c2OCCO3)c2c1OCCO2,egc,0
C()(Cl)F,tg,2
C()(F)Cl,egc,1
C()(F)F,egc,0
C()C,egb,2
C()C(=O)OC,tg,1
C()C(=O)OC(C)C,tg,0
C()C(=O)OC1CCCCC1,tg,2
C()C(=O)OCC,tg,1
C()F,egc,0
C()O,egc,2
C(=C()C)SCCCCCC,tg,1
C(=C()C)[Ge](C)(C)C,tg,0
C(=C()C)[Si](C)(C)C,tg,2
C(=C()C)[Si](CC[Si](C)(C)C)(C)C,tg,1
C(=C()C)[Si](C[Si](C)(C)C)(C)C,tg,0
C(=C()C)c1ccccc1,tg,2
C(=C()Cl)CCCC,tg,1
C(=C()Cl)CCCCCCCC,tg,0
C(=C()Cl)c1ccccc1,tg,2
C(=C()c1ccccc1)CC,tg,1
C(=C()c1ccccc1)c1cc(ccc1)[Ge](C)(C)C,tg,0
C(=C()c1ccccc1)c1cc(ccc1)[Si](C)(C)C,tg,2
C(=C()c1ccccc1)c1ccc(cc1)C(C)(C)C,tg,1
C(=C()c1ccccc1)c1ccc(cc1)CCCC,tg,0
C(=C()c1ccccc1)c1ccc(cc1)Oc1ccccc1,tg,2
C(=C()c1ccccc1)c1ccc(cc1)[Si](C(C)C)(C(C)C)C(C)C,tg,1
C(=C()c1ccccc1)c1ccc(cc1)[Si](C)(C)C,tg,0
C(=C(C(C()(F)F)(C(F)(F)F)F)F)F,tg,2
C(=C(C(C()([2H])[2H])([2H])[2H])[2H])C([2H])([2H])[2H],tg,1
C(=C(C(C)(F)F)F)Cl,tg,0
C(=C(CC)c1ccccc1)c1ccccc1,tg,2
C(=C)C(C)(C)C,tg,1
C(=C)C(CCC)[Si](c1ccccc1)(C)C,tg,0
C(=C)C(CCCCCCC)[Si](C)(C)C,tg,2
C(=C)CCCOC(=O)c1c(ccc(c1)c1ccc(cc1)OC)c1ccc(cc1)OC,tg,1
C(=C)CCCOc1ccc(cc1)OC(=O)c1ccc(cc1)OCCCC,tg,0
C(=C)CCCOc1ccc(cc1)OC(=O)c1ccc(cc1)OCCCCCCCC,tg,2
C(=C)c1c(c(c(c(c1F)F)CCCC)F)F,tg,1
C(=C)c1c(cc(cc1C)C(C)(C)C)C,tg,0
C(=C)c1c(cccc1)C(F)(F)F,tg,2
C(=C)c1c(cccc1)C[Si](C)(C)C,tg,1
C(=C)c1c(cccc1)[Ge](C)(C)C,tg,0
C(=C)c1ccc(cc1)n1c(=O)c2cc3c(cc2c1=O)c(=O)n(c3=O)c1ccc(cc1)C#C,tg,2
C(=CC(C)C)C,tg,1
C(=CCC)C,tg,0
C(=CCC)C(C)(C)C,tg,2
C(=CCC)C(C)C,tg,1
C(=CCC)CCCCCCC,tg,0
C(=CCCC)c1ccc(cc1)OC,tg,2
C(=NCCCCCC)N()CCCCCC,egc,1
C(=O)()C1=CC=C(C=C1)C(=O)OC1=CC=C(C=C1)C2(C1=CC=CC=C1C(=O)O2)C1=CC=C(C=C1)O(),egc,0
C(=O)()C1=CC=C(C=C1)S(=O)(=O)C1=CC=C(C=C1)C(=O)OC1=CC=C(C=C1)C(C1=CC=CC=C1)(C1=CC=CC=C1)C1=CC=C(C=C1)O(),egc,2
C(=O)C(=S)OC()=S,egb,2
C(=O)C(=S)OC()=S,eps,2
C(=O)C(=S)OC()=S,nc,2
C(=O)C(C=C1)=CC=C1C(=S)C(C=C2)=CC=C2,egc,1
C(=O)C(C=C1)=CC=C1C(=S)O,egc,0
C(=O)C(C=C1)=CC=C1C(C=C2)=CC=C2C(S3)=CC=C3,egc,2
C(=O)C(C=C1)=CC=C1C(S2)=CC=C2C(C=C3)=CC=C3,egc,1
C(=O)C(C=C1)=CC=C1OC(S2)=CC=C2,egc,0
C(=O)C(F)(F)C(=O)C()(F)F,egb,2
C(=O)C(F)(F)CC()(F)F,eea,2
C(=O)C(F)(F)CC()(F)F,egb,2
C(=O)C(F)(F)CC()(F)F,ei,2
C(=O)C(F)(F)CC()(F)F,nc,2
C(=O)C(F)(F)NC()(F)F,egb,2
C(=O)C(F)(F)NC()(F)F,ei,2
C(=O)C(O)c1ccc()s1,egc,1
C(=O)C(S1)=CC=C1C(=O)C(=S),egc,0
C(=O)C(S1)=CC=C1C(=S)C(S2)=CC=C2,egc,2
C(=O)C(S1)=CC=C1C(C=C2)=CC=C2C(=S),egc,1
C(=O)C(S1)=CC=C1C(C=C2)=CC=C2O,egc,0
C(=O)C(S1)=CC=C1C(S2)=CC=C2C(=S),egc,2
C(=O)C(S1)=CC=C1C(S2)=CC=C2O,egc,1
C(=O)C(S1)=CC=C1OC(=S),egc,0
C(=O)C1CC(OC(=O)CCC)CN1,egc,2
C(=O)C1CC(OC(C)=O)CN1,egc,1
C(=O)C1CCCN1,egc,0
C(=O)CC,tg,2
C(=O)CC(F)(F)C()(F)F,egb,1
C(=O)CC(F)(F)C()(F)F,ei,1
C(=O)CC(F)(F)C()(F)F,nc,1
C(=O)CCCCC(=O)N1CCN()CC1,egc,1
C(=O)CCN(C)CCN(C)CCC(=O)N1CCN()CC1,egc,0
C(=O)CCN1CCN(CCC(=O)N2CCN()C(C)C2)CC1,egc,2
C(=O)CNC(=O)C1CCCN1C(=O)C1CCCN1,egc,1
C(=O)COCC(=O)N1CCN()CC1,egc,0
C(=O)N()C(C)C(C)=O,egc,2
C(=O)N1CC(=O)N(C(=O)c2ccc(N3C(=O)c4ccc()cc4C3=O)cc2)C1=O,egc,1
C(=O)NC(=O)NC(=O)NC(S1)=CC=C1N,egc,0
C(=O)NC(=O)c1ccc()cc1,eps,1
C(=O)NC(=O)c1ccc()cc1,nc,1
C(=O)NC(F)(F)C()(F)F,egb,0
C(=O)NC(F)(F)C()(F)F,ei,0
C(=O)NC(F)(F)C()(F)F,eps,0
C(=O)NC1CCCC()O1,egc,2
C(=O)NCCCCCCCCCCNC(=O)c1ccc()nc1,egc,1
C(=O)NCCCCCCNC(=O)C1=COC=C()O1,egc,0
C(=O)NCCCCCCNC(=O)C1COC()CO1,egc,2
C(=O)NCCCCCCNC(=O)N1CCN()CC1,egc,1
C(=O)NCCCCCCNC(=O)c1cc(O)cc()n1,egc,0
C(=O)NCCCCCCNC(=O)c1ccc()nc1,egc,2
C(=O)NCCCCCCNC(=O)c1cccc()n1,egc,1
C(=O)NCCCCCCNC(=O)c1cncc()c1,egc,0
C(=O)NCCCCCCNC(=O)c1cnn()c1,egc,2
C(=O)NNC(=O)C(=O)NNC(=O)c1cncc()n1,egc,1
C(=O)NNC(=O)c1cccc()n1,egc,0
C(=O)NNC(=O)c1cccc(C(=O)NNC(=O)c2ccc()nc2)n1,egc,2
C(=O)NNC(=O)c1cccc(C(=O)NNC(=O)c2cccc()n2)c1,egc,1
C(=O)NNC(=O)c1cccc(C(=O)NNC(=O)c2cnc()cn2)c1,egc,0
C(=O)NNC(=O)c1cncc(C(=O)NNC(=O)c2ccc()nc2)c1,egc,2
C(=O)Nc1cc(NC(=O)c2ccc()o2)c(N)cc1N,egc,1
C(=O)Nc1cc(NC(=O)c2ccc3[nH]c(-c4cccc(-c5nc6cc()ccc6[nH]5)c4)nc3c2)cc(-c2nc3ccccc3[nH]2)c1,egc,0
C(=O)Nc1ccc(-c2ccc(NC(=O)c3ccc4c(c3)C(=O)N(c3ccc(S(=O)(=O)c5ccc(N6C(=O)c7ccc()cc7C6=O)cc5)cc3)C4=O)cc2)cc1,egc,2
C(=O)Nc1ccc(C(=O)Nc2ccc(NC(=O)c3ccc4[nH]c(-c5ccc(-c6nc7cc()ccc7[nH]6)cc5)nc4c3)cc2)cc1,egc,1
C(=O)Nc1ccc(C(=O)Nc2ccc(NC(=O)c3ccc4[nH]c(-c5cccc(-c6nc7cc()ccc7[nH]6)c5)nc4c3)cc2)cc1,egc,0
C(=O)Nc1ccc(C2(c3ccc(N4C(=O)c5ccc()cc5C4=O)cc3)CC(C)CC(C)(C)C2)cc1,egc,2
C(=O)Nc1ccc(C2(c3ccc(N4C(=O)c5ccc()cc5C4=O)cc3)CCC(C(C)(C)C)CC2)cc1,egc,1
C(=O)Nc1ccc(C2(c3ccc(N4C(=O)c5ccc()cc5C4=O)cc3)CCC(C(C)(C)CC)CC2)cc1,egc,0
C(=O)Nc1ccc(C2(c3ccc(N4C(=O)c5ccc()cc5C4=O)cc3)CCC(CC)CC2)cc1,egc,2
C(=O)Nc1ccc(C2(c3ccc(N4C(=O)c5ccc()cc5C4=O)cc3)CCCCC2)cc1,egc,1
C(=O)Nc1ccc(Cc2ccc(N3C(=O)c4ccc()cc4C3=O)cc2)cc1,egc,0
C(=O)Nc1ccc(N2C(=O)c3ccc()cc3C2=O)cc1,egc,2
C(=O)Nc1ccc(NC(=O)c2ccc(NC(=O)c3ccc(-c4nc5cc()ccc5[nH]4)cc3)cc2)cc1,egc,1
C(=O)Nc1ccc(NC(=O)c2ccc3[nH]c(-c4cc(-c5nc6cc()ccc6[nH]5)cc(N5C(=O)c6ccccc6C5=O)c4)nc3c2)cc1,egc,0
C(=O)Nc1ccc(NC(=O)c2ccc3c(c2)C(=O)N(c2c(C)cc(C)c(N4C(=O)c5ccc()cc5C4=O)c2C)C3=O)cc1,egc,2
C(=O)Nc1ccc(NC(=O)c2ccc3c(c2)C(=O)N(c2cc(-c4nc5ccccc5s4)cc(N4C(=O)c5ccc()cc5C4=O)c2)C3=O)cc1,egc,1
C(=O)Nc1ccc(NC(=O)c2ccc3c(c2)C(=O)N(c2ccc(Oc4ccc(N5C(=O)c6ccc()cc6C5=O)cc4)cc2)C3=O)cc1,egc,0
C(=O)Nc1ccc(NC(=O)c2ccc3c(c2)C(=O)N(c2ccc(Oc4cccc5c(N6C(=O)c7ccc()cc7C6=O)cccc45)cc2)C3=O)cc1,egc,2
C(=O)Nc1ccc(NC(=O)c2ccc3c(c2)C(=O)N(c2ccc(S(=O)(=O)c4ccc(N5C(=O)c6ccc()cc6C5=O)cc4)cc2)C3=O)cc1,egc,1
C(=O)Nc1ccc(NC(=O)c2cccc(C(=O)Nc3ccc(N4C(=O)c5ccc()cc5C4=O)cc3)c2)cc1,egc,0
C(=O)Nc1ccc(Oc2ccc(N3C(=O)c4ccc()cc4C3=O)cc2)cc1,egc,2
C(=O)Nc1ccc(Oc2ccc(NC(=O)c3ccc4c(c3)C(=O)N(c3ccc(Oc5ccc(N6C(=O)c7ccc()cc7C6=O)cc5)cc3)C4=O)cc2)cc1,egc,1
C(=O)Nc1ccc(Oc2ccc(NC(=O)c3cccc()n3)cc2)cc1,egc,0
C(=O)Nc1ccc(S(=O)(=O)c2ccc(NC(=O)c3ccc4[nH]c(-c5cccc(-c6nc7cc()ccc7[nH]6)c5)nc4c3)cc2)cc1,egc,2
C(=O)Nc1ccc(S(=O)(=O)c2ccc(NC(=O)c3ccc4c(c3)C(=O)N(c3ccc(Oc5ccc(N6C(=O)c7ccc()cc7C6=O)cc5)cc3)C4=O)cc2)cc1,egc,1
C(=O)Nc1ccc(S(=O)(=O)c2ccc(NC(=O)c3ccc4c(c3)C(=O)N(c3ccc(S(=O)(=O)c5ccc(N6C(=O)c7ccc()cc7C6=O)cc5)cc3)C4=O)cc2)cc1,egc,0
C(=O)Nc1cccc(C(=O)Nc2cccc(NC(=O)c3ccc4[nH]c(-c5cccc(-c6nc7cc()ccc7[nH]6)c5)nc4c3)c2)c1,egc,2
C(=O)Nc1cccc(C=CC(=O)C=Cc2cccc(NC(=O)c3ccc(N4C(=O)c5ccc()cc5C4=O)cc3)c2)c1,egc,1
C(=O)Nc1cccc(NC(=O)c2ccc(-c3nc4cc()ccc4[nH]3)cc2)c1,egc,0
C(=O)Nc1cccc(NC(=O)c2ccc3[nH]c(-c4cccc(-c5nc6cc()ccc6[nH]5)c4)nc3c2)c1,egc,2
C(=O)Nc1cccc(NC(=O)c2ccc3[nH]c(-c4cccc(-c5nc6cc()ccc6[nH]5)c4)nc3c2)n1,egc,1
C(=O)Nc1cccc(NC(=O)c2ccc3c(c2)C(=O)N(c2ccc(S(=O)(=O)c4ccc(N5C(=O)c6ccc()cc6C5=O)cc4)cc2)C3=O)c1,egc,0
C(=O)Nc1cccc(NC(=O)c2cccc(NC(=O)c3ccc(-c4nc5cc()ccc5[nH]4)cc3)c2)c1,egc,2
C(=O)Nc1nc()c(C#N)n1C,egc,1
C(=O)Nc1nc(C#N)c()n1C,egc,0
C(=O)OC(=O)O,egc,2
C(=O)OC(C=C1)=CC=C1C(=S),egc,1
C(=O)OC1=NCCN1,egc,0
C(=O)OC1CC()N(C(=O)OCc2ccccc2)C1,egc,2
C(=O)OC1CC2CC(OC(=O)N3CCN()CC3)CC(C1)O2,egc,1
C(=O)OC1CCC(OC(=O)N2CCN()CC2)CC1,egc,0
C(=O)OCC(C)(C)COC(=O)N1CC(C)N()CC1C,egc,2
C(=O)OCC(C)(C)COC(=O)N1CCN()C(C)C1,egc,1
C(=O)OCC1CC1COC(=O)N1CCN()CC1,egc,0
C(=O)OCCCCCCCCCCCCOC(=O)c1ccc(N2C(=O)c3ccc()cc3C2=O)cc1,egc,2
C(=O)OCCCCCCOC(=O)N1CCN()CC1,egc,1
C(=O)OCCCCOC(=O)N1CCN()CC1,egb,0
C(=O)OCCCCOC(=O)N1CCN()CC1,egc,0
C(=O)OCCOC(=O)N1CC(C)N()CC1C,egc,0
C(=O)OCCOC(=O)N1CCN()CC1,egc,2
C(=O)Oc1ccc(-c2ccc(OC(=O)c3ccc4c(c3)C(=O)N(c3ccc(Oc5ccc(N6C(=O)c7ccc()cc7C6=O)cc5)cc3)C4=O)cc2)cc1,egc,1
C(=O)Oc1ccc(C()=S)cc1,eea,2
C(=O)Oc1ccc(C()=S)cc1,egb,2
C(=O)Oc1ccc(C()=S)cc1,ei,2
C(=O)Oc1ccc(C()=S)cc1,eps,2
C(=O)Oc1ccc(C()=S)cc1,nc,2
C(=O)Oc1ccc(C()=S)s1,eea,1
C(=O)Oc1ccc(C()=S)s1,egb,1
C(=O)Oc1ccc(C()=S)s1,ei,1
C(=O)Oc1ccc(C()=S)s1,eps,1
C(=O)Oc1ccc(OC(=O)N2CCN()CC2)cc1,egc,0
C(=O)Oc1ccc(OC(=O)c2ccc3c(c2)C(=O)N(c2ccc(Oc4ccc(N5C(=O)c6ccc()cc6C5=O)cc4)cc2)C3=O)c(-c2ccccc2)c1,egc,2
C(=O)Oc1ccc(OC(=O)c2ccc3c(c2)C(=O)N(c2ccc(Oc4ccc(N5C(=O)c6ccc()cc6C5=O)cc4)cc2)C3=O)cc1,egc,1
C(=O)Oc1ccc(OC(=O)c2ccc3c(c2)C(=O)N(c2ccc(Sc4ccc(N5C(=O)c6ccc()cc6C5=O)cc4)cc2)C3=O)cc1,egc,0
C(=O)Oc1ccc2ccc(OC(=O)c3ccc4c(c3)C(=O)N(c3ccc(Oc5ccc(N6C(=O)c7ccc()cc7C6=O)cc5)cc3)C4=O)cc2c1,egc,2
C(=O)SSCCCCCCSSC(=O)N1CCN()CC1,egc,1
C(=O)SSCCCCSSC(=O)N1CCN()CC1,egc,0
C(=O)c1ccc(-c2ccc(-c3ccc()cc3)cc2)cc1,egb,2
C(=O)c1ccc(-c2ccc(-c3ccc()cc3)cc2)cc1,ei,2
C(=O)c1ccc(-c2ccc(-c3ccc()cc3)cc2)cc1,eps,2
C(=O)c1ccc(-c2ccc(-c3ccc()cc3)s2)cc1,ei,2
C(=O)c1ccc(-c2ccc(-c3ccc()cc3)s2)cc1,nc,2
C(=O)c1ccc(-c2ccc(-c3ccc()s3)cc2)cc1,eea,1
C(=O)c1ccc(-c2ccc(-c3ccc()s3)cc2)cc1,ei,1
C(=O)c1ccc(-c2ccc(-c3ccc()s3)cc2)cc1,eps,1
C(=O)c1ccc(-c2ccc(-c3ccc()s3)cc2)s1,nc,2
C(=O)c1ccc(-c2ccc(-c3ccc()s3)s2)cc1,eea,0
C(=O)c1ccc(-c2ccc(-c3ccc()s3)s2)cc1,ei,0
C(=O)c1ccc(-c2ccc(-c3ccc()s3)s2)cc1,nc,0
C(=O)c1ccc(-c2ccc(-c3ccc()s3)s2)s1,ei,2
C(=O)c1ccc(-c2ccc(-c3ccc()s3)s2)s1,eps,2
C(=O)c1ccc(-c2ccc(-c3ccc()s3)s2)s1,nc,2
C(=O)c1ccc(-c2ccc(C()=S)cc2)cc1,ei,1
C(=O)c1ccc(-c2ccc(C()=S)cc2)cc1,eps,1
C(=O)c1ccc(-c2ccc(C()=S)cc2)cc1,nc,1
C(=O)c1ccc(-c2ccc(C()=S)cc2)s1,egb,1
C(=O)c1ccc(-c2ccc(C()=S)cc2)s1,eps,1
C(=O)c1ccc(-c2ccc(C()=S)s2)cc1,ei,0
C(=O)c1ccc(-c2ccc(C()=S)s2)cc1,eps,0
C(=O)c1ccc(-c2ccc(C()=S)s2)cc1,nc,0
C(=O)c1ccc(-c2ccc(C()=S)s2)s1,eea,0
C(=O)c1ccc(-c2ccc(C()=S)s2)s1,egb,0
C(=O)c1ccc(-c2ccc(C()=S)s2)s1,ei,0
C(=O)c1ccc(-c2ccc(C()=S)s2)s1,eps,0
C(=O)c1ccc(C(=O)C()=S)cc1,eea,2
C(=O)c1ccc(C(=O)C()=S)cc1,egb,2
C(=O)c1ccc(C(=O)C()=S)cc1,ei,2
C(=O)c1ccc(C(=O)C()=S)cc1,nc,2
C(=O)c1ccc(C(=O)C()=S)s1,eea,0
C(=O)c1ccc(C(=O)C()=S)s1,ei,0
C(=O)c1ccc(C(=O)N(C)N()C)cc1,egc,1
C(=O)c1ccc(C(=O)N(C)c2ccc(Cl)c(N()C)c2)cc1,egc,0
C(=O)c1ccc(C(=O)N2CCN()CC2)cc1,egb,2
C(=O)c1ccc(C(=O)N2CCN()CC2)cc1,egc,2
C(=O)c1ccc(C(=O)c2ccc()cc2)cc1,eea,1
C(=O)c1ccc(C(=O)c2ccc()cc2)cc1,egb,1
C(=O)c1ccc(C(=O)c2ccc()cc2)cc1,ei,1
C(=O)c1ccc(C(=O)c2ccc()cc2)cc1,eps,1
C(=O)c1ccc(C(=O)c2ccc()cc2)cc1,nc,1
C(=O)c1ccc(C(=O)c2ccc()s2)cc1,ei,2
C(=O)c1ccc(C(=O)c2ccc()s2)s1,egb,1
C(=O)c1ccc(C(=O)c2ccc()s2)s1,nc,1
C(=O)c1ccc(C(=S)c2ccc()cc2)cc1,eea,0
C(=O)c1ccc(C(=S)c2ccc()cc2)cc1,ei,0
C(=O)c1ccc(C(=S)c2ccc()s2)cc1,eea,2
C(=O)c1ccc(C(=S)c2ccc()s2)cc1,eps,2
C(=O)c1ccc(C(=S)c2ccc()s2)s1,eea,1
C(=O)c1ccc(C(=S)c2ccc()s2)s1,ei,1
C(=O)c1ccc(C(=S)c2ccc()s2)s1,eps,1
C(=O)c1ccc(C(=S)c2ccc()s2)s1,nc,1
C(=O)c1ccc(N()CCCCCCCC)cc1,egc,1
C(=O)c1ccc(N=Nc2ccc(C(=O)N3C(=O)N()C(CC)(CC)C3=O)cc2)cc1,egc,0
C(=O)c1ccc(NC(=S)Oc2ccc(Nc3ccc()s3)s2)s1,eea,2
C(=O)c1ccc(NC(=S)Oc2ccc(Nc3ccc()s3)s2)s1,egb,2
C(=O)c1ccc(NC(=S)Oc2ccc(Nc3ccc()s3)s2)s1,nc,2
C(=O)c1ccc(OC()=S)cc1,eea,0
C(=O)c1ccc(OC()=S)cc1,ei,0
C(=O)c1ccc(OC()=S)cc1,eps,0
C(=O)c1ccc(OC()=S)cc1,nc,0
C(=O)c1ccc(OC()=S)s1,nc,2
C(=O)c1ccc(Oc2ccc()s2)cc1,ei,1
C(=O)c1ccc(Oc2ccc()s2)cc1,nc,1
C(=O)c1ccc(Oc2ccc()s2)s1,eea,0
C(=O)c1ccc(Oc2ccc()s2)s1,egb,0
C(=O)c1ccc2c(c1)C(=Nc1ccc(Oc3cccc(N=C4OC(=O)c5ccc()cc54)c3)cc1)OC2=O,egc,1
C(=O)c1ccc2c(c1)C(=O)N(c1cc(-c3nc4ccccc4s3)cc(N3C(=O)c4ccc()cc4C3=O)c1)C2=O,egc,0
C(=O)c1ccc2c(c1)C(=O)N(c1ccc(-c3ccc(-c4ccc(N5C(=O)c6ccc()cc6C5=O)cc4)cc3)cc1)C2=O,egc,2
C(=O)c1ccc2c(c1)C(=O)N(c1ccc(-c3ccc(N4C(=O)c5ccc()cc5C4=O)cc3C)c(C)c1)C2=O,egc,1
C(=O)c1ccc2c(c1)C(=O)N(c1ccc(-c3nc(-c4ccccc4)nc(-c4ccc(N5C(=O)c6ccc()cc6C5=O)cc4)n3)cc1)C2=O,egc,0
C(=O)c1ccc2c(c1)C(=O)N(c1ccc(C(=O)N(C)c3ccc(N4C(=O)c5ccc()cc5C4=O)cc3)cc1)C2=O,egc,2
C(=O)c1ccc2c(c1)C(=O)N(c1ccc(C(C)(C)c3ccc(C(C)(C)c4ccc(N5C(=O)c6ccc()cc6C5=O)cc4)cc3)cc1)C2=O,egc,1
C(=O)c1ccc2c(c1)C(=O)N(c1ccc(C(c3ccc(N4C(=O)c5ccc()cc5C4=O)cc3)(C(F)(F)F)C(F)(F)F)cc1)C2=O,egc,0
C(=O)c1ccc2c(c1)C(=O)N(c1ccc(C(c3ccccc3)(c3ccc(N4C(=O)c5ccc()cc5C4=O)cc3)C(F)(F)F)cc1)C2=O,egc,2
C(=O)c1ccc2c(c1)C(=O)N(c1ccc(C(c3ccccc3)c3ccc(N4C(=O)c5ccc()cc5C4=O)cc3)cc1)C2=O,egc,1
C(=O)c1ccc2c(c1)C(=O)N(c1ccc(Cc3ccc(N4C(=O)c5ccc()cc5C4=O)cc3)cc1)C2=O,egc,0
C(=O)c1ccc2c(c1)C(=O)N(c1ccc(N(c3ccc(C#N)cc3)c3ccc(N4C(=O)c5ccc()cc5C4=O)cc3)cc1)C2=O,egc,2
C(=O)c1ccc2c(c1)C(=O)N(c1ccc(N3C(=O)c4ccc()cc4C3=O)cc1)C2=O,egc,1
C(=O)c1ccc2c(c1)C(=O)N(c1ccc(N3C(=O)c4ccc()cc4C3=O)nc1)C2=O,egc,0
C(=O)c1ccc2c(c1)C(=O)N(c1ccc(OCC(C)(C)COc3ccc(N4C(=O)c5ccc()cc5C4=O)cc3)cc1)C2=O,egc,2
C(=O)c1ccc2c(c1)C(=O)N(c1ccc(OCCOCCOCCOc3ccc(N4C(=O)c5ccc()cc5C4=O)cc3)cc1)C2=O,egc,1
C(=O)c1ccc2c(c1)C(=O)N(c1ccc(OCCOc3ccc(N4C(=O)c5ccc()cc5C4=O)cc3)cc1)C2=O,egc,0
C(=O)c1ccc2c(c1)C(=O)N(c1ccc(Oc3cc4ccccc4cc3Oc3ccc(N4C(=O)c5ccc()cc5C4=O)cc3)cc1)C2=O,egc,2
C(=O)c1ccc2c(c1)C(=O)N(c1ccc(Oc3ccc(N4C(=O)c5ccc()cc5C4=O)cc3Br)c(Br)c1)C2=O,egc,1
C(=O)c1ccc2c(c1)C(=O)N(c1ccc(Oc3ccc(S(=O)(=O)c4ccc(Oc5ccc(N6C(=O)c7ccc()cc7C6=O)cc5)cc4)cc3)cc1)C2=O,egc,0
C(=O)c1ccc2c(c1)C(=O)N(c1ccc(Oc3cccc(N4C(=O)c5ccc()cc5C4=O)c3)cc1)C2=O,egc,2
C(=O)c1ccc2c(c1)C(=O)N(c1ccc(Oc3cccc(Oc4ccc(N5C(=O)c6ccc()cc6C5=O)cc4)c3)cc1)C2=O,egc,1
C(=O)c1ccc2c(c1)C(=O)N(c1ccc(Oc3ccccc3Oc3ccc(N4C(=O)c5ccc()cc5C4=O)cc3)cc1)C2=O,egc,0
C(=O)c1ccc2c(c1)C(=O)N(c1ccc(Sc3ccc(N4C(=O)c5ccc()cc5C4=O)cc3)cc1)C2=O,egc,2
C(=O)c1ccc2c(c1)C(=O)N(c1ccc3c(c1)C(=O)c1cc(N4C(=O)c5ccc()cc5C4=O)ccc1-3)C2=O,egc,1
C(=O)c1ccc2c(c1)C(=O)N(c1cccc(C(=O)N(C)c3ccc(N4C(=O)c5ccc()cc5C4=O)cc3)c1)C2=O,egc,0
C(=O)c1ccc2c(c1)C(=O)N(c1cccc(C(=O)Nc3ccc(N4C(=O)c5ccc()cc5C4=O)cc3)c1)C2=O,egc,2
C(=O)c1ccc2c(c1)C(=O)N(c1cccc(Cc3ccc(C(=O)c4ccc(N5C(=O)c6ccc()cc6C5=O)cc4)cc3)c1)C2=O,egc,1
C(=O)c1ccc2c(c1)C(=O)N(c1cccc(N3C(=O)c4ccc()cc4C3=O)c1C)C2=O,egc,0
C(=O)c1ccc2c(c1)C(=O)N(c1cccc(Nc3ncnc(Nc4cccc(N5C(=O)c6ccc()cc6C5=O)c4)n3)c1)C2=O,egc,2
C(=O)c1ccc2nc(-c3ccc(-c4cnc5cc()ccc5n4)cc3)cnc2c1,egc,1
C(=O)c1ccc2nc(-c3ccc(-c4nc5ccc()cc5nc4-c4ccccc4)cc3)c(-c3ccccc3)nc2c1,egc,0
C(=O)c1ccc2nc(-c3ccccc3)c(-c3ccc(-c4nc5cc()ccc5nc4-c4ccccc4)cc3)nc2c1,egc,2
C(=O)c1ccc2nc(-c3ccccc3)c(-c3ccc(-c4nc5ccc()cc5nc4-c4ccccc4)cc3)nc2c1,egc,1
C(=O)c1cccc(C(=O)N(C)c2cccc(N()C)c2)c1,egc,0
C(=O)c1cccc(C(=O)N2CCN()CC2)c1,egc,2
C(=O)c1cccc(C(=O)N2COCN2)c1,egc,1
C(=O)c1cccc(C(=O)c2ccc3c(c2)C(=Nc2cccc(N=C4OC(=O)c5cc()ccc54)c2)OC3=O)c1,egc,0
C(=O)c1cccc(C(=O)c2ccc3c(c2)C(=O)N(c2ccc(Oc4ccc(N5C(=O)c6ccc()cc6C5=O)cc4)cc2)C3=O)c1,egc,2
C(=S)C(=O)C(F)(F)C()(F)F,eea,2
C(=S)C(=O)C(F)(F)C()(F)F,ei,2
C(=S)C(=O)CCNc1ccc(C(=S)c2ccc()cc2)cc1,ei,1
C(=S)C(=O)CCNc1ccc(C(=S)c2ccc()cc2)cc1,eps,1
C(=S)C(=O)CCNc1ccc(C(=S)c2ccc()cc2)cc1,nc,1
C(=S)C(F)(F)CC()(F)F,ei,0
C(=S)C(F)(F)CC()(F)F,eps,0
C(=S)C(F)(F)CC()(F)F,nc,0
C(=S)C(F)(F)NC()(F)F,ei,2
C(=S)C(F)(F)NC()(F)F,eps,2
C(=S)C(F)(F)NC()(F)F,nc,2
C(=S)C(F)(F)c1ccc(C()(F)F)cc1,eea,1
C(=S)C(F)(F)c1ccc(C()(F)F)cc1,eps,1
C(=S)C(F)(F)c1ccc(C()(F)F)cc1,nc,1
C(=S)C(F)(F)c1ccc(C()(F)F)s1,eea,1
C(=S)C(F)(F)c1ccc(C()(F)F)s1,eps,1
C(=S)CC(F)(F)C()(F)F,eea,0
C(=S)CC(F)(F)C()(F)F,egb,0
C(=S)NC(F)(F)C()(F)F,ei,0
C(=S)NC(F)(F)C()(F)F,eps,0
C(=S)NC(F)(F)C()(F)F,nc,0
C(=S)OC(=S)c1ccc()cc1,eea,2
C(=S)OC(=S)c1ccc()cc1,egb,2
C(=S)OC(=S)c1ccc()s1,eps,1
C(=S)OC(=S)c1ccc()s1,nc,1
C(=S)Oc1ccc(-c2ccc()cc2)s1,egb,2
C(=S)Oc1ccc(-c2ccc()cc2)s1,ei,2
C(=S)Oc1ccc(-c2ccc()cc2)s1,eps,2
C(=S)Oc1ccc(-c2ccc()cc2)s1,nc,2
C(=S)Oc1ccc(-c2ccc()s2)s1,egb,0
C(=S)Oc1ccc(-c2ccc()s2)s1,nc,0
C(=S)c1ccc(-c2ccc(-c3ccc()cc3)cc2)cc1,eea,2
C(=S)c1ccc(-c2ccc(-c3ccc()cc3)cc2)cc1,egb,2
C(=S)c1ccc(-c2ccc(-c3ccc()cc3)cc2)cc1,eps,2
C(=S)c1ccc(-c2ccc(-c3ccc()cc3)cc2)s1,eps,1
C(=S)c1ccc(-c2ccc(-c3ccc()cc3)s2)cc1,eea,2
C(=S)c1ccc(-c2ccc(-c3ccc()cc3)s2)cc1,egb,2
C(=S)c1ccc(C(=S)c2ccc()cc2)cc1,eea,1
C(=S)c1ccc(C(=S)c2ccc()cc2)cc1,egb,1
C(=S)c1ccc(C(=S)c2ccc()cc2)cc1,ei,1
C(=S)c1ccc(C(=S)c2ccc()cc2)cc1,nc,1
C(=S)c1ccc(C(=S)c2ccc()cc2)s1,egb,1
C(=S)c1ccc(C(=S)c2ccc()cc2)s1,eps,1
C(=S)c1ccc(C(=S)c2ccc()cc2)s1,nc,1
C(=S)c1ccc(C(F)(F)C()(F)F)cc1,egb,0
C(=S)c1ccc(C(F)(F)C()(F)F)cc1,ei,0
C(=S)c1ccc(C(F)(F)C()(F)F)cc1,nc,0
C(=S)c1ccc(C(F)(F)C()(F)F)s1,eea,0
C(=S)c1ccc(C(F)(F)C()(F)F)s1,egb,0
C(=S)c1ccc(C(F)(F)C()(F)F)s1,eps,0
C(=S)c1ccc(C(F)(F)C()(F)F)s1,nc,0
C(Br)=C(c1ccccc1)c1ccc()cc1,egc,0
C(C#N)=C(C#N)n1c(=O)c2cc3c(=O)n()c(=O)c3cc2c1=O,egc,2
C(C#N)=C(c1ccccc1)c1ccc()cc1,egb,1
C(C#N)C()(C#N)C#N,egb,0
C(C()(C(=C([2H])[2H])[2H])[2H])([2H])[2H],tg,2
C(C()(C(=O)OC([2H])([2H])[2H])C([2H])([2H])[2H])([2H])[2H],tg,1
C(C()(Cl)[2H])([2H])[2H],tg,0
C(C()(F)F)(C(C(C(C(C(F)(F)F)(F)F)(F)F)(F)F)(F)F)F,tg,2
C(C()(F)F)(OC(C(C(C(F)(F)F)(F)F)(F)F)(F)F)F,tg,1
C(C()(F)F)(c1c(c(c(c(c1F)F)F)F)F)F,tg,0
C(C()(F)F)OC(F)(F)F,tg,2
C(C()(c1c(c(c(c(c1[2H])[2H])[2H])[2H])[2H])[2H])([2H])[2H],tg,1
C(C()C(=O)OC(C)(C)C)C(=O)OC,tg,0
C(C()C(=O)OC12CC3CC(CC(C1)C3)C2)C,tg,2
C(C(=O)C)c1ccc(cc1)C(C)(C)C,tg,1
C(C(C(C)C#N)CCC(O)(C)C=C)(C)C,tg,0
C(C(C(C)OC(=O)C)CCC(O)(C)C=C)(C)C,tg,2
C(C(C(C)OCC(C)C)(C(=O)OC)C)(C(=O)OC)C,tg,1
C(C(C(C)OCC)C(=O)OC)C(=O)OC,tg,0
C(C(C(C)OCCCC)C(=O)OC)C(=O)OC,tg,2
C(C(C(C)c1ncccc1)c1ccccc1)c1ncccc1,tg,1
C(C(C)C)(C)C,tg,0
C(C(CC)(C)C)(C)C,tg,2
C(C(CC)(F)F)(F)F,tg,1
C(C(CC)C)(C(=O)OC)C,tg,0
C(C(CC)C)C,tg,2
C(C(CC)[2H])([2H])C,tg,1
C(C(CC)c1ccccc1)c1ccccc1,tg,0
C(C(CCCC)c1ccc(cc1)O)c1c(cc(cc1)O)C,tg,2
C(C(CCCCCC)Cl)Cl,tg,1
C(C(CCCCCCC)c1ccc(cc1)O)c1c(cc(cc1)O)C,tg,0
C(C(CCCCCCCCC)c1ccc(cc1)O)c1c(cc(cc1)O)C,tg,2
C(C(CCCCCCCCCC)Cl)Cl,tg,1
C(C(CCCCCCCCCC)c1ccc(cc1)O)c1c(cc(cc1)O)C,tg,0
C(C)(C(=O)C)F,tg,2
C(C)(C(=O)NC(=O)OC(COc1ccc(cc1)S(=O)(=O)c1ccc(cc1)OCC(O)C)C)C,tg,1
C(C)(C(=O)NC(=O)OCCOc1ccc(cc1)S(=O)(=O)c1ccc(cc1)OCCO)C,tg,0
C(C)(C(=O)NC(=O)Oc1ccc(cc1)S(=O)(=O)c1ccc(cc1)O)C,tg,2
C(C)(C(=O)NC(c1ccccc1)C)C,tg,1
C(C)(C(=O)NC1C(OC(C(C1O)O)CO)O)C,tg,0
C(C)(C(=O)Nc1cc(ccc1)c1oc(nn1)c1ccccc1)C,tg,2
C(C)(C(=O)O)C,tg,1
C(C)(C(=O)OC(C(C(C(C(C(C(C(F)(F)F)(F)F)(F)F)(F)F)(F)F)(F)F)(F)F)(F)F)C,tg,0
C(C)(C(=O)OC(C(C)(C)C)C)C,tg,2
C(C)(C(=O)OC(C(F)(F)F)C(F)(F)F)C,tg,1
C(C)(C(=O)OC(C)C)C,tg,0
C(C)(C(=O)OC(C)C)C#N,tg,2
C(C)(C(=O)OC(COc1c2c(ccc1)cccc2)COc1c2c(ccc1)cccc2)C,tg,1
C(C)(C(=O)OC(COc1c2ccccc2c2ccccc2c1)COc1c2ccccc2c2ccccc2c1)C,tg,0
C(C)(C(=O)OC(COc1ccc(cc1)c1ccccc1)COc1ccc(cc1)c1ccccc1)C,tg,2
C(C)(C(=O)OC)C,tg,1
C(C)(C(=O)OC)C#N,tg,0
C(C)(C(=O)OC)Cl,tg,2
C(C)(C(=O)OC)F,tg,1
C(C)(C(=O)OC)c1ccccc1,tg,0
C(C)(C(=O)OC1(C2CC3CC(CC1C3)C2)C)C,tg,2
C(C)(C(=O)OC1(CC(=O)OCC1)C)C,tg,1
C(C)(C(=O)OC12CC3(CC(CC(C1)C3)(C2)C)C)C,tg,0
C(C)(C(=O)OC12CC3(CC(CC(C1)C3)(C2)C)C)CC(=O)OC,tg,2
C(C)(C(=O)OC12CC3CC(CC(C1)C3)C2)C,tg,1
C(C)(C(=O)OC1C(CCC(C1)C)C(C)C)C,tg,0
C(C)(C(=O)OC1C(CCCC1)C)C,tg,2
C(C)(C(=O)OC1CC(CC(C1)C)(C)C)C,tg,1
C(C)(C(=O)OC1CCC(CC1)C)C,tg,0
C(C)(C(=O)OC1CCC1)C,tg,2
C(C)(C(=O)OC1CCCC1)C,tg,1
C(C)(C(=O)OC1CCCCCCCCC1)C,tg,0
C(C)(C(=O)OC1CCCCCCCCCCC1)C,tg,2
C(C)(C(=O)OC1CCOCC1)C,tg,1
C(C)(C(=O)OCC#C)C,tg,0
C(C)(C(=O)OCC#CO[Si](C)(C)C)C,tg,2
C(C)(C(=O)OCC#N)C,tg,1
C(C)(C(=O)OCC(=O)N1CCOCC1)C,tg,0
C(C)(C(=O)OCC(=O)Nc1noc(c1)C)C,tg,2
C(C)(C(=O)OCC(=O)c1ccccc1)C,tg,1
C(C)(C(=O)OCC(C(C(C(C(C(C(C(F)F)(F)F)(F)F)(F)F)(F)F)(F)F)(F)F)(F)F)C,tg,0
C(C)(C(=O)OCC(C(C(C(F)F)(F)F)(F)F)(F)F)C,tg,2
C(C)(C(=O)OCC(C(C(F)(F)F)(F)F)(F)F)F,tg,1
C(C)(C(=O)OCC(C(F)(F)F)(F)F)C,tg,0
C(C)(C(=O)OCC(C(F)(F)F)(F)F)F,tg,2
C(C)(C(=O)OCC(C(F)F)(F)F)C,tg,1
C(C)(C(=O)OCC(C)(C)C)C,tg,0
C(C)(C(=O)OCC(C)C)C#N,tg,2
C(C)(C(=O)OCC(F)(F)F)C,tg,1
C(C)(C(=O)OCC(F)(F)F)F,tg,0
C(C)(C(=O)OCC(O)C)C,tg,2
C(C)(C(=O)OCC(Oc1ccc(cc1)c1ccc(cc1)c1ccc(cc1)C#N)C)C,tg,1
C(C)(C(=O)OCC)C,tg,0
C(C)(C(=O)OCC)CC,tg,2
C(C)(C(=O)OCC)CF,tg,1
C(C)(C(=O)OCC)Cl,tg,0
C(C)(C(=O)OCC)F,tg,2
C(C)(C(=O)OCC1(COCOC1)C)C,tg,1
C(C)(C(=O)OCC1CCC1)C,tg,0
C(C)(C(=O)OCC1N(CC(C1)NC(=O)OC(C)(C)C)C(=O)OC(C)(C)C)C,tg,2
C(C)(C(=O)OCC1OC(C(C1O)O)n1c(=O)[nH]c(=O)cc1)C,tg,1
C(C)(C(=O)OCC1OC(OC1)CP(=O)(OCC)OCC)C,tg,0
C(C)(C(=O)OCC1OC(OC1)c1ccccc1)C,tg,2
C(C)(C(=O)OCC1OC1)C,tg,1
C(C)(C(=O)OCC1OCCC1)C,tg,0
C(C)(C(=O)OCC1OCCOCCOCCOC1)C,tg,2
C(C)(C(=O)OCCC#N)C,tg,1
C(C)(C(=O)OCCC(C(C(C(C(C(C(C(F)(F)F)(F)F)(F)F)(F)F)(F)F)(F)F)(F)F)(F)F)Cl,tg,0
C(C)(C(=O)OCCC(C(C(C(C(C(C(C(F)(F)F)(F)F)(F)F)(F)F)(F)F)(F)F)(F)F)(F)F)F,tg,2
C(C)(C(=O)OCCC(C(C(C(C(C(F)(F)F)(F)F)(F)F)(F)F)(F)F)(F)F)F,tg,1
C(C)(C(=O)OCCC(C(C(C(F)(F)F)(F)F)(F)F)(F)F)C,tg,0
C(C)(C(=O)OCCC(CC(C)(C)C)C)C,tg,2
C(C)(C(=O)OCCC)Cl,tg,1
C(C)(C(=O)OCCC)F,tg,0
C(C)(C(=O)OCCC1CCCCC1)C,tg,2
C(C)(C(=O)OCCC1CCN(CC1)CCCCCCOc1ccc(cc1)N=Nc1ccc(cc1)[N+](=O)[O-])C,tg,1
C(C)(C(=O)OCCCC)Cl,tg,0
C(C)(C(=O)OCCCCC(C(C(C(C(C(F)(F)F)(F)F)(F)F)(F)F)(F)F)(F)F)C,tg,2
C(C)(C(=O)OCCCCCC(=O)Oc1ccc(cc1)OC(=O)c1ccc(cc1)OC)C,tg,1
C(C)(C(=O)OCCCCCC(=O)Oc1ccc(cc1)OC(=O)c1ccc(cc1)OCCCC)C,tg,0
C(C)(C(=O)OCCCCCC)C,tg,2
C(C)(C(=O)OCCCCCCC(C(C(C(C(C(C(C(C(C(C(C(F)(F)F)(F)F)(F)F)(F)F)(F)F)(F)F)(F)F)(F)F)(F)F)(F)F)(F)F)(F)F)C,tg,1
C(C)(C(=O)OCCCCCCC)C#N,tg,0
C(C)(C(=O)OCCCCCCCC)C,tg,2
C(C)(C(=O)OCCCCCCCC/C=C\CCCCCCCC)C,tg,1
C(C)(C(=O)OCCCCCCCCCCCC)C,tg,0
C(C)(C(=O)OCCCCCCCCCCCCCC)C,tg,2
C(C)(C(=O)OCCCCCCCCCCCCCCC(=O)NC1OC(C(C(C1O)O)OC1OC(C(C(C1O)O)O)CO)CO)C,tg,1
C(C)(C(=O)OCCCCCCCCCCCCCCCC[n+]1ccc(cc1)N(C)C)C,tg,0
C(C)(C(=O)OCCCCCCCCCCCCOc1cc2c(cc1)cc(cc2)C(=O)Oc1ccccc1)C,tg,2
C(C)(C(=O)OCCCCCCCCCCCCOc1ccc(cc1)C(=O)Oc1ccc(cc1)c1cc(ccc1)OC(=O)c1ccc(cc1)OC(=O)c1ccc(cc1)OCCCCCCCCCCCC)C,tg,1
C(C)(C(=O)OCCCCCCCCCCCOc1cc2c(cc1)cc(cc2)C(=O)Oc1ccccc1)C,tg,0
C(C)(C(=O)OCCCCCCCCCCCOc1ccc(cc1)C(=O)Oc1ccc(cc1)C#N)C,tg,2
C(C)(C(=O)OCCCCCCCCCCCOc1ccc(cc1)C=Nc1ccc(cc1)C#N)C,tg,1
C(C)(C(=O)OCCCCCCCCCCCn1c2ccccc2c2ccccc12)C,tg,0
C(C)(C(=O)OCCCCCCCCCCOc1ccc(cc1)C#Cc1c(cc(c(c1)C)C=Cc1ccncc1)C)C,tg,2
C(C)(C(=O)OCCCCCCCCCCOc1ccc(cc1)C#Cc1c(cc(c(c1)OC)C=Cc1ccncc1)OC)C,tg,1
C(C)(C(=O)OCCCCCCCCCCOc1ccc(cc1)C(=O)Oc1ccc(cc1)C(=O)C=Cc1c(c2c(n1C)cccc2)C)C,tg,0
C(C)(C(=O)OCCCCCCCCCCOc1ccc(cc1)C(=O)Oc1ccc(cc1)C(=O)C=Cc1c(c2c(n1CCCC)cccc2)C)C,tg,2
C(C)(C(=O)OCCCCCCCCCCOc1ccc(cc1)N=Nc1ccc(cc1)C#N)C,tg,1
C(C)(C(=O)OCCCCCCCCCCOc1ccc(cc1)N=Nc1ccc(cc1)Cl)C,tg,0
C(C)(C(=O)OCCCCCCCCCCOc1ccc(cc1)N=Nc1ccc(cc1)OC)C,tg,2
C(C)(C(=O)OCCCCCCCCCCOc1ccc(cc1)N=Nc1ccc(cc1)[N+](=O)[O-])C,tg,1
C(C)(C(=O)OCCCCCCCCCCOc1ccc(cc1)OC(=O)c1ccc(cc1)OC)C,tg,0
C(C)(C(=O)OCCCCCCCCCCOc1ccc(cc1)OC(=O)c1ccc(cc1)OCCCCCC)C,tg,2
C(C)(C(=O)OCCCCCCCCCCOc1ccc(cc1)OC(=O)c1ccc(cc1)OCCCCCCCC)C,tg,1
C(C)(C(=O)OCCCCCCCCCCOc1ccc(cc1)OC(=O)c1ccc(cc1)c1ccc(cc1)OC)C,tg,0
C(C)(C(=O)OCCCCCCCCCCn1c2ccc(cc2c2ccccc12)C=C(C(=O)OC)C#N)C,tg,2
C(C)(C(=O)OCCCCCCCCCCn1c2ccc(cc2c2ccccc12)C=C(c1ccc(cc1)[N+](=O)[O-])C#N)C,tg,1
C(C)(C(=O)OCCCCCCCCCCn1c2ccc(cc2c2ccccc12)N=Nc1ccc(cc1)[N+](=O)[O-])C,tg,0
C(C)(C(=O)OCCCCCCCCCOc1cc2c(cc1)cc(cc2)C(=O)Oc1ccccc1)C,tg,2
C(C)(C(=O)OCCCCCCCCOc1cc2c(cc1)cc(cc2)C(=O)Oc1ccccc1)C,tg,1
C(C)(C(=O)OCCCCCCCCOc1ccc(cc1)C(=O)Oc1ccc(cc1)C(=O)C=Cc1c(c2c(n1C)cccc2)C)C,tg,0
C(C)(C(=O)OCCCCCCCCOc1ccc(cc1)N=Nc1ccc(cc1)C1OCC2(CO1)CC1C=CC2C1)C,tg,2
C(C)(C(=O)OCCCCCCN(c1ccc(cc1)N(C)C)C)C,tg,1
C(C)(C(=O)OCCCCCCOc1c(cc(cc1)C=CC1=C(C(=C(C#N)C#N)OC1(C)C)C#N)OCCCCCC)C,tg,0
C(C)(C(=O)OCCCCCCOc1cc(ccc1)C(=O)Oc1ccc(cc1)C#N)C,tg,2
C(C)(C(=O)OCCCCCCOc1cc2c(cc1)cc(cc2)C(=O)Oc1ccccc1)C,tg,1
C(C)(C(=O)OCCCCCCOc1ccc(cc1)C(=O)Oc1c2c(c(cc1)N=Nc1ccc(cc1)F)cccc2)C,tg,0
C(C)(C(=O)OCCCCCCOc1ccc(cc1)C(=O)Oc1c2c(c(cc1)N=Nc1ccccc1)cccc2)C,tg,2
C(C)(C(=O)OCCCCCCOc1ccc(cc1)C(=O)Oc1ccc(cc1)OCCCC)C,tg,1
C(C)(C(=O)OCCCCCCOc1ccc(cc1)C(=O)Oc1ccc(cc1)OCCCC)Cl,tg,0
C(C)(C(=O)OCCCCCCOc1ccc(cc1)C(=O)Oc1ccc(cc1)c1cc(ccc1)OC(=O)c1ccc(cc1)OC(=O)c1ccc(cc1)OCCCCCCCCCCCC)C,tg,2
C(C)(C(=O)OCCCCCCOc1ccc(cc1)C(=O)Oc1ccc2c(c1)oc(=O)cc2)C,tg,1
C(C)(C(=O)OCCCCCCOc1ccc(cc1)N=Nc1ccc(cc1)OC)C,tg,0
C(C)(C(=O)OCCCCCCOc1ccc(cc1)N=Nc1ccc(cc1)OCCCC)C,tg,2
C(C)(C(=O)OCCCCCCOc1ccc(cc1)N=Nc1ccc(cc1)[N+](=O)[O-])C,tg,1
C(C)(C(=O)OCCCCCCOc1ccc(cc1)N=Nc1ccncc1)C,tg,0
C(C)(C(=O)OCCCCCCOc1ccc(cc1)OC(=O)c1ccc(cc1)OC)C,tg,2
C(C)(C(=O)OCCCCCCOc1ccc(cc1)OC(=O)c1ccc(cc1)OCCCC)C,tg,1
C(C)(C(=O)OCCCCCCOc1ccc(cc1)OC(=O)c1ccc(cc1)OCCCCCC)C,tg,0
C(C)(C(=O)OCCCCCCOc1ccc(cc1)OC(=O)c1ccc(cc1)c1ccc(cc1)OC)C,tg,2
C(C)(C(=O)OCCCCCCOc1ccc(cc1)c1ccc(cc1)C#N)C,tg,1
C(C)(C(=O)OCCCCCCc1ccc(cc1)C(=Cc1ccc(cc1)OC)C)C,tg,0
C(C)(C(=O)OCCCCCCc1ccc(cc1)N=Nc1ccc(cc1)OC(F)(F)F)C,tg,2
C(C)(C(=O)OCCCCCCn1c2ccccc2c2ccccc12)C,tg,1
C(C)(C(=O)OCCCCCc1ccc(cc1)N=Nc1ccc(cc1)OC(F)(F)F)C,tg,0
C(C)(C(=O)OCCCCCn1c2ccccc2c2ccccc12)C,tg,2
C(C)(C(=O)OCCCCOc1cc2c(cc1)cc(cc2)C(=O)Oc1ccccc1)C,tg,1
C(C)(C(=O)OCCCCOc1ccc(cc1)N=Nc1ccc(cc1)C#N)C,tg,0
C(C)(C(=O)OCCCCOc1ccc(cc1)OC(=O)c1cc(c(cc1)OC)Br)C,tg,2
C(C)(C(=O)OCCCCOc1ccc(cc1)OC(=O)c1ccc(cc1)OCCCC)C,tg,1
C(C)(C(=O)OCCCCOc1ccc(cc1)OC(=O)c1ccc(cc1)OCCCCCC)C,tg,0
C(C)(C(=O)OCCCCc1ccc(cc1)N=Nc1ccc(cc1)OC(F)(F)F)C,tg,2
C(C)(C(=O)OCCCCc1ccccc1)C,tg,1
C(C)(C(=O)OCCCl)C,tg,0
C(C)(C(=O)OCCCn1c2ccccc2c2ccccc12)C,tg,2
C(C)(C(=O)OCCN(C)C)C,tg,1
C(C)(C(=O)OCCN(CC)c1ccccc1)C,tg,0
C(C)(C(=O)OCCN(c1ccc(cc1)N=Nc1c2c(c(cc1)[N+](=O)[O-])cccc2)CC)C,tg,2
C(C)(C(=O)OCCN(c1ccc(cc1)N=Nc1ccc(cc1)C#N)CC)C,tg,1
C(C)(C(=O)OCCN(c1ccc(cc1)N=Nc1ccc(cc1)S(=O)(=O)C)CC)C,tg,0
C(C)(C(=O)OCCN(c1ccc(cc1)N=Nc1ccc(cc1)[N+](=O)[O-])C)C,tg,2
C(C)(C(=O)OCCN(c1ccc(cc1)N=Nc1ccc(cc1)[N+](=O)[O-])CC)C,tg,1
C(C)(C(=O)OCCN(c1ccc(cc1)N=Nc1sc2c(n1)ccc(c2)[N+](=O)[O-])CC)C,tg,0
C(C)(C(=O)OCCN(c1ccc(cc1)[N+](=O)[O-])CC)C,tg,2
C(C)(C(=O)OCCNC(C)(C)C)C,tg,1
C(C)(C(=O)OCCO)C,tg,0
C(C)(C(=O)OCCOC)C,tg,2
C(C)(C(=O)OCCOCCO)C,tg,1
C(C)(C(=O)OCCOCCOCCOCCOCCOCCOCCOCCOC)C,tg,0
C(C)(C(=O)OCCOCCOCCOc1ccc(cc1)N=Nc1ccc(cc1)C#N)C,tg,2
C(C)(C(=O)OCCOCCOc1ccc(cc1)N=Nc1ccc(cc1)C#N)C,tg,1
C(C)(C(=O)OCCO[Si](C)(C)C)C,tg,0
C(C)(C(=O)OCCOc1ccc(cc1)C(=O)Oc1ccc(cc1)OCCCC)C,tg,2
C(C)(C(=O)OCCOc1ccc(cc1)N=Nc1ccc(cc1)[N+](=O)[O-])C,tg,1
C(C)(C(=O)OCCOc1ccc(cc1)c1ccc(cc1)c1ccc(cc1)C#N)C,tg,0
C(C)(C(=O)OCCS(=O)CC)C,tg,2
C(C)(C(=O)OCCc1ccc(cc1)N=Nc1ccc(cc1)OC(F)(F)F)C,tg,1
C(C)(C(=O)OCCc1ccc(cc1)N=Nc1ccccc1)C,tg,0
C(C)(C(=O)OCCc1ccccc1)C,tg,2
C(C)(C(=O)OCCn1c2ccc(cc2c2ccccc12)N=Nc1ccc(cc1)[N+](=O)[O-])C,tg,1
C(C)(C(=O)OCCn1c2ccccc2c2ccccc12)C,tg,0
C(C)(C(=O)OCSC)C,tg,2
C(C)(C(=O)OCc1[se]ccc1)C,tg,1
C(C)(C(=O)OCc1c(c(ccc1)Cl)Cl)C,tg,0
C(C)(C(=O)OCc1c(cc(cc1)Cl)Cl)C,tg,2
C(C)(C(=O)OCc1c(cc(cc1)F)F)C,tg,1
C(C)(C(=O)OCc1cc(c(cc1)Cl)Cl)C,tg,0
C(C)(C(=O)OCc1cc(c(cc1)OCCOCC)OCCOCC)C,tg,2
C(C)(C(=O)OCc1cc(ccc1)Cl)C,tg,1
C(C)(C(=O)OCc1ccc(cc1)C=CC(=O)C1c2c(C(=O)c3c1cccc3)cccc2)C,tg,0
C(C)(C(=O)OCc1ccc(cc1)C=CC(=O)Oc1cc2c(cc1)oc(=O)cc2)C,tg,2
C(C)(C(=O)OCc1ccc(cc1)C=CC(=O)Oc1ccc(cc1)OC)C,tg,1
C(C)(C(=O)OCc1ccc2n(c3c(c2c1)cccc3)CC)C,tg,0
C(C)(C(=O)OCc1ccc2n(c3c(c2c1)cccc3)CCCCCC)C,tg,2
C(C)(C(=O)OCc1ccc2n(c3c(c2c1)cccc3)CCCCCCCCCCCC)C,tg,1
C(C)(C(=O)O[Si](C)(C)C)C,tg,0
C(C)(C(=O)Oc1c(c(ccc1)C)C)C,tg,2
C(C)(C(=O)Oc1c(cc(cc1)C)C)C,tg,1
C(C)(C(=O)Oc1c(cccc1C(C)C)C(C)C)C,tg,0
C(C)(C(=O)Oc1c(cccc1C)C)C,tg,2
C(C)(C(=O)Oc1cc(c(cc1)[N+](=O)[O-])C)C,tg,1
C(C)(C(=O)Oc1cc(cc(c1)C)C)C,tg,0
C(C)(C(=O)Oc1cc2c(CCC2)cc1)C,tg,2
C(C)(C(=O)Oc1ccc(cc1)C(=O)C=Cc1cc(c(cc1)OC)OC)C,tg,1
C(C)(C(=O)Oc1ccc(cc1)C(=O)C=Cc1ccc(cc1)OCc1ccccc1)C,tg,0
C(C)(C(=O)Oc1ccc(cc1)C(=O)OC)C,tg,2
C(C)(C(=O)Oc1ccc(cc1)C(=O)Oc1ccc(cc1)C(=O)c1ccccc1)C,tg,1
C(C)(C(=O)Oc1ccc(cc1)C(=O)Oc1ccc(cc1)Oc1ccccc1)C,tg,0
C(C)(C(=O)Oc1ccc(cc1)C(=O)Oc1ccc(cc1)c1ccccc1)C,tg,2
C(C)(C(=O)Oc1ccc(cc1)C(=O)Oc1ccccc1)C,tg,1
C(C)(C(=O)Oc1ccc(cc1)C(=O)c1ccccc1)C,tg,0
C(C)(C(=O)Oc1ccc(cc1)C(C)(C)C)C,tg,2
C(C)(C(=O)Oc1ccc(cc1)C=Cc1ccccc1)C,tg,1
C(C)(C(=O)Oc1ccc(cc1)CC#N)C,tg,0
C(C)(C(=O)Oc1ccc(cc1)N=Nc1ccc(cc1)OC)C,tg,2
C(C)(C(=O)Oc1ccc(cc1)N=Nc1ccc(cc1)[N+](=O)[O-])C,tg,1
C(C)(C(F)(F)F)F,tg,0
C(C)(C)C,tg,2
C(C)(C1=NC(C(=O)O1)(C)C)C,tg,1
C(C)(CC(=O)O)C(=O)O,tg,0
C(C)(CC(=O)OC(C)C)C(=O)OC12CC3CC(CC(C1)C3)C2,tg,2
C(C)(CC(=O)OC)C(=O)O,tg,1
C(C)(CC(=O)OC)C(=O)OC12CC3CC(CC(C1)C3)C2,tg,0
C(C)(CC(=O)OC1CCC1)C(=O)OC1CCC1,tg,2
C(C)(CC(=O)OC1CCCCC1)C(=O)OC1CCCCC1,tg,1
C(C)(CC(=O)OCC)C(=O)O,tg,0
C(C)(CC(=O)OCC1CCCCC1)C(=O)OCC1CCCCC1,tg,2
C(C)(CC(=O)OCCC1CCCCC1)C(=O)OCCC1CCCCC1,tg,1
C(C)(CC(=O)OCCCCCCCCC)C(=O)OCCCCCCCCC,tg,0
C(C)(CC(=O)OCCCCl)C(=O)OCCCCl,tg,2
C(C)(CC(=O)OCCCl)C(=O)OCCCl,tg,1
C(C)(CC(=O)OCCOC)C(=O)OCCOC,tg,0
C(C)(CC(=O)OCCOCCOC)C(=O)OCCOCCOC,tg,2
C(C)(CC(=O)OCCOCCOCCOCCOCCOCCOCCOC)C(=O)OCCOCCOCCOCCOCCOCCOCCOC,tg,1
C(C)(CC(=O)OCCc1ccccc1)C(=O)OCCc1ccccc1,tg,0
C(C)(CC(=O)OCc1ccccc1)C(=O)OCc1ccccc1,tg,2
C(C)(CC(=O)Oc1ccc(cc1)OC)C(=O)Oc1ccc(cc1)OC,tg,1
C(C)(CC(=O)Oc1ccc(cc1)OCC)C(=O)Oc1ccc(cc1)OCC,tg,0
C(C)(CC(=O)Oc1ccc(cc1)OCCC)C(=O)Oc1ccc(cc1)OCCC,tg,2
C(C)(CC(=O)Oc1ccc(cc1)OCCCCC)C(=O)Oc1ccc(cc1)OCCCCC,tg,1
C(C)(CC(=O)Oc1ccc(cc1)OCCCCCCC)C(=O)Oc1ccc(cc1)OCCCCCCC,tg,0
C(C)(CC(=O)Oc1ccccc1)C(=O)Oc1ccccc1,tg,2
C(C)(CCC(C(=O)OC)C)C(=O)OC,tg,1
C(C)(CCC)C,tg,0
C(C)(CCCCCCCC)C(=O)OC,tg,2
C(C)(Cl)Cl,tg,1
C(C)(F)F,tg,0
C(C)(OC)C,tg,2
C(C)(c1cc2c(cc1)cccc2)C,tg,1
C(C)(c1ccc(cc1)C#N)C,tg,0
C(C)(c1ccc(cc1)C(C)C)C,tg,2
C(C)(c1nc(nc(n1)N(CCOCCOCCOC)CCOCCOCCOC)N(CCOCCOCCOC)c1ccccc1)C,tg,1
C(C)(c1nc2c(cc1)cccc2)C,tg,0
C(C)=C()C#N,egc,2
C(C)=C()CCC,egc,1
C(C)C#N,tg,0
C(C)C()C(=O)OC,egc,2
C(C)C()O,egb,1
C(C)C()O,egc,1
C(C)C()OC,egc,1
C(C)C(=O)C,tg,0
C(C)C(=O)N,tg,2
C(C)C(=O)N(C)C,tg,1
C(C)C(=O)N1CCCCC1,tg,0
C(C)C(=O)NC(C)(C)C,tg,2
C(C)C(=O)NC(C)C,tg,1
C(C)C(=O)NC(CC(=O)C)(C)C,tg,0
C(C)C(=O)NCCCCCC(=O)O,tg,2
C(C)C(=O)NCCC[N+](C)(C)C,tg,1
C(C)C(=O)NCCC[N+](CCCS(=O)(=O)O)(C)C,tg,0
C(C)C(=O)NCP(=O)(O)O,tg,2
C(C)C(=O)Nc1cc(ccc1)Cl,tg,1
C(C)C(=O)Nc1ccc(cc1)C(=O)C=Cc1cc(ccc1)Br,tg,0
C(C)C(=O)Nc1ccc(cc1)C(=O)C=Cc1ccc(cc1)Br,tg,2
C(C)C(=O)Nc1ccc(cc1)Cl,tg,1
C(C)C(=O)Nc1ccccc1,tg,0
C(C)C(=O)OC(C(C(C(C(C(C(C(F)(F)F)(F)F)(F)F)(F)F)(F)F)(F)F)(F)F)(F)F,tg,2
C(C)C(=O)OC(C(Cl)(Cl)Cl)Cl,tg,1
C(C)C(=O)OC(C(F)(F)F)C(F)(F)F,tg,0
C(C)C(=O)OC(C)(C)C,tg,2
C(C)C(=O)OC12CC3(CC(CC(C1)C3)(C2)C)C,tg,1
C(C)C(=O)OC12CC3CC(CC(C1)C3)C2,tg,0
C(C)C(=O)OC1C2(CCC(C1)C2(C)C)C,tg,2
C(C)C(=O)OC1CCCCC1,tg,1
C(C)C(=O)OC1CCCCCCCCCCC1,tg,0
C(C)C(=O)OCC,tg,2
C(C)C(=O)OCC(C(C(C(C(C(C(F)(F)F)(F)F)(F)F)(F)F)(F)F)(F)F)(F)F,tg,1
C(C)C(=O)OCC(C(C(C(C(F)(F)F)(F)F)(F)F)(F)F)(F)F,tg,0
C(C)C(=O)OCC(C(C(C(F)(F)F)(F)F)(F)F)(F)F,tg,2
C(C)C(=O)OCC(C(C(C(F)F)(F)F)(F)F)(F)F,tg,1
C(C)C(=O)OCC(C(OC(C(C(F)(F)F)(F)F)(F)F)(F)F)(F)F,tg,0
C(C)C(=O)OCC(C(OC(C(F)(F)F)(F)F)(F)F)(F)F,tg,2
C(C)C(=O)OCC(C)(C)C,tg,1
C(C)C(=O)OCC(CC)C,tg,0
C(C)C(=O)OCC(CCCC)CC,tg,2
C(C)C(=O)OCC(COC(=O)c1ccccc1)(COC(=O)c1ccccc1)COC(=O)c1ccccc1,tg,1
C(C)C(=O)OCC(O)C,tg,0
C(C)C(=O)OCCC#N,tg,2
C(C)C(=O)OCCC(OC)C,tg,1
C(C)C(=O)OCCCC,tg,0
C(C)C(=O)OCCCCC,tg,2
C(C)C(=O)OCCCCCC,tg,1
C(C)C(=O)OCCCCCCC,tg,0
C(C)C(=O)OCCCCCCCC,tg,2
C(C)C(=O)OCCCCCCCCCCCCCCCCCC,tg,1
C(C)C(=O)OCCCCCCCCCCCCOC(=O)c1ccc(cc1)OC(=O)c1ccc(cc1)C#N,tg,0
C(C)C(=O)OCCCCCCCCCCCCOc1ccc(cc1)C(=O)Oc1ccc(cc1)c1cc(ccc1)OC(=O)c1ccc(cc1)OC(=O)c1ccc(cc1)OCCCCCCCCCCCC,tg,2
C(C)C(=O)OCCCCCCCCCCCOc1ccc(cc1)C(=O)Oc1ccc(cc1)c1ccc(cc1)OC(CCCCCC)C,tg,1
C(C)C(=O)OCCCCCCCCCCCn1c2ccccc2c2ccccc12,tg,0
C(C)C(=O)OCCCCCCCCCCOc1cnc(nc1)c1ccc(cc1)OC(=O)C1OC(OC1)(C)C,tg,2
C(C)C(=O)OCCCCCCCCCOC(=O)c1ccc(cc1)OC(=O)c1ccc(cc1)C#N,tg,1
C(C)C(=O)OCCCCCCCCOC(=O)c1ccc(cc1)OC(=O)c1ccc(cc1)C#N,tg,0
C(C)C(=O)OCCCCCCCCn1c2ccccc2c2ccccc12,tg,2
C(C)C(=O)OCCCCCCCOC(=O)c1ccc(cc1)OC(=O)c1ccc(cc1)C#N,tg,1
C(C)C(=O)OCCCCCCOC(=O)c1ccc(cc1)OC(=O)c1ccc(cc1)C#N,tg,0
C(C)C(=O)OCCCCCCOc1cc(c(cc1)C=Nc1ccc(cc1)OCCCCC)O,tg,2
C(C)C(=O)OCCCCCCOc1ccc(cc1)C(=O)Oc1ccc(cc1)C#N,tg,1
C(C)C(=O)OCCCCCCOc1ccc(cc1)C(=O)Oc1ccc(cc1)OC,tg,0
C(C)C(=O)OCCCCCCOc1ccc(cc1)N=Nc1ccc(cc1)[N+](=O)[O-],tg,2
C(C)C(=O)OCCCCCCSCC#N,tg,1
C(C)C(=O)OCCCCCOC(=O)c1ccc(cc1)OC(=O)c1ccc(cc1)C#N,tg,0
C(C)C(=O)OCCCCCn1c2ccccc2c2ccccc12,tg,2
C(C)C(=O)OCCCCOC(=O)c1ccc(cc1)OC(=O)c1ccc(cc1)C#N,tg,1
C(C)C(=O)OCCCCSC,tg,0
C(C)C(=O)OCCCCn1c2ccccc2c2ccccc12,tg,2
C(C)C(=O)OCCCOc1ccc(cc1)C(=O)OCCCC(C(C(C(C(C(C(C(F)(F)F)(F)F)(F)F)(F)F)(F)F)(F)F)(F)F)(F)F,tg,1
C(C)C(=O)OCCCOc1ccc(cc1)c1ccc(cc1)C#N,tg,0
C(C)C(=O)OCCCSC,tg,2
C(C)C(=O)OCCN(C)C,tg,1
C(C)C(=O)OCCN(c1ccc(cc1)N=Nc1c(cc(cc1)[N+](=O)[O-])Cl)CC,tg,0
C(C)C(=O)OCCO,tg,2
C(C)C(=O)OCCOC(=O)c1cc(cc(c1)[N+](=O)[O-])[N+](=O)[O-],tg,1
C(C)C(=O)OCCOC(C(F)F)(F)F,tg,0
C(C)C(=O)OCCOCC,tg,2
C(C)C(=O)OCCOCC(F)(F)F,tg,1
C(C)C(=O)OCCOCC1(COC1)CC,tg,0
C(C)C(=O)OCCOCCOC(C(F)F)(F)F,tg,2
C(C)C(=O)OCCOc1ccc(cc1)C(=O)Oc1ccc(cc1)OC,tg,1
C(C)C(=O)OCCOc1ccc(cc1)C(=O)Oc1ccc(cc1)OC(=O)c1ccc(cc1)OCCCC,tg,0
C(C)C(=O)OCCOc1ccc(cc1)C(=O)Oc1ccc(cc1)OC(=O)c1ccc(cc1)OCCCCC,tg,2
C(C)C(=O)OCCOc1ccc(cc1)C(c1ccc(cc1)OCCO)(C)C,tg,1
C(C)C(=O)OCCSCC,tg,0
C(C)C(=O)OCCSCCCC#N,tg,2
C(C)C(=O)OCF,tg,1
C(C)C(=O)OCc1c(c(c(c(c1Br)Br)Br)Br)Br,tg,0
C(C)C(=O)O[Na],tg,2
C(C)C(=O)Oc1c(c(c(c(c1Cl)Cl)Cl)Cl)Cl,tg,1
C(C)C(=O)Oc1c(cc(cc1)Cl)Cl,tg,0
C(C)C(=O)Oc1c(cccc1)C,tg,2
C(C)C(=O)Oc1c(cccc1)C(=O)OCC,tg,1
C(C)C(=O)Oc1c(cccc1)C(C)(C)C,tg,0
C(C)C(=O)Oc1c2c(ccc1)cccc2,tg,2
C(C)C(=O)Oc1cc(cc(c1)C)C,tg,1
C(C)C(=O)Oc1cc(ccc1)C,tg,0
C(C)C(=O)Oc1cc(ccc1)C(=O)OCC,tg,2
C(C)C(=O)Oc1ccc(cc1)C,tg,1
C(C)C(=O)Oc1ccc(cc1)C(=O)O,tg,0
C(C)C(=O)Oc1ccc(cc1)C(=O)OCC,tg,2
C(C)C(=O)Oc1ccc(cc1)C(=O)OCCCC,tg,1
C(C)C(=O)Oc1ccc(cc1)C(=O)OCc1ccccc1,tg,0
C(C)C(=O)Oc1ccc(cc1)C(=O)c1ccc(cc1)Cl,tg,2
C(C)C(=O)Oc1ccc(cc1)C(C)(C)C,tg,1
C(C)C(=O)Oc1ccc(cc1)N=Nc1ccc(cc1)OC,tg,0
C(C)C(=O)Oc1ccc(cc1)N=Nc1ccc(cc1)[N+](=O)[O-],tg,2
C(C)C(=O)Oc1ccc(cc1)[N+](=O)[O-],tg,1
C(C)C(=O)Oc1ccc(cc1)c1ccccc1,tg,0
C(C)C(=O)Oc1ccccc1,tg,2
C(C)C(=O)c1cc(c(cc1)Br)OC,tg,1
C(C)C(=O)c1ccc(cc1)Br,tg,0
C(C)C(=O)c1ccc(cc1)C(C)C,tg,2
C(C)C(=O)c1ccc(cc1)CC,tg,1
C(C)C(=O)c1ccccc1,tg,0
C(C)C(=O)n1c2ccccc2c2ccccc12,tg,2
C(C)C(C(F)(F)F)(F)F,tg,1
C(C)C1=NC(C(=O)O1)(C)C,tg,0
C(C)C1CC(CCC1)C,tg,2
C(C)C1CCC(CC1)C,tg,1
C(C)C1CCCC1,tg,0
C(C)C1CCCCC1,tg,2
C(C)C=C,tg,1
C(C)CC,tg,0
C(C)CC(C)C,tg,2
C(C)CC1CCCCC1,tg,1
C(C)CCC,tg,0
C(C)CCCC,tg,2
C(C)CCCCC,tg,1
C(C)CCCCCC,tg,0
C(C)CCCCCCC,tg,2
C(C)CCCCCCCC,tg,1
C(C)CCCCCCCCCCCC,tg,0
C(C)CCCCCCCCCCCCCC,tg,2
C(C)CCCCCCCCCCCCCCCCCC,tg,1
C(C)CCCCCCCCCI,tg,0
C(C)CCc1ccccc1,tg,2
C(C)CNc1c(cc(cc1)[N+](=O)[O-])[N+](=O)[O-],tg,1
C(C)CNc1ccc(cc1)[N+](=O)[O-],tg,0
C(C)Cc1cc(ccc1)C,tg,2
C(C)Cc1ccc(cc1)C,tg,1
C(C)Cc1ccccc1,tg,0
C(C)N,tg,2
C(C)N1C(=O)CCC1,tg,1
C(C)NC=O,tg,0
C(C)O,tg,2
C(C)OC(=O)C,tg,1
C(C)OC(=O)C(C(C(C(C(F)(F)F)(F)F)(F)F)(F)F)(F)F,tg,0
C(C)OC(=O)C(C(C(C(F)(F)F)(F)F)(F)F)(F)F,tg,2
C(C)OC(=O)C(C(C(C)C)C)(C)C,tg,1
C(C)OC(=O)C(C(C(F)(F)F)(F)F)(F)F,tg,0
C(C)OC(=O)C(C(CC)(C)C)(C)C,tg,2
C(C)OC(=O)C(C(F)(F)F)(F)F,tg,1
C(C)OC(=O)C(Cl)(Cl)Cl,tg,0
C(C)OC(=O)C(F)(F)F,tg,2
C(C)OC(=O)C1(C(C(C(C(C1(F)F)(F)F)(F)F)(F)F)(F)F)F,tg,1
C(C)OC(=O)C=Cc1ccccc1,tg,0
C(C)OC(=O)CC,tg,2
C(C)OC(=O)CC(c1ccccc1)(C)C,tg,1
C(C)OC(=O)CCC,tg,0
C(C)OC(=O)CCCC(=O)c1ccc(cc1)C,tg,2
C(C)OC(=O)C[N-][N+]#N,tg,1
C(C)OC(=O)OCC(F)(F)F,tg,0
C(C)OC(=O)c1cc(ccc1)Br,tg,2
C(C)OC(=O)c1cc(ccc1)C,tg,1
C(C)OC(=O)c1cc(ccc1)Cl,tg,0
C(C)OC(=O)c1cc(ccc1)[N+](=O)[O-],tg,2
C(C)OC(=O)c1ccc(cc1)Br,tg,1
C(C)OC(=O)c1ccc(cc1)C,tg,0
C(C)OC(=O)c1ccc(cc1)C(C)(C)C,tg,2
C(C)OC(=O)c1ccc(cc1)C(C)C,tg,1
C(C)OC(=O)c1ccc(cc1)Cl,tg,0
C(C)OC(=O)c1ccc(cc1)OC(=O)C,tg,2
C(C)OC(=O)c1ccc(cc1)OC(=O)CC,tg,1
C(C)OC(=O)c1ccc(cc1)OC(=O)CCC,tg,0
C(C)OC(=O)c1ccc(cc1)[N+](=O)[O-],tg,2
C(C)OC(=O)c1ccc(cc1)[Si](C)(C)C,tg,1
C(C)OC(=O)c1ccc(cc1)c1ccccc1,tg,0
C(C)OC(=O)c1ccccc1,tg,2
C(C)OC(=O)c1ccncc1,tg,1
C(C)OC(C(F)(F)F)(C(F)(F)F)F,tg,0
C(C)OC(C)C,tg,2
C(C)OCC,tg,1
C(C)OCC(CC)(C)C,tg,0
C(C)OCC(CCCC)CC,tg,2
C(C)OCCCCC,tg,1
C(C)OCCCCCCCC,tg,0
C(C)OCCCCCCCCCCCOc1ccc(cc1)C(=O)Oc1ccc(cc1)C#N,tg,2
C(C)OCCOCCOCCOC,tg,1
C(C)OCCOc1ccc(cc1)C=C(C#N)C#N,tg,0
C(C)OCCOc1ccc(cc1)C=C(C(=O)OC)C#N,tg,2
C(C)OCCOc1ccc(cc1)N=Nc1ccc(cc1)[N+](=O)[O-],tg,1
C(C)O[N+](=O)[O-],tg,0
C(C)P(=O)(N(C)C)Oc1ccccc1,tg,2
C(C)P(=O)(c1ccccc1)c1ccccc1,tg,1
C(C)SCCCC,tg,0
C(C)[Si](C)(C)C,tg,2
C(C)c1[nH]nnn1,tg,1
C(C)c1c(c(c(c(c1F)F)C(F)(F)F)F)F,tg,0
C(C)c1c(c(c(c(c1F)F)F)F)F,tg,2
C(C)c1c(c(c(c(c1F)F)OC)F)F,tg,1
C(C)c1c(c(c(c(c1F)F)OCC(C(C(C(C(C(C(F)(F)F)(F)F)(F)F)(F)F)(F)F)(F)F)(F)F)F)F,tg,0
C(C)c1c(c(c(c(c1[2H])[2H])[2H])[2H])[2H],tg,2
C(C)c1c(cc(c(c1)C)C)C,tg,1
C(C)c1c(cc(cc1)C)C,tg,0
C(C)c1c(cc(cc1C)C)C,tg,2
C(C)c1c(ccc(c1)Br)OC,tg,1
C(C)c1c(ccc(c1)Br)OCCC,tg,0
C(C)c1c(ccc(c1)Br)OCCCCC,tg,2
C(C)c1c(ccc(c1)C(=O)OC)c1ccc(cc1)OCCCCCCCC,tg,1
C(C)c1c(ccc(c1)C(=O)OCC)c1ccc(cc1)OCCCCCCCC,tg,0
C(C)c1c(ccc(c1)C(=O)OCCCC)c1ccc(cc1)OCCCCCCCC,tg,2
C(C)c1c(ccc(c1)C(=O)OCCCCCC)c1ccc(cc1)OCCCCCCCC,tg,1
C(C)c1c(ccc(c1)C(=O)OCCCCCCCCCC)c1ccc(cc1)OCCCCCCCC,tg,0
C(C)c1c(ccc(c1)C(=O)OCCCCCCCCCCCC)c1ccc(cc1)OCCCCCCCC,tg,2
C(C)c1c(ccc(c1)C(=O)Oc1ccc(cc1)OC)C(=O)Oc1ccc(cc1)OC,tg,1
C(C)c1c(ccc(c1)C(=O)Oc1ccc(cc1)OCC)C(=O)Oc1ccc(cc1)OCC,tg,0
C(C)c1c(ccc(c1)C(=O)Oc1ccc(cc1)OCCCC)C(=O)Oc1ccc(cc1)OCCCC,tg,2
C(C)c1c(ccc(c1)C(=O)Oc1ccc(cc1)OCCCCCCCC)C(=O)Oc1ccc(cc1)OCCCCCCCC,tg,1
C(C)c1c(ccc(c1)C(=O)Oc1ccc(cc1)OCCCCCCCCCC)C(=O)Oc1ccc(cc1)OCCCCCCCCCC,tg,0
C(C)c1c(ccc(c1)C(=O)Oc1ccc(cc1)OCCCCCCCCCCCC)C(=O)Oc1ccc(cc1)OCCCCCCCCCCCC,tg,2
C(C)c1c(ccc(c1)C)C,tg,1
C(C)c1c(ccc(c1)Cl)Cl,tg,0
C(C)c1c(ccc(c1)c1ccc(cc1)C(=O)OC(CC)C)c1ccc(cc1)C(=O)OC(CC)C,tg,2
C(C)c1c(ccc(c1)c1ccc(cc1)C(=O)OC(CCCCCC)C)c1ccc(cc1)C(=O)OC(CCCCCC)C,tg,1
C(C)c1c(cccc1)Br,tg,0
C(C)c1c(cccc1)C(=O)N(C)C,tg,2
C(C)c1c(cccc1)C(=O)NC,tg,1
C(C)c1c(cccc1)C(=O)Nc1ccccc1,tg,0
C(C)c1c(cccc1)C(=O)OC,tg,2
C(C)c1c(cccc1)C(=O)OC(C)C,tg,1
C(C)c1c(cccc1)C(=O)OCC,tg,0
C(C)c1c(cccc1)C(=O)OCC(C)C,tg,2
C(C)c1c(cccc1)C(=O)OCCCC,tg,1
C(C)c1c(cccc1)C(=O)OCCCCC,tg,0
C(C)c1c(cccc1)C(=O)OCCN(C)C,tg,2
C(C)c1c(cccc1)COC,tg,1
C(C)c1c(cccc1)COCC,tg,0
C(C)c1c(cccc1)COCCC,tg,2
C(C)c1c(cccc1)COCCCC,tg,1
C(C)c1c(cccc1)COCCCCC,tg,0
C(C)c1c(cccc1)COCCc1ccccc1,tg,2
C(C)c1c(cccc1)COCc1ccccc1,tg,1
C(C)c1c(cccc1)Cl,tg,0
C(C)c1c(cccc1)O,tg,2
C(C)c1c(cccc1Cl)Cl,tg,1
C(C)c1c2c(ccc1)cccc2,tg,0
C(C)c1cc(c(c(c1)OC)O)OC,tg,2
C(C)c1cc(c(cc1)Cl)Cl,tg,1
C(C)c1cc(c(cc1)Cl)F,tg,0
C(C)c1cc(cc(c1)C(F)(F)F)C(F)(F)F,tg,2
C(C)c1cc(ccc1)B(O[Si](C)(C)C)O[Si](C)(C)C,tg,1
C(C)c1cc(ccc1)Br,tg,0
C(C)c1cc(ccc1)C,tg,2
C(C)c1cc(ccc1)F,tg,1
C(C)c1cc(ccc1)N(c1ccc(cc1)C)c1ccc(cc1)C,tg,0
C(C)c1cc(ccc1)NC(=O)C,tg,2
C(C)c1cc(ccc1)OC(=O)C,tg,1
C(C)c1ccc(cc1)B(O[Si](C)(C)C)O[Si](C)(C)C,tg,0
C(C)c1ccc(cc1)B(Oc1c2ncccc2c(cc1)c1c(c(c(c(c1F)F)F)F)F)c1ccc(cc1)C(C)(C)C,tg,2
C(C)c1ccc(cc1)B(Oc1c2ncccc2c(cc1)c1ccc(cc1)N(C)C)c1ccc(cc1)C(C)(C)C,tg,1
C(C)c1ccc(cc1)B(c1ccc(cc1)C(C)(C)C)Oc1c2ncccc2c(cc1)Cl,tg,0
C(C)c1ccc(cc1)B(c1ccc(cc1)C(C)(C)C)Oc1c2ncccc2ccc1,tg,2
C(C)c1ccc(cc1)C#N,tg,1
C(C)c1ccc(cc1)C(=NO)C,tg,0
C(C)c1ccc(cc1)C(=NO)Cc1ccccc1,tg,2
C(C)c1ccc(cc1)C(=O)C,tg,1
C(C)c1ccc(cc1)C(=O)CCC,tg,0
C(C)c1ccc(cc1)C(=O)CCCCC,tg,2
C(C)c1ccc(cc1)C(=O)CCN1CCCCC1,tg,1
C(C)c1ccc(cc1)C(=O)CCN1CCOCC1,tg,0
C(C)c1ccc(cc1)C(=O)Cc1ccccc1,tg,2
C(C)c1ccc(cc1)C(=O)N(CC)CC,tg,1
C(C)c1ccc(cc1)C(=O)N1CCCCC1,tg,0
C(C)c1ccc(cc1)C(=O)N1CCOCC1,tg,2
C(C)c1ccc(cc1)C(=O)OCC,tg,1
C(C)c1ccc(cc1)C(=O)OCCC,tg,0
C(C)c1ccc(cc1)C(=O)OCCCC,tg,2
C(C)c1ccc(cc1)C(=O)OCCN(CC)CC,tg,1
C(C)c1ccc(cc1)C(C(C(C(C(C(C(F)(F)F)(F)F)(F)F)(F)F)(F)F)(F)F)(F)F,tg,0
C(C)c1ccc(cc1)C(C)C,tg,2
C(C)c1ccc(cc1)C(CC)(O)C,tg,1
C(C)c1ccc(cc1)C(CCC)(O)C,tg,0
C(C)c1ccc(cc1)C(CCCC)(O)C,tg,2
C(C)c1ccc(cc1)C(CCN(C)C)O,tg,1
C(C)c1ccc(cc1)C(CCN1CCOCC1)O,tg,0
C(C)c1ccc(cc1)C(O)(C)C,tg,2
C(C)c1ccc(cc1)C(O)C(F)(F)F,tg,1
C(C)c1ccc(cc1)C([Si](C)(C)C)[Si](C)(C)C,tg,0
C(C)c1ccc(cc1)C([Sn](C)(C)C)[Sn](C)(C)C,tg,2
C(C)c1ccc(cc1)CCC,tg,1
C(C)c1ccc(cc1)CCC(C(C(C(F)(F)F)(F)F)(F)F)(F)F,tg,0
C(C)c1ccc(cc1)CCCCCC,tg,2
C(C)c1ccc(cc1)CCCCCCCC,tg,1
C(C)c1ccc(cc1)CCCCCCCCCCCC,tg,0
C(C)c1ccc(cc1)CCCCCCCCCCCCCCCC,tg,2
C(C)c1ccc(cc1)COC,tg,1
C(C)c1ccc(cc1)COC(CC)C,tg,0
C(C)c1ccc(cc1)COCCC,tg,2
C(C)c1ccc(cc1)COCCC(C(C(C(C(C(C(C(F)(F)F)(F)F)(F)F)(F)F)(F)F)(F)F)(F)F)(F)F,tg,1
C(C)c1ccc(cc1)COCCC(C(C(C(C(C(F)(F)F)(F)F)(F)F)(F)F)(F)F)(F)F,tg,0
C(C)c1ccc(cc1)COCCC(C(C(C(F)(F)F)(F)F)(F)F)(F)F,tg,2
C(C)c1ccc(cc1)COCCCCCC,tg,1
C(C)c1ccc(cc1)COCCCCO,tg,0
C(C)c1ccc(cc1)COCCO,tg,2
C(C)c1ccc(cc1)COCCOCC,tg,1
C(C)c1ccc(cc1)COCCOCCCCCCCC,tg,0
C(C)c1ccc(cc1)COc1ccc(cc1)c1c2c(nsn2)c(cc1)c1sc(cc1)C,tg,2
C(C)c1ccc(cc1)COc1ccc(cc1)c1c2c(nsn2)c(cc1)c1sc(cc1)c1sc(cc1)CCCCCC,tg,1
C(C)c1ccc(cc1)C[Si](C)(C)C,tg,0
C(C)c1ccc(cc1)Cl,tg,2
C(C)c1ccc(cc1)Cn1c2ccccc2c2ccccc12,tg,1
C(C)c1ccc(cc1)F,tg,0
C(C)c1ccc(cc1)I,tg,2
C(C)c1ccc(cc1)N(c1ccccc1)c1ccccc1,tg,1
C(C)c1ccc(cc1)O,tg,0
C(C)c1ccc(cc1)OC,tg,2
C(C)c1ccc(cc1)OC(=O)C,tg,1
C(C)c1ccc(cc1)OCC,tg,0
C(C)c1ccc(cc1)OCCC,tg,2
C(C)c1ccc(cc1)OCCC(C)C,tg,1
C(C)c1ccc(cc1)OCCCC,tg,0
C(C)c1ccc(cc1)OCCOCCOC(=O)C,tg,2
C(C)c1ccc(cc1)OP1(=NP(=NP(=N1)(OCCOCCOCCOC)OCCOCCOCCOC)(OCCOCCOCCOC)OCCOCCOCCOC)OCCOCCOCCOC,tg,1
C(C)c1ccc(cc1)Oc1ccccc1,tg,0
C(C)c1ccc(cc1)S(=O)(=O)N(S(=O)(=O)C(F)(F)F)[Li],tg,2
C(C)c1ccc(cc1)[SiH](C)C,tg,1
C(C)c1ccc(cc1)[Si](C)(C)C,tg,0
C(C)c1ccc(cc1)[Si](O[Si](C)(C)C)(O[Si](C)(C)C)O[Si](C)(C)C,tg,2
C(C)c1ccc(cc1)c1c2ccccc2cc2ccccc12,tg,1
C(C)c1ccc(cc1)c1cc2C(c3c(c2cc1)ccc(c3)c1cc2C(c3c(c2cc1)cccc3)(CCCCCC)CCCCCC)(CCCCCC)CCCCCC,tg,0
C(C)c1ccc(cc1)c1cc2C(c3c(c2cc1)cccc3)(CCCCCC)CCCCCC,tg,2
C(C)c1ccccc1,tg,1
C(C)c1nc(ccc1)C,tg,0
C(C)c1nc(nc(n1)C)C,tg,2
C(C)c1ncccc1,tg,1
C(C)c1sccc1,tg,0
C(C=C1)=CC=C1C(=O)NC(=O),egc,2
C(C=C1)=CC=C1C(=S)C(C=C2)=CC=C2C(=S),egc,1
C(C=C1)=CC=C1C(=S)C(C=C2)=CC=C2O,egc,0
C(C=C1)=CC=C1C(=S)C(S2)=CC=C2O,egc,2
C(C=C1)=CC=C1C(=S)OC(=S),egc,1
C(C=C1)=CC=C1C(C=C2)=CC=C2C(=S)O,egc,0
C(C=C1)=CC=C1C(C=C2)=CC=C2C(C=C3)=CC=C3C(=S),egc,2
C(C=C1)=CC=C1C(C=C2)=CC=C2C(C=C3)=CC=C3C(C=C4)=CC=C4,egc,1
C(C=C1)=CC=C1C(C=C2)=CC=C2C(C=C3)=CC=C3C(S4)=CC=C4,egc,0
C(C=C1)=CC=C1C(C=C2)=CC=C2C(C=C3)=CC=C3O,egc,2
C(C=C1)=CC=C1C(C=C2)=CC=C2C(S3)=CC=C3C(=S),egc,1
C(C=C1)=CC=C1C(C=C2)=CC=C2C(S3)=CC=C3C(S4)=CC=C4,egc,0
C(C=C1)=CC=C1C(C=C2)=CC=C2C(S3)=CC=C3O,egc,2
C(C=C1)=CC=C1C(S2)=CC=C2C(=S)C(S3)=CC=C3,egc,1
C(C=C1)=CC=C1C(S2)=CC=C2C(C=C3)=CC=C3C(S4)=CC=C4,egc,0
C(C=C1)=CC=C1C(S2)=CC=C2C(C=C3)=CC=C3O,egc,2
C(C=C1)=CC=C1C(S2)=CC=C2C(S3)=CC=C3C(S4)=CC=C4,egc,1
C(C=C1)=CC=C1C(S2)=CC=C2C(S3)=CC=C3O,egc,0
C(C=C1)=CC=C1C(S2)=CC=C2OC(S3)=CC=C3,egc,2
C(C=C1)=CC=C1OC(=S)C(S2)=CC=C2,egc,1
C(C=C1)=CC=C1OC(S2)=CC=C2O,egc,0
C(CC(C)c1ccc(cc1)CCl)(C#N)C#N,tg,2
C(CC)(c1ccccc1)C,tg,1
C(CCC)(C(=O)O)C,tg,0
C(CCC)(C)C,tg,2
C(CCC)C,tg,1
C(CCCCC)C,tg,0
C(CCCCC)CCC,tg,2
C(CCCCC)CCCCCCCC,tg,1
C(CCCCC)CCCCCCCCCC,tg,0
C(CCCCCCC)C,tg,2
C(CCCCCCCC)Cl,tg,1
C(CCCCCCCCCCCCCCCCCCCC)COCCOCCOCCOCCOCc1c2ccc3cccc4ccc(cc1)c2c34,tg,0
C(Cl)=C(Cl)C(Cl)(Cl)C()(Cl)Cl,egc,2
C(F)(F)C()(F)OC(F)(F)F,egc,1
C(F)(F)C(=O)C(F)(F)O,egc,0
C(F)(F)C(C=C1)=CC=C1C(F)(F)C(=S),egc,2
C(F)(F)C(C=C1)=CC=C1C(F)(F)O,egc,1
C(F)(F)C(F)(F)C(=O)C(C=C1)=CC=C1,egc,0
C(F)(F)C(F)(F)C(C=C1)=CC=C1C(=S),egc,2
C(F)(F)C(F)(F)C(C=C1)=CC=C1C(S2)=CC=C2,egc,1
C(F)(F)C(F)(F)C(F)(F)C()(F)C(F)(F)F,egc,0
C(F)(F)C(F)(F)C(S1)=CC=C1O,egc,2
C(F)(F)C(F)(F)CC(C=C1)=CC=C1,egc,1
C(F)(F)C(F)(F)CN,egc,0
C(F)(F)C(F)(F)CO,egc,2
C(F)(F)C(F)(F)NC(=O),egc,1
C(F)(F)C(F)(F)ON,egc,0
C(F)(F)C(S1)=CC=C1C(F)(F)C(=S),egc,2
C(F)(F)C(S1)=CC=C1C(F)(F)C(S2)=CC=C2,egc,1
C(F)(F)C(S1)=CC=C1C(F)(F)O,egc,0
C(F)(F)C1(F)C(F)(F)C()(F)C(F)(F)C(F)(Cl)C1(F)F,egc,2
C(F)(F)C1(F)C(F)(F)C()(F)C(F)(F)C(F)(F)C(F)(F)C1(F)F,egc,1
C(F)(F)C1(F)C(F)(F)C()(F)C(F)(F)C1(F)F,egb,0
C(F)(F)CC(F)(F)C(=O),egc,2
C(F)(F)CC(F)(F)C(=S),egc,1
C(F)(F)CC(F)(F)C(C=C1)=CC=C1,egc,0
C(F)(F)CC(F)(F)C(S1)=CC=C1,egc,2
C(F)(F)CC(F)(F)N,egc,1
C(F)(F)CC(F)(F)O,egc,0
C(F)(F)NC(F)(F)C(=O),egc,2
C(F)(F)NC(F)(F)C(S1)=CC=C1,egc,1
C(F)(F)NC(F)(F)N,egc,0
C(F)(F)NC(F)(F)O,egc,2
C(F)C()(F)F,eea,2
C(F)C()(F)F,ei,2
C(F)C()(F)F,nc,2
C(F)C()(F)OC(F)(F)F,egb,1
C(I)=C()I,egc,0
C(OC(C)=O)=C(OC(C)=O)c1ccc()cc1,egc,2
C(OC(F)(F)F)C()(F)F,egc,1
C(OC)=C(OC)c1ccc()s1,egc,0
C(S1)=CC=C1C(=S)C(S2)=CC=C2O,egc,2
C(S1)=CC=C1C(S2)=CC=C2C(S3)=CC=C3O,egc,1
C(S1)=CC=C1C(S2)=CC=C2OC(=S),egc,0
C([2H])([2H])C()(C(=O)OC([2H])([2H])C([2H])([2H])[2H])C([2H])([2H])[2H],egc,2
C([2H])([2H])C()(F)F,egc,1
C([2H])([2H])C()([2H])C([2H])=C([2H])[2H],egc,0
C(c1ccc(N(C)C)cc1)C()c1ccc([N+](=O)[O-])cc1,egc,2
C(c1ccccc1)=c1ccc(=c2ccc(=C(c3ccccc3)c3ccc(-c4ccc()s4)s3)s2)s1,egc,1
C(c1ccccc1)C()(C#N)C#N,egc,0
C(c1cccs1)=c1ccc(=c2ccc(=C(c3cccs3)c3ccc(-c4ccc()s4)s3)s2)s1,egc,2
C1(C(=O)N(C(=O)C(C1)()C)C)C,tg,1
C1(C(=O)N(C(=O)C1)c1ccccc1)C,tg,0
C1(C(=O)OC(=O)C(C1)(C)C)C,tg,2
C1(C(=O)OC(=O)C1(C(C)OC)C)C,tg,1
C1(C(C(C(C(C(C1(F)F)(F)F)(F)F)(F)F)(C()(F)F)F)(F)F)F,tg,0
C1(C(C(C(C(C1(F)F)(Cl)F)(F)F)(C()(F)F)F)(F)F)F,tg,2
C1(C(C(C(C1(F)F)(F)F)(C()(F)F)F)(F)F)F,tg,1
C1(C(C(C1(F)F)(C()(F)F)F)(F)F)F,tg,0
C1(C)CC()(C)C(=O)N(C)C1=O,egc,2
C1(CC(C1))C#N,tg,1
C1(CC(c2c1cc(cc2))(C)C)C,tg,0
C1(CCCCC1)C,tg,2
C1(CCN(CC1)C(=O)C(CC(=O)N1CCC(CC1)(CCC)C)C)C,tg,1
C1(CCN(CC1)C(=O)CCC(=O)N1CCC(CC1)(CCC)C)C,tg,0
C1(F)OC(C(F)(F)F)(C(F)(F)Cl)OC1()F,egc,2
C1(NCC(NC1)(C(=O)OCC(CSCC(COC(=O))(C)C)(C)C)C)C,tg,1
C1(OC(C(O1)(F)C(F)(F)F)(F)F)C()(F)F,tg,0
C1(OC(C(O1)(F)F)(F)C(F)(F)F)C()(F)F,tg,2
C1(OC(C(O1)(F)F)(F)F)C()(F)F,tg,1
C1(OC(CO1)c1ccccc1)C,tg,0
C1(OC(OC1()F)(C(Cl)(F)F)C(F)(F)F)F,tg,2
C1(OC(OC1)(C(F)(F)F)C(F)(F)F)F,tg,1
C1(c2c(C(=O)N1)cccc2)c1ccc(cc1)OC(=O)c1cc(ccc1)C(=O)Oc1ccc(cc1),tg,0
C1(c2c(C(=O)N1)cccc2)c1ccc(cc1)OC(=O)c1ccc(cc1)C(=O)Oc1ccc(cc1),tg,2
C1(c2c(C(=O)N1)cccc2)c1ccc(cc1)Oc1ccc(cc1)C(=O)c1ccc(cc1)Oc1ccc(cc1),tg,1
C1(c2c(C(=O)N1)cccc2)c1ccc(cc1)Oc1ccc(cc1)NC(=O)c1cc2c(C(=O)N(C2=O)c2ccc(cc2)Cc2ccc(cc2)N2C(=O)c3c(C2=O)cc(cc3)C(=O)Nc2ccc(cc2)Oc2ccc(cc2))cc1,tg,0
C1(c2c(C(=O)N1C)cccc2)c1ccc(cc1)Oc1ccc(cc1)C(=O)c1ccc(cc1)Oc1ccc(cc1),tg,2
C1(c2c(C(=O)N1c1ccccc1)cccc2)c1ccc(cc1)OC(=O)c1ccc(cc1)[Si](c1ccc(cc1)C(=O)Oc1ccc(cc1))(C)C,tg,1
C1(c2c(C(=O)O1)cccc2)c1c(cc(c(c1)C(C)C)Oc1ccc(cc1)S(=O)(=O)c1ccc(cc1)Oc1c(cc(c(c1)C))C(C)C)C,tg,0
C1(c2c(C(=O)O1)cccc2)c1c(cc(c(c1)C)Oc1ccc(cc1)S(=O)(=O)c1ccc(cc1)Oc1c(cc(c(c1)C))C)C,tg,2
C1(c2c(C(=O)O1)cccc2)c1cc(c(c(c1)Br)OC(=O)c1ccc(cc1)C(=O)Oc1c(cc(cc1Br))Br)Br,tg,1
C1(c2c(C(=O)O1)cccc2)c1cc(c(cc1)OC(=O)c1cc(ccc1)C(=O)Oc1c(cc(cc1))C)C,tg,0
C1(c2c(C(=O)O1)cccc2)c1cc(c(cc1)Oc1ccc(cc1)S(=O)(=O)c1ccc(cc1)Oc1c(cc(cc1))C)C,tg,2
C1(c2c(C(=O)O1)cccc2)c1ccc(cc1)C(=O)NNC(=O)c1ccc(cc1)C(=O)NNC(=O)c1ccc(cc1),tg,1
C1(c2c(C(=O)O1)cccc2)c1ccc(cc1)OC(=O)Oc1ccc(cc1),tg,0
C1(c2c(C(=O)O1)cccc2)c1ccc(cc1)OC(=O)c1cc(cc(c1)Cl)C(=O)Oc1ccc(cc1),tg,2
C1(c2c(C(=O)O1)cccc2)c1ccc(cc1)OC(=O)c1ccc(cc1)C(=O)Oc1ccc(cc1),tg,1
C1(c2c(C(=O)O1)cccc2)c1ccc(cc1)OC(=O)c1ccc(cc1)[Si](c1ccc(cc1)C(=O)Oc1ccc(cc1))(c1ccccc1)c1ccccc1,tg,0
C1(c2c(C(=O)O1)cccc2)c1ccc(cc1)Oc1c(c(c(c(c1F)F)C(=O)c1c(c(c(c(c1F)F)Oc1ccc(cc1))F)F)F)F,tg,2
C1(c2c(C(=O)O1)cccc2)c1ccc(cc1)Oc1ccc(cc1)S(=O)(=O)c1ccc(cc1)Oc1ccc(cc1),tg,1
C1(c2c(CO1)cccc2)c1ccc(cc1)OC(=O)c1ccc(cc1)C(=O)Oc1ccc(cc1),tg,0
C1(c2c(Oc3c1cccc3)cccc2)c1ccc(cc1)OC(=O)c1ccc(cc1)C(=O)Oc1ccc(cc1),tg,2
C12CC3CC(C1)CC()(C3)C2,egc,1
C13C(C=)OC(C=)C1C(=O)N(C2=CC=CC(C(F)(F)F)=C2)C3=O,egc,0
C1=C(C(=O)N(C1=O)CCCC)c1ccc(cc1)c1cc2C(c3c(c2cc1)ccc(c3)c1ccc(cc1))(CCCCCC)CCCCCC,tg,2
C1=C(CC(C1)(C(=O)OCC)C(=O)OCC)C=C,tg,1
C1=C(CCCCCC)C(CCCCCC)=C(c2sc(-c3sc()c4c3OCCO4)c3c2OCCO3)S1(=O)=O,egc,0
C1=CC(=C(C#N)C#N)C=C(O1)C=Cc1ccc(cc1)N=Nc1ccc(cc1)N(CCOC(=O)Nc1c(ccc(c1)NC(=O)OCCN(c1ccc(cc1)N=Nc1ccc(cc1)C=C)C)C)C,tg,2
C1=CC(=C(C#N)C#N)C=C(O1)C=Cc1sc(c(c1CCCCCC)CCCCCC)c1cc2C(c3c(c2cc1)ccc(c3)c1sc(c(c1CCCCCC)CCCCCC)C=C)(CCCCCC)CCCCCC,tg,1
C1=CC(=C(C#N)C#N)C=C(O1)C=Cc1sc(c(c1CCCCCC)CCCCCC)c1sc(cc1)c1sc(c(c1CCCCCC)CCCCCC)C=C,tg,0
C1=CC(=C(C#N)C#N)C=C(O1)C=Cc1sc(cc1)N(CCOC(=O)Nc1c(ccc(c1)NC(=O)OCCN(c1sc(cc1)C=C)C)C)C,tg,2
C1=CC(=C(C#N)C#N)C=C(O1)C=Cc1sc(cc1)c1ccc(cc1)C(=Cc1cc2C(c3c(c2cc1)ccc(c3)C=C(c1ccc(cc1)c1sc(cc1)C=C)C#N)(CC)CC)C#N,tg,1
C1=CC(C)C(C(=O)C(=O)C2CC3C()CC3(O)C2=O)C(=O)N1C,egc,0
C1=CC2=CC()=NC2=N1,egc,2
C1=CC2=NC()=CC2=N1,egc,1
C1=CC=C(c2sc(-c3sc()c4c3OCCO4)c3c2OCCO3)S1(=O)=O,egc,0
C1=NC2=CC()C=CC2=C1,egc,2
C1C(=CC)CC(C1)C=C,tg,1
C1C(=O)N(C(=O)C1)C(C)(C)C,tg,0
C1C(=O)N(C(=O)C1)C1CCCCC1,tg,2
C1C(=O)N(C(=O)C1)CCCCCCCCOc1ccc(cc1)c1ccc(cc1)C#N,tg,1
C1C(=O)N(C(=O)C1)CCCCCCOc1ccc(cc1)c1ccc(cc1)C#N,tg,0
C1C(=O)N(C(=O)C1)CCCCCOc1ccc(cc1)c1ccc(cc1)C#N,tg,2
C1C(=O)N(C(=O)C1)CCCCOc1ccc(cc1)c1ccc(cc1)C#N,tg,1
C1C(=O)N(C(=O)C1)CCCOc1ccc(cc1)c1ccc(cc1)C#N,tg,0
C1C(=O)N(C(=O)C1)CCOc1ccc(cc1)c1ccc(cc1)C#N,tg,2
C1C(=O)N(C(=O)C1)c1c(cccc1)C,tg,1
C1C(=O)N(C(=O)C1)c1c(cccc1)C(=O)OCCCC,tg,0
C1C(=O)N(C(=O)C1)c1c(cccc1CC)CC,tg,2
C1C(=O)N(C(=O)C1)c1cc(c(c(c1)Br)O[Si](C)(C)C)Br,tg,1
C1C(=O)N(C(=O)C1)c1cc(c(c(c1)Br)O[Si](c1ccccc1)(c1ccccc1)c1ccccc1)Br,tg,0
C1C(=O)N(C(=O)C1)c1ccc(cc1)Cc1ccc(cc1)N1C(=O)C(CC1=O)CC=Cc1c(ccc(c1)C(c1cc(c(cc1)O)C=CC)(C)C)O,tg,2
C1C(=O)N(C(=O)C1C(C)(C)C)C,tg,1
C1C(=O)N(C(=O)C1C(C)(C)C)CCCC,tg,0
C1C(=O)N(C(=O)C1C(C)(C)C)c1c(cccc1)C,tg,2
C1C(=O)N(C(=O)C1C(C)(C)C)c1c(cccc1C)C,tg,1
C1C(=O)N(C(=O)C1C(C)(C)C)c1c(cccc1CC)CC,tg,0
C1C(=O)N(C(=O)C1C(C)OC)c1ccc(cc1)N(C)C,tg,2
C1C(=O)N(C(=O)C1C(C)c1ccccc1)C,tg,1
C1C(=O)N(C(=O)C1C(C)c1ccccc1)C(C)(C)C,tg,0
C1C(=O)N(C(=O)C1C(C)c1ccccc1)CCCCCCCCCCCC,tg,2
C1C(=O)N(C(=O)C1C(C)c1ccccc1)CCCCNC(=O)C(C(C(C(C(C(C(F)(F)F)(F)F)(F)F)(F)F)(F)F)(F)F)(F)F,tg,1
C1C(=O)N(C(=O)C1C(C)c1ccccc1)CCCN(c1cc(c(cc1)N=Nc1c(cc(cc1)[N+](=O)[O-])Cl)C)CC,tg,0
C1C(=O)N(C(=O)C1C(C)c1ccccc1)CCN(c1ccc(cc1)N=Nc1ccc(cc1)[N+](=O)[O-])CC,tg,2
C1C(=O)N(C(=O)C1C(C)c1ccccc1)c1ccc(cc1)NC(=O)OCC1N(CCC1)c1ccc(cc1)[N+](=O)[O-],tg,1
C1C(=O)N(C(=O)C1CC)C,tg,0
C1C(=O)N(C(=O)C1CC)CC,tg,2
C1C(=O)N(C(=O)C1CC)CCCCCCCCCCCC,tg,1
C1C(=O)N(C(=O)C1CC)CCCCCCCCCCCCCCCC,tg,0
C1C(=O)N(C(=O)C1CC)CCCCNC(=O)C(C(C(C(C(C(C(F)(F)F)(F)F)(F)F)(F)F)(F)F)(F)F)(F)F,tg,2
C1C(=O)N(C(=O)C1CC)c1ccc(cc1)N(C)C,tg,1
C1C(=O)OC(=O)C(C1)C,tg,0
C1C(=O)OC(=O)C1,egb,0
C1C(=O)OC(=O)C1,egc,0
C1C(=O)OC(=O)C1C(C)(N=C=O)C,tg,2
C1C(=O)OC(=O)C1C(C)OC(C)C,tg,1
C1C(=O)OC(=O)C1C(C)OC1CCCCC1,tg,0
C1C(=O)OC(=O)C1C(C)OCC,tg,2
C1C(=O)OC(=O)C1C(C)OCCCC,tg,1
C1C(=O)OC(=O)C1C(C)c1ccccc1,tg,0
C1C(=O)OC(=O)C1C1C2CC(C(=O)OC3CCCCC3)C(C2)C1,egc,2
C1C(=O)OC(=O)C1C1C2CC(C(C1)C2)C(=O)OC1CCCCC1,tg,1
C1C(=O)OC(=O)C1C1C2CC(C(C1)C2)COCCC,tg,0
C1C(C(C(C1)(O)C(F)(F)F)(F)F)(C(C)(F)F)F,tg,2
C1C(C(C(C1)C)OC(=O)CCCCCCCCCCOc1ccc(cc1)c1ccc(cc1)C#N)OC(=O)CCCCCCCCCCOc1ccc(cc1)c1ccc(cc1)C#N,tg,1
C1C(C(C(C1)C=C)(OC(C(C(F)(F)F)(F)F)(F)F)F)(F)F,tg,0
C1C(C(C(C1)C=C)C(=O)OC(C)(C)C)C(=O)OC(C)(C)C,tg,2
C1C(C(C(C1)C=C)C(=O)OC)C(=O)OC,tg,1
C1C(C(C(C1)C=C)C(=O)OCCCCCCCCCCCOc1ccc(cc1)c1ccc(cc1)C#N)C(=O)OCCCCCCCCCCCOc1ccc(cc1)c1ccc(cc1)C#N,tg,0
C1C(C(C(C1)C=C)C(=O)OCCCCCCOc1ccc(cc1)c1ccc(cc1)C#N)C(=O)OCCCCCCOc1ccc(cc1)c1ccc(cc1)C#N,tg,2
C1C(C(C(C1)C=C)C(=O)Oc1ccccc1)C(=O)Oc1ccccc1,tg,1
C1C(C2CC(C1C2))CCCCCC,tg,0
C1C(CC(C1)C(O)(C(F)(F)F)C(F)(F)F)(C(C)(F)F)F,tg,2
C1C(CC(C1)C=C)(CCC)C#N,tg,1
C1C(CC(C1)C=C)(CCCC)C#N,tg,0
C1C(CC(C1)C=C)(C[Si](C)(C)C)C#N,tg,2
C1C(CC(C1)C=C)([Si](C)(C)C)C#N,tg,1
C1C(CC(C1)C=C)([Si](O[Si](C)(C)C)(C)C)C#N,tg,0
C1C(CC(C1)C=C)([Si](O[Si](O[Si](C)(C)C)(C)C)(C)C)C#N,tg,2
C1C(CC(C1)C=C)C(=O)OCCCCCCCCOc1ccc(cc1)C=Cc1ccc(cc1)[N+](=O)[O-],tg,1
C1C(CC(C1)C=C)C(=O)OCCN(C)C,tg,0
C1C(CC(C1)C=C)C(=O)OCCNC(C)(C)C,tg,2
C1C(CC(C1)C=C)C1CC=CCC1,tg,1
C1C(CC(C1)C=C)[Si](C)(C)C,tg,0
C1C(CC(C1)OC(=O)CCCCCCCCCCOc1ccc(cc1)c1ccc(cc1)C#N)CC,tg,2
C1C2C(C(=O)N(C2=O)CCC)C(C1)C=C,tg,1
C1C2C(C(=O)N(C2=O)CCCCCCC)C(C1)C=C,tg,0
C1C2C(C(=O)N(C2=O)CCCCCCCC)C(C1)C=C,tg,2
C1C2C(C(=O)N(C2=O)CCCCCCCCC)C(C1)C=C,tg,1
C1C2C(C(=O)N(C2=O)CCCCCCCCCC)C(C1)C=C,tg,0
C1C2C(C(=O)N(C2=O)CCCCCCCCCCCC)C(C1)C=C,tg,2
C1C2C(C(=O)N(C2=O)c2c(cccc2)C)C(C1)C=C,tg,1
C1C2C(C(=O)N(C2=O)c2c(cccc2)Cl)C(C1)C=C,tg,0
C1C2C(C(=O)N(C2=O)c2cc(ccc2)Cl)C(C1)C=C,tg,2
C1C2C(C(=O)N(C2=O)c2cc(ccc2)F)C(C1)C=C,tg,1
C1C2C(C(=O)N(C2=O)c2ccc(cc2)Br)C(C1)C=C,tg,0
C1C2C(C(C(C1)C2)C(=O)OCC12CC3CC(CC(C1)C3)C2)C(=O)OCC12CC3CC(CC(C1)C3)C2,tg,2
C1C2C(C(C(C1)C2)C(=O)OCCC12CC3CC(CC(C1)C3)C2)C(=O)OCCC12CC3CC(CC(C1)C3)C2,tg,1
C1C2C(C(C(C1)C2)C(=O)OCCC1C2CCC(C1)C2)C(=O)OCCC1C2CCC(C1)C2,tg,0
C1C2C(C(C(C1)C2)C(=O)OCCCc1ccccc1)C(=O)OCCCc1ccccc1,tg,2
C1C2C(C(C(C1)C2)C(=O)OCc1ccccc1)C(=O)OCc1ccccc1,tg,1
C1C2C(C(C(C1)C2)COCc1ccccc1)COCc1ccccc1,tg,0
C1C2C(C(C1)CC)C1C(CC2C1)c1ccc(cc1)COC(CC)C,tg,2
C1C2C3C(C=CC3)C(C1)C2,tg,1
C1C2C=CC(C1C(=O))C2,tg,0
C1C2CC(=CC)C(C2)C1,egc,2
C1C2CC(C(C1)C2)C,tg,1
C1C2CC(C(C1)C2)C(=O)OCCc1ccc(cc1)N(c1cc(ccc1)C)c1ccccc1,tg,0
C1C2CC(C(C1)C2)C(=O)OCCc1ccc(cc1)N(c1ccccc1)c1ccccc1,tg,2
C1C2CC(C(C1)C2)CCCCc1ccccc1,tg,1
C1C2CC(C(C1)C2)[Si](C)(C)C,tg,0
C1C2CC(C)C(C2)C1,egc,2
C1C2CCC(C2)C1,egc,1
C1C=C(C)C()S1,egc,0
C1C=C(CCCCCC)C()S1,egc,2
C1C=CC()C1,egc,1
C1C=CC()CC1,egc,0
C1CC()OC(O)O1,egc,2
C1CC(C)(C)OC1,egc,1
C1CC(CC1),tg,0
C1CC(CC1)C=C,tg,2
C1CC2C3CC4C(C3)C24C1,egc,1
C1CC2CC(CC(C1)O2)OC(=O)NC1CCC(CC1)CC1CCC(CC1)NC(=O)O,tg,0
C1CC2CC(CC(C1)O2)OC(=O)O,tg,2
C1CC2CC(CC(C1)O2)OC(=O)Oc1ccc(cc1)S(=O)(=O)c1ccc(cc1)OC(=O)O,tg,1
C1CC2CC1C()C2CCCC,egc,0
C1CCC2C()CCC12,egc,2
C1CCN(CC1)C(=C(c1ccc(cc1)C(=O)OCC)C#N)c1ccc(cc1)OC,tg,1
C1CCN(CC1)c1sc(cc1)C=CC1=CC(=C(C#N)C#N)C=C(O1)C=Cc1sc(cc1)N1CCC(CC1)OC(=O)Nc1c(ccc(c1)NC(=O)O)C,tg,0
C1CN(CCC1)C(=C(c1ccc(cc1)C(=O)OC)C#N)c1ccc(cc1)OC,tg,2
C1COC2C1OCC2OC(=O)C(NC(=O)CCCCC(=O)NC(C(=O)O)C(CC)C)C(CC)C,tg,1
C1COC2C1OCC2OC(=O)C(NC(=O)CCCCC(=O)NC(C(=O)O)C)C,tg,0
C1COC2C1OCC2OC(=O)C(NC(=O)CCCCC(=O)NC(C(=O)O)CC(C)C)CC(C)C,tg,2
C1COC2C1OCC2OC(=O)C(NC(=O)CCCCC(=O)NC(C(=O)O)CCSC)CCSC,tg,1
C1COC2C1OCC2OC(=O)C(NC(=O)CCCCC(=O)NC(C(=O)O)Cc1ccccc1)Cc1ccccc1,tg,0
C1COC2C1OCC2OC(=O)C(NC(=O)CCCCCC(=O)NC(C(=O)O)C)C,tg,2
C1COC2C1OCC2OC(=O)C(NC(=O)CCCCCCC(=O)NC(C(=O)O)C)C,tg,1
C1COC2C1OCC2OC(=O)C(NC(=O)CCCCCCC(=O)NC(C(=O)O)Cc1ccccc1)Cc1ccccc1,tg,0
C1COC2C1OCC2OC(=O)C(NC(=O)CCCCCCCCC(=O)NC(C(=O)O)C)C,tg,2
C1COC2C1OCC2OC(=O)C(NC(=O)CCCCCCCCC(=O)NC(C(=O)O)CC(C)C)CC(C)C,tg,1
C1COC2C1OCC2OC(=O)C(NC(=O)CCCCCCCCC(=O)NC(C(=O)O)CCSC)CCSC,tg,0
C1COC2C1OCC2OC(=O)C(NC(=O)CCCCCCCCC(=O)NC(C(=O)O)Cc1ccccc1)Cc1ccccc1,tg,2
C1COC2C1OCC2OC(=O)C(NC(=O)CCCCCCCCCCC(=O)NC(C(=O)O)Cc1ccccc1)Cc1ccccc1,tg,1
C1COC2C1OCC2OC(=O)C=CC(=O)O,tg,0
C1COC2C1OCC2OC(=O)CNC(=O)CCCCCCCCC(=O)NCC(=O)O,tg,2
C1COC2C1OCC2OC(=O)O,tg,1
C1COC2C1OCC2OC(=O)OCC(C(COC(=O)O)O)O,tg,0
C1COC2C1OCC2OC(=O)OCC1OC(OC1COC(=O)O)(C)C,tg,2
C1COC2C1OCC2OC(=O)OCCCCCCCCCCOC(=O)O,tg,1
C1COC2C1OCC2OC(=O)OCCCCCCCCOC(=O)O,tg,0
C1COC2C1OCC2OC(=O)OCCCCCCOC(=O)O,tg,2
C1COC2C1OCC2OC(=O)OCCCCOC(=O)O,tg,1
C1COC2C1OCC2OC(=O)OCCOCCOC(=O)O,tg,0
C1COC2C1OCC2OC(=O)OCCOCCOCCOC(=O)O,tg,2
C1COC2C1OCC2OC(=O)OCCOCCOCCOCCOC(=O)O,tg,1
C1COC2C1OCC2OC(=O)c1cc(ccc1)OCCCCCCCCOc1cc(ccc1)C(=O)O,tg,0
C1COC2C1OCC2OC(=O)c1ccc(cc1)C(=O)O,tg,2
C1COC2C1OCC2Oc1ccc(cc1)CNC(=O)CCCCC(=O)NCc1ccc(cc1)O,tg,1
C1COC2C1OCC2Oc1ccc(cc1)NC(=O)CCCCCCC(=O)Nc1ccc(cc1)O,tg,0
C1COC2C1OCC2Oc1ccc(cc1)NC(=O)c1ccc(cc1)C(=O)Nc1ccc(cc1)O,tg,2
C1COC2C1OCC2Oc1ccc(cc1)NC(=O)c1ccc(cc1)OC1COC2C1OCC2Oc1ccc(cc1)C(=O)Nc1ccc(cc1)O,tg,1
C1C[N+](CC1CC)(C)C,tg,0
C1N(CC(C1)OC(=O))C(=O)OCc1ccccc1,tg,2
C1OC(=O)C(C1)CCC1C(=O)OC(C1)CCCCC=CCCCC,tg,1
C1OC(C(C(C1NC(=O)C)O)O)CO,tg,0
C1OC(C(C(C1O)O)O)CO,tg,2
C1OC(C(C(C1O)O)O)COCO,tg,1
C1OC(C(C(C1OC(=O)C)O)O)COC(=O)C,tg,0
C1OC(C(C(C1OC(=O)Nc1ccccc1)OC(=O)Nc1ccccc1)O)COC(=O)Nc1ccccc1,tg,2
C1OC(C(C(C1OCC)OCC)O)COCC,tg,1
C1OC(CCC1)NC(=O),tg,0
C1OC(CO1)COC(=O)CCCCCCC,tg,2
C1OC(OC(C1)C)CCC,tg,1
C1OC(OC1COC(=O)OC)(C)C,tg,0
C1OC(OC1COC(=O)OC)OCC,tg,2
C1OC2C(C1OC(=O)OC)OC(O2)(C)C,tg,1
C1OCC(CO1)(COC(=O)CCCCCCC)C,tg,0
C1OCC(CO1)OC(=O)CCCCCCC,tg,2
C1OCC(OC1)CNC(=O)CCCCC(=O)NC,tg,1
C1OCC(OC1)CNC(=O)CCCCCCCCC(=O)NC,tg,0
C1OCC2(CO1)COC(OC2)CCCCCCCC(=O)OCCOC(=O)CCCCCCC,tg,2
C1OCCC1,tg,1
C1OCCCC1C1C(=O)OC(=O)C1,tg,0
C1OCOC(C1(F)F)C()(F)F,tg,2
C1OCOC(C1)C,tg,1
C1SC(C=C1CCCCCC),tg,0
C1c2c(CC1)cccc2,tg,2
C1c2c(OC1)cccc2,tg,1
C1c2c3c(cccc3ccc2)C1,tg,0
C=C,tg,2
C=C()C#N,egb,1
C=C()CO,egc,0
C=C()c1cc(C(F)(F)F)oc1C(F)(F)F,egc,2
C=C()c1ccc(C(=O)Oc2c(F)c(F)c(F)c(F)c2F)cc1,egc,1
C=C()c1ccc(NC=O)cc1,egc,0
C=C()c1ccc([N+](=O)[O-])cc1,egc,2
C=C()c1cccc(Br)c1,egc,1
C=C()c1cccc(C#C)c1,egc,0
C=C()c1cccc([Si](C)(C)C)c1,egc,2
C=C()c1cccc2ccccc12,egc,1
C=C()c1cccc[n+]1CC#C,egc,0
C=C()c1ccccc1C(F)(F)F,egc,2
C=C()c1cccs1,egc,1
C=C()c1ccsc1,egc,0
C=C(C(C)(F)F)F,tg,2
C=C(F)C(F)(F)C,egc,1
C=C1CCC(=Cc2ccc()cc2)C1=O,egc,0
C=C1CCC(=Cc2ccc(Sc3ccc()o3)o2)C1=O,egc,2
C=CC(=C(C)C)C()=C(C)C,egc,1
C=CC(=O)C(C)=Cc1ccc(Sc2ccc()o2)o1,egc,0
C=CC(C()C(=O)OC)C,tg,2
C=CC(C()C(=O)OCC)C(=O)OCC,tg,1
C=CC(C()C(=O)OCCCN(c1ccc(cc1)N(C)C)C)C,tg,0
C=CC(C()C(=O)OCc1ccccc1)C(=O)OCc1ccccc1,tg,2
C=CC(C()COCc1ccccc1)COCc1ccccc1,tg,1
C=CC(C(=O)OC(C)C)C()C(=O)OC(C)C,egc,0
C=CC(C(=O)OC)C()c1ccccc1,egc,2
C=CC(C)(C)C()(C)C,egc,1
C=CC(C)(C)CC(C#N)C,egb,2
C=CC(C)(C)CC(C#N)C,egc,2
C=CC(C)=C(C)C=Cc1ccc(-c2ccc()s2)s1,egc,0
C=CC(C)C,egc,2
C=CC(C)C()C(=O)OCC(C)C,egc,1
C=CC(C)C()C(=O)OCCCC,egb,1
C=CC(C)C()C(=O)OCCCC,egc,1
C=CC(C)CCCCCCCCC,egc,0
C=CC(C)COCC(=O)OCCCCCCCCOc1ccc(cc1)C=Cc1ccc(cc1)[N+](=O)[O-],tg,2
C=CC(C)OC,egc,0
C=CC(C)OC,tg,0
C=CC1=C(O)C(O)=C()C1,egc,1
C=CC1CC()C(C#N)(CC)C1,egc,0
C=CC1CC()C(C#N)(CCC)C1,egb,2
C=CC1CC()C(C#N)(C[Si](C)(C)C)C1,egc,1
C=CC1CC()C(C(=O)OC)C1C(=O)OC,egc,0
C=CC1CC()C(C(=O)OCCNC(C)(C)C)C1,egb,2
C=CC1CC()C(C(=O)OCCNC(C)(C)C)C1,egc,2
C=CC1CC()C(C(F)(F)F)(C(F)(F)F)C1(F)F,egc,2
C=CC1CC()C(F)(F)C1(F)OC(F)(F)C(F)(F)C(F)(F)F,egc,1
C=CC1CC()C2(Cl)OC(=O)OC12Cl,egc,0
C=CC1CC()C2C(=O)N(CCC)C(=O)C12,egc,2
C=CC1CC()C2C(=O)N(CCCCCCCCC)C(=O)C12,egb,1
C=CC1CC()C2C(=O)N(CCCCCCCCC)C(=O)C12,egc,1
C=CC1CC()C2C(=O)N(c3cc(C(F)(F)F)cc(C(F)(F)F)c3)C(=O)C12,egc,1
C=CC1CC()C2C(=O)N(c3ccc(C)cc3)C(=O)C12,egc,0
C=CC1CC()C2C(=O)N(c3cccc(C)c3)C(=O)C12,egc,2
C=CC1CC()C2C3CCC(C3)C12,egc,1
C=CC1CC()C2CC=CC12,egb,0
C=CC1CC()C2CC=CC12,egc,0
C=CC1CC()C2CCCC12,egc,0
C=CC1CCC()C1,egc,2
C=CC=CC=CC=C()CCS(=O)(=O)O,egc,1
C=CC=CCC,egc,0
C=CCC,egc,2
C=CCC,tg,2
C=CCC(C)(C(=O)OC12CC3CC(CC(C1)C3)C2)C(=O)OC12CC3CC(CC(C1)C3)C2,tg,2
C=CCCC,egc,1
C=CCCCC,egb,1
C=CCCCC,egc,1
C=CCCCC(CCC)Cl,tg,0
C=CCCCC(Cl)CCC,egc,2
C=CCCCCC,egc,1
C=CCCCCCCC(CCCCCC)Cl,tg,0
C=CCCCCCCCCCC,egc,0
C=CCCCCCCCCCC,tg,0
C=CCCCCCCCCCC(CCCCCCCCC)COCCOCCOCCOCCOCc1c2ccc3cccc4ccc(cc1)c2c34,tg,2
C=CCCCCCCCCCC(CCCCCCCCC)Cl,tg,1
C=CCCCCCCCCCC(Cl)CCCCCCCCC,egc,0
C=Cc1cc(CCCCCC)c(-c2sc()cc2CCCCCC)s1,egc,2
C=Cc1cc(Cl)c()cc1Cl,egc,1
C=Cc1cc(OC)c()cc1Br,egc,0
C=Cc1cc(OC)c(C=Cc2ccc()s2)cc1OC,egc,2
C=Cc1cc(OCC)c()cc1OCC,egc,1
C=Cc1cc(OCCCCCC)c()cc1OC,egc,0
C=Cc1ccc()c(C(=O)OC)c1C(=O)OC,egc,2
C=Cc1ccc()c(F)c1,egc,1
C=Cc1ccc()c2ccc(CCCCCC)cc12,egc,0
C=Cc1ccc()c2ccc(CCCCCCCCCCC)cc12,egc,2
C=Cc1ccc()c2occc12,egc,1
C=Cc1ccc()c2sccc12,egc,0
C=Cc1ccc()n1CCCCCC,egb,2
C=Cc1ccc()n1CCCCCC,egc,2
C=Cc1ccc()n1CCCCCCCCCCCC,egc,2
C=Cc1ccc()nc1,egc,1
C=Cc1ccc()s1,egc,0
C=Cc1ccc(-c2ccc()s2)s1,egc,2
C=Cc1ccc(-c2ccc(C=Cc3cc()ncn3)cc2)cc1,egc,1
C=Cc1ccc(C=Cc2cc()ncn2)cc1,egc,0
C=Cc1ccc2c(c1)C(CC(CC)CCCC)(CC(CC)CCCC)c1cc()ccc1-2,egc,2
C=Cc1cccc(C=Cc2cc()nc(-c3ccccc3)n2)c1,egc,1
C=Cc1cccc(C=Cc2cc()ncn2)c1,egc,0
C=Cc1csc(C=Cc2cccc()n2)c1CCCCCC,egc,2
C=Cc1sc()c2c1OC(CCCCCC)CO2,egc,1
C=NCCCCCCN=Cc1ccc(Sc2ccc()o2)o1,egc,0
C=NCCN=Cc1ccc(Sc2ccc()o2)o1,egc,2
C=NN=Cc1cc(CCCCCCCCCCCC)c()s1,egc,1
C=Nc1ccc(N=Cc2ccc(Sc3ccc()o3)o2)cc1,egc,0
C=Nc1ccc(S(=O)(=O)c2ccc(N=Cc3ccc(Sc4ccc()o4)o3)cc2)cc1,egc,2
C=Nc1cccc(N=Cc2cccc()n2)c1,egc,1
C=c1ccc(=c2ccc(=Cc3ccc()s3)s2)s1,egb,0
C=c1ccc(=c2ccc(=Cc3ccc(-c4ccc()s4)s3)s2)s1,egc,2
CC#CC#CCOC(=O)CCC(=O)O,egc,1
CC#CC#CCOC(=O)NCCCCCCNC(=O)O,egc,0
CC#CC#CCOC(=O)Nc1ccc(Cc2ccc(NC(=O)O)cc2)cc1,egc,2
CC#CC#CCOc1ccc(-c2ccc(O)cc2)cc1,egc,1
CC#CC#CCOc1ccc(C(C)(C)c2ccc(O)cc2)cc1,egc,0
CC#CCOC(=O)CCC(=O)O,egc,2
CC#CCOC(=O)CCCCCCC(=O)O,egc,1
CC#CCOC(=O)CCCCCCCCC(=O)O,egc,0
CC#CCOC(=O)CCCCCCCCCCC(=O)O,egc,2
CC()(Br)Br,egc,1
CC()(C#N)C#N,egb,0
CC()(C#N)C(=O)OCC,egc,2
CC()(C#N)C(=O)OCCCCCCC,egc,1
CC()(C)C#N,egb,1
CC()(C)C#N,egc,1
CC()(C)C(=O)Nc1cccc(-c2nnc(-c3ccccc3)o2)c1,egc,0
CC()(C)C(=O)OC,egc,2
CC()(C)C(=O)OC(C(F)(F)F)C(F)(F)F,egb,1
CC()(C)C(=O)OC(CC)OCC,egc,0
CC()(C)C(=O)OC(F)(C(F)(F)F)C(F)(F)F,egb,0
CC()(C)C(=O)OC(F)(C(F)(F)F)C(F)(F)F,egc,0
CC()(C)C(=O)OCC,egb,2
CC()(C)C(=O)OCC(=O)N1CCCC1,egc,1
CC()(C)C(=O)OCC(F)(F)C(F)F,egb,2
CC()(C)C(=O)OCC(F)(F)C(F)F,egc,2
CC()(C)C(=O)OCC(F)(F)F,egc,0
CC()(C)C(=O)OCCBr,egc,2
CC()(C)C(=O)OCCC#N,egb,1
CC()(C)C(=O)OCCC1CCCCC1,egc,0
CC()(C)C(=O)OCCCCn1c2ccccc2c2ccccc21,egc,2
CC()(C)C(=O)OCC[N+](=O)[O-],egc,1
CC()(C)C(=O)OCCc1ccccc1,egb,1
CC()(C)C(=O)OCCc1ccccc1,egc,1
CC()(C)C(=O)OCc1ccc(Cl)cc1,egc,0
CC()(C)C(=O)OCc1ccc(Cl)cc1Cl,egc,2
CC()(C)C(=O)OCc1ccc2c(c1)c1ccccc1n2CC,egc,1
CC()(C)C(=O)OCc1cccs1,egc,0
CC()(C)C(=O)Oc1ccc2ccccc2c1,egc,2
CC()(C)C(=O)Oc1ccccc1,egb,0
CC()(C)C(=O)Oc1ccccc1,egc,0
CC()(CF)C(=O)OC,egc,1
CC()(CO)C(=O)OCC,egc,0
CC()(Cl)C#N,egc,2
CC()(Cl)Cl,egc,1
CC()(F)C(=O)OC,egc,0
CC()(F)C(=O)OCC(Cl)(Cl)Cl,egc,2
CC()(F)C(=O)OCC(F)(F)C(F)(F)C(F)(F)C(F)(F)C(F)(F)C(F)(F)C(F)(F)C(F)(F)F,egc,1
CC()(F)C(=O)OCC(F)(F)C(F)(F)C(F)(F)F,egb,0
CC()(F)C(=O)OCC(F)(F)C(F)(F)F,egc,2
CC()(F)C(=O)OCCC,egc,1
CC()(F)C(=O)OCCC(F)(F)C(F)(F)C(F)(F)C(F)(F)C(F)(F)C(F)(F)C(F)(F)C(F)(F)F,egb,2
CC()(F)C(=O)OCCC(F)(F)C(F)(F)C(F)(F)C(F)(F)C(F)(F)C(F)(F)C(F)(F)C(F)(F)F,egc,2
CC()(F)Cl,egc,0
CC()(F)F,eea,2
CC()(F)F,ei,2
CC()(F)F,eps,2
CC()(F)F,nc,2
CC()=C,egc,2
CC()C,eea,0
CC()C,egb,0
CC()C,ei,0
CC()C,eps,0
CC()C,nc,0
CC()C#N,egc,1
CC()C(=O)C(C)(C)C,egc,0
CC()C(=O)N(CCC)CCC,egc,2
CC()C(=O)N(O)c1cccc(C)c1,egc,1
CC()C(=O)NC,egc,0
CC()C(=O)NCC,egc,2
CC()C(=O)NCC(F)(F)C(F)(F)C(F)(F)F,egc,1
CC()C(=O)NCCC,egc,0
CC()C(=O)NCCC(F)(F)C(F)(F)C(F)(F)C(F)(F)C(F)(F)C(F)(F)C(F)(F)C(F)(F)F,egc,2
CC()C(=O)Nc1ccccc1Cl,egb,1
CC()C(=O)OC(C)C,egb,1
CC()C(=O)OC(C)C,egc,1
CC()C(=O)OC(C)CC(C)C,egc,0
CC()C(=O)OC(OCC)C(F)(F)F,egc,2
CC()C(=O)OC1CCCCC1,egc,1
CC()C(=O)OCC,egc,0
CC()C(=O)OCC(C)C,egc,2
CC()C(=O)OCC(F)(F)C(F)(F)C(F)(F)C(F)(F)C(F)(F)C(F)(F)C(F)(F)F,egb,0
CC()C(=O)OCC(F)(F)C(F)(F)C(F)(F)C(F)(F)C(F)(F)C(F)(F)C(F)(F)F,egc,0
CC()C(=O)OCC(F)(F)C(F)(F)C(F)(F)F,egc,1
CC()C(=O)OCC(F)(F)C(F)(F)OC(F)(F)C(F)(F)C(F)(F)C(F)(F)F,egb,2
CC()C(=O)OCC(F)(F)C(F)(F)OC(F)(F)C(F)(F)C(F)(F)C(F)(F)F,egc,2
CC()C(=O)OCC(F)(F)C(F)(F)OC(F)(F)F,egc,0
CC()C(=O)OCC(F)(F)C(F)C(F)(F)F,egc,2
CC()C(=O)OCC=C,egc,1
CC()C(=O)OCCC#N,egc,0
CC()C(=O)OCCCCC,egc,2
CC()C(=O)OCCCCCCSCC#N,egc,1
CC()C(=O)OCCCCSC,egc,0
CC()C(=O)OCCCSCC,egb,2
CC()C(=O)OCCO,egc,1
CC()C(=O)OCCOCC1(CC)COC1,egc,0
CC()C(=O)OCCSCC#N,egc,2
CC()C(=O)Oc1ccc(C#N)cc1,egc,1
CC()C(=O)Oc1ccc(Cl)cc1,egc,0
CC()C(=O)Oc1ccc(OC)cc1,egc,2
CC()C(=O)c1ccc(Br)c(OC)c1,egc,1
CC()C(=O)c1ccc(Br)cc1,egc,0
CC()C(=O)c1ccc(CC)cc1,egc,2
CC()C(=O)c1ccccc1O,egc,1
CC()C(=O)n1sc2ccccc2c1=O,egc,0
CC()C(F)(F)C(F)(F)C(F)(F)F,egc,2
CC()C(F)(F)F,egc,1
CC()C(N)=O,egb,0
CC()CC,egb,2
CC()CC(C)C,egc,1
CC()CCC,egb,1
CC()CCC,egc,1
CC()CCCC1CCCCC1,egc,0
CC()CCc1ccc(C)cc1,egc,2
CC()CN,egc,1
CC()CO,egb,0
CC()CO,egc,0
CC()F,egb,1
CC()F,ei,1
CC()F,eps,1
CC()N,egc,0
CC()N1CCCC1=O,egb,2
CC()N1CCCC1=S,egc,1
CC()OC(=O)C(C)(C)C,egc,0
CC()OC(=O)C(F)(F)C(F)(F)F,egc,2
CC()OC(=O)CC1CCCC1,egb,2
CC()OC(=O)CC1CCCC1,egc,2
CC()OC(=O)CCC,egc,1
CC()OC(=O)CCC#N,egc,0
CC()OC(=O)OCC(F)(F)F,egb,1
CC()OC(=O)OCC(F)(F)F,egc,1
CC()OC(=O)c1ccc(OC(C)=O)cc1,egc,2
CC()OC(=O)c1ccc(OC)cc1,egc,1
CC()OC(=O)c1cccc(Cl)c1,egc,0
CC()OC(=O)c1cccnc1,egc,2
CC()OC(C)=O,egb,0
CC()OC(C)=O,egc,0
CC()OC=O,egc,1
CC()OCC(=O)OC,egc,0
CC()OCCCCC,egc,2
CC()OCCCCCCCCCCCC,egc,1
CC()OCCCl,egc,0
CC()OCCOc1ccc(C=C(C#N)C(=O)OC)cc1,egc,2
CC()OCc1ccccc1,egc,1
CC()SC,egc,0
CC()c1c(F)c(F)c(OC)c(F)c1F,egc,2
CC()c1cc(C)ccc1C,egc,1
CC()c1cc(OC)ccc1OC,egc,0
CC()c1ccc(C(=O)CCN2CCCCC2)cc1,egc,2
CC()c1ccc(C(=O)CCN2CCOCC2)cc1,egc,1
CC()c1ccc(C(=O)Cc2ccccc2)cc1,egc,0
CC()c1ccc(C(=O)OCC(C)C)cc1,egb,2
CC()c1ccc(C(=O)c2ccccc2)cc1,egc,1
CC()c1ccc(C(O)CCN2CCOCC2)cc1,egc,0
CC()c1ccc(C)cc1C,egc,2
CC()c1ccc(C)nc1,egc,1
CC()c1ccc(CCCCCC)cc1,egc,0
CC()c1ccc(CCl)cc1,egc,2
CC()c1ccc(Cl)c([N+](=O)[O-])c1,egc,1
CC()c1ccc(F)cc1,egc,0
CC()c1ccc2c(c1)OCO2,egc,2
CC()c1ccc2ccccc2c1,egc,1
CC()c1cccc(C)c1,egc,0
CC()c1cccc2c1OCO2,egc,2
CC()c1ccncc1,egc,1
CC()c1nc(C)nc(C)n1,egc,0
CC()n1c(C)c(C)c2ccccc21,egc,2
CC()n1cc2ccccc2n1,egc,1
CC()n1ccc2ccccc21,egc,0
CC()n1nnc2ccccc21,egc,2
CC(=O)C()C,egc,1
CC(=O)C(=S)C()=O,eea,1
CC(=O)C(=S)C()=O,egb,1
CC(=O)C(=S)C()=O,ei,1
CC(=O)C(=S)C()=O,eps,1
CC(=O)C(=S)C(S1)=CC=C1,egc,0
CC(=O)C(=S)O,eea,0
CC(=O)C(=S)O,egb,0
CC(=O)C(=S)O,ei,0
CC(=O)C(=S)O,eps,0
CC(=O)C(=S)c1ccc()cc1,nc,2
CC(=O)C(C=C1)=CC=C1C(=O),egc,1
CC(=O)C(C=C1)=CC=C1C(=S),egc,0
CC(=O)C(C=C1)=CC=C1C(S2)=CC=C2,egc,2
CC(=O)C(S1)=CC=C1C(=O),egc,1
CC(=O)C(S1)=CC=C1C(C=C2)=CC=C2,egc,0
CC(=O)C(S1)=CC=C1C(S2)=CC=C2,egc,2
CC(=O)CC()=O,eea,2
CC(=O)CC()=O,egb,2
CC(=O)CC()=O,ei,2
CC(=O)CC()=O,eps,2
CC(=O)CC()=O,nc,2
CC(=O)CC()=S,eea,0
CC(=O)CC()=S,eps,0
CC(=O)CC()=S,nc,0
CC(=O)CC(=O),egc,1
CC(=O)CC(=S),egc,0
CC(=O)CC(C=C1)=CC=C1,egc,2
CC(=O)CO,ei,2
CC(=O)CO,nc,2
CC(=O)Cc1ccc()cc1,eea,2
CC(=O)Cc1ccc()cc1,ei,2
CC(=O)Cc1ccc()cc1,eps,2
CC(=O)Cc1ccc()s1,eea,1
CC(=O)Cc1ccc()s1,nc,1
CC(=O)N,egc,0
CC(=O)N,ei,0
CC(=O)NC()=O,egb,1
CC(=O)NC()=O,ei,1
CC(=O)NC()=O,nc,1
CC(=O)NC()=S,eea,2
CC(=O)NC()=S,egb,2
CC(=O)NC()=S,ei,2
CC(=O)NC()=S,nc,2
CC(=O)NC(=O),egc,1
CC(=O)NC(=S),egc,0
CC(=O)NC(C=C1)=CC=C1,egc,2
CC(=O)NC(S1)=CC=C1,egc,1
CC(=O)NCC(=O)O,egc,0
CC(=O)NCCCCCCNC(=O)CO,egc,2
CC(=O)NCCCCCCNC(=O)COC(=O)CCCCC(=O)O,egc,1
CC(=O)NCCCCCCNC(=O)COc1ccc(O)cc1,egc,0
CC(=O)Nc1ccc()cc1,eea,0
CC(=O)Nc1ccc()cc1,eps,0
CC(=O)Nc1ccc()cc1,nc,0
CC(=O)Nc1ccc()s1,eea,2
CC(=O)Nc1ccc()s1,egb,2
CC(=O)Nc1ccc()s1,nc,2
CC(=O)Nc1ccc(NC(=O)CN2C(=O)c3ccc(C(=O)c4ccc5c(c4)C(=O)N()C5=O)cc3C2=O)cc1,egc,2
CC(=O)Nc1ccc(Oc2ccc(NC(=O)CN3C(=O)c4ccc(C(=O)c5ccc6c(c5)C(=O)N()C6=O)cc4C3=O)cc2)cc1,egc,1
CC(=O)Nc1ccc(Oc2ccc(Oc3ccc(NC(=O)CN4C(=O)c5ccc(C(=O)c6ccc7c(c6)C(=O)N()C7=O)cc5C4=O)cc3)cc2)cc1,egc,0
CC(=O)O,eea,1
CC(=O)O,ei,1
CC(=O)O,eps,1
CC(=O)O,nc,1
CC(=O)OC()=O,ei,2
CC(=O)OC()=O,eps,2
CC(=O)OC()=S,egb,1
CC(=O)OC()=S,eps,1
CC(=O)OC(=O),egc,2
CC(=O)OC(=O)c1ccc(O)cc1Br,egc,1
CC(=O)OC(=O)c1cccc(O)c1,egc,0
CC(=O)OC(S1)=CC=C1,egc,2
CC(=O)OCCCCCCOC(=O)Cn1c(=O)c2cc3c(=O)n()c(=O)c3cc2c1=O,egc,1
CC(=O)Oc1ccc()s1,eea,0
CC(=O)Oc1ccc()s1,egb,0
CC(=O)Oc1ccc()s1,eps,0
CC(=O)Oc1ccc()s1,nc,0
CC(=O)c1ccc(-c2ccc()cc2)cc1,egb,1
CC(=O)c1ccc(-c2ccc()cc2)cc1,ei,1
CC(=O)c1ccc(-c2ccc()cc2)cc1,eps,1
CC(=O)c1ccc(-c2ccc()cc2)s1,egb,0
CC(=O)c1ccc(-c2ccc()cc2)s1,eps,0
CC(=O)c1ccc(-c2ccc()cc2)s1,nc,0
CC(=O)c1ccc(-c2ccc()s2)cc1,eea,2
CC(=O)c1ccc(-c2ccc()s2)cc1,ei,2
CC(=O)c1ccc(-c2ccc()s2)cc1,nc,2
CC(=O)c1ccc(-c2ccc()s2)s1,egb,0
CC(=O)c1ccc(-c2ccc()s2)s1,eps,0
CC(=O)c1ccc(C()=O)cc1,egb,2
CC(=O)c1ccc(C()=O)cc1,eps,2
CC(=O)c1ccc(C()=O)s1,eea,1
CC(=O)c1ccc(C()=O)s1,egb,1
CC(=O)c1ccc(C()=O)s1,ei,1
CC(=O)c1ccc(C()=O)s1,eps,1
CC(=O)c1ccc(C()=O)s1,nc,1
CC(=O)c1ccc(C()=S)cc1,eea,1
CC(=O)c1ccc(C()=S)cc1,egb,1
CC(=O)c1ccc(C()=S)cc1,ei,1
CC(=O)c1ccc(C()=S)s1,egb,1
CC(=O)c1ccc(C()=S)s1,eps,1
CC(=O)c1ccc(O)cc1,eea,0
CC(=O)c1ccc(O)cc1,egb,0
CC(=O)c1ccc(O)cc1,ei,0
CC(=O)c1ccc(O)s1,eea,0
CC(=S)C(=O)C()=S,egb,2
CC(=S)C(=O)C(=S),egc,1
CC(=S)C(=O)O,eea,2
CC(=S)C(=O)O,egb,2
CC(=S)C(=O)O,eps,2
CC(=S)C(=O)O,nc,2
CC(=S)C(C=C1)=CC=C1N,egc,0
CC(=S)C(C=C1)=CC=C1O,egc,2
CC(=S)C(S1)=CC=C1O,egc,1
CC(=S)CC()=S,nc,0
CC(=S)CC(=S),egc,2
CC(=S)CO,egb,0
CC(=S)CO,egc,0
CC(=S)CO,ei,0
CC(=S)CO,eps,0
CC(=S)CO,nc,0
CC(=S)NC()=S,eps,0
CC(=S)NC()=S,nc,0
CC(=S)NC(=S),egc,1
CC(=S)NO,eea,0
CC(=S)NO,egb,0
CC(=S)NO,egc,0
CC(=S)NO,ei,0
CC(=S)NO,eps,0
CC(=S)NO,nc,0
CC(=S)OC()=S,egb,2
CC(=S)OC()=S,nc,2
CC(=S)OC(=S),egc,0
CC(=S)c1ccc(C()=S)cc1,eea,2
CC(=S)c1ccc(C()=S)s1,egb,1
CC(=S)c1ccc(C()=S)s1,ei,1
CC(=S)c1ccc(C()=S)s1,eps,1
CC(=S)c1ccc(C()=S)s1,nc,1
CC(=S)c1ccc(N)cc1,eea,2
CC(=S)c1ccc(N)cc1,ei,2
CC(=S)c1ccc(N)cc1,eps,2
CC(=S)c1ccc(O)cc1,eea,1
CC(=S)c1ccc(O)cc1,egb,1
CC(=S)c1ccc(O)cc1,eps,1
CC(=S)c1ccc(O)s1,egb,0
CC(=S)c1ccc(O)s1,ei,0
CC(=S)c1ccc(O)s1,eps,0
CC(=S)c1ccc(O)s1,nc,0
CC(C#N)(C#N)C(C#N)C()(C#N)C#N,egb,1
CC(C#N)(C#N)C(C#N)C(C#N)(C#N)C(C#N)C(C#N)(C#N)C(C#N)C()(C#N)C#N,egb,0
CC(C#N)(C#N)CC(C#N)(C#N)C(C#N)C()(C#N)C#N,egb,2
CC(C#N)(C#N)CC(C#N)(C#N)C(C#N)C(C#N)(C#N),egc,1
CC(C#N)(C#N)CC(C#N)(C#N)CC(C#N)(C#N)C(C#N)C()(C#N)C#N,egb,0
CC(C(=O)Oc1ccccc1)C(C(=O)O)C()(C)C,egc,2
CC(C)(C)C(=O)N,egc,1
CC(C)(C)C(=O)O,egc,0
CC(C)(C)C1C(=O)N(C(C)C)C(=O)C1,egc,2
CC(C)(C)CO,egc,1
CC(C)(C)COC(=O)C(=O)O,egc,0
CC(C)(C)COC(=O)CC(=O)O,egc,2
CC(C)(C)COC(=O)CCC(=O)O,egc,1
CC(C)(C)COC(=O)CCCCC(=O)O,egb,1
CC(C)(C)COC(=O)CCCCC(=O)O,egc,1
CC(C)(C)COC(=O)CCCCCCC(=O)O,egc,0
CC(C)(C)COC(=O)CCCCCCCCC(=O)O,egc,2
CC(C)(C)COC(=O)NC(=O)c1cccc(C(=O)NC(=O)O)c1,egc,1
CC(C)(C)COC(=O)NC1CCC(CC2CCC(NC(=O)O)CC2)CC1,egc,0
CC(C)(C)COC(=O)NCCCC(CCNC(=O)O)OC,egc,2
CC(C)(C)COC(=O)Nc1ccc(Cc2ccc(NC(=O)O)c(C)c2)cc1C,egc,1
CC(C)(C)COC(=O)Nc1ccc(NC(=O)O)cc1,egc,0
CC(C)(C)COC(=O)O,egc,2
CC(C)(C)CS(=O)(=O)CC(C)(C)COC(=O)O,egc,1
CC(C)(C)O,egc,0
CC(C)(CC)CO,egc,2
CC(C)(CC)COC(=O)CCCCCCCCC(=O)O,egc,1
CC(C)(CCl)O,egc,0
CC(C)(CO)COCC(F)(F)F,egc,2
CC(C)(CO)COCCC#N,egc,1
CC(C)(COC(=O)NCCCCCCNC(=O)O)C(=O)O,egc,0
CC(C)(N=C=O)C1C(=O)OC(=O)C1,egc,2
CC(C)C(C)COC(=O)c1ccc(C(=O)O)cc1,egc,1
CC(C)C1C(=O)N(CCC)C(=O)C1,egc,0
CC(C)C1COC2C(C(=O)OC(O)(C(F)(F)F)C(F)(F)C)CC12,egc,2
CC(C)CNC(=O)O,egc,1
CC(C)CO,egb,0
CC(C)CO,egc,0
CC(C)O,egb,2
CC(C)O,egc,2
CC(C1=CC=CC=C1)CC(C2=CC=CC=C2)CC(C3=CC=CC=C3)CC(C4=CC=CC=C4),egc,0
CC(C=C1)=CC=C1C(=O)C(=S),egc,2
CC(C=C1)=CC=C1C(=S)O,egc,1
CC(C=C1)=CC=C1C(C=C2)=CC=C2C(=S),egc,0
CC(C=C1)=CC=C1C(S2)=CC=C2C(=S),egc,2
CC(C=C1)=CC=C1C(S2)=CC=C2C(C=C3)=CC=C3,egc,1
CC(C=C1)=CC=C1CC(C=C2)=CC=C2,egc,0
CC(C=C1)=CC=C1NC(C=C2)=CC=C2,egc,2
CC(C=C1)=CC=C1NC(S2)=CC=C2,egc,1
CC(C=C1)=CC=C1OC(S2)=CC=C2,egc,0
CC(CBr)(CBr)COC(=O)CCCCC(=O)O,egc,2
CC(CBr)O,egc,1
CC(CC()(C#N)C#N)c1ccc(CCl)cc1,egc,0
CC(CC(C)(C)C)O,egc,2
CC(CC(CC()c1ccccn1)c1ccccn1)c1ccccn1,ei,1
CC(CC(CC(CC()c1ccccc1)c1ccccc1)c1ccccc1)c1ccccc1,egb,1
CC(CC(CC(CC()c1ccccc1)c1ccccc1)c1ccccc1)c1ccccc1,nc,1
CC(CC)O,egc,0
CC(CCC)C(CCC)COC(=O)c1ccc(C(=O)O)cc1,egb,2
CC(CCCC)O,egc,1
CC(CCl)(CBr)COC(=O)CCCCC(=O)O,egc,0
CC(CCl)(CCl)C(=O)O,egc,2
CC(CCl)(CCl)COC(=O)C(=O)O,egc,1
CC(CCl)(CCl)COC(=O)CCCCC(=O)O,egc,0
CC(CCl)(CO)COC(C)=O,egc,2
CC(CCl)O,egc,1
CC(CO)(CS(=O)(=O)CC)CS(=O)(=O)CC,egc,0
CC(CO)(CS(=O)(=O)CCC)CS(=O)(=O)CCC,egc,2
CC(CO)(CS(=O)(=O)CCCC)CS(=O)(=O)CCCC,egc,1
CC(CO)(CS(=O)(=O)CCCCC)CS(=O)(=O)CCCCC,egc,0
CC(CO)(CS(C)(=O)=O)CS(C)(=O)=O,egc,2
CC(CO)(CSC(C)C)CSC(C)C,egc,1
CC(CO)(CSC)CSC,egc,0
CC(CO)(CSCC)CSCC,egc,2
CC(CO)C(C)(C)C,egc,1
CC(COCC)O,egc,0
CC(COCC=C)O,egc,2
CC(COCCCCCC)O,egc,1
CC(COc1c(Cl)cc(Cl)cc1Cl)O,egc,0
CC(COc1ccc(-c2ccc(C#N)cc2)cc1)O,egc,2
CC(COc1ccc(Cl)cc1)O,egc,1
CC(COc1cccc(C)c1)O,egc,0
CC(CS(=O)(=O)CCC)O,egc,2
CC(CS(C)(=O)=O)O,egc,1
CC(CSC(C)C)O,egc,0
CC(C[N-][N+]#N)O,egc,2
CC(Cl)(C#N)C1C=CC()CC1,egc,1
CC(F)(F)C(F)(F)C(F)(F)C(F)(F)COC(=O)C(F)(F)C(F)(F)C(F)(F)C(F)(F)C(=O)O,egc,0
CC(F)(F)C(F)(F)C(F)(F)C(F)(F)COC(=O)CCCC(=O)O,egc,2
CC(F)(F)C(F)(F)C(F)(F)C(F)(F)COC(=O)NCCCCCCNC(=O)O,egc,1
CC(F)(F)C(F)(F)C(F)(F)C(F)(F)COC(=O)O,egc,0
CC(F)(F)C(F)(F)C(F)(F)COC(=O)CC(CC(=O)O)C(F)(F)C(F)(F)C(F)(F)F,egc,2
CC(F)(F)C(F)(F)C(F)(F)COC(=O)CCCC(=O)O,egc,1
CC(F)(F)C(F)(F)C(F)(F)COC(=O)CCCCC(=O)O,egc,0
CC(F)(F)C(F)(F)C(F)(F)COC(=O)CSCSCC(=O)O,egc,2
CC(F)(F)C(F)(F)C(F)(F)COC(=O)NCC(F)(F)C(F)(F)C(F)(F)C(F)(F)CNC(=O)O,egc,1
CC(F)(F)C(F)(F)C(F)(F)COC(=O)NCCCCCCNC(=O)O,egc,0
CC(F)(F)C(F)(F)COC(=O)NCC(F)(F)C(F)(F)C(F)(F)C(F)(F)CNC(=O)O,egc,2
CC(F)(F)C(F)=C()Cl,egc,1
CC(F)(F)C1(F)CC(CC(O)(C(F)(F)F)C(F)(F)F)CC1,egc,0
CC(O)C(C)(C)C,egc,2
CC(O)C(C)C,egc,1
CC(O)C(F)(F)F,eea,2
CC(O)C(F)(F)F,egb,2
CC(O)C(F)(F)F,egc,2
CC(O)C(F)(F)F,ei,2
CC(O)C(O)CN()c1ccc(N(C)C)cc1,egc,0
CC(O)C(O)COC(=O)O,egc,2
CC(O)CN()c1cc(C)c(N=Nc2ccc(Cl)cc2)c(C)c1,egc,1
CC(O)CN()c1cc(C)cc(C)c1,egc,0
CC(O)CN()c1ccc(N=Nc2ccc(C#N)cc2)cc1,egc,2
CC(O)CN()c1ccc(N=Nc2ccc(Cl)cc2)cc1,egc,1
CC(O)CO,egc,0
CC(O)COc1ccc(O)cc1,egc,2
CC(O)c1ccccc1,egc,1
CC(O)c1ccco1,egc,0
CC(OC(=O)OCC)C(COC(=O)O)OC(=O)OCC,egc,2
CC(OC(C)=O)C1C(=O)N(c2ccc(C)cc2)C(=O)C1()Cl,egc,1
CC(OC)C(C(=O)O)C()C(=O)O,egc,0
CC(OC)C1C(=O)OC(=O)C1,egc,2
CC(OC1CCCCC1)C1C(=O)OC(=O)C1,egc,1
CC(OC=O)C(COC(=O)O)OC=O,egc,0
CC(S1)=CC=C1C(=O)C(S2)=CC=C2,egc,2
CC(S1)=CC=C1C(=S)C(S2)=CC=C2,egc,1
CC(S1)=CC=C1C(C=C2)=CC=C2C(=S),egc,0
CC(S1)=CC=C1C(C=C2)=CC=C2C(S3)=CC=C3,egc,2
CC(S1)=CC=C1C(S2)=CC=C2C(S3)=CC=C3,egc,1
CC(S1)=CC=C1C(S2)=CC=C2O,egc,0
CC(S1)=CC=C1CC(=S),egc,2
CC(S1)=CC=C1CO,egc,1
CC(S1)=CC=C1NC(S2)=CC=C2,egc,0
CC(c1ccccc1)C1C(=O)OC(=O)C1,egc,2
CC1()CCCCC1,egc,1
CC1(C)CC()(C)C(=O)OC1=O,egc,0
CC1(C)CC(N2C(=O)c3ccc(-c4ccc5c(c4)C(=O)N()C5=O)cc3C2=O)CC(C)(C)C1,egc,2
CC1(CO)CC2C=CC1C2,egc,1
CC1CC()C(=O)OC1=O,egc,0
CC1CC()CN(c2nc(N)nc(N)n2)C1,egc,2
CC1CC()OC(C)O1,egc,1
CC1CC()OCO1,egc,0
CC1CC(CNC(=O)c2cccc(C(=O)N)c2)CC(C(C)(C)C)C1,egc,2
CC1CC1CNC(=O)C1CC1C(=O)N,egb,1
CC1CC1CO,egc,0
CC1CC1COC(=O)NC1CC1NC(=O)O,egc,2
CC1CC1COC(=O)Nc1ccc(C)c(NC(=O)O)c1,egb,1
CC1CC1COC(=O)c1cccc(C(=O)O)c1,egb,0
CC1CC1COC(=O)c1cccc(C(=O)O)c1,egc,0
CC1CCC()C1,egc,0
CC1CCC(CNC(=O)CCCCCC(=O)N)CC1,egb,2
CC1CCC(CNC(=O)CCCCCCC(=O)N)CC1,egc,1
CC1CCC(CNC(=O)CCCCCCCC(=O)N)CC1,egc,0
CC1CCC(CNC(=O)CCCCCCCCC(=O)N)CC1,egc,2
CC1CCC(CNC(=O)CCCCCCCCCCC(=O)N)CC1,egc,1
CC1CCC(CNC(=O)c2cc(C(=O)N)cc(C(C)(C)C)c2)CC1,egc,0
CC1CCC(COC(=O)C(=O)O)CC1,egc,2
CC1CCC(COC(=O)C2CCC(C(=O)O)CC2)CC1,egc,1
CC1CCC(COC(=O)CCC(=O)O)CC1,egc,0
CC1CCC(COC(=O)CCCCC(=O)O)CC1,egc,2
CC1CCC(COC(=O)CCCCCCCCCCC(=O)O)CC1,egc,1
CC1CCC(COC(=O)Cc2ccc(CC(=O)O)cc2)CC1,egc,0
CC1CCC(COC(=O)NCCSCCCCCSCCNC(=O)O)CC1,egb,2
CC1CCC(COC(=O)NCCSCCCSCCNC(=O)O)CC1,egc,1
CC1CCC(COC(=O)c2ccc(NC(=O)O)cc2)CC1,egc,0
CC1CCC(COC(C)OC(=O)c2cccc(C(=O)OC(C)O)c2)CC1,egc,2
CC1CCC(COCO)CC1,egc,1
CC1CCCC(CC(=O)N)C1,egc,0
CC1CCCC(CNC(=O)CCCCCCC(=O)N)C1,egc,2
CC1CCCC(CNC(=O)c2cccc(C(=O)N)c2)C1,egc,1
CC=CCNC(=O)CCC=CCCC(=O)N,egc,0
CC=CCOC(=O)CCCCCCCCC(=O)O,egc,2
CC=CCOC(=O)NCCCCCCNC(=O)O,egc,1
CCC()=O,egc,0
CCC(=O)C()=S,eea,0
CCC(=O)C()=S,egb,0
CCC(=O)C()=S,nc,0
CCC(=O)C(=S),egc,2
CCC(=O)C(S1)=CC=C1,egc,1
CCC(=O)N,eea,1
CCC(=O)N,egc,1
CCC(=O)N,eps,1
CCC(=O)N,nc,1
CCC(=O)N(CCN(C(=O)CCN1CCN()CC1)C(C)C)C(C)C,egc,0
CCC(=O)NCC(=O)N,egc,2
CCC(=O)NCc1c(C)c(C)c(CNC(=O)CCO)c(C)c1C,egc,1
CCC(=O)O,ei,2
CCC(=O)O,eps,2
CCC(=O)O,nc,2
CCC(=O)OC(=O)Cc1ccc(-c2ccc()cc2)cc1,eea,1
CCC(=O)OC(=O)Cc1ccc(-c2ccc()cc2)cc1,ei,1
CCC(=O)OC(=O)Cc1ccc(-c2ccc()cc2)cc1,eps,1
CCC(=O)Oc1ccc(OC(=O)CCN2CCN()C(C)C2)cc1,egc,0
CCC(=O)c1ccc()cc1,egb,0
CCC(=O)c1ccc()cc1,ei,0
CCC(=O)c1ccc()cc1,nc,0
CCC(=O)c1ccc()s1,eea,2
CCC(=O)c1ccc()s1,egb,2
CCC(=O)c1ccc()s1,nc,2
CCC(=S)O,ei,2
CCC(=S)O,eps,2
CCC(C(=O)OC)C()C(=O)OC,egc,2
CCC(C)(C)CC(C)CNC(=O)CCCCC(=O)N,egc,1
CCC(C)(C)CC(C)COC(=O)CCCCC(=O)O,egc,0
CCC(C)=C()C,egc,2
CCC(C)C()(C)C(=O)OC,egc,1
CCC(C)C(C)CCNC(=O)c1cccc(C(=O)N)c1,egb,0
CCC(C)CC(=O)O,egb,1
CCC(C)CC(=O)O,egc,1
CCC(C)CO,egc,2
CCC(C=C1)=CC=C1C(=S),egc,1
CCC(C=C1)=CC=C1O,egc,0
CCC(Cl)C()Cl,egc,2
CCC(F)(F)C()(F)Cl,egb,0
CCC(F)(F)C()(F)Cl,egc,0
CCC(F)(F)C()(F)F,egb,0
CCC(F)(F)C()(F)F,egc,0
CCC(F)(F)C()(F)F,ei,0
CCC(F)(F)C()(F)F,eps,0
CCC(O)(C(F)(F)F)C(F)(F)F,eea,2
CCC(O)(C(F)(F)F)C(F)(F)F,egb,2
CCC(O)(C(F)(F)F)C(F)(F)F,ei,2
CCC(O)(C(F)(F)F)C(F)(F)F,eps,2
CCC(O)(C(F)(F)F)C(F)(F)F,nc,2
CCC(S1)=CC=C1O,egc,1
CCC([2H])C()([2H])C,egc,0
CCC1CC()C2C3CC(C12)C(C)(C(=O)OC)C3,egc,2
CCC1CC()C2CCCC12,egb,1
CCC1CCC()C1,egb,2
CCC1CCC()C1,egc,2
CCC=C()Cl,egc,0
CCCC()=O,eea,2
CCCC()=O,egb,2
CCCC()=O,eps,2
CCCC()=O,nc,2
CCCC()=S,eea,1
CCCC()=S,egb,1
CCCC()=S,nc,1
CCCC()C,egc,2
CCCC()C#N,egb,1
CCCC()C#N,egc,1
CCCC()Cl,egc,1
CCCC(=O)NCCCCCCNC(=O)CCCO,egc,0
CCCC(=O)NCCCCCOCCCCCNC(=O)CCCO,egc,2
CCCC(=O)O,egc,1
CCCC(=S),egc,0
CCCC(C)(C)CNC(=O)c1cccc(C(=O)N)c1,egc,2
CCCC(C)CC(=O)N,egc,1
CCCC(C)CCC(=O)O,egc,0
CCCC(C=C1)=CC=C1,egc,2
CCCC(CCNC(=O)c1ccc(C(=O)N)cc1)C(C)C,egc,1
CCCC(Cl)C()Cl,egc,0
CCCC(S1)=CC=C1,egc,2
CCCC1CC(=O)N()C(=O)C1,egc,1
CCCC1CCN(C(=O)Nc2ccc(Cc3ccc(NC(=O)N4CCC()CC4)cc3)cc2)CC1,egc,0
CCCC1CCN(C(=O)SSCCCCSSC(=O)N2CCC()CC2)CC1,egc,2
CCCCC(=O)N,egc,1
CCCCC(=O)NCCCCCCC(=O)NCCC(=O)N,egc,0
CCCCC(=O)O,egc,2
CCCCC(C)CCn1c(=O)c2cc3c(=O)n()c(=O)c3cc2c1=O,egc,1
CCCCC(N)C(=O)N,egc,0
CCCCCC()C,egc,2
CCCCCC()CC,egc,1
CCCCCC(=O)NCCCCCCNC(=O)CCCCCO,egc,0
CCCCCC(=O)NCCCCCCNC(=O)CCCCCOC(=O)CCCCC(=O)O,egc,2
CCCCCC(=O)NCCCCCOCCCCCNC(=O)CCCCO,egc,1
CCCCCC(=O)NCCCCCOCCCCCNC(=O)CCCO,egc,0
CCCCCC(=O)NCCNC(=O)CCCCCOC(=O)CCCCC(=O)O,egc,2
CCCCCC(=O)NCCOC(=O)CCCCC(=O)O,egc,1
CCCCCC(=O)NCc1ccc(CNC(=O)CCCCCO)cc1,egc,0
CCCCCC(=O)NCc1ccc(CNC(=O)CCCCO)cc1,egc,2
CCCCCC(=O)S,egb,0
CCCCCC(=O)S,egc,0
CCCCCCC(=O)N,eea,1
CCCCCCC(=O)N,egb,1
CCCCCCC(=O)N,egc,1
CCCCCCC(=O)N,eps,1
CCCCCCC(=O)NCCCCCCNC(=O)CCCCCCO,egc,1
CCCCCCC(=O)NCCCCCCNC(=O)CCCO,egc,0
CCCCCCC(=O)NCCCCCOCCCCCNC(=O)CCCO,egc,2
CCCCCCC(=O)O,egc,1
CCCCCCC(Cl)C()Cl,egb,0
CCCCCCCC(=O)N()C,egc,2
CCCCCCCC(=O)O,egc,1
CCCCCCCC(=O)OC1COC()OC1,egc,0
CCCCCCCC(=O)OCC1COC()O1,egc,2
CCCCCCCCC()Cl,egc,1
CCCCCCCCC(=O)N,egc,0
CCCCCCCCC(=O)NCCCCCCNC(=O)CCCO,egc,2
CCCCCCCCC(=O)NCCCCCOCCCCCNC(=O)CCCCO,egc,1
CCCCCCCCC(=O)NCCCCCOCCCCCNC(=O)CCCO,egc,0
CCCCCCCCC(=O)O,egc,2
CCCCCCCCC(Cl)C()Cl,egc,1
CCCCCCCCCC#CC#CCCCCCCCCCOC(=O)CCCCCCCCC(=O)O,egc,0
CCCCCCCCCC(=O)N,egc,2
CCCCCCCCCCC(=O)N()C,egc,1
CCCCCCCCCCC(=O)NCC(=O)N,egc,0
CCCCCCCCCCC(=O)NCCCCCOCCCCCNC(=O)CCCCO,egc,2
CCCCCCCCCCC(=O)NCCCCCOCCCCCNC(=O)CCCO,egc,1
CCCCCCCCCCC(=O)NCc1ccc(CNC(=O)CCCCO)cc1,egc,0
CCCCCCCCCCC(=O)O,egc,2
CCCCCCCCCCC(Cl)C()Cl,egc,1
CCCCCCCCCCCC(=O)N,egc,0
CCCCCCCCCCCC(=O)N()C,egc,2
CCCCCCCCCCCC(=O)NCC(=O)N,egc,1
CCCCCCCCCCCC(=O)O,egc,0
CCCCCCCCCCCCC(=O)N,egc,2
CCCCCCCCCCCCC(=O)O,egc,1
CCCCCCCCCCCCCC(=O)O,egc,0
CCCCCCCCCCCCCCC()Cl,egc,2
CCCCCCCCCCCCCCCC(=O)O,egc,1
CCCCCCCCCCCCCCCCC(=O)N,egc,0
CCCCCCCCCCCCCCCCCCCCCC(=O)N,egc,2
CCCCCCCCCCCCCCCCCCCCCCOC(=O)CCC(=O)O,egc,1
CCCCCCCCCCCCCCCCCCCCOC(=O)C(=O)O,egc,0
CCCCCCCCCCCCCCCCCCCCOC(=O)CC(=O)O,egc,2
CCCCCCCCCCCCCCCCCCCCOC(=O)CCC(=O)O,egc,1
CCCCCCCCCCCCCCCCCCCCOC(=O)CCC(C)CC(=O)O,egc,0
CCCCCCCCCCCCCCCCCCCCOC(=O)CCCCC(=O)O,egc,2
CCCCCCCCCCCCCCCCCCCCOC(=O)CCCCCC(=O)O,egc,1
CCCCCCCCCCCCCCCCCCCCOC(=O)CCCCCCC(=O)O,egc,0
CCCCCCCCCCCCCCCCCCCCOC(=O)CCCCCCCC(=O)O,egc,2
CCCCCCCCCCCCCCCCCCCCOC(=O)CCCCCCCCC(=O)O,egc,1
CCCCCCCCCCCCCCCCCCCCOC(=O)CCCCSCCCCC(=O)O,egc,0
CCCCCCCCCCCCCCCCCCCCOC(=O)COCC(=O)O,egc,2
CCCCCCCCCCCCCCCCCCCCOC(=O)c1ccccc1C(=O)O,egc,1
CCCCCCCCCCCCCCCCCCNC(=O)CCCCCCCCCCC(=O)N,egc,0
CCCCCCCCCCCCCCCCCCNC(=O)NCCCCCCCCCCNC(=O)N,egc,2
CCCCCCCCCCCCCCCCCCOCO,egc,1
CCCCCCCCCCCCCCCCOC(=O)CC=CCC(=O)O,egc,0
CCCCCCCCCCCCCCCCOC(=O)CCCCC(=O)O,egc,2
CCCCCCCCCCCCCCCCOC(=O)CCCCCCC(=O)O,egc,1
CCCCCCCCCCCCCCCCOC(=O)NCc1ccc(CNC(=O)O)cc1,egc,0
CCCCCCCCCCCCCCCc1nnc()o1,egc,2
CCCCCCCCCCCCCCNC(=O)CCCCCCCCCCC(=O)N,egc,1
CCCCCCCCCCCCCCOC(=O)CC=CCC(=O)O,egc,0
CCCCCCCCCCCCCCOC(=O)CCC=CCCC(=O)O,egc,2
CCCCCCCCCCCCCCOC(=O)CCCCCCC(=O)O,egc,1
CCCCCCCCCCCCCCOCO,egc,0
CCCCCCCCCCCCCOC(=O)c1ccc(C(=O)NCCCCCCNC(=O)c2ccc(C(=O)O)cc2)cc1,egc,2
CCCCCCCCCCCCNC(=O)C(=O)N,egc,1
CCCCCCCCCCCCNC(=O)CCCCCCCCC(=O)N,egc,0
CCCCCCCCCCCCNC(=O)CCCCCCCCCCCCC(=O)N,egc,2
CCCCCCCCCCCCNC(=O)CCCCCCCCCCCCCCCCCCCCC(=O)N,egc,1
CCCCCCCCCCCCNC(=O)CCP(C)(=O)CCC(=O)N,egc,0
CCCCCCCCCCCCNC(=O)NCCCCCCCCCCNC(=O)N,egc,2
CCCCCCCCCCCCNC(=O)c1cccc(C(=O)N)c1,egc,1
CCCCCCCCCCCCO,egc,0
CCCCCCCCCCCCOC(=O)CCCCC(=O)O,egc,2
CCCCCCCCCCCCOC(=O)CCCCCCCCCCC(=O)O,egc,1
CCCCCCCCCCCCOC(=O)CCCCCCCCCCCCC(=O)O,egc,0
CCCCCCCCCCCCOC(=O)c1cccc(C(=O)O)c1,egc,2
CCCCCCCCCCCCc1nc2cc3sc()nc3cc2s1,egc,1
CCCCCCCCCCCCc1nc2ccc(-c3ccc4nc()oc4c3)cc2o1,egc,0
CCCCCCCCCCCNC(=O)CCCCC(=O)N,egc,2
CCCCCCCCCCCNC(=O)CCCCCCCCC(=O)N,egc,1
CCCCCCCCCCCNC(=O)CCCCCCCCCCC(=O)N,egc,0
CCCCCCCCCCCNC(=O)c1ccc(C(=O)N)cc1,egb,2
CCCCCCCCCCCOC(=O)c1ccc2cc(C(=O)O)ccc2c1,egc,1
CCCCCCCCCCNC(=O)C(C)=C(C)C(=O)N,egc,0
CCCCCCCCCCNC(=O)CCC(=O)N,egc,2
CCCCCCCCCCNC(=O)CCCCCCCC(=O)N,egc,1
CCCCCCCCCCNC(=O)CCCCCCCCC(=O)N,egc,0
CCCCCCCCCCNC(=O)CCCCCCCCCCCCCCC(=O)N,egc,2
CCCCCCCCCCNC(=O)CCP(C)(=O)CCC(=O)N,egc,1
CCCCCCCCCCNC(=O)N,egc,0
CCCCCCCCCCNC(=O)NCCCCCCNC(=O)N,egc,2
CCCCCCCCCCNCCCCCCN,egc,1
CCCCCCCCCCOC(=O)C(=O)O,egc,0
CCCCCCCCCCOC(=O)C(O)C(O)C(=O)O,egc,2
CCCCCCCCCCOC(=O)C1CCC(C(=O)O)CC1,egc,1
CCCCCCCCCCOC(=O)CC(=O)O,egc,0
CCCCCCCCCCOC(=O)CC(C)(C)CC(=O)O,egc,2
CCCCCCCCCCOC(=O)CC(C)C(=O)O,egc,1
CCCCCCCCCCOC(=O)CC=CCC(=O)O,egc,0
CCCCCCCCCCOC(=O)CCC(=O)O,egb,2
CCCCCCCCCCOC(=O)CCC(=O)O,egc,2
CCCCCCCCCCOC(=O)CCC=CCCC(=O)O,egc,2
CCCCCCCCCCOC(=O)CCCCCC(=O)O,egc,1
CCCCCCCCCCOC(=O)CCCCCCCC(=O)O,egc,0
CCCCCCCCCCOC(=O)CCCCCCCCC(=O)O,egc,2
CCCCCCCCCCOC(=O)CCCCCCCCCCC(=O)O,egc,1
CCCCCCCCCCOC(=O)CCCCCCCCCCCCCCCCC(=O)O,egb,0
CCCCCCCCCCOC(=O)NCCCCCCCCCCNC(=O)O,egc,2
CCCCCCCCCCOC(=O)NNC(=O)CCCCCCCCC(=O)NNC(=O)O,egc,1
CCCCCCCCCCOC(=O)O,egc,0
CCCCCCCCCCOC(=O)c1cccc(C(=O)O)c1,egc,2
CCCCCCCCCCOCCCCCCCCCCOCCCCCCO,egc,1
CCCCCCCCCCOCCCCCCCCCCOCCCCCO,egc,0
CCCCCCCCCCOCO,egc,2
CCCCCCCCCCOc1cccc(OC(=O)c2ccc(C(=O)Oc3cccc(O)c3)cc2)c1,egc,1
CCCCCCCCCCSCCCCCCS,egb,0
CCCCCCCCCC[n+]1ccc(-c2cc[n+]()cc2)cc1,egc,2
CCCCCCCCCCc1nnc()n1N,egc,1
CCCCCCCCCCc1nnc()o1,egc,0
CCCCCCCCCCn1c(=O)c2cc3c(=O)n()c(=O)c3cc2c1=O,egc,2
CCCCCCCCCNC(=O)CCC=CCCC(=O)N,egc,1
CCCCCCCCCNC(=O)CCCCC(=O)N,egc,0
CCCCCCCCCNC(=O)CCCCCCCC(=O)N,egc,2
CCCCCCCCCNC(=O)CCCCCCCCCCCC(=O)N,egc,1
CCCCCCCCCNC(=O)NCCCCCCCNC(=O)N,egc,0
CCCCCCCCCNC(=O)NCCCCCCNC(=O)N,egc,2
CCCCCCCCCO,egc,1
CCCCCCCCCOC(=O)c1ccc(NC(=O)CCCCCCCCC(=O)Nc2ccc(C(=O)O)cc2)cc1,egc,0
CCCCCCCCCOC(=O)c1ccc2cc(C(=O)O)ccc2c1,egc,2
CCCCCCCCCOCO,egc,1
CCCCCCCCCOc1ccc(C=CC=Cc2ccc(O)cc2)cc1,egc,0
CCCCCCCCCc1nc2ccc(-c3ccc4nc()oc4c3)cc2o1,egc,2
CCCCCCCCCn1c(=O)c2cc3c(=O)n()c(=O)c3c(Br)c2c1=O,egc,1
CCCCCCCCCn1c(=O)c2cc3c(=O)n()c(=O)c3cc2c1=O,egc,0
CCCCCCCCN1C(=O)CC(C2C=C(C)C3C(=O)N()C(=O)C3C2)C1=O,egc,2
CCCCCCCCNC(=O)C(CCCCCCCCCCCC)C(=O)N,egc,1
CCCCCCCCNC(=O)CC(=O)N,egc,0
CCCCCCCCNC(=O)CCC=CCCC(=O)N,egc,2
CCCCCCCCNC(=O)CCCCCCCCCCC(=O)N,egc,1
CCCCCCCCNC(=O)CCCCCCCCCCCCC(=O)N,egc,0
CCCCCCCCNC(=O)NCCCCCCNC(=O)N,egc,2
CCCCCCCCO,egc,1
CCCCCCCCOC(=O)CCCCCCC(=O)O,egc,0
CCCCCCCCOC(=O)O,egc,2
CCCCCCCCc1nc(-c2ccc(-c3csc()n3)cc2)cs1,egc,1
CCCCCCCCc1nc2cc(-c3ccc4oc()nc4c3)ccc2o1,egc,0
CCCCCCCCc1nnc()o1,egc,2
CCCCCCCCn1c(=O)c2ccc3c4ccc5c(=O)n()c(=O)c6ccc(c7ccc(c1=O)c2c37)c4c56,egc,1
CCCCCCCNC(=O)C(OC)C(OC)C(=O)N,egc,0
CCCCCCCNC(=O)C=CCCC=CC(=O)N,egc,2
CCCCCCCNC(=O)CCCCCCCC(=O)N,egc,1
CCCCCCCNC(=O)CCCCCCCCCC(=O)N,egc,0
CCCCCCCNC(=O)CCCCCCCCCCCCCCCCCCC(=O)N,egc,2
CCCCCCCNC(=O)c1cccc(C(=O)N)c1,egc,1
CCCCCCCNC(=S)Nc1ccc(NC(=S)N)cc1,egb,0
CCCCCCCOC(=O)C(=O)O,egc,2
CCCCCCCOC(=O)NCCCCCCNC(=O)O,egc,1
CCCCCCCOc1ccc(C=CC=Cc2ccc(O)c(C)c2)cc1C,egc,0
CCCCCCCc1nc2ccc(-c3ccc4nc()[nH]c4c3)cc2[nH]1,egc,2
CCCCCCCc1nc2ccc(-c3ccc4nc()oc4c3)cc2o1,egc,1
CCCCCCCc1nnc()n1N,egc,0
CCCCCCCc1nnc()o1,egc,2
CCCCCCCc1nnc(-c2ccc(-c3nnc()o3)cc2)o1,egc,1
CCCCCCCc1nnc(CCCCc2nnc()o2)o1,egc,0
CCCCCCN(C)C(=O)CCC(=O)N()C,egc,2
CCCCCCN(C)C(=O)CCCCCCCCCCC(=O)N()C,egc,1
CCCCCCN(CC)C(=O)CCCCCCCCCCCCCCCCC(=O)N()CC,egc,0
CCCCCCN1C(=O)c2ccc(C(=O)c3ccc4c(c3)C(=O)N()C4=O)cc2C1=O,eps,2
CCCCCCNC(=O)C(CC)CC(CC)C(=O)N,egc,1
CCCCCCNC(=O)C(CCCCCCCCCCCCCCC)C(=O)N,egc,0
CCCCCCNC(=O)C(O)C(O)C(O)C(O)C(=O)N,egc,2
CCCCCCNC(=O)C1CC1(C)C(=O)N,egc,1
CCCCCCNC(=O)CC(=O)N,egc,0
CCCCCCNC(=O)CCCC(=O)O,egc,2
CCCCCCNC(=O)CCCCCC(=O)N,egc,1
CCCCCCNC(=O)CCCCCCC(=O)N,egc,0
CCCCCCNC(=O)CCCCCCCC(=O)N,egc,2
CCCCCCNC(=O)CCCCCCCCC(=O)N,egc,1
CCCCCCNC(=O)CCCCCCCCCCC(=O)N,egb,0
CCCCCCNC(=O)CCCCCCCCCCCCCCC(=O)N,egc,2
CCCCCCNC(=O)CCCCCCCCCCCCCCCCC(=O)N,egc,1
CCCCCCNC(=O)CCP(=O)(CCC(=O)N)c1ccccc1,egc,0
CCCCCCNC(=O)CCP(C)(=O)CCC(=O)N,egc,2
CCCCCCNC(=O)N,egc,1
CCCCCCNC(=O)NCCCCCNC(=O)N,egc,0
CCCCCCNC(=O)NCCCCNC(=O)N,egc,2
CCCCCCNC(=O)NCCCNC(=O)N,egc,1
CCCCCCNC(=O)c1c(F)c(F)c(C(=O)N)c(F)c1F,egc,0
CCCCCCNC(=O)c1cccc(C(=O)N)c1,egc,2
CCCCCCNC(=S)Nc1ccc(NC(=S)N)cc1,eps,1
CCCCCCNC(=S)Nc1ccc(NC(=S)N)cc1,nc,1
CCCCCCO,egc,1
CCCCCCOC(=O)C1CCC(C(=O)O)CC1,egc,0
CCCCCCOC(=O)CC(=O)O,egc,2
CCCCCCOC(=O)CCC(=O)O,egc,1
CCCCCCOC(=O)CCCC(=O)O,egc,0
CCCCCCOC(=O)CCCCCCCC(=O)O,egc,2
CCCCCCOC(=O)CCCCCNC(=O)CCCCC(=O)NCCCCCC(=O)O,egc,1
CCCCCCOC(=O)CCCCCNC(=O)O,egc,0
CCCCCCOC(=O)CCCCS(=O)(=O)CCCCC(=O)O,egc,2
CCCCCCOC(=O)CCCCSCCCCC(=O)O,egc,1
CCCCCCOC(=O)NCC(F)(F)C(F)(F)C(F)(F)C(F)(F)CNC(=O)O,egc,0
CCCCCCOC(=O)NCCCCCCCCCCNC(=O)O,egc,2
CCCCCCOC(=O)NCCCCCCNC(=O)O,egc,1
CCCCCCOC(=O)NCCCCNC(=O)O,egc,0
CCCCCCOC(=O)NCCCNC(=O)O,egb,0
CCCCCCOC(=O)NCCCNC(=O)O,egc,0
CCCCCCOC(=O)NCCSCCCCCSCCNC(=O)O,egc,2
CCCCCCOC(=O)NCCSCCCCSCCNC(=O)O,egc,1
CCCCCCOC(=O)NCCSCCSCCNC(=O)O,egb,2
CCCCCCOC(=O)NCCSCCSCCNC(=O)O,egc,2
CCCCCCOC(=O)Nc1ccc(C)c(NC(=O)O)c1,egc,0
CCCCCCOC(=O)O,egc,2
CCCCCCOC(=O)OCCCCCCCCOC(=O)OCCCCCCOc1ccc(Oc2ccc(O)cc2)cc1,egc,1
CCCCCCOC(=O)OCCCCCCCCOC(=O)OCCCCCCn1c(=O)c2cc3c(=O)n()c(=O)c3cc2c1=O,egc,0
CCCCCCOC(=O)OCCCCCCOC(=O)OCCCCCCOc1ccc(C(=O)c2ccc(O)cc2)cc1,egc,2
CCCCCCOC(=O)OCCCCCCOC(=O)OCCCCCCOc1ccc(Oc2ccc(O)cc2)cc1,egc,1
CCCCCCOC(=O)SC(=O)O,egc,0
CCCCCCOC(=O)SNc1ccc(Cc2ccc(NSC(=O)O)cc2)cc1,egc,2
CCCCCCOCO,egc,1
CCCCCCOc1ccc(C(=O)N(C(=O)c2ccc(O)cc2)c2ccccc2)cc1,egc,0
CCCCCCSCCS,egb,2
CCCCCCSSCCCCSS,egb,1
CCCCCC[N+]()(C)C,egc,0
CCCCCC[N+](C)(C)CCC[N+]()(C)C,egc,2
CCCCCCn1c(=O)c2cc3c(=O)n()c(=O)c3cc2c1=O,egc,1
CCCCCCn1ccc(-c2ccc(-c3ccn()n3)cc2)n1,egc,0
CCCCCNC(=O)C(CCCCCCCCCCCC)C(=O)N,egb,1
CCCCCNC(=O)C(CCCCCCCCCCCC)C(=O)N,egc,1
CCCCCNC(=O)CC(=O)N,egc,2
CCCCCNC(=O)CCCCCC(=O)N,egc,1
CCCCCNC(=O)CCCCCCC(=O)N,egc,0
CCCCCNC(=O)CCCCCCCCC(=O)N,egc,2
CCCCCNC(=O)CCCCCCCCCCCCCCCCC(=O)N,egc,1
CCCCCNC(=O)CCCCCCCCCCCCCCCCCCC(=O)N,egc,0
CCCCCNC(=O)CCCCCCCCOCCCCCCCCC(=O)NCCCCCO,egc,2
CCCCCNC(=O)N,egc,1
CCCCCNC(=O)O,egc,0
CCCCCNC(=S)N,egc,2
CCCCCOC(=O)C(=O)O,egc,1
CCCCCOC(=O)CCCCCNC(=O)O,egc,0
CCCCCOC(=O)CCCCS(=O)(=O)CCCCC(=O)O,egc,2
CCCCCOC(=O)CCCCSCCCCC(=O)O,egc,1
CCCCCOC(=O)NC(=O)C1CC1C(=O)NC(=O)O,egc,0
CCCCCOC(=O)NC1CC1NC(=O)O,egc,2
CCCCCOC(=O)NCC(F)(F)C(F)(F)C(F)(F)C(F)(F)CNC(=O)O,egc,1
CCCCCOC(=O)NCCCCCCNC(=O)O,egc,0
CCCCCOC(=O)NCCSCCCCCCSCCNC(=O)O,egc,2
CCCCCOC(=O)NCCSCCCCCSCCNC(=O)O,egc,1
CCCCCOC(=O)NCCSCCCCSCCNC(=O)O,egc,0
CCCCCOC(=O)NCCSCCSCCNC(=O)O,egc,2
CCCCCOC(=O)NNC(=O)CCCCCCCCC(=O)NNC(=O)O,egc,1
CCCCCOC(=O)Nc1ccc(C)c(NC(=O)O)c1,eea,0
CCCCCOC(=O)Nc1ccc(C)c(NC(=O)O)c1,ei,0
CCCCCOC(=O)Nc1ccc(C)c(NC(=O)O)c1,nc,0
CCCCCOC(=O)O,egb,0
CCCCCOC(=O)O,egc,0
CCCCCOC(=O)O,eps,0
CCCCCOC(=O)O,nc,0
CCCCCOCO,eea,2
CCCCCOCO,egb,2
CCCCCOCO,egc,2
CCCCCOCO,nc,2
CCCCCS,egb,0
CCCCCS,ei,0
CCCCCc1nc2cc3sc()nc3cc2s1,egc,0
CCCCCc1nnc()o1,egc,2
CCCCCn1c(=O)c2ccc3c4ccc5c(=O)n()c(=O)c6ccc(c7ccc(c1=O)c2c37)c4c56,egc,1
CCCCNC(=O)C(=O)N,egc,0
CCCCNC(=O)CC(=O)N,egc,2
CCCCNC(=O)CCC=CCCC(=O)N,egc,1
CCCCNC(=O)CCCCCCC(=O)N,egc,0
CCCCNC(=O)CCCCCCC(=O)NCCCCNC(=O)C(=O)N,egc,2
CCCCNC(=O)CCCCCCCCCC(=O)N,egc,1
CCCCNC(=O)CCCCCCCCCCCCCCC(=O)N,egc,0
CCCCNC(=O)CCCCCCCCCCCCCCCCC(=O)N,egc,2
CCCCNC(=O)NCCCCCCNC(=O)O,egc,1
CCCCNC(=O)c1cccc(C(=O)N)c1,egc,0
CCCCOC(=O)C1C(=O)C2CCC1C(=O)C2C(=O)O,egc,2
CCCCOC(=O)C1CCC(C(=O)O)CC1,egb,1
CCCCOC(=O)CC(=O)O,egc,0
CCCCOC(=O)CCCCC(=O)O,egc,2
CCCCOC(=O)CCCCCCCCC(=O)O,egc,1
CCCCOC(=O)CCCCS(=O)(=O)CCCCC(=O)O,egc,0
CCCCOC(=O)CCCCSCCCCC(=O)O,egc,2
CCCCOC(=O)Cc1ccc(CC(=O)O)cc1,egc,1
CCCCOC(=O)NC1CCC(CC2CCC(NC(=O)O)CC2)CC1,egc,0
CCCCOC(=O)NCCCCNC(=O)O,egc,2
CCCCOC(=O)NCCNC(=O)O,egc,1
CCCCOC(=O)NCCSCCSCCNC(=O)O,egc,0
CCCCOC(=O)NCc1ccc(CNC(=O)O)cc1,egc,2
CCCCOC(=O)NNC(=O)CCCCCCCCC(=O)NNC(=O)O,egc,1
CCCCOC(=O)Nc1ccc(C)c(NC(=O)O)c1,egc,0
CCCCOC(=O)OCC1CCC(COC(=O)O)CC1,egc,2
CCCCOC(=O)SC(=O)O,egc,1
CCCCOC(=O)SNCCCCCCNSC(=O)O,egc,0
CCCCOC(=O)SSC(=O)O,egc,2
CCCCOC(=O)SSSC(=O)O,egc,1
CCCCOC(=O)SSSSC(=O)O,egc,0
CCCCOC(=O)c1ccc(C(=O)O)cc1,eea,2
CCCCOC(=O)c1ccc(C(=O)O)cc1,egb,2
CCCCOC(=O)c1ccc(C(=O)O)cc1,eps,2
CCCCOC(=O)c1cccc(C(=O)O)c1,egc,2
CCCCOc1ccc(C(=O)OC(=O)c2ccc(O)cc2)cc1,egc,1
CCCCOc1ccc(C=C2CCC(=Cc3ccc(O)cc3)C2=O)cc1,egc,0
CCCCOc1ccc(OC(=O)c2ccc(C(=O)Oc3ccc(O)cc3)c(C(=O)OCC=C)c2)cc1,egc,2
CCCCSCCS,egb,1
CCCCc1nc(-c2ccc(-c3csc()n3)cc2)cs1,egc,0
CCCCc1nnc()n1N,egc,2
CCCCc1nnc()o1,egc,1
CCCN,egb,1
CCCN,egc,1
CCCN,ei,1
CCCN,eps,1
CCCN,nc,1
CCCN()C,egc,0
CCCN()C(C)=O,egc,2
CCCNC(=O)CCC=CCCC(=O)N,egc,1
CCCNC(=O)CCCCC(=O)NCCCO,egc,0
CCCNC(=O)CCCCCCCC(=O)NCCCNC(=O)C(=O)N,egb,2
CCCNC(=O)CCCCCCCCC(=O)NCCCOCCO,egc,1
CCCNC(=O)CCCCCCCCCCCCCCCCCCC(=O)N,egc,0
CCCNC(=O)NCCCCCCNC(=O)O,egc,2
CCCNC(=O)c1cccc(C(=O)N)c1,egc,1
CCCO,egc,1
CCCO,ei,1
CCCO,eps,1
CCCO,nc,1
CCCOC(=O)C(=O)O,egc,0
CCCOC(=O)C1CCC(C(=O)O)CC1,egc,2
CCCOC(=O)CC(=O)O,egc,1
CCCOC(=O)CCC(=O)O,egc,0
CCCOC(=O)CCC(C)CC(=O)O,egc,2
CCCOC(=O)CCCC(=O)O,egc,1
CCCOC(=O)CCCCCCC(=O)O,egc,0
CCCOC(=O)CCCCCCCCC(=O)O,egc,2
CCCOC(=O)CCCCCCCCCC(=O)O,egc,1
CCCOC(=O)CCCCCCCCCCC(=O)O,egb,0
CCCOC(=O)CCCCCCCCCCCCCCCCC(=O)O,egc,2
CCCOC(=O)CCCCCCCCOC(=O)CCCOC(=O)CCCCCCCCOC()=O,egb,1
CCCOC(=O)CCCCCCCCOC(=O)CCCOC(=O)CCCCCCCCOC()=O,ei,1
CCCOC(=O)CCCCCCCCOC(=O)CCCOC(=O)CCCCCCCCOC()=O,nc,1
CCCOC(=O)CCCCSCCCCC(=O)O,egc,1
CCCOC(=O)COCC(=O)O,egc,0
CCCOC(=O)Cc1ccc(CC(=O)O)cc1,egc,2
CCCOC(=O)N1CCC()CC1,egc,1
CCCOC(=O)NCCCCCCNC(=O)O,egc,0
CCCOCCOCCOC(=O)Nc1ccc(C)c(NC(=O)O)c1,egc,2
CCCOc1ccc(C(=O)OC(=O)c2ccc(O)cc2)cc1,egc,1
CCCP(C)(=O)CCCNC(=O)CCCCCCCCC(=O)N,egc,0
CCCP(CCCCCCCC)CCCNC(=O)CCCCC(=O)N,egc,2
CCCP(CCCNC(=O)C(=O)N)c1ccccc1,egc,1
CCCP(CCCNC(=O)CCCCC(=O)N)CC(C)C,egc,0
CCCP(CCCNC(=O)CCCCCCCCC(=O)N)c1ccccc1,egc,2
CCCS(=O)(=O)CCCCS(=O)(=O)CCCOC(=O)O,egc,1
CCC[Si](C)(C)O[Si](C)(C)CCCn1c(=O)c2cc3c(=O)n()c(=O)c3cc2c1=O,egc,0
CCCc1ccc()cc1,eea,0
CCCc1ccc()cc1,egb,0
CCCc1ccc()cc1,eps,0
CCCc1ccc()cc1,nc,0
CCCc1ccc()s1,ei,0
CCCc1ccc()s1,eps,0
CCCc1ccc()s1,nc,0
CCCc1nc2cc3sc()nc3cc2s1,egc,2
CCN()C(=O)CO,egc,1
CCN()C(=O)c1c(F)cc(F)c(F)c1F,egc,0
CCN()C(=O)c1c(F)cccc1F,egc,2
CCN()C(=O)c1cc(F)ccc1F,egc,1
CCN()C(=O)c1ccc(F)c(F)c1,egc,0
CCN()C(=O)c1ccc(F)cc1,egc,2
CCN()C(=O)c1ccc(OC)cc1,egc,1
CCN()Cc1ccccc1,egc,0
CCN(CCCC(=O)Nc1ccc(N=Nc2ccccc2)cc1)CCOC(=O)NCC1CCCC(CNC(=O)O)C1,egc,2
CCN(CCOC(=O)C=Cc1ccc(C=CC(=O)O)cc1)c1ccc(N=Nc2ccc([N+](=O)[O-])cc2)cc1,egc,1
CCN(CCOC(=O)Nc1ccc(C)c(NC(=O)O)c1)c1ccc(-c2c(NCCCO)c(=O)c2=O)cc1,egc,0
CCN(CCOC(=O)Nc1ccc(Cc2ccc(NC(=O)O)cc2)cc1)c1ccccc1,egc,2
CCN(CCOC(=O)c1cccc(C(=O)O)c1)c1ccccc1,egc,1
CCN1C(=O)C(=CC=C2SC(=S)N()C2=O)SC1=S,egc,0
CCN1C(=O)C(=CCCCC=C2SC(=S)N()C2=O)SC1=S,egc,2
CCNC()=S,eea,2
CCNC()=S,egb,2
CCNC()=S,ei,2
CCNC()=S,eps,2
CCNC(=O)C(OC)C(OC)C(=O)N,egc,1
CCNC(=O)CCCCC(=O)N,egc,0
CCNC(=O)CCCCCCCCC(=O)N,egc,2
CCNC(=O)CCCCCCCCCCC(=O)N,egc,1
CCNC(=O)CCCCCCCCCCCCCCC(=O)N,egc,0
CCNC(=O)CCP(C)(=O)CCC(=O)N,egc,2
CCNC(=O)NCCCCCCNC(=O)O,egc,1
CCNC(=O)c1ccc(O)cc1,egc,0
CCNC(=O)c1cccc(O)c1,egc,2
CCNC(C=C1)=CC=C1,egc,1
CCNC(S1)=CC=C1,egc,0
CCN[Si](C)(C)N,egc,2
CCNc1ccc()cc1,eea,2
CCNc1ccc()cc1,nc,2
CCNc1ccc()s1,egb,1
CCNc1ccc()s1,nc,1
CCO,eea,2
CCO,egc,2
CCO,nc,2
CCOC(=O)C(=O)O,egc,1
CCOC(=O)C1C2C=CC(C2)C1C(=O)O,egb,0
CCOC(=O)C1C2C=CC(C2)C1C(=O)O,egc,0
CCOC(=O)C1CCC(C(=O)O)CC1,egb,0
CCOC(=O)C=CC(=O)O,egc,2
CCOC(=O)CC(=O)O,egc,1
CCOC(=O)CCC(=O)O,egc,0
CCOC(=O)CCCCC(=O)O,eea,1
CCOC(=O)CCCCC(=O)O,ei,1
CCOC(=O)CCCCC(=O)O,eps,1
CCOC(=O)CCCCC(=O)O,nc,1
CCOC(=O)CCCCCC(=O)O,egc,2
CCOC(=O)CCCCCCC(=O)O,eea,0
CCOC(=O)CCCCCCC(=O)O,egc,0
CCOC(=O)CCCCCCC(=O)O,eps,0
CCOC(=O)CCCCCCC(=O)O,nc,0
CCOC(=O)CCCCCCCCC(=O)O,egc,1
CCOC(=O)COCC(=O)O,egc,0
CCOC(=O)CSC(=O)Nc1ccc(Cc2ccc(NC(=O)SCC(=O)O)cc2)cc1,egc,2
CCOC(=O)Cc1ccc(CC(=O)O)cc1,egc,1
CCOC(=O)N(C)c1ccc(C)c(N(C)C(=O)O)c1,egc,0
CCOC(=O)NC1CCC(NC(=O)O)CC1,egc,2
CCOC(=O)NCCCCCCCCCNC(=O)O,egc,1
CCOC(=O)NCCOCCOCCNC(=O)O,eea,2
CCOC(=O)NCCOCCOCCNC(=O)O,egb,2
CCOC(=O)NCCOCCOCCNC(=O)O,egc,2
CCOC(=O)NCCOCCOCCNC(=O)O,ei,2
CCOC(=O)NCCOCCOCCNC(=O)O,eps,2
CCOC(=O)NCCOCCOCCNC(=O)O,nc,2
CCOC(=O)NCCSCCCCSCCNC(=O)O,egb,2
CCOC(=O)NCCSCCCCSCCNC(=O)O,egc,2
CCOC(=O)NNC(=O)CCCCCCCCC(=O)NNC(=O)O,egc,0
CCOC(=O)Nc1cc(NC(=O)O)ccc1C,egc,2
CCOC(=O)Nc1ccc(-c2ccc(NC(=O)O)c(C)c2)cc1C,egc,1
CCOC(=O)Nc1ccc(C(C)(C)c2ccc(NC(=O)O)cc2)cc1,egb,0
CCOC(=O)Nc1ccc(NC(=O)O)cc1,egc,2
CCOC(=O)Nc1cccc(NC(=O)O)c1,egc,1
CCOC(=O)Nc1cccc2c(NC(=O)O)cccc12,egc,0
CCOC(=O)c1ccc(C(=O)O)c2c1CC2,egc,2
CCOC(=O)c1ccc(C(=O)O)cc1,eea,1
CCOC(=O)c1ccc(C(=O)O)cc1,egc,1
CCOC(=O)c1ccc(C(=O)O)cc1,eps,1
CCOC(=O)c1ccc(C2(C)CC(C)(C)c3ccc(C(=O)O)cc32)cc1,egc,1
CCOC(=O)c1ccc(NC(=O)CCCCCCCC(=O)Nc2ccc(C(=O)O)cc2)cc1,egc,0
CCOC(=O)c1ccc(O)c(C)c1,egc,2
CCOC(=O)c1ccc(O)cc1Cl,egc,1
CCOC(=O)c1ccc2ccc(C(=O)O)cc2c1,egc,0
CCOC(=S)NC(=S)C(C=C1)=CC=C1N,egc,2
CCOC(=S)NC(=S)c1ccc(N)cc1,eea,0
CCOC(=S)NC(=S)c1ccc(N)cc1,ei,0
CCOC(=S)NC(=S)c1ccc(N)cc1,eps,0
CCOCCOC(=O)C(C)C(=O)O,egc,1
CCOCCOC(=O)C(CCCCCCC)C(=O)O,egc,0
CCOCCOC(=O)C=CC(=O)NCCCCCCNC(=O)C=CC(=O)O,egc,2
CCOCCOC(=O)CCC(=O)O,egc,1
CCOCCOC(=O)CCC(C)CC(=O)O,egc,0
CCOCCOC(=O)CCCC(=O)O,egc,2
CCOCCOC(=O)CCCCCCCC(=O)O,egc,1
CCOCCOC(=O)CCCCS(=O)(=O)CCCCC(=O)O,egb,0
CCOCCOC(=O)CCSCCC(=O)O,egc,2
CCOCCOC(=O)COCC(=O)O,egc,1
CCOCCOC(=O)NCCNC(=O)O,egc,0
CCOCCOC(=O)Nc1ccc(C)c(NC(=O)O)c1,eea,2
CCOCCOC(=O)Nc1ccc(C)c(NC(=O)O)c1,egb,2
CCOCCOC(=O)Nc1ccc(C)c(NC(=O)O)c1,nc,2
CCOCCOC(=O)O,eea,2
CCOCCOC(=O)O,egb,2
CCOCCOC(=O)O,ei,2
CCOCCOC(=O)O,eps,2
CCOCCOC(=O)c1ccc(NC=Nc2ccc(C(=O)O)cc2)cc1,egc,2
CCOCCOC(=O)c1cccc(C(=O)O)c1,egc,1
CCOCCOCC#CC#CCOCCOCCOC(=O)NCCCCCCNC(=O)O,egc,0
CCOCCOCCOC(=O)C=CC(=O)NCCCCCCNC(=O)C=CC(=O)O,egc,2
CCOCCOCCOC(=O)CC(=O)O,egc,1
CCOCCOCCOC(=O)CCC(=O)O,egc,0
CCOCCOCCOC(=O)CCCCC(=O)O,egc,2
CCOCCOCCOC(=O)CCCCCC(=O)O,egb,1
CCOCCOCCOC(=O)CCCCCCC(=O)O,egb,0
CCOCCOCCOC(=O)CCCCCCCCC(=O)O,egc,2
CCOCCOCCOC(=O)COCC(=O)O,egc,1
CCOCCOCCOC(=O)CSC(=O)Nc1ccc(C)c(NC(=O)SCC(=O)O)c1,egc,0
CCOCCOCCOC(=O)NCCCCCCNC(=O)O,egc,2
CCOCCOCCOC(=O)c1cccc(C(=O)O)c1,egc,1
CCOCCOCCOC(=O)c1ccccc1C(=O)O,egc,0
CCOCCOCCOCCOC(=O)CCSCCC(=O)O,egc,2
CCOCCOCCOCCOC(=O)NCCCCCCNC(=O)O,egc,1
CCOCCOCCOCCOCCOc1ccc(C(=O)Nc2cc(NC(=O)c3ccc(O)cc3)cc(-c3nc4ccccc4[nH]3)c2)cc1,egc,0
CCOCCOCCOCCOCCOc1ccc(C=C(C)c2ccc(O)cc2)cc1,egc,2
CCOCCOCCOc1ccc(C=C(C)c2ccc(O)cc2)cc1,egc,1
CCOCCOc1ccc(NC=Nc2ccc(O)cc2)cc1,egc,0
CCOCO,egc,2
CCON,egc,1
CCON,ei,1
CCON,nc,1
CCOc1ccc(C(=O)OC(=O)c2ccc(C(=O)OC(=O)c3ccc(O)c(OC)c3)cc2)cc1OC,egc,1
CCOc1ccc(C(=O)OC(=O)c2ccc(O)cc2)cc1,egc,0
CCOc1ccc(C(=O)OCCCCCCOC(=O)c2ccc(O)cc2)cc1,egc,2
CCSCCO,egc,1
CCSSCCO,egc,0
CCSSSSCCO,egc,2
CCc1c(C)c(C)c()c(C)c1C,egc,1
CCc1cc(Cl)c()c(Cl)c1,egc,0
CCc1ccc()c(C#N)c1,egc,2
CCc1ccc()c(Cl)c1Cl,egc,1
CCc1ccc()o1,egc,0
CCc1ccc(-c2ccc()cc2)cc1,egb,0
CCc1ccc(-c2ccc()cc2)cc1,ei,0
CCc1ccc(-c2ccc()cc2)cc1,eps,0
CCc1ccc(-c2ccc()s2)cc1,eea,2
CCc1ccc(-c2ccc()s2)cc1,egb,2
CCc1ccc(-c2ccc()s2)cc1,nc,2
CCc1ccc(-c2ccc()s2)s1,eea,1
CCc1ccc(-c2ccc()s2)s1,egb,1
CCc1ccc(-c2ccc()s2)s1,ei,1
CCc1ccc(C()=S)cc1,egb,0
CCc1ccc(C()=S)cc1,ei,0
CCc1ccc(C()=S)cc1,nc,0
CCc1ccc(C()=S)s1,eea,1
CCc1ccc(C()=S)s1,egb,1
CCc1ccc(C()=S)s1,eps,1
CCc1ccc(C()=S)s1,nc,1
CCc1ccc(Cc2ccc(CCS)cc2)cc1,egb,1
CCc1ccc(Cc2ccc(CCS)cc2)cc1,egc,1
CCc1ccc(O)cc1,eea,0
CCc1ccc(O)cc1,egb,0
CCc1ccc(O)cc1,eps,0
CCc1ccc(O)cc1,nc,0
CCc1ccc(O)s1,eea,0
CCc1ccc(O)s1,egb,0
CCc1cnc()cn1,egc,2
CCc1nc(-c2ccc(-c3csc()n3)cc2)cs1,egc,1
CCc1nnc()n1N,egc,0
CNC(=O)C()=S,eea,2
CNC(=O)C()=S,ei,2
CNC(=O)C()=S,eps,2
CNC(=O)C()=S,nc,2
CNC(=O)CCCC(=O)N,egc,2
CNC(=O)CCCCCC(=O)N,egc,1
CNC(=O)CCCCCCCCC(=O)N,egc,0
CNC(=O)NCOCO,eea,1
CNC(=O)NCOCO,egc,1
CNC(=O)NCOCO,eps,1
CNC(=O)NCOCO,nc,1
CNC(=O)OCc1ccc(COCc2ccc(COC(=O)NCc3ccc(C(C)(C)c4ccc()o4)o3)o2)o1,egc,2
CNC(=O)ONC(=O)NO,egb,0
CNC(=O)ONC(=O)NO,egc,0
CNC(=O)ONC(=O)NO,ei,0
CNC(=O)ONC(=O)NO,eps,0
CNC(=O)ONC(=O)NO,nc,0
CNC(=O)c1ccc()s1,eea,2
CNC(=O)c1ccc()s1,ei,2
CNC(=O)c1ccc()s1,eps,2
CNC(=S)C()=O,egb,1
CNC(=S)C()=O,ei,1
CNC(=S)C()=O,eps,1
CNC(=S)C(C=C1)=CC=C1,egc,1
CNC(=S)N,egc,2
CNC(=S)N,ei,2
CNC(=S)O,egb,0
CNC(=S)O,egc,0
CNC(=S)O,ei,0
CNC(=S)c1ccc()cc1,egb,1
CNC(=S)c1ccc()cc1,ei,1
CNC(=S)c1ccc()s1,eea,0
CNC(=S)c1ccc()s1,egb,0
CNC(=S)c1ccc()s1,ei,0
CNC(=S)c1ccc()s1,eps,0
CNC(C=C1)=CC=C1C(=O),egc,0
CNC(C=C1)=CC=C1O,egc,2
CNC(S1)=CC=C1C(=O),egc,1
CNC(S1)=CC=C1N,egc,0
CNCC()=O,eea,0
CNCC()=O,ei,0
CNCC()=S,eea,2
CNCC()=S,ei,2
CNCCCOCO,eea,2
CNCCCOCO,egb,2
CNCCCOCO,ei,2
CNCCCOCO,eps,2
CNCCNC(=O)OC,eea,1
CNCCNC(=O)OC,egb,1
CNCCNC(=O)OC,ei,1
CNCCNC(=O)OC,eps,1
CNCN,eea,0
CNCN,egb,0
CNCN,egc,0
CNCN,ei,0
CNCNC(=O)NC(=O)N,egb,2
CNCNC(=O)NC(=O)N,egc,2
CNCNC(=O)NC(=O)N,eps,2
CNCO,eea,2
CNCO,egb,2
CNCO,ei,2
CNCO,eps,2
CNCO,nc,2
CNCc1ccc()cc1,egb,1
CNCc1ccc()cc1,ei,1
CNCc1ccc()s1,eea,1
CNCc1ccc()s1,egb,1
CNCc1ccc()s1,eps,1
CNOC()=S,eea,0
CNOC()=S,egb,0
CNOC()=S,eps,0
CNOC(C=C1)=CC=C1,egc,2
CNOC(S1)=CC=C1,egc,1
CNON,eea,1
CNON,egb,1
CNON,egc,1
CNON,eps,1
CNON,nc,1
CNOc1ccc()cc1,egb,2
CNOc1ccc()cc1,eps,2
CNOc1ccc()cc1,nc,2
CNOc1ccc()s1,ei,0
CNOc1ccc()s1,nc,0
CNc1ccc(-c2ccc()cc2)s1,egb,1
CNc1ccc(-c2ccc()cc2)s1,eps,1
CNc1ccc(-c2ccc()cc2)s1,nc,1
CNc1ccc(-c2ccc()s2)cc1,ei,2
CNc1ccc(-c2ccc()s2)cc1,eps,2
CNc1ccc(C()=O)cc1,eps,1
CNc1ccc(C()=O)cc1,nc,1
CNc1ccc(C()=O)s1,egb,2
CNc1ccc(C()=O)s1,ei,2
CNc1ccc(C()=O)s1,eps,2
CNc1ccc(C()=O)s1,nc,2
CNc1ccc(C()=S)s1,egb,1
CNc1ccc(C()=S)s1,ei,1
CNc1ccc(C()=S)s1,eps,1
CNc1ccc(C()=S)s1,nc,1
CNc1ccc(N)cc1,eea,0
CNc1ccc(N)cc1,eps,0
CNc1ccc(N)cc1,nc,0
CNc1ccc(N)s1,eea,0
CNc1ccc(N)s1,ei,0
CNc1ccc(N)s1,eps,0
CNc1ccc(N)s1,nc,0
CNc1ccc(O)cc1,eea,2
CNc1ccc(O)cc1,egb,2
CNc1ccc(O)cc1,ei,2
CNc1ccc(O)cc1,nc,2
CNc1ccc(O)s1,eea,0
CNc1ccc(O)s1,eps,0
CO,eea,1
CO,egb,1
CO,egc,1
CO,eps,1
COC(=O)NCCCCCCNC(=O)OCc1cccc()n1,egc,0
COC(=O)NCCNC,egc,2
COC(=O)O,eea,2
COC(=O)O,eps,2
COC(=S)O,eea,0
COC(=S)O,egc,0
COC(=S)O,ei,0
COC(=S)O,eps,0
COC(=S)O,nc,0
COC(S1)=CC=C1O,egc,1
COC1CC2CC(O)C1C2,egc,0
COC1CCC()OC1,egc,2
COC1CCC(O)CC1,egc,1
COCOCCCO,eea,0
COCOCCCO,egb,0
COCOCCCO,ei,0
COCOCCCO,eps,0
COCOc1ccc(C(=O)OC(=O)c2ccc(O)cc2)cc1,egc,0
CONC()=O,eea,2
CONC()=O,eps,2
CONC()=O,nc,2
CONC(=O),egc,2
COc1ccc(-c2ccc()cc2)s1,eea,1
COc1ccc(-c2ccc()cc2)s1,egb,1
COc1ccc(C(=C(Cl)Cl)c2ccc(O)cc2)cc1,egc,1
COc1ccc(C(=O)OC(=O)c2ccc(O)cc2)cc1,egc,0
COc1ccc(O)cc1,eea,2
COc1ccc(O)cc1,egb,2
COc1ccc(O)cc1,ei,2
COc1ccc(O)cc1,eps,2
COc1ccc(O)cc1,nc,2
COc1ccc(O)s1,eea,1
COc1ccc(O)s1,ei,1
COc1ccc(O)s1,eps,1
CS,egc,2
CS(=O)(=O)C1CC()C[N+](C)(C)C1,egc,1
Cc1c(C)c(C)c(CNC(=O)CCCC(=O)N)c(C)c1C,egc,0
Cc1c(O)c(C(C)=O)cc(CNC(=S)N)c1OC,egc,2
Cc1cc(C23CC4CC(CC(C4)C2)C3)cc(CN()C)c1O,egc,1
Cc1cc(COC(=O)Nc2ccc(Cc3ccc(NC(=O)O)cc3)cc2)cc(C(C)(C)C)c1,egc,0
Cc1ccc(-c2ccc(-c3ccc()cc3)cc2)cc1,eps,2
Cc1ccc(-c2ccc(-c3ccc()cc3)s2)cc1,eea,2
Cc1ccc(-c2ccc(-c3ccc()cc3)s2)cc1,egb,2
Cc1ccc(-c2ccc(-c3ccc()cc3)s2)cc1,ei,2
Cc1ccc(-c2ccc(-c3ccc()cc3)s2)cc1,nc,2
Cc1ccc(-c2ccc(-c3ccc()s3)cc2)cc1,ei,0
Cc1ccc(-c2ccc(-c3ccc()s3)cc2)cc1,nc,0
Cc1ccc(-c2ccc(-c3ccc()s3)cc2)s1,eea,1
Cc1ccc(-c2ccc(-c3ccc()s3)cc2)s1,egb,1
Cc1ccc(-c2ccc(-c3ccc()s3)cc2)s1,eps,1
Cc1ccc(-c2ccc(-c3ccc()s3)cc2)s1,nc,1
Cc1ccc(-c2ccc(-c3ccc()s3)s2)cc1,eea,0
Cc1ccc(-c2ccc(-c3ccc()s3)s2)cc1,ei,0
Cc1ccc(-c2ccc(-c3ccc()s3)s2)cc1,nc,0
Cc1ccc(-c2ccc(-c3ccc()s3)s2)s1,eea,2
Cc1ccc(-c2ccc(-c3ccc()s3)s2)s1,eps,2
Cc1ccc(-c2ccc(-c3ccc()s3)s2)s1,nc,2
Cc1ccc(-c2ccc(C()=S)cc2)cc1,eea,0
Cc1ccc(-c2ccc(C()=S)cc2)cc1,egb,0
Cc1ccc(-c2ccc(C()=S)cc2)cc1,eps,0
Cc1ccc(-c2ccc(C()=S)cc2)cc1,nc,0
Cc1ccc(-c2ccc(C()=S)cc2)s1,eea,1
Cc1ccc(-c2ccc(C()=S)cc2)s1,eps,1
Cc1ccc(-c2ccc(C()=S)cc2)s1,nc,1
Cc1ccc(-c2ccc(C()=S)s2)cc1,egb,0
Cc1ccc(-c2ccc(C()=S)s2)cc1,ei,0
Cc1ccc(-c2ccc(C()=S)s2)cc1,eps,0
Cc1ccc(-c2ccc(C()=S)s2)s1,eea,2
Cc1ccc(-c2ccc(C()=S)s2)s1,ei,2
Cc1ccc(-c2ccc(C()=S)s2)s1,eps,2
Cc1ccc(-c2ccc(CSC(=O)CCC(=O)S)cc2)cc1,egc,1
Cc1ccc(-c2ccc(N)cc2)cc1,eea,1
Cc1ccc(-c2ccc(N)cc2)cc1,ei,1
Cc1ccc(-c2ccc(N)cc2)cc1,nc,1
Cc1ccc(-c2ccc(N)s2)s1,eea,1
Cc1ccc(-c2ccc(N)s2)s1,egb,1
Cc1ccc(-c2ccc(N)s2)s1,ei,1
Cc1ccc(-c2ccc(N)s2)s1,eps,1
Cc1ccc(-c2ccc(N)s2)s1,nc,1
Cc1ccc(-c2ccc(O)cc2)cc1,egb,0
Cc1ccc(-c2ccc(O)cc2)s1,eea,2
Cc1ccc(-c2ccc(O)cc2)s1,nc,2
Cc1ccc(-c2ccc(O)s2)s1,egb,2
Cc1ccc(-c2ccc(O)s2)s1,ei,2
Cc1ccc(-c2ccc(O)s2)s1,eps,2
Cc1ccc(-c2ccc(O)s2)s1,nc,2
Cc1ccc(C(=O)C()=S)cc1,eea,1
Cc1ccc(C(=O)C()=S)cc1,egb,1
Cc1ccc(C(=O)C()=S)cc1,eps,1
Cc1ccc(C(=O)C()=S)cc1,nc,1
Cc1ccc(C(=O)C()=S)s1,ei,1
Cc1ccc(C(=O)C()=S)s1,nc,1
Cc1ccc(C(=O)N)cc1,egb,0
Cc1ccc(C(=O)N)cc1,egc,0
Cc1ccc(C(=O)N)cc1,nc,0
Cc1ccc(C(=O)O)cc1,eea,1
Cc1ccc(C(=O)O)cc1,egb,1
Cc1ccc(C(=O)O)cc1,egc,1
Cc1ccc(C(=O)O)cc1,ei,1
Cc1ccc(C(=O)O)cc1,eps,1
Cc1ccc(C(=O)O)cc1,nc,1
Cc1ccc(C(=O)O)s1,egb,2
Cc1ccc(C(=O)O)s1,ei,2
Cc1ccc(C(=O)O)s1,eps,2
Cc1ccc(C(=O)c2ccc()cc2)cc1,egb,1
Cc1ccc(C(=O)c2ccc()cc2)cc1,eps,1
Cc1ccc(C(=O)c2ccc()cc2)cc1,nc,1
Cc1ccc(C(=O)c2ccc()s2)cc1,egb,0
Cc1ccc(C(=O)c2ccc()s2)cc1,ei,0
Cc1ccc(C(=O)c2ccc()s2)cc1,eps,0
Cc1ccc(C(=O)c2ccc()s2)s1,eea,0
Cc1ccc(C(=O)c2ccc()s2)s1,egb,0
Cc1ccc(C(=O)c2ccc()s2)s1,ei,0
Cc1ccc(C(=O)c2ccc()s2)s1,eps,0
Cc1ccc(C(=O)c2ccc()s2)s1,nc,0
Cc1ccc(C(=S)O)cc1,eea,2
Cc1ccc(C(=S)O)cc1,egb,2
Cc1ccc(C(=S)O)cc1,nc,2
Cc1ccc(C(=S)O)s1,eea,1
Cc1ccc(C(=S)O)s1,ei,1
Cc1ccc(C(=S)O)s1,eps,1
Cc1ccc(C(=S)c2ccc()cc2)cc1,eea,2
Cc1ccc(C(=S)c2ccc()cc2)cc1,egb,2
Cc1ccc(C(=S)c2ccc()cc2)cc1,ei,2
Cc1ccc(C(=S)c2ccc()cc2)cc1,eps,2
Cc1ccc(C(=S)c2ccc()cc2)cc1,nc,2
Cc1ccc(C(=S)c2ccc()s2)cc1,eea,0
Cc1ccc(C(=S)c2ccc()s2)cc1,egb,0
Cc1ccc(C(=S)c2ccc()s2)cc1,eps,0
Cc1ccc(C(=S)c2ccc()s2)s1,ei,0
Cc1ccc(C(=S)c2ccc()s2)s1,nc,0
Cc1ccc(C)cc1,ei,2
Cc1ccc(C)cc1,eps,2
Cc1ccc(CC()=S)cc1,eea,0
Cc1ccc(CC()=S)cc1,egb,0
Cc1ccc(CC()=S)cc1,ei,0
Cc1ccc(CC()=S)cc1,nc,0
Cc1ccc(CC()=S)s1,egb,1
Cc1ccc(CC()=S)s1,nc,1
Cc1ccc(CN2CCN()C(C)C2)cc1,egc,2
Cc1ccc(CNC(=O)CCCCCCCCCCC(=O)N)cc1,egc,1
Cc1ccc(CNC(=O)CCCCCCCCCCCCCC(=O)N)cc1,egc,0
Cc1ccc(CNC(=O)CCCCCCCCCCCCCCCC(=O)N)cc1,egc,2
Cc1ccc(CNC(=O)CCCCCCCCCCCCCCCCCCCCC(=O)N)cc1,egc,1
Cc1ccc(CNC(=O)c2cccc(C(=O)N)c2)cc1,egc,0
Cc1ccc(CNC(C)=N)cc1,egc,2
Cc1ccc(CO)cc1,eea,2
Cc1ccc(CO)cc1,egb,2
Cc1ccc(CO)cc1,egc,2
Cc1ccc(CO)cc1,nc,2
Cc1ccc(CO)s1,eea,1
Cc1ccc(CO)s1,ei,1
Cc1ccc(CO)s1,eps,1
Cc1ccc(CO)s1,nc,1
Cc1ccc(COC(=O)CC(=O)O)cc1,egc,1
Cc1ccc(COC(=O)CCC(=O)O)cc1,egc,0
Cc1ccc(COC(=O)CCCC(=O)O)cc1,egc,2
Cc1ccc(COC(=O)CCCCCCCCCCCCCCCCCCC(=O)O)cc1,egc,1
Cc1ccc(COC(=O)CCCCSCCCCC(=O)O)cc1,egc,0
Cc1ccc(COC(=O)O)cc1,egc,2
Cc1ccc(CSSSS)cc1,egc,1
Cc1ccc(C[n+]2ccc(-c3cc[n+]()cc3)cc2)cc1,egc,0
Cc1ccc(Cc2ccc()cc2)cc1,eea,0
Cc1ccc(Cc2ccc()cc2)cc1,egb,0
Cc1ccc(Cc2ccc()cc2)cc1,ei,0
Cc1ccc(Cc2ccc()cc2)cc1,eps,0
Cc1ccc(Cc2ccc()s2)cc1,egb,2
Cc1ccc(Cc2ccc()s2)cc1,eps,2
Cc1ccc(Cc2ccc()s2)cc1,nc,2
Cc1ccc(Cc2ccc()s2)s1,eea,2
Cc1ccc(Cc2ccc()s2)s1,egb,2
Cc1ccc(Cc2ccc()s2)s1,eps,2
Cc1ccc(Cc2ccc()s2)s1,nc,2
Cc1ccc(NC()=S)cc1,eea,0
Cc1ccc(NC()=S)cc1,egb,0
Cc1ccc(NC()=S)s1,eea,1
Cc1ccc(NC()=S)s1,egb,1
Cc1ccc(NC()=S)s1,eps,1
Cc1ccc(NO)cc1,eea,2
Cc1ccc(NO)cc1,ei,2
Cc1ccc(NO)s1,eea,1
Cc1ccc(NO)s1,ei,1
Cc1ccc(NO)s1,eps,1
Cc1ccc(NO)s1,nc,1
Cc1ccc(Nc2ccc()cc2)cc1,eea,0
Cc1ccc(Nc2ccc()cc2)cc1,egb,0
Cc1ccc(Nc2ccc()cc2)cc1,ei,0
Cc1ccc(Nc2ccc()s2)cc1,eea,2
Cc1ccc(Nc2ccc()s2)cc1,ei,2
Cc1ccc(Nc2ccc()s2)cc1,eps,2
Cc1ccc(Nc2ccc()s2)s1,egb,2
Cc1ccc(OC()=S)cc1,eea,0
Cc1ccc(OC()=S)cc1,egb,0
Cc1ccc(OC()=S)cc1,eps,0
Cc1ccc(OC()=S)cc1,nc,0
Cc1ccc(OCOc2ccc()c3cccnc23)c2ncccc12,egc,1
Cc1ccc(Oc2ccc()s2)cc1,eea,2
Cc1ccc(Oc2ccc()s2)cc1,egb,2
Cc1ccc(Oc2ccc()s2)cc1,eps,2
Cc1ccc(Oc2ccc()s2)cc1,nc,2
Cc1ccc(Oc2ccc()s2)s1,eea,1
Cc1ccc(Oc2ccc()s2)s1,ei,1
Cc1ccc(Oc2ccc()s2)s1,nc,1
Cc1cccc(CN(C)C(=O)CCCCC(=O)N()C)c1,egc,0
Cc1cccc(CNC(=O)C2=C(C(=O)N)C3C=CC2C3)c1,egc,2
Cc1nc(-c2ccc(-c3csc()n3)cc2)cs1,egc,1
Cc1nc2cc3sc()nc3cc2s1,egc,0
N(C(=O)C(C(C(C(=O)N(CCCCCC)C(C)C)(F)F)(F)F)(F)F)C(C)C,tg,2
N(C(=O)C(C(C(C(C(=O)N(CCCCCC)CC(C(F)(F)F)(F)F)(F)F)(F)F)(F)F)(F)F)CC(C(F)(F)F)(F)F,tg,1
N(C(=O)CCC(=O)N(CCCCCC)C)C,tg,0
N(C(=O)CCCC(=O)N(CCCCCC)C)C,tg,2
N(C(=O)c1cc(ccc1)C(=O))c1ccccc1,tg,1
N(C(C)CC)C(=O)CCCC,tg,0
N(CC(C)O)c1cc(c(c(c1)C)N=Nc1c(cc(cc1)[N+](=O)[O-])C)C,tg,2
N(CC(C)O)c1cc(c(c(c1)C)N=Nc1ccc(cc1)C#N)C,tg,1
N(CC(C)O)c1cc(c(c(c1)C)N=Nc1ccc(cc1)Cl)C,tg,0
N(CC(C)O)c1cc(c(c(c1)C)N=Nc1ccc(cc1)[N+](=O)[O-])C,tg,2
N(CC(C)O)c1cc(cc(c1)C)C,tg,1
N(CC(C)O)c1ccc(cc1)N=Nc1c(cc(cc1)[N+](=O)[O-])C,tg,0
N(CC(C)O)c1ccc(cc1)N=Nc1ccc(cc1)Cl,tg,2
N(CC)C(=O)C(C)C,tg,1
N(CC)C(=O)C(CCCC)CC,tg,0
N(CC)C(=O)C(OC)(c1ccccc1)C(F)(F)F,tg,2
N(CC)C(=O)C1(CCC1)c1ccc(cc1)Cl,tg,1
N(CC)C(=O)C12CC3CC(CC(C1)C3)C2,tg,0
N(CC)C(=O)C1CC1,tg,2
N(CC)C(=O)CC(C)C,tg,1
N(CC)C(=O)CC12CC3CC(CC(C1)C3)C2,tg,0
N(CC)C(=O)CCCCC,tg,2
N(CC)C(=O)CCCCCCCCCCC,tg,1
N(CC)C(=O)c1c(c(c(c(c1)F)F)F)F,tg,0
N(CC)C(=O)c1c(c(c(c(c1F)F)F)F)F,tg,2
N(CC)C(=O)c1c(c(c(cc1)F)F)F,tg,1
N(CC)C(=O)c1c(c(cc(c1)F)F)F,tg,0
N(CC)C(=O)c1c(c(ccc1)F)F,tg,2
N(CC)C(=O)c1c(cc(c(c1F)F)F)F,tg,1
N(CC)C(=O)c1c(cc(cc1F)F)F,tg,0
N(CC)C(=O)c1c(ccc(c1)F)F,tg,2
N(CC)C(=O)c1c(ccc(c1F)F)F,tg,1
N(CC)C(=O)c1c(cccc1)F,tg,0
N(CC)C(=O)c1cc(c(cc1)F)F,tg,2
N(CC)C(=O)c1cc(ccc1)F,tg,1
N(CC)C(=O)c1ccc(cc1)F,tg,0
N(CC)C(=O)c1ccc(cc1)SC(F)(F)F,tg,2
N(CC)C(=O)c1ccccc1,tg,1
N(CC)CCOCCOC,tg,0
N(CCC)C(=O)C(C(C(C(C(C(C(F)(F)F)(F)F)(F)F)(F)F)(F)F)(F)F)(F)F,tg,2
N(CCC)C(=O)CC,tg,1
N(CCC)C(=O)CCCCC,tg,0
N(CCC)C(=O)c1ccccc1,tg,2
N(CCCNC(=O)CCCCC(=O)NCCC)C,tg,1
N(CCNC(=O)c1ccc(cc1)[Si](c1ccc(cc1)C(=O)NCC)(C)C)c1ccc(cc1)/C=C/c1ccc(cc1)[N+](=O)[O-],tg,0
N(CCNC(=O)c1ccc(cc1)[Si](c1ccc(cc1)C(=O)NCC)(CCCC)CCCC)c1ccc(cc1)/C=C/c1ccc(cc1)[N+](=O)[O-],tg,2
N(CCNC(=O)c1ccc(cc1)[Si](c1ccc(cc1)C(=O)NCC)(c1ccccc1)c1ccccc1)c1ccc(cc1)/C=C/c1ccc(cc1)[N+](=O)[O-],tg,1
N(Cc1c(c(cc(c1)C12CC3CC(CC(C1)C3)C2)C)O)C,tg,0
N(Cc1c(c(cc(c1)C12CC3CC(CC(C1)C3)C2)C)O)c1ccccc1,tg,2
N(c1ccc(cc1)/C=C(/C(=O)Nc1cc(ccc1)NC(=O)/C(=C/c1ccc(cc1)N(Cc1c(cccc1)C)CC)/C#N)\C#N)CC,tg,1
N(c1ccc(cc1)C(=O))C,tg,0
N(c1ccc(cc1)C(=O))CCCC,tg,2
N(c1ccc(cc1)C(=O))CCCCCCC,tg,1
N(c1ccc(cc1)C(=O))CCCCCCCC,tg,0
N(c1ccc(cc1)C(=O)c1ccc(cc1)N(CCC)C)C,tg,2
N(c1ccc(cc1)C(=O)c1ccc(cc1)N(CCCCCC)C)C,tg,1
N(c1ccc(cc1)C(=O)c1ccc(cc1)N(CCCCCCCC)C)C,tg,0
N(c1ccc(cc1)C(c1ccc(cc1))c1ccc(cc1)C#N)c1ccc(cc1)C,tg,2
N(c1ccc(cc1)C(c1ccc(cc1))c1ccc(cc1)C(=O)OC)c1ccc(cc1)C,tg,1
N(c1ccc(cc1)C(c1ccc(cc1))c1ccc(cc1)OCCCC)c1ccc(cc1)C,tg,0
N(c1ccc(cc1)C(c1ccc(cc1))c1ccc(cc1)[N+](=O)[O-])c1ccc(cc1)C,tg,2
N(c1ccc(cc1)C(c1ccc(cc1))c1ccccc1)c1ccc(cc1)C,tg,1
N(c1ccc(cc1)C=C(c1c(cc(c(c1)OCCCCCCCC)C(=Cc1ccc(cc1))C#N)OCCCCCCCC)C#N)c1ccccc1,tg,0
N(c1ccc(cc1)C=C(c1ccc(cc1)C(=Cc1ccc(cc1))c1ccc(cc1)OC)c1ccc(cc1)OC)c1ccccc1,tg,2
N(c1ccc(cc1)C=Cc1c(cc(c(c1)OC)C=Cc1ccc(cc1))OCC(CCCC)CC)c1ccccc1,tg,1
N(c1ccc(cc1)N(c1ccc(cc1)/C=C(/C(=O)NC1C(CCCC1)NC(=O)/C(=C/c1ccc(cc1))/C#N)\C#N)c1ccccc1)c1ccccc1,tg,0
N(c1ccc(cc1)c1ccc(cc1))c1cc(cc(c1)C(F)(F)F)C(F)(F)F,tg,2
N(c1ccc(cc1)c1ccc(cc1))c1ccc(cc1)C(F)(F)F,tg,1
N(c1ccc(cc1)c1ccc(cc1)N(c1ccc(cc1)C(c1ccc(cc1))c1ccccc1)c1ccc(cc1)C)c1ccc(cc1)C,tg,0
N1C(=O)C(=C(C1=O)Cl)Oc1ccc(cc1)C(c1ccc(cc1)OC1=C(C(=O)N(C1=O)c1ccc(cc1)Cc1ccc(cc1))Cl)(C)C,tg,2
N1C(=O)C(=C(C1=O)Cl)Oc1ccc(cc1)C(c1ccc(cc1)OC1=C(C(=O)N(C1=O)c1ccc(cc1)Oc1ccc(cc1))Cl)(C)C,tg,1
N1C(=O)C(=C(C1=O)c1ccccc1)c1ccc(cc1)C1=C(C(=O)N(C1=O)c1ccc(cc1)C1(c2ccccc2c2ccccc12)c1ccc(cc1))c1ccccc1,tg,0
N1C(=O)C(=C(C1=O)c1ccccc1)c1ccc(cc1)C1=C(C(=O)N(C1=O)c1ccc(cc1)Oc1ccc(cc1))c1ccccc1,tg,2
N1C(=O)C(=C(C1=O)c1ccccc1)c1ccc(cc1)C1=C(C(=O)N(C1=O)c1ccc(cc1)Oc1ccc(cc1)Oc1ccc(cc1))c1ccccc1,tg,1
N1C(=O)C(=C(C1=O)c1ccccc1)c1ccc(cc1)C1=C(C(=O)N(C1=O)c1ccc(cc1)Oc1ccc(cc1)c1ccc(cc1)Oc1ccc(cc1))c1ccccc1,tg,0
N1C(=O)C(CC1=O)(SCCOCCSC1(C(=O)N(C(=O)C1)CCCCCCN1C(=O)C(C(C1=O)C)SCCOCCSC1C(=O)N(C(=O)C1C)CCCCCC)C)C,tg,2
N1C(=O)C(CC1=O)(SCCOCCSC1(C(=O)N(C(=O)C1)c1ccc(cc1)Cc1ccc(cc1)N1C(=O)C(C(C1=O)C)SCCOCCSC1C(=O)N(C(=O)C1C)c1ccc(cc1)Cc1ccc(cc1))C)C,tg,1
N1C(=O)C(CC1=O)(SCCOCCSC1(C(=O)N(C(=O)C1)c1ccc(cc1)Oc1ccc(cc1)N1C(=O)C(C(C1=O)C)SCCOCCSC1C(=O)N(C(=O)C1C)c1ccc(cc1)Oc1ccc(cc1))C)C,tg,0
N1C(=O)C(CC1=O)(SCCOCCSC1(C(=O)N(C(=O)C1)c1ccc(cc1)S(=O)(=O)c1ccc(cc1)N1C(=O)C(C(C1=O)C)SCCOCCSC1C(=O)N(C(=O)C1C)c1ccc(cc1)S(=O)(=O)c1ccc(cc1))C)C,tg,2
N1C(=O)C(CC1=O)CC,tg,1
N1C(=O)C(CC1=O)Nc1cc(ccc1)NC1C(=O)N(C(=O)C1)c1ccc(cc1)Oc1c(cc(cc1C)C(c1cc(c(c(c1)C)Oc1ccc(cc1))C)c1cnccc1)C,tg,0
N1C(=O)C(CC1=O)Nc1ccc(cc1)Cc1ccc(cc1)NC1C(=O)N(C(=O)C1)c1ccc(cc1)C(=O)Oc1c(cc(cc1C)C(c1cc(c(c(c1)C)OC(=O)c1ccc(cc1))C)c1cnccc1)C,tg,2
N1C(=O)C(CC1=O)Nc1ccc(cc1)Cc1ccc(cc1)NC1C(=O)N(C(=O)C1)c1ccc(cc1)Cc1ccc(cc1),tg,1
N1C(=O)C(CC1=O)Nc1ccc(cc1)N(c1ccc(cc1)NC1C(=O)N(C(=O)C1)c1ccc(cc1)Cc1ccc(cc1))c1ccc(cc1)Nc1ccc(cc1)[N+](=O)[O-],tg,0
N1C(=O)C(CC1=O)Nc1ccc(cc1)N(c1ccc(cc1)NC1C(=O)N(C(=O)C1)c1ccc(cc1)Cc1ccc(cc1))c1ccc(cc1)[N+](=O)[O-],tg,2
N1C(=O)C(CC1=O)Nc1ccc(cc1)NC1C(=O)N(C(=O)C1)c1ccc(cc1)C(=O)Oc1c(cc(cc1C)C(c1cc(c(c(c1)C)OC(=O)c1ccc(cc1))C)c1cnccc1)C,tg,1
N1C(=O)C(CC1=O)Nc1ccc(cc1)NC1C(=O)N(C(=O)C1)c1ccc(cc1)Oc1c(cc(cc1C)C(c1cc(c(c(c1)C)Oc1ccc(cc1))C)c1cnccc1)C,tg,0
N1C(=O)C(CC1=O)SCCOCCSC1C(=O)N(C(=O)C1)c1ccc(cc1)C(=O)Oc1cc2c(cc1)ccc(c2)OC(=O)c1ccc(cc1),tg,2
N1C(=O)C(CC1=O)SCCOCCSC1C(=O)N(C(=O)C1)c1ccc(cc1)C(=O)Oc1ccc(cc1)C(c1ccc(cc1)OC(=O)c1ccc(cc1))(C)C,tg,1
N1C(=O)C(CC1=O)SCCOCCSC1C(=O)N(C(=O)C1)c1ccc(cc1)C(=O)Oc1ccc(cc1)OC(=O)c1ccc(cc1),tg,0
N1C(=O)C2C(C1=O)C(=CC(C2)C1C(=O)N(C(=O)C1)c1c(ccc(c1))OCCCCCCCCCCCCCCCC)C,tg,2
N1C(=O)C2C(C1=O)C(=CC(C2)C1C(=O)N(C(=O)C1)c1ccc(cc1))C,tg,1
N1C(=O)C2C(C1=O)C(Cc1ccccc21)C1C(=O)N(C(=O)C1)c1cc(cc(c1)C(=O)OC),tg,0
N1C(=O)C2C(C1=O)C(Cc1ccccc21)C1C(=O)N(C(=O)C1)c1cc(cc(c1)C(=O)OCCC),tg,2
N1C(=O)C2C(C1=O)C(Cc1ccccc21)C1C(=O)N(C(=O)C1)c1cc(cc(c1)C(=O)OCCCCCC),tg,1
N1C(=O)C2C(C1=O)CC(CC2)C1CC2C(C(=O)N(C2=O)c2cc(ccc2))CC1,tg,0
N1C(=O)C2C(C1=O)CC(CC2)C1CC2C(C(=O)N(C2=O)c2ccc(cc2)Cc2ccc(cc2))CC1,tg,2
N1C(=O)C2C(C1=O)CC(CC2)C1CC2C(C(=O)N(C2=O)c2ccc(cc2)Oc2cc(ccc2)Oc2ccc(cc2))CC1,tg,1
N1C(=O)C2C(C1=O)CC(CC2)C1CC2C(C(=O)N(C2=O)c2ccc(cc2)Oc2ccc(cc2))CC1,tg,0
N1C(=O)C2C(C1=O)CC(CC2)C1CC2C(C(=O)N(C2=O)c2ccc(cc2)Oc2ccc(cc2)Oc2ccc(cc2))CC1,tg,2
N1C(=O)C2C(C1=O)CC(CC2)C1CC2C(C(=O)N(C2=O)c2ccc(cc2)Oc2ccc(cc2)S(=O)(=O)c2ccc(cc2)Oc2ccc(cc2))CC1,tg,1
N1C(=O)C2C3C4C(C(C2C1=O)C=C3)C(=O)N(C4=O)C1CCC(CC1)CC1CCC(CC1),tg,0
N1C(=O)C2C3C4C(C(C2C1=O)C=C3)C(=O)N(C4=O)CCCCCCCCCC,tg,2
N1C(=O)C2C3C4C(C(C2C1=O)C=C3)C(=O)N(C4=O)c1ccc(cc1)Sc1cc2c(C(=O)N(C2=O)CCN(C)C)cc1Sc1ccc(cc1),tg,1
N1C(=O)C2C3C4C(C(C2C1=O)C=C3)C(=O)N(C4=O)c1ccc(cc1)Sc1cc2c(C(=O)N(C2=O)CCc2ccccc2)cc1Sc1ccc(cc1),tg,0
N1C(=O)C2C3C4C(C(C2C1=O)C=C3)C(=O)N(C4=O)c1ccc(cc1)Sc1cc2c(C(=O)N(C2=O)c2ccc(cc2)CC)cc1Sc1ccc(cc1),tg,2
N1C(=O)C2CCC3C(C2C1=O)C(=O)N(C3=O)c1c(cc(cc1)Cc1cc(c(cc1))C)C,tg,1
N1C(=O)C2CCC3C(C2C1=O)C(=O)N(C3=O)c1ccc(cc1)Oc1ccc(cc1),tg,0
N1C(=O)C2CCC3C(C2C1=O)C(=O)N(C3=O)c1ccc(cc1)Oc1ccc(cc1)C(c1ccc(cc1)Oc1ccc(cc1))(C)C,tg,2
N1C(=O)C2CCC3C(C2C1=O)C(=O)N(C3=O)c1ccc(cc1)Oc1ccc(cc1)Oc1ccc(cc1),tg,1
N1C(=O)C2OC3C(C2C1=O)C(=O)N(C3=O)c1ccc(cc1)c1c(nc2c(n1)cc(cc2)C(=O)c1cc2c(nc(c(n2)c2ccc(cc2))c2ccccc2)cc1)c1ccccc1,tg,0
N1C(=O)C2OC3C(C2C1=O)C(=O)N(C3=O)c1ccc(cc1)c1c(nc2c(n1)cc(cc2)c1cc2c(nc(c(n2)c2ccc(cc2))c2ccccc2)cc1)c1ccccc1,tg,2
N1C(=O)CC(CC1=O)CCC,tg,1
N1C(=O)N(C(=O)C1=O)c1c(ccc(c1)N1C(=O)N(C(=O)C1=O)CCCCCC)C,tg,0
N1C(=O)N(C(=O)C1=O)c1c(ccc(c1)N1C(=O)N(C(=O)C1=O)c1ccc(cc1)CCc1c(cccc1))C,tg,2
N1C(=O)N(C(=O)C1=O)c1c(cccc1)CCc1ccc(cc1)N1C(=O)N(C(=O)C1=O)CCCCCC,tg,1
N1C(=O)N(C(=O)C1=O)c1c(cccc1)CCc1ccc(cc1)N1C(=O)N(C(=O)C1=O)c1ccc(cc1)CCc1ccc(cc1),tg,0
N1C(=O)N(C(=O)C1=O)c1ccc(cc1)CCc1ccc(cc1),tg,2
N1C(=O)N(C(=O)C1=O)c1ccc(cc1)Cc1ccc(cc1)N1C(=O)N(C(=O)C1=O)CCCCCC,tg,1
N1C(=O)N(C(=O)C1=O)c1ccc(cc1)Oc1ccc(cc1)N1C(=O)N(C(=O)C1=O)CCCCCC,tg,0
N1C(=O)c2c(C1=O)c(c(c(c2c1ccccc1)c1ccccc1)c1ccc(cc1)Oc1ccc(cc1)c1c(c2c(C(=O)N(C2=O)c2cc(ccc2)Oc2cc(ccc2)Oc2cc(ccc2))c(c1c1ccccc1)c1ccccc1)c1ccccc1)c1ccccc1,tg,2
N1C(=O)c2c(C1=O)c(c(c(c2c1ccccc1)c1ccccc1)c1ccc(cc1)Oc1ccc(cc1)c1c(c2c(C(=O)N(C2=O)c2ccc(cc2)Cc2ccc(cc2))c(c1c1ccccc1)c1ccccc1)c1ccccc1)c1ccccc1,tg,1
N1C(=O)c2c(C1=O)c(c(c(c2c1ccccc1)c1ccccc1)c1ccc(cc1)Oc1ccc(cc1)c1c(c2c(C(=O)N(C2=O)c2ccc(cc2)Oc2ccc(cc2))c(c1c1ccccc1)c1ccccc1)c1ccccc1)c1ccccc1,tg,0
N1C(=O)c2c(C1=O)c(c(c(c2c1ccccc1)c1ccccc1)c1ccc(cc1)Oc1ccc(cc1)c1c(c2c(C(=O)N(C2=O)c2ccc(cc2)c2ccc(cc2))c(c1c1ccccc1)c1ccccc1)c1ccccc1)c1ccccc1,tg,2
N1C(=O)c2c(C1=O)c(c(c(c2c1ccccc1)c1ccccc1)c1ccc(cc1)c1c(c2c(C(=O)N(C2=O)c2cc(ccc2))c(c1c1ccccc1)c1ccccc1)c1ccccc1)c1ccccc1,tg,1
N1C(=O)c2c(C1=O)c(c(c(c2c1ccccc1)c1ccccc1)c1ccc(cc1)c1c(c2c(C(=O)N(C2=O)c2cc(ccc2)Oc2cc(ccc2)Oc2cc(ccc2))c(c1c1ccccc1)c1ccccc1)c1ccccc1)c1ccccc1,tg,0
N1C(=O)c2c(C1=O)c(c(c(c2c1ccccc1)c1ccccc1)c1ccc(cc1)c1c(c2c(C(=O)N(C2=O)c2ccc(cc2)Oc2ccc(cc2))c(c1c1ccccc1)c1ccccc1)c1ccccc1)c1ccccc1,tg,2
N1C(=O)c2c(C1=O)c(ccc2)Oc1c(c(cc(c1)C(C)(C)C)C(C)(C)C)Oc1c2c(C(=O)N(C2=O)c2ccc(cc2)Oc2ccc(cc2)c2ccc(cc2)Oc2ccc(cc2))ccc1,tg,1
N1C(=O)c2c(C1=O)c(ccc2)Oc1c(cc(cc1C)Cc1cc(c(c(c1)C)Oc1c2c(C(=O)N(C2=O)c2c(cc(c(c2C))C)C)ccc1)C)C,tg,0
N1C(=O)c2c(C1=O)c(ccc2)Oc1c(cc(cc1C)Cc1cc(c(c(c1)C)Oc1c2c(C(=O)N(C2=O)c2c(cc(cc2)Oc2ccc(cc2)Oc2cc(c(cc2))C)C)ccc1)C)C,tg,2
N1C(=O)c2c(C1=O)c(ccc2)Oc1c(cc(cc1C)Cc1cc(c(c(c1)C)Oc1c2c(C(=O)N(C2=O)c2c(cc(cc2C)Cc2cc(c(c(c2)C))C)C)ccc1)C)C,tg,1
N1C(=O)c2c(C1=O)c(ccc2)Oc1c(cc(cc1C)Cc1cc(c(c(c1)C)Oc1c2c(C(=O)N(C2=O)c2c(cc(cc2C)c2cc(c(c(c2)C))C)C)ccc1)C)C,tg,0
N1C(=O)c2c(C1=O)c(ccc2)Oc1c(cc(cc1C)Cc1cc(c(c(c1)C)Oc1c2c(C(=O)N(C2=O)c2cc(ccc2))ccc1)C)C,tg,2
N1C(=O)c2c(C1=O)c(ccc2)Oc1c(cc(cc1C)Cc1cc(c(c(c1)C)Oc1c2c(C(=O)N(C2=O)c2ccc(cc2)Oc2ccc(cc2))ccc1)C)C,tg,1
N1C(=O)c2c(C1=O)c(ccc2)Oc1c(cc(cc1C)Cc1cc(c(c(c1)C)Oc1c2c(C(=O)N(C2=O)c2ccc(cc2)Oc2ccc(cc2)c2ccc(cc2)Oc2ccc(cc2))ccc1)C)C,tg,0
N1C(=O)c2c(C1=O)c(ccc2)Oc1c(cc(cc1C)c1cc(c(c(c1)C)Oc1c2c(C(=O)N(C2=O)c2cc(ccc2))ccc1)C)C,tg,2
N1C(=O)c2c(C1=O)c(ccc2)Oc1c(cc(cc1C)c1cc(c(c(c1)C)Oc1c2c(C(=O)N(C2=O)c2ccc(cc2)Oc2ccc(cc2)c2ccc(cc2)Oc2ccc(cc2))ccc1)C)C,tg,1
N1C(=O)c2c(C1=O)c(ccc2)Oc1c2c(C(=O)N(C2=O)c2ccc(cc2)Oc2ccc(cc2))ccc1,tg,0
N1C(=O)c2c(C1=O)c(ccc2)Oc1cc(ccc1)Oc1c2c(C(=O)N(C2=O)c2ccc(cc2)Oc2ccc(cc2))ccc1,tg,2
N1C(=O)c2c(C1=O)c(ccc2)Oc1cc2c(C(=O)N(C2=O)c2ccc(cc2)Oc2ccc(cc2))cc1,tg,1
N1C(=O)c2c(C1=O)c(ccc2)Oc1cc2c(C(=O)N(C2=O)c2ccc(cc2)Oc2ccc(cc2)Oc2ccc(cc2))cc1,tg,0
N1C(=O)c2c(C1=O)c(ccc2)Oc1ccc(cc1)C(=O)Nc1ccc(cc1)Oc1ccc(cc1),tg,2
N1C(=O)c2c(C1=O)c(ccc2)Oc1ccc(cc1)C(=O)Nc1ccc(cc1)Oc1ccc(cc1)Oc1ccc(cc1),tg,1
N1C(=O)c2c(C1=O)c(ccc2)Oc1ccc(cc1)C(=O)c1ccc(cc1)ON1C(=O)c2c(C1=O)c(ccc2)c1ccc(cc1)Oc1ccc(cc1),tg,0
N1C(=O)c2c(C1=O)c(ccc2)Oc1ccc(cc1)C(=O)c1ccc(cc1)Oc1c2c(C(=O)N(C2=O)c2ccc(cc2)Oc2cc(ccc2)Oc2ccc(cc2))ccc1,tg,2
N1C(=O)c2c(C1=O)c(ccc2)Oc1ccc(cc1)C(c1ccc(cc1)Oc1c2c(C(=O)N(C2=O)c2c(cc(cc2)Oc2ccc(cc2)Oc2cc(c(cc2))C)C)ccc1)(C)C,tg,1
N1C(=O)c2c(C1=O)c(ccc2)Oc1ccc(cc1)C(c1ccc(cc1)Oc1c2c(C(=O)N(C2=O)c2c(cc(cc2C)c2cc(c(c(c2)C))C)C)ccc1)(C)C,tg,0
N1C(=O)c2c(C1=O)c(ccc2)Oc1ccc(cc1)C(c1ccc(cc1)Oc1c2c(C(=O)N(C2=O)c2cc(ccc2))ccc1)(C)C,tg,2
N1C(=O)c2c(C1=O)c(ccc2)Oc1ccc(cc1)C(c1ccc(cc1)Oc1c2c(C(=O)N(C2=O)c2ccc(cc2)Oc2ccc(cc2))ccc1)(C)C,tg,1
N1C(=O)c2c(C1=O)c(ccc2)Oc1ccc(cc1)C(c1ccc(cc1)Oc1c2c(C(=O)N(C2=O)c2ccc(cc2)Oc2ccc(cc2)c2ccc(cc2)Oc2ccc(cc2))ccc1)(C)C,tg,0
N1C(=O)c2c(C1=O)c(ccc2)Oc1ccc(cc1)Oc1c2c(C(=O)N(C2=O)c2cc(ccc2))ccc1,tg,2
N1C(=O)c2c(C1=O)c(ccc2)Oc1ccc(cc1)Oc1ccc(cc1)Oc1c2c(C(=O)N(C2=O)c2cc(ccc2))ccc1,tg,1
N1C(=O)c2c(C1=O)c(ccc2)Oc1ccc(cc1)Oc1ccc(cc1)Oc1c2c(C(=O)N(C2=O)c2ccc(cc2)Oc2cc(ccc2)Oc2ccc(cc2))ccc1,tg,0
N1C(=O)c2c(C1=O)c(ccc2)Oc1ccc(cc1)S(=O)(=O)c1ccc(cc1)Oc1c2c(C(=O)N(C2=O)c2cc(ccc2))ccc1,tg,2
N1C(=O)c2c(C1=O)c(ccc2)Oc1ccc(cc1)S(=O)(=O)c1ccc(cc1)Oc1c2c(C(=O)N(C2=O)c2ccc(cc2)Oc2cc(ccc2)Oc2ccc(cc2))ccc1,tg,1
N1C(=O)c2c(C1=O)c(ccc2)Oc1ccc(cc1)S(=O)(=O)c1ccc(cc1)Oc1c2c(C(=O)N(C2=O)c2ccc(cc2)Oc2ccc(cc2))ccc1,tg,0
N1C(=O)c2c(C1=O)c(ccc2)Oc1ccc(cc1)Sc1ccc(cc1)Oc1c2c(C(=O)N(C2=O)c2ccc(cc2)Oc2cc(ccc2)Oc2ccc(cc2))ccc1,tg,2
N1C(=O)c2c(C1=O)c(ccc2)Oc1ccc(cc1)Sc1ccc(cc1)Oc1c2c(C(=O)N(C2=O)c2ccc(cc2)Oc2ccc(cc2))ccc1,tg,1
N1C(=O)c2c(C1=O)c(ccc2)Oc1ccc(cc1)c1ccc(cc1)Oc1c2c(C(=O)N(C2=O)c2ccc(cc2)Oc2cc(ccc2)Oc2ccc(cc2))ccc1,tg,0
N1C(=O)c2c(C1=O)c(ccc2)Oc1ccc(cc1)c1ccc(cc1)Oc1c2c(C(=O)N(C2=O)c2ccc(cc2)Oc2ccc(cc2))ccc1,tg,2
N1C(=O)c2c(C1=O)c(ccc2)c1cc2c(C(=O)N(C2=O)c2c(cc(cc2)c2cc(c(cc2))C)C)cc1,tg,1
N1C(=O)c2c(C1=O)c(ccc2)c1cc2c(C(=O)N(C2=O)c2cc(c(cc2)c2c(cc(cc2))C(F)(F)F)C(F)(F)F)cc1,tg,0
N1C(=O)c2c(C1=O)c(ccc2)c1cc2c(C(=O)N(C2=O)c2cc(c(cc2)c2c(cc(cc2))C)C)cc1,tg,2
N1C(=O)c2c(C1=O)c(ccc2)c1cc2c(C(=O)N(C2=O)c2cc(ccc2))cc1,tg,1
N1C(=O)c2c(C1=O)c(ccc2)c1cc2c(C(=O)N(C2=O)c2cc(ccc2)C(=O)Nc2cc(ccc2)S(=O)(=O)c2cc(ccc2)NC(=O)c2cc(ccc2))cc1,tg,0
N1C(=O)c2c(C1=O)c(ccc2)c1cc2c(C(=O)N(C2=O)c2cc(ccc2)C(=O)Nc2ccc(cc2)NC(=O)c2cc(ccc2))cc1,tg,2
N1C(=O)c2c(C1=O)c(ccc2)c1cc2c(C(=O)N(C2=O)c2cc(ccc2)C(=O)Nc2ccc(cc2)Oc2cc(ccc2)Oc2ccc(cc2)NC(=O)c2cc(ccc2))cc1,tg,1
N1C(=O)c2c(C1=O)c(ccc2)c1cc2c(C(=O)N(C2=O)c2cc(ccc2)C(=O)Nc2ccc(cc2)Oc2ccc(cc2)C(c2ccc(cc2)Oc2ccc(cc2)NC(=O)c2cc(ccc2))(C)C)cc1,tg,0
N1C(=O)c2c(C1=O)c(ccc2)c1cc2c(C(=O)N(C2=O)c2cc(ccc2)C(=O)Nc2ccc(cc2)Oc2ccc(cc2)NC(=O)c2cc(ccc2))cc1,tg,2
N1C(=O)c2c(C1=O)c(ccc2)c1cc2c(C(=O)N(C2=O)c2cc(ccc2)C(=O)Nc2ccc(cc2)Oc2ccc(cc2)Oc2ccc(cc2)NC(=O)c2cc(ccc2))cc1,tg,1
N1C(=O)c2c(C1=O)c(ccc2)c1cc2c(C(=O)N(C2=O)c2cc(ccc2)C(=O)Nc2ccc(cc2)Oc2ccc(cc2)Oc2ccc(cc2)Oc2ccc(cc2)NC(=O)c2cc(ccc2))cc1,tg,0
N1C(=O)c2c(C1=O)c(ccc2)c1cc2c(C(=O)N(C2=O)c2cc(ccc2)C(=O)Nc2ccc(cc2)Oc2ccc(cc2)c2ccc(cc2)Oc2ccc(cc2)NC(=O)c2cc(ccc2))cc1,tg,2
N1C(=O)c2c(C1=O)c(ccc2)c1cc2c(C(=O)N(C2=O)c2cc(ccc2)OCCCCCCCCCCCCOc2cc(ccc2))cc1,tg,1
N1C(=O)c2c(C1=O)c(ccc2)c1cc2c(C(=O)N(C2=O)c2cc(ccc2)OCCCCCCCCCCOc2cc(ccc2))cc1,tg,0
N1C(=O)c2c(C1=O)c(ccc2)c1cc2c(C(=O)N(C2=O)c2cc(ccc2)OCCCCCCCCCOc2cc(ccc2))cc1,tg,2
N1C(=O)c2c(C1=O)c(ccc2)c1cc2c(C(=O)N(C2=O)c2cc(ccc2)OCCCCCCOc2cc(ccc2))cc1,tg,1
N1C(=O)c2c(C1=O)c(ccc2)c1cc2c(C(=O)N(C2=O)c2cc(ccc2)OCCCCCOc2cc(ccc2))cc1,tg,0
N1C(=O)c2c(C1=O)c(ccc2)c1cc2c(C(=O)N(C2=O)c2cc(ccc2)Oc2ccc(cc2))cc1,tg,2
N1C(=O)c2c(C1=O)c(ccc2)c1cc2c(C(=O)N(C2=O)c2ccc(cc2))cc1,tg,1
N1C(=O)c2c(C1=O)c(ccc2)c1cc2c(C(=O)N(C2=O)c2ccc(cc2)C(=O)Nc2cc(ccc2)Oc2ccc(cc2)S(=O)(=O)c2ccc(cc2)Oc2cc(ccc2)NC(=O)c2ccc(cc2))cc1,tg,0
N1C(=O)c2c(C1=O)c(ccc2)c1cc2c(C(=O)N(C2=O)c2ccc(cc2)OCCCCCOc2ccc(cc2))cc1,tg,2
N1C(=O)c2c(C1=O)c(ccc2)c1cc2c(C(=O)N(C2=O)c2ccc(cc2)OCCCOc2ccc(cc2))cc1,tg,1
N1C(=O)c2c(C1=O)c(ccc2)c1cc2c(C(=O)N(C2=O)c2ccc(cc2)Oc2cc(ccc2)Oc2ccc(cc2))cc1,tg,0
N1C(=O)c2c(C1=O)c(ccc2)c1cc2c(C(=O)N(C2=O)c2ccc(cc2)Oc2ccc(cc2)Oc2ccc(cc2))cc1,tg,2
N1C(=O)c2c(C1=O)cc(c(c2)c1ccc(cc1)C(C)(C)C)c1cc2c(C(=O)N(C2=O)c2ccc(cc2)C(c2ccc(cc2))(C(F)(F)F)C(F)(F)F)cc1c1ccc(cc1)C(C)(C)C,tg,1
N1C(=O)c2c(C1=O)cc(c(c2)c1ccc(cc1)C(C)(C)C)c1cc2c(C(=O)N(C2=O)c2ccc(cc2)Cc2ccc(cc2))cc1c1ccc(cc1)C(C)(C)C,tg,0
N1C(=O)c2c(C1=O)cc(c(c2)c1ccc(cc1)C(C)(C)C)c1cc2c(C(=O)N(C2=O)c2ccc(cc2)Oc2ccc(cc2))cc1c1ccc(cc1)C(C)(C)C,tg,2
N1C(=O)c2c(C1=O)cc(c(c2)c1ccc(cc1)[Si](C)(C)C)c1cc2c(C(=O)N(C2=O)c2ccc(cc2)Cc2ccc(cc2))cc1c1ccc(cc1)[Si](C)(C)C,tg,1
N1C(=O)c2c(C1=O)cc(cc2)C(=O)NCCN(CC)c1ccc(cc1)C=Cc1ccc(cc1)[N+](=O)[O-],tg,0
N1C(=O)c2c(C1=O)cc(cc2)C(=O)Nc1cc(ccc1)S(=O)(=O)c1ccc(cc1)NC(=O)c1cc2c(C(=O)N(C2=O)CCCCCC)cc1,tg,2
N1C(=O)c2c(C1=O)cc(cc2)C(=O)Nc1ccc(cc1)Oc1c(c(c(c(c1F)F)Oc1ccc(cc1)NC(=O)C)F)F,tg,1
N1C(=O)c2c(C1=O)cc(cc2)C(=O)Nc1ccc(cc1)S(=O)(=O)c1ccc(cc1)NC(=O)C,tg,0
N1C(=O)c2c(C1=O)cc(cc2)C(=O)Nc1ccc(cc1)S(=O)(=O)c1ccc(cc1)NC(=O)c1cc2c(C(=O)N(C2=O)CCCCCC)cc1,tg,2
N1C(=O)c2c(C1=O)cc(cc2)C(=O)Oc1c(cc(cc1)OC(=O)CCCC)C,tg,1
N1C(=O)c2c(C1=O)cc(cc2)C(=O)Oc1c(cc(cc1)OC(=O)c1cc2c(C(=O)N(C2=O)CCOCCOCC)cc1)c1ccccc1,tg,0
N1C(=O)c2c(C1=O)cc(cc2)C(=O)Oc1cc2c(cc1)cc(cc2)OC(=O)c1cc2c(C(=O)N(C2=O)CC(CCC)C)cc1,tg,2
N1C(=O)c2c(C1=O)cc(cc2)C(=O)Oc1cc2c(cc1)cc(cc2)OC(=O)c1cc2c(C(=O)N(C2=O)CCCOCCCCOCCC)cc1,tg,1
N1C(=O)c2c(C1=O)cc(cc2)C(=O)Oc1cc2c(cc1)cc(cc2)OC(=O)c1cc2c(C(=O)N(C2=O)CCOCCOCC)cc1,tg,0
N1C(=O)c2c(C1=O)cc(cc2)C(=O)Oc1cc2c(cc1)ccc(c2)OC(=O)CCCCCCCCCCC,tg,2
N1C(=O)c2c(C1=O)cc(cc2)C(=O)Oc1ccc(cc1)C(c1ccc(cc1)C(c1ccc(cc1)OC(=O)CCCCCCCCCCC)(C)C)(C)C,tg,1
N1C(=O)c2c(C1=O)cc(cc2)C(=O)Oc1ccc(cc1)C(c1ccc(cc1)OC(=O)CCCCC)(C)C,tg,0
N1C(=O)c2c(C1=O)cc(cc2)C(=O)Oc1ccc(cc1)C1(CCCCC1)c1ccc(cc1)OC(=O)CCCCC,tg,2
N1C(=O)c2c(C1=O)cc(cc2)C(=O)Oc1ccc(cc1)C1(c2c(C(=O)O1)cccc2)c1ccc(cc1)OC(=O)CCCCCCCCCCC,tg,1
N1C(=O)c2c(C1=O)cc(cc2)C(=O)Oc1ccc(cc1)OC(=O)CCCC,tg,0
N1C(=O)c2c(C1=O)cc(cc2)C(=O)Oc1ccc(cc1)OC(=O)CCCCC,tg,2
N1C(=O)c2c(C1=O)cc(cc2)C(=O)Oc1ccc(cc1)OC(=O)CCCCCC,tg,1
N1C(=O)c2c(C1=O)cc(cc2)C(=O)Oc1ccc(cc1)OC(=O)c1cc2c(C(=O)N(C2=O)CCCOCCCCOCCC)cc1,tg,0
N1C(=O)c2c(C1=O)cc(cc2)C(=O)Oc1ccc(cc1)OC(=O)c1cc2c(C(=O)N(C2=O)CCOCCOCC)cc1,tg,2
N1C(=O)c2c(C1=O)cc(cc2)C(=O)Oc1ccc(cc1)c1ccc(cc1)OC(=O)CCC,tg,1
N1C(=O)c2c(C1=O)cc(cc2)C(=O)Oc1ccc(cc1)c1ccc(cc1)OC(=O)CCCCCC,tg,0
N1C(=O)c2c(C1=O)cc(cc2)C(=O)Oc1ccc(cc1)c1ccc(cc1)OC(=O)CCCCCCCCCC,tg,2
N1C(=O)c2c(C1=O)cc(cc2)C(=O)Oc1ccc(cc1)c1ccc(cc1)OC(=O)c1cc2c(C(=O)N(C2=O)CCCCC)cc1,tg,1
N1C(=O)c2c(C1=O)cc(cc2)C(=O)Oc1ccc(cc1)c1ccc(cc1)OC(=O)c1cc2c(C(=O)N(C2=O)CCCCCCC)cc1,tg,0
N1C(=O)c2c(C1=O)cc(cc2)C(=O)Oc1ccc(cc1)c1ccc(cc1)OC(=O)c1cc2c(C(=O)N(C2=O)CCCCCCCCCCC)cc1,tg,2
N1C(=O)c2c(C1=O)cc(cc2)C(=O)Oc1ccc(cc1)c1ccc(cc1)OC(=O)c1cc2c(C(=O)N(C2=O)CCCOCCCCOCCC)cc1,tg,1
N1C(=O)c2c(C1=O)cc(cc2)C(=O)Oc1ccc(cc1)c1ccc(cc1)OC(=O)c1cc2c(C(=O)N(C2=O)CCOCCOCC)cc1,tg,0
N1C(=O)c2c(C1=O)cc(cc2)C(=O)c1cc2c(C(=O)N(C2=O)CC(=O)Nc2cc(ccc2)Oc2ccc(cc2)NC(=O)C)cc1,tg,2
N1C(=O)c2c(C1=O)cc(cc2)C(=O)c1cc2c(C(=O)N(C2=O)CC(=O)Nc2ccc(cc2)Cc2ccc(cc2)NC(=O)C)cc1,tg,1
N1C(=O)c2c(C1=O)cc(cc2)C(=O)c1cc2c(C(=O)N(C2=O)CC(=O)Nc2ccc(cc2)Oc2ccc(cc2)NC(=O)C)cc1,tg,0
N1C(=O)c2c(C1=O)cc(cc2)C(=O)c1cc2c(C(=O)N(C2=O)CC(=O)Nc2ccc(cc2)Oc2ccc(cc2)Oc2ccc(cc2)NC(=O)C)cc1,tg,2
N1C(=O)c2c(C1=O)cc(cc2)C(=O)c1cc2c(C(=O)N(C2=O)CC2C3C(CC2)C2C(CC3C2)C)cc1,tg,1
N1C(=O)c2c(C1=O)cc(cc2)C(=O)c1cc2c(C(=O)N(C2=O)CC2CC(CCC2)C)cc1,tg,0
N1C(=O)c2c(C1=O)cc(cc2)C(=O)c1cc2c(C(=O)N(C2=O)CCC(=O)Nc2ccc(cc2)NC(=O)CC)cc1,tg,2
N1C(=O)c2c(C1=O)cc(cc2)C(=O)c1cc2c(C(=O)N(C2=O)CCC(=O)Nc2ccc(cc2)Oc2ccc(cc2)NC(=O)CC)cc1,tg,1
N1C(=O)c2c(C1=O)cc(cc2)C(=O)c1cc2c(C(=O)N(C2=O)CCCC(=O)Nc2cc(ccc2)Oc2ccc(cc2)NC(=O)CCC)cc1,tg,0
N1C(=O)c2c(C1=O)cc(cc2)C(=O)c1cc2c(C(=O)N(C2=O)CCCC(=O)Nc2ccc(cc2)Cc2ccc(cc2)NC(=O)CCC)cc1,tg,2
N1C(=O)c2c(C1=O)cc(cc2)C(=O)c1cc2c(C(=O)N(C2=O)CCCC(=O)Nc2ccc(cc2)NC(=O)CCC)cc1,tg,1
N1C(=O)c2c(C1=O)cc(cc2)C(=O)c1cc2c(C(=O)N(C2=O)CCCC(=O)Nc2ccc(cc2)Oc2ccc(cc2)NC(=O)CCC)cc1,tg,0
N1C(=O)c2c(C1=O)cc(cc2)C(=O)c1cc2c(C(=O)N(C2=O)CCCC(=O)Nc2ccc(cc2)Oc2ccc(cc2)Oc2ccc(cc2)NC(=O)CCC)cc1,tg,2
N1C(=O)c2c(C1=O)cc(cc2)C(=O)c1cc2c(C(=O)N(C2=O)CCCCCC(=O)Nc2cc(ccc2)Oc2ccc(cc2)NC(=O)CCCCC)cc1,tg,1
N1C(=O)c2c(C1=O)cc(cc2)C(=O)c1cc2c(C(=O)N(C2=O)CCCCCC(=O)Nc2ccc(cc2)Cc2ccc(cc2)NC(=O)CCCCC)cc1,tg,0
N1C(=O)c2c(C1=O)cc(cc2)C(=O)c1cc2c(C(=O)N(C2=O)CCCCCC)cc1,tg,2
N1C(=O)c2c(C1=O)cc(cc2)C(=O)c1cc2c(C(=O)N(C2=O)CCCCCCCCCCC(=O)Nc2cc(ccc2)Oc2ccc(cc2)NC(=O)CCCCCCCCCC)cc1,tg,1
N1C(=O)c2c(C1=O)cc(cc2)C(=O)c1cc2c(C(=O)N(C2=O)CCCCCCCCCCCC)cc1,tg,0
N1C(=O)c2c(C1=O)cc(cc2)C(=O)c1cc2c(C(=O)N(C2=O)CCCCCCOC(=O)OCCCCCCOC(=O)OCCCCCC)cc1,tg,2
N1C(=O)c2c(C1=O)cc(cc2)C(=O)c1cc2c(C(=O)N(C2=O)CCCCCCOC(=O)OCCCOC(=O)OCCCCCC)cc1,tg,1
N1C(=O)c2c(C1=O)cc(cc2)C(=O)c1cc2c(C(=O)N(C2=O)CCCCCOC(=O)OCCCCC)cc1,tg,0
N1C(=O)c2c(C1=O)cc(cc2)C(c1cc2c(C(=O)N(C2=O)CC(=O)Nc2ccc(cc2)Oc2cc(ccc2)Oc2ccc(cc2)NC(=O)C)cc1)(C(F)(F)F)C(F)(F)F,tg,2
N1C(=O)c2c(C1=O)cc(cc2)C(c1cc2c(C(=O)N(C2=O)CC(=O)Nc2ccc(cc2)Oc2ccc(cc2)Oc2ccc(cc2)NC(=O)C)cc1)(C(F)(F)F)C(F)(F)F,tg,1
N1C(=O)c2c(C1=O)cc(cc2)C(c1cc2c(C(=O)N(C2=O)CC(=O)Nc2ccc(cc2)Oc2ccc(cc2)S(=O)(=O)c2ccc(cc2)Oc2ccc(cc2)NC(=O)C)cc1)(C(F)(F)F)C(F)(F)F,tg,0
N1C(=O)c2c(C1=O)cc(cc2)C(c1cc2c(C(=O)N(C2=O)CC(=O)Nc2ccc(cc2)Oc2ccc(cc2)c2ccc(cc2)Oc2ccc(cc2)NC(=O)C)cc1)(C(F)(F)F)C(F)(F)F,tg,2
N1C(=O)c2c(C1=O)cc(cc2)C(c1cc2c(C(=O)N(C2=O)CC)cc1)(C(F)(F)F)C(F)(F)F,tg,1
N1C(=O)c2c(C1=O)cc(cc2)C(c1cc2c(C(=O)N(C2=O)CC2C3C(CC2)C2C(CC3C2)C)cc1)(C(F)(F)F)C(F)(F)F,tg,0
N1C(=O)c2c(C1=O)cc(cc2)C(c1cc2c(C(=O)N(C2=O)CCC)cc1)(C(F)(F)F)C(F)(F)F,tg,2
N1C(=O)c2c(C1=O)cc(cc2)C(c1cc2c(C(=O)N(C2=O)CCCC)cc1)(C(F)(F)F)C(F)(F)F,tg,1
N1C(=O)c2c(C1=O)cc(cc2)C(c1cc2c(C(=O)N(C2=O)CCCCC)cc1)(C(F)(F)F)C(F)(F)F,tg,0
N1C(=O)c2c(C1=O)cc(cc2)C(c1cc2c(C(=O)N(C2=O)CCCCCC)cc1)(C(F)(F)F)C(F)(F)F,tg,2
N1C(=O)c2c(C1=O)cc(cc2)C(c1cc2c(C(=O)N(C2=O)CCCCCCC)cc1)(C(F)(F)F)C(F)(F)F,tg,1
N1C(=O)c2c(C1=O)cc(cc2)C(c1cc2c(C(=O)N(C2=O)CCCCCCCC)cc1)(C(F)(F)F)C(F)(F)F,tg,0
N1C(=O)c2c(C1=O)cc(cc2)C(c1cc2c(C(=O)N(C2=O)CCCCCCCCC)cc1)(C(F)(F)F)C(F)(F)F,tg,2
N1C(=O)c2c(C1=O)cc(cc2)C(c1cc2c(C(=O)N(C2=O)CCCCCCCCCCCC)cc1)(C(F)(F)F)C(F)(F)F,tg,1
N1C(=O)c2c(C1=O)cc(cc2)C(c1cc2c(C(=O)N(C2=O)CCN(CC)c2ccc(cc2)N=Nc2c(cc(cc2)[N+](=O)[O-])C)cc1)(C(F)(F)F)C(F)(F)F,tg,0
N1C(=O)c2c(C1=O)cc(cc2)C(c1cc2c(C(=O)N(C2=O)CCN(CC)c2ccc(cc2)N=Nc2ccc(cc2)C=O)cc1)(C(F)(F)F)C(F)(F)F,tg,2
N1C(=O)c2c(C1=O)cc(cc2)C(c1cc2c(C(=O)N(C2=O)CCN(CC)c2ccc(cc2)N=Nc2ccc(cc2)[N+](=O)[O-])cc1)(C(F)(F)F)C(F)(F)F,tg,1
N1C(=O)c2c(C1=O)cc(cc2)NC(=O)Nc1c2c(ccc1)c(ccc2)NC(=O)Nc1cc2c(C(=O)N(C2=O)c2ccc(cc2)Oc2c(c3c(cc2)cccc3)c2c3c(ccc2Oc2ccc(cc2))cccc3)cc1,tg,0
N1C(=O)c2c(C1=O)cc(cc2)NC(=O)Nc1ccc(cc1)Oc1c(cccc1)c1c(cccc1)Oc1ccc(cc1)NC(=O)Nc1cc2c(C(=O)N(C2=O)c2ccc(cc2)Oc2c(c3c(cc2)cccc3)c2c3c(ccc2Oc2ccc(cc2))cccc3)cc1,tg,2
N1C(=O)c2c(C1=O)cc(cc2)NC(=O)Nc1ccc(cc1)Oc1ccc(cc1)NC(=O)Nc1cc2c(C(=O)N(C2=O)c2ccc(cc2)Oc2c(c3c(cc2)cccc3)c2c3c(ccc2Oc2ccc(cc2))cccc3)cc1,tg,1
N1C(=O)c2c(C1=O)cc(cc2)NC(=O)Nc1ccc(cc1)Oc1ccc(cc1)NC(=O)Nc1cc2c(C(=O)N(C2=O)c2ccc(cc2)c2nc(cc(c2)c2ccc(cc2)c2ccccc2)c2ccc(cc2))cc1,tg,0
N1C(=O)c2c(C1=O)cc(cc2)NC(=O)Nc1ccc(cc1)c1nc(cc(c1)c1ccc(cc1)c1ccccc1)c1ccc(cc1)NC(=O)Nc1cc2c(C(=O)N(C2=O)c2ccc(cc2)Oc2c(c3c(cc2)cccc3)c2c3c(ccc2Oc2ccc(cc2))cccc3)cc1,tg,2
N1C(=O)c2c(C1=O)cc(cc2)NC(=O)Nc1ccc(cc1)c1nc(cc(c1)c1ccc(cc1)c1ccccc1)c1ccc(cc1)NC(=O)Nc1cc2c(C(=O)N(C2=O)c2ccc(cc2)c2nc(cc(c2)c2ccc(cc2)c2ccccc2)c2ccc(cc2))cc1,tg,1
N1C(=O)c2c(C1=O)cc(cc2)NC(=O)Nc1nc(ccc1)NC(=O)Nc1cc2c(C(=O)N(C2=O)c2ccc(cc2)Oc2c(c3c(cc2)cccc3)c2c3c(ccc2Oc2ccc(cc2))cccc3)cc1,tg,0
N1C(=O)c2c(C1=O)cc(cc2)NC(=O)OCCOc1c(cc(cc1Br)C(c1cc(c(c(c1)Br)OCCOC(=O)Nc1cc2c(C(=O)N(C2=O)c2cc(ccc2)P(=O)(c2cc(ccc2))C)cc1)Br)(C)C)Br,tg,2
N1C(=O)c2c(C1=O)cc(cc2)NC(=O)OCCOc1c(cc(cc1Br)C(c1cc(c(c(c1)Br)OCCOC(=O)Nc1cc2c(C(=O)N(C2=O)c2cc(ccc2)P(=O)(c2cc(ccc2))c2ccccc2)cc1)Br)(C)C)Br,tg,1
N1C(=O)c2c(C1=O)cc(cc2)NC(=O)OCCOc1ccc(cc1)C(c1ccc(cc1)OCCOC(=O)Nc1cc2c(C(=O)N(C2=O)c2cc(ccc2)P(=O)(c2cc(ccc2))C)cc1)(C)C,tg,0
N1C(=O)c2c(C1=O)cc(cc2)NC(=O)OCCOc1ccc(cc1)C(c1ccc(cc1)OCCOC(=O)Nc1cc2c(C(=O)N(C2=O)c2cc(ccc2)P(=O)(c2cc(ccc2))c2ccccc2)cc1)(C)C,tg,2
N1C(=O)c2c(C1=O)cc(cc2)Oc1c(cc(cc1C)C(c1cc(c(c(c1)C)Oc1cc2c(C(=O)N(C2=O)c2ccc(cc2)Oc2c(cc(cc2)Oc2ccc(cc2))C(C)(C)C)cc1)C)(C)C)C,tg,1
N1C(=O)c2c(C1=O)cc(cc2)Oc1c(cc(cc1C)C(c1cc(c(c(c1)C)Oc1cc2c(C(=O)N(C2=O)c2ccc(cc2)Oc2cc(c(cc2)c2c(cc(cc2)Oc2ccc(cc2))C)C)cc1)C)(C)C)C,tg,0
N1C(=O)c2c(C1=O)cc(cc2)Oc1c(cc(cc1C)C(c1cc(c(c(c1)C)Oc1cc2c(C(=O)N(C2=O)c2ccc(cc2)Oc2ccc(cc2)C2(C3CC4CC(CC2C4)C3)c2ccc(cc2)Oc2ccc(cc2))cc1)C)(C)C)C,tg,2
N1C(=O)c2c(C1=O)cc(cc2)Oc1c(cc(cc1C)Cc1cc(c(c(c1)C)Oc1cc2c(C(=O)N(C2=O)c2c(cc(cc2C)Cc2cc(c(c(c2)C))C)C)cc1)C)C,tg,1
N1C(=O)c2c(C1=O)cc(cc2)Oc1c(cc(cc1C)Cc1cc(c(c(c1)C)Oc1cc2c(C(=O)N(C2=O)c2ccc(cc2)Oc2ccc(cc2))cc1)C)C,tg,0
N1C(=O)c2c(C1=O)cc(cc2)Oc1c(cc(cc1C)c1cc(c(c(c1)C)Oc1cc2c(C(=O)N(C2=O)c2c(cc(cc2C)Cc2cc(c(c(c2)C))C)C)cc1)C)C,tg,2
N1C(=O)c2c(C1=O)cc(cc2)Oc1c(cc(cc1C)c1cc(c(c(c1)C)Oc1cc2c(C(=O)N(C2=O)c2ccc(cc2)Oc2ccc(cc2))cc1)C)C,tg,1
N1C(=O)c2c(C1=O)cc(cc2)Oc1c(cccc1)Oc1cc2c(C(=O)N(C2=O)c2cc(c(cc2)Oc2c(cc(cc2C)c2cc(c(c(c2)C)Oc2c(cc(cc2))C(F)(F)F)C)C)C(F)(F)F)cc1,tg,0
N1C(=O)c2c(C1=O)cc(cc2)Oc1c(cccc1)Oc1cc2c(C(=O)N(C2=O)c2cc(c(cc2)Oc2c(cccc2)Oc2c(cc(cc2))C(F)(F)F)C(F)(F)F)cc1,tg,2
N1C(=O)c2c(C1=O)cc(cc2)Oc1c(cccc1)Oc1cc2c(C(=O)N(C2=O)c2cc(c(cc2)Oc2ccc(cc2)C2(c3ccccc3c3ccccc23)c2ccc(cc2)Oc2c(cc(cc2))C(F)(F)F)C(F)(F)F)cc1,tg,1
N1C(=O)c2c(C1=O)cc(cc2)Oc1c(cccc1)Oc1cc2c(C(=O)N(C2=O)c2cc(c(cc2)Oc2ccc(cc2)Oc2c(cc(cc2))C(F)(F)F)C(F)(F)F)cc1,tg,0
N1C(=O)c2c(C1=O)cc(cc2)Oc1c(cccc1)Oc1cc2c(C(=O)N(C2=O)c2cc(ccc2))cc1,tg,2
N1C(=O)c2c(C1=O)cc(cc2)Oc1c(cccc1)Oc1cc2c(C(=O)N(C2=O)c2ccc(cc2)Oc2cc3c(cc2Oc2ccc(cc2))cccc3)cc1,tg,1
N1C(=O)c2c(C1=O)cc(cc2)Oc1c(cccc1)Oc1cc2c(C(=O)N(C2=O)c2ccc(cc2)Oc2ccc(cc2)Oc2ccc(cc2))cc1,tg,0
N1C(=O)c2c(C1=O)cc(cc2)Oc1c2c(ccc1)c(ccc2)Oc1cc2c(C(=O)N(C2=O)c2c(cc(cc2C)Cc2cc(c(c(c2)C))C)C)cc1,tg,2
N1C(=O)c2c(C1=O)cc(cc2)Oc1c2c(ccc1)c(ccc2)Oc1cc2c(C(=O)N(C2=O)c2ccc(cc2)C(c2ccc(cc2))(C)C)cc1,tg,1
N1C(=O)c2c(C1=O)cc(cc2)Oc1c2c(ccc1)c(ccc2)Oc1cc2c(C(=O)N(C2=O)c2ccc(cc2)C(c2ccc(cc2)C(c2ccc(cc2))(C)C)(C)C)cc1,tg,0
N1C(=O)c2c(C1=O)cc(cc2)Oc1c2c(ccc1)c(ccc2)Oc1cc2c(C(=O)N(C2=O)c2ccc(cc2)Oc2ccc(cc2)S(=O)(=O)c2ccc(cc2)Oc2ccc(cc2))cc1,tg,2
N1C(=O)c2c(C1=O)cc(cc2)Oc1cc(ccc1)C(=O)Nc1ccc(cc1)Oc1ccc(cc1),tg,1
N1C(=O)c2c(C1=O)cc(cc2)Oc1cc(ccc1)C(=O)Nc1ccc(cc1)Oc1ccc(cc1)Oc1ccc(cc1),tg,0
N1C(=O)c2c(C1=O)cc(cc2)Oc1cc(ccc1)Oc1cc2c(C(=O)N(C2=O)c2cc(ccc2))cc1,tg,2
N1C(=O)c2c(C1=O)cc(cc2)Oc1cc(ccc1)Oc1cc2c(C(=O)N(C2=O)c2ccc(cc2)Oc2ccc(cc2))cc1,tg,1
N1C(=O)c2c(C1=O)cc(cc2)Oc1cc(ccc1)Oc1cc2c(C(=O)N(C2=O)c2ccc(cc2)Oc2ccc(cc2)C(=O)c2ccc(cc2)Oc2ccc(cc2))cc1,tg,0
N1C(=O)c2c(C1=O)cc(cc2)Oc1cc(ccc1)Oc1cc2c(C(=O)N(C2=O)c2ccc(cc2)Oc2ccc(cc2)S(=O)(=O)c2ccc(cc2)Oc2ccc(cc2))cc1,tg,2
N1C(=O)c2c(C1=O)cc(cc2)Oc1cc2c(C(=O)N(C2=O)CC2C3C(CC2)C2C(CC3C2)C)cc1,tg,1
N1C(=O)c2c(C1=O)cc(cc2)Oc1cc2c(C(=O)N(C2=O)CCCCCC)cc1,tg,0
N1C(=O)c2c(C1=O)cc(cc2)Oc1cc2c(C(=O)N(C2=O)CCCCCCCCC)cc1,tg,2
N1C(=O)c2c(C1=O)cc(cc2)Oc1cc2c(C(=O)N(C2=O)CCCCCCCCCC)cc1,tg,1
N1C(=O)c2c(C1=O)cc(cc2)Oc1cc2c(C(=O)N(C2=O)CCCCCCCCCCCC)cc1,tg,0
N1C(=O)c2c(C1=O)cc(cc2)Oc1cc2c(C(=O)N(C2=O)Cc2oc(cc2)C(c2oc(cc2)C)(C)C)cc1,tg,2
N1C(=O)c2c(C1=O)cc(cc2)Oc1cc2c(C(=O)N(C2=O)Cc2oc(cc2)C(c2oc(cc2)C)C)cc1,tg,1
N1C(=O)c2c(C1=O)cc(cc2)Oc1cc2c(C(=O)N(C2=O)c2c(cc(c(c2))O)O)cc1,tg,0
N1C(=O)c2c(C1=O)cc(cc2)Oc1cc2c(C(=O)N(C2=O)c2c(cc(cc2)c2cc(c(cc2))OCCCCCCOc2ccc(cc2)/C=C/c2ccc(cc2)F)OCCCCCCOc2ccc(cc2)/C=C/c2ccc(cc2)F)cc1,tg,2
N1C(=O)c2c(C1=O)cc(cc2)Oc1cc2c(C(=O)N(C2=O)c2c(cc(cc2C)C(c2cc(c(c(c2)C))C)c2cc(ccc2)C(F)(F)F)C)cc1,tg,1
N1C(=O)c2c(C1=O)cc(cc2)Oc1cc2c(C(=O)N(C2=O)c2c(ccc(c2)C(c2cc(c(cc2)OCCN(c2ccc(cc2)C=CC2=CC(=C(C#N)C#N)CC(C2)(C)C)C))(C(F)(F)F)C(F)(F)F)OCCN(c2ccc(cc2)C=CC2=CC(=C(C#N)C#N)CC(C2)(C)C)C)cc1,tg,0
N1C(=O)c2c(C1=O)cc(cc2)Oc1cc2c(C(=O)N(C2=O)c2c(ccc(c2)C(c2cc(c(cc2)OCCN(c2ccc(cc2)C=CC2=CC(=C(C#N)C#N)CC(C2)(C)C)CC))(C(F)(F)F)C(F)(F)F)OCCN(c2ccc(cc2)C=CC2=CC(=C(C#N)C#N)CC(C2)(C)C)CC)cc1,tg,2
N1C(=O)c2c(C1=O)cc(cc2)Oc1cc2c(C(=O)N(C2=O)c2c(ccc(c2)C(c2cc(c(cc2)OCCN(c2ccc(cc2)C=CC2=CC(=C(C#N)C#N)CC(C2)(C)C)c2ccccc2))(C(F)(F)F)C(F)(F)F)OCCN(c2ccc(cc2)C=CC2=CC(=C(C#N)C#N)CC(C2)(C)C)c2ccccc2)cc1,tg,1
N1C(=O)c2c(C1=O)cc(cc2)Oc1cc2c(C(=O)N(C2=O)c2c(ccc(c2)C(c2cc(c(cc2)OCCN(c2ccc(cc2)C=CC2=CC(=C(C(=O)OCCc3ccccc3)C#N)CC(C2)(C)C)c2ccccc2))(C(F)(F)F)C(F)(F)F)OCCN(c2ccc(cc2)C=CC2=CC(=C(C(=O)OCCc3ccccc3)C#N)CC(C2)(C)C)C)cc1,tg,0
N1C(=O)c2c(C1=O)cc(cc2)Oc1cc2c(C(=O)N(C2=O)c2c(ccc(c2)C(c2cc(c(cc2)OCCN(c2ccc(cc2)C=CC2=CC(=C(C(=O)OCc3ccc(cc3)Oc3c(c(c(c(c3F)F)F)F)F)C#N)CC(C2)(C)C)c2ccccc2))(C(F)(F)F)C(F)(F)F)OCCN(c2ccc(cc2)C=CC2=CC(=C(C(=O)OCc3ccc(cc3)Oc3c(c(c(c(c3F)F)F)F)F)C#N)CC(C2)(C)C)C)cc1,tg,2
N1C(=O)c2c(C1=O)cc(cc2)Oc1cc2c(C(=O)N(C2=O)c2c(ccc(c2)C(c2cc(c(cc2)OCCN(c2ccc(cc2)C=CC2=CC(=C(S(=O)(=O)C)C#N)CC(C2)(C)C)C))(C(F)(F)F)C(F)(F)F)OCCN(c2ccc(cc2)C=CC2=CC(=C(S(=O)(=O)C)C#N)CC(C2)(C)C)C)cc1,tg,1
N1C(=O)c2c(C1=O)cc(cc2)Oc1cc2c(C(=O)N(C2=O)c2c(cccc2)Oc2ccc(cc2))cc1,tg,0
N1C(=O)c2c(C1=O)cc(cc2)Oc1cc2c(C(=O)N(C2=O)c2cc(c(c(c2)Br)Oc2c(cc(cc2Br))Br)Br)cc1,tg,2
N1C(=O)c2c(C1=O)cc(cc2)Oc1cc2c(C(=O)N(C2=O)c2cc(c(cc2)Oc2c(cc(cc2))Br)Br)cc1,tg,1
N1C(=O)c2c(C1=O)cc(cc2)Oc1cc2c(C(=O)N(C2=O)c2cc(c(cc2)Oc2c(cccc2)Oc2c(cc(cc2))C(F)(F)F)C(F)(F)F)cc1,tg,0
N1C(=O)c2c(C1=O)cc(cc2)Oc1cc2c(C(=O)N(C2=O)c2cc(c(cc2)Oc2ccc(cc2)C(=O)c2cc(ccc2))C(F)(F)F)cc1,tg,2
N1C(=O)c2c(C1=O)cc(cc2)Oc1cc2c(C(=O)N(C2=O)c2cc(c(cc2)c2c(cc(cc2))C(F)(F)F)C(F)(F)F)cc1,tg,1
N1C(=O)c2c(C1=O)cc(cc2)Oc1cc2c(C(=O)N(C2=O)c2cc(cc(c2)C(F)(F)F)Oc2c(cc(cc2C)c2cc(c(c(c2)C)Oc2cc(cc(c2)C(F)(F)F))C)C)cc1,tg,0
N1C(=O)c2c(C1=O)cc(cc2)Oc1cc2c(C(=O)N(C2=O)c2cc(cc(c2)OCCCC))cc1,tg,2
N1C(=O)c2c(C1=O)cc(cc2)Oc1cc2c(C(=O)N(C2=O)c2cc(cc(c2)OCCCCCCCC))cc1,tg,1
N1C(=O)c2c(C1=O)cc(cc2)Oc1cc2c(C(=O)N(C2=O)c2cc(cc(c2)OCCCCCCCCCCCC))cc1,tg,0
N1C(=O)c2c(C1=O)cc(cc2)Oc1cc2c(C(=O)N(C2=O)c2cc(cc(c2)OCCCCCCCCCCCCCCCC))cc1,tg,2
N1C(=O)c2c(C1=O)cc(cc2)Oc1cc2c(C(=O)N(C2=O)c2cc(ccc2)C(C(C(C(C(c2cc(ccc2))(F)F)(F)F)(F)F)(F)F)(F)F)cc1,tg,1
N1C(=O)c2c(C1=O)cc(cc2)Oc1cc2c(C(=O)N(C2=O)c2cc(ccc2)C(c2cc(ccc2))(C(F)(F)F)C(F)(F)F)cc1,tg,0
N1C(=O)c2c(C1=O)cc(cc2)Oc1cc2c(C(=O)N(C2=O)c2cc(ccc2)C(c2cc(ccc2))(c2ccccc2)C(F)(F)F)cc1,tg,2
N1C(=O)c2c(C1=O)cc(cc2)Oc1cc2c(C(=O)N(C2=O)c2cc(ccc2)OCCOCCOc2ccc(cc2))cc1,tg,1
N1C(=O)c2c(C1=O)cc(cc2)Oc1cc2c(C(=O)N(C2=O)c2cc(ccc2)Oc2c(ccc(c2)Oc2cc(ccc2))P(=O)(c2ccccc2)c2ccccc2)cc1,tg,0
N1C(=O)c2c(C1=O)cc(cc2)Oc1cc2c(C(=O)N(C2=O)c2cc(ccc2)Oc2cc(ccc2)Oc2cc(ccc2))cc1,tg,2
N1C(=O)c2c(C1=O)cc(cc2)Oc1cc2c(C(=O)N(C2=O)c2cc(ccc2)Oc2ccc(cc2))cc1,tg,1
N1C(=O)c2c(C1=O)cc(cc2)Oc1cc2c(C(=O)N(C2=O)c2cc(ccc2)Oc2ccc(cc2)Oc2cc(ccc2))cc1,tg,0
N1C(=O)c2c(C1=O)cc(cc2)Oc1cc2c(C(=O)N(C2=O)c2cc(ccc2)P(=O)(c2cc(ccc2))c2cc(cc(c2)C(F)(F)F)C(F)(F)F)cc1,tg,2
N1C(=O)c2c(C1=O)cc(cc2)Oc1cc2c(C(=O)N(C2=O)c2ccc(cc2))cc1,tg,1
N1C(=O)c2c(C1=O)cc(cc2)Oc1cc2c(C(=O)N(C2=O)c2ccc(cc2)C(c2ccc(cc2))(C(F)(F)F)C(F)(F)F)cc1,tg,0
N1C(=O)c2c(C1=O)cc(cc2)Oc1cc2c(C(=O)N(C2=O)c2ccc(cc2)C(c2ccc(cc2))(C)C)cc1,tg,2
N1C(=O)c2c(C1=O)cc(cc2)Oc1cc2c(C(=O)N(C2=O)c2ccc(cc2)C(c2ccc(cc2))c2ccccc2)cc1,tg,1
N1C(=O)c2c(C1=O)cc(cc2)Oc1cc2c(C(=O)N(C2=O)c2ccc(cc2)Cc2ccc(cc2))cc1,tg,0
N1C(=O)c2c(C1=O)cc(cc2)Oc1cc2c(C(=O)N(C2=O)c2ccc(cc2)N(c2ccc(cc2))c2ccc(cc2)C#N)cc1,tg,2
N1C(=O)c2c(C1=O)cc(cc2)Oc1cc2c(C(=O)N(C2=O)c2ccc(cc2)Oc2c(cc(cc2C(C)(C)C)c2ccc(cc2))C(C)(C)C)cc1,tg,1
N1C(=O)c2c(C1=O)cc(cc2)Oc1cc2c(C(=O)N(C2=O)c2ccc(cc2)Oc2cc3c(cc2Oc2ccc(cc2))cccc3)cc1,tg,0
N1C(=O)c2c(C1=O)cc(cc2)Oc1cc2c(C(=O)N(C2=O)c2ccc(cc2)Oc2ccc(cc2))cc1,tg,2
N1C(=O)c2c(C1=O)cc(cc2)Oc1cc2c(C(=O)N(C2=O)c2ccc(cc2)Oc2ccc(cc2)C(=O)c2cc(ccc2)C(=O)c2ccc(cc2)Oc2ccc(cc2))cc1,tg,1
N1C(=O)c2c(C1=O)cc(cc2)Oc1cc2c(C(=O)N(C2=O)c2ccc(cc2)Oc2ccc(cc2)C(c2ccc(cc2)Oc2ccc(cc2))(C(F)(F)F)C(F)(F)F)cc1,tg,0
N1C(=O)c2c(C1=O)cc(cc2)Oc1cc2c(C(=O)N(C2=O)c2ccc(cc2)Oc2ccc(cc2)C(c2ccc(cc2)Oc2ccc(cc2))(C)C)cc1,tg,2
N1C(=O)c2c(C1=O)cc(cc2)Oc1cc2c(C(=O)N(C2=O)c2ccc(cc2)Oc2ccc(cc2)Oc2ccc(cc2))cc1,tg,1
N1C(=O)c2c(C1=O)cc(cc2)Oc1cc2c(C(=O)N(C2=O)c2ccc(cc2)Oc2ccc(cc2)c2ccc(cc2)Oc2ccc(cc2))cc1,tg,0
N1C(=O)c2c(C1=O)cc(cc2)Oc1cc2c(C(=O)N(C2=O)c2ccc(cc2)S(=O)(=O)c2ccc(cc2))cc1,tg,2
N1C(=O)c2c(C1=O)cc(cc2)Oc1cc2c(C(=O)N(C2=O)c2ccc(cc2)Sc2cc3c(C(=O)N(C3=O)c3ccc(cc3)CC)cc2Sc2ccc(cc2))cc1,tg,1
N1C(=O)c2c(C1=O)cc(cc2)Oc1cc2c(C(=O)N(C2=O)c2ccc(cc2)Sc2ccc(cc2)Sc2ccc(cc2)Sc2ccc(cc2))cc1,tg,0
N1C(=O)c2c(C1=O)cc(cc2)Oc1cc2c(C(=O)N(C2=O)c2ccc(cc2)c2cc(c(cc2)Oc2cc3c(C(CC3(c3ccc(cc3)Oc3c(cc(cc3)c3ccc(cc3))C(F)(F)F)C)(C)C)cc2)C(F)(F)F)cc1,tg,2
N1C(=O)c2c(C1=O)cc(cc2)Oc1cc2c(C(=O)N(C2=O)c2ccc(cc2)c2ccc(cc2))cc1,tg,1
N1C(=O)c2c(C1=O)cc(cc2)Oc1cc2c(C(=O)N(C2=O)c2ccc(cc2)c2ccc(cc2)NC(=O)c2cc(ccc2)C(=O)Nc2ccc(cc2)c2ccc(cc2))cc1,tg,0
N1C(=O)c2c(C1=O)cc(cc2)Oc1cc2c(C(=O)N(C2=O)c2ccc(cc2)c2nc(cc(c2)c2ccc(cc2)OCCCC#N)c2ccc(cc2))cc1,tg,2
N1C(=O)c2c(C1=O)cc(cc2)Oc1cc2c(C(CC32CC(c2ccc(cc32)Oc2cc3c(C(=O)N(C3=O)c3cc(ccc3))cc2)(C)C)(C)C)cc1,tg,1
N1C(=O)c2c(C1=O)cc(cc2)Oc1cc2c(cc1)cc(cc2)Oc1cc2c(C(=O)N(C2=O)c2cc(ccc2)Oc2ccc(cc2))cc1,tg,0
N1C(=O)c2c(C1=O)cc(cc2)Oc1cc2c(cc1)cc(cc2)Oc1cc2c(C(=O)N(C2=O)c2ccc(cc2)C(c2ccc(cc2))(C(F)(F)F)C(F)(F)F)cc1,tg,2
N1C(=O)c2c(C1=O)cc(cc2)Oc1cc2c(cc1)cc(cc2)Oc1cc2c(C(=O)N(C2=O)c2ccc(cc2)Oc2ccc(cc2)c2ccc(cc2)Oc2ccc(cc2))cc1,tg,1
N1C(=O)c2c(C1=O)cc(cc2)Oc1cc2c(cc1)ccc(c2)Oc1cc2c(C(=O)N(C2=O)c2ccc(cc2)C(c2ccc(cc2))(C(F)(F)F)C(F)(F)F)cc1,tg,0
N1C(=O)c2c(C1=O)cc(cc2)Oc1cc2c(cc1)ccc(c2)Oc1cc2c(C(=O)N(C2=O)c2ccc(cc2)C(c2ccc(cc2)C(c2ccc(cc2))(C)C)(C)C)cc1,tg,2
N1C(=O)c2c(C1=O)cc(cc2)Oc1cc2c(cc1)ccc(c2)Oc1cc2c(C(=O)N(C2=O)c2ccc(cc2)Oc2ccc(cc2)Oc2ccc(cc2))cc1,tg,1
N1C(=O)c2c(C1=O)cc(cc2)Oc1cc2c(cc1Oc1cc3c(C(=O)N(C3=O)c3cc(cc(c3)C(F)(F)F))cc1)cccc2,tg,0
N1C(=O)c2c(C1=O)cc(cc2)Oc1cc2c(cc1Oc1cc3c(C(=O)N(C3=O)c3cc(ccc3))cc1)cccc2,tg,2
N1C(=O)c2c(C1=O)cc(cc2)Oc1cc2c(cc1Oc1cc3c(C(=O)N(C3=O)c3ccc(cc3)Oc3c(cccc3)Oc3ccc(cc3))cc1)cccc2,tg,1
N1C(=O)c2c(C1=O)cc(cc2)Oc1cc2c(cc1Oc1cc3c(C(=O)N(C3=O)c3ccc(cc3)Oc3cc4c(cc3Oc3ccc(cc3))cccc4)cc1)cccc2,tg,0
N1C(=O)c2c(C1=O)cc(cc2)Oc1cc2c(cc1Oc1cc3c(C(=O)N(C3=O)c3ccc(cc3)Oc3ccc(cc3))cc1)cccc2,tg,2
N1C(=O)c2c(C1=O)cc(cc2)Oc1cc2c(cc1Oc1cc3c(C(=O)N(C3=O)c3ccc(cc3)Oc3ccc(cc3)Oc3ccc(cc3))cc1)cccc2,tg,1
N1C(=O)c2c(C1=O)cc(cc2)Oc1cc2c(cc1Oc1cc3c(C(=O)N(C3=O)c3ccc(cc3)Oc3ccc(cc3)c3ccc(cc3)Oc3ccc(cc3))cc1)cccc2,tg,0
N1C(=O)c2c(C1=O)cc(cc2)Oc1ccc(cc1)C(=O)Nc1ccc(cc1)Cc1ccc(cc1),tg,2
N1C(=O)c2c(C1=O)cc(cc2)Oc1ccc(cc1)C(=O)Nc1ccc(cc1)Oc1ccc(cc1)Oc1ccc(cc1),tg,1
N1C(=O)c2c(C1=O)cc(cc2)Oc1ccc(cc1)C(=O)c1ccc(cc1)Oc1cc2c(C(=O)N(C2=O)c2cc(ccc2))cc1,tg,0
N1C(=O)c2c(C1=O)cc(cc2)Oc1ccc(cc1)C(=O)c1ccc(cc1)Oc1cc2c(C(=O)N(C2=O)c2ccc(cc2)Oc2cc(ccc2)Oc2ccc(cc2))cc1,tg,2
N1C(=O)c2c(C1=O)cc(cc2)Oc1ccc(cc1)C(=O)c1ccc(cc1)Oc1cc2c(C(=O)N(C2=O)c2ccc(cc2)Oc2ccc(cc2))cc1,tg,1
N1C(=O)c2c(C1=O)cc(cc2)Oc1ccc(cc1)C(c1ccc(cc1)C(c1ccc(cc1)Oc1cc2c(C(=O)N(C2=O)c2ccc(cc2)N(c2ccc(cc2))c2ccc(cc2)C#N)cc1)(C)C)(C)C,tg,0
N1C(=O)c2c(C1=O)cc(cc2)Oc1ccc(cc1)C(c1ccc(cc1)Oc1cc2c(C(=O)N(C2=O)c2c(cc(cc2C)Cc2cc(c(c(c2)C))C)C)cc1)(C)C,tg,2
N1C(=O)c2c(C1=O)cc(cc2)Oc1ccc(cc1)C(c1ccc(cc1)Oc1cc2c(C(=O)N(C2=O)c2c(ccc(c2))O)cc1)(C)C,tg,1
N1C(=O)c2c(C1=O)cc(cc2)Oc1ccc(cc1)C(c1ccc(cc1)Oc1cc2c(C(=O)N(C2=O)c2cc(ccc2))cc1)(C)C,tg,0
N1C(=O)c2c(C1=O)cc(cc2)Oc1ccc(cc1)C(c1ccc(cc1)Oc1cc2c(C(=O)N(C2=O)c2ccc(cc2)N(c2ccc(cc2))c2ccc(cc2)C#N)cc1)(C)C,tg,2
N1C(=O)c2c(C1=O)cc(cc2)Oc1ccc(cc1)C(c1ccc(cc1)Oc1cc2c(C(=O)N(C2=O)c2ccc(cc2)Oc2c(c(ccc2)Oc2ccc(cc2))C#N)cc1)(C)C,tg,1
N1C(=O)c2c(C1=O)cc(cc2)Oc1ccc(cc1)C(c1ccc(cc1)Oc1cc2c(C(=O)N(C2=O)c2ccc(cc2)Oc2ccc(cc2))cc1)(C(F)(F)F)C(F)(F)F,tg,0
N1C(=O)c2c(C1=O)cc(cc2)Oc1ccc(cc1)C(c1ccc(cc1)Oc1cc2c(C(=O)N(C2=O)c2ccc(cc2)Oc2ccc(cc2))cc1)(C)C,tg,2
N1C(=O)c2c(C1=O)cc(cc2)Oc1ccc(cc1)C(c1ccc(cc1)Oc1cc2c(C(=O)N(C2=O)c2ccc(cc2)Oc2ccc(cc2)C(c2ccc(cc2)Oc2ccc(cc2))(C)C)cc1)(C)C,tg,1
N1C(=O)c2c(C1=O)cc(cc2)Oc1ccc(cc1)C(c1ccc(cc1)Oc1cc2c(C(=O)N(C2=O)c2ccc(cc2)Oc2ccc(cc2)S(=O)(=O)c2ccc(cc2)Oc2ccc(cc2))cc1)(C)C,tg,0
N1C(=O)c2c(C1=O)cc(cc2)Oc1ccc(cc1)C(c1ccc(cc1)Oc1cc2c(C(=O)N(C2=O)c2ccc(cc2)Oc2ccc(cc2)c2ccc(cc2)Oc2ccc(cc2))cc1)(C(F)(F)F)C(F)(F)F,tg,2
N1C(=O)c2c(C1=O)cc(cc2)Oc1ccc(cc1)C(c1ccc(cc1)Oc1cc2c(C(=O)N(C2=O)c2ccc(cc2)Oc2ccc(cc2)c2ccc(cc2)Oc2ccc(cc2))cc1)(C)C,tg,1
N1C(=O)c2c(C1=O)cc(cc2)Oc1ccc(cc1)C(c1ccc(cc1)Oc1cc2c(C(=O)N(C2=O)c2ccc(cc2)S(=O)(=O)c2ccc(cc2))cc1)(C)C,tg,0
N1C(=O)c2c(C1=O)cc(cc2)Oc1ccc(cc1)C1(CCC(CC1)C(C)(C)C)c1ccc(cc1)Oc1cc2c(C(=O)N(C2=O)Oc2c(cc(cc2C)C(c2cc(c(c(c2)C)O)C)(C)C)C)cc1,tg,2
N1C(=O)c2c(C1=O)cc(cc2)Oc1ccc(cc1)C1(CCC(CC1)C(C)(C)C)c1ccc(cc1)Oc1cc2c(C(=O)N(C2=O)c2ccc(cc2)Oc2c(cc(cc2)Oc2ccc(cc2))C(C)(C)C)cc1,tg,1
N1C(=O)c2c(C1=O)cc(cc2)Oc1ccc(cc1)C1(CCC(CC1)C(C)(C)C)c1ccc(cc1)Oc1cc2c(C(=O)N(C2=O)c2ccc(cc2)Oc2ccc(cc2)C(c2ccc(cc2)Oc2ccc(cc2))(C(F)(F)F)C(F)(F)F)cc1,tg,0
N1C(=O)c2c(C1=O)cc(cc2)Oc1ccc(cc1)C1(CCC(CC1)C(C)(C)C)c1ccc(cc1)Oc1cc2c(C(=O)N(C2=O)c2ccc(cc2)Oc2ccc(cc2)C2(C3C4C(CCC4)C(C2)C3)c2ccc(cc2)Oc2ccc(cc2))cc1,tg,2
N1C(=O)c2c(C1=O)cc(cc2)Oc1ccc(cc1)C1(CCC(CC1)C(C)(C)C)c1ccc(cc1)Oc1cc2c(C(=O)N(C2=O)c2ccc(cc2)Oc2ccc(cc2)C2(C3CC4CC(CC2C4)C3)c2ccc(cc2)Oc2ccc(cc2))cc1,tg,1
N1C(=O)c2c(C1=O)cc(cc2)Oc1ccc(cc1)C1(CCC(CC1)c1ccccc1)c1ccc(cc1)Oc1cc2c(C(=O)N(C2=O)c2ccc(cc2)Cc2ccc(cc2))cc1,tg,0
N1C(=O)c2c(C1=O)cc(cc2)Oc1ccc(cc1)C1(CCC(CC1)c1ccccc1)c1ccc(cc1)Oc1cc2c(C(=O)N(C2=O)c2ccc(cc2)Oc2c(cc(cc2)Oc2ccc(cc2))C(C)(C)C)cc1,tg,2
N1C(=O)c2c(C1=O)cc(cc2)Oc1ccc(cc1)C1(CCC(CC1)c1ccccc1)c1ccc(cc1)Oc1cc2c(C(=O)N(C2=O)c2ccc(cc2)Oc2ccc(cc2)C2(C3C4C(CCC4)C(C2)C3)c2ccc(cc2)Oc2ccc(cc2))cc1,tg,1
N1C(=O)c2c(C1=O)cc(cc2)Oc1ccc(cc1)C1(CCC(CC1)c1ccccc1)c1ccc(cc1)Oc1cc2c(C(=O)N(C2=O)c2ccc(cc2)Oc2ccc(cc2)C2(C3CCC(C2)C3)c2ccc(cc2)Oc2ccc(cc2))cc1,tg,0
N1C(=O)c2c(C1=O)cc(cc2)Oc1ccc(cc1)C1(CCC(CC1)c1ccccc1)c1ccc(cc1)Oc1cc2c(C(=O)N(C2=O)c2ccc(cc2)Oc2ccc(cc2)C2(CCC(CC2)C(C)(C)C)c2ccc(cc2)Oc2ccc(cc2))cc1,tg,2
N1C(=O)c2c(C1=O)cc(cc2)Oc1ccc(cc1)C1(CCCCC1)c1ccc(cc1)Oc1cc2c(C(=O)N(C2=O)c2ccc(cc2)N(c2ccc(cc2))c2ccc(cc2)C#N)cc1,tg,1
N1C(=O)c2c(C1=O)cc(cc2)Oc1ccc(cc1)C1(CCCCCCCCCCC1)c1ccc(cc1)Oc1cc2c(C(=O)N(C2=O)c2ccc(cc2)Cc2ccc(cc2))cc1,tg,0
N1C(=O)c2c(C1=O)cc(cc2)Oc1ccc(cc1)C1(CCCCCCCCCCC1)c1ccc(cc1)Oc1cc2c(C(=O)N(C2=O)c2ccc(cc2)Oc2cc(c(cc2)c2c(cc(cc2)Oc2ccc(cc2))C)C)cc1,tg,2
N1C(=O)c2c(C1=O)cc(cc2)Oc1ccc(cc1)C1(CCCCCCCCCCC1)c1ccc(cc1)Oc1cc2c(C(=O)N(C2=O)c2ccc(cc2)Oc2ccc(cc2)C2(C3CC4CC(CC2C4)C3)c2ccc(cc2)Oc2ccc(cc2))cc1,tg,1
N1C(=O)c2c(C1=O)cc(cc2)Oc1ccc(cc1)C1(CCCCCCCCCCC1)c1ccc(cc1)Oc1cc2c(C(=O)N(C2=O)c2ccc(cc2)Oc2ccc(cc2)C2(C3CCC(C2)C3)c2ccc(cc2)Oc2ccc(cc2))cc1,tg,0
N1C(=O)c2c(C1=O)cc(cc2)Oc1ccc(cc1)C1(CCCCCCCCCCC1)c1ccc(cc1)Oc1cc2c(C(=O)N(C2=O)c2ccc(cc2)Oc2ccc(cc2)C2(CCC(CC2)C(C)(C)C)c2ccc(cc2)Oc2ccc(cc2))cc1,tg,2
N1C(=O)c2c(C1=O)cc(cc2)Oc1ccc(cc1)C1(c2ccccc2c2ccccc12)c1ccc(cc1)Oc1cc2c(C(=O)N(C2=O)c2ccc(cc2)N(c2ccc(cc2))c2ccc(cc2)C#N)cc1,tg,1
N1C(=O)c2c(C1=O)cc(cc2)Oc1ccc(cc1)Oc1cc2c(C(=O)N(C2=O)c2c(c(c(cc2)Cc2c(c(c(cc2))C)C)C)C)cc1,tg,0
N1C(=O)c2c(C1=O)cc(cc2)Oc1ccc(cc1)Oc1cc2c(C(=O)N(C2=O)c2c(cc(c(c2)C)Cc2c(cc(c(c2)C))C)C)cc1,tg,2
N1C(=O)c2c(C1=O)cc(cc2)Oc1ccc(cc1)Oc1cc2c(C(=O)N(C2=O)c2c(cc(c(c2C))C)C)cc1,tg,1
N1C(=O)c2c(C1=O)cc(cc2)Oc1ccc(cc1)Oc1cc2c(C(=O)N(C2=O)c2c(cc(cc2)Cc2cc(c(cc2))C)C)cc1,tg,0
N1C(=O)c2c(C1=O)cc(cc2)Oc1ccc(cc1)Oc1cc2c(C(=O)N(C2=O)c2c(cc(cc2)Cc2cc(c(cc2))OC)OC)cc1,tg,2
N1C(=O)c2c(C1=O)cc(cc2)Oc1ccc(cc1)Oc1cc2c(C(=O)N(C2=O)c2ccc(cc2)C(c2ccc(cc2))(C)C)cc1,tg,1
N1C(=O)c2c(C1=O)cc(cc2)Oc1ccc(cc1)Oc1cc2c(C(=O)N(C2=O)c2ccc(cc2)Cc2ccc(cc2))cc1,tg,0
N1C(=O)c2c(C1=O)cc(cc2)Oc1ccc(cc1)Oc1cc2c(C(=O)N(C2=O)c2ccc(cc2)Oc2ccc(cc2))cc1,tg,2
N1C(=O)c2c(C1=O)cc(cc2)Oc1ccc(cc1)Oc1cc2c(C(=O)N(C2=O)c2ccc(cc2)Oc2ccc(cc2)Oc2ccc(cc2)Oc2ccc(cc2))cc1,tg,1
N1C(=O)c2c(C1=O)cc(cc2)Oc1ccc(cc1)Oc1cc2c(C(=O)N(C2=O)c2ccc(cc2)Oc2ccc(cc2)S(=O)(=O)c2ccc(cc2)Oc2ccc(cc2))cc1,tg,0
N1C(=O)c2c(C1=O)cc(cc2)Oc1ccc(cc1)Oc1cc2c(C(=O)N(C2=O)c2ccc(cc2)S(=O)(=O)c2ccc(cc2))cc1,tg,2
N1C(=O)c2c(C1=O)cc(cc2)Oc1ccc(cc1)Oc1cc2c(C(=O)N(C2=O)c2ccc(cc2)c2ccc(cc2))cc1,tg,1
N1C(=O)c2c(C1=O)cc(cc2)Oc1ccc(cc1)Oc1ccc(cc1)Oc1cc2c(C(=O)N(C2=O)c2cc(ccc2))cc1,tg,0
N1C(=O)c2c(C1=O)cc(cc2)Oc1ccc(cc1)Oc1ccc(cc1)Oc1cc2c(C(=O)N(C2=O)c2ccc(cc2)Oc2ccc(cc2))cc1,tg,2
N1C(=O)c2c(C1=O)cc(cc2)Oc1ccc(cc1)Oc1ccc(cc1)Oc1cc2c(C(=O)N(C2=O)c2ccc(cc2)Oc2ccc(cc2)Sc2ccc(cc2)Oc2ccc(cc2))cc1,tg,1
N1C(=O)c2c(C1=O)cc(cc2)Oc1ccc(cc1)Oc1ccc(cc1)Oc1cc2c(C(=O)N(C2=O)c2ccc(cc2)Oc2ccc(cc2)c2ccc(cc2)Oc2ccc(cc2))cc1,tg,0
N1C(=O)c2c(C1=O)cc(cc2)Oc1ccc(cc1)S(=O)(=O)c1ccc(cc1)Oc1cc2c(C(=O)N(C2=O)c2cc(ccc2))cc1,tg,2
N1C(=O)c2c(C1=O)cc(cc2)Oc1ccc(cc1)S(=O)(=O)c1ccc(cc1)Oc1cc2c(C(=O)N(C2=O)c2cc(ccc2)S(=O)(=O)c2cc(ccc2))cc1,tg,1
N1C(=O)c2c(C1=O)cc(cc2)Oc1ccc(cc1)S(=O)(=O)c1ccc(cc1)Oc1cc2c(C(=O)N(C2=O)c2ccc(cc2)Oc2cc(ccc2)Oc2ccc(cc2))cc1,tg,0
N1C(=O)c2c(C1=O)cc(cc2)Oc1ccc(cc1)S(=O)(=O)c1ccc(cc1)Oc1cc2c(C(=O)N(C2=O)c2ccc(cc2)Oc2ccc(cc2))cc1,tg,2
N1C(=O)c2c(C1=O)cc(cc2)Oc1ccc(cc1)Sc1ccc(cc1)Oc1cc2c(C(=O)N(C2=O)c2cc(ccc2)Oc2cc(ccc2)Oc2cc(ccc2))cc1,tg,1
N1C(=O)c2c(C1=O)cc(cc2)Oc1ccc(cc1)Sc1ccc(cc1)Oc1cc2c(C(=O)N(C2=O)c2ccc(cc2)Oc2cc(ccc2)Oc2ccc(cc2))cc1,tg,0
N1C(=O)c2c(C1=O)cc(cc2)Oc1ccc(cc1)Sc1ccc(cc1)Oc1cc2c(C(=O)N(C2=O)c2ccc(cc2)Oc2ccc(cc2)Oc2ccc(cc2))cc1,tg,2
N1C(=O)c2c(C1=O)cc(cc2)Oc1ccc(cc1)Sc1ccc(cc1)Oc1cc2c(C(=O)N(C2=O)c2ccc(cc2)Oc2ccc(cc2)Sc2ccc(cc2)Oc2ccc(cc2))cc1,tg,1
N1C(=O)c2c(C1=O)cc(cc2)Oc1ccc(cc1)c1ccc(cc1)Oc1cc2c(C(=O)N(C2=O)c2cc(ccc2)Oc2c(ccc(c2)Oc2cc(ccc2))P(=O)(c2ccccc2)c2ccccc2)cc1,tg,0
N1C(=O)c2c(C1=O)cc(cc2)Oc1ccc(cc1)c1ccc(cc1)Oc1cc2c(C(=O)N(C2=O)c2ccc(cc2)Oc2cc(ccc2)Oc2ccc(cc2))cc1,tg,2
N1C(=O)c2c(C1=O)cc(cc2)Oc1ccc(cc1)c1ccc(cc1)Oc1cc2c(C(=O)N(C2=O)c2ccc(cc2)Oc2ccc(cc2))cc1,tg,1
N1C(=O)c2c(C1=O)cc(cc2)Oc1ccc(cc1)c1ccc(cc1)Oc1cc2c(C(=O)N(C2=O)c2ccc(cc2)Oc2ccc(cc2)Oc2ccc(cc2))cc1,tg,0
N1C(=O)c2c(C1=O)cc(cc2)Oc1ccc(cc1)c1ccc(cc1)Oc1cc2c(C(=O)N(C2=O)c2ccc(cc2)Oc2ccc(cc2)Oc2ccc(cc2)Oc2ccc(cc2))cc1,tg,2
N1C(=O)c2c(C1=O)cc(cc2)Oc1ccc(cc1)c1ccc(cc1)Oc1cc2c(C(=O)N(C2=O)c2ccc(cc2)Oc2ccc(cc2)Sc2ccc(cc2)Oc2ccc(cc2))cc1,tg,1
N1C(=O)c2c(C1=O)cc(cc2)Oc1ccc(cc1)c1ccc(cc1)Oc1cc2c(C(=O)N(C2=O)c2ccc(cc2)Oc2ccc(cc2)c2ccc(cc2)Oc2ccc(cc2))cc1,tg,0
N1C(=O)c2c(C1=O)cc(cc2)P(=O)(c1cc2c(C(=O)N(C2=O)c2cc(cc(c2)C(F)(F)F))cc1)c1ccccc1,tg,2
N1C(=O)c2c(C1=O)cc(cc2)P(=O)(c1cc2c(C(=O)N(C2=O)c2cc(ccc2))cc1)c1ccccc1,tg,1
N1C(=O)c2c(C1=O)cc(cc2)P(=O)(c1cc2c(C(=O)N(C2=O)c2ccc(cc2))cc1)c1ccccc1,tg,0
N1C(=O)c2c(C1=O)cc(cc2)P(=O)(c1cc2c(C(=O)N(C2=O)c2ccc(cc2)Oc2ccc(cc2))cc1)c1ccccc1,tg,2
N1C(=O)c2c(C1=O)cc(cc2)S(=O)(=O)c1cc2c(C(=O)N(C2=O)CCCCCCOC(=O)CCCCCCC(=O)OCCCCCC)cc1,tg,1
N1C(=O)c2c(C1=O)cc(cc2)S(=O)(=O)c1cc2c(C(=O)N(C2=O)CCCCCCOC(=O)CCCCCCCCC(=O)OCCCCCC)cc1,tg,0
N1C(=O)c2c(C1=O)cc(cc2)S(=O)(=O)c1cc2c(C(=O)N(C2=O)CCCCCCOC(=O)c2cc(cc(c2)OCCCCCCOc2ccc(cc2)N=Nc2ccc(cc2)C#N)C(=O)OCCCCCC)cc1,tg,2
N1C(=O)c2c(C1=O)cc(cc2)S(=O)(=O)c1cc2c(C(=O)N(C2=O)c2c(cc(c(c2C))C)C)cc1,tg,1
N1C(=O)c2c(C1=O)cc(cc2)S(=O)(=O)c1cc2c(C(=O)N(C2=O)c2cc(c(cc2)Oc2c(cc(cc2))Br)Br)cc1,tg,0
N1C(=O)c2c(C1=O)cc(cc2)S(=O)(=O)c1cc2c(C(=O)N(C2=O)c2cc(c(cc2)Oc2c(cccc2)Oc2c(cc(cc2))C(F)(F)F)C(F)(F)F)cc1,tg,2
N1C(=O)c2c(C1=O)cc(cc2)S(=O)(=O)c1cc2c(C(=O)N(C2=O)c2cc(ccc2)c2cc(cc(c2)C(=O)Nc2ccc(cc2)OC(=O)c2cc(c(c(c2)OCCCCCCCCCCCC)OCCCCCCCCCCCC)OCCCCCCCCCCCC)c2cc(ccc2))cc1,tg,1
N1C(=O)c2c(C1=O)cc(cc2)S(=O)(=O)c1cc2c(C(=O)N(C2=O)c2ccc(cc2)C(c2ccc(cc2))c2ccccc2)cc1,tg,0
N1C(=O)c2c(C1=O)cc(cc2)S(=O)(=O)c1cc2c(C(=O)N(C2=O)c2ccc(cc2)N(c2ccc(cc2))c2ccc(cc2)C#N)cc1,tg,2
N1C(=O)c2c(C1=O)cc(cc2)S(=O)(=O)c1cc2c(C(=O)N(C2=O)c2ccc(cc2)N(c2ccc(cc2))c2ccc(cc2)OC)cc1,tg,1
N1C(=O)c2c(C1=O)cc(cc2)S(=O)(=O)c1cc2c(C(=O)N(C2=O)c2ccc(cc2)N(c2ccc(cc2))c2ccccc2)cc1,tg,0
N1C(=O)c2c(C1=O)cc(cc2)S(=O)(=O)c1cc2c(C(=O)N(C2=O)c2ccc(cc2)Oc2c(cc(cc2C(C)(C)C)c2ccc(cc2))C(C)(C)C)cc1,tg,2
N1C(=O)c2c(C1=O)cc(cc2)S(=O)(=O)c1cc2c(C(=O)N(C2=O)c2ccc(cc2)Oc2c3c(ccc2)c(ccc3)Oc2ccc(cc2))cc1,tg,1
N1C(=O)c2c(C1=O)cc(cc2)S(=O)(=O)c1cc2c(C(=O)N(C2=O)c2ccc(cc2)Oc2cc3c(cc2Oc2ccc(cc2))cccc3)cc1,tg,0
N1C(=O)c2c(C1=O)cc(cc2)S(=O)(=O)c1cc2c(C(=O)N(C2=O)c2ccc(cc2)Oc2ccc(cc2))cc1,tg,2
N1C(=O)c2c(C1=O)cc(cc2)Sc1cc2c(C(=O)N(C2=O)c2c(cc(c(c2C))C)C)cc1,tg,1
N1C(=O)c2c(C1=O)cc(cc2)Sc1cc2c(C(=O)N(C2=O)c2c(cc(cc2)Cc2cc(c(cc2))C(C)(C)C)C(C)(C)C)cc1,tg,0
N1C(=O)c2c(C1=O)cc(cc2)Sc1cc2c(C(=O)N(C2=O)c2ccc(cc2)Oc2ccc(cc2))cc1,tg,2
N1C(=O)c2c(C1=O)cc(cc2)Sc1ccc(cc1)Sc1ccc(cc1)Sc1cc2c(C(=O)N(C2=O)c2ccc(cc2)Sc2ccc(cc2)Sc2ccc(cc2)Sc2ccc(cc2))cc1,tg,1
N1C(=O)c2c(C1=O)cc(cc2)Sc1ccc(cc1)Sc1ccc(cc1)Sc1cc2c(C(=O)N(C2=O)c2ccc(cc2)Sc2sc(cc2)Sc2ccc(cc2))cc1,tg,0
N1C(=O)c2c(C1=O)cc(cc2)Sc1ccc(cc1)Sc1ccc(cc1)Sc1cc2c(C(=O)N(C2=O)c2ccc(cc2)Sc2sc(cc2)Sc2sc(cc2)Sc2sc(cc2)Sc2ccc(cc2))cc1,tg,2
N1C(=O)c2c(C1=O)cc(cc2)[Si](O[Si](c1cc2c(C(=O)N(C2=O)c2cc(ccc2)Cc2cc(ccc2))cc1)(C)C)(C)C,tg,1
N1C(=O)c2c(C1=O)cc(cc2)[Si](c1cc2c(C(=O)N(C2=O)c2ccc(cc2)Cc2ccc(cc2))cc1)(C)C,tg,0
N1C(=O)c2c(C1=O)cc(cc2)[Si](c1cc2c(C(=O)N(C2=O)c2ccc(cc2)Oc2ccc(cc2)S(=O)(=O)c2ccc(cc2)Oc2ccc(cc2))cc1)(C)C,tg,2
N1C(=O)c2c(C1=O)cc(cc2)[Si](c1ccc(cc1)[Si](c1cc2c(C(=O)N(C2=O)c2cc(ccc2)Cc2cc(ccc2))cc1)(C)C)(C)C,tg,1
N1C(=O)c2c(C1=O)cc(cc2)[Si](c1ccc(cc1)c1ccc(cc1)[Si](c1cc2c(C(=O)N(C2=O)c2cc(ccc2)Cc2cc(ccc2))cc1)(C)C)(C)C,tg,0
N1C(=O)c2c(C1=O)cc(cc2)c1cc2c(C(=O)N(C2=O)C2C(CC(CC2)CC2CC(C(CC2))C)C)cc1,tg,2
N1C(=O)c2c(C1=O)cc(cc2)c1cc2c(C(=O)N(C2=O)C2CC(CC(C2)(C)C)(C)C)cc1,tg,1
N1C(=O)c2c(C1=O)cc(cc2)c1cc2c(C(=O)N(C2=O)C2CCC(CC2)CC2CCC(CC2))cc1,tg,0
N1C(=O)c2c(C1=O)cc(cc2)c1cc2c(C(=O)N(C2=O)CC2CC(CCC2)C)cc1,tg,2
N1C(=O)c2c(C1=O)cc(cc2)c1cc2c(C(=O)N(C2=O)CCCCCCOC(=O)CCCCCCCCCCN2C(=O)c3c(C2=O)cc(cc3)c2ccc(cc2)c2cc3c(C(=O)N(C3=O)CCCCCCCCCCC(=O)OCCCCCC)cc2)cc1,tg,1
N1C(=O)c2c(C1=O)cc(cc2)c1cc2c(C(=O)N(C2=O)CCCCCCOC(=O)OCCCCCC)cc1,tg,0
N1C(=O)c2c(C1=O)cc(cc2)c1cc2c(C(=O)N(C2=O)CCCCCCOC(=O)c2cc(cc(c2)OCCCCCCOc2ccc(cc2)N=Nc2ccc(cc2)C#N)C(=O)OCCCCCC)cc1,tg,2
N1C(=O)c2c(C1=O)cc(cc2)c1cc2c(C(=O)N(C2=O)CCCCCOC(=O)CCCCCCCCCCN2C(=O)c3c(C2=O)cc(cc3)c2ccc(cc2)c2cc3c(C(=O)N(C3=O)CCCCCCCCCCC(=O)OCCCCC)cc2)cc1,tg,1
N1C(=O)c2c(C1=O)cc(cc2)c1cc2c(C(=O)N(C2=O)CCC[Si](O[Si](CCC)(C)C)(C)C)cc1,tg,0
N1C(=O)c2c(C1=O)cc(cc2)c1cc2c(C(=O)N(C2=O)Cc2oc(cc2)C(c2oc(cc2)C)(C)C)cc1,tg,2
N1C(=O)c2c(C1=O)cc(cc2)c1cc2c(C(=O)N(C2=O)c2c(cc(c(c2C))C)C)cc1,tg,1
N1C(=O)c2c(C1=O)cc(cc2)c1cc2c(C(=O)N(C2=O)c2c(cc(cc2)Cc2cc(c(cc2))C(C)(C)C)C(C)(C)C)cc1,tg,0
N1C(=O)c2c(C1=O)cc(cc2)c1cc2c(C(=O)N(C2=O)c2c(cc(cc2)c2cc(c(cc2))C)C)cc1,tg,2
N1C(=O)c2c(C1=O)cc(cc2)c1cc2c(C(=O)N(C2=O)c2c(cc(cc2C)C(c2cc(c(c(c2)C))C)c2c3c(ccc2)cccc3)C)cc1,tg,1
N1C(=O)c2c(C1=O)cc(cc2)c1cc2c(C(=O)N(C2=O)c2c(cc(cc2C)C(c2cc(c(c(c2)C))C)c2cc(ccc2)C(F)(F)F)C)cc1,tg,0
N1C(=O)c2c(C1=O)cc(cc2)c1cc2c(C(=O)N(C2=O)c2c(cc(cc2C)c2cc(c(c(c2)C))C)C)cc1,tg,2
N1C(=O)c2c(C1=O)cc(cc2)c1cc2c(C(=O)N(C2=O)c2c(ccc(c2))C)cc1,tg,1
N1C(=O)c2c(C1=O)cc(cc2)c1cc2c(C(=O)N(C2=O)c2cc(c(c(c2)Br)Oc2c(cc(cc2Br))Br)Br)cc1,tg,0
N1C(=O)c2c(C1=O)cc(cc2)c1cc2c(C(=O)N(C2=O)c2cc(c(c(c2)C(=O)OCCCC)c2c(cc(cc2Br))C(=O)OCCCC)Br)cc1,tg,2
N1C(=O)c2c(C1=O)cc(cc2)c1cc2c(C(=O)N(C2=O)c2cc(c(c(c2)C(=O)OCCCCCCCC)c2c(cc(cc2Br))C(=O)OCCCCCCCC)Br)cc1,tg,1
N1C(=O)c2c(C1=O)cc(cc2)c1cc2c(C(=O)N(C2=O)c2cc(c(c(c2)C(=O)OCCCCCCCCCC)c2c(cc(cc2Br))C(=O)OCCCCCCCCCC)Br)cc1,tg,0
N1C(=O)c2c(C1=O)cc(cc2)c1cc2c(C(=O)N(C2=O)c2cc(c(c(c2)C(=O)OCCCCCCCCCCCCCCCC)c2c(cc(cc2Br))C(=O)OCCCCCCCCCCCCCCCC)Br)cc1,tg,2
N1C(=O)c2c(C1=O)cc(cc2)c1cc2c(C(=O)N(C2=O)c2cc(c(c(c2)C(=O)OCCCCCCCCCCCCCCCCCC)c2c(cc(cc2Br))C(=O)OCCCCCCCCCCCCCCCCCC)Br)cc1,tg,1
N1C(=O)c2c(C1=O)cc(cc2)c1cc2c(C(=O)N(C2=O)c2cc(c(c(c2)C)c2c(cc(cc2C))C)C)cc1,tg,0
N1C(=O)c2c(C1=O)cc(cc2)c1cc2c(C(=O)N(C2=O)c2cc(c(cc2)Oc2c(cc(cc2))Br)Br)cc1,tg,2
N1C(=O)c2c(C1=O)cc(cc2)c1cc2c(C(=O)N(C2=O)c2cc(c(cc2)Oc2c(cc(cc2C(C)(C)C)c2ccc(cc2))C(C)(C)C)C(F)(F)F)cc1,tg,1
N1C(=O)c2c(C1=O)cc(cc2)c1cc2c(C(=O)N(C2=O)c2cc(cc(c2)C(=O)NCCCCCC))cc1,tg,0
N1C(=O)c2c(C1=O)cc(cc2)c1cc2c(C(=O)N(C2=O)c2cc(cc(c2)C(=O)NCCCCCCCC))cc1,tg,2
N1C(=O)c2c(C1=O)cc(cc2)c1cc2c(C(=O)N(C2=O)c2cc(cc(c2)C(=O)NCCCCCCCCCC))cc1,tg,1
N1C(=O)c2c(C1=O)cc(cc2)c1cc2c(C(=O)N(C2=O)c2cc(cc(c2)C(=O)NCCCCCCCCCCCC))cc1,tg,0
N1C(=O)c2c(C1=O)cc(cc2)c1cc2c(C(=O)N(C2=O)c2cc(cc(c2)C(=O)NCCCCCCCCCCCCCC))cc1,tg,2
N1C(=O)c2c(C1=O)cc(cc2)c1cc2c(C(=O)N(C2=O)c2cc(cc(c2)C(F)(F)F)Oc2c(cc(cc2C)c2cc(c(c(c2)C)Oc2cc(cc(c2)C(F)(F)F))C)C)cc1,tg,1
N1C(=O)c2c(C1=O)cc(cc2)c1cc2c(C(=O)N(C2=O)c2cc(ccc2))cc1,tg,0
N1C(=O)c2c(C1=O)cc(cc2)c1cc2c(C(=O)N(C2=O)c2cc(ccc2)C(=O)Nc2ccc(cc2)Oc2ccc(cc2)C(c2ccc(cc2)Oc2ccc(cc2)NC(=O)c2cc(ccc2))(C)C)cc1,tg,2
N1C(=O)c2c(C1=O)cc(cc2)c1cc2c(C(=O)N(C2=O)c2cc(ccc2)C(=O)Nc2ccc(cc2)Oc2ccc(cc2)NC(=O)c2cc(ccc2))cc1,tg,1
N1C(=O)c2c(C1=O)cc(cc2)c1cc2c(C(=O)N(C2=O)c2cc(ccc2)C(=O)Nc2ccc(cc2)Oc2ccc(cc2)Oc2ccc(cc2)NC(=O)c2cc(ccc2))cc1,tg,0
N1C(=O)c2c(C1=O)cc(cc2)c1cc2c(C(=O)N(C2=O)c2cc(ccc2)C(=O)Nc2ccc(cc2)Oc2ccc(cc2)Oc2ccc(cc2)Oc2ccc(cc2)NC(=O)c2cc(ccc2))cc1,tg,2
N1C(=O)c2c(C1=O)cc(cc2)c1cc2c(C(=O)N(C2=O)c2cc(ccc2)C(c2cc(ccc2))(C(F)(F)F)C(F)(F)F)cc1,tg,1
N1C(=O)c2c(C1=O)cc(cc2)c1cc2c(C(=O)N(C2=O)c2cc(ccc2)OCCCCCCCCCCOc2cc(ccc2))cc1,tg,0
N1C(=O)c2c(C1=O)cc(cc2)c1cc2c(C(=O)N(C2=O)c2cc(ccc2)OCCCCCCCCCOc2cc(ccc2))cc1,tg,2
N1C(=O)c2c(C1=O)cc(cc2)c1cc2c(C(=O)N(C2=O)c2cc(ccc2)OCCCCCCCCOc2cc(ccc2))cc1,tg,1
N1C(=O)c2c(C1=O)cc(cc2)c1cc2c(C(=O)N(C2=O)c2cc(ccc2)OCCCCCCOc2cc(ccc2))cc1,tg,0
N1C(=O)c2c(C1=O)cc(cc2)c1cc2c(C(=O)N(C2=O)c2cc(ccc2)OCCCOc2cc(ccc2))cc1,tg,2
N1C(=O)c2c(C1=O)cc(cc2)c1cc2c(C(=O)N(C2=O)c2cc(ccc2)Oc2c(ccc(c2)Oc2cc(ccc2))P(=O)(c2ccccc2)c2ccccc2)cc1,tg,1
N1C(=O)c2c(C1=O)cc(cc2)c1cc2c(C(=O)N(C2=O)c2cc(ccc2)Oc2cc(ccc2)Oc2cc(ccc2))cc1,tg,0
N1C(=O)c2c(C1=O)cc(cc2)c1cc2c(C(=O)N(C2=O)c2cc(ccc2)Oc2ccc(cc2))cc1,tg,2
N1C(=O)c2c(C1=O)cc(cc2)c1cc2c(C(=O)N(C2=O)c2ccc(cc2))cc1,tg,1
N1C(=O)c2c(C1=O)cc(cc2)c1cc2c(C(=O)N(C2=O)c2ccc(cc2)C(=O)Nc2cc(ccc2)Oc2ccc(cc2)S(=O)(=O)c2ccc(cc2)Oc2cc(ccc2)NC(=O)c2ccc(cc2))cc1,tg,0
N1C(=O)c2c(C1=O)cc(cc2)c1cc2c(C(=O)N(C2=O)c2ccc(cc2)C(=O)Nc2cc(ccc2)S(=O)(=O)c2cc(ccc2)NC(=O)c2ccc(cc2))cc1,tg,2
N1C(=O)c2c(C1=O)cc(cc2)c1cc2c(C(=O)N(C2=O)c2ccc(cc2)C(c2ccc(cc2))(C(F)(F)F)C(F)(F)F)cc1,tg,1
N1C(=O)c2c(C1=O)cc(cc2)c1cc2c(C(=O)N(C2=O)c2ccc(cc2)Cc2ccc(cc2))cc1,tg,0
N1C(=O)c2c(C1=O)cc(cc2)c1cc2c(C(=O)N(C2=O)c2ccc(cc2)N2C(=O)c3c(C2=O)cc(cc3)C(c2cc3c(C(=O)N(C3=O)c3ccc(cc3))cc2)(C(F)(F)F)C(F)(F)F)cc1,tg,2
N1C(=O)c2c(C1=O)cc(cc2)c1cc2c(C(=O)N(C2=O)c2ccc(cc2)OCCCCCCCCCCOc2ccc(cc2))cc1,tg,1
N1C(=O)c2c(C1=O)cc(cc2)c1cc2c(C(=O)N(C2=O)c2ccc(cc2)Oc2c(c(ccc2)Oc2ccc(cc2))C#N)cc1,tg,0
N1C(=O)c2c(C1=O)cc(cc2)c1cc2c(C(=O)N(C2=O)c2ccc(cc2)Oc2c(cc(cc2)C(C)(C)C)Oc2ccc(cc2))cc1,tg,2
N1C(=O)c2c(C1=O)cc(cc2)c1cc2c(C(=O)N(C2=O)c2ccc(cc2)Oc2c(cc(cc2)Oc2ccc(cc2))C(C)(C)C)cc1,tg,1
N1C(=O)c2c(C1=O)cc(cc2)c1cc2c(C(=O)N(C2=O)c2ccc(cc2)Oc2c(cc(cc2)Oc2ccc(cc2))C)cc1,tg,0
N1C(=O)c2c(C1=O)cc(cc2)c1cc2c(C(=O)N(C2=O)c2ccc(cc2)Oc2c(cc(cc2)Oc2ccc(cc2))c2ccccc2)cc1,tg,2
N1C(=O)c2c(C1=O)cc(cc2)c1cc2c(C(=O)N(C2=O)c2ccc(cc2)Oc2c(cc(cc2C(C)(C)C)c2ccc(cc2))C(C)(C)C)cc1,tg,1
N1C(=O)c2c(C1=O)cc(cc2)c1cc2c(C(=O)N(C2=O)c2ccc(cc2)Oc2c(cc(cc2C)C(c2cc(c(c(c2)C)Oc2ccc(cc2))C)c2c3c(ccc2)cccc3)C)cc1,tg,0
N1C(=O)c2c(C1=O)cc(cc2)c1cc2c(C(=O)N(C2=O)c2ccc(cc2)Oc2c3c(ccc2)c(ccc3)Oc2ccc(cc2))cc1,tg,2
N1C(=O)c2c(C1=O)cc(cc2)c1cc2c(C(=O)N(C2=O)c2ccc(cc2)Oc2cc(ccc2)Oc2ccc(cc2))cc1,tg,1
N1C(=O)c2c(C1=O)cc(cc2)c1cc2c(C(=O)N(C2=O)c2ccc(cc2)Oc2ccc(cc2)C(=O)c2ccc(cc2)C(=O)c2ccc(cc2)Oc2ccc(cc2))cc1,tg,0
N1C(=O)c2c(C1=O)cc(cc2)c1cc2c(C(=O)N(C2=O)c2ccc(cc2)Oc2ccc(cc2)C(=O)c2ccc(cc2)Oc2ccc(cc2))cc1,tg,2
N1C(=O)c2c(C1=O)cc(cc2)c1cc2c(C(=O)N(C2=O)c2ccc(cc2)Oc2ccc(cc2)C(c2ccc(cc2)Oc2ccc(cc2))(C)C)cc1,tg,1
N1C(=O)c2c(C1=O)cc(cc2)c1cc2c(C(=O)N(C2=O)c2ccc(cc2)Oc2ccc(cc2)Oc2ccc(cc2))cc1,tg,0
N1C(=O)c2c(C1=O)cc(cc2)c1cc2c(C(=O)N(C2=O)c2ccc(cc2)Oc2ccc(cc2)Oc2ccc(cc2)Oc2ccc(cc2))cc1,tg,2
N1C(=O)c2c(C1=O)cc(cc2)c1cc2c(C(=O)N(C2=O)c2ccc(cc2)S(=O)(=O)c2ccc(cc2))cc1,tg,1
N1C(=O)c2c(C1=O)cc(cc2)c1cc2c(C(=O)N(C2=O)c2ccc(cc2)Sc2ccc(cc2)Sc2ccc(cc2)Sc2ccc(cc2))cc1,tg,0
N1C(=O)c2c(C1=O)cc(cc2)c1cc2c(C(=O)N(C2=O)c2ccc(cc2)c2ccc(cc2)NC(=O)c2cc(ccc2)C(=O)Nc2ccc(cc2)c2ccc(cc2))cc1,tg,2
N1C(=O)c2c(C1=O)cc(cc2)c1ccc(cc1)C(=O)c1cc2c(C(=O)N(C2=O)C(=C()C#N)C#N)cc1,tg,1
N1C(=O)c2c(C1=O)cc(cc2)c1ccc(cc1)c1cc2c(C(=O)N(C2=O)CCCCCC)cc1,tg,0
N1C(=O)c2c(C1=O)cc(cc2)c1ccc(cc1)c1cc2c(C(=O)N(C2=O)CCCCCCC)cc1,tg,2
N1C(=O)c2c(C1=O)cc(cc2)c1ccc(cc1)c1cc2c(C(=O)N(C2=O)CCCCCCCCC)cc1,tg,1
N1C(=O)c2c(C1=O)cc(cc2)c1ccc(cc1)c1cc2c(C(=O)N(C2=O)CCCCCCCCCCC)cc1,tg,0
N1C(=O)c2c(C1=O)cc(cc2)c1ccc(cc1)c1cc2c(C(=O)N(C2=O)CCCCCCOC(=O)OCCCCCC)cc1,tg,2
N1C(=O)c2c(C1=O)cc(cc2)c1ccc(cc1)c1cc2c(C(=O)N(C2=O)CCCCCCOC(=O)c2cc(cc(c2)OCCCCCCOc2ccc(cc2)N=Nc2ccc(cc2)C#N)C(=O)OCCCCCC)cc1,tg,1
N1C(=O)c2c(C1=O)cc(cc2)c1ccc(cc1)c1ccc(cc1)c1ccc(cc1)c1ccc(cc1)c1cc2c(C(=O)N(C2=O)c2ccc(cc2)Cc2ccc(cc2))cc1,tg,0
N1C(=O)c2cc3C(c4c(Oc3cc2C1=O)cc1C(=O)N(C(=O)c1c4)c1ccc(cc1)C(c1ccc(cc1))(C(F)(F)F)C(F)(F)F)(C(F)(F)F)C(F)(F)F,tg,2
N1C(=O)c2ccc(N3C(=O)C4CCC(C5CCC6C(=O)N()C(=O)C6C5)CC4C3=O)cc2C1=O,egc,1
N1C(=S)N(C(=O)CC1=O)c1ccc(cc1)Oc1cc(ccc1)Oc1ccc(cc1),tg,0
N1C(=S)N(C(=O)CC1=O)c1ccc(cc1)Oc1cc2c(cc1)ccc(c2)Oc1ccc(cc1),tg,2
N1C(=S)N(C(=O)CC1=O)c1ccc(cc1)Oc1ccc(cc1)C(c1ccc(cc1)Oc1ccc(cc1))(C)C,tg,1
N1C(=S)N(C(=O)CC1=O)c1ccc(cc1)Oc1ccc(cc1)C1(c2ccccc2c2ccccc12)c1ccc(cc1)Oc1ccc(cc1),tg,0
N1C(=S)N(C(=O)CC1=O)c1ccc(cc1)Oc1ccc(cc1)c1ccc(cc1)Oc1ccc(cc1),tg,2
N1C(CN(C(C1)C)C(=O)CCCCCCCCC(=O))C,tg,1
N1C(CN(C(C1)C)C(=O)Nc1ccc(cc1)c1ccc(cc1)NC(=O))C,tg,0
N1C(CN(C(C1)C)C(=O)OCC(CS(=O)(=O)CC(COC(=O))(C)C)(C)C)C,tg,2
N1CC(CCCC1)NC(=O)CCCCCCCCC(=O),tg,1
N1CC(O)=C(C2C(=O)C3=C(C2=O)C(C)(F)N3)C1=O,egc,0
N1CCC(CC1)OC(=O)c1ccc(cc1)C(=C()c1ccc(cc1)OC)C#N,tg,2
N1CCN(CC1)C(=O)CCC1(c2ccccc2c2ccccc12)CCC(=O),tg,1
N1CCN(CC1)C(=O)CCCCCCCCC(=O),tg,0
N1CCN(CC1)C(=O)OC1CC2CC(CC(C1)O2)OC(=O),tg,2
N1CCN(CC1)C(=O)OCC(COC(=O))(C)C,tg,1
N1CCN(CC1)C(=O)OCCOC(=O),tg,0
N1CCN(CC1)C(=O)c1cc(ccc1)C(=O),tg,2
N1CCN(CC1)C(=O)c1ccc(cc1)C(c1ccc(cc1)C(=O))(CC)C,tg,1
N1CCOC1()CC,tg,0
N=C(N=C(NC(C)=O)NC(C)=O)N=C()OC(C)=O,egc,2
N=C1C=CC()C=C1C,egc,1
N=C1C=CC()C=C1Cl,egc,0
N=C1c2ccccc2C(=Nc2ccc()cc2)c2ccccc21,egc,2
N=Cc1ccc(-c2ccc(C=Nc3ccc4c(c3)c3cc()ccc3n4CCCC)s2)s1,egc,1
N=Cc1ccc(C=Nc2sc()c(C#N)c2C#N)cc1,egc,0
N=NNc1ccc(NN=Nc2ccc()cc2)cc1,egc,2
N=Nc1ccc()cc1,egc,1
N=Nc1ccc(-c2ccc()c(C)c2)cc1C,egc,0
N=Nc1ccc(cc1)C(=O)NCCCCNC(=O)c1ccc(cc1),tg,2
N=Nc1ccc(cc1)NC(=O)CCC(=O)Nc1ccc(cc1),tg,1
N=Nc1ccc(cc1)Nc1ccc(cc1)C(=O)c1ccc(cc1)C(=O)c1ccc(cc1)Nc1ccc(cc1),tg,0
N=Nc1ccc(cc1)Nc1ccc(cc1)C(=O)c1ccc(cc1)Nc1ccc(cc1),tg,2
N=P()(Cl)Cl,egc,1
N=P()(NCC)NCC,tg,0
N=P()(OCC(C(F)(F)F)(F)F)OCC(C(F)(F)F)(F)F,tg,2
N=P()(OCC(F)(F)F)OCC(F)(F)F,tg,1
N=P()(OCC=Cc1ccccc1)OCC=Cc1ccccc1,tg,0
N=P()(OCCC(=O)C=C)OCCC(=O)C=C,egc,2
N=P()(OCCC)OCCC,tg,1
N=P()(OCCCCC)OCCC,tg,0
N=P()(OCCCCC)OCCCCC,tg,2
N=P()(OCCCCCCC)OCCCCCCC,tg,1
N=P()(OCCCCCCCCC)OCCCCCCCCC,tg,0
N=P()(OCCOC)OCCOC,tg,2
N=P()(OCCOCCOCC)OCCOCCOCC,tg,1
N=P()(OCCOCCOCCCC)OCCOCCOCCCC,tg,0
N=P()(OCCc1ccccc1)OCCc1ccccc1,tg,2
N=P()(OCc1ccc(cc1)Br)OCc1ccc(cc1)Br,tg,1
N=P()(OCc1ccc(cc1)c1ccccc1)OCc1ccc(cc1)c1ccccc1,tg,0
N=P()(Oc1c(cc(cc1)Cl)Cl)Oc1c(cc(cc1)Cl)Cl,tg,2
N=P()(Oc1cc(ccc1)C(F)(F)F)Oc1cc(ccc1)C(F)(F)F,tg,1
N=P()(Oc1cc(ccc1)C)Oc1cc(ccc1)C,tg,0
N=P()(Oc1cc2c(cc1)cccc2)Oc1cc2c(cc1)cccc2,tg,2
N=P()(Oc1ccc(cc1)C(C)C)Oc1ccc(cc1)C(C)C,tg,1
N=P()(Oc1ccc(cc1)C)Oc1ccc(cc1)C,tg,0
N=P()(Oc1ccc(cc1)F)Oc1ccc(cc1)F,tg,2
N=c1c(=Nc2ccc()cc2)c2cccc3cccc1c32,egc,1
NC(=C(NC(=O)c1ccc(cc1)C(=O))C#N)C#N,tg,0
NC(=O)C(=CC(=O)NCCCCCCCCCC)C,tg,2
NC(=O)C(=CC(=O)NCc1cc(ccc1)C)C,tg,1
NC(=O)C(=O)NCC(CCC)(C)C,tg,0
NC(=O)C(=O)NCCCC,tg,2
NC(=O)C(=O)NCCCCCC,tg,1
NC(=O)C(=S)C()=O,egb,0
NC(=O)C(=S)C()=O,ei,0
NC(=O)C(=S)C()=O,nc,0
NC(=O)C(=S)C(C=C1)=CC=C1,egc,0
NC(=O)C(=S)O,eea,1
NC(=O)C(=S)O,egb,1
NC(=O)C(=S)O,eps,1
NC(=O)C(=S)O,nc,1
NC(=O)C(=S)c1ccc()cc1,eea,1
NC(=O)C(=S)c1ccc()cc1,egb,1
NC(=O)C(=S)c1ccc()cc1,ei,1
NC(=O)C(=S)c1ccc()cc1,eps,1
NC(=O)C(=S)c1ccc()cc1,nc,1
NC(=O)C(=S)c1ccc()s1,eea,0
NC(=O)C(=S)c1ccc()s1,egb,0
NC(=O)C(=S)c1ccc()s1,ei,0
NC(=O)C(=S)c1ccc()s1,eps,0
NC(=O)C(C(C(=O)NCCC)OC)OC,tg,2
NC(=O)C(C(C(=O)NCCCCC)OC)OC,tg,1
NC(=O)C(C(C(=O)NCCCCCC)OC)OC,tg,0
NC(=O)C(C(C(=O)NCCCCCCC)OC)OC,tg,2
NC(=O)C(C(C(=O)NCCCCCCCCC)OC)OC,tg,1
NC(=O)C(C(C(=O)NCCCCCCCCCCCC)OC)OC,tg,0
NC(=O)C(C=C1)=CC=C1C(C=C2)=CC=C2,egc,2
NC(=O)C(C=C1)=CC=C1C(S2)=CC=C2,egc,1
NC(=O)C(C=C1)=CC=C1O,egc,0
NC(=O)C(CC(C(=O)NCCCCCC)CC)CC,tg,2
NC(=O)C(CC(CC(=O)NCc1ccc(cc1)C)(C)C)C,tg,1
NC(=O)C(S1)=CC=C1C(C=C2)=CC=C2,egc,0
NC(=O)C=CC(=O)Nc1nc()nc(N)n1,egc,2
NC(=O)CC,tg,1
NC(=O)CC(=O)NCCCCC,tg,0
NC(=O)CC(=O)NCCCCCCCC,tg,2
NC(=O)CC(c1ccc(cc1)C(CC(=O)NCCCCCC)(C)C)(C)C,tg,1
NC(=O)CC(c1ccc(cc1)C(CC(=O)NCCCCCC)C)C,tg,0
NC(=O)CC(c1ccc(cc1)CCC(=O)NCCCCCC)C,tg,2
NC(=O)CCC,tg,1
NC(=O)CCC(c1ccc(cc1)C(CCC(=O)NCCCCCC)(C)C)(C)C,tg,0
NC(=O)CCC1(c2ccccc2c2ccccc12)CCC(=O)NCCCC1(c2ccccc2c2ccccc12)CCC,tg,2
NC(=O)CCC1(c2ccccc2c2ccccc12)CCC(=O)NCCCCCC,tg,1
NC(=O)CCCC(=O)NCc1c(c(c(c(c1C)C)C)C)C,tg,0
NC(=O)CCCCC,tg,2
NC(=O)CCCCC(=O)NCC,tg,1
NC(=O)CCCCC(=O)NCC(CC(CC)(C)C)C,tg,0
NC(=O)CCCCC(=O)NCC(CCC)(C)C,tg,2
NC(=O)CCCCC(=O)NCC1CCC(CC1)C,tg,1
NC(=O)CCCCC(=O)NCCCCCC,tg,0
NC(=O)CCCCC(=O)NCCCCCCCCC,tg,2
NC(=O)CCCCC(=O)NCCCCCCCCCC,tg,1
NC(=O)CCCCC(=O)NCCCP(=O)(CCC)C,tg,0
NC(=O)CCCCC(=O)NCCCP(=O)(CCC)c1ccccc1,tg,2
NC(=O)CCCCC(=O)NCCCP(CCC)CC(C)C,tg,1
NC(=O)CCCCC(=O)NCCCP(CCC)c1ccccc1,tg,0
NC(=O)CCCCC(=O)NCc1cc(cc(c1)C(C)(C)C)C,tg,2
NC(=O)CCCCC(=O)NCc1cc(ccc1)C,tg,1
NC(=O)CCCCCC,tg,0
NC(=O)CCCCCC(=O)NCC(CCC)(C)C,tg,2
NC(=O)CCCCCC(=O)NCCCCCC,tg,1
NC(=O)CCCCCCC,tg,0
NC(=O)CCCCCCC(=O)NCCCCCC,tg,2
NC(=O)CCCCCCCC,tg,1
NC(=O)CCCCCCCC1C=CC(C(C1CCCCCCCC(=O)NCCCCCC)CCCCCCCC)CCCCCC,tg,0
NC(=O)CCCCCCCCC,tg,2
NC(=O)CCCCCCCCC(=O)NCC1CCC(CC1)C,tg,1
NC(=O)CCCCCCCCC(=O)NCCCC1(c2ccccc2c2ccccc12)CCC,tg,0
NC(=O)CCCCCCCCC(=O)NCCCCCCCC,tg,2
NC(=O)CCCCCCCCC(=O)NCCCCCCCCCCC,tg,1
NC(=O)CCCCCCCCCC(=O)NCCc1ccc(cc1)CC,tg,0
NC(=O)CCCCCCCCCC(=O)NCc1ccc(cc1)C,tg,2
NC(=O)CCCCCCCCCCC,tg,1
NC(=O)CCCCCCCCCCC(=O)NCC1CCC(CC1)C,tg,0
NC(=O)CCCCCCCCCCC(=O)NCCCCCC,tg,2
NC(=O)CCCCCCCCCCC(=O)NCCCCCCCCCCC,tg,1
NC(=O)CCCCCCCCCCCC,tg,0
NC(=O)CCCCCCCCCCCC(=O)NCCCCCCCCCCCCC,tg,2
NC(=O)CCCCCCCCCCCC(=O)NCc1ccc(cc1)C,tg,1
NC(=O)CCCCCCCCCCCCC(=O)NCCCCCCCCCCCC,tg,0
NC(=O)CCCCCCCCCCCCC(=O)NCCc1ccc(cc1)CC,tg,2
NC(=O)CCCCCCCCCCCCCC,tg,1
NC(=O)CCCCCCCCCCCCCCC(=O)NCCCCCC,tg,0
NC(=O)CCCCCCCCCCCCCCC(=O)NCCCCCCCC,tg,2
NC(=O)CCCCCCCCCCCCCCC(=O)NCCCCCCCCCC,tg,1
NC(=O)CCCCCCCCCCCCCCC(=O)NCCCCCCCCCCCC,tg,0
NC(=O)CCCCCCCCCCCCCCCCC(=O)NCCCCCCCC,tg,2
NC(=O)CCCCCCCCCCCCCCCCC(=O)NCCCCCCCCCCCC,tg,1
NC(=O)CCCCCCCCCCCCCCCCC(=O)NCCCCCCCCCCCCCC,tg,0
NC(=O)CCCCCCCCCCCCCCCCC(=O)NCCCCCCCCCCCCCCCCCC,tg,2
NC(=O)CCCCCCCCCCCCCCCCC(=O)NCCc1ccc(cc1)CC,tg,1
NC(=O)CCCCCCCCCCCCCCCCC(=O)NCc1ccc(cc1)C,tg,0
NC(=O)CCCCCCCCCCCCCCCCCCC(=O)NCCCCC,tg,2
NC(=O)CCCCCCCCCCCCCCCCCCC(=O)NCCCCCCC,tg,1
NC(=O)CCCCCCCCCCCCCCCCCCC(=O)NCCCCCCCCC,tg,0
NC(=O)CCP(=O)(CCC(=O)NCCCCCC)C,tg,2
NC(=O)CCP(=O)(CCC(=O)NCCCCCC)c1ccccc1,tg,1
NC(=O)CCP(=O)(CCC(=O)NCCCCCCCC)C,tg,0
NC(=O)CCP(=O)(CCC(=O)NCCCCCCCCCC)C,tg,2
NC(=O)CCP(=O)(CCC(=O)NCCCCCCCCCCCC)C,tg,1
NC(=O)CCc1ccc(cc1)CCC(=O)NCCCCCCCCCCCC,tg,0
NC(=O)CCc1ccc(cc1)CCC(=O)NCCCCCCCCCCCCCCCCCC,tg,2
NC(=O)CNC(=O)CCCCC(=O)NCCCCCC,tg,1
NC(=O)Cc1ccc(cc1)CC(=O)NCCCCCC,tg,0
NC(=O)Cc1ccc(cc1)CC(=O)NCCCCCCCC,tg,2
NC(=O)Cc1ccc(cc1)CC(=O)NCCCCCCCCCCCCCCCCCC,tg,1
NC(=O)NC()=O,egb,1
NC(=O)NC()=O,ei,1
NC(=O)NC()=S,eea,2
NC(=O)NC()=S,ei,2
NC(=O)NC()=S,eps,2
NC(=O)NC(=O),egc,0
NC(=O)NC(=O)c1ccc(C(=S)c2ccc(-c3ccc()s3)s2)s1,eea,1
NC(=O)NC(=O)c1ccc(C(=S)c2ccc(-c3ccc()s3)s2)s1,ei,1
NC(=O)NC(=O)c1ccc(C(=S)c2ccc(-c3ccc()s3)s2)s1,eps,1
NC(=O)NC(=S),egc,2
NC(=O)NC(S1)=CC=C1,egc,1
NC(=O)NCCCCCCC,tg,0
NC(=O)NCCCCCCCCC,tg,2
NC(=O)NCCCCCCCCCCNC(=O)NCCCCCCCCCCCCCC,tg,1
NC(=O)NCCCCCCNC(=O)Nc1cccc()n1,egc,0
NC(=O)NCc1ccc(cc1)CNC(=O)NCCCCCCCC,tg,2
NC(=O)NCc1ccc(cc1)CNC(=O)NCCCCCCCCCCCCCC,tg,1
NC(=O)NO,eea,0
NC(=O)NO,egb,0
NC(=O)NO,egc,0
NC(=O)NO,ei,0
NC(=O)NO,eps,0
NC(=O)NO,nc,0
NC(=O)Nc1ccc()cc1,egb,0
NC(=O)Nc1ccc()cc1,nc,0
NC(=O)Nc1ccc()s1,egb,2
NC(=O)Nc1ccc()s1,ei,2
NC(=O)Nc1ccc()s1,eps,2
NC(=O)Nc1ccc()s1,nc,2
NC(=O)OC()=O,ei,2
NC(=O)OC()=O,nc,2
NC(=O)OC()=S,eea,1
NC(=O)OC()=S,eps,1
NC(=O)OC(=O),egc,0
NC(=O)OC(C=C1)=CC=C1,egc,2
NC(=O)Oc1ccc()cc1,nc,1
NC(=O)Oc1ccc()s1,egb,1
NC(=O)Oc1ccc()s1,ei,1
NC(=O)Oc1ccc()s1,eps,1
NC(=O)Oc1ccc()s1,nc,1
NC(=O)c1c(c(c(c(c1Cl)Cl)C(=O)NCCCCCC)Cl)Cl,tg,0
NC(=O)c1c(cc(cc1)C(=O)NCC)Sc1ccccc1,tg,2
NC(=O)c1c(cc(cc1)C(=O)NCCCC)Sc1ccccc1,tg,1
NC(=O)c1c(cc(cc1)C(=O)NCCCCCC)Oc1ccc(cc1)Cl,tg,0
NC(=O)c1c(cc(cc1)C(=O)NCCCCCC)Oc1ccc(cc1)c1ccccc1,tg,2
NC(=O)c1c(cc(cc1)C(=O)NCCCCCCCC)Oc1ccccc1,tg,1
NC(=O)c1c(cc(cc1)C(=O)NCCCCCCCCCC)Oc1ccccc1,tg,0
NC(=O)c1c(cc(cc1)C(=O)NCCCCCCCCCC)Sc1ccccc1,tg,2
NC(=O)c1c(cc(cc1)C(=O)NCCCCCCCCCCCC)Oc1ccccc1,tg,1
NC(=O)c1c(cc(cc1)C(=O)NCCCCCCCCCCCC)Sc1ccccc1,tg,0
NC(=O)c1c(cccc1)c1c(cccc1)C(=O)NCCCC1(c2ccccc2c2ccccc12)CCC,tg,2
NC(=O)c1c(cccc1)c1c(cccc1)C(=O)NCCCCCC,tg,1
NC(=O)c1c(cccc1)c1c(cccc1)C(=O)NCc1cc(ccc1)C,tg,0
NC(=O)c1cc(cc(c1)C(C)(C)C)C(=O)NCC(CCC(C)C)C,tg,2
NC(=O)c1cc(cc(c1)C(C)(C)C)C(=O)NCCC(C(CC)C)C,tg,1
NC(=O)c1cc(cc(c1)C(C)(C)C)C(=O)NCCCCCC,tg,0
NC(=O)c1cc(cc(c1)NC(=O)C(C(CC)C)N1C(=O)c2c(C1=O)cccc2)C(=O)NCCCCCC,tg,2
NC(=O)c1cc(cc(c1)NC(=O)c1ccc(cc1)NC(=O)C(CC(C)C)N1C(=O)c2c(C1=O)cccc2)C(=O)NCCCCCC,tg,1
NC(=O)c1cc(ccc1)C(=O)NCC(CCC)(C)C,tg,0
NC(=O)c1cc(ccc1)C(=O)NCCC(C(CC)C)C,tg,2
NC(=O)c1cc(ccc1)C(=O)NCCCC,tg,1
NC(=O)c1cc(ccc1)C(=O)NCCCC1(c2ccccc2c2ccccc12)CCC,tg,0
NC(=O)c1cc(ccc1)C(=O)NCCCCCC,tg,2
NC(=O)c1cc(ccc1)C(=O)NCc1cc(cc(c1)C(C)(C)C)C,tg,1
NC(=O)c1cc(ccc1)C(=O)NCc1cc(ccc1)C,tg,0
NC(=O)c1ccc(-c2ccc()cc2)cc1,eea,0
NC(=O)c1ccc(-c2ccc()cc2)cc1,egb,0
NC(=O)c1ccc(-c2ccc()cc2)cc1,nc,0
NC(=O)c1ccc(-c2ccc()cc2)s1,egb,2
NC(=O)c1ccc(-c2ccc()cc2)s1,ei,2
NC(=O)c1ccc(-c2ccc()cc2)s1,nc,2
NC(=O)c1ccc(-c2ccc()s2)cc1,eea,1
NC(=O)c1ccc(-c2ccc()s2)cc1,ei,1
NC(=O)c1ccc(-c2ccc()s2)cc1,eps,1
NC(=O)c1ccc(C()=O)s1,eea,0
NC(=O)c1ccc(C()=O)s1,ei,0
NC(=O)c1ccc(C()=O)s1,nc,0
NC(=O)c1ccc(C()=S)cc1,ei,2
NC(=O)c1ccc(C()=S)cc1,eps,2
NC(=O)c1ccc(C()=S)cc1,nc,2
NC(=O)c1ccc(C()=S)s1,egb,0
NC(=O)c1ccc(C()=S)s1,nc,0
NC(=O)c1ccc(NC(=S)c2ccc(Nc3ccc()cc3)cc2)s1,eea,1
NC(=O)c1ccc(NC(=S)c2ccc(Nc3ccc()cc3)cc2)s1,ei,1
NC(=O)c1ccc(NC(=S)c2ccc(Nc3ccc()cc3)cc2)s1,nc,1
NC(=O)c1ccc(O)cc1,ei,2
NC(=O)c1ccc(O)cc1,eps,2
NC(=O)c1ccc(O)s1,egb,0
NC(=O)c1ccc(O)s1,ei,0
NC(=O)c1ccc(O)s1,eps,0
NC(=O)c1ccc(O)s1,nc,0
NC(=O)c1ccc(cc1)C(=O)NCC(CC(CC)(C)C)C,tg,2
NC(=O)c1ccc(cc1)C(=O)NCC(CC(CC)C)(C)C,tg,1
NC(=O)c1ccc(cc1)C(=O)NCC(CC(CC)CC)C,tg,0
NC(=O)c1ccc(cc1)C(=O)NCC(CCC)(C)C,tg,2
NC(=O)c1ccc(cc1)C(=O)NCCC(CCC)C(C)C,tg,1
NC(=O)c1ccc(cc1)C(=O)NCCCC(CCC)(C)C,tg,0
NC(=O)c1ccc(cc1)C(=O)NCCCCC,tg,2
NC(=O)c1ccc(cc1)C(=O)NCCCCCCC,tg,1
NC(=O)c1ccc(cc1)C(=O)NCCCCCCCCCCCC,tg,0
NC(=O)c1ccc(cc1)C(=O)NCc1c(cc(c(c1)C)C)C,tg,2
NC(=O)c1ccc(cc1)C(c1ccc(cc1)C(=O)NCCCCCC)(CC)C,tg,1
NC(=O)c1ccc(cc1)CC(=O)NCCCC,tg,0
NC(=O)c1ccc(cc1)CC(=O)NCCCCC,tg,2
NC(=O)c1ccc(cc1)CC(=O)NCCCCCC,tg,1
NC(=S)C(=O)O,eea,2
NC(=S)C(=O)O,egc,2
NC(=S)C(=O)O,eps,2
NC(=S)C(=O)O,nc,2
NC(=S)C(S1)=CC=C1O,egc,0
NC(=S)NC()=S,eea,1
NC(=S)NC()=S,egb,1
NC(=S)NC()=S,ei,1
NC(=S)NC()=S,nc,1
NC(=S)NC(=S),egc,2
NC(=S)NC(C=C1)=CC=C1,egc,1
NC(=S)NCCCCCCC,tg,0
NC(=S)NCCCCCCCCC,tg,2
NC(=S)NO,egc,1
NC(=S)NO,nc,1
NC(=S)Nc1ccc()cc1,egb,0
NC(=S)Nc1ccc()cc1,eps,0
NC(=S)Nc1ccc(Cc2ccc()cc2)cc1,egb,2
NC(=S)Nc1ccc(Cc2ccc()cc2)cc1,ei,2
NC(=S)Nc1ccc(NC(=S)Nc2ccc(Cc3ccc()cc3)cc2)cc1,eps,1
NC(=S)Nc1ccc(NC(=S)Nc2ccc(Cc3ccc()cc3)cc2)cc1,nc,1
NC(=S)Nc1ccc(NC(=S)Nc2ccc(Oc3ccc()cc3)cc2)cc1,eea,0
NC(=S)Nc1ccc(NC(=S)Nc2ccc(Oc3ccc()cc3)cc2)cc1,eps,0
NC(=S)OC()=S,eea,0
NC(=S)OC()=S,ei,0
NC(=S)OC()=S,eps,0
NC(=S)c1ccc(C()=S)s1,egb,2
NC(=S)c1ccc(C()=S)s1,eps,2
NC(=S)c1ccc(O)cc1,eea,0
NC(=S)c1ccc(O)cc1,egb,0
NC(=S)c1ccc(O)cc1,ei,0
NC(=S)c1ccc(O)cc1,eps,0
NC(=S)c1ccc(O)cc1,nc,0
NC(=S)c1ccc(O)s1,egb,2
NC(=S)c1ccc(O)s1,ei,2
NC(=S)c1ccc(O)s1,eps,2
NC(C#N)=C(C#N)NC(=O)c1ccc(C()=O)cc1,egc,1
NC(C()=O)C(C)CC,egc,0
NC(C()=O)C(Cc1ccccc1)c1c[nH]cn1,egc,2
NC(C(=O))CCC(=O)Nc1ccc(cc1)N(c1ccccc1)c1ccccc1,tg,1
NC(C(=O))CCC(=O)OCC,tg,0
NC(C(=O))CCC(=O)OCCCC,tg,2
NC(C(=O))CCC(=O)OCCCCC,tg,1
NC(C(=O))CCC(=O)OCCCCCC,tg,0
NC(C(=O))CCC(=O)OCCCCCCCC,tg,2
NC(C(=O))CCC(=O)OCc1ccc(cc1)C(F)(F)F,tg,1
NC(C(=O))CCC(=O)OCc1ccc(cc1)F,tg,0
NC(C(=O))CCC(=O)OCc1ccc(cc1)[N+](=O)[O-],tg,2
NC(C)(C)C()=O,egc,1
NC(C)(C)C(C)(C)C()=O,egc,0
NC(C)(CC)C()=O,egc,2
NC(C)=CC()=O,egc,1
NC(C)C()=O,egc,0
NC(C)C(=O)NC(C)C(=O)NC(C(=O)NC(C()=O)C(C)C)C(C)C,egb,2
NC(C)C(=O)NC(C)C(=O)NCC()=O,egc,1
NC(C)C(=O)NC(CCC(=O)OCC)C(=O)NCC()=O,egc,0
NC(C)C(=O)NCC(=O)NCC(=O)NCC()=O,egc,2
NC(C)C(=O)NCCCC()=O,egc,1
NC(C)CC()=O,egc,0
NC(C)CCCCC()=O,egc,2
NC(C)CNC(=O)C1CC1C()=O,egc,1
NC(C)CNC(=O)NC(CCCCNC()=O)C(=O)OC,egc,0
NC(C=C)CC()=O,egc,2
NC(C=C1)=CC=C1C(=O)C(=S),egc,1
NC(C=C1)=CC=C1C(=O)C(S2)=CC=C2,egc,0
NC(C=C1)=CC=C1C(=S)C(C=C2)=CC=C2,egc,2
NC(C=C1)=CC=C1C(C=C2)=CC=C2C(=S),egc,1
NC(C=C1)=CC=C1C(C=C2)=CC=C2C(C=C3)=CC=C3,egc,0
NC(C=C1)=CC=C1C(C=C2)=CC=C2C(S3)=CC=C3,egc,2
NC(C=C1)=CC=C1C(C=C2)=CC=C2O,egc,1
NC(C=C1)=CC=C1C(S2)=CC=C2C(=S),egc,0
NC(C=C1)=CC=C1C(S2)=CC=C2C(S3)=CC=C3,egc,2
NC(C=C1)=CC=C1NC(S2)=CC=C2,egc,1
NC(C=C1)=CC=C1OC(=S),egc,0
NC(C=C1)=CC=C1OC(C=C2)=CC=C2,egc,2
NC(C=C1)=CC=C1OC(S2)=CC=C2,egc,1
NC(CC()=O)C(=O)OC,egc,0
NC(CC()=O)C(=O)OCC,egc,2
NC(CC()=O)C(=O)OCCCC,egc,1
NC(CC()=O)C(=O)OCCCCCCCCCCCC,egc,0
NC(CC()=O)C(=O)OCCOC,egc,2
NC(CC()=O)c1ccccc1,egc,1
NC(CC(=O))C,tg,0
NC(CC(=O)OCCC)C()=O,egc,2
NC(CC(=O)OCc1ccccc1)C()=O,egc,1
NC(CC(C)C)C()=O,egc,0
NC(CCC()=O)C(=O)O,egc,2
NC(CCC()=O)C(=O)OC,egc,1
NC(CCC(=O)OC)C()=O,egc,0
NC(CCC(=O)OCCC)C()=O,egc,2
NC(CCC(=O)OCCCC)C()=O,egc,1
NC(CCC(=O)OCCCCCCCC)C()=O,egc,0
NC(CCC(=O)OCCCl)C()=O,egc,2
NC(CCC(=O)OCc1ccc(Cl)cc1)C()=O,egc,1
NC(CCCCNC()=O)C(=O)OC,egc,0
NC(CCCCNC(=O)CCCCC()=O)C(=O)O,egc,2
NC(CCCCNC(=O)NCCCCCNC()=O)C(=O)OC,egc,1
NC(CCCCNC(=O)NCCNC()=O)C(=O)OC,egc,0
NC(CCCNC(=O)c1ccc(Br)cc1)C()=O,egc,2
NC(CCCNC(=O)c1ccc(F)cc1)C()=O,egc,1
NC(CSC(=O)OCc1ccccc1)C()=O,egc,0
NC(CSSCc1ccccc1)C()=O,egc,2
NC(Cc1c[nH]c2ccccc12)C()=O,egc,1
NC(Cc1ccc(O)cc1)C()=O,egc,0
NC(Cc1ccccc1)C()=O,egc,2
NC(F)(F)CC()(F)F,ei,1
NC(F)(F)CC()(F)F,eps,1
NC(F)(F)CC()(F)F,nc,1
NC(F)(F)NC()(F)F,eea,1
NC(F)(F)NC()(F)F,egb,1
NC(S1)=CC=C1C(=O)C(=S),egc,1
NC(S1)=CC=C1C(C=C2)=CC=C2C(S3)=CC=C3,egc,0
NC(S1)=CC=C1C(S2)=CC=C2C(=O),egc,2
NC(S1)=CC=C1C(S2)=CC=C2C(=S),egc,1
NC(S1)=CC=C1NC(=S),egc,0
NC(S1)=CC=C1NC(S2)=CC=C2,egc,2
NC1(F)CC(C(F)F)C()C(F)(F)C1F,egc,1
NC1CC(C)(C)CC(C)(CNC(=O)CCCCC()=O)C1,egc,0
NC1CC(C2(C)OC(O)OC(C)NC2=O)C(F)(N(C()O)C(F)F)O1,egc,2
NC1CC(CC(C1)(CNC(=O)c1cc(cc(c1)NC(=O)C(C(CC)C)N1C(=O)c2c(C1=O)cccc2)C(=O))C)(C)C,tg,1
NC1CCC(CC1)CC(NC(=O)CCCCC(=O))(C)C,tg,0
NC1CCC(CC1)CC1CCC(CC1)NC(=O)CCCCC(=O),tg,2
NC1CCC(CC1)CC1CCC(CC1)NC(=O)CCCCCCCCC(=O),tg,1
NC1CCC(CC1)CC1CCC(CC1)NC(=O)CCCCCCCCCCC(=O),tg,0
NC1CCC(CC1)CC1CCC(CC1)NC(=O)CCCCCCCCCCCCC(=O),tg,2
NC1CCC(CC1)CCC1CCC(CC1)NC(=O)CCCCCCCCCCC(=O),tg,1
NC1CCC(CC2CCC(NC(=O)CCCCCCCCCCC()=O)CC2)CC1,egc,0
NC1CCC(CCC2CCC(NC(=O)CCCCCCCCCCC()=O)CC2)CC1,egc,2
NC1CCCC1C()=O,egb,0
NC1CCCC1C()=O,egc,0
NC1NN(C(C()O)(C(F)(F)F)C(O)(Cl)C2(F)OC(O)C(O)C2O)O1,egc,1
NCC(F)(F)C()(F)F,eea,0
NCC(F)(F)C()(F)F,egb,0
NCC(F)(F)C()(F)F,eps,0
NCC(F)(F)C()(F)F,nc,0
NCCCNC(=O)NC()=O,eea,2
NCCCNC(=O)NC()=O,egb,2
NCCCNC(=O)NC()=O,eps,2
NCCCNC(=O)NC()=O,nc,2
NCNC(=O)OC(=O)NC()=O,eea,0
NCNC(=O)OC(=O)NC()=O,eps,0
NCNC(=O)OC(=O)NC()=O,nc,0
NNC(=O)C()=O,egc,0
NNC(=O)C(=O)NNC(=O)CCCCC()=O,egc,2
NNC(=O)C(=O)NNC(=O)CCCCCCCC()=O,egb,2
NNC(=O)C(=O)NNC(=O)CCCCCCCC()=O,egc,2
NNC(=O)C1CCC(C(=O)NNC(=O)CCCCC()=O)CC1,egc,1
NNC(=O)C=CC(=O)NCCCCCCNC(=O)C=CC(=O),tg,0
NNC(=O)CCC(=O)NNC(=O)CCCCC()=O,egc,2
NNC(=O)CCC(=O)NNC(=O)CCCCCCCCC()=O,egc,1
NNC(=O)CCCCC()=O,egc,0
NNC(=O)CCCCCCCCC()=O,egc,2
NNC(=O)c1c(cc(cc1)C(=O))OCC,tg,1
NNC(=O)c1c(cc(cc1)C(=O))OCCCCC,tg,0
NNC(=O)c1c(cccc1)C(=O)NCCCCCCNC(=O)c1c(cccc1)C(=O),tg,2
NNC(=O)c1c(cccc1)C(=O)Nc1cc(ccc1)C=C1C(=O)C(=Cc2cc(ccc2)NC(=O)c2c(cccc2)C(=O))CCC1,tg,1
NNC(=O)c1c2c(c(cc1)C(=O)NNC(=O)c1ccc(cc1)[Si](c1ccc(cc1)C(=O))(c1ccccc1)c1ccccc1)cccc2,tg,0
NNC(=O)c1cc(cc(c1)NC(=O)c1cc2c(C(=O)N(C2=O)c2ncc(cc2)C)cc1)C(=O)NNC(=O)C(=O),tg,2
NNC(=O)c1cc(cc(c1)NC(=O)c1cc2c(C(=O)N(C2=O)c2ncc(cc2)C)cc1)C(=O)NNC(=O)c1ccc(cc1)C(=O),tg,1
NNC(=O)c1cc(cc(c1)NC(=O)c1cc2c(C(=O)N(C2=O)c2ncccc2C)cc1)C(=O)NNC(=O)C(=O),tg,0
NNC(=O)c1cc(cc(c1)NC(=O)c1cc2c(C(=O)N(C2=O)c2ncccc2C)cc1)C(=O)NNC(=O)CC(=O),tg,2
NNC(=O)c1cc(cc(c1)NC(=O)c1cc2c(C(=O)N(C2=O)c2ncccc2C)cc1)C(=O)NNC(=O)CCCC(=O),tg,1
NNC(=O)c1cc(cc(c1)NC(=O)c1cc2c(C(=O)N(C2=O)c2ncccc2C)cc1)C(=O)NNC(=O)c1ccc(cc1)C(=O),tg,0
NNC(=O)c1ccc(C()=O)cc1,egc,2
NNC(=O)c1ccc(C()=O)cc1OCCCCCCCC,egc,1
NNC(=O)c1ccc(C()=O)cc1OCCCCCCCCCC,egc,0
NNC(=O)c1ccc([Si](c2ccccc2)(c2ccccc2)c2ccc(C()=O)cc2)cc1,egc,2
NNC(=O)c1cccc(C()=O)c1,egc,1
NNC(=O)c1cccc(C(=O)NNC(=O)C()=O)c1,egc,0
NNC(=O)c1cccc(C(=O)NNC(=O)CCCCCCCCC()=O)c1,egc,2
NNC(=S)c1ccc(C()=S)cc1,egc,1
NOC(=O)NCC(=O)NC()=O,egb,1
NOC(=O)NCC(=O)NC()=O,ei,1
NOC(=O)NCC(=O)NC()=O,eps,1
NOC(=O)NCC(=O)NC()=O,nc,1
NOC(=O)O,eea,1
NOC(=O)O,egb,1
NOC(=S)O,eea,0
NOC(=S)O,egc,0
NOC(=S)O,ei,0
NOC(=S)O,nc,0
NOC(F)(F)C()(F)F,egb,2
NOC(F)(F)C()(F)F,ei,2
NOC(F)(F)C()(F)F,eps,2
NOC(F)(F)C()(F)F,nc,2
NOc1ccc(O)cc1,egb,2
NOc1ccc(O)cc1,eps,2
NOc1ccc(O)cc1,nc,2
NS(=O)Nc1cccc()n1,egc,0
Nc1c(Br)cc()cc1Br,egc,2
Nc1c(Br)cc(C()=O)cc1Br,egc,1
Nc1c(C)c(C)c(C(=O)c2ccc(NC(=O)c3ccc(C()=O)cc3)cc2)c(C)c1C,egc,0
Nc1c(Cl)cc()cc1Cl,egc,2
Nc1c(Cl)cc(C()=O)cc1Cl,egc,1
Nc1c(F)c(F)c(-c2ccc3cc(-c4ccc5c(c4)C(=O)N(c4cccc()c4)C5=O)ccc3c2)c(F)c1F,egc,0
Nc1c(I)cc(C()=O)cc1I,egc,2
Nc1c(OC)cc()cc1OC,egc,1
Nc1c(c(c(c(c1C)C)C(=O)c1ccc(cc1)NC(=O)c1ccc(cc1)C(=O))C)C,tg,0
Nc1c(cc(c(c1)[N+](=O)[O-])NC(=O)CCCCCCC(=O))C=Cc1ccc(cc1)N(C)C,tg,2
Nc1c(cc(c(c1)[N+](=O)[O-])NC(=O)CCCCCCCCC(=O))C=Cc1ccc(cc1)N(C)C,tg,1
Nc1c(cc(c(c1)[N+](=O)[O-])NC(=O)CCCCCCCCCCCCC(=O))C=Cc1ccc(cc1)N(C)C,tg,0
Nc1c(cc(cc1))OC,tg,2
Nc1c(cc(cc1))OCCCCCCCCCCOc1ccc(cc1)C1CCC(CC1)CCCCC,tg,1
Nc1c(cc(cc1)Br)c1ccc(cc1)NC(=O)c1cc(ccc1)C(=O),tg,0
Nc1c(cc(cc1)Br)c1ccc(cc1)NC(=O)c1ccc(cc1)C(=O),tg,2
Nc1c(cc(cc1)NC(=O)c1ccc(cc1)NC(=O)CCCCCCCCC(=O)Nc1ccc(cc1)C(=O))C(=O)OCCCCCCCCCCCC,tg,1
Nc1c(cc(cc1)NC(=O)c1ccc(cc1)NC(=O)CCCCCCCCC(=O)Nc1ccc(cc1)C(=O))C(=O)OCCCCCCCCCCCCCC,tg,0
Nc1c(cc(cc1)NC(=O)c1ccc(cc1)NC(=O)CCCCCCCCC(=O)Nc1ccc(cc1)C(=O))C(=O)OCCCCCCCCCCCCCCCC,tg,2
Nc1c(cc(cc1)NC(=O)c1ccc(cc1)NC(=O)CCCCCCCCC(=O)Nc1ccc(cc1)C(=O))C(=O)OCCCCCCCCCCCCCCCCCC,tg,1
Nc1c(cc(cc1)NC(=O)c1ccc(cc1)NC(=O)CCCCCCCCCCC(=O)Nc1ccc(cc1)C(=O))C(=O)OCCCCCCCCCCCC,tg,0
Nc1c(cc(cc1)NC(=O)c1ccc(cc1)NC(=O)CCCCCCCCCCC(=O)Nc1ccc(cc1)C(=O))C(=O)OCCCCCCCCCCCCCC,tg,2
Nc1c(cc(cc1)NC(=O)c1ccc(cc1)NC(=O)CCCCCCCCCCC(=O)Nc1ccc(cc1)C(=O))C(=O)OCCCCCCCCCCCCCCCC,tg,1
Nc1c(cc(cc1)NC(=O)c1ccc(cc1)NC(=O)CCCCCCCCCCCCC(=O)Nc1ccc(cc1)C(=O))C(=O)OCCCCCCCCCCCCCC,tg,0
Nc1c(cc(cc1)NC(=O)c1ccc(cc1)NC(=O)CCCCCCCCCCCCC(=O)Nc1ccc(cc1)C(=O))C(=O)OCCCCCCCCCCCCCCCC,tg,2
Nc1c(cc(cc1)c1cc(c(cc1)NC(=O)c1cc(ccc1)C(=O))O)O,tg,1
Nc1c(cc(cc1)c1cc(c(cc1)NC(=O)c1cc(ccc1)C(=O))OC)OC,tg,0
Nc1c(ccc(c1)NC(=O)C(=O))C,tg,2
Nc1c(ccc(c1)NC(=O)Nc1ccc(cc1)CCc1c(cccc1)NC(=O))C,tg,1
Nc1c(ccc(c1)NC(=O)c1cc(cc(c1)NC(=O)C(C(CC)C)N1C(=O)c2c(C1=O)cccc2)C(=O))C,tg,0
Nc1c(cccc1)CCc1ccc(cc1)NC(=O),tg,2
Nc1c(cccc1)CCc1ccc(cc1)NC(=O)NCCCCCCNC(=O),tg,1
Nc1c(cccc1)c1ccc(cc1)NC(=O)c1ccc(cc1)C(=O),tg,0
Nc1c2c(ccc1)c(ccc2)NC(=O)Nc1cc(cc(c1)C(=O)Nc1c2C(=O)c3c(C(=O)c2ccc1)cccc3)NC(=O),tg,2
Nc1c2c(ccc1)c(ccc2)NC(=O)Nc1cc(cc(c1)C(=O)Nc1ccc2C(=O)c3c(C(=O)c2c1)cccc3)NC(=O),tg,1
Nc1c2c(ccc1)c(ccc2)NC(=O)c1cc(cc(c1)NC(=O)C(CCSC)N1C(=O)c2c(C1=O)cccc2)C(=O),tg,0
Nc1c2c(ccc1)c(ccc2)NC(=O)c1ccc(cc1)C(=O),tg,2
Nc1c2c(ccc1)c(ccc2)N[Se],tg,1
Nc1cc()ccc1CCCCCC,egc,0
Nc1cc()ccc1CCCCCCCCCCCC,egc,2
Nc1cc()ccc1N,egc,1
Nc1cc(Br)c()cc1Br,egc,0
Nc1cc(C(c2ccc(O)c(NC(=O)c3ccc(C()=O)cc3)c2)(C(F)(F)F)C(F)(F)F)ccc1O,egc,2
Nc1cc(C(c2ccc(O)c(NC(=O)c3ccc4cc(C()=O)ccc4c3)c2)(C(F)(F)F)C(F)(F)F)ccc1O,egc,1
Nc1cc(C)c()cc1C,egc,0
Nc1cc(F)c()cc1F,egc,2
Nc1cc(NC(=O)c2ccc(-c3ccc(C()=O)cc3)cc2)cc(C(=O)OCCOc2ccc(C=CC(=O)c3ccccc3)cc2)c1,egc,1
Nc1cc(NC(=O)c2ccc(C()=O)cc2)cc(C(=O)OCCOc2ccc(C=CC(=O)c3ccccc3)cc2)c1,egc,0
Nc1cc(NC(=O)c2ccc3cc(C()=O)ccc3c2)cc(C(=O)OCCOc2ccc(C=CC(=O)c3ccccc3)cc2)c1,egc,2
Nc1cc(NC(=O)c2cccc(C()=O)c2)c(N)cc1N,egc,1
Nc1cc(OC)c()cc1OC,egc,0
Nc1cc(OCC)c()cc1OCC,egc,2
Nc1cc(cc(c1)C(=O)Nc1c2C(=O)c3c(C(=O)c2ccc1)cccc3)NC(=O)NC1CCC(CC1)CC1CCC(CC1)NC(=O),tg,1
Nc1cc(cc(c1)C(=O)Nc1c2C(=O)c3c(C(=O)c2ccc1)cccc3)NC(=O)Nc1ccc(cc1)Cc1ccc(cc1)NC(=O),tg,0
Nc1cc(cc(c1)C(=O)Nc1c2C(=O)c3c(C(=O)c2ccc1)cccc3)NC(=O)Nc1ccc(cc1)NC(=O),tg,2
Nc1cc(cc(c1)C(=O)Nc1ccc2C(=O)c3c(C(=O)c2c1)cccc3)NC(=O)NC1CCC(CC1)CC1CCC(CC1)NC(=O),tg,1
Nc1cc(cc(c1)C(=O)Nc1ccc2C(=O)c3c(C(=O)c2c1)cccc3)NC(=O)Nc1ccc(cc1)Cc1ccc(cc1)NC(=O),tg,0
Nc1cc(cc(c1)C(=O)Nc1ccc2C(=O)c3c(C(=O)c2c1)cccc3)NC(=O)Nc1ccc(cc1)NC(=O),tg,2
Nc1cc(cc(c1)C(=O)OC(c1ccccc1)c1ccccc1)NC(=O)c1ccc(cc1)C(=O),tg,1
Nc1cc(cc(c1)C(=O)OC)NC(=O)c1cc(cc(c1)OCCN(c1ccc(cc1)[N+](=O)[O-])C)C(=O),tg,0
Nc1cc(cc(c1)C(=O)OC1C(CCC(C1)C)C(C)C)NC(=O)c1cc(cc(c1)OCCN(c1ccc(cc1)[N+](=O)[O-])C)C(=O),tg,2
Nc1cc(cc(c1)C(=O)OCCCN(c1ccc(cc1)N=Nc1ccc(cc1)S(=O)(=O)C)C)NC(=O)c1cc(cc(c1)OCCCN(c1ccc(cc1)N=Nc1ccc(cc1)S(=O)(=O)C)C)C(=O),tg,1
Nc1cc(cc(c1)C(=O)OCCCN(c1ccc(cc1)N=Nc1ccc(cc1)S(=O)(=O)C)C)NC(=O)c1cc(cc(c1)OCCCS(=O)(=O)c1ccc(cc1)N=Nc1ccc(cc1)N(C)C)C(=O),tg,0
Nc1cc(cc(c1)C(=O)OCCN(c1ccc(cc1)C#N)C)NC(=O)c1cc(cc(c1)OCCN(c1ccc(cc1)C#N)C)C(=O),tg,2
Nc1cc(cc(c1)C(=O)OCCN(c1ccc(cc1)C#N)C)NC(=O)c1cc(cc(c1)OCCN(c1ccc(cc1)S(=O)(=O)C(C(C(C(C(C(C(C(F)(F)F)(F)F)(F)F)(F)F)(F)F)(F)F)(F)F)(F)F)C)C(=O),tg,1
Nc1cc(cc(c1)C(=O)OCCOC(=O)C=Cc1ccc(cc1)N(C)C)NC(=O)c1ccc(cc1)C(=O),tg,0
Nc1cc(cc(c1)C(=O)OCCOc1ccc(cc1)C=CC(=O)c1ccccc1)NC(=O)c1cc(ccc1)C(=O),tg,2
Nc1cc(cc(c1)C(=O)OCCOc1ccc(cc1)C=CC(=O)c1ccccc1)NC(=O)c1ccc(cc1)c1ccc(cc1)C(=O),tg,1
Nc1cc(cc(c1)C(=O)Oc1ccc(cc1)Oc1cc(c(cc1)C#N)C#N)NC(=O)c1cc(ccc1)C(=O),tg,0
Nc1cc(cc(c1)C(=O)Oc1ccc(cc1)c1ccccc1)NC(=O)c1ccc(cc1)C(=O),tg,2
Nc1cc(cc(c1)C(=O)Oc1ccccc1)NC(=O)c1ccc(cc1)C(=O),tg,1
Nc1cc(cc(c1)c1c(=O)oc2c(cccc2)n1)NC(=O)c1ccc(cc1)C(=O),tg,0
Nc1cc(cc(c1)c1nc2c([nH]1)cccc2)NC(=O)c1ccc(cc1)C(=O),tg,2
Nc1cc(cc(c1)c1oc(nn1)c1ncccc1)NC(=O)CCCCC(=O),tg,1
Nc1cc(cc(c1)c1oc(nn1)c1ncccc1)NC(=O)c1c(cccc1)C(=O),tg,0
Nc1cc(cc(c1)c1oc(nn1)c1ncccc1)NC(=O)c1ccc(cc1)C(=O),tg,2
Nc1cc(ccc1)C(=O)c1ccc(cc1)NC(=O)c1cc(ccc1)C(=O)c1ccc(cc1)C(=O),tg,1
Nc1cc(ccc1)C=Cc1ccc(cc1)NC(=O)c1cc(ccc1)C(=O),tg,0
Nc1cc(ccc1)CCc1ccc(cc1)NC(=O)c1ccc(cc1)C(=O),tg,2
Nc1cc(ccc1)NC(=O)CCCCC(=O),tg,1
Nc1cc(ccc1)NC(=O)CCCCC(=O)Nc1cc(ccc1)NC(=S)NC(=O)c1ccc(cc1)C(=O)NC(=S),tg,0
Nc1cc(ccc1)NC(=O)CCCCC(=O)Nc1ccc(cc1)C(=O)NC(=S),tg,2
Nc1cc(ccc1)NC(=O)CCCCCCCCC(=O)Nc1ccc(cc1)C(=O)NC(=S),tg,1
Nc1cc(ccc1)NC(=O)Cc1c(cc(c(c1)C)CC(=O))C,tg,0
Nc1cc(ccc1)NC(=O)Nc1ccc(cc1)Cc1ccc(cc1)NC(=O),tg,2
Nc1cc(ccc1)NC(=O)c1cc(cc(c1)NC(=O)c1ccccc1)C(=O),tg,1
Nc1cc(ccc1)NC(=O)c1cc(cc(c1)NC(=O)c1ccncc1)C(=O),tg,0
Nc1cc(ccc1)NC(=O)c1cc(cc(c1)S(=O)(=O)c1ccccc1)C(=O),tg,2
Nc1cc(ccc1)NC(=O)c1cc(ccc1)C(=O)Nc1cc(ccc1)NC(=S)NC(=O)CCCCC(=O)NC(=S),tg,1
Nc1cc(ccc1)NC(=O)c1cc(ccc1)C(=O)Nc1cc(ccc1)NC(=S)NC(=O)c1cc(ccc1)C(=O)NC(=S),tg,0
Nc1cc(ccc1)NC(=O)c1cc(ccc1)C(=O)Nc1ccc(cc1)C(=O)NC(=S),tg,2
Nc1cc(ccc1)NC(=O)c1ccc(cc1)C(=O)Nc1cc(ccc1)NC(=S)NC(=O)c1ccc(cc1)C(=O)NC(=S),tg,1
Nc1ccc()cc1,eea,1
Nc1ccc()cc1,egc,1
Nc1ccc()cc1,ei,1
Nc1ccc()cc1,nc,1
Nc1ccc()cc1C,egc,0
Nc1ccc()cc1C(C)CC,egc,2
Nc1ccc()cc1CCCCCCCCCCCCCCC,egc,1
Nc1ccc()cc1CO,egc,0
Nc1ccc()cc1F,egc,2
Nc1ccc()cc1O,egc,1
Nc1ccc()cc1OCCCCCCCCCCCC,egc,0
Nc1ccc()nc1,egc,2
Nc1ccc(-c2ccc()cc2)c(C)c1,egc,1
Nc1ccc(-c2ccc(-c3ccc()cc3)cc2)cc1,eea,0
Nc1ccc(-c2ccc(-c3ccc()cc3)cc2)cc1,egb,0
Nc1ccc(-c2ccc(-c3ccc()cc3)cc2)cc1,ei,0
Nc1ccc(-c2ccc(-c3ccc()cc3)cc2)cc1,eps,0
Nc1ccc(-c2ccc(-c3ccc()cc3)s2)cc1,egb,0
Nc1ccc(-c2ccc(-c3ccc()cc3)s2)cc1,eps,0
Nc1ccc(-c2ccc(-c3ccc()s3)cc2)cc1,eea,2
Nc1ccc(-c2ccc(-c3ccc()s3)cc2)cc1,eps,2
Nc1ccc(-c2ccc(-c3ccc()s3)cc2)s1,eea,1
Nc1ccc(-c2ccc(-c3ccc()s3)cc2)s1,egb,1
Nc1ccc(-c2ccc(-c3ccc()s3)cc2)s1,nc,1
Nc1ccc(-c2ccc(-c3ccc()s3)s2)cc1,egb,1
Nc1ccc(-c2ccc(-c3ccc()s3)s2)cc1,ei,1
Nc1ccc(-c2ccc(-c3ccc()s3)s2)s1,egb,2
Nc1ccc(-c2ccc(-c3ccc()s3)s2)s1,ei,2
Nc1ccc(-c2ccc(-c3ccc()s3)s2)s1,eps,2
Nc1ccc(-c2ccc(-c3ccc()s3)s2)s1,nc,2
Nc1ccc(-c2ccc(C()=O)s2)s1,ei,0
Nc1ccc(-c2ccc(C()=O)s2)s1,nc,0
Nc1ccc(-c2ccc(C()=S)cc2)cc1,eea,1
Nc1ccc(-c2ccc(C()=S)cc2)cc1,ei,1
Nc1ccc(-c2ccc(C()=S)cc2)cc1,eps,1
Nc1ccc(-c2ccc(C()=S)cc2)cc1,nc,1
Nc1ccc(-c2ccc(C()=S)cc2)s1,eea,0
Nc1ccc(-c2ccc(C()=S)cc2)s1,egb,0
Nc1ccc(-c2ccc(C()=S)cc2)s1,eps,0
Nc1ccc(-c2ccc(C()=S)s2)cc1,eea,0
Nc1ccc(-c2ccc(C()=S)s2)cc1,egb,0
Nc1ccc(-c2ccc(C()=S)s2)cc1,eps,0
Nc1ccc(-c2ccc(C()=S)s2)cc1,nc,0
Nc1ccc(-c2ccc(C()=S)s2)s1,eea,2
Nc1ccc(-c2ccc(C()=S)s2)s1,nc,2
Nc1ccc(-c2ccc(C(=S)c3ccc(-c4ccc(Nc5ccc()cc5)s4)s3)s2)s1,eps,1
Nc1ccc(-c2ccc(C(=S)c3ccc(-c4ccc(Nc5ccc()cc5)s4)s3)s2)s1,nc,1
Nc1ccc(-c2ccc(NC(=C(C#N)C#N)c3ccc(-c4ccc(C()=C(C#N)C#N)cc4)cc3)cc2)cc1,egc,0
Nc1ccc(-c2ccc(NC(=O)CCCCCCCCC()=O)c(O)c2)cc1O,egc,2
Nc1ccc(-c2ccc(NC(=O)c3cc(C()=O)cc(S(=O)(=O)c4ccccc4)c3)cc2)cc1,egb,1
Nc1ccc(-c2ccc(NC(=O)c3cc(C(=O)O)c(C()=O)cc3C(=O)O)cc2)cc1,egc,0
Nc1ccc(-c2ccc(NC(=O)c3cc(NC(=O)c4ccncc4)cc(C()=O)c3)cc2)cc1,egc,2
Nc1ccc(-c2ccc(NC(=O)c3ccc(C()=O)cc3)cc2)cc1,egc,1
Nc1ccc(-c2ccc(NC(=O)c3cccc(C()=O)c3)cc2)cc1,egc,0
Nc1ccc(-c2ccc(NC3=CC(=O)C()=CC3=O)cc2)cc1,egc,2
Nc1ccc(-c2ccc(Nc3ccc4c(c3)c3cc()ccc3n4CC(CC)CCCC)cc2)cc1,egc,1
Nc1ccc(-c2ccc(O)cc2)cc1,eps,0
Nc1ccc(Br)cc1-c1ccc(NC(=O)c2ccc(C()=O)cc2)cc1,egb,0
Nc1ccc(Br)cc1-c1ccc(NC(=O)c2ccc(C()=O)cc2)cc1,egc,0
Nc1ccc(C#Cc2ccc(C()=O)cc2)cc1,egc,2
Nc1ccc(C()=O)cc1,egc,1
Nc1ccc(C(=O)C()=S)cc1,eea,2
Nc1ccc(C(=O)C()=S)cc1,ei,2
Nc1ccc(C(=O)C()=S)cc1,eps,2
Nc1ccc(C(=O)C()=S)cc1,nc,2
Nc1ccc(C(=O)O)cc1,egb,2
Nc1ccc(C(=O)O)cc1,nc,2
Nc1ccc(C(=O)O)s1,eea,1
Nc1ccc(C(=O)O)s1,ei,1
Nc1ccc(C(=O)c2ccc()s2)cc1,eea,2
Nc1ccc(C(=O)c2ccc()s2)cc1,eps,2
Nc1ccc(C(=O)c2ccc()s2)cc1,nc,2
Nc1ccc(C(=O)c2ccc()s2)s1,eea,2
Nc1ccc(C(=O)c2ccc()s2)s1,egb,2
Nc1ccc(C(=O)c2ccc()s2)s1,ei,2
Nc1ccc(C(=O)c2ccc()s2)s1,eps,2
Nc1ccc(C(=O)c2ccc()s2)s1,nc,2
Nc1ccc(C(=O)c2ccc(NC(=O)c3ccc(C()=O)cc3)cc2)cc1,egc,0
Nc1ccc(C(=S)c2ccc()cc2)cc1,egb,1
Nc1ccc(C(=S)c2ccc()cc2)cc1,ei,1
Nc1ccc(C(=S)c2ccc()cc2)cc1,eps,1
Nc1ccc(C(=S)c2ccc()cc2)cc1,nc,1
Nc1ccc(C(=S)c2ccc()cc2)s1,eea,1
Nc1ccc(C(=S)c2ccc()cc2)s1,egb,1
Nc1ccc(C(=S)c2ccc()cc2)s1,eps,1
Nc1ccc(C(=S)c2ccc()s2)s1,ei,0
Nc1ccc(C(=S)c2ccc()s2)s1,eps,0
Nc1ccc(C(C)(C)c2ccc(NC(=O)c3cc(C()=O)cc(N4C(=O)C5C6CCC(C6)C5C4=O)c3)cc2)cc1,egc,2
Nc1ccc(C=Cc2ccc(NC(=C(C#N)C#N)c3ccc(C()=C(C#N)C#N)cc3)cc2)cc1,egc,1
Nc1ccc(CC(C)(C)NC(=O)CCCCCCCCC()=O)cc1,egc,0
Nc1ccc(Cc2ccc(NC(=O)c3cc(C()=O)cc(N4C(=O)C5C6CCC(C6)C5C4=O)c3)cc2)cc1,egc,2
Nc1ccc(Cc2ccc(NC(=O)c3cc(C()=O)cc(N4C(=O)C=CC4=O)c3)cc2)cc1,egc,1
Nc1ccc(Cc2ccc(NC(=O)c3cc(NC(=O)c4ccncc4)cc(C()=O)c3)cc2)cc1,egc,0
Nc1ccc(Cc2ccc(NC(=O)c3ccc(P(=O)(c4ccccc4)c4ccc(C()=O)cc4)cc3)cc2)cc1,egc,2
Nc1ccc(NC()=S)s1,eea,0
Nc1ccc(NC()=S)s1,egb,0
Nc1ccc(NC()=S)s1,eps,0
Nc1ccc(NC()=S)s1,nc,0
Nc1ccc(NC(=O)C=CC()=O)cc1,egc,1
Nc1ccc(NC(=O)C=Cc2ccc(C=CC()=O)cc2)cc1,egc,0
Nc1ccc(NC(=O)CCC()=O)cc1,egc,2
Nc1ccc(NC(=O)CCCC()=O)cc1,egc,1
Nc1ccc(NC(=O)CCCCC()=O)cc1,egc,0
Nc1ccc(NC(=O)CCCCCCCC()=O)cc1,egc,2
Nc1ccc(NC(=O)CCCCCCCCC()=O)cc1,egc,1
Nc1ccc(NC(=O)NC(=O)NC()=O)s1,eea,2
Nc1ccc(NC(=O)NC(=O)NC()=O)s1,egb,2
Nc1ccc(NC(=O)NC(=O)NC()=O)s1,eps,2
Nc1ccc(NC(=O)NC(=O)NC()=O)s1,nc,2
Nc1ccc(NC(=O)NONC()=O)s1,eea,2
Nc1ccc(NC(=O)NONC()=O)s1,ei,2
Nc1ccc(NC(=O)c2cc(NC(=O)c3ccc(NC(=O)C(C)N4C(=O)c5ccccc5C4=O)cc3)cc(C()=O)c2)cc1C,egc,0
Nc1ccc(NC(=O)c2cc(NC(=O)c3ccccc3)cc(C()=O)c2)cc1,egc,2
Nc1ccc(NC(=O)c2ccc(C(=O)c3ccc(C()=O)c(C(=O)O)c3)cc2C(=O)O)cc1,egc,1
Nc1ccc(NC(=O)c2ccc(NC(=O)c3cc(NC(=O)C45CC6CC(CC(C6)C4)C5)cc(C()=O)c3)cc2)cc1,egc,0
Nc1ccc(NC(=O)c2cccc(C()=O)c2)cc1,egc,2
Nc1ccc(NC(=S)NC(=O)c2ccc(C(=O)NC()=S)cc2)cc1,egc,1
Nc1ccc(NC(=S)NC(=O)c2cccc(C(=O)NC()=S)c2)cc1,egc,0
Nc1ccc(NO)cc1,eps,1
Nc1ccc(NO)cc1,nc,1
Nc1ccc(Nc2ccc()cc2)cc1C(=O)O,egc,2
Nc1ccc(Nc2ccc()s2)cc1,eea,0
Nc1ccc(Nc2ccc()s2)cc1,egb,0
Nc1ccc(Nc2ccc()s2)cc1,eps,0
Nc1ccc(Nc2ccc()s2)s1,eea,0
Nc1ccc(Nc2ccc()s2)s1,ei,0
Nc1ccc(OC()=S)cc1,egb,1
Nc1ccc(OC()=S)cc1,ei,1
Nc1ccc(OC()=S)cc1,eps,1
Nc1ccc(OC()=S)cc1,nc,1
Nc1ccc(OC()=S)s1,ei,2
Nc1ccc(OC()=S)s1,eps,2
Nc1ccc(Oc2ccc()cc2)cc1,eea,1
Nc1ccc(Oc2ccc()cc2)cc1,egb,1
Nc1ccc(Oc2ccc()cc2)cc1,ei,1
Nc1ccc(Oc2ccc()cc2)cc1,eps,1
Nc1ccc(Oc2ccc()cc2)cc1,nc,1
Nc1ccc(Oc2ccc()s2)cc1,ei,1
Nc1ccc(Oc2ccc()s2)cc1,nc,1
Nc1ccc(Oc2ccc()s2)s1,egb,2
Nc1ccc(Oc2ccc()s2)s1,eps,2
Nc1ccc(Oc2ccc()s2)s1,nc,2
Nc1ccc(cc1)C(=O)c1ccc(cc1)NC(=O)c1cc(ccc1)C(=O),tg,1
Nc1ccc(cc1)C(=O)c1ccc(cc1)NC(=O)c1ccc(cc1)C(=O),tg,0
Nc1ccc(cc1)C(c1ccc(cc1)NC(=O)c1cc(cc(c1)C(C)(C)C)C(=O))(C(F)(F)F)C(F)(F)F,tg,2
Nc1ccc(cc1)C(c1ccc(cc1)NC(=O)c1cc(cc(c1)C(C)(C)C)C(=O))(P1(=O)c2ccccc2c2ccccc2O1)P1(=O)c2ccccc2c2ccccc2O1,tg,1
Nc1ccc(cc1)C(c1ccc(cc1)NC(=O)c1cc(cc(c1)N1C(=O)C2C(C1=O)C1CCC2C1)C(=O))(C)C,tg,0
Nc1ccc(cc1)C(c1ccc(cc1)NC(=O)c1cc(cc(c1)NC(=O)C12CC3CC(CC(C1)C3)C2)C(=O))(C(F)(F)F)C(F)(F)F,tg,2
Nc1ccc(cc1)C(c1ccc(cc1)NC(=O)c1cc(cc(c1)NC(=O)CCCCCN1C(=O)c2c(C1=O)cccc2)C(=O))(C(F)(F)F)C(F)(F)F,tg,1
Nc1ccc(cc1)C(c1ccc(cc1)NC(=O)c1cc(cc(c1)NC(=O)CCCN1C(=O)c2c(C1=O)cccc2)C(=O))(C(F)(F)F)C(F)(F)F,tg,0
Nc1ccc(cc1)C(c1ccc(cc1)NC(=O)c1cc(cc(c1)S(=O)(=O)c1ccccc1)C(=O))(C)C,tg,2
Nc1ccc(cc1)C(c1ccc(cc1)NC(=O)c1cc(ccc1)C(=O))(C)C,tg,1
Nc1ccc(cc1)C(c1ccc(cc1)NC(=O)c1cc(ccc1)C(=O))(P1(=O)c2ccccc2c2ccccc2O1)P1(=O)c2ccccc2c2ccccc2O1,tg,0
Nc1ccc(cc1)C(c1ccc(cc1)NC(=O)c1cc2c(cc1)cc(cc2)C(=O))(P1(=O)c2ccccc2c2ccccc2O1)P1(=O)c2ccccc2c2ccccc2O1,tg,2
Nc1ccc(cc1)C(c1ccc(cc1)NC(=O)c1ccc(cc1)C(=O))(P1(=O)c2ccccc2c2ccccc2O1)P1(=O)c2ccccc2c2ccccc2O1,tg,1
Nc1ccc(cc1)C(c1ccc(cc1)NC(=O)c1ccc(cc1)C(c1ccc(cc1)C(=O))(C(F)(F)F)C(F)(F)F)(P1(=O)c2ccccc2c2ccccc2O1)P1(=O)c2ccccc2c2ccccc2O1,tg,0
Nc1ccc(cc1)C(c1ccc(cc1)NC(=O)c1ccc(cc1)c1ccc(cc1)C(=O))(P1(=O)c2ccccc2c2ccccc2O1)P1(=O)c2ccccc2c2ccccc2O1,tg,2
Nc1ccc(cc1)C1(c2ccccc2c2ccccc12)c1ccc(cc1)NC(=O)c1ccc(cc1)C(=O),tg,1
Nc1ccc(cc1)CC(NC(=O)CCC(=O))(C)C,tg,0
Nc1ccc(cc1)CC(NC(=O)CCCCC(=O))(C)C,tg,2
Nc1ccc(cc1)CC(NC(=O)CCCCCCCCC(=O))(C)C,tg,1
Nc1ccc(cc1)CCNC(=O)CCCCC(=O),tg,0
Nc1ccc(cc1)Cc1ccc(cc1)NC(=O)NCCCCCCCCCCCCCCCCCCNC(=O),tg,2
Nc1ccc(cc1)Cc1ccc(cc1)NC(=O)NCCCCCCCCCCCCNC(=O),tg,1
Nc1ccc(cc1)Cc1ccc(cc1)NC(=O)NCCCCCCCCCCNC(=O),tg,0
Nc1ccc(cc1)Cc1ccc(cc1)NC(=O)NCCCCCCCCNC(=O),tg,2
Nc1ccc(cc1)Cc1ccc(cc1)NC(=O)NCCCCCCNC(=O),tg,1
Nc1ccc(cc1)Cc1ccc(cc1)NC(=O)c1cc(cc(c1)N1C(=O)C2C(C1=O)CC=CC2)C(=O),tg,0
Nc1ccc(cc1)Cc1ccc(cc1)NC(=O)c1cc(cc(c1)N1C(=O)C=CC1=O)C(=O),tg,2
Nc1ccc(cc1)Cc1ccc(cc1)NC(=O)c1cc(cc(c1)NC(=O)CCCCCN1C(=O)c2c(C1=O)cccc2)C(=O),tg,1
Nc1ccc(cc1)Cc1ccc(cc1)NC(=O)c1cc(cc(c1)NC(=O)CCN1C(=O)c2c(C1=O)cccc2)C(=O),tg,0
Nc1ccc(cc1)Cc1ccc(cc1)NC(=O)c1cc(cc(c1)NC(=O)c1ccc(cc1)NC(=O)C(CC(C)C)N1C(=O)c2c(C1=O)cccc2)C(=O),tg,2
Nc1ccc(cc1)Cc1ccc(cc1)NC(=O)c1cc(cc(c1)NC(=O)c1ccccc1)C(=O),tg,1
Nc1ccc(cc1)Cc1ccc(cc1)NC(=O)c1cc(cc(c1)NC(=O)c1ccncc1)C(=O),tg,0
Nc1ccc(cc1)Cc1ccc(cc1)NC(=O)c1cc(cc(c1)S(=O)(=O)c1ccccc1)C(=O),tg,2
Nc1ccc(cc1)NC(=O)CCCC(=O),tg,1
Nc1ccc(cc1)NC(=O)CCCCC(=O),tg,0
Nc1ccc(cc1)NC(=O)CCCCCCC(=O),tg,2
Nc1ccc(cc1)NC(=O)CCCCCCCC(=O),tg,1
Nc1ccc(cc1)NC(=O)CCCCCCCCC(=O),tg,0
Nc1ccc(cc1)NC(=O)Cc1c(cc(c(c1)CC(=O))C)C,tg,2
Nc1ccc(cc1)NC(=O)c1c(cc(c(c1)C(=O))C(=O)O)C(=O)O,tg,1
Nc1ccc(cc1)NC(=O)c1c(cc(cc1)C(=O)c1cc(c(cc1)C(=O))C(=O)OCC)C(=O)OCC,tg,0
Nc1ccc(cc1)NC(=O)c1c(ccc(c1)C(=O)c1cc(c(cc1)C(=O)O)C(=O))C(=O)O,tg,2
Nc1ccc(cc1)NC(=O)c1c(ccc(c1)c1cc(c(cc1)C(=O)OC)C(=O))C(=O)OC,tg,1
Nc1ccc(cc1)NC(=O)c1c(ccc(c1)c1cc(c(cc1)C(=O)OCC)C(=O))C(=O)OCC,tg,0
Nc1ccc(cc1)NC(=O)c1cc(cc(c1)NC(=O)c1ccccc1)C(=O),tg,2
Nc1ccc(cc1)NC(=O)c1cc(cc(c1)NC(=O)c1ccncc1)C(=O),tg,1
Nc1ccc(cc1)NC(=O)c1cc(ccc1)C(=O),tg,0
Nc1ccc(cc1)NC(=O)c1cc(ccc1)C(=O)c1ccc(cc1)C(=O),tg,2
Nc1ccc(cc1)NC(=O)c1ccc(cc1)NC(=O)c1cc(cc(c1)NC(=O)C12CC3CC(CC(C1)C3)C2)C(=O),tg,1
Nc1ccc(cc1)NC(=O)c1ccc(cc1)NC(=O)c1ccc(cc1)P(=O)(c1ccc(cc1)C(=O))c1ccccc1,tg,0
Nc1ccc(cc1)N[Se],tg,2
Nc1ccc(cc1)[Si](c1ccc(cc1)NC(=O)c1cc2Cc3c(c2cc1)ccc(c3)C(=O))(c1ccccc1)c1ccccc1,tg,1
Nc1ccc(cc1)c1c(cc(cc1c1ccc(cc1)c1ccccc1)c1ccc(cc1)c1cc(c(c(c1)c1ccc(cc1)c1ccccc1)c1ccc(cc1)NC(=O)c1ccc(cc1)C(=O))c1ccc(cc1)c1ccccc1)c1ccc(cc1)c1ccccc1,tg,0
Nc1ccc(cc1)c1ccc(cc1)NC(=O)Cc1c(cc(c(c1)C)CC(=O))C,tg,2
Nc1ccc(cc1)c1ccc(cc1)NC(=O)c1cc(cc(c1)NC(=O)c1ccc(cc1)NC(=O)C(N1C(=O)c2c(C1=O)cccc2)C)C(=O),tg,1
Nc1ccc(cc1)c1ccc(cc1)NC(=O)c1cc(cc(c1)NC(=O)c1ccncc1)C(=O),tg,0
Nc1ccc(cc1)c1ccc(cc1)NC(=O)c1cc(cc(c1)S(=O)(=O)c1ccccc1)C(=O),tg,2
Nc1ccc(cc1)c1ccc(cc1)NC(=O)c1ccc(cc1)NC(=O)c1ccc(cc1)[Si](c1ccc(cc1)C(=O)Nc1ccc(cc1)C(=O))(C)C,tg,1
Nc1cccc(C#Cc2cccc(C()=O)c2)c1,egc,0
Nc1cccc(C()=O)c1,egb,1
Nc1cccc(C()=O)c1,egc,1
Nc1cccc(C()=O)c1,eps,1
Nc1cccc(NC(=O)C=CC()=O)c1,egc,2
Nc1cccc(NC(=O)CCCCCCC()=O)c1,egc,1
Nc1cccc(NC(=O)c2cc(NC(=O)c3ccncc3)cc(C()=O)c2)c1,egc,0
Nc1cccc(NC(=O)c2ccc(NC(=O)c3ccc([Si](C)(C)c4ccc(C(=O)Nc5ccc(C()=O)cc5)cc4)cc3)cc2)c1,egc,2
Nc1cccc(NC(=O)c2cccc(C()=O)c2)c1,egc,1
Nc1ccccc1NC(=O)c1cccc(C()=O)c1,egc,0
Nc1nc()nc(-c2ccccc2)n1,egc,2
Nc1nc(Nn2c(=O)c3cc4c(=O)n()c(=O)c4cc3c2=O)nc(N(CC)CC)n1,egc,1
Nc1nc(Nn2c(=O)c3cc4c(=O)n()c(=O)c4cc3c2=O)nc(N(CCC)CCC)n1,egc,0
Nc5ccc(NC(=O)c4ccc(C3(c1ccc(C()=O)cc1)OC(=O)c2ccccc23)cc4)cc5,egc,2
Nc6ccc(C5(c2ccc(NC(=O)c1ccc(C()=O)cc1)cc2)c3ccccc3C(=O)c4ccccc45)cc6,egc,1
Nc6ccc(C5(c3ccc(NC(=O)Cc2ccc(Oc1ccc(C()=O)cc1)cc2)cc3)OC(=O)c4ccccc45)cc6,egc,0
Nc6ccc(c5ccc(NC(=O)c4ccc(C3(c1ccc(C()=O)cc1)OC(=O)c2ccccc23)cc4)cc5)cc6,egc,2
Nc8ccc(C7(c5ccc(NC(=O)c4ccc(C3(c1ccc(C()=O)cc1)OC(=O)c2ccccc23)cc4)cc5)OC(=O)c6ccccc67)cc8,egc,1
O()c1ccc(cc1)C(=O)Nc1ccc(cc1)S(=O)(=O)c1ccc(cc1)NC(=O)c1ccc(cc1)(),egc,0
OC,tg,2
OC()(C)C,egc,1
OC()C,tg,0
OC()C(Cl)Cl,egc,2
OC()CC,egc,1
OC()CCC,egc,0
OC()CCC#N,egc,2
OC()CCCC,egc,1
OC(=C(C)C)C(C)(C)C()=O,egc,0
OC(=C)CC()=O,egc,2
OC(=O)C,tg,1
OC(=O)C(=O)OCCCCCC,tg,0
OC(=O)C(=S)C()=O,eea,0
OC(=O)C(=S)C()=O,egb,0
OC(=O)C(C(=O)OCCC[Sn](CCC)(C)C)CCCCCCOc1ccc(cc1)c1ccc(cc1)OCc1ccc(cc1)[N+](=O)[O-],tg,2
OC(=O)C(C(=O)OCCOCC)C,tg,1
OC(=O)C(C(=O)OCCOCC)CCCCC,tg,0
OC(=O)C(C(=O)OCCOCC)CCCCCCC,tg,2
OC(=O)C(C)(C)C,tg,1
OC(=O)C(C)(CC)C,tg,0
OC(=O)C(C)(CC)CC,tg,2
OC(=O)C(C)C,tg,1
OC(=O)C(Cc1ccccc1)NC(=O)CCCCC(=O)NC(Cc1ccccc1)C(=O)OC1COC2C()COC12,egc,0
OC(=O)C(F)(F)C()(F)F,ei,0
OC(=O)C(F)(F)C()(F)F,eps,0
OC(=O)C(F)(F)C()(F)F,nc,0
OC(=O)C(NC(=O)C=CC(=O)NC(C(=O)OCC=CC)Cc1ccccc1)Cc1ccccc1,tg,2
OC(=O)C(NC(=O)C=CC(=O)NC(C(=O)OCCCC)Cc1ccccc1)Cc1ccccc1,tg,1
OC(=O)C(NC(=O)C=CC(=O)NC(C(=O)OCCCCCC)Cc1ccccc1)Cc1ccccc1,tg,0
OC(=O)C(NC(=O)CCCCC(=O)NC(C(=O)OCC=CC)Cc1ccccc1)Cc1ccccc1,tg,2
OC(=O)C(NC(=O)CCCCCCCCC(=O)NC(C(=O)OCC=CC)Cc1ccccc1)Cc1ccccc1,tg,1
OC(=O)C/C=C/CC(=O)OCCCCCCCCCCCCCCCC,tg,0
OC(=O)C1C2C=CC(C1C(=O)OCC)C2,tg,2
OC(=O)C1CCC(C(=O)OC2COC3C()COC23)CC1,egc,1
OC(=O)C1CCC(CC1)C(=O)OCC,tg,0
OC(=O)C1CCC(CC1)C(=O)OCC(C)(C)C,tg,2
OC(=O)C1CCC(CC1)C(=O)OCC1CCC(CC1)C,tg,1
OC(=O)C1CCC(CC1)C(=O)OCCCC,tg,0
OC(=O)C1CCC(CC1)C(=O)OCCOCC,tg,2
OC(=O)C=CC(=O)NCCCCCCNC(=O)C=CC(=O)OCCOCC,tg,1
OC(=O)C=CC(=O)OC1COC2C()COC12,egc,0
OC(=O)CC,tg,2
OC(=O)CC(=O)OCCOCC,tg,1
OC(=O)CC(CC)C,tg,0
OC(=O)CCC,tg,2
OC(=O)CCC#CC#CCCC(=O)OCCN(CC)c1ccc(cc1)N=Nc1c(cc(cc1C)N=Nc1ccc(cc1)C#N)C,tg,1
OC(=O)CCC#CC#CCCC(=O)OCCN(CC)c1ccc(cc1)[N+](=O)[O-],tg,0
OC(=O)CCC(=O)OCC(C)(C)C,tg,2
OC(=O)CCC(=O)OCC1CCC(CC1)C,tg,1
OC(=O)CCC(=O)OCCC,tg,0
OC(=O)CCC(=O)OCCCCCCCCC,tg,2
OC(=O)CCC(=O)OCCOCC,tg,1
OC(=O)CCC(=O)OCCSCC,tg,0
OC(=O)CCC(CC)C,tg,2
OC(=O)CCCC(=O)NCCCCCC,tg,1
OC(=O)CCCC(=O)OCCC,tg,0
OC(=O)CCCC(=O)OCCOCC,tg,2
OC(=O)CCCCC,tg,1
OC(=O)CCCCC()=O,egc,0
OC(=O)CCCCC(=O)OCC(C(C(C)(F)F)(F)F)(F)F,tg,2
OC(=O)CCCCC(=O)OCC(C)CCCCCCOc1ccc(cc1)N=Nc1ccc(cc1)C,tg,1
OC(=O)CCCCC(=O)OCC(C)CCCCCCOc1ccc(cc1)N=Nc1ccc(cc1)C(F)(F)F,tg,0
OC(=O)CCCCC(=O)OCC(C)CCCCCCOc1ccc(cc1)N=Nc1ccc(cc1)Cl,tg,2
OC(=O)CCCCC(=O)OCC(C)CCCCCCOc1ccc(cc1)N=Nc1ccc(cc1)OC,tg,1
OC(=O)CCCCC(=O)OCC(C)O,tg,0
OC(=O)CCCCC(=O)OCC(CC(CC)(C)C)C,tg,2
OC(=O)CCCCC(=O)OCCC,tg,1
OC(=O)CCCCC(=O)OCCC(CC)C,tg,0
OC(=O)CCCCC(=O)OCCCCC,tg,2
OC(=O)CCCCC(=O)OCCCCCCCCCC,tg,1
OC(=O)CCCCC(=O)OCCOCCOCC,tg,0
OC(=O)CCCCCC,tg,2
OC(=O)CCCCCC()=O,egc,1
OC(=O)CCCCCC(=O)OCC,tg,0
OC(=O)CCCCCC(=O)OCCOCC,tg,2
OC(=O)CCCCCC(=O)OCCOCCOCC,tg,1
OC(=O)CCCCCCC()=O,egc,0
OC(=O)CCCCCCC(=O)OCC#CC,tg,2
OC(=O)CCCCCCC(=O)OCCC,tg,1
OC(=O)CCCCCCC(=O)OCCCCCCCCCC,tg,0
OC(=O)CCCCCCCC()=O,egc,2
OC(=O)CCCCCCCC(=O)OCC,tg,1
OC(=O)CCCCCCCCC(=O)OC/C=C\C,tg,0
OC(=O)CCCCCCCCC(=O)OC1COC2C()COC12,egc,2
OC(=O)CCCCCCCCC(=O)OCC,tg,1
OC(=O)CCCCCCCCC(=O)OCC#CC,tg,0
OC(=O)CCCCCCCCC(=O)OCC#CC(=Cc1ccc(cc1)C#Cc1ccc(cc1)C=C(C#Cc1ccccc1)C#Cc1ccccc1)C#CC,tg,2
OC(=O)CCCCCCCCC(=O)OCC#CC(=Cc1ccc(cc1)C#Cc1ccc(cc1)[N+](=O)[O-])C#CC,tg,1
OC(=O)CCCCCCCCC(=O)OCC(=O)NCCCCCCNC(=O)C,tg,0
OC(=O)CCCCCCCCC(=O)OCCCC,tg,2
OC(=O)CCCCCCCCC(=O)OCCCCCCCCCC,tg,1
OC(=O)CCCCCCCCC(=O)OCCOCC,tg,0
OC(=O)CCCCCCCCCC()=O,egc,2
OC(=O)CCCCCCCCCCC()=O,egc,1
OC(=O)CCCCCCCCCCC(=O)OCC#CC,tg,0
OC(=O)CCCCCCCCCCC(=O)OCC(=O)NCCCCCCNC(=O)C,tg,2
OC(=O)CCCCCCCCCCCC()=O,egc,1
OC(=O)CCCCCCCCCCCCC(=O)OCC(C)CCCCCCOc1ccc(cc1)N=Nc1ccc(cc1)C#N,tg,0
OC(=O)CCCCCCCCCCCCCCCCC()=O,egc,2
OC(=O)CCCCCN(c1ccc(cc1)N=Nc1ccc(cc1)S(=O)(=O)CCCCCC)C,tg,1
OC(=O)CCOCC,tg,0
OC(=O)CCS(=O)(=O)CCC()=O,egc,2
OC(=O)CCSCCC(=O)OCC,tg,1
OC(=O)CCSCCSCCC()=O,egc,0
OC(=O)CCSCc1ccc(cc1)Cc1ccc(cc1)CSCCC(=O)OCCSCc1ccc(cc1)Cc1ccc(cc1)CSCC,tg,2
OC(=O)CCc1ccc(CCC()=O)cc1,egc,1
OC(=O)CN(c1ccc(cc1)N=Nc1ccc(cc1)S(=O)(=O)CCC)CCCC,tg,0
OC(=O)COCC(=O)OCCCC,tg,2
OC(=O)CS(=O)(=O)CCS(=O)(=O)CC()=O,egc,1
OC(=O)CSCc1ccc(cc1)Cc1ccc(cc1)CSCC(=O)OCCSCc1ccc(cc1)Cc1ccc(cc1)CSCC,tg,0
OC(=O)NC(=O)c1cc(ccc1)C(=O)NC(=O)OCC(C)(C)C,tg,2
OC(=O)NC(=O)c1cc(ccc1)C(=O)NC(=O)OCC(C)CCCCCCCC,tg,1
OC(=O)NC(=O)c1cc(ccc1)C(=O)NC(=O)OCC(C)CCCCCCCCCCCC,tg,0
OC(=O)NC(=O)c1ccc(cc1)C(=O)NC(=O)OCC(C)(C)C,tg,2
OC(=O)NC(=O)c1ccc(cc1)C(=O)NC(=O)OCC(C)CCCCCCCCCCCC,tg,1
OC(=O)NC1CC(CC(C1)(CNC(=O)OCC)C)(C)C,tg,0
OC(=O)NC1CC(CC(C1)(CNC(=O)OCCN(CC)c1ccc(cc1)C=C(C#N)C#N)C)(C)C,tg,2
OC(=O)NC1CC(CC(C1)(CNC(=O)OCCN(CC)c1ccc(cc1)N=Nc1ccc(cc1)C#N)C)(C)C,tg,1
OC(=O)NC1CC(CC(C1)(CNC(=O)OCCN(CC)c1ccc(cc1)N=Nc1ccc(cc1)P(=O)(c1ccccc1)c1ccccc1)C)(C)C,tg,0
OC(=O)NC1CCC(CC2CCC(NC(=O)OC3CC4CC()CC(C3)O4)CC2)CC1,egc,2
OC(=O)NCC(C(C(C(CNC(=O)OCC(C(C)(F)F)(F)F)(F)F)(F)F)(F)F)(F)F,tg,1
OC(=O)NCC(C(C(C(CNC(=O)OCCCC)(F)F)(F)F)(F)F)(F)F,tg,0
OC(=O)NCC(C(C(C(CNC(=O)OCCCCC)(F)F)(F)F)(F)F)(F)F,tg,2
OC(=O)NCC(C)C,tg,1
OC(=O)NCCCCCCCCCCNC(=O)OCC,tg,0
OC(=O)NCCCCCCCCCCNC(=O)OCCCCCCCCCCCCCCCC,tg,2
OC(=O)NCCCCCCCCCNC(=O)OCC,tg,1
OC(=O)NCCCCCCNC(=O)OCC(C(C(C(C)(F)F)(F)F)(F)F)(F)F,tg,0
OC(=O)NCCCCCCNC(=O)OCC(C)(C(=O)O)C,tg,2
OC(=O)NCCCCCCNC(=O)OCCC,tg,1
OC(=O)NCCCCCCNC(=O)OCCCC,tg,0
OC(=O)NCCCCCCNC(=O)OCCCCCCC,tg,2
OC(=O)NCCCCCCNC(=O)OCCCCCCCCCCCC,tg,1
OC(=O)NCCCCCCNC(=O)OCCCCCCCCCCCCCCCC,tg,0
OC(=O)NCCCCCCNC(=O)OCCCCCOC(=O)c1c(cccc1)C(=O)O[Cd]OC(=O)c1c(cccc1)C(=O)OCCCCC,tg,2
OC(=O)NCCCCCCNC(=O)OCCCCCOC(=O)c1c(cccc1)C(=O)O[Pb]OC(=O)c1c(cccc1)C(=O)OCCCCC,tg,1
OC(=O)NCCCCCCNC(=O)OCCN(CC)CCCCCCOc1ccc(cc1)C=Cc1ccc(cc1)[N+](=O)[O-],tg,0
OC(=O)NCCCCCCNC(=O)OCCN(CC)c1ccc(cc1)N=Nc1ccc(cc1)P(=O)(c1ccccc1)c1ccccc1,tg,2
OC(=O)NCCCCCCNC(=O)OCCN(CC)c1ccccc1,tg,1
OC(=O)NCCCCNC(=O)OCCCCCC,tg,0
OC(=O)NCc1ccc(cc1)CNC(=O)OCCCCCCCCCC,tg,2
OC(=O)NNC(=O)CCCCCCCCC(=O)NNC(=O)OCCC,tg,1
OC(=O)NNC(=O)CCCCCCCCC(=O)NNC(=O)OCCCC,tg,0
OC(=O)NNC(=O)CCCCCCCCC(=O)NNC(=O)OCCCCC,tg,2
OC(=O)Nc1c(c(ccc1)NC(=O)OCCN(CC)c1ccc(cc1)C=Cc1ccc(cc1)[N+](=O)[O-])C,tg,1
OC(=O)Nc1c(c(ccc1)NC(=O)OCCN(CC)c1ccc(cc1)N=Nc1ccc(cc1)[N+](=O)[O-])C,tg,0
OC(=O)Nc1c(cc(cc1)c1cc(c(cc1)NC(=O)OCCN(CC)c1ccc(cc1)N=Nc1ccc(cc1)[N+](=O)[O-])C)C,tg,2
OC(=O)Nc1c(ccc(c1)NC(=O)OCC(C)(C)C)C,tg,1
OC(=O)Nc1c(ccc(c1)NC(=O)OCCCC)C,tg,0
OC(=O)Nc1c(ccc(c1)NC(=O)OCCCCCCC)C,tg,2
OC(=O)Nc1c(ccc(c1)NC(=O)OCCCCCCCC)C,tg,1
OC(=O)Nc1c(ccc(c1)NC(=O)OCCN(CC)CCCCCCOc1ccc(cc1)C=Cc1ccc(cc1)[N+](=O)[O-])C,tg,0
OC(=O)Nc1c(ccc(c1)NC(=O)OCCN(CC)c1c(cc(cc1)[N+](=O)[O-])C)C,tg,2
OC(=O)Nc1c(ccc(c1)NC(=O)OCCN(CC)c1cc(c(cc1)N=Nc1c(cc(cc1)[N+](=O)[O-])C)C)C,tg,1
OC(=O)Nc1c(ccc(c1)NC(=O)OCCN(CC)c1ccc(cc1)C(=C(C#N)C#N)C#N)C,tg,0
OC(=O)Nc1c(ccc(c1)NC(=O)OCCN(CC)c1ccc(cc1)C=Cc1cc[n+](cc1)CCCC)C,tg,2
OC(=O)Nc1c(ccc(c1)NC(=O)OCCN(CC)c1ccc(cc1)C=Cc1ccc(cc1)[N+](=O)[O-])C,tg,1
OC(=O)Nc1c(ccc(c1)NC(=O)OCCN(CC)c1ccc(cc1)N=Nc1c(cc(c(c1)OC)N=Nc1ccc(cc1)[N+](=O)[O-])OC)C,tg,0
OC(=O)Nc1c(ccc(c1)NC(=O)OCCN(CC)c1ccc(cc1)N=Nc1c(cc(cc1)[N+](=O)[O-])C)C,tg,2
OC(=O)Nc1c(ccc(c1)NC(=O)OCCN(CC)c1ccc(cc1)N=Nc1ccc(cc1)B(c1c(cc(cc1C)C)C)c1c(cc(cc1C)C)C)C,tg,1
OC(=O)Nc1c(ccc(c1)NC(=O)OCCN(CC)c1ccc(cc1)N=Nc1ccc(cc1)C=Cc1nc2c(n1CC)cc(cc2)[N+](=O)[O-])C,tg,0
OC(=O)Nc1c(ccc(c1)NC(=O)OCCN(CC)c1ccc(cc1)N=Nc1ccc(cc1)c1nc2c(n1CC)cc(cc2)[N+](=O)[O-])C,tg,2
OC(=O)Nc1c(ccc(c1)NC(=O)OCCN(CC)c1ccc(cc1)c1oc2c(n1)ccc(c2)[N+](=O)[O-])C,tg,1
OC(=O)Nc1cc(ccc1)P(=O)(c1cc(ccc1)NC(=O)OCCCCCC)c1ccccc1,tg,0
OC(=O)Nc1ccc(cc1)CCCc1ccc(cc1)NC(=O)OCC,tg,2
OC(=O)Nc1ccc(cc1)CCc1ccc(cc1)NC(=O)OCC,tg,1
OC(=O)Nc1ccc(cc1)Cc1ccc(cc1)NC(=O)OCC(C)(C)C,tg,0
OC(=O)Nc1ccc(cc1)Cc1ccc(cc1)NC(=O)OCC(CS(=O)(=O)CC(C)(C)C)(C)C,tg,2
OC(=O)Nc1ccc(cc1)Cc1ccc(cc1)NC(=O)OCC1CCC(CC1)C,tg,1
OC(=O)Nc1ccc(cc1)Cc1ccc(cc1)NC(=O)OCCC,tg,0
OC(=O)Nc1ccc(cc1)Cc1ccc(cc1)NC(=O)OCCCCC,tg,2
OC(=O)Nc1ccc(cc1)Cc1ccc(cc1)NC(=O)OCCCCCC,tg,1
OC(=O)Nc1ccc(cc1)Cc1ccc(cc1)NC(=O)OCCCCCCC,tg,0
OC(=O)Nc1ccc(cc1)Cc1ccc(cc1)NC(=O)OCCCCCCCC,tg,2
OC(=O)Nc1ccc(cc1)Cc1ccc(cc1)NC(=O)OCCCCCCCCC,tg,1
OC(=O)Nc1ccc(cc1)Cc1ccc(cc1)NC(=O)OCCCCCCCCCCCC,tg,0
OC(=O)Nc1ccc(cc1)Cc1ccc(cc1)NC(=O)OCCCCCCCCCCCCCCCC,tg,2
OC(=O)Nc1ccc(cc1)Cc1ccc(cc1)NC(=O)OCCN(CC)CCCCCOc1ccc(cc1)N=Nc1ccccc1,tg,1
OC(=O)Nc1ccc(cc1)Cc1ccc(cc1)NC(=O)OCCN(CC)c1cc(c(cc1)N=Nc1c(cc(cc1)[N+](=O)[O-])C)C,tg,0
OC(=O)Nc1ccc(cc1)Cc1ccc(cc1)NC(=O)OCCN(CC)c1cc(c(cc1)N=Nc1ccc(cc1)[N+](=O)[O-])C,tg,2
OC(=O)Nc1ccc(cc1)Cc1ccc(cc1)NC(=O)OCCN(CC)c1ccc(cc1)N=Nc1ccc(cc1)[N+](=O)[O-],tg,1
OC(=O)Nc1ccc(cc1)Cc1ccc(cc1)NC(=O)OCCN(CC)c1ccccc1,tg,0
OC(=O)Nc1ccc(cc1)Cc1ccc(cc1)NC(=O)OCc1cc(cc(c1)C(C)(C)C)C,tg,2
OC(=O)OC()=O,egb,2
OC(=O)OC()=O,ei,2
OC(=O)OC()=O,nc,2
OC(=O)OC1CC2CC()CC(C1)O2,egc,1
OC(=O)OC1COC2C()COC12,egc,0
OC(=O)OCC,tg,2
OC(=O)OCC(=C)COCC(=C)C,tg,1
OC(=O)OCC(C(C)O)O,tg,0
OC(=O)OCC(C(C)OC(=O)C(=O)OCC)OC(=O)C(=O)OCC,tg,2
OC(=O)OCC(C(C)OC(=O)C(NC(=O)OCc1ccccc1)CC(C)C)OC(=O)C(NC(=O)OCc1ccccc1)CC(C)C,tg,1
OC(=O)OCC(C(C)OC(=O)OCC)OC(=O)OCC,tg,0
OC(=O)OCC(C(C)OC(=O)Oc1ccc(cc1)C(=O)OC)OC(=O)Oc1ccc(cc1)C(=O)OC,tg,2
OC(=O)OCC(C)OCCCCCCOc1ccc(cc1)C=Cc1ccc(cc1)[N+](=O)[O-],tg,1
OC(=O)OCC(C)OCCCCOc1ccc(cc1)C=Cc1ccc(cc1)[N+](=O)[O-],tg,0
OC(=O)OCC(CS(=O)(=O)CC(C)(C)C)(C)C,tg,2
OC(=O)OCC(O)C(O)COC(=O)OC1COC2C()COC12,egc,1
OC(=O)OCC(OC)C(COC(=O)OC1COC2C()COC12)OC,egc,0
OC(=O)OCC1(CC=CCC1)C,tg,2
OC(=O)OCC1CCC(CC1)C,tg,1
OC(=O)OCC1OC(C)(C)OC1COC(=O)OC1COC2C()COC12,egc,0
OC(=O)OCCC,tg,2
OC(=O)OCCCC,tg,1
OC(=O)OCCCCC,tg,0
OC(=O)OCCCCCC,tg,2
OC(=O)OCCCCCCCCCC,tg,1
OC(=O)OCCCCCCCCCCOC(=O)OC1COC2C()COC12,egb,2
OC(=O)OCCCCCCCCCCOC(=O)OC1COC2C()COC12,egc,2
OC(=O)OCCCCCCCCOC(=O)OC1COC2C()COC12,egc,0
OC(=O)OCCOCC,tg,2
OC(=O)OCCOCCOC(=O)OC1COC2C()COC12,egb,1
OC(=O)OCCOCCOC(=O)OC1COC2C()COC12,egc,1
OC(=O)OCCOCCOCCOC(=O)OC1COC2C()COC12,egc,1
OC(=O)Oc1ccc(C(=O)Oc2ccc(OC(=O)OC3COC4C()COC34)cc2)cc1,egc,0
OC(=O)Oc1cccc(OC(=O)OC2CC3CC()CC(C2)O3)c1,egc,2
OC(=O)c1c(c(ccc1)C(=O)OCC(C(C(C)(F)F)(F)F)(F)F)OCCCCC,tg,1
OC(=O)c1c(cc(cc1)C(=O)OCCN(CC)c1ccc(cc1)C=C(C#N)C#N)OCCC,tg,0
OC(=O)c1c(cc(cc1)C(=O)OCCN(CC)c1ccc(cc1)N=Nc1[nH]c(c(n1)C#N)C#N)OCCC,tg,2
OC(=O)c1c(cc(cc1)C(=O)OCCN(CC)c1ccc(cc1)N=Nc1ccc(cc1)C=Cc1nc2c(n1CC)cc(cc2)[N+](=O)[O-])OC,tg,1
OC(=O)c1c(cc(cc1)C(=O)OCCN(CC)c1ccc(cc1)N=Nc1ccc(cc1)c1nc2c([nH]1)ccc(c2)[N+](=O)[O-])OCCC,tg,0
OC(=O)c1c(cc(cc1)C(=O)OCCN(CC)c1ccc(cc1)N=Nc1ccc(cc1)c1nc2c(n1CC)cc(cc2)[N+](=O)[O-])OC,tg,2
OC(=O)c1c(ccc(c1)C(=O)OCC(C(C(C)(F)F)(F)F)(F)F)OCCCCC,tg,1
OC(=O)c1c(ccc(c1)N=Nc1ccc(cc1)OCC)c1c(cc(cc1)N=Nc1ccc(cc1)OCC)C(=O)OCCC,tg,0
OC(=O)c1c(ccc(c1)N=Nc1ccc(cc1)OCC)c1c(cc(cc1)N=Nc1ccc(cc1)OCC)C(=O)OCCCCCC,tg,2
OC(=O)c1c(ccc(c1)N=Nc1ccc(cc1)OCC)c1c(cc(cc1)N=Nc1ccc(cc1)OCC)C(=O)OCCOCCOCC,tg,1
OC(=O)c1c(cccc1)C(=O)OCC,tg,0
OC(=O)c1c(cccc1)C(=O)OCCCS(=O)(=O)CCCCS(=O)(=O)CCC,tg,2
OC(=O)c1c(cccc1)C(=O)OCCOCC,tg,1
OC(=O)c1c2c(ccc1)c(ccc2)C(=O)OCC,tg,0
OC(=O)c1cc(c(cc1)c1c(cc(cc1)C(=O)OCC)C)C,tg,2
OC(=O)c1cc(cc(c1)OCCC1CCN(CC1)c1ccc(cc1)S(=O)(=O)C(C(C(C(C(C(C(C(F)(F)F)(F)F)(F)F)(F)F)(F)F)(F)F)(F)F)(F)F)C(=O)OCCN(CC)c1ccc(cc1)S(=O)(=O)C(C(C(C(C(C(C(C(F)(F)F)(F)F)(F)F)(F)F)(F)F)(F)F)(F)F)(F)F,tg,1
OC(=O)c1cc(cc(c1)OCCN(c1ccc(cc1)S(=O)(=O)C(C(C(C(C(C(C(C(F)(F)F)(F)F)(F)F)(F)F)(F)F)(F)F)(F)F)(F)F)C)C(=O)OCCN(CC)c1ccc(cc1)S(=O)(=O)C(C(C(C(C(C(C(C(F)(F)F)(F)F)(F)F)(F)F)(F)F)(F)F)(F)F)(F)F,tg,0
OC(=O)c1cc(cc(c1)OCc1c(c(c(c(c1F)F)OC)F)F)C(=O)OCCN(CC)c1ccc(cc1)C=Cc1sc(cc1)C=CC1=C(C(=C(C#N)C#N)OC1(c1ccccc1)C(F)(F)F)C#N,tg,2
OC(=O)c1cc(cc(c1)OCc1cc(cc(c1)OCc1ccccc1)OCc1ccccc1)C(=O)OCCN(CC)c1ccc(cc1)C=Cc1sc(cc1)C=CC1=C(C(=C(C#N)C#N)OC1(c1ccccc1)C(F)(F)F)C#N,tg,1
OC(=O)c1cc(ccc1)C(=O),tg,0
OC(=O)c1cc(ccc1)C(=O)OCC,tg,2
OC(=O)c1cc(ccc1)C(=O)OCCC,tg,1
OC(=O)c1cc(ccc1)C(=O)OCCCC,tg,0
OC(=O)c1cc(ccc1)C(=O)OCCCCC,tg,2
OC(=O)c1cc(ccc1)C(=O)OCCCCCC,tg,1
OC(=O)c1cc(ccc1)C(=O)OCCCS(=O)(=O)CCCCS(=O)(=O)CCC,tg,0
OC(=O)c1cc(ccc1)C(=O)OCc1ccc(cc1)C,tg,2
OC(=O)c1cc(ccc1)c1cc(ccc1)C(=O)OCC(C(C(C)(F)F)(F)F)(F)F,tg,1
OC(=O)c1cc2c(C(CC2(c2ccc(cc2)C(=O)OCC)C)(C)C)cc1,tg,0
OC(=O)c1cc2c(cc1)cc(cc2)C(=O)OCCC,tg,2
OC(=O)c1cc2c(cc1)cc(cc2)C(=O)OCCCC,tg,1
OC(=O)c1cc2c(cc1)cc(cc2)C(=O)OCCCCC,tg,0
OC(=O)c1cc2c(cc1)cc(cc2)C(=O)OCCCCCCCC,tg,2
OC(=O)c1cc2c(cc1)cc(cc2)C(=O)OCCCCCCCCCC,tg,1
OC(=O)c1cc2c(cc1)cc(cc2)C(=O)OCCCCCCCCCCC,tg,0
OC(=O)c1ccc(C()=O)cc1,eea,0
OC(=O)c1ccc(C()=O)cc1,egb,0
OC(=O)c1ccc(C()=O)cc1,egc,0
OC(=O)c1ccc(C()=O)cc1,ei,0
OC(=O)c1ccc(C()=O)s1,eea,2
OC(=O)c1ccc(C()=O)s1,egb,2
OC(=O)c1ccc(C()=O)s1,ei,2
OC(=O)c1ccc(C()=O)s1,nc,2
OC(=O)c1ccc(C(=O)OC2COC3C()COC23)o1,egc,2
OC(=O)c1ccc(C(C)(C)c2ccc(C()=O)cc2)cc1,egc,1
OC(=O)c1ccc(CCCCCCc2ccc(C()=O)cc2)cc1,egc,0
OC(=O)c1ccc(CCCCCc2ccc(C()=O)cc2)cc1,egc,2
OC(=O)c1ccc(CCCCc2ccc(C()=O)cc2)cc1,egc,1
OC(=O)c1ccc(CCCc2ccc(C()=O)cc2)cc1,egc,0
OC(=O)c1ccc(CCc2ccc(C()=O)cc2)cc1,egc,2
OC(=O)c1ccc(Cc2ccc(C()=O)cc2)cc1,egc,1
OC(=O)c1ccc(cc1)C(=O)OCC,tg,0
OC(=O)c1ccc(cc1)C(=O)OCC(C(C)C)C,tg,2
OC(=O)c1ccc(cc1)C(=O)OCC(C(C)CCC)CCC,tg,1
OC(=O)c1ccc(cc1)C(=O)OCC(C(C)CCCC)CCCC,tg,0
OC(=O)c1ccc(cc1)C(=O)OCC(C(C)CCCCCC)CCCCCC,tg,2
OC(=O)c1ccc(cc1)C(=O)OCC(C(C)CCCCCCCCCC)CCCCCCCCCC,tg,1
OC(=O)c1ccc(cc1)C(=O)OCC(C)C,tg,0
OC(=O)c1ccc(cc1)C(=O)OCC(CC(CC)(C)C)C,tg,2
OC(=O)c1ccc(cc1)C(=O)OCC(CS(=O)(=O)CC(C)(C)C)(C)C,tg,1
OC(=O)c1ccc(cc1)C(=O)OCC1CC(CC(C1)C(C)(C)C)C,tg,0
OC(=O)c1ccc(cc1)C(=O)OCCCCCCC,tg,2
OC(=O)c1ccc(cc1)C(=O)OCCCCCCCCCC,tg,1
OC(=O)c1ccc(cc1)C(=O)OCCCCOC(=O)CCCCC(=O)OCCCC,tg,0
OC(=O)c1ccc(cc1)C(=O)OCCN(CC)c1ccc(cc1)C=C(C#N)C#N,tg,2
OC(=O)c1ccc(cc1)C(=O)OCCN(CC)c1ccc(cc1)N=Nc1ccc(cc1)c1nc2c(n1CC)cc(cc2)[N+](=O)[O-],tg,1
OC(=O)c1ccc(cc1)C(=O)OCCOC(=O)CCC(=O)OCC,tg,0
OC(=O)c1ccc(cc1)C(=O)OCCOC(=O)CCCCC(=O)OCC,tg,2
OC(=O)c1ccc(cc1)C(=O)OCCOC(=O)CCCCCCC(=O)OCC,tg,1
OC(=O)c1ccc(cc1)C(C(C(c1ccc(cc1)C(=O))(F)F)(F)F)(F)F,tg,0
OC(=O)c1ccc(cc1)C(c1ccc(cc1)C(=O))(C)C,tg,2
OC(=O)c1ccc(cc1)C(c1ccc(cc1)C(=O)OCC)(CC)C,tg,1
OC(=O)c1ccc(cc1)C=Cc1ccc(cc1)C(=O)OCC(C)(C)C,tg,0
OC(=O)c1ccc(cc1)C=Cc1ccc(cc1)C(=O)OCCCCC,tg,2
OC(=O)c1ccc(cc1)CC(=O)OCc1ccc(cc1)C,tg,1
OC(=O)c1ccc(cc1)CCCCCc1ccc(cc1)C(=O),tg,0
OC(=O)c1ccc(cc1)CCCCc1ccc(cc1)C(=O),tg,2
OC(=O)c1ccc(cc1)Cc1ccc(cc1)C(=O),tg,1
OC(=O)c1ccc(cc1)N=CNc1ccc(cc1)C(=O)OCCCC,tg,0
OC(=O)c1ccc(cc1)N=CNc1ccc(cc1)C(=O)OCCOCC,tg,2
OC(=O)c1ccc(cc1)N=Cc1c(cc(c(c1)OCCCCCC)C=Cc1c(cc(c(c1)OCCCCCC)C=Cc1c(cc(c(c1)OCCCCCC)C=Nc1ccc(cc1)C(=O)OCCCCOCCCCOCCCC)OCCCCCC)OCCCCCC)OCCCCCC,tg,1
OC(=O)c1ccc(cc1)SCCCCSc1ccc(cc1)C(=O),tg,0
OC(=O)c1ccc(cc1)[Si](c1ccc(cc1)C(=O)OCCN(CC)c1ccc(cc1)C=Cc1ccc(cc1)[N+](=O)[O-])(C)C,tg,2
OC(=O)c1ccc(cc1)c1ccc(cc1)C(=O)OCC(C)(CCC)C,tg,1
OC(=O)c1ccc(cc1)c1ccc(cc1)C(=O)OCCCC,tg,0
OC(=O)c1ccc(cc1)c1ccc(cc1)C(=O)OCCCCCC,tg,2
OC(=O)c1ccc(cc1)c1ccc(cc1)C(=O)OCCCCCCC,tg,1
OC(=O)c1ccc(cc1)c1ccc(cc1)C(=O)OCCCCCCCCC,tg,0
OC(=O)c1ccc(cc1)c1ccc(cc1)C(=O)OCCCCCCCCCC,tg,2
OC(=O)c1ccc(cc1)c1ccc(cc1)C(=O)OCCCOCCC,tg,1
OC(=O)c1ccc(cc1)c1ccc(cc1)C(=O)OCCOCC,tg,0
OC(=O)c1ccc(cc1)c1ccc(cc1)C(=O)OCCOCCOCC,tg,2
OC(=O)c1ccc(cc1)c1ccc(cc1)C(=O)OCCOCCOCCOCC,tg,1
OC(=O)c1ccc(cc1)c1ccc(cc1)c1ccc(cc1)C(=O)OCC(C)(C)C,tg,0
OC(=O)c1ccc(cc1)c1ccc(cc1)c1ccc(cc1)C(=O)OCC(C)(CC)CC,tg,2
OC(=O)c1ccc(cc1)c1ccc(cc1)c1ccc(cc1)C(=O)OCCCCC,tg,1
OC(=O)c1ccc(cc1)c1ccc(cc1)c1ccc(cc1)C(=O)OCCOCCOCCOCC,tg,0
OC(=O)c1ccc(cc1)c1ccc(cc1)c1ccc(cc1)C(=O)OCCOCCOCCOCCOCCOCCOCCOCCOCCOCC,tg,2
OC(=O)c1cccc(C()=O)c1,egc,1
OC(=S)C(F)(F)C()(F)F,eea,1
OC(=S)C(F)(F)C()(F)F,egb,1
OC(=S)C(F)(F)C()(F)F,nc,1
OC(=S)OC()=O,eea,1
OC(=S)OC()=O,egb,1
OC(=S)OC()=O,ei,1
OC(=S)OC()=O,nc,1
OC(=S)Oc1ccc()cc1,eea,0
OC(=S)Oc1ccc()cc1,egb,0
OC(=S)Oc1ccc()cc1,ei,0
OC(=S)Oc1ccc()cc1,eps,0
OC(=S)Oc1ccc()s1,eea,2
OC(=S)Oc1ccc()s1,egb,2
OC(=S)Oc1ccc()s1,ei,2
OC(=S)Oc1ccc()s1,nc,2
OC(=S)c1ccc(-c2ccc()cc2)cc1,eea,0
OC(=S)c1ccc(-c2ccc()cc2)cc1,eps,0
OC(=S)c1ccc(-c2ccc()cc2)cc1,nc,0
OC(=S)c1ccc(C()=O)cc1,eea,2
OC(=S)c1ccc(C()=O)cc1,egb,2
OC(=S)c1ccc(C()=O)cc1,ei,2
OC(=S)c1ccc(C()=O)s1,eea,0
OC(=S)c1ccc(C()=O)s1,egb,0
OC(=S)c1ccc(C()=O)s1,ei,0
OC(=S)c1ccc(C()=O)s1,eps,0
OC(=S)c1ccc(C()=O)s1,nc,0
OC(C#CC#CC(OC(=O)c1ccc(cc1)C(=O))C)C,tg,0
OC(C()(F)F)(C(F)(F)F)F,tg,2
OC(C(=O))C,tg,1
OC(C(=O))Cc1ccccc1,tg,0
OC(C(=O)N(S(=O)(=O)C(C()(F)F)(F)F)[Li])(C(F)(F)F)F,tg,2
OC(C(=O)NC(C(=O))C)C,tg,1
OC(C(=O)OCC(=O))C,tg,0
OC(C(=O)OCC)C,tg,2
OC(C(=O)OCCC)C,tg,1
OC(C(C()(F)F)(F)F)(F)F,tg,0
OC(C(OC(=O)Nc1ccc(cc1)Cc1ccc(cc1)NC(=O))c1occc1)c1occc1,tg,2
OC(C)(C)C,tg,1
OC(C)(C)C()=O,egc,0
OC(C)(CC()=O)C(F)(F)F,egc,2
OC(C)C,tg,1
OC(C)C()=O,egc,0
OC(C)C()C,egc,2
OC(C)C(=O)NC(C)C()=O,egc,1
OC(C)C(=O)OCC()=O,egc,0
OC(C)C1C(C(C1)(F)F)(F)F,tg,2
OC(C)CBr,tg,1
OC(C)CC,tg,0
OC(C)CC()=O,egc,2
OC(C)CC(Cl)(Cl)Cl,tg,1
OC(C)CCC(C)OC(=O)CCCCC()=O,egc,0
OC(C)CCCC(C)C()=O,egc,2
OC(C)CCCCCC,tg,1
OC(C)CCCCCCCCCC,tg,0
OC(C)CCOC(=O)C()=O,egc,2
OC(C)CCOC(=O)CC()=O,egc,1
OC(C)CCOC(=O)CCCCC()=O,egc,0
OC(C)CCOC(=O)CCCCCC()=O,egc,2
OC(C)CCOC(=O)CCCCCCCC()=O,egc,1
OC(C)CCOC(=O)CCCCCCCCCCC()=O,egc,0
OC(C)CCOC(=O)COCC()=O,egc,2
OC(C)CCOC(=O)c1cccc(C()=O)c1,egc,1
OC(C)CCl,tg,0
OC(C)CN1C(=O)C2C(C1=O)C1C=CC2C1,tg,2
OC(C)COC()=O,egc,1
OC(C)COC(=O)C()=O,egc,0
OC(C)COC(=O)CCCCC()=O,egb,0
OC(C)COC(=O)CCCCC()=O,egc,0
OC(C)COC(=O)CCCCCCCCC()=O,egc,2
OC(C)COC(=O)CCCCCCCCCCN1C(=O)C2C(C1=O)C1C=CC2C1,tg,1
OC(C)COC(=O)CCCCCN1C(=O)C2C(C1=O)C1C=CC2C1,tg,0
OC(C)COC(=O)CCCCS(=O)(=O)CCCCC()=O,egc,2
OC(C)COC(=O)c1cccc(C()=O)c1,egc,1
OC(C)COC(C(F)(F)F)(C(F)(F)F)F,tg,0
OC(C)COC(C)(C)C,tg,2
OC(C)COC(C)C,tg,1
OC(C)COC(OCC)C,tg,0
OC(C)COCC,tg,2
OC(C)COCC=C,tg,1
OC(C)COCCCC,tg,0
OC(C)COCCCCCC,tg,2
OC(C)COCOCC(C)([N+](=O)[O-])[N+](=O)[O-],tg,1
OC(C)COc1ccc(cc1)c1ccc(cc1)C#N,tg,0
OC(C)CS(=O)(=O)C,tg,2
OC(C)CS(=O)(=O)CC,tg,1
OC(C)CS(=O)(=O)CCC,tg,0
OC(C)CS(=O)(=O)CCCCC,tg,2
OC(C)CSC(C)C,tg,1
OC(C)CSCC,tg,0
OC(C)CSCCCC,tg,2
OC(C)CSCCCCC,tg,1
OC(C)C[N-][N+]#N,tg,0
OC(C)c1ccccc1,tg,2
OC(C)c1occc1,tg,1
OC(C=C)CC()=O,egc,0
OC(CC()=O)C(C)(Cl)Cl,egc,2
OC(CC()=O)C(C)C,egc,1
OC(CC()=O)C1CCC=CO1,egc,0
OC(CC()=O)C1CO1,egb,2
OC(CC()=O)C1CO1,egc,2
OC(CC(=O))(C)C(F)(F)F,tg,2
OC(CC(=O))C(Cl)(Cl)C,tg,1
OC(CC(=O))C(Cl)(Cl)Cl,tg,0
OC(CC(=O))CCCCC,tg,2
OC(CC(=O))CCCCCC,tg,1
OC(CC(=O))COc1ccccc1,tg,0
OC(CC(=O)OCC)C,tg,2
OC(CC(C)C)C()=O,egb,1
OC(CC)(CC)C()=O,egc,0
OC(CC)C()=O,egc,2
OC(CCC(C(=O))C1OCCCO1)CCC,tg,1
OC(CCCCC)CC()=O,egc,0
OC(CCCCCC)CC()=O,egc,2
OC(CCCCCCC=C)CC()=O,egb,1
OC(CCOC(=O)C(C(=O))CCCCCCOc1ccc(cc1)N=Cc1ccc(cc1)[N+](=O)[O-])C,tg,0
OC(CCOC(=O)c1ccc(cc1)c1ccc(cc1)C(=O))C,tg,2
OC(CCc1ccccc1)CC()=O,egc,1
OC(CCl)CC()=O,egc,0
OC(COC()=O)COC(C)(C)C,egc,2
OC(COC()=O)COc1ccccc1,egc,1
OC(COC(=O))C,tg,0
OC(COC(=O))COC(C)(C)C,tg,2
OC(COC(=O))COCC,tg,1
OC(COC(=O))COCCCC,tg,0
OC(COC(=O)C1=C(C2C=CC1C2)C(=O)OCC(OC(=O)c1ccc(cc1)C(=O))COC(=O)C1=C(C2C=CC1C2)c1ccccc1)COC(=O)C1=C(C2C=CC1C2)c1ccccc1,tg,2
OC(COC(=O)NCCCCCCNC(=O))c1occc1,tg,1
OC(COC(=O)Nc1ccc(cc1)Cc1ccc(cc1)NC(=O))c1occc1,tg,0
OC(COC(=O)c1c(c(c(cc1)c1c(cc(c(c1)CCCCCCCC)c1c(c(c(cc1)C(=O))F)F)CCCCCCCC)F)F)COc1ccc(cc1)N=Nc1ccc(cc1)C#N,tg,2
OC(COC(=O)c1c(cccc1)C(=O))C,tg,1
OC(COC(=O)c1c(cccc1)c1c(cccc1)C(=O))COc1ccc(cc1)N=Nc1ccc(cc1)C#N,tg,0
OC(COC(=O)c1cc(c(cc1)C(=O))OC)COc1ccc(cc1)N=Nc1ccc(cc1)C#N,tg,2
OC(COC(=O)c1cc(cc(c1)C(C)(C)C)C(=O))COc1ccc(cc1)N=Nc1ccc(cc1)C#N,tg,1
OC(COC(=O)c1cc(ccc1)C(=O))COc1ccc(cc1)N=Nc1ccc(cc1)C#N,tg,0
OC(COC(=O)c1cc(ccc1)C(=O)OCC()(F)F)(F)F,tg,2
OC(COC(=O)c1cc(ccc1)C(C(C(c1cc(ccc1)C(=O)OCC()(F)F)(F)F)(F)F)(F)F)(F)F,tg,1
OC(COC(=O)c1cc2c(cc1)cc(cc2)C(=O))COc1ccc(cc1)N=Nc1ccc(cc1)C#N,tg,0
OC(COC(=O)c1ccc(cc1)C(=O))COc1ccc(cc1)N=Nc1ccc(cc1)C#N,tg,2
OC(COC(=O)c1ccc(cc1)c1ccc(cc1)C(=O))COc1ccc(cc1)N=Nc1ccc(cc1)C#N,tg,1
OC(COC(COC(=O)c1ccc(cc1)C(=O))C)C,tg,0
OC(COC(F)(C(F)(F)F)C(F)(F)F)C()COC(F)(C(F)(F)F)C(F)(F)F,egc,2
OC(COCC(OC(=O)c1c(cccc1)C(=O))C)C,tg,1
OC(COCCCC)COC()=O,egc,0
OC(COCCOC)COC()=O,egc,2
OC(F)(C()(F)F)C(F)(F)F,egc,1
OC(F)(F)C()(F)F,egb,1
OC(F)(F)C()(F)F,egc,1
OC(F)(F)C(=O)C()(F)F,eea,1
OC(F)(F)C(=O)C()(F)F,egb,1
OC(F)(F)C(=O)C()(F)F,ei,1
OC(F)(F)C(=O)C()(F)F,nc,1
OC(F)(F)C(=S)C()(F)F,eea,0
OC(F)(F)C(=S)C()(F)F,ei,0
OC(F)(F)C(=S)C()(F)F,eps,0
OC(F)(F)C(=S)C()(F)F,nc,0
OC(F)(F)C(F)(F)C()(F)F,egb,0
OC(F)(F)C(F)(F)C()(F)F,egc,0
OC(F)(F)C(F)(F)C(F)(F)C()(F)F,egb,2
OC(F)(F)C(F)(F)C(F)(F)C()(F)F,egc,2
OC(F)(F)CC()(F)F,egb,1
OC(F)(F)CC()(F)F,ei,1
OC(F)(F)CC()(F)F,eps,1
OC(F)(F)COC(=O)c1cccc(C(=O)OCC()(F)F)c1,egc,0
OC(F)(F)NC()(F)F,egb,2
OC(F)(F)NC()(F)F,ei,2
OC(F)(F)NC()(F)F,eps,2
OC(F)(F)NC()(F)F,nc,2
OC(F)(F)OC()(F)F,eps,1
OC(F)(F)OC()(F)F,nc,1
OC(F)(F)c1ccc(C()(F)F)cc1,eea,0
OC(F)(F)c1ccc(C()(F)F)cc1,nc,0
OC(F)(F)c1ccc(C()(F)F)s1,ei,2
OC(F)(F)c1ccc(C()(F)F)s1,eps,2
OC(OC(=O)c1c2c(c(cc1)C(=O)OC(OCC1CCC(CC1)C)C)cccc2)C,tg,2
OC(OC(=O)c1ccc(cc1)C(=O)OC(OCC1CCC(CC1)C)C)C,tg,1
OC([2H])([2H])C()([2H])C([2H])=C([2H])[2H],egc,0
OC([2H])([2H])C()([2H])[2H],egc,2
OC(c1ccc(Cl)cc1)C(C)(C)C()=O,egc,1
OC(c1ccc(OC)cc1)C(C)(C)C()=O,egb,1
OC(c1ccc(OC)cc1)C(C)(C)C()=O,egc,1
OC(c1ccccc1)C(C)(C)C()=O,egc,0
OC(c1ccco1)C(C)(C)C()=O,egc,2
OC1(C)CC(C)(C)C(C)(N2CCCC()C2)C1C,egc,1
OC1(C)CCC()CC1CCCCCCCC,egc,0
OC1(F)C(C)C(C)(C2(Cl)CNCNC2)CC1(C)C,egc,2
OC1(O)CCCC()C1,egc,1
OC1=CC(=O)C()=CC1=O,egc,0
OC1C(C(C1(C)C)OC(=O)C1CCC(CC1)C(=O))(C)C,tg,2
OC1C(C)(C)C(OC()=O)C1(C)C,egb,0
OC1C(C)(C)C(OC()=O)C1(C)C,egc,0
OC1C(C)(C)C(OC(=O)c2ccc(C()=O)cc2)C1(C)C,egc,1
OC1C(CCCC1),tg,0
OC1C(CCCC1)OC(=O),tg,2
OC1C(CO)OC()C(NC(C)=O)C1O,egc,1
OC1C(CO)OC()C(O)C1O,eea,2
OC1C(CO)OC()C(O)C1O,egb,2
OC1C(CO)OC()C(O)C1O,egc,2
OC1C(CO)OC()C(O)C1O,eps,2
OC1C(CO)OC()C(O)C1O,nc,2
OC1C(COC(C)=O)OC()C(OC(C)=O)C1O,egc,0
OC1C(COC(C)=O)OC()C(OC(C)=O)C1OC(C)=O,egc,2
OC1C(COC)OC()C(OC)C1OC,egc,1
OC1CC(C)CC()O1,egc,0
OC1CCC(C2CCC(OC(=O)CCCCCCCCC()=O)CC2)CC1,egc,2
OC1CCC(C2CCC(OC(=O)CCCCCCCCCC()=O)CC2)CC1,egc,1
OC1CCC(C2CCC(OC(=O)CCCCCCCCCCC()=O)CC2)CC1,egc,0
OC1CCC(CC1)OC(=O)C(=O),tg,2
OC1CCC(CC1)OC(=O)CCCCC(=O),tg,1
OC1CCC(CC1)OC(=O)CCCCCCCCC(=O),tg,0
OC1CCC(CC1)OC(=O)OCCCCCCCOC(=O),tg,2
OC1CCC(CC1)OC(=O)OCCCCCCOC(=O),tg,1
OC1CCC(CC1)OC(=O)c1ccc(cc1)C(=O),tg,0
OC1CCC(NC()=O)CC1,egc,2
OC1CCC(OC()=O)CC1,egc,1
OC1CCC(OC(=O)CCC()=O)CC1,egc,0
OC1CCC(OC(=O)CCCCC()=O)CC1,egc,2
OC1CCC(OC(=O)NCCNC()=O)CC1,egc,1
OC1CCC(OC(=O)OCCCCCCCOC()=O)CC1,egc,0
OC1CCC(OC(=O)OCCCCCOC()=O)CC1,egc,2
OC1CCC(OC(=O)OCCCCOC()=O)CC1,egc,1
OC1CCCC()O1,egc,0
OC1CCCC1,egc,2
OC1CCCCC1,egc,1
OC1CCCCC1OC()=O,egc,0
OC1CCCCCC1,egc,2
OC1OC()C2CCCCC12,egc,1
OC3=CC=CC(C(C2=CC=CC(OC1=CC=CC()=C1)=C2)=O)=C3,egc,0
OCC(=O)NCCCCCCNC(=O)C,tg,2
OCC(=S)c1ccc(C(=S)Cc2ccc(-c3ccc()cc3)cc2)s1,eps,1
OCC(C)(C)C,tg,0
OCC(C)(CC)C,tg,2
OCC(C)(CCl)CC,tg,1
OCC(C)(CO)C,tg,0
OCC(C)(COC(=O)C(=C)C)CC,tg,2
OCC(C)(COCC(C(C(F)(F)F)(F)F)(F)F)C,tg,1
OCC(C)(COCC(F)(F)F)C,tg,0
OCC(C)(COCCC#N)C,tg,2
OCC(C)(COCCCCCCCCCCOc1ccc(cc1)c1ccc(cc1)C#N)C,tg,1
OCC(C)(COCCOCCOCCOC)C,tg,0
OCC(C)(CS(=O)(=O)C(C)C)CS(=O)(=O)C(C)C,tg,2
OCC(C)(CS(=O)(=O)C)CS(=O)(=O)C,tg,1
OCC(C)(CS(=O)(=O)CCC)CS(=O)(=O)CCC,tg,0
OCC(C)(CS(=O)(=O)CCCCC)CS(=O)(=O)CCCCC,tg,2
OCC(C)(CSC)CSC,tg,1
OCC(C)(CSCC)CSCC,tg,0
OCC(C)(CSCCCCC)CSCCCCC,tg,2
OCC(C)C,tg,1
OCC(C)C(C)(C)C,tg,0
OCC(C)O,tg,2
OCC(F)(F)C()(F)F,egb,1
OCC(F)(F)C()(F)F,ei,1
OCC(F)(F)C()(F)F,eps,1
OCC(F)(F)C()(F)F,nc,1
OCCC,tg,1
OCCC(=O)CC(=O)Oc1ccc()cc1,eea,0
OCCC(=O)CC(=O)Oc1ccc()cc1,egb,0
OCCC(=O)CC(=O)Oc1ccc()cc1,ei,0
OCCC(=O)CC(=O)Oc1ccc()cc1,nc,0
OCCC(=O)NCc1c(cc(c(c1)C)CNC(=O)CC)C,tg,0
OCCCCC(=O)NCc1ccc(cc1)CNC(=O)CCCC,tg,2
OCCCCCCCC,tg,1
OCCCCONC()=O,egb,2
OCCCCONC()=O,ei,2
OCCCCONC()=O,eps,2
OCCCCONC()=O,nc,2
OCCCCOc1ncnc(n1),tg,0
OCCCCSSCCCC,tg,2
OCCCNC(=O)CCCCC(=O)NCCC,tg,1
OCCCNC(=O)c1ccc(cc1)C(=O)NCCC,tg,0
OCCOCCOCCCNC(=O)C(NC(=O)C(NC(=O)CCCCCCCCC(=O)NC(C(=O)NC(C(=O)NCCC)C(C)C)Cc1ccccc1)Cc1ccccc1)C(C)C,tg,2
OCCOCCOCCCNC(=O)C(NC(=O)CCCCCCCCC(=O)NC(C(=O)NCCC)Cc1ccccc1)Cc1ccccc1,tg,1
OCCOCCOCCCNC(=O)CCCCCCCCC(=O)NCCC,tg,0
OCCOCCOCCCNC(=O)CNC(=O)C(NC(=O)CCCCCCCCC(=O)NC(C(=O)NCC(=O)NCCC)Cc1ccccc1)Cc1ccccc1,tg,2
OCCSSSSCC,tg,1
OCOCCCC,tg,0
OCOCCCCSSCCCC,tg,2
ON(C(C()(F)F)(Br)F)C(F)(F)F,tg,1
ON(C(C()(F)F)(Cl)F)C(F)(F)F,tg,0
ON(C(C()(F)F)(F)F)C(F)(F)F,tg,2
ON(C(F)(F)F)C(F)(C()(F)F)C(F)(F)F,egb,1
ON(C(F)(F)F)C(F)(Cl)C()(F)F,egc,0
ON(C(F)(F)F)C(F)(F)C()(F)F,egc,2
ON(C(F)(F)F)C(F)(F)C(F)=C(F)C()(F)F,egc,1
OOC(C)c1ccc(cc1)Br,tg,0
OP(=O)(N=Nc1ccc(cc1)C(=O)c1ccc(cc1)N=NP(=O)(OCC1CCC(CC1)C)OC)OC,tg,2
OP(=O)(N=Nc1ccc(cc1)C(=O)c1ccc(cc1)N=NP(=O)(OCCOCC)OC)OC,tg,1
OP(=O)(N=Nc1ccc(cc1)CCOC(=O)c1cc(cc(c1)C(C)(C)C)C(=O)OCCc1ccc(cc1)N=NP(=O)(OCC)OC)OC,tg,0
OP(=O)(N=Nc1ccc(cc1)COC(=O)c1cc(cc(c1)C(C)(C)C)C(=O)OCc1ccc(cc1)N=NP(=O)(OCC)OC)OC,tg,2
OP(=O)(N=Nc1ccc(cc1)Oc1ccc(cc1)N=NP(=O)(OCC)OCC)OCC,tg,1
OP(=O)(N=Nc1ccc(cc1)Oc1ccc(cc1)N=NP(=O)(OCCOCC)OC)OC,tg,0
OP(=O)(N=Nc1ccc(cc1)Oc1ccc(cc1)N=NP(=O)(OCc1ccc(cc1)C)OC)OC,tg,2
OP(=O)(N=Nc1ccc(cc1)c1ccc(cc1)N=NP(=O)(OCc1ccc(cc1)C)OC)OC,tg,1
OP(=O)(OCCCCCCCCCCOc1c(cc(cc1)C=C1C(=O)C(=Cc2cc(c(cc2)OCCCCCCCCCC)OC)CC1)OC)OCC,tg,0
OP(=O)(OCCCCCCCCCCOc1ccc(cc1)C=Cc1ccc(cc1)OCCCCCCCCCC)OCCCCCCCCCCOc1ccc(cc1)N=Nc1ccc(cc1)C#N,tg,2
OP(=O)(OCCCCCCCCCCOc1ccc(cc1)C=Cc1ccc(cc1)OCCCCCCCCCC)OCCCCCCCCCCOc1ccc(cc1)N=Nc1ccc(cc1)Cl,tg,1
OP(=O)(OCCCCCCCCCCOc1ccc(cc1)C=Cc1ccc(cc1)OCCCCCCCCCC)OCCCCCCCCCCOc1ccc(cc1)N=Nc1ccc(cc1)[N+](=O)[O-],tg,0
OP(=O)(OCCCCCCCCCCOc1ccc(cc1)C=Cc1ccc(cc1)OCCCCCCCCCC)OCCCCCCCCCCOc1ccc(cc1)N=Nc1ccc(cc1)c1ccccc1,tg,2
OP(=O)(OCCCCCCCCCCOc1ccc(cc1)C=Cc1ccc(cc1)OCCCCCCCCCC)OCCCCCCCCCCOc1ccc(cc1)N=Nc1ccccc1,tg,1
OP(=O)(OCCCCCCCCOc1c(cc(cc1)C=C1C(=O)C(=Cc2cc(c(cc2)OCCCCCCCC)OC)CC1)OC)OCC,tg,0
OP(=O)(OCCCCCCOc1c(cc(cc1)C=C1C(=O)C(=Cc2cc(c(cc2)OCCCCCC)OC)CC1)OC)OCC,tg,2
OP(=O)(OCCCCOc1c(cc(cc1)C=C1C(=O)C(=Cc2cc(c(cc2)OCCCC)OC)CC1)OC)OC,tg,1
OP(=O)(OCCCCOc1c(cc(cc1)C=C1C(=O)C(=Cc2cc(c(cc2)OCCCC)OC)CC1)OC)OCC,tg,0
OP(=O)(OCCOc1c(cc(cc1)C=C1C(=O)C(=Cc2cc(c(cc2)OCC)OC)CC1)OC)OC,tg,2
OP(=O)(OCCOc1c(cc(cc1)C=C1C(=O)C(=Cc2cc(c(cc2)OCC)OC)CC1)OC)OCC,tg,1
OP(=O)(OCCOc1ccc(cc1)S(=O)(=O)c1ccc(cc1)OCC)Oc1ccc(cc1)Br,tg,0
OP(=O)(OCCOc1ccc(cc1)S(=O)(=O)c1ccc(cc1)OCC)Oc1ccc(cc1)C,tg,2
OP(=O)(OCCOc1ccc(cc1)S(=O)(=O)c1ccc(cc1)OCC)Oc1ccc(cc1)[N+](=O)[O-],tg,1
OP(=O)(OCCOc1ccc(cc1)S(=O)(=O)c1ccc(cc1)OCC)Oc1ccccc1,tg,0
OP(=O)(Oc1c(c(c(c(c1Cl)Cl))Cl)Cl)Oc1c(cc(cc1Cl)Cl)Cl,tg,2
OP(=O)(Oc1c(c(c(c(c1Cl)Cl))Cl)Cl)Oc1c(cccc1Cl)Cl,tg,1
OP(=O)(Oc1c(c(c(c(c1Cl)Cl))Cl)Cl)Oc1ccc(cc1)Cl,tg,0
OP(=O)(Oc1c(c(c(c(c1Cl)Cl))Cl)Cl)Oc1ccccc1,tg,2
OP(=O)(Oc1c(cc(cc1Br)C(c1cc(c(c(c1)Br))Br)(C(F)(F)F)C(F)(F)F)Br)Oc1ccc(cc1)Br,tg,1
OP(=O)(Oc1c(cc(cc1Br)C(c1cc(c(c(c1)Br))Br)(C(F)(F)F)C(F)(F)F)Br)Oc1ccc(cc1)C,tg,0
OP(=O)(Oc1c(cc(cc1Br)C(c1cc(c(c(c1)Br))Br)(C(F)(F)F)C(F)(F)F)Br)Oc1ccc(cc1)OC,tg,2
OP(=O)(Oc1c(cc(cc1Br)C(c1cc(c(c(c1)Br))Br)(C(F)(F)F)C(F)(F)F)Br)Oc1ccc(cc1)[N+](=O)[O-],tg,1
OP(=O)(Oc1c(cc(cc1C)S(=O)(=O)c1cc(c(c(c1)C))C)C)Oc1ccc(cc1)C,tg,0
OP(=O)(Oc1c(cc(cc1C)S(=O)(=O)c1cc(c(c(c1)C))C)C)Oc1ccc(cc1)OC,tg,2
OP(=O)(Oc1c(cc(cc1C)S(=O)(=O)c1cc(c(c(c1)C))C)C)Oc1ccc(cc1)[N+](=O)[O-],tg,1
OP(=O)(Oc1c(cc(cc1C)S(=O)(=O)c1cc(c(c(c1)C))C)C)Oc1ccccc1,tg,0
OP(=O)(Oc1c2c(ccc1)c(ccc2))OC1CCCCC1,tg,2
OP(=O)(Oc1c2c(ccc1)c(ccc2))Oc1ccccc1,tg,1
OP(=O)(Oc1ccc()cc1)OC1CCCCC1,egc,0
OP(=O)(Oc1ccc(-c2ccc()cc2)cc1)OC1CCCCC1,egc,2
OP(=O)(Oc1ccc(cc1))Oc1ccccc1,tg,1
OP(=O)(Oc1ccc(cc1)C(c1ccc(cc1))(C)C)Oc1c(c(c(c(c1Cl)Cl)Cl)Cl)Cl,tg,0
OP(=O)(Oc1ccc(cc1)C(c1ccc(cc1))(C)C)Oc1c(cc(cc1Cl)Cl)Cl,tg,2
OP(=O)(Oc1ccc(cc1)C(c1ccc(cc1))(C)C)Oc1c(cccc1Cl)Cl,tg,1
OP(=O)(Oc1ccc(cc1)NC(=O)Oc1ccc(cc1)C(c1ccc(cc1)OC(=O)Nc1ccc(cc1))(C)C)c1ccccc1,tg,0
OP(=O)(Oc1ccc(cc1)NC(=O)Oc1ccc(cc1)c1ccc(cc1)OC(=O)Nc1ccc(cc1))c1ccccc1,tg,2
OP(=O)(Oc1ccc(cc1)S(=O)(=O)c1ccc(cc1))Oc1ccc(cc1)Br,tg,1
OP(=O)(Oc1ccc(cc1)S(=O)(=O)c1ccc(cc1))Oc1ccc(cc1)C,tg,0
OP(=O)(Oc1ccc(cc1)S(=O)(=O)c1ccc(cc1))Oc1ccc(cc1)OC,tg,2
OP(=O)(Oc1ccc(cc1)S(=O)(=O)c1ccc(cc1))Oc1ccccc1,tg,1
OP(=O)(Oc1cccc2c()cccc12)OC1CCCCC1,egc,0
OP(=O)(Oc1ccccc1)Oc1c(Cl)c(Cl)c()c(Cl)c1Cl,egc,2
OP(=O)(Oc1ccccc1)Oc1ccc()cc1,egc,1
OP(=O)(Oc1ccccc1)Oc1ccc(-c2ccc()cc2)cc1,egc,0
OS(=O)(=O)c1c(ccc(c1)S(=O)(=O)Oc1ccc(cc1)C1(CCCC1)c1ccc(cc1))C,tg,2
OS(=O)(=O)c1c(ccc(c1)S(=O)(=O)Oc1ccc(cc1)C1(CCCCC1)c1ccc(cc1))C,tg,1
OS(=O)(=O)c1cc(S(=O)(=O)Oc2ccc(C3(c4ccc()cc4)CCCC3)cc2)ccc1C,egc,0
OS(=O)(=O)c1cc(c(c(c1)C))C,tg,2
OS(=O)(=O)c1cc(ccc1)C(=O)c1cc(ccc1)S(=O)(=O)Oc1ccc(cc1)C(c1ccc(cc1))(C)C,tg,1
OS(=O)(=O)c1cc(ccc1)S(=O)(=O)Oc1ccc(cc1)C(c1ccc(cc1))(C)C,tg,0
OS(=O)(=O)c1cc(ccc1)S(=O)(=O)Oc1ccc(cc1)C(c1ccc(cc1))(CC)C,tg,2
OS(=O)(=O)c1cc(ccc1)S(=O)(=O)Oc1ccc(cc1)C1(CCCCC1)c1ccc(cc1),tg,1
OS(=O)(=O)c1ccc(cc1)Oc1ccc(cc1)S(=O)(=O)Oc1ccc(cc1)C(c1ccc(cc1))(C)C,tg,0
O[Ca]OC(=O)c1c(cccc1)C(=O)OCCCCCOC(=O)NCCCCCCNC(=O)OCCCCCOC(=O)c1c(cccc1)C(=O),tg,2
O[Si]()(CC)CC,tg,1
O[Si]()(CCC)c1ccccc1,tg,0
O[Si]()(CCCCCCCCCCCOc1ccc(cc1)/C=C/c1ccc(cc1)C#N)C,tg,2
O[Si]()(CCCCCCCCCCCOc1ccc(cc1)/C=C/c1ccc(cc1)OC)C,tg,1
O[Si]()(CCCCCCOc1ccc(cc1)C(=O)Oc1ccc(cc1)C(=O)OCC(CC)C)C,tg,0
O[Si]()(CCCCCOc1ccc(cc1)/C=C/c1ccc(cc1)OC)C,tg,2
O[Si]()(CCCCCn1c2ccccc2c2ccccc12)C,tg,1
O[Si]()(CCCOCC1OC(=O)OC1)C,tg,0
O[Si]()(CCCOCCOCCOC)CCCOCCOCCOC,tg,2
O[Si]()(CCCOCCOCCOCCOCCOC)CCCOCCOCCOCCOCCOC,tg,1
O[Si]()(CCCOCCOCCOCCOCCOCCOCCOC)CCCOCCOCCOCCOCCOCCOCCOC,tg,0
O[Si]()(CCCOCCOCCOCCOCCOCCOCCOCCOC)CCCOCCOCCOCCOCCOCCOCCOCCOC,tg,2
O[Si]()(CCCOc1c(cc(cc1)C(=O)OC1CC2=CCC3C(CCC4(C(CCC34)C(CCCC(C)C)C)C)C2(CC1)C)S(=O)(=O)O[K])C,tg,1
O[Si]()(CCCOc1ccc(cc1)C(=O)OC1CC2=CCC3C(CCC4(C(CCC34)C(CCCC(C)C)C)C)C2(CC1)C)C,tg,0
O[Si]()(CCCOc1ccc(cc1)C(=O)Oc1ccc(cc1)c1ccc(cc1)OC(=O)c1cc(c(c(c1)OCC(CC)C)OCC(CC)C)OCC(CC)C)C,tg,2
O[Si]()(CCCOc1ccc(cc1)C(=O)Oc1ccc(cc1)c1ccc(cc1)OC(=O)c1cc(c(c(c1)OCCCCC)OCCCCC)OCCCCC)C,tg,1
O[Si]()(CCCOc1ccc(cc1)N=Nc1ccc(cc1)S(=O)(=O)O)C,tg,0
O[Si]()(CCCn1c2ccccc2c2ccccc12)C,tg,2
O[Si]()(OCCOCCOCCOCCOCCOCCOCCOCCOC)C,tg,1
O[Si]()(c1ccccc1)C,tg,0
O[Si]()(c1ccccc1)c1ccccc1,tg,2
O[Si](C#C[Si](C#C[Si](C#C[Si](C#C[Si]()(C)C)(C)C)(C)C)(C)C)(C)C,tg,1
O[Si](C#C[Si](C#C[Si](C#C[Si](C#C[Si](C#C[Si]()(C)C)(C)C)(C)C)(C)C)(C)C)(C)C,tg,0
O[Si](C)(C)O[Si](C)(C)O[Si](C)(C)OC(C)CCC()C,egc,2
O[Si](C)(C)Oc1ccc()cc1,egc,1
O[Si](CC(COC(=O)c1cc(ccc1)C(=O)OCC(C[Si]()(C)C)(C)C)(C)C)(C)C,tg,0
O[Si](CCC(C(C(C(C(C(C(C(C(C(CC[Si]()(CCC(F)(F)F)C)(F)F)(F)F)(F)F)(F)F)(F)F)(F)F)(F)F)(F)F)(F)F)(F)F)(CCC(F)(F)F)C,tg,2
O[Si](CCC(CC[Si]()(CCC(F)(F)F)C)(F)F)(CCC(F)(F)F)C,tg,1
O[Si](CCCC(=O)Oc1ccc(cc1)C=Nc1ccc(cc1)Oc1ccc(cc1)N=Cc1ccc(cc1)OC(=O)CCC[Si]()(C)C)(C)C,tg,0
O[Si](CCCCCCOC(=O)C(Oc1c(cc(cc1)OC(=O)c1ccc(cc1)c1ccc(cc1)OCCCCCCCCCC[Si]()(C)C)[N+](=O)[O-])C)(C)C,tg,2
O[Si](CCCCCCOC(=O)C(Oc1ccc(cc1)OC(=O)c1ccc(cc1)c1ccc(cc1)OCCCCCCCCCC[Si]()(C)C)C)(C)C,tg,1
O[Si](CCCN=C1c2c(C(=NCCC[Si]()(C)C)C=C1)c(ccc2O)O)(C)C,tg,0
O[Si](CCCN=C1c2c(ccc(c2C(=NCCC[Si]()(C)C)c2ccccc12)O)O)(C)C,tg,2
O[Si](CC[Si]()(O[Si](C)(C)C)C)(C)C,tg,1
O[Si](COC(=O)CCCCCCCCC(=O)Oc1ccc(cc1)S(=O)(=O)c1ccc(cc1)Oc1ccc(cc1)C=C1C(=O)C(=Cc2ccc(cc2)Oc2ccc(cc2)S(=O)(=O)c2ccc(cc2)OC(=O)CCCCCCCCC(=O)OC[Si]()(C)C)CCC1)(C)C,tg,0
O[Si](COC(=O)CCCCCCCCC(=O)Oc1ccc(cc1)S(=O)(=O)c1ccc(cc1)Oc1ccc(cc1)C=C1C(=O)C(=Cc2ccc(cc2)Oc2ccc(cc2)S(=O)(=O)c2ccc(cc2)OC(=O)CCCCCCCCC(=O)OC[Si]()(C)C)CCCC1)(C)C,tg,2
O[Si](OC(CC)C)(C)C,tg,1
O[Si](OC(CCC)C)(C)C,tg,0
O[Si](OC(COc1ccc(cc1)C(c1ccc(cc1)OCC()CCl)(C)C)CCl)(C)C,tg,2
O[Si](OCCOc1ccc(cc1)C1(c2ccccc2c2ccccc12)c1ccc(cc1)OCC)(c1ccccc1)c1ccccc1,tg,1
O[Si](O[Si]()(c1c(c(c(c(c1F)F)F)F)F)C)(C)C,tg,0
O[Si](O[Si](OC(CCC()C)C)(C)C)(C)C,tg,2
O[Si](O[Si](OC(CCCCC()C)C)(C)C)(C)C,tg,1
O[Si](O[Si](O[Si]()(c1c(c(c(c(c1F)F)Cl)F)F)C)(C)C)(C)C,tg,0
O[Si](O[Si](O[Si]()(c1c(c(c(c(c1F)F)F)F)F)C)(C)C)(C)C,tg,2
O[Si](O[Si](O[Si](OC(CCCCC()C)C)(C)C)(C)C)(C)C,tg,1
O[Si](O[Si](O[Si](O[Si](CC[Si](O[Si](CC[Si]()(c1ccccc1)c1ccccc1)(C)C)(C)C)(c1ccccc1)c1ccccc1)(c1ccccc1)c1ccccc1)(c1ccccc1)c1ccccc1)(c1ccccc1)c1ccccc1,tg,0
O[Si](O[Si](O[Si](O[Si](OC(CCC()C)C)(C)C)(C)C)(C)C)(C)C,tg,2
O[Si](O[Si](O[Si](O[Si](OC(CCCCC()C)C)(C)C)(C)C)(C)C)(C)C,tg,1
O[Si](O[Si](O[Si](O[Si](O[Si](C#Cc1ccc(cc1)C#C[Si]()(C)C)(C)C)(C)C)(C)C)(C)C)(C)C,tg,0
O[Si](O[Si](O[Si](O[Si](O[Si](OC(CCCCC()C)C)(C)C)(C)C)(C)C)(C)C)(C)C,tg,2
O[Si](O[Si](O[Si](O[Si](O[Si](O[Si](OC1=C(c2c3c(ccc2)cccc13))(C)C)(C)C)(C)C)(C)C)(C)C)(C)C,tg,1
O[Si](O[Si](O[Si](O[Si](O[Si](Oc1c2ccccc2c2ccccc2c1)(C)C)(C)C)(C)C)(C)C)(C)C,tg,0
O[Si](O[Si](O[Si](O[Si](O[Si](c1ccc(cc1)[Si]()(C)C)(C)C)(C)C)(C)C)(C)C)(C)C,tg,2
O[Si](O[Si](O[Si](O[Si](c1cc(ccc1)[Si]()(C)C)(C)C)(C)C)(C)C)(C)C,tg,1
O[Si](O[Si](O[Si](O[Si](c1cc(ccc1)[Si]()(c1ccccc1)C)(c1ccccc1)C)(C)C)(C)C)(C)C,tg,0
O[Si](O[Si](O[Si](O[Si](c1ccc(cc1)Oc1ccc(cc1)[Si]()(C)C)(C)C)(C)C)(C)C)(C)C,tg,2
O[Si](O[Si](O[Si](O[Si](c1ccc(cc1)[Si]()(C)C)(C)C)(C)C)(C)C)(C)C,tg,1
O[Si](O[Si](O[Si](Oc1c(cc(cc1C)c1cc(c(c(c1)C))C)C)(C)C)(C)C)(C)C,tg,0
O[Si](O[Si](O[Si](c1ccc(cc1)Oc1ccc(cc1)[Si]()(C)C)(C)C)(C)C)(C)C,tg,2
O[Si](O[Si](O[Si](c1ccc(cc1)[Si]()(C)C)(C)C)(C)C)(C)C,tg,1
O[Si](O[Si](Oc1ccc(cc1)c1ccc(cc1))(C)C)(C)C,tg,0
O[Si](O[Si](c1c(c(c(c(c1F)F)F)[Si]()(C)C)F)(C)C)(C)C,tg,2
O[Si](O[Si](c1ccc(cc1)[Si]()(C)C)(C)C)(C)C=C,tg,1
O[Si](O[Si](c1ccc(cc1)[Si]()(C)C)(C)C)(C=C)C=C,tg,0
O[Si](Oc1c(cc(cc1)C1(c2ccccc2c2ccccc12)c1cc(c(cc1))C)C)(c1ccccc1)c1ccccc1,tg,2
O[Si](Oc1ccc(cc1))(C)C,tg,1
O[Si](Oc1ccc(cc1)C(c1ccc(cc1))(C)C)(C)C,tg,0
O[Si](Oc1ccc(cc1)C(c1ccc(cc1))(C)C)(c1ccccc1)C,tg,2
O[Si](Oc1ccc(cc1)C1(c2ccccc2c2ccccc12)c1ccc(cc1))(c1ccccc1)c1ccccc1,tg,1
O[Si](c1c(cc(c(c1)OCCO)[Si]()(C)C)OCCO)(C)C,tg,0
O[Si](c1c(cc(c(c1)OCCOCc1ccccc1)[Si]()(C)C)OCCOCc1ccccc1)(C)C,tg,2
O[Si](c1c2c(c(cc1)[Si]()(C)C)cccc2)(C)C,tg,1
O[Si](c1c2c(ccc1)c(ccc2)[Si]()(C)C)(C)C,tg,0
O[Si](c1c2ccc3ccc(c4ccc(cc1)c2c34)[Si]()(C)C)(C)C,tg,2
O[Si](c1cc(ccc1)C(C(c1cc(ccc1)[Si]()(C)C)(F)F)(F)F)(C)C,tg,1
O[Si](c1cc(ccc1)[Si]()(C)C)(C)C,tg,0
O[Si](c1cc2c(cc1)cc(cc2)[Si]()(C)C)(C)C,tg,2
O[Si](c1cc2c(cc1)ccc(c2)[Si]()(C)C)(C)C,tg,1
O[Si](c1ccc(cc1)[Si]()(c1ccccc1)c1ccccc1)(c1ccccc1)c1ccccc1,tg,0
O[Si](c1ccc(cc1)[Si](O[SiH]()C)(C)C)(C)C,tg,2
O[Si](c1ccc(cc1)[Si](O[SiH]()CCC(F)(F)F)(C)C)(C)C,tg,1
O[Si](c1ccc(cc1)[Si](Oc1c(cc(cc1C)c1cc(c(c(c1)C))C)C)(C)C)(C)C,tg,0
O[Si](c1ccc(cc1)c1ccc(cc1)[Si]()(C)C)(C)C,tg,2
Oc1c(-c2ccccc2)cc()cc1-c1ccccc1,egc,1
Oc1c(Br)cc(C2(c3cc(Br)c(OC()=O)c(Br)c3)CC3CCC2C3)cc1Br,egc,0
Oc1c(C)cc()cc1C,egc,2
Oc1c(C)cc(N=Nc2ccc(C()=O)cc2)cc1C,egc,1
Oc1c(F)c(F)c(S(=O)(=O)c2c(F)c(F)c(Oc3ccc(C(c4ccc()cc4)(C(F)(F)F)C(F)(F)F)cc3)c(F)c2F)c(F)c1F,egc,0
Oc1c(OC)cc()cc1OC,egc,2
Oc1c(c(c(c(c1)C))C)Br,tg,1
Oc1c(c(c(c(c1C)C)NC(=O)c1ccc(cc1)C(=O)Nc1ccc(cc1))C)C,tg,0
Oc1c(c(c(c(c1C)C)Oc1ccc(cc1)NC(=O)c1ccc(cc1)C(=O)Nc1ccc(cc1))C)C,tg,2
Oc1c(c(c(c(c1F)C#N)Oc1ccc(cc1)C(c1cc(ccc1)C(c1ccc(cc1))(C)C)(C)C)F)C#N,tg,1
Oc1c(c(c(c(c1F)F)COC(c1cc(ccc1)C(OCc1c(c(c(c(c1F)F)Oc1ccc(cc1)Cc1ccc(cc1))F)F)(C(F)(F)F)C(F)(F)F)(C(F)(F)F)C(F)(F)F)F)F,tg,0
Oc1c(c(c(c(c1F)F)S(=O)(=O)c1c(c(c(c(c1F)F)Oc1ccc(cc1)C(c1ccc(cc1))(C(F)(F)F)C(F)(F)F)F)F)F)F,tg,2
Oc1c(c(c(c(c1F)F)Sc1c(c(c(c(c1F)F)Oc1ccc(cc1)C(c1ccc(cc1))(C(F)(F)F)C(F)(F)F)F)F)F)F,tg,1
Oc1c(c(c(c(c1F)F)c1c(c(c(c(c1F)F)Oc1c(cc(cc1)Cc1cc(c(cc1))C=O)C=O)F)F)F)F,tg,0
Oc1c(c(c(c(c1[2H])[2H])S(=O)(=O)c1c(c(c(c(c1[2H])[2H])Oc1c(c(c(c(c1[2H])[2H])C(c1c(c(c(c(c1[2H])[2H]))[2H])[2H])(C([2H])([2H])[2H])C([2H])([2H])[2H])[2H])[2H])[2H])[2H])[2H])[2H],tg,2
Oc1c(c(cc(c1)Cl)Cl),tg,1
Oc1c(c(ccc1)Oc1cc(ccc1))C#N,tg,0
Oc1c(c(ccc1)Oc1cc(ccc1)NC(=O)c1c(ccc(c1)Oc1cc(c(cc1)C(=O)O)C(=O)Nc1cc(ccc1))C(=O)O)C#N,tg,2
Oc1c(c2c(cc1)cccc2)Sc1c2c(ccc1OCC(=O)Nc1c3c(ccc1)c(ccc3)NC(=O)C)cccc2,tg,1
Oc1c(c2c(cc1)cccc2)Sc1c2c(ccc1OCC(=O)Nc1ccc(cc1)Cc1ccc(cc1)NC(=O)C)cccc2,tg,0
Oc1c(c2c(cc1)cccc2)Sc1c2c(ccc1OCC(=O)Nc1ccc(cc1)NC(=O)C)cccc2,tg,2
Oc1c(cc(c(c1)C(=O)c1ccccc1)Oc1ccc(cc1))C(=O)c1ccccc1,tg,1
Oc1c(cc(c(c1)C(C)(C)C)Oc1ccc(cc1)C(=O)Nc1c(cc(cc1)C(c1cc(c(cc1)NC(=O)c1ccc(cc1))C)(C)C)C)C(C)(C)C,tg,0
Oc1c(cc(c(c1)C(C)(C)C)Oc1ccc(cc1)C(=O)Nc1c(cc(cc1C)C(c1cc(c(c(c1)C)NC(=O)c1ccc(cc1))C)(C)C)C)C(C)(C)C,tg,2
Oc1c(cc(c(c1)C(C)(C)C)Oc1ccc(cc1)C(=O)Nc1c(cc(cc1C)Cc1cc(c(c(c1)C(C)C)NC(=O)c1ccc(cc1))C)C(C)C)C(C)(C)C,tg,1
Oc1c(cc(c(c1)C(C)(C)C)Oc1ccc(cc1)C(=O)Nc1ccc(cc1)C(c1ccc(cc1)NC(=O)c1ccc(cc1))(C)C)C(C)(C)C,tg,0
Oc1c(cc(c(c1)C(C)(C)C)Oc1ccc(cc1)C(=O)c1ccc(cc1))C(C)(C)C,tg,2
Oc1c(cc(c(c1)C(c1ccccc1)(C)C)OC(=O)c1cc(ccc1)C(=O))C(c1ccccc1)(C)C,tg,1
Oc1c(cc(c(c1)C(c1ccccc1)(C)C)OC(=O)c1ccc(cc1)C(=O))C(c1ccccc1)(C)C,tg,0
Oc1c(cc(c(c1)OC(=O)c1ccc(cc1)OCCCC)OC(=O)C(CCC(=O))(C)C)OC(=O)c1ccc(cc1)OCCCC,tg,2
Oc1c(cc(c(c1)OC(=O)c1ccc(cc1)OCCCC)OC(=O)CCCCCC(=O))OC(=O)c1ccc(cc1)OCCCC,tg,1
Oc1c(cc(c(c1)OC(=O)c1ccc(cc1)OCCCC)OC(=O)CCCCCCCC(=O))OC(=O)c1ccc(cc1)OCCCC,tg,0
Oc1c(cc(c(c1)OC(=O)c1ccc(cc1)OCCCCCCCCCCCC)OC(=O)CCCC(=O))OC(=O)c1ccc(cc1)OCCCCCCCCCCCC,tg,2
Oc1c(cc(cc1)C(=O)c1cc(ccc1)C(=O)c1cc(c(cc1))C(C)C)CC,tg,1
Oc1c(cc(cc1)C(=O)c1ccc(cc1)C(=O)c1cc(c(cc1))C(C)C)C,tg,0
Oc1c(cc(cc1)C(c1cc(c(cc1)OC(=O))C(C)C)(C)C)C(C)C,tg,2
Oc1c(cc(cc1)C(c1cc(c(cc1)OC(=O))C)(CC)C)C,tg,1
Oc1c(cc(cc1)C(c1cc(c(cc1)OC(=O))C)(CCC#N)C)C,tg,0
Oc1c(cc(cc1)C(c1cc(c(cc1)OC(=O)CCCCC(=O))C)(C)C)C,tg,2
Oc1c(cc(cc1)C(c1cc(c(cc1)OC(=O)c1ccc(cc1)C(=O))C(C)C)(C)C)C(C)C,tg,1
Oc1c(cc(cc1)C(c1cc(c(cc1)OC(=O)c1ccc(cc1)C(=O))C(CC)C)(C)C)C(CC)C,tg,0
Oc1c(cc(cc1)C(c1cc(c(cc1)OC(=O)c1ccc(cc1)C(=O))C)(C)C)C,tg,2
Oc1c(cc(cc1)C(c1cc(c(cc1)OC(=O)c1ccc(cc1)C(=O))Cl)(C)C)Cl,tg,1
Oc1c(cc(cc1)C1(C2C3C(C(C1)C2)C1CCC3C1)c1c(cc(cc1)OC(=O))C)C,tg,0
Oc1c(cc(cc1)C1(C2C3C(CCC3)C(C1)C2)c1cc(c(cc1)OC(=O))C)C,tg,2
Oc1c(cc(cc1)C1(C2CCC(C1)C2)c1cc(c(cc1)OC(=O))C)C,tg,1
Oc1c(cc(cc1)C1(C2CCC(C1)C2)c1cc(c(cc1)OC(=O))Cl)Cl,tg,0
Oc1c(cc(cc1)C1(CC2C(CC1)CCCC2)c1cc(c(cc1)Oc1ccc(cc1)C(=O)c1ccc(cc1))C)C,tg,2
Oc1c(cc(cc1)C1(c2ccccc2c2ccccc12)c1cc(c(cc1)Oc1ccc(cc1)C(=O)c1cc(ccc1)C(=O)c1ccc(cc1))C)C,tg,1
Oc1c(cc(cc1)C=C1C(=O)C(=Cc2cc(c(cc2)OC(=O)c2cc(ccc2)C(=O))OC)CCC1)OC,tg,0
Oc1c(cc(cc1)C=C1C(=O)C(=Cc2cc(c(cc2)OC(=O)c2ccc(cc2)N=Cc2ccc(cc2)C=Nc2ccc(cc2)C(=O))OC)CC1)OC,tg,2
Oc1c(cc(cc1)C=C1C(=O)C(=Cc2cc(c(cc2)OCCCCCCCC)OC)CCC1)OC,tg,1
Oc1c(cc(cc1)C=C1C(=O)C(=Cc2cc(c(cc2)OCCCCCCCCCC)OC)CCC1)OC,tg,0
Oc1c(cc(cc1)NC(=O)NC1CC(CC(C1)(CNC(=O)Nc1cc(c(cc1))c1ccc(cc1)Oc1ccccc1)C)(C)C)c1ccc(cc1)Oc1ccccc1,tg,2
Oc1c(cc(cc1)OC(=O)c1c(cc(c(c1)OCCCc1ccccc1)C(=O))OCCCc1ccccc1)C,tg,1
Oc1c(cc(cc1)OC(=O)c1c(cc(cc1)C(=O))Sc1ccccc1)C,tg,0
Oc1c(cc(cc1)OC(=O)c1c(cc(cc1)C(=O))Sc1ccccc1)c1ccccc1,tg,2
Oc1c(cc(cc1)OC(=O)c1c(cc(cc1)c1ccc(cc1)C(=O))c1ccccc1)C,tg,1
Oc1c(cc(cc1)OC(=O)c1c(cc(cc1)c1ccc(cc1)C(=O))c1ccccc1)C(c1ccccc1)(C)C,tg,0
Oc1c(cc(cc1)OC(=O)c1c(cc(cc1)c1ccc(cc1)C(=O))c1ccccc1)c1ccccc1,tg,2
Oc1c(cc(cc1)OC(=O)c1cc(ccc1)Sc1ccc(cc1)OC(=O)c1ccc(cc1)C(=O)Oc1ccc(cc1)Sc1cc(ccc1)C(=O))C,tg,1
Oc1c(cc(cc1)OC(=O)c1ccc(cc1)C(=O))C(F)(F)F,tg,0
Oc1c(cc(cc1)OC(=O)c1ccc(cc1)C(=O))C1CCCCCCC1,tg,2
Oc1c(cc(cc1)OC(=O)c1ccc(cc1)C(=O))CCC(CC)C,tg,1
Oc1c(cc(cc1)OC(=O)c1ccc(cc1)C(=O))c1cc(ccc1)C(F)(F)F,tg,0
Oc1c(cc(cc1)OC(=O)c1ccc(cc1)OCCCCCCCCCCCCOc1ccc(cc1)C(=O))C=Cc1ccncc1,tg,2
Oc1c(cc(cc1)OC(=O)c1ccc(cc1)OCCCCCCCCCCOc1ccc(cc1)C(=O))S(=O)(=O)c1ccccc1,tg,1
Oc1c(cc(cc1)OC(=O)c1ccc(cc1)OCCCCCCCCOc1ccc(cc1)C(=O))C(=O)CC,tg,0
Oc1c(cc(cc1)OC(=O)c1ccc(cc1)OCCCCCCOc1ccc(cc1)C(=O))S(=O)(=O)c1ccccc1,tg,2
Oc1c(cc(cc1)OC(=O)c1ccc(cc1)Sc1cc(ccc1)OC(=O)c1ccc(cc1)C(=O)Oc1cc(ccc1)Sc1ccc(cc1)C(=O))C,tg,1
Oc1c(cc(cc1)OCCCC(=O)NNC(=O)c1ccc(cc1)C(=O)NNC(=O)CCC)C,tg,0
Oc1c(cc(cc1)OCCCCC(=O)NNC(=O)c1ccc(cc1)C(=O)NNC(=O)CCCC)C,tg,2
Oc1c(cc(cc1)OCCCCCC(=O)NNC(=O)c1ccc(cc1)C(=O)NNC(=O)CCCCC)C,tg,1
Oc1c(cc(cc1)Oc1ccc(cc1)C(=O)Nc1ccc(cc1)Oc1ccc(cc1)S(=O)(=O)c1ccc(cc1)Oc1ccc(cc1)NC(=O)c1ccc(cc1))C,tg,0
Oc1c(cc(cc1)Oc1ccc(cc1)C(=O)Nc1ccc(cc1)Oc1ccc(cc1)S(=O)(=O)c1ccc(cc1)Oc1ccc(cc1)NC(=O)c1ccc(cc1))c1ccccc1,tg,2
Oc1c(cc(cc1)Oc1ccc(cc1)C(=O)Nc1ccc(cc1)Oc1ccc(cc1)c1ccc(cc1)Oc1ccc(cc1)NC(=O)c1ccc(cc1))C,tg,1
Oc1c(cc(cc1)Oc1ccc(cc1)C(=O)Nc1ccc(cc1)Oc1ccc(cc1)c1ccc(cc1)Oc1ccc(cc1)NC(=O)c1ccc(cc1))c1ccccc1,tg,0
Oc1c(cc(cc1)Oc1ccc(cc1)C(=O)c1cc(ccc1)C(=O)c1ccc(cc1))S(=O)(=O)O,tg,2
Oc1c(cc(cc1)Oc1ccc(cc1)C(=O)c1ccc(cc1))C(C)(C)C,tg,1
Oc1c(cc(cc1)Oc1ccc(cc1)C(=O)c1ccc(cc1))c1cc(cc(c1)C)C,tg,0
Oc1c(cc(cc1)Oc1ccc(cc1)C(=O)c1ccc(cc1))c1cc(ccc1)C(F)(F)F,tg,2
Oc1c(cc(cc1)Oc1ccc(cc1)C(=O)c1ccc(cc1)C(=O)c1ccc(cc1))c1cc(c(cc1)S(=O)(=O)O)C,tg,1
Oc1c(cc(cc1)Oc1ccc(cc1)C(=O)c1ccc(cc1)C(=O)c1ccc(cc1))c1cc(ccc1)C,tg,0
Oc1c(cc(cc1)Oc1ccc(cc1)C(=O)c1ccc(cc1)C(=O)c1ccc(cc1))c1ccccc1,tg,2
Oc1c(cc(cc1)Oc1ccc(cc1)C(=O)c1ccc(cc1)c1ccc(cc1)C(=O)c1ccc(cc1))c1cc(c(cc1)S(=O)(=O)O)C,tg,1
Oc1c(cc(cc1)Oc1ccc(cc1)C(=O)c1ccc(cc1)c1ccc(cc1)C(=O)c1ccc(cc1))c1cc(ccc1)C,tg,0
Oc1c(cc(cc1)Oc1ccc(cc1)NC(=O)c1cc(ccc1)C(=O)Nc1ccc(cc1))C(C)(C)C,tg,2
Oc1c(cc(cc1)Oc1ccc(cc1)NC(=O)c1ccc(cc1)Oc1c(cc(cc1)Oc1ccc(cc1)C(=O)Nc1ccc(cc1))c1ccccc1)c1ccccc1,tg,1
Oc1c(cc(cc1)S(=O)(=O)c1cc(c(cc1)OCC(C)O)C)C,tg,0
Oc1c(cc(cc1)S(=O)(=O)c1cc(c(cc1)OCC(COc1ccc(cc1)C(c1ccc(cc1)OCC(C)O)(C)C)O)C)C,tg,2
Oc1c(cc(cc1)S(=O)(=O)c1cc(c(cc1)Oc1ccc(cc1)C(c1ccc(cc1))(C)C)[N+](=O)[O-])[N+](=O)[O-],tg,1
Oc1c(cc(cc1)c1ccc(cc1)NC(=O)c1cc(cc(c1)C(C)(C)C)C(=O)Nc1ccc(cc1)c1cc(c(cc1)Oc1ccc(cc1)C(c1ccc(cc1))(C)C)C(F)(F)F)C(F)(F)F,tg,0
Oc1c(cc(cc1)c1ccc(cc1)OC(=O)c1ccc(cc1)C(=O))c1ccccc1,tg,2
Oc1c(cc(cc1)c1ccc(cc1)c1cc(c(cc1)Oc1ccc(cc1)C(c1ccc(cc1))(C)C)C(F)(F)F)C(F)(F)F,tg,1
Oc1c(cc(cc1Br))Br,tg,0
Oc1c(cc(cc1Br)C(c1cc(c(c(c1)Br)OC(=O))Br)(C)C)Br,tg,2
Oc1c(cc(cc1Br)C(c1cc(c(c(c1)Br)OC(=O)c1cc(ccc1)C(=O))Br)(C)C)Br,tg,1
Oc1c(cc(cc1Br)C(c1cc(c(c(c1)Br)OC(=O)c1ccc(cc1)OCCCCCCCCCCOc1ccc(cc1)C(=O))Br)(C)C)Br,tg,0
Oc1c(cc(cc1Br)C1(C2CCC(C1)C2)c1cc(c(c(c1)Br)OC(=O))Br)Br,tg,2
Oc1c(cc(cc1Br)S(=O)(=O)c1cc(c(c(c1)Br)OC(=O))Br)Br,tg,1
Oc1c(cc(cc1C(C)C)C(=O)c1cc(ccc1)C(=O)c1ccc(cc1))C(C)C,tg,0
Oc1c(cc(cc1C))C,tg,2
Oc1c(cc(cc1C))C(CCC)C,tg,1
Oc1c(cc(cc1C))C(CCCC)C,tg,0
Oc1c(cc(cc1C))C(CCCCC)C,tg,2
Oc1c(cc(cc1C))C(CCCCCCCC)C,tg,1
Oc1c(cc(cc1C))C(CCCCCCCCCCCC)C,tg,0
Oc1c(cc(cc1C))c1ccccc1,tg,2
Oc1c(cc(cc1C)C(=O)c1ccc(cc1))C,tg,1
Oc1c(cc(cc1C)C(c1cc(c(c(c1)C)OC(=O))C)(C)C)C,tg,0
Oc1c(cc(cc1C)C(c1cc(c(c(c1)C)OC(=O)CCCCC(=O))C)(C)C)C,tg,2
Oc1c(cc(cc1C)C(c1cc(c(c(c1)C)OC(=O)CCCCCC(=O))C)(C)C)C,tg,1
Oc1c(cc(cc1C)C(c1cc(c(c(c1)C)OC(=O)CCCCCCCCC(=O))C)(C)C)C,tg,0
Oc1c(cc(cc1C)C(c1cc(c(c(c1)C)OC(=O)c1cc(ccc1)C(=O))C)(C)C)C,tg,2
Oc1c(cc(cc1C)C(c1cc(c(c(c1)C)OC(=O)c1ccc(cc1)C(=O))C)(C)C)C,tg,1
Oc1c(cc(cc1C)C(c1cc(c(c(c1)C)OCC(C)O)C)(C)C)C,tg,0
Oc1c(cc(cc1C)C(c1cc(c(c(c1)C)OCC(COc1ccc(cc1)C(c1ccc(cc1)OCC(C)O)(C)C)O)C)(C)C)C,tg,2
Oc1c(cc(cc1C)C1(CC2C(CC1)CCCC2)c1cc(c(c(c1)C)OC(=O)c1ccc(cc1)C(=O))C)C,tg,1
Oc1c(cc(cc1C)C1(CC2C(CC1)CCCC2)c1cc(c(c(c1)C)Oc1ccc(cc1)C(=O)c1cc(ccc1)C(=O)c1ccc(cc1))C)C,tg,0
Oc1c(cc(cc1C)C1(CC2C(CC1)CCCC2)c1cc(c(c(c1)C)Oc1ccc(cc1)C(=O)c1ccc(cc1))C)C,tg,2
Oc1c(cc(cc1C)C1(c2ccccc2c2ccccc12)c1cc(c(c(c1)C)Oc1ccc(cc1)C(=O)c1cc(ccc1)C(=O)c1ccc(cc1))C)C,tg,1
Oc1c(cc(cc1C)S(=O)(=O)c1cc(c(c(c1)C)OCC(C)O)C)C,tg,0
Oc1c(cc(cc1C)S(=O)(=O)c1cc(c(c(c1)C)OCC(COc1c(cc(cc1C)C(c1cc(c(c(c1)C)OCC(C)O)C)(C)C)C)O)C)C,tg,2
Oc1c(cc(cc1C)c1cc(c(c(c1)C)OC(=O)CCCCC(=O))C)C,tg,1
Oc1c(cc(cc1C)c1cc(c(c(c1)C)OC(=O)CCCCCCCCC(=O))C)C,tg,0
Oc1c(cc(cc1C)c1cc(c(c(c1)C)Oc1ccc(cc1)C(=O)c1ccc(cc1))C)C,tg,2
Oc1c(cc(cc1Cl))Br,tg,1
Oc1c(cc(cc1Cl)C(=C(Cl)Cl)c1cc(c(c(c1)Cl)OC(=O))Cl)Cl,tg,0
Oc1c(cc(cc1Cl)C(c1cc(c(c(c1)Cl)OC(=O))Cl)C(Cl)(Cl)Cl)Cl,tg,2
Oc1c(cc(cc1Cl)C(c1cc(c(c(c1)Cl)OC(=O)c1ccc(cc1)OCCCCCCCCCCOc1ccc(cc1)C(=O))Cl)(C)C)Cl,tg,1
Oc1c(cc(cc1Cl)C(c1cc(c(c(c1)Cl)OCC(C)O)Cl)(C)C)Cl,tg,0
Oc1c(cc(cc1Cl)C(c1cc(c(c(c1)Cl)OCC(C)OC(=O)C)Cl)(C)C)Cl,tg,2
Oc1c(cc(cc1Cl)C1(C2C3C(CCC3)C(C1)C2)c1cc(c(c(c1)Cl)OC(=O))Cl)Cl,tg,1
Oc1c(cc(cc1OC))OC,tg,0
Oc1c(cc(cc1OC)/C=C/c1ccc(cc1)/C=C/c1cc(c(c(c1)OC)OCCCCCC)OC)OC,tg,2
Oc1c(cc(cc1OC)/C=C/c1ccc(cc1)/C=C/c1cc(c(c(c1)OC)OCCCCCCCC)OC)OC,tg,1
Oc1c(cc(cc1OC)/C=C/c1ccc(cc1)/C=C/c1cc(c(c(c1)OC)OCCCCCCCCCC)OC)OC,tg,0
Oc1c(cc(cc1OC)C=C1C(=O)C(=Cc2cc(c(c(c2)OC)OCCCCCC)OC)CCC1)OC,tg,2
Oc1c(cc(cc1OC)C=Cc1c(cc(c(c1)C(C)C)C=Cc1cc(c(c(c1)OC)OCCCCCCCC)OC)C(C)C)OC,tg,1
Oc1c(cc(cc1OC)C=Cc1c(cc(c(c1)CCCCCC)C=Cc1cc(c(c(c1)OC)OCCCCCCCC)OC)CCCCCC)OC,tg,0
Oc1c(cc(cc1OC)C=Cc1ccc(cc1)C=Cc1cc(c(c(c1)OC)OCCCCCCCC)OC)OC,tg,2
Oc1c(cc(cc1OC)c1cc(c(c(c1)OC)OC(=O)CCCCCCCCC(=O))OC)OC,tg,1
Oc1c(cc(cc1c1ccccc1))c1c(cccc1)c1ccccc1,tg,0
Oc1c(cc(cc1c1ccccc1))c1c2c(ccc1)cccc2,tg,2
Oc1c(cc(cc1c1ccccc1))c1ccc(cc1)C,tg,1
Oc1c(cc(cc1c1ccccc1))c1ccc(cc1)C(C)(C)C,tg,0
Oc1c(cc(cc1c1ccccc1)Cc1cc(c(c(c1)c1ccccc1)OC(=O)CCCCC(=O))c1ccccc1)c1ccccc1,tg,2
Oc1c(cc(cc1c1ccccc1)Cc1cc(c(c(c1)c1ccccc1)OC(=O)CCCCCC(=O))c1ccccc1)c1ccccc1,tg,1
Oc1c(cc(cc1c1ccccc1)c1cc(c(c(c1)c1ccccc1)OC(=O)CCCCCCCCC(=O))c1ccccc1)c1ccccc1,tg,0
Oc1c(ccc(c1)OC(=O)c1ccc(cc1)Oc1ccc(cc1)C1(CCC(CC1)C(C)(C)C)c1ccc(cc1)Oc1ccc(cc1)C(=O))C12CC3CC(CC(C1)C3)C2,tg,2
Oc1c(ccc(c1)Oc1ccc(cc1)NC(=O)c1cc(cc(c1)NC(=O)C12CC3CC(CC(C1)C3)C2)C(=O)Nc1ccc(cc1))C12CC3CC(CC(C1)C3)C2,tg,1
Oc1c(cccc1)C(=O)OC(=O)c1c(cccc1)OC(=O)CCCCC(=O),tg,0
Oc1c(cccc1)C(=O)OC(=O)c1c(cccc1)OC(=O)CCCCCC(=O),tg,2
Oc1c(cccc1)C(=O)OC(=O)c1c(cccc1)OC(=O)CCCCCCC(=O),tg,1
Oc1c(cccc1)C(=O)OC(=O)c1c(cccc1)OC(=O)CCCCCCCCC(=O),tg,0
Oc1c(cccc1)C(=O)OC(=O)c1c(cccc1)OC(=O)c1ccc(cc1)C(=O),tg,2
Oc1c(cccc1)Oc1ccc(cc1)S(=O)(=O)c1ccc(cc1),tg,1
Oc1c2c(c(cc1)C(=O)c1ccc(cc1)Oc1ccc(cc1)C(c1ccc(cc1))(C(F)(F)F)C(F)(F)F)cccc2,tg,0
Oc1c2c(c(cc1)C(=O)c1ccc(cc1)Oc1ccc(cc1)C1(c3ccccc3c3ccccc13)c1ccc(cc1))cccc2,tg,2
Oc1c2c(c(cc1)C=Cc1c(cc(c(c1)OC)C=Cc1c3c(c(cc1)OCCOCCOCC)cccc3)OC)cccc2,tg,1
Oc1c2c(c(cc1)C=Cc1ccc(cc1)C=Cc1c3c(c(cc1)OCCOCCOCC)cccc3)cccc2,tg,0
Oc1c2c(c(cc1)OC(=O)c1ccc(cc1)Oc1ccc(cc1)C(=O))cccc2,tg,2
Oc1c2c(c(cc1)c1c3c(c(cc1)OCCC)cccc3)cccc2,tg,1
Oc1c2c(c(cc1)c1c3c(c(cc1)OCCCC)cccc3)cccc2,tg,0
Oc1c2c(c(cc1)c1c3c(c(cc1)OCCCCC)cccc3)cccc2,tg,2
Oc1c2c(c(cc1)c1c3c(c(cc1)OCCCCCCC)cccc3)cccc2,tg,1
Oc1c2c(c(cc1)c1c3c(c(cc1)Oc1c(c4c(cc1)cccc4)c1c4c(ccc1)cccc4)cccc3)cccc2,tg,0
Oc1c2c(c(cc1)c1c3c(c(cc1)Oc1ccc(cc1))cccc3)cccc2,tg,2
Oc1c2c(c(cc1)c1c3c(c(cc1)Oc1ccc(cc1)Oc1c(c(ccc1)Oc1ccc(cc1))C)cccc3)cccc2,tg,1
Oc1c2c(c(cc1)c1c3c(c(cc1)Oc1ccc(cc1)Oc1ccc(cc1)Oc1ccc(cc1))cccc3)cccc2,tg,0
Oc1c2c(c(cc1)c1c3c(c(cc1)Oc1ccc(cc1)Oc1ccc(cc1)S(=O)(=O)c1ccc(cc1)Oc1ccc(cc1))cccc3)cccc2,tg,2
Oc1c2c(ccc1)c(ccc2)OC1(C(C(C1(F)F)(F)F)()F)F,tg,1
Oc1c2c(ccc1)c(ccc2)OCCNC(=O)c1cc(ccc1)C(=O)NCC,tg,0
Oc1c2c(ccc1)cc(cc2)OC(=O)c1ccc(cc1)Oc1ccc(cc1)C(=O),tg,2
Oc1c2c(ccc1)cc(cc2)OCCNC(=O)c1cc(ccc1)C(=O)NCC,tg,1
Oc1c2c(ccc1)ccc(c2)Oc1ccc(cc1)NC(=O)c1cc(cc(c1)C(C)(C)C)C(=O)Nc1ccc(cc1),tg,0
Oc1c2c(ccc1)ccc(c2)Oc1ccc(cc1)NC(=O)c1cc(ccc1)C(=O)Nc1ccc(cc1),tg,2
Oc1c2c(ccc1)ccc(c2)Oc1ccc(cc1)NC(=O)c1ccc(cc1)C(c1ccc(cc1)C(=O)Nc1ccc(cc1))(C(F)(F)F)C(F)(F)F,tg,1
Oc1c2c(ccc1)ccc(c2)Oc1ccc(cc1)NC(=O)c1ccc(cc1)Oc1c(cccc1)Oc1ccc(cc1)C(=O)Nc1ccc(cc1),tg,0
Oc1c2c(ccc1)ccc(c2)Oc1ccc(cc1)NC(=O)c1ccc(cc1)Oc1cc(ccc1)Oc1ccc(cc1)C(=O)Nc1ccc(cc1),tg,2
Oc1c2c(ccc1)ccc(c2)Oc1ccc(cc1)NC(=O)c1ccc(cc1)Oc1ccc(cc1)C(=O)Nc1ccc(cc1),tg,1
Oc1c2c(ccc1)ccc(c2)Oc1ccc(cc1)NC(=O)c1ccc(cc1)Oc1ccc(cc1)C(c1cc(ccc1)C(c1ccc(cc1)Oc1ccc(cc1)C(=O)Nc1ccc(cc1))(C)C)(C)C,tg,0
Oc1c2c(ccc1)ccc(c2)Oc1ccc(cc1)NC(=O)c1ccc(cc1)Oc1ccc(cc1)Oc1ccc(cc1)C(=O)Nc1ccc(cc1),tg,2
Oc1c2c(ccc1)ccc(c2)Oc1ccc(cc1)NC(=O)c1ccc(cc1)Oc1ccc(cc1)S(=O)(=O)c1ccc(cc1)Oc1ccc(cc1)C(=O)Nc1ccc(cc1),tg,1
Oc1c2c(ccc1)ccc(c2)Oc1ccc(cc1)NC(=O)c1ccc(cc1)S(=O)(=O)c1ccc(cc1)C(=O)Nc1ccc(cc1),tg,0
Oc1cc(C)cc(OC(=O)c2cccc(C()=O)c2)c1,egc,2
Oc1cc(Cl)cc(Cl)c1,egc,1
Oc1cc(OC(=O)c2ccc(C=Nc3ccc(OCCCCCCOc4ccc(N=Cc5ccc(C()=O)cc5)cc4F)c(F)c3)cc2)c(Cl)cc1Cl,egc,0
Oc1cc(OC(=O)c2ccc(OCCCC)cc2)c(OC(=O)CCCC()=O)cc1OC(=O)c1ccc(OCCCC)cc1,egc,2
Oc1cc(Oc2ccc(C(C)(C)c3ccc()cc3)cc2)cc(C(=O)Oc2ccc(N=Nc3ccc(C#N)cc3)cc2)c1,egc,1
Oc1cc(c(c(c1)Br)C(c1c(cc(cc1Br)OC(=O))Br)(C)C)Br,tg,0
Oc1cc(c(c(c1)Cl)C(c1c(cc(cc1Cl)OC(=O))Cl)(C)C)Cl,tg,2
Oc1cc(c(cc1)C(=O)O)C(=O)Nc1ccc(cc1)NC(=O)c1c(ccc(c1))C(=O)O,tg,1
Oc1cc(c(cc1)C(=O)c1ccccc1)c1c(ccc(c1)Oc1ccc(cc1)C(c1ccc(cc1))(C)C)C(=O)c1ccccc1,tg,0
Oc1cc(c(cc1)C(=O)c1ccccc1)c1c(ccc(c1)Oc1ccc(cc1)c1ccc(cc1))C(=O)c1ccccc1,tg,2
Oc1cc(c(cc1)C(c1c(cc(cc1)OC(=O))C)c1ccccc1)C,tg,1
Oc1cc(c(cc1)CCc1ccc(cc1)OCCCCC)C,tg,0
Oc1cc(c(cc1)CCc1ccc(cc1)OCCCCCCCC)C,tg,2
Oc1cc(c(cc1)CCc1ccc(cc1)OCCCCCCCCC)C,tg,1
Oc1cc(c(cc1)CCc1ccc(cc1)OCCCCCCCCCC)C,tg,0
Oc1cc(c(cc1)CCc1ccc(cc1)OCCCCCCCCCCC)C,tg,2
Oc1cc(c(cc1)CCc1ccc(cc1)OCCCCCCCCCCCC)C,tg,1
Oc1cc(c(cc1)N=Cc1ccc(cc1)C=Nc1c(cc(cc1)OCCCCCCCCCC)C)C,tg,0
Oc1cc(c(cc1)S(=O)(=O)c1c(cc(cc1)Oc1c(cc(cc1)C(c1cc(c(cc1))[Si](C)(C)C)(C(F)(F)F)C(F)(F)F)[Si](C)(C)C)[Si](C)(C)C)[Si](C)(C)C,tg,2
Oc1cc(c(cc1)S(=O)(=O)c1c(cc(cc1)Oc1c(cc(cc1C)C(c1cc(c(c(c1)C))C)(C(F)(F)F)C(F)(F)F)C)C(O)(C(F)(F)F)C(F)(F)F)C(O)(C(F)(F)F)C(F)(F)F,tg,1
Oc1cc(c(cc1)S(=O)(=O)c1c(cc(cc1)Oc1c(cc(cc1C)C(c1cc(c(c(c1)C))C)(C(F)(F)F)C(F)(F)F)C)C(OC)(C(F)(F)F)C(F)(F)F)C(OC)(C(F)(F)F)C(F)(F)F,tg,0
Oc1cc(c(cc1)S(=O)(=O)c1c(cc(cc1)Oc1c(cc(cc1C)C(c1cc(c(c(c1)C))C)(C)C)C)C(O)(C(F)(F)F)C(F)(F)F)C(O)(C(F)(F)F)C(F)(F)F,tg,2
Oc1cc(c(cc1)S(=O)(=O)c1c(cc(cc1)Oc1ccc(cc1)C(c1ccc(cc1))(C(F)(F)F)C(F)(F)F)C(O)(C(F)(F)F)C(F)(F)F)C(O)(C(F)(F)F)C(F)(F)F,tg,1
Oc1cc(c(cc1)S(=O)(=O)c1c(cc(cc1)Oc1ccc(cc1)C(c1ccc(cc1))(C(F)(F)F)C(F)(F)F)[Si](C)(C)C)[Si](C)(C)C,tg,0
Oc1cc(c(cc1)S(=O)(=O)c1c(cc(cc1)Oc1ccc(cc1)C(c1ccc(cc1))(C)C)N)N,tg,2
Oc1cc(c(cc1)S(=O)(=O)c1ccc(cc1)Oc1c(cc(cc1)C(c1cc(c(cc1))N)(C)C)N)N,tg,1
Oc1cc(c(cc1)S(=O)(=O)c1ccc(cc1)Oc1ccc(cc1)C(c1ccc(cc1))(C)C)N,tg,0
Oc1cc(cc(c1)C(=O)OCCN(c1ccc(cc1)N=Nc1ccc(cc1)[N+](=O)[O-])CC)OC(=O)c1ccc(cc1)C(=O),tg,2
Oc1cc(cc(c1)CC)OC(=O)c1cc(ccc1)C(=O),tg,1
Oc1cc(cc(c1)CCC)OC(=O)c1cc(ccc1)C(=O),tg,0
Oc1cc(cc(c1)CCCC)OC(=O)c1cc(ccc1)C(=O),tg,2
Oc1cc(cc(c1)CCCCCC)OC(=O)c1cc(ccc1)C(=O),tg,1
Oc1cc(cc(c1)CCCCCCCCCCC)OC(=O)c1cc(ccc1)C(=O),tg,0
Oc1cc(cc(c1)CCCCCCCCCCCCC)OC(=O)c1cc(ccc1)C(=O),tg,2
Oc1cc(cc(c1)[N+](=O)[O-])Oc1ccc(cc1)C(c1ccc(cc1))(C)C,tg,1
Oc1cc(ccc1)C(=O)OC(=O)c1cc(ccc1)OCCC,tg,0
Oc1cc(ccc1)C(=O)OC(=O)c1cc(ccc1)OCCCC,tg,2
Oc1cc(ccc1)C(=O)OC(=O)c1cc(ccc1)OCCCCC,tg,1
Oc1cc(ccc1)C(=O)OCC(C(C(COC(=O)c1cc(ccc1))(F)F)(F)F)(F)F,tg,0
Oc1cc(ccc1)C(=O)c1ccc(cc1),tg,2
Oc1cc(ccc1)C(=O)c1ccc(cc1)Oc1ccc(cc1)C(=O)c1ccc(cc1),tg,1
Oc1cc(ccc1)C(C(C(c1cc(ccc1)OC(=O)c1cc(ccc1)C(C(C(c1cc(ccc1)C(=O))(F)F)(F)F)(F)F)(F)F)(F)F)(F)F,tg,0
Oc1cc(ccc1)N(c1ccc(cc1)c1ccc(cc1)N(c1cc(ccc1)OC(=O)OCCOCCOC(=O))c1ccccc1)c1ccccc1,tg,2
Oc1cc(ccc1)NC(=O)C(=O)Nc1cc(ccc1)OCC(COc1ccc(cc1)C(c1ccc(cc1)OCC(C)O)(C)C)O,tg,1
Oc1cc(ccc1)NC(=O)CCCCCCC(=O)Nc1ccc(cc1),tg,0
Oc1cc(ccc1)NC(=O)CCCCCCCC(=O)Nc1ccc(cc1),tg,2
Oc1cc(ccc1)NC(=O)CCCCCCCCC(=O)Nc1ccc(cc1),tg,1
Oc1cc(ccc1)NC(=O)CCCCCCCCCC(=O)Nc1ccc(cc1),tg,0
Oc1cc(ccc1)NC(=O)Cc1cc(ccc1)CC(=O)Nc1cc(ccc1)OCC(COc1ccc(cc1)C(c1ccc(cc1)OCC(C)O)(C)C)O,tg,2
Oc1cc(ccc1)NC(=O)c1cc(cc(c1)NC(=O)c1ccc(cc1)OC(=O)C)C(=O)Nc1ccc(cc1),tg,1
Oc1cc(ccc1)NC(=O)c1cc(ccc1)C(=O)Nc1cc(ccc1)OCCCCC,tg,0
Oc1cc(ccc1)NC(=O)c1cc(ccc1)C(=O)Nc1cc(ccc1)OCCOCC,tg,2
Oc1cc(ccc1)NC(=O)c1cc(ccc1)C(=O)Nc1cc(ccc1)OCCOCCOCC,tg,1
Oc1cc(ccc1)NC(=O)c1cc(ccc1)C(=O)Nc1ccc(cc1),tg,0
Oc1cc(ccc1)NC(=O)c1cc(ccc1)C(=O)Nc1ccc(cc1)Oc1ccc(cc1)C(=O)c1ccc(cc1),tg,2
Oc1cc(ccc1)NC(=O)c1ccc(cc1)C(=O)Nc1cc(ccc1)OCCCCC,tg,1
Oc1cc(ccc1)NC(=O)c1ccc(cc1)C(=O)Nc1cc(ccc1)OCCCCCCCC,tg,0
Oc1cc(ccc1)NC(=O)c1ccc(cc1)C(=O)Nc1cc(ccc1)OCCOCC,tg,2
Oc1cc(ccc1)NC(=O)c1ccc(cc1)C(=O)Nc1cc(ccc1)OCCOCCOCC,tg,1
Oc1cc(ccc1)NC(=O)c1ccc(cc1)C(=O)Nc1ccc(cc1),tg,0
Oc1cc(ccc1)NC(=O)c1ccc(cc1)C(=O)Nc1ccc(cc1)Oc1ccc(cc1)C(=O)c1ccc(cc1),tg,2
Oc1cc(ccc1)NC(=O)c1ccc(cc1)[Si](c1ccc(cc1)C(=O))(C)C,tg,1
Oc1cc(ccc1)OC(=O)CCC(=O),tg,0
Oc1cc(ccc1)OC(=O)Oc1ccc(cc1)C(c1ccc(cc1)OC(=O))(C)C,tg,2
Oc1cc(ccc1)OC(=O)c1cc(cc(c1)OCCCCC)C(=O),tg,1
Oc1cc(ccc1)OC(=O)c1cc(ccc1)C(=O),tg,0
Oc1cc(ccc1)OC(=O)c1ccc(cc1)OC(=O)c1cc(ccc1)C(=O)Oc1ccc(cc1)C(=O),tg,2
Oc1cc(ccc1)OC(=O)c1ccc(cc1)Oc1ccc(cc1)C(=O),tg,1
Oc1cc(ccc1)OC(=O)c1ccc(cc1)[Si](c1ccc(cc1)C(=O))(C)C,tg,0
Oc1cc(ccc1)OCC(COc1ccc(cc1)S(=O)(=O)c1ccc(cc1)OCC(C)O)O,tg,2
Oc1cc(ccc1)Oc1cc(c(cc1)C(=O)O)C(=O)Nc1ccc(cc1)Oc1ccc(cc1)c1ccc(cc1)Oc1ccc(cc1)NC(=O)c1c(ccc(c1))C(=O)O,tg,1
Oc1cc(ccc1)Oc1cc(ccc1)NC(=O)c1c(ccc(c1)Oc1cc(c(cc1)C(=O)O)C(=O)Nc1cc(ccc1))C(=O)O,tg,0
Oc1cc(ccc1)Oc1cc(ccc1)NC(=O)c1cc(ccc1)Oc1cc(ccc1)Oc1cc(ccc1)C(=O)Nc1cc(ccc1),tg,2
Oc1cc(ccc1)Oc1ccc(cc1)C(=O)Oc1cc(ccc1)OC(=O)c1ccc(cc1),tg,1
Oc1cc(ccc1)Oc1ccc(cc1)C(=O)c1ccc(cc1),tg,0
Oc1cc(ccc1)Oc1ccc(cc1)C(=O)c1ccc(cc1)NC(=O)c1cc(ccc1)C(=O)Nc1ccc(cc1)C(=O)c1ccc(cc1),tg,2
Oc1cc(ccc1)Oc1ccc(cc1)C(=O)c1ccc(cc1)NC(=O)c1ccc(cc1)C(=O)Nc1ccc(cc1)C(=O)c1ccc(cc1),tg,1
Oc1cc(ccc1)Oc1ccc(cc1)C(=O)c1ccc(cc1)P(=O)(c1ccc(cc1)C(=O)c1ccc(cc1))c1ccccc1,tg,0
Oc1cc(ccc1)Oc1ccc(cc1)NC(=O)c1c(cc(cc1)c1cc(c(cc1)C(=O)Nc1ccc(cc1))C)C,tg,2
Oc1cc(ccc1)Oc1ccc(cc1)NC(=O)c1cc(cc(c1)NC(=O)c1ccc(cc1)OC(=O)C)C(=O)Nc1ccc(cc1),tg,1
Oc1cc(ccc1)Oc1ccc(cc1)Oc1c(cc(cc1)S(=O)(=O)c1cc(c(cc1)Oc1ccc(cc1)Oc1cc(ccc1)Oc1ccc(cc1)c1ccc(cc1))S(=O)(=O)O[Na])S(=O)(=O)O[Na],tg,0
Oc1cc(ccc1)Oc1ccc(cc1)Oc1cc(ccc1)OC(=O)c1ccc(cc1)C(=O),tg,2
Oc1cc2c(C(CC2(c2ccc(cc2)OC(=O))C)(C)C)cc1,tg,1
Oc1cc2c(C(CC2(c2ccc(cc2)OC(=O)c2ccc(cc2)C(=O))C)(C)C)cc1,tg,0
Oc1cc2c(C(CC32CC(c2ccc(cc32)OC(=O)c2ccc(cc2)C(=O))(C)C)(C)C)cc1,tg,2
Oc1cc2c(cc1)cc(cc2)C(=O)NCC,tg,1
Oc1cc2c(cc1)cc(cc2)OC(=O)c1c(cc(cc1)c1ccc(cc1)C(=O))c1ccccc1,tg,0
Oc1cc2c(cc1)cc(cc2)Oc1ccc(cc1)C(=O)c1ccc(cc1),tg,2
Oc1cc2c(cc1)cc(cc2)Oc1ccc(cc1)S(=O)(=O)c1ccc(cc1),tg,1
Oc1cc2c(cc1)cc(cc2)Oc1ccc(cc1)S(=O)(=O)c1ccc(cc1)Oc1ccc(cc1)C(=O)c1ccc(cc1),tg,0
Oc1cc2c(cc1)ccc(c2)OC(=O)c1ccc(cc1)Oc1ccc(cc1)C(=O),tg,2
Oc1cc2c(cc1)ccc(c2)OCCNC(=O)c1cc(ccc1)C(=O)NCC,tg,1
Oc1cc2c(cc1)ccc(c2)OCCNC(=O)c1ccc(cc1)C(=O)NCC,tg,0
Oc1cc2c(cc1)ccc(c2)Oc1ccc(cc1)C(=O)Nc1cc(ccc1)Oc1ccc(cc1)NC(=O)c1ccc(cc1),tg,2
Oc1cc2c(cc1)ccc(c2)Oc1ccc(cc1)C(=O)Nc1ccc(cc1)C(c1ccc(cc1)C(c1ccc(cc1)NC(=O)c1ccc(cc1))(C)C)(C)C,tg,1
Oc1cc2c(cc1)ccc(c2)Oc1ccc(cc1)C(=O)Nc1ccc(cc1)Oc1ccc(cc1)C(c1ccc(cc1)C(c1ccc(cc1)Oc1ccc(cc1)NC(=O)c1ccc(cc1))(C)C)(C)C,tg,0
Oc1cc2c(cc1)ccc(c2)Oc1ccc(cc1)C(=O)Nc1ccc(cc1)Oc1ccc(cc1)C(c1ccc(cc1)Oc1ccc(cc1)NC(=O)c1ccc(cc1))(C(F)(F)F)C(F)(F)F,tg,2
Oc1cc2c(cc1)ccc(c2)Oc1ccc(cc1)C(=O)Nc1ccc(cc1)Oc1ccc(cc1)C(c1ccc(cc1)Oc1ccc(cc1)NC(=O)c1ccc(cc1))(C)C,tg,1
Oc1cc2c(cc1)ccc(c2)Oc1ccc(cc1)C(=O)Nc1ccc(cc1)Oc1ccc(cc1)C(c1ccc(cc1)Oc1ccc(cc1)NC(=O)c1ccc(cc1))(c1ccccc1)C,tg,0
Oc1cc2c(cc1)ccc(c2)Oc1ccc(cc1)C(=O)Nc1ccc(cc1)Oc1ccc(cc1)S(=O)(=O)c1ccc(cc1)Oc1ccc(cc1)NC(=O)c1ccc(cc1),tg,2
Oc1cc2c(cc1OC(=O)c1ccc(cc1)Oc1ccc(cc1)C(=O))cccc2,tg,1
Oc1ccc(-c2ccc(-c3ccc()cc3)cc2)cc1,eea,0
Oc1ccc(-c2ccc(-c3ccc()cc3)cc2)cc1,ei,0
Oc1ccc(-c2ccc(-c3ccc()cc3)cc2)cc1,eps,0
Oc1ccc(-c2ccc(-c3ccc()cc3)cc2)s1,ei,2
Oc1ccc(-c2ccc(-c3ccc()cc3)cc2)s1,nc,2
Oc1ccc(-c2ccc(-c3ccc()cc3)s2)cc1,ei,0
Oc1ccc(-c2ccc(-c3ccc()cc3)s2)s1,ei,2
Oc1ccc(-c2ccc(-c3ccc()cc3)s2)s1,eps,2
Oc1ccc(-c2ccc(-c3ccc()cc3)s2)s1,nc,2
Oc1ccc(-c2ccc(-c3ccc()s3)s2)s1,ei,1
Oc1ccc(-c2ccc(-c3ccc()s3)s2)s1,nc,1
Oc1ccc(-c2ccc(C()=O)cc2)cc1,egb,1
Oc1ccc(-c2ccc(C()=O)cc2)cc1,egc,1
Oc1ccc(-c2ccc(C()=O)cc2)cc1,ei,1
Oc1ccc(-c2ccc(C()=O)cc2)cc1,eps,1
Oc1ccc(-c2ccc(C()=O)cc2)cc1,nc,1
Oc1ccc(-c2ccc(C()=O)cc2)cc1Br,egc,2
Oc1ccc(-c2ccc(C()=O)cc2)s1,ei,0
Oc1ccc(-c2ccc(C()=O)cc2)s1,eps,0
Oc1ccc(-c2ccc(C()=O)s2)cc1,egb,2
Oc1ccc(-c2ccc(C()=O)s2)cc1,ei,2
Oc1ccc(-c2ccc(C()=O)s2)s1,eea,1
Oc1ccc(-c2ccc(C()=O)s2)s1,eps,1
Oc1ccc(-c2ccc(C()=O)s2)s1,nc,1
Oc1ccc(-c2ccc(N=Nc3ccc(C()=O)cc3)cc2)cc1,egc,1
Oc1ccc(-c2ccc(OC(=O)CCCCCCCCC()=O)cc2)cc1,egc,0
Oc1ccc(-c2ccc(Oc3ccc(C(C)(C)c4ccc()cc4)cc3)cc2)cc1,egc,2
Oc1ccc(-c2ccc(Oc3cccc()n3)cc2)cc1,egc,1
Oc1ccc(C(=Nc2ccc(N=C(c3ccccc3)c3ccc(On4c(=O)c5c(F)c6c(=O)n()c(=O)c6c(F)c5c4=O)cc3)cc2)c2ccccc2)cc1,egc,0
Oc1ccc(C(=O)CCCCC(=O)c2ccc(OC()=O)cc2)cc1,egc,2
Oc1ccc(C(=O)CNCCCCCCCCNCC(=O)c2ccc()cc2)cc1,egc,1
Oc1ccc(C(=O)CNNCC(=O)c2ccc()cc2)cc1,egc,0
Oc1ccc(C(=O)NCC(C)(C)CCCNC(=O)c2ccc()cc2)cc1,egc,2
Oc1ccc(C(=O)NCCCCCCCCCCCCNC(=O)c2ccc()cc2)cc1,egc,1
Oc1ccc(C(=O)NNC(=O)c2cccc(C(=O)NNC(=O)c3ccc(OC(=O)c4cccc(C()=O)c4)cc3)c2)cc1,egc,0
Oc1ccc(C(=O)Nc2cc(NC(=O)c3ccc()cc3)cc(-c3nc4ccccc4[nH]3)c2)cc1,egc,2
Oc1ccc(C(=O)Nc2ccc(Cc3ccc(NC(=O)c4ccc(Oc5nc()nc(Sc6ccccc6)n5)cc4)cc3)cc2)cc1,egc,1
Oc1ccc(C(=O)Nc2ccc(S(=O)(=O)c3ccc(NC(=O)c4ccc(Oc5nc()nc(Sc6ccccc6)n5)cc4)cc3)cc2)cc1,egc,0
Oc1ccc(C(=O)Nc2ccc(SCCC()=O)cc2)cc1,egc,2
Oc1ccc(C(=O)OCCCOC(=O)c2ccc()cc2)cc1,egc,1
Oc1ccc(C(=O)OCCCOC(=O)c2ccc(OC(=O)c3ccc(C()=O)cc3)cc2)cc1,egc,0
Oc1ccc(C(=O)OCCOCCOC(=O)c2ccc(OC()=O)cc2)cc1,egc,2
Oc1ccc(C(=O)c2ccc()cc2)cc1,eea,1
Oc1ccc(C(=O)c2ccc()cc2)cc1,egc,1
Oc1ccc(C(=O)c2ccc()cc2)cc1,eps,1
Oc1ccc(C(=O)c2ccc()cc2)cc1,nc,1
Oc1ccc(C(=O)c2ccc(C(=O)NOC()=O)s2)cc1,eea,0
Oc1ccc(C(=O)c2ccc(C(=O)NOC()=O)s2)cc1,egb,0
Oc1ccc(C(=O)c2ccc(C(=O)NOC()=O)s2)cc1,ei,0
Oc1ccc(C(=O)c2ccc(C(=O)NOC()=O)s2)cc1,eps,0
Oc1ccc(C(=O)c2ccc(C(=O)NOC()=O)s2)cc1,nc,0
Oc1ccc(C(=O)c2ccc(OC(=O)OC3C(C)(C)C(OC()=O)C3(C)C)cc2)cc1,egc,1
Oc1ccc(C(=O)c2cccc(C(=O)c3ccc()cc3)c2)cc1,egc,0
Oc1ccc(C(=S)c2ccc()cc2)cc1,eea,0
Oc1ccc(C(=S)c2ccc()cc2)cc1,egb,0
Oc1ccc(C(=S)c2ccc()cc2)cc1,ei,0
Oc1ccc(C(=S)c2ccc()cc2)s1,egb,1
Oc1ccc(C(=S)c2ccc()cc2)s1,eps,1
Oc1ccc(C(=S)c2ccc()s2)s1,egb,2
Oc1ccc(C(C#N)(c2ccccc2)c2ccc(OC()=O)cc2)cc1,egc,1
Oc1ccc(C(C)(C)c2ccc(OC()=O)c(Cl)c2)cc1,egc,0
Oc1ccc(C(C)(C)c2ccc(OC()=O)c(Cl)c2)cc1Cl,egc,2
Oc1ccc(C(C)(C)c2ccc(OC()=O)cc2)cc1,egc,1
Oc1ccc(C(C)(C)c2ccc(OC(=O)OCCN(CCOC()=O)c3ccc(OC)cc3)cc2)cc1,egc,0
Oc1ccc(C(C)(C)c2ccc(OC(=O)c3ccc(C()=O)cc3)c(C(C)C)c2)cc1C(C)C,egc,2
Oc1ccc(C(C)(C)c2ccc(Oc3cncc()n3)cc2)cc1,egc,1
Oc1ccc(C(C)(C)c2ccc(Oc3nc()nc(OC)n3)cc2)cc1,egc,0
Oc1ccc(C(C)(CC)c2ccc(OC()=O)cc2)cc1,egc,2
Oc1ccc(C(C)(CCC#N)c2ccc(OC()=O)c(C)c2)cc1C,egc,1
Oc1ccc(C(C)(c2ccccc2)c2ccc(OC(=O)OC3C(C)(C)C(OC()=O)C3(C)C)cc2)cc1,egc,0
Oc1ccc(C(C)=Cc2ccc(OC(=O)OCCCCCCOC()=O)cc2)cc1,egc,2
Oc1ccc(C(C)=Cc2ccc(OC(=O)OCCCCOC()=O)cc2)cc1,egc,1
Oc1ccc(C(C)=Nc2ccc(N=C(C)c3ccc()cc3)cc2)cc1,egc,0
Oc1ccc(C(CC)(c2ccccc2)c2ccc(OC()=S)cc2)cc1,egc,2
Oc1ccc(C(CC)c2ccc(OC()=O)cc2)cc1,egc,1
Oc1ccc(C(CCCC)(CCCC)c2ccc(OC()=O)cc2)cc1,egc,0
Oc1ccc(C(F)(F)C()(F)F)cc1,eea,2
Oc1ccc(C(F)(F)C()(F)F)cc1,egb,2
Oc1ccc(C(F)(F)C()(F)F)cc1,nc,2
Oc1ccc(C(F)(F)C()(F)F)s1,eea,0
Oc1ccc(C(F)(F)C()(F)F)s1,egb,0
Oc1ccc(C(F)(F)C()(F)F)s1,ei,0
Oc1ccc(C(F)(F)C()(F)F)s1,eps,0
Oc1ccc(C(c2ccc(OC()=O)cc2)C2CCCCC2)cc1,egc,2
Oc1ccc(C(c2ccc(OC(=O)c3ccc(OCCCCCCCCCCOc4ccc(C()=O)cc4)cc3)cc2)(C(F)(F)F)C(F)(F)F)cc1,egc,1
Oc1ccc(C(c2ccc(OC(=O)c3cccc(C()=O)c3)cc2)C(Cl)(Cl)Cl)cc1,egc,0
Oc1ccc(C(c2ccccc2)(c2ccccc2)c2ccc(OC(=O)CCCCCCCCC()=O)cc2)cc1,egc,2
Oc1ccc(C(c2ccccc2)c2ccc(OC()=O)cc2)cc1,egc,1
Oc1ccc(C(c2ccccc2)c2ccc(OC()=O)cc2C)c(C)c1,egc,0
Oc1ccc(C2(c3ccc(OC()=O)cc3)CC(C)CC(C)(C)C2)cc1,egc,2
Oc1ccc(C2(c3ccc(OC()=O)cc3)CCCCCC2)cc1,egc,1
Oc1ccc(C2(c3ccc(OC()=O)cc3)c3ccccc3-c3ccccc32)cc1,egc,0
Oc1ccc(C2(c3ccc(OC(=O)OC4C(C)(C)C(OC()=O)C4(C)C)cc3)CC3CCC2C3)cc1,egc,2
Oc1ccc(C2(c3ccc(OC(=O)OC4C(C)(C)C(OC()=O)C4(C)C)cc3)CCC(C(C)(C)C)CC2)cc1,egc,1
Oc1ccc(C2(c3ccc(OC(=O)c4ccc(C()=O)cc4)cc3)CC3CC2C2CCCC32)cc1,egc,0
Oc1ccc(C2(c3ccc(OC(=O)c4ccc(C()=O)cc4)cc3)CCC(C(C)(C)C)CC2)cc1,egc,2
Oc1ccc(C2(c3ccc(OC(=O)c4ccc(C()=O)cc4)cc3)CCc3ccccc32)cc1,egc,1
Oc1ccc(C2(c3ccc(OC(=O)c4cccc(C()=O)c4)c(C)c3)c3ccccc3-c3ccccc32)cc1C,egb,0
Oc1ccc(C2(c3ccc(OC(=O)c4cccc(C()=O)c4)cc3)CCC3CCCCC3C2)cc1,egc,2
Oc1ccc(C=CC()=O)cc1,egc,1
Oc1ccc(C=Nc2ccc(N=Cc3ccc()cc3)cc2)cc1,egc,0
Oc1ccc(CC()=O)cc1,eea,1
Oc1ccc(CC()=O)cc1,egb,1
Oc1ccc(CC()=O)cc1,egc,1
Oc1ccc(CC(C#N)(C#N)Cc2ccc()cc2)cc1,egc,2
Oc1ccc(CC(NC(=O)CCc2ccc(OC(=O)CCCC()=O)cc2)C(=O)OCCOCCOCC)cc1,egc,1
Oc1ccc(CC(NC(=O)CCc2ccc(OC(=O)CCCCCCC()=O)cc2)C(=O)OCC(C)C)cc1,egc,0
Oc1ccc(CC(NC(=O)CCc2ccc(OC(=O)CCCCCCC()=O)cc2)C(=O)OCC)cc1,egc,2
Oc1ccc(CC(NC(=O)CCc2ccc(OC(=O)COCCOCC()=O)cc2)C(=O)OC)cc1,egc,1
Oc1ccc(CC(NC(=O)Cc2ccc(OC(=O)CC(C)CCC()=O)cc2)C(=O)OCCCCCC)cc1,egc,0
Oc1ccc(CCNC(=O)c2cccc(C()=O)c2)cc1,egc,2
Oc1ccc(Cc2ccc()cc2)cc1,eea,2
Oc1ccc(Cc2ccc()cc2)cc1,egb,2
Oc1ccc(Cc2ccc()cc2)cc1,ei,2
Oc1ccc(Cc2ccc()cc2)cc1,eps,2
Oc1ccc(Cc2ccc(OC()=O)cc2)cc1,egc,1
Oc1ccc(Cc2ccc(OC(=O)OCC3CCC(COC()=O)CC3)cc2)cc1,egc,0
Oc1ccc(N=CCCCC=Nc2ccc(OC(=O)Nc3cc(NC()=O)ccc3C)cc2)cc1,egc,2
Oc1ccc(N=CNc2ccc()cc2)cc1,egc,1
Oc1ccc(N=Nc2ccc()cc2)cc1,egc,0
Oc1ccc(NC(=C(C#N)C#N)c2ccc(-c3ccc(-c4ccc(C(Nc5ccc()cc5)=C(C#N)C#N)cc4)cc3)cc2)cc1,egc,2
Oc1ccc(NC(=O)CCCCCCCCCCC(=O)Nc2ccc()cc2)cc1,egc,1
Oc1ccc(NC(=O)NCCCCCCNC()=O)cc1C,egc,0
Oc1ccc(NC(=O)OCCOC(=O)Nc2ccc()cc2)cc1,egc,2
Oc1ccc(NC(=O)c2cc(C(=O)Nc3ccc()cc3)cc(S(=O)(=O)c3ccccc3)c2)cc1,egc,1
Oc1ccc(NC(=O)c2cc(NC(=O)c3ccccc3)cc(C(=O)Nc3ccc()cc3)c2)cc1,egc,0
Oc1ccc(NC(=O)c2cc(NC(=O)c3ccncc3)cc(C(=O)Nc3ccc()cc3)c2)cc1,egc,2
Oc1ccc(NC(=O)c2ccc(Oc3ccc(C(=O)Nc4ccc()cc4)c(C(=O)O)c3)cc2C(=O)O)cc1,egc,1
Oc1ccc(NC(=O)c2cccc(C(=O)Nc3ccc(Oc4ccc(C5(c6ccc()cc6)C6CC7CC(C6)CC5C7)cc4)cc3)c2)cc1,egc,0
Oc1ccc(Nc2ccc(N=Nc3ccc(Nc4ccc()cc4)cc3)cc2)cc1,egc,2
Oc1ccc(OC()=O)cc1,eea,2
Oc1ccc(OC()=O)cc1,egb,2
Oc1ccc(OC()=O)cc1,ei,2
Oc1ccc(OC()=O)cc1,eps,2
Oc1ccc(OC()=O)cc1,nc,2
Oc1ccc(OC()=O)s1,eea,1
Oc1ccc(OC()=O)s1,egb,1
Oc1ccc(OC()=O)s1,ei,1
Oc1ccc(OC()=O)s1,eps,1
Oc1ccc(OC()=O)s1,nc,1
Oc1ccc(OC(=O)CCC()=O)cc1,egc,1
Oc1ccc(OC(=O)Oc2ccc(C()=O)cc2)cc1,egc,0
Oc1ccc(OC(=O)Oc2ccc(OC()=O)cc2)cc1Cl,egc,2
Oc1ccc(OC(=O)c2ccc(C()=O)cc2)cc1,egc,1
Oc1ccc(OC(=O)c2ccc(C()=O)cc2)cc1C1CCCCCC1,egc,0
Oc1ccc(OC(=O)c2ccc(C()=O)cc2)cc1C1CCCCCCC1,egb,2
Oc1ccc(OC(=O)c2ccc(C()=O)cc2)cc1CCC(C)CC,egc,1
Oc1ccc(OC(=O)c2ccc(C()=O)cc2)cc1Cl,egc,0
Oc1ccc(OC(=O)c2ccc(C()=O)cc2Oc2ccc(F)cc2)cc1,egc,2
Oc1ccc(OC(=O)c2ccc(OC(=O)CCCCCCC()=O)cc2)cc1,egc,1
Oc1ccc(OC(=O)c2ccc(OC(=O)CCCCCCCCC()=O)cc2)cc1,egc,0
Oc1ccc(OC(=O)c2ccc(OCCCCCCCCCCOc3ccc(C()=O)cc3)cc2)cc1S(=O)(=O)c1ccccc1,egc,2
Oc1ccc(Oc2ccc()cc2)s1,eea,1
Oc1ccc(Oc2ccc()cc2)s1,ei,1
Oc1ccc(Oc2ccc()cc2)s1,eps,1
Oc1ccc(Oc2ccc()cc2)s1,nc,1
Oc1ccc(Oc2ccc()s2)s1,eea,0
Oc1ccc(Oc2ccc()s2)s1,egb,0
Oc1ccc(Oc2ccc()s2)s1,ei,0
Oc1ccc(Oc2ccc()s2)s1,eps,0
Oc1ccc(Oc2ccc(C(=O)c3ccc()cc3)cc2)cc1,egc,1
Oc1ccc(Oc2ccc(C(=O)c3ccc()cc3)cc2)cc1C,egc,0
Oc1ccc(Oc2ccc(C(=O)c3ccc()cc3)cc2)cc1C(=O)O,egc,2
Oc1ccc(Oc2ccc(C(=O)c3ccc()cc3)cc2)cc1C(=O)OC,egc,1
Oc1ccc(Oc2ccc(C(=O)c3ccc()cc3)cc2)cc1C(Br)Br,egc,0
Oc1ccc(Oc2ccc(C(=O)c3ccc()cc3)cc2)cc1C=O,egc,2
Oc1ccc(Oc2ccc(C(=O)c3ccc()cc3)cc2)cc1CBr,egc,1
Oc1ccc(Oc2ccc(C(=O)c3ccc()cc3)cc2)cc1CC#N,egc,0
Oc1ccc(Oc2ccc(C(=O)c3cccc(-c4cccc(C(=O)c5ccc()cc5)c4)c3)cc2)cc1,egc,2
Oc1ccc(Oc2ccc(C(=O)c3ccccc3-c3ccccc3C(=O)c3ccc()cc3)cc2)cc1,egc,1
Oc1ccc(Oc2ccc(C=NCCCCCCN=Cc3ccc()cc3)cc2)cc1,egc,0
Oc1ccc(Oc2ccc(C=NCCCCN=Cc3ccc()cc3)cc2)cc1,egc,2
Oc1ccc(Oc2ccc(NC(=C(C#N)C#N)c3ccc(-c4ccc(-c5ccc(C(Nc6ccc()cc6)=C(C#N)C#N)cc5)cc4)cc3)cc2)cc1,egc,1
Oc1ccc(Oc2ccc(NC(=C(C#N)C#N)c3cccc(C(Nc4ccc()cc4)=C(C#N)C#N)c3)cc2)cc1,egc,0
Oc1ccc(Oc2ccc(NC(=O)c3ccc(Oc4ccc(C(=O)Nc5ccc()cc5)c(C(=O)O)c4)cc3C(=O)O)cc2)cc1,egc,2
Oc1ccc(Oc2ccc(OC(=O)c3ccc(OC(=O)c4ccc(C(=O)Oc5ccc(C()=O)cc5)cc4)cc3)cc2)cc1,egc,1
Oc1ccc(Oc2ccc(OC(=O)c3cccc(C()=O)c3)cc2)cc1,egc,0
Oc1ccc(Oc2ccc(Oc3cccc()n3)cc2)cc1,egc,2
Oc1ccc(Oc2cccc()n2)c(-c2ccccc2)c1,egc,1
Oc1ccc(Oc2cccc()n2)c(C)c1,egc,0
Oc1ccc(Oc2cccc()n2)cc1,egc,2
Oc1ccc(P(=O)(c2ccccc2)c2ccc()cc2)cc1,egc,1
Oc1ccc(P(C)(=O)c2ccc()cc2)cc1,egc,0
Oc1ccc(S(=O)(=O)c2ccc()cc2)cc1,egc,2
Oc1ccc(S(=O)(=O)c2ccc(-c3ccc(-c4ccc(S(=O)(=O)c5ccc()cc5)cc4)cc3)cc2)cc1,egc,1
Oc1ccc(S(=O)(=O)c2ccc(Oc3ccc(C4(c5ccc()cc5)c5ccccc5-c5ccccc54)cc3)cc2)cc1,egc,0
Oc1ccc(S(=O)(=O)c2ccc3cc(S(=O)(=O)c4ccc(Oc5c(C)cc(-c6cc(C)c()c(C)c6C)c(C)c5C)cc4)ccc3c2)cc1,egc,2
Oc1ccc(S(=O)(=O)c2cccc3c(S(=O)(=O)c4ccc(Oc5ccc(-c6ccc()cc6)cc5)cc4)cccc23)cc1,egc,1
Oc1ccc(S(=O)c2ccc(OC()=O)cc2)cc1,egc,0
Oc1ccc(SSCCSSc2ccc()cc2)cc1,egc,2
Oc1ccc(Sc2ccc()cc2)cc1,egc,1
Oc1ccc(Sc2ccc(OC()=O)cc2)cc1,egc,0
Oc1ccc(cc1),tg,2
Oc1ccc(cc1)/C(=C/c1ccc(cc1)OCCOCCOCC)/C,tg,1
Oc1ccc(cc1)/C(=C/c1ccc(cc1)OCCOCCOCCOCC)/C,tg,0
Oc1ccc(cc1)C(=Cc1c(cc(c(c1)OC)C=C(c1ccc(cc1))c1ccc(cc1)C(F)(F)F)OC)c1ccc(cc1)C(F)(F)F,tg,2
Oc1ccc(cc1)C(=Cc1ccc(cc1)OCC(COC(=O)CCCCCCCCC(=O)OCC(C)O)O)C,tg,1
Oc1ccc(cc1)C(=Cc1ccc(cc1)OCCOCC)C,tg,0
Oc1ccc(cc1)C(=Cc1ccc(cc1)c1ccc(cc1)C=C(c1ccc(cc1)OC(=O)CCCCC(=O))c1ccccc1)c1ccccc1,tg,2
Oc1ccc(cc1)C(=Cc1ccc(cc1)c1ccc(cc1)C=C(c1ccc(cc1)OC(=O)CCCCCCCCC(=O))c1ccccc1)c1ccccc1,tg,1
Oc1ccc(cc1)C(=Cc1ccc(cc1)c1ccc(cc1)C=C(c1ccc(cc1)OC(=O)c1cc(ccc1)C(=O))c1ccccc1)c1ccccc1,tg,0
Oc1ccc(cc1)C(=Cc1ccc(cc1)c1ccc(cc1)C=C(c1ccc(cc1)OC(=O)c1ccc(cc1)C(=O))c1ccccc1)c1ccccc1,tg,2
Oc1ccc(cc1)C(=Nc1ccc(cc1)N=C(c1ccc(cc1)Oc1ccc(cc1)C(c1ccc(cc1))(C)C)C)C,tg,1
Oc1ccc(cc1)C(=Nc1ccc(cc1)N=C(c1ccc(cc1)Oc1ccc(cc1)C(c1ccc(cc1))(C)C)c1ccccc1)c1ccccc1,tg,0
Oc1ccc(cc1)C(=Nc1ccc(cc1)N=C(c1ccc(cc1)Oc1ccc(cc1)C(c1ccc(cc1))(c1ccccc1)c1ccccc1)c1ccccc1)c1ccccc1,tg,2
Oc1ccc(cc1)C(=O)N(C(=O)c1ccc(cc1)OCCCCCC)c1cc(cc(c1)C)C,tg,1
Oc1ccc(cc1)C(=O)N(C(=O)c1ccc(cc1)OCCCCCC)c1ccc(cc1)Oc1ccccc1,tg,0
Oc1ccc(cc1)C(=O)NNC(=O)c1cc(ccc1)C(=O)NNC(=O)c1ccc(cc1)OC(=O)c1cc(ccc1)C(=O),tg,2
Oc1ccc(cc1)C(=O)NNC(=O)c1ccc(cc1),tg,1
Oc1ccc(cc1)C(=O)NNC(=O)c1ccc(cc1)C(=O)NNC(=O)c1ccc(cc1)OC(=O)c1cc(ccc1)C(=O),tg,0
Oc1ccc(cc1)C(=O)Nc1c(cc(c(c1)SCCC#N)NC(=O)c1ccc(cc1))SCCC#N,tg,2
Oc1ccc(cc1)C(=O)Nc1c(cc(cc1)Br)c1ccc(cc1)NC(=O)c1ccc(cc1),tg,1
Oc1ccc(cc1)C(=O)Nc1c(ccc(c1)C(c1cc(c(cc1)C)NC(=O)c1ccc(cc1)OC(=O)c1cc(ccc1)C(=O))(C(F)(F)F)C(F)(F)F)C,tg,0
Oc1ccc(cc1)C(=O)Nc1cc(cc(c1)C(=O)OCCOC(=O)C=Cc1ccc(cc1)N(C)C)NC(=O)c1ccc(cc1),tg,2
Oc1ccc(cc1)C(=O)Nc1cc(cc(c1)c1nc2c([nH]1)cccc2)NC(=O)c1ccc(cc1),tg,1
Oc1ccc(cc1)C(=O)Nc1cc(cc(c1)c1nc2c([nH]1)cccc2)NC(=O)c1ccc(cc1)OCCOCCOCC,tg,0
Oc1ccc(cc1)C(=O)Nc1cc(cc(c1)c1nc2c([nH]1)cccc2)NC(=O)c1ccc(cc1)OCCOCCOCCOCCOCC,tg,2
Oc1ccc(cc1)C(=O)Nc1cc(cc(c1)c1nc2c([nH]1)cccc2)NC(=O)c1ccc(cc1)OCCOCCOCCOCCOCCOCC,tg,1
Oc1ccc(cc1)C(=O)Nc1ccc(cc1)C(c1ccc(cc1)NC(=O)c1ccc(cc1))(P1(=O)c2ccccc2c2ccccc2O1)P1(=O)c2ccccc2c2ccccc2O1,tg,0
Oc1ccc(cc1)C(=O)Nc1ccc(cc1)C(c1ccc(cc1)NC(=O)c1ccc(cc1)OC(=O)c1cc(ccc1)C(=O))(C(F)(F)F)C(F)(F)F,tg,2
Oc1ccc(cc1)C(=O)Nc1ccc(cc1)C(c1ccc(cc1)NC(=O)c1ccc(cc1)OC(=O)c1ccc(cc1)C(=O))(C(F)(F)F)C(F)(F)F,tg,1
Oc1ccc(cc1)C(=O)Nc1ccc(cc1)S(=O)(=O)c1ccc(cc1)NC(=O)c1ccc(cc1)Oc1ccc(cc1)C(=O)c1ccc(cc1)S(=O)(=O)c1ccc(cc1)C(=O)c1ccc(cc1),tg,0
Oc1ccc(cc1)C(=O)OC(=O)c1ccc(cc1)OCCC,tg,2
Oc1ccc(cc1)C(=O)OC(=O)c1ccc(cc1)OCCCC,tg,1
Oc1ccc(cc1)C(=O)OC(=O)c1ccc(cc1)OCCOCC,tg,0
Oc1ccc(cc1)C(=O)OC(=O)c1ccc(cc1)OCOC,tg,2
Oc1ccc(cc1)C(=O)OC(COC(=O)c1ccc(cc1)OC(=O)c1ccc(cc1)C(=O))C,tg,1
Oc1ccc(cc1)C(=O)OC(COC(COC(COC(=O)c1ccc(cc1)OC(=O)c1ccc(cc1)C(=O))C)C)C,tg,0
Oc1ccc(cc1)C(=O)OCC,tg,2
Oc1ccc(cc1)C(=O)OCCCCCCCOC(=O)c1ccc(cc1)OC(=O)c1ccc(cc1)C(=O),tg,1
Oc1ccc(cc1)C(=O)OCCCCCCOC(=O)c1ccc(cc1),tg,0
Oc1ccc(cc1)C(=O)OCCCCOC(=O)c1ccc(cc1),tg,2
Oc1ccc(cc1)C(=O)OCCCOC(=O)c1ccc(cc1),tg,1
Oc1ccc(cc1)C(=O)OCCN(CCOC(=O)c1ccc(cc1)OC1(C(C(C1(F)F)(F)F)()F)F)c1ccc(cc1)C=CC1=CC(=C(C#N)C#N)CC(C1)(C)C,tg,0
Oc1ccc(cc1)C(=O)OCCN(CCOC(=O)c1ccc(cc1)OCC#CC#CC)c1ccc(cc1)N=Nc1ccc(cc1)C#N,tg,2
Oc1ccc(cc1)C(=O)OCCN(CCOC(=O)c1ccc(cc1)OCC#CC#CC)c1ccc(cc1)N=Nc1ccc(cc1)[N+](=O)[O-],tg,1
Oc1ccc(cc1)C(=O)OCCN(CCOC(=O)c1ccc(cc1)OCC#CC#CC)c1ccc(cc1)[N+](=O)[O-],tg,0
Oc1ccc(cc1)C(=O)OCCOC(=O)c1ccc(cc1),tg,2
Oc1ccc(cc1)C(=O)OCCOC(=O)c1ccc(cc1)OCCCC,tg,1
Oc1ccc(cc1)C(=O)OCCOCCOC(=O)c1ccc(cc1)OC(=O),tg,0
Oc1ccc(cc1)C(=O)OCCOCCOCCOC(=O)c1ccc(cc1)OC(=O)c1ccc(cc1)C(=O),tg,2
Oc1ccc(cc1)C(=O)OCCOCCOCCOCCOC(=O)c1ccc(cc1)OC(=O)c1ccc(cc1)C(=O),tg,1
Oc1ccc(cc1)C(=O)c1cc(ccc1)C(=O)c1ccc(cc1),tg,0
Oc1ccc(cc1)C(=O)c1cc(ccc1)C(=O)c1ccc(cc1)Oc1cc(ccc1)Cc1cc(ccc1),tg,2
Oc1ccc(cc1)C(=O)c1cc(ccc1)c1cc(ccc1)C(=O)c1ccc(cc1),tg,1
Oc1ccc(cc1)C(=O)c1ccc(cc1)C(=O)c1ccc(cc1)Oc1cc(ccc1)Cc1cc(ccc1),tg,0
Oc1ccc(cc1)C(=O)c1ccc(cc1)C(=O)c1ccc(cc1)Oc1ccc(cc1)Cc1ccc(cc1),tg,2
Oc1ccc(cc1)C(=O)c1ccc(cc1)NC(=O)c1cc(ccc1)C(=O)Nc1ccc(cc1)C(=O)c1ccc(cc1),tg,1
Oc1ccc(cc1)C(=O)c1ccc(cc1)NC(=O)c1ccc(cc1)C(=O)Nc1ccc(cc1)C(=O)c1ccc(cc1),tg,0
Oc1ccc(cc1)C(=O)c1ccc(cc1)OCCCCCCOC(=O)OCCCCCCCCCCCCOC(=O)OCCCCCC,tg,2
Oc1ccc(cc1)C(=O)c1ccc(cc1)OCCCCCCOC(=O)OCCCCCCCCCCOC(=O)OCCCCCC,tg,1
Oc1ccc(cc1)C(=O)c1ccc(cc1)OCCCCCCOC(=O)OCCCCCCOC(=O)OCCCCCC,tg,0
Oc1ccc(cc1)C(=O)c1ccc(cc1)OCCCCCCOC(=O)OCCCCCOC(=O)OCCCCCC,tg,2
Oc1ccc(cc1)C(=O)c1ccc(cc1)OCCCCCCOC(=O)OCCCCOC(=O)OCCCCCC,tg,1
Oc1ccc(cc1)C(=O)c1ccc(cc1)OCCCCCCOC(=O)OCCCOC(=O)OCCCCCC,tg,0
Oc1ccc(cc1)C(=O)c1ccc(cc1)Oc1ccc(cc1)C(=O)c1c(c(c(c(c1c1ccc(cc1)F)c1ccc(cc1)F)c1ccc(cc1)F)c1ccc(cc1)F)C(=O)c1ccc(cc1),tg,2
Oc1ccc(cc1)C(=O)c1ccc(cc1)Oc1ccc(cc1)C(=O)c1c(c(c(c(c1c1ccccc1)c1cc2c(cc1)cccc2)c1cc2c(cc1)cccc2)c1ccccc1)C(=O)c1ccc(cc1),tg,1
Oc1ccc(cc1)C(=O)c1ccc(cc1)Oc1ccc(cc1)C(=O)c1cc(ccc1)C(=O)c1ccc(cc1),tg,0
Oc1ccc(cc1)C(=O)c1ccc(cc1)Oc1ccc(cc1)C(=O)c1ccc(cc1)Oc1ccc(cc1)Cc1ccc(cc1),tg,2
Oc1ccc(cc1)C(CC(c1ccc(cc1)OCC(C)O)C)(C)C,tg,1
Oc1ccc(cc1)C(c1cc(ccc1)C(c1ccc(cc1)Oc1ccc(cc1)C(=O)Nc1cc(ccc1)NC(=O)c1ccc(cc1))(C)C)(C)C,tg,0
Oc1ccc(cc1)C(c1ccc(cc1)C(c1ccc(cc1)Oc1ccc(cc1)C(=O)Nc1ccc(cc1)Cc1ccc(cc1)NC(=O)c1ccc(cc1))(C)C)(C)C,tg,2
Oc1ccc(cc1)C(c1ccc(cc1)C(c1ccc(cc1)Oc1ccc(cc1)C(=O)Nc1ccc(cc1)NC(=O)c1ccc(cc1))(C)C)(C)C,tg,1
Oc1ccc(cc1)C(c1ccc(cc1)OC()(Oc1ccccc1)Oc1ccccc1)(C)C,tg,0
Oc1ccc(cc1)C(c1ccc(cc1)OC(=O))(CC)C,tg,2
Oc1ccc(cc1)C(c1ccc(cc1)OC(=O))(CCC#N)C,tg,1
Oc1ccc(cc1)C(c1ccc(cc1)OC(=O))(CCC)CCC,tg,0
Oc1ccc(cc1)C(c1ccc(cc1)OC(=O))(c1ccccc1)C,tg,2
Oc1ccc(cc1)C(c1ccc(cc1)OC(=O))(c1ccccc1)C#N,tg,1
Oc1ccc(cc1)C(c1ccc(cc1)OC(=O))C,tg,0
Oc1ccc(cc1)C(c1ccc(cc1)OC(=O))C(C)C,tg,2
Oc1ccc(cc1)C(c1ccc(cc1)OC(=O))C(Cl)(Cl)Cl,tg,1
Oc1ccc(cc1)C(c1ccc(cc1)OC(=O))C1C2C3C(C(C1)C2)C1CCC3C1,tg,0
Oc1ccc(cc1)C(c1ccc(cc1)OC(=O))C1C2CCC(C1c1ccccc1)C2,tg,2
Oc1ccc(cc1)C(c1ccc(cc1)OC(=O))CC,tg,1
Oc1ccc(cc1)C(c1ccc(cc1)OC(=O))CCC,tg,0
Oc1ccc(cc1)C(c1ccc(cc1)OC(=O)C1CCC(CC1)C(=O))(C)C,tg,2
Oc1ccc(cc1)C(c1ccc(cc1)OC(=O)CC(CCC(=O))C)(C)C,tg,1
Oc1ccc(cc1)C(c1ccc(cc1)OC(=O)CCCCC(=O))(C)C,tg,0
Oc1ccc(cc1)C(c1ccc(cc1)OC(=O)CCCCCCCCC(=O))(C)C,tg,2
Oc1ccc(cc1)C(c1ccc(cc1)OC(=O)CCCCCCCCC(=O))(CC)c1ccccc1,tg,1
Oc1ccc(cc1)C(c1ccc(cc1)OC(=O)CN(CC(=O))c1ccc(cc1)N=Nc1ccc(cc1)[N+](=O)[O-])(C)C,tg,0
Oc1ccc(cc1)C(c1ccc(cc1)OC(=O)Nc1ccc(cc1)Cc1ccc(cc1)NC(=O))(C(F)(F)F)C(F)(F)F,tg,2
Oc1ccc(cc1)C(c1ccc(cc1)OC(=O)OC1C(C(C1(C)C)OC(=O))(C)C)(c1ccccc1)c1ccccc1,tg,1
Oc1ccc(cc1)C(c1ccc(cc1)OC(=O)OCC1CCC(CC1)COC(=O))(C)C,tg,0
Oc1ccc(cc1)C(c1ccc(cc1)OC(=O)OCCN(CCOC(=O))c1ccc(cc1)OC)(C)C,tg,2
Oc1ccc(cc1)C(c1ccc(cc1)OC(=O)OCCN(CCOC(=O))c1ccc2[nH]c3c(c2c1)cccc3)(C)C,tg,1
Oc1ccc(cc1)C(c1ccc(cc1)OC(=O)OCCN(CCOC(=O))c1ccccc1)(C)C,tg,0
Oc1ccc(cc1)C(c1ccc(cc1)OC(=O)Oc1ccc(cc1)Cc1ccc(cc1)OC(=O))(C)C,tg,2
Oc1ccc(cc1)C(c1ccc(cc1)OC(=O)SCCCSC(=O))(C)C,tg,1
Oc1ccc(cc1)C(c1ccc(cc1)OC(=O)c1c(cccc1)c1c(cccc1)C(=O))(C(F)(F)F)C(F)(F)F,tg,0
Oc1ccc(cc1)C(c1ccc(cc1)OC(=O)c1c(cccc1)c1c(cccc1)C(=O))(C)C,tg,2
Oc1ccc(cc1)C(c1ccc(cc1)OC(=O)c1cc(cc(c1)NC(=O)c1ccc(cc1)NC(=O)C(N1C(=O)c2c(C1=O)cccc2)C)C(=O))(C)C,tg,1
Oc1ccc(cc1)C(c1ccc(cc1)OC(=O)c1cc(ccc1)C(=O))(C)C,tg,0
Oc1ccc(cc1)C(c1ccc(cc1)OC(=O)c1cc(ccc1)C(=O))(c1ccccc1)C,tg,2
Oc1ccc(cc1)C(c1ccc(cc1)OC(=O)c1cc(ccc1)C(=O))(c1ccccc1)c1ccccc1,tg,1
Oc1ccc(cc1)C(c1ccc(cc1)OC(=O)c1cc(ccc1)C(C(C(c1cc(ccc1)C(=O))(F)F)(F)F)(F)F)(C)C,tg,0
Oc1ccc(cc1)C(c1ccc(cc1)OC(=O)c1cc(ccc1)Oc1cc(ccc1)C(=O))(C)C,tg,2
Oc1ccc(cc1)C(c1ccc(cc1)OC(=O)c1cc2c(C(CC2(c2ccc(cc2)C(=O))C)(C)C)cc1)(C)C,tg,1
Oc1ccc(cc1)C(c1ccc(cc1)OC(=O)c1ccc(cc1)C(=O))(CC)CC,tg,0
Oc1ccc(cc1)C(c1ccc(cc1)OC(=O)c1ccc(cc1)C(=O))(CC)c1ccccc1,tg,2
Oc1ccc(cc1)C(c1ccc(cc1)OC(=O)c1ccc(cc1)C(c1ccc(cc1)C(=O))(C(F)(F)F)C(F)(F)F)(C(F)(F)F)C(F)(F)F,tg,1
Oc1ccc(cc1)C(c1ccc(cc1)OC(=O)c1ccc(cc1)C(c1ccc(cc1)C(=O))(C(F)(F)F)C(F)(F)F)(C)C,tg,0
Oc1ccc(cc1)C(c1ccc(cc1)OC(=O)c1ccc(cc1)C(c1ccc(cc1)C(=O))(CC)C)(C)C,tg,2
Oc1ccc(cc1)C(c1ccc(cc1)OC(=O)c1ccc(cc1)Cc1ccc(cc1)C(=O))(C)C,tg,1
Oc1ccc(cc1)C(c1ccc(cc1)OC(=O)c1ccc(cc1)OCCCCCCCCCCOc1ccc(cc1)C(=O))(C(F)(F)F)C(F)(F)F,tg,0
Oc1ccc(cc1)C(c1ccc(cc1)OC(=O)c1ccc(cc1)OCCCCCCCCCCOc1ccc(cc1)C(=O))(C)C,tg,2
Oc1ccc(cc1)C(c1ccc(cc1)OC(=O)c1ccc(cc1)[Si](c1ccc(cc1)C(=O))(C)C)(C)C,tg,1
Oc1ccc(cc1)C(c1ccc(cc1)OC(=S))(C)C,tg,0
Oc1ccc(cc1)C(c1ccc(cc1)OC(=S))(CC(C)C)C,tg,2
Oc1ccc(cc1)C(c1ccc(cc1)OC(=S))(CC)C,tg,1
Oc1ccc(cc1)C(c1ccc(cc1)OC(=S))(CC)CC,tg,0
Oc1ccc(cc1)C(c1ccc(cc1)OC(=S))C,tg,2
Oc1ccc(cc1)C(c1ccc(cc1)OC(=S))C(CC)CC,tg,1
Oc1ccc(cc1)C(c1ccc(cc1)OC(=S))CC,tg,0
Oc1ccc(cc1)C(c1ccc(cc1)OC(=S))c1c2c(ccc1)cccc2,tg,2
Oc1ccc(cc1)C(c1ccc(cc1)OC)(C(F)(F)F)C(F)(F)F,tg,1
Oc1ccc(cc1)C(c1ccc(cc1)OC1(C(C(C1(F)F)(F)F)()F)F)(C(F)(F)F)C(F)(F)F,tg,0
Oc1ccc(cc1)C(c1ccc(cc1)OCC(C)(CCl)CO)(C(F)(F)F)C(F)(F)F,tg,2
Oc1ccc(cc1)C(c1ccc(cc1)OCC(C)O)(C)C,tg,1
Oc1ccc(cc1)C(c1ccc(cc1)OCC(C)O)(c1ccccc1)C,tg,0
Oc1ccc(cc1)C(c1ccc(cc1)OCC(C)OC(=O)C)(C)C,tg,2
Oc1ccc(cc1)C(c1ccc(cc1)OCC(C)OC(=O)C=Cc1ccccc1)(C)C,tg,1
Oc1ccc(cc1)C(c1ccc(cc1)OCC(C)OC(=O)C=Cc1occc1)(C)C,tg,0
Oc1ccc(cc1)C(c1ccc(cc1)OCC(C)OC(=O)CC)(C)C,tg,2
Oc1ccc(cc1)C(c1ccc(cc1)OCC(C)OC(=O)c1c(cccc1)Cl)(C)C,tg,1
Oc1ccc(cc1)C(c1ccc(cc1)OCC(C)OC(=O)c1ccccc1)(c1ccccc1)C,tg,0
Oc1ccc(cc1)C(c1ccc(cc1)OCC(CN(CC(C)O)c1ccc(cc1)C#N)O)(C)C,tg,2
Oc1ccc(cc1)C(c1ccc(cc1)OCC(CN(S(=O)(=O)c1cc(ccc1)S(=O)(=O)N(CC(C)O)C)C)O)(C)C,tg,1
Oc1ccc(cc1)C(c1ccc(cc1)OCC(CN(S(=O)(=O)c1ccc(cc1)c1ccc(cc1)S(=O)(=O)N(CC(C)O)C)C)O)(C)C,tg,0
Oc1ccc(cc1)C(c1ccc(cc1)OCC(CN(S(=O)(=O)c1ccc(cc1)c1ccc(cc1)S(=O)(=O)N(CC(C)O)CCO)CCO)O)(C)C,tg,2
Oc1ccc(cc1)C(c1ccc(cc1)OCC(COC(=O)C1CCC(CC1)C(=O)OCC(C)O)O)(C)C,tg,1
Oc1ccc(cc1)C(c1ccc(cc1)OCC(COC(=O)CCCCC(=O)OCC(C)O)O)(C)C,tg,0
Oc1ccc(cc1)C(c1ccc(cc1)OCC(COC(=O)CCCCCCCCC(=O)OCC(C)O)O)(C)C,tg,2
Oc1ccc(cc1)C(c1ccc(cc1)OCC(COC(=O)CCCCCCCCCCC(=O)OCC(C)O)O)(C)C,tg,1
Oc1ccc(cc1)C(c1ccc(cc1)OCC(COC(=O)c1cc(ccc1)C(=O)OCC(C)O)O)(C)C,tg,0
Oc1ccc(cc1)C(c1ccc(cc1)OCC(COc1c(cc(cc1Cl)C(c1cc(c(c(c1)Cl)OCC(C)O)Cl)(C)C)Cl)O)(C)C,tg,2
Oc1ccc(cc1)C(c1ccc(cc1)OCC(COc1ccc(cc1)C(=O)c1ccc(cc1)OCC(C)O)O)(C)C,tg,1
Oc1ccc(cc1)C(c1ccc(cc1)OCCCCCCCC)(C)C,tg,0
Oc1ccc(cc1)C(c1ccc(cc1)OCCOC(=O)C1CCC(CC1)C(=O)OCC)(C)C,tg,2
Oc1ccc(cc1)C(c1ccc(cc1)Oc1c(c(c(c(c1F)F)C(=O)c1c(c(c(c(c1F)F))F)F)F)F)(C(F)(F)F)C(F)(F)F,tg,1
Oc1ccc(cc1)C(c1ccc(cc1)Oc1c(c(c(c(c1F)F)C(=O)c1c(c(c(c(c1F)F))F)F)F)F)(c1ccccc1)C,tg,0
Oc1ccc(cc1)C(c1ccc(cc1)Oc1c(c(c(c(c1F)F)COC(c1cc(ccc1)C(OCc1c(c(c(c(c1F)F))F)F)(C(F)(F)F)C(F)(F)F)(C(F)(F)F)C(F)(F)F)F)F)(C(F)(F)F)C(F)(F)F,tg,2
Oc1ccc(cc1)C(c1ccc(cc1)Oc1c(cc(cc1)C(=O)c1ccc(cc1)C(=O)c1cc(c(cc1))C(F)(F)F)C(F)(F)F)(C)C,tg,1
Oc1ccc(cc1)C(c1ccc(cc1)Oc1ccc(cc1)C(=O)C(=O)c1ccc(cc1))(c1ccccc1)C,tg,0
Oc1ccc(cc1)C(c1ccc(cc1)Oc1ccc(cc1)C(=O)Nc1cc(c(cc1)c1c(cc(cc1)NC(=O)c1ccc(cc1))C(F)(F)F)C(F)(F)F)(C(F)(F)F)C(F)(F)F,tg,2
Oc1ccc(cc1)C(c1ccc(cc1)Oc1ccc(cc1)C(=O)Nc1cc(ccc1)NC(=O)c1ccc(cc1))(C)C,tg,1
Oc1ccc(cc1)C(c1ccc(cc1)Oc1ccc(cc1)C(=O)Nc1ccc(cc1)NC(=O)c1ccc(cc1))(C)C,tg,0
Oc1ccc(cc1)C(c1ccc(cc1)Oc1ccc(cc1)C(=O)Nc1ccc(cc1)NC(=O)c1ccc(cc1))(c1ccccc1)c1ccccc1,tg,2
Oc1ccc(cc1)C(c1ccc(cc1)Oc1ccc(cc1)C(=O)c1c(c(c(c(c1c1ccc(cc1)F)c1ccc(cc1)F)c1ccc(cc1)F)c1ccc(cc1)F)C(=O)c1ccc(cc1))(C(F)(F)F)C(F)(F)F,tg,1
Oc1ccc(cc1)C(c1ccc(cc1)Oc1ccc(cc1)C(=O)c1c(c(c(c(c1c1ccccc1)c1cc2c(cc1)cccc2)c1cc2c(cc1)cccc2)c1ccccc1)C(=O)c1ccc(cc1))(C)C,tg,0
Oc1ccc(cc1)C(c1ccc(cc1)Oc1ccc(cc1)C(=O)c1c(cccc1)c1c(cccc1)C(=O)c1ccc(cc1))(C)C,tg,2
Oc1ccc(cc1)C(c1ccc(cc1)Oc1ccc(cc1)C(=O)c1c2c(ccc1)cccc2C(=O)c1ccc(cc1))(C(F)(F)F)C(F)(F)F,tg,1
Oc1ccc(cc1)C(c1ccc(cc1)Oc1ccc(cc1)C(=O)c1c2c(ccc1)cccc2C(=O)c1ccc(cc1))(C)C,tg,0
Oc1ccc(cc1)C(c1ccc(cc1)Oc1ccc(cc1)C(=O)c1c2c(ccc1C)c(c(cc2)C)C(=O)c1ccc(cc1))(C)C,tg,2
Oc1ccc(cc1)C(c1ccc(cc1)Oc1ccc(cc1)C(=O)c1cc(cc(c1)C(C)(C)C)C(=O)c1ccc(cc1))(C(F)(F)F)C(F)(F)F,tg,1
Oc1ccc(cc1)C(c1ccc(cc1)Oc1ccc(cc1)C(=O)c1cc(ccc1)C(=O)c1ccc(cc1))(C(F)(F)F)C(F)(F)F,tg,0
Oc1ccc(cc1)C(c1ccc(cc1)Oc1ccc(cc1)C(=O)c1cc2c(cc1)cc(cc2)C(=O)c1ccc(cc1))(C)C,tg,2
Oc1ccc(cc1)C(c1ccc(cc1)Oc1ccc(cc1)C(=O)c1ccc(cc1))(C(F)(F)F)C(F)(F)F,tg,1
Oc1ccc(cc1)C(c1ccc(cc1)Oc1ccc(cc1)C(=O)c1ccc(cc1))(C)C,tg,0
Oc1ccc(cc1)C(c1ccc(cc1)Oc1ccc(cc1)C(=O)c1ccc(cc1))c1c(cccc1)C(=O)O,tg,2
Oc1ccc(cc1)C(c1ccc(cc1)Oc1ccc(cc1)C(=O)c1ccc(cc1)C(=O)c1ccc(cc1))(C)C,tg,1
Oc1ccc(cc1)C(c1ccc(cc1)Oc1ccc(cc1)C(=O)c1ccc(cc1)C(c1ccc(cc1)C(=O)c1ccc(cc1))(C(F)(F)F)C(F)(F)F)(C(F)(F)F)C(F)(F)F,tg,0
Oc1ccc(cc1)C(c1ccc(cc1)Oc1ccc(cc1)C(=O)c1ccc(cc1)C(c1ccc(cc1)C(=O)c1ccc(cc1))(C)C)(C)C,tg,2
Oc1ccc(cc1)C(c1ccc(cc1)Oc1ccc(cc1)C(=O)c1ccc(cc1)Oc1ccc(cc1)C(=O)c1ccc(cc1))(C)C,tg,1
Oc1ccc(cc1)C(c1ccc(cc1)Oc1ccc(cc1)C(=O)c1ccc(cc1)P(=O)(c1ccc(cc1)C(=O)c1ccc(cc1))c1ccccc1)(C(F)(F)F)C(F)(F)F,tg,0
Oc1ccc(cc1)C(c1ccc(cc1)Oc1ccc(cc1)C(C(c1ccc(cc1))O)O)(C)C,tg,2
Oc1ccc(cc1)C1(C2C3C(CCC3)C(C1)C2)c1ccc(cc1)OC(=O),tg,1
Oc1ccc(cc1)C1(C2C3C(CCC3)C(C1)C2)c1ccc(cc1)OC(=O)c1ccc(cc1)Oc1ccc(cc1)C1(CCC(CC1)C(C)(C)C)c1ccc(cc1)Oc1ccc(cc1)C(=O),tg,0
Oc1ccc(cc1)C1(CC(CCC1)c1ccc(cc1)OCC(C)O)CC,tg,2
Oc1ccc(cc1)C1(CC(CCC1)c1ccc(cc1)OCC(C)OC(=O)C)CC,tg,1
Oc1ccc(cc1)C1(CC2C(CC1)CCCC2)c1ccc(cc1)OC(=O)c1cc(ccc1)C(=O),tg,0
Oc1ccc(cc1)C1(CC2C(CC1)CCCC2)c1ccc(cc1)OC(=O)c1ccc(cc1)C(=O),tg,2
Oc1ccc(cc1)C1(CC2C(CC1)CCCC2)c1ccc(cc1)Oc1ccc(cc1)C(=O)c1cc(ccc1)C(=O)c1ccc(cc1),tg,1
Oc1ccc(cc1)C1(CC2C(CC1)CCCC2)c1ccc(cc1)Oc1ccc(cc1)C(=O)c1ccc(cc1),tg,0
Oc1ccc(cc1)C1(CCC(CC1)C(C)(C)C)c1ccc(cc1)OC(=O)OC1C(C(C1(C)C)OC(=O))(C)C,tg,2
Oc1ccc(cc1)C1(CCC(CC1)C(C)(C)C)c1ccc(cc1)Oc1ccc(cc1)C(=O)Oc1c(cc(cc1C)C(c1cc(c(c(c1)C)OC(=O)c1ccc(cc1))C)(C)C)C,tg,1
Oc1ccc(cc1)C1(CCC(CC1)C(C)(C)C)c1ccc(cc1)Oc1ccc(cc1)C(=O)Oc1ccc(cc1)C(c1ccc(cc1)OC(=O)c1ccc(cc1))(C)C,tg,0
Oc1ccc(cc1)C1(CCC(CC1)C(C)(C)C)c1ccc(cc1)Oc1ccc(cc1)C(=O)Oc1ccc(cc1)C1(CCC(CC1)c1ccccc1)c1ccc(cc1)OC(=O)c1ccc(cc1),tg,2
Oc1ccc(cc1)C1(CCC(CC1)C(c1ccc(cc1)OCC(C)O)(C)C)C,tg,1
Oc1ccc(cc1)C1(CCC(CC1)C(c1ccc(cc1)Oc1ccc(cc1)C(=O)c1ccc(cc1))(C)C)C,tg,0
Oc1ccc(cc1)C1(CCC(CC1)C)c1ccc(cc1)OC(=S),tg,2
Oc1ccc(cc1)C1(CCCC1)c1ccc(cc1)OC(=S),tg,1
Oc1ccc(cc1)C1(CCCCC1)c1ccc(cc1)OC(=O),tg,0
Oc1ccc(cc1)C1(CCCCC1)c1ccc(cc1)OC(=O)OC1C(C(C1(C)C)OC(=O))(C)C,tg,2
Oc1ccc(cc1)C1(CCCCC1)c1ccc(cc1)OC(=O)c1ccc(cc1)C(=O),tg,1
Oc1ccc(cc1)C1(CCCCC1)c1ccc(cc1)OC(=S),tg,0
Oc1ccc(cc1)C1(CCCCCC1)c1ccc(cc1)OC(=O),tg,2
Oc1ccc(cc1)C1(CCCCCCCCCCC1)c1ccc(cc1)OC(=O)c1ccc(cc1)Oc1ccc(cc1)C1(CCC(CC1)C(C)(C)C)c1ccc(cc1)Oc1ccc(cc1)C(=O),tg,1
Oc1ccc(cc1)C1(c2c(CC1)cccc2)c1ccc(cc1)OC(=O),tg,0
Oc1ccc(cc1)C1(c2c(CC1)cccc2)c1ccc(cc1)OC(=O)c1ccc(cc1)C(=O),tg,2
Oc1ccc(cc1)C1(c2cc(ccc2c2ccc(cc12)[N+](=O)[O-])N(C)C)c1ccc(cc1)OC(=O),tg,1
Oc1ccc(cc1)C1(c2cc(ccc2c2ccc(cc12)[N+](=O)[O-])N(C)C)c1ccc(cc1)OC(=O)CCC(=O),tg,0
Oc1ccc(cc1)C1(c2cc(ccc2c2ccc(cc12)[N+](=O)[O-])N(C)C)c1ccc(cc1)OC(=O)CCCC(=O),tg,2
Oc1ccc(cc1)C1(c2cc(ccc2c2ccc(cc12)[N+](=O)[O-])N(C)C)c1ccc(cc1)OC(=O)CCCCC(=O),tg,1
Oc1ccc(cc1)C1(c2cc(ccc2c2ccc(cc12)[N+](=O)[O-])OC)c1ccc(cc1)OC(=O),tg,0
Oc1ccc(cc1)C1(c2cc(ccc2c2ccc(cc12)[N+](=O)[O-])OC)c1ccc(cc1)OC(=O)CCC(=O),tg,2
Oc1ccc(cc1)C1(c2ccccc2C(=O)c2ccccc12)c1ccc(cc1)OC(=O)c1ccc(cc1)C(=O),tg,1
Oc1ccc(cc1)C1(c2ccccc2Cc2ccccc12)c1ccc(cc1)OC(=O)c1ccc(cc1)C(=O),tg,0
Oc1ccc(cc1)C1(c2ccccc2c2ccccc12)c1ccc(cc1)OC(=O),tg,2
Oc1ccc(cc1)C1(c2ccccc2c2ccccc12)c1ccc(cc1)OC(=O)C12CC3(CC(CC(C1)C3)C2)C(=O),tg,1
Oc1ccc(cc1)C1(c2ccccc2c2ccccc12)c1ccc(cc1)OC(=O)CCC(=O),tg,0
Oc1ccc(cc1)C1(c2ccccc2c2ccccc12)c1ccc(cc1)OC(=O)CCCCC(=O),tg,2
Oc1ccc(cc1)C1(c2ccccc2c2ccccc12)c1ccc(cc1)OC(=O)CCCCCCCC(=O),tg,1
Oc1ccc(cc1)C1(c2ccccc2c2ccccc12)c1ccc(cc1)OC(=O)CCCCCCCCCC(=O),tg,0
Oc1ccc(cc1)C1(c2ccccc2c2ccccc12)c1ccc(cc1)OC(=O)CCCCCCCCCCC(=O),tg,2
Oc1ccc(cc1)C1(c2ccccc2c2ccccc12)c1ccc(cc1)OC(=O)OC1C(C(C1(C)C)OC(=O))(C)C,tg,1
Oc1ccc(cc1)C1(c2ccccc2c2ccccc12)c1ccc(cc1)OC(=O)c1ccc(cc1)C(=O),tg,0
Oc1ccc(cc1)C1(c2ccccc2c2ccccc12)c1ccc(cc1)OC1(C(C(C1(F)F)(F)F)()F)F,tg,2
Oc1ccc(cc1)C1(c2ccccc2c2ccccc12)c1ccc(cc1)OCC(COc1ccc(cc1)C(c1ccc(cc1)OCC(C)O)(C)C)O,tg,1
Oc1ccc(cc1)C1(c2ccccc2c2ccccc12)c1ccc(cc1)OCCOC(=O)NC1CCC(CC1)CC1CCC(CC1)NC(=O)OCC,tg,0
Oc1ccc(cc1)C1(c2ccccc2c2ccccc12)c1ccc(cc1)OCCOC(=O)NCCCCCCNC(=O)OCC,tg,2
Oc1ccc(cc1)C1(c2ccccc2c2ccccc12)c1ccc(cc1)OCCOC(=O)Nc1c(ccc(c1)NC(=O)OCC)C,tg,1
Oc1ccc(cc1)C1(c2ccccc2c2ccccc12)c1ccc(cc1)Oc1c(cc(cc1)C(=O)c1ccc(cc1)C(=O)c1cc(c(cc1))C(F)(F)F)C(F)(F)F,tg,0
Oc1ccc(cc1)C1(c2ccccc2c2ccccc12)c1ccc(cc1)Oc1ccc(cc1)C(=O)c1c(cccc1)c1c(cccc1)C(=O)c1ccc(cc1),tg,2
Oc1ccc(cc1)C1(c2ccccc2c2ccccc12)c1ccc(cc1)Oc1ccc(cc1)C(=O)c1c2c(ccc1)cccc2C(=O)c1ccc(cc1),tg,1
Oc1ccc(cc1)C1(c2ccccc2c2ccccc12)c1ccc(cc1)Oc1ccc(cc1)C(=O)c1cc(ccc1)c1cc(ccc1)C(=O)c1ccc(cc1),tg,0
Oc1ccc(cc1)C1(c2ccccc2c2ccccc12)c1ccc(cc1)Oc1ccc(cc1)C(=O)c1ccc(cc1),tg,2
Oc1ccc(cc1)C1(c2ccccc2c2ccccc12)c1ccc(cc1)Oc1ccc(cc1)C(=O)c1ccc(cc1)C(=O)c1ccc(cc1),tg,1
Oc1ccc(cc1)C1(c2ccccc2c2ccccc12)c1ccc(cc1)Oc1ccc(cc1)C(=O)c1ccc(cc1)Oc1ccc(cc1)C(=O)c1ccc(cc1),tg,0
Oc1ccc(cc1)C1(c2ccccc2c2ccccc12)c1ccc(cc1)Oc1ccc(cc1)C=NN=Cc1ccc(cc1),tg,2
Oc1ccc(cc1)C=C1C(=O)C(=Cc2ccc(cc2)OC(=O)c2ccc(cc2)N=Cc2ccc(cc2)C=Nc2ccc(cc2)C(=O))CC1,tg,1
Oc1ccc(cc1)C=C1C(=O)C(=Cc2ccc(cc2)OCCCCCC)CCC1,tg,0
Oc1ccc(cc1)C=CC(=O)OCCN(CCOC(=O)C=Cc1ccc(cc1)OCCCCC)c1ccc(cc1)N=Nc1ccc(cc1)[N+](=O)[O-],tg,2
Oc1ccc(cc1)C=CC(=O)c1ccc(cc1)Oc1ccc(cc1)C(c1ccc(cc1))(c1ccccc1)C,tg,1
Oc1ccc(cc1)C=Cc1c(cc(c(c1)OCCCCCCCC)C=Cc1ccc(cc1)OCCCCCCCC)OCCCCCCCC,tg,0
Oc1ccc(cc1)C=Cc1ccc(cc1)OCCCCCC,tg,2
Oc1ccc(cc1)C=NN=Cc1ccc(cc1)Oc1ccc(cc1)C(=O)c1ccc(cc1),tg,1
Oc1ccc(cc1)C=NN=Cc1ccc(cc1)Oc1ccc(cc1)C(c1ccc(cc1))(C(F)(F)F)C(F)(F)F,tg,0
Oc1ccc(cc1)CC(=O)NCCCCCCNC(=O)C,tg,2
Oc1ccc(cc1)CC(Cc1ccc(cc1))(C#N)C#N,tg,1
Oc1ccc(cc1)CC(NC(=O)CCc1ccc(cc1)OC(=O))C(=O)OCCCC,tg,0
Oc1ccc(cc1)CC(NC(=O)CCc1ccc(cc1)OC(=O))C(=O)OCCCCCC,tg,2
Oc1ccc(cc1)CC(NC(=O)CCc1ccc(cc1)OC(=O)CC(CCC(=O))C)C(=O)OC(CC)C,tg,1
Oc1ccc(cc1)CC(NC(=O)CCc1ccc(cc1)OC(=O)CCC(=O))C(=O)OC,tg,0
Oc1ccc(cc1)CC(NC(=O)CCc1ccc(cc1)OC(=O)CCC(=O))C(=O)OC(C)C,tg,2
Oc1ccc(cc1)CC(NC(=O)CCc1ccc(cc1)OC(=O)CCC(=O))C(=O)OC(CC)C,tg,1
Oc1ccc(cc1)CC(NC(=O)CCc1ccc(cc1)OC(=O)CCC(=O))C(=O)OCC,tg,0
Oc1ccc(cc1)CC(NC(=O)CCc1ccc(cc1)OC(=O)CCC(=O))C(=O)OCC(C)C,tg,2
Oc1ccc(cc1)CC(NC(=O)CCc1ccc(cc1)OC(=O)CCC(=O))C(=O)OCCCC,tg,1
Oc1ccc(cc1)CC(NC(=O)CCc1ccc(cc1)OC(=O)CCC(=O))C(=O)OCCCCCCCC,tg,0
Oc1ccc(cc1)CC(NC(=O)CCc1ccc(cc1)OC(=O)CCC(=O))C(=O)OCCCCCCCCCCCC,tg,2
Oc1ccc(cc1)CC(NC(=O)CCc1ccc(cc1)OC(=O)CCC(=O))C(=O)OCCOCCOCC,tg,1
Oc1ccc(cc1)CC(NC(=O)CCc1ccc(cc1)OC(=O)CCC(=O))C(=O)OCc1ccccc1,tg,0
Oc1ccc(cc1)CC(NC(=O)CCc1ccc(cc1)OC(=O)CCC(CC(=O))C)C(=O)OC,tg,2
Oc1ccc(cc1)CC(NC(=O)CCc1ccc(cc1)OC(=O)CCC(CC(=O))C)C(=O)OCc1ccccc1,tg,1
Oc1ccc(cc1)CC(NC(=O)CCc1ccc(cc1)OC(=O)CCCC(=O))C(=O)OC,tg,0
Oc1ccc(cc1)CC(NC(=O)CCc1ccc(cc1)OC(=O)CCCC(=O))C(=O)OC(C)C,tg,2
Oc1ccc(cc1)CC(NC(=O)CCc1ccc(cc1)OC(=O)CCCC(=O))C(=O)OCC,tg,1
Oc1ccc(cc1)CC(NC(=O)CCc1ccc(cc1)OC(=O)CCCC(=O))C(=O)OCC(C)C,tg,0
Oc1ccc(cc1)CC(NC(=O)CCc1ccc(cc1)OC(=O)CCCC(=O))C(=O)OCCCC,tg,2
Oc1ccc(cc1)CC(NC(=O)CCc1ccc(cc1)OC(=O)CCCC(=O))C(=O)OCCCCCCCC,tg,1
Oc1ccc(cc1)CC(NC(=O)CCc1ccc(cc1)OC(=O)CCCC(=O))C(=O)OCCCCCCCCCCCC,tg,0
Oc1ccc(cc1)CC(NC(=O)CCc1ccc(cc1)OC(=O)CCCC(=O))C(=O)OCc1ccccc1,tg,2
Oc1ccc(cc1)CC(NC(=O)CCc1ccc(cc1)OC(=O)CCCCC(=O))C(=O)OC,tg,1
Oc1ccc(cc1)CC(NC(=O)CCc1ccc(cc1)OC(=O)CCCCC(=O))C(=O)OCC,tg,0
Oc1ccc(cc1)CC(NC(=O)CCc1ccc(cc1)OC(=O)CCCCC(=O))C(=O)OCC(C)C,tg,2
Oc1ccc(cc1)CC(NC(=O)CCc1ccc(cc1)OC(=O)CCCCC(=O))C(=O)OCCCCCC,tg,1
Oc1ccc(cc1)CC(NC(=O)CCc1ccc(cc1)OC(=O)CCCCC(=O))C(=O)OCCCCCCCCCCCC,tg,0
Oc1ccc(cc1)CC(NC(=O)CCc1ccc(cc1)OC(=O)CCCCC(=O))C(=O)OCCOCCOCC,tg,2
Oc1ccc(cc1)CC(NC(=O)CCc1ccc(cc1)OC(=O)CCCCC(=O))C(=O)OCc1ccccc1,tg,1
Oc1ccc(cc1)CC(NC(=O)CCc1ccc(cc1)OC(=O)CCCCCCC(=O))C(=O)OC(C)C,tg,0
Oc1ccc(cc1)CC(NC(=O)CCc1ccc(cc1)OC(=O)CCCCCCC(=O))C(=O)OCC,tg,2
Oc1ccc(cc1)CC(NC(=O)CCc1ccc(cc1)OC(=O)CCCCCCC(=O))C(=O)OCCCC,tg,1
Oc1ccc(cc1)CC(NC(=O)CCc1ccc(cc1)OC(=O)CCCCCCC(=O))C(=O)OCCCCCCCC,tg,0
Oc1ccc(cc1)CC(NC(=O)CCc1ccc(cc1)OC(=O)CCCCCCC(=O))C(=O)OCCCCCCCCCCCC,tg,2
Oc1ccc(cc1)CC(NC(=O)CCc1ccc(cc1)OC(=O)CCCCCCC(=O))C(=O)OCc1ccccc1,tg,1
Oc1ccc(cc1)CC(NC(=O)CCc1ccc(cc1)OC(=O)CCCCCCCCC(=O))C(=O)OC(C)C,tg,0
Oc1ccc(cc1)CC(NC(=O)CCc1ccc(cc1)OC(=O)CCCCCCCCC(=O))C(=O)OC(CC)C,tg,2
Oc1ccc(cc1)CC(NC(=O)CCc1ccc(cc1)OC(=O)CCCCCCCCC(=O))C(=O)OCC,tg,1
Oc1ccc(cc1)CC(NC(=O)CCc1ccc(cc1)OC(=O)CCCCCCCCC(=O))C(=O)OCC(C)C,tg,0
Oc1ccc(cc1)CC(NC(=O)CCc1ccc(cc1)OC(=O)CCCCCCCCC(=O))C(=O)OCCCC,tg,2
Oc1ccc(cc1)CC(NC(=O)CCc1ccc(cc1)OC(=O)CCCCCCCCC(=O))C(=O)OCCCCCCCC,tg,1
Oc1ccc(cc1)CC(NC(=O)CCc1ccc(cc1)OC(=O)CCCCCCCCC(=O))C(=O)OCCCCCCCCCCCC,tg,0
Oc1ccc(cc1)CC(NC(=O)CCc1ccc(cc1)OC(=O)COCC(=O))C(=O)OC(CC)C,tg,2
Oc1ccc(cc1)CC(NC(=O)CCc1ccc(cc1)OC(=O)COCC(=O))C(=O)OCCCC,tg,1
Oc1ccc(cc1)CC(NC(=O)CCc1ccc(cc1)OC(=O)COCC(=O))C(=O)OCCCCCC,tg,0
Oc1ccc(cc1)CC(NC(=O)CCc1ccc(cc1)OC(=O)COCC(=O))C(=O)OCCCCCCCC,tg,2
Oc1ccc(cc1)CC(NC(=O)CCc1ccc(cc1)OC(=O)COCC(=O))C(=O)OCCCCCCCCCCCC,tg,1
Oc1ccc(cc1)CC(NC(=O)CCc1ccc(cc1)OC(=O)COCC(=O))C(=O)OCCOCCOCC,tg,0
Oc1ccc(cc1)CC(NC(=O)CCc1ccc(cc1)OC(=O)COCC(=O))C(=O)OCc1ccccc1,tg,2
Oc1ccc(cc1)CC(NC(=O)CCc1ccc(cc1)OC(=O)COCCOCC(=O))C(=O)OC,tg,1
Oc1ccc(cc1)CC(NC(=O)CCc1ccc(cc1)OC(=O)COCCOCC(=O))C(=O)OC(C)C,tg,0
Oc1ccc(cc1)CC(NC(=O)CCc1ccc(cc1)OC(=O)COCCOCC(=O))C(=O)OC(CC)C,tg,2
Oc1ccc(cc1)CC(NC(=O)CCc1ccc(cc1)OC(=O)COCCOCC(=O))C(=O)OCC(C)C,tg,1
Oc1ccc(cc1)CC(NC(=O)CCc1ccc(cc1)OC(=O)COCCOCC(=O))C(=O)OCCCC,tg,0
Oc1ccc(cc1)CC(NC(=O)CCc1ccc(cc1)OC(=O)COCCOCC(=O))C(=O)OCCCCCCCC,tg,2
Oc1ccc(cc1)CC(NC(=O)CCc1ccc(cc1)OC(=O)COCCOCC(=O))C(=O)OCCCCCCCCCCCC,tg,1
Oc1ccc(cc1)CC(NC(=O)Cc1ccc(cc1)OC(=O)CC(CCC(=O))C)C(=O)OCCCCCCCC,tg,0
Oc1ccc(cc1)CC(NC(=O)Cc1ccc(cc1)OC(=O)CCC(=O))C(=O)OCCCCCCCC,tg,2
Oc1ccc(cc1)CC(NC(=O)Cc1ccc(cc1)OC(=O)CCCC(=O))C(=O)OCCCCCC,tg,1
Oc1ccc(cc1)CC(NC(=O)Cc1ccc(cc1)OC(=O)CCCCC(=O))C(=O)OCC,tg,0
Oc1ccc(cc1)CC(NC(=O)Cc1ccc(cc1)OC(=O)CCCCC(=O))C(=O)OCCCCCCCC,tg,2
Oc1ccc(cc1)CC(NC(=O)Cc1ccc(cc1)OC(=O)CCCCCCC(=O))C(=O)OCC,tg,1
Oc1ccc(cc1)CC(NC(=O)Cc1ccc(cc1)OC(=O)CCCCCCCCC(=O))C(=O)OCC,tg,0
Oc1ccc(cc1)CC(NC(=O)Cc1ccc(cc1)OC(=O)CCCCCCCCC(=O))C(=O)OCCCCCC,tg,2
Oc1ccc(cc1)CC(NC(=O)Cc1ccc(cc1)OC(=O)COCCOCC(=O))C(=O)OCC,tg,1
Oc1ccc(cc1)CCC(=O)NCCCCCCNC(=O)C,tg,0
Oc1ccc(cc1)CCNC(=O)c1cc(ccc1)C(=O),tg,2
Oc1ccc(cc1)CCNC(=O)c1cc(ccc1)C(=O)NCCc1ccc(cc1)OC(=O)c1cc(ccc1)C(=O),tg,1
Oc1ccc(cc1)CCc1ccc(cc1)OCCCCCCOC(=O)NC1CCC(CC1)CC1CCC(CC1)NC(=O)OCCCCCC,tg,0
Oc1ccc(cc1)Cc1ccc(cc1)OC(=O)c1cc(cc(c1)OCCCCC)C(=O),tg,2
Oc1ccc(cc1)Cc1ccc(cc1)OC(=O)c1ccc(cc1)C(c1ccc(cc1)C(=O))(C)C,tg,1
Oc1ccc(cc1)N(c1ccc(cc1)/C=C(/C(=O)NC1C(CCCC1)NC(=O)/C(=C/c1ccc(cc1)N(c1ccc(cc1))CC)/C#N)\C#N)CC,tg,0
Oc1ccc(cc1)N(c1ccc(cc1)c1ccc(cc1)N(c1ccc(cc1))c1ccccc1)c1ccccc1,tg,2
Oc1ccc(cc1)N(c1ccc(cc1)c1ccc(cc1)N(c1ccc(cc1)OCCCCCCCCCCCC)c1ccccc1)c1ccccc1,tg,1
Oc1ccc(cc1)N1ON1c1ccc(cc1)OCCCCCCOC(=O)C(C(=O)OCCCCCC)CCCCCBr,tg,0
Oc1ccc(cc1)N1ON1c1ccc(cc1)OCCCCCCOC(=O)C(C(=O)OCCCCCC)CCCCCCCCCCBr,tg,2
Oc1ccc(cc1)N1ON1c1ccc(cc1)OCCCCCCOC(=O)C(C(=O)OCCCCCC)CCCCCCCCCCP(=O)(O)O,tg,1
Oc1ccc(cc1)N1ON1c1ccc(cc1)OCCCCCCOC(=O)C(C(=O)OCCCCCC)CCCCCCP(=O)(OCC)OCC,tg,0
Oc1ccc(cc1)N1ON1c1ccc(cc1)OCCCCCCOC(=O)C(C(=O)OCCCCCC)CCCCCP(=O)(O)O,tg,2
Oc1ccc(cc1)N1ON1c1ccc(cc1)OCCCCCCOC(=O)C(C(=O)OCCCCCC)CCCCCP(=O)(OCC)OCC,tg,1
Oc1ccc(cc1)N1ON1c1ccc(cc1)OCCCCCCOC(=O)C(C(=O)OCCCCCC)CCCCP(=O)(OCC)OCC,tg,0
Oc1ccc(cc1)N1ON1c1ccc(cc1)OCCCCCCOC(=O)C(C(=O)OCCCCCC)c1ccccc1,tg,2
Oc1ccc(cc1)N1ON1c1ccc(cc1)OCCCCCCOC(=O)CC(=O)OCCCCCC,tg,1
Oc1ccc(cc1)N=C(c1ccc(cc1)Oc1ccc(cc1)C(c1ccc(cc1)Oc1ccc(cc1)C(=Nc1ccc(cc1))C)(C)C)C,tg,0
Oc1ccc(cc1)N=C(c1ccc(cc1)Oc1ccc(cc1)C(c1ccc(cc1)Oc1ccc(cc1)C(=Nc1ccc(cc1))C)(c1ccccc1)c1ccccc1)C,tg,2
Oc1ccc(cc1)N=C(c1ccc(cc1)Oc1ccc(cc1)C(c1ccc(cc1)Oc1ccc(cc1)C(=Nc1ccc(cc1))c1ccccc1)(C)C)c1ccccc1,tg,1
Oc1ccc(cc1)N=C(c1ccc(cc1)Oc1ccc(cc1)C(c1ccc(cc1)Oc1ccc(cc1)C(=Nc1ccc(cc1))c1ccccc1)(c1ccccc1)c1ccccc1)c1ccccc1,tg,0
Oc1ccc(cc1)N=C(c1ccc(cc1)Oc1ccc(cc1)c1ccc(cc1)Oc1ccc(cc1)C(=Nc1ccc(cc1))c1ccccc1)c1ccccc1,tg,2
Oc1ccc(cc1)N=CC=Nc1ccc(cc1)OC(=O)NC1CC(CC(C1)(CNC(=O))C)(C)C,tg,1
Oc1ccc(cc1)N=CC=Nc1ccc(cc1)OC(=O)NCCCCCCNC(=O),tg,0
Oc1ccc(cc1)N=CC=Nc1ccc(cc1)OC(=O)Nc1c(ccc(c1)NC(=O))C,tg,2
Oc1ccc(cc1)N=CC=Nc1ccc(cc1)OC(=O)Nc1ccc(cc1)Cc1ccc(cc1)NC(=O),tg,1
Oc1ccc(cc1)N=CCCCC=Nc1ccc(cc1)OC(=O)NCCCCCCNC(=O),tg,0
Oc1ccc(cc1)N=CCCCC=Nc1ccc(cc1)OC(=O)Nc1c(ccc(c1)NC(=O))C,tg,2
Oc1ccc(cc1)N=CNc1ccc(cc1)OCCOCC,tg,1
Oc1ccc(cc1)N=Nc1c(cc(c(c1C)[N+](=O)[O-])Cc1c(c(c(c(c1)C)N=Nc1ccc(cc1)OC(=O)c1ccc(cc1)C(=O))C)[N+](=O)[O-])C,tg,0
Oc1ccc(cc1)N=Nc1cc(c(cc1)Cc1c(cc(cc1)N=Nc1ccc(cc1)OC(=O)c1ccc(cc1)C(=O))[N+](=O)[O-])[N+](=O)[O-],tg,2
Oc1ccc(cc1)N=Nc1cc(c(cc1)Cc1c(cc(cc1)N=Nc1ccc(cc1)OC(=O)c1ccc(cc1)N=Nc1ccc(cc1)C(=O))[N+](=O)[O-])[N+](=O)[O-],tg,1
Oc1ccc(cc1)N=Nc1cc(c(cc1)S(=O)(=O)c1c(cc(cc1)N=Nc1ccc(cc1)OC(=O)c1ccc(cc1)N=Nc1ccc(cc1)C(=O))[N+](=O)[O-])[N+](=O)[O-],tg,0
Oc1ccc(cc1)N=Nc1ccc(cc1)Oc1ccc(cc1)C(c1ccc(cc1))(C)C,tg,2
Oc1ccc(cc1)NC(=C(C#N)C#N)c1cc(ccc1)C(=C(C#N)C#N)Nc1ccc(cc1)Oc1ccc(cc1)NC(=O)c1ccc(cc1)C(=O)Nc1ccc(cc1),tg,1
Oc1ccc(cc1)NC(=C(C#N)C#N)c1ccc(cc1)C(=C(C#N)C#N)Nc1ccc(cc1),tg,0
Oc1ccc(cc1)NC(=C(C#N)C#N)c1ccc(cc1)c1ccc(cc1)C(=C(C#N)C#N)Nc1ccc(cc1),tg,2
Oc1ccc(cc1)NC(=C(C#N)C#N)c1ccc(cc1)c1ccc(cc1)c1ccc(cc1)C(=C(C#N)C#N)Nc1ccc(cc1),tg,1
Oc1ccc(cc1)NC(=O)/C=C/c1ccc(cc1)/C=C/C(=O)Nc1ccc(cc1),tg,0
Oc1ccc(cc1)NC(=O)C=CC(=O)NNC(=O)C=CC(=O)Nc1ccc(cc1)OC(=O)C=CC(=O)NNC(=O)C=CC(=O),tg,2
Oc1ccc(cc1)NC(=O)C=CC(=O)NNC(=O)C=CC(=O)Nc1ccc(cc1)OC(=O)c1c(cccc1)C(=O)NNC(=O)c1c(cccc1)C(=O),tg,1
Oc1ccc(cc1)NC(=O)CCCC(=O)Nc1ccc(cc1)OCC(COc1ccc(cc1)C(c1ccc(cc1)OCC(C)O)(C)C)O,tg,0
Oc1ccc(cc1)NC(=O)CCCCC(=O)Nc1ccc(cc1)OCC(COc1ccc(cc1)C(c1ccc(cc1)OCC(C)O)(C)C)O,tg,2
Oc1ccc(cc1)NC(=O)CCCCCC(=O)Nc1ccc(cc1),tg,1
Oc1ccc(cc1)NC(=O)CCCCCCCC(=O)Nc1ccc(cc1),tg,0
Oc1ccc(cc1)NC(=O)CCCCCCCCCCC(=O)Nc1ccc(cc1),tg,2
Oc1ccc(cc1)NC(=O)NC1CC(CC(C1)(CNC(=O)Nc1ccc(cc1))C)(C)C,tg,1
Oc1ccc(cc1)NC(=O)Nc1c(ccc(c1)NC(=O)Nc1ccc(cc1))C,tg,0
Oc1ccc(cc1)NC(=O)Nc1c(cccc1)CCc1c(cccc1)NC(=O)Nc1ccc(cc1),tg,2
Oc1ccc(cc1)NC(=O)Nc1c(cccc1)CCc1ccc(cc1)NC(=O)Nc1ccc(cc1),tg,1
Oc1ccc(cc1)NC(=O)c1c(cc(c(c1)C(=O)Nc1ccc(cc1))C(=O)OCC)C(=O)OCC,tg,0
Oc1ccc(cc1)NC(=O)c1c(ccc(c1)C(c1cc(c(cc1)C(=O)O)C(=O)Nc1ccc(cc1)Oc1ccc(cc1)C(c1ccc(cc1))(C(F)(F)F)C(F)(F)F)(C(F)(F)F)C(F)(F)F)C(=O)O,tg,2
Oc1ccc(cc1)NC(=O)c1c(ccc(c1)c1cc(c(cc1)C(=O)O)C(=O)Nc1ccc(cc1))C(=O)O,tg,1
Oc1ccc(cc1)NC(=O)c1c(ccc(c1)c1cc(c(cc1)C(=O)OCC)C(=O)Nc1ccc(cc1))C(=O)OCC,tg,0
Oc1ccc(cc1)NC(=O)c1c(cccc1)OCC(COc1ccc(cc1)C(c1ccc(cc1)OCC(C)O)(C)C)O,tg,2
Oc1ccc(cc1)NC(=O)c1c2c(c(cc1)C(=O)Nc1ccc(cc1)Oc1ccc(cc1)C1(C3CC4CC(CC1C4)C3)c1ccc(cc1))cccc2,tg,1
Oc1ccc(cc1)NC(=O)c1cc(cc(c1)C(C(C(C(F)(F)F)(F)F)(F)F)(F)F)C(=O)Nc1ccc(cc1),tg,0
Oc1ccc(cc1)NC(=O)c1cc(cc(c1)C(C)(C)C)C(=O)Nc1ccc(cc1),tg,2
Oc1ccc(cc1)NC(=O)c1cc(cc(c1)C(C)(C)C)C(=O)Nc1ccc(cc1)Oc1ccc(cc1)C(c1ccc(cc1))(C(F)(F)F)C(F)(F)F,tg,1
Oc1ccc(cc1)NC(=O)c1cc(cc(c1)C(C)(C)C)C(=O)Nc1ccc(cc1)Oc1ccc(cc1)C(c1ccc(cc1))(C)C,tg,0
Oc1ccc(cc1)NC(=O)c1cc(cc(c1)C(C)(C)C)C(=O)Nc1ccc(cc1)Oc1ccc(cc1)C1(C2CCC(C1)C2)c1ccc(cc1),tg,2
Oc1ccc(cc1)NC(=O)c1cc(cc(c1)NC(=O)C12CC3CC(CC(C1)C3)C2)C(=O)Nc1ccc(cc1),tg,1
Oc1ccc(cc1)NC(=O)c1cc(cc(c1)NC(=O)CCN1C(=O)c2c(C1=O)cccc2)C(=O)Nc1ccc(cc1),tg,0
Oc1ccc(cc1)NC(=O)c1cc(cc(c1)NC(=O)c1ccc(cc1)OC(=O)C)C(=O)Nc1ccc(cc1)Oc1ccc(cc1)C(c1ccc(cc1))(C)C,tg,2
Oc1ccc(cc1)NC(=O)c1cc(cc(c1)NC(=O)c1ccc(cc1)OC(=O)C)C(=O)Nc1ccc(cc1)Oc1ccc(cc1)c1ccc(cc1),tg,1
Oc1ccc(cc1)NC(=O)c1cc(cc(c1)NC(=O)c1ccccc1)C(=O)Nc1ccc(cc1),tg,0
Oc1ccc(cc1)NC(=O)c1cc(cc(c1)[N+](=O)[O-])C(=O)Nc1ccc(cc1)Oc1ccc(cc1)C(c1ccc(cc1))(C(F)(F)F)C(F)(F)F,tg,2
Oc1ccc(cc1)NC(=O)c1cc(ccc1)C(=O)Nc1ccc(cc1),tg,1
Oc1ccc(cc1)NC(=O)c1cc(ccc1)C(=O)Nc1ccc(cc1)Oc1ccc(cc1)C(c1ccc(cc1))(C(F)(F)F)C(F)(F)F,tg,0
Oc1ccc(cc1)NC(=O)c1cc(ccc1)C(=O)Nc1ccc(cc1)Oc1ccc(cc1)C1(C2CC3CC(CC1C3)C2)c1ccc(cc1),tg,2
Oc1ccc(cc1)NC(=O)c1cc(ccc1)C(=O)Nc1ccc(cc1)Oc1ccc(cc1)C1(C2CCC(C1)C2)c1ccc(cc1),tg,1
Oc1ccc(cc1)NC(=O)c1cc2c(cc1)cc(cc2)C(=O)Nc1ccc(cc1)Oc1ccc(cc1)C1(C2CC3CC(CC1C3)C2)c1ccc(cc1),tg,0
Oc1ccc(cc1)NC(=O)c1ccc(cc1),tg,2
Oc1ccc(cc1)NC(=O)c1ccc(cc1)C(=O)Nc1ccc(cc1),tg,1
Oc1ccc(cc1)NC(=O)c1ccc(cc1)C(=O)Nc1ccc(cc1)Oc1ccc(cc1)C(=O)c1ccc(cc1),tg,0
Oc1ccc(cc1)NC(=O)c1ccc(cc1)C(=O)Nc1ccc(cc1)Oc1ccc(cc1)C1(C2CC3CC(CC1C3)C2)c1ccc(cc1),tg,2
Oc1ccc(cc1)NC(=O)c1ccc(cc1)Oc1ccc(cc1)C(=O)Nc1ccc(cc1),tg,1
Oc1ccc(cc1)NC(=O)c1ccc(cc1)Oc1ccc(cc1)C(=O)Nc1ccc(cc1)Oc1ccc(cc1)C1(C2CC3CC(CC1C3)C2)c1ccc(cc1),tg,0
Oc1ccc(cc1)NC(=O)c1ccc(cc1)Oc1ccc(cc1)C(c1cc(ccc1)C(c1ccc(cc1)Oc1ccc(cc1)C(=O)Nc1ccc(cc1))(C)C)(C)C,tg,2
Oc1ccc(cc1)NC(=O)c1ccc(cc1)Oc1ccc(cc1)C(c1cc(ccc1)C(c1ccc(cc1)Oc1ccc(cc1)C(=O)Nc1ccc(cc1)Oc1ccc(cc1)C(c1ccc(cc1))(C(F)(F)F)C(F)(F)F)(C)C)(C)C,tg,1
Oc1ccc(cc1)NC(=O)c1ccc(cc1)Oc1ccc(cc1)C(c1ccc(cc1)C(c1ccc(cc1)Oc1ccc(cc1)C(=O)Nc1ccc(cc1))(C)C)(C)C,tg,0
Oc1ccc(cc1)NC(=O)c1ccc(cc1)Oc1ccc(cc1)C(c1ccc(cc1)C(c1ccc(cc1)Oc1ccc(cc1)C(=O)Nc1ccc(cc1)Oc1ccc(cc1)C(c1ccc(cc1))(C(F)(F)F)C(F)(F)F)(C)C)(C)C,tg,2
Oc1ccc(cc1)NC(=O)c1ccc(cc1)P(=O)(c1ccc(cc1)C(=O)Nc1ccc(cc1)Oc1ccc(cc1)P(=O)(c1ccc(cc1))c1ccccc1)c1ccccc1,tg,1
Oc1ccc(cc1)NC(=O)c1ccc(cc1)[Si](c1ccc(cc1)C(=O))(C)C,tg,0
Oc1ccc(cc1)NC(=O)c1ccc(cc1)c1ccc(cc1)C(=O)Nc1ccc(cc1)Oc1ccc(cc1)C1(C2CCC(C1)C2)c1ccc(cc1),tg,2
Oc1ccc(cc1)N[Se]Nc1ccc(cc1),tg,1
Oc1ccc(cc1)Nc1ccc(cc1)N=Nc1ccc(cc1)Nc1ccc(cc1),tg,0
Oc1ccc(cc1)OC(=O)/C=C/c1ccc(cc1)/C=C/C(=O),tg,2
Oc1ccc(cc1)OC(=O)CCCCC(=O),tg,1
Oc1ccc(cc1)OC(=O)CCCCCCCCC(=O),tg,0
Oc1ccc(cc1)OC(=O)Oc1ccc(cc1)C(=O),tg,2
Oc1ccc(cc1)OC(=O)Oc1ccc(cc1)C(c1ccc(cc1)OC(=O))(C)C,tg,1
Oc1ccc(cc1)OC(=O)c1c(cc(c(c1)OCCCCCCCCCOCC1N(CCC1)c1ccc(cc1)[N+](=O)[O-])C(=O))OCCCCCCCCCOCC1N(CCC1)c1ccc(cc1)[N+](=O)[O-],tg,0
Oc1ccc(cc1)OC(=O)c1c(cc(c(c1)OCCCCCCCCOCC1N(CCC1)c1ccc(cc1)[N+](=O)[O-])C(=O))OCCCCCCCCOCC1N(CCC1)c1ccc(cc1)[N+](=O)[O-],tg,2
Oc1ccc(cc1)OC(=O)c1c(cc(c(c1)OCCCCCCOCC1N(CCC1)c1ccc(cc1)[N+](=O)[O-])C(=O))OCCCCCCOCC1N(CCC1)c1ccc(cc1)[N+](=O)[O-],tg,1
Oc1ccc(cc1)OC(=O)c1c(cc(c(c1)OCCCCCOCC1N(CCC1)c1ccc(cc1)[N+](=O)[O-])C(=O))OCCCCCOCC1N(CCC1)c1ccc(cc1)[N+](=O)[O-],tg,0
Oc1ccc(cc1)OC(=O)c1c(cc(cc1)C(=O))Oc1cc2c(cc1)cccc2,tg,2
Oc1ccc(cc1)OC(=O)c1c(cc(cc1)C(=O))Oc1ccc(cc1)Br,tg,1
Oc1ccc(cc1)OC(=O)c1c(cc(cc1)C(=O))Oc1ccc(cc1)C1CCCCC1,tg,0
Oc1ccc(cc1)OC(=O)c1c(cc(cc1)C(=O))Oc1ccc(cc1)Cl,tg,2
Oc1ccc(cc1)OC(=O)c1c(cc(cc1)C(=O))Oc1ccc(cc1)F,tg,1
Oc1ccc(cc1)OC(=O)c1c(cc(cc1)C(=O))Oc1ccc(cc1)Oc1ccccc1,tg,0
Oc1ccc(cc1)OC(=O)c1c(cc(cc1)C(=O))Oc1ccc(cc1)c1ccccc1,tg,2
Oc1ccc(cc1)OC(=O)c1c(cc(cc1)C(=O))Sc1ccc(cc1)Cl,tg,1
Oc1ccc(cc1)OC(=O)c1c(cc(cc1)C(=O)Oc1ccc(cc1)OCCCC)C(=O)OCC=C,tg,0
Oc1ccc(cc1)OC(=O)c1c(cc(cc1)c1ccc(cc1)C(=O))c1ccccc1,tg,2
Oc1ccc(cc1)OC(=O)c1cc(cc(c1)OCCCCCCCCCCC(C(C(C(C(C(C(C(C(C(F)(F)F)(F)F)(F)F)(F)F)(F)F)(F)F)(F)F)(F)F)(F)F)(F)F)C(=O),tg,1
Oc1ccc(cc1)OC(=O)c1ccc(cc1)C(=O),tg,0
Oc1ccc(cc1)OC(=O)c1ccc(cc1)C(=O)Oc1ccc(cc1)OCCCCCC,tg,2
Oc1ccc(cc1)OC(=O)c1ccc(cc1)C(c1ccc(cc1)C(=O))(C)C,tg,1
Oc1ccc(cc1)OC(=O)c1ccc(cc1)OCC(COC(=O)CCCCC(=O)OCC(C)O)O,tg,0
Oc1ccc(cc1)OC(=O)c1ccc(cc1)OCCOCCOCCOc1ccc(cc1)C(=O)Oc1ccc(cc1)OCCCCCCCCCC,tg,2
Oc1ccc(cc1)OCC(=O)NCCCCCCNC(=O)C,tg,1
Oc1ccc(cc1)OCC(C)O,tg,0
Oc1ccc(cc1)OCC(C)OC(=O)C,tg,2
Oc1ccc(cc1)OCC(CN(S(=O)(=O)c1ccc(cc1)c1ccc(cc1)S(=O)(=O)N(CC(C)O)C)C)O,tg,1
Oc1ccc(cc1)OCC(COC(=O)CCCCC(=O)OCC(C)O)O,tg,0
Oc1ccc(cc1)OCC(COC(=O)CCCCCCCCCCC(=O)OCC(C)O)O,tg,2
Oc1ccc(cc1)OCCOC(=O)Nc1ccc(cc1)Cc1ccc(cc1)NC(=O)OCC,tg,1
Oc1ccc(cc1)OCc1ccc(cc1)COc1ccc(cc1)OCCCCCCCCCCCC,tg,0
Oc1ccc(cc1)Oc1c(cc(cc1)C(=O)c1cc(c(cc1))S(=O)(=O)O)S(=O)(=O)O,tg,2
Oc1ccc(cc1)Oc1cc(c(cc1)C(=O)c1ccccc1)c1c(ccc(c1))C(=O)c1ccccc1,tg,1
Oc1ccc(cc1)Oc1cc(ccc1)C(=O)Oc1ccc(cc1)OC(=O)c1cc(ccc1),tg,0
Oc1ccc(cc1)Oc1cc(ccc1)Oc1ccc(cc1)c1ccc(cc1)Oc1cc(ccc1)Oc1ccc(cc1)Oc1c(cc(cc1)C(=O)c1cc(c(cc1))S(=O)(=O)O[Na])S(=O)(=O)O[Na],tg,2
Oc1ccc(cc1)Oc1ccc(cc1)C(=O)Nc1ccc(cc1)Cc1ccc(cc1)NC(=O)c1ccc(cc1),tg,1
Oc1ccc(cc1)Oc1ccc(cc1)C(=O)Nc1ccc(cc1)Oc1ccc(cc1)S(=O)(=O)c1ccc(cc1)Oc1ccc(cc1)NC(=O)c1ccc(cc1),tg,0
Oc1ccc(cc1)Oc1ccc(cc1)C(=O)c1c(c(c(c(c1c1ccc(cc1)F)c1ccc(cc1)F)c1ccc(cc1)F)c1ccc(cc1)F)C(=O)c1ccc(cc1),tg,2
Oc1ccc(cc1)Oc1ccc(cc1)C(=O)c1c(cccc1)c1c(cccc1)C(=O)c1ccc(cc1),tg,1
Oc1ccc(cc1)Oc1ccc(cc1)C(=O)c1c2c(ccc1)cccc2C(=O)c1ccc(cc1),tg,0
Oc1ccc(cc1)Oc1ccc(cc1)C(=O)c1cc(ccc1)NC(=O)c1cc(ccc1)C(=O)Nc1cc(ccc1)C(=O)c1ccc(cc1),tg,2
Oc1ccc(cc1)Oc1ccc(cc1)C(=O)c1cc(ccc1)NC(=O)c1ccc(cc1)C(=O)Nc1cc(ccc1)C(=O)c1ccc(cc1),tg,1
Oc1ccc(cc1)Oc1ccc(cc1)C(=O)c1ccc(cc1),tg,0
Oc1ccc(cc1)Oc1ccc(cc1)C(=O)c1ccc(cc1)NC(=O)c1cc(ccc1)C(=O)Nc1ccc(cc1)C(=O)c1ccc(cc1),tg,2
Oc1ccc(cc1)Oc1ccc(cc1)C(=O)c1ccc(cc1)NC(=O)c1ccc(cc1)C(=O)Nc1ccc(cc1)C(=O)c1ccc(cc1),tg,1
Oc1ccc(cc1)Oc1ccc(cc1)C=NCCCCN=Cc1ccc(cc1),tg,0
Oc1ccc(cc1)Oc1ccc(cc1)C=NCCN=Cc1ccc(cc1),tg,2
Oc1ccc(cc1)Oc1ccc(cc1)C=Nc1ccc(cc1)Oc1ccc(cc1)N=Cc1ccc(cc1),tg,1
Oc1ccc(cc1)Oc1ccc(cc1)NC(=O)c1c(cc(cc1)c1cc(c(cc1)C(=O)Nc1ccc(cc1))C)C,tg,0
Oc1ccc(cc1)Oc1ccc(cc1)NC(=O)c1cc(cc(c1)C(C)(C)C)C(=O)Nc1ccc(cc1),tg,2
Oc1ccc(cc1)Oc1ccc(cc1)NC(=O)c1cc(cc(c1)NC(=O)c1ccc(cc1)OC(=O)C)C(=O)Nc1ccc(cc1),tg,1
Oc1ccc(cc1)Oc1ccc(cc1)NC(=O)c1ccc(cc1)Oc1c(cc(cc1)Oc1ccc(cc1)C(=O)Nc1ccc(cc1))C,tg,0
Oc1ccc(cc1)Oc1ccc(cc1)NC(=O)c1ccc(cc1)Oc1c(cc(cc1)Oc1ccc(cc1)C(=O)Nc1ccc(cc1))c1ccccc1,tg,2
Oc1ccc(cc1)Oc1ccc(cc1)NC(=O)c1ccc(cc1)Oc1ccc(cc1)C(c1cc(ccc1)C(c1ccc(cc1)Oc1ccc(cc1)C(=O)Nc1ccc(cc1))(C)C)(C)C,tg,1
Oc1ccc(cc1)Oc1ccc(cc1)NC(=O)c1ccc(cc1)Oc1ccc(cc1)Oc1ccc(cc1)C(=O)Nc1ccc(cc1),tg,0
Oc1ccc(cc1)Oc1ccc(cc1)Nc1ccc(cc1)S(=O)(=O)c1ccc(cc1)Nc1ccc(cc1),tg,2
Oc1ccc(cc1)Oc1ccc(cc1)OC(=O),tg,1
Oc1ccc(cc1)Oc1ccc(cc1)OC(=O)c1c(cccc1)c1c(cccc1)C(=O),tg,0
Oc1ccc(cc1)Oc1ccc(cc1)OC(=O)c1cc(ccc1)C(=O),tg,2
Oc1ccc(cc1)Oc1ccc(cc1)OCC(COc1ccc(cc1)C(c1ccc(cc1)OCC(C)O)(C)C)O,tg,1
Oc1ccc(cc1)Oc1ccc(cc1)OCCCCCCOC(=O)OCCCCCCCCCOC(=O)OCCCCCC,tg,0
Oc1ccc(cc1)Oc1ccc(cc1)OCCCCCCOC(=O)OCCCCCOC(=O)OCCCCCC,tg,2
Oc1ccc(cc1)Oc1ccc(cc1)OCCCCCCOC(=O)OCCCCOC(=O)OCCCCCC,tg,1
Oc1ccc(cc1)Oc1ccc(cc1)OCCCCCCOC(=O)OCCCOC(=O)OCCCCCC,tg,0
Oc1ccc(cc1)Oc1ccc(cc1)OCCCCCCOC(=O)OCCOC(=O)OCCCCCC,tg,2
Oc1ccc(cc1)Oc1ccc(cc1)Oc1c(cc(cc1)S(=O)(=O)c1cc(c(cc1)Oc1ccc(cc1)Oc1ccc(cc1)Oc1ccc(cc1)c1ccc(cc1))S(=O)(=O)O[Na])S(=O)(=O)O[Na],tg,1
Oc1ccc(cc1)Oc1ccc(cc1)Oc1cc(ccc1)C(=O)Oc1ccc(cc1)OC(=O)c1cc(ccc1),tg,0
Oc1ccc(cc1)Oc1ccc(cc1)Oc1cc(ccc1)C(=O)Oc1ccc(cc1)c1ccc(cc1)OC(=O)c1cc(ccc1),tg,2
Oc1ccc(cc1)Oc1ccc(cc1)Oc1ccc(cc1)C(c1ccc(cc1))(C)C,tg,1
Oc1ccc(cc1)Oc1ccc(cc1)Oc1ccc(cc1)NC(=O)c1c(cc(cc1)c1cc(c(cc1)C(=O)Nc1ccc(cc1))C)C,tg,0
Oc1ccc(cc1)Oc1ccc(cc1)Oc1ccc(cc1)NC(=O)c1cc(cc(c1)C(C)(C)C)C(=O)Nc1ccc(cc1),tg,2
Oc1ccc(cc1)Oc1ccc(cc1)Oc1ccc(cc1)S(=O)(=O)c1ccc(cc1),tg,1
Oc1ccc(cc1)Oc1ccc(cc1)Oc1ccc(cc1)c1ccc(cc1)Oc1ccc(cc1)Oc1ccc(cc1)Oc1c(cc(cc1)C(=O)c1cc(c(cc1))S(=O)(=O)O[Na])S(=O)(=O)O[Na],tg,0
Oc1ccc(cc1)Oc1ccc(cc1)P(=O)(c1ccc(cc1))C,tg,2
Oc1ccc(cc1)Oc1ccc(cc1)S(=O)(=O)c1ccc(cc1),tg,1
Oc1ccc(cc1)Oc1ccc(cc1)S(=O)(=O)c1ccc(cc1)c1ccc(cc1)S(=O)(=O)c1ccc(cc1),tg,0
Oc1ccc(cc1)Oc1ccc(cc1)S(=O)(=O)c1ccc(cc1)c1ccc(cc1)c1ccc(cc1)S(=O)(=O)c1ccc(cc1),tg,2
Oc1ccc(cc1)P(=O)(c1ccc(cc1)Oc1ccc(cc1)C(c1ccc(cc1))(C(F)(F)F)C(F)(F)F)c1ccccc1,tg,1
Oc1ccc(cc1)P(=O)(c1ccc(cc1)Oc1ccc(cc1)c1ccc(cc1))c1ccccc1,tg,0
Oc1ccc(cc1)S(=O)(=O)c1c2c(ccc1)c(ccc2)S(=O)(=O)c1ccc(cc1)Oc1c(cc(cc1C)c1cc(c(c(c1)C))C)C,tg,2
Oc1ccc(cc1)S(=O)(=O)c1c2c(ccc1)c(ccc2)S(=O)(=O)c1ccc(cc1)Oc1ccc(cc1)c1ccc(cc1),tg,1
Oc1ccc(cc1)S(=O)(=O)c1cc2c(cc1)cc(cc2)S(=O)(=O)c1ccc(cc1)Oc1c(cc(c(c1C)C)c1c(c(c(c(c1)C))C)C)C,tg,0
Oc1ccc(cc1)S(=O)(=O)c1cc2c(cc1)cc(cc2)S(=O)(=O)c1ccc(cc1)Oc1c(cc(cc1C)c1cc(c(c(c1)C))C)C,tg,2
Oc1ccc(cc1)S(=O)(=O)c1cc2c(cc1)ccc(c2)S(=O)(=O)c1ccc(cc1),tg,1
Oc1ccc(cc1)S(=O)(=O)c1ccc(cc1)OC(=O)OC1C(C(C1(C)C)OC(=O))(C)C,tg,0
Oc1ccc(cc1)S(=O)(=O)c1ccc(cc1)OC(=O)c1cc(cc(c1)CCCCC)C(=O),tg,2
Oc1ccc(cc1)S(=O)(=O)c1ccc(cc1)OC(=O)c1cc(cc(c1)NC(=O)c1ccc(cc1)NC(=O)C(N1C(=O)c2c(C1=O)cccc2)C)C(=O),tg,1
Oc1ccc(cc1)S(=O)(=O)c1ccc(cc1)OC1(C(C(C1(F)F)(F)F)()F)F,tg,0
Oc1ccc(cc1)S(=O)(=O)c1ccc(cc1)OCC(C)OC(=O)C,tg,2
Oc1ccc(cc1)S(=O)(=O)c1ccc(cc1)OCC(COc1ccc(cc1)C(c1ccc(cc1)OCC(C)O)(C)C)O,tg,1
Oc1ccc(cc1)S(=O)(=O)c1ccc(cc1)Oc1c(cc(c(c1)C)C(c1c(cc(c(c1)C(C)C))C)c1c(cccc1)C(=O)O)C(C)C,tg,0
Oc1ccc(cc1)S(=O)(=O)c1ccc(cc1)Oc1c(cc(cc1)C(c1cc(c(cc1))C(OC)(C(F)(F)F)C(F)(F)F)(C)C)C(OC)(C(F)(F)F)C(F)(F)F,tg,2
Oc1ccc(cc1)S(=O)(=O)c1ccc(cc1)Oc1c(cc(cc1)C(c1cc(c(cc1))C)(C)C)C,tg,1
Oc1ccc(cc1)S(=O)(=O)c1ccc(cc1)Oc1c(cc(cc1)C(c1cc(c(cc1))N)(C)C)N,tg,0
Oc1ccc(cc1)S(=O)(=O)c1ccc(cc1)Oc1c(cc(cc1)c1ccc(cc1)c1cc(c(cc1))C(F)(F)F)C(F)(F)F,tg,2
Oc1ccc(cc1)S(=O)(=O)c1ccc(cc1)Oc1c(cc(cc1C)C(c1cc(c(c(c1)C))C)(C)C)C,tg,1
Oc1ccc(cc1)S(=O)(=O)c1ccc(cc1)Oc1c(cc(cc1C)Cc1cc(c(c(c1)C))C)C,tg,0
Oc1ccc(cc1)S(=O)(=O)c1ccc(cc1)Oc1c(cc(cc1C)c1cc(c(c(c1)C))C)C,tg,2
Oc1ccc(cc1)S(=O)(=O)c1ccc(cc1)Oc1ccc(cc1)C(=C)c1ccc(cc1),tg,1
Oc1ccc(cc1)S(=O)(=O)c1ccc(cc1)Oc1ccc(cc1)C(=O)c1cc(cc(c1)Br)C(=O)c1ccc(cc1),tg,0
Oc1ccc(cc1)S(=O)(=O)c1ccc(cc1)Oc1ccc(cc1)C(=O)c1cc(cc(c1)I)C(=O)c1ccc(cc1),tg,2
Oc1ccc(cc1)S(=O)(=O)c1ccc(cc1)Oc1ccc(cc1)C(=O)c1ccc(cc1),tg,1
Oc1ccc(cc1)S(=O)(=O)c1ccc(cc1)Oc1ccc(cc1)C(c1ccc(cc1))(C)C,tg,0
Oc1ccc(cc1)S(=O)(=O)c1ccc(cc1)Oc1ccc(cc1)C(c1ccc(cc1))(c1ccc(cc1)O)C,tg,2
Oc1ccc(cc1)S(=O)(=O)c1ccc(cc1)Oc1ccc(cc1)C(c1ccc(cc1))(c1ccccc1)C,tg,1
Oc1ccc(cc1)S(=O)(=O)c1ccc(cc1)Oc1ccc(cc1)C(c1ccc(cc1))(c1ccccc1)c1ccccc1,tg,0
Oc1ccc(cc1)S(=O)(=O)c1ccc(cc1)Oc1ccc(cc1)C(c1ccc(cc1))c1c(cccc1)C(=O)O,tg,2
Oc1ccc(cc1)S(=O)(=O)c1ccc(cc1)Oc1ccc(cc1)C(c1ccc(cc1)OCCCCOc1ccc(cc1)C(c1ccc(cc1))(C)C)(C)C,tg,1
Oc1ccc(cc1)S(=O)(=O)c1ccc(cc1)Oc1ccc(cc1)C(c1ccc(cc1)Oc1ccc(cc1)C(=O)c1ccc(cc1))(C)C,tg,0
Oc1ccc(cc1)S(=O)(=O)c1ccc(cc1)Oc1ccc(cc1)C1(C2CCC(C1)C2)c1ccc(cc1),tg,2
Oc1ccc(cc1)S(=O)(=O)c1ccc(cc1)Oc1ccc(cc1)C1(CCCC1)c1ccc(cc1)Oc1ccc(cc1)S(=O)(=O)c1ccc(cc1)Oc1ccc(cc1)C=C1C(=O)C(=Cc2ccc(cc2))CC1,tg,1
Oc1ccc(cc1)S(=O)(=O)c1ccc(cc1)Oc1ccc(cc1)C1(CCCCC1)c1ccc(cc1),tg,0
Oc1ccc(cc1)S(=O)(=O)c1ccc(cc1)Oc1ccc(cc1)C1(CCCCC1)c1ccc(cc1)Oc1ccc(cc1)S(=O)(=O)c1ccc(cc1)Oc1ccc(cc1)C=C1C(=O)C(=Cc2ccc(cc2))CCC1,tg,2
Oc1ccc(cc1)S(=O)(=O)c1ccc(cc1)Oc1ccc(cc1)C1(CCCCCC1)c1ccc(cc1),tg,1
Oc1ccc(cc1)S(=O)(=O)c1ccc(cc1)Oc1ccc(cc1)C1(CCCCCC1)c1ccc(cc1)Oc1ccc(cc1)S(=O)(=O)c1ccc(cc1)Oc1ccc(cc1)C=C1C(=O)C(=Cc2ccc(cc2))CCCC1,tg,0
Oc1ccc(cc1)S(=O)(=O)c1ccc(cc1)Oc1ccc(cc1)C12CC3(CC(CC(C1)C3)C2)c1ccc(cc1),tg,2
Oc1ccc(cc1)S(=O)(=O)c1ccc(cc1)Oc1ccc(cc1)C1CC(CCC1)C(c1ccc(cc1))C,tg,1
Oc1ccc(cc1)S(=O)(=O)c1ccc(cc1)Oc1ccc(cc1)C=C1C(=O)C(=Cc2ccc(cc2))CCCC1,tg,0
Oc1ccc(cc1)S(=O)(=O)c1ccc(cc1)Oc1ccc(cc1)C=C1C(=O)C(=Cc2ccc(cc2)Oc2ccc(cc2)S(=O)(=O)c2ccc(cc2)Oc2ccc(cc2)C(c2ccc(cc2))(C)C)CCC1,tg,2
Oc1ccc(cc1)S(=O)(=O)c1ccc(cc1)Oc1ccc(cc1)C=NN=Cc1ccc(cc1),tg,1
Oc1ccc(cc1)S(=O)(=O)c1ccc(cc1)Oc1ccc(cc1)C=Nc1ccc(cc1)Oc1ccc(cc1)N=Cc1ccc(cc1),tg,0
Oc1ccc(cc1)S(=O)(=O)c1ccc(cc1)Oc1ccc(cc1)NC(=O)c1cc(cc(c1)NC(=O)c1ccc(cc1)OC(=O)C)C(=O)Nc1ccc(cc1),tg,2
Oc1ccc(cc1)S(=O)(=O)c1ccc(cc1)Oc1ccc(cc1)NC(=O)c1cc(ccc1)C(=O)Nc1ccc(cc1),tg,1
Oc1ccc(cc1)S(=O)(=O)c1ccc(cc1)Oc1ccc(cc1)NC(=O)c1ccc(cc1)Oc1ccc(cc1)C(c1ccc(cc1)C(c1ccc(cc1)Oc1ccc(cc1)C(=O)Nc1ccc(cc1))(C)C)(C)C,tg,0
Oc1ccc(cc1)S(=O)(=O)c1ccc(cc1)Oc1ccc(cc1)P(=O)(c1ccc(cc1))C,tg,2
Oc1ccc(cc1)S(=O)(=O)c1ccc(cc1)Oc1ccc(cc1)S(=O)(=O)c1ccc(cc1)c1ccc(cc1)S(=O)(=O)c1ccc(cc1),tg,1
Oc1ccc(cc1)S(=O)(=O)c1ccc(cc1)Oc1ccc(cc1)Sc1ccc(cc1),tg,0
Oc1ccc(cc1)S(=O)(=O)c1ccc(cc1)Oc1ccc(cc1)c1ccc(cc1),tg,2
Oc1ccc(cc1)S(=O)(=O)c1ccc(cc1)Oc1ccc(cc1)c1ccc(cc1)c1ccc(cc1),tg,1
Oc1ccc(cc1)S(=O)(=O)c1ccc(cc1)c1ccc(cc1),tg,0
Oc1ccc(cc1)S(=O)(=O)c1ccc(cc1)c1ccc(cc1)c1ccc(cc1)S(=O)(=O)c1ccc(cc1)Oc1ccc(cc1)c1ccc(cc1),tg,2
Oc1ccc(cc1)S(=O)c1ccc(cc1)Oc1ccc(cc1)C(c1ccc(cc1))(C)C,tg,1
Oc1ccc(cc1)S(=O)c1ccc(cc1)Oc1ccc(cc1)C=NN=Cc1ccc(cc1),tg,0
Oc1ccc(cc1)SC(=O)Oc1ccc(cc1)C(c1ccc(cc1)OC(=O)Sc1ccc(cc1))(C)C,tg,2
Oc1ccc(cc1)Sc1ccc(cc1)OC(=O),tg,1
Oc1ccc(cc1)Sc1ccc(cc1)OCC(CN(S(=O)(=O)c1cc(ccc1)S(=O)(=O)N(CC(C)O)C)C)O,tg,0
Oc1ccc(cc1)Sc1ccc(cc1)Sc1ccc(cc1)Sc1ccc(cc1),tg,2
Oc1ccc(cc1)[Si](c1ccc(cc1)OC(=O)c1cc2Cc3c(c2cc1)ccc(c3)C(=O))(c1ccccc1)c1ccccc1,tg,1
Oc1ccc(cc1)c1c(c(c(c(c1)c1ccccc1)c1ccc(cc1)OC(=O)c1c(cc(cc1)C(=O))c1ccccc1)c1ccccc1)c1ccccc1,tg,0
Oc1ccc(cc1)c1cc(c(c(c1)c1ccccc1)c1ccc(cc1)NC(=O)c1ccc(cc1)C(=O)Nc1ccc(cc1)c1c(cc(cc1c1ccccc1)c1ccc(cc1)OCCCCCC)c1ccccc1)c1ccccc1,tg,2
Oc1ccc(cc1)c1cc(c(c(c1)c1ccccc1)c1ccc(cc1)NC(=O)c1ccc(cc1)C(=O)Nc1ccc(cc1)c1c(cc(cc1c1ccccc1)c1ccc(cc1)OCCCCCCCCCC)c1ccccc1)c1ccccc1,tg,1
Oc1ccc(cc1)c1ccc(cc1)C(=O)NCC,tg,0
Oc1ccc(cc1)c1ccc(cc1)CC(c1ccc(cc1)OCCCCCCCCCCCC)C,tg,2
Oc1ccc(cc1)c1ccc(cc1)OC()(Oc1ccccc1)Oc1ccccc1,tg,1
Oc1ccc(cc1)c1ccc(cc1)OC(=O)/C=C/c1ccc(cc1)/C=C/C(=O),tg,0
Oc1ccc(cc1)c1ccc(cc1)OC(=O)CCCCCCCCCCCCC(=O),tg,2
Oc1ccc(cc1)c1ccc(cc1)OC(=O)Nc1cc(ccc1)P(=O)(c1cc(ccc1)NC(=O))c1ccccc1,tg,1
Oc1ccc(cc1)c1ccc(cc1)OC(=O)c1c(cc(c(c1)OCCCCCC)C(=O))OCCCCCC,tg,0
Oc1ccc(cc1)c1ccc(cc1)OC(=O)c1c(cc(cc1)C(=O))Sc1cc2c(cc1)cccc2,tg,2
Oc1ccc(cc1)c1ccc(cc1)OC(=O)c1c(ccc(c1)N=Nc1ccc(cc1)OCC)c1c(cc(cc1)N=Nc1ccc(cc1)OCC)C(=O),tg,1
Oc1ccc(cc1)c1ccc(cc1)OC(=O)c1cc(cc(c1)CCCCC)C(=O),tg,0
Oc1ccc(cc1)c1ccc(cc1)OC(=O)c1cc(ccc1)C(=O),tg,2
Oc1ccc(cc1)c1ccc(cc1)OCC(CN(S(=O)(=O)c1cc(ccc1)S(=O)(=O)N(CC(C)O)C)C)O,tg,1
Oc1ccc(cc1)c1ccc(cc1)OCCCCCCCCCCCOC(=O)Nc1c(cc(cc1)NC(=O)OCCCCCCCCCCC)C,tg,0
Oc1ccc(cc1)c1ccc(cc1)OCCCCCCCCCCCOC(=O)c1cc(cc(c1)OCCCCCCCCCCOc1ccc(cc1)N=Nc1ccc(cc1)OC)C(=O)OCCCCCCCCCCC,tg,2
Oc1ccc(cc1)c1ccc(cc1)OCCCCCCOC(=O)Nc1c(cc(cc1)NC(=O)OCCCCCC)C,tg,1
Oc1ccc(cc1)c1ccc(cc1)OCCCCCCOC(=O)Nc1c(ccc(c1)NC(=O)OCCCCCC)C,tg,0
Oc1ccc(cc1)c1ccc(cc1)OCCCCCCOC(=O)OCCCCCCOC(=O)OCCCCCC,tg,2
Oc1ccc(cc1)c1ccc(cc1)Oc1c(cc(cc1)C(=O)c1cc(c(cc1))S(=O)(=O)O)S(=O)(=O)O,tg,1
Oc1ccc(cc1)c1ccc(cc1)Oc1c(cc(cc1)C(=O)c1ccc(cc1)C(=O)c1cc(c(cc1))C(F)(F)F)C(F)(F)F,tg,0
Oc1ccc(cc1)c1ccc(cc1)Oc1c(cc(cc1)c1ccc(cc1)c1cc(c(cc1))C(F)(F)F)C(F)(F)F,tg,2
Oc1ccc(cc1)c1ccc(cc1)Oc1ccc(cc1)C(=O)c1c(cccc1)c1c(cccc1)C(=O)c1ccc(cc1),tg,1
Oc1ccc(cc1)c1ccc(cc1)Oc1ccc(cc1)C(=O)c1cc(ccc1)C(=O)c1ccc(cc1),tg,0
Oc1ccc(cc1)c1ccc(cc1)Oc1ccc(cc1)C(=O)c1cc2c(cc1)cc(cc2)C(=O)c1ccc(cc1),tg,2
Oc1ccc(cc1)c1ccc(cc1)Oc1ccc(cc1)C(c1ccc(cc1))(C)C,tg,1
Oc1ccc(cc1)c1ccc(cc1)c1ccc(cc1)Oc1ccc(cc1)C(=O)c1cc(ccc1)C(=O)c1ccc(cc1),tg,0
Oc1ccc(cc1)c1ccc(cc1)c1ccc(cc1)Oc1ccc(cc1)C(c1ccc(cc1))(C)C,tg,2
Oc1ccc2c(c1)C(=O)N(Oc1ccc(C(N3C(=O)CC()C3=O)(C(F)(F)F)C(F)(F)F)cc1)C2=O,egc,1
Oc1ccc2ccccc2c1N=Nc1ccc(C()=O)cc1,egc,0
Oc1ccc2nc3oc4cc5oc6c7c(cn6ccc5on4cnc3c12)nc1c()ccccc17,egc,2
Oc1cccc()c1,egc,1
Oc1cccc(C(=O)Nc2ccc(S(=O)(=O)c3ccc(NC(=O)c4cccc(Oc5nc()nc(Sc6ccccc6)n5)c4)cc3)cc2)c1,egc,0
Oc1cccc(C(=O)OCC(F)(F)C(F)(F)C(F)(F)COC(=O)c2cccc()c2)c1,egc,2
Oc1cccc(NC(=O)c2ccc()cc2)c1,egc,1
Oc1cccc(OC(=O)c2ccc(Oc3ccc(C()=O)cc3)cc2)c1,egc,0
Oc1cccc(OC(=O)c2cccc(C()=O)c2)c1,egc,2
Oc1cccc(Oc2ccc(S(=O)(=O)c3ccc()cc3)cc2)c1,egc,1
Oc1cccc(Oc2cccc()n2)c1,egc,0
Oc1cccc2c(OC(=O)Oc3ccc(OC()=O)cc3C)cccc12,egc,2
Oc1cccc2c(OC(=O)Oc3cccc(OC()=O)c3)cccc12,egc,1
Oc1ccccc1CNC(=O)Nc1ccc(Cc2ccc(NC()=O)cc2)cc1,egc,0
Oc6ccc(Oc5ccc(OC(=O)c4ccc(C3(c1ccc(C()=O)cc1)OC(=O)c2ccccc23)cc4)cc5)cc6,egc,2
P1(=N)Oc2ccccc2c2ccccc2O1,tg,1
P1(=NP(=NP(=N1)(Oc1ccc(cc1)C(=O)OCCC)Oc1ccc(cc1)C(=O)OCCC)(Oc1ccc(cc1)C(c1ccc(cc1)O)(C)C)Oc1ccc(cc1)C(=O)OCCC)Oc1ccc(cc1)C(=O)OCCC,tg,0
S(=O)(=NP(=NP(=N)(NC)NC)(NC)NC)NC,tg,2
S(=O)(=NP(=NP(=N)(NCC)NCC)(NCC)NCC)NCC,tg,1
S(=O)(=NP(=NP(=N)(NCCCC)NCCCC)(NCCCC)NCCCC)NCCCC,tg,0
S(=O)(=O)C(C(=CC)C)C,tg,2
S(=O)(=O)C(C)CC,tg,1
S(=O)(=O)C(C)CC(C)C,tg,0
S(=O)(=O)C(C=C(C)C)C,tg,2
S(=O)(=O)CC(=CC)C,tg,1
S(=O)(=O)CC=CC,tg,0
S(=O)(=O)NCCCCCCNC(=O)C()(F)F,tg,2
S(=O)(=O)NCCCCCNS(=O)(=O)c1cc(ccc1),tg,1
S(=O)(=O)NCCCCNS(=O)(=O)c1cc(ccc1),tg,0
S(=O)(=O)NCCNS(=O)(=O)c1cc(ccc1),tg,2
S(=O)(=O)c1c(cc(cc1C)C(c1cc(c(c(c1)C))C)(C)C)C,tg,1
S(=O)(=O)c1cc(c(cc1)Sc1ccc(cc1)Sc1ccc(cc1)Sc1c(cc(cc1))S(=O)(=O)O)S(=O)(=O)O,tg,0
S(=O)(=O)c1cc(ccc1)N/C=C\C(=O)c1cc(ccc1)C(=O)/C=C\Nc1cc(ccc1),tg,2
S(=O)(=O)c1cc(ccc1)NC(=O)CCCCC(=O)Nc1cc(ccc1),tg,1
S(=O)(=O)c1cc(ccc1)NC(=O)CCCCCCCCC(=O)Nc1cc(ccc1),tg,0
S(=O)(=O)c1cc(ccc1)NC(=O)CCCCCCCCCCC(=O)Nc1cc(ccc1),tg,2
S(=O)(=O)c1ccc(cc1)C(=O)Nc1c(cc(cc1)Br)c1ccc(cc1)NC(=O)c1ccc(cc1),tg,1
S(=O)(=O)c1ccc(cc1)C(=O)c1ccc(cc1)C(=O)c1ccc(cc1),tg,0
S(=O)(=O)c1ccc(cc1)N=CNc1ccc(cc1),tg,2
S(=O)(=O)c1ccc(cc1)NC(=O)CCCCC(=O)Nc1ccc(cc1),tg,1
S(=O)(=O)c1ccc(cc1)NC(=O)CCCCCC(=O)Nc1ccc(cc1),tg,0
S(=O)(=O)c1ccc(cc1)NC(=O)CCCCCCCCC(=O)Nc1ccc(cc1),tg,2
S(=O)(=O)c1ccc(cc1)NC(=O)CCCCCCCCCCC(=O)Nc1ccc(cc1),tg,1
S(=O)(=O)c1ccc(cc1)NC(=O)c1cc(cc(c1)NC(=O)c1ccc(cc1)NC(=O)C(N1C(=O)c2c(C1=O)cccc2)C)C(=O)Nc1ccc(cc1),tg,0
S(=O)(=O)c1ccc(cc1)NC(=O)c1cc(ccc1)C(=O)Nc1ccc(cc1),tg,2
S(=O)(=O)c1ccc(cc1)NC(=O)c1ccc(cc1)NC(=O)c1ccc(cc1)[Si](c1ccc(cc1)C(=O)Nc1ccc(cc1)C(=O)Nc1ccc(cc1))(C)C,tg,1
S(=O)(=O)c1ccc(cc1)Nc1c(c(c(c(c1F)F)c1c(c(c(c(c1F)F)Nc1ccc(cc1))F)F)F)F,tg,0
S(=O)(=O)c1ccc(cc1)Nc1c(cc(cc1)C1(c2ccccc2c2ccccc12)c1cc(c(cc1)Nc1ccc(cc1))C)C,tg,2
S(=O)(=O)c1ccc(cc1)Nc1c(cc(cc1)C1(c2ccccc2c2ccccc12)c1cc(c(cc1)Nc1ccc(cc1))F)F,tg,1
S(=O)(=O)c1ccc(cc1)Nc1cc(ccc1)Nc1ccc(cc1),tg,0
S(=O)(=O)c1ccc(cc1)Nc1ccc(cc1)C(c1ccc(cc1)Nc1ccc(cc1))(C(F)(F)F)C(F)(F)F,tg,2
S(=O)(=O)c1ccc(cc1)Nc1ccc(cc1)C1(c2ccccc2c2ccccc12)c1ccc(cc1)Nc1ccc(cc1),tg,1
S(=O)c1ccc(cc1)Sc1cc(ccc1)Sc1ccc(cc1),tg,0
S(=O)c1ccc(cc1)Sc1ccc(cc1)Sc1ccc(cc1)Sc1ccc(cc1),tg,2
SC(=O)CCC(CC)C,tg,1
SC(=O)CCCCC,tg,0
SC(=O)N(CC)Cc1ccccc1,tg,2
SC(C(=O))C,tg,1
SC(C)(C)C,tg,0
SC(C)C,tg,2
SC(C)CC,tg,1
SC(C)COCC=C,tg,0
SC(C)c1ccccc1,tg,2
SC(CC)C,tg,1
SC1C(CCCC1),tg,0
SC1CCCC()C1,egb,0
SC1CCCC()C1,egc,0
SCC,tg,2
SCC(=O)NCCCCCCNC(=O)C,tg,1
SCC(C)(C)C,tg,0
SCCC(=O)NCCCCCCNC(=O)CC,tg,2
SCCCCC(=O)NCc1ccc(cc1)CNC(=O)CCCC,tg,1
SCCCCCCCCCCC(=O)NCCc1ccc(cc1)CCNC(=O)CCCCCCCCCC,tg,0
SSCC,tg,2
SSCCCC,tg,1
SSCCCCCC,tg,0
SSCCCCCCCCCC,tg,2
SSCc1c(cccc1)C,tg,1
SSCc1ccc(cc1)C,tg,0
SSSCCCCCCCCCC,tg,2
Sc1c(cc(cc1C))C,tg,1
Sc1ccc()cc1,egb,2
Sc1ccc()cc1,ei,2
Sc1ccc(cc1),tg,0
Sc1ccc(cc1)C(=O)CNCCCCCCCCNCC(=O)c1ccc(cc1),tg,2
Sc1ccc(cc1)C(=O)c1ccc(cc1)C(c1ccc(cc1)C(=O)c1ccc(cc1))(C(F)(F)F)C(F)(F)F,tg,1
Sc1ccc(cc1)C(=O)c1ccc(cc1)C(c1ccc(cc1)C(=O)c1ccc(cc1))(C)C,tg,0
Sc1ccc(cc1)Cc1ccc(cc1)SC(=O),tg,2
Sc1ccc(cc1)Nc1ccc(cc1),tg,1
Sc1ccc(cc1)Nc1ccc(cc1)Nc1ccc(cc1),tg,0
Sc1ccc(cc1)P(=O)(c1ccc(cc1)Sc1ccc(cc1)c1ccc(cc1))c1ccccc1,tg,2
[SiH](C#Cc1c(cccc1)C#C)c1ccccc1,tg,1
[SiH](C#Cc1cc(ccc1)C#C)C,tg,0
[Si](C#Cc1cc(ccc1)C#C)(C)C,tg,2
[Si](C)(C)C,tg,1
[Si](C)(CCC)CCC,tg,0
[Si](C)(CCCC)CCCC,tg,2
[Si](C)(CCCCC)CCCCC,tg,1
[Si](C)(CCCCCC)C,tg,0
[Si](C)(CCCOCCOCCOC)C,tg,2
[Si](C)(CCCn1c2ccccc2c2ccccc12)C,tg,1
[Si](C)(c1ccccc1)C,tg,0
[Si](C/C=C\C)(C)C,tg,2
[Si](C/C=C\C)(CCCOc1cc2c(cc1)cccc2)C,tg,1
[Si](C/C=C\C)(CCCOc1ccc(cc1)c1ccccc1)C,tg,0
[Si](C/C=C\C)(CCCOc1ccccc1)C,tg,2
[Si](C/C=C\C)(CCCOc1ccccc1)c1ccccc1,tg,1
[Si](C/C=C\C)(c1ccccc1)c1ccccc1,tg,0
[Si](C/C=C\CC)(c1ccccc1)C,tg,2
[Si](C=C[Ge](C=C)(c1ccccc1)c1ccccc1)(c1ccccc1)c1ccccc1,tg,1
[Si](CC(C)Cc1ccc(cc1)c1ccccc1)(C)C,tg,0
[Si](CC(C)c1ccccc1)(C)C,tg,2
[Si](CC=CC)(C=C)C=C,tg,1
[Si](CCC)(CCC[Si](C)(C)C)C,tg,0
[Si](CCC)(C[Si](C)(C)C)C,tg,2
[Si](CCC)(C[Si](c1ccccc1)(C)C)C[Si](c1ccccc1)(C)C,tg,1
[Si](CCC)(O[Si](CCCOc1ccc(cc1)C#N)(C)C)C,tg,0
[Si](CCC)(O[Si](CCCOc1ccc(cc1)C(=O)Oc1ccc(cc1)c1ccc(cc1)C#N)(C)C)C,tg,2
[Si](CCC)(O[Si](CCCOc1ccc(cc1)c1ccc(cc1)C#N)(C)C)C,tg,1
[Si](CCC)(c1ccc(cc1)C)c1ccc(cc1)C,tg,0
[Si](CCC)(c1ccc(cc1)N(C)C)C,tg,2
[Si](CCC)(c1ccccc1)C,tg,1
[Si]([Si]([Si]([Si](C)(C)C)(C)C)(C)C)(C)C,tg,0
[Si](c1c(cccc1)C)(C)C,tg,2
[Si](c1c(cccc1)C)(c1ccccc1)C,tg,1
[Si](c1c(cccc1)C)(c1ccccc1)c1ccccc1,tg,0
[n+]1ccc(cc1)c1cc[n+](cc1)Cc1c(cccc1)C,tg,2
[n+]1ccc(cc1)c1cc[n+](cc1)Cc1cc(ccc1)C,tg,1
[n+]1ccc(cc1)c1cc[n+](cc1)Cc1ccc(cc1)C,tg,0
c1[nH]c()c(C(=O)O)c1C,egc,2
c1[nH]c()c(CC(=O)OC)c1CC(=O)OC,egc,1
c1[nH]c()c(OC)c1OC,egc,0
c1[nH]c()c2c1CCCC2,egc,2
c1[nH]c()c2c1CCCCC2,egc,1
c1[nH]c(nc1c1ccc(cc1)NC(=O)Nc1ccc(cc1)NC(=O)Nc1ccc(cc1))c1ccc(cc1)[N+](=O)[O-],tg,0
c1[nH]c(nc1c1ccc(cc1)NC(=O)Nc1ccc(cc1)NC(=O)Nc1ccc(cc1))c1ccc(cc1)c1[nH]c(c(n1)c1ccc(cc1)[N+](=O)[O-])c1ccc(cc1)[N+](=O)[O-],tg,2
c1[nH]c(nc1c1ccc(cc1)NC1C(=O)N(C(=O)C1)c1ccc(cc1)Cc1ccc(cc1)N1C(=O)C(CC1=O)Nc1ccc(cc1))c1ccc(cc1)C=Cc1ccc(cc1)[N+](=O)[O-],tg,1
c1[nH]c(nc1c1ccc(cc1)NC1C(=O)N(C(=O)C1)c1ccc(cc1)Cc1ccc(cc1)N1C(=O)C(CC1=O)Nc1ccc(cc1))c1ccc(cc1)N=Nc1ccc(cc1)[N+](=O)[O-],tg,0
c1[nH]c(nc1c1ccc(cc1)NC1C(=O)N(C(=O)C1)c1ccc(cc1)c1sc(c(c1c1ccccc1)c1ccccc1)c1ccc(cc1)N1C(=O)C(CC1=O)Nc1ccc(cc1))c1ccc(cc1)c1[nH]c(c(n1)c1ccc(cc1)[N+](=O)[O-])c1ccc(cc1)[N+](=O)[O-],tg,2
c1[nH]c(nc1c1ccc(cc1)OC(=O)Nc1cc(c(cc1)c1c(cc(cc1)NC(=O)Oc1ccc(cc1))OC)OC)c1ccc(cc1)c1[nH]c(c(n1)c1ccc(cc1)[N+](=O)[O-])c1ccc(cc1)[N+](=O)[O-],tg,1
c1[nH]c(nc1c1ccc(cc1)Oc1ccc(cc1)C(=O)c1cc2c(cc1)cc(cc2)C(=O)c1ccc(cc1)Oc1ccc(cc1))c1ccccc1,tg,0
c1[nH]c(nc1c1ccc(cc1)Oc1ccc(cc1)C(=O)c1ccc(cc1)C(=O)c1ccc(cc1)C(=O)c1ccc(cc1)Oc1ccc(cc1))c1ccccc1,tg,2
c1[nH]c(nc1c1ccc(cc1)Oc1ccc(cc1)C(=O)c1ccc(cc1)C(=O)c1ccc(cc1)Oc1ccc(cc1))c1ccccc1,tg,1
c1[nH]c(nc1c1ccc(cc1)Oc1ccc(cc1)C(=O)c1ccc(cc1)Oc1ccc(cc1)C(=O)c1ccc(cc1)Oc1ccc(cc1))c1ccccc1,tg,0
c1[nH]c(nc1c1ccc(cc1)Oc1ccc(cc1)C(=O)c1ccc(cc1)c1ccc(cc1)C(=O)c1ccc(cc1)Oc1ccc(cc1))c1ccccc1,tg,2
c1[nH]c(nc1c1ccc(cc1)Oc1ccc(cc1)P(=O)(c1ccc(cc1)Oc1ccc(cc1))c1ccccc1)c1ccccc1,tg,1
c1[nH]c(nc1c1ccc(cc1)Oc1ccc(cc1)S(=O)(=O)c1ccc(cc1)Oc1ccc(cc1))c1ccccc1,tg,0
c1[nH]nc(c1)c1ccc(cc1)Oc1ccc(cc1)C(=O)c1cc(ccc1)C(=O)c1ccc(cc1)Oc1ccc(cc1),tg,2
c1[nH]nc(c1)c1ccc(cc1)Oc1ccc(cc1)P(=O)(c1ccc(cc1)Oc1ccc(cc1))c1ccccc1,tg,1
c1[nH]nc(c1)c1ccc(cc1)Oc1ccc(cc1)S(=O)(=O)c1ccc(cc1)Oc1ccc(cc1),tg,0
c1c(C)cc(-c2cc(C)c(N3C(=O)c4ccc(-c5ccc6c(c5)C(=O)N()C6=O)cc4C3=O)c(C)c2)cc1C,egc,2
c1c(C)cc(-c2cc(C)c(N3C(=O)c4ccc(S(=O)(=O)c5ccc6c(c5)C(=O)N()C6=O)cc4C3=O)c(C)c2)cc1C,egc,1
c1c(C)cc(Cc2cc(C)c(N3C(=O)c4ccc(Oc5cccc6c(Oc7ccc8c(c7)C(=O)N()C8=O)cccc56)cc4C3=O)c(C)c2)cc1C,egc,0
c1c(F)c(F)c()c(F)c1F,egc,2
c1c([nH]c(n1)c1cc(ccc1)c1[nH]c(c(n1)c1ccc(cc1)Oc1ccc(cc1)C(=O)c1cc(ccc1)C(=O)c1ccc(cc1)Oc1ccc(cc1))c1ccccc1)c1ccccc1,tg,1
c1c([nH]c(n1)c1cc(ccc1)c1[nH]c(c(n1)c1ccc(cc1)Oc1ccc(cc1)C(=O)c1cc(ccc1)c1cc(ccc1)C(=O)c1ccc(cc1)Oc1ccc(cc1))c1ccccc1)c1ccccc1,tg,0
c1c([nH]c(n1)c1cc(ccc1)c1[nH]c(c(n1)c1ccc(cc1)Oc1ccc(cc1)C(=O)c1ccc(cc1)C(=O)c1ccc(cc1)Oc1ccc(cc1))c1ccccc1)c1ccccc1,tg,2
c1c([nH]c(n1)c1cc(ccc1)c1[nH]c(c(n1)c1ccc(cc1)Oc1ccc(cc1)C(=O)c1ccc(cc1)Oc1ccc(cc1))c1ccccc1)c1ccccc1,tg,1
c1c([nH]c(n1)c1cc(ccc1)c1[nH]c(c(n1)c1ccc(cc1)Oc1ccc(cc1)C(=O)c1ccc(cc1)c1ccc(cc1)C(=O)c1ccc(cc1)Oc1ccc(cc1))c1ccccc1)c1ccccc1,tg,0
c1c([nH]c(n1)c1ccc(cc1)c1[nH]c(c(n1)c1ccc(cc1)Oc1ccc(cc1)C(=O)c1cc(ccc1)C(=O)c1ccc(cc1)Oc1ccc(cc1))c1ccccc1)c1ccccc1,tg,2
c1c([nH]c(n1)c1ccc(cc1)c1[nH]c(c(n1)c1ccc(cc1)Oc1ccc(cc1)C(=O)c1cc2c(cc1)cc(cc2)C(=O)c1ccc(cc1)Oc1ccc(cc1))c1ccccc1)c1ccccc1,tg,1
c1c([nH]c(n1)c1ccc(cc1)c1[nH]c(c(n1)c1ccc(cc1)Oc1ccc(cc1)C(=O)c1ccc(cc1)C(=O)c1ccc(cc1)Oc1ccc(cc1))c1ccccc1)c1ccccc1,tg,0
c1c([nH]c(n1)c1ccc(cc1)c1[nH]c(c(n1)c1ccc(cc1)Oc1ccc(cc1)C(=O)c1ccc(cc1)Oc1ccc(cc1)C(=O)c1ccc(cc1)Oc1ccc(cc1))c1ccccc1)c1ccccc1,tg,2
c1c(c(c(c(c1)N=Cc1ccc(cc1)F)O))C,tg,1
c1c(c(cc(c1))N=Cc1ccc(cc1)F)O,tg,0
c1c(c(cc(c1)N=Nc1ccc(cc1)C#N))O,tg,2
c1c(c(nc2c1cccc2)c1ccc(cc1)c1nc2c(c(c1c1ccccc1)c1ccc(cc1)Oc1ccc(cc1))cccc2)c1ccccc1,tg,1
c1c(c2c(C(=O)N(C2=O)c2cc(ccc2)N2C(=O)c3c(C2=O)c(c(c(c3c2ccccc2)c2ccccc2)c2ccc(cc2)Oc2ccc(cc2))c2ccccc2)c(c1c1ccccc1)c1ccccc1)c1ccccc1,tg,0
c1c(cc(c(c1)C)CC)C,tg,2
c1c(cc(c(c1)OC)C(=Cc1c(cc(c(c1)OC)C=C()C#N)OCCCCCCCC)C#N)OCCCCCCCC,tg,1
c1c(cc(c(c1)OC)C(=Cc1c(cc(c(c1)OC)C=C()C#N)OCCCCCCCCCC)C#N)OCCCCCCCCCC,tg,0
c1c(cc(c(c1)OC)C(=Cc1c(cc(c(c1)OC)C=C()C#N)OCCCCCCCCCCCC)C#N)OCCCCCCCCCCCC,tg,2
c1c(cc(c(c1)OC)C=C)OCC(CCCC)CC,tg,1
c1c(cc(c(c1)OC)C=C)OCC1C2C3C(CCC3)C(C1)C2,tg,0
c1c(cc(c(c1)OC)C=C)OCCCCCC,tg,2
c1c(cc(c(c1)OC)C=C)OCCCCCCCC,tg,1
c1c(cc(c(c1)OC)C=C)OCCCCCCCCCCCC,tg,0
c1c(cc(c(c1)OCCCC))OCCCC,tg,2
c1c(cc(c(c1)c1ccc(cc1)N(c1ccc(cc1)OC)c1ccc(cc1)OC)C=C)OCC(CCCC)CC,tg,1
c1c(cc(cc1))C(=O)c1ccc(cc1)C,tg,0
c1c(cc(cc1)C=C)OCc1cc(cc(c1)OCC(CCCC)CC)OCCC(CCCC(C)C)C,tg,2
c1c(cc(cc1)C=C)c1c(cc(c(c1)OCCC(C)C)OCCC(C)C)c1ccccc1,tg,1
c1c(cc(cc1)CC)C,tg,0
c1c(cc(cc1)CC)C#N,tg,2
c1c(cc(cc1)CC)CCCC,tg,1
c1c(cc(cc1)CC)Cl,tg,0
c1c(cc(cc1Cl)CC)Cl,tg,2
c1c(ccc(c1))c1oc2c(n1)cc(cc2)C,tg,1
c1c(nc2c(c1c1ccccc1)cc(cc2)Oc1cc2c(nc(c(c2c2ccccc2)c2ccc(cc2)Oc2ccc(cc2))c2ccccc2)cc1)c1ccccc1,tg,0
c1c(nc2c(c1c1ccccc1)cc(cc2)c1cc2c(nc(c(c2c2ccccc2)c2ccc(cc2)c2ccc(cc2))c2ccccc2)cc1)c1ccccc1,tg,2
c1c(nc2c(n1)cc(cc2)Oc1cc2c(nc(c(n2)c2cc(ccc2))c2ccccc2)cc1)c1ccccc1,tg,1
c1c(nc2c(n1)cc(cc2)Oc1cc2c(nc(c(n2)c2ccc(cc2))c2ccccc2)cc1)c1ccccc1,tg,0
c1c(nc2c(n1)cc(cc2)Oc1cc2c(nc(c(n2)c2ccc(cc2)Oc2ccc(cc2))c2ccccc2)cc1)c1ccccc1,tg,2
c1c(nc2c(n1)cc(cc2)Oc1ccc(cc1)NC(=O)CN1C(=O)c2c(C1=O)cc(cc2)C(c1cc2c(C(=O)N(C2=O)CC(=O)Nc2ccc(cc2)Oc2cc3c(nc(c(n3)c3ccc(cc3))c3ccccc3)cc2)cc1)(C(F)(F)F)C(F)(F)F)c1ccccc1,tg,1
c1c(nc2c(n1)cc(cc2)Oc1ccc(cc1)NC(=O)CN1C(=O)c2c(C1=O)cc(cc2)C(c1cc2c(C(=O)N(C2=O)CC(=O)Nc2ccc(cc2)Oc2cc3c(nc(c(n3)c3ccc(cc3)Oc3ccc(cc3))c3ccccc3)cc2)cc1)(C(F)(F)F)C(F)(F)F)c1ccccc1,tg,0
c1c(nc2c(n1)cc(cc2)Oc1ccc(cc1)NC(=O)c1cc(cc(c1)N1C(=O)c2c(C1=O)c(c(c(c2Cl)Cl)Cl)Cl)C(=O)Nc1ccc(cc1)Oc1cc2c(nc(c(n2)c2ccc(cc2)Oc2ccc(cc2))c2ccccc2)cc1)c1ccccc1,tg,2
c1c(nc2c(n1)cc(cc2)Oc1ccc(cc1)NC(=O)c1cc(cc(c1)N1C(=O)c2c(C1=O)cccc2)C(=O)Nc1ccc(cc1)Oc1cc2c(nc(c(n2)c2ccc(cc2))c2ccccc2)cc1)c1ccccc1,tg,1
c1c(nc2c(n1)cc(cc2)Oc1ccc(cc1)NC(=O)c1cc(cc(c1)N1C(=O)c2c(C1=O)cccc2)C(=O)Nc1ccc(cc1)Oc1cc2c(nc(c(n2)c2ccc(cc2)Oc2ccc(cc2))c2ccc(cc2)[N+](=O)[O-])cc1)c1ccc(cc1)[N+](=O)[O-],tg,0
c1c(nc2c(n1)cc(cc2)Oc1ccc(cc1)NC(=O)c1cc2c(C(=O)N(C2=O)c2ccc(cc2)C(c2ccc(cc2)N2C(=O)c3c(C2=O)cc(cc3)C(=O)Nc2ccc(cc2)Oc2cc3c(nc(c(n3)c3ccc(cc3)Oc3ccc(cc3))c3ccc(cc3)[N+](=O)[O-])cc2)(C(F)(F)F)C(F)(F)F)cc1)c1ccc(cc1)[N+](=O)[O-],tg,2
c1c(nc2c(n1)cc(cc2)S(=O)(=O)c1cc2c(nc(c(n2)c2ccc(cc2))c2ccccc2)cc1)c1ccccc1,tg,1
c1c(nc2c(n1)cc(cc2)S(=O)(=O)c1cc2c(nc(c(n2)c2ccc(cc2)N2C(=O)c3c(C2=O)cc(cc3)C(=O)c2cc3c(C(=O)N(C3=O)c3ccc(cc3))cc2)c2ccccc2)cc1)c1ccccc1,tg,0
c1c(nc2c(n1)cc(cc2)S(=O)(=O)c1cc2c(nc(c(n2)c2ccc(cc2)Oc2ccc(cc2))c2ccccc2)cc1)c1ccccc1,tg,2
c1c(nc2c(n1)cc(cc2)c1cc2c(nc(c(n2)c2cc(ccc2))c2ccccc2)cc1)c1ccccc1,tg,1
c1c(nc2c(n1)cc(cc2)c1cc2c(nc(c(n2)c2ccc(cc2)Oc2ccc(cc2))c2ccccc2)cc1)c1ccccc1,tg,0
c1c(nc2c(n1)cc(cc2)c1cc2c(nc(c(n2)c2ccc(cc2)Sc2ccc(cc2))c2ccccc2)cc1)c1ccccc1,tg,2
c1c2C(=O)N(C(=O)c2c(c2ccccc12)c1ccc(cc1)Oc1c(cc(cc1)c1cc(ccc1)c1cc(c(cc1)Oc1ccc(cc1))C(F)(F)F)C(F)(F)F)c1ccccc1,tg,1
c1c2C(=O)N(C(=O)c2c(c2ccccc12)c1ccc(cc1)Oc1c(cc(cc1)c1ccc(cc1)c1ccc(cc1)c1cc(c(cc1)Oc1ccc(cc1))C(F)(F)F)C(F)(F)F)c1ccccc1,tg,0
c1c2C(=O)N(C(=O)c2c(c2ccccc12)c1ccc(cc1)Oc1c(cc(cc1)c1nc(ccc1)c1cc(c(cc1)Oc1ccc(cc1))C(F)(F)F)C(F)(F)F)c1ccccc1,tg,2
c1c2C(=O)N(C(=O)c2c(c2ccccc12)c1ccc(cc1)Oc1ccc(cc1)C(=O)c1cc(ccc1)C(=O)c1ccc(cc1)Oc1ccc(cc1))C,tg,1
c1c2C(=O)N(C(=O)c2c(c2ccccc12)c1ccc(cc1)Oc1ccc(cc1)C(=O)c1cc(ccc1)C(=O)c1ccc(cc1)Oc1ccc(cc1))CCCCCCCCCCCC,tg,0
c1c2C(=O)N(C(=O)c2c(c2ccccc12)c1ccc(cc1)Oc1ccc(cc1)C(=O)c1cc(ccc1)C(=O)c1ccc(cc1)Oc1ccc(cc1))c1ccc(cc1)F,tg,2
c1c2C(=O)N(C(=O)c2c(c2ccccc12)c1ccc(cc1)Oc1ccc(cc1)C(=O)c1ccc(cc1)Oc1ccc(cc1))C,tg,1
c1c2C(=O)N(C(=O)c2c(c2ccccc12)c1ccc(cc1)Oc1ccc(cc1)C(=O)c1ccc(cc1)Oc1ccc(cc1))c1c(cccc1)C(F)(F)F,tg,0
c1c2C(=O)N(C(=O)c2c(c2ccccc12)c1ccc(cc1)Oc1ccc(cc1)C(=O)c1ccc(cc1)Oc1ccc(cc1))c1c(cccc1)c1ccccc1,tg,2
c1c2C(=O)N(C(=O)c2c(c2ccccc12)c1ccc(cc1)Oc1ccc(cc1)C(=O)c1ccc(cc1)Oc1ccc(cc1))c1cc(ccc1)C(F)(F)F,tg,1
c1c2C(=O)N(C(=O)c2c(c2ccccc12)c1ccc(cc1)Oc1ccc(cc1)C(=O)c1ccc(cc1)Oc1ccc(cc1))c1ccc(cc1)C(F)(F)F,tg,0
c1c2C(=O)N(C(=O)c2c(c2ccccc12)c1ccc(cc1)Oc1ccc(cc1)C(=O)c1ccc(cc1)Oc1ccc(cc1))c1ccc(cc1)Cl,tg,2
c1c2C(=O)N(C(=O)c2c(c2ccccc12)c1ccc(cc1)Oc1ccc(cc1)C(=O)c1ccc(cc1)Oc1ccc(cc1))c1ccccc1,tg,1
c1c2C(=O)N(C(=O)c2c(c2ccccc12)c1ccc(cc1)Oc1ccc(cc1)S(=O)(=O)c1ccc(cc1)Oc1ccc(cc1))CCCCCCCCCCCC,tg,0
c1c2C(=O)N(C(=O)c2c(c2ccccc12)c1ccc(cc1)Oc1ccc(cc1)S(=O)(=O)c1ccc(cc1)Oc1ccc(cc1))c1c(cccc1)C(F)(F)F,tg,2
c1c2C(=O)N(C(=O)c2c(c2ccccc12)c1ccc(cc1)Oc1ccc(cc1)S(=O)(=O)c1ccc(cc1)Oc1ccc(cc1))c1c(cccc1)c1ccccc1,tg,1
c1c2C(=O)N(C(=O)c2c(c2ccccc12)c1ccc(cc1)Oc1ccc(cc1)S(=O)(=O)c1ccc(cc1)Oc1ccc(cc1))c1cc(ccc1)C(F)(F)F,tg,0
c1c2C(=O)N(C(=O)c2c(c2ccccc12)c1ccc(cc1)Oc1ccc(cc1)S(=O)(=O)c1ccc(cc1)Oc1ccc(cc1))c1ccc(cc1)C(F)(F)F,tg,2
c1c2C(=O)N(C(=O)c2c(c2ccccc12)c1ccc(cc1)Oc1ccc(cc1)S(=O)(=O)c1ccc(cc1)Oc1ccc(cc1))c1ccc(cc1)F,tg,1
c1c2C(=O)N(C(=O)c2c(c2ccccc12)c1ccc(cc1)Oc1ccc(cc1)S(=O)(=O)c1ccc(cc1)Oc1ccc(cc1))c1ccccc1,tg,0
c1c2c(C(=O)N(C2=O)N2C(=O)c3c(C2=O)cc(cc3)Sc2ccc(cc2)Sc2ccc(cc2)S)ccc1,tg,2
c1c2c(c(=O)n(n1)c1ccc(cc1)S(=O)(=O)c1ccc(cc1))cccc2,tg,1
c1c2c(c(cc1)CC)cccc2,tg,0
c1c2c(c(nn1)c1ccc(cc1)Oc1ccc(cc1)C(=O)c1ccc(cc1)Oc1ccc(cc1))c(c(c(c2c1ccccc1)c1cc2c(cc1)cccc2)c1cc2c(cc1)cccc2)c1ccccc1,tg,2
c1c2c(c(nn1)c1ccc(cc1)Oc1ccc(cc1)C(c1ccc(cc1)Oc1ccc(cc1))(C(F)(F)F)C(F)(F)F)c(c(c(c2c1ccc(cc1)F)c1ccc(cc1)F)c1ccc(cc1)F)c1ccc(cc1)F,tg,1
c1c2c(c(nn1)c1ccc(cc1)Oc1ccc(cc1)C(c1ccc(cc1)Oc1ccc(cc1))(C(F)(F)F)C(F)(F)F)c(c(c(c2c1ccccc1)c1cc2c(cc1)cccc2)c1cc2c(cc1)cccc2)c1ccccc1,tg,0
c1c2c(c(nn1)c1ccc(cc1)Oc1ccc(cc1)C(c1ccc(cc1)Oc1ccc(cc1))(C)C)c(c(c(c2c1ccc(cc1)F)c1ccc(cc1)F)c1ccc(cc1)F)c1ccc(cc1)F,tg,2
c1c2c(c(nn1)c1ccc(cc1)Oc1ccc(cc1)C(c1ccc(cc1)Oc1ccc(cc1))(C)C)c(c(c(c2c1ccccc1)c1cc2c(cc1)cccc2)c1cc2c(cc1)cccc2)c1ccccc1,tg,1
c1c2c(c(nn1)c1ccc(cc1)Oc1ccc(cc1)C1(c3ccccc3c3ccccc13)c1ccc(cc1)Oc1ccc(cc1))c(c(c(c2c1ccc(cc1)F)c1ccc(cc1)F)c1ccc(cc1)F)c1ccc(cc1)F,tg,0
c1c2c(c(nn1)c1ccc(cc1)Oc1ccc(cc1)C1(c3ccccc3c3ccccc13)c1ccc(cc1)Oc1ccc(cc1))c(c(c(c2c1ccccc1)c1cc2c(cc1)cccc2)c1cc2c(cc1)cccc2)c1ccccc1,tg,2
c1c2c(c(nn1)c1ccc(cc1)Oc1ccc(cc1)c1ccc(cc1)Oc1ccc(cc1))c(c(c(c2c1ccccc1)c1cc2c(cc1)cccc2)c1cc2c(cc1)cccc2)c1ccccc1,tg,1
c1c2c(c(s1)c1sc(c(c1)CCCCCC)c1cc3n(c4c(c3cc1)ccc(c4)c1sc(cc1CCCCCC))CCCCCCCCCCCC)nc(c(n2)CC)CC,tg,0
c1c2ccc(=O)cc2oc2cc(ccc12)OC(=O)c1c(cccc1),tg,2
c1c2n(c3c(c2cc(c1)C(C)(C)C)cc(cc3C#C)C(C)(C)C)CCCCCCCCCCCCCCCC,tg,1
c1c2n(c3c(c2cc(c1)C(C)(C)C)cc(cc3C#CC#C)C(C)(C)C)CCCCCCCCCCCCCCCC,tg,0
c1cc()c(O)c(C=Nc2ccc(C(=O)O)cc2)c1,egc,2
c1cc()c(O)c(C=Nc2ccc(Cl)cc2)c1,egc,1
c1cc()c(O)c(C=O)c1,egc,0
c1cc()cc(C23CC4CC(CC(C4)C2)C3)c1,egc,2
c1cc(-c2cc(CCCCCCCC)ccc2CCCCCCCC)c()s1,egc,1
c1cc(-c2ccc(Br)cc2)c()s1,egc,0
c1cc(-c2ccc(F)cc2)c()s1,egc,2
c1cc(-c2ccc(OCCCCCC)cc2)c()s1,egc,1
c1cc(-c2ccc(OCCCCCCCC)cc2)c()s1,egc,0
c1cc(-c2ccccc2)c()s1,egc,2
c1cc(-c2nc3ccccc3o2)cc(-n2c(=O)c3cc4c(=O)n()c(=O)c4cc3c2=O)c1,egc,1
c1cc(-c2nc3ccccc3s2)cc(-n2c(=O)c3cc4c(=O)n()c(=O)c4cc3c2=O)c1,egc,0
c1cc(-c2sc(-c3cc(C)c()s3)cc2C)c2cccccc1-2,egb,1
c1cc(-c2sc(-c3cc(C)c()s3)cc2C)c2cccccc1-2,egc,1
c1cc(-n2c(=O)c3cc4c(=O)n()c(=O)c4cc3c2=O)c(O)cc1O,egc,2
c1cc(-n2c(=O)c3cc4c(=O)n(-c5ccc(-c6nnc()n6N)cc5)c(=O)c4cc3c2=O)c(-c2c(Cl)cccc2Cl)s1,egc,1
c1cc(Br)c(Oc2c(Br)cc(N3C(=O)c4ccc(-c5ccc6c(c5)C(=O)N()C6=O)cc4C3=O)cc2Br)c(Br)c1,egc,0
c1cc(C#N)c()s1,egb,0
c1cc(C#N)c()s1,egc,0
c1cc(C(=O)OCC(F)(F)C(F)(F)C(F)(F)F)c()s1,egc,2
c1cc(C(=O)OCCCCCC)c()s1,egc,1
c1cc(C(=O)Oc2cccc3cccnc23)c()s1,egc,0
c1cc(C(C(=O)OC)C(=O)OC)c()s1,egc,2
c1cc(C(F)(F)C(F)(F)C(F)(F)F)c()s1,egc,1
c1cc(C)c()cn1,egc,0
c1cc(C)c()s1,egc,2
c1cc(C)c(-c2c(C)cc(N3C(=O)c4ccc(-c5ccc6c(c5)C(=O)N()C6=O)cc4C3=O)cc2C)c(C)c1,egc,1
c1cc(C=NC(=S)Nc2ccc(-n3c(=O)c4cc5c(=O)n()c(=O)c5cc4c3=O)cc2)ccc1Cl,egc,0
c1cc(C=Nc2ccc(C)cc2)c()c(OC)c1,egc,2
c1cc(C=O)cc()c1O,egc,1
c1cc(CC(=O)Cl)c()s1,egc,0
c1cc(CC(=O)OCCCCCCCC)c()[nH]1,egc,2
c1cc(CC(=O)OCCCCCCOc2ccc(N=Nc3ccc(C#N)cc3)cc2)c()s1,egc,1
c1cc(CC(=O)OCCN(CC)c2ccc(N=Nc3ccc([N+](=O)[O-])cc3)cc2)c()s1,egc,0
c1cc(CC)c()s1,egc,2
c1cc(CCCC(F)(F)C(F)(F)C(F)(F)C(F)(F)F)c()s1,egc,1
c1cc(CCCC)c()s1,egc,0
c1cc(CCCCC)c()s1,egc,2
c1cc(CCCCCC)c()[nH]1,egc,1
c1cc(CCCCCC)c()s1,egc,0
c1cc(CCCCCCBr)c()s1,egc,2
c1cc(CCCCCCCC)c()s1,egc,1
c1cc(CCCCCCCCCC(O)CO)c()s1,egc,0
c1cc(CCCCCCCCCC)c()[nH]1,egc,2
c1cc(CCCCCCCCCC2COC(=O)O2)c()s1,egc,1
c1cc(CCCCCCCCCC2COC(C)(C)O2)c()s1,egc,0
c1cc(CCCCCCCCCC2COC(c3ccccc3)O2)c()s1,egc,2
c1cc(CCCCCCCCCCCC)c()s1,egc,1
c1cc(CCCCCCCCCCCC)c(-c2sc()c3c2OCCO3)s1,egc,0
c1cc(CCCCCCCCCCCCCCCC)c()[nH]1,egc,2
c1cc(CCCCCCCCCCCCCCCCCCCCCC)c()s1,egc,1
c1cc(CCCCCCOC(=O)COc2ccccc2)c()s1,egc,0
c1cc(CCN(CC)c2ccc(N=Nc3ccc(C=C(C#N)C#N)cc3)cc2)c()s1,egc,2
c1cc(CCOC(=O)C(C)Br)c()s1,egc,1
c1cc(CCOCCOC)c()[nH]1,egc,0
c1cc(CCOc2ccc(N=Nc3ccc(C#N)cc3)cc2)c()s1,egc,2
c1cc(CCS(=O)(=O)O)c()s1,egc,1
c1cc(COCCCCCCCCCCCCOc2ccc(-c3ccc(OC)cc3)cc2)c()s1,egc,0
c1cc(COCCCCCCCCOc2ccc(-c3ccc(C#N)cc3)cc2)c()s1,egc,2
c1cc(COCCOCCOC)c(-c2cc(CCCCCCCCCCCC)c()s2)s1,egc,1
c1cc(N=Nc2ccc(C#N)cc2)cc()c1O,egc,0
c1cc(N=Nc2ccc(C(=O)O)cc2)cc()c1O,egc,2
c1cc(N=Nc2ccc(S(=O)(=O)O)cc2)cc()c1O,egc,1
c1cc(OCC(=O)C23CC4CC(CC(C4)C2)C3)c()cc1OC,egc,0
c1cc(OCCOC)c()s1,egc,2
c1cc(OCCOCCCC)c()s1,egc,1
c1cc(OCCOCCOC)c(-c2sc()c3c2OCCO3)s1,egc,0
c1cc(SC)c()s1,egc,2
c1cc(SCCCCCC)c()s1,egc,1
c1cc(SCCCCCCCCCCCC)c()s1,egc,0
c1cc(cc(c1)c1oc2c(n1)cccc2),tg,2
c1cc(ccc1),tg,1
c1cc(nc2c1cccc2)c1cc(ccc1)c1nc2c(c(c1)c1ccc(cc1)Oc1ccc(cc1))cccc2,tg,0
c1cc2C(c3c(c2cc1)ccc(c3))(CC(CCCC)CC)CC(CCCC)CC,tg,2
c1cc2C(c3c(c2cc1)ccc(c3))(CCCCCCCC)CCCCCCCC,tg,1
c1cc2C(c3c(c2cc1)ccc(c3)C=Cc1cc2C(c3c(c2cc1)ccc(c3)C=C)(CCCCCCOc1ccc2c(c1)oc(=O)cc2)CCCCCCOc1ccc2c(c1)oc(=O)cc2)(CCCCCC)CCCCCC,tg,0
c1cc2C(c3c(c2cc1)ccc(c3)C=Cc1ccc(cc1)C=C)(CCCCCCOc1ccc2c(c1)oc(=O)cc2)CCCCCCOc1ccc2c(c1)oc(=O)cc2,tg,2
c1cc2C(c3c(c2cc1)ccc(c3)c1c(cc(c(c1)CCCCCCCC))CCCCCCCC)(CCCCCC)CCCCCC,tg,1
c1cc2C(c3c(c2cc1)ccc(c3)c1c(cc(c(c1)F))F)(CCCCCCCC)CCCCCCCC,tg,0
c1cc2C(c3c(c2cc1)ccc(c3)c1c(cc(c(c1)OCCCCCCCC))OCCCCCCCC)(CCCCCC)CCCCCC,tg,2
c1cc2C(c3c(c2cc1)ccc(c3)c1c(cc(c(c1)OCc1ccccc1))OCc1ccccc1)(CCCCCC)CCCCCC,tg,1
c1cc2C(c3c(c2cc1)ccc(c3)c1c(cc(cc1))F)(CCCCCCCC)CCCCCCCC,tg,0
c1cc2C(c3c(c2cc1)ccc(c3)c1cc2C(c3c(c2cc1)ccc(c3))(c1ccc(cc1)c1oc(nn1)c1ccc(cc1)C(C)(C)C)c1ccc(cc1)c1oc(nn1)c1ccc(cc1)C(C)(C)C)(CCCCCCCC)CCCCCCCC,tg,2
c1cc2C(c3c(c2cc1)ccc(c3)c1ccc(cc1))(CCCCCC)CCCCCC,tg,1
c1cc2C(c3c(c2cc1)ccc(c3)c1ccc(cc1))(CCCCCCBr)CCCCCCBr,tg,0
c1cc2C(c3c(c2cc1)ccc(c3)c1ccc(cc1))(CCCCCCC#N)CCCCCCC#N,tg,2
c1cc2C(c3c(c2cc1)ccc(c3)c1ccc(cc1))(CCCCCCCC)CCCCCCCC,tg,1
c1cc2C3(CC(CC(C3)(C)C)(C)C)c3c(c2cc1)ccc(c3)c1cc2C(c3c(c2cc1)ccc(c3))(CCCCCCCC)CCCCCCCC,tg,0
c1cc2C3(CCC(CC3)(C3=NC(CO3)Cc3ccccc3)C3=NC(CO3)Cc3ccccc3)c3c(c2cc1)ccc(c3)c1cc2C(c3c(c2cc1)ccc(c3))(CCCCCC)CCCCCC,tg,2
c1cc2C3(CCC(CC3)C(C)(C)C)c3c(c2cc1)ccc(c3)c1cc2C(c3c(c2cc1)ccc(c3))(CCCCCCCC)CCCCCCCC,tg,1
c1cc2Oc3c(C(c2cc1)(C)C)ccc(c3)OC(=O)c1cc2c(C(CC2(c2ccc(cc2)C(=O)O)C)(C)C)cc1,tg,0
c1cc2Oc3c(C4(c2cc1)c1ccccc1c1ccccc41)ccc(c3)OC(=O)O,tg,2
c1cc2Sc3c(Sc2cc1)cc(cc3)S,tg,1
c1cc2Sc3c(Sc2cc1)cc(cc3)Sc1ccc(cc1)Sc1ccc(cc1)S,tg,0
c1cc2c(C(=O)N(C2=O)C2C(=O)N(C(=O)C2)c2c(ccc(c2)C)NC(=O))cc1,tg,2
c1cc2c(C(=O)N(C2=O)C2C(=O)N(C(=O)C2)c2c3c(ccc2)cccc3NC(=O))cc1,tg,1
c1cc2c(C(=O)N(C2=O)C2C(=O)N(C(=O)C2)c2ccc(cc2)Cc2ccc(cc2)NC(=O))cc1,tg,0
c1cc2c(C(=O)N(C2=O)C2C(=O)N(C(=O)C2)c2ccc(cc2)NC(=O))cc1,tg,2
c1cc2c(C(=O)N(C2=O)C2C(=O)N(C(=O)C2)c2ccc(cc2)S(=O)(=O)c2ccc(cc2)NC(=O))cc1,tg,1
c1cc2c(C(=O)N(C2=O)C2C(=O)N(C(=O)C2)c2ccc(cc2)c2ccc(cc2)NC(=O))cc1,tg,0
c1cc2c(C(=O)N(C2=O)C2C(CC(CC2)CC2CC(C(CC2)N2C(=O)c3c(C2=O)cc(cc3)C(=O))C)C)cc1,tg,2
c1cc2c(C(=O)N(C2=O)C2CC(CC(C2)(CN2C(=O)c3c(C2=O)cc(cc3)C()(C(F)(F)F)C(F)(F)F)C)(C)C)cc1,tg,1
c1cc2c(C(=O)N(C2=O)C2CC(CC(C2)(CN2C(=O)c3c(C2=O)cc(cc3)C(=O))C)(C)C)cc1,tg,0
c1cc2c(C(=O)N(C2=O)C2CCC(CC2)CC2CCC(CC2)N2C(=O)c3c(C2=O)cc(cc3)C(=O))cc1,tg,2
c1cc2c(C(=O)N(C2=O)C2CCC(CC2)N2C(=O)c3c(C2=O)cc(cc3)C(=O)Oc2ccc(cc2)OC(=O))cc1,tg,1
c1cc2c(C(=O)N(C2=O)c2c(c(cc(c2)C(F)(F)F)N2C(=O)c3c(C2=O)cc(cc3)C(=O)Nc2c(c(cc(c2)C(F)(F)F)NC(=O))Oc2ccc(cc2)C(F)(F)F)Oc2ccc(cc2)C(F)(F)F)cc1,tg,0
c1cc2c(C(=O)N(C2=O)c2c(c(cc(c2)C(F)(F)F)N2C(=O)c3c(C2=O)cc(cc3)C(=O)Nc2cc(c(cc2)Oc2c(cc(cc2)NC(=O))c2ccccc2)c2ccccc2)Oc2ccc(cc2)C(F)(F)F)cc1,tg,2
c1cc2c(C(=O)N(C2=O)c2c(c(cc(c2)C(F)(F)F)N2C(=O)c3c(C2=O)cc(cc3)C(=O)Nc2ccc(cc2)Oc2c(c3c(cc2)cccc3)c2c3c(ccc2Oc2ccc(cc2)NC(=O))cccc3)Oc2ccc(cc2)C(F)(F)F)cc1,tg,1
c1cc2c(C(=O)N(C2=O)c2c(c(ccc2)C(=O)Nc2ccc(cc2)C(c2ccc(cc2)NC(=O)c2c(c(ccc2)N2C(=O)c3c(C2=O)cc(cc3)C()(C(F)(F)F)C(F)(F)F)C)(C(F)(F)F)C(F)(F)F)C)cc1,tg,0
c1cc2c(C(=O)N(C2=O)c2c(c(ccc2)N2C(=O)c3c(C2=O)cc(cc3)C()(C(F)(F)F)C(F)(F)F)C)cc1,tg,2
c1cc2c(C(=O)N(C2=O)c2c(cc(c(c2)Cl)N2C(=O)c3c(C2=O)cc(c(c3)Cl)C(=O))Cl)cc1Cl,tg,1
c1cc2c(C(=O)N(C2=O)c2c(cc(c(c2)N2C(=O)c3c(C2=O)cc(cc3)C()(C(F)(F)F)C(F)(F)F)O)O)cc1,tg,0
c1cc2c(C(=O)N(C2=O)c2c(cc(c(c2)N2C(=O)c3c(C2=O)cc(cc3)C(=O))O)O)cc1,tg,2
c1cc2c(C(=O)N(C2=O)c2c(cc(c(c2C)C(=O)c2cc(ccc2)N2C(=O)c3c(C2=O)cc(cc3)C()(C(F)(F)F)C(F)(F)F)C)C)cc1,tg,1
c1cc2c(C(=O)N(C2=O)c2c(cc(c(c2C)C(=O)c2cc(ccc2)N2C(=O)c3c(C2=O)cc(cc3)C(=O))C)C)cc1,tg,0
c1cc2c(C(=O)N(C2=O)c2c(cc(c(c2C)N2C(=O)c3c(C2=O)cc(cc3)C()(C(F)(F)F)C(F)(F)F)C)C)cc1,tg,2
c1cc2c(C(=O)N(C2=O)c2c(cc(c(c2C)N2C(=O)c3c(C2=O)cc(cc3)C(=O))C)C)cc1,tg,1
c1cc2c(C(=O)N(C2=O)c2c(cc(c(c2C)N2C(=O)c3c(C2=O)cc(cc3)C(=O)Nc2cc(c(cc2)c2c(cc(cc2)NC(=O))C(F)(F)F)C(F)(F)F)C)C)cc1,tg,0
c1cc2c(C(=O)N(C2=O)c2c(cc(c(c2C)N2C(=O)c3c(C2=O)cc(cc3)C(=O)Nc2cc(c(cc2)c2c(cc(cc2)NC(=O))C)C)C)C)cc1,tg,2
c1cc2c(C(=O)N(C2=O)c2c(cc(c(c2C)N2C(=O)c3c(C2=O)cc(cc3)C(=O)Nc2ccc(cc2)C(c2ccc(cc2)NC(=O))(C(F)(F)F)C(F)(F)F)C)C)cc1,tg,1
c1cc2c(C(=O)N(C2=O)c2c(cc(c(c2C)N2C(=O)c3c(C2=O)cc(cc3)C(=O)Nc2ccc(cc2)NC(=O))C)C)cc1,tg,0
c1cc2c(C(=O)N(C2=O)c2c(cc(cc2)C(c2cc(c(cc2)C)N2C(=O)c3c(C2=O)cc(cc3)C()(C(F)(F)F)C(F)(F)F)(C(F)(F)F)C(F)(F)F)C)cc1,tg,2
c1cc2c(C(=O)N(C2=O)c2c(cc(cc2)C(c2cc(c(cc2)N2C(=O)c3c(C2=O)cc(cc3)C()(C(F)(F)F)C(F)(F)F)O)(C(F)(F)F)C(F)(F)F)O)cc1,tg,1
c1cc2c(C(=O)N(C2=O)c2c(cc(cc2)C2(c3ccccc3c3ccccc23)c2cc(c(cc2)N2C(=O)c3c(C2=O)cc(cc3)C()(C(F)(F)F)C(F)(F)F)F)F)cc1,tg,0
c1cc2c(C(=O)N(C2=O)c2c(cc(cc2)Cc2cc(c(cc2)N2C(=O)c3c(C2=O)cc(cc3)C()(C(F)(F)F)C(F)(F)F)C(C)(C)C)C(C)(C)C)cc1,tg,2
c1cc2c(C(=O)N(C2=O)c2c(cc(cc2)c2cc(c(cc2)N2C(=O)c3c(C2=O)cc(cc3)C()(C(F)(F)F)C(F)(F)F)C)C)cc1,tg,1
c1cc2c(C(=O)N(C2=O)c2c(cc(cc2)c2cc(c(cc2)N2C(=O)c3c(C2=O)cc(cc3)C()(C(F)(F)F)C(F)(F)F)O)O)cc1,tg,0
c1cc2c(C(=O)N(C2=O)c2c(cc(cc2)c2cc(c(cc2)N2C(=O)c3c(C2=O)cc(cc3)C()(C(F)(F)F)C(F)(F)F)OC(=O)C=Cc2ccccc2)OC(=O)C=Cc2ccccc2)cc1,tg,2
c1cc2c(C(=O)N(C2=O)c2c(cc(cc2)c2cc(c(cc2)N2C(=O)c3c(C2=O)cc(cc3)C()(C(F)(F)F)C(F)(F)F)OCCCCCCOc2ccc(cc2)/C=C/c2ccc(cc2)F)OCCCCCCOc2ccc(cc2)/C=C/c2ccc(cc2)F)cc1,tg,1
c1cc2c(C(=O)N(C2=O)c2c(cc(cc2)c2cc(c(cc2)N2C(=O)c3c(C2=O)cc(cc3)C()(C(F)(F)F)C(F)(F)F)OCCN(c2ccc(cc2)C(=C(C#N)C#N)C#N)CC)OCCN(c2ccc(cc2)C(=C(C#N)C#N)C#N)CC)cc1,tg,0
c1cc2c(C(=O)N(C2=O)c2c(cc(cc2)c2cc(c(cc2)N2C(=O)c3c(C2=O)cc(cc3)C(=O))C)C)cc1,tg,2
c1cc2c(C(=O)N(C2=O)c2c(cc(cc2)c2cc(c(cc2)N2C(=O)c3c(C2=O)cc(cc3)C(=O))OCCCCCCOc2ccc(cc2)/C=C/c2ccc(cc2)F)OCCCCCCOc2ccc(cc2)/C=C/c2ccc(cc2)F)cc1,tg,1
c1cc2c(C(=O)N(C2=O)c2c(cc(cc2)c2cc(c(cc2)N2C(=O)c3c(C2=O)cc(cc3)C(=O)Nc2ccc(cc2)C(c2ccc(cc2)NC(=O))(C(F)(F)F)C(F)(F)F)OC)OC)cc1,tg,0
c1cc2c(C(=O)N(C2=O)c2c(cc(cc2C(C)C)C(c2cc(c(c(c2)C(C)C)N2C(=O)c3c(C2=O)cc(cc3)C()(C(F)(F)F)C(F)(F)F)C(C)C)(c2ccccc2)C(F)(F)F)C(C)C)cc1,tg,2
c1cc2c(C(=O)N(C2=O)c2c(cc(cc2C(C)C)Cc2cc(c(c(c2)C(C)C)N2C(=O)c3c(C2=O)cc(cc3)C()(C(F)(F)F)C(F)(F)F)C(C)C)C(C)C)cc1,tg,1
c1cc2c(C(=O)N(C2=O)c2c(cc(cc2C)C(c2cc(c(c(c2)C(C)C)N2C(=O)c3c(C2=O)cc(cc3)C()(C(F)(F)F)C(F)(F)F)C)(c2ccccc2)C(F)(F)F)C(C)C)cc1,tg,0
c1cc2c(C(=O)N(C2=O)c2c(cc(cc2C)C(c2cc(c(c(c2)C)N2C(=O)c3c(C2=O)cc(cc3)C()(C(F)(F)F)C(F)(F)F)C)c2cc(ccc2)C(F)(F)F)C)cc1,tg,2
c1cc2c(C(=O)N(C2=O)c2c(cc(cc2C)C(c2cc(c(c(c2)C)N2C(=O)c3c(C2=O)cc(cc3)C(=O))C)c2c3c(ccc2)cccc3)C)cc1,tg,1
c1cc2c(C(=O)N(C2=O)c2c(cc(cc2C)C(c2cc(c(c(c2)C)N2C(=O)c3c(C2=O)cc(cc3)C(=O))C)c2cc(cc(c2)C(F)(F)F)C(F)(F)F)C)cc1,tg,0
c1cc2c(C(=O)N(C2=O)c2c(cc(cc2C)C(c2cc(c(c(c2)C)N2C(=O)c3c(C2=O)cc(cc3)C(=O))C)c2cc(ccc2)C(F)(F)F)C)cc1,tg,2
c1cc2c(C(=O)N(C2=O)c2c(cc(cc2C)C2(c3ccccc3c3ccccc23)c2cc(c(c(c2)C(C)C)N2C(=O)c3c(C2=O)cc(cc3)C()(C(F)(F)F)C(F)(F)F)C)C(C)C)cc1,tg,1
c1cc2c(C(=O)N(C2=O)c2c(cc(cc2C)C2(c3ccccc3c3ccccc23)c2cc(c(c(c2)C)N2C(=O)c3c(C2=O)cc(cc3)C()(C(F)(F)F)C(F)(F)F)C)C)cc1,tg,0
c1cc2c(C(=O)N(C2=O)c2c(cc(cc2C)Cc2cc(c(c(c2)C(C)C)N2C(=O)c3c(C2=O)cc(cc3)C()(C(F)(F)F)C(F)(F)F)C)C(C)C)cc1,tg,2
c1cc2c(C(=O)N(C2=O)c2c(cc(cc2C)Cc2cc(c(c(c2)C)N2C(=O)c3c(C2=O)cc(cc3)C()(C(F)(F)F)C(F)(F)F)C)C)cc1,tg,1
c1cc2c(C(=O)N(C2=O)c2c(cc(cc2C)Cc2cc(c(c(c2)C)N2C(=O)c3c(C2=O)cc(cc3)C(=O))C)C)cc1,tg,0
c1cc2c(C(=O)N(C2=O)c2c(cc(cc2C)Cc2cc(c(c(c2)C)N2C(=O)c3c(C2=O)cc(cc3)C(=O)OCCN(CCOC(=O))c2ccc(cc2)N=Nc2ccc(cc2)[N+](=O)[O-])C)C)cc1,tg,2
c1cc2c(C(=O)N(C2=O)c2c(cc(cc2C)Cc2cc(c(c(c2)C)N2C(=O)c3c(C2=O)cc(cc3)C(=O)OCCN(CCOC(=O))c2ccccc2)C)C)cc1,tg,1
c1cc2c(C(=O)N(C2=O)c2c(cc(cc2C)c2c(cc(c(c2)C)c2cc(c(c(c2)C)N2C(=O)c3c(C2=O)cc(cc3)C()(C(F)(F)F)C(F)(F)F)C)C)C)cc1,tg,0
c1cc2c(C(=O)N(C2=O)c2c(cc(cc2C)c2cc(c(c(c2)C)N2C(=O)c3c(C2=O)cc(cc3)C(=O)Oc2c(cc(cc2C)C(c2cc(c(c(c2)C)OC(=O))C)(C(F)(F)F)C(F)(F)F)C)C)C)cc1,tg,2
c1cc2c(C(=O)N(C2=O)c2c(cc(cc2C)c2cc(c(c(c2)C)N2C(=O)c3c(C2=O)cc(cc3)C(=O)Oc2ccc(cc2)C(c2ccc(cc2)OC(=O))(C(F)(F)F)C(F)(F)F)C)C)cc1,tg,1
c1cc2c(C(=O)N(C2=O)c2c(cc(cc2CC)Cc2cc(c(c(c2)CC)N2C(=O)c3c(C2=O)cc(cc3)C()(C(F)(F)F)C(F)(F)F)CC)CC)cc1,tg,0
c1cc2c(C(=O)N(C2=O)c2c(cc(cc2c2ccccc2)c2ccc(cc2)c2cc(c(c(c2)c2ccccc2)N2C(=O)c3c(C2=O)cc(cc3)C(=O))c2ccccc2)c2ccccc2)cc1,tg,2
c1cc2c(C(=O)N(C2=O)c2c(ccc(c2)C(=O)Nc2c3c(ccc2)c(ccc3)NC(=O)c2cc(c(cc2)C)N2C(=O)c3c(C2=O)cc(cc3)C()(C(F)(F)F)C(F)(F)F)C)cc1,tg,1
c1cc2c(C(=O)N(C2=O)c2c(ccc(c2)C(=O)Oc2ccc(cc2)C(c2ccc(cc2)OC(=O)c2cc(c(cc2)C)N2C(=O)c3c(C2=O)cc(cc3)C()(C(F)(F)F)C(F)(F)F)(C(F)(F)F)C(F)(F)F)C)cc1,tg,0
c1cc2c(C(=O)N(C2=O)c2c(ccc(c2)C(c2cc(c(cc2)O)N2C(=O)c3c(C2=O)cc(cc3)C()(C(F)(F)F)C(F)(F)F)(C(F)(F)F)C(F)(F)F)O)cc1,tg,2
c1cc2c(C(=O)N(C2=O)c2c(ccc(c2)C(c2cc(c(cc2)O)N2C(=O)c3c(C2=O)cc(cc3)C(=O))(C(F)(F)F)C(F)(F)F)O)cc1,tg,1
c1cc2c(C(=O)N(C2=O)c2c(ccc(c2)C(c2cc(c(cc2)OC(=O)C)N2C(=O)c3c(C2=O)cc(cc3)C()(C(F)(F)F)C(F)(F)F)(C(F)(F)F)C(F)(F)F)OC(=O)C)cc1,tg,0
c1cc2c(C(=O)N(C2=O)c2c(ccc(c2)C(c2cc(c(cc2)OC(=O)C23CC4CC(CC(C2)C4)C3)N2C(=O)c3c(C2=O)cc(cc3)C()(C(F)(F)F)C(F)(F)F)(C(F)(F)F)C(F)(F)F)OC(=O)C23CC4CC(CC(C2)C4)C3)cc1,tg,2
c1cc2c(C(=O)N(C2=O)c2c(ccc(c2)C(c2cc(c(cc2)OCCN(c2ccc(cc2)N=Nc2ccc(cc2)[N+](=O)[O-])CC)N2C(=O)c3c(C2=O)cc(cc3)C()(C(F)(F)F)C(F)(F)F)(C(F)(F)F)C(F)(F)F)OCCN(c2ccc(cc2)N=Nc2ccc(cc2)[N+](=O)[O-])CC)cc1,tg,1
c1cc2c(C(=O)N(C2=O)c2c(ccc(c2)N2C(=O)c3c(C2=O)cc(cc3)C()(C(F)(F)F)C(F)(F)F)C)cc1,tg,0
c1cc2c(C(=O)N(C2=O)c2c(ccc(c2)N2C(=O)c3c(C2=O)cc(cc3)C()(C(F)(F)F)C(F)(F)F)OCCCCCCOc2ccc(cc2)N=Nc2ccc(cc2)OCC)cc1,tg,2
c1cc2c(C(=O)N(C2=O)c2c(ccc(c2)N2C(=O)c3c(C2=O)cc(cc3)C()(C(F)(F)F)C(F)(F)F)OCCCCCCOc2ccc(cc2)c2ccc(cc2)OCC)cc1,tg,1
c1cc2c(C(=O)N(C2=O)c2c(ccc(c2)N2C(=O)c3c(C2=O)cc(cc3)C(=O))C)cc1,tg,0
c1cc2c(C(=O)N(C2=O)c2c(ccc(c2)N2C(=O)c3c(C2=O)cc(cc3)C(=O))CP(=O)(OCCCl)OCCCl)cc1,tg,2
c1cc2c(C(=O)N(C2=O)c2c(ccc(c2)N2C(=O)c3c(C2=O)cc(cc3)C(=O))Oc2ccc(cc2)S(=O)(=O)c2ccc(cc2)C)cc1,tg,1
c1cc2c(C(=O)N(C2=O)c2c(ccc(c2)N2C(=O)c3c(C2=O)cc(cc3)C(=O)Nc2c(cc(cc2C)Cc2cc(c(c(c2)C)NC(=O))C)C)N=Nc2ccc(cc2)OC(F)(F)F)cc1,tg,0
c1cc2c(C(=O)N(C2=O)c2c(ccc(c2)N2C(=O)c3c(C2=O)cc(cc3)C(=O)Nc2c(cc(cc2C)Cc2cc(c(c(c2)C)NC(=O))C)C)N=Nc2ccc(cc2)[N+](=O)[O-])cc1,tg,2
c1cc2c(C(=O)N(C2=O)c2c(ccc(c2)N2C(=O)c3c(C2=O)cc(cc3)C(=O)Nc2c(cc(cc2CC)Cc2cc(c(c(c2)CC)NC(=O))CC)CC)N=Nc2ccc(cc2)C)cc1,tg,1
c1cc2c(C(=O)N(C2=O)c2c(ccc(c2)N2C(=O)c3c(C2=O)cc(cc3)C(=O)Nc2ccc(cc2)Oc2ccc(cc2)C2(c3c(C(=O)N2)cccc3)c2ccc(cc2)Oc2ccc(cc2)NC(=O))C)cc1,tg,0
c1cc2c(C(=O)N(C2=O)c2c(ccc(c2)N2C(=O)c3c(C2=O)cc(cc3)C(=O)OCCN(CCOC(=O))c2ccc(cc2)N=Nc2ccc(cc2)C(=C(C#N)C#N)C#N)N=Nc2ccc(cc2)C(=C(C#N)C#N)C#N)cc1,tg,2
c1cc2c(C(=O)N(C2=O)c2c(ccc(c2)N2C(=O)c3c(C2=O)cc(cc3)C(=O)OCCN(CCOC(=O))c2ccccc2)N=Nc2ccccc2)cc1,tg,1
c1cc2c(C(=O)N(C2=O)c2c(ccc(c2)N2C(=O)c3c(C2=O)cc(cc3)C(=O)Oc2ccc(cc2)C(c2ccc(cc2)OC(=O))(C)C)O)cc1,tg,0
c1cc2c(C(=O)N(C2=O)c2c(ccc(c2)NC(=O)OCCN(CCOC(=O)Nc2c(ccc(c2)N2C(=O)c3c(C2=O)cc(cc3)C()(C(F)(F)F)C(F)(F)F)C)c2ccc(cc2)N=Nc2ccc(cc2)[N+](=O)[O-])C)cc1,tg,2
c1cc2c(C(=O)N(C2=O)c2c(ccc(c2)c2cc(c(cc2)O)N2C(=O)c3c(C2=O)cc(cc3)C()(C(F)(F)F)C(F)(F)F)O)cc1,tg,1
c1cc2c(C(=O)N(C2=O)c2c(cccc2)C(=O)c2c(cccc2)N2C(=O)c3c(C2=O)cc(cc3)C(=O))cc1,tg,0
c1cc2c(C(=O)N(C2=O)c2c(cccc2)C(=O)c2cc(ccc2)N2C(=O)c3c(C2=O)cc(cc3)C(=O))cc1,tg,2
c1cc2c(C(=O)N(C2=O)c2c(cccc2)C(=O)c2ccc(cc2)N2C(=O)c3c(C2=O)cc(cc3)C(=O))cc1,tg,1
c1cc2c(C(=O)N(C2=O)c2c(cccc2)Cc2c(cccc2)N2C(=O)c3c(C2=O)cc(cc3)C(=O))cc1,tg,0
c1cc2c(C(=O)N(C2=O)c2c(cccc2)Cc2ccc(cc2)N2C(=O)c3c(C2=O)cc(cc3)C(=O))cc1,tg,2
c1cc2c(C(=O)N(C2=O)c2c(cccc2)Oc2ccc(cc2)N2C(=O)c3c(C2=O)cc(cc3)C(=O))cc1,tg,1
c1cc2c(C(=O)N(C2=O)c2c(cccc2)c2ccc(cc2)N2C(=O)c3c(C2=O)cc(cc3)C(=O))cc1,tg,0
c1cc2c(C(=O)N(C2=O)c2c3c(c(cc2C)c2cc(c(c4c2cccc4)N2C(=O)c4c(C2=O)cc(cc4)C()(C(F)(F)F)C(F)(F)F)C)cccc3)cc1,tg,2
c1cc2c(C(=O)N(C2=O)c2c3c(ccc2)c(ccc3)N2C(=O)c3c(C2=O)cc(cc3)C()(C(F)(F)F)C(F)(F)F)cc1,tg,1
c1cc2c(C(=O)N(C2=O)c2c3c(ccc2)c(ccc3)N2C(=O)c3c(C2=O)cc(cc3)C(=O)Nc2c(c(cc(c2)C(c2cc(c(c(c2)NC(=O))C)C)(C(F)(F)F)C(F)(F)F)C)C)cc1,tg,0
c1cc2c(C(=O)N(C2=O)c2c3c(ccc2)c(ccc3)N2C(=O)c3c(C2=O)cc(cc3)C(=O)Nc2ccc(cc2)C(c2ccc(cc2)NC(=O))(C(F)(F)F)C(F)(F)F)cc1,tg,2
c1cc2c(C(=O)N(C2=O)c2c3c(ccc2)c(ccc3)Oc2ccc(cc2)N2C(=O)c3c(C2=O)cc(cc3)C(=O)Nc2c(cc(cc2)c2cc(c(cc2)NC(=O))OC)OC)cc1,tg,1
c1cc2c(C(=O)N(C2=O)c2c3c(ccc2)c(ccc3)Oc2ccc(cc2)N2C(=O)c3c(C2=O)cc(cc3)C(=O)Nc2ccc(cc2)Oc2ccc(cc2)NC(=O))cc1,tg,0
c1cc2c(C(=O)N(C2=O)c2c3c(ccc2)c(ccc3)Oc2ccc(cc2)N2C(=O)c3c(C2=O)cc(cc3)C(=O)Nc2ccc(cc2)c2ccc(cc2)NC(=O))cc1,tg,2
c1cc2c(C(=O)N(C2=O)c2c3c(ccc2)c(ccc3)Oc2ccc(cc2)N2C(=O)c3c(C2=O)cc(cc3)C(=O)Nc2ccc(cc2)c2nc(cc(c2)c2ccccc2)c2ccc(cc2)NC(=O))cc1,tg,1
c1cc2c(C(=O)N(C2=O)c2c3c(ccc2)c(ccc3)Oc2ccc(cc2)N2C(=O)c3c(C2=O)cc(cc3)C(=O)Nc2nc(ccc2)NC(=O))cc1,tg,0
c1cc2c(C(=O)N(C2=O)c2c3c(ccc2)c(ccc3)Oc2ccc(cc2)N2C(=O)c3c(C2=O)cc(cc3)C(=O)Nc2nc(nc(n2)NC(=O))c2ccccc2)cc1,tg,2
c1cc2c(C(=O)N(C2=O)c2cc(c(c(c2)Br)Oc2c(cc(cc2Br)N2C(=O)c3c(C2=O)cc(cc3)C(=O))Br)Br)cc1,tg,1
c1cc2c(C(=O)N(C2=O)c2cc(c(cc2)C(=O)Nc2ccc(cc2)C(c2ccc(cc2)NC(=O))(C(F)(F)F)C(F)(F)F)C)cc1,tg,0
c1cc2c(C(=O)N(C2=O)c2cc(c(cc2)Oc2c(cc(cc2)N2C(=O)c3c(C2=O)cc(cc3)C()(C(F)(F)F)C(F)(F)F)Br)Br)cc1,tg,2
c1cc2c(C(=O)N(C2=O)c2cc(c(cc2)Oc2c(cc(cc2)N2C(=O)c3c(C2=O)cc(cc3)C(=O))Br)Br)cc1,tg,1
c1cc2c(C(=O)N(C2=O)c2cc(c(cc2)Oc2c(cc(cc2)N2C(=O)c3c(C2=O)cc(cc3)C(=O))c2cc(c(c(c2)F)F)F)c2cc(c(c(c2)F)F)F)cc1,tg,0
c1cc2c(C(=O)N(C2=O)c2cc(c(cc2)Oc2c(cc(cc2)N2C(=O)c3c(C2=O)cc(cc3)C(=O)Nc2cc(c(cc2)Oc2c(cc(cc2)NC(=O))c2ccccc2)c2ccccc2)c2ccccc2)c2ccccc2)cc1,tg,2
c1cc2c(C(=O)N(C2=O)c2cc(c(cc2)Oc2c(cc(cc2)N2C(=O)c3c(C2=O)cc(cc3)C(=O)Nc2ccc(cc2)Oc2ccc(cc2)NC(=O))c2ccccc2)c2ccccc2)cc1,tg,1
c1cc2c(C(=O)N(C2=O)c2cc(c(cc2)Oc2c(cc(cc2C(C)(C)C)c2ccc(cc2)N2C(=O)c3c(C2=O)cc(cc3)C()(C(F)(F)F)C(F)(F)F)C(C)(C)C)C(F)(F)F)cc1,tg,0
c1cc2c(C(=O)N(C2=O)c2cc(c(cc2)Oc2c(cc(cc2C(C)(C)C)c2ccc(cc2)N2C(=O)c3c(C2=O)cc(cc3)C(=O))C(C)(C)C)C(F)(F)F)cc1,tg,2
c1cc2c(C(=O)N(C2=O)c2cc(c(cc2)Oc2c(cccc2)Oc2c(cc(cc2)N2C(=O)c3c(C2=O)cc(cc3)C()(C(F)(F)F)C(F)(F)F)C(F)(F)F)C(F)(F)F)cc1,tg,1
c1cc2c(C(=O)N(C2=O)c2cc(c(cc2)Oc2c(cccc2)Oc2c(cc(cc2)N2C(=O)c3c(C2=O)cc(cc3)C(=O))C(F)(F)F)C(F)(F)F)cc1,tg,0
c1cc2c(C(=O)N(C2=O)c2cc(c(cc2)Oc2ccc(cc2)C(=O)c2cc(ccc2)N2C(=O)c3c(C2=O)cc(cc3)C(=O))C(F)(F)F)cc1,tg,2
c1cc2c(C(=O)N(C2=O)c2cc(c(cc2)Oc2ccc(cc2)C(=O)c2nc(ccc2)C(=O)c2ccc(cc2)Oc2c(cc(cc2)N2C(=O)c3c(C2=O)cc(cc3)C()(C(F)(F)F)C(F)(F)F)C(F)(F)F)C(F)(F)F)cc1,tg,1
c1cc2c(C(=O)N(C2=O)c2cc(c(cc2)Oc2ccc(cc2)C(=O)c2nc(ccc2)C(=O)c2ccc(cc2)Oc2c(cc(cc2)N2C(=O)c3c(C2=O)cc(cc3)C(=O))C(F)(F)F)C(F)(F)F)cc1,tg,0
c1cc2c(C(=O)N(C2=O)c2cc(c(cc2)Oc2ccc(cc2)C(c2ccc(cc2)Oc2c(cc(cc2)N2C(=O)c3c(C2=O)cc(cc3)C(=O))C(F)(F)F)(C(F)(F)F)C(F)(F)F)C(F)(F)F)cc1,tg,2
c1cc2c(C(=O)N(C2=O)c2cc(c(cc2)Oc2ccc(cc2)N2C(=O)c3c(C2=O)cc(cc3)C()(C(F)(F)F)C(F)(F)F)O)cc1,tg,1
c1cc2c(C(=O)N(C2=O)c2cc(c(cc2)Oc2ccc(cc2)N2C(=O)c3c(C2=O)cc(cc3)C()(C(F)(F)F)C(F)(F)F)OCCN(c2ccc(cc2)N=Nc2ccc(cc2)[N+](=O)[O-])CC)cc1,tg,0
c1cc2c(C(=O)N(C2=O)c2cc(c(cc2)Oc2ccc(cc2)Oc2ccc(cc2)N2C(=O)c3c(C2=O)cc(cc3)C()(C(F)(F)F)C(F)(F)F)C(F)(F)F)cc1,tg,2
c1cc2c(C(=O)N(C2=O)c2cc(c(cc2)c2c(cc(cc2)N2C(=O)c3c(C2=O)cc(cc3)C()(C(F)(F)F)C(F)(F)F)C(F)(F)F)C(F)(F)F)cc1,tg,1
c1cc2c(C(=O)N(C2=O)c2cc(c(cc2)c2c(cc(cc2)N2C(=O)c3c(C2=O)cc(cc3)C(=O))C)C)cc1,tg,0
c1cc2c(C(=O)N(C2=O)c2cc(c(cc2)c2c(cc(cc2)N2C(=O)c3c(C2=O)cc(cc3)C(=O)Oc2c(ccc(c2)OC(=O))C23CC4CC(CC(C2)C4)C3)C)C)cc1,tg,2
c1cc2c(C(=O)N(C2=O)c2cc(c(cc2)c2c(cc(cc2)N2C(=O)c3c(C2=O)cc(cc3)C(=O)Oc2cc(c(cc2)c2c(cc(cc2)OC(=O))C)C)C)C)cc1,tg,1
c1cc2c(C(=O)N(C2=O)c2cc(c(cc2)c2c(cc(cc2)N2C(=O)c3c(C2=O)cc(cc3)C(=O)Oc2ccc(cc2)C(c2ccc(cc2)OC(=O))(C)C)C)C)cc1,tg,0
c1cc2c(C(=O)N(C2=O)c2cc(c(cc2)c2c(cc(cc2)N2C(=O)c3c(C2=O)cc(cc3)C(=O)Oc2ccc(cc2)C2(C3C4C(CCC4)C(C2)C3)c2ccc(cc2)OC(=O))C)C)cc1,tg,2
c1cc2c(C(=O)N(C2=O)c2cc(c(cc2)c2c(cc(cc2)N2C(=O)c3c(C2=O)cc(cc3)C(=O)Oc2ccc(cc2)C2(C3CC4CC(CC2C4)C3)c2ccc(cc2)OC(=O))C)C)cc1,tg,1
c1cc2c(C(=O)N(C2=O)c2cc(c(cc2)c2c(cc(cc2)N2C(=O)c3c(C2=O)cc(cc3)C(=O)Oc2ccc(cc2)C2(CCC(CC2)C(C)(C)C)c2ccc(cc2)OC(=O))C)C)cc1,tg,0
c1cc2c(C(=O)N(C2=O)c2cc(cc(c2)C(=O)O)N2C(=O)c3c(C2=O)cc(cc3)C(=O))cc1,tg,2
c1cc2c(C(=O)N(C2=O)c2cc(cc(c2)C(=O)c2ccccc2)N2C(=O)c3c(C2=O)cc(cc3)C(=O))cc1,tg,1
c1cc2c(C(=O)N(C2=O)c2cc(cc(c2)C(C)(C)C)N2C(=O)c3c(C2=O)cc(c(c3)Cl)C(=O))cc1Cl,tg,0
c1cc2c(C(=O)N(C2=O)c2cc(cc(c2)C(F)(F)F)N2C(=O)c3c(C2=O)cc(c(c3)Cl)C(=O))cc1Cl,tg,2
c1cc2c(C(=O)N(C2=O)c2cc(cc(c2)C(F)(F)F)N2C(=O)c3c(C2=O)cc(cc3)C()(C(F)(F)F)C(F)(F)F)cc1,tg,1
c1cc2c(C(=O)N(C2=O)c2cc(cc(c2)C(F)(F)F)N2C(=O)c3c(C2=O)cc(cc3)C(=O))cc1,tg,0
c1cc2c(C(=O)N(C2=O)c2cc(cc(c2)OCCCC)N2C(=O)c3c(C2=O)cc(cc3)C(=O))cc1,tg,2
c1cc2c(C(=O)N(C2=O)c2cc(cc(c2)OCCCCCCCC)N2C(=O)c3c(C2=O)cc(cc3)C()(C(F)(F)F)C(F)(F)F)cc1,tg,1
c1cc2c(C(=O)N(C2=O)c2cc(cc(c2)OCCCCCCCC)N2C(=O)c3c(C2=O)cc(cc3)C(=O))cc1,tg,0
c1cc2c(C(=O)N(C2=O)c2cc(cc(c2)OCCCCCCCCCCCC)N2C(=O)c3c(C2=O)cc(cc3)C()(C(F)(F)F)C(F)(F)F)cc1,tg,2
c1cc2c(C(=O)N(C2=O)c2cc(cc(c2)OCCCCCCCCCCCCCCCC)N2C(=O)c3c(C2=O)cc(cc3)C(=O))cc1,tg,1
c1cc2c(C(=O)N(C2=O)c2cc(cc(c2)OCCN(c2ccc(cc2)N=Nc2ccc(cc2)[N+](=O)[O-])CC)N2C(=O)c3c(C2=O)cc(cc3)C()(C(F)(F)F)C(F)(F)F)cc1,tg,0
c1cc2c(C(=O)N(C2=O)c2cc(cc(c2)c2c(=O)oc3c(cccc3)n2)N2C(=O)c3c(C2=O)cc(cc3)C(=O))cc1,tg,2
c1cc2c(C(=O)N(C2=O)c2cc(cc(c2)c2nc3c([nH]2)cccc3)N2C(=O)c3c(C2=O)cc(cc3)C(=O))cc1,tg,1
c1cc2c(C(=O)N(C2=O)c2cc(cc(c2)c2oc(nn2)c2ncccc2)N2C(=O)c3c(C2=O)cc(cc3)C(=O)Nc2cc(cc(c2)c2oc(nn2)c2ncccc2)NC(=O))cc1,tg,0
c1cc2c(C(=O)N(C2=O)c2cc(cc(c2)c2oc(nn2)c2ncccc2)N2C(=O)c3c(C2=O)cc(cc3)C(=O)Nc2cc(ccc2)S(=O)(=O)c2cc(ccc2)NC(=O))cc1,tg,2
c1cc2c(C(=O)N(C2=O)c2cc(cc(c2)c2oc3c(n2)cccc3)N2C(=O)c3c(C2=O)cc(cc3)C(=O)Nc2cc(cc(c2)c2nc3c([nH]2)cccc3)NC(=O))cc1,tg,1
c1cc2c(C(=O)N(C2=O)c2cc(cc(c2)c2oc3c(n2)cccc3)N2C(=O)c3c(C2=O)cc(cc3)C(=O)Nc2ccc(cc2)S(=O)(=O)c2ccc(cc2)NC(=O))cc1,tg,0
c1cc2c(C(=O)N(C2=O)c2cc(cc(c2)c2oc3c(n2)cccc3)N2C(=O)c3c(C2=O)cc(cc3)C(=O)Nc2nc(ccc2)NC(=O))cc1,tg,2
c1cc2c(C(=O)N(C2=O)c2cc(cc(c2)c2sc3c(n2)cccc3)N2C(=O)c3c(C2=O)cc(cc3)C(=O)Nc2cc(cc(c2)c2nc3c([nH]2)cccc3)NC(=O))cc1,tg,1
c1cc2c(C(=O)N(C2=O)c2cc(cc(c2)c2sc3c(n2)cccc3)N2C(=O)c3c(C2=O)cc(cc3)C(=O)Nc2ccc(cc2)NC(=O))cc1,tg,0
c1cc2c(C(=O)N(C2=O)c2cc(cc(c2)c2sc3c(n2)cccc3)N2C(=O)c3c(C2=O)cc(cc3)C(=O)Nc2ccc(cc2)S(=O)(=O)c2ccc(cc2)NC(=O))cc1,tg,2
c1cc2c(C(=O)N(C2=O)c2cc(cc(c2)c2sc3c(n2)cccc3)N2C(=O)c3c(C2=O)cc(cc3)C(=O)Nc2nc(ccc2)NC(=O))cc1,tg,1
c1cc2c(C(=O)N(C2=O)c2cc(ccc2)C#Cc2cc(ccc2)N2C(=O)c3c(C2=O)cc(cc3)C(=O))cc1,tg,0
c1cc2c(C(=O)N(C2=O)c2cc(ccc2)C#Cc2cc(ccc2)NC(=O))cc1,tg,2
c1cc2c(C(=O)N(C2=O)c2cc(ccc2)C(=O)NCCN(CCNC(=O))c2ccc(cc2)C=Cc2ccc(cc2)[N+](=O)[O-])cc1,tg,1
c1cc2c(C(=O)N(C2=O)c2cc(ccc2)C(=O)Nc2ccc(cc2)C(c2ccc(cc2)NC(=O)c2cc(ccc2)N2C(=O)c3c(C2=O)cc(cc3)C()(C(F)(F)F)C(F)(F)F)(C(F)(F)F)C(F)(F)F)cc1,tg,0
c1cc2c(C(=O)N(C2=O)c2cc(ccc2)C(=O)Nc2ccc(cc2)NC(=O)c2ccc(cc2)NC(=O)c2cc(ccc2)N2C(=O)c3c(C2=O)cc(cc3)C()(C(F)(F)F)C(F)(F)F)cc1,tg,2
c1cc2c(C(=O)N(C2=O)c2cc(ccc2)C(=O)Nc2ccc(cc2)Oc2c(cccc2)Oc2ccc(cc2)NC(=O)c2cc(ccc2)N2C(=O)c3c(C2=O)cc(cc3)C()(C(F)(F)F)C(F)(F)F)cc1,tg,1
c1cc2c(C(=O)N(C2=O)c2cc(ccc2)C(=O)Nc2ccc(cc2)Oc2ccc(cc2)C(c2ccc(cc2)Oc2ccc(cc2)NC(=O)c2cc(ccc2)N2C(=O)c3c(C2=O)cc(cc3)C()(C(F)(F)F)C(F)(F)F)(C(F)(F)F)C(F)(F)F)cc1,tg,0
c1cc2c(C(=O)N(C2=O)c2cc(ccc2)C(=O)Nc2ccc(cc2)Oc2ccc(cc2)C(c2ccc(cc2)Oc2ccc(cc2)NC(=O)c2cc(ccc2)N2C(=O)c3c(C2=O)cc(cc3)C()(C(F)(F)F)C(F)(F)F)(C)C)cc1,tg,2
c1cc2c(C(=O)N(C2=O)c2cc(ccc2)C(=O)Nc2ccc(cc2)Oc2ccc(cc2)NC(=O)c2cc(ccc2)N2C(=O)c3c(C2=O)cc(cc3)C()(C(F)(F)F)C(F)(F)F)cc1,tg,1
c1cc2c(C(=O)N(C2=O)c2cc(ccc2)C(=O)Nc2ccc(cc2)Oc2ccc(cc2)Oc2ccc(cc2)NC(=O)c2cc(ccc2)N2C(=O)c3c(C2=O)cc(cc3)C()(C(F)(F)F)C(F)(F)F)cc1,tg,0
c1cc2c(C(=O)N(C2=O)c2cc(ccc2)C(=O)Nc2ccc(cc2)c2ccc(cc2)NC(=O)c2cc(ccc2)N2C(=O)c3c(C2=O)cc(cc3)C()(C(F)(F)F)C(F)(F)F)cc1,tg,2
c1cc2c(C(=O)N(C2=O)c2cc(ccc2)C(=O)OCCOC(=O))cc1,tg,1
c1cc2c(C(=O)N(C2=O)c2cc(ccc2)C(=O)c2ccc(cc2)Cc2cc(ccc2)N2C(=O)c3c(C2=O)cc(cc3)C(=O))cc1,tg,0
c1cc2c(C(=O)N(C2=O)c2cc(ccc2)C(=O)c2ccc(cc2)Cc2ccc(cc2)C(=O)c2cc(ccc2)N2C(=O)c3c(C2=O)cc(cc3)C(=O))cc1,tg,2
c1cc2c(C(=O)N(C2=O)c2cc(ccc2)C(=O)c2ccc(cc2)Cc2ccc(cc2)N2C(=O)c3c(C2=O)cc(cc3)C(=O))cc1,tg,1
c1cc2c(C(=O)N(C2=O)c2cc(ccc2)C(=O)c2ccc(cc2)N2C(=O)c3c(C2=O)cc(cc3)C(=O))cc1,tg,0
c1cc2c(C(=O)N(C2=O)c2cc(ccc2)C(C(C(C(C(c2cc(ccc2)N2C(=O)c3c(C2=O)cc(cc3)C(C(C()(F)F)(F)F)(F)F)(F)F)(F)F)(F)F)(F)F)(F)F)cc1,tg,2
c1cc2c(C(=O)N(C2=O)c2cc(ccc2)C(C(C(C(C(c2cc(ccc2)N2C(=O)c3c(C2=O)cc(cc3)C(C(C(C()(F)F)(F)F)(F)F)(F)F)(F)F)(F)F)(F)F)(F)F)(F)F)cc1,tg,1
c1cc2c(C(=O)N(C2=O)c2cc(ccc2)C(C(C(C(C(c2cc(ccc2)N2C(=O)c3c(C2=O)cc(cc3)C(C(C(C(C(C(C()(F)F)(F)F)(F)F)(F)F)(F)F)(F)F)(F)F)(F)F)(F)F)(F)F)(F)F)(F)F)cc1,tg,0
c1cc2c(C(=O)N(C2=O)c2cc(ccc2)C(C(C(c2cc(ccc2)N2C(=O)c3c(C2=O)cc(cc3)C(C(C()(F)F)(F)F)(F)F)(F)F)(F)F)(F)F)cc1,tg,2
c1cc2c(C(=O)N(C2=O)c2cc(ccc2)C(C(C(c2cc(ccc2)N2C(=O)c3c(C2=O)cc(cc3)C(C(C(C()(F)F)(F)F)(F)F)(F)F)(F)F)(F)F)(F)F)cc1,tg,1
c1cc2c(C(=O)N(C2=O)c2cc(ccc2)C(c2cc(ccc2)N2C(=O)c3c(C2=O)cc(cc3)C()(C(F)(F)F)C(F)(F)F)(C(F)(F)F)C(F)(F)F)cc1,tg,0
c1cc2c(C(=O)N(C2=O)c2cc(ccc2)C(c2cc(ccc2)N2C(=O)c3c(C2=O)cc(cc3)C()(C(F)(F)F)C(F)(F)F)(c2ccccc2)C(F)(F)F)cc1,tg,2
c1cc2c(C(=O)N(C2=O)c2cc(ccc2)C(c2cc(ccc2)N2C(=O)c3c(C2=O)cc(cc3)C()(C(F)(F)F)C(F)(F)F)O)cc1,tg,1
c1cc2c(C(=O)N(C2=O)c2cc(ccc2)C(c2cc(ccc2)N2C(=O)c3c(C2=O)cc(cc3)C(=O))O)cc1,tg,0
c1cc2c(C(=O)N(C2=O)c2cc(ccc2)C(c2ccc(cc2)N2C(=O)c3c(C2=O)cc(cc3)C()(C(F)(F)F)C(F)(F)F)(C)C)cc1,tg,2
c1cc2c(C(=O)N(C2=O)c2cc(ccc2)C=CC(=O)Nc2cc(ccc2)NC(=O))cc1,tg,1
c1cc2c(C(=O)N(C2=O)c2cc(ccc2)Cc2cc(ccc2)N2C(=O)c3c(C2=O)cc(cc3)C(=O))cc1,tg,0
c1cc2c(C(=O)N(C2=O)c2cc(ccc2)Cc2ccc(cc2)Cc2cc(ccc2)N2C(=O)c3c(C2=O)cc(cc3)C(=O))cc1,tg,2
c1cc2c(C(=O)N(C2=O)c2cc(ccc2)Cc2ccc(cc2)Cc2ccc(cc2)Cc2cc(ccc2)N2C(=O)c3c(C2=O)cc(cc3)C(=O))cc1,tg,1
c1cc2c(C(=O)N(C2=O)c2cc(ccc2)N2C(=O)c3c(C2=O)cc(c(c3)Cl)C(=O))cc1Cl,tg,0
c1cc2c(C(=O)N(C2=O)c2cc(ccc2)N2C(=O)c3c(C2=O)cc(cc3)C()(C(F)(F)F)C(F)(F)F)cc1,tg,2
c1cc2c(C(=O)N(C2=O)c2cc(ccc2)N2C(=O)c3c(C2=O)cc(cc3)C(=O))cc1,tg,1
c1cc2c(C(=O)N(C2=O)c2cc(ccc2)N2C(=O)c3c(C2=O)cc(cc3)C(=O)Nc2cc(cc(c2)c2nc3c([nH]2)cccc3)NC(=O))cc1,tg,0
c1cc2c(C(=O)N(C2=O)c2cc(ccc2)N2C(=O)c3c(C2=O)cc(cc3)C(=O)Nc2ccc(cc2)C2(c3ccccc3c3ccccc23)c2ccc(cc2)NC(=O))cc1,tg,2
c1cc2c(C(=O)N(C2=O)c2cc(ccc2)N2C(=O)c3c(C2=O)cc(cc3)C(=O)Nc2ccc(cc2)NC(=O))cc1,tg,1
c1cc2c(C(=O)N(C2=O)c2cc(ccc2)N2C(=O)c3c(C2=O)cc(cc3)C(=O)Nc2ccc(cc2)Oc2c(cccc2)c2c(cccc2)Oc2ccc(cc2)NC(=O))cc1,tg,0
c1cc2c(C(=O)N(C2=O)c2cc(ccc2)N2C(=O)c3c(C2=O)cc(cc3)C(=O)Nc2ccc(cc2)Oc2ccc(cc2)c2ccc(cc2)Oc2ccc(cc2)NC(=O))cc1,tg,2
c1cc2c(C(=O)N(C2=O)c2cc(ccc2)N2C(=O)c3c(C2=O)cc(cc3)C(=O)Nc2ccc(cc2)S(=O)(=O)c2ccc(cc2)NC(=O))cc1,tg,1
c1cc2c(C(=O)N(C2=O)c2cc(ccc2)N2C(=O)c3c(C2=O)cc(cc3)C(=O)OCCN(CCOC(=O))c2ccc(cc2)N=Nc2ccc(cc2)F)cc1,tg,0
c1cc2c(C(=O)N(C2=O)c2cc(ccc2)N2C(=O)c3c(C2=O)cc(cc3)C(=O)OCCN(CCOC(=O))c2ccc(cc2)N=Nc2ccc(cc2)[N+](=O)[O-])cc1,tg,2
c1cc2c(C(=O)N(C2=O)c2cc(ccc2)N2C(=O)c3c(C2=O)cc(cc3)C(=O)Oc2ccc(cc2)C(c2ccc(cc2)OC(=O))(C)C)cc1,tg,1
c1cc2c(C(=O)N(C2=O)c2cc(ccc2)N2C(=O)c3c(C2=O)cc(cc3)C(=O)c2cc(cc(c2)C(C)(C)C)C(=O))cc1,tg,0
c1cc2c(C(=O)N(C2=O)c2cc(ccc2)N2C(=O)c3c(C2=O)cc(cc3)C(=O)c2cc(cc(c2)c2ccccc2)C(=O))cc1,tg,2
c1cc2c(C(=O)N(C2=O)c2cc(ccc2)N2C(=O)c3c(C2=O)cc(cc3)C(=O)c2cc(ccc2)C(=O))cc1,tg,1
c1cc2c(C(=O)N(C2=O)c2cc(ccc2)NC(=O)C(C(C(C(C(=O)Nc2cc(ccc2)N2C(=O)c3c(C2=O)cc(cc3)C()(C(F)(F)F)C(F)(F)F)(F)F)(F)F)(F)F)(F)F)cc1,tg,0
c1cc2c(C(=O)N(C2=O)c2cc(ccc2)NC(=O)c2cc(ccc2)C(=O)Nc2cc(ccc2)N2C(=O)c3c(C2=O)cc(cc3)C(=O))cc1,tg,2
c1cc2c(C(=O)N(C2=O)c2cc(ccc2)NC(=O)c2cc(ccc2)N2C(=O)c3c(C2=O)cc(cc3)C(=O))cc1,tg,1
c1cc2c(C(=O)N(C2=O)c2cc(ccc2)NC(=O)c2ccc(cc2)N2C(=O)c3c(C2=O)cc(cc3)C(=O))cc1,tg,0
c1cc2c(C(=O)N(C2=O)c2cc(ccc2)Nc2nc(nc(n2)Nc2cc(ccc2)N2C(=O)c3c(C2=O)cc(cc3)C(=O))N(C)C)cc1,tg,2
c1cc2c(C(=O)N(C2=O)c2cc(ccc2)Nc2nc(nc(n2)Nc2cc(ccc2)N2C(=O)c3c(C2=O)cc(cc3)C(=O))N(c2ccccc2)c2ccccc2)cc1,tg,1
c1cc2c(C(=O)N(C2=O)c2cc(ccc2)Nc2nc(nc(n2)Nc2cc(ccc2)N2C(=O)c3c(C2=O)cc(cc3)C(=O))c2ccccc2)cc1,tg,0
c1cc2c(C(=O)N(C2=O)c2cc(ccc2)OCCOCCOc2cc(ccc2)N2C(=O)c3c(C2=O)cc(cc3)C(=O))cc1,tg,2
c1cc2c(C(=O)N(C2=O)c2cc(ccc2)OCCOc2cc(ccc2)N2C(=O)c3c(C2=O)cc(cc3)C(=O))cc1,tg,1
c1cc2c(C(=O)N(C2=O)c2cc(ccc2)OP(=O)(Oc2cc(ccc2)N2C(=O)c3c(C2=O)cc(cc3)C(=O))c2ccccc2)cc1,tg,0
c1cc2c(C(=O)N(C2=O)c2cc(ccc2)Oc2cc(ccc2)N2C(=O)c3c(C2=O)cc(cc3)C()(C(F)(F)F)C(F)(F)F)cc1,tg,2
c1cc2c(C(=O)N(C2=O)c2cc(ccc2)Oc2ccc(cc2)N2C(=O)c3c(C2=O)cc(cc3)C()(C(F)(F)F)C(F)(F)F)cc1,tg,1
c1cc2c(C(=O)N(C2=O)c2cc(ccc2)Oc2ccc(cc2)N2C(=O)c3c(C2=O)cc(cc3)C(=O)Nc2cc(ccc2)Oc2ccc(cc2)NC(=O))cc1,tg,0
c1cc2c(C(=O)N(C2=O)c2cc(ccc2)Oc2ccc(cc2)N2C(=O)c3c(C2=O)cc(cc3)C(=O)Nc2ccc(cc2)Oc2ccc(cc2)C(c2ccc(cc2)Oc2ccc(cc2)NC(=O))(C)C)cc1,tg,2
c1cc2c(C(=O)N(C2=O)c2cc(ccc2)Oc2ccc(cc2)N2C(=O)c3c(C2=O)cc(cc3)C(=O)Nc2ccc(cc2)Oc2ccc(cc2)C2(c3c(C(=O)N2)cccc3)c2ccc(cc2)Oc2ccc(cc2)NC(=O))cc1,tg,1
c1cc2c(C(=O)N(C2=O)c2cc(ccc2)Oc2ccc(cc2)N2C(=O)c3c(C2=O)cc(cc3)c2c(c(c(c(c2c2ccccc2)c2ccccc2)c2ccc(cc2)Oc2ccc(cc2)c2c(c(c(c(c2c2ccccc2)c2ccccc2))c2ccccc2)c2ccccc2)c2ccccc2)c2ccccc2)cc1,tg,0
c1cc2c(C(=O)N(C2=O)c2cc(ccc2)Oc2ccc(cc2)Oc2cc(ccc2)N2C(=O)c3c(C2=O)cc(cc3)C()(C(F)(F)F)C(F)(F)F)cc1,tg,2
c1cc2c(C(=O)N(C2=O)c2cc(ccc2)Oc2ccc(cc2)P(=O)(c2ccc(cc2)Oc2cc(ccc2)N2C(=O)c3c(C2=O)cc(cc3)C()(C(F)(F)F)C(F)(F)F)c2ccccc2)cc1,tg,1
c1cc2c(C(=O)N(C2=O)c2cc(ccc2)P(=O)(c2cc(ccc2)N2C(=O)c3c(C2=O)cc(cc3)C()(C(F)(F)F)C(F)(F)F)c2ccc(cc2)C(F)(F)F)cc1,tg,0
c1cc2c(C(=O)N(C2=O)c2cc(ccc2)P(=O)(c2cc(ccc2)N2C(=O)c3c(C2=O)cc(cc3)C()(C(F)(F)F)C(F)(F)F)c2ccc(cc2)Oc2ccc(cc2)C23CC4CC(CC(C2)C4)C3)cc1,tg,2
c1cc2c(C(=O)N(C2=O)c2cc(ccc2)P(=O)(c2cc(ccc2)N2C(=O)c3c(C2=O)cc(cc3)C(=O))c2ccc(cc2)Oc2ccc(cc2)C23CC4CC(CC(C2)C4)C3)cc1,tg,1
c1cc2c(C(=O)N(C2=O)c2cc(ccc2)P(=O)(c2cc(ccc2)N2C(=O)c3c(C2=O)cc(cc3)C(=O))c2ccccc2)cc1,tg,0
c1cc2c(C(=O)N(C2=O)c2cc(ccc2)P(=O)(c2cc(ccc2)N2C(=O)c3c(C2=O)cc(cc3)C(=O)Nc2ccc(cc2)Cc2ccc(cc2)NC(=O))c2ccccc2)cc1,tg,2
c1cc2c(C(=O)N(C2=O)c2cc(ccc2)P(=O)(c2cc(ccc2)N2C(=O)c3c(C2=O)cc(cc3)C(=O)Nc2ccc(cc2)Oc2ccc(cc2)NC(=O))c2ccccc2)cc1,tg,1
c1cc2c(C(=O)N(C2=O)c2cc(ccc2)P(=O)(c2cc(ccc2)N2C(=O)c3c(C2=O)cc(cc3)C(=O)Nc2ccc(cc2)c2ccc(cc2)NC(=O))c2ccccc2)cc1,tg,0
c1cc2c(C(=O)N(C2=O)c2cc(ccc2)P(=O)(c2cc(ccc2)N2C(=O)c3c(C2=O)cc(cc3)C(=O)Nc2ccc(cc2)c2nc(cc(c2)c2ccccc2)c2ccc(cc2)NC(=O))c2ccccc2)cc1,tg,2
c1cc2c(C(=O)N(C2=O)c2cc(ccc2)P(=O)(c2cc(ccc2)N2C(=O)c3c(C2=O)cc(cc3)C(=O)Nc2nc(ccc2)NC(=O))c2ccccc2)cc1,tg,1
c1cc2c(C(=O)N(C2=O)c2cc(ccc2)S(=O)(=O)c2cc(ccc2)N2C(=O)c3c(C2=O)cc(cc3)C()(C(F)(F)F)C(F)(F)F)cc1,tg,0
c1cc2c(C(=O)N(C2=O)c2cc3C(=O)c4c(c3cc2)ccc(c4)N2C(=O)c3c(C2=O)cc(cc3)C(=O))cc1,tg,2
c1cc2c(C(=O)N(C2=O)c2cc3Cc4c(c3cc2)ccc(c4)N2C(=O)c3c(C2=O)cc(cc3)C()(C(F)(F)F)C(F)(F)F)cc1,tg,1
c1cc2c(C(=O)N(C2=O)c2cc3Cc4c(c3cc2)ccc(c4)N2C(=O)c3c(C2=O)cc(cc3)C(=O))cc1,tg,0
c1cc2c(C(=O)N(C2=O)c2cc3c(C(CC3(c3ccc(cc3)N3C(=O)c4c(C3=O)cc(cc4)C(=O))C)(C)C)cc2)cc1,tg,2
c1cc2c(C(=O)N(C2=O)c2ccc(cc2)C(=O)NC2CCC(CC2)CC2CCC(CC2)NC(=O))cc1,tg,1
c1cc2c(C(=O)N(C2=O)c2ccc(cc2)C(=O)NCCN(CCNC(=O))c2ccc(cc2)C=Cc2ccc(cc2)[N+](=O)[O-])cc1,tg,0
c1cc2c(C(=O)N(C2=O)c2ccc(cc2)C(=O)NCCNC(=O))cc1,tg,2
c1cc2c(C(=O)N(C2=O)c2ccc(cc2)C(=O)Nc2cc(ccc2)Oc2ccc(cc2)S(=O)(=O)c2ccc(cc2)Oc2cc(ccc2)NC(=O))cc1,tg,1
c1cc2c(C(=O)N(C2=O)c2ccc(cc2)C(=O)Nc2ccc(cc2)C(=O)OCCCCCCCCCCCCOC(=O))cc1,tg,0
c1cc2c(C(=O)N(C2=O)c2ccc(cc2)C(=O)Nc2ccc(cc2)C(=O)OCCCCCCCCCCOC(=O))cc1,tg,2
c1cc2c(C(=O)N(C2=O)c2ccc(cc2)C(=O)Nc2ccc(cc2)C(=O)OCCCCCCCCOC(=O))cc1,tg,1
c1cc2c(C(=O)N(C2=O)c2ccc(cc2)C(=O)Nc2ccc(cc2)C(=O)OCCCCCCCOC(=O))cc1,tg,0
c1cc2c(C(=O)N(C2=O)c2ccc(cc2)C(=O)Nc2ccc(cc2)Cc2ccc(cc2)NC(=O))cc1,tg,2
c1cc2c(C(=O)N(C2=O)c2ccc(cc2)C(=O)Nc2ccc(cc2)NC(=O))cc1,tg,1
c1cc2c(C(=O)N(C2=O)c2ccc(cc2)C(=O)Nc2ccc(cc2)Oc2cc(ccc2)Oc2ccc(cc2)NC(=O)c2ccc(cc2)N2C(=O)c3c(C2=O)cc(cc3)C()(C(F)(F)F)C(F)(F)F)cc1,tg,0
c1cc2c(C(=O)N(C2=O)c2ccc(cc2)C(=O)Nc2ccc(cc2)Oc2ccc(cc2)C(c2ccc(cc2)Oc2ccc(cc2)NC(=O))(C)C)cc1,tg,2
c1cc2c(C(=O)N(C2=O)c2ccc(cc2)C(=O)Nc2ccc(cc2)Oc2ccc(cc2)C(c2ccc(cc2)Oc2ccc(cc2)NC(=O)c2ccc(cc2)N2C(=O)c3c(C2=O)cc(cc3)C()(C(F)(F)F)C(F)(F)F)(C(F)(F)F)C(F)(F)F)cc1,tg,1
c1cc2c(C(=O)N(C2=O)c2ccc(cc2)C(=O)Nc2ccc(cc2)Oc2ccc(cc2)C(c2ccc(cc2)Oc2ccc(cc2)NC(=O)c2ccc(cc2)N2C(=O)c3c(C2=O)cc(cc3)C()(C(F)(F)F)C(F)(F)F)(C)C)cc1,tg,0
c1cc2c(C(=O)N(C2=O)c2ccc(cc2)C(=O)Nc2ccc(cc2)Oc2ccc(cc2)NC(=O))cc1,tg,2
c1cc2c(C(=O)N(C2=O)c2ccc(cc2)C(=O)Nc2ccc(cc2)Oc2ccc(cc2)NC(=O)c2ccc(cc2)NC(=O)Nc2ccc(cc2)Cc2ccc(cc2)NC(=O)Nc2ccc(cc2)C(=O)Nc2ccc(cc2)Oc2ccc(cc2)NC(=O)c2ccc(cc2)N2C(=O)c3c(C2=O)cc(cc3)C(=O))cc1,tg,1
c1cc2c(C(=O)N(C2=O)c2ccc(cc2)C(=O)Nc2ccc(cc2)Oc2ccc(cc2)c2ccc(cc2)Oc2ccc(cc2)NC(=O)c2ccc(cc2)N2C(=O)c3c(C2=O)cc(cc3)C()(C(F)(F)F)C(F)(F)F)cc1,tg,0
c1cc2c(C(=O)N(C2=O)c2ccc(cc2)C(=O)Nc2ccc(cc2)S(=O)(=O)c2ccc(cc2)NC(=O))cc1,tg,2
c1cc2c(C(=O)N(C2=O)c2ccc(cc2)C(=O)OCCCCCCCCCCCCCCCCCCCCCCOC(=O))cc1,tg,1
c1cc2c(C(=O)N(C2=O)c2ccc(cc2)C(=O)OCCCCCOC(=O))cc1,tg,0
c1cc2c(C(=O)N(C2=O)c2ccc(cc2)C(=O)OCCCSCCCCSCCCOC(=O))cc1,tg,2
c1cc2c(C(=O)N(C2=O)c2ccc(cc2)C(=O)OCCOC(=O))cc1,tg,1
c1cc2c(C(=O)N(C2=O)c2ccc(cc2)C(=O)OCCOCCOC(=O))cc1,tg,0
c1cc2c(C(=O)N(C2=O)c2ccc(cc2)C(=O)OCCOCCOCCOC(=O))cc1,tg,2
c1cc2c(C(=O)N(C2=O)c2ccc(cc2)C(=O)OCCOCCOCCOCCOC(=O))cc1,tg,1
c1cc2c(C(=O)N(C2=O)c2ccc(cc2)C(=O)c2cc(ccc2)C(=O)c2ccc(cc2)N2C(=O)c3c(C2=O)cc(cc3)C(=O))cc1,tg,0
c1cc2c(C(=O)N(C2=O)c2ccc(cc2)C(=O)c2ccc(cc2)C(=O)c2ccc(cc2)N2C(=O)c3c(C2=O)cc(cc3)C(=O))cc1,tg,2
c1cc2c(C(=O)N(C2=O)c2ccc(cc2)C(=O)c2ccc(cc2)Cc2ccc(cc2)C(=O)c2ccc(cc2)N2C(=O)c3c(C2=O)cc(cc3)C(=O))cc1,tg,1
c1cc2c(C(=O)N(C2=O)c2ccc(cc2)C(=O)c2ccc(cc2)N2C(=O)c3c(C2=O)cc(cc3)C(=O))cc1,tg,0
c1cc2c(C(=O)N(C2=O)c2ccc(cc2)C(c2cc(ccc2)C(c2ccc(cc2)N2C(=O)c3c(C2=O)cc(cc3)C(=O))(C)C)(C)C)cc1,tg,2
c1cc2c(C(=O)N(C2=O)c2ccc(cc2)C(c2ccc(cc2)C(c2ccc(cc2)N2C(=O)c3c(C2=O)cc(cc3)C()(C(F)(F)F)C(F)(F)F)(C)C)(C)C)cc1,tg,1
c1cc2c(C(=O)N(C2=O)c2ccc(cc2)C(c2ccc(cc2)N2C(=O)c3c(C2=O)cc(cc3)C()(C(F)(F)F)C(F)(F)F)(C(F)(F)F)C(F)(F)F)cc1,tg,0
c1cc2c(C(=O)N(C2=O)c2ccc(cc2)C(c2ccc(cc2)N2C(=O)c3c(C2=O)cc(cc3)C()(C(F)(F)F)C(F)(F)F)(C)C)cc1,tg,2
c1cc2c(C(=O)N(C2=O)c2ccc(cc2)C(c2ccc(cc2)N2C(=O)c3c(C2=O)cc(cc3)C()(C(F)(F)F)C(F)(F)F)(c2ccccc2)C(F)(F)F)cc1,tg,1
c1cc2c(C(=O)N(C2=O)c2ccc(cc2)C(c2ccc(cc2)N2C(=O)c3c(C2=O)cc(cc3)C(=O))(C(F)(F)F)C(F)(F)F)cc1,tg,0
c1cc2c(C(=O)N(C2=O)c2ccc(cc2)C2(CC(CC(C2)C)(C)C)c2ccc(cc2)NC(=O))cc1,tg,2
c1cc2c(C(=O)N(C2=O)c2ccc(cc2)C2(CCC(CC2)C(C)(C)C)c2ccc(cc2)NC(=O))cc1,tg,1
c1cc2c(C(=O)N(C2=O)c2ccc(cc2)C2(CCC(CC2)C)c2ccc(cc2)NC(=O))cc1,tg,0
c1cc2c(C(=O)N(C2=O)c2ccc(cc2)C2(CCC(CC2)CC)c2ccc(cc2)NC(=O))cc1,tg,2
c1cc2c(C(=O)N(C2=O)c2ccc(cc2)C2(CCCCC2)c2ccc(cc2)NC(=O))cc1,tg,1
c1cc2c(C(=O)N(C2=O)c2ccc(cc2)C2(c3ccccc3c3ccccc23)c2ccc(cc2)N2C(=O)c3c(C2=O)cc(cc3)C(=O))cc1,tg,0
c1cc2c(C(=O)N(C2=O)c2ccc(cc2)C=Cc2ccc(cc2)N2C(=O)c3c(C2=O)cc(cc3)C(=O))cc1,tg,2
c1cc2c(C(=O)N(C2=O)c2ccc(cc2)Cc2ccc(cc2)Cc2ccc(cc2)Cc2ccc(cc2)N2C(=O)c3c(C2=O)cc(cc3)C(=O))cc1,tg,1
c1cc2c(C(=O)N(C2=O)c2ccc(cc2)Cc2ccc(cc2)Cc2ccc(cc2)N2C(=O)c3c(C2=O)cc(cc3)C(=O))cc1,tg,0
c1cc2c(C(=O)N(C2=O)c2ccc(cc2)Cc2ccc(cc2)N2C(=O)c3c(C2=O)cc(cc3)C()(C(F)(F)F)C(F)(F)F)cc1,tg,2
c1cc2c(C(=O)N(C2=O)c2ccc(cc2)Cc2ccc(cc2)N2C(=O)c3c(C2=O)cc(cc3)C(=O))cc1,tg,1
c1cc2c(C(=O)N(C2=O)c2ccc(cc2)Cc2ccc(cc2)N2C(=O)c3c(C2=O)cc(cc3)C(=O)Nc2ccc(cc2)Oc2ccc(cc2)NC(=O))cc1,tg,0
c1cc2c(C(=O)N(C2=O)c2ccc(cc2)Cc2ccc(cc2)N2C(=O)c3c(C2=O)cc(cc3)C(=O)c2ccc(cc2)Oc2ccc(cc2)C2(c3c(C(=O)O2)cccc3)c2ccc(cc2)Oc2ccc(cc2)C(=O))cc1,tg,2
c1cc2c(C(=O)N(C2=O)c2ccc(cc2)Cc2ccc(cc2)N2C(=O)c3c(C2=O)cc(cc3)C(=O)c2ccc(cc2)Oc2ccc(cc2)Oc2ccc(cc2)C(=O))cc1,tg,1
c1cc2c(C(=O)N(C2=O)c2ccc(cc2)Cc2ccc(cc2)N2C(=O)c3c(C2=O)cc(cc3)C(=O)c2ccc(cc2)Oc2ccc(cc2)c2ccc(cc2)Oc2ccc(cc2)C(=O))cc1,tg,0
c1cc2c(C(=O)N(C2=O)c2ccc(cc2)Cc2ccc(cc2)N2C(=O)c3c(C2=O)cc(cc3)C(=O)c2ccc(cc2)c2ccc(cc2)C(c2ccc(cc2)c2ccc(cc2)C(=O))(C)C)cc1,tg,2
c1cc2c(C(=O)N(C2=O)c2ccc(cc2)Cc2ccc(cc2)N2C(=O)c3c(C2=O)cc(cc3)C(C(C()(F)F)(F)F)(F)F)cc1,tg,1
c1cc2c(C(=O)N(C2=O)c2ccc(cc2)Cc2ccc(cc2)NC(=O))cc1,tg,0
c1cc2c(C(=O)N(C2=O)c2ccc(cc2)N(C(=O)c2cc(ccc2)N2C(=O)c3c(C2=O)cc(cc3)C(=O))C)cc1,tg,2
c1cc2c(C(=O)N(C2=O)c2ccc(cc2)N(c2ccc(cc2)N2C(=O)c3c(C2=O)cc(cc3)C()(C(F)(F)F)C(F)(F)F)c2ccc(cc2)C#N)cc1,tg,1
c1cc2c(C(=O)N(C2=O)c2ccc(cc2)N(c2ccc(cc2)N2C(=O)c3c(C2=O)cc(cc3)C()(C(F)(F)F)C(F)(F)F)c2ccc(cc2)C=Cc2ccc(cc2)[N+](=O)[O-])cc1,tg,0
c1cc2c(C(=O)N(C2=O)c2ccc(cc2)N(c2ccc(cc2)N2C(=O)c3c(C2=O)cc(cc3)C(=O))c2ccc(cc2)C#N)cc1,tg,2
c1cc2c(C(=O)N(C2=O)c2ccc(cc2)N(c2ccc(cc2)N2C(=O)c3c(C2=O)cc(cc3)C(=O))c2ccccc2)cc1,tg,1
c1cc2c(C(=O)N(C2=O)c2ccc(cc2)N2C(=O)c3c(C2=O)cc(cc3)C()(C(F)(F)F)C(F)(F)F)cc1,tg,0
c1cc2c(C(=O)N(C2=O)c2ccc(cc2)N2C(=O)c3c(C2=O)cc(cc3)C(=O)Nc2ccc(cc2)Oc2c(cccc2)c2c(cccc2)Oc2ccc(cc2)NC(=O))cc1,tg,2
c1cc2c(C(=O)N(C2=O)c2ccc(cc2)N2C(=O)c3c(C2=O)cc(cc3)C(=O)c2ccc(cc2)Oc2ccc(cc2)Oc2ccc(cc2)C(=O))cc1,tg,1
c1cc2c(C(=O)N(C2=O)c2ccc(cc2)N2C(=O)c3c(C2=O)cc(cc3)C(=O)c2ccc(cc2)Oc2ccc(cc2)c2ccc(cc2)Oc2ccc(cc2)C(=O))cc1,tg,0
c1cc2c(C(=O)N(C2=O)c2ccc(cc2)NC(=O)C(C(C(C(C(=O)Nc2ccc(cc2)N2C(=O)c3c(C2=O)cc(cc3)C()(C(F)(F)F)C(F)(F)F)(F)F)(F)F)(F)F)(F)F)cc1,tg,2
c1cc2c(C(=O)N(C2=O)c2ccc(cc2)NC(=O)C(C(C(C(C(C(C(=O)Nc2ccc(cc2)N2C(=O)c3c(C2=O)cc(cc3)C()(C(F)(F)F)C(F)(F)F)(F)F)(F)F)(F)F)(F)F)(F)F)(F)F)cc1,tg,1
c1cc2c(C(=O)N(C2=O)c2ccc(cc2)NC(=O)Nc2ccc(cc2)N2C(=O)c3c(C2=O)cc(cc3)C(=O)Nc2cc3Cc4c(c3cc2)ccc(c4)NC(=O))cc1,tg,0
c1cc2c(C(=O)N(C2=O)c2ccc(cc2)NC(=O)Nc2ccc(cc2)N2C(=O)c3c(C2=O)cc(cc3)C(=O)Nc2ccc(cc2)C(=O)c2ccc(cc2)NC(=O))cc1,tg,2
c1cc2c(C(=O)N(C2=O)c2ccc(cc2)NC(=O)Nc2ccc(cc2)N2C(=O)c3c(C2=O)cc(cc3)C(=O)Nc2ccc(cc2)Cc2ccc(cc2)NC(=O))cc1,tg,1
c1cc2c(C(=O)N(C2=O)c2ccc(cc2)NC(=O)Nc2ccc(cc2)N2C(=O)c3c(C2=O)cc(cc3)C(=O)Nc2ccc(cc2)NC(=O))cc1,tg,0
c1cc2c(C(=O)N(C2=O)c2ccc(cc2)NC(=O)Nc2ccc(cc2)N2C(=O)c3c(C2=O)cc(cc3)C(=O)Nc2ccc(cc2)NC(=O)Nc2ccc(cc2)NC(=O))cc1,tg,2
c1cc2c(C(=O)N(C2=O)c2ccc(cc2)NC(=O)Nc2ccc(cc2)N2C(=O)c3c(C2=O)cc(cc3)C(=O)Nc2ccc(cc2)S(=O)(=O)c2ccc(cc2)NC(=O))cc1,tg,1
c1cc2c(C(=O)N(C2=O)c2ccc(cc2)NC(=O)c2cc(ccc2)C(=O)Nc2ccc(cc2)N2C(=O)c3c(C2=O)cc(cc3)C(=O))cc1,tg,0
c1cc2c(C(=O)N(C2=O)c2ccc(cc2)NC(=O)c2ccc(cc2)N2C(=O)c3c(C2=O)cc(cc3)C(=O))cc1,tg,2
c1cc2c(C(=O)N(C2=O)c2ccc(cc2)NC(=S)N=Cc2cc(c(cc2)Cl)N2C(=O)c3c(C2=O)cc(cc3)C()(C(F)(F)F)C(F)(F)F)cc1,tg,1
c1cc2c(C(=O)N(C2=O)c2ccc(cc2)OC(COc2ccc(cc2)N2C(=O)c3c(C2=O)cc(cc3)C()(C(F)(F)F)C(F)(F)F)C)cc1,tg,0
c1cc2c(C(=O)N(C2=O)c2ccc(cc2)OCC(COc2ccc(cc2)N2C(=O)c3c(C2=O)cc(cc3)C(=O))(C)C)cc1,tg,2
c1cc2c(C(=O)N(C2=O)c2ccc(cc2)OCCCCCCCCCCOc2ccc(cc2)N2C(=O)c3c(C2=O)cc(cc3)C()(C(F)(F)F)C(F)(F)F)cc1,tg,1
c1cc2c(C(=O)N(C2=O)c2ccc(cc2)OCCCCOc2ccc(cc2)N2C(=O)c3c(C2=O)cc(cc3)C()(C(F)(F)F)C(F)(F)F)cc1,tg,0
c1cc2c(C(=O)N(C2=O)c2ccc(cc2)OCCOCCOCCOCCOc2ccc(cc2)N2C(=O)c3c(C2=O)cc(cc3)C()(C(F)(F)F)C(F)(F)F)cc1,tg,2
c1cc2c(C(=O)N(C2=O)c2ccc(cc2)OCCOCCOCCOc2ccc(cc2)N2C(=O)c3c(C2=O)cc(cc3)C()(C(F)(F)F)C(F)(F)F)cc1,tg,1
c1cc2c(C(=O)N(C2=O)c2ccc(cc2)OCCOCCOCCOc2ccc(cc2)N2C(=O)c3c(C2=O)cc(cc3)C(=O))cc1,tg,0
c1cc2c(C(=O)N(C2=O)c2ccc(cc2)OCCOc2ccc(cc2)N2C(=O)c3c(C2=O)cc(cc3)C(=O))cc1,tg,2
c1cc2c(C(=O)N(C2=O)c2ccc(cc2)Oc2c(c(ccc2)Oc2ccc(cc2)N2C(=O)c3c(C2=O)cc(cc3)C(=O)Nc2cc(ccc2)Oc2c(c(ccc2)Oc2cc(ccc2)Oc2c(c(ccc2)Oc2cc(ccc2)NC(=O))C#N)C#N)C#N)cc1,tg,1
c1cc2c(C(=O)N(C2=O)c2ccc(cc2)Oc2c(c(ccc2)Oc2ccc(cc2)N2C(=O)c3c(C2=O)cc(cc3)C(=O)Nc2ccc(cc2)Oc2c(c(ccc2)Oc2ccc(cc2)NC(=O))C#N)C#N)cc1,tg,0
c1cc2c(C(=O)N(C2=O)c2ccc(cc2)Oc2c(cc(c(c2)C(C)(C)C)Oc2ccc(cc2)N2C(=O)c3c(C2=O)cc(cc3)C()(C(F)(F)F)C(F)(F)F)C(C)(C)C)cc1,tg,2
c1cc2c(C(=O)N(C2=O)c2ccc(cc2)Oc2c(cc(c(c2)C(C)(C)C)Oc2ccc(cc2)N2C(=O)c3c(C2=O)cc(cc3)C(=O))C(C)(C)C)cc1,tg,1
c1cc2c(C(=O)N(C2=O)c2ccc(cc2)Oc2c(cc(cc2)Oc2ccc(cc2)N2C(=O)c3c(C2=O)cc(cc3)C(=O)Nc2ccc(cc2)Oc2ccc(cc2)C2(c3c(C(=O)N2)cccc3)c2ccc(cc2)Oc2ccc(cc2)NC(=O))C)cc1,tg,0
c1cc2c(C(=O)N(C2=O)c2ccc(cc2)Oc2c(cc(cc2C(C)(C)C)c2ccc(cc2)N2C(=O)c3c(C2=O)cc(cc3)C(=O))C(C)(C)C)cc1,tg,2
c1cc2c(C(=O)N(C2=O)c2ccc(cc2)Oc2c(cc(cc2C)C(c2cc(c(c(c2)C)Oc2ccc(cc2)N2C(=O)c3c(C2=O)cc(cc3)C(=O))C)c2c3c(ccc2)cccc3)C)cc1,tg,1
c1cc2c(C(=O)N(C2=O)c2ccc(cc2)Oc2c(cccc2)c2c(cccc2)Oc2ccc(cc2)N2C(=O)c3c(C2=O)cc(cc3)C(=O)Nc2ccc(cc2)Oc2c(cccc2)c2c(cccc2)Oc2ccc(cc2)NC(=O))cc1,tg,0
c1cc2c(C(=O)N(C2=O)c2ccc(cc2)Oc2c(cccc2)c2c(cccc2)Oc2ccc(cc2)N2C(=O)c3c(C2=O)cc(cc3)C(=O)Nc2ccc(cc2)Oc2ccc(cc2)c2ccc(cc2)Oc2ccc(cc2)NC(=O))cc1,tg,2
c1cc2c(C(=O)N(C2=O)c2ccc(cc2)Oc2c3c(ccc2)c(ccc3)Oc2ccc(cc2)N2C(=O)c3c(C2=O)cc(cc3)C(=O))cc1,tg,1
c1cc2c(C(=O)N(C2=O)c2ccc(cc2)Oc2c3c(ccc2)c(ccc3)Oc2ccc(cc2)N2C(=O)c3c(C2=O)cc(cc3)C(=O)Nc2cc(ccc2)NC(=O))cc1,tg,0
c1cc2c(C(=O)N(C2=O)c2ccc(cc2)Oc2c3c(ccc2)c(ccc3)Oc2ccc(cc2)N2C(=O)c3c(C2=O)cc(cc3)C(=O)Nc2ccc(cc2)Oc2ccc(cc2)C(c2ccc(cc2)Oc2ccc(cc2)NC(=O))(C(F)(F)F)C(F)(F)F)cc1,tg,2
c1cc2c(C(=O)N(C2=O)c2ccc(cc2)Oc2c3c(ccc2)c(ccc3)Oc2ccc(cc2)N2C(=O)c3c(C2=O)cc(cc3)C(=O)Nc2ccc(cc2)Oc2ccc(cc2)C(c2ccc(cc2)Oc2ccc(cc2)NC(=O))(C)C)cc1,tg,1
c1cc2c(C(=O)N(C2=O)c2ccc(cc2)Oc2c3c(ccc2)c(ccc3)Oc2ccc(cc2)N2C(=O)c3c(C2=O)cc(cc3)C(=O)Nc2ccc(cc2)Oc2ccc(cc2)Oc2ccc(cc2)NC(=O))cc1,tg,0
c1cc2c(C(=O)N(C2=O)c2ccc(cc2)Oc2c3c(ccc2)c(ccc3)Oc2ccc(cc2)N2C(=O)c3c(C2=O)cc(cc3)C(=O)Nc2ccc(cc2)Oc2ccc(cc2)S(=O)(=O)c2ccc(cc2)Oc2ccc(cc2)NC(=O))cc1,tg,2
c1cc2c(C(=O)N(C2=O)c2ccc(cc2)Oc2c3c(ccc2)c(ccc3)Oc2ccc(cc2)N2C(=O)c3c(C2=O)cc(cc3)C(=O)Nc2ccc(cc2)Sc2ccc(cc2)NC(=O))cc1,tg,1
c1cc2c(C(=O)N(C2=O)c2ccc(cc2)Oc2cc(ccc2)Oc2ccc(cc2)N2C(=O)c3c(C2=O)cc(cc3)C(=O)Nc2ccc(cc2)Oc2c(cccc2)c2c(cccc2)Oc2ccc(cc2)NC(=O))cc1,tg,0
c1cc2c(C(=O)N(C2=O)c2ccc(cc2)Oc2cc(ccc2)Oc2ccc(cc2)N2C(=O)c3c(C2=O)cc(cc3)C(=O)Nc2ccc(cc2)Oc2ccc(cc2)C2(c3c(C(=O)N2)cccc3)c2ccc(cc2)Oc2ccc(cc2)NC(=O))cc1,tg,2
c1cc2c(C(=O)N(C2=O)c2ccc(cc2)Oc2cc(ccc2)c2nc(cc(c2)c2ccccc2)c2cc(ccc2)Oc2ccc(cc2)N2C(=O)c3c(C2=O)cc(cc3)C()(C(F)(F)F)C(F)(F)F)cc1,tg,1
c1cc2c(C(=O)N(C2=O)c2ccc(cc2)Oc2cc3c(cc2)ccc(c3)Oc2ccc(cc2)N2C(=O)c3c(C2=O)cc(cc3)C()(C(F)(F)F)C(F)(F)F)cc1,tg,0
c1cc2c(C(=O)N(C2=O)c2ccc(cc2)Oc2cc3c(cc2)ccc(c3)Oc2ccc(cc2)N2C(=O)c3c(C2=O)cc(cc3)C(=O)Nc2cc(ccc2)NC(=O))cc1,tg,2
c1cc2c(C(=O)N(C2=O)c2ccc(cc2)Oc2cc3c(cc2)ccc(c3)Oc2ccc(cc2)N2C(=O)c3c(C2=O)cc(cc3)C(=O)Nc2cc(ccc2)Oc2ccc(cc2)NC(=O))cc1,tg,1
c1cc2c(C(=O)N(C2=O)c2ccc(cc2)Oc2cc3c(cc2)ccc(c3)Oc2ccc(cc2)N2C(=O)c3c(C2=O)cc(cc3)C(=O)Nc2ccc(cc2)C(c2ccc(cc2)NC(=O))(C(F)(F)F)C(F)(F)F)cc1,tg,0
c1cc2c(C(=O)N(C2=O)c2ccc(cc2)Oc2cc3c(cc2)ccc(c3)Oc2ccc(cc2)N2C(=O)c3c(C2=O)cc(cc3)C(=O)Nc2ccc(cc2)Cc2ccc(cc2)NC(=O))cc1,tg,2
c1cc2c(C(=O)N(C2=O)c2ccc(cc2)Oc2cc3c(cc2)ccc(c3)Oc2ccc(cc2)N2C(=O)c3c(C2=O)cc(cc3)C(=O)Nc2ccc(cc2)Oc2ccc(cc2)C(c2ccc(cc2)Oc2ccc(cc2)NC(=O))(C(F)(F)F)C(F)(F)F)cc1,tg,1
c1cc2c(C(=O)N(C2=O)c2ccc(cc2)Oc2cc3c(cc2)ccc(c3)Oc2ccc(cc2)N2C(=O)c3c(C2=O)cc(cc3)C(=O)Nc2ccc(cc2)Oc2ccc(cc2)C(c2ccc(cc2)Oc2ccc(cc2)NC(=O))(C)C)cc1,tg,0
c1cc2c(C(=O)N(C2=O)c2ccc(cc2)Oc2cc3c(cc2Oc2ccc(cc2)N2C(=O)c4c(C2=O)cc(cc4)C(=O))cccc3)cc1,tg,2
c1cc2c(C(=O)N(C2=O)c2ccc(cc2)Oc2ccc(cc2)C(=O))cc1,tg,1
c1cc2c(C(=O)N(C2=O)c2ccc(cc2)Oc2ccc(cc2)C(=O)c2cc(ccc2)C(=O)c2ccc(cc2)Oc2ccc(cc2)N2C(=O)c3c(C2=O)cc(cc3)C()(C(F)(F)F)C(F)(F)F)cc1,tg,0
c1cc2c(C(=O)N(C2=O)c2ccc(cc2)Oc2ccc(cc2)C(=O)c2cc(ccc2)C(=O)c2ccc(cc2)Oc2ccc(cc2)N2C(=O)c3c(C2=O)cc(cc3)C(=O))cc1,tg,2
c1cc2c(C(=O)N(C2=O)c2ccc(cc2)Oc2ccc(cc2)C(=O)c2cc(ccc2)N2C(=O)c3c(C2=O)cc(cc3)C(=O))cc1,tg,1
c1cc2c(C(=O)N(C2=O)c2ccc(cc2)Oc2ccc(cc2)C(=O)c2ccc(cc2)C(=O)c2ccc(cc2)C(=O)c2ccc(cc2)Oc2ccc(cc2)N2C(=O)c3c(C2=O)cc(cc3)C(=O))cc1,tg,0
c1cc2c(C(=O)N(C2=O)c2ccc(cc2)Oc2ccc(cc2)C(=O)c2ccc(cc2)C(=O)c2ccc(cc2)Oc2ccc(cc2)N2C(=O)c3c(C2=O)cc(cc3)C(=O))cc1,tg,2
c1cc2c(C(=O)N(C2=O)c2ccc(cc2)Oc2ccc(cc2)C(=O)c2ccc(cc2)Oc2ccc(cc2)N2C(=O)c3c(C2=O)cc(cc3)C(=O))cc1,tg,1
c1cc2c(C(=O)N(C2=O)c2ccc(cc2)Oc2ccc(cc2)C(=O)c2nc(ccc2)C(=O)c2ccc(cc2)Oc2ccc(cc2)N2C(=O)c3c(C2=O)cc(cc3)C(=O))cc1,tg,0
c1cc2c(C(=O)N(C2=O)c2ccc(cc2)Oc2ccc(cc2)C(c2ccc(cc2)Oc2ccc(cc2)N2C(=O)c3c(C2=O)cc(cc3)C()(C(F)(F)F)C(F)(F)F)(C(F)(F)F)C(F)(F)F)cc1,tg,2
c1cc2c(C(=O)N(C2=O)c2ccc(cc2)Oc2ccc(cc2)C(c2ccc(cc2)Oc2ccc(cc2)N2C(=O)c3c(C2=O)cc(cc3)C()(C(F)(F)F)C(F)(F)F)(C)C)cc1,tg,1
c1cc2c(C(=O)N(C2=O)c2ccc(cc2)Oc2ccc(cc2)C(c2ccc(cc2)Oc2ccc(cc2)N2C(=O)c3c(C2=O)cc(cc3)C(=O))(C)C)cc1,tg,0
c1cc2c(C(=O)N(C2=O)c2ccc(cc2)Oc2ccc(cc2)C(c2ccc(cc2)Oc2ccc(cc2)N2C(=O)c3c(C2=O)cc(cc3)C(=O)Nc2ccc(cc2)Oc2ccc(cc2)c2ccc(cc2)Oc2ccc(cc2)NC(=O))(C)C)cc1,tg,2
c1cc2c(C(=O)N(C2=O)c2ccc(cc2)Oc2ccc(cc2)C2(C3C4C(CCC4)C(C2)C3)c2ccc(cc2)Oc2ccc(cc2)N2C(=O)c3c(C2=O)cc(cc3)C(=O)Nc2ccc(cc2)Oc2c(cc(c(c2)C(C)(C)C)Oc2ccc(cc2)NC(=O))C(C)(C)C)cc1,tg,1
c1cc2c(C(=O)N(C2=O)c2ccc(cc2)Oc2ccc(cc2)C2(C3C4C(CCC4)C(C2)C3)c2ccc(cc2)Oc2ccc(cc2)N2C(=O)c3c(C2=O)cc(cc3)C(=O)Nc2ccc(cc2)Oc2c(cc(cc2)Oc2ccc(cc2)NC(=O))C(C)(C)C)cc1,tg,0
c1cc2c(C(=O)N(C2=O)c2ccc(cc2)Oc2ccc(cc2)C2(C3C4C(CCC4)C(C2)C3)c2ccc(cc2)Oc2ccc(cc2)N2C(=O)c3c(C2=O)cc(cc3)C(=O)Nc2ccc(cc2)Oc2c(cc(cc2C)C(c2cc(c(c(c2)C)Oc2ccc(cc2)NC(=O))C)(C)C)C)cc1,tg,2
c1cc2c(C(=O)N(C2=O)c2ccc(cc2)Oc2ccc(cc2)C2(C3C4C(CCC4)C(C2)C3)c2ccc(cc2)Oc2ccc(cc2)N2C(=O)c3c(C2=O)cc(cc3)C(=O)Nc2ccc(cc2)Oc2ccc(cc2)C(c2ccc(cc2)Oc2ccc(cc2)NC(=O))(C(F)(F)F)C(F)(F)F)cc1,tg,1
c1cc2c(C(=O)N(C2=O)c2ccc(cc2)Oc2ccc(cc2)C2(C3C4C(CCC4)C(C2)C3)c2ccc(cc2)Oc2ccc(cc2)N2C(=O)c3c(C2=O)cc(cc3)C(=O)Nc2ccc(cc2)Oc2ccc(cc2)NC(=O))cc1,tg,0
c1cc2c(C(=O)N(C2=O)c2ccc(cc2)Oc2ccc(cc2)C2(C3C4C(CCC4)C(C2)C3)c2ccc(cc2)Oc2ccc(cc2)N2C(=O)c3c(C2=O)cc(cc3)C(=O)Nc2ccc(cc2)Oc2ccc(cc2)Oc2ccc(cc2)NC(=O))cc1,tg,2
c1cc2c(C(=O)N(C2=O)c2ccc(cc2)Oc2ccc(cc2)C2(c3c(C(=O)N2)cccc3)c2ccc(cc2)Oc2ccc(cc2)N2C(=O)c3c(C2=O)cc(cc3)C(=O)Nc2cc(ccc2)NC(=O))cc1,tg,1
c1cc2c(C(=O)N(C2=O)c2ccc(cc2)Oc2ccc(cc2)C2(c3c(C(=O)N2)cccc3)c2ccc(cc2)Oc2ccc(cc2)N2C(=O)c3c(C2=O)cc(cc3)C(=O)Nc2cc(ccc2)Oc2ccc(cc2)NC(=O))cc1,tg,0
c1cc2c(C(=O)N(C2=O)c2ccc(cc2)Oc2ccc(cc2)C2(c3c(C(=O)N2)cccc3)c2ccc(cc2)Oc2ccc(cc2)N2C(=O)c3c(C2=O)cc(cc3)C(=O)Nc2ccc(cc2)Oc2ccc(cc2)NC(=O))cc1,tg,2
c1cc2c(C(=O)N(C2=O)c2ccc(cc2)Oc2ccc(cc2)C2(c3c(C(=O)N2)cccc3)c2ccc(cc2)Oc2ccc(cc2)N2C(=O)c3c(C2=O)cc(cc3)C(=O)Nc2ccc(cc2)Oc2ccc(cc2)Oc2ccc(cc2)NC(=O))cc1,tg,1
c1cc2c(C(=O)N(C2=O)c2ccc(cc2)Oc2ccc(cc2)C2(c3c(C(=O)N2)cccc3)c2ccc(cc2)Oc2ccc(cc2)N2C(=O)c3c(C2=O)cc(cc3)C(=O)Nc2ccc(cc2)Sc2ccc(cc2)NC(=O))cc1,tg,0
c1cc2c(C(=O)N(C2=O)c2ccc(cc2)Oc2ccc(cc2)N2C(=O)c3c(C2=O)cc(cc3)C()(C(F)(F)F)C(F)(F)F)cc1,tg,2
c1cc2c(C(=O)N(C2=O)c2ccc(cc2)Oc2ccc(cc2)N2C(=O)c3c(C2=O)cc(cc3)C(=O))cc1,tg,1
c1cc2c(C(=O)N(C2=O)c2ccc(cc2)Oc2ccc(cc2)N2C(=O)c3c(C2=O)cc(cc3)C(=O)N2C(=O)N(C(=O)C2(C)C)C(=O))cc1,tg,0
c1cc2c(C(=O)N(C2=O)c2ccc(cc2)Oc2ccc(cc2)N2C(=O)c3c(C2=O)cc(cc3)C(=O)N2C(=S)N(C(C(=C2C)C(=O)OCC)c2ccccc2)C(=O))cc1,tg,2
c1cc2c(C(=O)N(C2=O)c2ccc(cc2)Oc2ccc(cc2)N2C(=O)c3c(C2=O)cc(cc3)C(=O)Nc2c(cc(cc2)NC(=O))OCCCCCCS(=O)(=O)c2ccc(cc2)C=Cc2ccc(cc2)N(C)C)cc1,tg,1
c1cc2c(C(=O)N(C2=O)c2ccc(cc2)Oc2ccc(cc2)N2C(=O)c3c(C2=O)cc(cc3)C(=O)Nc2cc(ccc2)Oc2ccc(cc2)NC(=O))cc1,tg,0
c1cc2c(C(=O)N(C2=O)c2ccc(cc2)Oc2ccc(cc2)N2C(=O)c3c(C2=O)cc(cc3)C(=O)Nc2ccc(cc2)C2(c3ccccc3c3ccccc23)c2ccc(cc2)NC(=O))cc1,tg,2
c1cc2c(C(=O)N(C2=O)c2ccc(cc2)Oc2ccc(cc2)N2C(=O)c3c(C2=O)cc(cc3)C(=O)Nc2ccc(cc2)Cc2ccc(cc2)NC(=O))cc1,tg,1
c1cc2c(C(=O)N(C2=O)c2ccc(cc2)Oc2ccc(cc2)N2C(=O)c3c(C2=O)cc(cc3)C(=O)Nc2ccc(cc2)Oc2c(cccc2)c2c(cccc2)Oc2ccc(cc2)NC(=O))cc1,tg,0
c1cc2c(C(=O)N(C2=O)c2ccc(cc2)Oc2ccc(cc2)N2C(=O)c3c(C2=O)cc(cc3)C(=O)Nc2ccc(cc2)Oc2ccc(cc2)Oc2ccc(cc2)NC(=O))cc1,tg,2
c1cc2c(C(=O)N(C2=O)c2ccc(cc2)Oc2ccc(cc2)N2C(=O)c3c(C2=O)cc(cc3)C(=O)Nc2ccc(cc2)Oc2ccc(cc2)c2ccc(cc2)Oc2ccc(cc2)NC(=O))cc1,tg,1
c1cc2c(C(=O)N(C2=O)c2ccc(cc2)Oc2ccc(cc2)N2C(=O)c3c(C2=O)cc(cc3)C(=O)Nc2ccc(cc2)Sc2ccc(cc2)NC(=O))cc1,tg,0
c1cc2c(C(=O)N(C2=O)c2ccc(cc2)Oc2ccc(cc2)N2C(=O)c3c(C2=O)cc(cc3)C(=O)OCCCCCCCCCCCCOC(=O))cc1,tg,2
c1cc2c(C(=O)N(C2=O)c2ccc(cc2)Oc2ccc(cc2)N2C(=O)c3c(C2=O)cc(cc3)C(=O)Oc2ccc(cc2)C(c2ccc(cc2)OC(=O))(C)C)cc1,tg,1
c1cc2c(C(=O)N(C2=O)c2ccc(cc2)Oc2ccc(cc2)N2C(=O)c3c(C2=O)cc(cc3)C(=O)c2cc(cc(c2)c2ccccc2)C(=O))cc1,tg,0
c1cc2c(C(=O)N(C2=O)c2ccc(cc2)Oc2ccc(cc2)N2C(=O)c3c(C2=O)cc(cc3)C(=O)c2cc(ccc2)C(=O))cc1,tg,2
c1cc2c(C(=O)N(C2=O)c2ccc(cc2)Oc2ccc(cc2)N2C(=O)c3c(C2=O)cc(cc3)C(=O)c2ccc(cc2)Oc2ccc(cc2)C(c2ccc(cc2)Oc2ccc(cc2)C(=O))(C)C)cc1,tg,1
c1cc2c(C(=O)N(C2=O)c2ccc(cc2)Oc2ccc(cc2)N2C(=O)c3c(C2=O)cc(cc3)C(=O)c2ccc(cc2)Oc2ccc(cc2)C2(c3c(C(=O)O2)cccc3)c2ccc(cc2)Oc2ccc(cc2)C(=O))cc1,tg,0
c1cc2c(C(=O)N(C2=O)c2ccc(cc2)Oc2ccc(cc2)N2C(=O)c3c(C2=O)cc(cc3)C(=O)c2ccc(cc2)Oc2ccc(cc2)Oc2ccc(cc2)C(=O))cc1,tg,2
c1cc2c(C(=O)N(C2=O)c2ccc(cc2)Oc2ccc(cc2)N2C(=O)c3c(C2=O)cc(cc3)C(=O)c2ccc(cc2)Oc2ccc(cc2)S(=O)(=O)c2ccc(cc2)Oc2ccc(cc2)C(=O))cc1,tg,1
c1cc2c(C(=O)N(C2=O)c2ccc(cc2)Oc2ccc(cc2)N2C(=O)c3c(C2=O)cc(cc3)C(=O)c2ccc(cc2)Oc2ccc(cc2)c2ccc(cc2)Oc2ccc(cc2)C(=O))cc1,tg,0
c1cc2c(C(=O)N(C2=O)c2ccc(cc2)Oc2ccc(cc2)N2C(=O)c3c(C2=O)cc(cc3)C(C(C()(F)F)(F)F)(F)F)cc1,tg,2
c1cc2c(C(=O)N(C2=O)c2ccc(cc2)Oc2ccc(cc2)N2C(=O)c3c(C2=O)cc(cc3)C(C(C(C(C(C()(F)F)(F)F)(F)F)(F)F)(F)F)(F)F)cc1,tg,1
c1cc2c(C(=O)N(C2=O)c2ccc(cc2)Oc2ccc(cc2)N2C(=O)c3c(C2=O)cc(cc3)C(C(C(C(C(C(C()(F)F)(F)F)(F)F)(F)F)(F)F)(F)F)(F)F)cc1,tg,0
c1cc2c(C(=O)N(C2=O)c2ccc(cc2)Oc2ccc(cc2)N2C(=O)c3c(C2=O)cc(cc3)c2c(c(c(c(c2c2ccccc2)c2ccccc2)c2ccc(cc2)Oc2ccc(cc2)c2c(c(c(c(c2c2ccccc2)c2ccccc2))c2ccccc2)c2ccccc2)c2ccccc2)c2ccccc2)cc1,tg,2
c1cc2c(C(=O)N(C2=O)c2ccc(cc2)Oc2ccc(cc2)N2C(=O)c3c(C2=O)cc(cc3)c2c(c(c(c(c2c2ccccc2)c2ccccc2)c2ccc(cc2)Sc2ccc(cc2)c2c(c(c(c(c2c2ccccc2)c2ccccc2))c2ccccc2)c2ccccc2)c2ccccc2)c2ccccc2)cc1,tg,1
c1cc2c(C(=O)N(C2=O)c2ccc(cc2)Oc2ccc(cc2)NC(=O))cc1,tg,0
c1cc2c(C(=O)N(C2=O)c2ccc(cc2)Oc2ccc(cc2)Oc2ccc(cc2)N2C(=O)c3c(C2=O)cc(cc3)C()(C(F)(F)F)C(F)(F)F)cc1,tg,2
c1cc2c(C(=O)N(C2=O)c2ccc(cc2)Oc2ccc(cc2)Oc2ccc(cc2)N2C(=O)c3c(C2=O)cc(cc3)C(=O)Nc2ccc(cc2)Oc2c(cccc2)c2c(cccc2)Oc2ccc(cc2)NC(=O))cc1,tg,1
c1cc2c(C(=O)N(C2=O)c2ccc(cc2)Oc2ccc(cc2)Oc2ccc(cc2)N2C(=O)c3c(C2=O)cc(cc3)C(=O)Nc2ccc(cc2)Oc2ccc(cc2)C2(c3c(C(=O)N2)cccc3)c2ccc(cc2)Oc2ccc(cc2)NC(=O))cc1,tg,0
c1cc2c(C(=O)N(C2=O)c2ccc(cc2)Oc2ccc(cc2)Oc2ccc(cc2)N2C(=O)c3c(C2=O)cc(cc3)C(=O)Oc2ccc(cc2)OC(=O))cc1,tg,2
c1cc2c(C(=O)N(C2=O)c2ccc(cc2)Oc2ccc(cc2)S(=O)(=O)c2ccc(cc2)Oc2ccc(cc2)N2C(=O)c3c(C2=O)cc(cc3)C()(C(F)(F)F)C(F)(F)F)cc1,tg,1
c1cc2c(C(=O)N(C2=O)c2ccc(cc2)Oc2ccc(cc2)S(=O)(=O)c2ccc(cc2)Oc2ccc(cc2)N2C(=O)c3c(C2=O)cc(cc3)C(=O)Nc2ccc(cc2)Oc2c(cccc2)c2c(cccc2)Oc2ccc(cc2)NC(=O))cc1,tg,0
c1cc2c(C(=O)N(C2=O)c2ccc(cc2)Oc2ccc(cc2)S(=O)(=O)c2ccc(cc2)Oc2ccc(cc2)N2C(=O)c3c(C2=O)cc(cc3)C(=O)Nc2ccc(cc2)Oc2ccc(cc2)c2ccc(cc2)Oc2ccc(cc2)NC(=O))cc1,tg,2
c1cc2c(C(=O)N(C2=O)c2ccc(cc2)Oc2ccc(cc2)S(=O)(=O)c2ccc(cc2)Oc2ccc(cc2)N2C(=O)c3c(C2=O)cc(cc3)C(=O)c2cc(cc(c2)C(C)(C)C)C(=O))cc1,tg,1
c1cc2c(C(=O)N(C2=O)c2ccc(cc2)Oc2ccc(cc2)S(=O)(=O)c2ccc(cc2)Oc2ccc(cc2)N2C(=O)c3c(C2=O)cc(cc3)C(=O)c2cc(cc(c2)c2ccccc2)C(=O))cc1,tg,0
c1cc2c(C(=O)N(C2=O)c2ccc(cc2)Oc2ccc(cc2)c2ccc(cc2)Oc2ccc(cc2)N2C(=O)c3c(C2=O)cc(cc3)C()(C(F)(F)F)C(F)(F)F)cc1,tg,2
c1cc2c(C(=O)N(C2=O)c2ccc(cc2)Oc2ccc(cc2)c2ccc(cc2)Oc2ccc(cc2)N2C(=O)c3c(C2=O)cc(cc3)C(=O)Nc2ccc(cc2)Oc2c(cccc2)c2c(cccc2)Oc2ccc(cc2)NC(=O))cc1,tg,1
c1cc2c(C(=O)N(C2=O)c2ccc(cc2)Oc2ccc(cc2)c2ccc(cc2)Oc2ccc(cc2)N2C(=O)c3c(C2=O)cc(cc3)c2ccc(cc2)c2ccc(cc2)c2ccc(cc2)c2ccc(cc2))cc1,tg,0
c1cc2c(C(=O)N(C2=O)c2ccc(cc2)S(=O)(=O)c2ccc(cc2)N2C(=O)c3c(C2=O)cc(cc3)C(=O)Nc2cc(ccc2)NC(=O))cc1,tg,2
c1cc2c(C(=O)N(C2=O)c2ccc(cc2)S(=O)(=O)c2ccc(cc2)N2C(=O)c3c(C2=O)cc(cc3)C(=O)Nc2ccc(cc2)NC(=O))cc1,tg,1
c1cc2c(C(=O)N(C2=O)c2ccc(cc2)S(=O)(=O)c2ccc(cc2)N2C(=O)c3c(C2=O)cc(cc3)C(=O)Nc2ccc(cc2)Oc2ccc(cc2)NC(=O))cc1,tg,0
c1cc2c(C(=O)N(C2=O)c2ccc(cc2)S(=O)(=O)c2ccc(cc2)N2C(=O)c3c(C2=O)cc(cc3)C(=O)Nc2ccc(cc2)Oc2ccc(cc2)Oc2ccc(cc2)NC(=O))cc1,tg,2
c1cc2c(C(=O)N(C2=O)c2ccc(cc2)S(=O)(=O)c2ccc(cc2)N2C(=O)c3c(C2=O)cc(cc3)C(=O)Nc2ccc(cc2)S(=O)(=O)c2ccc(cc2)NC(=O))cc1,tg,1
c1cc2c(C(=O)N(C2=O)c2ccc(cc2)S(=O)(=O)c2ccc(cc2)N2C(=O)c3c(C2=O)cc(cc3)C(=O)Nc2ccc(cc2)c2ccc(cc2)NC(=O))cc1,tg,0
c1cc2c(C(=O)N(C2=O)c2ccc(cc2)S(=O)(=O)c2ccc(cc2)N2C(=O)c3c(C2=O)cc(cc3)C(=O)Oc2ccc(cc2)OCCCCCCCCCCCCOc2ccc(cc2)OC(=O))cc1,tg,2
c1cc2c(C(=O)N(C2=O)c2ccc(cc2)S(=O)(=O)c2ccc(cc2)N2C(=O)c3c(C2=O)cc(cc3)C(C(C()(F)F)(F)F)(F)F)cc1,tg,1
c1cc2c(C(=O)N(C2=O)c2ccc(cc2)S(=O)(=O)c2ccc(cc2)S(=O)(=O)c2ccc(cc2)N2C(=O)c3c(C2=O)cc(cc3)C()(C(F)(F)F)C(F)(F)F)cc1,tg,0
c1cc2c(C(=O)N(C2=O)c2ccc(cc2)S(=O)(=O)c2ccc(cc2)S(=O)(=O)c2ccc(cc2)S(=O)(=O)c2ccc(cc2)N2C(=O)c3c(C2=O)cc(cc3)C()(C(F)(F)F)C(F)(F)F)cc1,tg,2
c1cc2c(C(=O)N(C2=O)c2ccc(cc2)Sc2ccc(cc2)Oc2ccc(cc2)Sc2ccc(cc2)N2C(=O)c3c(C2=O)cc(cc3)C()(C(F)(F)F)C(F)(F)F)cc1,tg,1
c1cc2c(C(=O)N(C2=O)c2ccc(cc2)Sc2ccc(cc2)Oc2ccc(cc2)Sc2ccc(cc2)N2C(=O)c3c(C2=O)cc(cc3)C(=O)Nc2ccc(cc2)C2(c3ccccc3c3ccccc23)c2ccc(cc2)NC(=O))cc1,tg,0
c1cc2c(C(=O)N(C2=O)c2ccc(cc2)Sc2ccc(cc2)Sc2ccc(cc2)N2C(=O)c3c(C2=O)cc(cc3)C()(C(F)(F)F)C(F)(F)F)cc1,tg,2
c1cc2c(C(=O)N(C2=O)c2ccc(cc2)Sc2ccc(cc2)Sc2ccc(cc2)Sc2ccc(cc2)Sc2ccc(cc2)N2C(=O)c3c(C2=O)cc(cc3)C()(C(F)(F)F)C(F)(F)F)cc1,tg,1
c1cc2c(C(=O)N(C2=O)c2ccc(cc2)c2cc(c(cc2)Oc2cc3c(C(CC3(c3ccc(cc3)Oc3c(cc(cc3)c3ccc(cc3)N3C(=O)c4c(C3=O)cc(cc4)C()(C(F)(F)F)C(F)(F)F)C(F)(F)F)C)(C)C)cc2)C(F)(F)F)cc1,tg,0
c1cc2c(C(=O)N(C2=O)c2ccc(cc2)c2ccc(cc2)N2C(=O)c3c(C2=O)cc(cc3)C(=O))cc1,tg,2
c1cc2c(C(=O)N(C2=O)c2ccc(cc2)c2nc(cc(c2)c2ccc(cc2)OCCCC#N)c2ccc(cc2)N2C(=O)c3c(C2=O)cc(cc3)C()(C(F)(F)F)C(F)(F)F)cc1,tg,1
c1cc2c(C(=O)N(C2=O)c2ccc(cc2)c2sc(c(c2c2ccccc2)c2ccccc2)c2ccc(cc2)N2C(=O)c3c(C2=O)cc(cc3)C(=O)Nc2cc(ccc2)C(=O)c2cc(ccc2)NC(=O))cc1,tg,0
c1cc2c(C(=O)N(C2=O)c2ccc(cc2)c2sc(c(c2c2ccccc2)c2ccccc2)c2ccc(cc2)N2C(=O)c3c(C2=O)cc(cc3)C(=O)Nc2cc(ccc2)NC(=O))cc1,tg,2
c1cc2c(C(=O)N(C2=O)c2ccc(cc2)c2sc(c(c2c2ccccc2)c2ccccc2)c2ccc(cc2)N2C(=O)c3c(C2=O)cc(cc3)C(=O)Nc2cc(ccc2)Oc2ccc(cc2)NC(=O))cc1,tg,1
c1cc2c(C(=O)N(C2=O)c2ccc(cc2)c2sc(c(c2c2ccccc2)c2ccccc2)c2ccc(cc2)N2C(=O)c3c(C2=O)cc(cc3)C(=O)Nc2ccc(cc2)Cc2ccc(cc2)NC(=O))cc1,tg,0
c1cc2c(C(=O)N(C2=O)c2ccc(cc2)c2sc(c(c2c2ccccc2)c2ccccc2)c2ccc(cc2)N2C(=O)c3c(C2=O)cc(cc3)C(=O)Nc2ccc(cc2)NC(=O))cc1,tg,2
c1cc2c(C(=O)N(C2=O)c2ccc(cc2)c2sc(c(c2c2ccccc2)c2ccccc2)c2ccc(cc2)N2C(=O)c3c(C2=O)cc(cc3)C(=O)Nc2ccc(cc2)Oc2ccc(cc2)NC(=O))cc1,tg,1
c1cc2c(C(=O)N(C2=O)c2ccc(cc2)c2sc(c(c2c2ccccc2)c2ccccc2)c2ccc(cc2)N2C(=O)c3c(C2=O)cc(cc3)C(=O)Nc2ccc(cc2)Oc2ccc(cc2)Oc2ccc(cc2)NC(=O))cc1,tg,0
c1cc2c(C(=O)N(C2=O)c2ccc(cc2)c2sc(c(c2c2ccccc2)c2ccccc2)c2ccc(cc2)N2C(=O)c3c(C2=O)cc(cc3)C(=O)Nc2ccc(cc2)S(=O)(=O)c2ccc(cc2)NC(=O))cc1,tg,2
c1cc2c(C(=O)N(C2=O)c2ccc(nc2)Sc2ncc(cc2)N2C(=O)c3c(C2=O)cc(cc3)C(=O))cc1,tg,1
c1cc2c(C(=O)N(C2=O)c2ccc3Cc4c(c3c2)cc(cc4)N2C(=O)c3c(C2=O)cc(cc3)C()(C(F)(F)F)C(F)(F)F)cc1,tg,0
c1cc2c(C(=O)OC2=Nc2cc(ccc2)Oc2cc(ccc2)Oc2cc(ccc2)N=C2OC(=O)c3c2cc(cc3)C(=O))cc1,tg,2
c1cc2c(C(=O)OC2=Nc2ccc(cc2)Oc2ccc(cc2)C(c2ccc(cc2)Oc2ccc(cc2)N=C2OC(=O)c3c2cc(cc3)C(=O))(C(F)(F)F)C(F)(F)F)cc1,tg,1
c1cc2c(cc1)cc(cc2)C(=Cc1c(cc(c(c1)OC)C=C()c1ccc(cc1)F)OC)c1ccc(cc1)F,tg,0
c1cc2c(cc1)cc(cc2)C(=Cc1c(cc(c(c1)OC)C=C()c1ccccc1)OC)c1ccccc1,tg,2
c1cc2c(cc1)oc(=O)c(c2)C(=O)Nc1ccc(cc1)C(c1ccc(cc1)NC(=O)c1c(=O)oc2c(cc(cc2)C)c1)(C(F)(F)F)C(F)(F)F,tg,1
c1cc2c(cc1)oc(=O)c(c2)C(=O)Nc1ccc(cc1)Oc1ccc(cc1)C(c1ccc(cc1)Oc1ccc(cc1)NC(=O)c1c(=O)oc2c(cc(cc2)C)c1)(C(F)(F)F)C(F)(F)F,tg,0
c1cc2c(cc1)oc(=O)c(c2)C(=O)Nc1ccc(cc1)Oc1ccc(cc1)NC(=O)c1c(=O)oc2c(cc(cc2)C)c1,tg,2
c1cc2c(cc1)oc(=O)c(c2)C(=O)Nc1ccc(cc1)Oc1ccc(cc1)Oc1ccc(cc1)NC(=O)c1c(=O)oc2c(cc(cc2)C)c1,tg,1
c1cc2c(cc1OC(=O)COc1ccc3c(c1)oc(=O)cc3)oc(=O)c(c2)C(=O)Nc1cc(ccc1)NC(=O)c1c(=O)oc2c(cc(c(c2)OC(=O)COc2ccc3c(c2)oc(=O)cc3)C)c1,tg,0
c1cc2c(cc1OC(=O)COc1ccc3c(c1)oc(=O)cc3)oc(=O)c(c2)C(=O)Nc1ccc(cc1)C(c1ccc(cc1)NC(=O)c1c(=O)oc2c(cc(c(c2)OC(=O)COc2ccc3c(c2)oc(=O)cc3)C)c1)(C(F)(F)F)C(F)(F)F,tg,2
c1cc2c(cc1OC(=O)COc1ccc3c(c1)oc(=O)cc3)oc(=O)c(c2)C(=O)Nc1ccc(cc1)Cc1ccc(cc1)NC(=O)c1c(=O)oc2c(cc(c(c2)OC(=O)COc2ccc3c(c2)oc(=O)cc3)C)c1,tg,1
c1cc2c(cc1OC(=O)COc1ccc3c(c1)oc(=O)cc3)oc(=O)c(c2)C(=O)Nc1ccc(cc1)NC(=O)c1c(=O)oc2c(cc(c(c2)OC(=O)COc2ccc3c(c2)oc(=O)cc3)C)c1,tg,0
c1cc2c(cc1OC(=O)COc1ccc3c(c1)oc(=O)cc3)oc(=O)c(c2)C(=O)Nc1ccc(cc1)Oc1ccc(cc1)NC(=O)c1c(=O)oc2c(cc(c(c2)OC(=O)COc2ccc3c(c2)oc(=O)cc3)C)c1,tg,2
c1cc2c(nc([nH]2)S(=O)(=O)c2nc3c([nH]2)ccc(c3)c2cc(ccc2))cc1,tg,1
c1cc2c(nc(c(n2)c2ccc(cc2)N2C(=O)c3c(C2=O)cc(cc3)C(=O)c2cc3c(C(=O)N(C3=O)c3ccc(cc3)c3c(nc4c(n3)cc(cc4)C(=O))c3ccccc3)cc2)c2ccccc2)cc1,tg,0
c1cc2c(nc(c(n2)c2ccc(cc2)c2c(nc3c(n2)cc(cc3)C(=O))c2ccccc2)c2ccccc2)cc1,tg,2
c1cc2c(nc(c(n2)c2ccccc2)c2ccc(cc2)c2nc3c(nc2c2ccccc2)cc(cc3)C(=O))cc1,tg,1
c1cc2c(nc(cc2c2ccccc2)Oc2nc3c(c(c2)c2ccccc2)cc(cc3)c2ccc(cc2)Oc2ccc(cc2))cc1,tg,0
c1cc2c(nc(cc2c2ccccc2)Oc2nc3c(c(c2)c2ccccc2)cc(cc3)c2ccc(cc2)c2ccc(cc2))cc1,tg,2
c1cc2c(nc(cc2c2ccccc2)c2cc(ccc2)c2nc3c(c(c2)c2ccccc2)cc(cc3)c2ccc(cc2)OCCCCCCCCCCCOc2ccc(cc2))cc1,tg,1
c1cc2c(nc(cn2)c2ccc(cc2)c2nc3c(nc2)cc(cc3)C(=O))cc1,tg,0
c1cc2c(oc(n2)C2CCC(CC2)c2oc3c(n2)cc(cc3)C()(C(F)(F)F)C(F)(F)F)cc1,tg,2
c1cc2c(oc(n2)c2cc(ccc2)c2oc3c(n2)cc(cc3)C()(c2ccccc2)C(F)(F)F)cc1,tg,1
c1cc2c(oc(n2)c2ccc(cc2)C(c2ccc(cc2)c2oc3c(n2)cc(cc3)C()(c2ccccc2)C(F)(F)F)(C(F)(F)F)C(F)(F)F)cc1,tg,0
c1cc2c(oc(n2)c2ccc(cc2)C(c2ccc(cc2)c2oc3c(n2)cc(cc3)C()(c2ccccc2)C(F)(F)F)(c2ccccc2)C(F)(F)F)cc1,tg,2
c1cc2c(oc(n2)c2ccc(cc2)Oc2ccc(cc2)C(c2ccc(cc2)Oc2ccc(cc2)c2oc3c(n2)cc(cc3)C()(C(F)(F)F)C(F)(F)F)(C(F)(F)F)C(F)(F)F)cc1,tg,1
c1cc2c(oc(n2)c2ccc(cc2)Oc2ccc(cc2)c2oc3c(n2)cc(cc3)C()(C(F)(F)F)C(F)(F)F)cc1,tg,0
c1cc2c(oc(n2)c2ccc(cc2)c2oc3c(n2)cc(cc3)C()(C(F)(F)F)C(F)(F)F)cc1,tg,2
c1cc2c(oc(n2)c2ccc(cc2)c2oc3c(n2)cc(cc3)C()(c2ccccc2)C(F)(F)F)cc1,tg,1
c1cc2c(oc(n2)c2ncc(cc2)c2oc3c(n2)cc(cc3)C()(C(F)(F)F)C(F)(F)F)cc1,tg,0
c1cc2c(s1)-c1sc()cc1C2(CCCCCC)CCCCCC[N+](C)(C)C,egc,2
c1cc2c(s1)-c1sc()cc1C2=C(C#N)C#N,egc,1
c1cc2c(s1)-c1sc()cc1C2=C1c2ccsc2-c2sccc21,egc,0
c1cc2c(s1)-c1sc()cc1C2CCCCCCN,egc,2
c1cc2c(s1)-c1sc(-c3sc(-c4sc()c5c4OCCO5)c4c3OCCO4)cc1C2=C(C#N)C#N,egc,1
c1cc2cc()sc2s1,egc,0
c1cc2n(c3c(c2cc1)ccc(c3)c1sc(cc1)c1c2c(nsn2)c(cc1)c1sc(cc1))C(CCCCCCCC)CCCCCCCC,tg,2
c1cc2n(c3c(c2cc1)ccc(c3)c1sc(cc1CCCCCC)c1c2c(nsn2)c(cc1)c1sc(c(c1)CCCCCC))C(CCCCCCCC)CCCCCCCC,tg,1
c1cc2sc()cc2s1,egc,0
c1cc2sc3cc()sc3c2s1,egc,2
c1ccc()[nH]1,egc,1
c1ccc()c(C(=O)c2c(F)c(F)c(F)c(F)c2F)c1,egc,0
c1ccc()c(OC)c1N,egc,2
c1ccc()c2nc(-c3ccccc3)c(-c3ccccc3)nc12,egc,1
c1ccc()c2nc(CCCCCCC)c(CCCCCCC)nc12,egc,0
c1ccc()c2nccnc12,egc,2
c1ccc()cc1,nc,1
c1ccc()n1C,egc,0
c1ccc()n1C(=O)OCC,egc,2
c1ccc()n1C(C(=O)NO)n1ccc2ccccc21,egc,1
c1ccc()n1C(C)C(=O)OC,egc,0
c1ccc()n1CC(=O)NO,egc,2
c1ccc()n1CC(=O)OC,egc,1
c1ccc()n1CCC(=O)NO,egc,0
c1ccc()n1CCC(=O)OC,egc,2
c1ccc()n1CCC(=O)OCC,egc,1
c1ccc()n1CCCCCC,egc,0
c1ccc()n1Cc1ccc[n+](C)c1,egc,2
c1ccc()s1,ei,1
c1ccc(-c2cc(CCCCCCCCCCCC)c()s2)s1,egc,0
c1ccc(-c2cc(CCCCCCOC(=O)COc3ccccc3)c()s2)s1,egc,2
c1ccc(-c2ccc()c(C)c2)cc1C,egc,1
c1ccc(-c2ccc()c(CCCCCC)n2)nc1CCCCCC,egc,0
c1ccc(-c2ccc()n2C#Cc2ccc(CCCCCC)cc2)s1,egc,2
c1ccc(-c2ccc()nc2)cn1,egc,1
c1ccc(-c2ccc()s2)s1,eea,0
c1ccc(-c2ccc(-c3cc()c4cccccc3-4)s2)s1,egc,2
c1ccc(-c2ccc(-c3cc(-c4ccc(Oc5ccc(-c6cc()nc7ccccc67)cc5)cc4)c4ccccc4n3)cc2)cc1,egc,1
c1ccc(-c2ccc(-c3cc(-c4ccccc4)c4cc(-c5ccc6nc()cc(-c7ccccc7)c6c5)ccc4n3)cc2)cc1,egc,0
c1ccc(-c2ccc(-c3cc(CCCCCCCC)c()s3)s2)s1,egc,2
c1ccc(-c2ccc(-c3cc(OCCCCCCCCCCCC)c()s3)s2)s1,egc,1
c1ccc(-c2ccc(-c3cc(SCCCC)c()s3)cc2)cc1,egc,0
c1ccc(-c2ccc(-c3cc(SCCCCCCCCCC)c()s3)cc2)cc1,egc,2
c1ccc(-c2ccc(-c3ccc()n3C)n2C)cn1,egc,1
c1ccc(-c2ccc(-c3ccc()n3C)o2)o1,egc,0
c1ccc(-c2ccc(-c3ccc()n3C)s2)s1,egc,2
c1ccc(-c2ccc(-c3ccc()s3)o2)o1,egc,1
c1ccc(-c2ccc(-c3ccc()s3)s2)cn1,egc,0
c1ccc(-c2ccc(-c3ccc()s3)s2)o1,egc,2
c1ccc(-c2ccc(-c3ccc(-c4cc(-c5ccccc5)c5cc(Oc6ccc7nc()cc(-c8ccccc8)c7c6)ccc5n4)cc3)cc2)cc1,egc,1
c1ccc(-c2ccc(-c3ccc(-c4ccc()cc4)cc3)cc2)cc1,egb,0
c1ccc(-c2ccc(-c3ccc(-c4ccc()n4CCCCCCCCCCCC)s3)s2)s1,egb,2
c1ccc(-c2ccc(-c3ccc(-c4ccc()s4)cc3)cc2)cc1,eea,2
c1ccc(-c2ccc(-c3ccc(-c4ccc()s4)cc3)cc2)cc1,ei,2
c1ccc(-c2ccc(-c3ccc(-c4ccc()s4)cc3)cc2)cc1,eps,2
c1ccc(-c2ccc(-c3ccc(-c4ccc()s4)cc3)cc2)cc1,nc,2
c1ccc(-c2ccc(-c3ccc(-c4ccc()s4)cc3)s2)cc1,eea,1
c1ccc(-c2ccc(-c3ccc(-c4ccc()s4)s3)cc2)cc1,eea,2
c1ccc(-c2ccc(-c3ccc(-c4ccc()s4)s3)cc2)cc1,nc,2
c1ccc(-c2ccc(-c3ccc(-c4ccc()s4)s3)s2)cc1,eea,0
c1ccc(-c2ccc(-c3ccc(-c4ccc()s4)s3)s2)cc1,egb,0
c1ccc(-c2ccc(-c3ccc(-c4ccc()s4)s3)s2)cc1,ei,0
c1ccc(-c2ccc(-c3ccc(-c4ccc(-c5ccc()n5CCCCCCCCCCCC)s4)s3)s2)s1,egc,0
c1ccc(-c2ccc(-c3ccc(-c4nc5cc6sc()nc6cc5s4)cc3)c(-c3ccccc3)c2-c2ccccc2)cc1,egc,2
c1ccc(-c2ccc(-c3ccc(-n4c(=O)c5cc6c(=O)n()c(=O)c6cc5c4=O)cc3)cc2)cc1,egc,1
c1ccc(-c2ccc(-c3ccc4nc(Oc5cc(-c6ccccc6)c6cc()ccc6n5)cc(-c5ccccc5)c4c3)cc2)cc1,egc,0
c1ccc(-c2ccc(-c3cnc4cc(-c5ccc6nc()cnc6c5)ccc4n3)cc2)cc1,egc,2
c1ccc(-c2ccc(-c3cnc4cc(Oc5ccc6nc()cnc6c5)ccc4n3)cc2)cc1,egc,1
c1ccc(-c2ccc(-c3nc(CCCCCCCCCCCC)c(-c4sc()nc4CCCCCCCCCCCC)s3)s2)s1,egc,0
c1ccc(-c2ccc(-c3nc4cc(Oc5ccc6nc(-c7ccccc7)c()nc6c5)ccc4nc3-c3ccccc3)cc2)cc1,egc,2
c1ccc(-c2ccc(-c3nc4ccc(Oc5ccc6nc()c(-c7ccccc7)c(-c7ccccc7)c6c5)cc4c(-c4ccccc4)c3-c3ccccc3)cc2)cc1,egc,1
c1ccc(-c2ccc(-c3nnc()n3-c3ccc(OC)cc3)cc2)cc1,egc,0
c1ccc(-c2ccc(-c3sc()c4c3OCCO4)s2)s1,egc,2
c1ccc(-c2ccc(-n3c(=O)c4cc5c(=O)n()c(=O)c5cc4c3=O)cc2)cc1,egc,1
c1ccc(-c2ccc(-n3c(=O)c4cc5c(=O)n()c(=O)c5cc4c3=O)cc2F)c(F)c1,egc,0
c1ccc(-c2ccc(-n3c(=O)c4cc5c(=O)n()c(=O)c5cc4c3=O)cc2OC(F)(F)F)c(OC(F)(F)F)c1,egc,2
c1ccc(-c2ccc(C(=S)c3ccc()s3)s2)cc1,ei,1
c1ccc(-c2ccc(C(=S)c3ccc()s3)s2)cc1,eps,1
c1ccc(-c2ccc(C(F)(F)C()(F)F)cc2)cc1,eea,2
c1ccc(-c2ccc(C(F)(F)C()(F)F)cc2)cc1,egb,2
c1ccc(-c2ccc(C(F)(F)C()(F)F)cc2)cc1,nc,2
c1ccc(-c2ccc(C(F)(F)C()(F)F)cc2)s1,egb,1
c1ccc(-c2ccc(C(F)(F)C()(F)F)cc2)s1,eps,1
c1ccc(-c2ccc(C(F)(F)C()(F)F)cc2)s1,nc,1
c1ccc(-c2ccc(C(F)(F)C()(F)F)s2)s1,eea,0
c1ccc(-c2ccc(C(F)(F)C()(F)F)s2)s1,ei,0
c1ccc(-c2ccc(C(F)(F)C()(F)F)s2)s1,nc,0
c1ccc(-c2ccc(N(c3ccccc3)c3ccc4ccc(N()c5ccccc5)cc4c3)cc2)cc1,egc,1
c1ccc(-c2ccc(N3C(=O)c4ccc(-c5cccc6c5C(=O)N()C6=O)cc4C3=O)c(C)c2)cc1C,egc,0
c1ccc(-c2ccc(N3C(=O)c4ccc(Oc5ccc6c(c5)C(=O)N()C6=O)cc4C3=O)cc2)cc1,egc,2
c1ccc(-c2ccc(N3C(=O)c4ccc(Oc5ccc6c(c5)C(=O)N()C6=O)cc4C3=O)cc2C)c(C)c1,egc,1
c1ccc(-c2ccc(Oc3ccc()s3)s2)cc1,eea,1
c1ccc(-c2ccc(Oc3ccc()s3)s2)cc1,egb,1
c1ccc(-c2ccc(Oc3ccc()s3)s2)cc1,eps,1
c1ccc(-c2ccc(Oc3ccc()s3)s2)cc1,nc,1
c1ccc(-c2ccc3nc()cc(-c4ccccc4)c3c2)cc1,egc,0
c1ccc(-c2ccc3nc(Oc4cc(-c5ccccc5)c5cc()ccc5n4)cc(-c4ccccc4)c3c2)cc1,egc,2
c1ccc(-c2ccc3nc4oc5cc6[nH]c7nc8cc()ccc8nc7nc-6[nH]c=5n-4ccc3c2)cc1,egc,1
c1ccc(-c2ccn3sc4nc5nc6c(cc5oc-4cc-3nc2)Nc2nc3ccc()cc3nc2O6)cc1,egc,0
c1ccc(-c2cnc3cc(-c4ccc5nc()cnc5c4)ccc3n2)cc1,egc,2
c1ccc(-c2cnc3cc(S(=O)(=O)c4ccc5nc()cnc5c4)ccc3n2)cc1,egc,1
c1ccc(-c2cnc3cc4ncc()nc4cc3n2)cc1,egc,0
c1ccc(-c2cnc3ccc(-c4ccc5nc()cnc5c4)cc3n2)cc1,egc,2
c1ccc(-c2cnc3ccc(-c4ccc5ncc()nc5c4)cc3n2)cc1,egc,1
c1ccc(-c2cnc3ccc(S(=O)(=O)c4ccc5ncc()nc5c4)cc3n2)cc1,egc,0
c1ccc(-c2csc(-c3cc()cs3)c2)cc1,egc,2
c1ccc(-c2csc(-c3nc()cs3)n2)cc1,egc,1
c1ccc(-c2nc(-c3ccc(-c4nc()sc4C(=O)O)cc3)c(C(=O)O)s2)cc1,egc,0
c1ccc(-c2nc3cc(-c4ccc5nc()c(-c6ccc7ccccc7c6)nc5c4)ccc3nc2-c2ccc3ccccc3c2)cc1,egc,2
c1ccc(-c2nc3cc(-c4ccc5nc()c(-c6ccccc6)nc5c4)ccc3nc2-c2ccccc2)cc1,egc,1
c1ccc(-c2nc3cc(-c4ccc5nc(-c6ccccc6)c()nc5c4)ccc3nc2-c2ccccc2)cc1,egc,0
c1ccc(-c2nc3cc(-c4ccc5oc()nc5c4)ccc3o2)cc1,egc,2
c1ccc(-c2nc3cc(Oc4ccc5nc()c(-c6ccccc6)nc5c4)ccc3nc2-c2ccccc2)cc1,egc,1
c1ccc(-c2nc3cc4nc()[nH]c4cc3[nH]2)cc1,egc,0
c1ccc(-c2nc3cc4nc()c(-c5ccccc5)nc4cc3nc2-c2ccccc2)cc1,egc,2
c1ccc(-c2nc3cc4nc()oc4cc3o2)cc1,ei,1
c1ccc(-c2nc3cc4nc(-c5ccccc5)c()nc4cc3nc2-c2ccccc2)cc1,egc,0
c1ccc(-c2nc3ccc(-c4ccc5nc()c(-c6ccccc6)nc5c4)cc3nc2-c2ccccc2)cc1,egc,2
c1ccc(-c2nc3ccc(-c4ccc5nc()sc5c4)cc3s2)cc1,egc,1
c1ccc(-c2nc3ccc(Oc4ccc5nc()c(-c6ccccc6)nc5c4)cc3nc2-c2ccccc2)cc1,egc,0
c1ccc(-c2nnc()o2)c(OCCCCC)c1,egc,2
c1ccc(-c2nnc()o2)cc1,egc,1
c1ccc(-c2nnc(-c3cccc(-c4nnc()o4)c3)o2)cc1,egc,0
c1ccc(-c2nnc(-c3cccc(-c4nnc()o4)n3)o2)cc1,egc,2
c1ccc(-c2nnc(-c3nnc()o3)o2)cc1,egc,1
c1ccc(-c2sc(-c3cc(SCCCC)c()s3)cc2SCCCC)cc1,egc,0
c1ccc(-c2sc(-c3cc(SCCCCCCCC)c()s3)cc2SCCCCCCCC)cc1,egc,2
c1ccc(-n2c(=O)c3cc4c(=O)n()c(=O)c4cc3c2=O)c(C)c1,egc,1
c1ccc(-n2c(=O)c3cc4c(=O)n()c(=O)c4cc3c2=O)cc1,egc,0
c1ccc(-n2ccc(-c3ccc(-c4ccn()n4)cc3)n2)cc1,egc,2
c1ccc(-n2ccc(-c3cccc(-c4ccn()n4)c3)n2)cc1,egc,1
c1ccc(C(=O)C(F)(F)C()(F)F)cc1,eea,2
c1ccc(C(=O)C(F)(F)C()(F)F)cc1,egb,2
c1ccc(C(=O)C(F)(F)C()(F)F)cc1,ei,2
c1ccc(C(=O)C(F)(F)C()(F)F)cc1,eps,2
c1ccc(C(=O)C(F)(F)C()(F)F)cc1,nc,2
c1ccc(C(=O)C(F)(F)C()(F)F)s1,eea,2
c1ccc(C(=O)C(F)(F)C()(F)F)s1,ei,2
c1ccc(C(=O)C(F)(F)C()(F)F)s1,eps,2
c1ccc(C(=O)Nc2ccc(-c3ccc(NC(=O)c4ccc(-n5c(=O)c6sc7c(=O)n()c(=O)c7sc6c5=O)cc4)cc3)cc2)cc1,egc,0
c1ccc(C(=O)Nc2ccc(-n3c(=O)c4cc5c(=O)n()c(=O)c5cc4c3=O)cc2C(=O)OCC)cc1,egc,2
c1ccc(C(=O)Nc2ccc(NC(=O)c3ccc(-n4c(=O)c5sc6c(=O)n()c(=O)c6sc5c4=O)cc3)cc2)cc1,egc,1
c1ccc(C(=O)Nc2ccc(Oc3ccc(NC(=O)c4ccc(-n5c(=O)c6cc7c(=O)n()c(=O)c7cc6c5=O)cc4)cc3)cc2)cc1,egc,0
c1ccc(C(=O)Nc2ccc(Oc3ccc(NC(=O)c4ccc(Oc5ccc(-c6nn()c(=O)c7ccccc67)c6ccccc56)cc4)cc3)cc2)cc1,egc,2
c1ccc(C(=O)Nc2cccc(-n3c(=O)c4cc5c(=O)n()c(=O)c5cc4c3=O)c2)cc1,egc,1
c1ccc(C(=O)c2cccc(-n3c(=O)c4cc5c(=O)n()c(=O)c5cc4c3=O)c2)cc1,egc,0
c1ccc(C(=S)c2ccc(-c3ccc()s3)s2)cc1,eea,2
c1ccc(C(=S)c2ccc(C(=S)C(=O)Nc3ccc(-c4ccc()s4)cc3)s2)s1,ei,1
c1ccc(C(C#N)(C(=O)O)C()(C#N)C(=O)O)cc1,egc,0
c1ccc(C(C)(C)c2ccc(-n3c(=O)c4cc5c(=O)n()c(=O)c5cc4c3=O)cc2)cc1,egc,2
c1ccc(C(C=CC)c2ccc(-n3c(=O)c4cc5c(=O)n()c(=O)c5cc4c3=O)cc2)cc1,egc,1
c1ccc(C(F)(F)C(=O)C()(F)F)cc1,nc,0
c1ccc(C(F)(F)C(=O)C()(F)F)s1,eps,2
c1ccc(C(F)(F)CC()(F)F)cc1,eea,1
c1ccc(C(F)(F)CC()(F)F)cc1,egb,1
c1ccc(C(F)(F)CC()(F)F)cc1,ei,1
c1ccc(C(F)(F)CC()(F)F)cc1,eps,1
c1ccc(C(F)(F)CC()(F)F)cc1,nc,1
c1ccc(C(F)(F)CC()(F)F)s1,eea,1
c1ccc(C(F)(F)CC()(F)F)s1,ei,1
c1ccc(C(F)(F)CC()(F)F)s1,nc,1
c1ccc(C(F)(F)NC()(F)F)cc1,eea,0
c1ccc(C(F)(F)NC()(F)F)cc1,egb,0
c1ccc(C(F)(F)NC()(F)F)cc1,nc,0
c1ccc(C(F)(F)NC()(F)F)s1,eea,2
c1ccc(C(F)(F)NC()(F)F)s1,ei,2
c1ccc(C(F)(F)NC()(F)F)s1,eps,2
c1ccc(C(F)(F)c2ccc(C()(F)F)cc2)cc1,egb,0
c1ccc(C(F)(F)c2ccc(C()(F)F)cc2)cc1,nc,0
c1ccc(C(F)(F)c2ccc(C()(F)F)cc2)s1,eea,1
c1ccc(C(F)(F)c2ccc(C()(F)F)cc2)s1,ei,1
c1ccc(C(F)(F)c2ccc(C()(F)F)cc2)s1,eps,1
c1ccc(C(F)(F)c2ccc(C()(F)F)s2)s1,eea,2
c1ccc(C(F)(F)c2ccc(C()(F)F)s2)s1,ei,2
c1ccc(C(c2ccc(-n3c(=O)c4cc5c(=O)n()c(=O)c5cc4c3=O)cc2)(C(F)(F)F)C(F)(F)F)cc1,egc,1
c1ccc(C(c2ccccc2)(c2ccc(-c3nc4ccc(-c5ccc6nc()oc6c5)cc4o3)cc2)C(F)(F)F)cc1,egc,0
c1ccc(C(c2ccccc2)(c2ccc(-n3c(=O)c4cc5c(=O)n()c(=O)c5cc4c3=O)cc2)C(F)(F)F)cc1,egc,2
c1ccc(C(c2ccccc2)c2ccc(N3C(=O)c4ccc(-c5ccc6c(c5)C(=O)N()C6=O)cc4C3=O)cc2)cc1,egc,1
c1ccc(C)c(N2C(=O)c3ccc(-c4ccc5c(c4)C(=O)N()C5=O)cc3C2=O)c1,egc,0
c1ccc(C)c(N2C(=O)c3ccc(S(=O)(=O)c4ccc5c(c4)C(=O)N()C5=O)cc3C2=O)c1,egc,2
c1ccc(C)c(N2CC(=O)N()CC2=O)c1,egc,1
c1ccc(C2(c3ccc(N4C(=O)c5ccc(-c6ccc7c(c6)C(=O)N()C7=O)cc5C4=O)cc3)c3ccccc3-c3ccccc32)cc1,egc,0
c1ccc(CC(F)(F)C()(F)F)cc1,egb,1
c1ccc(CC(F)(F)C()(F)F)cc1,nc,1
c1ccc(CC(F)(F)C()(F)F)s1,eea,0
c1ccc(CC(F)(F)C()(F)F)s1,ei,0
c1ccc(CC(F)(F)C()(F)F)s1,eps,0
c1ccc(CC(F)(F)C()(F)F)s1,nc,0
c1ccc(Cc2ccc(N3C(=O)C(=O)N()C3=O)cc2)cc1,egc,2
c1ccc(Cc2ccc(N3C(=O)C4CCC5C(=O)N()C(=O)C5C4C3=O)c(C)c2)cc1C,egc,1
c1ccc(Cc2ccc(N3C(=O)N()C3=O)cc2)cc1,egc,0
c1ccc(Cc2ccc(N3C(=O)c4ccc(-c5ccc6c(c5)C(=O)N()C6=O)cc4C3=O)cc2)cc1,egc,2
c1ccc(Cc2ccc(N3C(=O)c4ccc([Si](C)(C)c5ccc6c(c5)C(=O)N()C6=O)cc4C3=O)cc2)cc1,egc,1
c1ccc(Cc2cccc(-n3c(=O)c4cc5c(=O)n()c(=O)c5cc4c3=O)c2)cc1,egc,0
c1ccc(Cc2ccccc2-n2c(=O)c3cc4c(=O)n()c(=O)c4cc3c2=O)cc1,egc,2
c1ccc(N()c2ccc(S(=O)(=O)O)cc2)cc1,egc,1
c1ccc(N(c2ccc(C#N)cc2)c2ccc(-n3c(=O)c4cc5c(=O)n()c(=O)c5cc4c3=O)cc2)cc1,egc,0
c1ccc(N(c2ccc(C#N)cc2)c2ccc(N3C(=O)c4ccc(-c5ccc6c(c5)C(=O)N()C6=O)cc4C3=O)cc2)cc1,egc,2
c1ccc(N(c2ccc(C#N)cc2)c2ccc(N3C(=O)c4ccc(Oc5ccc6c(c5)C(=O)N()C6=O)cc4C3=O)cc2)cc1,egc,1
c1ccc(N(c2ccc(CCCC)cc2)c2ccc(-c3ccc()s3)cc2)cc1,egc,0
c1ccc(N2C(=O)c3ccc(-c4ccc5c(c4)C(=O)N()C5=O)cc3C2=O)nc1,egc,2
c1ccc(N2C(=O)c3ccc(-c4cccc5c4C(=O)N()C5=O)cc3C2=O)cc1,egc,1
c1ccc(N2C(=O)c3ccc(-c4cccc5c4C(=O)N(c4ccc6[nH]c()nc6c4)C5=O)cc3C2=O)cc1,egc,0
c1ccc(N2C(=O)c3ccc(C(=O)c4ccc5c(c4)C(=O)N(c4ccc6[nH]c()nc6c4)C5=O)cc3C2=O)cc1,egc,2
c1ccc(N2C(=O)c3ccc(Oc4ccc5c(c4)C(=O)N()C5=O)cc3C2=O)cc1,egc,1
c1ccc(N2CCC(c3cccc(C4=NN()CC4)c3)=N2)cc1,egc,0
c1ccc(NC(=O)c2cc(NC(=O)c3ccc(OC(C)=O)cc3)cc(C(=O)Nc3ccc(-c4nnc()o4)cc3)c2)cc1,egc,2
c1ccc(NC(=O)c2ccc(C(=O)Nc3ccc(-c4nc5ccc(-c6ccc7nc()[nH]c7c6)cc5[nH]4)cc3)cc2)cc1,egc,1
c1ccc(NC(=O)c2cccc(C(=O)Nc3ccc(-n4c(=O)c5cc6c(=O)n()c(=O)c6cc5c4=O)cc3)c2)cc1,egc,0
c1ccc(NC(F)(F)C()(F)F)cc1,egb,0
c1ccc(NC(F)(F)C()(F)F)cc1,ei,0
c1ccc(NC(F)(F)C()(F)F)cc1,nc,0
c1ccc(NC(F)(F)C()(F)F)s1,egb,2
c1ccc(NC(F)(F)C()(F)F)s1,ei,2
c1ccc(NC(F)(F)C()(F)F)s1,nc,2
c1ccc(OC(=O)c2cccc(C(=O)Oc3ccc(C4()OC(=O)c5ccccc54)cc3)c2)cc1,egc,2
c1ccc(OC(=S)c2ccc()s2)cc1,eea,0
c1ccc(OC(=S)c2ccc()s2)cc1,egb,0
c1ccc(OC(=S)c2ccc()s2)cc1,ei,0
c1ccc(OC(=S)c2ccc()s2)cc1,nc,0
c1ccc(OCC2CCC(COc3ccc(-n4c(=O)c5cc6c(=O)n()c(=O)c6cc5c4=O)cc3)CC2)cc1,egc,1
c1ccc(Oc2ccc(-c3cc(-c4ccccc4)c4cc5nc()cc(-c6ccccc6)c5cc4n3)cc2)cc1,egc,0
c1ccc(Oc2ccc(-c3cnc4cc(-c5ccc6nc()cnc6c5)ccc4n3)cc2)cc1,egc,2
c1ccc(Oc2ccc(-c3cnc4cc5ncc()nc5cc4n3)cc2)cc1,egc,1
c1ccc(Oc2ccc(-c3cnc4ccc(-c5ccc6nc()cnc6c5)cc4n3)cc2)cc1,egc,0
c1ccc(Oc2ccc(-c3csc(-c4nc()cs4)n3)cc2)cc1,egc,2
c1ccc(Oc2ccc(-c3nc4cc(-c5ccc6nc()c(-c7ccccc7)nc6c5)ccc4nc3-c3ccccc3)cc2)cc1,egc,1
c1ccc(Oc2ccc(-c3nc4cc5sc()nc5cc4s3)cc2)cc1,egc,0
c1ccc(Oc2ccc(-c3nnc()o3)cc2)cc1,egc,2
c1ccc(Oc2ccc(-n3c(=O)c4c(F)c5c(=O)n()c(=O)c5c(F)c4c3=O)cc2)cc1,egc,1
c1ccc(Oc2ccc(-n3c(=O)c4c(Oc5ccc(OCCCC)cc5)c5c(=O)n()c(=O)c5c(Oc5ccc(OCCCC)cc5)c4c3=O)cc2)cc1,egc,0
c1ccc(Oc2ccc(-n3c(=O)c4cc5c(=O)n()c(=O)c5cc4c3=O)cc2)cc1,egc,2
c1ccc(Oc2ccc(-n3c(=O)c4cc5c(=O)n()c(=O)c5cc4c3=O)cc2-c2ccccc2)cc1,egc,1
c1ccc(Oc2ccc(-n3c(=O)c4cc5c(=O)n()c(=O)c5cc4c3=O)cc2Br)c(Br)c1,egc,0
c1ccc(Oc2ccc(-n3c(=O)c4cc5c(=O)n(-c6ncc()s6)c(=O)c5cc4c3=O)cc2)cc1,egc,2
c1ccc(Oc2ccc(C(=O)c3ccc(Oc4ccc(-n5c(=O)c6cc7c(=O)n()c(=O)c7cc6c5=O)cc4)cc3)cc2)cc1,egc,1
c1ccc(Oc2ccc(C(=O)c3ccc(Oc4ccc(C(=O)c5ccc(Oc6ccc(-c7nc8ccccc8n7-c7ccc(-n8c()nc9ccccc98)cc7)cc6)cc5)cc4)cc3)cc2)cc1,egc,0
c1ccc(Oc2ccc(C(C)(C)c3ccc(Oc4ccc(-n5c(=O)c6cc7c(=O)n()c(=O)c7cc6c5=O)cc4)cc3)cc2)cc1,egc,2
c1ccc(Oc2ccc(N3C(=O)N()C3=O)cc2)cc1,egc,1
c1ccc(Oc2ccc(N3C(=O)c4ccc(S(=O)(=O)c5ccc6c(c5)C(=O)N()C6=O)cc4C3=O)cc2Br)c(Br)c1,egc,0
c1ccc(Oc2ccc(Oc3ccc(-n4c(=O)c5cc6c(=O)n()c(=O)c6cc5c4=O)cc3)cc2)cc1,egc,2
c1ccc(Oc2ccc(Oc3ccc(-n4c(=O)c5cc6c(=O)n()c(=O)c6cc5c4=O)cc3)cc2C(C)(C)C)cc1,egc,1
c1ccc(Oc2ccc(Oc3ccc(-n4c(=O)c5cc6c(=O)n()c(=O)c6cc5c4=O)cc3)cc2C)cc1,egc,0
c1ccc(Oc2ccc(Oc3ccc(N4C(=O)C5CCC6C(=O)N()C(=O)C6C5C4=O)cc3)cc2)cc1,egc,2
c1ccc(Oc2ccc(Oc3ccc(N4C(=O)CC(=O)N()C4=S)cc3)cc2)cc1,egc,1
c1ccc(Oc2ccc(P(=O)(c3ccccc3)c3ccc(Oc4ccc(-c5cc()[nH]n5)cc4)cc3)cc2)cc1,egc,0
c1ccc(Oc2ccc3ccc(Oc4ccc(-n5c(=O)c6cc7c(=O)n()c(=O)c7cc6c5=O)cc4)cc3c2)cc1,egc,2
c1ccc(Oc2cccc(-n3c(=O)c4cc5c(=O)n()c(=O)c5cc4c3=O)c2)cc1,egc,1
c1ccc(Oc2cccc(Oc3ccc(-n4c(=O)c5cc6c(=O)n()c(=O)c6cc5c4=O)cc3)c2C#N)cc1,egc,0
c1ccc(Oc2cccc3c(Oc4ccc(-n5c(=O)c6cc7c(=O)n()c(=O)c7cc6c5=O)cc4)cccc23)cc1,egc,2
c1ccc(Oc2ccccc2-n2c(=O)c3cc4c(=O)n()c(=O)c4cc3c2=O)cc1,egc,1
c1ccc(Oc2ccccc2Oc2ccc(-n3c(=O)c4cc5c(=O)n()c(=O)c5cc4c3=O)cc2)cc1,egc,0
c1ccc(S()(=O)=O)cc1,egc,2
c1ccc(S(=O)(=O)c2ccc(-n3c(=O)c4cc5c(=O)n()c(=O)c5cc4c3=O)cc2)cc1,egc,1
c1ccc(S(=O)(=O)c2ccc(-n3nc(-c4ccc(Oc5ccc(-c6nn()c(=O)c7ccccc67)cc5)cc4)c4ccccc4c3=O)cc2)cc1,egc,0
c1ccc(S(=O)(=O)c2ccc(N3C(=O)c4ccc(-c5ccc6c(c5)C(=O)N()C6=O)cc4C3=O)cc2)cc1,egc,2
c1ccc(SSc2ccc(-n3c(=O)c4cc5c(=O)n()c(=O)c5cc4c3=O)cc2)cc1,egc,1
c1ccc(Sc2ccc(-c3nc4ccc(-c5ccc6nc()c(-c7ccccc7)nc6c5)cc4nc3-c3ccccc3)cc2)cc1,egc,0
c1ccc(Sc2ccc(-c3nn(-c4ccc(S(=O)(=O)c5ccc(-n6nc()c7ccccc7c6=O)cc5)cc4)c(=O)c4ccccc34)cc2)cc1,egc,2
c1ccc(Sc2ccc(-n3c(=O)c4cc5c(=O)n()c(=O)c5cc4c3=O)cc2)cc1,egc,1
c1ccc([Si](c2ccccc2)(c2ccccc2)c2ccc(-c3nnc()o3)cc2)cc1,egc,0
c1ccc(cc1),tg,2
c1ccc(cc1)C()C,tg,1
c1ccc(cc1)C(=Cc1c(cc(c(c1)OC)C=C()c1ccc(cc1)F)OC)c1ccc(cc1)F,tg,0
c1ccc(cc1)C(=Cc1c(cc(c(c1)OC)C=C()c1ccc(cc1)OC)OC)c1ccc(cc1)OC,tg,2
c1ccc(cc1)C(C()(C(=O)OCC(C)C)C#N)(C(=O)OCC(C)C)C#N,tg,1
c1ccc(cc1)C(C()(C(=O)OCC)C#N)(C(=O)OCC)C#N,tg,0
c1ccc(cc1)C(C()(F)F)(F)F,tg,2
c1ccc(cc1)C=C,tg,1
c1ccc(cc1)C=C(c1ccc(cc1)C(=Cc1ccc(cc1)C=Cc1c(cc(c(c1)OC)C=C)OC)Oc1ccccc1)c1ccc(cc1)Oc1ccccc1,tg,0
c1ccc(cc1)C=C1C(=O)C(=Cc2ccc(cc2)C(=O)c2cc(ccc2)C(=O))CC1,tg,2
c1ccc(cc1)c1c(cc(c(c1)OCCCCCC)c1ccc(cc1)C=C1C(=O)C(=C)CCC1)OCCCCCC,tg,1
c1ccc(cc1)c1c(cc(c(c1c1ccccc1)c1ccccc1)c1cc(ccc1)c1c(c(c(c(c1)c1ccccc1)c1ccc(cc1)CCC)c1ccccc1)c1ccccc1)c1ccccc1,tg,0
c1ccc(cc1)c1c(cc(c(c1c1ccccc1)c1ccccc1)c1cc(ccc1)c1c(c(c(c(c1)c1ccccc1)c1ccc(cc1)CCCC)c1ccccc1)c1ccccc1)c1ccccc1,tg,2
c1ccc(cc1)c1c(cc(c(c1c1ccccc1)c1ccccc1)c1cc(ccc1)c1c(c(c(c(c1)c1ccccc1)c1ccc(cc1)CCCCCC)c1ccccc1)c1ccccc1)c1ccccc1,tg,1
c1ccc(cc1)c1c(cc(c(c1c1ccccc1)c1ccccc1)c1cc(ccc1)c1c(c(c(c(c1)c1ccccc1)c1ccc(cc1)CCCCCCCCCC)c1ccccc1)c1ccccc1)c1ccccc1,tg,0
c1ccc(cc1)c1c(cc(c(c1c1ccccc1)c1ccccc1)c1ccc(cc1)c1c(c(c(c(c1)c1ccccc1)c1ccc(cc1)CCC)c1ccccc1)c1ccccc1)c1ccccc1,tg,2
c1ccc(cc1)c1c(cc(c(c1c1ccccc1)c1ccccc1)c1ccc(cc1)c1c(c(c(c(c1)c1ccccc1)c1ccc(cc1)CCCC)c1ccccc1)c1ccccc1)c1ccccc1,tg,1
c1ccc(cc1)c1c(cc(c(c1c1ccccc1)c1ccccc1)c1ccc(cc1)c1c(c(c(c(c1)c1ccccc1)c1ccc(cc1)CCCCCC)c1ccccc1)c1ccccc1)c1ccccc1,tg,0
c1ccc(cc1)c1c(cc(c(c1c1ccccc1)c1ccccc1)c1ccc(cc1)c1c(c(c(c(c1)c1ccccc1)c1ccc(cc1)CCCCCCCCCC)c1ccccc1)c1ccccc1)c1ccccc1,tg,2
c1ccc(cc1)c1c(cc(c(c1c1ccccc1)c1ccccc1)c1ccc(cc1)c1c(c(c(c(c1)c1ccccc1)c1ccc(cc1)CCCCCCCCCCCCCC)c1ccccc1)c1ccccc1)c1ccccc1,tg,1
c1ccc(cc1)c1ccc(cc1)C(=Cc1c(cc(c(c1)OC)C=C()c1ccc(cc1)F)OC)c1ccc(cc1)F,tg,0
c1ccc(cc1)c1ccc(cc1)C(=Cc1ccc(cc1)C=C()c1ccccc1)c1ccccc1,tg,2
c1ccc(cc1)c1ccc(cc1)C(=Nc1ccccc1),tg,1
c1ccc(cc1)c1ccc(cc1)C1(CCCCC1),tg,0
c1ccc2N(c3c(Sc2c1)cc(cc3)C=C)c1ccc(cc1)OCCCCCCCCCCCC,tg,2
c1ccc2N(c3c(Sc2c1)cc(cc3)c1ccc2N(c3c(Sc2c1)cc(cc3)C=C)c1ccc(cc1)OCCCCCCCCCCCC)c1ccc(cc1)OCCCCCCCCCCCC,tg,1
c1ccc2N(c3c(Sc2c1)cc(cc3)c1sc(cc1)c1sc(cc1))CCCCCC,tg,0
c1ccc2N(c3c(Sc2c1)cc(cc3)c1sc(cc1)c1sc(cc1))CCCCCCCCCC,tg,2
c1ccc2N(c3c(Sc2c1)cc(cc3)c1sc(cc1)c1sc(cc1)c1ccc2N(c3c(Sc2c1)cc(cc3)C=C)c1ccc(cc1)OCCCCCCCCCCCC)c1ccc(cc1)OCCCCCCCCCCCC,tg,1
c1ccc2N(c3c(Sc2c1)cc(cc3)c1sc2c(c1CCCCC)sc(c2))CCCCCCCCCC,tg,0
c1ccc2N(c3c(Sc2c1)cc(cc3)c1sc2c(c1CCCCC)sc(c2))CCCCCCCCCCCC,tg,2
c1ccc2[nH]c()nc2c1,egc,1
c1ccc2c()c(-c3ccccc3)[nH]c2c1,egc,0
c1ccc2c(c1)C(=O)N(c1cc(N3C(=O)c4ccc(C()(C(F)(F)F)C(F)(F)F)cc4C3=O)c(O)cc1O)C2=O,egc,2
c1ccc2c(c1)C(=O)N(c1ccc(C(C)(C)C()(C(F)(F)F)C(F)(F)F)cc1)C2=O,egc,1
c1ccc2c(c1)C(=O)N(c1ccc(Oc3ccc(N4C(=O)c5ccc(C(F)(F)C(F)(F)C(F)(F)C(F)(F)C(F)(F)C(F)(F)C(F)(F)C()(F)F)cc5C4=O)cc3)cc1)C2=O,egc,0
c1ccc2c(c1)Cc1cc()ccc1-2,egc,2
c1ccc2c(c1)Cc1cc(N3C(=O)c4ccc(-c5ccc6c(c5)C(=O)N()C6=O)cc4C3=O)ccc1-2,egc,1
c1ccc2c(c1)[Si](C)(C)c1cc()ccc1N2C,egc,0
c1ccc2c(c1)c(=O)oc(n2)c1cc(cc(c1)N1C(=O)c2c(C1=O)cccc2)c1oc(=O)c2c(ccc(c2)C)n1,tg,2
c1ccc2c(c1)c1cc()ccc1n2-c1ccccc1,egc,1
c1ccc2c(c1)c1cc()ccc1n2C,egc,0
c1ccc2c(c1)c1cc()ccc1n2C(=O)NO,egc,2
c1ccc2c(c1)c1cc()ccc1n2C(=O)OCC,egc,1
c1ccc2c(c1)c1cc()ccc1n2CC(=O)OCC,egc,0
c1ccc2c(c1)c1cc()ccc1n2CC1CO1,egc,2
c1ccc2c(c1)c1cc()ccc1n2CCC(=O)OCC,egc,1
c1ccc2c(nc([nH]2)c2cc(cc(c2)N2C(=O)c3c(C2=O)cccc3)c2nc3c([nH]2)ccc(c3)C(=O)Nc2cc(ccc2)NC(=O))c1,tg,0
c1ccc2c(nc([nH]2)c2cc(cc(c2)N2C(=O)c3c(C2=O)cccc3)c2nc3c([nH]2)ccc(c3)C(=O)Nc2ccc(cc2)S(=O)(=O)c2ccc(cc2)NC(=O))c1,tg,2
c1ccc2c(nc([nH]2)c2cc(ccc2)c2nc3c([nH]2)ccc(c3)C(=O)Nc2cc(cc(c2)c2nc3c([nH]2)cccc3)NC(=O))c1,tg,1
c1ccc2c(nc([nH]2)c2cc(ccc2)c2nc3c([nH]2)ccc(c3)C(=O)Nc2cc(ccc2)NC(=O)c2cc(ccc2)NC(=O))c1,tg,0
c1ccc2c(nc([nH]2)c2cc(ccc2)c2nc3c([nH]2)ccc(c3)C(=O)Nc2ccc(cc2)NC(=O)c2ccc(cc2)NC(=O))c1,tg,2
c1ccc2c(nc([nH]2)c2cc(ccc2)c2nc3c([nH]2)ccc(c3)C(=O)Nc2ccc(cc2)S(=O)(=O)c2ccc(cc2)NC(=O))c1,tg,1
c1ccc2c(nc([nH]2)c2cc(ccc2)c2nc3c([nH]2)ccc(c3)C(=O)Nc2nc(ccc2)NC(=O))c1,tg,0
c1ccc2c(nc([nH]2)c2ccc(cc2)C(=O)Nc2ccc(cc2)C(=O)Nc2ccc(cc2)NC(=O))c1,tg,2
c1ccc2c(nc([nH]2)c2ccc(cc2)c2nc3c([nH]2)ccc(c3)C(=O)Nc2cc(ccc2)NC(=O))c1,tg,1
c1ccc2c(nc(cn2)c2ccc(cc2)c2nc3c(nc2)ccc(c3)C(=O))c1,tg,0
c1ccc2c3n(c4ccc(cc4n3)Oc3cc4n5c(nc4cc3)c3cccc4c(ccc(c5=O)c34)Oc3cc(ccc3)O)c(=O)c3cccc1c23,tg,2
c1ccc2c3n(c4ccc(cc4n3)Oc3cc4n5c(nc4cc3)c3cccc4c(ccc(c5=O)c34)Oc3ccc(cc3)C(c3ccc(cc3)O)(C)C)c(=O)c3cccc1c23,tg,1
c1ccc2c3n(c4ccc(cc4n3)Oc3cc4n5c(nc4cc3)c3cccc4c(ccc(c5=O)c34)Oc3ccc(cc3)S(=O)(=O)c3ccc(cc3)O)c(=O)c3cccc1c23,tg,0
c1ccc2c3n(c4ccc(cc4n3)Oc3cc4n5c(nc4cc3)c3cccc4c(ccc(c5=O)c34)Oc3ccc(cc3)Sc3ccc(cc3)O)c(=O)c3cccc1c23,tg,2
c1ccc2c3n(c4ccc(cc4n3)c3cc4n5c(nc4cc3)c3cccc4c(ccc(c5=O)c34)Oc3cc(ccc3)O)c(=O)c3cccc1c23,tg,1
c1ccc2c3n(c4ccc(cc4n3)c3cc4n5c(nc4cc3)c3cccc4c(ccc(c5=O)c34)Oc3cc4c(cc3)cc(cc4)O)c(=O)c3cccc1c23,tg,0
c1ccc2c3n(c4ccc(cc4n3)c3cc4n5c(nc4cc3)c3cccc4c(ccc(c5=O)c34)Oc3ccc(cc3)C(c3ccc(cc3)O)(C)C)c(=O)c3cccc1c23,tg,2
c1ccc2c3n(c4ccc(cc4n3)c3cc4n5c(nc4cc3)c3cccc4c(ccc(c5=O)c34)Oc3ccc(cc3)C(c3ccc(cc3)O)(c3ccccc3)c3ccccc3)c(=O)c3cccc1c23,tg,1
c1ccc2c3n(c4ccc(cc4n3)c3cc4n5c(nc4cc3)c3cccc4c(ccc(c5=O)c34)Oc3ccc(cc3)C3(c4ccccc4c4ccccc34)c3ccc(cc3)O)c(=O)c3cccc1c23,tg,0
c1ccc2c3n(c4ccc(cc4n3)c3cc4n5c(nc4cc3)c3cccc4c(ccc(c5=O)c34)Oc3ccc(cc3)Sc3ccc(cc3)O)c(=O)c3cccc1c23,tg,2
c1ccc2cc()n(C(C(=O)NO)n3ccc4ccccc43)c2c1,egc,1
c1ccc2cc(-c3nc4cc5nc()[nH]c5cc4[nH]3)ccc2c1,egc,0
c1ccc2cc(-c3nc4cc5sc()nc5cc4s3)ccc2c1,egc,2
c1ccc2cc(N()c3ccccc3)ccc2c1,egc,1
c1ccc2ccc3c()cc(C#CC#C[Si](C)(C)C)c4ccc1c2c34,egc,0
c1ccc2ccc3c()cc(C#CC=C)c4ccc1c2c34,egc,2
c1ccc2ccc3c(c2n1)nc(cc3)c1ccc(cc1)c1c(cc(c(c1)CCCCCC)c1ccc(cc1))CCCCCC,tg,1
c1ccc2n(c3c(c2c1)cc(cc3)C=C(C(=O)OCCCCCCCCCCOC(=O)C(=C)C#N)C#N)CCCCCCCCCCCCCC,tg,0
c1ccc2n(c3c(c2c1)cc(cc3)C=C(C(=O)OCCCCCCOC(=O)C(=C)C#N)C#N)CCCCCCCCCCCCCC,tg,2
c1ccc2n(c3c(c2c1)cc(cc3)C=C(C(=O)OCCCCCCOC(=O)C(=C)C#N)C#N)CCCCCCCCCCCOc1ccc(cc1)C=Cc1ccc(cc1)[N+](=O)[O-],tg,1
c1ccc2n(c3c(c2c1)cc(cc3)C=Cc1ccc(cc1)c1n(c(nn1)c1ccc(cc1)C=C)c1ccccc1)CCCCCCCC,tg,0
c1ccc2n(c3c(c2c1)cc(cc3)C=Cc1nc(c(c(c1C#N)C=Cc1ccc(cc1)N(c1ccccc1)c1ccccc1)C#N)C=C)CCCCCC,tg,2
c1ccc2n(c3c(c2c1)cc(cc3)Nc1ccc(cc1)C(=O)c1ccc(cc1)N)CC(CCCC)CC,tg,1
c1ccc2n(c3c(c2c1)cc(cc3)Nc1ccc(cc1)Oc1ccc(cc1)N)CC(CCCC)CC,tg,0
c1ccc2n(c3c(c2c1)cc(cc3)Nc1ccc(cc1)c1ccc(cc1)N)CC(CCCC)CC,tg,2
c1ccc2n(c3c(c2c1)cc(cc3)c1c2cc(ccc2c(c2cc(ccc12)C=Cc1ccc(cc1)N(CCCCCC)CCCCCC))C=Cc1ccc(cc1)N(CCCCCC)CCCCCC)CCCCCCCC,tg,1
c1ccc2n(c3c(c2c1)cc(cc3)c1cc2C(c3c(c2cc1)ccc(c3))(CCCCCC)CCCCCC)c1ccc(cc1)C,tg,0
c1ccc2n(c3c(c2c1)cc(cc3)c1cc2C(c3c(c2cc1)ccc(c3))(CCCCCC)CCCCCC)c1ccc(cc1)OC,tg,2
c1ccc2n(c3c(c2c1)cc(cc3)c1ccc2n(c3c(c2c1)cc(cc3)C=Cc1ccc(cc1)c1n(c(nn1)c1ccc(cc1)C=C)c1ccccc1)CCCCCCCC)CCCCCCCC,tg,1
c1ccc2n(c3c(c2c1)cc(cc3)c1sc(cc1)c1c2c(nsn2)c(cc1)c1sc(cc1))C(CCCCCCCC)CCCCCCCC,tg,0
c1ccc2nc()oc2c1,egc,2
c1ccc2nc()sc2c1,egc,1
c1ccc2oc()nc2c1,egc,0
c1ccc2oc(-c3ccc4nc()oc4c3)nc2c1,eea,1
c1ccc2oc(-c3ccc4nc()oc4c3)nc2c1,egb,1
c1ccc2oc(-c3ccc4nc()oc4c3)nc2c1,nc,1
c1ccc2oc3c(c2c1)cc(cc3)S(=O)(=O),tg,2
c1cccc()c1N,egc,1
c1cccc()n1,egb,0
c1cccc()n1,egc,0
c1cccc()n1,eps,0
c1cccc(-c2cc()cc3c2NC(C)(C)OC3(C)C)c1,egc,0
c1cccc(-c2ccc(-c3ccc()s3)s2)n1,egb,2
c1cccc(-c2nc3cc(-c4ccc5[nH]c()nc5c4)ccc3[nH]2)c1,egc,1
c1cccc(-c2nc3cc(-c4ccc5nc()c(-c6ccc7ccccc7c6)nc5c4)ccc3nc2-c2ccc3ccccc3c2)c1,egc,0
c1cccc(-c2nc3cc(-c4ccc5oc()nc5c4)ccc3o2)c1,egc,2
c1cccc(-c2nc3cc4nc()[nH]c4cc3[nH]2)c1,egc,1
c1cccc(-c2nc3cc4nc()c(-c5ccccc5)nc4cc3nc2-c2ccccc2)c1,egb,0
c1cccc(-c2nc3cc4nc()c(-c5ccccc5)nc4cc3nc2-c2ccccc2)c1,egc,0
c1cccc(-c2nc3ccc(-c4ccc5nc()oc5c4)cc3o2)c1,egc,0
c1cccc(-c2nc3ccc(-c4ccc5oc()nc5c4)cc3o2)c1,egc,2
c1cccc(-c2nnc()o2)c1,egc,1
c1cccc(-c2nnc(-c3cccc(-c4nnc()o4)n3)o2)c1,egc,0
c1cccc(-c2nnc(-c3nnc()o3)o2)c1,egc,2
c1cccc(C(=O)Nc2ccc(NC(=O)c3cccc(N4C(=O)c5ccc(-c6cccc7c6C(=O)N()C7=O)cc5C4=O)c3)cc2)c1,egc,1
c1cccc(C(F)(F)C(F)(F)C()(F)F)c1,egc,0
c1cccc(C(c2ccccc2)(c2cccc(N3C(=O)c4ccc(Oc5ccc6c(c5)C(=O)N()C6=O)cc4C3=O)c2)C(F)(F)F)c1,egc,2
c1cccc(N2C(=O)c3ccc(Oc4ccc(Oc5ccc(Oc6ccc7c(c6)C(=O)N()C7=O)cc5)cc4)cc3C2=O)c1,egc,1
c1cccc(N2C(=O)c3ccc(P(=O)(c4ccccc4)c4ccc5c(c4)C(=O)N()C5=O)cc3C2=O)c1,egc,0
c1cccc(N2CC(=O)N()CC2=O)c1,egc,2
c1cccc2c(-n3c(=O)c4cc5c(=O)n()c(=O)c5cc4c3=O)cccc12,egc,1
c1cnc()c(C)c1,egc,0
c1cnc(s1)N1C(=O)c2c(C1=O)cc(cc2)Oc1cc2c(C(=O)N(C2=O)c2ccc(cc2)Oc2ccc(cc2))cc1,tg,2
c1cncc(-c2nc3ccc(-c4ccc5nc()sc5c4)cc3s2)c1,egc,1
c1cncc(-c2nnc(-c3nnc()o3)o2)n1,egc,0
c1cocc1COC(=O)Nc1ccc(cc1)Cc1ccc(cc1)NC(=O)OC,tg,2
c1csc()c1,egc,1
c1n(c(cc1)Oc1ccc(cc1)C(c1ccc(cc1)OC)(C)C)c1ccc(cc1)C#N,tg,0
c1n(c(cc1)Oc1ccc(cc1)C(c1ccc(cc1)OC)(C)C)c1ccc(cc1)[N+](=O)[O-],tg,2
c1n(c(cc1)c1sc(cc1)c1sc(cc1)c1sc(cc1))CCCCCCCCCCCC,tg,1
c1n(c(cc1)c1sc(cc1)c1sc(cc1)c1sc(cc1)c1sc(cc1))CCCCCCCCCCCC,tg,0
c1n(c(nn1)c1cc(ccc1)c1n(c(nn1)c1ccc(cc1))c1ccccc1)c1ccccc1,tg,2
c1n(c(nn1)c1ccc(cc1)Oc1ccc(cc1)C(c1ccc(cc1)Oc1ccc(cc1))(C(F)(F)F)C(F)(F)F)c1ccc(cc1)C,tg,1
c1n(c(nn1)c1ccc(cc1)Oc1ccc(cc1)C(c1ccc(cc1)Oc1ccc(cc1))(C(F)(F)F)C(F)(F)F)c1ccc(cc1)S(=O)(=O)C,tg,0
c1n(c(nn1)c1ccc(cc1)Oc1ccc(cc1)C(c1ccc(cc1)Oc1ccc(cc1))(C(F)(F)F)C(F)(F)F)c1ccc(cc1)S(=O)(=O)c1ccccc1,tg,2
c1n(c(nn1)c1ccc(cc1)Oc1ccc(cc1)C(c1ccc(cc1)Oc1ccc(cc1))(C)C)c1cc(ccc1)C(F)(F)F,tg,1
c1n(c(nn1)c1ccc(cc1)Oc1ccc(cc1)C(c1ccc(cc1)Oc1ccc(cc1))(C)C)c1ccc(cc1)C,tg,0
c1n(c(nn1)c1ccc(cc1)Oc1ccc(cc1)C(c1ccc(cc1)Oc1ccc(cc1))(C)C)c1ccc(cc1)S(=O)(=O)c1ccccc1,tg,2
c1n(c(nn1)c1ccc(cc1)Oc1ccc(cc1)C(c1ccc(cc1)Oc1ccc(cc1))(C)C)c1ccccc1,tg,1
c1n(nc(c1)c1ccc(cc1)Oc1ccc(cc1)C(=O)c1cc(ccc1)C(=O)c1ccc(cc1)Oc1ccc(cc1))c1ccccc1,tg,0
c1n(nc(c1)c1ccc(cc1)Oc1ccc(cc1)C(=O)c1ccc(cc1)C(=O)c1ccc(cc1)Oc1ccc(cc1))c1ccccc1,tg,2
c1n(nc(c1)c1ccc(cc1)Oc1ccc(cc1)C(=O)c1ccc(cc1)Oc1ccc(cc1))c1ccccc1,tg,1
c1n(nc(c1)c1ccc(cc1)Oc1ccc(cc1)C(=O)c1ccc(cc1)Oc1ccc(cc1)C(=O)c1ccc(cc1)Oc1ccc(cc1))c1ccccc1,tg,0
c1nc(-c2ccccc2)nc(N()C)n1,egc,2
c1nc(-c2ccccc2)nc(N()CC)n1,egc,1
c1nc(-c2ccccc2)nc(N()c2ccccc2)n1,egc,0
c1nc(C)nc(N()c2ccccc2)n1,egc,2
c1nc(C)nc(N(CCCCCCN()c2ccccc2)c2ccccc2)n1,egc,1
c1nc(C)nc(N(CCCCN()c2ccccc2)c2ccccc2)n1,egc,0
c1nc(Cl)nc(N(c2ccccc2)c2nc(Nc3ccccc3)nc(N()c3ccccc3)n2)n1,egc,2
c1nc(Oc2ccccc2)nc(N()c2ccccc2)n1,egc,1
c1nc(c(c(c1C#N)C=Cc1ccc(cc1)N(c1ccccc1)c1ccccc1)C#N)C=Cc1c(cc(c(c1)CCCCCCCCCCCCCCCC)C=C)CCCCCCCCCCCCCCCC,tg,0
c1nc(c(c(c1C#N)C=Cc1ccc(cc1)N(c1ccccc1)c1ccccc1)C#N)C=Cc1cc2C(c3c(c2cc1)ccc(c3)C=C)(CCCCCC)CCCCCC,tg,2
c1nc(c(nc1c1ccc(cc1)NC1C(=O)N(C(=O)C1)c1ccc(cc1)c1sc(c(c1c1ccccc1)c1ccccc1)c1ccc(cc1)N1C(=O)C(CC1=O)Nc1ccc(cc1))C#N)C#N,tg,1
c1nc(ccc1)C(=O)Nc1cc(cc(c1)c1oc(nn1)c1ncccc1)NC(=O),tg,0
c1nc(ccc1)C=Cc1c2c(ccc1OC(=O)c1ccc(cc1)C(=O)Oc1c(c3c(cc1)cccc3)C=C)cccc2,tg,2
c1nc(ccc1)NC(=O)NCCCCCCNC(=O)N,tg,1
c1nc(ccc1)NC(=O)Nc1ccc(cc1)Cc1ccc(cc1)NC(=O)N,tg,0
c1nc(ccc1)Oc1c(cc(cc1)O)C,tg,2
c1nc(ccc1)Oc1cc(ccc1)O,tg,1
c1nc(ccc1)Oc1ccc(cc1)O,tg,0
c1nc(ccc1)Oc1ccc(cc1)Oc1ccc(cc1)C(=Nc1ccccc1)c1ccc(cc1)Oc1ccc(cc1)O,tg,2
c1nc(ccc1)Oc1ccc(cc1)Oc1ccc(cc1)C(=O)c1ccc(cc1)Oc1ccc(cc1)O,tg,1
c1nc(ccc1)Oc1ccc(cc1)Oc1ccc(cc1)P(=O)(c1ccc(cc1)Oc1ccc(cc1)O)c1ccccc1,tg,0
c1nc(ccc1)Oc1ccc(cc1)c1ccc(cc1)O,tg,2
c1nc(ccc1)c1cc(c(cc1)Oc1ccc(cc1)C(c1ccc(cc1)Oc1c(cc(cc1))C(F)(F)F)(C(F)(F)F)C(F)(F)F)C(F)(F)F,tg,1
c1nc(ccc1)c1cc(c(cc1)Oc1ccc(cc1)C(c1ccc(cc1)Oc1c(cc(cc1))C(F)(F)F)(C)C)C(F)(F)F,tg,0
c1nc(ccc1)c1cc(c(cc1)Oc1ccc(cc1)C1(c2ccccc2c2ccccc12)c1ccc(cc1)Oc1c(cc(cc1))C(F)(F)F)C(F)(F)F,tg,2
c1nc(cnc1)Oc1ccc(cc1)C(c1ccc(cc1)O)(C)C,tg,1
c1nc(nc(c1c1ccc(cc1)OC)OCCOC(=O)CCCCC(=O)OCCO)c1ccc(cc1)OCCCC,tg,0
c1nc(nc(c1c1ccc(cc1)OC)OCCOC(=O)c1c(ccc(c1)N=Nc1ccc(cc1)OCC)c1c(cc(cc1)N=Nc1ccc(cc1)OCC)C(=O)OCCO)c1ccc(cc1)OCCCC,tg,2
c1nc(nc(c1c1ccc(cc1)OC)OCCOC(=O)c1cc(ccc1)C(=O)OCCO)c1ccc(cc1)OCCCC,tg,1
c1nc(nc(c1c1ccc(cc1)OC)OCCOC(=O)c1ccc(cc1)C(=O)OCCO)c1ccc(cc1)OCCCC,tg,0
c1nc(nc(c1c1ccc(cc1)OCCCC)OCCOC(=O)CCCC(=O)OCCO)c1ccc(cc1)OCCCC,tg,2
c1nc(nc(n1)C(C(C(C(C(C()(F)F)(F)F)(F)F)(F)F)(F)F)(F)F)C(C(C(F)(F)F)(F)F)(F)F,tg,1
c1nc(nc(n1)N(CCCCCCCCCCN()c1ccccc1)c1ccccc1)c1ccccc1,tg,0
c1nc(nc(n1)N(CCCCCCN()c1ccccc1)c1ccccc1)C,tg,2
c1nc(nc(n1)N(CCCCCCN()c1ccccc1)c1ccccc1)c1ccccc1,tg,1
c1nc(nc(n1)N(CCCCN()c1ccccc1)c1ccccc1)C,tg,0
c1nc(nc(n1)NCCCCCCN)c1ccccc1,tg,2
c1nc(nc(n1)Oc1cc(ccc1)C(=O)Nc1ccc(cc1)c1ccc(cc1)NC(=O)c1cc(ccc1)O)Sc1ccccc1,tg,1
c1nc(nc(n1)c1ccc(cc1)Oc1ccc(cc1)C(c1ccc(cc1)Oc1ccc(cc1))(C)C)c1ccccc1,tg,0
c1nc(nc(n1)c1ccc(cc1)Oc1ccc(cc1)Oc1ccc(cc1))c1ccccc1,tg,2
c1nc(nc(n1)c1ccc(cc1)Oc1ccc(cc1)Sc1ccc(cc1)Oc1ccc(cc1))c1ccccc1,tg,1
c1nc(nc(n1)c1ccc(cc1)Oc1ccc(cc1)c1ccc(cc1)Oc1ccc(cc1))c1ccccc1,tg,0
c1nc(sc1)N=Cc1ccc(cc1)OCCCCCCCCOc1ccc(cc1)C=Nc1nc(cs1)c1ccc(cc1)Oc1ccc(cc1),tg,2
c1nc(sc1)N=Cc1ccc(cc1)OCCCCCCOc1ccc(cc1)C=Nc1nc(cs1)c1ccc(cc1)Oc1ccc(cc1),tg,1
c1nc2c([nH]1)cc(cc2)c1cc2c(nc([nH]2)c2cc(ccc2))cc1,tg,0
c1nc2c([nH]1)cc(cc2)c1cc2c(nc([nH]2)c2ccc(cc2)C(c2ccc(cc2))(C(F)(F)F)C(F)(F)F)cc1,tg,2
c1nc2c([nH]1)ccc(c2)N1C(=O)c2c(C1=O)cc(cc2)c1cc2c(C(=O)N(C2=O)c2ccc(cc2))cc1,tg,1
c1nc2c([nH]1)ccc(c2)NC(=O)c1ccc(cc1)OCCOCCOCCOCCOCCOc1ccc(cc1)C(=O)Nc1ccc(cc1),tg,0
c1nc2c([nH]1)ccc(c2)NC(=O)c1ccc(cc1)OCCOCCOCCOCCOc1ccc(cc1)C(=O)Nc1cc(ccc1),tg,2
c1nc2c([nH]1)ccc(c2)NC(=O)c1ccc(cc1)OCCOCCOCCOCCOc1ccc(cc1)C(=O)Nc1ccc(cc1),tg,1
c1nc2c([nH]1)ccc(c2)NC(=O)c1ccc(cc1)OCCOCCOCCOc1ccc(cc1)C(=O)Nc1cc(ccc1),tg,0
c1nc2c([nH]1)ccc(c2)NC(=O)c1ccc(cc1)OCCOCCOCCOc1ccc(cc1)C(=O)Nc1ccc(cc1),tg,2
c1nc2c([nH]1)ccc(c2)NC(=O)c1ccc(cc1)OCCOCCOc1ccc(cc1)C(=O)Nc1ccc(cc1),tg,1
c1nc2c([nH]1)ccc(c2)NC(=O)c1ccc(cc1)OCCOc1ccc(cc1)C(=O)Nc1ccc(cc1),tg,0
c1nc2c([nH]1)ccc(c2)c1ccc2c(nc([nH]2)CCC)c1,tg,2
c1nc2c([nH]1)ccc(c2)c1ccc2c(nc([nH]2)c2cc(ccc2))c1,tg,1
c1nc2c([nH]1)ccc(c2)c1ccc2c(nc([nH]2)c2cc(ccc2)C(=O)Nc2ccc(cc2)Cc2ccc(cc2)N2C(=O)c3c(C2=O)cc(cc3)S(=O)(=O)c2cc3c(C(=O)N(C3=O)c3ccc(cc3)Cc3ccc(cc3)NC(=O)c3cc(ccc3))cc2)c1,tg,0
c1nc2c(c(c1)c1ccc(cc1)Oc1ccc(cc1)Oc1ccccc1)cc(cc2)c1cc2c(nc(cc2c2ccc(cc2)Oc2ccc(cc2)Oc2ccccc2)c2ccc(cc2)c2ccc(cc2))cc1,tg,2
c1nc2c(c(c1)c1ccc(cc1)Oc1ccc(cc1)c1cc(nc3c1cccc3)c1ccc(cc1)Oc1ccc(cc1))cccc2,tg,1
c1nc2c(c(c1)c1ccc(cc1)Oc1ccc(cc1)c1cc(nc3c1cccc3)c1ccc(cc1)c1ccc(cc1))cccc2,tg,0
c1nc2c(c(c1)c1ccc(cc1)Oc1ccc(cc1)c1ccccc1)cc(cc2)c1cc2c(nc(cc2c2ccc(cc2)Oc2ccc(cc2)c2ccccc2)c2ccc(cc2)c2ccc(cc2))cc1,tg,2
c1nc2c(c(c1)c1ccc(cc1)c1ccc(cc1)Oc1ccccc1)cc(cc2)c1cc2c(nc(cc2c2ccc(cc2)c2ccc(cc2)Oc2ccccc2)c2ccc(cc2)c2ccc(cc2))cc1,tg,1
c1nc2c(c(c1)c1ccccc1)cc(cc2),tg,0
c1nc2c(c(c1)c1ccccc1)cc(cc2)C1(c2ccccc2C(=O)c2ccccc12)c1cc2c(nc(cc2c2ccccc2)c2ccc(cc2)C2(c3ccccc3c3ccccc23)c2ccc(cc2))cc1,tg,2
c1nc2c(c(c1)c1ccccc1)cc(cc2)C1(c2ccccc2C(=O)c2ccccc12)c1cc2c(nc(cc2c2ccccc2)c2ccc(cc2)c2ccc(cc2))cc1,tg,1
c1nc2c(c(c1)c1ccccc1)cc(cc2)C1(c2ccccc2c2ccccc12)c1cc2c(nc(cc2c2ccccc2)c2ccc(cc2)C2(c3ccccc3C(=O)c3ccccc23)c2ccc(cc2))cc1,tg,0
c1nc2c(c(c1)c1ccccc1)cc(cc2)C1(c2ccccc2c2ccccc12)c1cc2c(nc(cc2c2ccccc2)c2ccc(cc2)Oc2ccc(cc2))cc1,tg,2
c1nc2c(c(c1)c1ccccc1)cc(cc2)Oc1cc2c(nc(cc2c2ccccc2)c2c(ccc(c2))OCCCCCCN(c2ccc(cc2)C(=C(C#N)C#N)C#N)CC)cc1,tg,1
c1nc2c(c(c1)c1ccccc1)cc(cc2)Oc1cc2c(nc(cc2c2ccccc2)c2c(ccc(c2))OCCN(c2ccc(cc2)C(=C(C#N)C#N)C#N)CC)cc1,tg,0
c1nc2c(c(c1)c1ccccc1)cc(cc2)Oc1cc2c(nc(cc2c2ccccc2)c2c(ccc(c2))OCCN(c2ccc(cc2)c2sc(cc2)C(=C(C#N)C#N)c2sc(cc2)c2ccc(cc2)N(CC)CC)CC)cc1,tg,2
c1nc2c(c(c1)c1ccccc1)cc(cc2)Oc1cc2c(nc(cc2c2ccccc2)c2ccc(cc2)C(c2ccc(cc2))(C(F)(F)F)C(F)(F)F)cc1,tg,1
c1nc2c(c(c1)c1ccccc1)cc(cc2)Oc1cc2c(nc(cc2c2ccccc2)c2ccc(cc2)c2ccc(cc2)c2ccc(cc2))cc1,tg,0
c1nc2c(c(c1)c1ccccc1)cc(cc2)Oc1cc2c(nc(cc2c2ccccc2)c2ccc(cc2)c2ccc(cc2)c2ccc(cc2)c2ccc(cc2))cc1,tg,2
c1nc2c(c(c1)c1ccccc1)cc(cc2)c1cc2c(nc(cc2c2ccccc2)c2ccc(cc2)C2(c3ccccc3C(=O)c3ccccc23)c2ccc(cc2))cc1,tg,1
c1nc2c(c(c1)c1ccccc1)cc(cc2)c1cc2c(nc(cc2c2ccccc2)c2ccc(cc2)Oc2ccc(cc2))cc1,tg,0
c1nc2c(c(c1)c1ccccc1)cc(cc2)c1cc2c(nc(cc2c2ccccc2)c2ccc(cc2)c2ccc(cc2))cc1,tg,2
c1nc2c(c(c1)c1ccccc1)cc(cc2)c1ccc(cc1),tg,1
c1nc2c(c(c1c1ccccc1)c1ccc(cc1)Oc1ccc(cc1)c1c(c(nc3c1cccc3)c1ccc(cc1)c1ccc(cc1))c1ccccc1)cccc2,tg,0
c1nc2c(c(c1c1ccccc1)c1ccccc1)cc(cc2)Oc1cc2c(nc(c(c2c2ccccc2)c2ccccc2)c2ccc(cc2))cc1,tg,2
c1nc2c(c(c1c1ccccc1)c1ccccc1)cc(cc2)Oc1cc2c(nc(c(c2c2ccccc2)c2ccccc2)c2ccc(cc2)c2ccc(cc2))cc1,tg,1
c1nc2c(c(c1c1ccccc1)c1ccccc1)cc(cc2)c1cc2c(nc(c(c2c2ccccc2)c2ccccc2)c2ccc(cc2))cc1,tg,0
c1nc2c(cc1)cc(cc2)C(=O)c1ccc(cc1)Oc1c(cc(c(c1C)C)c1c(c(c(c(c1)C)Oc1ccc(cc1)C(=O))C)C)C,tg,2
c1nc2c(cc1)cc(cc2)C(=O)c1ccc(cc1)Oc1ccc(cc1)c1ccc(cc1)Oc1ccc(cc1)C(=O),tg,1
c1nc2c(n1C)C(=O)N()C2=O,egc,0
c1nc2c(n1c1ccc(cc1)n1c(nc3c1cccc3)c1ccc(cc1)Oc1ccc(cc1)C(=O)c1cc(ccc1)C(=O)c1ccc(cc1)Oc1ccc(cc1))cccc2,tg,2
c1nc2c(n1c1ccc(cc1)n1c(nc3c1cccc3)c1ccc(cc1)Oc1ccc(cc1)C(=O)c1ccc(cc1)C(=O)c1ccc(cc1)Oc1ccc(cc1))cccc2,tg,1
c1nc2c(nc1)cc(cc2)Oc1cc2c(nc(cn2)c2ccc(cc2))cc1,tg,0
c1nc2c(nc1)cc(cc2)S(=O)(=O)c1cc2c(nc(cn2)c2ccc(cc2))cc1,tg,2
c1nc2c(nc1)cc(cc2)c1cc2c(nc(cn2)c2ccc(cc2))cc1,tg,1
c1nc2c(nc1)cc(cc2)c1cc2c(nc(cn2)c2ccc(cc2)Oc2ccc(cc2)Oc2ccc(cc2))cc1,tg,0
c1nc2c(nc1)cc(cc2)c1cc2c(nc(cn2)c2ccc(cc2)c2ccc(cc2))cc1,tg,2
c1nc2c(nc1)ccc(c2)Oc1ccc2c(nc(cn2)c2ccc(cc2))c1,tg,1
c1nc2c(nc1c1cc3c(cc1)cccc3)cc(cc2)c1cc2c(nc(c(n2)c2ccc(cc2))c2cc3c(cc2)cccc3)cc1,tg,0
c1nc2c(nc1c1ccc(cc1)C(=O)NCCCCCCCCCCNC(=O)c1ccc(cc1))cccc2,tg,2
c1nc2c(nc1c1ccc(cc1)C(=O)NCCCCCCCCNC(=O)c1ccc(cc1))cccc2,tg,1
c1nc2c(nc1c1ccc(cc1)OC(=O)c1cc(ccc1)C(=O)Oc1ccc(cc1))cccc2,tg,0
c1nc2c(nc1c1ccc(cc1)Oc1ccc(cc1)Oc1ccc(cc1)P(=O)(c1ccc(cc1)Oc1ccc(cc1)Oc1ccc(cc1))c1ccccc1)cccc2,tg,2
c1nc2c(nc1c1ccccc1)cc(cc2)Oc1cc2c(nc(c(n2)c2ccc(cc2))c2ccccc2)cc1,tg,1
c1nc2c(nc1c1ccccc1)cc(cc2)Oc1cc2c(nc(c(n2)c2ccc(cc2)Oc2ccc(cc2))c2ccccc2)cc1,tg,0
c1nc2c(nc1c1ccccc1)cc(cc2)Oc1cc2c(nc(c(n2)c2ccccc2)c2ccc(cc2))cc1,tg,2
c1nc2c(nc1c1ccccc1)cc(cc2)Oc1cc2c(nc(c(n2)c2ccccc2)c2ccc(cc2)OCCN(CCOc2ccc(cc2))c2ccc(cc2)N=Nc2c(cc(cc2)[N+](=O)[O-])C)cc1,tg,1
c1nc2c(nc1c1ccccc1)cc(cc2)Oc1cc2c(nc(c(n2)c2ccccc2)c2ccc(cc2)OCCN(CCOc2ccc(cc2))c2ccc(cc2)N=Nc2ccc(cc2)[N+](=O)[O-])cc1,tg,0
c1nc2c(nc1c1ccccc1)cc(cc2)Oc1cc2c(nc(c(n2)c2ccccc2)c2ccc(cc2)OCCN(c2ccc(cc2)C=CC2=CC(=C3C(=C(C#N)C#N)c4c(C3=O)cccc4)C=C(O2)C=Cc2ccc(cc2)N(CCOc2ccc(cc2))C)C)cc1,tg,2
c1nc2c(nc1c1ccccc1)cc(cc2)Oc1cc2c(nc(c(n2)c2ccccc2)c2ccc(cc2)OCCOc2c(ccc(c2)OCCOc2ccc(cc2))C=Cc2ccc(cc2)[N+](=O)[O-])cc1,tg,1
c1nc2c(nc1c1ccccc1)cc(cc2)Oc1ccc(cc1)N1C(=O)c2c(C1=O)cc(cc2)C(c1cc2c(C(=O)N(C2=O)c2ccc(cc2)Oc2cc3c(nc(c(n3)c3ccccc3)c3ccc(cc3)Oc3ccc(cc3))cc2)cc1)(C(F)(F)F)C(F)(F)F,tg,0
c1nc2c(nc1c1ccccc1)cc(cc2)S(=O)(=O)c1cc2c(nc(c(n2)c2ccc(cc2))c2ccccc2)cc1,tg,2
c1nc2c(nc1c1ccccc1)cc(cc2)S(=O)(=O)c1cc2c(nc(c(n2)c2ccccc2)c2ccc(cc2))cc1,tg,1
c1nc2c(nc1c1ccccc1)cc(cc2)c1cc2c(nc(c(n2)c2cc(ccc2))c2ccccc2)cc1,tg,0
c1nc2c(nc1c1ccccc1)cc(cc2)c1cc2c(nc(c(n2)c2ccc(cc2))c2ccccc2)cc1,tg,2
c1nc2c(nc1c1ccccc1)cc(cc2)c1cc2c(nc(c(n2)c2ccc(cc2)Oc2ccc(cc2))c2ccccc2)cc1,tg,1
c1nc2c(nc1c1ccccc1)cc(cc2)c1cc2c(nc(c(n2)c2ccccc2)c2ccc(cc2)OCCCCOc2ccc(cc2))cc1,tg,0
c1nc2c(nc1c1ccccc1)cc(cc2)c1cc2c(nc(c(n2)c2ccccc2)c2ccc(cc2)Oc2ccc(cc2))cc1,tg,2
c1nc2c(nc1c1ccccc1)cc(cc2)c1cc2c(nc(c(n2)c2ccccc2)c2ccc(cc2)Oc2ccc(cc2)Oc2ccc(cc2)Oc2ccc(cc2))cc1,tg,1
c1nc2c(nc1c1ccccc1)cc(cc2)c1cc2c(nc(c(n2)c2ccccc2)c2ccc(cc2)Sc2ccc(cc2))cc1,tg,0
c1nc2cc(S(=O)(=O)c3ccc4oc(C5CCC()CC5)nc4c3)ccc2o1,egc,2
c1nc2cc3c(cc2c(c1)c1ccccc1)c(cc(n3)c1ccc(cc1)c1ccc(cc1))c1ccccc1,tg,1
c1nc2cc3c(cc2c(c1)c1ccccc1)nc(cc3c1ccccc1)c1ccc(cc1)Oc1ccc(cc1),tg,0
c1nc2cc3c(cc2nc1)nc(cn3)c1ccc(cc1),tg,2
c1nc2cc3c(cc2nc1)nc(cn3)c1ccc(cc1)Oc1ccc(cc1),tg,1
c1nc2cc3c(cc2nc1)ncc(n3)c1ccc(cc1),tg,0
c1nc2cc3c(cc2nc1c1ccccc1)nc(c(n3)c1ccc(cc1))c1ccccc1,tg,2
c1nc2cc3c(cc2nc1c1ccccc1)nc(c(n3)c1ccccc1)c1cc(ccc1),tg,1
c1nc2cc3nc(-c4ccc()o4)[nH]c3cc2[nH]1,egc,0
c1nc2cc3sc(-c4cc(OCCCC)c()cc4OCCCC)nc3cc2s1,egc,2
c1ncc(cc1)C(=O)NNC(=O)c1ccc(cc1)[Si](c1ccc(cc1)C(=O)NNC(=O))(c1ccccc1)c1ccccc1,tg,1
c1ncc(cc1)C(=O)Nc1cc(ccc1)Oc1ccc(cc1)C(=O)c1ccc(cc1)Oc1cc(ccc1)NC(=O),tg,0
c1ncc(cc1)c1ccc(cc1)Oc1ccc(cc1)P(=O)(c1ccc(cc1)Oc1ccc(cc1))c1ccccc1,tg,2
c1ncc(cc1)c1sc(c(c1)CCCCCCCC)c1ccc(cc1)c1sc(cc1CCCCCCCC),tg,1
c1ncc(s1)N,tg,0
c1ncnc(n1)N(CCCCCCN()c1ccccc1)c1ccccc1,tg,2
c1ncnc(n1)N(CCCCN()c1ccccc1)c1ccccc1,tg,1
c1nnc(C2CC3(CC()C3)C2)o1,egc,0
c1nnc(cc1)Oc1ccc(cc1)C(c1ccc(cc1)O)(C)C,tg,2
c1nnc(nc1)c1nc(ccc1)c1nc(cnn1)c1ccc(cc1)Oc1ccc(cc1),tg,1
c1nnc(nc1c1ccc(cc1)Oc1ccc(cc1)C1(c2ccccc2c2ccccc12)c1ccc(cc1)Oc1ccc(cc1))c1ncccc1,tg,0
c1nnc(nc1c1ccc(cc1)Oc1ccc(cc1)S(=O)(=O)c1ccc(cc1)Oc1ccc(cc1))c1ncccc1,tg,2
c1oc(=O)c2c(ccc(c2)Cc2ccc3c(c2)c(=O)oc(n3)CN2C(=O)c3c(C2=O)cc(cc3)C(c2cc3c(C(=O)N(C3=O)C)cc2)(C(F)(F)F)C(F)(F)F)n1,tg,1
c1oc(cc1)C(=O)OCCOC(=O),tg,0
c1oc(cc1)C(c1oc(cc1)CNC(=O)OC(COC(=O)NC)c1occc1)CCC,tg,2
c1oc(cc1)C(c1oc(cc1)CNC(=O)OCCOC(=O)NC)(C)C,tg,1
c1oc(cc1)CNC(=O)OC(COC(=O)NC)c1occc1,tg,0
c1oc(cc1)COC(=O)NCCCCCCNC(=O)OC,tg,2
c1oc(nc1)c1cc(c(cc1)Oc1ccc(cc1)C(c1ccc(cc1)Oc1c(cc(cc1))C(F)(F)F)(C(F)(F)F)C(F)(F)F)C(F)(F)F,tg,1
c1oc(nc1)c1cc(c(cc1)Oc1ccc(cc1)C(c1ccc(cc1)Oc1c(cc(cc1))C(F)(F)F)(C)C)C(F)(F)F,tg,0
c1oc(nc1)c1cc(c(cc1)Oc1ccc(cc1)S(=O)(=O)c1ccc(cc1)Oc1c(cc(cc1))C(F)(F)F)C(F)(F)F,tg,2
c1oc(nc1)c1cc(c(cc1)Oc1ccc(cc1)c1ccc(cc1)Oc1c(cc(cc1))C(F)(F)F)C(F)(F)F,tg,1
c1oc(nn1)c1c(cc(cc1))OCC,tg,0
c1oc(nn1)c1c(cc(cc1))OCCCCC,tg,2
c1oc(nn1)c1c(cc(cc1))OCCCCCCCC,tg,1
c1oc(nn1)c1c(cc(cc1)c1oc(nn1)CN1C(=O)c2c(C1=O)cc(cc2)C(c1cc2c(C(=O)N(C2=O)C)cc1)(C(F)(F)F)C(F)(F)F)Oc1ccccc1,tg,0
c1oc(nn1)c1c2c(c(cc1)Oc1c3c(c(cc1)C=Cc1ccc(cc1)Oc1c4c(c(cc1))cccc4)cccc3)cccc2,tg,2
c1oc(nn1)c1c2c(c(cc1)c1oc(nn1)c1ccc(cc1)[Si](c1ccc(cc1))(c1ccccc1)c1ccccc1)cccc2,tg,1
c1oc(nn1)c1cc(ccc1)c1oc(nn1)c1ccc(cc1),tg,0
c1oc(nn1)c1ccc(cc1)C#Cc1c(cc(c(c1)OCCCCCCCC)C#Cc1ccc(cc1))OCCCCCCCC,tg,2
c1oc(nn1)c1ccc(cc1)C(=O)OCCCCCCCCCCOc1ccc(cc1)C=CC(=O)C=Cc1ccc(cc1)OCCCCCCCCCCOC(=O)c1ccc(cc1),tg,1
c1oc(nn1)c1ccc(cc1)C(=O)OCCCCCCCCOc1ccc(cc1)C=C1C(=O)C(=Cc2ccc(cc2)OCCCCCCCCOC(=O)c2ccc(cc2))CC1,tg,0
c1oc(nn1)c1ccc(cc1)C(=O)OCCCCCCCCOc1ccc(cc1)C=C1C(=O)C(=Cc2ccc(cc2)OCCCCCCCCOC(=O)c2ccc(cc2))CCCC1,tg,2
c1oc(nn1)c1ccc(cc1)C(=O)OCCCCCCCCOc1ccc(cc1)C=CC(=O)C=Cc1ccc(cc1)OCCCCCCCCOC(=O)c1ccc(cc1),tg,1
c1oc(nn1)c1ccc(cc1)C(=O)OCCCCCCOc1ccc(cc1)C=C1C(=O)C(=Cc2ccc(cc2)OCCCCCCOC(=O)c2ccc(cc2))CCC1,tg,0
c1oc(nn1)c1ccc(cc1)C(=O)OCCCCCCOc1ccc(cc1)C=C1C(=O)C(=Cc2ccc(cc2)OCCCCCCOC(=O)c2ccc(cc2))CCCC1,tg,2
c1oc(nn1)c1ccc(cc1)NC(=O)c1c(cc(cc1))Oc1ccccc1,tg,1
c1oc(nn1)c1ccc(cc1)NC(=O)c1c(cc(cc1)C(=O)Nc1ccc(cc1))Oc1ccccc1,tg,0
c1oc(nn1)c1ccc(cc1)NC(=O)c1cc(cc(c1)N1C(=O)c2c(C1=O)cccc2),tg,2
c1oc(nn1)c1ccc(cc1)NC(=O)c1cc(cc(c1)N1C(=O)c2c(C1=O)cccc2)C(=O)Nc1ccc(cc1),tg,1
c1oc(nn1)c1ccc(cc1)NC(=O)c1cc(cc(c1)NC(=O)c1ccc(cc1)OC(=O)C)C(=O)Nc1ccc(cc1),tg,0
c1oc(nn1)c1ccc(cc1)Oc1c2c(c(cc1)C=Cc1ccc(cc1)Oc1ccc(cc1))cccc2,tg,2
c1oc(nn1)c1ccc(cc1)Oc1c2c(ccc1)c(ccc2)NC(=O)c1ccc(cc1)C(c1ccc(cc1)C(=O)Nc1c2c(ccc1)c(ccc2)Oc1ccc(cc1))(C(F)(F)F)C(F)(F)F,tg,1
c1oc(nn1)c1ccc(cc1)Oc1c2c(ccc1)c(ccc2)NC(=O)c1ccc(cc1)[Si](c1ccc(cc1)C(=O)Nc1c2c(ccc1)c(ccc2)Oc1ccc(cc1))(c1ccccc1)c1ccccc1,tg,0
c1oc(nn1)c1ccc(cc1)Oc1cc(ccc1)N1C(=O)c2c(C1=O)cc(cc2)[Si](O[Si](c1cc2c(C(=O)N(C2=O)c2cc(ccc2)Oc2ccc(cc2))cc1)(C)C)(C)C,tg,2
c1oc(nn1)c1ccc(cc1)Oc1cc(ccc1)n1c(=O)c2ccc3c(=O)n(c(=O)c4ccc(c1=O)c2c34)c1cc(ccc1)Oc1ccc(cc1),tg,1
c1oc(nn1)c1ccc(cc1)Oc1ccc(cc1)C(c1ccc(cc1)Oc1ccc(cc1))(C)C,tg,0
c1oc(nn1)c1ccc(cc1)Oc1ccc(cc1)N1C(=O)c2c(C1=O)cc(cc2)[Si](O[Si](c1cc2c(C(=O)N(C2=O)c2ccc(cc2)Oc2ccc(cc2))cc1)(C)C)(C)C,tg,2
c1oc(nn1)c1ccc(cc1)Oc1ccc(cc1)NC(=O)CN1C(=O)c2c(C1=O)cc(cc2)C(c1cc2c(C(=O)N(C2=O)CC(=O)Nc2ccc(cc2)Oc2ccc(cc2))cc1)(C(F)(F)F)C(F)(F)F,tg,1
c1oc(nn1)c1ccc(cc1)Oc1ccc(cc1)NC(=O)c1c(cc(cc1)C(=O)Nc1ccc(cc1)Oc1ccc(cc1))Oc1ccccc1,tg,0
c1oc(nn1)c1ccc(cc1)Oc1ccc(cc1)NC(=O)c1cc(cc(c1)N1C(=O)c2c(C1=O)cccc2)C(=O)Nc1ccc(cc1)Oc1ccc(cc1),tg,2
c1oc(nn1)c1ccc(cc1)Oc1ccc(cc1)NC(=O)c1cc(cc(c1)NC(=O)c1ccc(cc1)OC(=O)C)C(=O)Nc1ccc(cc1)Oc1ccc(cc1),tg,1
c1oc(nn1)c1ccc(cc1)Oc1ccc(cc1)c1c(cc(c(c1)OCCCCCC)c1ccc(cc1)Oc1ccc(cc1))OCCCCCC,tg,0
c1oc(nn1)c1ccc(cc1)Oc1ccc(cc1)c1oc(nn1)CN1C(=O)c2c(C1=O)cc(cc2)C(c1cc2c(C(=O)N(C2=O)C)cc1)(C(F)(F)F)C(F)(F)F,tg,2
c1oc(nn1)c1ccc(cc1)[Si](c1ccc(cc1)c1oc(nn1)c1ccc(cc1)c1ccc(cc1))(c1ccccc1)c1ccccc1,tg,1
c1oc(nn1)c1ccc(cc1)c1oc(nn1)CCCCOc1c(cc(cc1)OCCCC)C,tg,0
c1oc(nn1)c1ccc(cc1)c1oc(nn1)CCCOc1c(cc(cc1)OCCC)C,tg,2
c1oc(nn1)c1ccc(cc1)c1oc(nn1)c1ccc(cc1)[Si](c1ccc(cc1))(c1ccccc1)c1ccccc1,tg,1
c1oc(nn1)c1cncc(c1)c1oc(nn1)c1ccc(cc1)[Si](c1ccc(cc1))(c1ccccc1)c1ccccc1,tg,0
c1oc(nn1)c1nc(ccc1)c1oc(nn1)c1ccc(cc1)[Si](c1ccc(cc1))(c1ccccc1)c1ccccc1,tg,2
c1oc(nn1)c1oc(cc1)c1oc(nn1)c1ccc(cc1)[Si](c1ccc(cc1))(c1ccccc1)c1ccccc1,tg,1
c1oc(nn1)c1sc(c(c1)CCCCCCCC)c1sc(cc1)c1sc(cc1CCCCCCCC)c1oc(nn1)c1c(cc(c(c1)OCCCCCCCC))OCCCCCCCC,tg,0
c1oc(nn1)c1sc(c(c1)CCCCCCCCCC)c1sc(cc1CCCCCCCCCC)c1oc(nn1)c1c(cc(c(c1)OCCCCCCCC))OCCCCCCCC,tg,2
c1oc2c(n1)cc(cc2)C(c1cc2c(oc(n2)CN2C(=O)c3c(C2=O)cc(cc3)C(c2cc3c(C(=O)N(C3=O)C)cc2)(C(F)(F)F)C(F)(F)F)cc1)(C(F)(F)F)C(F)(F)F,tg,1
c1oc2c(n1)cc(cc2)NC(=O)CCCCC(=O)Nc1cc2c(oc(n2)CCCCCCCC)cc1,tg,0
c1oc2c(n1)cc(cc2)NC(=O)CCCCCCC(=O)Nc1cc2c(oc(n2)CCCCCC)cc1,tg,2
c1oc2c(n1)cc(cc2)NC(=O)CCCCCCCCC(=O)Nc1cc2c(oc(n2)CCCCCCCC)cc1,tg,1
c1oc2c(n1)cc(cc2)c1cc2c(oc(n2)CN2C(=O)c3c(C2=O)cc(cc3)C(c2cc3c(C(=O)N(C3=O)C)cc2)(C(F)(F)F)C(F)(F)F)cc1,tg,0
c1oc2c(n1)cc(cc2)c1cc2c(oc(n2)c2ccc(cc2))cc1,tg,2
c1oc2c(n1)ccc(c2)c1ccc2c(oc(n2)CCCCCCCCCCC)c1,tg,1
c1oc2c(n1)ccc(c2)c1ccc2c(oc(n2)CCCCCCCCCCCC)c1,tg,0
c1oc2c(n1)ccc(c2)c1ccc2c(oc(n2)c2ccc(cc2)C(c2ccc(cc2))(C(F)(F)F)C(F)(F)F)c1,tg,2
c1oc2c(n1)ccc(c2)c1ccc2c(oc(n2)c2ccc(cc2)C(c2ccc(cc2))(c2ccccc2)C(F)(F)F)c1,tg,1
c1sc()c(C)c1C,egc,0
c1sc()c(CCCCCCN(CC)c2ccccc2)c1CCCCCC,egc,2
c1sc()c(OC)c1OC,egc,1
c1sc()c(OCCCC)c1C,egc,0
c1sc()c(OCCCC)c1OC,egc,2
c1sc()c(OCCCCCC)c1C,egc,1
c1sc()c(OCCCCCCC)c1C,egc,0
c1sc()c(OCCCCCCCCCCCCCCCC)c1C,egc,2
c1sc()c(OCCOCCCC)c1C,egc,1
c1sc()c([2H])c1[2H],egc,0
c1sc()c2c1OCC(CCCCCC)O2,egc,2
c1sc()c2c1OCC(CCCCCCCCCCCC)O2,egc,1
c1sc()c2c1OCC(CCCCS(=O)(=O)O)O2,egc,0
c1sc()c2c1OCCO2,egc,2
c1sc()c2nc(-c3ccccc3)c(C)nc12,egc,1
c1sc()c2nc(C)c(C)nc12,egc,0
c1sc()c2nc(CC)c(CC)nc12,egc,2
c1sc(-c2cc(OCCCCC)c()s2)cc1OCCCCC,egc,1
c1sc(-c2sc(-c3sc()c4nccnc34)c3c2OC(CCCCCC)CO3)c2c1OCC(CCCCCC)O2,egc,0
c1sc(c(c1CCCCCCN(c1ccc(cc1)N=Nc1ccc(cc1)[N+](=O)[O-])CC)CCCCCC),tg,2
c1sc(c(c1c1ccccc1)c1ccccc1)c1ccc(cc1)CC(=O)Nc1cc(ccc1)NC(=O)Cc1ccc(cc1),tg,1
c1sc(c(c1c1ccccc1)c1ccccc1)c1ccc(cc1)CC(=O)Nc1ccc(cc1)Cc1ccc(cc1)NC(=O)Cc1ccc(cc1),tg,0
c1sc(c(c1c1ccccc1)c1ccccc1)c1ccc(cc1)CC(=O)Nc1ccc(cc1)NC(=O)Cc1ccc(cc1),tg,2
c1sc(c(c1c1ccccc1)c1ccccc1)c1ccc(cc1)CC(=O)Nc1ccc(cc1)S(=O)(=O)c1ccc(cc1)NC(=O)Cc1ccc(cc1),tg,1
c1sc(c(c1c1ccccc1)c1ccccc1)c1ccc(cc1)CC(=O)Nc1ccc(cc1)c1ccc(cc1)NC(=O)Cc1ccc(cc1),tg,0
c1sc(c(c1c1ccccc1)c1ccccc1)c1ccc(cc1)NC(=O)c1ccc(cc1)NC(=O)c1ccc(cc1)[Si](c1ccc(cc1)C(=O)Nc1ccc(cc1)C(=O)Nc1ccc(cc1))(C)C,tg,2
c1sc(cc1)C(=C()OC)OC,tg,1
c1sc(cc1)C(=O)OC(COC(=O))COc1ccc(cc1)N=Nc1ccc(cc1)C#N,tg,0
c1sc(cc1)C(=O)Oc1ccc(cc1)[Si](c1ccc(cc1)OC(=O))(CC)CC,tg,2
c1sc(cc1)C(=O)Oc1ccc(cc1)[Si](c1ccc(cc1)OC(=O))(c1ccccc1)C,tg,1
c1sc(cc1)C=Nc1ccc(cc1)C(=O)OCCCCOCCCCOCCCCOC(=O)c1ccc(cc1)N=C,tg,0
c1sc(cc1)Oc1ccc(cc1)C(c1ccc(cc1)Oc1sc(cc1)C(=O))(C)C,tg,2
c1sc(cc1)Oc1ccc(cc1)C(c1ccc(cc1)Oc1sc(cc1)C(=O)c1ccc(cc1)C(=O))(C)C,tg,1
c1sc(cc1)Oc1ccc(cc1)C1(c2ccccc2c2ccccc12)c1ccc(cc1)Oc1ccc(cc1)C(=O),tg,0
c1sc(cc1)[Si]()(C)C,tg,2
c1sc(cc1)[Si]([Si]()(CCCC)CCCC)(CCCC)CCCC,tg,1
c1sc(cc1)c1cc(c(cc1)Oc1ccc(cc1)C(c1ccc(cc1)Oc1c(cc(cc1))C(F)(F)F)(C(F)(F)F)C(F)(F)F)C(F)(F)F,tg,0
c1sc(cc1)c1cc(c(cc1)Oc1ccc(cc1)C(c1ccc(cc1)Oc1c(cc(cc1))C(F)(F)F)(C)C)C(F)(F)F,tg,2
c1sc(cc1)c1cc(c(cc1)Oc1ccc(cc1)C1(c2ccccc2c2ccccc12)c1ccc(cc1)Oc1c(cc(cc1))C(F)(F)F)C(F)(F)F,tg,1
c1sc(cc1)c1cc(c(cc1)Oc1ccc(cc1)Sc1ccc(cc1)Oc1c(cc(cc1))C(F)(F)F)C(F)(F)F,tg,0
c1sc(cc1)c1ccc(cc1)C=Nc1cc(ccc1)N=Cc1ccc(cc1),tg,2
c1sc(cc1)c1ccc(cc1)C=Nc1ccc(cc1)C(c1ccc(cc1)N=Cc1ccc(cc1))c1ccccc1,tg,1
c1sc(cc1)c1sc(c(c1)CCCCCCCC)c1sc(cc1)c1sc(cc1)c1sc(cc1CCCCCCCC)c1sc(cc1)[Si]()(CCCC)CCCC,tg,0
c1sc(cc1)c1sc(c(c1)CCCCCCCC)c1sc(cc1)c1sc(cc1)c1sc(cc1CCCCCCCC)c1sc(cc1)[Si]([Si]()(CCCC)CCCC)(CCCC)CCCC,tg,2
c1sc(cc1)c1sc(c(c1)CCCCCCCC)c1sc(cc1)c1sc(cc1)c1sc(cc1CCCCCCCC)c1sc(cc1)[Si]([Si]([Si]([Si]()(C)C)(C)C)(C)C)(C)C,tg,1
c1sc(cc1)c1sc(c(c1)CCCCCCCC)c1sc(cc1)c1sc(cc1)c1sc(cc1CCCCCCCC)c1sc(cc1)[Si]([Si]([Si]([Si]([Si]([Si]([Si]([Si]()(C)C)(C)C)(C)C)(C)C)(C)C)(C)C)(C)C)(C)C,tg,0
c1sc(cc1)c1sc(cc1)[Si]()(C)C,tg,2
c1sc(cc1)c1sc(cc1)[Si]()(CCCC)CCCC,tg,1
c1sc(cc1)c1sc(cc1)[Si]([Si]()(C)C)(C)C,tg,0
c1sc(cc1)c1sc(cc1)[Si]([Si]()(CCCC)CCCC)(CCCC)CCCC,tg,2
c1sc(cc1)c1sc(cc1)c1sc(cc1)[Si]()(CCCC)CCCC,tg,1
c1sc(cc1)c1sc(cc1)c1sc(cc1)[Si]([Si]()(C)C)(C)C,tg,0
c1sc(cc1)c1sc(cc1)c1sc(cc1)[Si]([Si]()(CCCC)CCCC)(CCCC)CCCC,tg,2
c1sc(cc1)c1sc(cc1)c1sc(cc1)c1sc(cc1)[Si]()(CCCC)CCCC,tg,1
c1sc(cc1C(C(=O)OC)C(=O)OC),tg,0
c1sc(cc1CC(=O)OCC),tg,2
c1sc(cc1CC(=O)OCCCCCCOc1ccc(cc1)N=Nc1ccc(cc1)C#N),tg,1
c1sc(cc1CCCC),tg,0
c1sc(cc1CCCC)c1sc(c(c1)CCCC)c1ccc(cc1),tg,2
c1sc(cc1CCCCCC),tg,1
c1sc(cc1CCCCCCBr)c1sc(cc1),tg,0
c1sc(cc1CCCCCCCCCC),tg,2
c1sc(cc1CCCCCCCCCC)c1sc(c(c1)CCCCCCCCCC)c1c2c(ccccc2)c(c1),tg,1
c1sc(cc1CCCCCCCCCCCC),tg,0
c1sc(cc1CCCCCCCCCCCC)c1ccc(cc1)c1sc(c(c1)CCCCCCCCCCCC)c1ccc(cc1),tg,2
c1sc(cc1CCCCCCCCCCCC)c1sc(c(c1)CCCCCCCCCCCC)c1cc2cc3c(cc2cc1)cc(cc3),tg,1
c1sc(cc1CCCCCCCCCCCCCC)c1sc(c(c1)CCCCCCCCCCCCCC)c1c2c(ccccc2)c(c1),tg,0
c1sc(cc1CCCCCCOC(=O)COC),tg,2
c1sc(cc1CCCCCCOC(=O)Cc1ccccc1),tg,1
c1sc(cc1CCCCCCO[Si](C)(C)C),tg,0
c1sc(cc1CCOC(=O)C(Br)C),tg,2
c1sc(cc1CCOC(=O)NCCCC),tg,1
c1sc(cc1CCOc1ccc(cc1)N=Nc1ccc(cc1)C#N),tg,0
c1sc(cc1SCCCC)c1ccc(cc1)c1sc(c(c1)SCCCC)c1ccc(cc1),tg,2
c1sc(cc1SCCCCCCCCCCCC),tg,1
c1sc(cc1SCCCCCCCCCCCC)c1sc(c(c1)SCCCCCCCCCCCC)c1ccc(cc1),tg,0
c1sc(cc1c1ccc(cc1)C(=C1C=C(C(=O)C(=C1)C(C)(C)C)C(C)(C)C)c1cc(c(c(c1)C(C)(C)C)OC(=O)C)C(C)(C)C),tg,2
c1sc(nn1)SCC(=O)NN=Cc1cc(c(cc1)OCCCCCCCCCCOc1c(cc(cc1)C=NNC(=O)CS)OC)OC,tg,1
c1sc(nn1)c1cc(ccc1)OC(=O)CCCCCCCCC(=O)Oc1ccc(cc1)C=C,tg,0
c1sc(nn1)c1cc(ccc1)OCCCCCCCCCCCOC(=O)c1ccc(cc1)C(=O)OCCCCCCCCCCCOc1ccc(cc1),tg,2
c1sc(nn1)c1ccc(cc1)C(=O)OCCCCCCCCCOC(=O)c1ccc(cc1),tg,1
c1sc(nn1)c1ccc(cc1)OC(=O)CCCCCCCCC(=O)Oc1cc(ccc1)C=C,tg,0
c1sc(nn1)c1ccc(cc1)OCCCCCCCCCCCOC(=O)CCCCCCCCC(=O)OCCCCCCCCCCCOc1ccc(cc1),tg,2
c1sc(nn1)c1ccc(cc1)OCCCCCCCCCCCOC(=O)c1cc(ccc1)C(=O)OCCCCCCCCCCCOc1ccc(cc1),tg,1
c1sc(nn1)c1ccc(cc1)OCCCCCCCCCCCOC(=O)c1ccc(cc1)C(=O)OCCCCCCCCCCCOc1ccc(cc1),tg,0
c1sc2c(n1)ccc(c2)c1ccc2c(sc(n2)c2cc(ccc2))c1,tg,2
c1sc2cc3c(cc2n1)sc(n3)c1ccc(cc1)Oc1cc(ccc1)n1c(=O)c2cc3c(cc2c1=O)c(=O)n(c3=O)c1cc(ccc1)Oc1ccc(cc1),tg,1
c1sc2cc3c(cc2n1)sc(n3)c1ccc(cc1)Oc1ccc(cc1),tg,0
c1sc2cc3c(cc2n1)sc(n3)c1ccc(cc1)Oc1ccc(cc1)n1c(=O)c2cc3c(cc2c1=O)c(=O)n(c3=O)c1ccc(cc1)Oc1ccc(cc1),tg,2
c8ccc(C7(c5ccc(n4c(=O)c3ccc(Oc2ccc1c(=O)n()c(=O)c1c2)cc3c4=O)cc5)OC(=O)c6ccccc67)cc8,egc,1
c9ccc(C8(c5ccc(n4c(=O)c3ccc(C(=O)c2ccc1c(=O)n()c(=O)c1c2)cc3c4=O)cc5)c6ccccc6c7ccccc78)cc9,egc,2
n1nc(-n2c(=O)c3cc4c(=O)n()c(=O)c4cc3c2=O)c2ccccc2c1=O,egc,1
