id,target
1,4.012348651885986
2,2.5279226303100586
3,318.9097595214844
4,-31.488537788391113
5,4.089398384094238
6,6.696546316146851
7,5.4975502490997314
8,81.45905303955078
9,81.67431259155273
10,77.1196060180664
11,45.33495903015137
12,-7.266059398651123
13,258.30958557128906
14,192.8620376586914
15,3.7415003776550293
16,283.65240478515625
17,2.7175241708755493
18,96.83387756347656
19,3.4047893285751343
20,6.648352861404419
21,-61.38323783874512
22,60.66162300109863
23,3.970989942550659
24,2.753020405769348
25,33.71675491333008
26,87.38509750366211
27,1.2049496173858643
28,161.68366241455078
29,40.786935806274414
30,3.4647496938705444
31,6.37856650352478
32,28.629844665527344
33,57.17980766296387
34,3.660362482070923
35,2.150002360343933
36,6.785515785217285
37,254.12242889404297
38,241.37002563476562
39,57.53033256530762
40,141.42110443115234
41,-54.08267021179199
42,3.101773262023926
43,5.933847188949585
44,4.679656744003296
45,135.5992202758789
46,65.916259765625
47,2.6291608810424805
48,-90.13566970825195
49,4.004071950912476
50,1.828692615032196
51,266.8276672363281
52,2.9828579425811768
53,2.6698243618011475
54,102.47978591918945
55,2.848472833633423
56,4.188665151596069
57,5.70637321472168
58,160.99054718017578
59,240.72138214111328
60,6.708797216415405
61,2.283452272415161
62,234.30723571777344
63,6.709234237670898
64,2.620242714881897
65,2.8711295127868652
66,4.590502023696899
67,5.381968975067139
68,192.14125061035156
69,156.0409393310547
70,2.536884069442749
71,2.454741358757019
72,2.5648274421691895
73,27.389546394348145
74,245.92081451416016
75,182.50286865234375
76,6.430908679962158
77,5.812207460403442
78,151.6490020751953
79,262.4167175292969
80,3.6507999897003174
81,38.27532386779785
82,4.766381502151489
83,195.0040054321289
84,35.98095703125
85,-2.2267481088638306
86,2.2146787643432617
87,54.41684913635254
88,182.09747314453125
89,6.012214183807373
90,5.09393048286438
91,48.142045974731445
92,59.02195167541504
93,20.170162200927734
94,5.084888935089111
95,3.8954966068267822
96,2.9809411764144897
97,6.751024484634399
98,217.89959716796875
99,91.59439849853516
100,269.5096740722656
101,5.41502571105957
102,257.75150299072266
103,4.077470541000366
104,6.295109748840332
105,113.61648941040039
106,15.917387008666992
107,280.358642578125
108,2.4126654863357544
109,174.16036224365234
110,2.829985737800598
111,60.51510238647461
112,2.06752347946167
113,189.41834259033203
114,6.31505560874939
115,5.247617483139038
116,405.96954345703125
117,225.7140350341797
118,136.3841323852539
119,255.75552368164062
120,292.5641632080078
121,155.72506713867188
122,3.5985257625579834
123,127.33220672607422
124,277.6640167236328
125,151.10234832763672
126,6.140259265899658
127,140.74079132080078
128,3.409803628921509
129,237.5898208618164
130,85.55472183227539
131,63.69246292114258
132,-4.42783784866333
133,-34.57711601257324
134,293.2244415283203
135,6.306699275970459
136,2.058331847190857
137,121.86031723022461
138,5.842924356460571
139,199.5589370727539
140,289.36737060546875
141,52.67814064025879
142,33.74073791503906
143,63.43368148803711
144,30.178147315979004
145,6.281489849090576
146,161.3295440673828
147,220.32931518554688
148,2.3063714504241943
149,178.89281463623047
150,78.51390838623047
151,280.78892517089844
152,275.27842712402344
153,174.39112854003906
154,7.7784423828125
155,4.277799129486084
156,225.87725830078125
157,135.24517822265625
158,125.82855606079102
159,144.62079620361328
160,6.344198703765869
161,51.014089584350586
162,4.689462423324585
163,253.0110855102539
164,3.053639769554138
165,71.46452713012695
166,209.87957000732422
167,325.51263427734375
168,6.993727684020996
169,1.957024335861206
170,248.99337768554688
171,3.0420678853988647
172,4.393608570098877
173,-19.666937828063965
174,4.105141878128052
175,5.663024187088013
176,136.74498748779297
177,75.79983520507812
178,333.05889892578125
179,153.94212341308594
180,243.29635620117188
181,5.873387098312378
182,2.3840038776397705
183,304.0915069580078
184,6.500539779663086
185,1.670862853527069
186,3.628023147583008
187,2.925399899482727
188,4.082507610321045
189,85.0191650390625
190,4.133277416229248
191,2.0975009202957153
192,31.23244285583496
193,3.1806271076202393
194,339.8231201171875
195,88.56756591796875
196,268.56947326660156
197,138.22896575927734
198,232.28949737548828
199,85.11316299438477
200,2.0363807678222656
201,3.1533619165420532
202,77.8683967590332
203,36.36358833312988
204,4.2779600620269775
205,267.6637420654297
206,55.017784118652344
207,243.254638671875
208,158.62006378173828
209,63.60197830200195
210,171.8277130126953
211,42.464712142944336
212,96.0222053527832
213,238.0268783569336
214,72.37495803833008
215,9.950472831726074
216,168.99209594726562
217,82.37323379516602
218,192.94062042236328
219,207.2852325439453
220,5.759648561477661
221,211.3157958984375
222,163.80477142333984
223,2.9201955795288086
224,193.24913024902344
225,253.23690795898438
226,197.95433044433594
227,47.45622444152832
228,267.0292053222656
229,264.4596252441406
230,1.5260194540023804
231,216.1410369873047
232,48.25001907348633
233,58.43321990966797
234,250.03929901123047
235,111.95502090454102
236,2.1539013385772705
237,5.941353797912598
238,41.19924545288086
239,6.343580722808838
240,180.67748260498047
241,310.940673828125
242,236.02462005615234
243,3.8569878339767456
244,3.3146402835845947
245,49.85713005065918
246,121.02484130859375
247,105.70007705688477
248,6.493399143218994
249,5.962442874908447
250,58.81709861755371
251,67.71857070922852
252,208.60698699951172
253,7.3203840255737305
254,172.78202056884766
255,-56.07706260681152
256,5.731796503067017
257,2.1224440336227417
258,75.17769241333008
259,274.8160095214844
260,2.6249345541000366
261,5.8095316886901855
262,6.162040948867798
263,-23.94089698791504
264,3.6819205284118652
265,3.6728739738464355
266,2.161657691001892
267,2.9616804122924805
268,1.6684757471084595
269,203.94864654541016
270,2.901320219039917
271,165.49430084228516
272,125.69650650024414
273,4.572775363922119
274,4.773258924484253
275,328.9053649902344
276,173.3893280029297
277,228.83251190185547
278,-60.804216384887695
279,4.378076076507568
280,196.09744262695312
281,5.2964372634887695
282,167.19060516357422
283,238.2350616455078
284,137.00550079345703
285,248.5808563232422
286,145.16573333740234
287,228.15026092529297
288,6.136247396469116
289,136.22744750976562
290,4.732411861419678
291,123.64421463012695
292,3.9114376306533813
293,88.52007293701172
294,105.24413299560547
295,4.652120351791382
296,132.08706665039062
297,44.468284606933594
298,-44.161394119262695
299,221.41371154785156
300,5.840200185775757
301,3.9846887588500977
302,5.461430311203003
303,4.423210620880127
304,4.054141521453857
305,4.902453899383545
306,231.33450317382812
307,3.375575065612793
308,3.1448084115982056
309,134.03850555419922
310,2.4057421684265137
311,2.305612564086914
312,3.4677942991256714
313,123.04476165771484
314,4.080402135848999
315,1.296420931816101
316,2.5068774223327637
317,4.28598690032959
318,3.679328441619873
319,73.5374870300293
320,1.8834245800971985
321,6.322256803512573
322,2.851365327835083
323,1.880337417125702
324,2.5708595514297485
325,4.022355794906616
326,4.888556718826294
327,42.36640548706055
328,4.327463150024414
329,117.042236328125
330,57.6114387512207
331,4.867045879364014
332,5.53235650062561
333,3.4096007347106934
334,6.740627765655518
335,153.83985900878906
336,3.8626368045806885
337,2.2436434030532837
338,138.78264617919922
339,27.955819129943848
340,305.23260498046875
341,134.3414306640625
342,76.92797088623047
343,3.619940996170044
344,2.719863772392273
345,128.80595779418945
346,2.9387601613998413
347,4.917741298675537
348,37.117258071899414
349,-31.235740661621094
350,135.72967529296875
351,239.15234375
352,24.975706100463867
353,1.337710201740265
354,5.895979166030884
355,282.7919158935547
356,219.2814712524414
357,2.9992666244506836
358,22.253132820129395
359,4.341996431350708
360,149.37079620361328
361,4.564486980438232
362,6.07105827331543
363,1.6426808834075928
364,4.359960317611694
365,5.234490156173706
366,79.97138595581055
367,4.732460021972656
368,252.457275390625
369,4.932437181472778
370,-12.988125324249268
371,263.4348907470703
372,44.668148040771484
373,173.39413452148438
374,10.615923881530762
375,114.9266586303711
376,2.7950981855392456
377,3.1328487396240234
378,3.7302494049072266
379,3.3988770246505737
380,0.9153871834278107
381,5.9998204708099365
382,6.068206310272217
383,158.53897857666016
384,1.797641932964325
385,4.088401794433594
386,281.93212890625
387,2.635324716567993
388,4.322251319885254
389,61.462751388549805
390,4.917063474655151
391,161.0769500732422
392,6.355134010314941
393,3.8817577362060547
394,315.3201599121094
395,191.0746307373047
396,3.043793201446533
397,1.8478687405586243
398,5.940442800521851
399,192.6664581298828
400,259.0972900390625
401,1.7425340414047241
402,6.129694223403931
403,5.459559679031372
404,5.8197009563446045
405,15.519765853881836
406,7.0442845821380615
407,-71.89128112792969
408,4.232060194015503
409,2.476511597633362
410,3.744884967803955
411,2.358664631843567
412,8.763471126556396
413,345.5865020751953
414,5.836036443710327
415,48.24975395202637
416,3.379373550415039
417,6.743443727493286
418,5.956299304962158
419,5.534007787704468
420,4.295094728469849
421,152.7227325439453
422,165.99533081054688
423,152.38705444335938
424,158.83631134033203
425,5.896238088607788
426,229.14423370361328
427,3.197353959083557
428,204.5614242553711
429,2.8267942667007446
430,4.693979024887085
431,259.060546875
432,145.51538848876953
433,9.64662790298462
434,5.856919288635254
435,57.68963813781738
436,256.4170150756836
437,216.49585723876953
438,157.44759368896484
439,5.844984531402588
440,257.19295501708984
441,211.81305694580078
442,103.83434677124023
443,308.72552490234375
444,5.600283622741699
445,6.18977165222168
446,63.63888931274414
447,1.2871085405349731
448,6.210060358047485
449,303.1378936767578
450,273.9136199951172
451,156.2489471435547
452,234.80094146728516
453,1.915747582912445
454,3.656034469604492
455,146.2620086669922
456,3.223828434944153
457,4.9095001220703125
458,262.3571472167969
459,65.65564727783203
460,18.757071495056152
461,107.20679092407227
462,6.305042743682861
463,180.24600982666016
464,5.426286697387695
465,131.9285659790039
466,62.24105453491211
467,2.229770541191101
468,5.304344892501831
469,45.894309997558594
470,48.60784721374512
471,1.8098902702331543
472,1.950374186038971
473,33.63644218444824
474,5.9755120277404785
475,124.30921173095703
476,6.519389390945435
477,2.05605411529541
478,4.441406965255737
479,207.67479705810547
480,4.4123499393463135
481,6.236985921859741
482,181.95906829833984
483,1.736117959022522
484,205.03622436523438
485,110.98490905761719
486,4.485891819000244
487,2.2437878847122192
488,215.53433990478516
489,2.7805120944976807
490,4.611729145050049
491,6.2422449588775635
492,3.876131772994995
493,3.9217586517333984
494,222.95361328125
495,5.919320344924927
496,118.12849044799805
497,6.380845069885254
498,5.930493593215942
499,5.443176746368408
500,1.7884050607681274
501,3.1281055212020874
502,317.9991455078125
503,112.23472595214844
504,21.33722686767578
505,2.1474571228027344
506,6.452860593795776
507,322.6009063720703
508,60.476497650146484
509,267.592529296875
510,4.193624973297119
511,145.24761962890625
512,189.13172149658203
513,230.1333465576172
514,321.12876892089844
515,287.9846649169922
516,216.17921447753906
517,263.1481018066406
518,7.189022541046143
519,48.86198425292969
520,324.8061828613281
521,1.8449105024337769
522,3.8837175369262695
523,179.16370391845703
524,4.538166522979736
525,165.56273651123047
526,5.8995137214660645
527,5.103480577468872
528,3.62516188621521
529,6.204065322875977
530,260.5535888671875
531,120.29738998413086
532,3.7671233415603638
533,130.40540313720703
534,4.190500259399414
535,7.0158774852752686
536,5.894109487533569
537,1.8331043720245361
538,4.847916126251221
539,276.43988037109375
540,284.3645935058594
541,256.86991119384766
542,92.26959991455078
543,91.00695419311523
544,5.585993051528931
545,4.052685737609863
546,3.7771403789520264
547,2.09656023979187
548,339.1993865966797
549,5.682680130004883
550,248.11038208007812
551,5.8616039752960205
552,113.52317810058594
553,4.072777271270752
554,91.66011047363281
555,117.54312515258789
556,249.00652313232422
557,212.42955780029297
558,5.140531778335571
559,5.722633123397827
560,163.45043182373047
561,133.54370880126953
562,151.45108795166016
563,3.1726741790771484
564,49.033565521240234
565,154.7984390258789
566,2.805000424385071
567,48.67990493774414
568,112.55229949951172
569,328.80999755859375
570,3.8509124517440796
571,204.29889678955078
572,3.0619800090789795
573,88.74798202514648
574,98.71620178222656
575,7.349359035491943
576,1.9085514545440674
577,2.9398854970932007
578,174.3502655029297
579,9.992100715637207
580,276.3814239501953
581,64.15599060058594
582,70.28448867797852
583,5.433349370956421
584,3.3619662523269653
585,150.50831604003906
586,4.870303630828857
587,211.7721405029297
588,3.067469596862793
589,182.3951187133789
590,266.62400817871094
591,149.45780181884766
592,6.828475475311279
593,249.3730239868164
594,286.0028381347656
595,28.4360990524292
596,5.567118167877197
597,134.7256317138672
598,3.0208820104599
599,77.63046264648438
600,196.80501556396484
601,136.8278350830078
602,25.71101951599121
603,2.0552759170532227
604,243.2756805419922
605,2.6487847566604614
606,2.386991858482361
607,6.893655776977539
608,46.18517303466797
609,290.7393341064453
610,23.135334014892578
611,73.53862762451172
612,9.181592464447021
613,2.1617153882980347
614,50.57558059692383
615,1.951718032360077
616,174.52165985107422
617,-61.3466854095459
618,228.6436538696289
619,4.839815616607666
620,5.345479965209961
621,184.34600830078125
622,95.95417404174805
623,186.48855590820312
624,202.4609146118164
625,2.280128240585327
626,1.7801741361618042
627,79.98250579833984
628,4.030728340148926
629,220.02540588378906
630,4.44252610206604
631,2.1809897422790527
632,207.64412689208984
633,121.53173828125
634,213.11919403076172
635,2.50698459148407
636,103.61458969116211
637,104.74834823608398
638,6.927633762359619
639,33.11924171447754
640,123.37239456176758
641,6.724245309829712
642,2.913597345352173
643,297.58738708496094
644,3.276921033859253
645,105.31887817382812
646,66.67850112915039
647,180.16448974609375
648,250.26304626464844
649,387.87254333496094
650,323.0308074951172
651,157.4890899658203
652,38.33079719543457
653,3.1777749061584473
654,181.32827758789062
655,1.8282393217086792
656,206.27547454833984
657,147.74485778808594
658,293.887939453125
659,1.8846399188041687
660,127.05523300170898
661,4.001931190490723
662,131.75326538085938
663,3.682882070541382
664,-41.813804626464844
665,94.00101089477539
666,135.64543914794922
667,236.34170532226562
668,325.6036682128906
669,98.78409957885742
670,208.60072326660156
671,113.68349838256836
672,83.55250930786133
673,4.036623477935791
674,5.853299856185913
675,5.946927547454834
676,5.746549844741821
677,15.032441139221191
678,151.0307388305664
679,5.257156848907471
680,3.2797505855560303
681,2.01892751455307
682,104.14270401000977
683,5.313289403915405
684,174.46621704101562
685,192.1863021850586
686,5.888529300689697
687,364.6753845214844
688,80.79197692871094
689,92.31938171386719
690,319.9749450683594
691,3.4209190607070923
692,83.58740234375
693,5.392193794250488
694,6.130220413208008
695,4.571748495101929
696,309.18089294433594
697,1.3267125487327576
698,224.5393524169922
699,1.6177073121070862
700,242.3724822998047
701,3.6709609031677246
702,4.348161697387695
703,66.02705764770508
704,78.6524887084961
705,139.75530242919922
706,176.66280364990234
707,174.27915954589844
708,77.52122497558594
709,83.24866104125977
710,206.79766082763672
711,235.47594451904297
712,6.404892444610596
713,36.892086029052734
714,6.851831436157227
715,251.24948120117188
716,3.1073873043060303
717,91.86871337890625
718,326.94378662109375
719,207.2782440185547
720,4.566712379455566
721,150.53475189208984
722,2.142279863357544
723,6.1620094776153564
724,2.236507773399353
725,2.322352409362793
726,118.54876708984375
727,234.27801513671875
728,64.55165481567383
729,59.31537437438965
730,86.93608474731445
731,281.424560546875
732,4.60625147819519
733,6.452285289764404
734,30.550071716308594
735,250.5848846435547
736,46.108469009399414
737,44.08938217163086
738,111.98402404785156
739,309.51678466796875
740,147.31663513183594
741,4.411139011383057
742,278.3480529785156
743,112.9463996887207
744,1.820142388343811
745,280.7312927246094
746,175.10809326171875
747,4.196345329284668
748,62.35801124572754
749,70.75200653076172
750,201.52758026123047
751,40.04091453552246
752,258.0505905151367
753,1.9601575136184692
754,247.45073699951172
755,6.2663187980651855
756,5.922572374343872
757,221.23699951171875
758,2.0399125814437866
759,67.1737174987793
760,32.62314414978027
761,179.00415802001953
762,5.198938846588135
763,2.0514493584632874
764,75.61441802978516
765,4.428170204162598
766,34.299827575683594
767,1.407814085483551
768,4.885757923126221
769,5.976878643035889
770,1.8332093954086304
771,236.46808624267578
772,68.96938705444336
773,123.4853630065918
774,-27.682323455810547
775,15.009069442749023
776,4.612863063812256
777,215.15129852294922
778,10.273931503295898
779,166.69651794433594
780,86.59830474853516
781,315.29998779296875
782,3.4721113443374634
783,51.59055519104004
784,2.712928533554077
785,50.26263236999512
786,125.50245666503906
787,5.425014019012451
788,1.8940584659576416
789,167.27218627929688
790,91.69292831420898
791,-14.178879261016846
792,121.65953063964844
793,-67.26497268676758
794,316.3873291015625
795,-61.14275932312012
796,111.55710220336914
797,3.8055731058120728
798,54.96826362609863
799,3.367053747177124
800,5.890007495880127
801,209.67542266845703
802,60.880218505859375
803,151.41282653808594
804,6.5643157958984375
805,1.9663408994674683
806,160.48306274414062
807,2.6662774085998535
808,78.23222351074219
809,1.6365126371383667
810,46.98140907287598
811,251.20612335205078
812,86.9958610534668
813,280.5873718261719
814,5.899620532989502
815,5.042909383773804
816,7.04753851890564
817,3.195101261138916
818,-1.982154369354248
819,5.605543613433838
820,81.91094207763672
821,5.6689581871032715
822,2.0515429973602295
823,30.201069831848145
824,77.73510360717773
825,7.141888380050659
826,69.56586074829102
827,4.4441423416137695
828,6.195863485336304
829,46.670026779174805
830,182.54802703857422
831,104.34171295166016
832,6.071410417556763
833,273.45982360839844
834,193.71138763427734
835,155.94188690185547
836,2.016135096549988
837,62.7782039642334
838,156.75314331054688
839,6.09591269493103
840,161.4199981689453
841,137.56053924560547
842,74.88291931152344
843,2.196067214012146
844,3.5956947803497314
845,5.442142963409424
846,6.282448053359985
847,5.536385536193848
848,166.33011627197266
849,6.265329360961914
850,84.85845184326172
851,55.1448917388916
852,24.219935417175293
853,85.85719299316406
854,4.867045879364014
855,6.289214849472046
856,238.8846206665039
857,91.93134689331055
858,41.11751365661621
859,212.21560668945312
860,2.130131721496582
861,3.425866723060608
862,3.087713360786438
863,106.97515869140625
864,247.1956787109375
865,276.8011932373047
866,216.52965545654297
867,5.290501356124878
868,122.54745864868164
869,138.40728759765625
870,136.53347778320312
871,162.33531188964844
872,137.88868713378906
873,2.904894471168518
874,60.280086517333984
875,5.709657669067383
876,100.2894515991211
877,34.17846870422363
878,118.27834701538086
879,5.600324630737305
880,6.652379751205444
881,154.28296661376953
882,5.743270635604858
883,242.19588470458984
884,5.9085400104522705
885,168.42352294921875
886,54.172119140625
887,2.1238186359405518
888,2.0944589376449585
889,223.38994598388672
890,3.6130292415618896
891,2.967773914337158
892,62.01605033874512
893,5.430505752563477
894,-12.78017520904541
895,3.7420520782470703
896,222.6727752685547
897,2.6145321130752563
898,206.58543395996094
899,-51.878196716308594
900,217.78063201904297
901,3.264610767364502
902,187.1603240966797
903,5.164998531341553
904,134.8624725341797
905,1.921131193637848
906,0.7352449297904968
907,196.52007293701172
908,52.077192306518555
909,86.27962493896484
910,2.181020736694336
911,6.695787191390991
912,243.64923858642578
913,171.3803939819336
914,283.4945068359375
915,81.09903335571289
916,129.7286148071289
917,-12.57682466506958
918,2.6426284313201904
919,2.8542733192443848
920,385.64439392089844
921,136.16053771972656
922,198.93323516845703
923,2.4805039167404175
924,82.25836563110352
925,190.9933319091797
926,49.1825065612793
927,67.95696640014648
928,4.891380548477173
929,61.61760902404785
930,48.92293167114258
931,216.6318130493164
932,183.8804702758789
933,5.546509265899658
934,2.1351741552352905
935,177.98674774169922
936,69.83642578125
937,3.5478895902633667
938,4.782640695571899
939,131.144287109375
940,1.821970283985138
941,5.903087615966797
942,5.1370439529418945
943,110.70272064208984
944,3.50190806388855
945,2.0181539058685303
946,71.59085083007812
947,37.175100326538086
948,73.41260528564453
949,236.4111557006836
950,355.1886749267578
951,19.21663475036621
952,-7.23920464515686
953,6.014164447784424
954,258.5599822998047
955,190.0413589477539
956,155.26100158691406
957,2.165839910507202
958,3.0616475343704224
959,192.55126190185547
960,66.40836715698242
961,164.93603515625
962,3.2315152883529663
963,6.316354990005493
964,5.0063745975494385
965,6.404892921447754
966,3.919893741607666
967,36.76614761352539
968,177.58795166015625
969,163.46517181396484
970,6.182881116867065
971,352.29071044921875
972,5.3913023471832275
973,100.87567138671875
974,5.6703431606292725
975,3.6736360788345337
976,5.291796684265137
977,173.16109466552734
978,303.2406463623047
979,2.4859699010849
980,1.8973488211631775
981,-17.999181747436523
982,54.54030990600586
983,300.85443115234375
984,316.4957580566406
985,256.31483459472656
986,106.68799591064453
987,2.9771368503570557
988,234.81016540527344
989,330.2384338378906
990,83.11347961425781
991,4.098761796951294
992,260.41197204589844
993,186.7686004638672
994,3.104393482208252
995,-4.7015063762664795
996,24.805551528930664
997,2.078047513961792
998,37.21676445007324
999,95.34830474853516
1000,-4.791169047355652
1001,280.92559814453125
1002,166.1770248413086
1003,5.727945566177368
1004,1.413818597793579
1005,1.9407904148101807
1006,3.8195462226867676
1007,167.40281677246094
1008,1.9625867009162903
1009,5.588631629943848
1010,-8.052553653717041
1011,264.03553771972656
1012,26.02845287322998
1013,210.2426300048828
1014,64.6222038269043
1015,240.69190979003906
1016,6.523862600326538
1017,5.383274555206299
1018,3.628153681755066
1019,6.368499517440796
1020,4.2548134326934814
1021,138.02767944335938
1022,78.71430206298828
1023,172.2774200439453
1024,164.1297378540039
1025,5.314163446426392
1026,3.8253403902053833
1027,4.5983686447143555
1028,85.46883010864258
1029,3.5403977632522583
1030,31.469484329223633
1031,256.9162292480469
1032,3.0481789112091064
1033,2.507568836212158
1034,231.8891372680664
1035,1.4979130029678345
1036,236.43749237060547
1037,6.744100570678711
1038,59.28682518005371
1039,3.6179215908050537
1040,-9.752681255340576
1041,3.1184228658676147
1042,3.9260541200637817
1043,3.832614541053772
1044,318.58949279785156
1045,112.38925170898438
1046,36.06706619262695
1047,218.15684509277344
1048,1.8066156506538391
1049,2.7716476917266846
1050,6.006489515304565
1051,79.21689987182617
1052,173.24927520751953
1053,258.0503845214844
1054,6.325705051422119
1055,25.20083236694336
1056,30.95051383972168
1057,4.53169846534729
1058,2.7730491161346436
1059,2.9194730520248413
1060,123.70316314697266
1061,2.94932222366333
1062,5.6159186363220215
1063,307.4141540527344
1064,218.44161987304688
1065,65.3459587097168
1066,253.25043487548828
1067,267.5165710449219
1068,5.471640586853027
1069,4.480531930923462
1070,328.9248046875
1071,172.42281341552734
1072,5.353285789489746
1073,3.2971123456954956
1074,6.292832851409912
1075,4.8149518966674805
1076,292.9612274169922
1077,6.173203706741333
1078,158.35816192626953
1079,2.589156985282898
1080,2.2340341806411743
1081,5.962985992431641
1082,4.231236219406128
1083,3.4207639694213867
1084,6.320404767990112
1085,122.97032165527344
1086,192.30457305908203
1087,61.31332778930664
1088,278.2812042236328
1089,7.993650913238525
1090,125.8300895690918
1091,262.7959899902344
1092,5.570550203323364
1093,3.9238698482513428
1094,6.621700763702393
1095,3.3529794216156006
1096,3.011572480201721
1097,5.44590163230896
1098,83.76271438598633
1099,127.84549713134766
1100,6.184442520141602
1101,4.707591772079468
1102,6.198557615280151
1103,268.7981414794922
1104,4.578598499298096
1105,119.35705184936523
1106,4.745655298233032
1107,6.236920595169067
1108,16.311370849609375
1109,106.09621810913086
1110,89.68025207519531
1111,3.431098699569702
1112,216.6036605834961
1113,2.8340775966644287
1114,191.63229370117188
1115,-23.759557723999023
1116,5.668323040008545
1117,287.30308532714844
1118,284.961669921875
1119,4.675899028778076
1120,48.859832763671875
1121,6.528061151504517
1122,230.40858459472656
1123,3.4133235216140747
1124,177.38048553466797
1125,2.587239980697632
1126,77.99438095092773
1127,6.3965537548065186
1128,-24.772186279296875
1129,205.2239761352539
1130,6.317519426345825
1131,47.11174201965332
1132,4.7151405811309814
1133,-57.99213790893555
1134,209.08927154541016
1135,202.75558471679688
1136,-45.70929145812988
1137,4.074633359909058
1138,61.191917419433594
1139,124.72624969482422
1140,116.10988998413086
1141,202.78982543945312
1142,143.44996643066406
1143,32.34823989868164
1144,-37.977474212646484
1145,116.39298629760742
1146,32.85996055603027
1147,4.235773086547852
1148,109.0862808227539
1149,35.04581069946289
1150,4.2011168003082275
1151,1.3401323556900024
1152,3.6861366033554077
1153,4.251619577407837
1154,39.53743553161621
1155,160.1197052001953
1156,6.67175817489624
1157,90.2706069946289
1158,198.0853500366211
1159,128.68386459350586
1160,103.35968399047852
1161,1.730599820613861
1162,5.679934978485107
1163,5.5922064781188965
1164,4.899516582489014
1165,212.9521026611328
1166,52.96046447753906
1167,-7.89215350151062
1168,4.6851372718811035
1169,158.09544372558594
1170,4.822861909866333
1171,4.292232275009155
1172,-10.39027738571167
1173,4.065155029296875
1174,189.63966369628906
1175,-55.084299087524414
1176,240.12100982666016
1177,2.4261306524276733
1178,149.22504425048828
1179,2.463975429534912
1180,2.41149640083313
1181,2.351582884788513
1182,141.48532104492188
1183,7.243947982788086
1184,3.8591853380203247
1185,277.4195098876953
1186,95.67869567871094
1187,3.8986363410949707
1188,3.01986026763916
1189,134.70521545410156
1190,3.3975459337234497
1191,3.3703802824020386
1192,5.14385461807251
1193,166.97333526611328
1194,5.511134624481201
1195,2.1037654876708984
1196,262.7017364501953
1197,86.48204040527344
1198,2.8990554809570312
1199,278.56153869628906
1200,51.95413398742676
1201,252.0079116821289
1202,72.8829116821289
1203,3.194383382797241
1204,169.68024444580078
1205,1.8274158239364624
1206,154.18036651611328
1207,117.1486587524414
1208,226.75404357910156
1209,251.81027221679688
1210,207.0334701538086
1211,230.42091369628906
1212,5.993277072906494
1213,4.1193602085113525
1214,202.19457244873047
1215,97.8292465209961
1216,238.7484130859375
1217,182.21047973632812
1218,-50.54651641845703
1219,6.0721235275268555
1220,5.895900249481201
1221,260.5146484375
1222,5.538133859634399
1223,2.6255106925964355
1224,2.8636049032211304
1225,112.05452346801758
1226,1.4285210371017456
1227,4.7215447425842285
1228,2.33134388923645
1229,38.45981979370117
1230,104.99848937988281
1231,233.96153259277344
1232,1.843601405620575
1233,-19.981099128723145
1234,2.976110577583313
1235,21.425057411193848
1236,259.9330139160156
1237,3.930134415626526
1238,2.5029226541519165
1239,1.6776570677757263
1240,52.235795974731445
1241,2.0620522499084473
1242,4.419771909713745
1243,5.14861273765564
1244,185.51985931396484
1245,4.193328142166138
1246,265.32281494140625
1247,5.878959894180298
1248,107.41936111450195
1249,162.4615478515625
1250,7.230307102203369
1251,38.959115982055664
1252,6.148158073425293
1253,3.8788212537765503
1254,4.238988876342773
1255,32.368534088134766
1256,84.73332977294922
1257,156.0975570678711
1258,261.38539123535156
1259,43.176713943481445
1260,250.30812072753906
1261,5.814848899841309
1262,5.55420994758606
1263,225.04586791992188
1264,2.5135267972946167
1265,27.964542388916016
1266,103.6962661743164
1267,2.3308719396591187
1268,6.0716423988342285
1269,289.6952362060547
1270,-59.439897537231445
1271,263.9614562988281
1272,49.24530601501465
1273,9.268102645874023
1274,204.2752227783203
1275,227.71190643310547
1276,42.26828384399414
1277,3.976384162902832
1278,1.6962758898735046
1279,3.996554136276245
1280,-51.16175651550293
1281,3.287848114967346
1282,98.13787841796875
1283,170.1024398803711
1284,2.7405537366867065
1285,-59.03989219665527
1286,2.971590757369995
1287,49.804487228393555
1288,113.77205276489258
1289,4.058975458145142
1290,217.53832244873047
1291,3.138195276260376
1292,32.710004806518555
1293,111.40795135498047
1294,259.00147247314453
1295,160.5580062866211
1296,5.905823469161987
1297,51.51652145385742
1298,11.372905731201172
1299,6.151139497756958
1300,181.72599029541016
1301,246.8589096069336
1302,219.26436614990234
1303,5.906513929367065
1304,3.791248321533203
1305,4.978504180908203
1306,53.99894905090332
1307,163.2803726196289
1308,1.877084732055664
1309,4.5155346393585205
1310,326.4086151123047
1311,2.6896480321884155
1312,6.448422193527222
1313,31.065728187561035
1314,141.793701171875
1315,217.42681884765625
1316,258.1896667480469
1317,80.94315719604492
1318,2.077301502227783
1319,211.04861450195312
1320,257.12086486816406
1321,7.707662343978882
1322,50.681800842285156
1323,249.28387451171875
1324,240.4577407836914
1325,45.796464920043945
1326,50.59395408630371
1327,255.3157958984375
1328,2.9172415733337402
1329,6.105160474777222
1330,126.50529861450195
1331,5.7261505126953125
1332,298.1824035644531
1333,2.0225989818573
1334,337.6135559082031
1335,1.8764857053756714
1336,129.64604949951172
1337,27.651694297790527
1338,249.7193374633789
1339,6.112180709838867
1340,187.73414611816406
1341,242.52664947509766
1342,176.54151153564453
1343,42.089759826660156
1344,127.10377883911133
1345,3.034815788269043
1346,54.37818717956543
1347,105.2540168762207
1348,2.85078501701355
1349,218.3199691772461
1350,31.034208297729492
1351,228.18984985351562
1352,2.7003406286239624
1353,18.505474090576172
1354,4.798826217651367
1355,6.030759811401367
1356,3.9461631774902344
1357,7.107152700424194
1358,6.68919038772583
1359,1.6993979811668396
1360,306.0694580078125
1361,4.4688560962677
1362,6.805340528488159
1363,64.53983688354492
1364,3.5768903493881226
1365,5.904509782791138
1366,6.374246120452881
1367,5.912603139877319
1368,19.708157539367676
1369,194.23068237304688
1370,257.0451354980469
1371,217.37993621826172
1372,10.743148803710938
1373,3.6204034090042114
1374,187.51077270507812
1375,175.80184936523438
1376,5.619226694107056
1377,5.055119752883911
1378,113.45148086547852
1379,86.01636123657227
1380,102.29353332519531
1381,216.56969451904297
1382,63.433876037597656
1383,55.09914779663086
1384,-2.333721876144409
1385,178.02111053466797
1386,2.2717593908309937
1387,62.31271743774414
1388,1.6810660362243652
1389,227.92423248291016
1390,189.3881607055664
1391,70.6749267578125
1392,51.59152793884277
1393,274.28724670410156
1394,-20.366583824157715
1395,49.25271034240723
1396,174.60150146484375
1397,5.38869571685791
1398,196.40696716308594
1399,1.5754082798957825
1400,109.24857711791992
1401,327.9318084716797
1402,45.208396911621094
1403,302.9065246582031
1404,82.30282974243164
1405,117.09746551513672
1406,1.949824035167694
1407,112.80556106567383
1408,7.667422771453857
1409,3.77267324924469
1410,252.4886703491211
1411,273.8819580078125
1412,-27.01453971862793
1413,118.39774322509766
1414,262.13250732421875
1415,2.3321869373321533
1416,2.4698398113250732
1417,4.203768014907837
1418,309.07203674316406
1419,158.2669906616211
1420,4.691336631774902
1421,31.896833419799805
1422,6.573291778564453
1423,3.1589311361312866
1424,5.425100564956665
1425,2.473413586616516
1426,-37.230953216552734
1427,3.5297555923461914
1428,4.285833358764648
1429,4.171835899353027
1430,4.460902690887451
1431,6.387463808059692
1432,172.4301528930664
1433,2.878624677658081
1434,6.147665023803711
1435,4.470799207687378
1436,-55.78330993652344
1437,158.66210174560547
1438,120.45198059082031
1439,6.440998792648315
1440,2.356170177459717
1441,136.15316009521484
1442,190.0869598388672
1443,54.60104942321777
1444,5.869325876235962
1445,42.90235137939453
1446,270.01747131347656
1447,222.89517974853516
1448,-35.31287479400635
1449,5.891083240509033
1450,271.3720703125
1451,136.42340087890625
1452,4.996524095535278
1453,5.722938060760498
1454,178.75625610351562
1455,74.10659408569336
1456,-2.355849325656891
1457,7.699986219406128
1458,4.993231296539307
1459,310.3116455078125
1460,350.7666931152344
1461,151.4913101196289
1462,-26.01115608215332
1463,80.14503479003906
1464,5.893666505813599
1465,3.211295485496521
1466,221.2913360595703
1467,5.731537580490112
1468,5.634040832519531
1469,41.96415901184082
1470,3.6086840629577637
1471,44.29325294494629
1472,6.725127220153809
1473,2.832886219024658
1474,247.38126373291016
1475,103.49275207519531
1476,6.808506727218628
1477,2.6583187580108643
1478,122.92616271972656
1479,4.248671293258667
1480,136.7673568725586
1481,5.871633291244507
1482,181.8657455444336
1483,6.322555065155029
1484,244.03372192382812
1485,176.46478271484375
1486,6.574868440628052
1487,3.6249927282333374
1488,92.15925216674805
1489,6.006803035736084
1490,95.43963623046875
1491,3.778311014175415
1492,2.0434457659721375
1493,7.192545413970947
1494,5.286147356033325
1495,28.772683143615723
1496,7.1598591804504395
1497,68.92006301879883
1498,5.887983560562134
1499,70.07826614379883
1500,7.3611273765563965
1501,5.8396406173706055
1502,61.36503219604492
1503,5.635320663452148
1504,2.085886001586914
1505,5.0003392696380615
1506,207.13774871826172
1507,49.849185943603516
1508,97.59940719604492
1509,70.59700775146484
1510,3.3558367490768433
1511,43.43347358703613
1512,59.62621879577637
1513,5.622255325317383
1514,268.911376953125
1515,50.050153732299805
1516,2.7433266639709473
1517,356.1467590332031
1518,4.394596576690674
1519,262.8315124511719
1520,5.534437417984009
1521,55.1003475189209
1522,5.067942380905151
1523,2.9410150051116943
1524,122.10078811645508
1525,-27.770692825317383
1526,2.4942609071731567
1527,6.023381233215332
1528,3.739100456237793
1529,219.57044982910156
1530,280.5956573486328
1531,3.3154311180114746
1532,5.428826808929443
1533,3.289882779121399
1534,-11.18139123916626
1535,75.55785751342773
1536,5.957557916641235
1537,2.5175877809524536
1538,287.7648010253906
1539,166.57527923583984
1540,2.1320382356643677
1541,163.64915466308594
1542,3.2327654361724854
1543,16.832547187805176
1544,7.220527410507202
1545,3.495798110961914
1546,5.922687768936157
1547,-17.81935405731201
1548,235.24929809570312
1549,42.354501724243164
1550,4.492729663848877
1551,2.2225372791290283
1552,240.43561553955078
1553,5.6709864139556885
1554,284.39329528808594
1555,131.28128051757812
1556,4.370708227157593
1557,13.954370021820068
1558,3.632647752761841
1559,239.76422882080078
1560,170.048095703125
1561,199.33806610107422
1562,233.7577896118164
1563,100.55041885375977
1564,3.451960802078247
1565,83.72862243652344
1566,3.666134238243103
1567,12.164854049682617
1568,93.78728103637695
1569,22.254039764404297
1570,292.8215637207031
1571,3.5376996994018555
1572,81.43921279907227
1573,1.8333752155303955
1574,4.254960060119629
1575,5.9355432987213135
1576,4.256062984466553
1577,5.597334861755371
1578,86.27962493896484
1579,5.401370286941528
1580,220.51748657226562
1581,219.6692657470703
1582,6.690958738327026
1583,316.31825256347656
1584,311.3456726074219
1585,6.20442533493042
1586,5.337861061096191
1587,48.78507423400879
1588,290.2161865234375
1589,7.348537445068359
1590,6.33104395866394
1591,174.98785400390625
1592,6.977843284606934
1593,107.61455917358398
1594,144.13848876953125
1595,107.4620132446289
1596,5.801682472229004
1597,62.55763626098633
1598,6.63335108757019
1599,2.8439918756484985
1600,4.626553058624268
1601,2.408669114112854
1602,5.980819940567017
1603,262.8572082519531
1604,44.067710876464844
1605,119.14698791503906
1606,264.03062438964844
1607,22.847262382507324
1608,3.2689636945724487
1609,6.586249589920044
1610,2.7551361322402954
1611,176.99195098876953
1612,71.81593704223633
1613,2.9588574171066284
1614,274.0742492675781
1615,6.042563199996948
1616,4.255316734313965
1617,183.82481384277344
1618,233.25179290771484
1619,7.441389560699463
1620,64.15694427490234
1621,2.674989342689514
1622,2.5511395931243896
1623,2.482252597808838
1624,233.16275787353516
1625,83.21783065795898
1626,1.6695824265480042
1627,38.16644287109375
1628,3.8211203813552856
1629,200.60677337646484
1630,88.75811004638672
1631,4.314077615737915
1632,318.9320526123047
1633,4.893369197845459
1634,8.658316135406494
1635,3.623787522315979
1636,4.701635360717773
1637,5.983404874801636
1638,203.15288543701172
1639,41.38694763183594
1640,4.344757556915283
1641,311.62396240234375
1642,151.31004333496094
1643,201.98117065429688
1644,112.89458084106445
1645,190.19551849365234
1646,5.772585868835449
1647,6.725330114364624
1648,46.33758354187012
1649,4.49348258972168
1650,99.0972900390625
1651,6.452592849731445
1652,6.716331958770752
1653,223.05499267578125
1654,6.588066339492798
1655,309.501953125
1656,61.2506046295166
1657,1.3213967084884644
1658,285.884033203125
1659,2.15373957157135
1660,3.246431350708008
1661,6.490074157714844
1662,187.6004180908203
1663,5.913440465927124
1664,113.92529296875
1665,1.2910184264183044
1666,48.88722229003906
1667,-54.96286582946777
1668,256.9751892089844
1669,58.051767349243164
1670,2.067327857017517
1671,2.490197539329529
1672,5.376570224761963
1673,4.605719566345215
1674,121.62669372558594
1675,2.169716000556946
1676,-55.66342735290527
1677,32.29001808166504
1678,23.91365146636963
1679,211.84183502197266
1680,104.90083694458008
1681,1.5551148056983948
1682,3.1800334453582764
1683,66.19794082641602
1684,26.752636909484863
1685,6.723984718322754
1686,144.56365966796875
1687,6.848047971725464
1688,141.43760681152344
1689,252.90192413330078
1690,3.212721347808838
1691,3.813290596008301
1692,4.0211615562438965
1693,2.696077346801758
1694,89.87127304077148
1695,221.70003509521484
1696,113.78660202026367
1697,1.5995533466339111
1698,221.44375610351562
1699,178.69527435302734
1700,108.60401153564453
1701,250.01680755615234
1702,-39.515865325927734
1703,5.930462598800659
1704,5.586001634597778
1705,2.3523833751678467
1706,93.1651840209961
1707,5.4535722732543945
1708,71.32284545898438
1709,146.33710479736328
1710,6.177026033401489
1711,72.68182754516602
1712,1.950527310371399
1713,5.949295520782471
1714,-72.66071701049805
1715,4.976054430007935
1716,2.555610775947571
1717,11.681701183319092
1718,126.39200210571289
1719,17.005661010742188
1720,6.222417116165161
1721,267.59580993652344
1722,3.4947861433029175
1723,161.1944351196289
1724,146.37703704833984
1725,3.6861119270324707
1726,4.387052059173584
1727,239.4062728881836
1728,4.289565324783325
1729,3.3615832328796387
1730,81.83921432495117
1731,208.85716247558594
1732,4.718627452850342
1733,359.76463317871094
1734,278.4211730957031
1735,189.26914978027344
1736,3.56422758102417
1737,297.88136291503906
1738,293.18585205078125
1739,191.58948516845703
1740,90.79451751708984
1741,129.67652893066406
1742,244.18566131591797
1743,5.202396869659424
1744,113.60567855834961
1745,47.46375846862793
1746,3.6370229721069336
1747,7.09262490272522
1748,173.15152740478516
1749,3.5602232217788696
1750,77.3635025024414
1751,22.53436851501465
1752,7.111958980560303
1753,6.054973363876343
1754,266.2262420654297
1755,228.73626708984375
1756,1.9529104828834534
1757,224.56321716308594
1758,329.47900390625
1759,4.365110874176025
1760,297.51695251464844
1761,256.290771484375
1762,27.083582878112793
1763,41.84524726867676
1764,13.003349304199219
1765,5.097126722335815
1766,239.1164093017578
1767,189.42201232910156
1768,5.83195424079895
1769,122.63593673706055
1770,51.044328689575195
1771,2.938423752784729
1772,197.7752456665039
1773,263.9390563964844
1774,6.3511199951171875
1775,291.62811279296875
1776,2.856358766555786
1777,22.508214950561523
1778,38.8310489654541
1779,34.01375961303711
1780,110.70203018188477
1781,5.6583380699157715
1782,204.33106994628906
1783,225.21704864501953
1784,4.343241930007935
1785,62.6119327545166
1786,2.6481640338897705
1787,73.81044387817383
1788,5.016066074371338
1789,2.680311918258667
1790,58.876373291015625
1791,4.025243282318115
1792,2.550416350364685
1793,2.344899296760559
1794,170.1968536376953
1795,191.2611083984375
1796,290.778076171875
1797,130.9919662475586
1798,6.299762725830078
1799,195.22235870361328
1800,167.09011840820312
1801,4.97373366355896
1802,1.9393048286437988
1803,132.01044464111328
1804,4.161680459976196
1805,174.08203887939453
1806,5.522176027297974
1807,276.2487487792969
1808,141.36036682128906
1809,61.59675407409668
1810,4.122650861740112
1811,2.653106689453125
1812,19.910395622253418
1813,3.149921178817749
1814,167.68504333496094
1815,270.0149383544922
1816,5.087524890899658
1817,107.94342422485352
1818,58.817081451416016
1819,233.49730682373047
1820,7.54355525970459
1821,3.3719735145568848
1822,252.9580307006836
1823,1.1496479511260986
1824,73.50263595581055
1825,2.249786138534546
1826,6.152581214904785
1827,4.197148323059082
1828,2.1300569772720337
1829,237.7216339111328
1830,230.8997039794922
1831,6.734079599380493
1832,37.050777435302734
1833,3.5343962907791138
1834,4.303623199462891
1835,95.2918815612793
1836,6.568525791168213
1837,5.987469434738159
1838,5.909026622772217
1839,84.35991287231445
1840,-21.242465019226074
1841,-92.73275756835938
1842,235.32820892333984
1843,175.15100860595703
1844,262.2489471435547
1845,155.8061752319336
1846,32.36343574523926
1847,263.9055633544922
1848,127.43610382080078
1849,3.8192667961120605
1850,5.781063556671143
1851,-82.31255340576172
1852,6.530024528503418
1853,74.67325973510742
1854,72.41040802001953
1855,5.513217210769653
1856,179.20240020751953
1857,2.7985479831695557
1858,5.204174041748047
1859,6.528764724731445
1860,5.854961156845093
1861,145.49124145507812
1862,6.328469514846802
1863,76.30982971191406
1864,77.0612907409668
1865,211.23577880859375
1866,135.77257537841797
1867,96.77731323242188
1868,273.1499328613281
1869,159.76648712158203
1870,3.5199180841445923
1871,193.34251403808594
1872,50.88972473144531
1873,2.7781485319137573
1874,27.79024887084961
1875,115.69685745239258
1876,2.6734942197799683
1877,2.676518201828003
1878,60.63863563537598
1879,66.50224685668945
1880,270.90447998046875
1881,6.220852375030518
1882,94.42067337036133
1883,5.838822841644287
1884,96.7412338256836
1885,297.7721710205078
1886,269.74537658691406
1887,3.2109460830688477
1888,215.9617462158203
1889,234.39579010009766
1890,2.4128224849700928
1891,241.92110443115234
1892,248.12486267089844
1893,4.412980079650879
1894,2.066239356994629
1895,6.485655069351196
1896,5.73397421836853
1897,56.002220153808594
1898,-55.5750846862793
1899,3.105065107345581
1900,5.943933010101318
1901,266.10572814941406
1902,225.19307708740234
1903,-63.10337829589844
1904,58.43248748779297
1905,50.8486328125
1906,166.36502075195312
1907,6.681858062744141
1908,6.303663730621338
1909,111.1012077331543
1910,5.70568060874939
1911,5.387465953826904
1912,3.6544183492660522
1913,69.07186126708984
1914,-32.2623987197876
1915,6.775715589523315
1916,1.0961635112762451
1917,2.7871711254119873
1918,170.44805908203125
1919,4.9003214836120605
1920,4.436745643615723
1921,70.46756362915039
1922,3.2629809379577637
1923,6.841931104660034
1924,2.606717586517334
1925,4.500015735626221
1926,106.02960586547852
1927,172.02371215820312
1928,3.5049688816070557
1929,51.56702995300293
1930,2.891420364379883
1931,6.154248237609863
1932,4.812394380569458
1933,3.02555513381958
1934,249.4200668334961
1935,6.187846899032593
1936,4.658247232437134
1937,-1.6376615762710571
1938,-30.34470272064209
1939,2.6866036653518677
1940,265.41265869140625
1941,3.4321024417877197
1942,229.28418731689453
1943,3.8397213220596313
1944,229.7616195678711
1945,295.5962829589844
1946,6.068467378616333
1947,96.59779739379883
1948,5.718559741973877
1949,-10.239835262298584
1950,36.80774688720703
1951,2.574352979660034
1952,38.64344024658203
1953,317.665771484375
1954,2.619795083999634
1955,88.10033798217773
1956,2.0504740476608276
1957,104.51631546020508
1958,3.7828811407089233
1959,172.57461547851562
1960,56.19077682495117
1961,0.9065408706665039
1962,4.395163536071777
1963,3.1895523071289062
1964,5.036974668502808
1965,102.03028869628906
1966,3.7155063152313232
1967,4.7884767055511475
1968,288.38238525390625
1969,42.922014236450195
1970,5.941704034805298
1971,1.9490570425987244
1972,113.43531036376953
1973,-44.0455322265625
1974,2.4760332107543945
1975,2.5809009075164795
1976,305.28192138671875
1977,1.6957075595855713
1978,208.39957427978516
1979,110.82341766357422
1980,276.16880798339844
1981,161.3000717163086
1982,116.11294174194336
1983,94.13467025756836
1984,8.262523651123047
1985,4.6035315990448
1986,3.722933292388916
1987,6.171497106552124
1988,1.3523939847946167
1989,5.784451246261597
1990,4.242788076400757
1991,6.566064357757568
1992,4.344180583953857
1993,30.1584529876709
1994,1.9320209622383118
1995,107.0112533569336
1996,4.094094514846802
1997,2.6364870071411133
1998,5.440827131271362
1999,299.8441619873047
2000,5.904510736465454
2001,294.7742462158203
2002,-47.641212463378906
2003,6.743396520614624
2004,330.71556091308594
2005,56.92222213745117
2006,4.490964412689209
2007,47.249250411987305
2008,227.54167938232422
2009,142.85443878173828
2010,295.1652374267578
2011,5.733464002609253
2012,182.25778198242188
2013,-40.6929874420166
2014,284.28880310058594
2015,175.49298858642578
2016,31.65918731689453
2017,3.0452064275741577
2018,49.843637466430664
2019,72.27491760253906
2020,6.735980987548828
2021,4.400958776473999
2022,174.40435791015625
2023,57.674116134643555
2024,2.93876051902771
2025,4.346883296966553
2026,98.81110000610352
2027,5.979662656784058
2028,6.243230104446411
2029,43.649709701538086
2030,291.31103515625
2031,70.23566055297852
2032,293.5386047363281
2033,226.95061492919922
2034,2.5401517152786255
2035,57.70069694519043
2036,205.58380889892578
2037,4.852478981018066
2038,3.1062183380126953
2039,2.6939468383789062
2040,106.00245666503906
2041,257.28175354003906
2042,4.145038366317749
2043,170.18597412109375
2044,2.3519725799560547
2045,90.07425689697266
2046,281.73533630371094
2047,5.612765789031982
2048,-32.687644958496094
2049,1.8323792219161987
2050,362.2250518798828
2051,3.803652286529541
2052,3.053937315940857
2053,243.27342987060547
2054,4.568336725234985
2055,3.9812815189361572
2056,-40.92557144165039
2057,201.65044403076172
2058,-10.97046184539795
2059,5.248676300048828
2060,17.750743865966797
2061,2.2542535066604614
2062,165.54129791259766
2063,3.487045168876648
2064,3.844948887825012
2065,3.401278018951416
2066,2.0119463205337524
2067,6.1176159381866455
2068,3.7967365980148315
2069,1.6277127265930176
2070,277.1383361816406
2071,290.2161865234375
2072,4.576131820678711
2073,193.1728744506836
2074,365.8006591796875
2075,261.70611572265625
2076,3.6064177751541138
2077,2.948737382888794
2078,3.8745696544647217
2079,4.237189769744873
2080,2.751492142677307
2081,3.3355706930160522
2082,5.7203779220581055
2083,27.891196250915527
2084,2.619070529937744
2085,4.9685986042022705
2086,150.67526245117188
2087,68.76211166381836
2088,33.2318229675293
2089,59.63897514343262
2090,248.1226348876953
2091,206.21430206298828
2092,-81.33472442626953
2093,5.063108444213867
2094,3.5676987171173096
2095,93.65340042114258
2096,25.062615394592285
2097,103.5173110961914
2098,5.552252531051636
2099,-13.305013656616211
2100,14.367552757263184
2101,5.508899211883545
2102,6.459932804107666
2103,74.24300003051758
2104,45.32774353027344
2105,30.559926986694336
2106,312.6262512207031
2107,7.067523717880249
2108,7.403137922286987
2109,5.979816675186157
2110,255.8568572998047
2111,3.5755319595336914
2112,42.295249938964844
2113,90.0893783569336
2114,2.2824960947036743
2115,27.775299072265625
2116,3.578281283378601
2117,3.6669204235076904
2118,3.519648313522339
2119,113.64255142211914
2120,4.481142520904541
2121,194.0179672241211
2122,217.1885223388672
2123,2.7998526096343994
2124,1.6808499693870544
2125,4.496780157089233
2126,5.936232089996338
2127,69.45070266723633
2128,199.7837677001953
2129,1.854758083820343
2130,2.332993507385254
2131,5.531611442565918
2132,5.953579902648926
2133,223.15668487548828
2134,55.32115936279297
2135,206.75135040283203
2136,36.90913963317871
2137,218.5277328491211
2138,3.037363886833191
2139,70.53990936279297
2140,60.467119216918945
2141,40.23650932312012
2142,5.7233476638793945
2143,-9.185097217559814
2144,183.60616302490234
2145,32.067718505859375
2146,3.853639602661133
2147,3.783731698989868
2148,47.409324645996094
2149,-55.37522888183594
2150,3.614220976829529
2151,65.19248580932617
2152,5.030977487564087
2153,3.1864678859710693
2154,2.0897278785705566
2155,2.2042031288146973
2156,5.909026622772217
2157,157.929443359375
2158,3.6938395500183105
2159,339.7409210205078
2160,244.62371826171875
2161,306.7646789550781
2162,1.8883894085884094
2163,307.2171630859375
2164,6.40333104133606
2165,3.01349675655365
2166,2.6491273641586304
2167,45.59642791748047
2168,295.9825439453125
2169,2.488093852996826
2170,2.3894234895706177
2171,155.1172103881836
2172,5.5284833908081055
2173,257.95482635498047
2174,261.1389617919922
2175,1.250893235206604
2176,4.644230127334595
2177,-45.15754699707031
2178,4.511501789093018
2179,68.4961929321289
2180,275.17066955566406
2181,2.8119912147521973
2182,187.28421020507812
2183,186.47154235839844
2184,5.896621465682983
2185,2.8908272981643677
2186,2.8619507551193237
2187,4.442598819732666
2188,248.44588470458984
2189,231.91786193847656
2190,65.63769912719727
2191,2.8289493322372437
2192,2.9399008750915527
2193,110.61104202270508
2194,3.0672332048416138
2195,4.929654836654663
2196,6.443981409072876
2197,1.9790414571762085
2198,4.3889124393463135
2199,3.0103100538253784
2200,1.7673978209495544
2201,4.107914686203003
2202,76.04421615600586
2203,2.584261417388916
2204,1.9593589901924133
2205,133.2037811279297
2206,5.281915664672852
2207,168.10447692871094
2208,5.06543493270874
2209,27.921982765197754
2210,257.96788024902344
2211,1.7944182753562927
2212,4.53275728225708
2213,6.433638572692871
2214,93.6598892211914
2215,31.101194381713867
2216,85.17166137695312
2217,4.368438720703125
2218,44.616451263427734
2219,2.5419849157333374
2220,5.694620370864868
2221,3.2583305835723877
2222,-46.65395927429199
2223,199.15006256103516
2224,-41.488264083862305
2225,176.04717254638672
2226,12.224814891815186
2227,52.95457077026367
2228,145.89077758789062
2229,121.98329162597656
2230,3.1593270301818848
2231,5.434714317321777
2232,4.267474412918091
2233,254.48699188232422
2234,226.6225814819336
2235,226.79479217529297
2236,3.5445436239242554
2237,3.6489299535751343
2238,247.7415771484375
2239,94.49591064453125
2240,231.95995330810547
2241,2.5371209383010864
2242,231.08224487304688
2243,6.074002027511597
2244,94.39745712280273
2245,235.0557098388672
2246,112.2464714050293
2247,234.71212005615234
2248,6.297075033187866
2249,297.6313781738281
2250,140.6467742919922
2251,4.860196828842163
2252,263.6457061767578
2253,6.056140899658203
2254,160.2837905883789
2255,-84.89181900024414
2256,41.94355010986328
2257,1.6454411745071411
2258,2.5969274044036865
2259,85.23835372924805
2260,6.179697275161743
2261,76.4010009765625
2262,2.0989211797714233
2263,94.99122619628906
2264,-3.9422013759613037
2265,54.7825984954834
2266,2.2562479972839355
2267,3.008229970932007
2268,5.4120774269104
2269,3.929249882698059
2270,8.112624168395996
2271,182.22852325439453
2272,47.29923629760742
2273,3.5856348276138306
2274,6.279892921447754
2275,6.460683584213257
2276,4.419199228286743
2277,2.5189038515090942
2278,1.5020338892936707
2279,6.222262859344482
2280,2.8826314210891724
2281,206.64716339111328
2282,2.690667510032654
2283,3.9472668170928955
2284,230.00960540771484
2285,3.1157402992248535
2286,-14.522628784179688
2287,5.7460036277771
2288,2.597521185874939
2289,5.268716096878052
2290,-44.0106143951416
2291,44.621660232543945
2292,4.65340256690979
2293,1.9914716482162476
2294,4.906185150146484
2295,2.9192627668380737
2296,5.345047235488892
2297,132.88951873779297
2298,-47.4472599029541
2299,72.08942413330078
2300,3.403653144836426
2301,5.449753284454346
2302,-78.13362503051758
2303,158.40679931640625
2304,6.040050745010376
2305,45.04290962219238
2306,296.30357360839844
2307,18.482285499572754
2308,51.43316078186035
2309,6.225557804107666
2310,157.3874053955078
2311,-57.50934028625488
2312,83.35359191894531
2313,4.137919187545776
2314,4.681933641433716
2315,251.74613189697266
2316,7.005764484405518
2317,4.041077136993408
2318,243.0858383178711
2319,6.5776612758636475
2320,75.04127502441406
2321,3.524315118789673
2322,212.10919189453125
2323,170.61664581298828
2324,2.003074526786804
2325,39.82790184020996
2326,3.3316582441329956
2327,106.4605484008789
2328,3.741090774536133
2329,345.21250915527344
2330,174.75436401367188
2331,1.321258544921875
2332,267.9021301269531
2333,-5.999222040176392
2334,22.97985076904297
2335,5.451377868652344
2336,57.564212799072266
2337,144.65528869628906
2338,178.1747817993164
2339,28.45962905883789
2340,56.81192398071289
2341,128.31670379638672
2342,2.2050756216049194
2343,6.253086090087891
2344,258.0966262817383
2345,6.017448663711548
2346,123.13604354858398
2347,93.65571594238281
2348,1.8726584315299988
2349,253.16315460205078
2350,29.486347198486328
2351,4.856654167175293
2352,4.914716005325317
2353,1.617698073387146
2354,-36.52688980102539
2355,140.1684112548828
2356,4.106901168823242
2357,109.85405349731445
2358,6.5173749923706055
2359,6.695582389831543
2360,4.9584784507751465
2361,5.526257038116455
2362,268.6198272705078
2363,4.059888601303101
2364,244.55123138427734
2365,84.54103469848633
2366,58.04266548156738
2367,40.77243995666504
2368,-73.44099426269531
2369,4.24631404876709
2370,217.28768157958984
2371,43.65270233154297
2372,86.36837387084961
2373,2.0238757133483887
2374,-67.12833786010742
2375,1.9296438694000244
2376,111.67726135253906
2377,114.70479583740234
2378,5.226635217666626
2379,6.33835768699646
2380,33.988107681274414
2381,161.12374114990234
2382,171.75778198242188
2383,54.02226638793945
2384,3.3347554206848145
2385,255.4919204711914
2386,5.894900798797607
2387,58.08894348144531
2388,263.0002899169922
2389,75.76222229003906
2390,1.958576261997223
2391,110.8992805480957
2392,24.19718837738037
2393,99.21549987792969
2394,123.02921295166016
2395,5.939463376998901
2396,2.4347563982009888
2397,284.35511779785156
2398,271.3612365722656
2399,4.498946189880371
2400,195.96131896972656
2401,59.939456939697266
2402,241.8383331298828
2403,6.242379665374756
2404,1.9903967380523682
2405,5.486002206802368
2406,2.6548091173171997
2407,83.40293502807617
2408,268.5891571044922
2409,199.3074951171875
2410,4.140157461166382
2411,6.444812059402466
2412,290.745849609375
2413,-8.028579711914062
2414,4.370567321777344
2415,80.44725799560547
2416,264.1188659667969
2417,25.992220878601074
2418,3.283142566680908
2419,3.873035192489624
2420,1.9366403222084045
2421,16.510841369628906
2422,232.22010803222656
2423,2.4840797185897827
2424,181.44818115234375
2425,5.902253866195679
2426,-19.79430866241455
2427,162.68345642089844
2428,37.148643493652344
2429,4.484132528305054
2430,6.2964818477630615
2431,3.4749162197113037
2432,312.9440002441406
2433,253.09737396240234
2434,4.018486261367798
2435,49.45609474182129
2436,242.45140075683594
2437,-86.48846817016602
2438,6.107675075531006
2439,6.6484057903289795
2440,181.29623413085938
2441,6.326455593109131
2442,6.0245747566223145
2443,4.917736768722534
2444,-56.833248138427734
2445,6.464903116226196
2446,5.469080448150635
2447,223.8884506225586
2448,6.463838338851929
2449,6.290319204330444
2450,42.186920166015625
2451,3.059994339942932
2452,3.632739305496216
2453,38.16770935058594
2454,313.51683044433594
2455,145.76721954345703
2456,3.5996638536453247
2457,256.7044372558594
2458,6.202533483505249
2459,1.5295015573501587
2460,5.858213663101196
2461,56.657554626464844
2462,66.64033889770508
2463,6.086836814880371
2464,-77.15954971313477
2465,29.232633590698242
2466,217.61641693115234
2467,161.97572326660156
2468,266.28688049316406
2469,245.96774291992188
2470,5.856534481048584
2471,135.68104553222656
2472,2.773090124130249
2473,55.786521911621094
2474,180.97623443603516
2475,6.219228267669678
2476,91.7459945678711
2477,157.6183853149414
2478,145.67159271240234
2479,5.40244197845459
2480,49.991098403930664
2481,67.99604797363281
2482,2.2384161949157715
2483,5.11123251914978
2484,113.89029312133789
2485,129.7580337524414
2486,6.7475855350494385
2487,5.4028000831604
2488,-33.26304817199707
2489,196.1417999267578
2490,5.739867210388184
2491,156.23616790771484
2492,30.85600757598877
2493,46.415273666381836
2494,6.007819414138794
2495,5.6209540367126465
2496,128.42363739013672
2497,68.52718353271484
2498,1.921122431755066
2499,6.745145797729492
2500,1.8779429197311401
2501,91.96542739868164
2502,259.9785690307617
2503,79.65379333496094
2504,350.1513214111328
2505,3.307654857635498
2506,4.4828808307647705
2507,254.24320220947266
2508,202.50428009033203
2509,88.80978393554688
2510,6.6853907108306885
2511,201.0188980102539
2512,81.26022720336914
2513,130.15718841552734
2514,215.64896392822266
2515,304.7814178466797
2516,2.0288041830062866
2517,2.2598938941955566
2518,287.2939758300781
2519,4.217886686325073
2520,83.9588623046875
2521,134.19432830810547
2522,2.0879805088043213
2523,6.631962776184082
2524,4.699887275695801
2525,292.15460205078125
2526,4.190779209136963
2527,3.4463489055633545
2528,239.85568237304688
2529,148.45269775390625
2530,234.88021087646484
2531,254.04873657226562
2532,35.162933349609375
2533,1.691304624080658
2534,6.023601531982422
2535,5.909132719039917
2536,3.69064998626709
2537,6.662504196166992
2538,5.964567422866821
2539,158.7922592163086
2540,3.2621729373931885
2541,9.355320453643799
2542,-6.524184942245483
2543,5.508625507354736
2544,166.61425018310547
2545,2.298236846923828
2546,267.49481201171875
2547,21.123066902160645
2548,30.785658836364746
2549,170.2087173461914
2550,124.74031448364258
2551,-28.173816680908203
2552,2.369405150413513
2553,285.0522918701172
2554,2.1794281005859375
2555,53.65021514892578
2556,99.99102401733398
2557,3.7724952697753906
2558,-10.566534519195557
2559,6.35004734992981
2560,221.5405731201172
2561,2.3789561986923218
2562,218.97957611083984
2563,239.01699829101562
2564,290.53204345703125
2565,4.600033760070801
2566,4.844730377197266
2567,252.03431701660156
2568,58.52828788757324
2569,63.740943908691406
2570,3.6069865226745605
2571,91.28686141967773
2572,-35.72417640686035
2573,174.1700210571289
2574,3.045329213142395
2575,4.6076483726501465
2576,3.478718876838684
2577,5.752740144729614
2578,27.8881778717041
2579,6.202984094619751
2580,5.933316469192505
2581,2.892053246498108
2582,-28.6198091506958
2583,2.20237398147583
2584,6.820545196533203
2585,52.45981025695801
2586,4.758983373641968
2587,213.0541534423828
2588,199.80004119873047
2589,4.85629415512085
2590,36.204105377197266
2591,1.7881619334220886
2592,127.84257507324219
2593,59.104312896728516
2594,71.03413391113281
2595,52.88820457458496
2596,50.45811080932617
2597,5.5245466232299805
2598,6.439379453659058
2599,25.845826148986816
2600,4.029311180114746
2601,198.62029266357422
2602,6.135366678237915
2603,371.2188720703125
2604,183.3712158203125
2605,49.56101608276367
2606,4.251519203186035
2607,51.44646072387695
2608,182.95954132080078
2609,27.698058128356934
2610,2.6373881101608276
2611,9.625743865966797
2612,2.747446060180664
2613,4.476282119750977
2614,3.162086248397827
2615,115.8787612915039
2616,188.33517456054688
2617,251.79747772216797
2618,201.1117706298828
2619,4.993269205093384
2620,2.223267436027527
2621,4.117982864379883
2622,2.7735499143600464
2623,1.0924978852272034
2624,6.851624965667725
2625,127.72093963623047
2626,286.0360107421875
2627,43.547340393066406
2628,127.4265365600586
2629,53.92363357543945
2630,120.53253936767578
2631,23.619505882263184
2632,6.347484111785889
2633,284.5356140136719
2634,63.98011779785156
2635,156.7620849609375
2636,-49.86094093322754
2637,2.981980323791504
2638,-62.25681114196777
2639,-59.52914810180664
2640,199.50697326660156
2641,3.127440094947815
2642,5.660076379776001
2643,170.6734848022461
2644,136.90068817138672
2645,241.2022247314453
2646,2.893547534942627
2647,3.2039061784744263
2648,5.045419931411743
2649,6.40689754486084
2650,244.31342315673828
2651,198.9889907836914
2652,72.93482971191406
2653,3.449693202972412
2654,38.69426345825195
2655,230.32857513427734
2656,251.12106323242188
2657,3.0229650735855103
2658,23.111536026000977
2659,291.06639099121094
2660,1.8478909134864807
2661,276.54107666015625
2662,77.51855087280273
2663,16.51144790649414
2664,58.800737380981445
2665,262.97361755371094
2666,233.0459747314453
2667,-35.4366397857666
2668,24.872403144836426
2669,6.772911071777344
2670,108.36934661865234
2671,197.66120147705078
2672,111.16101837158203
2673,233.25519561767578
2674,229.51866912841797
2675,1.5817290544509888
2676,-57.885637283325195
2677,319.8309326171875
2678,6.277450084686279
2679,5.681444883346558
2680,67.30677032470703
2681,5.279654264450073
2682,3.113559126853943
2683,2.2293044328689575
2684,2.5644798278808594
2685,6.424707651138306
2686,-0.17374372482299805
2687,47.21805763244629
2688,83.43989944458008
2689,31.88861083984375
2690,145.13397216796875
2691,82.81718444824219
2692,48.515907287597656
2693,145.15452575683594
2694,125.59996032714844
2695,6.3182692527771
2696,151.9413604736328
2697,3.6138041019439697
2698,2.6506693363189697
2699,4.389338493347168
2700,205.66110229492188
2701,66.36066436767578
2702,34.98841667175293
2703,3.764705181121826
2704,203.93455505371094
2705,3.0513484477996826
2706,5.660463333129883
2707,203.27111053466797
2708,3.483994722366333
2709,41.621721267700195
2710,5.874713897705078
2711,153.8506851196289
2712,1.923239529132843
2713,171.09393310546875
2714,-43.44961738586426
2715,4.645309925079346
2716,2.8800350427627563
2717,267.7929382324219
2718,4.230528116226196
2719,3.0062971115112305
2720,6.604860305786133
2721,6.358871936798096
2722,4.269946813583374
2723,238.81356048583984
2724,6.771276235580444
2725,31.836872100830078
2726,4.288000106811523
2727,309.4579315185547
2728,56.94651985168457
2729,173.81359100341797
2730,169.4223861694336
2731,172.06867218017578
2732,6.521305084228516
2733,192.9959945678711
2734,114.30363082885742
2735,90.6242561340332
2736,59.6497802734375
2737,187.4661636352539
2738,136.43741607666016
2739,79.26288223266602
2740,6.006890058517456
2741,42.30374526977539
2742,1.34906405210495
2743,15.272254467010498
2744,-11.472920417785645
2745,4.166065216064453
2746,206.25682067871094
2747,175.36074829101562
2748,2.559332847595215
2749,5.383838891983032
2750,213.14881896972656
2751,258.9297866821289
2752,2.4726145267486572
2753,134.67567443847656
2754,0.5929937362670898
2755,31.468704223632812
2756,279.4722595214844
2757,5.918065547943115
2758,293.0469512939453
2759,79.97236251831055
2760,167.6994400024414
2761,6.4407477378845215
2762,4.190693140029907
2763,123.41183090209961
2764,4.106134653091431
2765,108.77300262451172
2766,1.8720338344573975
2767,265.1368103027344
2768,4.320220232009888
2769,3.7971380949020386
2770,205.95665740966797
2771,127.13702011108398
2772,7.063389778137207
2773,3.082604765892029
2774,5.139831066131592
2775,6.299014329910278
2776,3.882528305053711
2777,256.28246307373047
2778,29.301424026489258
2779,2.061315178871155
2780,2.874074935913086
2781,238.23657989501953
2782,216.60852813720703
2783,5.42357873916626
2784,15.691062927246094
2785,6.001345157623291
2786,3.589179515838623
2787,82.48534393310547
2788,21.123275756835938
2789,163.38328552246094
2790,216.9576416015625
2791,64.19457244873047
2792,124.375
2793,183.95742797851562
2794,173.3251953125
2795,42.183916091918945
2796,238.4201431274414
2797,89.83566665649414
2798,37.78481101989746
2799,13.174901962280273
2800,5.581557273864746
2801,4.102466106414795
2802,3.2417311668395996
2803,78.30780410766602
2804,3.7624316215515137
2805,46.221120834350586
2806,6.543346405029297
2807,39.43686485290527
2808,76.01869201660156
2809,6.0538787841796875
2810,5.727096319198608
2811,179.64501190185547
2812,5.8860650062561035
2813,-6.322284460067749
2814,5.954320907592773
2815,261.1702880859375
2816,66.96767044067383
2817,261.31813049316406
2818,114.98103713989258
2819,56.86824417114258
2820,140.19054412841797
2821,38.17919158935547
2822,6.219477653503418
2823,56.05410957336426
2824,264.0734100341797
2825,142.7854232788086
2826,-56.699350357055664
2827,6.534608364105225
2828,5.553027153015137
2829,4.881374359130859
2830,5.528509140014648
2831,5.970547676086426
2832,6.133463621139526
2833,133.21001434326172
2834,4.000392436981201
2835,3.1496788263320923
2836,3.4492111206054688
2837,3.3900883197784424
2838,5.81034517288208
2839,2.0245981216430664
2840,47.290184020996094
2841,54.98646926879883
2842,285.43507385253906
2843,6.088445663452148
2844,179.35964965820312
2845,286.32997131347656
2846,3.4542016983032227
2847,99.3675765991211
2848,14.16512393951416
2849,-50.87397384643555
2850,6.6129350662231445
2851,6.652606248855591
2852,-16.481518745422363
2853,80.67998886108398
2854,2.429840922355652
2855,45.174407958984375
2856,5.959015130996704
2857,35.360612869262695
2858,220.08541870117188
2859,1.4533841609954834
2860,146.76859283447266
2861,282.16050720214844
2862,267.153076171875
2863,2.737607955932617
2864,281.15806579589844
2865,247.31493377685547
2866,1.9262045621871948
2867,2.2540459632873535
2868,83.20796585083008
2869,46.03831481933594
2870,170.2747573852539
2871,6.111045837402344
2872,288.9724578857422
2873,5.083509206771851
2874,51.31008338928223
2875,4.619020700454712
2876,-49.90817832946777
2877,289.8906707763672
2878,-75.43603515625
2879,4.915677070617676
2880,212.05828094482422
2881,6.049855947494507
2882,6.152398109436035
2883,4.079217910766602
2884,6.612255573272705
2885,175.9086456298828
2886,235.3297119140625
2887,5.906759023666382
2888,1.8669862747192383
2889,6.438652276992798
2890,2.5420920848846436
2891,-59.52874183654785
2892,162.12787628173828
2893,124.24514389038086
2894,70.64380264282227
2895,4.878247022628784
2896,2.349220633506775
2897,5.5190110206604
2898,99.1314811706543
2899,40.034902572631836
2900,3.018742322921753
2901,37.19896125793457
2902,238.43242645263672
2903,267.9422302246094
2904,4.096112012863159
2905,3.7542784214019775
2906,33.029197692871094
2907,3.6474804878234863
2908,34.72982406616211
2909,2.0834760665893555
2910,112.43974685668945
2911,3.649032711982727
2912,2.345469117164612
2913,6.250115633010864
2914,-22.502721786499023
2915,8.035922527313232
2916,206.41543579101562
2917,169.45357513427734
2918,3.925807476043701
2919,358.99330139160156
2920,194.0720443725586
2921,5.1675705909729
2922,3.6940265893936157
2923,214.86858367919922
2924,5.512746334075928
2925,4.526978254318237
2926,6.022131443023682
2927,36.4909782409668
2928,6.621417045593262
2929,168.00396728515625
2930,270.1950225830078
2931,2.3355276584625244
2932,5.673780202865601
2933,-25.325197219848633
2934,123.0234375
2935,-16.151930809020996
2936,-57.29795265197754
2937,6.371515274047852
2938,36.07781982421875
2939,3.063315987586975
2940,132.94285583496094
2941,73.83665084838867
2942,60.596405029296875
2943,6.321241855621338
2944,6.462007999420166
2945,5.8416712284088135
2946,6.356667995452881
2947,-53.212799072265625
2948,2.518991470336914
2949,6.6390039920806885
2950,2.885042428970337
2951,157.00801849365234
2952,134.46063995361328
2953,6.62639594078064
2954,1.9878078699111938
2955,48.54796600341797
2956,6.312687873840332
2957,110.99671173095703
2958,5.6784398555755615
2959,204.94957733154297
2960,6.28054141998291
2961,205.5447769165039
2962,3.659544587135315
2963,3.8566441535949707
2964,263.81622314453125
2965,185.0767822265625
2966,4.428013324737549
2967,3.2876957654953003
2968,178.01210021972656
2969,-83.62018203735352
2970,1.6518036127090454
2971,220.6957778930664
2972,6.62149715423584
2973,196.73023223876953
2974,249.1198959350586
2975,4.695468187332153
2976,57.72552299499512
2977,35.22764587402344
2978,4.583036184310913
2979,4.6303300857543945
2980,304.26246643066406
2981,301.96295166015625
2982,129.6537857055664
2983,134.9299774169922
2984,274.2340545654297
2985,128.30171966552734
2986,296.37522888183594
2987,228.6694107055664
2988,115.52110290527344
2989,102.09623336791992
2990,49.5916748046875
2991,6.776694297790527
2992,3.0720053911209106
2993,5.920712471008301
2994,9.14986276626587
2995,7.4784955978393555
2996,4.4931840896606445
2997,3.3929823637008667
2998,63.845890045166016
2999,180.35906982421875
3000,64.21873092651367
3001,3.342954993247986
3002,300.593017578125
3003,4.485951662063599
3004,277.6178894042969
3005,93.3932113647461
3006,82.95831680297852
3007,6.487522602081299
3008,2.8278725147247314
3009,20.80346965789795
3010,4.189380645751953
3011,60.05108833312988
3012,5.32359766960144
3013,194.57453155517578
3014,6.634380102157593
3015,3.7243446111679077
3016,6.036924123764038
3017,6.256061792373657
3018,4.6352410316467285
3019,224.5152816772461
3020,3.36645245552063
3021,235.16516876220703
3022,283.19525146484375
3023,3.088789463043213
3024,102.43973922729492
3025,239.18511962890625
3026,169.7128143310547
3027,6.5307512283325195
3028,5.365852117538452
3029,-15.522303104400635
3030,-41.5390739440918
3031,6.064932346343994
3032,6.774749755859375
3033,5.0461742877960205
3034,141.0712432861328
3035,152.93602752685547
3036,205.08889770507812
3037,5.818922996520996
3038,2.0830687284469604
3039,-34.37089538574219
3040,152.1891632080078
3041,4.777019739151001
3042,6.180126905441284
3043,5.871884346008301
3044,226.41342163085938
3045,182.61834716796875
3046,4.308818340301514
3047,4.309601545333862
3048,58.02795600891113
3049,5.926421880722046
3050,231.3867950439453
3051,84.01276397705078
3052,6.592428207397461
3053,4.328449487686157
3054,126.4090690612793
3055,183.10574340820312
3056,50.27644157409668
3057,3.21405291557312
3058,97.92213439941406
3059,1.8715261816978455
3060,257.49173736572266
3061,5.4124860763549805
3062,241.08380126953125
3063,144.01575469970703
3064,235.01126098632812
3065,250.1799087524414
3066,134.51049041748047
3067,50.24125671386719
3068,6.13905930519104
3069,6.077916622161865
3070,3.6899795532226562
3071,6.18366813659668
3072,196.22994232177734
3073,139.8470687866211
3074,6.269009590148926
3075,5.950220346450806
3076,157.78953552246094
3077,-3.7685515880584717
3078,83.54797744750977
3079,5.844552755355835
3080,3.2879143953323364
3081,-11.68259572982788
3082,95.12901306152344
3083,161.22734832763672
3084,1.0636133551597595
3085,5.324275255203247
3086,200.4658966064453
3087,3.0958675146102905
3088,103.31097793579102
3089,3.5131077766418457
3090,318.3886260986328
3091,135.37591552734375
3092,113.1997299194336
3093,3.8221933841705322
3094,168.32962799072266
3095,263.8797149658203
3096,135.3797149658203
3097,4.811781406402588
3098,6.133477210998535
3099,18.640583992004395
3100,78.37068557739258
3101,3.580439567565918
3102,2.5508832931518555
3103,2.9572536945343018
3104,66.443603515625
3105,14.75883674621582
3106,26.792945861816406
3107,1.4786291718482971
3108,2.5255619287490845
3109,6.363710165023804
3110,246.24073028564453
3111,2.2366589307785034
3112,211.47348022460938
3113,5.541372060775757
3114,73.23537826538086
3115,273.1144561767578
3116,85.86149597167969
3117,43.8336067199707
3118,285.8994598388672
3119,4.020325660705566
3120,55.62284851074219
3121,58.863800048828125
3122,142.0280303955078
3123,3.9717907905578613
3124,2.6116429567337036
3125,3.857202172279358
3126,216.02571868896484
3127,234.47727966308594
3128,38.2891845703125
3129,351.6994323730469
3130,2.086053252220154
3131,103.72787857055664
3132,197.92796325683594
3133,107.2454948425293
3134,234.2308578491211
3135,1.7027448415756226
3136,307.0970916748047
3137,2.8896032571792603
3138,167.84801483154297
3139,5.926593542098999
3140,2.0196917057037354
3141,19.12158203125
3142,2.910501480102539
3143,105.01324462890625
3144,239.4535140991211
3145,5.244353294372559
3146,281.884033203125
3147,121.7352066040039
3148,104.25249481201172
3149,12.243339538574219
3150,1.7091266512870789
3151,245.2120819091797
3152,7.11494517326355
3153,231.43163299560547
3154,168.2824478149414
3155,49.258426666259766
3156,40.883506774902344
3157,4.912306308746338
3158,289.091796875
3159,136.5876693725586
3160,279.8279113769531
3161,-54.215599060058594
3162,3.306318163871765
3163,199.06094360351562
3164,3.1379705667495728
3165,-2.466196119785309
3166,55.12989044189453
3167,6.6209800243377686
3168,5.262914419174194
3169,3.5470786094665527
3170,220.16094970703125
3171,2.9973610639572144
3172,231.1583480834961
3173,275.7605285644531
3174,54.917158126831055
3175,-61.56713104248047
3176,3.7498708963394165
3177,3.1779593229293823
3178,163.1837158203125
3179,6.1190125942230225
3180,311.7439422607422
3181,207.3694076538086
3182,274.62693786621094
3183,5.945680141448975
3184,96.93109512329102
3185,7.040483713150024
3186,204.1548309326172
3187,292.8296813964844
3188,-11.886868476867676
3189,261.71856689453125
3190,3.9968535900115967
3191,262.36297607421875
3192,59.531925201416016
3193,6.236536741256714
3194,4.282157897949219
3195,5.709033250808716
3196,149.02718353271484
3197,5.341093063354492
3198,191.11261749267578
3199,196.70938873291016
3200,2.0564359426498413
3201,341.83612060546875
3202,4.47007942199707
3203,4.660639762878418
3204,-2.977376639842987
3205,6.321134328842163
3206,269.91432189941406
3207,5.891082286834717
3208,175.3356475830078
3209,-29.60568141937256
3210,7.337786912918091
3211,180.01895141601562
3212,225.5689926147461
3213,2.649355411529541
3214,257.81072998046875
3215,3.668940544128418
3216,6.136084318161011
3217,120.61944198608398
3218,267.0083312988281
3219,92.48614883422852
3220,61.09832000732422
3221,98.48556518554688
3222,252.70555114746094
3223,349.0370635986328
3224,-82.84621047973633
3225,136.10781860351562
3226,5.985257625579834
3227,5.8682167530059814
3228,11.132631778717041
3229,294.26133728027344
3230,227.57144927978516
3231,6.514403343200684
3232,4.830455780029297
3233,5.740605592727661
3234,4.318290710449219
3235,71.04012298583984
3236,142.1957778930664
3237,23.608448028564453
3238,300.5558776855469
3239,6.541543245315552
3240,80.00436019897461
3241,16.85273838043213
3242,2.3878432512283325
3243,37.11309242248535
3244,174.01658630371094
3245,4.932938098907471
3246,237.4353485107422
3247,6.369245290756226
3248,71.30377197265625
3249,-25.229515075683594
3250,228.79148864746094
3251,234.16859436035156
3252,128.03581619262695
3253,61.454986572265625
3254,126.7465705871582
3255,6.413721799850464
3256,6.269892454147339
3257,2.2821760177612305
3258,2.414961814880371
3259,56.3198356628418
3260,5.853003025054932
3261,105.65220642089844
3262,313.8785858154297
3263,1.7680420279502869
3264,3.8951704502105713
3265,151.52415466308594
3266,3.7130260467529297
3267,6.718663692474365
3268,3.1057417392730713
3269,4.70882248878479
3270,53.73140907287598
3271,240.17227172851562
3272,2.1449122428894043
3273,205.4223861694336
3274,198.47666931152344
3275,115.35483932495117
3276,121.8124008178711
3277,6.3064305782318115
3278,6.252809762954712
3279,3.1886435747146606
3280,130.67620849609375
3281,278.2535858154297
3282,2.7264472246170044
3283,369.0341339111328
3284,363.0783233642578
3285,100.8778190612793
3286,3.2210148572921753
3287,12.92637586593628
3288,29.272038459777832
3289,1.8852603435516357
3290,56.432817459106445
3291,245.27674102783203
3292,2.9919437170028687
3293,59.62034225463867
3294,212.43614196777344
3295,149.2832489013672
3296,31.04573345184326
3297,206.59246063232422
3298,2.028603196144104
3299,245.0531997680664
3300,3.706059694290161
3301,216.63734436035156
3302,203.90391540527344
3303,19.445632934570312
3304,237.17064666748047
3305,4.913005590438843
3306,4.719634056091309
3307,186.36947631835938
3308,3.1155354976654053
3309,6.336792230606079
3310,-60.659358978271484
3311,2.380121111869812
3312,3.584055185317993
3313,2.5700732469558716
3314,6.037525415420532
3315,4.079610347747803
3316,290.13954162597656
3317,309.889404296875
3318,44.882158279418945
3319,1.9727696180343628
3320,1.9600623846054077
3321,4.591641187667847
3322,156.6601104736328
3323,4.563623428344727
3324,3.698538899421692
3325,314.91639709472656
3326,106.16170120239258
3327,-64.79377174377441
3328,6.499498605728149
3329,1.8956194519996643
3330,187.09518432617188
3331,112.03141403198242
3332,3.860857129096985
3333,236.66497039794922
3334,111.59164047241211
3335,3.4695236682891846
3336,5.291666746139526
3337,2.640359878540039
3338,1.7914228439331055
3339,8.806745052337646
3340,39.4187126159668
3341,61.81848907470703
3342,206.75756072998047
3343,112.79655838012695
3344,3.654049873352051
3345,260.68536376953125
3346,279.27392578125
3347,164.77938842773438
3348,75.3916015625
3349,5.627752780914307
3350,3.6434195041656494
3351,2.8900445699691772
3352,1.8560773730278015
3353,116.77450180053711
3354,51.97441101074219
3355,3.1776264905929565
3356,300.38719177246094
3357,3.393149256706238
3358,240.99112701416016
3359,119.88484191894531
3360,134.94022369384766
3361,3.1579447984695435
3362,3.2990360260009766
3363,3.2308146953582764
3364,35.807373046875
3365,99.3022575378418
3366,-17.258930683135986
3367,3.7344155311584473
3368,151.7103042602539
3369,4.326276779174805
3370,66.48331832885742
3371,5.249321222305298
3372,216.21414184570312
3373,67.22998809814453
3374,317.4727020263672
3375,2.2840983867645264
3376,2.7305188179016113
3377,139.63597106933594
3378,6.215281009674072
3379,23.87901496887207
3380,362.29795837402344
3381,6.6440699100494385
3382,108.58979797363281
3383,6.3642332553863525
3384,82.15020370483398
3385,4.552539110183716
3386,53.90063285827637
3387,2.0689724683761597
3388,173.39089965820312
3389,226.20997619628906
3390,2.284983515739441
3391,5.640321731567383
3392,5.2991414070129395
3393,192.09059143066406
3394,128.02434539794922
3395,5.538066387176514
3396,5.439831733703613
3397,150.46422576904297
3398,2.1727997064590454
3399,193.10597229003906
3400,175.2483367919922
3401,5.112561464309692
3402,1.297028362751007
3403,68.05196380615234
3404,144.38782501220703
3405,178.4358901977539
3406,204.03937530517578
3407,4.23052191734314
3408,92.54748916625977
3409,103.92794799804688
3410,6.081506252288818
3411,5.368036270141602
3412,37.69426727294922
3413,2.186269998550415
3414,6.599122524261475
3415,104.74285507202148
3416,85.11931610107422
3417,178.28157806396484
3418,160.06917572021484
3419,62.07052421569824
3420,7.8891754150390625
3421,-31.09120464324951
3422,171.4770278930664
3423,2.0705621242523193
3424,3.8221850395202637
3425,26.69423484802246
3426,3.4496781826019287
3427,63.004119873046875
3428,2.164324998855591
3429,339.90330505371094
3430,305.7655487060547
3431,121.43711471557617
3432,5.900306701660156
3433,104.50774765014648
3434,1.9755394458770752
3435,321.47662353515625
3436,219.39306640625
3437,3.2571370601654053
3438,20.554759979248047
3439,271.1194610595703
3440,6.5665764808654785
3441,4.963994026184082
3442,221.87246704101562
3443,5.011449098587036
3444,200.89553833007812
3445,3.988621950149536
3446,6.131479740142822
3447,283.30018615722656
3448,5.611162424087524
3449,5.591831922531128
3450,100.48712539672852
3451,206.88005828857422
3452,1.9601897597312927
3453,2.6479686498641968
3454,14.378361701965332
3455,3.962568521499634
3456,5.701432704925537
3457,3.9082117080688477
3458,6.1512298583984375
3459,161.1863784790039
3460,-45.031490325927734
3461,3.979706287384033
3462,34.69358253479004
3463,227.72674560546875
3464,4.064739227294922
3465,2.8921549320220947
3466,6.753705024719238
3467,123.87612915039062
3468,23.77857780456543
3469,317.30360412597656
3470,155.22003173828125
3471,24.589550018310547
3472,273.9359893798828
3473,6.892296075820923
3474,3.995971202850342
3475,4.722514390945435
3476,47.90234184265137
3477,3.3515141010284424
3478,6.503995180130005
3479,2.769302010536194
3480,116.18391036987305
3481,163.595458984375
3482,81.60733032226562
3483,80.19021606445312
3484,164.78541564941406
3485,2.3361984491348267
3486,223.3534698486328
3487,5.932106018066406
3488,5.272202253341675
3489,3.151574492454529
3490,6.249566555023193
3491,3.0300930738449097
3492,2.291075587272644
3493,304.1282653808594
3494,170.58702087402344
3495,6.460207939147949
3496,11.46590280532837
3497,4.678465127944946
3498,6.741619825363159
3499,-9.117218971252441
3500,97.29299545288086
3501,284.16876220703125
3502,6.1712236404418945
3503,3.904918074607849
3504,122.42737579345703
3505,174.26966094970703
3506,97.5871696472168
3507,6.2101054191589355
3508,3.1595582962036133
3509,2.9643300771713257
3510,277.44219970703125
3511,1.960045874118805
3512,73.11245346069336
3513,94.40717315673828
3514,3.154107093811035
3515,49.19114875793457
3516,3.2965288162231445
3517,204.5387954711914
3518,4.386025667190552
3519,227.9669952392578
3520,301.9398956298828
3521,1.880112886428833
3522,73.25833129882812
3523,4.531263113021851
3524,6.641861200332642
3525,5.304009437561035
3526,45.37640380859375
3527,1.688037097454071
3528,299.9315643310547
3529,214.07077026367188
3530,2.4261430501937866
3531,83.72140884399414
3532,249.06689453125
3533,58.52186393737793
3534,7.60493278503418
3535,75.58547592163086
3536,3.609065294265747
3537,77.35590362548828
3538,6.328887701034546
3539,36.936737060546875
3540,148.8317108154297
3541,-36.2425651550293
3542,2.740383505821228
3543,201.0045623779297
3544,33.682321548461914
3545,2.4497400522232056
3546,5.754352807998657
3547,169.10213470458984
3548,5.127438306808472
3549,1.7679121494293213
3550,4.331901788711548
3551,4.752525329589844
3552,5.635324478149414
3553,6.981847763061523
3554,143.51757049560547
3555,4.259742975234985
3556,2.0170412063598633
3557,107.16399765014648
3558,5.586109161376953
3559,95.99764633178711
3560,56.14651298522949
3561,6.38097357749939
3562,17.6370267868042
3563,-46.27213668823242
3564,5.877285957336426
3565,5.051629543304443
3566,164.17771911621094
3567,1.9824727773666382
3568,262.04420471191406
3569,175.1359634399414
3570,33.051456451416016
3571,204.26609802246094
3572,1.8879547119140625
3573,6.061347484588623
3574,5.5756895542144775
3575,1.6850157976150513
3576,5.129223108291626
3577,5.717508792877197
3578,84.3092269897461
3579,2.0406585931777954
3580,68.4108772277832
3581,237.68836975097656
3582,62.31540870666504
3583,74.65962219238281
3584,6.334054231643677
3585,36.441192626953125
3586,5.749000072479248
3587,49.02776527404785
3588,3.5430485010147095
3589,232.6172103881836
3590,2.892541766166687
3591,3.2788891792297363
3592,179.7626724243164
3593,4.797945976257324
3594,7.841407299041748
3595,6.619755029678345
3596,19.477632522583008
3597,288.45909118652344
3598,77.21272659301758
3599,57.493757247924805
3600,2.974003791809082
3601,291.08203125
3602,10.52175235748291
3603,5.720633029937744
3604,2.6084957122802734
3605,147.97378540039062
3606,2.1303040981292725
3607,3.209718942642212
3608,280.3646240234375
3609,196.2623748779297
3610,31.007740020751953
3611,5.456565856933594
3612,270.5596466064453
3613,6.1785569190979
3614,5.372524976730347
3615,5.548986196517944
3616,79.11808395385742
3617,5.303612947463989
3618,2.8578704595565796
3619,-63.93620681762695
3620,11.850971698760986
3621,70.22034072875977
3622,5.219346284866333
3623,251.8849105834961
3624,-3.159653663635254
3625,108.10798263549805
3626,40.62739181518555
3627,30.080744743347168
3628,6.0153422355651855
3629,24.562543869018555
3630,244.09105682373047
3631,301.9900207519531
3632,247.5632553100586
3633,236.85906219482422
3634,106.85345077514648
3635,147.3110809326172
3636,4.637588739395142
3637,38.96080017089844
3638,54.62098503112793
3639,4.840053081512451
3640,312.1562957763672
3641,207.60874938964844
3642,150.6446990966797
3643,201.48072052001953
3644,6.444964408874512
3645,126.01325988769531
3646,2.580273389816284
3647,6.061398029327393
3648,229.18695831298828
3649,-8.030492067337036
3650,3.375908136367798
3651,187.99769592285156
3652,41.606271743774414
3653,6.082836389541626
3654,74.12040328979492
3655,2.094351649284363
3656,163.76970672607422
3657,5.796205520629883
3658,7.496419429779053
3659,4.698388576507568
3660,5.946359157562256
3661,57.60877227783203
3662,2.1166601181030273
3663,5.7896294593811035
3664,115.54799270629883
3665,5.0074169635772705
3666,278.5527801513672
3667,242.3163833618164
3668,280.6223449707031
3669,237.2116241455078
3670,7.003743410110474
3671,6.319903612136841
3672,216.41278076171875
3673,4.917709827423096
3674,296.9336242675781
3675,138.77536010742188
3676,46.14681053161621
3677,34.528076171875
3678,-10.609332084655762
3679,4.948754549026489
3680,3.86665940284729
3681,145.51605224609375
3682,94.22448348999023
3683,182.45308685302734
3684,43.76202392578125
3685,149.90825653076172
3686,272.0608215332031
3687,104.67776489257812
3688,284.58070373535156
3689,2.5970160961151123
3690,161.7302703857422
3691,201.67727661132812
3692,300.4384002685547
3693,264.3735046386719
3694,1.678072452545166
3695,248.4819107055664
3696,186.1391372680664
3697,1.077169120311737
3698,-48.151145935058594
3699,4.655694961547852
3700,5.724738359451294
3701,374.6621856689453
3702,3.8364219665527344
3703,4.18422794342041
3704,6.121658086776733
3705,1.4183170795440674
3706,48.611785888671875
3707,-12.442599296569824
3708,144.5965576171875
3709,3.1259437799453735
3710,6.013242959976196
3711,329.7416534423828
3712,72.26316452026367
3713,5.759883880615234
3714,341.40562438964844
3715,2.7773371934890747
3716,2.0436640977859497
3717,166.50281524658203
3718,73.25725555419922
3719,162.3423080444336
3720,142.2385025024414
3721,3.1145949363708496
3722,4.3258044719696045
3723,3.2752599716186523
3724,1.9511240124702454
3725,68.37668228149414
3726,1.708456575870514
3727,241.69000244140625
3728,56.149545669555664
3729,-40.84904670715332
3730,144.56226348876953
3731,95.1387939453125
3732,3.2813915014266968
3733,-57.3539981842041
3734,3.1706868410110474
3735,2.291547417640686
3736,-14.472189903259277
3737,6.119853973388672
3738,179.06453704833984
3739,-39.87456130981445
3740,238.87397003173828
3741,56.64975929260254
3742,267.9640808105469
3743,2.3008958101272583
3744,73.76243591308594
3745,-7.8570215702056885
3746,4.914722442626953
3747,4.866462230682373
3748,188.39641571044922
3749,84.67436599731445
3750,1.6424618363380432
3751,238.1934814453125
3752,116.8075065612793
3753,5.199836254119873
3754,3.7478020191192627
3755,34.240346908569336
3756,5.704631328582764
3757,31.91423988342285
3758,6.10605525970459
3759,44.71920585632324
3760,1.9650436639785767
3761,6.668606281280518
3762,5.996576309204102
3763,114.91468811035156
3764,182.12777709960938
3765,373.5727081298828
3766,6.796220779418945
3767,294.9768371582031
3768,49.802785873413086
3769,1.704337477684021
3770,178.91226959228516
3771,3.6393290758132935
3772,208.93758392333984
3773,238.42025756835938
3774,2.529714584350586
3775,3.9007809162139893
3776,218.6229019165039
3777,6.357811689376831
3778,236.51866149902344
3779,293.4483642578125
3780,6.027342081069946
3781,6.402246713638306
3782,2.3248836994171143
3783,1.944520115852356
3784,5.515610456466675
3785,28.68611240386963
3786,91.07492065429688
3787,5.926944255828857
3788,6.63932204246521
3789,297.3422088623047
3790,6.77876615524292
3791,6.520031690597534
3792,3.670518636703491
3793,43.95455360412598
3794,14.768639087677002
3795,208.83200073242188
3796,223.45917510986328
3797,4.687575817108154
3798,170.98075103759766
3799,-55.67668533325195
3800,243.77164459228516
3801,122.27726745605469
3802,164.47284698486328
3803,70.13613891601562
3804,60.80127716064453
3805,4.938421249389648
3806,2.9869946241378784
3807,78.47537231445312
3808,3.7789969444274902
3809,-53.79417419433594
3810,2.69802725315094
3811,5.12337589263916
3812,255.43010711669922
3813,3.8032779693603516
3814,288.89723205566406
3815,6.929691314697266
3816,3.96369469165802
3817,43.190507888793945
3818,6.49566125869751
3819,2.370913505554199
3820,134.39714813232422
3821,7.833576202392578
3822,5.668184518814087
3823,263.0309295654297
3824,5.2863993644714355
3825,272.8652801513672
3826,6.013164281845093
3827,294.9160461425781
3828,280.62477111816406
3829,6.570558786392212
3830,233.81612396240234
3831,61.5743522644043
3832,1.8194948434829712
3833,38.948299407958984
3834,61.64097595214844
3835,2.5545430183410645
3836,5.442900657653809
3837,6.73364782333374
3838,5.891106128692627
3839,240.11221313476562
3840,5.850110292434692
3841,137.75395965576172
3842,3.5232155323028564
3843,220.50977325439453
3844,5.278901100158691
3845,6.256154537200928
3846,6.482382297515869
3847,75.40040588378906
3848,131.65416717529297
3849,213.19861602783203
3850,31.492931365966797
3851,171.050537109375
3852,239.23992156982422
3853,5.441872835159302
3854,254.78870391845703
3855,1.9634714126586914
3856,60.13272666931152
3857,4.007903575897217
3858,3.138381242752075
3859,233.2174530029297
3860,5.76739239692688
3861,-67.69550323486328
3862,-5.211130857467651
3863,3.5922049283981323
3864,2.5518280267715454
3865,301.16282653808594
3866,4.4979212284088135
3867,196.9514617919922
3868,4.706765413284302
3869,3.06331729888916
3870,131.08653259277344
3871,39.66779136657715
3872,3.5470956563949585
3873,59.965341567993164
3874,325.8381042480469
3875,285.4362487792969
3876,115.46500015258789
3877,-68.6354866027832
3878,175.78805541992188
3879,260.4071350097656
3880,6.636916399002075
3881,3.9231936931610107
3882,2.297795295715332
3883,185.5373992919922
3884,144.98304748535156
3885,6.157994270324707
3886,5.58467435836792
3887,6.259597539901733
3888,2.5761678218841553
3889,170.06768035888672
3890,1.5029518008232117
3891,2.844253182411194
3892,153.62603759765625
3893,3.2536944150924683
3894,308.0517883300781
3895,-20.58827304840088
3896,35.248435974121094
3897,231.11953735351562
3898,191.86024475097656
3899,1.7694085240364075
3900,78.27314758300781
3901,144.3661117553711
3902,2.7174333333969116
3903,48.33445167541504
3904,65.2269401550293
3905,3.9504417181015015
3906,7.202819585800171
3907,221.7725067138672
3908,140.12752532958984
3909,3.2216843366622925
3910,4.2567853927612305
3911,268.96209716796875
3912,4.198310852050781
3913,27.96603012084961
3914,272.0937042236328
3915,6.716104030609131
3916,5.837639331817627
3917,3.649930953979492
3918,-37.16172409057617
3919,4.931734561920166
3920,33.88717842102051
3921,65.41604995727539
3922,6.4695916175842285
3923,3.4295191764831543
3924,349.5703887939453
3925,93.57641220092773
3926,2.0241483449935913
3927,248.5830307006836
3928,3.006806254386902
3929,5.686788320541382
3930,6.16485333442688
3931,182.26053619384766
3932,3.685401678085327
3933,2.64682137966156
3934,6.512353420257568
3935,213.4372329711914
3936,2.1132596731185913
3937,3.177228808403015
3938,2.900247573852539
3939,308.15065002441406
3940,6.362061023712158
3941,6.247628211975098
3942,5.432454824447632
3943,3.1765334606170654
3944,7.0463480949401855
3945,332.36248779296875
3946,214.47085571289062
3947,26.75649642944336
3948,149.31343841552734
3949,5.764289617538452
3950,235.02354431152344
3951,1.759942352771759
3952,91.32934188842773
3953,151.15997314453125
3954,2.1531676054000854
3955,5.86359977722168
3956,150.36063385009766
3957,55.834991455078125
3958,90.95364379882812
3959,200.4237823486328
3960,5.9646735191345215
3961,6.157700538635254
3962,107.06610107421875
3963,5.965677499771118
3964,135.96023559570312
3965,5.736327648162842
3966,3.205432891845703
3967,4.002310037612915
3968,182.09278106689453
3969,47.84984588623047
3970,2.4919610023498535
3971,3.349118232727051
3972,2.9445395469665527
3973,3.416725754737854
3974,27.89791202545166
3975,42.528621673583984
3976,3.6869146823883057
3977,4.12153959274292
3978,3.358898878097534
3979,106.59994506835938
3980,252.27073669433594
3981,264.5121612548828
3982,5.551955699920654
3983,3.0142245292663574
3984,396.47999572753906
3985,231.78047943115234
3986,151.1854705810547
3987,93.49094009399414
3988,3.116084933280945
3989,-5.704608678817749
3990,93.71417236328125
3991,266.2149353027344
3992,5.877791166305542
3993,5.910951852798462
3994,48.415103912353516
3995,121.28567886352539
3996,3.8417400121688843
3997,108.36934661865234
3998,2.658095121383667
3999,276.8004608154297
4000,5.599385023117065
4001,4.565804481506348
4002,71.11574935913086
4003,165.63197326660156
4004,2.0911452770233154
4005,327.55235290527344
4006,82.35783386230469
4007,7.252594232559204
4008,3.27297043800354
4009,6.049937009811401
4010,208.29620361328125
4011,3.8199011087417603
4012,6.436210632324219
4013,230.0703353881836
4014,5.940759897232056
4015,6.1576783657073975
4016,67.90585708618164
4017,119.03255081176758
4018,114.06730651855469
4019,1.0994797945022583
4020,1.9871983528137207
4021,106.4878921508789
4022,66.61237716674805
4023,3.685656428337097
4024,106.8045883178711
4025,62.32162284851074
4026,42.69691848754883
4027,298.76593017578125
4028,95.52542877197266
4029,6.563572883605957
4030,2.4787285327911377
4031,100.379638671875
4032,88.54907989501953
4033,3.390400528907776
4034,251.25477600097656
4035,170.94123077392578
4036,4.21193790435791
4037,3.841426968574524
4038,6.213788986206055
4039,5.883953809738159
4040,97.62690734863281
4041,322.08843994140625
4042,57.33489799499512
4043,260.0435485839844
4044,4.327785968780518
4045,21.016254425048828
4046,5.8835649490356445
4047,4.235766887664795
4048,261.34361267089844
4049,126.19610595703125
4050,280.51121520996094
4051,35.6970157623291
4052,2.5345011949539185
4053,4.036030530929565
4054,5.549752950668335
4055,4.03814697265625
4056,262.02569580078125
4057,6.731178045272827
4058,278.6741943359375
4059,65.71684265136719
4060,233.05889892578125
4061,131.30193328857422
4062,3.8480329513549805
4063,1.8907275795936584
4064,177.06214904785156
4065,1.9402737617492676
4066,88.19477844238281
4067,180.2365951538086
4068,179.82064819335938
4069,343.99195861816406
4070,2.739676356315613
4071,2.780076503753662
4072,2.273377537727356
4073,3.2883875370025635
4074,3.9534828662872314
4075,-25.816904067993164
4076,-2.6440855860710144
4077,4.972537040710449
4078,6.263099431991577
4079,6.830490827560425
4080,258.6177291870117
4081,4.053830146789551
4082,101.79742813110352
4083,4.293074607849121
4084,40.65522575378418
4085,30.52145767211914
4086,3.048946261405945
4087,4.180243015289307
4088,3.9205315113067627
4089,71.3765754699707
4090,143.93468475341797
4091,4.325240850448608
4092,63.95965576171875
4093,26.64999294281006
4094,4.968252182006836
4095,6.593494415283203
4096,2.2891781330108643
4097,2.56462562084198
4098,2.6957205533981323
4099,-48.20387840270996
4100,41.42105293273926
4101,6.469647407531738
4102,4.225893974304199
4103,61.007240295410156
4104,206.22209930419922
4105,5.884478807449341
4106,117.26436996459961
4107,85.05313110351562
4108,74.59343338012695
4109,256.1720275878906
4110,5.979788780212402
4111,72.32134246826172
4112,78.35384750366211
4113,3.09662926197052
4114,5.442086935043335
4115,74.15570449829102
4116,156.9450225830078
4117,103.12224197387695
4118,282.8183288574219
4119,257.7116394042969
4120,242.47486877441406
4121,91.3887939453125
4122,-19.056921005249023
4123,2.202968955039978
4124,110.58771514892578
4125,2.028188109397888
4126,72.09588241577148
4127,6.038555145263672
4128,1.8964585065841675
4129,6.314378261566162
4130,2.206380009651184
4131,66.16873168945312
4132,6.007000684738159
4133,4.856215238571167
4134,96.03772735595703
4135,-14.567749500274658
4136,157.13867950439453
4137,339.4500427246094
4138,-14.41123342514038
4139,92.26572036743164
4140,84.77066802978516
4141,4.1862640380859375
4142,121.99862670898438
4143,296.2781982421875
4144,85.74120330810547
4145,171.18426513671875
4146,72.60148620605469
4147,69.73251342773438
4148,288.1593322753906
4149,30.492133140563965
4150,41.30050086975098
4151,60.12402153015137
4152,120.63798141479492
4153,4.080326795578003
4154,369.8530731201172
4155,152.49231719970703
4156,3.197186589241028
4157,-12.677280902862549
4158,4.281690835952759
4159,4.261063814163208
4160,166.5732421875
4161,182.56964111328125
4162,6.216283082962036
4163,76.3050422668457
4164,172.17269134521484
4165,0.8063769340515137
4166,50.43430519104004
4167,109.0378532409668
4168,42.89971733093262
4169,2.3081181049346924
4170,19.387160301208496
4171,90.6394271850586
4172,4.4870078563690186
4173,3.9216439723968506
4174,67.60678482055664
4175,134.52631378173828
4176,2.015637695789337
4177,3.517441153526306
4178,15.032441139221191
4179,124.43255615234375
4180,164.65856170654297
4181,63.71504211425781
4182,34.338335037231445
4183,40.275678634643555
4184,186.50032806396484
4185,280.6205596923828
4186,2.7571111917495728
4187,94.7197036743164
4188,4.1651928424835205
4189,4.455946683883667
4190,116.85274505615234
4191,2.1358020305633545
4192,31.768632888793945
4193,51.38762092590332
4194,5.8545637130737305
4195,4.29763650894165
4196,120.16848373413086
4197,6.238461256027222
4198,3.076817512512207
4199,4.9609761238098145
4200,275.05731201171875
4201,259.9143524169922
4202,191.62554168701172
4203,5.816247224807739
4204,89.25153350830078
4205,5.160945653915405
4206,7.30959153175354
4207,124.30194854736328
4208,139.31703186035156
4209,227.34156036376953
4210,-56.57668495178223
4211,2.2064579725265503
4212,5.918742895126343
4213,-3.7559196949005127
4214,6.881510257720947
4215,3.1288853883743286
4216,1.7847482562065125
4217,2.8853570222854614
4218,5.97835898399353
4219,57.10358428955078
4220,60.93687629699707
4221,2.084542989730835
4222,104.08224487304688
4223,2.806295394897461
4224,6.64105749130249
4225,5.027693510055542
4226,294.42845153808594
4227,2.3044639825820923
4228,222.24414825439453
4229,124.22933197021484
4230,2.7658047676086426
4231,2.28135347366333
4232,59.86252403259277
4233,3.0564279556274414
4234,-8.727060794830322
4235,63.209999084472656
4236,268.4107360839844
4237,155.09413146972656
4238,3.0696167945861816
4239,25.82984447479248
4240,7.0705790519714355
4241,44.984182357788086
4242,231.50519561767578
4243,-52.89366149902344
4244,323.0765075683594
4245,5.224189758300781
4246,2.0163432359695435
4247,3.8575795888900757
4248,4.08011531829834
4249,-29.790348052978516
4250,1.075440227985382
4251,290.7110137939453
4252,6.340020656585693
4253,6.199940919876099
4254,5.272390127182007
4255,-64.28548431396484
4256,-0.6270720362663269
4257,106.11780548095703
4258,2.3936082124710083
4259,1.6167436242103577
4260,94.62927627563477
4261,2.300562620162964
4262,297.2367858886719
4263,95.88217163085938
4264,2.501489520072937
4265,34.83227729797363
4266,4.370938062667847
4267,5.9832470417022705
4268,5.569930791854858
4269,181.15074157714844
4270,197.97882843017578
4271,172.03948974609375
4272,4.908669710159302
4273,7.912260055541992
4274,116.14031219482422
4275,6.714982986450195
4276,302.88685607910156
4277,238.78842163085938
4278,376.252197265625
4279,318.2772674560547
4280,130.99431610107422
4281,39.40752601623535
4282,18.148366928100586
4283,6.173003435134888
4284,4.404998540878296
4285,104.7474594116211
4286,312.79087829589844
4287,1.7869954705238342
4288,181.59471130371094
4289,212.98467254638672
4290,216.02519989013672
4291,3.2329671382904053
4292,5.102104187011719
4293,-3.500382423400879
4294,-51.056413650512695
4295,0.9094219207763672
4296,5.532402992248535
4297,6.408544063568115
4298,5.942736625671387
4299,81.36712646484375
4300,42.16714859008789
4301,-35.43680191040039
4302,100.06370162963867
4303,2.3403706550598145
4304,-60.90363883972168
4305,3.9817709922790527
4306,305.7075500488281
4307,2.6403870582580566
4308,41.38874626159668
4309,4.55692195892334
4310,2.935947299003601
4311,26.385260581970215
4312,257.37621307373047
4313,3.3970847129821777
4314,2.965727925300598
4315,230.7672882080078
4316,1.2137559652328491
4317,194.0179672241211
4318,5.982858657836914
4319,36.944074630737305
4320,128.9914779663086
4321,4.550022840499878
4322,316.20127868652344
4323,84.7850112915039
4324,3.2861043214797974
4325,6.767338752746582
4326,3.7662640810012817
4327,124.46001052856445
4328,159.24945068359375
4329,208.37973022460938
4330,36.04035758972168
4331,2.9187012910842896
4332,2.4118984937667847
4333,285.1063232421875
4334,3.4463807344436646
4335,3.2628883123397827
4336,2.0717971324920654
4337,5.958824157714844
4338,5.921032190322876
4339,4.756002426147461
4340,-24.186518669128418
4341,71.29658126831055
4342,184.79540252685547
4343,177.58009338378906
4344,139.46939849853516
4345,5.898425102233887
4346,4.719302415847778
4347,220.00271606445312
4348,5.652623414993286
4349,137.49917602539062
4350,-34.028069496154785
4351,100.74141311645508
4352,169.10890197753906
4353,4.958191156387329
4354,93.98195266723633
4355,138.08036041259766
4356,1.8835155367851257
4357,4.869706869125366
4358,294.2556457519531
4359,220.60171508789062
4360,3.307466506958008
4361,5.687648773193359
4362,0.39479877054691315
4363,3.6068644523620605
4364,4.878718137741089
4365,1.657263159751892
4366,3.0046902894973755
4367,250.9474334716797
4368,-13.362149715423584
4369,81.15460968017578
4370,6.4061808586120605
4371,196.99578857421875
4372,62.831180572509766
4373,338.5671844482422
4374,6.698215007781982
4375,218.51160430908203
4376,285.17503356933594
4377,5.520901679992676
4378,5.938928604125977
4379,185.51377868652344
4380,3.0518906116485596
4381,2.2589190006256104
4382,6.679336309432983
4383,28.6571044921875
4384,5.029120206832886
4385,191.5668182373047
4386,21.63494110107422
4387,309.52952575683594
4388,71.63201904296875
4389,6.687368631362915
4390,4.293123722076416
4391,4.003145694732666
4392,2.441034197807312
4393,122.30094909667969
4394,104.38927459716797
4395,3.0023022890090942
4396,13.75109338760376
4397,2.5090662240982056
4398,6.2706732749938965
4399,2.9796411991119385
4400,232.02722930908203
4401,6.7044477462768555
4402,234.00653839111328
4403,266.42315673828125
4404,240.45655822753906
4405,346.77032470703125
4406,30.19048309326172
4407,85.3436279296875
4408,6.560624361038208
4409,116.72988510131836
4410,-82.8840217590332
4411,2.599652051925659
4412,289.21112060546875
4413,204.11768341064453
4414,4.004391670227051
4415,189.35353088378906
4416,43.342002868652344
4417,2.710020661354065
4418,228.0649185180664
4419,269.2178955078125
4420,348.8458557128906
4421,326.71510314941406
4422,10.055418014526367
4423,2.496067523956299
4424,51.044437408447266
4425,189.16927337646484
4426,5.453948497772217
4427,220.8310317993164
4428,6.171070098876953
4429,5.008530616760254
4430,5.394884347915649
4431,180.90219116210938
4432,3.8599584102630615
4433,3.825195789337158
4434,129.13357543945312
4435,5.815312147140503
4436,6.378641843795776
4437,22.34585189819336
4438,107.01361465454102
4439,6.887974262237549
4440,277.0217742919922
4441,2.2720530033111572
4442,283.73199462890625
4443,6.257547378540039
4444,272.1626281738281
4445,3.8286482095718384
4446,3.811861753463745
4447,103.72234344482422
4448,5.068168878555298
4449,7.9057817459106445
4450,105.08529281616211
4451,115.39545822143555
4452,261.95851135253906
4453,263.51068115234375
4454,5.039793968200684
4455,5.680269002914429
4456,199.01114654541016
4457,4.141074180603027
4458,6.835524082183838
4459,82.62598419189453
4460,0.597355306148529
4461,85.13878631591797
4462,167.17782592773438
4463,37.35287094116211
4464,4.120728969573975
4465,143.6993179321289
4466,4.64251708984375
4467,15.245802879333496
4468,1.8074156045913696
4469,2.297731876373291
4470,4.803524732589722
4471,2.7039154767990112
4472,225.30297088623047
4473,3.6474257707595825
4474,241.09276580810547
4475,4.3085103034973145
4476,92.99250793457031
4477,5.764188528060913
4478,4.071550607681274
4479,115.60357284545898
4480,292.20941162109375
4481,3.615415573120117
4482,218.58534240722656
4483,62.10574913024902
4484,310.7198944091797
4485,224.8440170288086
4486,2.2561423778533936
4487,106.00697326660156
4488,62.13294982910156
4489,-35.043813705444336
4490,91.17306137084961
4491,5.404153347015381
4492,273.2969207763672
4493,291.4341125488281
4494,7.040220260620117
4495,2.4806580543518066
4496,76.43078994750977
4497,6.689445495605469
4498,222.13762664794922
4499,309.2449645996094
4500,157.23667907714844
4501,5.802722692489624
4502,5.7299644947052
4503,184.5579376220703
4504,8.096679210662842
4505,90.69011306762695
4506,2.806280493736267
4507,30.67840576171875
4508,146.4053497314453
4509,54.34475898742676
4510,2.1411004066467285
4511,259.64241790771484
4512,60.900943756103516
4513,106.94606399536133
4514,2.9880716800689697
4515,3.019008994102478
4516,3.268863320350647
4517,4.646362781524658
4518,25.55285358428955
4519,104.93170928955078
4520,55.7926082611084
4521,2.741623878479004
4522,78.39768600463867
4523,6.688378572463989
4524,220.44012451171875
4525,21.21916389465332
4526,2.216442584991455
4527,105.017578125
4528,123.69438171386719
4529,97.39418029785156
4530,212.94214630126953
4531,3.983778476715088
4532,4.541687488555908
4533,4.493791818618774
4534,59.178518295288086
4535,6.188917636871338
4536,2.2268840074539185
4537,1.902813732624054
4538,6.145150184631348
4539,294.2346649169922
4540,188.75279235839844
4541,3.3669813871383667
4542,2.7527594566345215
4543,218.68866729736328
4544,32.572959899902344
4545,5.507652044296265
4546,32.67290687561035
4547,5.877192258834839
4548,178.83934783935547
4549,4.595737457275391
4550,230.78546905517578
4551,29.937565803527832
4552,96.50568771362305
4553,126.36739730834961
4554,4.67253303527832
4555,188.80948638916016
4556,280.69419860839844
4557,4.968165874481201
4558,4.47880744934082
4559,68.57634353637695
4560,7.406954526901245
4561,5.474170684814453
4562,193.26900482177734
4563,42.27865028381348
4564,253.94879913330078
4565,47.25599479675293
4566,227.0814437866211
4567,278.001708984375
4568,133.73980712890625
4569,4.935358762741089
4570,174.71701049804688
4571,283.1666564941406
4572,5.291947841644287
4573,3.4516087770462036
4574,1.7928343415260315
4575,5.792229652404785
4576,165.54684448242188
4577,258.98714447021484
4578,64.71009063720703
4579,11.54132080078125
4580,0.6702043414115906
4581,385.27099609375
4582,31.259235382080078
4583,1.2807409763336182
4584,292.9094696044922
4585,36.774858474731445
4586,6.26879096031189
4587,3.3332395553588867
4588,1.6560505628585815
4589,4.046300172805786
4590,3.132633686065674
4591,60.290292739868164
4592,5.399413108825684
4593,109.57789993286133
4594,-4.558866262435913
4595,2.696612238883972
4596,52.48050308227539
4597,135.80587768554688
4598,4.352153301239014
4599,-44.18778991699219
4600,92.65633392333984
4601,6.991266965866089
4602,5.51841139793396
4603,5.446144104003906
4604,76.55036926269531
4605,1.8184623718261719
4606,143.989013671875
4607,41.35240173339844
4608,4.3788580894470215
4609,213.807373046875
4610,117.44747924804688
4611,109.2491340637207
4612,4.004852771759033
4613,-65.40130424499512
4614,77.56600570678711
4615,-40.45876693725586
4616,4.447047472000122
4617,4.579225301742554
4618,3.769333004951477
4619,6.0240607261657715
4620,6.7005980014801025
4621,96.32194519042969
4622,3.921013355255127
4623,5.8968665599823
4624,1.3867211937904358
4625,86.88622665405273
4626,54.96549415588379
4627,5.239493131637573
4628,6.0675952434539795
4629,74.60684585571289
4630,5.56168532371521
4631,-1.4109559059143066
4632,6.668797016143799
4633,228.75867462158203
4634,5.855178594589233
4635,6.2078797817230225
4636,65.80889129638672
4637,6.940248727798462
4638,415.3474884033203
4639,287.0284881591797
4640,2.0999666452407837
4641,195.70149993896484
4642,157.1182632446289
4643,47.45104217529297
4644,51.32334327697754
4645,5.927143573760986
4646,43.05941581726074
4647,42.29665565490723
4648,192.90995025634766
4649,112.51712417602539
4650,126.38015747070312
4651,56.49458694458008
4652,4.7827067375183105
4653,266.8607635498047
4654,1.7033941745758057
4655,5.781900882720947
4656,3.2728134393692017
4657,3.134396553039551
4658,5.848780870437622
4659,80.65678405761719
4660,2.460583806037903
4661,2.2492544651031494
4662,4.075321912765503
4663,112.76589584350586
4664,5.896626949310303
4665,160.64181518554688
4666,240.37751007080078
4667,1.8862081170082092
4668,122.74036026000977
4669,250.9348907470703
4670,34.464712142944336
4671,2.0138107538223267
4672,0.7975910305976868
4673,68.85197830200195
4674,296.1984405517578
4675,1.7921953797340393
4676,130.35123443603516
4677,48.51457214355469
4678,5.742619752883911
4679,70.05239868164062
4680,4.48832631111145
4681,1.9011616110801697
4682,185.01210021972656
4683,147.42529296875
4684,92.20838928222656
4685,250.40579986572266
4686,3.545375347137451
4687,233.8252182006836
4688,349.53050231933594
4689,112.45303726196289
4690,5.994220495223999
4691,6.756981372833252
4692,4.390779972076416
4693,79.56351089477539
4694,4.516259431838989
4695,389.32249450683594
4696,4.618097305297852
4697,2.443892240524292
4698,4.627916574478149
4699,3.280397057533264
4700,105.06623077392578
4701,5.801198959350586
4702,1.9734487533569336
4703,3.733226776123047
4704,4.947371006011963
4705,274.0296630859375
4706,3.251835584640503
4707,5.144296646118164
4708,2.9973944425582886
4709,85.50479888916016
4710,149.60311889648438
4711,6.302615404129028
4712,236.78662872314453
4713,3.9275914430618286
4714,5.839035272598267
4715,73.08391571044922
4716,46.590436935424805
4717,6.744227647781372
4718,5.813482999801636
4719,180.47350311279297
4720,166.91893768310547
4721,6.12994122505188
4722,3.9284965991973877
4723,6.446648597717285
4724,67.2259635925293
4725,164.1280517578125
4726,3.7326362133026123
4727,279.2129669189453
4728,249.81209564208984
4729,3.963158369064331
4730,180.08716583251953
4731,93.00123977661133
4732,-19.3857364654541
4733,5.738261699676514
4734,6.128919363021851
4735,5.755107164382935
4736,2.942712664604187
4737,65.23255157470703
4738,-3.9761929512023926
4739,148.13839721679688
4740,299.3047180175781
4741,5.024859189987183
4742,91.07099151611328
4743,5.815032005310059
4744,247.0519256591797
4745,61.805843353271484
4746,4.11091947555542
4747,3.0845835208892822
4748,3.133270263671875
4749,6.0609283447265625
4750,5.84996485710144
4751,3.9187344312667847
4752,100.04672622680664
4753,150.5065689086914
4754,152.00140380859375
4755,4.140390872955322
4756,2.019615888595581
4757,3.7753496170043945
4758,64.57226943969727
4759,90.0472640991211
4760,4.313608884811401
4761,2.8757853507995605
4762,184.43658447265625
4763,189.64803314208984
4764,2.410732865333557
4765,350.4365539550781
4766,28.766725540161133
4767,52.878700256347656
4768,31.612794876098633
4769,-31.90347385406494
4770,48.090576171875
4771,26.763412475585938
4772,4.0917582511901855
4773,4.279600381851196
4774,158.6019058227539
4775,2.3533471822738647
4776,2.8479199409484863
4777,164.91861724853516
4778,5.5120978355407715
4779,19.08542251586914
4780,1.9586806893348694
4781,56.36020278930664
4782,4.621908664703369
4783,4.0107433795928955
4784,2.8379323482513428
4785,22.22928237915039
4786,62.26132583618164
4787,5.652188062667847
4788,3.533126711845398
4789,3.2594326734542847
4790,129.25988006591797
4791,220.09394073486328
4792,4.412452459335327
4793,168.47840118408203
4794,64.16962051391602
4795,235.19332122802734
4796,3.144164800643921
4797,169.26385498046875
4798,5.908994197845459
4799,4.24899697303772
4800,336.6022491455078
4801,3.648730158805847
4802,4.907262802124023
4803,280.34010314941406
4804,1.900983214378357
4805,252.13302612304688
4806,4.3320982456207275
4807,2.9993404150009155
4808,59.11283874511719
4809,91.75754928588867
4810,1.6762340664863586
4811,2.1337653398513794
4812,5.5359718799591064
4813,259.4198303222656
4814,233.5748291015625
4815,3.0189590454101562
4816,2.393640637397766
4817,6.017953157424927
4818,1.7081730365753174
4819,98.89185333251953
4820,2.253366708755493
4821,176.18282318115234
4822,112.66882705688477
4823,4.803178548812866
4824,3.1976195573806763
4825,250.90780639648438
4826,4.528580904006958
4827,5.785583972930908
4828,221.25150299072266
4829,127.80544662475586
4830,99.25946044921875
4831,184.1629638671875
4832,6.972456932067871
4833,3.5834310054779053
4834,110.25596237182617
4835,3.9575676918029785
4836,6.480015516281128
4837,189.8199920654297
4838,37.24088478088379
4839,317.7503662109375
4840,3.228027582168579
4841,137.96404266357422
4842,21.71446990966797
4843,2.237685799598694
4844,4.388766288757324
4845,4.608992338180542
4846,7.282866954803467
4847,3.341997981071472
4848,2.369688630104065
4849,5.057361602783203
4850,6.801173210144043
4851,5.943629741668701
4852,114.05967330932617
4853,293.5433807373047
4854,2.5437562465667725
4855,3.2897815704345703
4856,159.0977020263672
4857,234.80866241455078
4858,298.54396057128906
4859,137.49317932128906
4860,263.3562927246094
4861,0.12035226821899414
4862,119.90335845947266
4863,6.8891050815582275
4864,5.930211305618286
4865,1.8903388381004333
4866,1.076527714729309
4867,3.2178863286972046
4868,72.00764083862305
4869,0.9790964126586914
4870,109.78335571289062
4871,6.654895067214966
4872,2.1928049325942993
4873,320.18699645996094
4874,-3.7286813259124756
4875,3.3503224849700928
4876,195.0156707763672
4877,6.370166778564453
4878,75.51274871826172
4879,71.74080276489258
4880,5.764829874038696
4881,6.046233654022217
4882,27.87212085723877
4883,1.8385359048843384
4884,58.48655700683594
4885,-60.08520317077637
4886,231.1537322998047
4887,5.276581287384033
4888,280.90086364746094
4889,51.234798431396484
4890,209.8373794555664
4891,131.64246368408203
4892,1.850583553314209
4893,5.9756081104278564
4894,84.50186538696289
4895,6.397909641265869
4896,5.825597286224365
4897,6.436501979827881
4898,-2.3061681389808655
4899,190.597900390625
4900,2.6983379125595093
4901,267.8564453125
4902,4.336071729660034
4903,138.1669158935547
4904,391.65367126464844
4905,85.7580337524414
4906,155.0048370361328
4907,184.37035369873047
4908,4.487352609634399
4909,150.07622528076172
4910,181.1337661743164
4911,79.20740127563477
4912,5.433535099029541
4913,226.3498992919922
4914,193.87781524658203
4915,3.8911447525024414
4916,4.798351764678955
4917,6.3100385665893555
4918,2.9014370441436768
4919,23.420122146606445
4920,2.004920721054077
4921,-3.140665650367737
4922,168.3315200805664
4923,226.48383331298828
4924,5.490902900695801
4925,2.260288715362549
4926,1.4477981925010681
4927,5.790672302246094
4928,3.047078847885132
4929,73.44833755493164
4930,104.85306930541992
4931,-10.010321617126465
4932,5.829380512237549
4933,273.77734375
4934,-58.7835578918457
4935,73.20888137817383
4936,240.55821990966797
4937,32.606163024902344
4938,76.72137069702148
4939,56.643211364746094
4940,4.037100076675415
