row_id,target_type,gnn_oof
0,egc,5.272816254823403
1,egc,4.4923576345919916
2,egc,5.413044234964959
3,tg,59.328935442691986
4,egc,5.478082589141293
5,tg,134.02995085075176
6,egb,2.9610138605451235
7,egc,4.343434535581875
8,egc,3.5231741860452974
9,egc,4.398990665150201
10,egc,4.970218493375347
11,egc,3.4848675282668795
12,egc,4.250068319742641
13,tg,62.63451962878324
14,egc,5.766340684315335
15,egc,5.946546333670431
16,egb,4.993842739022956
17,tg,22.263808959975137
18,tg,38.86224300219956
19,tg,102.86274412813663
20,tg,15.040933002681044
21,egc,5.763327489202256
22,egc,5.539296614811512
23,tg,75.55749917735129
24,tg,73.38762935678838
25,tg,83.48871228055782
26,tg,43.47072324498738
27,tg,69.3925344988757
28,tg,160.73306240519253
29,tg,82.41491392878444
30,tg,52.750113489206825
31,tg,161.41071142287166
32,tg,146.60685696635647
33,tg,131.80617520968488
34,tg,149.6899656353994
35,tg,170.75404339645206
36,tg,136.40726630525822
37,tg,176.04668225987757
38,tg,143.399380170509
39,tg,132.74400512383698
40,tg,108.89396280336763
41,tg,-12.379985836841456
42,tg,82.71639113513531
43,tg,158.1825466405986
44,tg,88.42444151443665
45,tg,88.29286429499497
46,tg,47.676180377130265
47,tg,179.35681861586994
48,tg,63.99148896080516
49,tg,65.57477917411059
50,tg,156.8866527966749
51,tg,118.96255461446789
52,tg,146.45008714450583
53,tg,134.29290694508944
54,tg,110.93961041042907
55,tg,273.23587382219114
56,tg,49.73711677195956
57,tg,67.91785255631092
58,tg,82.78845848776976
59,tg,44.05148257787127
60,tg,12.82550896760776
61,tg,124.48259875107837
62,egc,5.345830925393078
63,egc,3.524613251465807
64,egc,2.7369897344862233
65,egb,0.6085468631221
66,eps,6.585674779870499
67,nc,2.1275306493250223
68,egc,3.7886504903860234
69,egc,3.9847393242550404
70,egc,3.500694537260033
71,egc,3.620727230745744
72,egc,4.13788980061739
73,egb,5.355926341928675
74,eea,1.783605573878216
75,egb,5.779088261047327
76,ei,8.49634485167405
77,nc,1.6394970140751404
78,egb,5.799198876767545
79,ei,8.500586376188728
80,egc,4.2784336862769345
81,egc,3.363876766415345
82,egc,3.2277144078029645
83,egc,3.5114404189912802
84,egc,4.082501648474617
85,egc,3.291528677753072
86,egc,3.7278877850186705
87,egc,3.909077253747862
88,egc,5.434140059149636
89,egc,5.764495117497463
90,egc,5.231943936696352
91,tg,85.05602437751037
92,egb,5.6990668258173915
93,ei,7.535508234096546
94,nc,1.6909206233849607
95,egc,5.673462172009347
96,egc,5.488088468213786
97,egc,5.3732675731680715
98,egc,5.738427339109541
99,egc,5.406648077084635
100,egc,5.494143179875539
101,egc,2.8413214166526473
102,egc,4.031660371958438
103,eps,4.328316801217092
104,nc,1.968357808118572
105,egb,5.825572072409388
106,ei,7.836335426932724
107,eps,3.767574291862026
108,egc,5.104931972208348
109,egc,4.49152108025692
110,egc,4.011175748656115
111,egc,5.614246723685278
112,egc,5.67003378278105
113,egc,4.359687920049102
114,egc,4.642012709517358
115,egc,4.351084349286399
116,egc,4.375343761950068
117,egc,4.6656913574949295
118,egc,3.8125664939593475
119,egc,4.2232822003880415
120,egc,3.473412115124416
121,egc,3.7694341626598815
122,egc,3.8963380289951948
123,egc,3.4910811390722314
124,egc,3.884053442733393
125,egc,2.870708224270035
126,egc,2.55305631122227
127,egc,3.094345683075242
128,egc,3.1063100408276476
129,egc,3.7680300083159217
130,egc,3.657045219006965
131,egc,3.6050819275968013
132,egc,3.714536050802467
133,egc,3.6601207586663858
134,egc,3.385495836132888
135,egc,3.618551340649353
136,egc,3.4226272010691727
137,egc,2.767692040072451
138,egc,2.5945852566927274
139,egc,2.400633896715384
140,egc,2.4843877659052667
141,egc,2.533239531673489
142,egc,2.4698111062320764
143,egc,2.9772530910965536
144,egc,3.5499175662037725
145,egc,2.566583675727194
146,egc,3.9628124108142933
147,egc,2.30139951213548
148,egc,2.359425927514999
149,egc,1.9800714206654861
150,egc,2.304348306360359
151,egc,3.0662632504866405
152,egc,3.7263552495136905
153,egc,2.63240026182683
154,egc,3.304721886706013
155,egc,2.3303787901845765
156,egc,2.8367178280523007
157,egc,4.093235192154713
158,egc,4.233063704522763
159,egc,5.416511133868058
160,egc,4.139144099048421
161,egc,4.537327116020317
162,egc,4.814769938148682
163,egc,6.106916789870106
164,egc,5.335112710806834
165,egc,5.5180980670040025
166,egc,6.0224490896451215
167,egc,5.238952931185507
168,egc,3.511035880465691
169,egc,5.976987670780817
170,egb,5.297697863998973
171,egc,5.348197868342127
172,egc,5.168791154534043
173,egc,5.507887768856771
174,egc,2.555615522135075
175,eea,2.7939616145648496
176,egb,2.785016754617714
177,ei,6.293726277288829
178,eps,5.18599666239894
179,nc,1.9961232231627584
180,eea,2.5592746578249717
181,egb,2.520046953318542
182,ei,6.242625420827396
183,eps,4.242698866020924
184,egc,4.613377710998768
185,egc,2.6059736517846255
186,egc,2.7173385839271242
187,egc,2.5881079667790834
188,egc,2.6238395237303367
189,egc,5.360217093034118
190,egc,5.383550123690599
191,egb,2.5233056129888816
192,ei,5.359349519619833
193,eps,4.453959139967981
194,ei,5.382527616177596
195,nc,2.0492010960121942
196,eea,2.569538331863601
197,ei,5.316450456079312
198,eps,4.169908698498745
199,nc,2.083716135879472
200,eea,1.1469192454706565
201,ei,6.01936066069318
202,nc,1.9225939431757622
203,ei,5.489137548461935
204,eps,5.254802621422675
205,nc,2.1248358737635566
206,ei,5.751977383117453
207,eps,4.220711579002509
208,nc,2.270298070754965
209,egb,0.8128308945770106
210,eps,4.322808380780197
211,ei,6.211697523485725
212,eps,5.023400546929158
213,nc,2.0319400502630063
214,eea,3.0059701870116626
215,egb,3.0302308063596013
216,ei,6.179061204853273
217,eps,5.344391397697079
218,eea,3.798643283020584
219,egb,1.083791553750813
220,ei,6.518914433200223
221,nc,2.1146978595078507
222,eea,4.087091659952145
223,ei,6.750023454791583
224,egc,4.19397248222282
225,egc,4.022644107405277
226,egb,3.6917120661475264
227,egc,4.552265877340276
228,eea,2.6880728305161825
229,egb,1.663747118452294
230,ei,5.899932193488157
231,eps,4.1778868965348135
232,nc,2.114069106609702
233,ei,5.819685308284072
234,egb,1.1984202825388248
235,nc,2.3679583200357976
236,eea,2.438272296251301
237,ei,6.194543346643532
238,eea,3.145882404273536
239,eps,5.858028324564295
240,eea,2.8602470604530223
241,ei,5.442911671755867
242,eps,4.29494878606403
243,nc,2.4726371384381944
244,egc,4.415390517239794
245,egc,3.686672525151696
246,eea,2.4359575013458135
247,egb,1.0669874792769232
248,nc,2.1206490291942646
249,eea,2.7530806748600316
250,ei,6.588524381909602
251,eps,4.815754481070204
252,nc,1.9781159464463036
253,nc,2.0279703117329344
254,ei,5.815919238945273
255,nc,2.035130720379507
256,eea,1.306194583204161
257,egb,3.9779296116292024
258,egc,3.166469350064701
259,egc,2.6582095954311904
260,egc,2.6967540411045015
261,egc,2.476920814737248
262,egc,2.418133552870139
263,egc,2.7069901369950458
264,egc,2.706671030126663
265,egc,3.083350423158627
266,egc,2.7390212133021077
267,egc,2.7332890669018632
268,egc,2.7820129655945296
269,egc,2.647146102352912
270,egc,2.410486765259599
271,egc,2.942788427670216
272,egc,2.7125172100299615
273,egc,2.922457936537184
274,egc,2.7920151993337288
275,egc,2.615021929841718
276,egc,2.7233995580845356
277,egc,2.225687248192941
278,egc,2.736478827004507
279,egc,2.710303277609191
280,egc,2.5855650196609767
281,egc,2.734857307979111
282,egc,1.5399617327904207
283,egc,2.6043003503324327
284,egc,2.7147879722620902
285,egc,2.5925590122015736
286,egc,2.8924331021231993
287,egc,2.63253261546644
288,egc,3.402900526681821
289,egc,2.9510958618377936
290,egc,2.2359687705445386
291,egc,3.107299608611938
292,egc,4.0185232917912215
293,egc,4.529626289556722
294,egc,4.468848243411755
295,egc,2.85965127409767
296,egc,2.644109259308462
297,eea,3.4028138161249344
298,ei,7.561859984591498
299,ei,5.59492189383809
300,eps,3.724443169436909
301,nc,2.354691318140186
302,ei,7.863558824446099
303,eps,3.791081193730478
304,nc,1.689467664617669
305,ei,8.074145398809902
306,eps,3.8277038822732217
307,nc,1.7190349783954215
308,eea,2.39794748607202
309,eps,4.130618133710024
310,nc,1.8664413135886613
311,eea,2.4901280542944395
312,eps,4.237222723013314
313,eea,2.0725526179621365
314,egb,5.92018653830374
315,ei,7.555035848475621
316,eps,4.113473797826349
317,nc,1.7475520411822054
318,eea,3.1936355336488713
319,egb,1.6330217705968306
320,eps,4.611041553239714
321,nc,2.3050302096449147
322,egb,2.5040324531088096
323,ei,5.690617452358023
324,eps,4.906945766501671
325,nc,2.02487541048494
326,egb,3.652276929891217
327,nc,1.9927890330579177
328,eea,1.8498984438456105
329,egb,1.9273033518455378
330,eps,4.9049757347975245
331,eps,3.949707283208621
332,eea,2.1449065392022155
333,egb,1.8535051062752053
334,eea,2.9435618592604387
335,egb,0.7438875577681854
336,ei,5.46783243822974
337,nc,2.421697951626847
338,egb,0.7582324533688558
339,eps,3.904530228215343
340,nc,2.5110430297823823
341,egb,4.949282740981889
342,ei,7.27835420174844
343,nc,1.748950860262385
344,eea,2.8078760548139283
345,egb,4.821127643879298
346,eps,4.168677135252477
347,nc,1.787841763495108
348,egc,3.8806268294367006
349,egc,2.1654158683246076
350,egb,1.611345097123999
351,egb,6.380894453223078
352,tg,72.74075300764078
353,tg,-68.58199887613873
354,tg,-1.5549908429979098
355,tg,108.80072786069303
356,tg,25.825777857996812
357,tg,79.51336083381625
358,tg,46.16942514606221
359,tg,85.54600043636638
360,tg,31.744678244017763
361,tg,165.99050974373256
362,tg,80.56194016433747
363,tg,47.2621150029252
364,tg,32.09454501641744
365,tg,7.393482661810225
366,tg,19.775644916826693
367,tg,34.391582954717805
368,tg,134.76838271703548
369,tg,47.54002497538802
370,tg,54.11526372085103
371,tg,54.400801829448156
372,tg,49.55313757385623
373,tg,55.52183219549548
374,tg,9.296666860266441
375,tg,69.19618640484107
376,tg,84.62650763804095
377,tg,18.882236052034628
378,tg,37.479118202545834
379,tg,55.687101975305254
380,tg,0.1603318067393502
381,tg,22.686744562387503
382,tg,72.57037829444191
383,tg,70.60802889347094
384,tg,54.11123179893862
385,tg,140.88871296318692
386,tg,78.31846825957345
387,tg,66.25090646642276
388,tg,139.1404638995337
389,tg,43.46774482525208
390,tg,84.4247749773233
391,tg,40.346692600752164
392,tg,15.515763341966093
393,tg,20.38501138598913
394,tg,63.71442439132396
395,tg,160.94317268430322
396,tg,127.47909222665915
397,tg,89.0865806389527
398,tg,25.552751713527883
399,tg,45.171556988239374
400,tg,71.986582013924
401,tg,24.66056543150927
402,tg,85.94217578286008
403,tg,175.9611014657367
404,tg,99.12255452693653
405,tg,136.96089714419395
406,tg,189.4149290557729
407,tg,105.70530760428629
408,tg,69.23567973028314
409,tg,96.49486322476909
410,tg,99.04352235435337
411,tg,60.60115637735494
412,tg,93.53928237617457
413,tg,95.17321547962987
414,tg,45.41825858448016
415,tg,95.80102473999168
416,tg,91.1238977750951
417,tg,26.343658718346646
418,tg,29.34257622439975
419,tg,11.10778017092278
420,tg,66.52458942397742
421,tg,94.486579177946
422,tg,77.67857623967413
423,tg,73.43306651550134
424,tg,74.3496849436892
425,tg,23.039095518933223
426,tg,35.71173823843945
427,tg,63.4543394155739
428,tg,11.071024650521252
429,tg,31.81016445959517
430,tg,59.144566058597135
431,tg,11.769613649745452
432,tg,19.323588433246925
433,tg,49.79264674165327
434,tg,148.81342296653472
435,tg,29.046919292422444
436,tg,58.26425443692055
437,tg,16.863296676093
438,tg,24.27508768428318
439,tg,65.91811033115225
440,tg,90.36568185326618
441,tg,49.48568091902163
442,tg,46.86904163506411
443,tg,121.78633226090064
444,tg,9.256048498548807
445,tg,85.9728183893944
446,tg,84.30234761938283
447,tg,42.04047048065743
448,tg,73.26819342478295
449,tg,8.99809653955242
450,tg,72.31182805025853
451,tg,89.6941262401547
452,tg,2.0342260434318575
453,tg,45.584900518360115
454,tg,27.596350844133823
455,tg,15.032869158856244
456,tg,19.778896466756052
457,tg,88.85183824335212
458,tg,107.15909833855491
459,tg,9.051695088588076
460,tg,59.127254806773195
461,tg,54.63497195226117
462,tg,13.519727883726915
463,tg,42.79736627321503
464,tg,-45.89600004995734
465,tg,-0.8618514414552862
466,tg,32.854276160513436
467,tg,-44.23578466842298
468,tg,-23.731237683652893
469,tg,2.8990082626457934
470,tg,42.19997201089251
471,tg,-42.91803553164905
472,tg,58.01596608431424
473,tg,33.49912354250512
474,tg,37.10457866928212
475,tg,51.37602799835673
476,tg,52.17469320130695
477,tg,45.8793933954627
478,tg,62.61547204929701
479,tg,63.754730604248365
480,tg,79.85246497594972
481,tg,108.26879054999854
482,tg,58.99332346518264
483,tg,22.18181787695626
484,tg,50.26945402329535
485,tg,66.73491918270832
486,tg,9.119990643304476
487,tg,19.00480647817197
488,tg,-1.0490366677889824
489,tg,31.584727999892436
490,tg,130.5012217347705
491,tg,170.83783908968172
492,tg,69.81520347419386
493,tg,70.36557382143792
494,tg,93.47970097526888
495,tg,91.07314758379758
496,tg,136.6620947441037
497,tg,35.5933753179107
498,tg,128.74949066758668
499,tg,72.2472587717612
500,tg,105.38600865277257
501,tg,75.36137218871184
502,tg,97.73944273348252
503,tg,34.00112383299994
504,tg,-2.5158498595247067
505,tg,36.703630047492126
506,tg,105.83255050767212
507,tg,34.93890334812811
508,tg,54.23953795915136
509,tg,87.96982280951255
510,tg,43.88991306188112
511,tg,66.46764828161439
512,tg,34.001136839199646
513,tg,-8.485500436843182
514,tg,74.02309926878377
515,tg,79.42092577242425
516,tg,49.63488153908047
517,tg,62.19487105973393
518,tg,140.21973095184453
519,tg,19.25116991322011
520,tg,104.6074250221861
521,tg,117.59002173870907
522,tg,53.77932658834875
523,tg,73.24259722373898
524,tg,41.96826005982609
525,tg,1.7826601284967296
526,tg,70.70127684234528
527,tg,49.94248466549827
528,tg,15.336980120649883
529,tg,113.44881198162051
530,tg,10.409997556081038
531,tg,27.167978650239547
532,tg,109.53641379306137
533,tg,99.31773856609645
534,tg,55.357433831066786
535,tg,91.3514574969017
536,tg,111.059621866772
537,tg,78.34541710538804
538,tg,78.51720949435611
539,tg,11.635688811254767
540,tg,16.006227133311526
541,tg,51.219361819660065
542,tg,-9.043830578314328
543,tg,-154.01146588331432
544,tg,64.78891207168236
545,tg,73.21860078526026
546,tg,-2.886370477075701
547,tg,69.07910459498449
548,tg,108.69704893964528
549,tg,79.60799394296049
550,tg,55.27605403943464
551,tg,84.73304792302653
552,tg,74.20418458744997
553,tg,83.28423531169977
554,tg,211.73599342718194
555,tg,98.22358551176525
556,tg,61.71662659302305
557,tg,62.041710051861116
558,tg,58.567435455434406
559,tg,91.89003447255195
560,tg,63.001235932916885
561,tg,57.65763877899835
562,tg,29.004714174339284
563,tg,63.02406181342103
564,tg,145.06673717501948
565,tg,133.32465471691074
566,tg,93.5539371117062
567,tg,96.57484159838168
568,tg,103.38075179893372
569,tg,102.0731702587889
570,tg,16.540990040894613
571,tg,100.96904470082436
572,tg,76.16548698934368
573,tg,22.826197035758113
574,tg,100.97956671639577
575,tg,98.37261705122776
576,tg,66.55071237610994
577,tg,100.94361758037672
578,tg,116.23310443148601
579,tg,121.66081267897736
580,tg,99.97204795838257
581,tg,158.98551852143027
582,tg,98.42772431943064
583,tg,124.94974892943026
584,tg,112.17821682192225
585,tg,101.92567019934313
586,tg,83.63525963587429
587,tg,125.65476949441477
588,tg,47.14118986105211
589,tg,107.25066198456582
590,tg,140.24869494572783
591,tg,43.68191141289964
592,tg,60.706818743859586
593,tg,117.69748871542451
594,tg,58.795499167480074
595,tg,143.86450503969863
596,tg,21.503167381898905
597,tg,113.97408036340985
598,tg,92.87586539253628
599,tg,93.4329209264351
600,tg,36.348697360302495
601,tg,88.589132518359
602,tg,86.23499736329899
603,tg,-63.85078562971711
604,tg,30.59580160437534
605,tg,-22.536527196206123
606,tg,-29.90192509000414
607,tg,-3.4584871902473537
608,tg,-285.49517074903207
609,tg,46.812054971002055
610,tg,86.40231561956423
611,tg,71.17061856534956
612,tg,46.55332264002263
613,tg,64.67889913137222
614,tg,30.734395668564602
615,tg,-12.977009422472037
616,tg,105.58399227642167
617,tg,-2.171354647608325
618,tg,32.947751717882824
619,tg,34.76068589649961
620,tg,25.46929092994094
621,tg,26.333448851568434
622,tg,50.80023053066505
623,tg,137.50285288666453
624,tg,65.19294966590526
625,tg,88.60436928132799
626,tg,-58.49353196609525
627,tg,91.66357052307154
628,egc,3.872157645287946
629,egc,4.960457646129292
630,tg,20.897494673456222
631,egc,5.730055597523847
632,egb,5.929327083986116
633,egc,5.580583379293106
634,egc,5.584984979040912
635,tg,36.03978060771324
636,tg,93.75240521629479
637,tg,40.60844887316591
638,tg,73.75884580602427
639,tg,67.44228736674184
640,tg,31.59140018034749
641,tg,27.21666085578201
642,tg,57.54560337463215
643,tg,26.102731874780403
644,tg,-6.568243530292648
645,tg,58.14068253340497
646,tg,91.28828313332409
647,tg,129.56412748378995
648,tg,148.78413097255228
649,tg,89.85023965536337
650,tg,80.84619065916254
651,tg,91.85729136476326
652,tg,1.74970241841271
653,tg,31.177048669748643
654,tg,52.438517459475776
655,tg,110.1613584379354
656,tg,116.15081745742357
657,tg,164.76318621049427
658,tg,94.76609866762385
659,tg,34.11677496088758
660,tg,67.53304462837028
661,tg,2.911130040782467
662,tg,53.71249423110058
663,tg,78.05728425994728
664,tg,25.967636478315143
665,tg,34.810011908928075
666,tg,53.92463185159221
667,tg,18.513952500835018
668,tg,12.93969039492734
669,tg,35.51686634807274
670,tg,91.53279968801233
671,tg,8.851100470345699
672,tg,62.580192732563404
673,tg,1.5299626741862085
674,tg,11.3583706208791
675,tg,50.97076782136038
676,tg,5.286803462574596
677,tg,-2.3356099438401543
678,tg,35.61358044917178
679,tg,-48.99845991196116
680,tg,14.681935878079713
681,tg,10.320709995020678
682,tg,24.9051470171961
683,tg,48.66522382844481
684,tg,53.012520071606446
685,tg,50.00828302986889
686,tg,36.26165987179324
687,tg,94.27458462565124
688,tg,58.77343414965941
689,tg,47.14474705667483
690,tg,52.79878919164942
691,tg,58.324986886501236
692,tg,30.27479558914871
693,tg,76.14351301492103
694,tg,-13.345201930273618
695,tg,52.56378667205449
696,tg,107.9693650716531
697,tg,74.95488942894205
698,tg,-1.6683788921347116
699,tg,112.58599044701398
700,tg,-8.757082893143462
701,tg,58.88267322108635
702,tg,52.52597114637598
703,tg,8.677649790913648
704,tg,56.200586740150584
705,tg,60.630849531309906
706,tg,74.45153649367663
707,tg,-1.7609049969247224
708,tg,49.13727084099031
709,tg,-7.6280927328690495
710,tg,28.367332350985436
711,tg,24.119975746452752
712,tg,55.32430053728656
713,tg,46.583620582264444
714,tg,67.0426848866226
715,tg,34.10547257333312
716,tg,1.6641216242718144
717,tg,42.05439361745498
718,tg,14.309789485564039
719,tg,51.873417591051705
720,tg,73.83245439332524
721,tg,110.01836177514178
722,tg,72.23643761359627
723,tg,98.16954800348913
724,tg,60.90269211160454
725,tg,48.31005702966026
726,tg,116.40917586016113
727,tg,70.35323093790605
728,tg,71.53921426534237
729,tg,87.4060755858591
730,tg,71.31070183940645
731,tg,76.99697984038077
732,tg,87.1131759682219
733,tg,47.0010610652962
734,tg,86.70632903486002
735,tg,121.04030965130684
736,tg,67.92843960288093
737,tg,91.38100433110985
738,tg,114.93038395848562
739,tg,89.6267476225184
740,tg,95.50866487964274
741,tg,97.88081362131145
742,tg,82.21076861801919
743,tg,80.09514765647782
744,tg,97.3115972906768
745,tg,82.5696616930228
746,tg,82.53961737167546
747,tg,157.04945221142583
748,tg,57.19586666422964
749,tg,152.3598027148638
750,tg,107.03839430207702
751,tg,109.29853040022903
752,tg,69.83376982429054
753,tg,105.51322554375898
754,tg,50.145524449287535
755,tg,24.36323069976841
756,tg,55.96185144123673
757,tg,104.66447671724674
758,tg,21.35480566172184
759,tg,57.11556638717404
760,tg,29.028372451625344
761,tg,9.01301465062835
762,tg,44.2787008869353
763,tg,14.610206686637923
764,tg,-16.498529039372414
765,tg,11.529050979771313
766,tg,-37.10253443338192
767,tg,-11.593149772534247
768,tg,90.48691264083263
769,tg,117.02248320783798
770,tg,56.294315918414455
771,tg,95.20699258029612
772,tg,76.04261742061283
773,tg,55.37576606956854
774,tg,66.87138023014393
775,tg,112.85977745416638
776,tg,40.891528810016425
777,tg,63.308826053134965
778,tg,16.208330470721137
779,tg,62.71240725579125
780,tg,71.29694128010539
781,tg,19.199080083351674
782,tg,45.33930444909531
783,tg,43.09423928486592
784,tg,15.86849147830361
785,tg,5.737247177389378
786,tg,58.67134848807706
787,tg,98.8126558062686
788,tg,91.51894808531324
789,tg,66.65720063629665
790,tg,53.84681575868265
791,tg,12.346191489420193
792,tg,81.44835819678138
793,tg,17.784226659487203
794,tg,5.649273242500499
795,tg,98.13949392749201
796,tg,70.6273561062511
797,tg,69.97677299018402
798,tg,102.73303004680447
799,tg,68.9655539683512
800,tg,68.56592547583251
801,tg,86.47204185624955
802,tg,56.946017567657236
803,tg,70.11964609408032
804,tg,92.77157518010182
805,tg,49.29607003644064
806,tg,44.314012719168204
807,tg,102.1285539087358
808,tg,50.62817801770262
809,tg,96.29767297930275
810,tg,98.6844992173526
811,tg,78.79272632607092
812,tg,41.80352353420474
813,tg,52.32021306684575
814,tg,21.326153003744267
815,tg,24.534678424443968
816,tg,31.1102748403992
817,tg,13.43997386705945
818,tg,-12.613811295361955
819,tg,52.10029123582322
820,tg,-31.115442542242334
821,tg,72.03938068167702
822,tg,132.7318321337889
823,tg,104.0256674634739
824,tg,41.41398785266681
825,tg,73.7607642204826
826,tg,112.35911355069254
827,tg,8.396312684825261
828,tg,44.87882645119849
829,tg,96.85931970170184
830,tg,43.49838092868656
831,tg,104.22849264496784
832,tg,102.57971621608498
833,tg,72.46759029807482
834,tg,103.49619807917581
835,tg,85.54388692891229
836,tg,60.394143199551976
837,tg,103.00345169977997
838,tg,72.26454401118569
839,tg,33.081364407580296
840,tg,70.82673464481991
841,tg,75.0143992957493
842,tg,23.51435506280893
843,tg,51.984197897145165
844,tg,48.72288681489216
845,tg,-23.779672771400698
846,tg,8.800987582834324
847,tg,118.00671761680698
848,tg,66.41137045543692
849,tg,75.34954955316867
850,tg,34.38706330031599
851,tg,-26.5861765588337
852,tg,4.452650843695295
853,tg,82.42682760772564
854,tg,62.89462411383286
855,tg,81.89824914810819
856,tg,91.8495461728315
857,tg,63.61442622479626
858,tg,112.66077609538938
859,tg,103.41214551350173
860,tg,99.57293321075274
861,tg,100.9277370105217
862,tg,68.8557101086374
863,tg,56.410747418285155
864,tg,84.95736584955357
865,tg,64.64728756295894
866,tg,34.65456180990499
867,tg,79.69957709827098
868,tg,66.56793258453585
869,tg,25.716772898164777
870,tg,74.78595190081197
871,tg,53.83140991511732
872,tg,9.785075672056507
873,tg,82.88293552251739
874,tg,88.42591771810459
875,tg,65.03778570327596
876,tg,102.1362730882681
877,tg,90.44860287956485
878,tg,94.21430739306068
879,tg,94.58941594756203
880,tg,83.0711742510282
881,tg,62.61524444080196
882,tg,79.02338477496022
883,tg,-2.9215132287122856
884,tg,64.56135560142567
885,tg,102.27188873272206
886,tg,82.92631119857512
887,tg,100.86704357954017
888,tg,105.63056422605997
889,tg,68.25749645573266
890,tg,-27.049522423768224
891,tg,132.55561032092956
892,tg,198.9830764430195
893,tg,84.4347637387063
894,tg,108.06765292291794
895,tg,86.57343818924687
896,tg,76.77606303507984
897,tg,127.16911384301795
898,tg,90.85700405379296
899,tg,49.6818989510591
900,tg,85.42173920426578
901,tg,115.74998589143102
902,tg,46.99181365729707
903,tg,119.51479622869628
904,tg,74.23902169339318
905,tg,91.89926887435135
906,tg,128.94699306184626
907,tg,64.18641287597073
908,tg,43.129843756592464
909,tg,83.1264505998274
910,tg,50.20595125317486
911,tg,83.18025074495867
912,tg,91.23138426111012
913,tg,69.59655625074365
914,tg,27.538863441382645
915,tg,67.92380289268165
916,tg,53.42519378244174
917,tg,23.125196561062808
918,tg,84.91184415054246
919,tg,64.37536044236613
920,tg,42.959956775883
921,tg,58.111438093340254
922,tg,66.94934589435023
923,tg,50.51618163193558
924,tg,71.88515316542738
925,tg,45.27629591456407
926,tg,-5.995918717925548
927,tg,16.967372286232106
928,tg,60.338450652361814
929,tg,19.535693538239258
930,tg,75.29013723285931
931,tg,24.536421255206108
932,tg,49.38819294903941
933,tg,67.61597866086866
934,tg,38.523073829067485
935,tg,5.132471896727196
936,tg,74.2032026193713
937,tg,33.55726125524217
938,tg,-30.80439927599926
939,tg,168.52283958957156
940,tg,215.83906575514897
941,tg,31.768739713495066
942,tg,102.49840795855127
943,tg,203.5768336677272
944,tg,65.12560356376825
945,tg,102.7558884428079
946,tg,184.02926985196808
947,tg,65.98953387690068
948,tg,96.60148805005284
949,tg,66.96001748121842
950,tg,43.1008594405221
951,tg,82.84026868434427
952,tg,53.93118047314995
953,tg,28.395516785773168
954,tg,58.03473403050654
955,tg,-137.2074298359563
956,tg,82.53867442219594
957,tg,110.19002735366261
958,tg,62.127355877000596
959,tg,30.883069537534894
960,tg,-4.1352908049448445
961,tg,215.87455317107805
962,tg,40.515838228077726
963,tg,110.5608113467579
964,tg,84.79945107568403
965,tg,64.71674066945018
966,tg,106.85130662224121
967,tg,88.53920171764366
968,tg,62.99358828748302
969,egc,3.8906185477913966
970,egc,3.5800672766506096
971,egc,3.933161410003149
972,egc,3.629228241458261
973,egc,3.8686525638553406
974,egc,3.997749845927884
975,egc,3.423106515662338
976,egc,3.8001798383653034
977,egc,3.7036258486627207
978,egc,3.685982342047965
979,egc,3.437078891239426
980,egc,3.7130481005277796
981,egc,3.6049976175806084
982,egc,3.30637144675675
983,egc,3.7241587959987155
984,egc,3.569231663638271
985,egc,3.0587389086867574
986,egc,3.9540498240703856
987,egc,3.562106906449499
988,egc,3.7747241955605793
989,egc,4.202329245227478
990,tg,80.077140572969
991,tg,92.6579530193701
992,tg,42.435325697879804
993,tg,55.180250372315825
994,tg,34.52711405887359
995,tg,11.061595155726081
996,tg,45.19929921223671
997,tg,-2.3680474059354992
998,tg,-27.37156893497226
999,tg,44.32243423348527
1000,tg,8.793105825805526
1001,tg,-79.76999690409662
1002,egc,5.414757728553474
1003,egc,5.8113646631843165
1004,egc,6.180501300809756
1005,egc,4.45025343332854
1006,egc,4.9415011652379786
1007,egc,5.2146284166080035
1008,egc,4.363896749431447
1009,egc,3.9592190936219476
1010,egc,6.952901999422204
1011,egc,4.62465223031838
1012,egc,4.680316306150509
1013,egc,6.079184963568355
1014,egc,5.325650453745622
1015,egc,5.53115322064218
1016,egc,6.242097712595545
1017,egc,4.4896822929411115
1018,egc,3.897017322834085
1019,egc,5.533326493576206
1020,egc,4.956799741108578
1021,egc,5.652261007039472
1022,egb,8.104343191769367
1023,egc,5.3423364528150605
1024,egc,4.9552197228006865
1025,egc,5.290276747012765
1026,egc,4.4946736188193634
1027,egc,5.645437130052612
1028,egc,6.200293778136575
1029,egc,5.329288402903302
1030,egc,4.51438723952523
1031,egc,6.289941123092499
1032,egc,5.292318928153321
1033,eea,1.655215329593319
1034,ei,7.781156163811444
1035,nc,1.7047052220196715
1036,egb,6.270547469503698
1037,egc,4.394495864044418
1038,egc,3.8053322365666182
1039,egc,5.8200846743047485
1040,egc,4.103565692830574
1041,egc,3.5230856698753037
1042,egc,3.4105350697112957
1043,egc,3.957908923447923
1044,egc,6.656117843553007
1045,egc,5.903223790749068
1046,egc,5.869390611213413
1047,egc,4.094531482021194
1048,egc,2.214502244004851
1049,egc,5.326799668434188
1050,egc,1.6759549105499092
1051,tg,124.16076684216969
1052,tg,167.4857561138256
1053,tg,145.60140091032972
1054,tg,115.93700528871832
1055,tg,184.1520483773009
1056,tg,230.5925963798511
1057,tg,112.27246624817482
1058,tg,145.6478866938949
1059,egc,4.382168001133507
1060,tg,113.32494093551142
1061,tg,118.06287188408712
1062,tg,122.79034909963991
1063,tg,110.35452001303926
1064,tg,87.52465961178304
1065,egc,5.2489770369244715
1066,tg,75.44097013098269
1067,tg,104.32656264238742
1068,tg,135.73866472525756
1069,tg,98.30453935035665
1070,tg,97.48306452465194
1071,tg,129.1501433983331
1072,tg,102.10232690700553
1073,tg,173.67318737653812
1074,tg,188.9837085041405
1075,tg,220.2611346404863
1076,tg,273.96730347570195
1077,tg,198.7524505096295
1078,tg,234.34263492578725
1079,tg,162.783910866366
1080,tg,206.44496082942152
1081,tg,199.98539272114573
1082,tg,173.84637142887598
1083,tg,204.7704451312978
1084,tg,217.72727331463054
1085,tg,162.53709546587768
1086,tg,190.52315481819838
1087,tg,201.37771940709956
1088,tg,186.45829470500124
1089,tg,214.4989654641606
1090,tg,216.12414864675597
1091,tg,152.91586327448422
1092,tg,219.15267476646588
1093,egc,6.486151841951665
1094,egc,4.402947358979687
1095,tg,177.97295896593218
1096,tg,113.51999491267416
1097,egc,3.766568603545224
1098,tg,209.57178780659598
1099,tg,142.1633343545852
1100,tg,165.1232091990983
1101,tg,202.93190174543736
1102,tg,280.59597819270414
1103,egc,4.889974425857335
1104,egc,2.778749551065323
1105,egc,2.964258225662859
1106,egc,3.7336885384609158
1107,egc,3.096160498235323
1108,tg,117.64205304067876
1109,tg,155.48560382803555
1110,tg,147.9651313892313
1111,tg,138.06630584504938
1112,tg,147.4750529065525
1113,tg,141.04274132200337
1114,tg,150.3968241389815
1115,tg,156.34069155113508
1116,tg,159.16064212330096
1117,tg,155.41021339137328
1118,tg,167.12868715833238
1119,tg,153.6267732092783
1120,tg,135.26443592270948
1121,tg,175.10836298746113
1122,tg,222.27087213012783
1123,tg,128.11153657144527
1124,tg,141.64387242808223
1125,tg,155.25608260873403
1126,tg,148.16316866345423
1127,tg,153.98560856927065
1128,tg,136.67735589369718
1129,tg,139.1491345638641
1130,tg,151.02185982725356
1131,tg,103.70964607428898
1132,tg,106.27269656386063
1133,tg,149.12120208309244
1134,tg,161.40649091106334
1135,tg,166.26873836808846
1136,tg,155.95599255011706
1137,tg,125.27586963269579
1138,tg,97.18616875215153
1139,tg,87.89315126217812
1140,tg,118.10608173109846
1141,tg,139.25801759057376
1142,tg,150.3362071194233
1143,egb,5.7624992998606395
1144,egc,4.643300984324095
1145,tg,141.24527467689114
1146,tg,112.87202929430023
1147,tg,140.5612379893758
1148,tg,116.68008199407612
1149,tg,109.54201621358968
1150,tg,151.09016838816964
1151,egc,4.450858535287882
1152,tg,131.11099383478665
1153,tg,169.25859217871346
1154,tg,171.69331862454774
1155,tg,95.56606774209575
1156,tg,115.01600051967574
1157,tg,84.63784254109473
1158,tg,102.37254696388541
1159,tg,-1.645878166623504
1160,tg,77.74367877235987
1161,tg,136.50870490840464
1162,tg,96.89383165265212
1163,tg,127.25695121280981
1164,tg,115.88511380339558
1165,tg,97.7362757238513
1166,tg,108.47981614041433
1167,tg,113.73912336551393
1168,tg,95.58532992387731
1169,tg,74.44104049050463
1170,tg,117.95657871689617
1171,tg,65.43382448467263
1172,tg,85.92092365252175
1173,tg,117.35991605330776
1174,tg,107.0555104609052
1175,tg,74.26413016194775
1176,tg,128.28351104720937
1177,tg,155.849382356808
1178,tg,131.19451558493475
1179,tg,122.22756921209044
1180,tg,146.04348245161367
1181,tg,114.44061274727515
1182,tg,163.22022171941282
1183,tg,184.19205544763182
1184,tg,188.401642048185
1185,tg,160.5753817429179
1186,tg,183.51626631651231
1187,tg,293.37869238041924
1188,tg,157.84668754529463
1189,tg,141.75518639480785
1190,tg,124.41916426350639
1191,tg,141.6278731766548
1192,tg,108.32477248513243
1193,tg,166.9232916266193
1194,tg,113.49786161230497
1195,tg,144.93472993809962
1196,egc,4.943489040259458
1197,tg,107.18177139621237
1198,tg,127.81103320429824
1199,tg,156.85633128069608
1200,tg,131.8088073393527
1201,tg,125.33747674920747
1202,egc,5.162301199423954
1203,egc,6.211073309098232
1204,egc,5.272122099241082
1205,egc,5.098086784042228
1206,egc,5.496198213152709
1207,egc,5.313215567587991
1208,egc,5.346637946102398
1209,egc,5.7357826965395295
1210,tg,89.03036784377383
1211,tg,123.35050336062142
1212,egc,6.652651225060161
1213,tg,94.99785939193922
1214,tg,120.75173459507569
1215,tg,141.06149057178357
1216,egc,5.316021072173376
1217,egc,5.171753268245959
1218,tg,134.08842184735659
1219,tg,206.2671530730841
1220,tg,164.73063819570132
1221,tg,63.13078418520264
1222,tg,50.84180484806191
1223,tg,58.051733133537255
1224,tg,57.79738389186261
1225,tg,61.32256475398344
1226,tg,85.30647826236964
1227,tg,71.65005960243442
1228,tg,49.791840357270786
1229,tg,71.90320577063521
1230,tg,52.26090479613414
1231,tg,-24.05389548624362
1232,tg,76.74012040216064
1233,tg,85.92433777994758
1234,tg,120.35098269205642
1235,tg,84.2833650708952
1236,tg,94.26013798931508
1237,tg,57.057974934825126
1238,tg,104.62394289582728
1239,tg,61.01851882318837
1240,tg,39.82115759186861
1241,tg,85.84226865973041
1242,tg,72.36509494120138
1243,tg,53.84019560302646
1244,tg,73.87173311647197
1245,tg,48.11805300633125
1246,tg,65.53982501236992
1247,tg,140.08821835695767
1248,tg,112.25561021334099
1249,tg,80.00859790045797
1250,tg,160.1572616859509
1251,tg,179.93193976117632
1252,tg,88.73071800848327
1253,tg,112.41722850258009
1254,tg,92.9132387074244
1255,tg,90.78281018750471
1256,tg,96.69081137816242
1257,tg,92.09392616242272
1258,tg,80.54011576121157
1259,tg,112.1932487372457
1260,tg,86.51160021269021
1261,tg,94.79663397301053
1262,tg,46.90069872517641
1263,tg,102.28745065068401
1264,tg,73.03602625672642
1265,tg,62.541473276004524
1266,tg,84.38063193548223
1267,tg,22.761998433952726
1268,tg,48.59441807718295
1269,tg,84.86809129469292
1270,tg,4.758868809843165
1271,tg,42.803375137484494
1272,tg,107.61317403464082
1273,tg,159.57313862466512
1274,tg,122.61720081435129
1275,tg,103.6388598323267
1276,tg,64.15189442192059
1277,tg,124.18210026125625
1278,tg,144.11475610913106
1279,tg,126.2904491313806
1280,tg,120.01711191953424
1281,egb,3.597596111144076
1282,egc,4.787877870453335
1283,egc,4.31519792408894
1284,egc,3.592965961367384
1285,egc,4.057054885327918
1286,egc,3.860574832420349
1287,egc,4.07897520912771
1288,egc,4.0556028743007095
1289,egc,4.367812187902399
1290,egc,3.904254477799433
1291,egc,4.16591264602714
1292,egc,4.184626431844126
1293,egc,3.951009709572979
1294,egc,4.056220010533426
1295,tg,96.68268900643886
1296,egc,5.2117250021091355
1297,egc,4.088397881608149
1298,egc,3.692088368786092
1299,egc,3.816310812073155
1300,egc,3.466390455438815
1301,tg,87.36753821609626
1302,tg,3.283913737084305
1303,tg,25.97159036302925
1304,tg,97.5223692601981
1305,tg,77.5442807244915
1306,egc,5.414946912004442
1307,egc,4.9847242092544235
1308,egc,5.386573320102715
1309,egb,5.168563435352013
1310,egc,5.444162575897165
1311,egc,3.21409020829053
1312,egc,5.357571702703431
1313,egc,5.593413643908049
1314,egb,5.976777489921594
1315,egc,5.611107063547911
1316,egc,5.049678674029945
1317,tg,57.987541034831736
1318,egc,5.2723661963666775
1319,tg,40.71679051681235
1320,egc,4.135477501309851
1321,egc,5.321537209208409
1322,egb,6.273003346199262
1323,egc,5.807980578776059
1324,egc,5.302071409826815
1325,egb,6.598427529037053
1326,egc,5.421840798084571
1327,egc,4.97160035510416
1328,egc,5.985039744677621
1329,egc,5.103083461082815
1330,egc,4.293924833889064
1331,egb,5.903954801978314
1332,egc,5.53982845959215
1333,egc,4.5491417945766734
1334,egc,4.352542786381916
1335,egc,4.138186007315077
1336,egc,6.269257128099999
1337,egb,5.606106515058075
1338,egc,5.0822825350146426
1339,egc,5.1778400868817265
1340,egc,5.044007984210241
1341,egc,3.796826271939625
1342,egc,4.292984337899121
1343,egc,5.259672538280189
1344,tg,100.21097835029218
1345,tg,244.45046156411019
1346,egc,5.328093294403261
1347,egb,5.635025453801649
1348,egc,5.36414947295788
1349,tg,24.67639397656542
1350,egc,5.53461553951114
1351,egc,5.415474831041532
1352,tg,-5.149488246512931
1353,egc,5.034069917684031
1354,tg,16.668671903520917
1355,tg,1.8925495099095713
1356,tg,-23.259658894297218
1357,egc,5.224077774797559
1358,egc,4.067578541933337
1359,egc,4.011278332073821
1360,egc,4.248384853418762
1361,egc,3.5726726713279713
1362,egc,4.274872779836379
1363,egc,4.325716977292697
1364,egc,3.8220567453108587
1365,egc,4.097701987286437
1366,egc,4.136226944447136
1367,egc,4.167905848843434
1368,egc,3.9997881947949763
1369,egc,4.059952972031971
1370,egb,4.019862609411255
1371,egc,4.3952793302924515
1372,egc,4.710481228853594
1373,egc,4.182878050546583
1374,egc,4.15088459594852
1375,egc,3.6478953389680533
1376,egc,3.7318248384466566
1377,egc,4.017532555630876
1378,egc,4.331426457197458
1379,egc,3.753802225733018
1380,egc,4.007883077990468
1381,egc,3.9929097780138267
1382,egc,4.353477954577044
1383,egc,4.352229579812615
1384,egc,3.9357048712067204
1385,egc,3.9998621763668347
1386,egc,4.011926360169455
1387,egc,3.041456196598059
1388,egc,3.9432063128359087
1389,egb,3.774368580178238
1390,egc,2.5598300882438547
1391,egc,6.194072970134719
1392,egc,5.15141469195062
1393,egc,4.608153919178558
1394,egc,4.643581920346732
1395,egc,4.681895237868668
1396,egc,6.149716180728688
1397,egc,6.277737855804185
1398,egc,5.411893431284957
1399,egc,6.368442721295809
1400,egc,5.7206093238470785
1401,egb,6.1034063323058
1402,egc,5.760520582565603
1403,egc,5.830001102506403
1404,egb,5.820941357923633
1405,egc,5.457092292681983
1406,egc,4.309086055470534
1407,egc,5.663132419094163
1408,egb,6.639149748001634
1409,egc,5.855229239125525
1410,egb,7.27525860784684
1411,egc,6.504720421992426
1412,egb,5.307772572152803
1413,egc,5.63678507168359
1414,egb,6.162849893677415
1415,egc,5.5696578480595065
1416,egc,6.099272245541593
1417,egc,5.754975843684723
1418,egb,6.153953237401803
1419,egc,5.491029878301992
1420,egc,4.128800792970989
1421,egc,5.827448714909765
1422,egb,4.856953146154568
1423,egc,4.916141142329669
1424,egc,5.000546918623692
1425,egc,4.773418889616494
1426,egc,4.052825270535538
1427,egc,5.067262499995766
1428,egc,4.459224002694155
1429,egb,5.492928503674603
1430,egc,4.961426603759957
1431,egc,5.659648602105775
1432,egc,5.7696347570322475
1433,egc,5.482587473332438
1434,egc,5.6044089972947475
1435,egc,5.6430106466597545
1436,egc,5.737631067459936
1437,egc,7.474983268916467
1438,egb,7.397917289211093
1439,egc,5.560445436534084
1440,egc,5.756254047089858
1441,egb,10.25508074595793
1442,egc,5.671484625432202
1443,egc,6.007750825392035
1444,eea,1.5530782132407037
1445,ei,7.360631414115372
1446,eps,3.7412291932520585
1447,nc,1.73003487738494
1448,egc,5.171676435836524
1449,eea,1.045582477854072
1450,egb,5.684871707560332
1451,ei,6.800051724663223
1452,eps,3.790700385271845
1453,nc,1.7673219099283382
1454,egc,5.533604473607422
1455,egc,5.666125424668996
1456,egc,5.632447498943647
1457,egc,4.493574828320429
1458,egc,5.201993971820028
1459,egc,5.5426300384339875
1460,egc,6.067546909880836
1461,egc,5.354993704303647
1462,egc,5.582995468292955
1463,egb,3.929164585182512
1464,egb,6.181526067011533
1465,egc,5.7399848311270745
1466,egc,5.53013981798635
1467,egc,5.765580492118335
1468,egc,5.892404067651089
1469,egc,5.540128405093217
1470,egc,5.797217498549269
1471,egb,9.417742368988158
1472,egc,7.626803736079362
1473,egc,6.270564961521911
1474,egb,8.713953019417115
1475,egc,5.648352181576996
1476,egc,6.369410510550417
1477,egc,5.6343963502048595
1478,egc,5.662693857457827
1479,egc,5.665289895583913
1480,egc,5.821404471897473
1481,egc,6.004260091617396
1482,egc,5.532564431977518
1483,egb,5.4241784621934785
1484,egc,5.829523470374758
1485,egc,5.545887844758126
1486,egc,5.685949401414282
1487,egc,4.5905618912128245
1488,egc,4.696881682075938
1489,egc,4.809827637329736
1490,egc,4.472097742582136
1491,egc,4.626341047804594
1492,egc,4.592698500506217
1493,egc,4.3901747537231035
1494,egc,4.313737337181481
1495,egc,5.248495852929617
1496,egc,5.515758978140125
1497,egb,5.243098597246405
1498,egb,5.16730294696735
1499,egc,5.463080640583762
1500,egb,5.795909671953902
1501,egc,5.456974239965297
1502,egc,5.286866397510771
1503,egc,4.654945464079922
1504,egc,5.4526815328659
1505,egb,5.8485272783090645
1506,egc,5.732144093091258
1507,egb,5.783497965500067
1508,ei,6.461684886655597
1509,eps,4.018852057429454
1510,egc,5.7825028770313995
1511,egb,5.301833487706396
1512,egc,5.332973460983556
1513,egc,5.737512640862912
1514,egc,5.557277361491037
1515,egb,6.035847197608762
1516,egc,5.557452150548998
1517,egc,5.790349597152622
1518,egc,5.716748261597767
1519,egb,6.603252954069503
1520,egc,6.148605943065347
1521,egc,4.915812618350276
1522,egc,4.831615958002734
1523,egc,4.725852664655038
1524,egc,4.773992819302665
1525,egb,5.595154371127498
1526,egc,5.526757602979782
1527,egc,5.727695290950796
1528,egc,5.702250958026292
1529,egc,5.750720057268692
1530,egc,5.916255857276381
1531,egc,5.8836691013171425
1532,egc,4.197211664632628
1533,egc,4.907898202520375
1534,egc,5.720219086244414
1535,egc,4.352149616155351
1536,egc,4.609990536235842
1537,egc,4.748338529200919
1538,egc,4.820070042450983
1539,egc,5.098629845233002
1540,egc,4.507306788616968
1541,egb,4.631629142355821
1542,egc,4.20282606209396
1543,egc,4.890590907799461
1544,egc,4.441898446255488
1545,egc,4.65650327155899
1546,egc,4.921637650646963
1547,egc,4.500760612711539
1548,egc,4.399523012332543
1549,egc,4.704952882288778
1550,egc,4.425178260502654
1551,egc,4.399682483980411
1552,egc,4.72503585295437
1553,egc,4.386556024351543
1554,egc,4.709261561088859
1555,egc,4.669853346681194
1556,egc,4.090905964384749
1557,egc,4.306041547879158
1558,egc,4.523758785329934
1559,egc,4.1465515798751955
1560,egc,5.465893248895567
1561,eea,3.1257089703017624
1562,egb,2.251404304923232
1563,ei,6.351999400511336
1564,eps,4.637811735812323
1565,egc,3.6793626037255884
1566,eea,3.4073566926905974
1567,egb,3.473420315017446
1568,ei,6.901764493600824
1569,eps,5.438016091563712
1570,nc,2.076735470152126
1571,egc,4.2673914342753525
1572,egc,4.047616930488668
1573,egc,3.8535638283243783
1574,egc,3.9774756705207457
1575,egc,4.1655925343553495
1576,egc,3.79916302405139
1577,eea,2.037709104460123
1578,egb,4.5634759400020055
1579,ei,7.07721931179463
1580,eps,4.165539801729459
1581,nc,1.7884704883270632
1582,eea,2.260750642283518
1583,eps,4.335887667876626
1584,nc,1.8799191452209891
1585,egc,5.442925125448859
1586,egc,4.644359813440978
1587,egc,4.603029188122246
1588,ei,6.932024488137995
1589,nc,1.7353185487931855
1590,eea,1.4150909772313056
1591,ei,6.143514845279052
1592,eps,4.071219675977325
1593,eea,1.739581674981728
1594,nc,1.8504995192613003
1595,egc,4.749767686792475
1596,ei,6.5399259726417185
1597,egb,4.41903804075526
1598,ei,6.84171153407244
1599,nc,1.7991237136954266
1600,eea,3.1528570792332236
1601,egb,2.853134782882764
1602,ei,6.5449271613119535
1603,nc,1.9789999192743402
1604,egc,5.192484512366158
1605,egc,4.0753453451323365
1606,egc,4.312479650459887
1607,egc,4.215333761447394
1608,egc,4.798934213070152
1609,egc,5.890967993273282
1610,egc,6.432663959993701
1611,egc,4.581474092835642
1612,eea,0.9482479818521641
1613,eps,3.9372236124928888
1614,nc,1.8329043384628687
1615,eea,1.952107590264632
1616,egb,3.639162862043777
1617,nc,1.9086171893477841
1618,egc,3.0518844669822744
1619,egc,2.950923316061861
1620,egc,2.6231811204553255
1621,eea,1.6885409983473871
1622,ei,6.845518951409929
1623,eps,4.264472665557566
1624,nc,1.7334979228920582
1625,ei,7.06031674922673
1626,eps,4.323574170940844
1627,egb,4.00279188409177
1628,eps,4.443357259681285
1629,egc,5.36658960298307
1630,egc,4.61640708227834
1631,egc,4.526387876814642
1632,egc,4.5201174843934435
1633,egc,3.6887912115563912
1634,eea,0.98036210686903
1635,egb,4.706720190477862
1636,eps,3.9457901074320034
1637,nc,1.843164980934186
1638,egb,2.168982186538527
1639,ei,5.708852263046735
1640,eps,3.9872864269690407
1641,egb,4.215980392381424
1642,eps,3.9899504560062744
1643,nc,1.8626453749613583
1644,eea,1.7339518802220684
1645,ei,5.703601098419137
1646,nc,1.968306710105172
1647,egb,4.064531520347458
1648,eps,4.163402286031134
1649,egb,3.2581190395582
1650,eps,4.830763078144338
1651,eea,2.5026089048457654
1652,egb,2.67346718855754
1653,ei,6.27771068000264
1654,eps,4.419708646856887
1655,nc,2.064781559148885
1656,eea,2.5551104752914418
1657,egb,2.494427125921574
1658,ei,6.1005384999885255
1659,egb,2.3086777459013064
1660,eps,4.335131805470743
1661,eea,1.082900321475075
1662,egb,4.564498170372154
1663,ei,6.305691303699949
1664,eea,1.3719011158925623
1665,egb,-0.254602985483511
1666,egc,3.789734649895798
1667,eea,3.367723262262323
1668,egb,2.5738027495502362
1669,eps,5.53381602333643
1670,nc,1.9979239922320393
1671,egc,4.191450028420734
1672,egc,4.053333514119847
1673,egc,4.038509111987768
1674,nc,1.9582472478624449
1675,egc,4.386476411207094
1676,egb,5.406378191482197
1677,egc,5.335882717362703
1678,ei,6.6514282937491735
1679,eps,3.8284300266217377
1680,nc,1.7837224040879005
1681,eps,5.689072349197241
1682,nc,2.1008156606855133
1683,egc,3.9784661262708383
1684,eea,1.9570571083962105
1685,egb,4.613422998630336
1686,egc,4.676660340634047
1687,ei,6.52023022013665
1688,eps,4.2776033520148715
1689,nc,1.8727596031181384
1690,egb,2.38900015103746
1691,nc,2.013224516138985
1692,egc,3.9768180150064105
1693,eea,3.310178729274595
1694,egb,1.8346204240091932
1695,ei,5.833401547263863
1696,eps,4.588658590583115
1697,nc,2.360838431955979
1698,eea,2.2963220207614254
1699,ei,5.932756700125213
1700,eps,4.888681142994103
1701,eea,2.156016929476105
1702,egb,3.0503617068854116
1703,eps,4.212365483479521
1704,egb,3.9743497267307824
1705,ei,6.173790349216487
1706,eps,4.507184376332643
1707,nc,1.9567264285477315
1708,egb,6.480075123204008
1709,egb,9.183411823055604
1710,egb,5.645605631006439
1711,egc,6.1239513388845355
1712,egb,8.612637491582596
1713,egc,5.056526713033642
1714,egc,5.25481798250304
1715,egc,5.373195881613283
1716,egc,4.378817051870193
1717,egc,5.589538000325559
1718,egc,5.131243286901357
1719,egc,5.933973205257868
1720,egc,6.067204248551166
1721,egb,6.7397760641857065
1722,egc,6.164637371133237
1723,egc,5.383748280269676
1724,egc,6.2646426969698545
1725,egc,4.481191175452849
1726,egc,5.873030897123205
1727,egc,6.233370784688863
1728,egc,4.665046250339434
1729,egc,4.717222010935361
1730,egc,5.8066433957476224
1731,egc,6.022578078361691
1732,egc,5.751111229572201
1733,egc,5.556842819068334
1734,egc,6.331454178648595
1735,egc,5.789478175555103
1736,egc,5.549483825847879
1737,egc,5.889858036020194
1738,egc,5.242405996516104
1739,egc,4.487796311995467
1740,egc,4.8275818592595465
1741,egc,4.905220401437898
1742,egc,5.224058473225116
1743,egc,5.737772020347317
1744,egb,5.848658421935912
1745,egc,5.637174000705072
1746,egb,5.217756565544616
1747,egc,5.562380921573217
1748,egc,4.466365286562238
1749,egc,3.5749432466199313
1750,egc,4.236312724658961
1751,egc,3.991790006401869
1752,egc,3.6588536782013024
1753,egc,3.795338087989726
1754,egc,4.322150088766736
1755,egc,4.02340981433726
1756,egc,3.980102460304623
1757,egc,4.241903848069261
1758,egc,6.193198650964581
1759,egc,5.6696419561869495
1760,egc,5.39929450512908
1761,egc,5.5902027595663135
1762,ei,5.4873714116061905
1763,egb,2.376745180087294
1764,nc,1.8791111966943859
1765,egc,5.668200647484412
1766,egb,4.8886279880205965
1767,egc,5.601084079449959
1768,egc,5.489095701844041
1769,egc,5.589036252912121
1770,egc,6.042265775723818
1771,egc,5.505836941733402
1772,egc,5.753770920825812
1773,egc,5.654225561274875
1774,egc,5.678604989527004
1775,egc,5.373534710669489
1776,egc,5.440341705784176
1777,egc,5.632997383450588
1778,egc,5.255801100851501
1779,egc,5.9167858326553295
1780,egc,5.58650452220415
1781,egc,5.531140602180777
1782,egc,5.6688975604342255
1783,egc,5.773394778120246
1784,egc,5.62001457565779
1785,egc,5.855067909759729
1786,egc,4.822971330505428
1787,egc,4.213409609656003
1788,egc,4.918076767573928
1789,egc,4.9414778911869455
1790,egc,5.32112743635809
1791,egc,5.010993976494886
1792,egc,5.644361476320523
1793,egc,5.447733320064111
1794,egc,5.718090865891103
1795,egc,7.803055040040846
1796,egc,5.904784741159727
1797,egc,7.1505467363173185
1798,egc,6.42744515129737
1799,egc,5.811058361717507
1800,egc,6.670619353278283
1801,egc,6.053908783325815
1802,egc,5.904297948959804
1803,egc,7.799722270708962
1804,egc,5.940061379209861
1805,egc,5.7783045747173185
1806,egc,5.1265570707463395
1807,egc,6.799634615351703
1808,egc,5.528322385663904
1809,egc,5.554159760293605
1810,eea,1.222505808779406
1811,egb,5.771043684541474
1812,egc,5.3562231163246885
1813,ei,8.077209082673594
1814,egc,4.868532598787469
1815,egc,5.9163478318395
1816,egc,3.856845983605521
1817,egc,4.73411710258376
1818,egc,4.0678947512291
1819,egc,4.030361979015057
1820,egc,5.7801383643045465
1821,egc,4.778789423627442
1822,egc,4.875522969362293
1823,egc,5.03596100443304
1824,egc,6.766607521824524
1825,egc,4.5843723606379845
1826,egc,5.5098043729388415
1827,egc,4.527223033479856
1828,egc,5.563696793422395
1829,egc,5.23067082741082
1830,egc,3.7398452259848254
1831,egc,3.644704457224396
1832,egc,3.980941821663169
1833,egc,3.5463750500023368
1834,egc,3.4002534538896136
1835,egc,4.222617184104554
1836,egc,4.175985075799777
1837,egc,4.818109413959127
1838,egc,4.172888458636308
1839,egc,4.459112749926114
1840,egc,5.839260903364652
1841,egc,4.977551174767023
1842,egc,3.4075276697434536
1843,egc,6.052522902383369
1844,egc,4.8266153552186
1845,egc,4.633855972493468
1846,egc,5.755396272124672
1847,egc,5.086919959785567
1848,egc,4.770850869148227
1849,egb,5.963951124302296
1850,egc,5.349611042549238
1851,egc,5.337751558231608
1852,egb,4.498767852421088
1853,egb,4.824350392367647
1854,egc,4.702057062234273
1855,egc,5.120477869922456
1856,egb,6.180275603094751
1857,egc,5.862410545715401
1858,egc,4.897776420543138
1859,egc,5.846944518188474
1860,egc,5.992427807094346
1861,egc,4.688450084584901
1862,egc,5.197938258119806
1863,egc,6.241690556907591
1864,egc,5.19989425984248
1865,egc,5.972961633832415
1866,egc,6.335094464558388
1867,egc,4.823583302515979
1868,egb,6.851813998733986
1869,egc,6.277105250272489
1870,egc,4.720322308483405
1871,egc,5.335876454867043
1872,egc,5.972934807918172
1873,egc,5.067955393731947
1874,egc,5.74719268322094
1875,egc,4.632673459087309
1876,egc,4.685866372826204
1877,egc,6.4002892876561255
1878,egc,6.362109749192587
1879,egc,5.2734392329364
1880,eea,3.0079546928815435
1881,egb,3.7229975458876217
1882,nc,1.993331584151243
1883,egc,3.9726911705719066
1884,egc,4.169822429557982
1885,eea,1.70156982843506
1886,egc,5.254154017758003
1887,eps,4.226586755805085
1888,nc,1.7709847867326247
1889,egc,5.193153664700883
1890,egc,5.524467772850421
1891,egc,4.6792924465289785
1892,ei,7.008113730654177
1893,eps,3.9458963947243957
1894,nc,1.7641398210504764
1895,eea,1.5781237569447015
1896,ei,5.916998525336906
1897,eps,3.7167385796700905
1898,egc,4.852427282617804
1899,egb,4.887723073408367
1900,ei,6.266994979471185
1901,nc,1.806783791800049
1902,eea,1.8733952256361925
1903,egb,3.6528084035912056
1904,nc,1.9010000104198082
1905,ei,6.633269500965978
1906,eps,4.443041641848769
1907,egc,5.99552138648007
1908,egc,5.808322305404883
1909,egc,5.370058838638281
1910,egc,5.344463084176936
1911,egc,5.742177171958333
1912,egb,4.860396668806098
1913,egb,5.969078226850462
1914,egc,5.709166809576272
1915,egc,5.58064198503607
1916,egc,4.176548653674092
1917,egc,4.634947083840775
1918,egc,5.561337701960441
1919,egb,6.526754470657178
1920,egc,6.05102635286091
1921,egb,6.45744058234156
1922,egc,5.976427691504753
1923,ei,8.185723831440983
1924,eps,3.5232347390384176
1925,eea,1.3995346606174142
1926,egb,6.721291653025377
1927,ei,9.687224882703088
1928,eps,3.2544286339892174
1929,nc,1.5703842934340513
1930,egc,4.684186843929634
1931,egc,6.192534078663995
1932,egc,4.963110747741949
1933,egb,6.1908093139425455
1934,egb,5.9480709519621495
1935,egc,5.292412772118129
1936,egc,5.05636631836869
1937,eea,1.4943164612196567
1938,egb,4.876093570286424
1939,eps,3.8657949004172485
1940,nc,1.7501554332178875
1941,eea,2.0511499544466587
1942,egb,4.484373895895267
1943,nc,1.840512367811789
1944,egc,5.53394816310802
1945,egb,5.949058538950656
1946,egc,5.517543415522754
1947,egc,5.540650996335492
1948,egc,5.391514522648169
1949,egc,6.231435767000153
1950,egc,5.686982806668189
1951,egc,4.98911141460922
1952,egc,4.69025481665962
1953,egc,5.425871041186775
1954,egc,5.209736192386813
1955,egc,4.428430201578991
1956,egc,4.393386362457992
1957,egc,5.807570432045401
1958,egc,4.463226087933412
1959,egc,5.083855963681579
1960,egc,4.49074311413917
1961,egc,5.1774974722871
1962,egc,5.34065483252535
1963,egc,4.945093314054269
1964,egc,5.683646765883348
1965,egc,3.574156695859111
1966,egc,5.0711014565701005
1967,egc,5.617396478591768
1968,egc,5.568380018534709
1969,egc,5.41498177634595
1970,egc,6.839970695604147
1971,egc,6.467785157293361
1972,egc,5.5914957312447955
1973,egc,6.789061840216895
1974,egc,6.264649800696274
1975,egc,4.792313913927268
1976,egc,5.142654628898994
1977,egb,5.705749371975709
1978,egc,5.326951370381284
1979,eea,1.3034228609694951
1980,egb,5.779247237314404
1981,egc,5.45560462281755
1982,eps,3.992284407574741
1983,egc,6.313510165712268
1984,egc,5.414401233651303
1985,egc,6.355411682939424
1986,egc,5.765386541693059
1987,egb,6.381874728246778
1988,egc,5.6313440845964715
1989,egc,5.7944784511939424
1990,egc,5.332520972304634
1991,egc,5.868966724380339
1992,egc,5.710210216129218
1993,egc,5.0005601446406445
1994,egc,6.192588104372819
1995,egc,6.610953285676981
1996,egc,5.62214653481448
1997,egc,5.814618076414485
1998,egc,5.764311448781478
1999,egc,5.6155745597052675
2000,egc,5.691009404437098
2001,egc,5.704483117113535
2002,egc,4.848008390904372
2003,egc,6.562930786498183
2004,egc,6.661723431458878
2005,egc,4.87193827478524
2006,egc,5.906028641043862
2007,egc,5.834333440921616
2008,egc,5.045567205424337
2009,egc,5.819059774828528
2010,egc,5.747572078293807
2011,egc,5.234369485388364
2012,egc,5.829328211368299
2013,egc,6.047037890886465
2014,egc,5.256269105564446
2015,egc,5.979962823569516
2016,egc,6.203021796021934
2017,egc,5.109934023778792
2018,egc,6.215600065289143
2019,egc,6.886004338325581
2020,egc,5.123747266537069
2021,egc,6.4839246367789
2022,egc,6.778664788840893
2023,egc,5.463616784988285
2024,egc,6.760431205582875
2025,egc,6.963844542211177
2026,egc,5.502839823474853
2027,egc,6.882274321134696
2028,egc,7.099919786704831
2029,egc,5.592234799202705
2030,egc,6.754452298159628
2031,egc,5.424697991626669
2032,egc,5.219565085854361
2033,egc,6.4148394018253265
2034,egc,6.242861924006177
2035,egc,5.148959933857212
2036,egc,6.594536573920903
2037,egc,6.796097520415167
2038,egc,4.79157842120009
2039,egc,5.259668612536641
2040,egc,6.3990233288320555
2041,egc,5.121912588984038
2042,egc,6.552154246579229
2043,egc,6.688667491888712
2044,egc,5.626797606217737
2045,egc,4.705118873475037
2046,egc,5.2544639645581075
2047,egc,5.116079121012227
2048,egc,6.43864417599813
2049,egc,6.708828989109021
2050,egc,5.145674974473534
2051,egc,6.149061142376718
2052,egc,4.452281173341046
2053,egc,5.493872303570743
2054,egc,6.425575936548126
2055,egc,6.7960550849968175
2056,egc,5.47833028486514
2057,egc,5.19104296998841
2058,egc,3.6609529228284274
2059,egc,4.128580530716934
2060,egc,6.0485459372293136
2061,egc,6.189047644513241
2062,egc,5.129122684359931
2063,egb,4.675668899997669
2064,egc,4.588301328903664
2065,egc,3.8843799337384484
2066,egc,5.844581220572719
2067,egc,6.091647049520566
2068,egc,5.089862678454955
2069,egc,6.438644362938299
2070,egc,6.060551982639393
2071,egc,4.970567744345971
2072,egc,5.870973433623838
2073,egc,6.054974061878526
2074,egc,4.951304307697256
2075,egc,6.251990025515407
2076,egc,6.332886140342685
2077,egc,5.2092112176573835
2078,egc,6.1726380364835824
2079,egc,6.222323368465114
2080,egc,5.0666242862590005
2081,egb,5.734719730342759
2082,egc,6.213515121584942
2083,egc,6.4474757903994195
2084,egc,6.4199828736335744
2085,egc,5.393605074557438
2086,egc,6.509254842730264
2087,egc,6.688624682590024
2088,egb,7.050336909531081
2089,egc,6.536841229580579
2090,egc,6.519930621898158
2091,egc,5.309214767562396
2092,egc,5.095211457303743
2093,egc,6.6403744902854545
2094,egc,5.898849203855675
2095,egc,5.912268143062612
2096,egc,4.133136589779327
2097,egb,6.574757755479942
2098,egc,4.195961689193003
2099,egc,4.3659408116574525
2100,egc,4.786952493249555
2101,egc,3.819850944787437
2102,egc,5.881759507491408
2103,egc,5.025525069501898
2104,egc,6.094776895299065
2105,egc,6.237407196816641
2106,egc,5.000852612534953
2107,egc,5.823220128288314
2108,egc,5.7624666297242815
2109,egc,4.407888713414028
2110,egc,4.693352730720512
2111,egc,5.912377129181104
2112,egc,4.077049631917531
2113,egc,3.832234983219116
2114,egc,3.563417357033777
2115,egc,4.009299523650536
2116,egc,3.9981255956674557
2117,egc,6.187725042817982
2118,egc,4.818264340624137
2119,egc,6.024037894140953
2120,egc,6.1404215155289315
2121,egc,5.116079074277185
2122,egc,5.7748930101042255
2123,egc,5.731031144795467
2124,egc,5.360444973100057
2125,egc,5.923376875661774
2126,egc,3.7576788040163516
2127,egc,4.047914539237622
2128,egc,4.872389127737684
2129,egc,2.8824620873922133
2130,egc,5.328628410636855
2131,egc,4.427885598131824
2132,egc,5.9294414016823955
2133,egc,5.063454108139053
2134,egc,6.480642528232799
2135,egc,4.334780993375262
2136,egb,4.167349236806519
2137,egc,5.45252534435475
2138,egc,6.463796788789001
2139,egc,4.088326891078994
2140,egc,3.7384278456239133
2141,egc,3.9148458067460075
2142,egc,4.604635325476867
2143,egc,4.809491822683754
2144,egc,3.9361525461762925
2145,egc,4.5567824686595015
2146,egc,5.801354671428107
2147,egc,6.100397438418451
2148,egc,5.251712205271293
2149,eps,4.743272986842725
2150,egc,5.885964259241318
2151,egc,5.1182939413988
2152,egc,5.951832440827582
2153,egc,5.718325101922787
2154,egc,4.772132367373841
2155,egc,6.004458995957149
2156,egc,5.745201116131126
2157,egc,5.012767431142589
2158,egc,5.951668681239589
2159,egc,5.929554593954689
2160,egb,6.1480813758576485
2161,egc,6.268967183897971
2162,egc,6.321219391339234
2163,egc,4.736555596882471
2164,egc,5.811521786396312
2165,egc,5.422242532507626
2166,egc,4.917939296447193
2167,egc,5.575456825570147
2168,egc,5.549874904681304
2169,egc,4.21055271989168
2170,egc,4.571938350762395
2171,eps,4.0152249872748325
2172,nc,1.950400461160216
2173,egc,5.6789798980358155
2174,egc,5.5630885835827435
2175,egc,5.939484201438255
2176,egc,6.105979284922866
2177,egc,5.308022743575142
2178,egc,6.294278135011934
2179,egc,6.731649523292349
2180,egc,5.267785694877196
2181,egc,6.175335583121404
2182,egc,6.384433209466701
2183,egc,6.3050395327772035
2184,egc,6.365242305603536
2185,egc,6.409553294668176
2186,egc,5.229682241062417
2187,egb,5.873378877661713
2188,egc,5.212169499095836
2189,egc,6.264412573621888
2190,egc,6.525905790518026
2191,egb,5.734490228995776
2192,egc,6.120916552181944
2193,egc,4.613404858216426
2194,egc,5.831803299205081
2195,egc,5.9113871875164765
2196,egc,4.239505686111999
2197,egc,5.404674549721124
2198,egc,5.807951042229366
2199,egc,4.885176699891543
2200,egc,4.625972191483752
2201,egc,5.849886021746763
2202,egc,3.7328953513240983
2203,egb,5.520657597048338
2204,egb,6.775253717425557
2205,egc,5.688252410825553
2206,egc,5.818829744950646
2207,egc,3.5600139243180333
2208,egc,4.187686478837046
2209,egb,7.195210283456005
2210,egc,6.062028996914197
2211,egc,5.414864377919855
2212,egc,5.687744868266877
2213,egc,5.000657446998578
2214,egc,5.951844404998394
2215,egc,6.281413473405907
2216,egc,5.155569063325
2217,egc,6.644028609767749
2218,egc,5.36290921840704
2219,egc,5.1099227138985714
2220,egc,4.766111001164723
2221,egc,5.8816766929965665
2222,egc,5.254277865619926
2223,egc,6.159152546576502
2224,egc,6.336603445602081
2225,egc,5.0256537778082135
2226,egc,5.658982534283838
2227,egc,7.14768804725387
2228,egc,5.241338708356577
2229,egc,6.264451457177027
2230,egc,6.52632864918017
2231,egc,5.410276959644122
2232,egc,6.079555385513111
2233,egc,6.239245566438009
2234,eea,-0.2665737007999951
2235,ei,6.281288338993823
2236,nc,1.6911781307096128
2237,egb,5.516915168351623
2238,egc,5.302065708151662
2239,eps,3.507561471446996
2240,nc,1.7447545152866195
2241,eea,0.03868463926082466
2242,egb,5.5330566844661355
2243,egc,5.7204471532505226
2244,nc,1.6085961912493023
2245,egb,5.829882121857915
2246,ei,6.406675318061393
2247,egc,4.136551706255629
2248,egc,4.675374239006774
2249,egc,2.6536876996846717
2250,egc,4.4774532980120485
2251,egc,5.3808169649505935
2252,egc,5.571411066433922
2253,egc,4.994361115168469
2254,egc,5.241219113383496
2255,egc,5.866789432232681
2256,egc,5.096791989697099
2257,egc,6.269483325704417
2258,egc,5.978465806696635
2259,egc,4.401579132199446
2260,egc,5.04246853191901
2261,egb,6.108870139039801
2262,egc,5.15992892868009
2263,egc,6.163553492033715
2264,egc,6.250929140056665
2265,egc,5.295536448871053
2266,egc,6.232603395295359
2267,egc,5.276996704351351
2268,egc,5.691882508496137
2269,egc,6.101071357727483
2270,egc,6.166148969339296
2271,egc,5.383126330327609
2272,egc,5.164592057724244
2273,egc,6.177589520738328
2274,egc,4.608282773531881
2275,egc,6.112045867285346
2276,egc,5.458069055064701
2277,egc,5.469234710945306
2278,egc,5.429810711777127
2279,egc,5.18476897750849
2280,egc,5.287706506629992
2281,eea,1.0958880386618122
2282,egb,4.269003392640194
2283,eps,3.7398567178347117
2284,egc,4.836621608171431
2285,egc,4.459654455800663
2286,egc,3.929013301124428
2287,egc,3.989298280890052
2288,egb,6.1575371615711045
2289,egc,4.106009000838635
2290,egc,4.47757730944662
2291,egc,4.470011969330936
2292,egb,5.781813265221728
2293,egc,5.510460159051487
2294,ei,6.4179526219339245
2295,eps,3.9566738609660552
2296,nc,1.7254836073271531
2297,egc,5.732136054663994
2298,egc,5.446269391601133
2299,egc,5.513777038469011
2300,egc,5.365088753836726
2301,egb,4.351746102352804
2302,egc,6.322548349000237
2303,egc,5.135522534308591
2304,egc,5.823106001315176
2305,egc,4.210578260592262
2306,egc,5.623281728990375
2307,ei,6.434494598747211
2308,eps,3.9012587966452044
2309,nc,1.6952631370960711
2310,egc,4.902878812249262
2311,egc,5.4883502779203885
2312,egc,5.917733058491354
2313,egc,5.262833088981436
2314,egc,6.117925883359223
2315,egc,6.051938433945174
2316,egc,5.312201370436442
2317,egc,6.216708807431133
2318,egc,6.2464364069765015
2319,egb,6.18977195841939
2320,egc,6.550491413776497
2321,egb,9.385399897561356
2322,ei,8.000132918039245
2323,nc,1.2161300495677012
2324,egc,6.260349242109782
2325,egc,5.476290767621991
2326,egc,5.204492847793308
2327,egc,5.774706443815623
2328,egc,5.210604342531376
2329,egc,5.179298079994341
2330,egc,4.436926667308651
2331,egc,5.115337949977418
2332,egc,6.121327259733108
2333,egc,4.484332477158574
2334,egc,5.126045836119328
2335,egc,5.406520396949249
2336,egc,5.56869865805267
2337,egc,4.531649672987009
2338,eea,0.505696441703519
2339,egb,5.1919327697100295
2340,eps,3.6785929181205264
2341,nc,1.7730379410462576
2342,ei,6.1287603970597
2343,eps,3.744986025193098
2344,nc,1.7982025250949119
2345,egc,3.801987222653669
2346,egc,5.374390522762901
2347,egc,4.384798284361791
2348,egc,4.345127512486848
2349,egc,4.259171885354697
2350,egc,4.4898243148925845
2351,egc,4.446961837568866
2352,egc,4.440111344975452
2353,egc,4.989254236898291
2354,egc,5.135883282099605
2355,egc,3.8090674413471906
2356,egc,4.27064608598414
2357,egc,4.135032163092391
2358,egc,4.54945805644936
2359,egc,3.558210325568089
2360,egc,2.771592172817071
2361,eea,2.304881596402386
2362,egb,3.7857030101397733
2363,ei,6.401813530658063
2364,eps,4.697474835861693
2365,egc,5.802442663211345
2366,egc,4.881707277296163
2367,egc,5.8522020234997765
2368,egc,5.818900782214843
2369,egc,5.031529073642824
2370,egc,5.732762771580369
2371,egc,5.881089981276345
2372,egc,4.518223063391265
2373,egc,4.419270624018816
2374,egc,4.629352011319407
2375,egc,4.497339817927605
2376,egc,5.560527970618672
2377,eea,1.1710189944776892
2378,nc,1.7862971826393883
2379,egb,4.081479858707626
2380,nc,1.8511261742114904
2381,eea,1.2331467250302324
2382,egc,5.459962665505991
2383,nc,1.7458462060121764
2384,egc,5.815105429434915
2385,egb,5.731464019045325
2386,egc,5.33326396600609
2387,egb,5.673014766952441
2388,egc,4.503997703728207
2389,egc,5.899723429555728
2390,egc,5.218557852224106
2391,eea,1.055043328463597
2392,ei,7.121281549148867
2393,eps,3.7927844638927977
2394,nc,1.5974465591178744
2395,egc,6.150205029270469
2396,eea,-0.07972922635337731
2397,egc,5.269252427442708
2398,eps,3.073071474670159
2399,nc,1.6761261469785202
2400,egc,6.184932156694001
2401,egc,5.439607872150997
2402,egc,4.4676135620147015
2403,egc,5.196716183500396
2404,egc,4.495047072699985
2405,egc,5.617061668749194
2406,egc,6.3489239243763205
2407,eea,-0.3567142970317687
2408,egb,5.565234164945133
2409,egc,6.191089405038417
2410,ei,8.09270450263249
2411,eps,2.4170386582869714
2412,nc,1.4629511149415528
2413,egb,5.55364599801133
2414,egc,6.074376488542849
2415,egc,4.787959680144769
2416,egc,4.83211952808282
2417,egc,4.379767595894217
2418,egb,5.285138267160187
2419,egc,4.912805592262772
2420,egc,4.812855600716161
2421,egc,4.396971945000848
2422,egc,4.677052587843528
2423,eea,1.6878345559645367
2424,egc,4.684249188475976
2425,eps,3.988979329229833
2426,egc,4.625128156620983
2427,egc,4.400714767593304
2428,egc,4.610197303746451
2429,egc,4.550304953833467
2430,egc,4.4236456432113505
2431,egc,3.778068414977811
2432,eea,2.3240590489016544
2433,ei,6.254356222528202
2434,eps,4.710348981963112
2435,egc,6.050513575977504
2436,egc,5.440859062701721
2437,egc,4.169582655423794
2438,egc,6.182734488067928
2439,egc,5.466430701881272
2440,egc,6.190794974272334
2441,egc,6.365972306963251
2442,egb,6.4989944783353915
2443,egc,6.166238326740049
2444,egc,6.371385907315619
2445,egc,5.299373956659077
2446,eea,0.3870688945913565
2447,egb,4.456893320873757
2448,nc,1.5755913581673497
2449,eea,0.7258083141312901
2450,egb,5.299030056812703
2451,ei,7.4900159489023315
2452,eps,3.191752778252482
2453,egc,4.444814315643111
2454,egc,4.829535874742926
2455,egc,5.986407118543342
2456,egc,4.2346036708994585
2457,egc,6.300530348962173
2458,egc,5.584761118188604
2459,egc,6.297502292105663
2460,egb,7.672289569641585
2461,egb,6.596676195531044
2462,egc,6.467022815284419
2463,egc,6.5596182067045445
2464,egc,4.655494390518496
2465,egc,6.32249133224871
2466,egc,5.035705457222097
2467,egc,4.773561735273086
2468,egc,6.413448380028235
2469,egc,6.856353571189647
2470,egc,4.135178677449798
2471,egc,4.340214350966736
2472,egc,4.334405103430564
2473,egc,4.42031882091359
2474,egc,5.603074057548338
2475,egc,5.712059708690638
2476,ei,6.4885925726952
2477,nc,1.6981813476233738
2478,egc,4.148070305175195
2479,egc,4.4108034144255965
2480,egc,4.595713167773127
2481,egc,5.683118566436005
2482,egc,5.772103862783623
2483,egc,5.336643844260547
2484,egc,4.218631199087348
2485,egc,4.494777715284062
2486,egc,4.267574401965703
2487,egc,4.236240215240933
2488,egc,4.608984196413269
2489,egb,5.0663327325675525
2490,ei,6.121540115910336
2491,eps,3.5868493137084543
2492,eea,1.1355119002768668
2493,egb,3.5663138156467187
2494,nc,1.8636302317216522
2495,eea,1.888954577873588
2496,egb,2.527232963634243
2497,ei,5.490951492965976
2498,egb,4.263494026173867
2499,ei,6.138709661725627
2500,nc,1.8936780211894277
2501,eea,2.3891065460775254
2502,egb,2.915362433821811
2503,eps,4.126442216843705
2504,nc,2.063263472779756
2505,egb,3.837756091534674
2506,egc,4.573521135200599
2507,eea,0.4834618193724789
2508,egb,5.164159686612542
2509,eps,3.700362837844961
2510,nc,1.776808774463544
2511,eea,0.6223569047850412
2512,egb,5.081694345081038
2513,egc,4.348202771736016
2514,egc,3.758025484559653
2515,egc,4.488866474360092
2516,eea,3.3790425083826796
2517,ei,6.522581766638754
2518,eps,5.766667419611763
2519,nc,2.0192100669123416
2520,egc,5.683201193990677
2521,egc,5.496178490964886
2522,egc,4.84346803481617
2523,eea,1.0486299798849017
2524,egc,5.733483145521384
2525,eps,3.780277644717679
2526,nc,1.6509642993837248
2527,egc,4.274581293377958
2528,egb,5.197042653760425
2529,egc,5.212425887537538
2530,ei,6.670848309713543
2531,eps,3.7672663195417995
2532,nc,1.7609472354162747
2533,eea,2.163388668939512
2534,ei,6.03405199470321
2535,eps,4.744232539389474
2536,egb,3.15431968445297
2537,ei,6.381808276680536
2538,eps,4.506882712782685
2539,egc,4.174762276787211
2540,egc,4.365781176436937
2541,ei,6.394257971849886
2542,egb,4.191405881114457
2543,egc,4.464660462324057
2544,ei,6.628419677176986
2545,egb,2.979108496807314
2546,ei,5.904579895777138
2547,eea,2.2481359273348445
2548,egb,3.882636312357032
2549,ei,6.107598912611635
2550,eps,4.612913028747851
2551,egc,4.383120484661783
2552,egc,4.425721718941287
2553,egc,4.208587090750306
2554,egc,4.395475699256163
2555,eea,1.005355055096229
2556,ei,6.65367341206295
2557,eea,1.8765618428936495
2558,ei,6.581626396707762
2559,eea,0.031655455061694315
2560,egb,5.5405586424224165
2561,ei,6.897049386272469
2562,eps,2.884847765020985
2563,eea,1.105847127476897
2564,egb,6.40253857665903
2565,ei,6.788843764505098
2566,eps,3.794396118321491
2567,eea,0.6748937808519067
2568,egb,5.9172030207929645
2569,egc,5.7908339591303495
2570,ei,6.740604318277918
2571,egb,3.8123816572146505
2572,egc,4.8191982236056035
2573,eps,4.413023616312169
2574,eea,1.0131738973573108
2575,egb,5.143882841627897
2576,ei,6.52946856447642
2577,eps,3.5988803831379936
2578,nc,1.7212620729427908
2579,egb,4.277236112192094
2580,ei,5.949557531013317
2581,eea,1.5717484196516225
2582,egb,4.246021702980891
2583,eps,4.157492777781046
2584,eea,1.8996256193881014
2585,egb,4.682392782344126
2586,eps,4.213269023275247
2587,egc,4.433710326650736
2588,egc,4.394773037896155
2589,eea,1.2064337001370833
2590,egb,6.049495333724348
2591,egc,5.783427296166814
2592,eps,3.9717133172187937
2593,nc,1.702742146153828
2594,egb,4.302904698305991
2595,eps,3.822911433904099
2596,nc,1.7717371852458963
2597,ei,6.204000336079771
2598,nc,1.7973103850045893
2599,egb,2.489043279060777
2600,eps,4.095660634483736
2601,nc,1.9920904479622594
2602,ei,5.5168326564267804
2603,eps,4.141423280292555
2604,eps,4.146894239349401
2605,nc,1.88261315247041
2606,egb,3.4001644521268535
2607,ei,6.038293394393743
2608,eps,4.666250188728729
2609,nc,1.931031639899652
2610,egb,2.7478509809869527
2611,ei,5.890114587091268
2612,eps,4.131545050189384
2613,nc,2.087772220053609
2614,eea,0.5986267759355373
2615,eps,3.8051954940909076
2616,nc,1.8031929188149882
2617,eea,0.8012892245437349
2618,ei,6.1058540894789886
2619,eps,3.922789472151364
2620,nc,1.8398734970509116
2621,eea,1.185483608490974
2622,egb,4.138885431017471
2623,ei,5.9007429887349225
2624,nc,1.7935064896114512
2625,eea,0.7232641976676144
2626,eps,3.879879662039363
2627,eea,1.1855183861776402
2628,egb,5.840852545700508
2629,egc,5.706238111419555
2630,eps,4.061336033699143
2631,egc,4.657506906590993
2632,egc,5.677129938123974
2633,eea,1.771613277233554
2634,eps,3.9233991569267435
2635,eea,2.0415356398706397
2636,egc,4.681047370732435
2637,ei,6.668199634932551
2638,eps,4.357482409189396
2639,nc,1.858972141731699
2640,egc,4.777995909345329
2641,egc,5.403854817080316
2642,egc,5.405200505886439
2643,egc,5.945960089300632
2644,eea,-0.08207378356756756
2645,egb,6.4509171303852355
2646,ei,6.634312812392547
2647,eps,3.1524255671703107
2648,egc,4.489490801947433
2649,eea,1.673412836631201
2650,eps,4.005304209651241
2651,nc,1.7712980896498005
2652,egc,5.421666289436865
2653,eea,1.5483246248087688
2654,egb,2.5492925717800725
2655,egc,4.136980780678392
2656,egc,4.374766969742561
2657,eea,1.1191261325363948
2658,egb,4.288254911463138
2659,ei,5.96171958453895
2660,eps,3.8818239370070096
2661,nc,1.7753368008502084
2662,eea,1.2276915776097796
2663,ei,5.974141927617092
2664,eps,4.020667027059178
2665,egc,5.2757873416634276
2666,egc,5.411725652483332
2667,egc,4.523207729525997
2668,egc,3.8504453858961853
2669,egc,5.472855742017697
2670,egc,4.485795438790366
2671,eps,3.945181792002108
2672,eea,1.1467115032360733
2673,egb,2.924013549601833
2674,ei,5.205974220666142
2675,nc,1.9519744518783684
2676,ei,6.038864995368841
2677,nc,1.811449543860807
2678,eea,2.023127107505363
2679,egb,1.3065581094073924
2680,eps,4.135088394648649
2681,nc,2.1599072066341147
2682,eea,0.385634760461127
2683,ei,5.941330777163763
2684,nc,1.8690776904181632
2685,eea,1.5740204518607916
2686,eps,4.606971834006261
2687,nc,2.029878328743831
2688,eea,1.3368438878966806
2689,egb,3.964998165999544
2690,eps,4.1475969744108205
2691,nc,1.8769105580425915
2692,eea,2.514660940581233
2693,eps,4.110046782526365
2694,nc,2.1930487922435185
2695,egb,3.7464232531355965
2696,ei,5.9745053531210495
2697,eps,4.378508676505187
2698,eea,2.564993970482094
2699,ei,5.7646281231785474
2700,eps,5.431693236597995
2701,egc,4.055218011227901
2702,eea,1.5888195783858623
2703,ei,5.583503979464731
2704,nc,1.971319682626292
2705,eea,1.9203355668183124
2706,egb,2.4025659685815173
2707,ei,5.485282729154627
2708,eps,4.260714073029474
2709,nc,2.021638978440064
2710,egb,4.903227623040323
2711,eea,1.13593530376387
2712,nc,1.8748639361354775
2713,egb,3.4774927845772283
2714,ei,5.5718355430283655
2715,eps,4.310145977875233
2716,nc,1.9220556046426558
2717,eea,2.713762982272089
2718,egb,2.28392179176572
2719,eps,3.873654356637706
2720,nc,2.152189003442914
2721,ei,6.019552421788991
2722,nc,2.2343753078076434
2723,egb,4.3628188568480235
2724,egc,4.375074392850385
2725,nc,1.8510702032052575
2726,eea,1.8008132036865085
2727,egb,3.613294191973565
2728,egc,4.640064115298878
2729,ei,6.32128184746036
2730,eps,4.088850259921963
2731,nc,1.8298173518814194
2732,egb,3.7039294158594145
2733,ei,6.190739876869691
2734,eps,4.521027762285028
2735,egb,2.1792727155890566
2736,eps,3.978036433012223
2737,nc,2.0000847382981575
2738,egb,4.137960039955411
2739,ei,6.057072906453877
2740,eps,4.029742168638972
2741,eea,1.381095557543697
2742,egb,4.014386183641217
2743,ei,6.007087076792213
2744,eps,4.183488693292387
2745,nc,1.9317079066705938
2746,eea,2.223715994288924
2747,egb,3.1014426212821027
2748,nc,1.9489819150543344
2749,eea,2.363727487987948
2750,ei,6.140367825694225
2751,eps,4.260903499154873
2752,eea,2.1719056716106233
2753,egb,2.16299840475887
2754,ei,5.6080118276603645
2755,eps,5.109921109024062
2756,nc,2.0483545705027315
2757,eea,1.695494291958916
2758,egb,3.7970604963774317
2759,eps,4.405112988955083
2760,ei,5.909335539747227
2761,nc,1.998257257229287
2762,ei,5.872190900588926
2763,eps,4.037085609835904
2764,eea,1.4091640543232307
2765,egb,4.408604279748969
2766,ei,6.234202833494235
2767,nc,1.8636247237311931
2768,egb,3.2806316357172665
2769,nc,1.925209880799904
2770,egc,4.684921378588446
2771,egc,5.035872955613469
2772,egc,4.502784473715539
2773,egc,5.405131244553846
2774,egc,5.43241170381769
2775,egc,4.193606243064344
2776,egc,4.214315101099312
2777,eea,1.0855526645158524
2778,egb,4.361191450826174
2779,egc,4.453161965314533
2780,nc,1.7663347096408935
2781,eea,1.2289056290359637
2782,ei,5.9909956839435194
2783,eps,3.9524359323113525
2784,nc,1.7845645582877374
2785,egc,5.120810623423171
2786,egc,4.636658544454952
2787,egc,5.247601344221233
2788,egc,6.039520091992494
2789,egc,4.785924906508407
2790,egc,4.807611134481642
2791,egc,4.308748137747651
2792,egc,4.109091971369772
2793,eea,0.04612640428924841
2794,egb,4.9511408055870865
2795,ei,6.109030957637963
2796,eps,3.5590951585946176
2797,egb,3.386320779920159
2798,eps,4.000012080594018
2799,nc,1.8458546975642873
2800,eea,1.1477599811976547
2801,egb,3.3805709810143014
2802,eps,4.077890051265009
2803,nc,1.8658602030538474
2804,eea,1.819763743328847
2805,egb,3.9977903822293888
2806,eea,2.236715738484001
2807,egb,2.8599252394894314
2808,eps,4.305835147875196
2809,eea,1.1326470635908041
2810,ei,5.908141815223537
2811,eea,1.267256706509212
2812,ei,5.942090612952521
2813,eps,4.043893897775986
2814,nc,1.806981953158709
2815,eea,0.11050656748181487
2816,egb,4.832974972791517
2817,ei,6.0520999748499165
2818,eea,1.1433057976317629
2819,ei,5.432621855610919
2820,eps,4.083185277651305
2821,egb,3.325484643057705
2822,eea,1.6437611962024772
2823,egb,4.18117580845036
2824,eps,4.218000470563369
2825,nc,1.8746284818223073
2826,egc,3.8731798341317165
2827,eea,1.0861101633715573
2828,egb,3.3333215361760775
2829,eps,4.028575192854738
2830,nc,1.8592739024268297
2831,eea,1.4608716112471458
2832,ei,5.624210569275468
2833,nc,1.9452762653712719
2834,egc,4.544876853934245
2835,egc,3.6922286673828824
2836,egc,3.689860135442397
2837,egc,3.9757532505391637
2838,tg,27.00001658708827
2839,tg,-19.418680999936583
2840,tg,20.11854036617781
2841,tg,46.6960266633226
2842,tg,188.30326965662198
2843,tg,12.168097596689023
2844,tg,108.10994908439913
2845,tg,138.82721242444484
2846,tg,69.57110311789657
2847,tg,108.30022653471565
2848,tg,84.28402188398093
2849,tg,77.4722523904562
2850,tg,106.1958136657808
2851,tg,46.4180321505616
2852,tg,16.656550125384243
2853,tg,81.69385671954831
2854,tg,128.1204458182517
2855,tg,132.6552971515515
2856,tg,106.10819414983419
2857,tg,42.664267328406396
2858,tg,115.94943596409829
2859,tg,62.16270672783264
2860,tg,9.936350780970287
2861,tg,96.19844868165825
2862,tg,121.99720665424472
2863,tg,124.21332164367801
2864,tg,93.1809583224086
2865,tg,118.86462605947024
2866,tg,132.27992278284344
2867,tg,92.7019464899144
2868,tg,117.88388056357543
2869,tg,126.18293175564125
2870,tg,95.09643337959784
2871,tg,115.37238990123372
2872,tg,108.40331692522616
2873,tg,92.59016470644269
2874,tg,102.83584405557099
2875,tg,111.95077740746302
2876,tg,-23.30503752511143
2877,tg,79.16937286368885
2878,tg,45.20803287534699
2879,tg,10.278426839739211
2880,tg,110.55720537788623
2881,tg,-1.5476943649564134
2882,tg,90.46374859913583
2883,tg,95.77258993585937
2884,tg,257.3506737600728
2885,tg,118.1524390784414
2886,tg,171.82400491930878
2887,tg,205.8937775946951
2888,tg,119.53771477837341
2889,tg,106.75898861664669
2890,tg,95.96362499730944
2891,tg,56.52174882977383
2892,tg,114.7952365372215
2893,tg,108.81909911779394
2894,tg,56.01593772276179
2895,tg,163.03001580319474
2896,tg,209.32625026522993
2897,tg,104.63393816031015
2898,tg,162.08423097214046
2899,tg,214.02377745438332
2900,tg,101.60326601764686
2901,tg,207.32110396408865
2902,tg,194.35224504601726
2903,tg,205.3610371511681
2904,tg,128.37431383053683
2905,tg,200.66603316475988
2906,tg,186.12040664254135
2907,tg,275.42440103624875
2908,tg,303.74732583857656
2909,tg,329.3854848828268
2910,tg,353.7192651636127
2911,tg,414.13669158093654
2912,tg,301.6860382763549
2913,tg,78.35820219971029
2914,tg,167.34482255946216
2915,tg,241.50417364521377
2916,tg,248.84793572578178
2917,tg,131.64186463710428
2918,tg,218.46375587673157
2919,tg,239.3999005929259
2920,tg,192.13793954411966
2921,tg,222.2215851362985
2922,tg,227.65448936057697
2923,tg,230.50672944931642
2924,tg,218.4417884054088
2925,tg,199.78684657935884
2926,tg,163.6123098676453
2927,tg,193.6480178592155
2928,tg,119.76202457602562
2929,tg,182.6215568317485
2930,tg,235.77201627473613
2931,tg,218.28696910707203
2932,tg,183.40988210592334
2933,tg,226.06527482330023
2934,tg,241.67691548676123
2935,tg,212.98813929258097
2936,tg,229.65919345092783
2937,tg,248.49152683492423
2938,tg,229.23452802395303
2939,tg,257.3111739315309
2940,tg,156.42034720841718
2941,tg,247.29241374887312
2942,tg,294.92572781201227
2943,tg,313.80924709499675
2944,tg,197.05886121962016
2945,tg,233.80100474475333
2946,tg,240.97270780925908
2947,tg,206.13654481552138
2948,tg,238.48802292453502
2949,tg,282.2103857388336
2950,tg,127.0422025977249
2951,tg,274.9178615820525
2952,tg,293.0898767094933
2953,tg,312.8268498117378
2954,tg,288.2498926148346
2955,tg,198.10746005944094
2956,tg,316.34479272371584
2957,tg,271.41881667826397
2958,tg,326.43824100825117
2959,tg,424.79899202251437
2960,tg,267.61307257893793
2961,tg,321.6463928587467
2962,tg,430.1671188691001
2963,tg,267.6370430050172
2964,tg,315.13088508548617
2965,tg,303.98614567778856
2966,tg,243.292597640463
2967,tg,259.4332134526328
2968,tg,325.8466019893036
2969,tg,243.4270232176428
2970,tg,246.67865768730604
2971,tg,318.9587267181322
2972,tg,235.18382389871368
2973,tg,248.64843362831567
2974,tg,335.4005140909595
2975,tg,245.99032407655903
2976,tg,249.08195627729805
2977,tg,333.34976155050896
2978,tg,239.57465839542954
2979,tg,195.3309355623567
2980,tg,232.15959632801042
2981,tg,237.73360481302362
2982,tg,264.24261997175586
2983,tg,306.67316150841725
2984,tg,246.7862514744687
2985,tg,240.3225929163818
2986,tg,312.9155520938109
2987,tg,238.5534701215133
2988,tg,254.2808464531601
2989,tg,328.75813083945513
2990,tg,238.08747099183643
2991,tg,259.103194141002
2992,tg,328.7303626030583
2993,tg,246.17913507785738
2994,tg,259.570428859652
2995,tg,316.5403409364679
2996,tg,240.82640106863735
2997,tg,255.06223291978569
2998,tg,360.9922670146178
2999,tg,242.2463139041919
3000,tg,260.5690188615592
3001,tg,359.99037343798244
3002,tg,252.10481169393114
3003,tg,267.4111513283243
3004,tg,326.01074022973796
3005,tg,241.63605651034882
3006,tg,263.6079304317435
3007,tg,325.42500602546215
3008,tg,241.1119846989335
3009,tg,275.872386579317
3010,tg,260.71501345338766
3011,tg,215.50281647385344
3012,tg,196.02486834208207
3013,tg,301.9034499108319
3014,tg,227.7177775284021
3015,tg,257.90155134910583
3016,tg,359.10197196008164
3017,tg,246.5408765105991
3018,tg,219.14828517406124
3019,tg,321.0597222080912
3020,tg,241.87308799709967
3021,tg,252.90402315726948
3022,tg,300.9631797084579
3023,tg,235.59085291887163
3024,tg,230.75066722811724
3025,tg,326.39814289452227
3026,tg,173.2050032053087
3027,tg,224.8915173235983
3028,tg,220.69132119924114
3029,tg,185.26445563293558
3030,tg,224.46936859626885
3031,tg,183.90707985717248
3032,tg,207.88180123390833
3033,tg,217.25741134363756
3034,tg,229.03741906723494
3035,tg,207.85370133941876
3036,tg,149.2929123704248
3037,tg,151.4216102528946
3038,tg,156.23629078600302
3039,tg,172.02947686244522
3040,tg,210.59817856039922
3041,tg,170.2886181653377
3042,tg,159.94697744891903
3043,tg,172.9285889458134
3044,tg,201.19671212563168
3045,tg,196.04273886049387
3046,tg,202.42200669171405
3047,tg,163.96772540999945
3048,tg,150.57489770952563
3049,tg,270.56546690860165
3050,tg,212.15170408565126
3051,tg,191.88044930521323
3052,tg,227.19511038655628
3053,tg,207.5009797061811
3054,tg,235.19570506215558
3055,tg,292.10391572751183
3056,tg,227.1650855745085
3057,tg,239.14290458960875
3058,tg,238.75367455376414
3059,tg,224.31904293993443
3060,tg,230.24038849150227
3061,tg,269.22546416411114
3062,tg,214.2138955787533
3063,tg,218.28297620375875
3064,tg,266.702807679312
3065,tg,214.16610429789148
3066,tg,225.4788447873395
3067,tg,231.2394727289987
3068,tg,205.80625887679633
3069,tg,213.26093782855486
3070,tg,191.0555375912332
3071,tg,204.35050745792032
3072,tg,135.0420583586028
3073,tg,173.486850804736
3074,tg,204.5618321909296
3075,tg,236.57260639524452
3076,tg,240.86791035503563
3077,tg,223.52392192640724
3078,tg,243.15073902014467
3079,tg,269.6388662221307
3080,tg,239.05631581498974
3081,tg,201.88514328287658
3082,tg,251.3413347643165
3083,tg,214.0061280413667
3084,tg,180.33036843177106
3085,tg,227.27009763102728
3086,tg,205.6568371513423
3087,tg,160.04989225573337
3088,tg,191.23099772852157
3089,tg,212.66774456874106
3090,tg,214.7393265380391
3091,tg,238.1228023333689
3092,tg,255.00097371911644
3093,tg,305.111728213737
3094,tg,365.24568450821886
3095,tg,239.97670604109567
3096,tg,310.75866896366585
3097,tg,457.972579009469
3098,tg,250.48206717378278
3099,tg,218.7772638178211
3100,tg,285.01759186105136
3101,tg,216.25977729740964
3102,tg,227.5686029207427
3103,tg,297.30427560394196
3104,tg,230.8865039779664
3105,tg,285.3749762168877
3106,tg,313.72496692082757
3107,tg,230.7202912486771
3108,tg,250.02037959931224
3109,tg,319.9229803527852
3110,tg,227.7021830949409
3111,tg,239.84471262326304
3112,tg,367.3990949830393
3113,tg,229.77285463025873
3114,tg,248.08517413715163
3115,tg,312.62942870622646
3116,tg,234.44064314375817
3117,tg,251.91916770226396
3118,tg,320.7570159158671
3119,tg,241.08500984071947
3120,tg,269.1210373865797
3121,tg,221.96030359017442
3122,tg,181.13019443804606
3123,tg,247.53075886179545
3124,tg,315.13413663541553
3125,tg,236.11465160009288
3126,tg,260.71607996176454
3127,tg,224.767288606997
3128,tg,212.2445553454342
3129,tg,173.04036097463532
3130,tg,232.88873689037095
3131,tg,201.3503608659939
3132,tg,212.8144870170533
3133,tg,281.6990730093411
3134,tg,245.35919823526928
3135,tg,203.9813915099388
3136,tg,324.1890008539125
3137,tg,268.5717465539122
3138,tg,315.9750134595488
3139,tg,267.3114848198894
3140,tg,272.884095138433
3141,tg,339.3546199104626
3142,tg,262.2785927710213
3143,tg,241.70547710134076
3144,tg,240.34344835762874
3145,tg,325.6201770584223
3146,tg,232.33172037507128
3147,tg,244.860534035002
3148,tg,330.03156785379167
3149,tg,229.43076556529007
3150,tg,226.57781013556618
3151,tg,284.7563883521256
3152,tg,212.71344835454823
3153,tg,155.7920811052903
3154,tg,272.5310158347031
3155,tg,242.2264274248239
3156,tg,244.51057621920427
3157,tg,284.4170696076968
3158,tg,239.0488502563519
3159,tg,242.5593211065923
3160,tg,327.2531964763475
3161,tg,236.49928394433735
3162,tg,234.0851967116797
3163,tg,338.35591285275797
3164,tg,241.89041875822318
3165,tg,238.26774342302025
3166,tg,326.9445983756513
3167,tg,237.35027959185078
3168,tg,253.1486697739549
3169,tg,308.3061289015435
3170,tg,241.9796542944847
3171,tg,247.38965460106073
3172,tg,324.8817500694636
3173,tg,237.18037310184172
3174,tg,241.49590820529335
3175,tg,314.7973150813325
3176,tg,236.46130584116236
3177,tg,257.45446323381816
3178,tg,436.5001236479252
3179,tg,230.88723882825042
3180,tg,258.7148940484372
3181,tg,337.05693166217634
3182,tg,243.37453019558313
3183,tg,234.0658760019994
3184,tg,293.00280020238495
3185,tg,241.74928848508904
3186,tg,251.75045127952907
3187,tg,323.78150361056476
3188,tg,244.7378920747662
3189,tg,239.94665521664848
3190,tg,307.10128658451686
3191,tg,241.70530151764459
3192,tg,252.24377643481233
3193,tg,312.6372194198572
3194,tg,245.00832998549134
3195,tg,250.0030553412886
3196,tg,310.59821147775153
3197,tg,239.49504744695895
3198,tg,191.91722433491435
3199,tg,228.94870377896214
3200,tg,240.93872260939733
3201,tg,259.182649015076
3202,tg,318.12073727033624
3203,tg,234.04972230195034
3204,tg,241.62673756825126
3205,tg,316.42673178193587
3206,tg,236.59385852558285
3207,tg,252.83506428636753
3208,tg,303.4167602665576
3209,tg,237.17771983709935
3210,tg,241.49698771986988
3211,tg,297.27551889636663
3212,tg,234.82753856675345
3213,tg,263.6345411163654
3214,tg,310.3807478184756
3215,tg,239.7929999731864
3216,tg,227.2055543649294
3217,tg,261.88090220226053
3218,tg,254.26478379650905
3219,tg,296.8240867103733
3220,tg,309.0391583176196
3221,tg,232.77438638245505
3222,tg,252.7843271012697
3223,tg,329.68142795119786
3224,tg,249.2192432184157
3225,tg,271.0155204374249
3226,tg,288.5271067556125
3227,tg,232.45557841498066
3228,tg,260.6842798034553
3229,tg,316.5241352116199
3230,tg,247.36098243378356
3231,tg,260.95962105147396
3232,tg,396.6018631838539
3233,tg,236.81875522799731
3234,tg,242.0394047759867
3235,tg,333.00306829084036
3236,tg,236.35110431095632
3237,tg,237.3302110256867
3238,tg,312.4305769187462
3239,tg,234.78271269942724
3240,tg,242.49907638950106
3241,tg,293.38567670966756
3242,tg,236.86557754698018
3243,tg,252.4339270746816
3244,tg,325.3729422079931
3245,tg,236.1816660441371
3246,tg,249.1941607622606
3247,tg,298.3793680725872
3248,tg,231.321997066206
3249,tg,252.4182025792232
3250,tg,352.9597161063127
3251,tg,237.06869536796773
3252,tg,254.98227080392275
3253,tg,296.2708940177906
3254,tg,230.17585172850423
3255,tg,254.56736002673603
3256,tg,296.8364035815058
3257,tg,236.65729626470477
3258,tg,255.8423057602398
3259,tg,312.0438765887467
3260,tg,233.8881657921599
3261,tg,261.63976725949885
3262,tg,313.2055513289111
3263,tg,234.0569602520931
3264,tg,245.62516851639145
3265,tg,350.38624439921745
3266,tg,243.8959877608553
3267,tg,249.90113876030256
3268,tg,176.80312283544507
3269,tg,171.35161974557064
3270,tg,172.70036915937112
3271,tg,365.8718289750168
3272,tg,242.61381708340846
3273,tg,238.0678251271632
3274,tg,199.41339956687142
3275,tg,240.69960362759184
3276,tg,261.58445189210045
3277,tg,348.51720147501953
3278,tg,245.10389954101524
3279,tg,226.249923840689
3280,tg,344.01543059781363
3281,tg,246.70827930716254
3282,tg,255.99715757407589
3283,tg,346.8761572318687
3284,tg,231.8710277748791
3285,tg,246.2534590061428
3286,tg,298.0733451994351
3287,tg,227.5648701414238
3288,tg,256.71563305266807
3289,tg,304.85008249402085
3290,tg,233.95902356822063
3291,tg,244.29939455439188
3292,tg,307.7546660335232
3293,tg,229.09674034414627
3294,tg,233.55018668630197
3295,tg,238.5665933770282
3296,tg,230.3398599069414
3297,tg,225.40151642691936
3298,tg,267.20482097600654
3299,tg,194.3762544906957
3300,tg,164.15504882720512
3301,tg,277.4540575207576
3302,tg,200.94207674756325
3303,tg,218.16988729721544
3304,tg,357.9389575813463
3305,tg,235.57863359423706
3306,tg,255.3991715296662
3307,tg,353.4872605730526
3308,tg,239.38580187243215
3309,tg,252.8530128419776
3310,tg,353.79351755779965
3311,tg,238.95094608797874
3312,tg,220.54873423173862
3313,tg,274.1443958910549
3314,tg,199.50490468498361
3315,tg,142.09208029587685
3316,tg,178.71428308587804
3317,tg,243.84339068919786
3318,tg,249.13573691312973
3319,tg,315.7157998991798
3320,tg,230.40215960358802
3321,tg,219.00745404352057
3322,tg,297.12488109123905
3323,tg,215.2047078732294
3324,tg,185.51513712628991
3325,tg,318.1550996499897
3326,tg,243.6799938021474
3327,tg,263.2809935894457
3328,tg,329.19015777546997
3329,tg,240.20500386473626
3330,tg,271.0464231679536
3331,tg,314.02479884291415
3332,tg,213.10854418646537
3333,tg,190.95258051426975
3334,tg,282.46671192286533
3335,tg,221.68636050862543
3336,tg,226.13604155596292
3337,tg,332.78936342328274
3338,tg,238.60055906759035
3339,tg,252.84174947302228
3340,tg,351.6906881936804
3341,tg,243.06577602049035
3342,tg,266.5653451544982
3343,tg,311.4892402079953
3344,tg,239.2559674837526
3345,tg,404.79074861276285
3346,tg,267.48310162516134
3347,tg,240.00058542377693
3348,tg,232.24824008218476
3349,tg,317.0482720540339
3350,tg,237.7401144159822
3351,tg,251.71611491227497
3352,tg,321.71082557214703
3353,tg,236.82226690192104
3354,tg,253.74335224363637
3355,tg,328.5300151026106
3356,tg,242.51700543581154
3357,tg,254.13768721287005
3358,tg,313.5411893188199
3359,tg,238.1828194419651
3360,tg,249.89181331510514
3361,tg,365.1433517288419
3362,tg,232.7717786394117
3363,tg,266.5156094467786
3364,tg,351.7428300483477
3365,tg,211.89820675005808
3366,tg,201.75743540785083
3367,tg,259.39632787023413
3368,tg,201.62899268254105
3369,tg,162.06988188230218
3370,tg,212.24741670937203
3371,tg,239.38100258473642
3372,tg,270.77956196215075
3373,egc,3.6140611312614697
3374,tg,199.7624469486889
3375,tg,204.16977980974633
3376,tg,198.55980918251436
3377,tg,218.06029055529626
3378,tg,204.60540946308294
3379,tg,92.73497248254697
3380,tg,134.61079472393382
3381,tg,80.09588900986171
3382,tg,90.13926342548477
3383,egc,3.4739774221952944
3384,tg,165.5451449499074
3385,tg,149.92533679946757
3386,tg,39.95677323632256
3387,tg,127.63905385120923
3388,tg,91.51220437075973
3389,tg,86.55114556293114
3390,tg,156.17031439927376
3391,tg,150.41680328752247
3392,tg,89.0192020213164
3393,egc,2.967053074658615
3394,egc,4.365730130087056
3395,egc,4.165013043199153
3396,egc,3.349750071728796
3397,egc,3.1100023895744897
3398,egc,3.8323999579182066
3399,egc,3.6016475562830976
3400,egc,4.227837535057279
3401,egc,4.111960848672427
3402,tg,128.56834194369685
3403,tg,160.83270452700296
3404,tg,197.64508965948525
3405,tg,186.81228769426127
3406,egc,5.574998074395566
3407,tg,-0.12546642585212453
3408,tg,41.781777168277145
3409,tg,-8.679487905629117
3410,tg,63.12444366284038
3411,egc,4.850617187696988
3412,tg,0.662228047636404
3413,tg,-22.392262428940057
3414,tg,15.776654702098625
3415,tg,-22.60440655253157
3416,tg,-68.74488852140021
3417,tg,21.419472486717055
3418,tg,-68.74899848051092
3419,tg,-112.28986628085221
3420,tg,78.02829994387692
3421,tg,75.44819507492575
3422,tg,80.6252803569615
3423,tg,113.62992656423607
3424,tg,78.79905384223346
3425,tg,100.80205159955202
3426,tg,142.06478109555738
3427,tg,73.86302546576113
3428,tg,100.45573551967522
3429,tg,111.37539288661236
3430,egc,3.6356616939022874
3431,tg,159.49051186363505
3432,tg,123.3503245253753
3433,tg,133.81386747442085
3434,tg,88.0297553778106
3435,tg,130.35374199751178
3436,tg,68.8504295915521
3437,egb,2.422570089072381
3438,ei,7.221409425892151
3439,nc,2.200091610556199
3440,egc,3.6299700200486194
3441,eea,2.813186185220246
3442,egb,2.85603822258542
3443,eps,4.7955871846149565
3444,nc,2.0858565760546495
3445,eea,2.8057358742517406
3446,egb,2.050428583738394
3447,ei,6.0337736056493885
3448,eps,4.059900633596423
3449,nc,2.2168450511311466
3450,eea,3.4302130899054504
3451,egb,2.989052297204128
3452,ei,6.518243987103728
3453,eps,5.811211054507925
3454,tg,50.66739821295063
3455,tg,2.88369996557833
3456,tg,-10.00561303502107
3457,tg,30.24332058583245
3458,tg,-11.187408366148361
3459,tg,-38.62479305451319
3460,egc,3.803247105922248
3461,egc,3.8299452465598396
3462,egc,4.338536668104334
3463,tg,37.01523258032303
3464,tg,68.48685428465022
3465,egc,4.06065418460567
3466,egc,3.0961332049706574
3467,tg,58.67022995490136
3468,tg,50.013583056253765
3469,tg,66.63602004005676
3470,tg,51.141389652353894
3471,tg,4.380128274070728
3472,tg,57.073660411684386
3473,tg,54.73842326481385
3474,tg,6.808997052707269
3475,tg,149.40412513265886
3476,tg,129.5307243113656
3477,tg,59.82362624894559
3478,tg,76.2321372597958
3479,tg,37.01886781314407
3480,tg,29.289315836556753
3481,tg,51.19331690472585
3482,tg,99.50993117932136
3483,tg,5.763155527226559
3484,tg,33.74018044806853
3485,tg,3.0722248304829236
3486,tg,7.900594388793991
3487,tg,51.976810375705654
3488,tg,8.255078362093371
3489,tg,16.14911324340754
3490,tg,68.46708486107968
3491,tg,72.34541656102886
3492,tg,40.034381230036644
3493,tg,46.123539273459016
3494,tg,17.820331869902873
3495,tg,34.93736211346159
3496,tg,38.79671776802299
3497,tg,35.16160850589017
3498,tg,-97.19029270646735
3499,tg,54.605532419200685
3500,tg,90.77704193793001
3501,tg,53.72561098351564
3502,tg,17.982623229977335
3503,tg,-22.628780170802088
3504,tg,5.774288834184716
3505,tg,57.71730472020221
3506,tg,20.638073013891756
3507,tg,16.8779026383757
3508,tg,17.982376112182706
3509,tg,-32.802879899785324
3510,tg,9.75379576173603
3511,tg,-22.83049332222018
3512,tg,40.5515337432023
3513,tg,-72.59538695395403
3514,tg,31.22989285920069
3515,tg,5.8351708550621595
3516,tg,-49.47417467282696
3517,tg,-12.695165074594655
3518,tg,-47.710364910543035
3519,tg,-84.12881664020793
3520,tg,-22.830506328419887
3521,tg,-67.45878346853888
3522,tg,-107.16251020343617
3523,tg,-74.67502626397703
3524,tg,2.409181775086523
3525,tg,-5.111197994544739
3526,tg,-17.758426599803045
3527,tg,-52.63945447946611
3528,tg,-89.89105735063205
3529,tg,45.55001789071788
3530,tg,40.47546048105488
3531,tg,-3.7122641591344347
3532,tg,25.976896892513977
3533,tg,-20.618984153261835
3534,tg,-9.705976205930227
3535,tg,4.090011983173042
3536,tg,17.399893457836257
3537,tg,51.27785720288934
3538,tg,65.17383705542045
3539,tg,7.372256543871316
3540,egb,3.8004369435453556
3541,ei,6.814015708368749
3542,eea,3.3400521681945623
3543,ei,6.553528293984363
3544,eps,5.580568412499591
3545,egc,4.296319163572863
3546,eea,2.9850958539695247
3547,ei,4.836260201007109
3548,eps,4.091044994699474
3549,egc,3.886182083702084
3550,egc,4.154701867463257
3551,tg,36.39618299547094
3552,tg,59.818313216361005
3553,tg,-44.87117654322006
3554,egc,4.337007333949747
3555,tg,71.46097547094199
3556,tg,29.610803081172932
3557,eea,1.526624734157153
3558,egb,4.771941353911836
3559,egc,4.877126191618654
3560,ei,6.5796773768736605
3561,eps,4.171600035793268
3562,nc,1.8371330016603604
3563,egb,4.247047987363786
3564,nc,1.8539860070564744
3565,egb,3.3556080511007327
3566,ei,6.029004792731792
3567,eps,4.720204226624216
3568,nc,1.946627258780791
3569,ei,6.959586908034591
3570,nc,1.8481069324044148
3571,eea,2.422185619915749
3572,eps,4.567915618840794
3573,egc,4.52365959020279
3574,egc,4.389495705243185
3575,nc,1.861794653555979
3576,egb,3.3625432138496136
3577,ei,6.2651961854979845
3578,eps,4.29567131142805
3579,nc,1.8870229689133475
3580,tg,81.51683583829382
3581,tg,136.58452129810763
3582,tg,144.2471502804925
3583,tg,89.85179389622961
3584,tg,118.25601069834147
3585,tg,117.3484153212076
3586,tg,68.1766239058895
3587,tg,94.43252866347015
3588,tg,96.20894793638017
3589,tg,49.594165630864964
3590,tg,170.95253426189015
3591,tg,154.8715973971239
3592,tg,159.71433067724791
3593,tg,91.63353270482406
3594,tg,102.84434035553642
3595,tg,47.98840720754761
3596,tg,160.73724064685177
3597,tg,177.80288664687674
3598,tg,91.5822362531384
3599,tg,105.05535203735558
3600,tg,114.77975265645786
3601,tg,124.17831220558854
3602,tg,109.26818693628819
3603,tg,139.20367281082932
3604,tg,132.28605032868535
3605,eea,1.0213735123927081
3606,egb,4.168454036359893
3607,nc,1.8346651202230706
3608,egb,2.66568277647689
3609,ei,5.700450412124992
3610,nc,2.0326226411366877
3611,eea,2.4664579450009563
3612,ei,5.6634875481307425
3613,eps,4.341680309010279
3614,eea,2.9036426842718894
3615,ei,6.515867663008446
3616,nc,2.0203055255243654
3617,ei,6.241461607289928
3618,eps,5.4665790734105775
3619,nc,2.035453495636963
3620,egb,3.2450895900131544
3621,nc,2.0925691675355202
3622,eea,2.510873901272177
3623,ei,5.102763249904307
3624,nc,2.266961898475213
3625,ei,6.084061166480361
3626,eps,4.535758520790468
3627,egb,4.086664719881015
3628,ei,6.283405910433905
3629,eps,4.337969317539516
3630,nc,1.9127524061542756
3631,tg,103.7017643172602
3632,tg,111.32985818140153
3633,tg,71.84278546984775
3634,tg,109.57209630198622
3635,tg,106.05855924016244
3636,tg,82.07876869708669
3637,tg,112.83116381478797
3638,tg,95.97680678072308
3639,tg,37.512401067622804
3640,tg,142.07171096134434
3641,tg,112.80120728528873
3642,tg,71.27846597340672
3643,tg,95.13731186530981
3644,tg,82.14965248554685
3645,eea,3.564726054814435
3646,egc,3.7661646258401418
3647,eps,5.764131652601606
3648,nc,2.0254827558940556
3649,egc,3.918899323899244
3650,eea,2.8888740459654905
3651,egb,2.4608781803017417
3652,ei,6.280690934527089
3653,nc,2.2225498978709872
3654,egc,3.574311201908741
3655,egc,4.1058316880883945
3656,tg,66.38273730675894
3657,tg,88.27711378713713
3658,egc,4.528756126884403
3659,nc,1.9200513600564042
3660,egb,3.7773642449853853
3661,eps,4.638293798403605
3662,egb,2.226510366935657
3663,ei,5.560500511888606
3664,eps,3.875261968236873
3665,nc,2.1933549944137587
3666,eea,1.5152932795509653
3667,eps,4.454945655579396
3668,eea,3.7993236586363888
3669,ei,6.952520737897703
3670,eps,5.746811518840453
3671,egb,0.8325597549733939
3672,eps,6.37729534799577
3673,eea,2.289253447697534
3674,egb,3.8081660146665657
3675,ei,6.256468574758638
3676,eps,4.653986607696217
3677,nc,1.9445940884739434
3678,egb,2.476707050953329
3679,ei,6.092493365272841
3680,eps,5.392288690099396
3681,egc,3.829522434632737
3682,egc,5.438801599202353
3683,egc,4.34979853975314
3684,tg,188.12650889936185
3685,tg,12.329335454586356
3686,tg,46.296378661504335
3687,tg,4.079724079196552
3688,tg,-13.141043613308625
3689,tg,26.030105255558112
3690,tg,40.33038932940633
3691,tg,41.20188925077433
3692,tg,77.94025447488957
3693,egc,5.298020696776112
3694,egc,5.6454690968215
3695,egc,5.511868846694544
3696,egc,4.236676720535411
3697,egc,5.478913725132406
3698,egb,5.4258939434849545
3699,egc,5.406579843922972
3700,egc,5.166803466452733
3701,egc,5.949629350936609
3702,egc,5.567248843572446
3703,egc,5.475289516077143
3704,egc,5.657751813681613
3705,egc,5.6229319639342865
3706,egc,5.087333004088843
3707,egc,5.582378659205533
3708,egc,3.916880697219975
3709,egc,4.035938497724658
3710,egc,3.6672651445728963
3711,egc,3.86631548459828
3712,egc,3.927078003025464
3713,egc,3.5543016870457813
3714,egc,4.306785896896839
3715,egc,3.8361887677922226
3716,egc,3.482758562750969
3717,egc,3.9439680940243442
3718,egc,4.1758856236299
3719,egc,4.00676830702803
3720,egc,3.989424839384425
3721,egc,5.395918365678002
3722,egc,5.875761999521352
3723,egc,5.844856022621062
3724,egc,5.4080019912581925
3725,egc,5.947080702143349
3726,egc,4.739371406544669
3727,tg,34.25197440695058
3728,egc,5.933691953773696
3729,egc,4.924927190064778
3730,egc,5.45573510705547
3731,egc,5.747483749063982
3732,egc,5.8056697178776915
3733,egc,5.397499879507245
3734,egc,5.976844568081493
3735,egc,5.861135052942716
3736,egc,5.441877419272028
3737,egc,5.977685798841728
3738,egc,4.942641733943732
3739,egc,5.099443782728572
3740,egc,6.10725515157589
3741,egc,6.0031867746374195
3742,egc,5.010083250726847
3743,egc,4.681179023346412
3744,egc,4.459186018788579
3745,egc,4.8601815608254855
3746,egc,4.798315441110956
3747,egc,4.301344652766988
3748,egc,4.766927018369673
3749,egc,4.766152782292481
3750,ei,7.248917734521028
3751,eps,4.127381294415109
3752,nc,1.6831829422555251
3753,eea,1.5168694280677328
3754,egb,6.011310012742781
3755,egc,3.7412907408411633
3756,egc,3.87808005004513
3757,egc,3.7116494141837615
3758,egc,3.4441239184461443
3759,egc,3.984238698482616
3760,egc,3.7668537807729434
3761,egc,5.745964860191335
3762,egc,5.554755164731683
3763,egc,5.1038931456895416
3764,tg,166.7212045469593
3765,tg,45.22819898800891
3766,tg,94.71291306542923
3767,tg,91.53824928569395
3768,tg,14.79354207785525
3769,tg,65.74738445056101
3770,tg,87.4898094996401
3771,egc,5.292693789927091
3772,egc,6.074084581469047
3773,egb,5.465348597969899
3774,egc,5.327322446616632
3775,egc,6.0361284365073935
3776,eea,1.177528691106731
3777,egb,6.572996987180634
3778,eps,3.492811468746975
3779,nc,1.6472941955346319
3780,eea,1.7211452445765307
3781,egb,4.1318800969934335
3782,eps,4.17062229051365
3783,nc,1.7620709496685267
3784,eea,1.8507215927538296
3785,eps,4.125438127965236
3786,nc,1.8048443897683577
3787,egc,4.282100727998406
3788,egc,4.940394900053227
3789,egb,3.6972507615533328
3790,egc,4.977603658219453
3791,egc,5.884592866161965
3792,tg,114.77573048919524
3793,egc,6.039186871141356
3794,egc,5.6645683065318
3795,egc,5.078678422027541
3796,egc,5.836769551733173
3797,tg,120.27990218482553
3798,tg,73.22970807981898
3799,tg,142.32083658805746
3800,tg,210.92162323807287
3801,tg,189.96797868015872
3802,tg,216.32053575938977
3803,tg,261.4432826003672
3804,tg,200.66051853607968
3805,tg,207.60349457235412
3806,tg,231.03876105495885
3807,tg,197.80358320924222
3808,egc,4.22009435642213
3809,egc,4.395097939909776
3810,egc,4.421911749776899
3811,egc,3.3793791538051323
3812,egc,4.212527602571417
3813,egc,3.919886695136549
3814,egc,4.862545465996789
3815,egc,3.8378521146804188
3816,egb,4.740691461032712
3817,ei,7.193883204998182
3818,eps,4.2714962015664755
3819,nc,1.7227548015061624
3820,eea,1.6865225066926235
3821,egb,5.662941356082691
3822,eea,1.9975061646657586
3823,egc,4.727811306907598
3824,ei,6.684549757031916
3825,nc,1.856341448306365
3826,egb,6.070683166969408
3827,ei,8.594717763322745
3828,eps,3.4449382377010336
3829,nc,1.630244095295208
3830,egb,4.265718064936921
3831,eps,3.8845208955428063
3832,nc,1.7783663078675283
3833,egc,4.5219244524478395
3834,egc,4.076482876060344
3835,egc,4.160917254200214
3836,egc,3.86383436794105
3837,egc,4.0683793001469954
3838,egc,4.119499351190108
3839,egc,3.0618786622942094
3840,egc,3.9226117687142477
3841,egc,4.232853163157493
3842,tg,175.83473322928185
3843,tg,101.99238550079383
3844,tg,140.2084805890889
3845,tg,45.46727244811541
3846,tg,125.91987161170583
3847,tg,92.90234926671096
3848,tg,165.8269421503108
3849,tg,170.6020822105032
3850,tg,93.12824744650368
3851,tg,19.397021436851702
3852,tg,42.89439902620714
3853,tg,63.87628654680775
3854,tg,19.397034443051425
3855,tg,42.89441203240686
3856,tg,63.8762930499076
3857,tg,-4.722039492798615
3858,tg,24.69529198475489
3859,tg,229.35962165283559
3860,tg,157.5833412649654
3861,tg,157.810166136488
3862,tg,183.9627041218141
3863,tg,174.35270928697656
3864,tg,133.138092975276
3865,tg,100.1919892987047
3866,tg,166.07047023382052
3867,tg,211.04081205228368
3868,tg,275.6551570316359
3869,tg,176.42607960873576
3870,tg,173.23361034158728
3871,tg,168.3928166109961
3872,egc,4.459135048383141
3873,egc,4.7863874665889306
3874,egc,4.154165162238227
3875,egc,4.357091671615325
3876,egc,4.031881101562915
3877,egc,3.6403611828093005
3878,egc,4.377674134728569
3879,egc,4.061784798747426
3880,egc,3.3076504913926454
3881,egc,3.5561744536582345
3882,egc,3.0269739417101835
3883,egc,3.7972137521747973
3884,egc,4.383258084309884
3885,egc,4.384851316950967
3886,tg,187.75866105585277
3887,tg,183.3074062583495
3888,tg,202.73182737518366
3889,tg,186.56223375004333
3890,tg,181.04655807076296
3891,tg,201.01246630043414
3892,tg,215.7790226341533
3893,tg,131.3469474327359
3894,tg,131.50832510728023
3895,tg,249.9633409104513
3896,tg,133.38916140307194
3897,tg,115.67083991460035
3898,tg,118.10561350790863
3899,tg,144.347860130011
3900,tg,179.1266544025699
3901,tg,249.07092701993764
3902,tg,176.7248060038464
3903,tg,182.544521110822
3904,tg,206.86605605457385
3905,tg,181.3182380735611
3906,tg,192.37471090687615
3907,tg,197.86444246927013
3908,tg,179.94051734988997
3909,tg,189.59278233380928
3910,tg,243.49467496547317
3911,tg,166.8509267571663
3912,tg,155.5051789714978
3913,tg,94.80013264073452
3914,tg,162.0548418381039
3915,tg,152.77725539120777
3916,tg,137.17868148758166
3917,tg,112.26140447531512
3918,tg,157.6846563092145
3919,tg,218.45002132982995
3920,tg,167.68761883654045
3921,tg,183.60182760135362
3922,tg,214.66536028024592
3923,tg,193.52017341909274
3924,tg,198.83758909298
3925,tg,250.70991628353312
3926,eea,1.7382363988308083
3927,egc,4.351171486772647
3928,ei,5.9803323003326705
3929,nc,1.9084904704844814
3930,egc,4.362056288416939
3931,egc,4.30822708876177
3932,egc,4.6551588212314865
3933,egc,4.445430850162159
3934,egc,4.125221543026356
3935,egc,4.169699890277241
3936,egc,4.594298422100221
3937,egc,4.170555024712542
3938,egc,4.099062023750527
3939,eea,-0.0786635905198163
3940,egb,4.500783301171994
3941,ei,6.055970085115231
3942,eps,3.5835465828129487
3943,egb,4.331519254401709
3944,eps,3.688615353344633
3945,eea,1.1329577530572645
3946,eps,4.161002279844758
3947,eea,2.224860284117353
3948,egb,1.0897446724522504
3949,nc,2.2131448041903177
3950,egb,1.1387254018607247
3951,ei,4.964913703177229
3952,egb,2.682728145789385
3953,ei,5.257855754648125
3954,eps,4.71110970228512
3955,nc,2.0559055553135206
3956,ei,6.057011430561484
3957,nc,1.9792605384381878
3958,eea,2.5912530706736607
3959,ei,5.55750804020077
3960,eps,4.128490659878588
3961,nc,2.171230526403538
3962,eea,1.762390723069099
3963,egb,3.6329928610313935
3964,eps,4.454152429603855
3965,eea,1.8587294355739477
3966,egb,3.5842722960481215
3967,eps,4.5336129438856885
3968,nc,1.9609447265491646
3969,eea,2.6788927750807843
3970,nc,2.1080552931795693
3971,eps,3.5094533200446527
3972,nc,2.7220606135309584
3973,egc,2.7874908733650137
3974,egc,4.3958377439445995
3975,egb,-0.9382679209491389
3976,egc,3.7968221125208657
3977,egc,3.069157551652273
3978,egc,3.8757743767364516
3979,egc,3.9211594772767855
3980,egc,3.2333046666149823
3981,egc,3.6603020906302586
3982,eps,3.7478081158234353
3983,egb,3.931005932513334
3984,egc,3.9104919234763247
3985,egc,3.7844680312512597
3986,egc,4.301882035650131
3987,eea,3.1529780422306795
3988,ei,6.198427842891786
3989,eps,5.816885100541555
3990,nc,2.0753260981832193
3991,egb,3.7599256216947223
3992,nc,1.8712933479917127
3993,eea,2.2869216846465363
3994,ei,6.280574504803986
3995,eea,1.9768321167830742
3996,eps,4.869343148247227
3997,nc,2.030686866660496
3998,eea,2.381851141935526
3999,egb,2.335489069756942
4000,ei,5.6605174823772915
4001,eps,5.234551631875533
4002,nc,2.076247791975216
4003,egc,3.870522760040471
4004,egb,1.7535812104521962
4005,ei,5.519348923993854
4006,eps,3.9551437151971722
4007,nc,2.137058995694107
4008,eea,2.4584371347891305
4009,egb,1.6602295916408303
4010,eps,3.952366552140122
4011,ei,5.916872452948447
4012,eps,4.808429852071956
4013,egc,3.9757869932396575
4014,egc,3.3440034374654592
4015,egc,4.6792368551962396
4016,egc,3.989266314121163
4017,egc,3.43028585938044
4018,egc,3.784847753469421
4019,egc,2.9167330808035286
4020,eea,2.324764798370444
4021,egb,3.7067606793933385
4022,eps,4.710801909283945
4023,nc,2.0033959035995696
4024,egc,4.015555663344323
4025,egc,3.590131761466066
4026,egc,4.662972616515454
4027,egc,4.486579188369593
4028,egc,4.461822027059537
4029,egc,4.917227007668485
4030,egc,4.626555865426229
4031,eea,2.997588434566021
4032,egb,1.9415822038931192
4033,eps,5.490785710821767
4034,nc,2.0101021451041783
4035,eea,1.9359756600417346
4036,ei,6.355503444461833
4037,egc,3.029664104211332
4038,egc,3.3493898380232463
4039,egc,3.3182542985954977
4040,egc,4.117064408754607
4041,egc,3.7088032501116315
4042,egc,3.516361151588235
4043,egc,3.2649036307215367
4044,eps,4.009577676081621
4045,nc,1.843667043035225
4046,egc,3.71736847477218
4047,eea,0.45857617383696736
4048,egb,4.474321064668398
4049,eps,3.8063087067631303
4050,eea,0.69369115349092
4051,ei,5.954497228188142
4052,egb,2.8787738336710773
4053,ei,6.139091608012394
4054,eps,4.288443808148832
4055,nc,1.9690657287318174
4056,ei,5.961388176428695
4057,eps,4.904666067097175
4058,eea,1.4872026755133039
4059,egb,2.409107818384773
4060,ei,5.632215416997713
4061,eps,3.8764123488579694
4062,nc,1.9796712766541043
4063,ei,5.608830736476684
4064,nc,1.990275245853011
4065,egb,3.240052471806072
4066,eps,4.2133502711073465
4067,nc,1.9099846023575242
4068,tg,214.61446702075148
4069,tg,170.37029384801343
4070,tg,127.49157004951309
4071,tg,239.31485305297343
4072,tg,193.15987567451964
4073,tg,209.2491365071051
4074,tg,183.87873609643822
4075,tg,179.45300596588044
4076,tg,176.07277919961066
4077,tg,188.82727643703873
4078,tg,192.98336203505414
4079,tg,263.7370429763387
4080,tg,244.81799725882604
4081,tg,202.7386101083363
4082,tg,265.5288941052135
4083,tg,249.37041427773175
4084,tg,65.96251349698765
4085,tg,69.59788288311482
4086,tg,53.518610811912396
4087,tg,51.18747712105271
4088,tg,33.5826883756898
4089,tg,66.72988578341767
4090,tg,60.6031008042127
4091,tg,75.83293797186779
4092,tg,98.9110932288302
4093,tg,202.18384366558774
4094,tg,193.35950783398295
4095,tg,200.9803604964316
4096,tg,180.09402952515518
4097,tg,199.4841532933344
4098,tg,228.7834470053521
4099,tg,175.8288479239097
4100,tg,188.8266521394523
4101,tg,97.33393543869153
4102,tg,75.90491428110423
4103,tg,79.17832763219432
4104,tg,77.60013584917813
4105,tg,54.53929834713952
4106,tg,123.94362833788668
4107,tg,197.54357627069047
4108,tg,157.75473533906714
4109,tg,208.70306470886766
4110,tg,216.08287997505246
4111,tg,154.91431300854597
4112,tg,176.97782861314985
4113,tg,218.2315952117749
4114,tg,150.88420546099388
4115,tg,176.87010801553993
4116,tg,199.27790097821492
4117,tg,190.561425560867
4118,tg,109.52729969860937
4119,tg,269.39917496753753
4120,tg,352.19410615994445
4121,tg,137.87397219584628
4122,tg,261.53883914969134
4123,tg,181.00779309250504
4124,tg,190.3947901300869
4125,tg,278.09210266029703
4126,egc,4.137045485344366
4127,egb,3.0346702304112316
4128,egc,4.290463332883343
4129,eps,4.314101430118497
4130,egc,3.3931293509914333
4131,egc,4.523644072708297
4132,egc,3.8614560216416955
4133,egc,2.9407285339486524
4134,egc,4.001449625546441
4135,egc,4.057449142144215
4136,egc,3.7487663847270376
4137,egc,3.1856404382699592
4138,egc,3.430004981776606
4139,egc,3.9131507267641332
4140,egc,3.7336976050591093
4141,egc,3.284004242483104
4142,egc,3.7284638411492628
4143,egc,3.669392336755278
4144,egc,3.712778626274251
4145,tg,70.85005476091331
4146,egc,5.725483040991545
4147,tg,22.877285388248296
4148,egc,5.6305650114424095
4149,egc,5.6609283945023465
4150,egc,5.769853944380332
4151,egc,5.542917739353988
4152,egc,5.655149326119698
4153,egc,4.740924692408401
4154,egc,5.233511009397544
4155,tg,39.66548638745033
4156,tg,47.72158502034391
4157,eea,4.306663455363452
4158,egb,2.6318204777846352
4159,tg,36.00030028847088
4160,tg,-5.341602822539556
4161,tg,0.983897379048642
4162,tg,23.447034973071354
4163,tg,39.79361696396688
4164,tg,62.65745606198497
4165,tg,63.94650701908232
4166,tg,36.74399478831526
4167,egc,4.937080404122857
4168,ei,7.933868022423891
4169,eps,3.692733562079807
4170,nc,1.6871023861669838
4171,tg,137.11260877368574
4172,tg,82.12040154238227
4173,tg,69.03550781353157
4174,tg,39.38156755071803
4175,tg,17.494292455385576
4176,tg,-33.022801730807885
4177,tg,138.97728486632852
4178,egc,6.248347309383418
4179,tg,73.65136907465904
4180,tg,83.92905668129201
4181,tg,104.1384994975728
4182,tg,56.56272486198368
4183,tg,81.1314101158666
4184,tg,36.56108860168861
4185,egc,4.846995829479302
4186,tg,82.87964495398887
4187,tg,-3.9948368541959667
4188,tg,43.03612108142845
4189,tg,77.34031750052229
4190,tg,100.28965935548297
4191,tg,-12.254775152161471
4192,tg,54.88681750049021
4193,tg,89.07568794668933
4194,tg,28.721868349083678
4195,tg,32.66394343384813
4196,tg,-13.572680363331983
4197,tg,11.927391858517979
4198,tg,62.04591755746971
4199,tg,7.080436440810672
4200,tg,16.60909050261523
4201,tg,43.23122708339007
4202,tg,29.12343476536026
4203,egc,5.051965933731983
4204,tg,65.49118832852648
4205,tg,44.35556752726549
4206,tg,-3.903884499571774
4207,tg,44.35550249626691
4208,tg,34.32120640804662
4209,tg,3.177444986197173
4210,tg,26.01425069810253
4211,tg,-4.48332370318434
4212,tg,1.8709852307780181
4213,tg,37.431157841087696
4214,tg,-29.775712927945904
4215,tg,-31.444980624483634
4216,tg,60.321009338540705
4217,egc,5.871962440587621
4218,tg,15.216737804261953
4219,tg,31.067744567323103
4220,tg,-44.492305945450454
4221,egc,5.0483549974287145
4222,tg,34.63293249977485
4223,tg,-9.671925975069911
4224,tg,-37.83730668022011
4225,egc,5.997151317813069
4226,tg,-9.530210422948471
4227,tg,5.668093213491659
4228,egc,5.8963477574550724
4229,tg,-12.45553885100017
4230,tg,-14.596385336893576
4231,tg,138.63193652899943
4232,tg,44.87419624409908
4233,tg,-35.589484201650635
4234,tg,22.03276682819417
4235,tg,-49.37786376391918
4236,tg,-26.532226842405663
4237,egc,6.037696116764135
4238,egc,6.0301258811527765
4239,tg,-24.204403229374094
4240,tg,-4.38995219541269
4241,egc,6.0612954436912725
4242,tg,-25.254458763563235
4243,egc,6.307989074762758
4244,tg,89.56447393827119
4245,tg,28.680950844772553
4246,egc,5.651406410057158
4247,tg,-6.981632582112411
4248,egc,5.225118797863351
4249,tg,26.999392289501827
4250,egc,5.140951744165066
4251,tg,61.78782253027643
4252,tg,44.69962703149133
4253,egc,4.697240128166122
4254,tg,-2.4092250342409613
4255,tg,135.16615538743196
4256,tg,67.83782540944938
4257,tg,24.215038060187666
4258,tg,133.19822713966968
4259,tg,46.962374124236604
4260,tg,80.42408095043224
4261,tg,136.74200524161154
4262,tg,117.84324594410816
4263,tg,89.87160884149915
4264,egc,5.64409648863105
4265,tg,-13.660446199025415
4266,tg,37.70902229185151
4267,tg,56.58906241641154
4268,tg,33.7236235558282
4269,tg,-9.761070467933365
4270,tg,-47.63417459259816
4271,tg,-18.766823276297174
4272,tg,29.872279720292752
4273,tg,39.641132278479375
4274,tg,-12.305343256662951
4275,tg,-5.865934757949248
4276,tg,19.024849031936583
4277,tg,-52.151045667676044
4278,tg,-74.62223409932386
4279,tg,21.845568595660765
4280,tg,-12.248493157697936
4281,tg,-11.225750642915443
4282,tg,55.165813490629446
4283,tg,14.646767114043712
4284,tg,-6.643991637447158
4285,tg,43.29066541609886
4286,tg,-6.216399815535937
4287,tg,-2.8673554130887737
4288,tg,27.756470168855472
4289,tg,150.71519152144046
4290,tg,101.04048775587236
4291,tg,104.00627196814523
4292,tg,83.55040718891759
4293,tg,64.54579368346373
4294,tg,69.61844568486814
4295,tg,49.36993874773596
4296,tg,53.98051949177814
4297,tg,82.03054170853434
4298,tg,156.89299819636204
4299,tg,126.94806860149482
4300,tg,79.02311164476616
4301,tg,143.25194270339935
4302,tg,106.05460535544833
4303,tg,93.92288072754147
4304,tg,207.6067461222835
4305,tg,129.09897213131973
4306,tg,122.77181363926756
4307,tg,191.81575646781857
4308,tg,101.17610340032633
4309,tg,82.58654374025605
4310,tg,80.83088886519496
4311,tg,87.97546099709007
4312,tg,79.23076212635527
4313,tg,122.72415729772783
4314,tg,88.09280293094099
4315,tg,78.70812099690885
4316,tg,69.78186208121816
4317,tg,62.75173800373685
4318,tg,62.15028580710248
4319,tg,55.77335258873158
4320,tg,34.896659211445794
4321,tg,28.835412472617108
4322,tg,92.02203439348446
4323,tg,103.63392397953393
4324,tg,101.30167175549855
4325,tg,146.30573824338532
4326,tg,84.23501452344554
4327,tg,97.76062007817247
4328,egb,4.434768553686712
4329,ei,7.1649449733534745
4330,nc,1.8249396439279346
4331,egc,6.321913687126681
4332,egc,5.391134940635134
4333,tg,74.53663605842797
4334,tg,7.094170987712289
4335,tg,34.14313852771488
4336,tg,62.06379457898136
4337,tg,-35.96349048072591
4338,tg,-0.09514897431071745
4339,tg,55.92415297135568
4340,tg,65.25761649090047
4341,tg,57.96258213757393
4342,tg,56.47548577737882
4343,egc,6.610174679873341
4344,egc,5.736768992870863
4345,tg,107.94007510988939
4346,tg,97.95185023261828
4347,egc,5.84148315462294
4348,tg,69.69154052728025
4349,tg,17.76629111007682
4350,tg,35.018098098207716
4351,tg,53.957056307487846
4352,tg,-3.3674958170240075
4353,egb,8.049573273193014
4354,egc,6.205177590050164
4355,egc,5.408189211837387
4356,tg,57.91434864592172
4357,egb,6.439475320682473
4358,egc,6.672377899447513
4359,egc,6.809574411074476
4360,egc,4.773391923497124
4361,egc,5.000740775578883
4362,tg,60.7328636587938
4363,tg,86.19937988537271
4364,tg,94.53550199818322
4365,tg,234.60143228776525
4366,tg,115.53849858092526
4367,tg,124.616848744562
4368,tg,55.83322012603105
4369,tg,119.22230630635018
4370,tg,104.37935155549066
4371,tg,131.83865819347923
4372,tg,97.38182426605123
4373,tg,84.78847384312249
4374,tg,65.72708827590192
4375,tg,121.68645277594537
4376,tg,111.19122509861313
4377,tg,72.92908928264947
4378,tg,149.47801254036628
4379,tg,211.1274723610011
4380,tg,174.22156127212554
4381,tg,129.72354122217692
4382,tg,101.68103984040735
4383,tg,78.80817769133527
4384,tg,71.22222716582843
4385,tg,88.05303647530485
4386,tg,64.5143772080462
4387,tg,43.6703684106504
4388,tg,121.83473158159924
4389,tg,127.3026680048167
4390,tg,111.62999900073143
4391,tg,110.12128633660592
4392,tg,119.16310533678623
4393,tg,95.39054257380877
4394,tg,88.75530622904913
4395,tg,83.1590506394192
4396,tg,66.23540307635955
4397,eea,2.1666652368102457
4398,egb,3.9972317540149382
4399,egc,4.306029536973303
4400,ei,6.605835400292486
4401,eea,3.0471823396375015
4402,egb,2.9526224374506396
4403,ei,6.45153204940895
4404,nc,1.9966976469269895
4405,egc,4.90788553732393
4406,egc,4.217423074878044
4407,egc,4.25332717760523
4408,egc,4.228720617047837
4409,egc,4.361459692235284
4410,egc,4.245789656523436
4411,egc,3.9710174017692914
4412,egc,4.318938713707059
4413,tg,88.36536735531995
4414,tg,91.2957031702629
4415,tg,68.93214104127705
4416,tg,45.28032783647649
4417,tg,38.8007822054347
4418,tg,5.875164919193338
4419,tg,73.30057886207942
4420,tg,77.9244779546323
4421,tg,83.10036666629404
4422,tg,110.68509208815809
4423,tg,78.76890547128839
4424,tg,44.0654707456674
4425,tg,-7.707300489148395
4426,tg,137.44786673869652
4427,tg,238.61548368176614
4428,tg,39.680059834233745
4429,tg,48.300926677458605
4430,tg,-8.974052316830154
4431,tg,120.31321106230195
4432,tg,125.27202792645424
4433,tg,103.69061800410233
4434,tg,106.03102511536058
4435,tg,106.54571295367977
4436,tg,88.32590004227731
4437,tg,106.10172031392483
4438,tg,116.00824024457084
4439,tg,144.81132874095533
4440,tg,100.5306317207482
4441,tg,98.45224100589806
4442,tg,-57.5306439824125
4443,tg,94.5601812621471
4444,tg,99.42568026910158
4445,tg,130.2711526293059
4446,tg,98.4626199532726
4447,tg,92.51093744086378
4448,tg,104.1540126422858
4449,tg,70.51592549017175
4450,tg,74.27465217751917
4451,tg,98.07114634797676
4452,tg,86.04709029288097
4453,tg,82.79756933067185
4454,tg,58.88649704380329
4455,tg,116.13142521364485
4456,tg,105.92731367881355
4457,tg,168.11930761136267
4458,tg,59.37791679082794
4459,tg,-14.78148957127246
4460,egc,4.3767096870294795
4461,eea,1.9561168900076387
4462,egb,4.753904358339953
4463,nc,1.7615737149527562
4464,eea,2.188681170514339
4465,egb,4.192988449755342
4466,ei,7.024884853395298
4467,nc,1.8165819735692463
4468,eea,1.6628746036449908
4469,egb,4.169780008106792
4470,ei,6.3876403767889745
4471,eps,4.179710603892869
4472,eea,2.299781047752503
4473,egb,3.2553360114050136
4474,ei,6.117478681433725
4475,nc,1.9454108471540756
4476,eea,1.513321312125992
4477,eps,4.2248465459181395
4478,nc,1.8728050142190962
4479,eea,3.0062031381196928
4480,egb,2.6066689699400154
4481,ei,6.324701003189395
4482,eea,3.291753286506646
4483,egb,3.284496127052278
4484,ei,6.542896662515905
4485,eps,5.3396836531272305
4486,nc,2.0758388675370494
4487,tg,39.08960437946048
4488,tg,79.03440752922077
4489,tg,31.739566807528803
4490,tg,59.5771457581
4491,tg,101.98084249854459
4492,tg,23.12758970181082
4493,tg,41.423053173869874
4494,tg,57.23803276371365
4495,tg,2.9543756548430053
4496,tg,43.858503089563456
4497,tg,111.81025842571557
4498,tg,31.936610733248315
4499,egc,5.670050794336424
4500,egc,5.474298359301416
4501,tg,27.72092422502766
4502,egc,5.546552977879219
4503,egc,5.590561591220597
4504,egc,5.563669406687644
4505,egc,5.436559438816073
4506,tg,135.53109471952922
4507,tg,21.791306730439516
4508,tg,19.57142156886313
4509,egc,5.61560680688441
4510,tg,21.295198248416725
4511,egc,5.50275383099714
4512,egc,5.732192136714676
4513,tg,16.28903393996798
4514,tg,-12.455330751804695
4515,egc,5.1773733440149226
4516,egc,5.907244126022317
4517,egc,5.472522988516982
4518,egc,6.1236036301703045
4519,egc,6.189873733119793
4520,egc,5.444544214252058
4521,egc,6.11447627642175
4522,egc,4.496229886962978
4523,tg,14.159814996622003
4524,tg,148.67874986511654
4525,egc,5.901022570259785
4526,egc,4.856672950897191
4527,egb,6.080061587377817
4528,egc,5.485004609716848
4529,egc,6.18361684566533
4530,tg,101.22664549242836
4531,tg,158.11752377088612
4532,egc,6.059488199608033
4533,egc,4.46848077745842
4534,tg,35.72538824504292
4535,tg,35.21990879612369
4536,tg,12.681153156943651
4537,tg,-11.762360430858422
4538,tg,50.3957442225519
4539,tg,14.89653817341781
4540,tg,-5.581632238325284
4541,tg,32.28273172012938
4542,tg,5.043834645652709
4543,tg,67.91459450328169
4544,tg,87.59544585374532
4545,tg,55.28014448924577
4546,tg,21.752340156086007
4547,tg,58.72624765708446
4548,tg,18.142833598097013
4549,tg,8.234021324750785
4550,tg,46.30315489155714
4551,tg,10.446258840893307
4552,tg,9.943998426404164
4553,tg,93.38175453674663
4554,tg,66.64578119294471
4555,egc,5.340108593351704
4556,egc,5.624181752433743
4557,egc,5.667073117855444
4558,egc,5.099007884989644
4559,egb,5.705696890937986
4560,egc,5.478741179356473
4561,tg,71.22887333388405
4562,tg,22.334601705037272
4563,tg,18.58642304566071
4564,tg,52.81772621843804
4565,tg,17.477722556945537
4566,tg,48.05482336640482
4567,tg,54.912426707733886
4568,egb,5.92691625842855
4569,egc,5.533810762083848
4570,egc,5.617727175750625
4571,tg,88.49566346408946
4572,egc,5.408211083837153
4573,egc,5.777203123241916
4574,egb,6.525161405808749
4575,tg,36.37441712024376
4576,tg,111.73981359649588
4577,egc,4.957038183294062
4578,egc,5.597315926464612
4579,egc,5.881124845617852
4580,egc,5.201473436919612
4581,tg,39.55189023911802
4582,tg,42.642020223789686
4583,tg,2.1078021152335396
4584,tg,6.6157509373052505
4585,tg,267.80698201052553
4586,tg,21.385357224858154
4587,tg,97.68589620924573
4588,tg,65.28050089930333
4589,tg,98.0165073029637
4590,tg,133.11880640687
4591,tg,108.64226682643535
4592,tg,135.48939277879762
4593,tg,106.41366100794839
4594,tg,78.84946587233834
4595,tg,49.92187634204595
4596,tg,120.79744650975766
4597,tg,113.43962960461998
4598,tg,186.9165974159953
4599,tg,51.57900925424728
4600,egc,5.653873459466674
4601,tg,71.25749997946218
4602,egc,5.486522003068144
4603,egc,5.903812278400895
4604,egc,5.850781652096161
4605,egb,5.801375719451311
4606,egc,5.620797107204978
4607,eea,1.617792427002349
4608,egb,5.652969958915479
4609,ei,7.510078809223694
4610,nc,1.6839670555673643
4611,eea,1.6131363744734362
4612,ei,8.162215699838583
4613,eps,3.5602085668876233
4614,nc,1.6517455218776413
4615,egb,7.021507483388925
4616,egc,6.3177800661110535
4617,egb,7.1688563112055075
4618,egc,5.224093898387131
4619,egb,6.190387932486857
4620,ei,7.341787586413502
4621,eps,4.138560728763488
4622,egc,5.525906090510254
4623,egb,6.042768915777192
4624,ei,8.525583659864704
4625,eps,3.3955494672380473
4626,nc,1.6142548410347695
4627,eps,4.155186963001945
4628,nc,1.6285497953306756
4629,eea,0.6774888429969985
4630,nc,1.6385027691731466
4631,ei,7.458669360165623
4632,eps,3.5962687152638217
4633,tg,113.08224850033353
4634,tg,96.57737130422673
4635,egc,6.108351555666729
4636,egc,5.998790596154514
4637,egc,4.824826664947127
4638,egb,4.927080667457255
4639,egc,4.974373519040318
4640,egc,5.120790387149883
4641,egc,4.961614992715208
4642,egc,5.809504047682845
4643,egc,5.2844988937412145
4644,egc,5.2740177660242304
4645,egc,5.888779391245404
4646,egc,3.7848041964100583
4647,tg,138.09992118110665
4648,egb,6.2260815245583245
4649,egc,5.641853860894346
4650,egc,4.9185369207997764
4651,tg,77.3580579569369
4652,tg,108.2693498165864
4653,egc,5.872371091796927
4654,eea,1.7880233299620587
4655,egb,7.008434633794707
4656,egc,5.411582549784008
4657,eps,3.4067282821206115
4658,nc,1.6729760254949668
4659,egc,5.525913474646927
4660,egc,5.785253982027623
4661,egc,6.0539419652058015
4662,egc,5.270935216108475
4663,egc,5.838435188638439
4664,egc,6.679607249660807
4665,egc,5.416321576536752
4666,tg,129.05294806784454
4667,tg,86.2998202626908
4668,tg,16.864935457257403
4669,tg,57.12109402205397
4670,tg,66.54657640459979
4671,tg,103.72889524987082
4672,egc,5.113419616698785
4673,egc,6.0198255713142
4674,egc,5.3684576960912995
4675,egc,5.782041882574791
4676,egc,6.045982707102876
4677,egc,5.402111786945108
4678,egc,5.997520711586896
4679,egc,6.435884191343883
4680,egc,5.172219169882002
4681,egc,5.296931396411692
4682,egc,5.856005975527476
4683,egc,5.256668222825136
4684,egc,5.343302466138064
4685,egc,6.231027489671185
4686,egc,4.05049365927842
4687,tg,50.31662750967058
4688,eps,3.764928585971518
4689,tg,36.252256389397516
4690,tg,48.69326519503565
4691,tg,44.61190021439705
4692,tg,33.21870987659668
4693,tg,102.83998327863108
4694,tg,35.264227421660934
4695,tg,21.159790703158237
4696,tg,34.92897961774368
4697,tg,59.20302242322725
4698,tg,-43.18602827682733
4699,tg,69.89618007363478
4700,tg,99.38688602689433
4701,tg,39.98012586791526
4702,tg,41.31372956214476
4703,tg,29.80455643836393
4704,tg,16.014004840742558
4705,tg,5.451162808404149
4706,tg,30.071898873556336
4707,tg,47.94361385572067
4708,tg,58.79183141915975
4709,egb,6.089360519652688
4710,ei,7.3876148372061605
4711,eps,4.162969898892574
4712,nc,1.664506911298746
4713,tg,27.950210519846763
4714,eea,0.3546307497613381
4715,egb,5.382124522154833
4716,ei,6.367634100813744
4717,nc,1.7063297073280652
4718,tg,20.853858873404135
4719,tg,56.26247023840625
4720,tg,6.991174892149729
4721,egb,5.145888501780756
4722,ei,7.138968818716812
4723,eps,3.286060775516036
4724,nc,1.6437816552954132
4725,tg,54.0938685223158
4726,tg,39.49678297091515
4727,tg,-7.340434613717974
4728,tg,36.16317042443278
4729,tg,-48.91117530565728
4730,tg,-24.66311888720918
4731,tg,-97.44802356006855
4732,tg,-14.475765840713848
4733,tg,24.25665789928354
4734,tg,-1.1670159054260694
4735,tg,28.40990164266067
4736,tg,43.514651684533106
4737,tg,30.87496667511091
4738,tg,68.63810338116457
4739,egb,6.9837541580055085
4740,egc,6.454920308747165
4741,egc,5.247818662167628
4742,egc,6.082045615503577
4743,tg,39.294276441314295
4744,tg,109.23078110590077
4745,tg,51.214367438968566
4746,tg,-32.65981170289328
4747,tg,52.372406946311926
4748,tg,40.56373355853728
4749,tg,-20.05456711032292
4750,tg,71.97309458481699
4751,tg,108.21299720476057
4752,tg,51.768633143027984
4753,tg,-26.014658130849057
4754,tg,-34.53535772694991
4755,tg,-102.11163058035882
4756,tg,-17.570877199877287
4757,tg,-30.950810066218708
4758,tg,73.5425071830239
4759,tg,130.77065410368
4760,tg,76.80063174634613
4761,tg,101.61710461414624
4762,tg,147.5395774762383
4763,tg,83.02970398322907
4764,tg,42.12032204382278
4765,tg,87.15336512534884
4766,tg,91.09047834492108
4767,tg,44.54896321396427
4768,tg,101.01080435656718
4769,tg,128.51802908586484
4770,tg,81.25388949860593
4771,tg,101.12694972004411
4772,tg,103.41516620338611
4773,tg,63.975049124362286
4774,tg,83.66970005272614
4775,tg,111.26908346167178
4776,tg,99.2611746035252
4777,tg,116.8743328384063
4778,tg,146.62691496498326
4779,tg,101.60040465370902
4780,tg,118.13573261490433
4781,tg,151.41258557606562
4782,egc,4.995560523292396
4783,egc,4.633065764715592
4784,tg,83.40876967399444
4785,tg,69.25570927784803
4786,tg,94.13516466777993
4787,tg,101.94191494279023
4788,tg,104.51750015733958
4789,tg,140.24111273773627
4790,tg,135.59372200983123
4791,tg,105.47840469556542
4792,tg,118.07551716176242
4793,tg,142.6373436775131
4794,egc,4.756347349816135
4795,egc,4.105359243546438
4796,egc,4.818123411104276
4797,egc,4.488797137083056
4798,tg,158.04423220970327
4799,tg,171.6797141396433
4800,egc,4.482117905051913
4801,tg,125.03876010874663
4802,tg,211.16926778379317
4803,tg,103.39873937314294
4804,tg,130.54078090409865
4805,tg,173.2094870926613
4806,tg,107.16883347904343
4807,tg,28.534982265343487
4808,tg,12.052043276610107
4809,tg,38.347717741376826
4810,tg,58.45313046921751
4811,tg,40.664707190043785
4812,tg,4.595172780199221
4813,tg,83.41414773757762
4814,tg,145.053996383065
4815,tg,94.77010782868678
4816,tg,-45.863848724255774
4817,tg,-178.4263138069391
4818,tg,-318.2040722324813
4819,tg,-192.57128434686126
4820,tg,159.3858249621092
4821,tg,133.62977934939488
4822,tg,39.19797853860622
4823,tg,41.56153018226168
4824,tg,52.448597264256804
4825,tg,118.73158564256033
4826,tg,-148.62242506758298
4827,tg,49.534226559467044
4828,tg,102.71672352390871
4829,tg,-111.26042557321523
4830,tg,-116.57460270337288
4831,egc,6.099781844442127
4832,egc,4.899724664248801
4833,tg,35.87235179875037
4834,tg,11.521533396334632
4835,tg,-10.170258517244406
4836,tg,52.236921363855146
4837,tg,4.795624330244721
4838,tg,16.728409378823216
4839,tg,121.74957511472414
4840,tg,137.94861477602478
4841,tg,-24.488081451411603
4842,tg,75.10891534909608
4843,tg,146.41961199279285
4844,tg,2.1881023922891245
4845,tg,-4.445709773601465
4846,tg,33.612914783833176
4847,tg,181.9173101356472
4848,tg,23.66535704152865
4849,tg,-9.273390003327478
4850,tg,-30.370993682814344
4851,tg,3.30624538199919
4852,tg,41.226991216229024
4853,tg,-51.72441630454392
4854,tg,39.068033597229075
4855,tg,-58.94318230272728
4856,tg,-78.08322286273918
4857,tg,-75.0852938278646
4858,tg,-91.02995823509119
4859,tg,56.98162203938378
4860,tg,27.55064705832666
4861,tg,-53.73292470831214
4862,tg,-48.375319877297926
4863,tg,5.028006100596571
4864,tg,-4.40953953218721
4865,tg,-48.44941619708828
4866,tg,19.49971838982077
4867,tg,27.417697684814783
4868,tg,-19.531808925079048
4869,tg,49.87454678127412
4870,tg,46.57205807071563
4871,tg,14.545917041434535
4872,tg,-0.4620148497411378
4873,tg,194.99658518621996
4874,tg,60.03886584806983
4875,tg,48.648653930004755
4876,tg,95.34392835402139
4877,tg,224.50041439499444
4878,tg,-54.762157316753644
4879,tg,28.694191156084926
4880,tg,104.31198594405407
4881,tg,50.66274849655164
4882,tg,125.38421127634223
4883,tg,59.018607517433395
4884,tg,12.778491555629131
4885,tg,86.8275533193266
4886,tg,90.96340127058164
4887,tg,116.25331118852205
4888,tg,38.49868070149739
4889,tg,-4.097364726568713
4890,tg,51.63184694059946
4891,tg,85.82372181893331
4892,egc,3.9423640071697017
4893,egc,4.524874006117154
4894,egc,4.216671201518563
4895,egc,3.9942102740341086
4896,egc,4.276000963755939
4897,egc,4.324993659044022
4898,tg,120.349436580065
4899,tg,161.7789982256212
4900,tg,168.18249660691498
4901,tg,201.64202489465794
4902,tg,84.05993806904881
4903,tg,156.6349478779803
4904,tg,175.87566699134263
4905,tg,189.54778088278687
4906,tg,124.56064732980789
4907,tg,117.20129569310355
4908,tg,128.73872478577056
4909,tg,204.7846283920897
4910,tg,268.21079849935325
4911,tg,154.94143581228175
4912,tg,159.4598790117505
4913,tg,221.60673005085528
4914,tg,106.15297774701133
4915,tg,125.65457765296892
4916,tg,199.16043548546668
4917,tg,108.83261255930037
4918,tg,116.30601393555217
4919,tg,185.58211255173495
4920,tg,124.33006041501704
4921,tg,56.43563478144452
4922,tg,55.36358576353314
4923,tg,19.334318548013826
4924,tg,-8.628867776328747
4925,tg,190.945297042428
4926,tg,148.14340736875852
4927,tg,83.25690928609339
4928,tg,109.12660469771384
4929,tg,73.59038950728373
4930,tg,72.09863692758977
4931,tg,139.8477243759758
4932,tg,72.58796917955978
4933,tg,135.77305149153557
4934,tg,165.00146466664305
4935,tg,190.68446421019416
4936,tg,192.64566906559
4937,tg,153.86357627464662
4938,tg,149.66398168702636
4939,tg,170.70758199951138
4940,tg,274.638605467919
4941,tg,180.6940055181216
4942,tg,198.363357038882
4943,tg,106.50849246163833
4944,tg,137.2029587786855
4945,tg,188.30016442643944
4946,tg,138.5037441730342
4947,tg,149.89550179664695
4948,tg,173.87118075483704
4949,tg,230.98942203633067
4950,tg,169.664993649735
4951,tg,192.1501588687542
4952,tg,222.80456202623424
4953,tg,109.18824758127475
4954,tg,142.68403796671748
4955,tg,119.04687868456108
4956,tg,128.09889617109485
4957,tg,85.37187343454903
4958,tg,133.03399785583733
4959,tg,77.29990723800013
4960,tg,123.16417004036923
4961,tg,222.72774090760305
4962,tg,75.14857125203461
4963,tg,86.87239219285254
4964,tg,88.63045971796123
4965,tg,204.52434182024402
4966,tg,237.25604967489778
4967,tg,274.0871035812995
4968,tg,212.5282075550723
4969,tg,180.37858566567363
4970,tg,167.62753181962074
4971,tg,162.5221350846527
4972,tg,160.32769492704853
4973,tg,253.50328380925146
4974,tg,192.97499254553594
4975,tg,191.78341004912127
4976,tg,282.96204003290507
4977,tg,207.24664997380603
4978,tg,149.99714280877646
4979,tg,321.19014837885794
4980,tg,82.74293678875864
4981,tg,81.07588014617289
4982,tg,207.67745432704749
4983,tg,108.8274881166117
4984,tg,175.6426121501554
4985,tg,210.18945873427805
4986,tg,107.75807285414311
4987,tg,110.24845770589332
4988,tg,173.29981189814913
4989,tg,53.98471399118702
4990,tg,160.4982354692938
4991,tg,152.30136585953323
4992,tg,129.0817990703678
4993,tg,126.7650372301959
4994,tg,95.19885720237284
4995,tg,67.65431443453588
4996,tg,82.46569663558127
4997,tg,69.47580669256675
4998,tg,25.068283780252216
4999,tg,145.0526311385384
5000,tg,166.08790667031676
5001,tg,95.39498419101228
5002,tg,71.11990739265117
5003,tg,91.73498106262025
5004,tg,29.831622339975965
5005,tg,134.56679800183957
5006,tg,172.1434469390194
5007,tg,38.369041405813604
5008,tg,49.21200446456683
5009,tg,178.7189490600267
5010,tg,176.95713574939938
5011,tg,170.41352808164925
5012,tg,274.4566487338717
5013,tg,78.54907468366389
5014,tg,75.96863165352006
5015,tg,123.50772880590594
5016,tg,58.54584516390342
5017,tg,172.48005714235705
5018,tg,115.34789272406589
5019,tg,150.6131887743813
5020,tg,102.54731126948892
5021,tg,106.43579755986751
5022,tg,43.031113694537225
5023,tg,70.7211438124137
5024,tg,176.5140795560241
5025,tg,98.56407481416863
5026,tg,93.51974706419894
5027,tg,83.60808318156467
5028,tg,43.92514685691572
5029,tg,149.62080354262685
5030,tg,74.94514778535368
5031,tg,-19.756621087195327
5032,tg,84.22676208972482
5033,tg,60.47332494343188
5034,tg,184.45617884839413
5035,tg,178.2893802957584
5036,tg,207.49471722101717
5037,tg,131.28803747689065
5038,tg,144.56566276336704
5039,tg,263.63441105436823
5040,tg,152.87852572664534
5041,tg,214.85424281564275
5042,tg,246.74266769921553
5043,tg,104.8150950130748
5044,tg,101.95659894227126
5045,tg,98.35908084887183
5046,tg,80.07675038697747
5047,tg,172.55189688649645
5048,tg,184.57003512072077
5049,tg,157.75899161792466
5050,tg,245.64643365292952
5051,tg,191.8237195135956
5052,tg,113.15013761130875
5053,tg,174.59379870803926
5054,tg,208.9257893759293
5055,tg,127.44571506663421
5056,tg,128.38339866103948
5057,tg,188.23051947850237
5058,tg,213.80225586079553
5059,tg,192.78131722554326
5060,tg,284.6497245082427
5061,tg,185.9267573349481
5062,tg,236.71651999511823
5063,tg,150.87355175765032
5064,tg,103.6857862009073
5065,tg,172.00523005462196
5066,tg,159.37599552667274
5067,tg,160.4996807832374
5068,tg,193.66085497833666
5069,tg,237.38730824244638
5070,tg,193.05784203773618
5071,tg,212.71569842709934
5072,tg,263.5290608366568
5073,tg,174.499672840684
5074,tg,212.36882308063468
5075,tg,302.3173201920413
5076,tg,199.60861612153064
5077,egc,3.7808414854438848
5078,egc,4.180273202865035
5079,egc,3.7963719605940556
5080,egc,4.304855108729451
5081,egc,3.2246868182968775
5082,tg,96.77617757000797
5083,tg,115.085544669565
5084,tg,215.61863668233747
5085,tg,197.11932704210665
5086,tg,211.51255341913583
5087,tg,157.28595450842568
5088,tg,44.65443048747315
5089,tg,57.42435307776613
5090,tg,46.00952042363589
5091,tg,19.16305291013431
5092,tg,43.3582261205312
5093,tg,32.81031520546843
5094,tg,65.14777263118665
5095,tg,78.47462069338128
5096,tg,121.50860274945889
5097,tg,110.37449103270544
5098,tg,105.5226062653052
5099,tg,118.66935422846223
5100,tg,79.67124959528635
5101,tg,162.59797260943023
5102,tg,211.05447506508688
5103,tg,141.6531738930989
5104,tg,125.51583401748292
5105,tg,145.57930540922845
5106,tg,120.77512299371762
5107,tg,122.72468730036631
5108,tg,115.16091234537775
5109,tg,68.56757726319664
5110,tg,75.33013780009036
5111,tg,157.79237528104946
5112,tg,95.72822904017305
5113,tg,112.74375564958677
5114,tg,90.99466167160256
5115,tg,98.99839734443364
5116,tg,149.00776607359415
5117,tg,219.12109571355188
5118,tg,125.83429894643976
5119,tg,128.07566872417442
5120,tg,102.48923208465061
5121,tg,90.3145284697774
5122,tg,83.38570317879552
5123,tg,90.55828416178218
5124,tg,74.25714583269946
5125,tg,65.07597840874628
5126,tg,220.71716451807973
5127,tg,105.08666446317537
5128,tg,120.20152357377819
5129,tg,114.90592905146687
5130,tg,161.38652151717213
5131,tg,194.1928540684798
5132,tg,142.84903664855187
5133,tg,83.9668917162701
5134,tg,118.37483208741025
5135,tg,111.8072604966807
5136,tg,160.49600002871736
5137,tg,193.18417125559188
5138,tg,168.2216192556651
5139,tg,86.34306587675135
5140,tg,109.5961545199136
5141,tg,114.23959867909187
5142,tg,142.46077598103
5143,tg,170.12928734147394
5144,tg,169.72769003547302
5145,tg,124.14226877462153
5146,tg,87.6206778811972
5147,tg,287.04765153775145
5148,tg,194.56068890578914
5149,tg,195.702685265781
5150,tg,180.79592209910763
5151,tg,150.26464050547798
5152,tg,209.47926170180597
5153,tg,275.71274848398485
5154,tg,204.51395636976963
5155,tg,191.3844903944872
5156,tg,234.68106274553543
5157,tg,159.3228245564528
5158,tg,163.28291810515083
5159,tg,141.7972561671252
5160,tg,144.36571682933558
5161,tg,187.61095289721152
5162,tg,142.54715625000978
5163,tg,185.44822022874357
5164,tg,173.7796723851749
5165,tg,213.85156236392442
5166,tg,193.24411032698978
5167,tg,169.29237090515466
5168,tg,152.89624504798542
5169,tg,99.67747704408168
5170,tg,202.45287040364357
5171,tg,262.41939788916255
5172,tg,172.60523531153774
5173,tg,198.33153086817336
5174,tg,282.6293414441325
5175,tg,198.62869001621803
5176,tg,234.78569762226238
5177,tg,211.74643740555504
5178,eea,-0.11561768725485289
5179,ei,6.087064529075022
5180,eps,3.5610499318776476
5181,ei,5.224488387795814
5182,nc,1.937340706176316
5183,ei,6.015103283511833
5184,ei,5.260807596076115
5185,eps,4.43456767554027
5186,nc,2.0005586008913556
5187,ei,4.946013080488479
5188,nc,2.260565107802733
5189,egb,2.0495122294392902
5190,egc,4.191915112193538
5191,ei,5.846628787647825
5192,eps,4.062457918892769
5193,nc,2.0283133577985897
5194,egc,3.8205086937718566
5195,ei,6.170859275405951
5196,eps,4.032513528279443
5197,egb,2.885686234981126
5198,ei,5.7455106185344045
5199,eea,2.451456124615173
5200,eps,4.305454632847738
5201,nc,2.181055714867356
5202,egc,3.961974404771972
5203,egc,4.412494860757937
5204,egc,3.536910736599266
5205,egc,4.101467289434209
5206,egc,2.747702901687906
5207,egc,4.3525326098264685
5208,egc,4.105342652606445
5209,egc,4.389993772272047
5210,egc,4.278110606929962
5211,egc,3.9847383895541957
5212,egc,3.6558023472937595
5213,egc,2.9297398169379507
5214,egc,3.0297967382611954
5215,egc,3.417697775754362
5216,egc,4.125145271437428
5217,egc,4.40391586094369
5218,egc,4.202767479718519
5219,egc,4.722854202764024
5220,eea,2.153950585506268
5221,egc,4.113312472828914
5222,eps,3.9982794021072383
5223,nc,2.01430294558815
5224,eea,1.9059393203256847
5225,egb,3.753398631690912
5226,ei,6.486946922347337
5227,eps,4.28046450159499
5228,nc,1.8910092910554581
5229,egc,4.749616241888112
5230,egc,3.9331699157808355
5231,eea,1.5024131290231768
5232,egb,3.85590527269562
5233,ei,6.0084483153211625
5234,egb,1.8507591096857157
5235,eps,3.8956198319387574
5236,egb,1.6433844758160925
5237,egc,4.438484743514213
5238,egc,4.505099588963219
5239,egc,4.105475052981097
5240,egc,4.583332178802953
5241,egc,4.5637775419479505
5242,egc,3.767169429248201
5243,egc,3.8744082647168714
5244,egc,4.182323142022602
5245,egc,4.236290245103646
5246,egc,4.637082314450421
5247,egc,4.897477549948043
5248,egc,4.517761664384446
5249,egc,4.553282945775982
5250,egc,3.8926178261631805
5251,egc,3.694203970677999
5252,egc,4.666262880326425
5253,egc,4.624521623400972
5254,eea,1.3454485606944258
5255,egb,4.885812291895615
5256,nc,1.668255656621809
5257,eea,1.458873379079681
5258,egb,5.72473076087303
5259,ei,7.581091141621474
5260,eps,3.5018291304198703
5261,egc,4.465716796958061
5262,egc,4.291726557707443
5263,egc,4.506729096759897
5264,egc,3.846945865933606
5265,egc,4.5199816577560075
5266,egc,4.318704547777939
5267,egc,4.6718235091216656
5268,egc,4.890452805749655
5269,egc,3.85139008803993
5270,egc,4.828956103176475
5271,egc,5.327023529286495
5272,egc,4.479573217053483
5273,egc,4.52978556258066
5274,egc,4.266388243226251
5275,egb,2.7916331392880265
5276,egc,4.6525613226353295
5277,egc,4.252091246045796
5278,egc,4.0148381869759255
5279,eea,1.5929166142473181
5280,egb,4.075840240497256
5281,egc,4.766654786748652
5282,egc,4.099606066377188
5283,egc,5.34768107224509
5284,egc,4.602055738085647
5285,egc,5.1973424798013905
5286,egc,5.188475393503045
5287,egc,4.59852512763622
5288,egc,3.914357332084564
5289,eea,0.9212971884484675
5290,egb,3.4025880146553718
5291,ei,5.481108172794807
5292,eps,3.9254751498886433
5293,egc,4.736789061785958
5294,egc,4.6990782407447576
5295,egc,3.5555772732885518
5296,egc,4.148291595600179
5297,egc,4.164536836486296
5298,egc,2.003842171727543
5299,egc,4.08236686461281
5300,egc,4.427647004057452
5301,egc,4.435906289447767
5302,egc,3.438780327187044
5303,egc,3.771847887386208
5304,egc,3.066499449390098
5305,egc,3.5268800879543876
5306,egc,4.058650326199746
5307,egc,3.3430263946724876
5308,eea,1.632006734060178
5309,egb,3.8832123064878976
5310,ei,6.147292086379006
5311,eps,4.212563712540178
5312,nc,1.8304230273520263
5313,eea,1.8109395817533942
5314,egb,3.819553721726508
5315,ei,6.357504785117296
5316,eps,4.187197761158778
5317,nc,1.837460190326732
5318,egc,4.834334956024942
5319,egc,4.311846600945288
5320,egc,4.281571547115176
5321,egc,4.176883066268807
5322,egc,4.456754353647914
5323,egb,3.573824559754258
5324,egc,4.137435465904299
5325,egc,4.237023494548797
5326,egc,3.4843498909390815
5327,egc,4.554502216292859
5328,egc,4.459112288417572
5329,egc,3.6426737261691877
5330,eea,1.4604493956128184
5331,ei,5.685168753517815
5332,eps,3.946763972899414
5333,nc,1.9431619899049128
5334,eea,0.5242567717419533
5335,egb,4.505243629187526
5336,ei,6.035786644667877
5337,eps,3.838813251777628
5338,egc,3.9240950454847114
5339,egc,4.067458339404707
5340,egc,3.452013634806223
5341,egc,3.928769624614213
5342,egc,4.198390743013182
5343,egc,3.452673253192332
5344,egc,3.852017599452023
5345,egc,4.1390872458695425
5346,egc,2.936004929759846
5347,egc,3.51153931034065
5348,egc,4.113071366746023
5349,egc,3.802872664763859
5350,egc,2.9783039752562566
5351,egc,2.732682446053649
5352,egc,2.641091858041582
5353,egc,3.5007680982165112
5354,egc,4.0936915131071
5355,egc,3.834809523225774
5356,egc,4.05706329763552
5357,egc,4.274181965809578
5358,egc,4.013980926096203
5359,egc,3.9343925979557954
5360,egc,4.348090712788496
5361,egc,3.806490517853378
5362,egc,3.124451649522547
5363,egc,3.323952515355079
5364,egc,2.323245901098456
5365,egc,3.0089045853905803
5366,egc,4.297026311496926
5367,egc,3.9966643778369266
5368,egc,4.276073146028672
5369,egc,4.327684312263114
5370,tg,126.3044844466507
5371,tg,65.30500457957103
5372,tg,28.150519001695372
5373,tg,181.33766608438907
5374,tg,9.171052983395214
5375,tg,75.01264345878744
5376,tg,176.32639033945136
5377,tg,240.85312880905673
5378,tg,225.41590128380687
5379,tg,227.26354900946956
5380,tg,224.5966472667039
5381,tg,199.5595827485958
5382,tg,243.66807362010636
5383,tg,138.87247318657413
5384,tg,140.611300884307
5385,tg,200.1989935391056
5386,tg,167.15030183648784
5387,tg,171.27793312107136
5388,tg,127.9722109085219
5389,tg,232.54041785573764
5390,tg,158.23787176264673
5391,tg,163.97418786548405
5392,tg,262.8059551509652
5393,tg,109.60016693252643
5394,tg,100.5907788913416
5395,tg,140.81328675947543
5396,tg,203.56650024205166
5397,tg,180.84863947811243
5398,tg,207.38328010183795
5399,tg,238.99353488895355
5400,tg,118.52429608301338
5401,tg,92.96256471985288
5402,tg,75.17255468431361
5403,tg,116.47339722281602
5404,tg,137.79807573672628
5405,tg,71.02574250669676
5406,tg,97.59214101858242
5407,tg,115.97627100566532
5408,tg,82.01099989345886
5409,tg,91.80152728347463
5410,tg,102.10640435061696
5411,tg,168.181805652555
5412,tg,73.82280379313488
5413,tg,102.33926735035837
5414,tg,41.72190963097768
5415,tg,106.77666404206272
5416,tg,55.97087774384066
5417,tg,80.97937414426934
5418,tg,86.33720658377864
5419,tg,78.64107403736534
5420,tg,168.30228533208776
5421,tg,188.73610297701936
5422,tg,231.45146728129345
5423,tg,181.364598672454
5424,tg,187.97501918815271
5425,tg,258.7262614669903
5426,tg,199.72060600419783
5427,tg,-19.988768745952285
5428,tg,-49.65454465050871
5429,tg,-25.158277916652622
5430,tg,15.850191755301154
5431,tg,-23.03430047179276
5432,tg,-5.488924046739214
5433,tg,266.34528025527874
5434,tg,362.56591313083277
5435,tg,198.07985440054065
5436,tg,200.13280498874343
5437,tg,71.29297438919156
5438,tg,143.9406587777068
5439,tg,170.83507202069185
5440,tg,224.66386330684372
5441,tg,84.33814718410514
5442,tg,102.99677951932492
5443,tg,98.79353018958408
5444,tg,83.08057773342392
5445,tg,128.49137613109383
5446,tg,160.10893227357582
5447,tg,109.13663572924594
5448,tg,98.5404848194311
5449,tg,97.94553897420539
5450,tg,189.4338335670622
5451,tg,154.7300728735608
5452,tg,99.01622234114643
5453,tg,91.2512349734289
5454,tg,105.50046646183614
5455,tg,80.52474243314552
5456,tg,58.116842169322865
5457,tg,52.21408247715128
5458,tg,98.94167080436594
5459,tg,114.5021060595393
5460,tg,133.19881485731943
5461,tg,161.0894208970262
5462,tg,78.74170300457934
5463,tg,54.14182888377394
5464,tg,167.79869178212755
5465,tg,67.02381939393241
5466,tg,117.43344010031056
5467,tg,103.95254010556248
5468,tg,152.885537694068
5469,tg,161.13853068138437
5470,tg,233.90121751357634
5471,tg,129.88446205395616
5472,tg,155.69516865964556
5473,tg,248.1799893330919
5474,tg,113.08288905566963
5475,tg,146.75270401910691
5476,tg,174.68780751959707
5477,tg,117.09714529731605
5478,tg,147.14109352929475
5479,tg,140.87135049945158
5480,tg,112.96358968876122
5481,tg,125.19157320077699
5482,tg,170.54405017313886
5483,tg,57.8251326189598
5484,tg,69.64683821885134
5485,tg,156.86999510638677
5486,tg,118.96379345499098
5487,tg,114.63956208125329
5488,tg,137.10343980932868
5489,tg,108.21353696204883
5490,tg,144.63351610729305
5491,tg,122.1861460917653
5492,tg,113.22164569735534
5493,tg,173.50107633567697
5494,tg,104.7675606046574
5495,tg,151.66618208393163
5496,tg,63.79382073749919
5497,tg,83.34102037966619
5498,tg,69.87008963700156
5499,tg,72.43537394137468
5500,tg,113.88215579535678
5501,tg,82.65599684674729
5502,tg,66.43521081951903
5503,tg,104.9277612181273
5504,tg,89.72513302028112
5505,tg,58.41630991781739
5506,tg,110.69072702418569
5507,tg,39.82799885291999
5508,tg,58.9460589354094
5509,tg,84.57545830414992
5510,tg,-25.274007081738574
5511,tg,2.194124262758322
5512,tg,-15.247839868341714
5513,tg,32.031608015984645
5514,tg,49.243238853188316
5515,tg,95.58474464489004
5516,tg,28.418576777872218
5517,tg,80.00528782262988
5518,tg,185.0413537860821
5519,tg,189.7469708314598
5520,tg,81.56818431477835
5521,tg,203.14005946881542
5522,tg,184.19343410480187
5523,tg,145.77458902710498
5524,tg,220.6727483460446
5525,tg,153.73722917326631
5526,tg,203.5129342085153
5527,tg,270.8367762347079
5528,tg,281.2958157871012
5529,tg,190.29848572427898
5530,tg,229.44877915189875
5531,tg,190.9383582348787
5532,tg,189.18018340862238
5533,tg,191.38304020321868
5534,tg,161.79617453812307
5535,tg,185.15665699812735
5536,tg,168.19517440008957
5537,tg,135.93677028202904
5538,tg,180.74325999645163
5539,tg,225.82129802590026
5540,tg,159.8287104491132
5541,tg,166.00402968833885
5542,tg,240.86638212656882
5543,tg,195.12749908947603
5544,tg,106.57662869040817
5545,tg,168.74510253654324
5546,tg,211.7909121054889
5547,tg,103.71568745405774
5548,tg,113.74569149637125
5549,tg,150.551749112691
5550,tg,176.43506038964068
5551,tg,208.18433194243636
5552,tg,155.99616219794444
5553,tg,132.93851934371145
5554,tg,179.90623300743476
5555,tg,140.17216280859662
5556,tg,178.30423662738568
5557,tg,119.56583093061263
5558,tg,140.02446277883018
5559,tg,148.95059407118612
5560,tg,154.6101435188536
5561,tg,121.91833705915803
5562,tg,135.80464680219922
5563,tg,163.9644039517466
5564,tg,134.12983521303192
5565,tg,124.6446576253329
5566,tg,199.08682039506584
5567,tg,146.25020868013536
5568,tg,171.53363500751664
5569,tg,204.36744152995243
5570,tg,143.3841413753213
5571,tg,162.35294556140306
5572,tg,179.2402960726012
5573,tg,159.0521639145575
5574,tg,178.24981868776783
5575,tg,246.46374974627457
5576,tg,165.49365177945103
5577,tg,196.72217623063412
5578,tg,218.79871754425506
5579,tg,148.6585748106923
5580,tg,160.9699638299462
5581,tg,167.4719093884514
5582,tg,116.82374359883028
5583,tg,122.19452208438334
5584,tg,175.4746273261546
5585,tg,166.6669833261122
5586,tg,204.676481841439
5587,tg,170.3036630868609
5588,tg,104.24847341928378
5589,tg,103.36662056294068
5590,tg,172.51664033061235
5591,tg,174.24257278776912
5592,tg,259.4227044432611
5593,tg,297.19083553000627
5594,tg,207.10495393098418
5595,tg,229.9821503961121
5596,tg,278.0716439081415
5597,tg,204.30039457040894
5598,tg,232.37313861807155
5599,tg,223.206856789695
5600,tg,151.23740182052123
5601,tg,124.46617517238516
5602,tg,225.51297305539813
5603,tg,-31.34640663682498
5604,tg,96.01735035679233
5605,tg,212.376633303565
5606,tg,138.95982729475776
5607,tg,63.66649654536512
5608,tg,101.77885621693244
5609,tg,55.996064249593516
5610,tg,52.23518503619286
5611,tg,24.004857872753504
5612,tg,58.82484115404267
5613,tg,51.4182786381389
5614,tg,33.680508003764814
5615,tg,45.81194974682782
5616,tg,47.371653216945646
5617,tg,31.19667502512229
5618,tg,10.742370989860746
5619,tg,9.717144290932225
5620,tg,-6.769813613513861
5621,tg,67.48939582211848
5622,tg,47.32340021599387
5623,tg,48.33018412372303
5624,tg,46.65208521757715
5625,tg,42.42190980287124
5626,tg,31.358784298400707
5627,tg,22.9734532289592
5628,tg,36.023243224772486
5629,tg,8.714743472507848
5630,tg,-22.368357033859382
5631,tg,55.091444040645
5632,tg,36.12851540528561
5633,tg,27.85382157374066
5634,tg,32.63196118874289
5635,tg,12.58159069810651
5636,tg,-28.303515169527145
5637,tg,13.13118067336751
5638,tg,48.841802498908905
5639,tg,9.268885617669952
5640,tg,30.098106365987007
5641,tg,11.759273720970072
5642,tg,-17.94147585462659
5643,tg,-7.672482892504746
5644,tg,39.52347169273537
5645,tg,-1.442721327036793
5646,tg,15.261570174688046
5647,tg,11.432466940669457
5648,tg,-3.8784313667246977
5649,tg,13.058697122342096
5650,tg,-9.413141619291594
5651,tg,-52.58469837865562
5652,tg,35.504920153632256
5653,tg,12.735649133759807
5654,tg,3.1502100039888035
5655,tg,15.270895619885465
5656,tg,-15.887081578255163
5657,tg,-24.291479736482472
5658,tg,52.228031626348255
5659,tg,7.399972755469236
5660,tg,-6.474143675336819
5661,tg,21.275779992238554
5662,tg,-4.28406872351286
5663,tg,-12.60771138769445
5664,tg,4.189171249818969
5665,tg,-36.12219212967835
5666,tg,6.4364864865994775
5667,tg,30.335716628625292
5668,tg,23.456776616659738
5669,tg,41.270431923285344
5670,tg,18.93894308280275
5671,tg,26.17876611832868
5672,tg,20.818937227162763
5673,tg,11.816474987327467
5674,tg,6.562919754052928
5675,tg,29.656025637590545
5676,tg,136.20293646903448
5677,tg,179.7288609587879
5678,tg,-13.467265114621966
5679,tg,116.74133469164549
5680,tg,169.51859261416536
5681,tg,180.13540874955626
5682,tg,200.43499753607875
5683,tg,227.12494844218043
5684,tg,10.05146865466952
5685,tg,24.282995453711393
5686,tg,1.223289491048206
5687,tg,-38.736308210890684
5688,tg,35.260045928451774
5689,tg,-3.322130192409503
5690,tg,-26.836259767001025
5691,tg,64.84844795088902
5692,tg,71.01204047529441
5693,tg,159.05272643269527
5694,tg,228.8068906803428
5695,tg,302.90287230952106
5696,tg,251.8169584817843
5697,tg,235.64190225276263
5698,tg,139.936605493295
5699,tg,100.0248466261356
5700,tg,167.97343495265653
5701,tg,190.72084255080392
5702,tg,63.25390737482799
5703,tg,128.15197284636685
5704,tg,83.1846728528626
5705,tg,184.88825130610803
5706,tg,190.0823356911745
5707,tg,298.1340581397162
5708,tg,215.80682338604936
5709,tg,148.6448248189285
5710,tg,289.5166704549158
5711,tg,190.69984404136008
5712,tg,228.05394226939947
5713,tg,281.39226976420593
5714,tg,167.93576412094987
5715,tg,292.3325256999456
5716,tg,255.46350019346878
5717,tg,7.388670367914756
5718,tg,36.79353540303906
5719,tg,104.54626661956468
5720,tg,84.22618981693725
5721,tg,67.4845705220233
5722,tg,139.2498082398896
5723,tg,150.2402051077588
5724,tg,161.76945167502856
5725,tg,187.28062793988732
5726,tg,147.71332892403882
5727,tg,183.3239403897403
5728,tg,234.84545460686425
5729,tg,165.785364581364
5730,tg,76.71533708859903
5731,tg,238.9593350867965
5732,tg,138.27926001101702
5733,tg,142.2553333018429
5734,tg,186.0832316721989
5735,tg,129.86836037870594
5736,tg,175.07845848276077
5737,tg,190.47095118408242
5738,tg,180.49378157657117
5739,tg,180.09057637913017
5740,tg,266.93678921222914
5741,tg,180.42702075342143
5742,tg,166.29047497936625
5743,tg,197.43592070407914
5744,tg,148.44371889445972
5745,tg,207.94378878176178
5746,tg,203.88943767793634
5747,tg,209.29309746215012
5748,tg,146.96103407463127
5749,tg,195.0430173192113
5750,tg,192.03416307657403
5751,tg,207.34283732381652
5752,tg,209.81444447472464
5753,tg,202.81314863891708
5754,tg,171.14155661393394
5755,tg,243.93669716597094
5756,tg,149.03930366924655
5757,tg,167.9880799335384
5758,tg,293.4057322696318
5759,tg,131.29739056026244
5760,tg,196.7957848179351
5761,tg,116.29750462938702
5762,tg,154.09606209459622
5763,tg,179.0832592172126
5764,tg,58.67152407177325
5765,tg,44.79423412823613
5766,tg,129.94133816532062
5767,tg,110.76611746084794
5768,tg,11.309987557930128
5769,tg,82.82591634295605
5770,tg,129.75079571368485
5771,tg,60.121825892967664
5772,tg,171.94855228780318
5773,tg,174.44872105329085
5774,tg,139.5096960904252
5775,tg,153.7932655718615
5776,tg,175.00149754748261
5777,tg,161.65327542182732
5778,tg,170.3076446097494
5779,tg,172.79151660699108
5780,tg,102.11674427939234
5781,tg,176.73931767118114
5782,tg,27.856357782685564
5783,tg,141.53691472537446
5784,tg,96.01011890974942
5785,tg,158.47997078996252
5786,tg,-1.0909036246794699
5787,tg,24.27793604202131
5788,tg,33.690457746548674
5789,tg,52.480286869868394
5790,tg,77.87940496951143
5791,tg,137.06119648553386
5792,tg,-22.50593661447067
5793,tg,-6.678757209291916
5794,tg,67.60879923862463
5795,tg,17.772169912349113
5796,tg,171.6201327387376
5797,tg,240.85818822074683
5798,tg,155.4110604201299
5799,tg,196.4416650182278
5800,tg,220.04983591987644
5801,tg,205.27620421351097
5802,tg,251.14007032678867
5803,tg,241.87713942831166
5804,tg,195.52392155376438
5805,tg,210.707378613227
5806,tg,276.3399204405605
5807,tg,150.11602841595635
5808,tg,209.41438677761528
5809,tg,274.8764628483519
5810,tg,106.60044304209083
5811,tg,148.2330940575727
5812,tg,212.39853574388923
5813,tg,182.209123735608
5814,tg,150.01187232995647
5815,tg,233.43051013960175
5816,tg,178.22055798995348
5817,tg,209.83732238002764
5818,tg,255.38952092947585
5819,tg,179.63712823218066
5820,tg,185.6786738299873
5821,tg,115.00846017538953
5822,tg,176.17297245913414
5823,tg,152.53965163166936
5824,tg,69.60263664911156
5825,tg,-54.28463469412711
5826,tg,-8.43134262121967
5827,tg,-37.68687697428797
5828,tg,-20.36173452905018
5829,tg,8.614660765681975
5830,tg,274.3047883459706
5831,tg,163.19129105391627
5832,tg,182.31667200107165
5833,tg,153.76397642298525
5834,tg,188.89944783927092
5835,tg,159.50531942201337
5836,tg,194.49092365050467
5837,tg,158.96913396133618
5838,tg,140.71246473148437
5839,tg,180.45320223345269
5840,tg,189.1012260216876
5841,tg,209.7557995201986
5842,tg,175.29680331206757
5843,tg,170.58973770119636
5844,tg,212.88642430769056
5845,tg,257.46588267717004
5846,tg,214.00084752428143
5847,tg,209.32078115824874
5848,tg,220.26553073599078
5849,tg,136.41203714189209
5850,tg,140.47726630600621
5851,tg,255.7651399773161
5852,tg,166.62016425867927
5853,tg,103.58004254565442
5854,tg,99.06521344393218
5855,tg,124.40760012618261
5856,tg,105.17150390393235
5857,tg,187.68507197785138
5858,tg,141.27359770899463
5859,tg,155.44676487701676
5860,tg,191.6402995820801
5861,tg,146.36242942284755
5862,tg,175.3647411962917
5863,tg,216.9520257742716
5864,tg,195.9980625644644
5865,tg,196.74852028816184
5866,tg,213.64819092204237
5867,tg,136.40091115092127
5868,tg,175.9813196031975
5869,tg,221.00503723952613
5870,tg,186.86997344155816
5871,tg,183.5836449341486
5872,tg,166.468359147127
5873,tg,171.9331529473377
5874,tg,175.37256442542176
5875,tg,240.89106139053268
5876,tg,149.2955127974808
5877,tg,222.75417600852876
5878,tg,177.37265456642285
5879,tg,205.47445121270437
5880,tg,205.61764947159358
5881,tg,161.55737420821063
5882,tg,181.83591083471546
5883,tg,216.08044781570533
5884,tg,210.30298985161176
5885,tg,198.63575888576446
5886,tg,209.58449486371995
5887,tg,238.55769713642147
5888,tg,183.68100284213367
5889,tg,165.10226759177823
5890,tg,263.4524022955221
5891,tg,154.87859310679693
5892,tg,178.06535826027493
5893,tg,247.18961924940618
5894,tg,158.8969251662798
5895,tg,224.09341138723593
5896,tg,175.0741631853041
5897,tg,166.21279382577876
5898,tg,136.71984999328032
5899,tg,111.52820923019266
5900,tg,33.21169953494896
5901,tg,158.6284089215629
5902,tg,259.5212524185203
5903,tg,254.8830985310771
5904,tg,216.7855334116884
5905,tg,367.63034521401573
5906,tg,107.81534565459894
5907,tg,40.132402454207295
5908,tg,154.09542153926012
5909,tg,167.60434339129947
5910,tg,47.57551239131712
5911,tg,234.0935792073976
5912,tg,68.26989786716327
5913,tg,186.0851338289076
5914,tg,255.3680086751432
5915,tg,126.31803365520636
5916,tg,159.1788930730545
5917,tg,136.79287370803775
5918,tg,-17.29712270822418
5919,tg,-36.201660009952036
5920,tg,63.625474991456244
5921,tg,37.14787630814155
5922,tg,-8.466238255061626
5923,tg,228.57783199401877
5924,tg,136.60618312373705
5925,tg,151.4696624706382
5926,tg,271.11823039659373
5927,tg,191.3057963830967
5928,tg,204.33127779163806
5929,tg,187.58124998860677
5930,tg,205.54304591001423
5931,tg,158.1932117243669
5932,egc,3.935676503036084
5933,egc,3.919242499314378
5934,egc,2.027068366077474
5935,egc,4.546719791905991
5936,egc,3.421650719096708
5937,egc,4.532496942790983
5938,egc,4.072852918594886
5939,egc,4.107262341201301
5940,egc,3.8330540615693316
5941,egc,3.8118572429583844
5942,egc,4.260191854283962
5943,egc,3.832328359833502
5944,egc,4.419441685957158
5945,egc,4.106140419777401
5946,egc,3.7433454937080803
5947,tg,175.46561077820047
5948,tg,109.89510852351927
5949,tg,101.06842507286547
5950,tg,51.65428913821194
5951,tg,-102.77036858364875
5952,tg,140.7877206352683
5953,tg,106.36594451273496
5954,tg,50.92335372029039
5955,tg,136.9962093828706
5956,tg,108.04345813989354
5957,tg,80.12835898745635
5958,tg,69.06254770274417
5959,tg,136.322529288324
5960,tg,54.32373359302234
5961,tg,122.770781272165
5962,tg,162.19374805108637
5963,tg,139.0350665343483
5964,tg,214.3714851976299
5965,tg,150.49187182074172
5966,tg,92.7481315051111
5967,tg,97.66883857831627
5968,tg,239.65703316134008
5969,tg,170.3081047040644
5970,tg,165.47067145032523
5971,tg,147.58883154812457
5972,tg,109.45370736905804
5973,tg,106.43372957411243
5974,tg,114.84092081372907
5975,tg,189.1944024364635
5976,tg,184.54537861760642
5977,tg,268.0235222296215
5978,tg,199.52964897994607
5979,tg,244.97147691859192
5980,tg,260.1401654382754
5981,tg,150.38061678835857
5982,tg,158.81032013391118
5983,tg,260.4642279104356
5984,tg,122.598110964716
5985,tg,163.2976963995798
5986,tg,51.706125347185875
5987,tg,19.274268923918314
5988,tg,104.14974335722854
5989,tg,56.77349032840513
5990,tg,39.58238327435561
5991,tg,69.3514869325674
5992,tg,43.46200258807683
5993,tg,11.748413544206016
5994,tg,98.47052772270081
5995,tg,42.98786808047667
5996,tg,84.8284158824548
5997,egb,5.353738649232616
5998,egc,5.102016687008752
5999,tg,71.50295948362995
6000,tg,17.372528413630718
6001,tg,41.4967788169683
6002,tg,43.29730508105462
6003,tg,36.900641457712354
6004,tg,-88.92589328199878
6005,tg,71.72788219844385
6006,tg,43.062133480863366
6007,tg,0.38181438172796334
6008,tg,35.422259251327944
6009,tg,88.21792257222296
6010,tg,52.430095945158726
6011,tg,34.82099564458947
6012,tg,123.83884388986297
6013,egb,3.829449787965978
6014,ei,5.778430178759393
6015,tg,103.2340678785202
6016,tg,71.58221276160829
6017,tg,191.35148716270413
6018,tg,152.78682551553737
6019,tg,128.23803161834735
6020,tg,145.32808497147334
6021,tg,125.65227067829404
6022,tg,177.2167980236586
6023,tg,103.81147486342691
6024,tg,60.52057646700541
6025,tg,96.0003837692609
6026,tg,19.69322462921714
6027,tg,15.640752921250893
6028,tg,27.43719397819126
6029,tg,13.026922976432331
6030,tg,5.437402249103059
6031,tg,4.956302921554197
6032,tg,167.1576958610272
6033,tg,53.78834638785281
6034,tg,58.718717067448054
6035,tg,88.09221114885385
6036,tg,50.57595812583702
6037,tg,66.4763429261255
6038,tg,76.70495163812464
6039,tg,76.37324152053053
6040,tg,82.39641260968637
6041,tg,193.63235514320576
6042,tg,65.56961571282277
6043,tg,77.07263690413724
6044,tg,63.17590919512237
6045,tg,9.333305324870537
6046,tg,26.569810519033837
6047,tg,74.99037684487115
6048,tg,7.86620599674103
6049,tg,80.72849755791925
6050,tg,77.54638122574586
6051,tg,62.30483197524519
6052,tg,78.22980499609953
6053,tg,73.95514837835991
6054,tg,47.990754826596614
6055,tg,95.20974339153636
6056,tg,111.06805638728878
6057,tg,115.3043349612121
6058,tg,154.55775373350417
6059,tg,176.2493253545755
6060,tg,125.91332461592305
6061,egc,3.916300762080877
6062,egc,4.491215842012321
6063,egc,4.3982812155253095
6064,egc,4.458183855910406
6065,egc,4.605625670231234
6066,tg,189.95798341567587
6067,tg,262.04873420341465
6068,tg,258.65701645969455
6069,tg,227.63238532415716
6070,tg,296.2629992545621
6071,tg,378.9754451283608
6072,tg,234.15859719978516
6073,tg,245.028600147751
6074,tg,306.49566590087306
6075,tg,229.37374638572874
6076,tg,243.4153761657958
6077,tg,289.71242676686325
6078,tg,198.8045468425978
6079,tg,213.41756498865237
6080,tg,258.51238751883636
6081,tg,178.75733685849275
6082,egc,2.8646924896335073
6083,egc,2.4214035103052587
6084,egc,2.557541940576014
6085,egc,3.9241280404245296
6086,tg,387.71103315619354
6087,tg,287.2920510366422
6088,tg,287.64204787103904
6089,tg,361.45398710458767
6090,tg,286.6625769827166
6091,tg,288.63713920522224
6092,tg,414.70227918185003
6093,tg,271.50539894978306
6094,tg,298.1584707765859
6095,tg,184.7951041552815
6096,tg,143.19356478241127
6097,tg,155.72110627343213
6098,tg,351.4018074917559
6099,tg,277.37188435094265
6100,tg,115.94073156493737
6101,tg,86.53609738985804
6102,tg,24.8797459091479
6103,tg,95.6443910767943
6104,tg,88.96045301719263
6105,tg,155.83563480370665
6106,tg,100.52009669897706
6107,tg,78.61167352290401
6108,tg,38.511556839217675
6109,tg,74.99927958857775
6110,tg,195.6796415314316
6111,tg,150.56370993910616
6112,tg,46.50231882783061
6113,tg,167.55378016412288
6114,tg,81.40734964907224
6115,tg,118.36528878836758
6116,tg,74.77816769028107
6117,tg,82.61543050982853
6118,tg,117.45509542284013
6119,tg,209.1317425484553
6120,tg,264.43823321550644
6121,tg,301.7796048771223
6122,tg,322.866491448042
6123,tg,208.35131854060882
6124,tg,257.8635992583303
6125,tg,348.4199541197321
6126,tg,253.25959965134513
6127,tg,283.6505752397477
6128,tg,391.47726442077794
6129,tg,233.03767738643546
6130,tg,331.9084665226189
6131,tg,319.3493419142467
6132,tg,269.89547854255613
6133,tg,271.40206469302785
6134,tg,332.3404934586338
6135,tg,223.03315248936843
6136,tg,262.9498297322397
6137,tg,300.5551622171214
6138,tg,204.60968850279
6139,tg,225.09918731448698
6140,tg,282.3280918462766
6141,tg,177.82302999868915
6142,tg,241.97519316798162
6143,tg,259.6029573651454
6144,tg,205.98270748526326
6145,tg,241.67537425209468
6146,tg,279.03100721170074
6147,tg,204.0830869855296
6148,tg,231.94941614057626
6149,tg,286.55112685733764
6150,tg,172.83219999970729
6151,tg,230.3805953244565
6152,tg,307.5082115550771
6153,tg,204.93058396531904
6154,tg,227.6890858518254
6155,tg,284.6850233342759
6156,tg,204.02530044018494
6157,tg,254.13927396923555
6158,tg,237.32630916577148
6159,tg,110.11349562297515
6160,tg,327.63574782863714
6161,tg,304.7216332656112
6162,tg,283.52389485449964
6163,tg,276.84562749797476
6164,tg,375.87507926451156
6165,tg,272.72739644423706
6166,tg,373.70372023408095
6167,tg,393.9990364839963
6168,tg,62.1177898171084
6169,tg,193.45648205907634
6170,tg,97.16074488325384
6171,tg,20.14607449097967
6172,egc,3.548361663177675
6173,egc,3.7966475104030746
6174,egc,4.333350480467482
6175,egc,4.652510323020491
6176,egc,3.8370722937656807
6177,egc,4.066158077059637
6178,egc,3.748947249340488
6179,egc,3.869224600772301
6180,egc,4.210032815914333
6181,egc,3.807503453158786
6182,egc,2.8897121879642604
6183,egc,3.0804953794284726
6184,egb,-0.40140412354912325
6185,egc,3.223935318817734
6186,egc,2.5231585961231655
6187,egc,2.3708404942305488
6188,egc,2.862610163091671
6189,egb,4.2615316333934
6190,egc,4.203828131502049
6191,egc,4.760876372656595
6192,egc,4.117358185230098
6193,egc,3.9069890385907047
6194,egc,4.826073415668839
6195,egc,4.528755957469875
6196,egc,4.357996251725311
6197,egc,4.050431548407289
6198,egc,2.66501776944386
6199,egc,3.1536287102703833
6200,egc,3.655364533418099
6201,egc,4.0183849093311625
6202,egc,4.3846678702264335
6203,egc,5.073755305943432
6204,egc,3.4588555515193864
6205,egc,4.109193993966971
6206,egc,4.132778412415636
6207,egc,4.914275853323973
6208,egc,4.362265895081364
6209,egc,4.425516224960578
6210,egc,4.33028640257717
6211,egc,4.379954010293933
6212,egc,4.5536365577102345
6213,egc,4.107642577504928
6214,egc,4.685981329346343
6215,egc,4.807757391796318
6216,egc,4.705543309444857
6217,egc,4.616768028693285
6218,egc,4.483839244285643
6219,egc,4.279628724674413
6220,egc,4.210306916937044
6221,egc,5.146642062702509
6222,egc,4.724117988408629
6223,egc,4.333951002392685
6224,egc,3.390074187810427
6225,egc,4.334826162793583
6226,egc,4.785256034583935
6227,egc,3.5544802149071204
6228,egc,3.9230154192740336
6229,egc,4.1856320063803825
6230,egc,3.822271446094888
6231,egc,3.962321178785358
6232,egc,4.0700884941116255
6233,egc,3.5636540232876563
6234,egc,3.6741593110632786
6235,egc,4.977719514389155
6236,egc,4.494033722621078
6237,egc,4.217812471249949
6238,egc,4.289436260227659
6239,egc,4.046638532379472
6240,egc,4.0136231226128505
6241,egc,4.552548108799865
6242,tg,173.383230411587
6243,tg,126.86593770182898
6244,tg,203.7924374404435
6245,tg,107.3708555277048
6246,tg,124.84427352704654
6247,tg,102.58677533098162
6248,tg,144.52485743752848
6249,tg,103.9886615737278
6250,tg,73.86217355967963
6251,tg,51.54468589319289
6252,tg,170.98065691722923
6253,tg,72.47699378047055
6254,tg,161.31534021189344
6255,tg,161.76171461197166
6256,tg,79.56483286919809
6257,tg,114.02501914460329
6258,tg,146.5709944028543
6259,tg,124.18944063522179
6260,tg,225.03782406422002
6261,tg,193.43177678271303
6262,tg,160.4619758102565
6263,tg,207.78015128001653
6264,tg,169.25888806975703
6265,tg,129.80745071965413
6266,tg,245.86941194088564
6267,tg,235.9637731802705
6268,tg,238.18464030992556
6269,tg,242.94647665358195
6270,tg,236.1330553726931
6271,tg,239.43937440906836
6272,tg,255.44114253615447
6273,tg,194.08016185102784
6274,tg,226.17377254134328
6275,tg,257.2352697499798
6276,tg,226.9037975252846
6277,tg,247.60858145780486
6278,tg,276.7380922387108
6279,tg,367.6988358617279
6280,tg,253.3147719505466
6281,tg,260.5136124507628
6282,tg,389.8566919359824
6283,tg,258.5547877299153
6284,tg,276.5930210870623
6285,tg,353.6776193121174
6286,tg,263.5554244034841
6287,tg,262.64811191119406
6288,tg,394.64645909353203
6289,tg,257.8118085710554
6290,tg,273.1826914715465
6291,tg,334.3433961903238
6292,tg,262.5313422501307
6293,tg,251.25983141378703
6294,tg,313.1724765630296
6295,tg,277.5043394888653
6296,tg,227.71036399456318
6297,tg,342.08891327706425
6298,tg,257.7413149685867
6299,tg,274.17450524340086
6300,tg,257.18847344339633
6301,tg,262.651246405326
6302,tg,275.2062610545875
6303,tg,284.6530671015701
6304,tg,258.93205856511963
6305,tg,216.6859969652507
6306,tg,288.189387773749
6307,tg,247.345726161515
6308,tg,249.7342301993284
6309,tg,386.21134029157207
6310,tg,250.98915288836713
6311,tg,254.52035562095716
6312,tg,391.3763623233699
6313,tg,280.4281722039495
6314,tg,234.5042174479771
6315,tg,337.03071116354596
6316,tg,256.40071393890923
6317,tg,247.05321022676947
6318,tg,319.95913758799975
6319,tg,258.4451584724968
6320,tg,271.43668719667573
6321,tg,329.71709095082315
6322,tg,243.52265130106542
6323,tg,299.4459024618184
6324,tg,343.8340331303542
6325,tg,246.63208898921766
6326,tg,255.20294699452887
6327,tg,351.31530325743506
6328,tg,249.79850033523223
6329,tg,316.05874737332977
6330,tg,266.34171655655615
6331,tg,254.15082347458468
6332,tg,217.10423732956505
6333,tg,262.915844532378
6334,tg,257.4273973322061
6335,tg,214.4949595546476
6336,tg,384.43409512498
6337,tg,244.2816020731784
6338,tg,276.37603865717585
6339,tg,326.963028160651
6340,tg,289.8871780662671
6341,tg,296.2300675568775
6342,tg,317.8531477173492
6343,tg,251.8950867234871
6344,tg,248.45535659350998
6345,tg,346.7643559390974
6346,tg,267.06501733524357
6347,tg,286.01707929073905
6348,tg,390.3070706197986
6349,tg,254.52493380325768
6350,tg,271.77532961871924
6351,tg,371.7841612301804
6352,tg,258.0660277507328
6353,tg,285.92283636758634
6354,tg,354.5181189564588
6355,tg,261.56649033029066
6356,tg,282.7175494906163
6357,tg,358.3892582279642
6358,tg,256.1823398456531
6359,tg,280.5957961059081
6360,tg,381.3982400117293
6361,tg,259.4243042058264
6362,tg,283.25001030084934
6363,tg,367.89231608872484
6364,tg,193.87349984061726
6365,tg,256.7509578911007
6366,tg,366.3774059704339
6367,tg,257.16618081708066
6368,tg,299.27553425171936
6369,tg,355.15101364091015
6370,tg,238.08961701478978
6371,tg,232.2840201376075
6372,tg,297.64013469924595
6373,tg,245.84343205695
6374,tg,269.0385260555721
6375,tg,318.48210152328613
6376,tg,249.71069548093965
6377,tg,256.8876920687304
6378,tg,326.32076901240305
6379,tg,236.08155082181196
6380,tg,247.73275814960732
6381,tg,329.46270269054935
6382,tg,254.7873729011566
6383,tg,288.79751865393825
6384,tg,366.31713524094323
6385,tg,247.64486875501657
6386,tg,301.97654475324407
6387,tg,308.45346313194295
6388,tg,250.34202942142488
6389,tg,278.7422565717734
6390,tg,387.04209829232514
6391,tg,254.4222238440889
6392,tg,263.97261126562137
6393,tg,336.6636371889201
6394,tg,253.57353029392547
6395,tg,250.56630182625292
6396,tg,281.13775144193494
6397,tg,235.55697176860764
6398,tg,171.09280287429303
6399,tg,267.5548698352023
6400,tg,239.42861828190203
6401,tg,284.8583569579105
6402,tg,386.5053064175861
6403,tg,262.2484704124757
6404,tg,282.74867332654014
6405,tg,377.51310606932793
6406,tg,265.9918888027556
6407,tg,280.24542209171943
6408,tg,385.58246452283345
6409,tg,262.7944316580155
6410,tg,290.4396814302647
6411,tg,376.63791889033996
6412,tg,253.28713377614702
6413,tg,198.8357682250196
6414,tg,234.0721970150621
6415,tg,248.09835592056527
6416,tg,273.53185590916144
6417,tg,312.6816616042918
6418,tg,251.72767092072394
6419,tg,273.3654025651773
6420,tg,315.8686357520596
6421,tg,249.5645838333137
6422,tg,269.7690192627033
6423,tg,219.6000295088478
6424,tg,253.40342220782082
6425,tg,281.6408832718052
6426,tg,374.477719179267
6427,tg,257.32251533768454
6428,tg,243.9827456160706
6429,tg,262.173788813698
6430,tg,252.54110466345332
6431,tg,245.84674213477814
6432,tg,289.68879450197664
6433,tg,247.20315220021217
6434,tg,257.1861193212475
6435,tg,326.16911672369747
6436,tg,249.46292737632203
6437,tg,251.3155759857761
6438,tg,245.37521537022133
6439,tg,250.9868377848174
6440,tg,264.59745511244756
6441,tg,351.32789325876155
6442,tg,257.58252227623626
6443,tg,256.8024234233827
6444,tg,383.0807740319788
6445,tg,261.97916404112596
6446,tg,307.92891009113805
6447,tg,364.6778858533534
6448,tg,252.7542957861221
6449,tg,275.6465339212233
6450,tg,377.89530625422515
6451,tg,235.08026203346344
6452,tg,239.0216217772434
6453,tg,343.67207993147235
6454,tg,256.3719442251342
6455,tg,282.7564380277715
6456,tg,386.4237575453576
6457,tg,245.36961620124293
6458,tg,281.73394263078364
6459,tg,375.566129996423
6460,tg,255.91374881528782
6461,tg,261.36372367669543
6462,tg,357.73811584530927
6463,tg,255.14131061406783
6464,tg,231.65689370273086
6465,tg,348.5225470231034
6466,tg,247.7733179834262
6467,tg,260.5462450058539
6468,tg,326.27414178641595
6469,tg,250.07609165580197
6470,tg,273.0160820531658
6471,tg,383.762793132763
6472,tg,289.10494619665985
6473,tg,255.6107173680707
6474,tg,313.96249914626753
6475,tg,250.52315375869023
6476,tg,289.79958131116996
6477,tg,298.4695400552284
6478,tg,256.006912223864
6479,tg,276.8397747081019
6480,tg,351.68116765548723
6481,tg,255.8228484854625
6482,tg,291.7047424519833
6483,tg,363.6978687046428
6484,tg,255.04914868286994
6485,tg,318.7737915643496
6486,tg,384.04385710865733
6487,tg,263.80342661969667
6488,tg,281.1080062631811
6489,tg,184.04405790104684
6490,tg,184.30729688022836
6491,tg,187.71514231159816
6492,tg,272.7173686642549
6493,tg,165.77052775903633
6494,tg,156.5988036489655
6495,tg,186.6446800500523
6496,tg,177.01758856568614
6497,tg,207.36472025484113
6498,tg,240.80051222809976
6499,tg,249.1830989894009
6500,tg,211.9285242015995
6501,tg,296.9286955747009
6502,tg,249.08672304949448
6503,tg,208.25549536419044
6504,tg,398.6143644909354
6505,tg,249.20360976635533
6506,tg,213.7680690648382
6507,tg,114.606523082421
6508,tg,178.8664198555231
6509,tg,147.19728681517404
6510,tg,217.75829960405656
6511,tg,177.04147445146725
6512,tg,152.2228173550021
6513,tg,150.4588214414847
6514,tg,259.63859435237123
6515,tg,287.8325106597016
6516,tg,376.8071555610636
6517,tg,256.9103488686382
6518,tg,248.25753229580738
6519,tg,309.52499190186563
6520,tg,246.14429146881432
6521,tg,251.16502922404646
6522,tg,317.0303625170229
6523,tg,255.26307465582272
6524,tg,204.5554006251693
6525,tg,209.50389544407085
6526,tg,192.39940968013963
6527,tg,198.06231554022165
6528,tg,216.41555905452554
6529,tg,277.649033460722
6530,tg,279.89954822263303
6531,tg,349.81968133332515
6532,tg,246.76847199945496
6533,tg,259.2382765312675
6534,tg,368.8960045209212
6535,tg,248.1005409621178
6536,tg,313.03758926575983
6537,tg,348.47441107794907
6538,tg,248.07628439964475
6539,tg,272.20571777356975
6540,tg,327.13460594732373
6541,tg,189.29092144456678
6542,tg,281.3975502812912
6543,tg,330.99038489696284
6544,tg,251.2551296725892
6545,tg,277.34238628998344
6546,tg,374.47155424060094
6547,tg,251.41308996815775
6548,tg,277.7530830584617
6549,tg,358.57381620195497
6550,tg,251.87063506801826
6551,tg,259.9631640663205
6552,tg,259.18765640196716
6553,tg,260.71076042608007
6554,tg,280.5719687480257
6555,tg,338.9858681360732
6556,tg,254.06610108962514
6557,tg,279.6623671645854
6558,tg,361.94192769318795
6559,tg,256.9292858954268
6560,tg,278.80429614442573
6561,tg,340.2014145554673
6562,tg,239.1241431465163
6563,tg,236.7581398342141
6564,tg,246.98094127803938
6565,tg,235.578913227531
6566,tg,172.10519245410043
6567,tg,255.9190943633717
6568,tg,226.23209884397625
6569,tg,250.73693016034628
6570,tg,370.1983152986305
6571,tg,248.28651661187774
6572,tg,231.864726271116
6573,tg,333.1955600466588
6574,tg,282.1211241901727
6575,tg,240.76124651115273
6576,tg,360.68792194122926
6577,tg,248.16001831342572
6578,tg,295.7168169036271
6579,tg,363.3483661058352
6580,tg,255.83686916875791
6581,tg,296.4002796925799
6582,tg,356.2871702172289
6583,tg,250.83743556866295
6584,tg,300.095770236901
6585,tg,343.42415575245815
6586,tg,246.60564738519207
6587,tg,325.7690720327878
6588,tg,333.87430158511415
6589,tg,252.3451532585101
6590,tg,275.2913606193389
6591,tg,336.8562720129354
6592,tg,255.97529415235084
6593,tg,280.3370117501298
6594,tg,330.7163442689159
6595,tg,247.80497507353851
6596,tg,271.17120464804293
6597,tg,244.7412931959923
6598,tg,252.27635046200473
6599,tg,278.88538979966404
6600,tg,372.4799929150646
6601,tg,256.45548304591944
6602,tg,278.5710819772919
6603,tg,358.62132784952286
6604,tg,254.47955517244347
6605,tg,262.23646569013647
6606,tg,298.11595350970947
6607,tg,247.85650563681907
6608,tg,284.8770858855037
6609,tg,306.1171074518967
6610,tg,262.54753496877896
6611,tg,317.9415768692282
6612,tg,306.9878465105812
6613,tg,263.34002872996325
6614,tg,320.5914599996635
6615,tg,397.39838886695054
6616,tg,285.1087002900722
6617,tg,320.2560301089502
6618,tg,382.0952162421886
6619,tg,283.97416948871813
6620,tg,260.2883710840558
6621,tg,366.8812921598878
6622,tg,303.3082495423148
6623,tg,368.63369548501953
6624,tg,313.20330125635996
6625,tg,249.81712521322763
6626,tg,308.62994425590915
6627,tg,341.1269617397612
6628,tg,248.97607930849807
6629,tg,274.91661298687967
6630,tg,337.3196959150682
6631,tg,248.67177325370864
6632,tg,196.49737707471755
6633,tg,330.5024573145623
6634,tg,255.64411728894515
6635,tg,277.1949480099863
6636,tg,336.14567829137195
6637,tg,284.8086212501909
6638,tg,274.3061670031407
6639,tg,359.52051146698943
6640,tg,249.7711482972264
6641,tg,258.17275662561434
6642,tg,275.30162251091593
6643,tg,245.15399942232688
6644,tg,344.5020575602424
6645,tg,514.0211839230988
6646,tg,190.9986809891683
6647,tg,255.35407903524577
6648,tg,355.26103308432016
6649,tg,282.53383691960715
6650,tg,265.55962775514587
6651,tg,326.5649864244978
6652,tg,249.54702546369515
6653,tg,298.22742964748784
6654,tg,362.795056357455
6655,tg,256.1935641960092
6656,tg,260.88712449424884
6657,tg,375.3786586336955
6658,tg,247.65549482018574
6659,tg,281.1724259703817
6660,tg,376.62371612024856
6661,tg,254.8876246885788
6662,tg,280.8609274871485
6663,tg,389.6834493557458
6664,tg,257.4778353747104
6665,tg,212.67747320612972
6666,tg,351.0070953427304
6667,tg,258.3185040996482
6668,tg,279.4413268003872
6669,tg,301.47676852290095
6670,tg,267.6948295503619
6671,tg,254.60057786081444
6672,tg,295.4100916956902
6673,tg,253.74832061192842
6674,tg,276.7787496190276
6675,tg,315.93647608978597
6676,tg,266.66482957613704
6677,tg,288.4905203158073
6678,tg,380.18364304491456
6679,tg,260.39819543447004
6680,tg,288.57056046886856
6681,tg,379.15493068446176
6682,tg,259.4314966342701
6683,tg,299.5515518221233
6684,tg,367.2812067888002
6685,tg,259.6876667439052
6686,tg,226.09813498688638
6687,tg,255.7534474037701
6688,tg,198.9676705994542
6689,tg,206.69879632620732
6690,tg,247.57384189835952
6691,tg,189.8355885732347
6692,tg,225.58452666314372
6693,tg,287.9898206452842
6694,tg,211.73692337046174
6695,tg,245.44550087349447
6696,tg,343.34951317227967
6697,tg,211.5018102981692
6698,tg,246.51905861057307
6699,tg,260.5215072139913
6700,tg,270.7544860090955
6701,tg,266.48538303863523
6702,tg,333.0827832889087
6703,tg,209.9902882949047
6704,tg,244.13689509512193
6705,tg,318.450574495171
6706,tg,184.15437648705034
6707,tg,149.20346223186795
6708,tg,264.2098963732667
6709,tg,164.80829008533945
6710,tg,200.46229104618584
6711,tg,261.77855641668384
6712,tg,159.43101337725255
6713,tg,185.37741447748172
6714,tg,264.6077300102244
6715,tg,152.9757438179834
6716,egc,4.151553724915724
6717,egc,3.475997778071126
6718,egc,3.465469214286273
6719,egc,3.9744494363308833
6720,egc,2.7262021650973023
6721,egc,4.099578118821931
6722,tg,136.03726430992094
6723,tg,182.1195695474534
6724,egc,4.1161098455169505
6725,egc,3.4683551966143873
6726,egc,4.300046820644114
6727,egc,3.895852825786708
6728,egc,4.070454990312834
6729,egc,3.7125533633706764
6730,egc,4.2786539017959475
6731,egc,3.7681648856478125
6732,nc,1.915054514620115
6733,egc,4.3556908821944065
6734,egc,4.365888433358867
6735,egc,4.008739170494135
6736,egc,4.486220593311462
6737,egc,4.3520698628057755
6738,egc,4.4599153074389
6739,egc,4.4306840106745495
6740,egc,4.698221552369303
6741,egc,4.5550350191418625
6742,egc,4.5047548683707515
6743,egc,3.927327054065536
6744,ei,5.935867910782872
6745,egc,4.215506844676312
6746,egc,4.000061548057011
6747,egc,3.9092954129250166
6748,egc,4.273620070396783
6749,egc,3.7633787499724956
6750,egc,4.099984853894505
6751,eea,1.1643866190639933
6752,egc,3.1633871740292827
6753,egc,3.0305711379110347
6754,egc,2.7142682785924337
6755,egc,3.858461099930131
6756,egc,3.188661952220556
6757,egc,4.02109283114836
6758,egc,3.8024765385458723
6759,egc,3.9367285555718428
6760,egc,3.9727440279046746
6761,egc,3.4157253700318635
6762,egc,3.8225270400408724
6763,egc,3.9144858534507114
6764,egc,3.494738530007482
6765,egc,2.8112863005293707
6766,egb,4.408255162913201
6767,egb,3.6844855451881
6768,eea,0.9855676732439955
6769,ei,4.901819840191977
6770,eps,4.095351390628417
6771,nc,1.981579528719371
6772,eea,2.334437853911062
6773,eea,1.2944322020440253
6774,nc,2.0445161747413287
6775,eea,0.4330100207020209
6776,egb,3.899658271588656
6777,ei,5.820012971669918
6778,egc,3.753706605836604
6779,egc,1.9305548956565093
6780,egc,2.9322715476459216
6781,egc,2.725542827121447
6782,egc,2.611520540477449
6783,egc,3.3704200462086247
6784,egc,3.876552655394796
6785,egc,2.0675999857466296
6786,egc,2.8471943290001036
6787,egc,3.6130565147935796
6788,egc,3.5982439366271852
6789,egc,3.114622522379787
6790,egc,3.1746308774304204
6791,egc,2.8360154938375888
6792,ei,4.868705866358054
6793,eps,3.817114472811476
6794,eea,1.1802280203200066
6795,egb,4.172519776258518
6796,nc,1.7045728057191039
6797,egb,2.8512807280647188
6798,eps,4.132993165643034
6799,nc,1.9380207579365611
6800,eea,1.5525672386147895
6801,ei,7.271181306965876
6802,nc,1.704796507313778
6803,egc,3.4762030383766236
6804,egc,2.8895431940515373
6805,egc,2.93724191285773
6806,egc,2.8590134342412425
6807,eea,1.8646994511374173
6808,egb,1.3147057610300301
6809,eps,4.074086857198269
6810,nc,2.1370643563370506
6811,egc,3.640910506495734
6812,egc,2.373415595057714
6813,egc,3.0112890072454253
6814,egc,3.1684244638215726
6815,egc,2.8846520914713594
6816,egc,3.225998390522169
6817,egc,3.5978684672978667
6818,egc,2.887302716126777
6819,egc,3.526627905666486
6820,egc,3.527290702035467
6821,egc,3.4704939790872436
6822,egc,3.5372130188524435
6823,egc,3.58066043780666
6824,egc,1.7675866253991428
6825,egc,3.1450441373023494
6826,egc,2.891423251330579
6827,egc,3.04287189449745
6828,egc,3.245424838998201
6829,egc,3.655571102304779
6830,egc,2.5696418299509025
6831,ei,4.767774933465117
6832,egc,3.048649093478409
6833,egc,2.2691560717965014
6834,egc,3.0753874262523233
6835,egc,2.9082689907743777
6836,egc,4.058695425515504
6837,egc,4.069500473810221
6838,egc,3.690312343711066
6839,egc,3.232499608777437
6840,egc,3.869417709966817
6841,egc,4.069502296476868
6842,egc,3.738045085628006
6843,egc,3.2364458222737014
6844,egc,3.474318027183105
6845,egc,3.2933658322633415
6846,egc,3.751703635396484
6847,eea,1.8755053139306008
6848,egb,4.542230495550367
6849,ei,7.255949640429568
6850,eps,3.937967362711924
6851,nc,1.7576306814057259
6852,eea,2.210557275810775
6853,ei,7.258122579180349
6854,eps,4.202665040065128
6855,egc,2.883718886148005
6856,egc,2.4513376787373065
6857,egc,2.2593948039350673
6858,egc,2.897559749316243
6859,egc,1.9518851428130386
6860,egc,3.0543646022036177
6861,egc,3.279024062912426
6862,eea,2.6040247966489014
6863,ei,4.17613568840226
6864,egc,5.192097873361745
6865,egc,2.621635125258182
6866,egc,3.0922816766699617
6867,nc,1.670438925808149
6868,eps,3.866972667948041
6869,eea,1.6541900807507255
6870,egb,4.760751659576243
6871,ei,6.795594753670841
6872,eps,4.032290259758491
6873,nc,1.7853563617365742
6874,eea,1.8108620743663173
6875,ei,6.713165630317024
6876,nc,1.8030503986847883
6877,eea,0.9729134786918148
6878,egb,6.027444806567068
6879,nc,1.6434608587045936
6880,eea,1.4121152083037134
6881,ei,7.356060353852642
6882,eps,3.649952535650306
6883,egb,5.635220400218177
6884,nc,1.678732710494059
6885,eea,2.1855940733943258
6886,ei,6.177266826534272
6887,eps,3.9933410206335913
6888,eea,1.3044310179319245
6889,ei,6.318742202671007
6890,egc,3.1332102637878645
6891,egc,3.7014443503612613
6892,egc,2.683220694514172
6893,egc,2.805985798979212
6894,egc,3.106963490188182
6895,egc,2.928234574697636
6896,egc,4.469073120751231
6897,egc,2.6903492839764067
6898,egb,4.520073532131191
6899,nc,1.7919897083203165
6900,eea,1.4217820193688082
6901,ei,7.682892972587952
6902,eps,3.5005861559612304
6903,nc,1.6698134706877275
6904,egc,3.3679057009363658
6905,egc,4.247149342474708
6906,egc,3.592292883289111
6907,egc,2.922937811950856
6908,egc,2.9298162754670476
6909,egc,3.215839500921397
6910,egc,2.512516279245512
6911,egc,3.8593560292538944
6912,egc,2.878055159849594
6913,egc,2.832990054143444
6914,egc,2.7454269051310467
6915,egc,3.809928394295249
6916,egc,2.9736419678531165
6917,egc,2.496446715383157
6918,egc,2.780009340863818
6919,egc,2.6285765876113065
6920,egc,2.8084111607310547
6921,egc,3.95245027051484
6922,egc,2.6833938011106113
6923,egc,3.1094583002127867
6924,egc,3.0970580914564945
6925,egb,5.829683283589151
6926,ei,7.580588225133257
6927,nc,1.6535565210744247
6928,egb,4.8006072632926395
6929,ei,7.266225164209686
6930,nc,1.694157609737157
6931,egc,4.035588125113019
6932,eea,1.695395040268696
6933,egb,3.7344267955218062
6934,ei,5.996467069572443
6935,nc,1.9369546534931175
6936,egc,3.4975047771573893
6937,egc,2.8722487982022797
6938,egc,2.6893349466197316
6939,egc,3.5378390814782277
6940,egc,3.245867793728507
6941,egc,3.1924624458551305
6942,egc,3.071379242090055
6943,egc,3.500430951621826
6944,egc,3.644943179820134
6945,egc,3.196236393985716
6946,egc,2.8725505196349506
6947,egc,2.5127963156185857
6948,egc,3.032608972692663
6949,egc,3.194035640846855
6950,egc,2.083109102982499
6951,egc,2.798468373965579
6952,egc,2.218152811623935
6953,egc,2.2966286120839317
6954,egc,3.6907995097913266
6955,egc,2.723243089163132
6956,egc,2.372453787888511
6957,egc,2.9895344059054
6958,egc,2.9819566926872834
6959,egc,3.684434197038879
6960,egc,3.7730422948606153
6961,egc,3.5917759002519043
6962,egc,2.1749389744108107
6963,egc,3.184400090249034
6964,egc,2.9522545170048913
6965,egc,2.111515970234297
6966,egc,3.1962562096436233
6967,egc,2.983515212875746
6968,egc,4.002336422972856
6969,egc,2.8484541187985988
6970,egc,2.661036504665919
6971,egc,2.906125347857129
6972,egc,3.0687278696739617
6973,egc,2.6981564662518984
6974,egc,1.8406705105663685
6975,egc,3.122194814333004
6976,egc,3.692488794627964
6977,tg,137.2564024726558
6978,tg,95.75874808781006
6979,tg,183.71620412166897
6980,tg,186.90134439527668
6981,tg,50.252994677552906
6982,tg,73.9441971581978
6983,tg,107.07199581904709
6984,tg,141.85350716801574
6985,tg,219.8749480553756
6986,tg,196.7642838022194
6987,tg,155.88684183776925
6988,tg,301.3415430644385
6989,tg,270.6107675022176
6990,tg,365.35615916861894
6991,tg,258.0863174222921
6992,tg,280.5180450439971
6993,tg,372.92685992495706
6994,tg,283.75735613942805
6995,tg,204.9561476508637
6996,tg,336.83541006858854
6997,tg,197.90230026509772
6998,tg,206.86446929820835
6999,tg,213.36519552549
7000,tg,122.5299080791726
7001,tg,136.27908126528035
7002,tg,171.6514451645574
7003,tg,133.21772505882112
7004,tg,141.63069917998715
7005,tg,205.98584197939516
7006,tg,82.58477489709448
7007,tg,129.26410046870757
7008,egc,4.09171845309401
7009,egc,3.880092274023613
7010,egc,2.8606904744968142
7011,egc,3.778762570560132
7012,egc,3.6238059483880365
7013,egc,3.692929973426665
7014,egc,2.029085824380687
7015,egc,4.224707011620669
7016,tg,217.11317258877094
7017,egc,3.8363925793114104
7018,egc,3.8652567022164392
7019,egc,3.4735728836697053
7020,egc,3.9740253158225975
7021,egc,4.003694776975425
7022,egc,4.060405554180978
7023,egc,4.053200693129815
7024,tg,206.72593376191782
7025,tg,242.62633555063653
7026,tg,361.9551940168997
7027,tg,217.6414649119946
7028,tg,250.2914027890247
7029,tg,319.44478140777335
7030,tg,200.40735285857932
7031,tg,207.69020690587047
7032,tg,302.9699712938634
7033,tg,184.2299229981092
7034,tg,318.30902802364585
7035,tg,381.42726984949866
7036,tg,287.4472540178707
7037,tg,333.6258311457118
7038,tg,383.0128556570543
7039,tg,279.04402641761794
7040,tg,316.14353478928786
7041,tg,454.1317441833053
7042,tg,294.84296936321005
7043,tg,332.6167451406326
7044,egc,3.831115538752454
7045,egc,3.4605749337232234
7046,egc,2.93240595762739
7047,egc,3.9544710002710097
7048,egc,3.9608471555532567
7049,egc,3.2375517603131576
7050,tg,264.1139756503504
7051,tg,80.05873029726892
7052,tg,130.11233067300606
7053,tg,181.2886066990548
7054,tg,190.66637258638718
7055,tg,238.05336873617722
7056,tg,234.60483991209122
7057,tg,128.14685002945313
7058,tg,140.07429928459754
7059,tg,192.87802482354243
7060,tg,155.232491801109
7061,tg,157.66900009630461
7062,tg,352.95630848198675
7063,tg,126.50023262972337
7064,egc,3.8802593517996042
7065,egc,3.8708504194215823
7066,egc,4.158687315027478
7067,eea,2.0514010698018517
7068,egb,0.7126590995600868
7069,nc,2.26024116779825
7070,tg,183.79372107198503
7071,egc,4.113339392213242
7072,egb,4.534121880385002
7073,egc,4.33927986042972
7074,eps,4.078199784172288
7075,egc,4.319118456679496
7076,egb,2.6716823615353213
7077,egc,3.5307734908529262
7078,egc,2.5093611030741223
7079,egc,3.0415601353319897
7080,egc,3.6983483407533413
7081,egb,3.815821346981403
7082,egc,3.048071915706803
7083,egc,3.4738037547783476
7084,egc,3.043482254149043
7085,egc,4.069232074462663
7086,egc,3.6807439981039796
7087,egc,3.506453603044605
7088,egc,2.5973712260304582
7089,egc,5.688431032156976
7090,egc,2.9138119537236533
7091,egc,2.8430681855912336
7092,egc,2.879652189712858
7093,egc,4.1804847724012335
7094,egc,3.04749604651638
7095,egc,4.354600495240254
7096,tg,266.1712833154586
7097,egc,3.0539724951992637
7098,egc,3.8874668767481744
7099,tg,115.1493790977783
7100,egc,4.062583734294439
7101,tg,115.66324754551529
7102,tg,136.2433930661431
7103,tg,167.27345916738744
7104,tg,103.81646599256848
7105,tg,250.07663141309024
7106,tg,238.94974301450486
7107,tg,166.54766770145415
7108,tg,218.00923471830538
7109,tg,250.12435766295346
7110,tg,162.2552381118006
7111,tg,218.1854622213771
7112,tg,260.462966309063
7113,tg,221.78354933601418
7114,tg,232.36765000179076
7115,tg,279.48051448013587
7116,tg,227.98772770663788
7117,egc,3.838310912590043
7118,egc,4.042774899702837
7119,egc,3.8409571908865323
7120,egc,3.7210093215024784
7121,egc,3.5518678195162514
7122,egc,4.065518975357069
7123,egc,2.7282177539988264
7124,egc,3.7648232833929463
7125,tg,6.1005623602969195
7126,tg,192.54386954040143
7127,tg,280.3304826378716
7128,tg,176.21421511843818
7129,tg,227.86550194479304
7130,tg,109.7879699533467
7131,tg,151.1071431045759
7132,tg,139.58071441176367
7133,tg,139.92805798141816
7134,tg,122.48422542843998
7135,tg,204.95057449428475
7136,tg,219.5479006603802
7137,tg,170.14147577638417
7138,tg,153.6531822978046
7139,tg,187.75315293027242
7140,tg,90.41790824823164
7141,tg,227.5638621609457
7142,tg,156.51677110868502
7143,tg,19.722631646778325
7144,tg,102.75400254384888
7145,tg,148.0456962611624
7146,tg,73.93815577842904
7147,tg,29.960825927969225
7148,tg,53.84638005099211
7149,tg,82.26921847954945
7150,tg,101.35347870052311
7151,tg,205.79787638107842
7152,tg,92.12258532350015
7153,tg,99.78289554434163
7154,tg,278.3016845625442
7155,tg,162.47075084111893
7156,tg,191.92357136037646
7157,tg,268.1436604964117
7158,tg,190.12521713164296
7159,tg,140.3981772312993
7160,tg,231.64707402194418
7161,tg,173.5267895925184
7162,tg,211.8618674280475
7163,tg,374.7346956732846
7164,tg,65.76665313544243
7165,tg,109.50496155059463
7166,tg,172.74299047584523
7167,tg,108.39825751353607
7168,tg,122.26186493497042
7169,tg,216.82394722255393
7170,tg,159.0181494507464
7171,tg,159.92149180057268
7172,tg,272.502896430914
7173,tg,260.3216409429331
7174,tg,289.31937941140166
7175,tg,329.9584600051798
7176,tg,215.95984132572528
7177,tg,293.97911058417606
7178,tg,441.5725675501341
7179,tg,153.62395492837703
7180,tg,338.8840556046849
7181,tg,370.2520829282625
7182,tg,225.48255805735886
7183,tg,312.0433173221588
7184,tg,317.8536679653379
7185,tg,234.84372478230182
7186,tg,244.80875635392675
7187,tg,303.7917029920126
7188,tg,229.93577028791964
7189,tg,270.0549345510922
7190,tg,376.38424597105063
7191,tg,217.36456292000986
7192,tg,251.2230758933855
7193,tg,239.25288501441958
7194,tg,271.2368339318173
7195,tg,286.41436666730857
7196,tg,382.4949227719055
7197,tg,259.69925526785346
7198,tg,212.88208023698496
7199,tg,280.08764388294696
7200,egc,3.9066136627314707
7201,tg,305.44858878641924
7202,tg,390.9404725460389
7203,tg,170.81884678654433
7204,tg,217.68861888907026
7205,tg,276.6896441447633
7206,tg,192.73789602778652
7207,tg,221.50030682166715
7208,tg,266.18811333789296
7209,tg,230.03068953345766
7210,tg,118.49831945062769
7211,tg,212.6960720717257
7212,tg,179.91042750684363
7213,tg,227.07157750163984
7214,tg,322.3926885985346
7215,tg,216.87106868413028
7216,tg,248.4444313857473
7217,tg,364.58301863261426
7218,tg,206.27420893643085
7219,tg,291.46611770576703
7220,tg,356.1249568943527
7221,tg,266.8851285869514
7222,tg,260.6296147460429
7223,tg,319.1478758806232
7224,tg,215.35205510982854
7225,tg,253.62394232403034
7226,tg,348.0602676665457
7227,tg,194.83244044268574
7228,tg,263.18511188512855
7229,tg,380.5539035384712
7230,tg,223.29895368989432
7231,egc,4.186927898999004
7232,tg,318.43347134254253
7233,tg,203.05516800325958
7234,tg,202.0632111632083
7235,tg,262.6347285316848
7236,tg,164.71401464668745
7237,tg,244.32638241880562
7238,tg,301.8768782448092
7239,egc,3.6959240071724273
7240,egc,3.647680170833602
7241,tg,276.54922921261357
7242,tg,188.80467816502966
7243,tg,190.97454798559255
7244,tg,159.82938026839867
7245,tg,122.62863651545287
7246,tg,102.36263949125063
7247,tg,172.26970787432657
7248,egc,4.896390259190439
7249,tg,134.07262988223712
7250,tg,276.97018787266893
7251,tg,198.29730505361687
7252,tg,222.47021815319732
7253,tg,270.4589981577145
7254,tg,91.92607465196903
7255,tg,57.175765582566314
7256,tg,50.821846834595476
7257,tg,76.5935210220453
7258,tg,54.57665215272807
7259,tg,182.3059809049039
7260,tg,85.60013223959045
7261,tg,160.30939520404607
7262,tg,231.00035374719317
7263,tg,113.7439259047596
7264,tg,112.44461630763513
7265,tg,127.92855722494521
7266,tg,225.12356093275753
7267,tg,250.90213490915744
7268,tg,328.99038254780976
7269,tg,164.35162290395985
7270,tg,54.07720758047775
7271,tg,112.74238024396666
7272,tg,133.61740069881378
7273,tg,149.1316387454782
7274,tg,136.34843926393614
7275,tg,144.02056561722094
7276,tg,152.76221859855943
7277,tg,233.71704322247726
7278,tg,185.59703066281088
7279,tg,203.08208433357487
7280,tg,258.677111038258
7281,tg,189.25270922979686
7282,tg,212.65775580735806
7283,tg,325.8296158924726
7284,tg,247.87078644410886
7285,tg,238.32430088249163
7286,tg,355.20786373987517
7287,tg,135.5386082385285
7288,tg,238.03445772178804
7289,tg,254.76064516073723
7290,tg,201.30173718835016
7291,tg,225.35408931964963
7292,tg,290.0938335735778
7293,tg,95.44509057542379
7294,tg,239.7294972030659
7295,tg,338.6225399469659
7296,tg,72.42349928103263
7297,tg,107.17738180380772
7298,tg,310.19393977193374
7299,tg,198.86590358976494
7300,tg,212.98880911186643
7301,tg,306.7715534092798
7302,tg,-8.63305577263776
7303,tg,21.772096573456835
7304,tg,243.3375080480874
7305,tg,76.7038396080488
7306,tg,91.27153114808799
7307,tg,131.67583357921637
7308,tg,233.3537345426696
7309,tg,203.03898178771118
7310,tg,176.47569175755802
7311,tg,87.17886377989493
7312,tg,201.33299108627122
7313,tg,288.74001824498737
7314,egc,4.263266225567326
7315,egc,4.265804545916253
7316,egc,3.949116846892365
7317,egc,4.36046650248522
7318,egc,4.453057348922489
7319,egc,4.032919647671468
7320,egc,4.380432810801634
7321,egc,5.1469700492289165
7322,egc,4.121629160534855
7323,egc,4.058344585553443
7324,egc,4.389754453804521
7325,egc,4.56418335692438
7326,egc,4.644781585513391
7327,egc,4.1276302671031635
7328,egc,3.5759367401477693
7329,egc,4.052283704866116
7330,egc,3.7246805460102306
7331,egc,3.655823751943103
7332,egc,3.7832139898629595
7333,tg,78.34568373248224
7334,tg,254.78533092780094
7335,tg,205.73700086330086
7336,tg,215.0850768482282
7337,tg,276.27472036137686
7338,tg,216.02578275829282
7339,tg,245.29769841990526
7340,tg,125.78251313648973
7341,tg,118.88285424837426
7342,tg,122.34983561830938
7343,tg,184.20254494770396
7344,tg,48.18045675257562
7345,tg,162.74066362653048
7346,tg,230.7860636006483
7347,tg,172.38635397649261
7348,tg,106.23202617734412
7349,tg,36.6326617187338
7350,tg,100.58945225897043
7351,tg,139.07023773704674
7352,tg,257.820665793063
7353,tg,103.60930324346877
7354,tg,187.9732666027408
7355,tg,268.2961191694998
7356,tg,19.476528335724538
7357,tg,84.37711375845865
7358,tg,116.0973392157353
7359,tg,36.34038639868304
7360,tg,129.43265106239608
7361,tg,105.78668089281858
7362,tg,94.18902334080994
7363,tg,64.88264775304609
7364,tg,133.77039912919014
7365,tg,107.47579930167507
7366,tg,90.09104619158222
7367,tg,161.29672346277286
7368,tg,109.45371387215789
7369,tg,102.7691092448207
7370,tg,128.3579097611432
7371,tg,86.8491566170573
7372,tg,130.18988908058373
7373,tg,101.29968180694176
7374,tg,83.52762683011247
7375,tg,75.42341826446399
7376,tg,131.54767861607533
7377,tg,37.78579788878368
7378,tg,56.54120610455115
7379,tg,138.62199247642795
7380,tg,-0.1282887711908245
7381,tg,70.01724178060489
7382,tg,99.710974511454
7383,tg,39.70905715650382
7384,tg,93.80860825682387
7385,tg,80.16738408970859
7386,tg,128.06719193350858
7387,tg,131.34186444730884
7388,tg,63.59607447699493
7389,tg,-14.734342097296661
7390,tg,204.4387350137037
7391,tg,96.56977893514167
7392,tg,95.8648721744047
7393,tg,27.96151290740123
7394,tg,138.08660364548345
7395,tg,95.84439391294956
7396,tg,-30.768580201977386
7397,tg,62.120716212044826
7398,tg,2.5382162824834325
7399,tg,214.44124394981452
7400,tg,362.1829845987513
7401,tg,183.09409807988328
7402,tg,328.4692111189314
7403,egc,2.078214448539111
7404,egc,2.5973110312960594
7405,egc,2.8431285672658015
