id,target
1,4.016522418269728
2,2.5174292813886683
3,318.51116192591087
4,-30.963463660010838
5,4.099592521535983
6,6.690439731217867
7,5.491631306385635
8,81.47345335363933
9,81.85625240169593
10,76.59230741302918
11,45.28554841325259
12,-7.185110440213867
13,257.8695077928967
14,193.2682031675762
15,3.74751930744862
16,283.5021532984997
17,2.9718195500481417
18,96.97663053631953
19,3.147232220994524
20,6.645466598053004
21,-60.6813216255252
22,60.730937433316214
23,3.9725968111750123
24,2.6490286657865227
25,33.759473930827866
26,87.75687038878517
27,1.225847064503192
28,161.95185686854575
29,40.91436007983853
30,3.446430876480436
31,6.374954044842077
32,29.064883767761387
33,57.32268865947219
34,3.593753806620887
35,2.1355706263934926
36,6.856470546959134
37,254.0597503664654
38,240.92422073446775
39,57.643016608798405
40,141.15042117180863
41,-53.50142528336746
42,2.9675940264385465
43,5.926033354473292
44,4.685374986353799
45,136.26513710420366
46,65.55492095231219
47,2.6347372033360132
48,-88.88486623749081
49,3.9989718837232635
50,1.8534771077516925
51,266.60173110858875
52,2.993562697873058
53,2.6942952099332933
54,103.32054024312279
55,2.870884619631181
56,4.104567352157882
57,5.694611898067036
58,160.62320696428142
59,240.05235796688964
60,6.6974809132669915
61,2.245086100079918
62,233.94210538261657
63,6.699172483372417
64,2.520380850585739
65,2.8640509882242986
66,4.591155323727282
67,5.452190898172205
68,191.7949232102381
69,156.27998888082482
70,2.3103716019627805
71,2.4466351816783196
72,2.5684645764960896
73,27.848302520372997
74,245.78605802273978
75,182.75561967529433
76,6.427462913427245
77,5.818363442736292
78,152.04717687014463
79,262.3075589687687
80,3.6592264090634474
81,38.29627623396273
82,4.777377098282512
83,194.95869813790483
84,36.037110174332156
85,-1.6831478764420895
86,2.1811288680682432
87,54.15333117530971
88,182.38660364124905
89,6.006554296631956
90,5.105986567904088
91,49.26167394098056
92,59.38434523338379
93,20.47065339390852
94,5.1335191100230855
95,3.805856861292228
96,2.9856395536063487
97,7.153138873926475
98,217.41652568257513
99,92.07622486316077
100,269.9351408390249
101,5.66605987026239
102,257.52172639351204
103,4.033097993366097
104,6.300220422548213
105,114.37992771469044
106,15.763660262272117
107,280.1459555424701
108,2.443926328285886
109,173.873400782609
110,2.8383734162999854
111,60.8374903465658
112,2.0651295217973376
113,189.05442326641457
114,6.318992814733074
115,5.248098132444026
116,405.91075542278725
117,225.3065710390921
118,135.59500441030355
119,255.64903738652717
120,292.38195876858515
121,155.8106902050305
122,3.606410006288247
123,127.41482207979172
124,277.54555846808466
125,151.09852378693984
126,6.134413462686742
127,139.1433080033433
128,3.467599163975209
129,237.09816110359407
130,86.45935769266876
131,64.09145427600693
132,-3.827377603611658
133,-66.67410418821045
134,292.8663375905894
135,5.931366669347534
136,2.076796465452814
137,122.19772912283891
138,5.846441909978647
139,199.43500800179726
140,289.3942919659813
141,53.46361212470673
142,34.26173239946295
143,64.01683589934086
144,30.843601596140978
145,6.110653724235953
146,161.4304521391846
147,219.99990612607408
148,2.3090266814360154
149,178.99931682301724
150,78.7329024525621
151,280.6541137626619
152,275.20797629837955
153,174.692097058652
154,8.185583453849027
155,4.291602407825999
156,226.21035342803037
157,135.59908370154182
158,126.22612151986172
159,145.18752698466477
160,6.381165272018743
161,51.8008109265824
162,4.70287657630167
163,253.30622055943147
164,3.075084497721606
165,72.44530067477781
166,209.26528711353322
167,325.70091506405873
168,6.986033112181461
169,2.2956884776977216
170,248.72692791523843
171,3.061200143882912
172,4.398795649155395
173,-18.50780555703304
174,4.10358322630079
175,5.651151582483939
176,137.59422624132398
177,75.80951902553045
178,333.2608160498689
179,153.70831054448385
180,243.32640257448747
181,6.634054789254598
182,2.3042938088917917
183,304.2017953339905
184,6.497559953800021
185,1.5808606398888572
186,3.639594002165182
187,3.013733203370176
188,4.090543802293938
189,85.10378156043274
190,4.1441692390291065
191,2.107611689720816
192,31.694386655847303
193,3.196655216372382
194,340.10055963052355
195,88.97362761405012
196,268.99633392632927
197,138.28542022362547
198,231.97792473471236
199,85.5221529807234
200,1.7067061457252608
201,3.1591937443386024
202,78.2012312572801
203,36.70129538944859
204,4.2908729581870935
205,267.3124865378268
206,55.659674044602674
207,243.24000693659144
208,158.8278584577187
209,64.08268644016123
210,171.77351003045527
211,42.72862171065381
212,95.41600531139007
213,238.26424851419802
214,72.08632538382443
215,11.095051343865427
216,168.9299681276451
217,82.59553385647934
218,192.79406237324918
219,207.06173865559833
220,6.085236230687693
221,211.2850934186435
222,163.7219110916159
223,2.9356911201961973
224,193.24633998438514
225,253.03957015069443
226,197.835284499198
227,47.76056311247545
228,266.5192008098362
229,264.8463452683526
230,1.5378868075441905
231,215.74207395828157
232,47.92509339400601
233,58.54592076690075
234,249.8886303927937
235,112.31679149659696
236,2.170809273750234
237,6.382272958688987
238,41.75542521697288
239,6.334186082054908
240,180.65998981104988
241,310.8525801879266
242,235.79285762466097
243,3.89180943064196
244,3.307755867193838
245,50.64587033276752
246,121.51453855222258
247,105.98263896672545
248,6.429120416776447
249,5.956219542588517
250,59.481866562395496
251,67.83888635737546
252,208.06438706372364
253,7.087393003333721
254,173.92510729342555
255,-55.31383935876009
256,5.493955787396643
257,2.128035242260116
258,74.76382844658428
259,274.6047258038721
260,2.5545722722993505
261,5.814175297123798
262,6.154118724562577
263,-23.524033853877746
264,3.55833873900909
265,3.6820058956829502
266,2.159336961808393
267,3.1357417658114963
268,1.4515968737113716
269,204.13617676719392
270,2.8742389043195784
271,164.91959269954668
272,126.25129992776445
273,4.580246287664761
274,4.7739755744637264
275,329.0127841851283
276,173.068926810397
277,228.81499187302848
278,-60.50603466215443
279,4.373426417870803
280,195.9996557177961
281,5.29406623510251
282,167.81996425265584
283,237.68275541000799
284,137.1818270090124
285,248.0969272876162
286,145.22740336567452
287,227.87597133460196
288,6.124198892126002
289,136.88941318524854
290,4.731994142193942
291,123.97674480383563
292,3.924372110819733
293,88.54501546170115
294,105.09755221060969
295,4.634464946503466
296,132.65027689286208
297,44.743239991846494
298,-43.98731695117566
299,221.06306105416513
300,5.8316260079733615
301,3.916354496817953
302,5.243790564538167
303,4.4307820135125855
304,4.028454941611785
305,4.901759099939043
306,231.61984391556143
307,3.5415652682198453
308,3.1582761548587768
309,134.79167284714154
310,1.9521261406754549
311,2.397276062081178
312,3.477122741166273
313,123.52901821582257
314,4.17024355712867
315,1.2822499145561257
316,2.506509782988278
317,4.273756196146503
318,3.9043020983556715
319,73.67391303009083
320,1.8928297147694657
321,6.307263833426047
322,2.8740155362933058
323,1.8210662207188801
324,2.444508886865601
325,4.060107688684687
326,4.888797822094916
327,42.72027556431433
328,4.335808746847466
329,117.2656428211774
330,57.71628714305745
331,4.474862773939386
332,5.527628029691211
333,3.4239201010241773
334,6.732180240864084
335,154.01462957097536
336,3.800147526582179
337,2.3423570685656774
338,139.31430404719495
339,28.332311669399907
340,305.19069497248904
341,134.38391159033006
342,76.51974157780529
343,3.264309196866906
344,2.7242109853099112
345,129.25588782027626
346,2.961529620112028
347,4.873663975196341
348,38.07545178621169
349,-30.856777528793767
350,136.40147123092632
351,238.92178365484372
352,24.955665634123108
353,1.3063617180344087
354,5.893467658509229
355,282.6624089124259
356,218.92012713972187
357,3.0042855635709445
358,23.08254511473588
359,4.3476082718057265
360,149.17068266323054
361,4.540841881006914
362,5.96455369909135
363,1.0614163941687684
364,4.36753775395553
365,5.2353189004254155
366,80.00498066662556
367,4.736046115926046
368,251.7309750815505
369,4.91760241808895
370,-12.832830480354636
371,263.27398562991175
372,44.0326644111322
373,173.74272753162688
374,11.593552223269842
375,115.32158049058003
376,2.815389894094217
377,3.126208112763147
378,3.6149737549132355
379,3.42201243105504
380,0.8165259021782585
381,5.9907805207615645
382,5.751779984896029
383,159.97458772762215
384,1.7783334761633232
385,4.085642167654162
386,282.13555847739644
387,2.6385242404052285
388,4.331574239925844
389,61.32948013906985
390,5.207044585481398
391,160.62397425193845
392,6.347142070096833
393,4.068352492834361
394,315.38126616047697
395,190.3202029686564
396,2.937096775885516
397,1.8728597940975262
398,5.943159585168181
399,193.30385617330694
400,258.6044283960698
401,1.648983537550615
402,6.407814604222025
403,5.84755423214976
404,5.814312873199865
405,15.841661699527524
406,7.003924006562984
407,-71.23365043590299
408,4.239662446344093
409,2.720170612341775
410,3.7614728854889217
411,2.3804483655784443
412,9.628586555694357
413,345.36783128498996
414,5.82881853590804
415,49.418422463732036
416,3.6505809198468997
417,6.73682207707819
418,5.6995813412215846
419,5.527345435824381
420,4.295581443773835
421,152.95667380883725
422,166.36110283262667
423,152.32552759527792
424,158.60301815732362
425,5.888679813426166
426,228.6050620684089
427,3.27497684821348
428,204.77489333133036
429,2.8280299524962933
430,4.694930004020646
431,258.7505403710468
432,145.65682459846903
433,10.142906065868562
434,6.204481517817758
435,58.62578096681225
436,256.2024692119401
437,216.54464132574998
438,157.25008950748028
439,5.837949520495508
440,256.7141878309221
441,211.7012528881216
442,103.74041971873697
443,308.85114030936575
444,5.648327441178612
445,6.184330793332582
446,64.47548079226665
447,1.2545583727222316
448,6.209928115100671
449,303.07439634274476
450,273.68670687935827
451,156.21111840707994
452,234.38861650622505
453,1.9215780083792167
454,3.7386779292531425
455,146.61295411464428
456,3.2281725163147277
457,4.9066595681622704
458,262.0820212357935
459,65.29893261190794
460,19.133495649818105
461,106.7626102455316
462,5.921358835619453
463,180.47101136657778
464,5.4261035485835
465,132.59528869280035
466,62.35830734028327
467,1.8057864511717232
468,5.299355922875137
469,46.455099090241916
470,49.22741058980543
471,1.792358941540855
472,1.8985510626549587
473,34.01118368308132
474,5.968160096088578
475,124.71104150602869
476,6.514229102798955
477,2.0635878589021086
478,4.448455910066019
479,207.48466360339864
480,4.411967110523843
481,6.231648030908316
482,183.35543276172112
483,1.7832898484727144
484,204.83663621439956
485,111.52056822755478
486,4.562256433098948
487,2.11001963622541
488,215.43246000284478
489,2.795486903596294
490,4.607853956361202
491,6.6219509162659005
492,3.8759675053747356
493,3.937339023702666
494,222.2971447900236
495,5.915803885151848
496,118.51463548335947
497,6.369922198647144
498,5.945450238880845
499,5.637163088654596
500,2.276833849797862
501,3.1431591729156017
502,317.5965021553673
503,112.57465586363088
504,21.421986693795887
505,2.0936523411170747
506,6.455178498269822
507,322.4181877529474
508,60.61125954435028
509,267.69335530947575
510,4.20472292248626
511,144.68303980948988
512,188.9420973651056
513,230.22056992397495
514,321.059325127807
515,287.86919845700174
516,215.83220886542742
517,263.48482769977664
518,7.181792999589362
519,50.17987986005064
520,324.66463669348576
521,1.8429473809960926
522,3.8792012256298456
523,180.64921698658227
524,4.5422613306149255
525,165.94705080115176
526,5.893952274149167
527,4.838698198998571
528,3.626852142490316
529,6.343477237872424
530,259.8731349344111
531,120.52134161131511
532,3.7677763452525586
533,130.53497407919102
534,4.376020544764833
535,7.1312415912672975
536,5.887745512117708
537,1.9470626613568713
538,4.847331245638599
539,276.33833331211736
540,284.0404157377871
541,256.74045893706455
542,93.11709896262374
543,91.48677989153023
544,5.483578258391423
545,4.064442882833689
546,3.775090398466955
547,2.0534749901302596
548,339.681370805345
549,5.6747491640322405
550,248.3437545147803
551,5.857971720754297
552,113.58872230724754
553,4.071472583465168
554,92.2744277510545
555,117.73193210286242
556,248.67338424879225
557,212.4300822745347
558,5.131719820839763
559,6.085115777921041
560,163.30459846609892
561,134.96986038308128
562,151.89933946710306
563,3.1999958516437332
564,49.44791226201512
565,154.7374290360646
566,2.809775492306599
567,49.521194535460296
568,112.3731714625695
569,328.755620288033
570,3.848138978272731
571,204.11338302118904
572,3.30649618155843
573,89.05606240868711
574,98.77845251348752
575,7.395547876551659
576,1.8626117358856438
577,2.9420905447361667
578,174.22883309846796
579,10.351641623157409
580,275.90414796185615
581,64.95906643592977
582,70.34617224234344
583,5.435338512139666
584,3.37609641750435
585,151.2089195007075
586,4.866361775228049
587,211.87058759512016
588,3.080409242656385
589,182.48898141132128
590,266.5582552045659
591,148.36141433186523
592,6.9634809849932635
593,249.03453790900463
594,285.9123370618038
595,29.80097725876651
596,5.0188368066214215
597,135.11553549987406
598,2.614657375320744
599,77.42898982397922
600,196.8571082106668
601,136.90257377090768
602,27.019012377447364
603,2.062313339486966
604,243.81403796343682
605,2.668897425219164
606,2.3927578040634456
607,6.873618690052636
608,46.28628981019331
609,290.6791220884511
610,23.674152349055937
611,73.53575036864555
612,9.124163631246322
613,2.7287889977956894
614,50.96127028310263
615,1.935456159435481
616,174.6878913555537
617,-60.61397261287035
618,228.8132710782736
619,4.8358208172209745
620,5.346812571999763
621,184.26421333228492
622,96.21676900436304
623,186.788324132149
624,201.90658629448833
625,2.3402039618672124
626,1.7340267029167635
627,80.3887589191113
628,4.042508676826267
629,219.67203119834738
630,4.435956167178987
631,2.2640572815159294
632,208.25172789833886
633,121.54046322894413
634,212.62727143905303
635,2.5217812918297673
636,103.19565002298893
637,105.16711449723536
638,7.019704104223333
639,33.60678562845915
640,123.90540609807347
641,6.704236755150312
642,2.92860547936112
643,297.1097301855517
644,3.2845155329573967
645,104.99264174566636
646,66.52535636816756
647,180.21899395370508
648,250.49016992075792
649,387.68341688403535
650,323.0236866764755
651,157.22565495569816
652,37.919450334886186
653,3.1908300702868733
654,181.63159297984583
655,2.464139829579694
656,206.28921365475918
657,148.05287082962155
658,293.8987397483625
659,1.8630114692790223
660,127.08236299744847
661,4.097736057498481
662,131.81455237037102
663,3.6231875198356978
664,-41.363201477319805
665,93.7337865140814
666,135.46824277199744
667,236.24513354151702
668,326.00937371840035
669,97.50306193050542
670,208.5826231655053
671,114.24086956996285
672,83.38820730266046
673,4.078584028088972
674,5.84605535308004
675,5.938308382809495
676,5.68639078842584
677,15.771500279531054
678,150.49552428402708
679,5.280313514194381
680,3.289270847830324
681,1.972450052572437
682,104.82161786305106
683,5.665860753816254
684,175.37539309634087
685,193.43324241465024
686,5.882124871634019
687,364.8864499752098
688,81.02132303482311
689,92.77737365018817
690,319.6669192316148
691,3.586359166912675
692,83.77601196792735
693,5.368100087455698
694,7.27279736252699
695,5.118322799808628
696,309.7547042525389
697,1.1459432268490661
698,223.65450483262515
699,1.6372518139810737
700,242.3809638696794
701,3.671643827767664
702,4.346640933731153
703,66.24320724020664
704,79.54217325993437
705,140.18346081201932
706,176.10631769819926
707,174.07473404356577
708,78.30362122219182
709,83.3373936513702
710,206.74217251246813
711,235.25229907091165
712,6.166193619412287
713,37.30445130037725
714,6.831816279740295
715,251.24949050975118
716,3.126847110671385
717,92.28697021911968
718,326.2207656285204
719,207.50521761877138
720,4.5524189910919794
721,150.36680474768082
722,2.1463953609022726
723,6.415584399386774
724,2.2368422185498207
725,2.2236339149301565
726,118.39260423747662
727,233.71895052892546
728,64.67756523487338
729,59.66606878723668
730,86.29006767439476
731,280.8712064227102
732,4.620744994944293
733,6.4440477742376245
734,30.290094235520463
735,250.41190910792795
736,46.4647577335572
737,44.281392291242646
738,111.91821573844987
739,309.77036919131314
740,147.14014987900975
741,4.907423167968105
742,278.30420148714666
743,113.69849606304608
744,2.157240022516297
745,280.6458449658274
746,175.41684168903393
747,4.1979499664510485
748,62.729843055504645
749,72.5829275839171
750,200.99156072929912
751,40.50069027090842
752,258.2292426457721
753,1.922574180712539
754,247.72349927448232
755,6.257782148456668
756,5.917702814551728
757,221.16541249318902
758,2.1177068501496086
759,66.71617464695652
760,33.26046161796644
761,179.0287480486429
762,5.1886385893154605
763,2.1069137412386434
764,76.09736796760336
765,4.424643728444848
766,34.14599708090287
767,2.0688125587813126
768,4.88011941665191
769,5.973018810395374
770,1.564493549022731
771,236.17243904680947
772,69.02443720874126
773,123.87336943125796
774,-27.02077248974548
775,15.212951500304033
776,4.76669390956422
777,214.6709464725681
778,11.678098922882599
779,167.03229458278622
780,86.34787237563182
781,315.1396853288476
782,3.481310870244328
783,52.89769618062015
784,2.716277936764123
785,50.385014123025115
786,125.54424339322556
787,5.420970238467223
788,1.89802225913742
789,167.2246654521527
790,92.65547430698241
791,-13.218926288362113
792,122.23398521502321
793,-67.50674411994602
794,316.55621603076617
795,-60.5205956036784
796,111.30581000517397
797,3.8203332849715887
798,54.96335668402205
799,3.2565423413334744
800,5.889767934034616
801,209.52492960112212
802,60.50735827626485
803,151.89453295910658
804,6.546333695497843
805,2.401606444488481
806,160.45585553317096
807,2.6762378616168427
808,78.07984413048011
809,1.5614600696143253
810,47.15127786414479
811,251.2722019798487
812,87.48442189615415
813,280.20688547376875
814,5.902928079170749
815,4.421273118757819
816,7.615604007570602
817,3.1967692120872613
818,-1.298227580204511
819,5.5999896362355575
820,82.66721964272534
821,5.663427285925636
822,2.098088144662495
823,30.428955832888185
824,78.37708928475521
825,7.071388180945002
826,69.65934252336596
827,4.365123064980267
828,5.855309604653777
829,47.599736795120876
830,182.30585251149216
831,104.7995240398128
832,6.066044546701388
833,273.1758977020642
834,194.04306174969344
835,156.10210390596356
836,2.02050325296547
837,62.42853899358843
838,156.92450191664818
839,6.091129215226202
840,161.55257939554073
841,138.2436386468596
842,75.856871011555
843,2.2306407964297774
844,3.6040281093032362
845,5.442542066406228
846,6.303950732964232
847,5.528320448037547
848,166.22583470225325
849,6.552557968277693
850,84.9498344986042
851,54.55558214108673
852,25.829852313748745
853,85.70706149610193
854,4.474862773939386
855,6.367975343485554
856,238.29424715253506
857,92.36390678142887
858,55.82305019376325
859,212.44597858689613
860,2.1596589157001267
861,3.4413174522159515
862,3.1035459649309134
863,106.88136456360323
864,246.97888366266406
865,276.4359588711658
866,216.30308881233546
867,5.289748241425158
868,123.26437997612217
869,138.45133410814705
870,136.71681784586605
871,161.65427628640077
872,137.98847443216135
873,2.924535463062258
874,60.10065426960189
875,5.714304567626276
876,100.58707992486299
877,34.378371349250315
878,119.02072862803755
879,5.3423993587633785
880,6.640502971542546
881,154.02676874441133
882,5.715586207082558
883,242.0152607279702
884,5.905531262064793
885,168.14413545007108
886,54.43738554248508
887,2.133551439084592
888,2.1037581234414233
889,223.15940269243447
890,3.6196700695079054
891,2.9696355591894523
892,62.067890875638184
893,5.160362783113383
894,-13.20159760851662
895,3.7435148879006084
896,222.31944680322636
897,2.6157340413455517
898,206.57894389573863
899,-51.33206092358893
900,217.48728304952522
901,3.409034022298976
902,186.95476298010115
903,5.156997801194295
904,135.25049447835357
905,1.9348206048425944
906,0.7117978113240627
907,196.1200780646754
908,53.04644285146695
909,86.63633157426509
910,2.369858814802626
911,6.689404846386712
912,242.9261468788622
913,170.88321926740298
914,282.57919508765525
915,81.55184360440207
916,129.38759399004766
917,-11.946987992752419
918,2.6589985665879334
919,2.8610256592186354
920,385.1460651569118
921,136.78678757047115
922,198.84117216815167
923,2.499929768919297
924,82.16626330646626
925,191.61189824990188
926,50.2110682573745
927,67.97500453782062
928,4.886240986581585
929,61.11868005601805
930,49.24747935645202
931,216.571823870436
932,183.9249852696652
933,5.511081727785131
934,2.1510417922464002
935,177.9428332970247
936,70.32197631301626
937,3.474101201931955
938,4.670371800980746
939,131.22124835078634
940,1.6240827220195924
941,5.673782367070684
942,4.942091514931543
943,111.48719546004946
944,3.495709738917614
945,2.0155783429527916
946,71.54452880853667
947,37.454581538153825
948,73.55392627371572
949,236.2033277313049
950,355.3900651068084
951,19.527249841074727
952,-6.381000093897967
953,6.222861810438583
954,258.370706198829
955,189.97802763884425
956,154.86091863889425
957,2.508595404034591
958,3.080088998371376
959,192.27215882349032
960,66.49231422521063
961,164.86685753862483
962,3.1962179269590614
963,6.309162815832254
964,4.996002694240226
965,6.449332938811599
966,3.9197668352586956
967,37.16205359715
968,177.4142261925705
969,163.69069040743926
970,6.303844662646558
971,353.4820441472508
972,5.384320528249107
973,101.02807179493742
974,5.669909794535994
975,3.826614243643485
976,5.282398188891806
977,173.35744205858148
978,303.34961272099395
979,2.494129566618683
980,1.8376697042280816
981,-17.36457505532772
982,54.80570342662617
983,300.6225121958336
984,316.3611947309622
985,256.04141101458373
986,106.62285177501147
987,3.0783356175343375
988,234.60032523666533
989,330.35382474880186
990,83.46159196605217
991,4.204029491156657
992,260.7718749731331
993,186.20502745159524
994,3.1125003153518978
995,-3.651826843804573
996,25.370415051963946
997,2.0981466869706256
998,37.06888969087558
999,96.09576161289928
1000,-4.426761041428898
1001,281.3018080029761
1002,165.968969754616
1003,5.726093213008548
1004,1.3687862048428594
1005,1.7766194853206052
1006,3.7266564292202773
1007,168.01002197672284
1008,1.9727080080708816
1009,5.594090337019562
1010,-7.532217900571069
1011,263.75908595107063
1012,26.339935802821113
1013,210.29997607914356
1014,64.95103834322695
1015,240.56517183654114
1016,6.517195843584618
1017,5.381973513023418
1018,3.4147344532892543
1019,6.282545480413049
1020,4.259533285605445
1021,138.8887729620491
1022,79.03159540834737
1023,171.96412503177993
1024,164.15675919868815
1025,5.31088514666548
1026,3.803363706004625
1027,4.598794858186552
1028,85.9080992479998
1029,3.5594424673776537
1030,31.703147827284855
1031,256.85313421771787
1032,3.0649561390393147
1033,2.5266079442693368
1034,231.9556460994182
1035,1.5306772550634282
1036,236.5933909439339
1037,6.732941589435412
1038,55.79341889666141
1039,3.485588128625432
1040,-8.989608745500382
1041,3.015552980440311
1042,3.9325403249862347
1043,3.83419550859822
1044,318.5346432020415
1045,112.80775200696154
1046,36.16115598310877
1047,217.75478221657502
1048,1.799760294857363
1049,2.7825699787911606
1050,5.705669722387234
1051,79.11798199824577
1052,173.1625564549883
1053,257.6569588111537
1054,6.321079023357084
1055,25.448571583233306
1056,30.847272676898843
1057,4.535359578248651
1058,2.6951651579802265
1059,2.93377372474626
1060,124.51416211095543
1061,2.9620512025732735
1062,5.604562026180011
1063,306.84679846496107
1064,218.1725829449845
1065,65.0177286890253
1066,252.72004015416448
1067,267.3808056610473
1068,5.092999659867649
1069,4.481948635549413
1070,328.83384717464514
1071,173.01047741315602
1072,5.12218336628365
1073,3.3040229430683006
1074,6.2828641466881265
1075,4.806017204341974
1076,292.73832305243866
1077,6.171433668614801
1078,159.29225672451565
1079,2.588231946741279
1080,2.0073820173720978
1081,5.963396257129598
1082,4.274670770120444
1083,3.3476117288997944
1084,6.3100813594887075
1085,123.81573049952297
1086,192.05137294726677
1087,60.997013305334484
1088,278.3039459022185
1089,8.3345924199081
1090,125.63050687152644
1091,262.32217479452095
1092,5.566600480555241
1093,3.9290658455646517
1094,6.6016121985222505
1095,3.352022839505899
1096,2.5945046673260563
1097,5.438642154688294
1098,84.26204866797336
1099,127.9472966361025
1100,6.033493845454235
1101,4.563562298664679
1102,6.200371896794632
1103,268.39655200755095
1104,4.874607715075062
1105,120.12986297671642
1106,4.7423652036537645
1107,6.227943530883003
1108,16.706305219530833
1109,106.80778214720561
1110,90.35192529833903
1111,3.0521648710428204
1112,216.31620545499064
1113,2.8564654858124516
1114,191.67826474934864
1115,-23.083676889537244
1116,5.502373763071722
1117,286.90834013477007
1118,284.58892861402217
1119,4.671874525197693
1120,49.07689884737438
1121,6.8703592437815635
1122,229.76440478079883
1123,3.3720826644804522
1124,177.65667711760943
1125,2.733432217142795
1126,77.97559689477922
1127,6.388471466292006
1128,-41.46050576822689
1129,205.2954887280999
1130,6.315007051710195
1131,47.796052718270985
1132,4.596770081193461
1133,-85.48846214499457
1134,208.9784747001832
1135,202.24061441720517
1136,-45.24323988490076
1137,4.220629031714479
1138,61.28933042257834
1139,124.87735012714373
1140,116.65731455109747
1141,202.71203510140109
1142,143.4753379735781
1143,32.749241248349136
1144,-55.20884934388102
1145,116.49606987861925
1146,32.7627125144776
1147,4.231655722723341
1148,109.9653378565713
1149,35.20980402535622
1150,4.193476842002293
1151,1.2699615225220746
1152,3.715105744190563
1153,4.260443609611148
1154,40.614591499941184
1155,159.72897484065004
1156,6.672736705887802
1157,90.70873972567959
1158,197.3803281738021
1159,129.4629573269029
1160,102.99044514411125
1161,1.7194582719461022
1162,5.671486184078896
1163,5.509448295136517
1164,4.899263179123909
1165,212.55165330226797
1166,52.68555708471056
1167,-7.229107605306287
1168,4.689192454541834
1169,157.86315035184205
1170,4.817510669935598
1171,4.284924874507538
1172,-10.464593937799467
1173,4.081820231827996
1174,189.5930563179026
1175,-54.7743141116855
1176,239.8096229855451
1177,2.319505647671259
1178,149.4640440846709
1179,2.1877193376219397
1180,2.4293685329791512
1181,2.3468647411060215
1182,141.62605863592293
1183,7.201373734969877
1184,3.8692954357175844
1185,277.07101236516
1186,95.50591298847667
1187,3.9095843131084065
1188,3.01790047050768
1189,134.97988833022777
1190,3.4175010325709314
1191,3.3803603855971307
1192,5.033535288526648
1193,167.95114315229947
1194,5.506730398987905
1195,2.071530419411217
1196,261.9528131912959
1197,86.44732408838324
1198,2.91383062327903
1199,278.4963716667642
1200,52.66865054173325
1201,252.5655903819469
1202,73.36732845257282
1203,3.3376114485944024
1204,169.5349513707316
1205,1.805568407458269
1206,154.02861004917725
1207,117.46622449168588
1208,226.74613381701374
1209,252.2022763666784
1210,206.5027588972784
1211,230.33406516733078
1212,5.861214255051537
1213,4.128188350686238
1214,201.6928794932569
1215,98.18981749120042
1216,239.12895615317854
1217,182.12454306593256
1218,-49.4947496718388
1219,6.063376654395093
1220,5.888845517988699
1221,260.88638826217203
1222,5.847669918388437
1223,2.4480063215085233
1224,2.8891745702162583
1225,111.96317622770044
1226,1.3776058850187958
1227,4.721373224363458
1228,2.141904328005857
1229,38.33486014792101
1230,105.72082814102814
1231,233.52469762708614
1232,1.802939543735895
1233,-19.951538647743085
1234,2.980547176156215
1235,21.886705841605636
1236,259.55672889070377
1237,3.930742204623729
1238,2.5233417000654494
1239,1.6821170686417104
1240,52.48938195835987
1241,2.1091120766750793
1242,4.417575101137257
1243,4.982494135033264
1244,185.30001020903734
1245,4.197853293500246
1246,265.2757550210397
1247,5.874225832612443
1248,107.677155849077
1249,162.5543171639976
1250,7.522602576188353
1251,39.06883345542457
1252,6.139792728973205
1253,3.8846938532339697
1254,4.2476896192467075
1255,32.92678857508435
1256,84.69230056536951
1257,156.66355955418777
1258,261.03198718995145
1259,43.34306635210406
1260,250.1870538260365
1261,5.809585184952356
1262,5.551374361397391
1263,225.69724402156146
1264,2.523891001758866
1265,28.63254724592561
1266,104.29406952324432
1267,2.0621217541204353
1268,5.7484682862712075
1269,289.2030465656122
1270,-58.933111039318575
1271,264.3840738146985
1272,50.27866208230718
1273,9.703199164189662
1274,204.44488184351604
1275,227.72693232505407
1276,43.33119193606997
1277,3.923508286528978
1278,1.7205575999253275
1279,3.987956546925595
1280,-51.06555557968184
1281,3.295725440649148
1282,98.74676194549617
1283,169.98910678871218
1284,2.7625839268709194
1285,-58.54669824660168
1286,2.9822397756239694
1287,49.94047431957343
1288,113.97393015646809
1289,4.017309544986158
1290,218.32349611422757
1291,3.1409110549076367
1292,32.7621182905423
1293,111.23544772406368
1294,258.627611041661
1295,210.27013290900163
1296,5.910743797972236
1297,51.825554303480956
1298,12.51749103278764
1299,6.468906420078311
1300,181.7561715071447
1301,246.66638748403864
1302,219.15913779940223
1303,5.895344085479883
1304,3.6976794179869454
1305,4.976046774562156
1306,53.84717102830757
1307,164.1818852670395
1308,1.8530530709398245
1309,4.535111732382955
1310,326.38295014211724
1311,2.7079875537874196
1312,7.077010360770682
1313,30.787408348032756
1314,141.87501696246005
1315,217.65301960146058
1316,257.80578920398176
1317,81.14504540714083
1318,2.175089515047589
1319,211.1073451816641
1320,256.86905999103067
1321,7.873104857359767
1322,51.767519009417086
1323,249.58362902583414
1324,240.27519662236682
1325,46.04340318123499
1326,51.287596169665285
1327,255.13090495181493
1328,2.9208171594835113
1329,5.991508050363137
1330,127.11285657061917
1331,6.2104612346818495
1332,297.923422659539
1333,1.9015393782218282
1334,337.8480331444289
1335,1.8896075744091907
1336,130.1970625864294
1337,28.8381644132635
1338,249.27891436758492
1339,6.105096165321916
1340,187.53220847702687
1341,242.20534122463346
1342,176.45595980701626
1343,42.53131230974131
1344,126.57960278964076
1345,2.6009011585320545
1346,55.386489358722194
1347,103.35056697408731
1348,2.9324608518203004
1349,218.1570194315621
1350,30.663628219515473
1351,227.70866525054265
1352,2.7140429046724988
1353,18.90578933694915
1354,4.8000857244800335
1355,6.249921941696802
1356,3.662794806043523
1357,6.786103645391375
1358,6.675193107116691
1359,1.6625097850616095
1360,305.62457870455427
1361,4.465744226195653
1362,6.755303219553697
1363,64.78111391050213
1364,3.542430230682384
1365,5.899633220747491
1366,6.6849287660554895
1367,5.914567701776759
1368,20.423723193327614
1369,194.1733944406155
1370,257.51830431092753
1371,216.9510969221726
1372,-5.4606824923336355
1373,3.6309129267056885
1374,187.57420395427295
1375,175.00848359629583
1376,5.618864156966618
1377,5.051468204998705
1378,114.22024151063424
1379,86.05255449034328
1380,94.31804533431917
1381,216.49176421787968
1382,63.996871797286914
1383,55.05168814473156
1384,-1.3560563797483283
1385,178.39562541437652
1386,2.0907191157722913
1387,62.23358676429473
1388,1.623691654846206
1389,227.59288263385253
1390,189.30553963700817
1391,71.39854756474715
1392,51.409768005133685
1393,274.2884398999938
1394,-19.69524625488687
1395,49.73379124298323
1396,174.82620573985972
1397,5.380713264728486
1398,196.12120030694538
1399,1.5727930585953045
1400,109.4976607726214
1401,327.7283918462623
1402,45.41351774068065
1403,302.95619881448476
1404,82.037982305939
1405,117.27298897485107
1406,1.9208998856569577
1407,112.63182134621812
1408,7.800974033881127
1409,3.7412090616341827
1410,252.38046991751057
1411,274.3478921095564
1412,-26.47381927502379
1413,119.35380317758258
1414,262.43170105239864
1415,2.3480406782181125
1416,2.493427151432802
1417,4.20400901464929
1418,307.7946973490083
1419,157.75303979066445
1420,4.697108623722821
1421,32.01745911147144
1422,6.5624736237116075
1423,3.115866522999921
1424,5.4200821138709205
1425,2.168782259122675
1426,-36.45924348216098
1427,3.5271064107270753
1428,4.2857889872815695
1429,4.194941900476923
1430,4.461256887719124
1431,6.3754953263291645
1432,172.9555322476292
1433,2.7857852944517836
1434,5.827699491825852
1435,4.951412202783866
1436,-55.35908447732862
1437,158.66313190350368
1438,121.31373630117768
1439,6.432402901926675
1440,2.3680298863208815
1441,135.8597761768577
1442,190.50155296715025
1443,55.56641983210296
1444,5.865597831096416
1445,43.06585387582877
1446,269.77693410416646
1447,223.10963113708496
1448,-36.30195991119603
1449,5.8873261908094054
1450,271.2964300129131
1451,136.82787555490725
1452,4.991248013435912
1453,5.508344199863278
1454,178.6314830604697
1455,75.22120668706945
1456,-1.601791338316452
1457,8.049835481828715
1458,4.985985807094854
1459,310.2112590399022
1460,350.4645955673924
1461,151.77100642526236
1462,-25.26093471874943
1463,80.33971257924723
1464,5.896957141368689
1465,3.2325084812424576
1466,220.86750892277612
1467,5.7257803099583375
1468,5.390789185562263
1469,42.97367192488611
1470,3.493831322558193
1471,44.98524225461711
1472,6.717857073863198
1473,2.844902723308838
1474,247.1972566216631
1475,103.40253773805716
1476,6.801289607472237
1477,2.6854243693253617
1478,123.67173872911158
1479,4.249643992184641
1480,136.81604545427888
1481,5.860074047892635
1482,181.7459193395086
1483,6.309502290922589
1484,244.2656726829406
1485,176.57692809083827
1486,6.71425767840698
1487,3.6332460101130426
1488,93.05904239902762
1489,6.283057731306744
1490,96.10637399977153
1491,3.776232306490057
1492,2.022541233339676
1493,7.180489231217862
1494,5.284192452559484
1495,29.147885836453153
1496,7.922751036246424
1497,69.14608403739179
1498,5.875502761649443
1499,70.75481875976627
1500,7.400443791518866
1501,5.828807360072659
1502,61.48445712473786
1503,5.63684650213425
1504,2.1013869432849894
1505,5.000081426055996
1506,206.64128009518225
1507,50.81937439684458
1508,97.46397420471779
1509,70.3970628233301
1510,3.2335531638734727
1511,44.07973382658247
1512,59.72327075767081
1513,5.34395533882199
1514,268.5108998423915
1515,50.06784713862825
1516,2.1809639919261183
1517,356.4807857918377
1518,4.4047596318800935
1519,262.5890720801976
1520,5.57234269247093
1521,55.101724952377815
1522,5.046920717942935
1523,2.9598255562671114
1524,122.0277857828911
1525,-27.324675662257295
1526,2.056351233480577
1527,6.028198927583677
1528,3.7333561130692527
1529,219.4850457845559
1530,280.6572632119589
1531,3.614168193614625
1532,4.836276405300023
1533,3.312737902428621
1534,-10.429041291774722
1535,75.69355114262483
1536,5.9493133944700265
1537,2.6419215668136693
1538,287.1118497939803
1539,166.18545534683602
1540,2.158150846680238
1541,164.26574555896178
1542,3.274044803971463
1543,17.666917067139625
1544,7.225121882698622
1545,3.3505265612663897
1546,5.735038899962418
1547,-17.43757330305986
1548,235.4361043717093
1549,43.92209231206004
1550,4.490725739066312
1551,2.275927760204796
1552,240.17779229011202
1553,5.681250138037046
1554,284.0898420508817
1555,131.02810053134422
1556,4.381174207740828
1557,14.73145599667937
1558,3.472749620963567
1559,239.01334232692477
1560,170.05691830141296
1561,198.94674337456314
1562,232.9688735539777
1563,100.80236008704725
1564,3.460187797319767
1565,84.21618698652016
1566,3.616306720807645
1567,12.575443284207843
1568,94.47741017548847
1569,22.629790862099703
1570,292.6589221010513
1571,3.5470298899222614
1572,82.4789290920297
1573,2.1928787669327092
1574,4.258532936248649
1575,5.936554585912667
1576,4.257792000005802
1577,5.588903691168275
1578,86.63633157426509
1579,5.399627996209633
1580,220.20334288580685
1581,219.66765376678754
1582,6.7530928045076255
1583,316.82224890400477
1584,311.5759698465352
1585,6.203363602781591
1586,4.970183426780916
1587,48.918125884415254
1588,289.89572214712297
1589,7.326781184094315
1590,6.321500531193709
1591,175.32037540099023
1592,7.318823521045385
1593,107.20664823778142
1594,143.9934971565559
1595,107.38234491126487
1596,5.70239619287606
1597,62.84598530062409
1598,6.800607327418012
1599,2.8596435095724293
1600,4.339647213861466
1601,2.618468708163335
1602,5.83212887118673
1603,263.0748729097837
1604,27.377974047855478
1605,118.89404181131161
1606,263.7534574711543
1607,23.440700278441447
1608,3.2217857194719444
1609,6.21526412677389
1610,2.757253068581309
1611,176.77999363286597
1612,71.85981784336286
1613,2.9561824504819976
1614,273.75435114805634
1615,6.050048866966694
1616,4.25981228908275
1617,183.49462184743302
1618,233.23255309507388
1619,7.851975146547358
1620,64.11257922421485
1621,2.689967794321006
1622,2.558421407176297
1623,2.686833531756869
1624,233.0791730437289
1625,82.90546288519195
1626,1.6004719091543302
1627,38.361216758894514
1628,3.790149360691408
1629,200.730435958724
1630,88.56201471206722
1631,4.38299120817102
1632,318.95069474448786
1633,4.894026246333348
1634,8.642165365020256
1635,3.6286639752715923
1636,4.446870201049903
1637,5.802450776511766
1638,203.78866406104635
1639,42.0043902642992
1640,4.353385301124387
1641,311.7920060697741
1642,151.53720801402088
1643,202.03230390034784
1644,113.00878485152978
1645,189.93607469802868
1646,5.792000453401238
1647,6.710352164058861
1648,46.92831318198983
1649,4.512068770036186
1650,98.99199911849429
1651,6.4443794308166815
1652,6.308742109614752
1653,222.58731035425916
1654,6.582090142529464
1655,309.3028091207763
1656,61.479078207848815
1657,1.2274359502861036
1658,286.3965315082908
1659,2.1615387647128554
1660,3.7419734418640997
1661,6.785352100745604
1662,186.89062083995861
1663,5.9139711435645195
1664,114.04732034081164
1665,1.183155331632524
1666,48.70153156219887
1667,-54.22845505796493
1668,256.75358903702147
1669,58.295484380082115
1670,2.1234369267240316
1671,2.4811818697699506
1672,5.374387421614201
1673,4.607592088921252
1674,121.7754058175885
1675,2.166818385715547
1676,-54.76600680048122
1677,32.528375988752174
1678,25.305590832530328
1679,211.89428319277812
1680,105.21106440848263
1681,0.9756681826795408
1682,3.191662586631444
1683,66.4242111255741
1684,27.008586005180675
1685,6.7132489801547095
1686,144.64662303975462
1687,6.4315402601070035
1688,140.96242994800696
1689,252.19815659298743
1690,3.2216877915659086
1691,3.5912027412654504
1692,4.030485463519692
1693,2.702150119326501
1694,89.27221232692835
1695,222.1807733849268
1696,114.05898213461563
1697,1.6176953908270577
1698,221.08352502358574
1699,178.38102671964594
1700,108.94396980212528
1701,249.56315733438868
1702,-34.17610981142974
1703,6.0095321072277805
1704,5.667512250394123
1705,2.3636079940910397
1706,92.89319253483426
1707,5.456595608778882
1708,71.16797268584081
1709,146.15010298692803
1710,6.295826088640698
1711,72.63213717467299
1712,1.9354555502130473
1713,5.945572637267006
1714,-72.07485143185184
1715,4.974681020223137
1716,2.565139420902586
1717,11.776927452628554
1718,126.47924368217376
1719,17.53113523668756
1720,6.21137195522
1721,267.82798230379217
1722,3.510100231707455
1723,160.40842518195262
1724,146.42737261779777
1725,3.6619144601017144
1726,4.383327682841621
1727,238.6129765301722
1728,4.2864000382272796
1729,3.050664085574013
1730,82.30797057212567
1731,208.94000547014502
1732,4.709635996600439
1733,360.0563183734439
1734,278.30497521269797
1735,188.7370821234921
1736,3.5783316601024113
1737,297.6325036501057
1738,293.13746213812726
1739,191.47739623279733
1740,91.34124068037178
1741,130.04628297732745
1742,243.9704351818409
1743,5.193712695472943
1744,114.37730711337048
1745,48.2039069348271
1746,3.8374023823944814
1747,7.024426193788196
1748,173.29503732010613
1749,3.78807429902938
1750,77.27615998776118
1751,23.430467537803764
1752,7.104541823531456
1753,6.049230568701479
1754,265.87639995024324
1755,228.83204609203023
1756,1.985488236595627
1757,224.69005546839537
1758,329.68440898396193
1759,4.3578188339834565
1760,297.43275877370576
1761,255.84206144740807
1762,27.98304442090554
1763,42.495496182219696
1764,13.434591571972481
1765,5.103496929747946
1766,239.37709071612613
1767,189.44383014653533
1768,6.22879726503302
1769,122.98914713683669
1770,51.05126931925372
1771,2.9538119764246162
1772,197.72539823300903
1773,263.55812972609374
1774,6.093834867435445
1775,291.6244691497958
1776,2.860768762492294
1777,23.15154538935363
1778,38.25445279635149
1779,35.09326152473121
1780,111.41917313401363
1781,5.656604207642659
1782,203.33745281096665
1783,225.25189130941132
1784,4.369094920329075
1785,61.95316979343342
1786,2.665102330615073
1787,74.53237873932525
1788,5.013889661133332
1789,2.6648944395072522
1790,59.18205274772078
1791,4.048980363447241
1792,2.574690837700609
1793,1.7976088969270685
1794,169.99150563220167
1795,190.9784609414897
1796,290.69664073227796
1797,131.37089650566077
1798,5.953540952576244
1799,195.50805783839542
1800,167.7711079626883
1801,4.974319583295091
1802,1.9475287376517345
1803,131.61294775157825
1804,4.165706671084022
1805,173.87230128978106
1806,5.513993955711209
1807,275.88862882382017
1808,141.43912413902328
1809,62.201590021276665
1810,4.123475355803978
1811,2.6076301035553424
1812,20.312861312891602
1813,3.2126073814632825
1814,167.66673221106296
1815,269.22124684852764
1816,5.086599530836607
1817,107.72090787053506
1818,58.94960571829848
1819,232.89096612554127
1820,7.763243850157742
1821,3.298428958145218
1822,252.93328611482346
1823,1.3540758649228675
1824,74.03392729292577
1825,2.265311976023775
1826,6.159665235738435
1827,4.206857404605775
1828,2.1136901231149023
1829,237.40147577482492
1830,230.6272045931828
1831,6.724987374685602
1832,38.79127076854973
1833,3.485810354549635
1834,4.275998919347902
1835,95.6021565847222
1836,6.442308268687098
1837,5.98983442009187
1838,5.90955250674576
1839,84.47230949622586
1840,-21.629089756412835
1841,-91.81124309959539
1842,234.87115119952477
1843,175.08141671879415
1844,262.54905396117414
1845,155.48348270036314
1846,32.85211967196552
1847,263.52893873256227
1848,127.9643679519591
1849,3.828909981507279
1850,5.561312762897158
1851,-79.90195399947936
1852,6.6785431122628385
1853,74.95972074725871
1854,72.61730211652267
1855,5.5111542017689406
1856,179.16813653721076
1857,2.803192567579843
1858,5.1078391438839565
1859,6.516733390717432
1860,5.304112900616616
1861,146.31977818577113
1862,6.317842519264806
1863,76.84025450422733
1864,76.6731952936563
1865,210.97359340072757
1866,135.8271869433031
1867,96.92582112287607
1868,272.4039588905649
1869,159.76858450448992
1870,3.529109303252695
1871,193.79386214623378
1872,51.223652028833385
1873,2.7856448572239145
1874,28.351855033279097
1875,116.06246342971758
1876,2.6905880724332096
1877,2.68107184697063
1878,60.83113500836029
1879,67.09826443057796
1880,270.8086673453503
1881,6.258483079034577
1882,94.28637516225413
1883,7.2605614365933855
1884,96.48892291644341
1885,297.7766149021827
1886,269.55234934247545
1887,3.236053287980989
1888,215.94649527489707
1889,234.12452947316177
1890,2.4062530121531127
1891,241.88820887107238
1892,248.31972709085906
1893,4.419581915741655
1894,2.0669792884731306
1895,7.090450134884811
1896,5.738222727918617
1897,55.86035865160784
1898,-55.019215033411264
1899,3.1156566466969364
1900,5.943608625847018
1901,266.0464208471155
1902,225.28097323693203
1903,-62.50724626952699
1904,58.89572772341922
1905,50.75727930122231
1906,166.041431628906
1907,6.672493075990692
1908,6.299582900979869
1909,111.66475863071334
1910,5.696382220668887
1911,5.39675784028009
1912,3.692275386877474
1913,68.66397030557255
1914,-31.85576588968921
1915,7.446937115264246
1916,1.2378820411159237
1917,2.7878619752382825
1918,170.4629048169896
1919,4.890788012552668
1920,4.581806956148469
1921,70.25674324117098
1922,3.26789549291268
1923,6.837226989468234
1924,2.5971456841473968
1925,4.505147202398293
1926,105.32399944759108
1927,172.36898277196374
1928,3.446058762103933
1929,52.87436638558336
1930,2.9230212952749697
1931,6.150063906108959
1932,4.80107964563457
1933,3.0481060578256556
1934,249.24056973161717
1935,6.180165489460167
1936,4.658263885789221
1937,-1.5268145548276122
1938,-29.567400113026544
1939,2.6906009172924708
1940,265.23860835050937
1941,3.4511233268237107
1942,229.50021681639106
1943,3.840444401500832
1944,229.32565497921905
1945,294.98308800981107
1946,6.063167514261174
1947,97.19392522941052
1948,5.5077244317149745
1949,-10.696605554281287
1950,36.98652306480801
1951,2.7164100217671376
1952,38.18858191290364
1953,316.90541972037585
1954,2.7072032331216382
1955,88.57549785718456
1956,2.0405002429017025
1957,104.84543207543622
1958,3.783665220652143
1959,172.19421494864
1960,56.35911148320945
1961,0.8244743119472393
1962,4.277410953515617
1963,3.199342052143926
1964,5.03495401821394
1965,102.10834287598621
1966,3.6703836448429006
1967,4.786060894766134
1968,288.5000143150423
1969,43.64560339684856
1970,5.754253538242594
1971,1.9535705621442507
1972,114.14614515113692
1973,-43.24463419487596
1974,2.476721293325846
1975,2.472494302644989
1976,305.4851593904753
1977,1.5892648506522584
1978,208.581819552795
1979,111.28333790929909
1980,275.95474475199666
1981,162.09993405019355
1982,116.2640273310709
1983,94.10112140449851
1984,8.240859061024302
1985,4.603560281993433
1986,3.949896034291578
1987,6.170793928115323
1988,1.2472378560627542
1989,5.853217597627911
1990,4.242943278287937
1991,7.2543000560659925
1992,4.328794732111889
1993,30.919193100146757
1994,1.9161100932471447
1995,107.40613690909714
1996,3.9405050005455617
1997,2.6372027923182815
1998,5.4360761244795786
1999,299.927590711411
2000,5.89963509132024
2001,294.4816843301216
2002,-47.19673187062415
2003,6.736830150502573
2004,330.8057666431333
2005,57.03577210862208
2006,4.495504047120081
2007,48.60887990686217
2008,227.04825652070775
2009,143.1500770720295
2010,294.7802797045559
2011,5.592231531257463
2012,182.55986061009355
2013,-39.968696932308696
2014,284.0970505576215
2015,175.3168517741101
2016,32.16645390259077
2017,3.030981151377079
2018,49.21692155470438
2019,73.68276557702893
2020,6.728138065629424
2021,4.403574308406875
2022,174.11972770432246
2023,57.029270781158935
2024,2.9524532161084407
2025,4.453182393186403
2026,98.83281794506408
2027,5.974011976631907
2028,6.240990055328991
2029,43.71404007682793
2030,289.91926521624475
2031,71.01096734898059
2032,293.59495049322027
2033,227.19248766439384
2034,2.56197513655321
2035,58.42381204611206
2036,205.63543744697563
2037,4.841990876597027
2038,3.005943609592042
2039,2.71516039812093
2040,106.58497181705374
2041,257.3689418077177
2042,4.153621232969907
2043,170.15302467109558
2044,2.35897664399674
2045,90.93165881803759
2046,281.31696657846805
2047,5.4916610265171375
2048,-33.04923002196037
2049,2.0655831874396733
2050,362.37249279883986
2051,3.805269025224362
2052,3.074064301791635
2053,243.57662881547785
2054,4.597678046554217
2055,3.9913689082332646
2056,-59.671200500289046
2057,201.61294185780298
2058,-10.135961259359927
2059,5.080172906356298
2060,18.276529003101977
2061,2.260351713191177
2062,165.41767059969706
2063,3.5037496201673166
2064,3.8439770111103018
2065,3.087387566193252
2066,2.0757427663458086
2067,5.804348955260345
2068,3.7938126111110964
2069,1.3606342840820238
2070,277.54876429073687
2071,289.89572197081344
2072,4.450971936239758
2073,192.76594406891286
2074,366.01509639661725
2075,261.56896941736767
2076,3.5860011428777305
2077,2.967306670973935
2078,3.8747771616118634
2079,4.251216473778051
2080,2.7749629218469405
2081,3.0196769518424693
2082,5.247642439834035
2083,29.29444321905404
2084,2.6215525548150382
2085,4.725760072916082
2086,151.0884176772476
2087,69.40889265939279
2088,32.665734028761385
2089,60.162273814904054
2090,247.62349308461887
2091,206.97639070688382
2092,-80.18793093304653
2093,5.062473233738421
2094,3.5809570531268937
2095,93.64894599441034
2096,25.42247185033427
2097,103.28823627230727
2098,5.551799693792365
2099,-13.14867619261398
2100,14.646720133941598
2101,5.510864781125981
2102,6.653648227017696
2103,74.25767855595308
2104,45.863886779522645
2105,30.24950700517189
2106,312.5939697299089
2107,7.216083851647349
2108,7.55421814057576
2109,5.976705943275784
2110,255.32905299340814
2111,3.554490621051836
2112,42.54549170787563
2113,90.74145116329863
2114,2.3632914118549193
2115,27.89680816786494
2116,3.7441704907292364
2117,3.6757834325837537
2118,3.556169944270861
2119,113.22907808920812
2120,3.9581285072001178
2121,194.14736907749037
2122,216.91874123916438
2123,2.816395020402738
2124,1.5787522537394483
2125,4.498179966547072
2126,5.929002618573425
2127,69.21757655175418
2128,198.64784092441104
2129,1.7727708228950816
2130,2.3545541339457836
2131,5.6486788621907795
2132,5.944320677642844
2133,222.9398443089422
2134,54.939452870372754
2135,206.5860309398168
2136,38.131150708880384
2137,218.1890376448331
2138,3.0555493917330523
2139,71.22976024597499
2140,60.787277144595755
2141,39.64961044269469
2142,5.719009672626577
2143,-30.785505683643034
2144,183.54900527025367
2145,32.80680846667481
2146,4.113013722550458
2147,3.8008603092722293
2148,47.72913686134542
2149,-54.71704037554949
2150,3.8599781629015277
2151,65.40549305238935
2152,5.026945070212934
2153,3.120382107656226
2154,2.097672383708253
2155,2.259810607582637
2156,5.90955250674576
2157,157.86243391978053
2158,3.5512731653494085
2159,339.98842604879326
2160,245.13063926660814
2161,306.8428338364015
2162,1.9178997942669342
2163,307.3036785258157
2164,6.393976170392207
2165,2.9080673819697367
2166,2.6691685110153704
2167,46.39132933606374
2168,296.0795246909274
2169,2.5055579468406832
2170,2.4104855211329497
2171,155.75011791597666
2172,5.521827128838785
2173,257.6262939153946
2174,261.14891786680863
2175,0.9796838657984128
2176,4.6413795537794496
2177,-44.630333140755226
2178,4.5145248428267815
2179,68.81600942935766
2180,275.1069526475712
2181,2.8180273851437176
2182,187.30886026871917
2183,186.92257174421323
2184,5.892883941114803
2185,2.8981173107537064
2186,2.917211515552812
2187,4.442770793983932
2188,248.31109078436907
2189,231.49808576666996
2190,65.38823349942498
2191,2.8210779413632174
2192,2.9590617861564463
2193,111.11379461771442
2194,2.930271605650476
2195,4.9306965078278076
2196,6.430198862321588
2197,1.9510229819274028
2198,4.264558179567233
2199,3.1392113892835782
2200,1.706417731849021
2201,4.116114648387287
2202,76.07983737571179
2203,2.602324584555279
2204,1.95350999331945
2205,133.85819586758512
2206,5.274669789428146
2207,168.39679610844107
2208,5.058428046327371
2209,28.48504749398072
2210,258.1683149643817
2211,1.8433140641072119
2212,4.534021100697739
2213,6.409499808569807
2214,94.34833398261249
2215,31.660870604628244
2216,84.51054769917697
2217,4.366398230073422
2218,45.03197267893604
2219,2.560978837686804
2220,5.611001428704936
2221,3.2696551978308435
2222,-46.18161907902723
2223,199.1616512203051
2224,-40.868945187870686
2225,176.35178587999883
2226,13.026903641408515
2227,53.77578534253334
2228,145.7400229564912
2229,122.08059978093223
2230,3.292844494844001
2231,5.432514325894726
2232,4.246605442785925
2233,254.05955507397118
2234,226.0797359782888
2235,226.59887174902983
2236,3.4739153588697738
2237,3.6524930446602415
2238,247.45860258298978
2239,94.915009793541
2240,231.67467340077184
2241,2.5431009312541972
2242,231.02530439544495
2243,6.064591677377056
2244,95.07303333206772
2245,234.74441185373485
2246,112.44937119742167
2247,233.74172119506275
2248,5.742999633606703
2249,296.9399106639362
2250,141.0812521313919
2251,4.858987660201434
2252,263.41399502479555
2253,6.050810728509999
2254,160.2458473986383
2255,-84.21143874010654
2256,42.39255114907513
2257,1.6776668506891035
2258,2.613372160898282
2259,85.3806154157296
2260,6.1703035031377755
2261,76.80849426490269
2262,2.12868227260161
2263,95.457519176874
2264,-3.954392318904484
2265,54.90528880002189
2266,2.3084909071674233
2267,3.205103019462155
2268,5.407795480923237
2269,3.9409713067159737
2270,8.667379219874032
2271,182.02259224397616
2272,48.73684402106156
2273,3.5728959053856113
2274,6.302342768185055
2275,6.805397269676986
2276,4.422438440096689
2277,2.3942608067847075
2278,1.9027070882455597
2279,6.225255447601656
2280,2.6610923171922227
2281,206.01761519213073
2282,2.694990229153353
2283,3.949363602119365
2284,229.9693164950436
2285,3.109703032881081
2286,-13.560358006406432
2287,5.739840873739642
2288,2.6216317454795286
2289,5.261353491675749
2290,-43.47878770870585
2291,44.525294384867635
2292,4.653679065191368
2293,2.04602398613357
2294,5.25849861900742
2295,2.930355121347093
2296,5.268259226063448
2297,133.59725730302438
2298,-46.992551010026034
2299,71.36562657180117
2300,3.4134063594429644
2301,5.443986129078985
2302,-77.60746224451137
2303,159.01757769396488
2304,5.765252934214871
2305,45.804903045222645
2306,296.6610993275728
2307,18.77259846186542
2308,51.410997235524164
2309,6.220809789189039
2310,157.1894324151039
2311,-56.9436071606833
2312,83.57320457594986
2313,4.136474874224409
2314,4.685416792152788
2315,251.47365894072158
2316,7.061982348691504
2317,3.9615536026126366
2318,243.48461960374047
2319,6.575677717624833
2320,74.93391239128644
2321,3.538943969210294
2322,211.91689707861474
2323,170.5395782311454
2324,2.0267069541495992
2325,40.34497230887708
2326,3.4188320709948927
2327,106.82270704184134
2328,3.675567505810678
2329,345.6033953458288
2330,175.08253228416564
2331,1.3143635788410097
2332,267.8328666212902
2333,-5.2637775452017035
2334,23.420923127275977
2335,5.451608121789768
2336,57.57640438079478
2337,144.7540520683458
2338,178.45367607870253
2339,28.767696969492523
2340,57.95686783426332
2341,128.0821238483848
2342,2.261061009257638
2343,6.248593314358101
2344,257.82010272274016
2345,6.007113202929709
2346,124.00398489676101
2347,94.01844627816276
2348,1.8512663920150105
2349,252.8733461347572
2350,29.95256921453305
2351,4.862706804001076
2352,4.904881781110926
2353,1.5633446911581985
2354,-36.10808364543869
2355,140.09497047203962
2356,4.11227945886224
2357,110.3257582885594
2358,6.509812807943474
2359,6.684271012059794
2360,4.731542681212556
2361,5.296024292170515
2362,268.4403867460744
2363,4.0570631200708425
2364,244.52203433476492
2365,84.1391098407359
2366,58.56674089420015
2367,41.41958198423356
2368,-72.87693501090759
2369,4.239961293829545
2370,216.92267185929583
2371,44.498476561385644
2372,86.88662526039838
2373,2.027493716126784
2374,-66.54920263748754
2375,1.925721913998283
2376,112.4276639381886
2377,115.47708704835658
2378,5.227956834910897
2379,6.332632809987317
2380,27.19819591204859
2381,160.3701131392525
2382,171.5577846757703
2383,54.147649138579766
2384,3.3103149336174686
2385,255.04936117582628
2386,5.898192906571484
2387,59.3849298453253
2388,262.7530085441272
2389,76.52766627104423
2390,1.9624868431140643
2391,111.01481370275289
2392,24.589873273543716
2393,99.11566291224759
2394,123.38873896107158
2395,5.979301807667425
2396,2.39747470839833
2397,284.21510430891044
2398,271.3779867134879
2399,4.501359523761517
2400,196.61102849241166
2401,59.577597310115124
2402,242.11767624991103
2403,6.2385834816152785
2404,1.9761523452967293
2405,5.279706538389828
2406,2.6769819054943422
2407,83.81879950429521
2408,268.38094749236984
2409,199.14365300015734
2410,4.153280672241581
2411,6.433007227034533
2412,290.45550240645247
2413,-7.620632986197501
2414,4.2110102628844714
2415,80.98438589491857
2416,263.850188642789
2417,25.93283556937986
2418,3.2984353955944896
2419,3.720193477064152
2420,1.8597100789440952
2421,17.305379855470832
2422,232.0330071704861
2423,2.5398976361050947
2424,181.50801484729084
2425,5.899913645430638
2426,-19.714902901279103
2427,162.54454412315886
2428,37.91120975915786
2429,4.304114593733172
2430,5.918146879430806
2431,3.466248238831235
2432,312.86015089100476
2433,252.85057372229792
2434,4.117755352251129
2435,50.32363518851977
2436,242.29516529109893
2437,-85.49932298179694
2438,6.113768371366602
2439,6.722018201457486
2440,181.33743822034248
2441,6.318109263043424
2442,6.017301979721548
2443,4.909425793148481
2444,-56.35825253220324
2445,6.467067511911156
2446,5.464130875313614
2447,223.7605747194122
2448,6.343570808731723
2449,6.51545047504381
2450,42.44541612958398
2451,3.2218388224095262
2452,3.642617442601388
2453,38.54848591515955
2454,313.3650202629432
2455,146.30359120564546
2456,3.5778624733401405
2457,257.25094579131394
2458,6.196005005589687
2459,1.5465479281093395
2460,5.853075629926722
2461,57.21111477786172
2462,66.79020787184665
2463,6.079852134040474
2464,-76.07874817833311
2465,29.453704894093008
2466,217.61416428295377
2467,161.72301052046384
2468,265.73341472444116
2469,245.7619463445356
2470,5.599027912695924
2471,136.2573244075725
2472,2.5393869539093066
2473,56.17714137832346
2474,180.8309057581058
2475,6.295832110925607
2476,91.59135806668982
2477,158.1946718791308
2478,145.59127013926027
2479,5.490107004319146
2480,50.17063255958572
2481,68.57755976915338
2482,2.2463435915174643
2483,5.183587830532923
2484,114.03621090998979
2485,129.99398761108753
2486,6.7357145110623335
2487,5.395799069350145
2488,-32.643479884679145
2489,196.0244063821042
2490,5.731818259307341
2491,156.15234177843058
2492,30.574055277838422
2493,46.533063646476904
2494,5.868861582621194
2495,5.240189403679018
2496,127.45828582762653
2497,68.98984154437197
2498,2.0500631381223484
2499,6.739166240937639
2500,1.8556733038459323
2501,91.8842093100968
2502,260.38104842723226
2503,80.2870663555798
2504,350.03469322079167
2505,3.408418652112227
2506,4.489653827062464
2507,253.5320271879118
2508,202.555729152916
2509,88.3274290969745
2510,6.678532477820372
2511,200.37525728892854
2512,81.21591503445076
2513,130.19453019911793
2514,215.43223559722824
2515,304.20382787818545
2516,2.028705405154696
2517,2.271486807341792
2518,287.70181533154835
2519,4.214220417004222
2520,83.78235066297366
2521,134.10408315902728
2522,2.50797777837259
2523,6.622645667143591
2524,4.6998392274425544
2525,292.09548679080694
2526,4.182603334320306
2527,3.4465646924536344
2528,239.46110897122477
2529,148.29866838255396
2530,234.51949720648992
2531,254.33782801307174
2532,35.768785990581
2533,1.7013846974212212
2534,6.019808025029173
2535,5.904289824613479
2536,3.468301103005393
2537,6.653523570582204
2538,5.952009669874954
2539,159.03362145158226
2540,2.5642570223125336
2541,9.758488386620638
2542,-6.124832650543862
2543,5.618033500726871
2544,167.1580576666903
2545,2.418197189769389
2546,267.14508481513656
2547,21.41613924963479
2548,31.587201650367376
2549,170.05223929339445
2550,125.26691015737545
2551,-27.773879936008385
2552,2.3891047805648573
2553,284.7761420360657
2554,2.0133169374835616
2555,53.80204232830381
2556,100.27550023706908
2557,3.76857963916236
2558,-9.866134266097026
2559,6.344265739374007
2560,221.8272024847994
2561,2.218146685534879
2562,218.75087487302943
2563,238.20439521424828
2564,290.48000675739075
2565,4.611574699975187
2566,4.844107531445012
2567,251.8042512319632
2568,58.729066412644976
2569,63.8729301066776
2570,3.62225144030274
2571,91.08549007927314
2572,-34.95351873761725
2573,173.98485892346056
2574,3.0831620601456997
2575,4.609284279998116
2576,3.490964108259838
2577,5.652787488164437
2578,28.035032750580122
2579,6.192014119449476
2580,5.936098758548728
2581,3.01009775115617
2582,-28.41923526365982
2583,2.207731528036015
2584,6.822875514847683
2585,52.494787561653666
2586,4.751817177666962
2587,212.8261389962106
2588,199.9316071381009
2589,4.774780209611752
2590,36.75954052087913
2591,1.8075709553452228
2592,127.23105002910576
2593,59.29224685116175
2594,71.2505066264637
2595,53.655177539105466
2596,50.57269062983717
2597,5.539158773526947
2598,6.424008329435019
2599,25.189433119614
2600,4.055046389047909
2601,197.92114304535315
2602,6.121466950394167
2603,371.7677945898299
2604,183.42490780362726
2605,49.528650706924765
2606,4.2595289749381875
2607,51.65069044473701
2608,182.85444256608372
2609,28.09859126589159
2610,2.6269943620409824
2611,10.515910176616188
2612,2.7555837733622894
2613,4.477949550044293
2614,3.1618462591072998
2615,115.75754852875839
2616,188.27881004263725
2617,251.5510776226016
2618,200.57437461208525
2619,4.989356332887917
2620,2.579766708325624
2621,4.109825005000088
2622,2.7966838683718507
2623,1.1043006183782875
2624,6.988782875645401
2625,127.42319159804651
2626,285.52182624004166
2627,44.02368164888469
2628,127.8191957459922
2629,54.66028190508525
2630,121.13405198803926
2631,23.8422314009914
2632,6.338928648170151
2633,284.5479910187921
2634,65.38727272811131
2635,157.24433090454477
2636,-48.88124489708206
2637,2.981985775823862
2638,-61.64987571156288
2639,-58.44614238991556
2640,198.72379857072673
2641,3.1526414022123284
2642,5.650629754860331
2643,171.0303945271759
2644,137.32058563906307
2645,240.9136656767874
2646,2.848241187061409
2647,3.2141919085278747
2648,5.07902346554839
2649,6.519387724528956
2650,244.6179986617753
2651,198.8985786292315
2652,73.04906046668258
2653,3.4747048143899404
2654,39.05277560522726
2655,230.05391502827075
2656,250.83002931494664
2657,3.0384044913209096
2658,23.672016873912852
2659,290.9801727372753
2660,1.8628962089663637
2661,276.28883342625176
2662,77.56539735563294
2663,17.152274769955962
2664,59.21685745419589
2665,263.6055193506256
2666,232.5474789969381
2667,-35.02016544325295
2668,25.91722459466112
2669,6.765601226665474
2670,108.3785882670289
2671,197.16948368162917
2672,111.2184081792249
2673,233.25091224327232
2674,229.21269262187778
2675,1.5856672624255332
2676,-77.9974857466524
2677,319.9862020052213
2678,6.731759247971264
2679,5.673872551291028
2680,67.6952760083462
2681,5.283621614649422
2682,3.116133841041642
2683,2.212896621749637
2684,2.569547376372667
2685,6.415101151817893
2686,0.3709183596488217
2687,47.27526153149673
2688,84.04508656757386
2689,32.12270692884457
2690,145.25905868302038
2691,83.5181058848169
2692,49.48840766618434
2693,145.18035361272197
2694,126.50146001533142
2695,7.838186528796458
2696,152.1721898381914
2697,3.878034525919688
2698,2.5971145764780728
2699,4.222679604749862
2700,205.81305293624388
2701,66.51844230003232
2702,34.91111011113766
2703,3.7625559435006837
2704,204.76477087989014
2705,3.0270252126443356
2706,5.640518346183084
2707,203.1885514314528
2708,3.4969186122157128
2709,41.24149716319559
2710,5.87139120497455
2711,153.78572820545813
2712,1.8790685478161748
2713,170.68387162471066
2714,-42.375577700194256
2715,4.649484280380413
2716,2.894190337835817
2717,267.4362378925739
2718,4.23170614571078
2719,3.027739042587614
2720,6.58603418433111
2721,6.4938814564990786
2722,4.297589346866147
2723,238.91433642432688
2724,6.248742463351045
2725,32.38095288778818
2726,5.062713380026555
2727,309.1019215636299
2728,57.151383367549215
2729,174.7772711685916
2730,169.17937350911123
2731,172.43675328643866
2732,6.584928411916112
2733,192.9362325994983
2734,115.02189447397326
2735,90.83995065361685
2736,60.174524886726374
2737,187.3991065137208
2738,136.09992151446463
2739,79.76640912887869
2740,5.832022113562404
2741,43.7999630568567
2742,1.2778906504589018
2743,15.517355979645684
2744,-11.523807234623792
2745,4.162767125564568
2746,206.31580605926956
2747,175.2004698182829
2748,2.5790106416712906
2749,5.3796631423104095
2750,212.58733379182166
2751,258.86975063144996
2752,2.4912180424642942
2753,135.68912199173536
2754,0.31561977195343616
2755,31.700110623536318
2756,279.537316586557
2757,5.9115309915722705
2758,292.66633121281086
2759,79.82354878009009
2760,167.7809619889881
2761,6.431633817080623
2762,4.203401359731233
2763,123.79596231746484
2764,4.107208425392335
2765,108.83685557378283
2766,2.1276207433271757
2767,264.9542817242709
2768,4.3179229465776485
2769,3.8014380975810393
2770,205.9641466423917
2771,127.05218871260976
2772,7.060164193531882
2773,3.0973308698655
2774,4.89841748512741
2775,6.2915143432180205
2776,3.842587997335075
2777,256.1201114214694
2778,29.61517027155782
2779,2.072243614011014
2780,2.8967764792647923
2781,238.20936294413724
2782,216.70569749385209
2783,6.002184172745837
2784,16.237154168435428
2785,5.9903776676689695
2786,3.532177018270441
2787,82.45440309499546
2788,21.40629312509111
2789,163.36166079521166
2790,216.383710687111
2791,64.33856796730927
2792,124.60047307792118
2793,183.92637951518492
2794,173.60783818073713
2795,42.429534630021365
2796,238.35456034323028
2797,90.10235354354676
2798,39.00524365813369
2799,13.500988265614142
2800,5.590196547797561
2801,4.116387453876463
2802,3.2515618938034905
2803,78.6507974753507
2804,3.926604004436956
2805,47.803978595514096
2806,6.56455596136895
2807,39.95077981573346
2808,76.7853391519683
2809,6.046701804032868
2810,5.657542536996833
2811,179.88840952361628
2812,5.950497482754924
2813,-5.609204550448396
2814,5.946951518049648
2815,260.84716043853564
2816,68.32926589263118
2817,260.5606995266664
2818,114.76123946415517
2819,57.09815104152921
2820,140.85463600220962
2821,37.93566626948151
2822,6.207769467945008
2823,56.533741151146224
2824,263.889982214605
2825,143.23145935186807
2826,-56.63349345225253
2827,6.525286309182409
2828,5.546137448032719
2829,4.877295812842156
2830,5.536193995246605
2831,5.965215330053727
2832,5.7767074189932055
2833,134.11743045978352
2834,4.020003571734228
2835,3.154700173728891
2836,3.272868014365815
2837,3.3238637740972767
2838,5.798111807425686
2839,2.0125776580349637
2840,48.7310139699101
2841,55.91175758971342
2842,285.1074689287631
2843,5.73708502038004
2844,179.164497599426
2845,286.30197915194196
2846,3.4642619315994034
2847,99.1324969004895
2848,14.737895245675238
2849,-50.43569912101168
2850,6.616169510830635
2851,6.6384382536957265
2852,-15.528311288333562
2853,81.23360225781857
2854,2.1112272064229676
2855,45.958308238578795
2856,5.951836764670305
2857,36.27142748327577
2858,220.35338297560685
2859,1.144868003430855
2860,147.22619336969663
2861,282.076058723076
2862,266.91197640938907
2863,2.760721416664965
2864,281.0078569959901
2865,247.6694571644618
2866,1.937378505500405
2867,2.338845686044111
2868,83.22538820497732
2869,46.458044571668054
2870,170.14950219880552
2871,6.286038788572421
2872,288.04362983236234
2873,5.076219049527018
2874,51.029553927668886
2875,4.785975548825528
2876,-49.59079370120937
2877,289.91320962241235
2878,-73.70219829730598
2879,4.912525434073151
2880,212.0177669432944
2881,6.040621583669489
2882,6.1422087542682675
2883,4.066898659451478
2884,6.601386165396603
2885,175.7588101745597
2886,235.71250484803124
2887,5.904368364323978
2888,1.568853129325667
2889,6.430231881983122
2890,2.5361621388585105
2891,-58.61021761639831
2892,162.16277816539485
2893,124.53454332829375
2894,70.99964161465051
2895,4.870789134967643
2896,2.407259929389614
2897,5.512818433818447
2898,99.38429973925682
2899,39.920161975696765
2900,3.0373744713105526
2901,37.41749113083884
2902,238.00463688264176
2903,267.5797709198945
2904,4.175438801987446
2905,3.7569286120983945
2906,33.42785083354771
2907,3.657556196678942
2908,34.70258166032416
2909,2.084885764132476
2910,113.03851946655782
2911,3.6212503265402596
2912,2.3492851688172722
2913,6.246432303879629
2914,-21.780010152866275
2915,8.015467581620701
2916,206.42792250777723
2917,169.3059363372276
2918,3.927613231176245
2919,358.87289111711743
2920,193.50830927814022
2921,5.173771821237627
2922,3.704511409308377
2923,215.2909941069014
2924,5.507078668327859
2925,4.527094938822284
2926,6.010806555110699
2927,36.31803724651063
2928,6.4941151843039115
2929,168.54132122578886
2930,270.0786262170787
2931,2.294783419048225
2932,5.49820748440012
2933,-64.64436976011385
2934,123.28156898551772
2935,-16.0285095446848
2936,-56.654939918040725
2937,6.3578752049339995
2938,35.719506830563446
2939,3.0831390849540825
2940,132.60672784347832
2941,73.426715525629
2942,60.27482767742876
2943,6.319869542127922
2944,6.454244455797193
2945,5.830905876855603
2946,6.350116633879874
2947,-52.4903063578147
2948,2.4299240870916092
2949,6.6354383102810415
2950,2.766496111595938
2951,156.77131085720936
2952,134.35938457322246
2953,7.0585058195191275
2954,1.910889153605463
2955,48.08273099034176
2956,6.306032540802325
2957,111.18590746579865
2958,6.0962907838611695
2959,204.91843644051573
2960,6.2775720776032005
2961,205.16603153047595
2962,3.6623536841913387
2963,4.066940344103544
2964,263.28468679704935
2965,184.90510151324244
2966,4.654678630483978
2967,3.303838516802289
2968,177.4694136753259
2969,-82.76188778413697
2970,1.993477448584958
2971,220.24291533034858
2972,6.647901060455456
2973,197.14081372003136
2974,248.97869880831794
2975,4.694896408840151
2976,57.94545413620828
2977,36.25337923117257
2978,4.577085330482939
2979,4.624764933301242
2980,304.39685287503124
2981,301.6877124626716
2982,130.50921111750364
2983,134.5580781284323
2984,274.49725646724556
2985,128.82815438830804
2986,296.5524865555551
2987,228.7629951135653
2988,115.7676283345847
2989,101.43552149479177
2990,50.19648510058914
2991,7.013516186736404
2992,3.091157045265975
2993,5.739662795766465
2994,9.152056902384675
2995,7.932120294934391
2996,4.49177832540941
2997,3.4014401324661416
2998,63.772635179831475
2999,180.168705791049
3000,64.07847278149087
3001,3.350840493995535
3002,300.6476399236736
3003,4.495222551779823
3004,277.0415925623071
3005,93.00266115025907
3006,83.50358925739658
3007,6.475793701533892
3008,2.8413322231350566
3009,21.06175775563631
3010,4.19023936181341
3011,60.48543698394297
3012,5.32235805163263
3013,194.72136315016314
3014,6.654688276469818
3015,3.7313613952810476
3016,5.95072746934411
3017,6.260642144085759
3018,4.531707482160169
3019,224.2762098097307
3020,3.2857437794881186
3021,234.91536756280436
3022,283.0928733000869
3023,3.0268102105790193
3024,101.96419588622265
3025,239.1285087065838
3026,169.54267988125014
3027,6.499340334944524
3028,5.3608289608193065
3029,-15.091467726765353
3030,-41.04373465963303
3031,6.0746252499623665
3032,7.12280911976891
3033,5.037873887237797
3034,140.74700382095452
3035,153.48337828878445
3036,205.369346838384
3037,5.805826201241402
3038,2.0337408761279274
3039,-33.27466064155608
3040,152.5302452416357
3041,4.778003583373657
3042,7.484122994328484
3043,5.87395347822217
3044,225.80712828443882
3045,182.5259130409291
3046,4.310094472913398
3047,4.310693360677234
3048,58.49903066112549
3049,5.926497128430478
3050,231.78881614475412
3051,83.67183803398964
3052,6.5742129840658965
3053,4.3361055749952495
3054,126.9903148148575
3055,183.06900146728557
3056,50.5132238285748
3057,3.2283296707858447
3058,97.74730203985918
3059,1.8725311790708172
3060,257.339507204499
3061,4.874872401917898
3062,240.79355799055764
3063,144.38112839366985
3064,234.9797775095737
3065,250.19041398351573
3066,134.79015503972175
3067,50.56613251652885
3068,6.1242190895869335
3069,6.071169485300418
3070,3.650313806802777
3071,6.186203910634167
3072,195.74563491326728
3073,140.8098518181573
3074,6.2659875338917335
3075,5.943214018429083
3076,158.05035279735017
3077,-3.279394178104253
3078,83.75487783036337
3079,5.849473722020855
3080,3.2959245092347085
3081,-12.035940458532957
3082,85.07039045503083
3083,161.10997182729938
3084,1.002002906562431
3085,5.4245977675172705
3086,200.54070057957523
3087,3.1598313117139027
3088,103.25023574493575
3089,3.520393599738054
3090,318.2136470244655
3091,117.84677972332021
3092,113.64696483708856
3093,4.087617339015403
3094,168.00319717009498
3095,264.27834890484166
3096,135.58161599119865
3097,4.498858200523582
3098,5.896439136002205
3099,19.124373035721007
3100,79.43011270486127
3101,3.492798011871331
3102,2.5788799783239873
3103,2.9377922373928254
3104,66.14663368883335
3105,14.56282132741666
3106,26.95628081337449
3107,1.369104970875168
3108,2.540825628631991
3109,6.376022780440379
3110,246.08587341349016
3111,2.164087042297538
3112,210.89108040429602
3113,5.537430487409466
3114,74.07755080104559
3115,272.6640704088795
3116,86.58648104304086
3117,44.42507723286749
3118,285.88266171000805
3119,4.019928855742304
3120,56.24376570480392
3121,59.911605316743426
3122,142.6164930989738
3123,3.982165153896349
3124,2.615771459717765
3125,3.83221616711485
3126,216.11471780835382
3127,234.43443049346
3128,39.10466646912485
3129,351.3972560551891
3130,2.080323544078424
3131,104.21554490733845
3132,197.4919665464699
3133,107.84400979881576
3134,233.48550405467822
3135,1.610106469050954
3136,307.24775797514906
3137,2.7866949688870646
3138,248.32371750766097
3139,5.9174335523080765
3140,2.0457396915484383
3141,19.788697853057496
3142,2.9213850486023354
3143,105.03527285648772
3144,239.2167499469618
3145,5.2470557816701
3146,281.88375644900157
3147,121.68510707219512
3148,103.47326912840578
3149,12.11362370245907
3150,1.7758358344411247
3151,244.68358600153056
3152,7.096715716023381
3153,231.70192377862895
3154,169.07870117282914
3155,49.31909141415797
3156,40.74097782601865
3157,4.919970535289603
3158,288.96531137251196
3159,137.57756529511198
3160,279.6581785895489
3161,-53.04265762715618
3162,3.31176844623764
3163,198.9654249909999
3164,3.1072267875502573
3165,-1.6634598934396165
3166,55.89475900058147
3167,6.603516918581911
3168,5.262296600543584
3169,3.5594958747367724
3170,220.29538963560867
3171,2.9487003169025914
3172,230.99256733038854
3173,274.6811626452537
3174,54.52635406369743
3175,-60.92112357620716
3176,3.7053879228579114
3177,3.188494687730423
3178,162.76029748659164
3179,6.104099234427248
3180,311.6361704376501
3181,207.52069706708363
3182,274.43892313312404
3183,5.912838657472314
3184,97.25285130534536
3185,7.030076908029984
3186,205.08153586181388
3187,292.53903996007807
3188,-11.850602804082087
3189,261.6551485292533
3190,4.00341151264592
3191,262.1185562027674
3192,59.748713587000736
3193,6.23055470049875
3194,4.281900238151823
3195,5.89418170448825
3196,149.082549316521
3197,5.336935546151748
3198,191.30426076258868
3199,196.41527815731047
3200,2.0621778545305904
3201,342.2557071365445
3202,4.461549702268268
3203,4.660078278529274
3204,-2.748435061031724
3205,6.322837072086001
3206,269.891857583728
3207,5.887326271786581
3208,175.071639552654
3209,-29.14010138805014
3210,7.41950190393051
3211,180.5405975063264
3212,225.9307886708753
3213,2.6721808976354295
3214,257.66710991871224
3215,3.398832917184854
3216,6.141830985795531
3217,120.51442077924153
3218,267.4304865423943
3219,92.73929438479055
3220,61.378943483505694
3221,98.58223167852525
3222,252.51963267064116
3223,349.14161001337885
3224,-112.61123268456265
3225,136.01008489749321
3226,5.978705151456504
3227,5.866005347587719
3228,11.511482450432943
3229,293.6898579252644
3230,227.52991929002758
3231,6.900231223571044
3232,4.76878720566336
3233,5.735408709143992
3234,4.324196911042419
3235,71.46608510191766
3236,142.1767576921279
3237,22.932406042072493
3238,299.8650738372152
3239,6.5349118236492965
3240,80.4457641082437
3241,17.383314429515718
3242,2.524975587678776
3243,37.7214363336534
3244,174.27050994050728
3245,4.931286976370693
3246,236.9782513762853
3247,6.362995635428792
3248,72.01767300929832
3249,-24.682956603974866
3250,228.49348172768464
3251,234.09640162318465
3252,127.93159446495862
3253,61.66692018857261
3254,127.47071932130406
3255,6.405933084316215
3256,6.260382192381694
3257,2.8027998866362083
3258,2.405806619550482
3259,56.865156078651495
3260,5.853552935020152
3261,106.09575652582883
3262,313.6706856992022
3263,1.791644506167364
3264,3.9962050094503576
3265,151.64284292042575
3266,3.4930390127234032
3267,6.710027275086306
3268,2.949706669501068
3269,4.696427440745909
3270,53.92745469752071
3271,240.3935426150922
3272,2.474771168695499
3273,205.3120581151535
3274,198.96855298490374
3275,115.27818482760274
3276,122.62395895511902
3277,6.298436600103664
3278,6.244951946102651
3279,3.1599790388748374
3280,131.27743893350774
3281,278.1920747786565
3282,2.6793530530679472
3283,368.4134931080348
3284,363.4257053216412
3285,101.41793688707666
3286,3.239008034784037
3287,13.538058583976046
3288,30.072722601034208
3289,1.8279110655867266
3290,56.63791403599775
3291,245.1954458436955
3292,3.1221033232482753
3293,59.259595615620654
3294,212.0322288711037
3295,149.70147426770143
3296,31.171043457960785
3297,206.0827988106843
3298,1.684441975344717
3299,244.69251263147518
3300,3.854114525571825
3301,216.08490007963684
3302,203.8268591689655
3303,19.70273524703324
3304,236.44015497573082
3305,5.155274128650873
3306,4.3869257590242725
3307,186.56698015981016
3308,3.1213373663358075
3309,6.3700484673066375
3310,-59.64462776446466
3311,2.2721991299100637
3312,3.594597399663332
3313,2.7126302795540456
3314,6.099028882121852
3315,4.012037908166772
3316,289.64706466854074
3317,309.32338565146597
3318,44.996845958946594
3319,1.9440012411575847
3320,1.9694967600696136
3321,4.596066816692807
3322,156.60366134460165
3323,4.617903161110774
3324,3.7071104040345917
3325,314.9105050306396
3326,106.91064239901209
3327,-64.20416894623462
3328,6.495740618777691
3329,1.876571181124286
3330,187.11763941248455
3331,112.1652860408695
3332,3.8645645175427243
3333,236.26834864597174
3334,112.2736888135614
3335,3.4509087488938732
3336,4.855975072232619
3337,2.6501364977240023
3338,1.741764446327243
3339,9.291657804498373
3340,39.83720281193345
3341,61.81590018812281
3342,206.07138315521013
3343,112.5112556927148
3344,3.629308738854486
3345,260.5595653758528
3346,279.6448807180342
3347,165.07768862692265
3348,76.0292191838216
3349,5.6193190570228975
3350,3.654409738626777
3351,2.9137212762852203
3352,1.8136600968930858
3353,116.32894736153442
3354,52.78786882387356
3355,3.201017584244287
3356,300.1497798817319
3357,3.2996555248663206
3358,241.01994468698612
3359,121.0464793794011
3360,135.51435234816213
3361,3.173014509616117
3362,3.310744598500465
3363,3.237946824588373
3364,36.088448879958264
3365,98.87677460373737
3366,-16.66835434830722
3367,3.318779325042523
3368,151.69697906355643
3369,4.351820445346889
3370,66.64349207391959
3371,7.0617292466103505
3372,216.91690288604872
3373,67.69663325950148
3374,317.28258688419396
3375,2.3242557857671224
3376,2.742248165388956
3377,139.95499407440687
3378,6.092197078227528
3379,23.76503523565713
3380,362.7069427591791
3381,6.645672569849633
3382,108.36631803128007
3383,6.345925128808012
3384,81.63071823307658
3385,4.328874014756933
3386,53.926823812065486
3387,2.100793560224439
3388,173.04132825358332
3389,225.88954425748847
3390,2.2202366127114743
3391,5.609955448255597
3392,5.108236823117177
3393,192.2954221416265
3394,128.3843085048207
3395,5.437190313857997
3396,5.46555581078753
3397,150.6122152399525
3398,2.1710583946752795
3399,192.61928155208966
3400,174.0797575136972
3401,5.104079641651033
3402,0.8392750365688543
3403,67.68092124402858
3404,144.8996188599449
3405,178.03953372205942
3406,204.23266007894588
3407,4.236473967601864
3408,92.172966919396
3409,104.67828463404405
3410,6.0906157490779425
3411,5.309531254798221
3412,38.37739078477965
3413,2.2065983000617733
3414,6.58041888985781
3415,104.92207240573201
3416,85.88027597280224
3417,178.06653474223157
3418,159.957201039697
3419,44.402545778529515
3420,8.613822513049282
3421,-30.998424431826216
3422,171.41445739222772
3423,2.0723702317550297
3424,3.9253142297699544
3425,27.136359484663203
3426,3.3441083192478285
3427,62.73343542787207
3428,2.1659473883646223
3429,339.5451716999646
3430,305.6415875556092
3431,122.10912378540343
3432,5.889024433605941
3433,103.66770886233054
3434,1.9574292596057044
3435,321.5368518431067
3436,219.27130330034223
3437,2.988309140688868
3438,20.55198220699554
3439,271.15330211501254
3440,6.555559448713719
3441,4.898589054025482
3442,221.2972223210362
3443,5.009495570133758
3444,200.7626928055244
3445,4.142389214706102
3446,6.229245367600784
3447,283.232763468258
3448,5.61007373304856
3449,5.587369911574369
3450,100.35555255118915
3451,207.14843792989075
3452,1.8993063371098204
3453,2.668993500747896
3454,14.482840388193727
3455,4.137099723371062
3456,5.696757249750161
3457,3.8462361971203167
3458,6.156672264347658
3459,160.73515344701724
3460,-44.76806675490078
3461,4.235736969256379
3462,34.99005603745727
3463,227.90799077923447
3464,3.903701466466515
3465,2.899257074906139
3466,6.732017839527964
3467,124.07092904121563
3468,23.874332580303218
3469,316.43877620424684
3470,155.31039858848288
3471,24.39118583934676
3472,273.7519706754567
3473,6.893810171723025
3474,3.987486196904327
3475,4.766373041954859
3476,48.55102514458196
3477,3.3652351096386646
3478,6.486177318521957
3479,2.779488457490915
3480,116.91949701329656
3481,163.51279461067156
3482,81.90251543793053
3483,79.9176096692131
3484,165.06134719636634
3485,2.297659338227823
3486,223.148700092219
3487,5.929714886177232
3488,5.172127865130701
3489,3.170085622392377
3490,5.869382026293872
3491,3.0427571158024156
3492,2.307883169118142
3493,304.1309157687629
3494,171.3551605993292
3495,6.454446022187476
3496,11.947879454116682
3497,4.515360058927859
3498,6.723225604121734
3499,-8.550481365630073
3500,97.5793306153399
3501,284.14252223372625
3502,6.17361585106007
3503,3.9066484471307543
3504,122.14906370544145
3505,174.05167777798704
3506,97.82930594034042
3507,6.209969923088238
3508,3.3160809211707396
3509,2.9852688850554987
3510,277.2134560378716
3511,1.9325192236976516
3512,73.01942280475237
3513,95.23545952478955
3514,3.1715307458353026
3515,49.50249989902232
3516,3.187890844225147
3517,204.50622938731027
3518,4.392819383334038
3519,228.20080796420893
3520,301.62958227442124
3521,1.870970885560164
3522,72.85939257211653
3523,4.5318725155532675
3524,6.630995400492728
3525,5.304938869183813
3526,45.7858805513883
3527,1.659376384874123
3528,300.02184625873633
3529,213.82908725894663
3530,2.6591351226227116
3531,84.09027917827927
3532,248.96061289048052
3533,58.79490405333246
3534,7.5863147085938465
3535,75.7058031346674
3536,3.656717010421989
3537,77.87107960694198
3538,6.504005650960062
3539,37.80938285676427
3540,148.75177499275716
3541,-36.34585746800991
3542,2.758473474084068
3543,201.25073974198628
3544,33.96383112476231
3545,2.4679921347448417
3546,5.89762666478431
3547,168.87792921136872
3548,4.9432233714815625
3549,1.7429566798864733
3550,4.327359049428111
3551,4.75644203005209
3552,5.636846923215561
3553,6.960845821329749
3554,144.30171865649805
3555,4.071410797893866
3556,2.1182866052071834
3557,107.7084405174339
3558,5.416483834604975
3559,96.35200565289055
3560,56.182173072371896
3561,6.321006151237873
3562,17.951347165663755
3563,-45.87386399807926
3564,5.8700999044529745
3565,5.054057981700892
3566,164.80074886811036
3567,1.973345828339009
3568,261.55633530981635
3569,174.79419204611895
3570,33.49124565293342
3571,203.61845959630767
3572,1.833679490394984
3573,6.052372022990509
3574,5.568978342550361
3575,1.657590017183426
3576,5.130810180499028
3577,5.709323161415352
3578,84.36600918369007
3579,2.051966297314458
3580,69.24583496683222
3581,237.22660612617088
3582,62.73244184948039
3583,74.7863075667279
3584,6.385360729948193
3585,37.11353444171142
3586,5.769499309355666
3587,49.30621660724864
3588,3.47279853310964
3589,232.13680837184413
3590,3.033655023879968
3591,3.2994426611506613
3592,180.00796505250986
3593,4.8074292194504835
3594,7.5981408103565276
3595,6.613346323338533
3596,19.779240514238474
3597,288.0130542473271
3598,77.29021228968287
3599,57.291417716223
3600,3.0012382446596595
3601,291.2124794142669
3602,9.673540901173872
3603,5.73121466100804
3604,2.8015082362260153
3605,148.4820530456119
3606,2.1271548042436903
3607,3.2219068519690595
3608,279.9462679754459
3609,196.4946100084265
3610,31.487195673846895
3611,5.452324189672508
3612,270.8118398696148
3613,5.840825783043057
3614,5.1476736218475185
3615,6.636690722595556
3616,79.82015855341622
3617,5.330500686904745
3618,2.865314265798223
3619,-63.41044684501185
3620,12.229502271613306
3621,70.81627534526673
3622,5.214548835763143
3623,251.65904815210607
3624,-2.8256394919379844
3625,108.19032830441283
3626,40.990473523369005
3627,30.828997393799813
3628,6.01336121102711
3629,24.45665605773781
3630,243.2855550145838
3631,301.9359473447848
3632,247.21594383179055
3633,236.36011192165455
3634,106.8579672802681
3635,148.20303179502974
3636,4.637376475114122
3637,39.18338507560596
3638,54.62137268382661
3639,4.8898428854642955
3640,311.86426580244984
3641,207.66480995751502
3642,151.4323815324459
3643,201.4849148657205
3644,6.498423179992529
3645,125.71969877600723
3646,2.5236526386194686
3647,6.126339714020836
3648,228.67406929927387
3649,-7.006231307398181
3650,3.3869845290973775
3651,187.45589858743017
3652,41.804847718236886
3653,6.307125156453105
3654,74.29954013124971
3655,2.0658319214036216
3656,163.46355877566546
3657,5.790523825571047
3658,7.482515414675907
3659,4.666237355830134
3660,5.85712868581401
3661,57.27930395510972
3662,2.0747240647344527
3663,5.785506549963974
3664,115.45219298077554
3665,5.000475354142622
3666,278.2017445007835
3667,241.97435932023427
3668,280.90616500434936
3669,236.04396763024826
3670,6.9874962530771
3671,6.573105596837819
3672,216.1539296670167
3673,4.914675018088849
3674,296.8965857005196
3675,139.58639491498738
3676,46.34410164247669
3677,34.32444405392039
3678,-10.292652115089783
3679,4.973694737752465
3680,3.858096852583717
3681,145.12395634484128
3682,94.9791449833813
3683,182.11947449554583
3684,44.31839669763204
3685,149.747651293481
3686,271.8799902326424
3687,105.3796219338206
3688,284.8258939406487
3689,2.345778223453205
3690,162.03077908230412
3691,201.79971163957282
3692,300.39158676484794
3693,264.32492044424225
3694,1.0702113437899108
3695,248.15506672125997
3696,185.98097166018013
3697,1.0934566581333627
3698,-47.28469916525183
3699,4.715516899370502
3700,5.717291414758609
3701,375.07093989013276
3702,3.7589792314672135
3703,3.98795733213838
3704,6.513425268079889
3705,1.414442811119506
3706,48.7550935733737
3707,-11.67633895218334
3708,144.84931720865333
3709,3.138913921539765
3710,6.195447905567256
3711,329.40088274631074
3712,73.03467889060416
3713,5.771238429813336
3714,341.881929225489
3715,2.7960366301978254
3716,2.0347511341193765
3717,166.4390639782788
3718,73.07701985287424
3719,162.23524354933457
3720,142.31637638388005
3721,3.128931954563371
3722,4.3323799486092955
3723,3.472453756708127
3724,1.9527056248407018
3725,68.30815531512653
3726,1.7624603832316752
3727,241.68699939928115
3728,56.07206041525745
3729,-40.15149444725784
3730,144.75930047035092
3731,95.79724031777305
3732,3.293828513071323
3733,-56.654056945277375
3734,3.0995685712388266
3735,2.2813566504470457
3736,-14.11608197501468
3737,5.858005403904241
3738,178.75915927895448
3739,-39.43817649161685
3740,238.78642241435793
3741,57.100276089979566
3742,267.8661765607199
3743,2.2548135751328853
3744,73.90937692815581
3745,-7.860778280140166
3746,4.917274271819371
3747,4.895618415272473
3748,188.5303601487011
3749,85.02303379119837
3750,1.402201433883406
3751,238.79412683897473
3752,117.40490790338421
3753,5.190015783324343
3754,3.637599791081791
3755,2.5559066172067544
3756,5.693060138638853
3757,32.09543871949979
3758,6.100123959053386
3759,44.738542150692105
3760,1.943253387564995
3761,6.85343205081798
3762,5.996903476491128
3763,115.01063369662268
3764,182.1258186148915
3765,374.13452764646746
3766,6.945210152092879
3767,295.10261428235407
3768,48.890478854202954
3769,1.7106968375242193
3770,179.3611514053989
3771,3.6495500891300674
3772,208.0539762619728
3773,238.38853275625132
3774,2.5505041131848882
3775,3.9224974511681303
3776,219.0061089267322
3777,6.353125275566569
3778,236.25811972651664
3779,293.22776693530653
3780,5.700298906886665
3781,6.401268311864607
3782,2.3434916632276677
3783,1.9429119842585947
3784,5.505071148928941
3785,29.090145955818407
3786,91.35831478034208
3787,5.919561458255598
3788,6.6284154237088835
3789,297.4128800391896
3790,6.804736588137564
3791,6.512769881304151
3792,3.681052674911073
3793,44.310725632942635
3794,15.498468805944157
3795,207.51018689950985
3796,223.90985275716554
3797,4.68241635285314
3798,171.78900434532056
3799,-55.092038619986475
3800,243.32229962947326
3801,122.22149458697797
3802,164.64427408991014
3803,69.97429212544485
3804,61.03393023625182
3805,4.8646952967098045
3806,3.0285593117369514
3807,79.03871337945483
3808,3.7927276274654558
3809,-52.13983453082929
3810,2.7198136874375
3811,5.090413125607231
3812,255.4591850571214
3813,3.766718228668103
3814,288.69072517161703
3815,7.105633309786626
3816,3.9664767763702926
3817,43.35412864602122
3818,6.487870868957979
3819,2.384229048397177
3820,135.1890301183596
3821,7.38730801031412
3822,5.597149794009484
3823,262.8128305687653
3824,5.283503667864444
3825,273.0899619999304
3826,6.011721567552229
3827,294.935794579244
3828,280.2600450028994
3829,6.559690782599102
3830,233.76389677944346
3831,62.32372483689653
3832,1.8145482935372117
3833,39.39614560457137
3834,62.39891544025932
3835,2.5619210388534768
3836,5.271065055232857
3837,6.723872711080672
3838,5.8529939498046355
3839,239.9046038941054
3840,5.720909671723096
3841,137.70940412142826
3842,3.5294357241547862
3843,220.6894996405615
3844,5.843527907000205
3845,6.246514332160689
3846,6.482969476261587
3847,75.21997341350209
3848,132.01263638593565
3849,213.08839185634258
3850,31.728923941898948
3851,171.2156436805634
3852,239.47302813853287
3853,5.437449464397264
3854,254.56876036523562
3855,1.9635932600900645
3856,60.56300164368259
3857,4.02096051015198
3858,3.0554546994202996
3859,233.0616373909515
3860,5.997809049939124
3861,-67.2929540337428
3862,-4.07652979644972
3863,3.596096686823752
3864,2.5554103008404807
3865,301.16529626537465
3866,4.496317547607908
3867,196.93483232434122
3868,4.711501280494798
3869,3.083147530873472
3870,131.12792092940046
3871,39.800063892942106
3872,3.5444299125318226
3873,49.09904058038919
3874,325.47344070183124
3875,285.3517203283322
3876,115.34279946645043
3877,-67.0095410788275
3878,175.89807492961017
3879,259.81049401823753
3880,6.622001507661657
3881,3.9242046481814126
3882,2.300709547893489
3883,185.52647428989042
3884,144.77536278337834
3885,6.149845473354696
3886,5.575818067352692
3887,6.247152119199955
3888,2.5899622518693706
3889,169.93105209276501
3890,1.3694253820194553
3891,2.858563572087995
3892,153.1704600180847
3893,3.268303275682799
3894,308.06118070316796
3895,-20.177677294562237
3896,35.75411993001652
3897,230.46537017917305
3898,191.9312121801724
3899,1.7641176938767582
3900,78.96183862967794
3901,144.77249375267638
3902,2.742190136411991
3903,48.50614817222319
3904,65.28219406649572
3905,3.8883655468432576
3906,6.733468767941929
3907,221.11319095969213
3908,140.3690007168515
3909,3.166277011139433
3910,4.253973345514633
3911,268.4261725180884
3912,4.211498338550492
3913,29.19880331642146
3914,271.8656566805963
3915,6.709029608266322
3916,5.831898553782192
3917,3.6533097569768915
3918,-36.704078309648764
3919,4.926999049534418
3920,34.07215337264945
3921,65.68050595548954
3922,6.155890261553317
3923,3.5654254942732995
3924,349.9475785387689
3925,93.47450989121162
3926,2.4381749386333333
3927,248.24375866355194
3928,2.9693690142245432
3929,5.680052366400705
3930,6.189822904650492
3931,182.79946984477328
3932,3.691368172736488
3933,2.4395733289160293
3934,6.49983594309873
3935,213.44282155104034
3936,1.5472318515737353
3937,3.160875292506317
3938,2.9025310534550317
3939,308.05209094327506
3940,6.35577870026672
3941,6.244067152868395
3942,5.71811005938428
3943,3.1957730614475395
3944,6.497080321093774
3945,332.43980555504737
3946,214.67524936686368
3947,26.054407386923778
3948,149.87804106024123
3949,5.473513233820584
3950,234.69113182473177
3951,1.7829760776274581
3952,91.53155278853217
3953,152.05211370501365
3954,2.1633789904152065
3955,5.851723913671803
3956,151.17912646473667
3957,55.99611573828103
3958,91.01659987206631
3959,200.85109334259883
3960,6.073046163697614
3961,6.309304866408292
3962,107.86064223479676
3963,5.966948386681189
3964,136.2912350663599
3965,5.784706129511815
3966,3.212540959511232
3967,3.9984662791934817
3968,182.39795772230747
3969,48.52303405224697
3970,2.5069894182718926
3971,3.367288931187784
3972,2.9693320776135854
3973,3.4334024785367023
3974,28.11446126198475
3975,43.41164229485862
3976,3.688299870765424
3977,4.120930990528029
3978,2.997403875188362
3979,107.26503522575275
3980,251.9550678679963
3981,264.1476191490195
3982,5.5493114004496995
3983,2.9111704523576183
3984,397.2174834163491
3985,231.6710838488212
3986,151.43860746870772
3987,93.7077861765566
3988,3.098087070469411
3989,-4.9042117410880115
3990,93.79372652509748
3991,266.3430128610762
3992,5.872732945854383
3993,6.017918491419669
3994,48.37383882939764
3995,120.90947048233471
3996,3.843357228909092
3997,108.3785882670289
3998,2.639739324004556
3999,277.0317922715326
4000,5.597213642334315
4001,4.4574567054872345
4002,71.56427757807987
4003,165.3247402651024
4004,2.2238837194254804
4005,327.68734655923487
4006,82.08767770029345
4007,7.230943676964736
4008,3.291291511036504
4009,6.012675929797748
4010,207.8521713754408
4011,3.8160723876215217
4012,6.429449113217805
4013,229.8189773975217
4014,5.94343598602897
4015,6.473790594761064
4016,68.43341059948867
4017,119.36166741487664
4018,114.05819455229891
4019,1.117127253597341
4020,2.0072932408848376
4021,106.7509521335682
4022,67.13541693554353
4023,3.6325410858190743
4024,107.64582536805653
4025,62.756595469817285
4026,42.4027737817338
4027,298.97036627336627
4028,96.2136681846022
4029,6.307741974669732
4030,2.555347324273364
4031,100.26975751266029
4032,88.82887282326749
4033,3.3983854357272993
4034,251.28567403902758
4035,170.6446624612869
4036,4.208373038700128
4037,3.8538012482897255
4038,6.412880758655797
4039,5.8872323682953756
4040,98.11764027525018
4041,322.1812506575729
4042,58.1921400996695
4043,259.5253557436332
4044,4.332776649528686
4045,21.041669091913256
4046,5.880117372900583
4047,4.1803104249461
4048,260.90051918766767
4049,125.92826524105438
4050,280.4412221375415
4051,34.84111320886906
4052,2.4623385886812974
4053,4.0376246557343665
4054,5.5314951002852855
4055,4.021425171638185
4056,261.65803660306864
4057,6.802624773707075
4058,278.5900713463208
4059,66.05961799076324
4060,232.93679926032718
4061,132.12915206941085
4062,3.968726922786443
4063,1.8046676151309486
4064,177.41945504233297
4065,2.0987139436355524
4066,88.87956807732319
4067,180.09350549339715
4068,179.51118871214408
4069,344.15703458408643
4070,2.975974504726892
4071,2.784917436778152
4072,2.28022270805467
4073,3.386790363973888
4074,3.9741743742199027
4075,-25.334755087351475
4076,-2.583837814710319
4077,4.9640978097437305
4078,6.255790893947848
4079,7.183632959307593
4080,258.5681965277862
4081,4.055182831653453
4082,102.04599808030906
4083,4.3008083894819125
4084,40.68123482943257
4085,30.829031220740966
4086,3.5790550879696754
4087,4.182226271277114
4088,3.9283669298124684
4089,72.18621935662645
4090,143.54719890609041
4091,4.31837891688989
4092,64.14893970075964
4093,26.25743422222668
4094,4.970306854268448
4095,6.58361342016085
4096,2.2201732353134878
4097,2.579254122154452
4098,2.608536334070515
4099,-47.91958650876339
4100,41.73667770122749
4101,6.459436928837928
4102,4.207547833075569
4103,61.51733036415811
4104,206.16725701546608
4105,5.876468517736103
4106,117.18203641403787
4107,85.98388359860513
4108,74.90015787236553
4109,256.5630884302233
4110,5.972842025003242
4111,72.47374765759135
4112,78.90746535869064
4113,3.105648691288015
4114,5.38915892524645
4115,74.06480476911659
4116,156.91536697418778
4117,103.84806239964249
4118,282.486526927808
4119,257.3711023205457
4120,241.42654288988263
4121,91.53104736811636
4122,-17.822044480250447
4123,2.1384462775448085
4124,111.33386981796689
4125,1.8621152143218587
4126,72.51800694365633
4127,6.028306105892637
4128,2.116999177719681
4129,5.931355118260553
4130,1.8422958477770326
4131,66.26075787636844
4132,5.875008671463316
4133,4.8550319363806755
4134,96.69505710241768
4135,-13.911055189575539
4136,157.0260719223062
4137,339.24631624904987
4138,-13.88516736063363
4139,92.74918248210321
4140,85.35107122855408
4141,4.175741435135658
4142,122.81368191849717
4143,296.2548126589661
4144,85.44592159703367
4145,171.7399338997323
4146,72.97709891006569
4147,70.22066683668523
4148,287.8539406758049
4149,31.001280104391668
4150,41.551320413699216
4151,60.572747733210164
4152,121.03339818320158
4153,4.088014887017968
4154,369.79548715754316
4155,152.7240299550086
4156,3.1787210680259372
4157,-12.465883358138987
4158,4.203801899904023
4159,4.253805709708505
4160,166.68016288030014
4161,182.4246480268343
4162,5.915143401042161
4163,75.94481810941755
4164,171.78150970437264
4165,1.2961436952058183
4166,50.60054530523639
4167,109.23311797259643
4168,43.36302140700085
4169,2.2501247612087294
4170,19.38296551754898
4171,90.87426775993002
4172,4.480206161546306
4173,3.9119418589010033
4174,68.11132958614098
4175,134.62861150260554
4176,2.033973589258879
4177,3.5191984810099766
4178,15.771500279531054
4179,124.4670873857837
4180,164.3051096243661
4181,64.30961198618512
4182,35.059664548597844
4183,40.90204383887456
4184,186.62095206149456
4185,280.8624876807762
4186,2.7723442163441856
4187,95.00995525657547
4188,4.169026863439095
4189,4.4513618788555975
4190,117.41560041296829
4191,2.083624366943642
4192,31.70110046545014
4193,51.69945834142662
4194,5.847549177603033
4195,4.310383559862411
4196,121.07757587632395
4197,6.229137827483005
4198,3.096014099412944
4199,4.964905822978979
4200,274.73358606352804
4201,259.7090796444856
4202,191.92495201214737
4203,5.812216880125202
4204,89.99217890875204
4205,5.188888596209987
4206,7.493215960383673
4207,124.65734831634131
4208,139.23719063658945
4209,226.55358666942954
4210,-55.82571347730568
4211,1.9582691966276866
4212,5.805511819241831
4213,-3.337510864084766
4214,7.006460529322444
4215,3.140413409249146
4216,1.8148641316825769
4217,2.9024727500949634
4218,5.974685462018126
4219,57.538685210202935
4220,60.80314142804962
4221,2.1061106301368624
4222,104.62672712480403
4223,2.8205342241019005
4224,6.625773901975684
4225,5.026179006472299
4226,294.7484672587607
4227,2.3130328777033378
4228,222.20293555519558
4229,124.04102609013975
4230,2.7883922458988213
4231,2.2847842158033846
4232,60.09943994938227
4233,3.0780249293004056
4234,-8.404037595249116
4235,63.076393822407255
4236,268.1872732964397
4237,155.94775081506234
4238,3.0883717392495083
4239,25.91638751745537
4240,7.575945757275399
4241,45.12501414560926
4242,231.46934472307282
4243,-52.45039094410383
4244,321.8908127261926
4245,5.2218652667685035
4246,2.0026190898250076
4247,3.862543046857403
4248,3.964213801986326
4249,-29.238010668663158
4250,1.662906136261127
4251,291.00258754182045
4252,6.332837964892862
4253,6.2037382876596805
4254,5.270597119201886
4255,-63.52454436754752
4256,-0.09762983278013343
4257,106.66518942178132
4258,2.2854410603434907
4259,1.3718292261370741
4260,95.31258059327494
4261,2.2489116143041152
4262,297.21831510635985
4263,95.99385468812858
4264,2.490685361519289
4265,34.939999828713425
4266,4.368621144739614
4267,5.752054459757597
4268,6.116768040859155
4269,181.10528642715963
4270,197.71238300180232
4271,172.2266653386353
4272,4.915484597770087
4273,7.682951868745597
4274,116.62684718809734
4275,6.697557171505435
4276,302.962975953405
4277,238.8774456656457
4278,375.6665729527664
4279,317.9311725143124
4280,131.84951531709663
4281,39.287959931797786
4282,18.152462244556556
4283,6.633488057610393
4284,4.396869232612811
4285,105.72400029489518
4286,312.6478001717082
4287,1.8043035345156082
4288,181.81158561957835
4289,212.470225306177
4290,215.73429407117482
4291,3.2444900279600453
4292,5.098639097872186
4293,-4.119711271939544
4294,-50.57817364496331
4295,0.961679218819846
4296,5.523006576011737
4297,6.402793041353225
4298,5.686464051047857
4299,80.95905106073374
4300,43.81476582923851
4301,-35.35921883287036
4302,100.27405626454109
4303,2.299005189314137
4304,-60.36073684284686
4305,3.996904379266721
4306,305.78916154448433
4307,2.661763743876859
4308,41.65219534423443
4309,4.51291684652548
4310,2.957804521984784
4311,27.42765350154457
4312,257.087663641605
4313,3.407908395091999
4314,2.9879832876002856
4315,230.52994734058552
4316,1.277249263970634
4317,194.14736907749037
4318,5.971828264532948
4319,37.706808018513975
4320,128.08211575903138
4321,4.552134197210015
4322,316.3916356194588
4323,85.33469001033507
4324,3.3074625414149574
4325,6.752151172280474
4326,3.774363337779241
4327,124.67007619022019
4328,159.04682665945862
4329,208.28784328122435
4330,36.46387675111156
4331,2.9277302542586767
4332,2.0450118628621445
4333,285.79604970009075
4334,3.4452719434017274
4335,3.2627578849026655
4336,2.134953773407251
4337,5.953365120914292
4338,6.340088800211317
4339,4.831009955879715
4340,-23.87846143793636
4341,71.10843139900301
4342,184.78314472600775
4343,177.09681773391844
4344,140.1536746320448
4345,5.895400058641375
4346,4.718077503005299
4347,219.90543529085565
4348,5.642576227889901
4349,138.1264269227002
4350,-33.553482890409924
4351,99.98505630652278
4352,169.1445941615912
4353,4.954322610202621
4354,94.02151762693907
4355,138.27384502532755
4356,1.8975614384486306
4357,4.866039554088382
4358,294.2290422691124
4359,220.47587245497016
4360,3.30195457708778
4361,7.150866130095691
4362,0.4055756913071944
4363,3.607505287015726
4364,5.2859870450076025
4365,1.5930354765805776
4366,3.024022179159059
4367,250.68161817050787
4368,-12.779483101566228
4369,81.32394366128484
4370,6.441114715731819
4371,196.49114492706013
4372,62.62216588354535
4373,338.83052039162715
4374,6.690436393597418
4375,218.14928652351549
4376,285.0847668444977
4377,5.17652934256895
4378,5.932842924475343
4379,185.4816613854462
4380,3.0721069802978294
4381,2.1968094905964364
4382,6.673054997963775
4383,29.708076499096826
4384,5.078486011921088
4385,191.85992334374413
4386,21.66473288222236
4387,309.43427498816357
4388,71.38690930444788
4389,6.681575880425335
4390,4.2663324135299066
4391,3.9938350554773008
4392,2.4420627109231186
4393,122.16462011926191
4394,105.09649467923663
4395,3.0182814442790042
4396,14.487074535435116
4397,2.5246959537631946
4398,6.363841767229429
4399,2.985568494647038
4400,232.158144640717
4401,6.68342378974201
4402,233.24990544220788
4403,266.1772293574467
4404,240.28564162859914
4405,346.7821774188004
4406,30.084265390867074
4407,86.14838099944939
4408,6.544833077631113
4409,117.25344034558034
4410,-82.05880180503019
4411,2.5372597324126698
4412,288.72512013299564
4413,203.92174480466915
4414,3.972535212899191
4415,189.44640250392217
4416,43.61272548303369
4417,2.7337904043682437
4418,228.0028843097976
4419,269.0635568582514
4420,348.5431648591508
4421,326.6912730590606
4422,10.369995133516449
4423,2.4298616512170317
4424,51.064123737367694
4425,189.17159277784233
4426,5.455649529399809
4427,220.31306827843866
4428,6.168690358263575
4429,4.996892138076869
4430,5.387756388777895
4431,180.54474804198048
4432,3.634857674682207
4433,3.8529036209007677
4434,129.93661131835543
4435,5.819351165462141
4436,6.376645973678299
4437,22.263531109720525
4438,107.4608618399254
4439,7.109472362118678
4440,276.9324000499029
4441,2.480144942887082
4442,283.6668010932521
4443,6.506603019721303
4444,272.10981338531826
4445,3.8561665135508356
4446,3.5743191072192757
4447,103.63800898580075
4448,5.064289002655449
4449,8.154472182822724
4450,91.74434650081267
4451,116.16499653117236
4452,261.84332289713944
4453,263.69861577364077
4454,5.040845681033965
4455,5.671754458389071
4456,198.95571301530808
4457,4.154612414308899
4458,6.999196971428983
4459,82.36761540474996
4460,0.4243452634282354
4461,85.52578960335916
4462,167.029887158949
4463,37.940635048664795
4464,4.24184363461466
4465,144.6635533411475
4466,4.6466191739573315
4467,15.724483336068788
4468,1.8411998648357581
4469,2.2960264146124083
4470,4.80433436847379
4471,2.7104572954888386
4472,225.4597582035316
4473,3.6389844352807446
4474,240.56841991307903
4475,4.310278295977443
4476,93.23444577901984
4477,5.765628637639717
4478,4.067628808266161
4479,115.90018787265738
4480,292.0662643062451
4481,3.731262057075516
4482,218.40114881430603
4483,62.69507606851424
4484,310.8209889961881
4485,224.69550728946052
4486,2.344280626994849
4487,105.9911641450317
4488,62.22407562818591
4489,-34.35913279603707
4490,91.53025271123146
4491,5.402622926254308
4492,273.0467575583115
4493,291.0812681682714
4494,7.728923445322586
4495,2.5019765688678515
4496,56.35303459358931
4497,6.6842633623317536
4498,221.68520897800676
4499,309.2787809627229
4500,157.1031086692322
4501,5.9231280716894865
4502,5.723033767199585
4503,185.10066264678812
4504,8.429147289104904
4505,91.56598360403693
4506,2.8265514919962857
4507,31.86448085436249
4508,146.80893335228643
4509,54.546108730343704
4510,2.117421083926696
4511,259.94330694920757
4512,60.81463017556893
4513,107.0666043977489
4514,2.8447451010368976
4515,3.0375176564866413
4516,3.2900865635418737
4517,4.6365808364928816
4518,26.241980278268073
4519,105.14666197230237
4520,55.785773996753434
4521,2.5746823402563956
4522,78.04047266542712
4523,6.685167806190591
4524,220.62482017012837
4525,21.532930490284812
4526,2.2856178769424047
4527,105.51887476318133
4528,124.64942869991792
4529,97.9903881357228
4530,213.1908795103114
4531,3.9508971567053526
4532,4.543199684932807
4533,4.505735894014379
4534,59.98445665663243
4535,6.094094033136247
4536,2.232784187035847
4537,1.875406439429403
4538,6.135881289914839
4539,293.811987812336
4540,188.42143855353498
4541,3.374400722712905
4542,2.8251259784944995
4543,218.27593451747552
4544,33.02652582091836
4545,5.378442206726776
4546,32.64642942046012
4547,6.113582399396754
4548,178.6912730527589
4549,4.604300882601575
4550,230.60951666921702
4551,30.317723899042853
4552,96.77101095071018
4553,126.90941116732526
4554,4.672800327676075
4555,187.8962085280368
4556,281.1595947851812
4557,4.964392331818232
4558,4.473787209497856
4559,69.0506447832989
4560,7.341542244465405
4561,5.388366378449973
4562,193.2063856717414
4563,43.96787431213542
4564,253.7295072390069
4565,47.68783112749129
4566,226.73270170720275
4567,277.15553556046535
4568,134.04367830133816
4569,4.928142187273434
4570,174.42319225142953
4571,283.256339751898
4572,5.286452188178245
4573,3.4452974599386668
4574,1.7181719720814839
4575,5.805993722753476
4576,165.62112867365158
4577,259.11390192612697
4578,65.05480779196226
4579,12.656056893588794
4580,0.5048028290607074
4581,385.06473300407214
4582,31.390200524045262
4583,1.2927985826585862
4584,292.8795664351657
4585,36.9286165307447
4586,5.915751827240617
4587,3.228629802838735
4588,1.4597903899945768
4589,4.05328930083928
4590,3.141554265728436
4591,60.446065863780646
4592,5.401468939456448
4593,110.07688982474369
4594,-3.796325473005305
4595,2.705728286329709
4596,52.78899607820205
4597,135.53573072865234
4598,4.794276505590418
4599,-43.85593052738866
4600,93.12997868836474
4601,7.122257710979018
4602,5.525925499236402
4603,5.44414276677984
4604,76.50762759347776
4605,1.9394484183994347
4606,144.98855309230842
4607,41.60877742356463
4608,4.398305854410113
4609,213.92404013679496
4610,116.75421562305594
4611,109.49055947308665
4612,3.557465278862862
4613,-64.84957579514028
4614,78.62397773941628
4615,-39.850421238029995
4616,4.437045304102952
4617,4.58685575701582
4618,3.770135808673804
4619,6.257685190776142
4620,6.69429137608457
4621,96.34302666398732
4622,3.9229372508487974
4623,5.88515986394823
4624,1.3982987869775794
4625,87.06898252556022
4626,55.22106608344299
4627,5.232217494808758
4628,6.058537077834856
4629,74.75621013998457
4630,5.551937146377756
4631,-1.20975998630854
4632,6.657935868459683
4633,228.91955545263235
4634,5.851040469231336
4635,6.199037014169272
4636,65.9408564575384
4637,6.932402712102135
4638,414.9080865161154
4639,286.49201070031745
4640,2.172658547960052
4641,195.71558693828493
4642,157.38012888855454
4643,47.59878225143329
4644,51.93075886795851
4645,6.067091149956205
4646,43.36081876635529
4647,42.835919334285364
4648,192.95598118308337
4649,113.29149369603354
4650,126.10795643906899
4651,56.83561913677498
4652,4.782003614058344
4653,266.87215484058265
4654,2.1381470396329396
4655,5.769871515400734
4656,3.2839494883290077
4657,3.1529620234785147
4658,5.849373546792071
4659,81.4011608275465
4660,2.8219545465943394
4661,2.5446065942098763
4662,4.0103564794166955
4663,112.66199151849695
4664,5.945045880726256
4665,160.84883288458457
4666,240.193847648199
4667,1.8365674103404648
4668,123.10670576305782
4669,250.63686825973062
4670,34.88360313402127
4671,2.0395313597995663
4672,0.89227754208293
4673,69.4761555586292
4674,296.55488188351507
4675,1.7656320100537717
4676,129.93177081209643
4677,48.73784856943924
4678,5.76869242139359
4679,71.66412484886072
4680,4.622923659293835
4681,1.9212984947571
4682,185.47786689510423
4683,147.3827371837387
4684,92.05123943641843
4685,250.12715929835275
4686,3.539015450570707
4687,233.96442998644176
4688,349.2310604191424
4689,113.18409159689043
4690,5.663539151423877
4691,6.746245685528452
4692,4.396265985792933
4693,79.07914442959058
4694,4.611161498086311
4695,389.12449994421445
4696,4.617195679223413
4697,2.550635084635882
4698,4.6248748099227885
4699,3.2912867715253853
4700,105.37644029841437
4701,5.7932485298806125
4702,1.9460240011737138
4703,3.752754958532695
4704,4.9357542969284625
4705,273.72450026535023
4706,3.2279787558261654
4707,4.651469010658434
4708,3.007610280788689
4709,85.72060602075607
4710,149.2356652574807
4711,6.2968036461195265
4712,236.63149691592028
4713,3.9296602700662997
4714,5.832213284142156
4715,73.3522596527954
4716,46.86239922447949
4717,6.996205888139984
4718,5.80721694876066
4719,180.34857457343742
4720,166.64361789037775
4721,6.211989892642512
4722,3.8587783313208357
4723,6.447113900805653
4724,67.40800456999509
4725,164.82767661024604
4726,3.673424382775022
4727,278.9025457376335
4728,249.96606177327982
4729,4.124302114722203
4730,180.06948990592403
4731,93.76071246759363
4732,-18.78870360033836
4733,5.275212564148996
4734,6.128766869393269
4735,5.749421130576673
4736,2.871393620623935
4737,65.42344849915587
4738,-3.7449646502672387
4739,148.5342737594628
4740,299.3853660556515
4741,5.030609033092972
4742,91.04980641501992
4743,5.810491954959667
4744,247.60281135709607
4745,61.928959669300895
4746,4.109994662561642
4747,3.1886173336593053
4748,3.148069441169668
4749,6.065414835669088
4750,5.663819783207787
4751,3.9295154802786714
4752,100.87528555755159
4753,150.51747667595333
4754,151.71358610827397
4755,4.17749618650757
4756,1.9715205728307335
4757,3.7543871178400114
4758,64.63947224314278
4759,90.01884006047185
4760,4.320525299582844
4761,2.8935461825889623
4762,184.3119321647647
4763,190.881205267163
4764,2.4248399120184296
4765,350.97857985898406
4766,28.18017238898849
4767,52.84034674181078
4768,32.121927418541446
4769,-31.02349740412349
4770,48.78628673543712
4771,27.30266560036849
4772,4.1017193178178974
4773,4.292995037128252
4774,158.5780084023446
4775,2.329303074440858
4776,2.8528298251104975
4777,165.23074217983
4778,5.063468327632966
4779,19.623225368803418
4780,1.9758680042763719
4781,56.48546517143596
4782,4.624340171066986
4783,4.1552782161696795
4784,2.8598082146881447
4785,22.289394864823905
4786,62.903111536707044
4787,5.644015090362352
4788,3.5053373249963204
4789,3.1849800474984598
4790,128.99484318010704
4791,220.10552017494422
4792,4.406234978233372
4793,168.32173613294378
4794,65.07604681805931
4795,234.97777419365121
4796,3.1600447911313223
4797,169.89432451059082
4798,5.909514841139438
4799,3.9900269509123953
4800,336.88968590268877
4801,3.6630023223291435
4802,4.903367831686089
4803,279.9476895506079
4804,1.4755883297636436
4805,251.6937013259556
4806,4.332219013845026
4807,3.001610808224398
4808,59.300678206979654
4809,92.05011602613557
4810,1.7601528332562237
4811,2.1114325473764706
4812,5.268841318793706
4813,259.45690809851465
4814,233.59708706999015
4815,3.0508479047299177
4816,2.6128350676468868
4817,6.013767582476618
4818,1.6310421312328922
4819,98.60108721666327
4820,2.273353955113479
4821,175.69882446858026
4822,112.60172251098221
4823,4.797718842787191
4824,3.2062571534183872
4825,250.8058029422263
4826,4.673635858393901
4827,5.782795526884133
4828,221.28347766083354
4829,127.85603263066999
4830,99.86828298349789
4831,184.22941670721053
4832,7.07174802896629
4833,3.8314195505617654
4834,110.09477066835316
4835,4.020009539542425
4836,6.468982326079212
4837,189.98386482412934
4838,38.38552193772236
4839,317.4794809861286
4840,3.244503811198171
4841,137.1819025337823
4842,21.82683079107531
4843,2.2556115843784026
4844,4.3948332804668295
4845,4.603243295405623
4846,7.219962734091998
4847,3.417840280190193
4848,2.3843409603821035
4849,5.066476454562624
4850,6.826178651059351
4851,5.967350263635783
4852,113.97812888033472
4853,293.362371743337
4854,2.769588962961181
4855,3.2986728217097734
4856,158.97670524413766
4857,235.19757687508167
4858,298.5853983075714
4859,138.2399216636503
4860,263.11645853975
4861,0.35983222339979376
4862,120.13066005462949
4863,6.8898474158995775
4864,5.922302667110335
4865,1.8913758544481138
4866,1.0956589246776691
4867,3.5296006331824947
4868,72.14606511745401
4869,0.989400902527795
4870,110.49502948974529
4871,6.847371483596176
4872,2.095040377516697
4873,320.1858915362938
4874,-3.062093814831659
4875,3.3555877397963783
4876,195.41751317233343
4877,6.36179160818206
4878,75.71257431187877
4879,71.91508245862337
4880,5.7595873450219575
4881,6.035149289272898
4882,28.385223575577214
4883,1.8175073088854132
4884,58.57257776570741
4885,-59.54088830345894
4886,230.69533616025208
4887,5.176442338796423
4888,280.78097908979953
4889,51.74406411555778
4890,209.35627211871372
4891,131.23398329777729
4892,1.4944759093206144
4893,5.9712784002263595
4894,84.28220612204134
4895,6.460219741026847
4896,5.830326136756917
4897,6.446024217605669
4898,-1.9109957783597782
4899,190.3878828631152
4900,2.7043846792662474
4901,268.2156137483331
4902,4.405593660005516
4903,138.00599540439498
4904,391.38119022760327
4905,86.20992930588785
4906,154.78784072317063
4907,184.14616171947515
4908,4.480751345994712
4909,151.0685590574676
4910,180.64685948768502
4911,79.46048458462518
4912,5.436094780735804
4913,226.5109672207426
4914,194.25648855661302
4915,3.8933520046886505
4916,4.799194668359678
4917,6.299476163049761
4918,2.9028211773576063
4919,23.60721225839611
4920,1.9902278131075772
4921,-2.2551836202195448
4922,168.3129631946029
4923,226.39722062210433
4924,5.509240574283525
4925,2.5356242589638374
4926,1.142535460303503
4927,5.783924665937801
4928,3.0483916343818613
4929,73.66412250253428
4930,105.10578565831231
4931,-9.403779610917502
4932,5.822983507773003
4933,274.7160197660616
4934,-58.086470552547105
4935,73.83953206215081
4936,239.78488419549697
4937,33.48177698088132
4938,77.33551528710674
4939,56.90646406639213
4940,4.054079224331895
