id,target
1,3.890760201680037
2,2.5361396048812765
3,325.4784361844499
4,-17.992949903274024
5,4.4521248766348585
6,6.858459085246584
7,5.406013446599792
8,81.71732137534846
9,90.08224665078806
10,83.85562857584277
11,31.527066159032117
12,-20.68841329155514
13,264.6694213220948
14,201.647596316666
15,3.743555788142732
16,284.0485613566104
17,3.0113044332188053
18,86.13319235156128
19,2.5138406874843744
20,6.6212688179249195
21,-61.216423129772
22,58.00177505887923
23,3.7114893581613586
24,2.380958722473777
25,22.465248478191146
26,80.57669162844127
27,1.0125133331432596
28,157.95699305254075
29,44.320486238128844
30,3.2964598974190644
31,6.354505930600452
32,38.4789156448782
33,48.45260991461566
34,3.494472007341598
35,2.374951278363773
36,6.087249031407687
37,276.1038228847378
38,235.93201586562108
39,71.14561218413267
40,104.20429170352092
41,-47.462169350060954
42,2.4060857175013344
43,5.6050253435888635
44,4.765002163021145
45,123.71072035428854
46,51.001838748167394
47,2.6533468755668252
48,-85.43742863098781
49,3.7238956451017344
50,1.7901392035032757
51,269.698585957968
52,2.895557735484383
53,2.24798707761588
54,69.6186094929362
55,2.70640451495316
56,4.116205505894141
57,5.742647237387597
58,161.53446458233356
59,239.8296099495041
60,7.009960433841368
61,2.4132978339330307
62,239.12559145281472
63,6.819142798956055
64,2.2363933027945078
65,2.6270555942157405
66,4.501794021876302
67,5.000928359788012
68,214.69001712166877
69,120.25268698424324
70,1.4110170723697446
71,2.273527015577688
72,2.035316283289299
73,30.20184269493646
74,247.93084210395236
75,197.04054578732266
76,6.466082230292702
77,6.045076543458148
78,158.75021478144512
79,258.7900643402578
80,3.651246791025492
81,37.793343924990545
82,4.409729184378894
83,177.09702744958372
84,27.199465352229986
85,12.070111647400907
86,2.460602644227274
87,62.9195196414712
88,218.47222461211913
89,6.230528345941154
90,5.541679466864327
91,54.41730034664161
92,47.42323869373458
93,20.760390352121114
94,5.1139056916503645
95,3.844333822233794
96,2.9602564740965605
97,7.390568216245927
98,217.83024015543185
99,84.96954478317086
100,278.1184017378127
101,5.181601794834018
102,257.29306449405954
103,3.2955363682136123
104,6.637122076476415
105,132.27723651616975
106,63.241238337971986
107,279.7955094585298
108,2.2921703468102015
109,185.04097540415108
110,3.1482538953287795
111,64.22221860916117
112,2.1450492799954475
113,212.77739791331413
114,6.692314660218143
115,5.6022085941426
116,394.00116588899004
117,211.51192603963926
118,173.59976921859953
119,228.7210103126372
120,307.9247347293967
121,145.8770104285023
122,3.462227574821333
123,102.42354503126157
124,265.2970517928209
125,156.9774368367753
126,6.388273739801208
127,132.73142652406688
128,3.4559252677370154
129,221.62953062700586
130,80.06467496382508
131,58.56161346433505
132,16.614448859447815
133,-58.08910803980223
134,277.42012407303935
135,6.030844528027935
136,1.8932134541540344
137,124.19647928344266
138,6.0098366978057935
139,196.1239246881657
140,293.7413770747861
141,60.541507272221324
142,7.120986467692711
143,51.65204965592683
144,32.42730940921486
145,6.678611775307389
146,161.47925762585257
147,220.31021900100544
148,1.6592344221675936
149,234.85622735607654
150,66.32299902671487
151,284.73053048114804
152,291.6201182824767
153,175.45552994985098
154,8.457656103112178
155,4.349328866853752
156,218.04065058967532
157,129.15664768356856
158,133.83905389422083
159,131.45637979879768
160,6.547741927877444
161,47.737579058621755
162,4.410812378883764
163,273.07292630751164
164,2.8179806834102226
165,91.06118830960759
166,208.0435169422852
167,326.17808977613043
168,7.25771438254545
169,1.5120277857403832
170,243.75147264058845
171,2.8338187874774126
172,4.282680892190586
173,-40.73977360799231
174,3.800422126729127
175,5.721517464737248
176,137.6080025835852
177,69.63178331441007
178,342.30141438782243
179,135.2067177224073
180,232.14682382203785
181,6.387164876899976
182,2.1642380225513835
183,307.3516900870695
184,7.022680565560795
185,1.6204626996358236
186,3.5621712410005215
187,2.8273259364010115
188,4.0031894885800305
189,77.83551209662953
190,4.330455980753819
191,2.2933125865129074
192,40.47761999694735
193,2.8899967083396754
194,341.55561138556504
195,99.90664440781256
196,270.35148739902894
197,133.23769326226437
198,230.76628580866932
199,46.93140250062048
200,1.9710224113901351
201,2.7968810179551764
202,87.42531549118307
203,48.16623731904738
204,4.064574865807178
205,269.4660046319677
206,59.52505739042697
207,216.67172256040902
208,147.97048694381414
209,67.79172740481546
210,166.21574432960213
211,37.25698777941105
212,110.34282460177693
213,257.97160094549787
214,68.48671528562951
215,21.26596801102209
216,159.91920540288888
217,85.41674737501116
218,177.25312969338202
219,211.63125444956816
220,6.164399952880452
221,196.7353272053688
222,163.32610380794213
223,2.4250944610664837
224,187.86055202800054
225,261.09414097445006
226,198.34628027764867
227,55.845713657718875
228,267.9250853447752
229,257.7819381236277
230,1.0918393076684398
231,214.989963082088
232,49.69649652201401
233,58.171327768188306
234,246.33538033036723
235,115.31975334801668
236,1.7938298973325262
237,6.711142035848716
238,31.02731932718741
239,6.458867575052208
240,179.6452960181587
241,321.46360218200067
242,230.5895277004465
243,3.728662821809299
244,3.943184065700063
245,40.725006705918624
246,114.97721022309752
247,124.7177972562333
248,6.134076281354556
249,5.9538271335963415
250,60.2009225292872
251,65.34112538075149
252,203.45366255598458
253,7.895198305666113
254,172.11649444377016
255,-49.67910743207927
256,6.836775152561413
257,2.166629144245482
258,87.83627051156374
259,281.5782216041297
260,2.4097432092497426
261,5.86581895837508
262,6.550601813461321
263,-28.56166669559105
264,3.8154878022319463
265,3.6350648774234102
266,1.854406572273047
267,3.8475381116462364
268,1.5547972628046713
269,203.23731932280916
270,2.9311346622225556
271,131.17115990431003
272,119.56049297937344
273,4.670554340648231
274,4.951418015101679
275,346.7094719976239
276,189.49218092331893
277,222.74784038485066
278,-67.08265223091362
279,4.183872744728534
280,189.07940039656307
281,5.086869343879328
282,190.79372716072578
283,211.00217714980542
284,136.48786258159507
285,246.04015195280135
286,143.284530169808
287,227.71299139465552
288,6.5145920456311925
289,132.58327322345667
290,4.724887922557674
291,132.53052348376286
292,3.5401373078028464
293,80.55812005971917
294,103.49332331405522
295,5.069554292396547
296,94.1190438829132
297,41.62491105300752
298,-55.95438536884623
299,207.32833464030455
300,5.889551660966653
301,3.8140979953060556
302,4.9054590790864285
303,4.525198035343826
304,4.014116386376109
305,4.863597023114377
306,214.18835747335999
307,2.8547406482668443
308,2.7709825585990058
309,134.4831073902278
310,2.122542924208879
311,2.2093817969778327
312,3.1584918324559577
313,127.41064217026363
314,3.979218198799364
315,1.0305567807089644
316,2.9891824630053923
317,4.01901579442528
318,3.618196456487049
319,75.24208715250256
320,1.8692380871562282
321,6.292760272533312
322,2.37596530685191
323,1.8773080309020977
324,2.482277059826078
325,3.310833301038796
326,4.932335575569746
327,38.80019856755734
328,4.493398733857886
329,105.76584081674133
330,57.673995021736495
331,-1.2358076333116754
332,5.8017674872340494
333,2.7776248927885923
334,7.0187267260631865
335,141.87184458724136
336,3.9356917927468653
337,2.341287102752841
338,138.3373659880965
339,54.06113173129274
340,287.1956068204078
341,107.53576788454872
342,77.05210564785394
343,3.5455088813226023
344,2.34903000344862
345,123.74413718640146
346,2.4941938178911975
347,4.970689445170682
348,17.050846180291376
349,-63.00931663604559
350,121.17539537128152
351,251.7616678422107
352,28.502359411846136
353,1.1392556769343725
354,6.095915494728975
355,277.7635271159586
356,214.97204305788273
357,2.908312409302258
358,-6.614592341075442
359,4.348018077407783
360,137.50117209984796
361,4.209721767873277
362,5.841255687197631
363,-31.139221606627576
364,4.469056056583771
365,5.420520611655423
366,76.08892829814035
367,4.431005474047938
368,262.24039042673564
369,5.021605941952698
370,-12.887376072967122
371,268.01833710912126
372,78.33330395134296
373,164.86612996513355
374,16.75342488695377
375,107.63867397512797
376,2.5137323649239645
377,2.639807546890608
378,3.8196497112855634
379,3.230591009958638
380,0.6591134089987113
381,6.101085478693465
382,7.05254808147762
383,156.1793624336553
384,1.777992639944206
385,3.670157396994118
386,281.47985491116646
387,2.4449208718982627
388,3.988011155214484
389,63.76146702763648
390,4.964630896775256
391,176.296531113777
392,6.577007222465592
393,3.8259285226612842
394,337.7441056082862
395,195.29649224475176
396,2.3595686834623844
397,1.7521593329193148
398,6.362621275631068
399,195.345724134142
400,236.1263117550436
401,1.6559908819023246
402,6.207950941804554
403,5.643668812763121
404,5.984341863214416
405,23.642067361409918
406,7.113640359899125
407,-71.97047189640372
408,4.212276924680358
409,2.7483967219974037
410,3.4906379123632587
411,2.252384482792433
412,-11.407840381953976
413,347.10059209550263
414,5.936103834668464
415,56.023693177822324
416,3.220328478348985
417,6.971382482265887
418,5.317280445302036
419,5.583414260709354
420,4.407352004934806
421,137.72957440796017
422,146.82887312254235
423,153.86140239505573
424,146.62394794295597
425,5.947650750270752
426,234.87801771045153
427,3.257347673476415
428,209.34970996075242
429,2.5647723690154947
430,4.3221947351894325
431,262.7127678094545
432,145.2161765752434
433,12.570244681711413
434,6.179406034633314
435,62.49983772145567
436,237.22095461267574
437,236.96979411276303
438,175.60308509715287
439,6.051629145598275
440,264.05122442561225
441,219.10373261886602
442,131.65966807963608
443,319.27241847910994
444,5.470276691108639
445,6.315848556331019
446,66.33290566257814
447,1.3479989331544673
448,6.412996906022825
449,307.491944147977
450,269.88072631598624
451,168.19446839626326
452,235.76276447804597
453,1.9047324416070475
454,4.642229373872494
455,131.11455177331297
456,2.7597167743766735
457,4.793982144714812
458,259.75622893421394
459,73.39712821492715
460,20.35541350864815
461,118.93030980560054
462,6.787605719562067
463,181.51657263701838
464,5.269302586002697
465,144.6904298048082
466,62.71221501726654
467,1.947123473588334
468,5.240597092693791
469,35.52727293627432
470,24.044009182398153
471,1.8002031920674728
472,1.9089842495693052
473,39.27294397594958
474,6.081088826211871
475,87.91982544333455
476,6.885109923068699
477,2.074422109068129
478,4.383055794377477
479,211.21408038195761
480,4.267244039569202
481,6.491355682442957
482,222.9223656627464
483,1.7281673927552206
484,214.3229374378149
485,115.87915137281806
486,4.494507502891301
487,1.993780834634068
488,208.84814742902304
489,2.3613484938419416
490,4.78425669174596
491,6.490342155287648
492,3.7299719631090604
493,3.9971131188620292
494,231.02809347798913
495,5.994675996728266
496,104.46537745779133
497,6.507323225502412
498,6.004536949190864
499,5.556395496748509
500,8.097647475809715
501,2.817654289704893
502,325.1463103555579
503,97.20657556568607
504,14.659624790222194
505,1.7441039583710494
506,6.5842560220605835
507,343.44216901889706
508,63.899863369926244
509,257.69724580275636
510,3.706375560959393
511,154.77163968185081
512,203.1078037932245
513,233.94727394486569
514,346.3153795272293
515,316.5870428312535
516,225.94309236253238
517,283.7626678532325
518,7.372536823105714
519,51.4464160212533
520,294.22300528124697
521,1.5996186029490187
522,3.845693712221593
523,220.6366398405261
524,4.087701569329786
525,154.46628249216903
526,5.798987576422003
527,4.501692050102084
528,3.741276920762893
529,6.380102045555135
530,263.2899400564879
531,123.30688573469136
532,3.523418557629389
533,98.44639053297975
534,4.153700493513925
535,6.961848620689497
536,6.056589792870099
537,1.0905777445696843
538,4.8970155631435714
539,270.9188983197785
540,244.24040158289034
541,248.2549839813171
542,73.24431157165095
543,93.3626680368145
544,5.341823110324109
545,3.9990605146064486
546,3.657974538871779
547,2.0917095486638373
548,338.18764843973435
549,5.6859843794161655
550,254.99925876561082
551,5.945520585527647
552,122.0639035703215
553,4.074296364594434
554,83.11203066053592
555,113.77846956541572
556,247.32057389172644
557,214.45006928431192
558,4.983364573432595
559,5.929300415844313
560,159.58246715821628
561,118.79361799299025
562,154.4354722198574
563,2.8744422377650265
564,11.455872624063892
565,157.40342058931415
566,2.4672261647306466
567,52.72898764434441
568,114.25421973592509
569,324.00998743109363
570,3.495922191483103
571,208.96011126951643
572,3.107619506580175
573,96.44407370543956
574,97.23197259759968
575,8.049459466417028
576,1.9068332848750822
577,2.611779678721466
578,184.092549417527
579,-1.9290798464370904
580,280.21579227580173
581,54.059356671346215
582,68.28922249199228
583,5.766940682153673
584,2.875765551254541
585,144.98112686825274
586,4.6268530989156265
587,221.03182775888226
588,2.7175965447693238
589,192.92321299957376
590,270.69176582986785
591,173.2604312064136
592,6.794874083731118
593,242.03768022064534
594,283.4927033802104
595,32.04629955836245
596,5.316272528522406
597,114.22263064672127
598,2.7296129947124
599,73.86978779046251
600,177.13671891706045
601,143.8033897302631
602,32.53682505068007
603,2.110060440540681
604,248.96055835391746
605,2.2906944952612287
606,2.2531559288719007
607,6.826610544258909
608,43.639905587958786
609,273.9374902458044
610,40.883873383709954
611,73.85315621146634
612,4.2019963419461215
613,-1.0924720069049045
614,49.82402264334385
615,1.905602176361219
616,183.44954802943184
617,-59.88123597780756
618,226.8980581427759
619,4.50956091832222
620,5.54839071031758
621,185.17631409136757
622,97.18918781190636
623,171.71673036971706
624,194.72733089882277
625,2.5359667421901504
626,1.9335885730741382
627,76.02384349192124
628,4.280084739744978
629,233.98060977455725
630,4.3300184585799615
631,2.098080546724068
632,178.84022059551975
633,136.43446674961683
634,221.82858560421388
635,2.3198056509273015
636,105.57978432253488
637,102.72027602453709
638,6.676955234362687
639,8.733112481768128
640,124.49428531311544
641,6.94325893932356
642,2.8181905558699256
643,291.6856415633424
644,2.999148659335789
645,93.25155510565324
646,62.271734590900955
647,158.30271300163756
648,236.50546242193215
649,377.637714197335
650,308.3991138091067
651,123.69442684652009
652,42.93496647878881
653,2.7534765513257113
654,190.43996378186975
655,-1.7612177184044842
656,196.658992987645
657,153.8096296606519
658,298.04772400528753
659,1.8902485623658916
660,126.09683166803941
661,3.906011028246845
662,133.12110337239235
663,3.8056463738422193
664,-47.04100161891872
665,93.45434783256803
666,157.3423364768938
667,248.46091392457063
668,332.4316799134718
669,163.45179852898863
670,198.7762844199956
671,111.39985327650179
672,95.51074888230659
673,4.226776364241847
674,5.805784347736006
675,6.106465150745899
676,5.580422163901997
677,31.516075455667014
678,186.93613204569596
679,5.05137333628378
680,2.918499003461993
681,1.9601198490997587
682,79.01100437994502
683,5.489917381477095
684,169.52320013162728
685,223.61523311765254
686,5.938813681061726
687,378.89211897173345
688,91.38411886818496
689,98.72574421057156
690,336.8085466584036
691,3.8067829991634654
692,69.85433442054007
693,5.2515425183157785
694,6.619533224469504
695,-20.07126906476951
696,291.02733258611926
697,0.9566322797935335
698,231.3585214206547
699,1.3545501088084118
700,241.28946983905124
701,3.7094844259946522
702,3.971541391819334
703,58.188490084884904
704,83.20932551271261
705,173.32069010851163
706,193.82098999916818
707,148.7197840528586
708,78.09931789786242
709,87.98484815588992
710,220.3008507764422
711,220.7497584932129
712,6.583890080464071
713,19.846234951397708
714,6.973189485669985
715,249.96025322895812
716,2.7634371893364835
717,82.39496554589144
718,377.6384934810809
719,206.40723221715928
720,4.240790481277247
721,162.71003155961907
722,1.9872194927175748
723,6.505614739815053
724,1.721030190880673
725,2.34668623861115
726,114.06891324926237
727,254.68744891183366
728,53.45964651458559
729,66.46060010366135
730,94.3379477913385
731,284.2226025622873
732,4.500666924800153
733,6.772583841959024
734,21.113546769986243
735,249.08815569170966
736,52.53650111868443
737,48.23844182688109
738,111.93832242279359
739,292.6089584450843
740,112.4694329991904
741,-18.583989065398928
742,275.23513869554176
743,129.68018402575535
744,1.4176475272828035
745,283.0166302677166
746,179.15032082135488
747,3.7697139510032334
748,59.032601352492435
749,87.08030031476996
750,201.07885417296552
751,50.793581927027184
752,245.97001666561337
753,1.8577089893468657
754,243.63649244875774
755,6.587880679070589
756,6.089419044230815
757,212.29474572180055
758,1.891190548944991
759,74.41752643231699
760,4.285296489846333
761,209.5895683429481
762,5.341964605841605
763,2.115571469471557
764,87.58601465435359
765,4.476551814196887
766,51.846878748112964
767,0.3784750002149936
768,4.951743771201517
769,6.0478187398967425
770,1.8192351208702167
771,263.22195178770767
772,77.2983420037374
773,126.8606454090992
774,-31.146121671576797
775,38.34131296108286
776,4.0004036640649385
777,225.02165534463083
778,13.160705743818797
779,169.50958748695825
780,56.246303147331254
781,303.92670175616314
782,3.370205804518772
783,54.26252882295177
784,2.7430201164267314
785,46.69552476307454
786,134.59792224872783
787,5.619976676447281
788,1.9040917105359387
789,180.32302370372923
790,76.34637828819879
791,-23.953957191988657
792,129.56972396600722
793,-85.54378963466719
794,345.23763143140167
795,-58.58332076752663
796,129.21080586919723
797,3.6817863147849637
798,54.11366614798823
799,3.1050437197008613
800,5.992829203352538
801,202.67277862106815
802,90.20384580737684
803,167.40590606520522
804,6.783094847357688
805,1.3224353576061891
806,166.78248642857434
807,2.24719984768824
808,78.98533642968404
809,1.5842575852798473
810,50.02791000934981
811,235.2095695957264
812,90.2130314291312
813,275.8331606332071
814,6.072211505981998
815,4.688031755306362
816,7.326523884511354
817,2.6716274693622446
818,3.291787090435101
819,5.472346881582786
820,76.65374413811124
821,5.538533670373431
822,2.0462144990135784
823,38.866566568227405
824,87.23935536767995
825,7.608828650427213
826,66.03364407420233
827,4.2829253159678595
828,6.394397943604285
829,37.139028376992634
830,174.01655387032022
831,101.66861086101447
832,6.257620578017185
833,249.52840308040973
834,183.65476711663655
835,139.287414100108
836,2.2036193967632767
837,66.56210136030701
838,164.38023772675777
839,6.039777142807684
840,165.99252966315473
841,141.5888907762645
842,68.77692464905036
843,2.3638198128516352
844,3.290613896555979
845,5.3800779385140975
846,6.135437738339248
847,5.70357716193823
848,159.990742632748
849,6.601809664775287
850,76.68247015585999
851,18.871724237791593
852,27.567848440742374
853,99.10503433984879
854,-1.2358076333116754
855,7.3114225864736175
856,245.67269808065905
857,86.17414176707794
858,45.91934504285798
859,216.64821613171287
860,2.1380993866406572
861,3.3369361924296537
862,2.499279983783681
863,111.64198836379153
864,242.64796307288174
865,265.59825470027386
866,227.48737125680773
867,5.55077328083765
868,112.65000583831532
869,162.14040563185415
870,123.95843167130575
871,167.02748555775753
872,143.4780414115484
873,2.5265539531866823
874,54.512407008294055
875,6.714081784794642
876,100.6762604857353
877,40.50339330011759
878,51.78300794802571
879,5.236435740663868
880,6.997848062349784
881,149.00850043294363
882,5.790939156315477
883,249.48976332260727
884,6.100754812924506
885,172.18846654765187
886,71.28988577861527
887,2.0740791431206125
888,2.1837401619735877
889,210.09875744469838
890,4.042005873549408
891,2.927212979211427
892,69.50433817066907
893,5.333928801138645
894,-16.075049762127353
895,3.4969448836287036
896,213.0223321957508
897,2.4588498963963112
898,230.55405280845724
899,-52.7302620715803
900,242.82819019303446
901,3.7050374902267795
902,188.61470653003855
903,5.428928173186191
904,129.2934536333958
905,1.9530677364028581
906,0.7760795502089981
907,208.09433898089216
908,44.749805768259236
909,81.71250355123735
910,2.3551431125478883
911,6.878102969870204
912,268.559712210806
913,154.08818674588179
914,282.58620507746355
915,87.37292009589483
916,125.77879824086999
917,-32.46566573690934
918,2.3493214839582794
919,2.9764659825374564
920,395.9644415741502
921,135.6472797661193
922,201.18271422084467
923,2.103991667371241
924,82.79896170276398
925,192.93380947399163
926,57.486567054434666
927,59.22894999507948
928,5.383361927349829
929,28.81401639869498
930,46.74072371874073
931,232.07581752384633
932,195.60056830005286
933,4.756273014394632
934,2.09240118816438
935,170.87354349832592
936,60.0421758149782
937,3.2994363991185947
938,4.524441866424357
939,130.80885081954054
940,1.5191123805569375
941,5.841621197203016
942,4.828007851596502
943,102.55523624190526
944,4.119078160782525
945,2.034728015069364
946,67.22087828658137
947,51.22851360720455
948,57.09360697402298
949,223.19459998728837
950,353.243729970237
951,-15.771321876915756
952,-30.762787072494028
953,6.001257123239515
954,268.77357586942617
955,185.26156845027523
956,170.8441905616715
957,1.9508891347450714
958,2.8977487649655953
959,191.7282252569862
960,59.030235326707086
961,166.39799243564445
962,2.6013476592005076
963,6.556775749064902
964,4.9766363329091
965,7.114159250011686
966,3.85643554416561
967,58.6450570443175
968,167.71528191618034
969,151.5279636604818
970,6.374608245625927
971,365.4150110263504
972,5.7343805082591075
973,109.64409104672751
974,5.554749087906768
975,3.8007090558690004
976,5.349702441400132
977,184.100736993459
978,301.232268272664
979,1.9418829950597463
980,1.7802410063518344
981,-29.13573774511205
982,49.73367282053355
983,305.3302705283736
984,313.7563104805684
985,256.1788452104397
986,78.2552025796116
987,3.085634758049962
988,252.6122842237875
989,335.2972926747887
990,119.9018967767826
991,3.8889042492148533
992,290.0327310641601
993,196.11998540560617
994,2.91156691171892
995,-6.790325681472604
996,55.21897425688596
997,2.02513852900892
998,38.914515028994906
999,71.11907206444599
1000,-17.62421792813194
1001,277.2112422000304
1002,169.51195760977816
1003,5.819479333773766
1004,1.2558546562087483
1005,1.749637809267363
1006,3.7127675076503577
1007,144.19978661704997
1008,2.0534318090390635
1009,6.66608856664261
1010,60.60326220958158
1011,262.7820359406125
1012,25.639257663396926
1013,221.98865055901558
1014,76.48097230210912
1015,237.16906144294666
1016,6.727338464129454
1017,5.20375140974841
1018,3.1624582668292787
1019,6.392147997250289
1020,3.9604803180033215
1021,135.63891602425784
1022,84.81182397541009
1023,165.68250608891384
1024,176.69422343120996
1025,5.358463195757404
1026,3.499192203708517
1027,4.672163682965961
1028,80.66992585093236
1029,3.6708972385030414
1030,29.189729371641484
1031,272.24979460119346
1032,2.691084768148825
1033,2.3000561901743892
1034,233.6066961097438
1035,0.8623623346771003
1036,245.4582822799422
1037,6.995431550659014
1038,52.83076117959687
1039,3.627655497943583
1040,-21.10008434277858
1041,2.7440024331024646
1042,4.049150641294483
1043,3.617072933378211
1044,331.4344233914671
1045,109.57122301428845
1046,38.47854959709833
1047,227.19322567012662
1048,1.7926056842761333
1049,2.8673952925453303
1050,6.471011891997944
1051,52.86964043059997
1052,178.22075404740156
1053,259.7602006589191
1054,6.442590163891015
1055,43.33664709629994
1056,34.08194438535511
1057,4.432169461053905
1058,2.7052005354580513
1059,2.7558266507001017
1060,132.0043929215137
1061,2.882567207185217
1062,5.894597036059134
1063,301.24558940802086
1064,204.7600799450402
1065,74.38037359820068
1066,264.9161034509369
1067,267.73416846599423
1068,5.936570069106693
1069,4.1950632734407565
1070,308.0830576223529
1071,113.51080463350469
1072,5.490128820679292
1073,3.2871410597259594
1074,6.489264892965849
1075,4.980393138425062
1076,278.99123644732947
1077,6.525927073978761
1078,166.30673442725518
1079,2.546393562128392
1080,2.4245970489187307
1081,6.083784410231115
1082,3.7914454324724023
1083,3.3826410645786837
1084,6.331106944965874
1085,116.42586624420908
1086,194.55474543831048
1087,82.12422115767437
1088,283.38674725095785
1089,8.531149272440468
1090,135.7350029973217
1091,273.5733629839067
1092,5.670048833638924
1093,3.640736775445542
1094,6.843984998286024
1095,3.1570865512196002
1096,2.6102305334419924
1097,5.4686051081622775
1098,66.40138276066826
1099,128.55321964310065
1100,5.601065110027609
1101,4.531496649484331
1102,6.276336402861826
1103,270.83206070364065
1104,4.615472810653743
1105,124.23151992901032
1106,4.928507654537992
1107,6.261476735750716
1108,18.40968009537456
1109,119.7598869757204
1110,88.55778897923567
1111,3.163552688823916
1112,222.26777194986232
1113,2.4545040966612657
1114,159.5553074366384
1115,-58.48431057947638
1116,5.489686801938361
1117,307.7231730901875
1118,256.8052543463484
1119,4.625780889375837
1120,61.85482045314368
1121,30.883202109258427
1122,236.00800004982955
1123,3.4590597797070415
1124,167.55202410722916
1125,2.736426658036868
1126,76.91654084529361
1127,6.633554661889269
1128,-33.64955750960733
1129,181.09567227809373
1130,6.295599281968832
1131,50.49775827429035
1132,3.5837002686807624
1133,-63.98810879259012
1134,176.0329800743622
1135,200.17630351007918
1136,-51.298205092485084
1137,3.992448777886159
1138,53.345193232141916
1139,111.09519502575584
1140,127.37054315377642
1141,204.22890892803233
1142,157.58291377342385
1143,30.32618115693856
1144,-30.36120415988278
1145,125.1721083137135
1146,36.5477372213217
1147,4.280491592153373
1148,115.51153010877452
1149,38.083597467467676
1150,4.1672104744725695
1151,1.2796114425201992
1152,3.880005302455757
1153,4.006844760161364
1154,40.10332439911489
1155,179.33052778718886
1156,6.93669613377069
1157,94.80675774860234
1158,210.8181393063326
1159,128.79208334550893
1160,120.86051958294834
1161,1.7070153561441894
1162,5.439324467350567
1163,5.54558410457338
1164,4.8980709841484344
1165,199.9433076329473
1166,54.37861064262404
1167,-29.4217551472484
1168,4.775595126223437
1169,160.160507900075
1170,4.638218748087435
1171,4.203292958114869
1172,-4.802188247449451
1173,3.755521447207399
1174,195.0235197204223
1175,-44.444499240282624
1176,251.91119813405317
1177,2.06752046316567
1178,152.02273537333937
1179,2.4848746889287066
1180,2.1150597491891703
1181,1.5948977913197968
1182,129.32511520124234
1183,7.088157178570119
1184,3.5409690683398294
1185,281.0290163668778
1186,120.82524039271992
1187,4.144696508082815
1188,2.9608223440440447
1189,153.21434595538258
1190,3.655550175219831
1191,2.5972939579297027
1192,4.820250924528957
1193,149.38282261246832
1194,5.6360752689273985
1195,2.150352378730581
1196,259.8644985234964
1197,82.40148038814918
1198,2.71876716840629
1199,279.3455243951255
1200,78.08365835553373
1201,227.22795080506455
1202,67.52210912609841
1203,3.167490952245595
1204,149.89510377578316
1205,1.841294952609227
1206,148.48305079946587
1207,103.43306190999913
1208,227.05948695061986
1209,262.71639279735365
1210,192.68923669025324
1211,224.66369101116427
1212,6.03952678951106
1213,4.057665774186149
1214,192.94019199783833
1215,99.83358720353873
1216,243.84879625763895
1217,182.43956815552957
1218,-43.28347702364958
1219,6.358502359508274
1220,5.939278062883491
1221,240.99275745975552
1222,5.746782219190383
1223,1.6557571517960565
1224,2.710369896342546
1225,115.14649051221967
1226,1.2195225760753008
1227,4.750401448379494
1228,1.8116972419986621
1229,39.49482931206055
1230,103.72884792779276
1231,231.90725014208772
1232,1.8228960042350486
1233,-16.522094285109322
1234,2.813228291458511
1235,21.37547295618641
1236,266.0308052771756
1237,3.7865384429970304
1238,2.2494422042043127
1239,1.0744615016676184
1240,54.203608442488886
1241,2.154406080451128
1242,4.612371081815555
1243,5.055527356849878
1244,198.90648948151383
1245,3.9451608021008004
1246,257.00643242102257
1247,5.800177776221181
1248,114.62117712260753
1249,150.8777515064726
1250,7.600242100955409
1251,25.103258008034363
1252,5.855794958908255
1253,3.8130377371922135
1254,3.8332186683825484
1255,16.72366526601538
1256,77.38222751799792
1257,144.68734439005652
1258,260.09498664352793
1259,61.526724031218194
1260,266.35521187896813
1261,6.09299872455807
1262,5.634787406499315
1263,189.74507591039887
1264,2.6535776824178785
1265,31.61382620112363
1266,124.57039264672903
1267,2.2920242915959057
1268,6.361966380115529
1269,268.045931306969
1270,-58.654388040780844
1271,256.5624874766094
1272,56.872936248959604
1273,12.043837245241908
1274,218.03817684787793
1275,191.51507136856065
1276,47.14174779439776
1277,4.109747601813244
1278,1.0752558239869292
1279,3.9060218208670823
1280,-62.80760530248747
1281,3.2561148323467397
1282,110.3609983735723
1283,171.4517916896011
1284,2.5335199405825093
1285,-59.33941195295107
1286,2.774842271171236
1287,57.0574734974707
1288,98.23130487222241
1289,3.979683600459231
1290,224.66825678828826
1291,2.8680883388131626
1292,34.470429189504074
1293,106.22665303035367
1294,266.3194021904243
1295,164.2387088695244
1296,6.3885439877620565
1297,68.04347337230604
1298,13.914871679000537
1299,5.809148786522237
1300,165.4167607098934
1301,254.33843053333786
1302,208.48022409060738
1303,6.151384530775906
1304,3.6662389688516828
1305,5.0103465065102775
1306,55.623530188911886
1307,161.5733184296179
1308,1.8752680966621726
1309,4.792082872298624
1310,352.5355059616039
1311,2.5465672076912025
1312,7.443613200085218
1313,52.870688454556976
1314,182.08978810985477
1315,197.80469231440756
1316,257.1210547886027
1317,67.0505444018837
1318,2.148774814858215
1319,224.8299883698023
1320,264.8198623968696
1321,18.578404299900978
1322,53.61816811468716
1323,262.25581748510734
1324,213.42458122604282
1325,48.216602331587794
1326,64.34097429952601
1327,232.87750574202218
1328,2.8595715665244423
1329,5.862645383098345
1330,124.35129881014056
1331,-18.19523624924017
1332,284.20744269812394
1333,1.4796497558948851
1334,346.5267047050142
1335,1.8709903152985117
1336,113.06953279384719
1337,31.292043164149344
1338,242.10154155228824
1339,6.664892934079104
1340,181.48055573419063
1341,229.4973691119715
1342,179.90881442329993
1343,51.617259858460415
1344,121.80795215403232
1345,2.4976827557338517
1346,73.84365391509125
1347,105.96081801235465
1348,2.922844683030991
1349,216.20427519760753
1350,35.35622305947565
1351,219.960455474037
1352,2.4200836899752067
1353,13.563750628198633
1354,5.34274080566431
1355,6.124242887786161
1356,3.8453617158091955
1357,7.370274795248971
1358,6.903783952685062
1359,1.6662944319690123
1360,318.0667167816735
1361,4.392396094089932
1362,6.188275042005675
1363,67.72643271829375
1364,3.2834713331177703
1365,6.05778933422407
1366,6.545098452369145
1367,6.093402872653969
1368,26.969476594485524
1369,185.6216099402505
1370,289.10311601778807
1371,226.18492108829113
1372,18.74416538230601
1373,3.357525305780617
1374,165.6071694417983
1375,186.83115928157414
1376,5.678842772148954
1377,4.940202709165696
1378,111.12494879475526
1379,82.26252953117564
1380,97.80584232248638
1381,232.14414186505726
1382,71.27915206090465
1383,46.7762087942472
1384,-6.366587113696506
1385,148.37455692229247
1386,1.6933546257223961
1387,67.06371027279248
1388,1.6494120510683539
1389,234.1629846430537
1390,190.69676499093217
1391,55.9649978497987
1392,58.216685271623234
1393,277.075640061073
1394,-16.411784711704545
1395,42.705204340764794
1396,188.95505015829124
1397,5.703827661460284
1398,203.26939524132342
1399,1.5142664189561008
1400,90.72444228353774
1401,335.6587100896428
1402,66.51577119007375
1403,279.290219550519
1404,80.5026078507282
1405,131.01556688748383
1406,1.9731843846912662
1407,130.94895219191375
1408,7.65501393540397
1409,3.5853705873680957
1410,263.9533218003377
1411,281.9720019725185
1412,-44.192909776286776
1413,120.6204154925614
1414,256.1731448894094
1415,2.205937461764989
1416,2.1805876003829123
1417,4.141691183860559
1418,333.3797596506892
1419,176.67269890637888
1420,4.690899672641987
1421,39.169114298429115
1422,6.645063879480115
1423,3.1159019189267423
1424,4.860214252299492
1425,1.7282178095204854
1426,-33.47411438547813
1427,3.6604940100647636
1428,4.510924172142717
1429,3.316431026026289
1430,4.574374286992574
1431,6.547940473445524
1432,164.1092391996149
1433,2.2381483406075904
1434,6.579088679831096
1435,4.75563257808559
1436,-55.49839266571605
1437,155.77325609089598
1438,107.08236137975784
1439,6.590127036548659
1440,2.3851581670010833
1441,127.01776577425271
1442,172.50384551060688
1443,50.92885925341779
1444,6.164973612971444
1445,60.519558420387035
1446,265.9119367374034
1447,230.1752341647576
1448,-12.667819012900216
1449,6.0833573331576
1450,273.08851716528045
1451,162.0325215904305
1452,5.193174726516409
1453,5.770280447850549
1454,176.56210144166695
1455,71.10733111696437
1456,-7.8680626334954
1457,8.300053128527933
1458,4.877066239707799
1459,292.66110904477847
1460,357.5694755345224
1461,140.19081382816722
1462,-33.899108933358946
1463,70.57229268865521
1464,6.071545903990476
1465,2.8939749142774
1466,228.22720545753532
1467,5.823419048794468
1468,5.511324378657291
1469,38.19967674091176
1470,3.726944905834884
1471,35.40833102444855
1472,6.97723379432868
1473,2.523799942857937
1474,253.46820038654252
1475,100.98338396409129
1476,6.9021764859334445
1477,2.2757716817473335
1478,122.4618107178991
1479,4.811102899741156
1480,99.15835571920138
1481,6.1100000709550955
1482,153.13381361797636
1483,6.464111384135886
1484,235.53742068343593
1485,187.46304262742393
1486,7.2194419068101645
1487,3.3611484674647096
1488,87.00655572370836
1489,-2.4817988848639865
1490,56.35510487773947
1491,3.1885694397568685
1492,2.019302512884497
1493,8.17170335691791
1494,5.399794348638903
1495,43.057510487482666
1496,7.12887005575662
1497,64.34644164722395
1498,6.080922926850651
1499,71.41334005794758
1500,7.169554217723493
1501,5.852317790498448
1502,54.38684244029111
1503,5.810910321223003
1504,2.152086706400729
1505,4.880212971173221
1506,210.62267618486482
1507,49.706386903823905
1508,98.79746541536632
1509,58.07733257358568
1510,3.1188631363895896
1511,19.737622008219798
1512,60.36292354905673
1513,6.13507591734305
1514,285.2826565475826
1515,57.01645574160921
1516,2.6085661800043574
1517,345.9343806293964
1518,4.429716127146802
1519,236.41844029789397
1520,5.031096572545859
1521,47.46555007786842
1522,4.922855719948434
1523,2.4478212065645963
1524,118.8005262047438
1525,-33.8905446807646
1526,2.078700382916496
1527,5.967664733799205
1528,3.788670596956249
1529,217.0506922410067
1530,275.5564310096356
1531,3.3419730529531133
1532,6.480209635712008
1533,3.274548328326794
1534,-14.966554697509002
1535,89.61333323479262
1536,5.8317341435205154
1537,2.550026209934118
1538,287.66750797388437
1539,171.09043755617697
1540,2.2495687142549334
1541,147.6216987102239
1542,2.9100668589606156
1543,24.77788844424364
1544,7.725724351644024
1545,3.566019420050554
1546,6.525825488996091
1547,-30.92878331369958
1548,211.6297860841216
1549,46.049092201828586
1550,3.0853162777875314
1551,2.321061380906518
1552,230.13551553454263
1553,6.55300054181716
1554,292.95967718456546
1555,154.56763054852607
1556,4.135366079334459
1557,18.280179163461945
1558,3.6137332754557225
1559,248.21300256881457
1560,172.21679938376565
1561,207.3253738565067
1562,242.0171136053253
1563,103.93850120361694
1564,3.2396332152826526
1565,68.26826595731734
1566,3.475626785191029
1567,-8.475080961436758
1568,85.99944797509983
1569,24.050019452154533
1570,276.2357269620301
1571,3.37020839481666
1572,85.04340727547786
1573,2.0709132467520055
1574,4.378107710593199
1575,5.650511589693664
1576,4.250475288827754
1577,5.879544034292129
1578,81.71250353335382
1579,5.163294769772883
1580,199.24508585450266
1581,202.50387477181138
1582,6.9533858610520936
1583,296.72596124690705
1584,306.3264220429353
1585,6.1898958013033205
1586,4.91490762621966
1587,59.8579527132068
1588,279.54713372697483
1589,7.524651004878025
1590,6.34224607335642
1591,123.47425368275758
1592,6.980982226940577
1593,128.58153430430954
1594,142.22088964569878
1595,116.4007094031201
1596,5.699746298709581
1597,76.02420002520621
1598,6.593858793325937
1599,3.140199608957208
1600,4.480587403367994
1601,2.31167555130356
1602,5.997497180547064
1603,273.84628564303273
1604,47.485183184073165
1605,109.96926077110105
1606,270.03607936259834
1607,-14.083746561089974
1608,3.115942515243787
1609,7.542036055444126
1610,3.2031249348207225
1611,187.65348705932053
1612,83.19782750363412
1613,2.4945131484643883
1614,267.8287686078524
1615,5.884810843094621
1616,4.075474183593421
1617,190.03859215065506
1618,225.77242020503158
1619,9.3498309375094
1620,43.611633236861984
1621,2.0547537922990813
1622,2.3586393188036654
1623,2.6790160577310207
1624,257.70423194723526
1625,68.77957744534773
1626,1.611362351314725
1627,33.16318362642958
1628,3.611201043775013
1629,210.14840901117628
1630,89.46805056960402
1631,2.932196455072324
1632,293.17781496874903
1633,5.039021086575703
1634,27.158595129026303
1635,3.488166605460918
1636,4.582531906345307
1637,7.39304124993674
1638,213.841871044525
1639,33.86206550629997
1640,4.6214895219908945
1641,318.8957129016004
1642,147.5366084966519
1643,203.64741666847002
1644,112.00145516105141
1645,200.6060846401397
1646,6.3656409904194495
1647,6.872241309812453
1648,23.196934046909362
1649,4.348711119291873
1650,91.3715850272818
1651,6.658675113839513
1652,6.684898128692698
1653,225.6720082897511
1654,6.80661535222649
1655,313.0513250093664
1656,55.34613468478158
1657,1.1050671350320616
1658,274.9167073698544
1659,2.2263032997727743
1660,-16.58989334194127
1661,6.358312749688698
1662,198.038604267304
1663,6.108117321321424
1664,114.59899873373554
1665,1.1158844436038131
1666,94.97167824032726
1667,-60.28488232813843
1668,261.8185322584594
1669,51.75988758245841
1670,2.109104088052678
1671,2.4743978663796544
1672,5.714306846892551
1673,4.714360624956096
1674,118.19181260054617
1675,2.2123490027114663
1676,-57.815745180255924
1677,31.955803193650542
1678,-9.514656749392854
1679,204.4398499720099
1680,106.62798647277667
1681,0.9288088928839591
1682,2.734744835133166
1683,65.08578737271907
1684,30.766010972003944
1685,6.783631531291584
1686,125.72510588559521
1687,7.384136696762151
1688,167.7273891221019
1689,256.1271556262317
1690,2.752131462324074
1691,3.763244539315835
1692,3.6602461866451392
1693,2.1866820506711693
1694,60.19948119785286
1695,230.06175162646454
1696,121.17459070503152
1697,1.7510093584091488
1698,212.2158321033553
1699,177.85631139039498
1700,117.20049349884975
1701,264.8936425074223
1702,-67.09817486956614
1703,6.1016974311931484
1704,5.6108621804616545
1705,2.8434740058975954
1706,82.42669720093134
1707,5.2837671038082075
1708,75.02920089812237
1709,124.41014574203167
1710,6.05674796403929
1711,66.87584736710158
1712,1.8935038584840722
1713,5.934670552920193
1714,-65.66354445069683
1715,4.981296886749406
1716,2.3888283442152765
1717,10.280484346481291
1718,120.18853703051207
1719,26.039394927039346
1720,6.586867899510833
1721,254.88147225129242
1722,3.642194043473642
1723,178.01999740803942
1724,141.1703366218419
1725,3.224264552292082
1726,4.013299339434506
1727,256.56582657484915
1728,3.9669270187272216
1729,3.518160458413431
1730,45.082851798099064
1731,222.04813739395019
1732,4.9268065264783765
1733,385.89474752503537
1734,275.6131344057569
1735,200.20223056229054
1736,2.9608385994854927
1737,306.0032307484303
1738,286.32221805151454
1739,163.66330945070936
1740,94.98438486646171
1741,122.53589166426734
1742,254.1708655660054
1743,5.441782000990478
1744,114.23630902797264
1745,38.65804470478192
1746,3.578603857893592
1747,7.881090533234306
1748,177.1575604506075
1749,3.5931099536841216
1750,70.02292918023107
1751,30.173415192090335
1752,7.374189682224005
1753,6.204803179459761
1754,278.63874469088273
1755,236.7737453380373
1756,1.943124027657308
1757,227.09513618918768
1758,318.06260677106974
1759,4.815334109474219
1760,252.60603762104563
1761,258.590608623574
1762,6.639005550055103
1763,48.30938586378938
1764,8.967286621692093
1765,5.121352131702628
1766,238.88296526896735
1767,169.34871980677113
1768,5.503873046285048
1769,90.49432226208326
1770,53.34702611016982
1771,2.771120432098111
1772,221.32870361929665
1773,247.8642734962148
1774,6.437675756634472
1775,292.41671822868983
1776,2.3160963897632487
1777,17.132014625122068
1778,37.08561198036509
1779,22.6020317262785
1780,117.28482800756122
1781,5.859899927157585
1782,215.48608698727003
1783,230.3365504316186
1784,4.190157373214008
1785,50.258043746910005
1786,2.6005654250858528
1787,73.44064881453295
1788,5.05493309822377
1789,2.5206609895615744
1790,60.652904061861484
1791,4.104980477355257
1792,2.338139412462623
1793,1.7011385548843458
1794,157.886116321505
1795,193.82190523589117
1796,262.8953345683065
1797,132.677097420204
1798,6.522016934203477
1799,203.2739695916874
1800,135.46828341631397
1801,5.1647515594502735
1802,1.2113736923965899
1803,148.79497582035108
1804,3.7938703471195026
1805,181.28492341154512
1806,5.790732974870917
1807,280.8506744166962
1808,146.93341883335526
1809,67.44125381552652
1810,4.246783530625937
1811,2.236332566326665
1812,23.85368825956724
1813,3.4733427300905495
1814,180.11666952386722
1815,265.3671264823422
1816,5.452896847852696
1817,102.24568675282549
1818,54.77837438286194
1819,232.32339626278818
1820,8.154335645280796
1821,3.1914011503178585
1822,260.7128297239296
1823,-8.600436770956762
1824,37.031756449584755
1825,2.3217523145015027
1826,6.30413671707452
1827,3.5207799446896537
1828,2.173594393129547
1829,222.592504349222
1830,238.9484908883919
1831,6.9978226673108335
1832,50.549445512018785
1833,3.7663820573253006
1834,4.049074088571183
1835,106.1718823378829
1836,6.354820697857002
1837,6.076912476223252
1838,6.104559196076105
1839,126.72519025263679
1840,34.923392122830336
1841,-83.69536530737473
1842,238.28884538691378
1843,173.80592230767857
1844,254.4492455923599
1845,157.48274658827626
1846,28.277491576373716
1847,265.6708069483154
1848,125.0018948127884
1849,3.9777428309671063
1850,6.815500170518006
1851,-72.25273708782116
1852,5.979165641040892
1853,74.51604719498823
1854,68.36838039269162
1855,5.62038217501406
1856,170.4812694001179
1857,2.5869496111521237
1858,4.925817513950704
1859,6.046099202967663
1860,5.835249296093106
1861,148.77697294186902
1862,6.343986702341804
1863,83.61625042619663
1864,72.45127728483715
1865,209.63395177916004
1866,148.68043040288677
1867,72.1447627719459
1868,266.48846922521625
1869,154.25624107877127
1870,3.1517633957490374
1871,192.66877993738888
1872,48.18654541535998
1873,2.9690701869307414
1874,25.772934466154876
1875,103.20216991954952
1876,2.749111062564268
1877,2.4384846565579803
1878,67.24257554946182
1879,46.20932591672226
1880,273.6766312080282
1881,6.077651510275054
1882,99.56545077668638
1883,6.326684042728883
1884,86.62338451261455
1885,297.8796299371233
1886,272.4847663465118
1887,3.137772488440175
1888,214.92229097597706
1889,228.78329889991593
1890,2.5188394853293476
1891,249.48214222731917
1892,211.07937176897298
1893,4.335466493616231
1894,2.098399107059273
1895,16.5200863533448
1896,6.115949296619088
1897,60.161150759802254
1898,-70.49216917371601
1899,2.664045238375135
1900,6.088956177205789
1901,278.5780281643769
1902,226.55894668864616
1903,-58.191352169605715
1904,60.05870616927859
1905,62.99270021139332
1906,181.76944923748965
1907,7.007883546018407
1908,6.523681668449456
1909,117.56449175251728
1910,5.74627038503452
1911,4.809937742867931
1912,3.8152869256477433
1913,77.80159178202682
1914,-36.03705789990256
1915,7.087018171351333
1916,0.7141258210950322
1917,2.541058024468495
1918,164.83324527551093
1919,4.81998471128993
1920,4.715384392594275
1921,74.64337053501453
1922,2.9864500031573624
1923,6.760512167474934
1924,2.4581739011590735
1925,4.312212288582845
1926,111.1424435459273
1927,139.79748512576504
1928,3.08187657769917
1929,55.078511827208295
1930,2.148675402306557
1931,6.310242359175126
1932,4.8379761919806805
1933,2.35284078557012
1934,249.2678316180821
1935,6.435913436150962
1936,4.7206512982571285
1937,-1.735900120523335
1938,-33.16216908546562
1939,2.2758467661862096
1940,277.9429415478984
1941,3.5389792334319043
1942,212.09273604016929
1943,4.022041667730037
1944,226.60622460967355
1945,288.14339963440943
1946,6.005830972271894
1947,109.10913232971453
1948,5.719700574624001
1949,-6.875840472288306
1950,33.45824000195823
1951,2.7652161451963324
1952,42.6970601746209
1953,407.1101504758031
1954,2.6558897579962215
1955,107.82653796957507
1956,2.0333082341024507
1957,120.15212039858555
1958,3.541353215289
1959,175.79404920514037
1960,59.50135236948317
1961,1.0681993236033016
1962,4.195777920512423
1963,2.9268132867140166
1964,4.982678941494445
1965,93.23287763816352
1966,3.2305106043196368
1967,4.512658035045445
1968,257.31502445163864
1969,26.37899439184725
1970,5.846918108991207
1971,1.8114644659217667
1972,107.99311173395098
1973,-39.766600535828225
1974,2.5466343777500433
1975,2.99121928294396
1976,311.8856229854118
1977,1.6468308883889158
1978,218.35338205896943
1979,79.14251068458644
1980,268.1463189919097
1981,120.44657085189579
1982,123.83459885944083
1983,94.67437493869562
1984,8.79977400717811
1985,4.538146781384842
1986,3.6830525562171124
1987,6.293169287419571
1988,1.2249708844319658
1989,5.687300079999337
1990,4.602369764268718
1991,-19.91212363705574
1992,4.153486799721591
1993,28.17630919479534
1994,1.7948715849341268
1995,124.26338746241522
1996,4.249742602712814
1997,2.691869087372069
1998,5.708831183815808
1999,305.73331241267596
2000,6.064902670824061
2001,298.491956622274
2002,-53.387849274850055
2003,6.984900620369098
2004,323.5606228045888
2005,73.66412622065423
2006,4.715313697956895
2007,50.53759334824758
2008,232.79413831493332
2009,137.03159648896224
2010,301.3577880154715
2011,6.502390030000363
2012,176.83678074525872
2013,-36.90258357711994
2014,281.00316974529096
2015,185.69722395806096
2016,35.64432416644823
2017,2.8067246586748436
2018,15.151617308627634
2019,93.69364361091469
2020,7.007893619847359
2021,4.425955759815996
2022,192.59432575651576
2023,84.24464990014779
2024,2.762350897333535
2025,4.298209955990936
2026,79.66378301645517
2027,6.0577606078128365
2028,6.449346220514149
2029,42.899354086304626
2030,306.0736862694125
2031,75.90344683772794
2032,294.6474152507262
2033,238.51789209749617
2034,2.230225500184153
2035,67.9406672529155
2036,183.60074363972137
2037,5.033148320813996
2038,2.841010987238041
2039,2.6317809725840324
2040,122.03964478024916
2041,274.6622156920504
2042,4.04234427816772
2043,177.91976804804236
2044,2.397666809959576
2045,91.55083422171387
2046,284.89651398098664
2047,5.553461243247698
2048,-55.70942723018098
2049,1.7331165956378558
2050,361.40606764513427
2051,3.300804923509298
2052,2.774216593608547
2053,247.0636871969094
2054,4.795061438726019
2055,3.889351722009476
2056,-37.63232328882406
2057,198.17622757478082
2058,-27.887958863367654
2059,5.157390548984797
2060,21.7703319689556
2061,2.385259975709412
2062,168.7743056878562
2063,3.431531595316071
2064,3.762538436848307
2065,3.589979806916058
2066,2.0177826733242292
2067,5.890906853835058
2068,3.482966497178685
2069,1.2255586686517947
2070,277.0643274493368
2071,278.6667310539072
2072,4.460363259984797
2073,207.58957016902022
2074,379.1910540650103
2075,269.1577966500469
2076,3.556635895559906
2077,2.5710577401208106
2078,3.896377821619781
2079,3.944942568564397
2080,2.2862210213890926
2081,3.034502585153378
2082,5.851747445321719
2083,31.81211870221517
2084,2.122501981844995
2085,4.78907302266857
2086,114.05590592127402
2087,85.41879798705283
2088,18.509955569273366
2089,54.55183009244983
2090,243.00900733018784
2091,202.17546431667085
2092,-88.32906223420996
2093,5.372371604362441
2094,4.138375530892794
2095,77.72790345391599
2096,49.837168432031284
2097,109.86835787014972
2098,5.52859132131275
2099,21.805893745332032
2100,20.811543859069733
2101,5.698850895293676
2102,6.961356181454047
2103,56.296597887059434
2104,62.44782946057153
2105,58.87890143671198
2106,303.7064486856811
2107,7.041102444888891
2108,7.635954358519622
2109,6.081667541040065
2110,268.75791614223175
2111,3.677981140543862
2112,55.3772385075199
2113,99.61731825637571
2114,2.626789430416315
2115,47.55628106617178
2116,3.622133223675936
2117,3.326762020246008
2118,3.6560181066838267
2119,121.15772476791354
2120,4.1362358005958235
2121,198.91663418298612
2122,212.98985330772948
2123,2.580676221228581
2124,1.6302398282121742
2125,4.03781951290427
2126,6.028939678537614
2127,58.324351064766894
2128,216.5034442044834
2129,1.827349904001962
2130,2.2533902509667993
2131,5.580760481650629
2132,6.306283538405377
2133,233.06039010498347
2134,85.57005199736871
2135,218.52786392520213
2136,38.689080923063194
2137,240.6052955181155
2138,3.4807334418438214
2139,66.69638779415031
2140,42.21954861783079
2141,52.973714433430246
2142,5.920342013013354
2143,-0.21768347884680372
2144,180.22910445024303
2145,43.90044976367398
2146,3.8014026591073447
2147,4.281793272060234
2148,59.06826678327683
2149,-57.615659275134355
2150,5.75411325173725
2151,60.305527279118046
2152,5.000072653851766
2153,2.9838740516206617
2154,1.4380660974384152
2155,2.464194784615215
2156,6.093126941546337
2157,130.75772625222982
2158,3.716774166936026
2159,326.7185969104358
2160,243.50673354682556
2161,297.7829795621958
2162,1.8935676327105746
2163,296.29620924759655
2164,6.545132552718429
2165,2.5640842123558722
2166,2.309354852855544
2167,21.724505393282257
2168,316.83496744372843
2169,2.3928092851964635
2170,2.2435895821350154
2171,157.76165887056632
2172,5.6394361444880525
2173,255.07256406173286
2174,257.4188481101506
2175,1.19954086029931
2176,4.5426684262340045
2177,-69.26850498748661
2178,4.275441391641679
2179,75.15914526340255
2180,271.6549247206827
2181,2.5344511157293828
2182,158.98320771559466
2183,194.65522881297898
2184,6.091525042527978
2185,2.767852934625982
2186,2.703205543094584
2187,4.331175022933862
2188,260.2769920072002
2189,237.74339058107492
2190,70.79049837712185
2191,2.6672637083430786
2192,2.482673947420995
2193,106.46678575480753
2194,2.546481794523389
2195,4.904519855809695
2196,6.817940987330452
2197,1.9994846280807428
2198,4.217182231673785
2199,3.3987026497795987
2200,1.7662097696966976
2201,3.706844900052985
2202,88.46728482072963
2203,2.119033940057986
2204,2.0269035596766103
2205,114.35253802826007
2206,5.506392449993746
2207,168.8391249510234
2208,5.242527011024182
2209,6.170843772886511
2210,260.31171201063273
2211,1.76787159842619
2212,4.8080308858214655
2213,6.468107434108341
2214,117.891089128649
2215,6.933199367403794
2216,90.28082869116014
2217,4.151735657300357
2218,14.202857220700986
2219,2.3961909045576735
2220,5.5769698328265935
2221,3.0811304174395624
2222,-40.53813603850856
2223,202.4736053005528
2224,-61.358101272352854
2225,165.79388408366898
2226,-11.396928201369557
2227,70.33309335903341
2228,154.7725177960352
2229,114.18961065756226
2230,3.170428881935349
2231,5.640345493243117
2232,4.192084900295487
2233,263.45901600891136
2234,226.95528765374098
2235,227.7583411114873
2236,3.185362495044348
2237,2.771958445540056
2238,246.93606246971987
2239,92.55514145599243
2240,233.37769248062978
2241,2.0896952662931065
2242,229.78451582500966
2243,6.3757324120652745
2244,93.06262445050808
2245,223.78275574716957
2246,97.96507380544742
2247,247.79463154456496
2248,6.537477290456644
2249,292.47862107469535
2250,134.69605413057005
2251,4.816196529672732
2252,275.50686942618273
2253,6.33887609775581
2254,163.80543108408713
2255,-93.16247537095593
2256,32.69457848042197
2257,1.8681156552367635
2258,2.960489005199775
2259,72.11344051837817
2260,6.352004039700235
2261,84.7445450025799
2262,2.206691289689539
2263,80.53409511939965
2264,-31.00908622204994
2265,57.43074476465973
2266,2.431382074078838
2267,2.8256052599294765
2268,5.515658591722435
2269,3.90043931901461
2270,8.650063967905437
2271,179.86023353536538
2272,48.93124359947286
2273,3.048780756778391
2274,6.033810968706005
2275,6.606380756919609
2276,4.589904002959661
2277,2.104933943036253
2278,0.6669685708163076
2279,6.352649365127706
2280,2.0841738656085154
2281,207.12181478989842
2282,2.275288737830232
2283,3.8371986999948504
2284,240.73740782414092
2285,3.3373885476500087
2286,-36.43219910240514
2287,5.725580759427911
2288,2.314239206110036
2289,4.833306690401963
2290,-64.07020880919451
2291,40.99202287729584
2292,4.830236508087721
2293,1.9209861442724496
2294,5.370003456249344
2295,2.640764434134945
2296,4.9747564525021994
2297,121.90395405727908
2298,-39.849527348795114
2299,64.5445977081994
2300,3.8203707709258437
2301,5.50971526233933
2302,-92.89107445101506
2303,158.354115937918
2304,5.537442715671183
2305,34.32171199225213
2306,289.2266228506341
2307,27.13784175438403
2308,51.14580921356466
2309,6.336012319993461
2310,176.58474771166144
2311,-60.76102260300625
2312,87.70035696994736
2313,4.095458042816821
2314,4.8787660561039035
2315,242.63034637522853
2316,7.9208565596429725
2317,3.77663631880287
2318,253.03986484364682
2319,6.765187340074641
2320,83.40799224136661
2321,2.9814685042109477
2322,237.721880731193
2323,160.95226385113526
2324,2.001245159130852
2325,35.87707035483585
2326,3.305663018829061
2327,115.21976446199696
2328,3.755697112636769
2329,346.3173070561386
2330,176.96420791099365
2331,1.1256854837393524
2332,263.58812796450536
2333,-11.656545032909472
2334,11.219584931260783
2335,5.765113591036619
2336,51.023770564320785
2337,137.22433652994624
2338,173.52479341809345
2339,24.069573973736524
2340,58.26898054000714
2341,136.54328954170913
2342,2.348635551558549
2343,6.317762636069762
2344,298.5153968591598
2345,6.0951669374733095
2346,152.47627765476793
2347,97.89211036465242
2348,1.8576071342948528
2349,261.48629845329475
2350,31.497947372240414
2351,4.913452375361372
2352,4.837984922102657
2353,1.6356594469815313
2354,-30.83676244745272
2355,142.64370375606117
2356,3.875868680595294
2357,111.0748904087517
2358,6.348114533391393
2359,6.946742962112339
2360,4.457413121564713
2361,5.635128449156773
2362,263.5122243915971
2363,4.359562574217246
2364,246.768834064961
2365,87.56674754774512
2366,55.21256757317118
2367,48.69529677790403
2368,-71.91772124322503
2369,4.345356283879371
2370,215.58714159093537
2371,48.653094543166965
2372,60.81578637299439
2373,1.9746116007943337
2374,-69.92528129479221
2375,1.7924701210368998
2376,115.76171790432538
2377,104.47696867243248
2378,5.462420251102877
2379,6.598443881748441
2380,30.678060320573515
2381,171.95733127318866
2382,149.72876197038045
2383,50.408943995091526
2384,3.279336555975906
2385,245.72624853011766
2386,6.076002241128074
2387,32.654054298711145
2388,265.8991130348599
2389,84.6590062665524
2390,1.9356191836884118
2391,102.48150695092725
2392,19.619367268156036
2393,67.13644031543228
2394,122.18234100269443
2395,5.853464026324057
2396,2.228443134864853
2397,296.41828665477965
2398,290.79826613782683
2399,4.295070147074956
2400,200.85650828913063
2401,66.86263043660996
2402,244.02518968791355
2403,6.475168679929342
2404,1.9822180749211789
2405,5.085285079722503
2406,2.546338607025611
2407,82.35073010545705
2408,275.77549564248005
2409,180.63762576076957
2410,4.3179364004650775
2411,6.592282842970879
2412,315.436925751967
2413,-17.547808646483766
2414,4.056746510670663
2415,65.54278980835439
2416,266.2743009199716
2417,28.474150758014698
2418,3.104974856101838
2419,3.875901394848997
2420,1.8680488161744828
2421,18.621766444975616
2422,250.70323994406291
2423,2.5108253018350233
2424,182.47795043325283
2425,6.247595699735365
2426,-24.964661251658587
2427,161.26706411751437
2428,-12.86276870160014
2429,3.758638221474779
2430,6.165495511341765
2431,3.6738813151601994
2432,315.5698778230829
2433,240.95029928254183
2434,4.375104214499085
2435,52.86475624017661
2436,231.98178059216127
2437,-79.71477228591364
2438,5.89719853373282
2439,7.075975369234807
2440,139.0066605743599
2441,6.591328878614042
2442,5.880401463076494
2443,5.204417639304614
2444,-59.73152702868422
2445,6.272180732936672
2446,5.0612713314621605
2447,227.25546907918783
2448,6.352319736252782
2449,6.295585746534294
2450,21.253443928681495
2451,2.930986319267787
2452,3.591336168092998
2453,46.24105047762978
2454,304.29707632288523
2455,140.76527257788118
2456,2.8530737813597455
2457,262.7748156732416
2458,6.277644633847769
2459,1.8358625890687845
2460,6.122505453871045
2461,63.56314379951443
2462,56.90001910782737
2463,6.359702811243674
2464,-69.81722310248982
2465,14.805264537363325
2466,203.748243725044
2467,155.99123645024042
2468,261.7133708151168
2469,251.99428785125724
2470,5.759895807391958
2471,135.91532356273882
2472,2.9699164581083872
2473,60.61831595481321
2474,183.39941792777188
2475,6.296308105751674
2476,94.8595698096351
2477,138.89697475032423
2478,207.85556732656883
2479,5.235128843180537
2480,47.807468442037234
2481,73.47313614054522
2482,2.3435350814973357
2483,4.86983938033751
2484,114.04055721575018
2485,133.6311809652096
2486,6.613438476510924
2487,5.346816610768308
2488,-20.008266445613923
2489,187.61608183617378
2490,5.826913297542631
2491,146.48328306810708
2492,44.49873223803481
2493,51.390341452240044
2494,5.985840993274303
2495,5.741609080056888
2496,126.21051454323053
2497,76.08297354818446
2498,1.7411824213740976
2499,6.976205642013621
2500,1.8910590368163684
2501,108.68273035556864
2502,253.5217701046597
2503,88.68412112711324
2504,349.0622340519445
2505,3.348970534629117
2506,4.485373220203206
2507,271.2891929230865
2508,203.74937542834422
2509,122.24264238025944
2510,6.904256782728867
2511,191.87811213658793
2512,86.89196298036981
2513,178.2051676782569
2514,226.0579741403811
2515,312.0743666297078
2516,1.682659083938593
2517,2.1643826892638103
2518,279.01310630062454
2519,4.3490759370569965
2520,72.32763412265986
2521,148.6613310460489
2522,1.8819094904516227
2523,6.629508051605672
2524,4.738330494693183
2525,288.2280151000336
2526,4.249733837984106
2527,3.4156141658237096
2528,238.2155693932648
2529,95.61284736910189
2530,259.5446704296993
2531,266.02020455142906
2532,32.04213598260815
2533,1.717315995514176
2534,6.01683070299818
2535,6.068603152747121
2536,3.5527122592247258
2537,6.246771852556677
2538,5.776110162446574
2539,139.59225462039436
2540,2.9123416313793156
2541,-2.055316845814662
2542,-10.527655239375392
2543,5.280416263389927
2544,161.46781304705402
2545,2.4927861457948532
2546,270.1353283953109
2547,32.994272751648886
2548,-2.9548281944798536
2549,137.87401016389853
2550,127.55358746376704
2551,-44.181000232377734
2552,2.37971824844489
2553,293.15604097499664
2554,2.301146209602703
2555,62.71075639091359
2556,99.91632321538486
2557,4.42912729243418
2558,-15.071167934256716
2559,6.494027509837902
2560,218.11818695781864
2561,1.3855228607887646
2562,226.85306944297943
2563,235.70852304502662
2564,281.4382704422427
2565,4.91838062555767
2566,4.643379946477983
2567,261.7123969811803
2568,57.637311913793766
2569,65.80067791688712
2570,3.373724716958145
2571,102.35474991205133
2572,-55.112847784977866
2573,179.39874459688238
2574,3.0618053307717283
2575,4.381635539602925
2576,3.169562058433001
2577,6.596613301770015
2578,52.870511672570636
2579,6.290738350892344
2580,4.544838554127269
2581,2.880026359365581
2582,-39.961680750662985
2583,1.7342529978332886
2584,7.003694654846438
2585,46.380859738095516
2586,4.665407490456598
2587,229.31454813380904
2588,192.40531062524508
2589,4.6954167937216535
2590,56.25929295857065
2591,1.7201559870938186
2592,129.7611064884469
2593,60.54025495416865
2594,66.61115470864115
2595,54.2485078262158
2596,45.33132680277382
2597,5.612192943320559
2598,6.326972788439645
2599,12.85689438206055
2600,3.695350237702841
2601,217.85027242923704
2602,6.2808445479341515
2603,366.5216151122731
2604,151.68488691549462
2605,31.948293074659386
2606,3.935236628792929
2607,44.79263364055812
2608,187.3611172818854
2609,27.89942287291697
2610,2.2386401571549572
2611,16.297173558820244
2612,3.0641951847032467
2613,4.597492740427175
2614,3.1121986434961255
2615,112.09883739371863
2616,171.71013150651123
2617,265.6102983126922
2618,196.41950358747886
2619,4.609256362462715
2620,2.1364562267999823
2621,3.3741849084415994
2622,2.3230377621779525
2623,1.1029148284296342
2624,7.021366602006158
2625,119.73415018740707
2626,293.09002630258755
2627,40.99575133162349
2628,126.22232703350556
2629,24.77069477488473
2630,101.83301610147608
2631,23.084664076234123
2632,6.427736784811855
2633,283.97924545443834
2634,53.790323822155514
2635,161.3754897576784
2636,-44.834722151428174
2637,3.093462457669449
2638,-59.82007914552913
2639,-61.02066861940432
2640,196.9241450299833
2641,3.0892930157834977
2642,5.75568296323083
2643,166.28452238979705
2644,137.39974577302021
2645,225.31102156138678
2646,2.4965824103421044
2647,3.2178012510469194
2648,4.613298878112775
2649,6.945693623646615
2650,283.9099553001553
2651,229.5709903511465
2652,63.33398064519022
2653,3.6746821907613683
2654,25.88257389920071
2655,230.1669343266687
2656,254.36246702597506
2657,2.788567893240089
2658,11.29711459246745
2659,282.91514734835636
2660,1.8527584985311187
2661,276.8730209753518
2662,69.08316112338103
2663,-6.365996182967978
2664,76.16551768829747
2665,276.8440877249643
2666,263.4054663117855
2667,-5.663482337844202
2668,27.476634756200077
2669,6.992338664953882
2670,82.23013828214764
2671,195.87067284797604
2672,121.01263296888362
2673,246.2842989435479
2674,231.91366910685855
2675,0.7437218970224032
2676,-68.80895722352658
2677,364.7271769985978
2678,3.494115872223767
2679,5.488107996196665
2680,55.49641564610282
2681,5.519580149640017
2682,2.678684826635514
2683,2.5756003918758945
2684,2.7090917607255087
2685,6.744241008417559
2686,7.241514173583141
2687,38.59155324291163
2688,69.00525387390854
2689,38.62356674446766
2690,137.67422838203476
2691,87.95411649681002
2692,57.02080161974409
2693,148.6287525456331
2694,131.22569206041015
2695,6.974350169397609
2696,186.3321323522259
2697,3.807015064731056
2698,2.240694483202626
2699,4.19338605710594
2700,230.17810646757815
2701,51.59602738141194
2702,-2.3469216200833185
2703,3.991642354889009
2704,173.2855269800151
2705,2.6306417266111652
2706,5.722012083617788
2707,202.20288376202754
2708,3.0534787840525537
2709,46.91678037370452
2710,5.438400843703154
2711,171.01466386713778
2712,1.8710389469810633
2713,129.9383304630827
2714,-48.14439263143667
2715,4.757739481372389
2716,2.646177979681006
2717,269.86867844661975
2718,4.652677563811073
2719,2.8718074651547987
2720,6.890881550674476
2721,6.449317533192919
2722,4.1732945318146735
2723,235.79867382904987
2724,6.752780222430893
2725,42.595811247784304
2726,3.6813024912016763
2727,290.6893431297506
2728,50.839513908183434
2729,189.88066178282682
2730,191.04674649649442
2731,129.74125800220762
2732,6.770452791404804
2733,180.95006240912895
2734,123.94504173940983
2735,85.27148657422076
2736,73.30120648815499
2737,205.6448984516734
2738,126.47012611027188
2739,103.71253970007272
2740,5.617729471616988
2741,55.198785434400314
2742,1.2665948076626783
2743,5.589618671802044
2744,-15.662452185614146
2745,4.4771234249429455
2746,208.44660660134085
2747,172.22231876215744
2748,2.509161955050599
2749,5.277053278169338
2750,209.36891403796926
2751,265.15037104259795
2752,1.9134251057421128
2753,107.35233677368268
2754,0.4449167987444416
2755,30.15264908953405
2756,279.11517791161293
2757,5.9900053375781255
2758,294.12877732353337
2759,72.24587971713412
2760,155.0934491104818
2761,6.759448960672356
2762,3.8591102759042206
2763,103.22332077192947
2764,4.4351768660238315
2765,103.82154028159663
2766,1.6991923536228628
2767,260.367240561158
2768,4.243572533893765
2769,3.4528863787693767
2770,207.44620302331947
2771,135.00788328844493
2772,7.1668486636735045
2773,2.7629632370242767
2774,4.739289507832495
2775,6.437047246090087
2776,3.719873767375425
2777,258.0489587973796
2778,29.350081696056506
2779,2.1980329001403427
2780,2.542889353520761
2781,245.01353453343725
2782,201.692478957049
2783,5.965473657432693
2784,0.7527195138128796
2785,6.070699794479974
2786,3.1861732283324735
2787,60.393913433103094
2788,14.470595158457225
2789,154.40588146425293
2790,216.82016747999776
2791,80.73388124863708
2792,106.67040242757412
2793,168.34986759284263
2794,152.83737818940884
2795,54.150362151218324
2796,248.2948137715834
2797,94.93420386935065
2798,40.11451381423485
2799,30.57270684584075
2800,5.47175580071142
2801,4.242819226958489
2802,2.9824407676310143
2803,64.04152308895945
2804,3.7838203676051063
2805,61.895761061687836
2806,6.756319430246635
2807,35.34338684253814
2808,82.69483735659206
2809,6.186138161596658
2810,5.734067485074359
2811,194.45333483042185
2812,5.8995556193344925
2813,0.8077364114451852
2814,6.186271976490292
2815,259.9947986781582
2816,56.46998361843577
2817,277.6573031260839
2818,109.37908374374867
2819,56.99782592102276
2820,165.7971428389029
2821,38.31905214064475
2822,6.460611800304149
2823,49.332254788344514
2824,264.1191949487548
2825,122.17235800823674
2826,-66.82550413944007
2827,6.762885132352875
2828,5.581880761572193
2829,4.624689945650221
2830,6.013980256145183
2831,5.880793129201732
2832,6.53643402110496
2833,128.88518786608557
2834,3.6101869054655946
2835,3.0504563942304754
2836,3.45107691853799
2837,3.2167733941362133
2838,5.896110104109037
2839,2.007655837334448
2840,62.86806912538571
2841,52.663851777571104
2842,287.08547913970307
2843,6.096672963084403
2844,174.43172709687437
2845,303.2314599224452
2846,3.400701669124871
2847,96.09290397798834
2848,17.3992108597353
2849,-59.90189067910752
2850,6.887716280983136
2851,6.326151632295677
2852,-31.75468116470791
2853,51.86315585625626
2854,1.9938574920666106
2855,54.97693337340185
2856,5.944953349045618
2857,45.025338401503205
2858,236.46949885095486
2859,1.001244852602558
2860,141.58435335970609
2861,280.610448121113
2862,262.1358299222986
2863,2.248438171472566
2864,274.9528550362248
2865,223.8631878526081
2866,1.156122898756657
2867,2.4849523472986506
2868,97.73326240716132
2869,44.63091770642815
2870,177.8512817324851
2871,6.315942426646604
2872,265.429124576348
2873,5.243721775257472
2874,7.298771140764542
2875,4.4025771202111015
2876,-42.77480820956389
2877,298.5744770421755
2878,-74.18313637981483
2879,4.961491204060646
2880,232.55123404893018
2881,5.770981421992247
2882,6.294284498653818
2883,3.963151614771944
2884,6.73690665155843
2885,178.68982970487866
2886,231.63233259114585
2887,6.0978727241494415
2888,1.810135296712654
2889,6.7566456806439374
2890,2.474891156318142
2891,-60.07905218210807
2892,152.44015848164506
2893,55.197890555069755
2894,66.90555935341185
2895,4.8436768109144275
2896,2.8119261660555503
2897,5.6716117295985695
2898,89.53912864942326
2899,33.25283156843552
2900,2.7978064933409588
2901,31.366719330170646
2902,238.1183495674716
2903,264.4086085042956
2904,3.8726473065654825
2905,4.113377322408366
2906,33.560429069833624
2907,3.7326332410827896
2908,41.26005186372448
2909,2.0498802284179516
2910,122.25912783602983
2911,3.9585552189489275
2912,2.2890767372061576
2913,6.4260560960113065
2914,33.24377497948226
2915,8.680369523950057
2916,188.104736479377
2917,148.05951616012882
2918,3.7013506481869296
2919,369.7139514843404
2920,197.3497092427671
2921,5.481269117009279
2922,3.9287599432757268
2923,228.7685593562874
2924,5.741290894065004
2925,4.877414691171306
2926,6.23270580920369
2927,-1.9697620904677087
2928,6.418607140721484
2929,158.116614718046
2930,271.5168890149262
2931,2.1085050130872096
2932,5.6050280389575
2933,-0.15095485044963403
2934,109.26934135953424
2935,0.9869389526558962
2936,-61.80152229254903
2937,6.625219691348793
2938,-2.074365535922738
2939,2.877483868048006
2940,152.62687953679975
2941,88.67333592677957
2942,66.31998604115911
2943,6.514405071438924
2944,6.745932359828575
2945,5.937314400735255
2946,6.510226828371307
2947,-53.19802029044155
2948,2.4847747926537087
2949,6.904333001229663
2950,2.5213438101721253
2951,141.52100426027826
2952,133.66205653748102
2953,7.228226812979292
2954,1.6466625443386256
2955,11.678063728512832
2956,6.602262632813365
2957,102.14251142871524
2958,5.525178145492226
2959,173.989177913638
2960,6.436842766888155
2961,209.97750342521852
2962,3.678209094835115
2963,4.087039099736522
2964,237.61759614733103
2965,186.8702732573748
2966,4.3553063650694686
2967,3.6468913041848103
2968,175.85998465432763
2969,-87.38642879100378
2970,1.6859009969189542
2971,218.98163932929359
2972,7.001887851669514
2973,213.17166473603655
2974,250.712918355035
2975,4.703198939133702
2976,45.64163758405976
2977,37.92587190166013
2978,4.4523119256003225
2979,4.565710583607619
2980,306.20085434549077
2981,312.02742755200285
2982,142.01830253651946
2983,134.40461838246932
2984,279.65425076852523
2985,129.63944877770172
2986,286.8019000932521
2987,238.8400209583802
2988,116.05350234966521
2989,121.91827153376869
2990,44.07033921139728
2991,6.823229636365597
2992,2.8418320994681108
2993,5.413220548122556
2994,22.383813292965993
2995,7.944762712394347
2996,4.323827209406254
2997,3.2748424123760747
2998,78.72705298403015
2999,135.03366723211167
3000,67.09061723275154
3001,2.9321826447874537
3002,291.4887328929232
3003,4.336394754530222
3004,285.1502753442643
3005,80.94995702460128
3006,81.19814723159537
3007,6.099319019356867
3008,2.535891931718998
3009,21.930512940889415
3010,4.30588613034173
3011,59.22743561059573
3012,5.338593968666627
3013,206.5410016099243
3014,6.788974530511961
3015,3.9119761782308298
3016,5.947949471810293
3017,6.422986068719175
3018,4.398051625367643
3019,199.96403870876105
3020,2.929556418133749
3021,237.86068179769524
3022,278.6079544560527
3023,2.9538009126823677
3024,105.05997853093263
3025,234.2770670817814
3026,152.33788515791414
3027,6.2611648178477735
3028,5.241801938350998
3029,-19.82833701530839
3030,-46.16937391707548
3031,6.124810618049555
3032,6.274168798193012
3033,4.562068063513957
3034,138.2814740754846
3035,145.56587990588903
3036,197.44228393441108
3037,5.908002755774347
3038,2.176247496174957
3039,-33.48732841676264
3040,157.1617843873336
3041,4.826147430045104
3042,21.134642867660432
3043,6.062391629203537
3044,226.50732561293916
3045,181.79927614952314
3046,4.439935869484859
3047,3.91556623749778
3048,47.35235172646132
3049,5.702575840801189
3050,240.75013145972815
3051,91.97791057307742
3052,6.845913447794728
3053,4.009766152461993
3054,129.5927127825136
3055,184.71438661845528
3056,57.386705546201505
3057,3.066056782020238
3058,110.6704885012965
3059,1.8327395810691045
3060,259.5076182562515
3061,5.159555556421931
3062,229.66000071233483
3063,135.9877488086727
3064,227.06171286022104
3065,251.37040636514035
3066,122.23132086858558
3067,61.67017790372189
3068,6.340977843017209
3069,6.253650428638348
3070,3.5392464793823755
3071,6.391951436716812
3072,197.5631105981478
3073,138.76302658198324
3074,6.45194730742297
3075,6.05442884527072
3076,132.82400175405238
3077,9.934051737548513
3078,91.17059534354038
3079,5.903850911075891
3080,3.073085556694751
3081,-10.750177648806389
3082,97.86315670087049
3083,142.32773091396336
3084,1.113149688337298
3085,5.635655951606035
3086,206.91018696261253
3087,3.0199601540278924
3088,107.25698041818534
3089,3.298349147509548
3090,303.4708866871435
3091,163.05080555229287
3092,99.83214061001974
3093,3.922085028207962
3094,195.1212114862389
3095,263.4206103830696
3096,140.26000520695706
3097,4.9841582629053605
3098,6.202974696570203
3099,13.460126209035135
3100,89.68273693178514
3101,3.566021636464523
3102,2.533460159271943
3103,3.0361659564833574
3104,82.52611638530048
3105,-6.795622977945426
3106,22.79480771835581
3107,1.3866672159471183
3108,2.344913212440197
3109,6.7294930396713974
3110,238.4083883171797
3111,2.216264550938729
3112,213.11806795961806
3113,5.583724409878996
3114,44.568148499704144
3115,270.03052902721487
3116,86.58137287342161
3117,7.9446846243942035
3118,296.1198287992975
3119,4.35319687291983
3120,38.30372790303548
3121,18.597075720314695
3122,140.07578866991682
3123,3.8469212043692003
3124,2.352776702020152
3125,3.6200254528337625
3126,224.29557745141264
3127,263.1467811221159
3128,43.41744670441577
3129,368.6536306063979
3130,2.183034552192614
3131,105.4296601010835
3132,204.14877762120693
3133,114.12861742472586
3134,242.01575015802442
3135,1.689608208082649
3136,317.1933744564079
3137,2.603066215424508
3138,138.4972485232681
3139,6.145387156034945
3140,1.9025240246748611
3141,0.37560621009574946
3142,2.856647924622478
3143,109.84476553273271
3144,266.36334077098894
3145,5.213297027169285
3146,285.31175099057367
3147,118.60500857356246
3148,116.29043039381675
3149,-7.022539839884413
3150,1.7068882243576735
3151,247.22434267547513
3152,7.15478207701522
3153,241.31144508731524
3154,165.0579722887135
3155,42.94297982927555
3156,42.85856637963072
3157,4.881225484573593
3158,293.688442624408
3159,105.77126218078794
3160,252.89373078093402
3161,-45.87847606489804
3162,3.26298534500189
3163,190.60157937990468
3164,2.9755093012729135
3165,-10.643770512812896
3166,51.764733565524466
3167,6.830560091910415
3168,5.407072288848374
3169,3.3441949074825423
3170,214.80890003334721
3171,3.21663880275755
3172,224.7461028016195
3173,266.25670285924406
3174,68.04763456275361
3175,-59.300457310019716
3176,3.677178100361222
3177,3.0195658372140426
3178,168.19505923462484
3179,6.357919879508392
3180,317.5702593351172
3181,206.3046585721806
3182,294.107283905746
3183,6.069166022875527
3184,118.23760123422197
3185,7.0929944854299265
3186,170.38100390428986
3187,271.7232546710515
3188,-43.611824099727336
3189,263.2496668709295
3190,3.63473223248069
3191,235.90171898800384
3192,53.644195568252336
3193,6.4275492636062435
3194,4.136320800935676
3195,5.938594765740162
3196,153.68036845948166
3197,5.566915755240246
3198,180.67861920200653
3199,192.19648121579155
3200,2.2571697410555087
3201,356.88746372554954
3202,4.1080293643563035
3203,4.302694787544471
3204,11.437732797986204
3205,6.780374375945592
3206,280.3528366840564
3207,6.08146805056919
3208,188.2837638089345
3209,-32.2932162654194
3210,7.665124002594614
3211,199.17413953801733
3212,219.82468942542732
3213,2.305262496977077
3214,242.67257934689948
3215,3.468635262479463
3216,6.300624622728151
3217,135.07733060863325
3218,265.9457881831392
3219,83.63717814771623
3220,60.31576296362061
3221,83.8018094653282
3222,259.6856098257479
3223,348.94089223855605
3224,-78.38175422714228
3225,148.34459854767013
3226,6.018564429236341
3227,5.989060025005387
3228,12.883997484114465
3229,293.25805437173136
3230,230.57268312084767
3231,7.043763546981652
3232,4.7134235404722755
3233,5.772005238108024
3234,4.290177901305537
3235,81.35775432499439
3236,136.45281245288396
3237,19.36408515976777
3238,307.9061191059072
3239,6.696911399005076
3240,50.88052177152605
3241,12.868682397302388
3242,2.374779741278556
3243,29.926406132943086
3244,183.84147510548576
3245,5.073146689075143
3246,241.85114736469194
3247,6.478040852109489
3248,74.59952929934744
3249,-28.332653560969153
3250,231.21209526429564
3251,236.5373166604288
3252,138.0223735077243
3253,74.34032241846495
3254,143.079053755413
3255,6.61346520440935
3256,6.384639653256193
3257,25.91220398679573
3258,2.6320027564646122
3259,47.295684218469965
3260,6.0690538392689675
3261,97.75593049950403
3262,301.9582321940598
3263,1.8851321939859467
3264,3.9602842463667556
3265,144.3588449351166
3266,3.712142011274297
3267,6.866649761219402
3268,2.7610934516755687
3269,5.144748122549584
3270,48.589861518135955
3271,220.8663627022325
3272,2.1708140872669617
3273,226.41326941720425
3274,206.2871311245798
3275,138.5799561926708
3276,129.6429342991584
3277,6.63401675944904
3278,6.452006530283068
3279,3.0576491253524702
3280,147.68406332070776
3281,288.712500948363
3282,2.4668090604798456
3283,385.6082510624205
3284,338.2146868453977
3285,87.41704136955919
3286,2.71686098331106
3287,26.891076962663757
3288,25.388098783086836
3289,1.840542377942317
3290,40.78706130352477
3291,227.09643712137796
3292,2.9618405858620798
3293,56.89671840411477
3294,201.1312290864153
3295,142.4056442475377
3296,22.776080573342522
3297,209.4658387252218
3298,2.016011465961875
3299,254.6925343353164
3300,2.833217439936217
3301,203.06239391360154
3302,228.58240062122246
3303,-4.06220998589982
3304,235.38975677060677
3305,4.905931307806831
3306,4.933657056107407
3307,168.66571109330792
3308,3.1099490178609743
3309,6.46354052618324
3310,-51.04629528407899
3311,1.9896103552089877
3312,3.6170289429492057
3313,2.4414511260960863
3314,5.965832701147665
3315,3.851221250950945
3316,303.4784786642185
3317,304.3190668343903
3318,34.4261846274545
3319,1.9430099680724309
3320,1.4824845034860408
3321,4.991382236454457
3322,166.5414712872272
3323,4.538269690845701
3324,3.722347561768702
3325,335.39316190918834
3326,116.14115668910527
3327,-73.56311856469539
3328,6.674969049144112
3329,1.8720950841798318
3330,179.016458918071
3331,104.2246405412224
3332,3.7863650763080368
3333,244.11432865075065
3334,113.76781110661626
3335,3.276851013096743
3336,4.666759803521146
3337,2.6076908806489043
3338,1.7499924537356961
3339,26.96778314005127
3340,36.51523054588933
3341,68.1939118615119
3342,233.10194421419402
3343,120.94032586661606
3344,3.5364056773780708
3345,259.7915982714823
3346,278.9283758469532
3347,171.69182915183828
3348,55.7360295121654
3349,5.769625562781925
3350,3.522731934326773
3351,2.7203516131488414
3352,1.8304675876742027
3353,158.06590389850695
3354,47.997221540597266
3355,2.868169563011164
3356,311.338109763428
3357,3.720808988403487
3358,242.21290113577535
3359,86.40620140098166
3360,124.90941221873442
3361,3.1097700095341922
3362,3.0406030714031207
3363,2.7642662420482482
3364,32.7316513195143
3365,115.58298677666781
3366,55.95861904719937
3367,2.3358079262346925
3368,129.47945579106369
3369,4.344070679001316
3370,63.3865354853117
3371,14.43705741199574
3372,217.73381432594456
3373,64.27065641161768
3374,327.7863426498345
3375,2.324246475654593
3376,2.822862240283771
3377,97.54193242062426
3378,5.528474126402454
3379,47.67270695257715
3380,349.7223433606767
3381,6.909741907696811
3382,109.33908577050298
3383,6.93523437940747
3384,114.29294800416884
3385,4.346310965189177
3386,43.80958678508904
3387,2.155025353318092
3388,189.52129675680496
3389,233.56245458251658
3390,2.118747834452586
3391,5.68700427471522
3392,5.0393531263752225
3393,187.04756937761263
3394,137.59852257377491
3395,5.031050155492224
3396,5.813152315425663
3397,159.84017941322736
3398,2.0568189584323746
3399,203.28343966285493
3400,172.068528114271
3401,5.089049056077925
3402,0.8066478283473596
3403,75.66656275576926
3404,116.67555855985617
3405,175.76150340982272
3406,213.45164403250695
3407,4.1464879523122535
3408,101.20601427705189
3409,108.68094588712901
3410,6.1986378904634405
3411,5.834131375852233
3412,50.486156329477254
3413,2.1330121654605003
3414,6.842564434302658
3415,122.01051354512204
3416,72.19832233367025
3417,210.77627558299181
3418,155.31052983847772
3419,59.33220197477343
3420,9.401511618567252
3421,-61.756556103244556
3422,183.39156815625805
3423,2.0913504569126964
3424,3.6400362399244157
3425,52.68080048960079
3426,3.3798272915150274
3427,55.970552556625655
3428,1.8245318599005638
3429,337.6242610112436
3430,309.6422072215991
3431,119.01370037247547
3432,6.202064646712613
3433,121.23677077528818
3434,1.9470877847545094
3435,305.19297883470443
3436,220.97074091958856
3437,3.268446245432265
3438,25.848048381249075
3439,285.7406664400825
3440,6.463866414361074
3441,4.502459453904452
3442,240.62469868325374
3443,5.116753981901652
3444,189.55446697835592
3445,2.9272371738468483
3446,5.950037565952924
3447,236.48074065582088
3448,5.183017892950403
3449,5.929551182200352
3450,107.91516044808306
3451,203.78589440259844
3452,1.9743743802735914
3453,1.9482625124192712
3454,9.984558153507196
3455,4.061477970354713
3456,5.99707974147682
3457,3.9625471662561647
3458,6.370731672043362
3459,174.33002131123666
3460,-52.61506384387786
3461,1.9854682052787067
3462,41.27723004821498
3463,222.84687758411334
3464,4.284572688346837
3465,2.468701698561194
3466,7.052370700434754
3467,109.23213165172852
3468,23.754921931996734
3469,310.1976920923326
3470,151.79534732169208
3471,14.652829327656187
3472,280.85799296610105
3473,7.014877627890183
3474,3.886312206621653
3475,4.707066688328789
3476,37.04205010713144
3477,3.278355641154644
3478,6.856567386300257
3479,2.7362434181695
3480,126.2606963651643
3481,142.43234964952987
3482,79.05082647725176
3483,58.13966762005073
3484,181.5787795837378
3485,2.532324895410732
3486,221.30329849475177
3487,6.100729083305637
3488,4.973588318263598
3489,2.608747403684447
3490,6.327395901211108
3491,2.8797001558941298
3492,2.068570170952753
3493,321.3480104081487
3494,184.0080269996867
3495,6.662983350655556
3496,9.661451815616362
3497,4.734546283885103
3498,6.840144998542349
3499,-24.343470163401328
3500,102.66121425979071
3501,284.39955607746253
3502,6.419240155634603
3503,4.024188428411893
3504,110.98746381887238
3505,132.52096323166595
3506,91.4944699014659
3507,6.415725971452539
3508,2.982448592189229
3509,2.6710955282327458
3510,272.58495949402686
3511,1.9773464000590413
3512,69.7384857947631
3513,85.38340997851182
3514,2.9543282717378974
3515,43.9115199946066
3516,3.1814687646503788
3517,208.2944079732504
3518,4.346951369588863
3519,210.96185518502406
3520,323.481347672904
3521,1.9020629142183796
3522,51.38264830711782
3523,5.040401156968786
3524,6.6950577317846305
3525,5.323253041249894
3526,33.663138277277184
3527,1.623683105268548
3528,286.1681640737045
3529,189.25570339041732
3530,2.473687189017526
3531,83.705180211153
3532,261.88830427899154
3533,40.32955391892834
3534,8.33212690319953
3535,90.43199506325816
3536,3.4784134047429434
3537,66.6536696871132
3538,7.135258085808761
3539,26.302569893041333
3540,145.90852155196066
3541,-46.25941963608838
3542,2.3148668334110014
3543,171.8224883656621
3544,25.367996273971254
3545,2.1550652345739487
3546,6.3644475964419716
3547,166.56991515789554
3548,5.138811048746552
3549,1.761583550555684
3550,4.360307862198632
3551,4.961454918606158
3552,5.811292185344476
3553,7.018188745582242
3554,168.1062316121302
3555,4.046399879637606
3556,2.117775791986406
3557,113.54032424136335
3558,5.245151243636752
3559,97.93733127723452
3560,70.75735196620522
3561,6.158406016013717
3562,14.296965626418668
3563,-48.34789941135883
3564,6.031868383758381
3565,5.0207677077731345
3566,168.64646850490269
3567,2.0029333595086887
3568,249.224015951335
3569,186.2337857950609
3570,33.8576773071711
3571,206.17793505057816
3572,1.8368141134083489
3573,6.317440740191734
3574,5.842719670039103
3575,1.7670934699080918
3576,5.066509657384432
3577,6.171382667048373
3578,69.58178313878201
3579,2.1007429566071085
3580,66.07210735324539
3581,249.92451822829625
3582,42.55004429500447
3583,60.02476601074921
3584,6.783510314885377
3585,22.827947660653308
3586,5.791135394435376
3587,48.980426584199506
3588,2.7576673657700375
3589,236.02326859552394
3590,2.862487172930211
3591,3.4252470438632647
3592,189.50591045188267
3593,4.891372913963114
3594,9.713578202645921
3595,6.881546051603203
3596,23.51843870276299
3597,305.8099882258057
3598,73.94812339561274
3599,57.50511834148336
3600,2.2145294636243795
3601,296.01484825592235
3602,24.55941384966641
3603,5.083236509499676
3604,2.6175984225305395
3605,166.46828642085856
3606,2.1159965948344914
3607,3.565779966202571
3608,284.166152023897
3609,177.18908349972034
3610,24.246500703307866
3611,5.608834836743226
3612,280.43357440149174
3613,6.44517596253014
3614,4.744028541692471
3615,6.287505437007145
3616,54.42537339967281
3617,4.9923545304485915
3618,2.8157795398895047
3619,-60.48795972812672
3620,11.156635499703807
3621,64.80624544906557
3622,5.497285715784748
3623,260.6150339823004
3624,-18.64189348866771
3625,104.65476955145965
3626,23.664361495155145
3627,22.85149488549563
3628,6.50938575517188
3629,35.3091950998238
3630,260.16422731626056
3631,302.6408566328144
3632,255.94923393719358
3633,241.48008259846844
3634,123.46378745640935
3635,142.7503648688639
3636,4.81769424022459
3637,36.8199285730645
3638,55.938182186975034
3639,4.9241844275199185
3640,318.4458021198358
3641,210.08790867964396
3642,154.14805097772435
3643,194.11789234251842
3644,6.416019471080298
3645,106.32336171113143
3646,2.431961761469026
3647,6.029216198354836
3648,244.56038275536937
3649,-7.810009798329025
3650,2.8519410807242185
3651,189.9953273088977
3652,45.469359384121645
3653,-0.376283088398509
3654,69.20843511626653
3655,2.1018589282499835
3656,145.72272759386928
3657,5.85836329238876
3658,8.401025939748191
3659,4.698849333044823
3660,5.910071445661935
3661,40.19451722700523
3662,2.1154520629240166
3663,5.712485754353678
3664,128.79330185612258
3665,4.658886470691569
3666,278.4846706363936
3667,246.62197907615763
3668,257.94505933931487
3669,228.1761775893345
3670,7.897797399366267
3671,6.522859924036259
3672,224.44725258799136
3673,5.165912274073118
3674,294.10763019590985
3675,146.70528650468341
3676,60.32295659272278
3677,26.672586780676472
3678,-20.040140039029406
3679,4.2075109241932
3680,3.850207200047239
3681,156.6635492978896
3682,84.85057073406297
3683,182.5046556115947
3684,59.529199417176066
3685,139.4493286686373
3686,284.1579595341342
3687,89.62140055439546
3688,270.5855862638868
3689,1.6129640887790118
3690,177.3789206871917
3691,182.91954381942514
3692,299.68506748361057
3693,272.89420373334514
3694,1.0702661662441086
3695,253.75045483896756
3696,190.80567974625063
3697,0.7734546700987149
3698,-45.047744310562145
3699,4.054973794926919
3700,5.858468195320455
3701,400.156154603622
3702,3.6604389391244103
3703,3.898619388877732
3704,6.623603870540082
3705,1.35645592643516
3706,64.9211698235223
3707,-32.79835623520565
3708,124.92685302878563
3709,2.748880982035664
3710,6.212013713821848
3711,331.7112162956109
3712,64.3390031956938
3713,6.013233657217456
3714,330.75650609892983
3715,2.321569808731622
3716,2.015345821113525
3717,156.6161441933331
3718,77.0209308310075
3719,151.37115756817522
3720,153.73009738121917
3721,2.852229738500243
3722,4.017229864937759
3723,3.212417341470583
3724,1.9053587831924235
3725,65.38613494553441
3726,1.6428885609327275
3727,231.6609981883975
3728,65.66587914214499
3729,-67.31792473170856
3730,151.84805137731942
3731,78.74934061501439
3732,3.189671422130918
3733,-55.52282172276226
3734,3.0884776166769825
3735,2.4197146484059693
3736,-34.17834809131056
3737,6.462216372258206
3738,196.8648852225102
3739,-40.480171313375315
3740,243.21757758201193
3741,18.06563663855142
3742,266.394442020466
3743,2.4936159006164758
3744,71.91798340790234
3745,25.26174837177432
3746,4.9985252969237175
3747,4.9313242321589
3748,204.98582089294663
3749,87.06710404002072
3750,1.5512705812904466
3751,238.92114954575894
3752,85.7156065222981
3753,4.754590815303506
3754,3.7860655370895597
3755,10.503339524195855
3756,5.772931033556103
3757,25.392528052032603
3758,6.113262672052971
3759,47.95027775369869
3760,1.9463753959669197
3761,7.0265362148732144
3762,6.219684836805558
3763,120.01321322910903
3764,178.97334871044413
3765,365.7591001470018
3766,6.715743558380866
3767,279.9309577063334
3768,64.7737563660238
3769,1.6446884630353542
3770,137.77333423805374
3771,3.3216252779167235
3772,196.19675901422218
3773,241.33160174376462
3774,2.2745436928192087
3775,3.4880939977413736
3776,203.97350743048597
3777,6.562977224782222
3778,240.36628546602392
3779,258.8725724836904
3780,5.9653078027528785
3781,6.708567652148029
3782,2.323444677007838
3783,1.7421984849682868
3784,5.801092592823337
3785,22.9131063043171
3786,91.11034713567035
3787,6.182001808589944
3788,6.770971299732096
3789,305.1569357932352
3790,6.997815465179815
3791,6.734028666885384
3792,3.517412523408106
3793,63.02449415291976
3794,-9.33360878166385
3795,238.5441209251345
3796,233.53606928882797
3797,4.650746555677656
3798,170.05319610882552
3799,-60.97422054692572
3800,247.11673376224977
3801,136.3191347553441
3802,149.73038356895472
3803,67.78348343770159
3804,59.92779699686331
3805,4.288974013298864
3806,2.930324391757202
3807,71.89534992645186
3808,3.4537994545103357
3809,-41.26172423020503
3810,2.313692273050916
3811,4.6331659730919705
3812,262.79906631686606
3813,3.7858517604111923
3814,289.9355543268724
3815,7.698868575285625
3816,3.4317899182487297
3817,48.431960458994695
3818,6.7759218180808185
3819,2.06184935742556
3820,113.639919650029
3821,8.827211293621433
3822,5.649257484491334
3823,257.77226951206336
3824,5.102082593392462
3825,252.73278107603196
3826,6.272310808290467
3827,291.7171107284741
3828,301.55379484140093
3829,6.7257401846847
3830,236.58158317170225
3831,61.70476032502693
3832,1.819352719074831
3833,60.12371292262815
3834,72.0066356104484
3835,2.6694847963363086
3836,5.20252315131711
3837,6.993105745981446
3838,5.972160903653111
3839,244.68725518327642
3840,5.773603495935196
3841,135.0272277402381
3842,3.17849472443378
3843,228.1749411679991
3844,5.730914441928379
3845,6.604753062030624
3846,6.386067466851776
3847,89.33337974371496
3848,141.52141853358341
3849,207.00520205323545
3850,25.071493970727673
3851,136.71867284489537
3852,261.17123136190054
3853,5.6102162732823615
3854,235.4085163932975
3855,1.9630895229694902
3856,64.27357623080685
3857,3.6698856778087348
3858,2.839956327018515
3859,256.7276717862516
3860,6.3805864400487895
3861,-66.09342693660852
3862,-5.158041497786957
3863,3.391549982559171
3864,2.1583444660959348
3865,286.4908797222187
3866,4.2378193390286105
3867,197.29578707846753
3868,4.726711922389506
3869,2.878551835724106
3870,117.22540489619985
3871,49.05350296979061
3872,3.681883535642014
3873,37.32993689500331
3874,353.59085087913496
3875,278.7358086614638
3876,88.19954028849858
3877,-65.22213102427108
3878,161.7413604599797
3879,262.0683705082463
3880,6.474863805552047
3881,3.604265271661943
3882,2.2401985785549887
3883,196.68769088731906
3884,146.87053712724955
3885,6.569628703300775
3886,5.658267224177335
3887,6.364035983593057
3888,2.500545789756085
3889,169.10831157515898
3890,0.7542975349650446
3891,2.996296373687427
3892,189.46545891517917
3893,3.1495343152547273
3894,319.2926742533273
3895,-33.93914843862374
3896,32.29808278984174
3897,233.66860846375175
3898,198.1748552723159
3899,1.7506409331441355
3900,78.95445828979145
3901,103.29915448302279
3902,2.2864352594975057
3903,39.95348295158353
3904,64.74923572569777
3905,3.6585178230985544
3906,7.927451673134732
3907,218.32827090822542
3908,165.97603690387578
3909,3.2206737767411875
3910,4.067952316694656
3911,240.37680370350947
3912,4.259432492138538
3913,34.10218847619924
3914,270.2872806152119
3915,6.861589198597282
3916,5.933649602507632
3917,3.6716474128263497
3918,-48.603210558980315
3919,5.1529404251606605
3920,38.36624250504421
3921,59.95945772880349
3922,7.404430910028306
3923,3.11815290803682
3924,347.40881208410923
3925,51.467167871504735
3926,1.800860803035423
3927,247.7857754682172
3928,3.262526524635403
3929,5.532697295622956
3930,6.367558291929074
3931,182.09640940138198
3932,4.128664791156978
3933,2.6611012124658284
3934,6.722993974030207
3935,227.85410593288958
3936,1.7092166760553271
3937,2.8561811132662767
3938,2.871114325698102
3939,307.63938416618333
3940,6.55425033560343
3941,6.508000208909751
3942,5.579921241321093
3943,2.881958102132283
3944,7.887127910596439
3945,332.7023432853841
3946,204.13540086617058
3947,35.417443164310505
3948,137.49734213984593
3949,5.221690319934144
3950,250.31554825549154
3951,1.7619894145032775
3952,96.02970564118986
3953,151.9765200738441
3954,2.4852811674542306
3955,6.363575343371376
3956,170.12989742923608
3957,64.36950372330101
3958,78.75006970811236
3959,217.7351158953783
3960,5.986536465867447
3961,6.769870954448464
3962,105.70053081331638
3963,6.082432435824284
3964,125.77621563873795
3965,6.444999410869091
3966,2.7554508752830045
3967,3.0376913296058423
3968,166.0174203215183
3969,63.8337057774783
3970,2.415958618354202
3971,3.5424838036652866
3972,2.6260610436382326
3973,3.1366082625292306
3974,28.67507562381644
3975,9.006220584266012
3976,3.294953971668051
3977,4.053059676444096
3978,3.594667357808683
3979,123.93293359338016
3980,246.62541850055499
3981,268.158452433945
3982,5.700437427273604
3983,3.1085213093193658
3984,385.5901810732559
3985,249.6021663460281
3986,148.10522350823786
3987,115.8324989498367
3988,3.4099468939586868
3989,-17.61680625130193
3990,83.09779169083288
3991,279.31796959496904
3992,5.925231784831441
3993,5.631665695462825
3994,47.27723227053476
3995,124.72829802846245
3996,4.14373908725213
3997,82.2301382984054
3998,2.4223989268060904
3999,248.50886975763058
4000,5.55893901898706
4001,4.331389882292827
4002,55.70462923187835
4003,156.87760621234165
4004,2.309003877654621
4005,323.29289639355926
4006,96.01177077829762
4007,7.24626649367037
4008,3.3531625520843416
4009,5.875493916797418
4010,206.05301029377384
4011,3.1996635313123547
4012,6.69347734187707
4013,252.13291519115575
4014,6.075109265741646
4015,6.191015648819365
4016,72.9084999900197
4017,98.99653738072529
4018,117.08122170162736
4019,1.3001890183975642
4020,2.0137482856990068
4021,103.70185845589612
4022,49.948586770033366
4023,3.998193279576709
4024,105.10463321737427
4025,66.66990247217052
4026,16.127440707777833
4027,237.55562979331552
4028,97.88567806685724
4029,7.233591186756716
4030,2.33480685557858
4031,103.84466594288055
4032,81.53527503088442
4033,3.143049153093655
4034,237.11725669470948
4035,137.1945665170699
4036,3.8549428215119756
4037,3.602321845530154
4038,6.255960366231183
4039,6.075227884498788
4040,113.28756031378332
4041,328.2753854424448
4042,57.933340992939925
4043,249.8391462083326
4044,4.43062435293775
4045,26.43525754437309
4046,6.016876153292402
4047,4.116840087691032
4048,272.24027406245267
4049,126.96432008501496
4050,283.6473068814775
4051,54.934939386757485
4052,2.6989632312655742
4053,4.182433433208481
4054,5.43702973312298
4055,4.4506797204979724
4056,259.88297986340723
4057,6.9687955829684
4058,258.806434272048
4059,60.151998577686214
4060,256.31569189080653
4061,120.53020045755946
4062,3.9206843478563664
4063,1.7527521451375192
4064,199.04073644099716
4065,1.9433467860693416
4066,87.7270411644559
4067,166.2592720109996
4068,179.18708444338625
4069,343.6562439696022
4070,2.707515290202771
4071,2.5240242282925056
4072,1.7204689119118919
4073,3.0094858073964743
4074,4.0634520160844865
4075,-36.16812543974184
4076,41.407798657837795
4077,4.514154070724765
4078,6.452928561242646
4079,6.921498730915916
4080,264.57784718844107
4081,3.7430623728317802
4082,112.75998183767314
4083,4.030206725531311
4084,4.959808404695638
4085,35.466582742919705
4086,-6.152748595138552
4087,4.197692570087271
4088,4.482957319845479
4089,82.62084945352525
4090,142.0502312442844
4091,4.410213261319518
4092,57.494733542665905
4093,30.59779952228404
4094,5.009039577637675
4095,6.89361184162526
4096,2.5641317479374917
4097,2.4340501221259627
4098,2.140865445916875
4099,-23.29051164887392
4100,39.192908326159085
4101,6.8047678588843645
4102,4.435202066349205
4103,59.22040091335092
4104,198.8221727473078
4105,5.832818690274061
4106,124.99068499466064
4107,89.47627944111237
4108,70.80244107034682
4109,236.85953929741885
4110,6.3603343722802705
4111,51.74693638575818
4112,76.18748780464284
4113,2.9801446017401534
4114,5.172808910068458
4115,77.32500646648784
4116,148.43650047202172
4117,80.94450602262164
4118,270.43351818396405
4119,259.3726698892273
4120,235.44668137461403
4121,83.33145809165505
4122,-22.249213759114294
4123,1.8103509084435436
4124,89.70910308440216
4125,2.2693242853450135
4126,64.33263319796536
4127,6.106048183234696
4128,1.2360229339277156
4129,6.233917408921458
4130,1.9418370203687798
4131,60.363386328226134
4132,6.374815377601716
4133,4.911271164399503
4134,94.22032218578838
4135,-20.30773765554944
4136,144.2269150994235
4137,365.9203078644065
4138,-15.994623420272749
4139,89.60489294525038
4140,65.53602058641793
4141,4.0210025007696615
4142,111.12414459475202
4143,296.3592052285617
4144,90.4530962755479
4145,214.78842036774952
4146,68.7937169215491
4147,62.79027322723768
4148,284.3377324122182
4149,40.24849271636334
4150,29.33012083856038
4151,69.98458039118508
4152,134.04232295835095
4153,4.084000919888407
4154,368.52480511510873
4155,147.54824214027093
4156,3.0906958992969455
4157,-6.762266762151794
4158,4.017798832634588
4159,4.432793392398803
4160,168.5911394802218
4161,173.12409341023528
4162,6.283587059821443
4163,63.66589110851109
4164,177.14762493801095
4165,-3.8885073322278374
4166,53.874007642400464
4167,114.1504600447815
4168,51.87159784993888
4169,2.030040021904379
4170,3.1945953350178318
4171,93.3527812201353
4172,4.234979408753801
4173,3.4306593708429918
4174,76.0617990639381
4175,139.9579893955351
4176,1.984690810926145
4177,3.5433785829490363
4178,31.51607546867321
4179,122.1379948037746
4180,166.7040400832936
4181,66.83270950576744
4182,66.71217843753618
4183,14.758149374170854
4184,200.18459100254628
4185,280.497639332215
4186,2.5408219780175147
4187,82.8155825341887
4188,4.122058369367713
4189,4.528030930544193
4190,118.85392054691123
4191,2.164582374244011
4192,34.89757910002208
4193,49.861235451075345
4194,6.045403457865302
4195,4.1564250108855125
4196,120.81764817355092
4197,6.5909280015423555
4198,2.8678353313220812
4199,4.990912504333675
4200,291.5634877976127
4201,256.8058134447475
4202,208.63673267536942
4203,5.88753195914525
4204,85.30743388077838
4205,4.907947297521318
4206,7.393014761047997
4207,130.81796655108002
4208,157.79514107543784
4209,233.93918109523491
4210,-56.98794455666672
4211,1.623766520903125
4212,5.765879894190017
4213,-18.213576692396938
4214,7.101711434597098
4215,2.8116738507405667
4216,1.5973765940201676
4217,2.724086984971985
4218,5.9075284397351195
4219,49.25959385148714
4220,89.74208472689392
4221,2.1687479822415976
4222,103.15828705764746
4223,2.5591084309687164
4224,7.165974443632599
4225,4.9770940914378405
4226,273.70387372133916
4227,2.0308778912613543
4228,216.394274494953
4229,126.58131276472655
4230,2.6234752510500545
4231,1.627987430212716
4232,48.553389994395204
4233,2.886116534085961
4234,-7.42272005227048
4235,81.81199120141422
4236,253.46629996078283
4237,162.40476226997268
4238,2.494356575499856
4239,49.67004472089207
4240,4.169783265700645
4241,44.6812883114524
4242,207.2432165333221
4243,-52.56657476571448
4244,343.50867732670963
4245,5.200195516629516
4246,1.9910970363744946
4247,3.626208302571056
4248,4.083363507902875
4249,-54.98140840499604
4250,-3.1497496963230835
4251,287.1869517019483
4252,6.736450267070991
4253,6.539414086117337
4254,5.3396790887204055
4255,-55.63938073310481
4256,-1.6778693975892498
4257,92.785758692122
4258,1.9448296248831543
4259,1.5314401130694801
4260,79.22613364173476
4261,1.9585791990551347
4262,288.29785583045305
4263,86.29716815638407
4264,2.5011436538045158
4265,35.42092356661894
4266,4.433754056391164
4267,6.059135064456267
4268,5.647423370314362
4269,164.39759229763305
4270,214.44534068354372
4271,137.7204977709679
4272,4.754369473733204
4273,7.992152192004053
4274,70.33764230665913
4275,6.558157205501678
4276,307.73232955109
4277,247.19541985972253
4278,383.57932964822163
4279,317.15817535990533
4280,116.6454549488481
4281,45.93461488210338
4282,10.75191503423119
4283,6.492638419919541
4284,4.58926515380966
4285,111.53298331516415
4286,299.18625309595296
4287,1.7598078824452486
4288,186.785262755861
4289,208.81259723060808
4290,160.60243427068391
4291,2.893639956660229
4292,5.123803609946394
4293,-10.325794268842571
4294,-58.30587567643315
4295,0.7697725961584891
4296,5.671890905914062
4297,6.957164290994878
4298,5.714003624600678
4299,77.6726398196387
4300,42.489636727616954
4301,-19.55652769953906
4302,117.52969828120216
4303,1.8328656457912236
4304,-60.713258953992806
4305,3.888801830368862
4306,291.3989096804098
4307,2.778068268975223
4308,22.093741874574285
4309,5.004871924958172
4310,2.6146419774134455
4311,-2.4465798613975047
4312,238.10066250643115
4313,3.07466665660283
4314,2.178403018566289
4315,218.69761974798467
4316,1.1774072900533916
4317,198.91663420899852
4318,6.148453671046004
4319,47.068023747447484
4320,140.2993142027928
4321,4.342559511779175
4322,282.5613808926307
4323,86.46803497717825
4324,3.3049919018901335
4325,6.789098574659195
4326,3.533498534121824
4327,117.34298626516771
4328,141.96771970815453
4329,213.80053027060234
4330,5.9645181215838905
4331,2.6426801652036263
4332,2.201413364614288
4333,262.36576193814193
4334,3.196017619763152
4335,3.051775468237469
4336,2.13601832040686
4337,6.11820100937639
4338,7.979956605786601
4339,5.322122525104805
4340,-14.067189775883156
4341,69.55668074916586
4342,183.26884160198588
4343,194.05578607593534
4344,135.25017555468682
4345,6.096239474733604
4346,4.787038531791856
4347,223.48922810944586
4348,5.511316460391825
4349,141.74946097125812
4350,-9.826719284046648
4351,135.38692841225807
4352,181.93236449002458
4353,5.014283510796027
4354,134.40674078495772
4355,135.76900223618162
4356,1.9051851149755783
4357,4.927562845719705
4358,301.0786575709448
4359,213.8713961474924
4360,3.217019191711017
4361,18.031953660709974
4362,0.47069497341435934
4363,3.28221891068506
4364,4.55092850516455
4365,1.628091571895818
4366,3.4017166160238905
4367,246.69786002470332
4368,-29.967499504277264
4369,71.44375054190094
4370,6.658882133889942
4371,195.52738855056486
4372,89.09656033395017
4373,318.20360839267386
4374,6.771662240279124
4375,228.63290297943456
4376,289.79955756737394
4377,5.279743498842936
4378,6.097419546096583
4379,180.03278550432373
4380,2.776136313705956
4381,2.111055055112629
4382,6.864327274106032
4383,28.3507171563614
4384,4.984382356860534
4385,215.310504487392
4386,22.450674597347295
4387,309.9883485483738
4388,90.0031470992348
4389,6.851800879859802
4390,4.279145487142196
4391,3.643424932888375
4392,2.414462880706437
4393,121.73156419706338
4394,91.35489976667226
4395,2.712310216828722
4396,-7.5442805954704735
4397,2.357551241976968
4398,6.28576410306214
4399,2.7977904989186997
4400,232.7329209497582
4401,6.794215811374978
4402,244.0536066939326
4403,282.62426456370065
4404,255.0274670595731
4405,348.29254817419934
4406,42.75015113165134
4407,78.96368342927629
4408,6.4981015521808745
4409,109.25737784190203
4410,-87.11020141727992
4411,2.3179355219604307
4412,278.76674890113776
4413,205.8811140591439
4414,4.014744628976228
4415,190.04335146177826
4416,50.55022012761969
4417,2.3474156526231926
4418,226.5056738088811
4419,262.8023264404478
4420,348.258978458867
4421,352.7658477504528
4422,10.174658303727883
4423,2.238976856581158
4424,45.51487833077496
4425,157.38789651083104
4426,5.57217726475095
4427,216.5895902445908
4428,6.314818125864652
4429,5.025088863854235
4430,5.485553099994479
4431,184.93709147479504
4432,3.8972052785935993
4433,3.7563686025657006
4434,124.22998599842228
4435,5.880843321831112
4436,6.436584449420183
4437,-13.66031333076509
4438,101.08282991841918
4439,7.251835566920748
4440,274.7653736709944
4441,1.9060175011022018
4442,235.09199984063238
4443,6.633492635889035
4444,262.7675143898852
4445,3.743661519333643
4446,3.7960358718414526
4447,81.72645823093484
4448,5.082827318179894
4449,-26.69502077472372
4450,104.37511406756015
4451,116.2769790311183
4452,296.4804265694905
4453,257.22106685294966
4454,4.9567886477771115
4455,5.785977885048052
4456,195.18704028470412
4457,3.8824306694354895
4458,6.724904032706572
4459,72.33278221661811
4460,0.45871116396350436
4461,83.44308797989757
4462,162.78176858844205
4463,45.90674498655525
4464,4.040127414969673
4465,115.17306748526103
4466,4.60350840076937
4467,5.976965833251121
4468,1.796784175788034
4469,1.8739905861955142
4470,4.741090988234828
4471,2.502237462342744
4472,217.96798110786187
4473,3.7958777768995273
4474,240.90633507453012
4475,3.6957353656365393
4476,88.51274808376725
4477,5.966077611574532
4478,4.209202421934881
4479,122.1362822497927
4480,283.60387836852277
4481,3.7369023619184243
4482,214.71635796973715
4483,68.84310675721343
4484,306.7660807845176
4485,219.6652129174341
4486,2.2983002707287308
4487,94.58412038055113
4488,56.179131654568614
4489,-31.192000010467755
4490,102.5021780129644
4491,5.73377472715968
4492,261.9894629635563
4493,295.3808680243332
4494,25.44297275653037
4495,2.2520230242642474
4496,108.53316822147819
4497,6.97578040239502
4498,204.91306498955097
4499,320.6543852234614
4500,140.5550887033616
4501,6.001188927938575
4502,6.070331581384528
4503,176.7175625963958
4504,18.263278535493708
4505,75.5428473900986
4506,2.3094869257259836
4507,5.4242090073848095
4508,148.7164648625883
4509,54.07977630927831
4510,2.2580722269335385
4511,257.6011223578164
4512,61.96284787709747
4513,86.86875238347584
4514,2.7445972619291155
4515,2.8242849569220536
4516,2.9928442667400863
4517,5.191279101153878
4518,11.803862017720341
4519,122.47425954095856
4520,63.448451568218786
4521,2.336620159275487
4522,80.69529221782786
4523,6.965797348685809
4524,239.58251956121535
4525,16.60117534408233
4526,2.2530392365858476
4527,99.72526979319481
4528,122.21291168698109
4529,123.75814680712651
4530,195.7949142137168
4531,3.9252006052147035
4532,4.312814330297037
4533,4.641907396161184
4534,64.4147914713697
4535,6.025641752476753
4536,1.6107196666963624
4537,1.8442888667583062
4538,6.431130228397682
4539,301.99569694561916
4540,158.65299209049826
4541,3.366127581370863
4542,2.748424660091162
4543,204.82124820003514
4544,45.94144361861314
4545,5.295118427289551
4546,16.440291904202475
4547,5.706127955442911
4548,180.9752274964458
4549,4.507578980596265
4550,227.13267039615224
4551,28.935314386209658
4552,129.5246847351259
4553,113.0648592743481
4554,4.781427345811906
4555,188.65552706603603
4556,282.8743639884864
4557,4.990814868615474
4558,4.348925560312054
4559,66.92725047292696
4560,7.240248083964627
4561,5.39326597453317
4562,184.91719005249308
4563,42.648490076320506
4564,244.0937410678874
4565,58.517953926173945
4566,219.98860433041273
4567,273.6461441684087
4568,141.75423125729716
4569,5.101443848210126
4570,197.36976649534742
4571,256.4102505167489
4572,5.3685739091691955
4573,3.1549991071176944
4574,1.5196668367362678
4575,5.830113878762116
4576,152.20930399052432
4577,235.80666943609438
4578,68.76980625800005
4579,25.68636943207694
4580,0.7334533864079573
4581,373.74768976266415
4582,50.757517438340734
4583,1.2305534419748312
4584,292.50438876902393
4585,38.860975447599635
4586,6.021433173933412
4587,4.078965755479006
4588,1.128134907189118
4589,3.8131620528265144
4590,2.9629767448120288
4591,63.229321598604095
4592,5.666503541901429
4593,126.52426560377414
4594,-39.39014732665484
4595,2.2948472995161
4596,70.0429330912601
4597,157.90043483983212
4598,4.618717583917205
4599,-45.93161478680593
4600,81.39947031072485
4601,6.701088083480908
4602,5.688936033929868
4603,5.491154636818638
4604,83.55562088002816
4605,1.78909019220313
4606,126.60763105359233
4607,35.261300862959814
4608,4.575020838958919
4609,204.4863767250396
4610,133.3198699307669
4611,108.68937135388357
4612,2.8509611381891986
4613,-62.93540579524843
4614,69.4989678139042
4615,-37.96872059941199
4616,4.476906315927215
4617,4.912086047227017
4618,3.6868655230397627
4619,5.862100421939909
4620,6.898162499461958
4621,99.96748897860127
4622,4.050369773517495
4623,6.3938507704494665
4624,0.84265750322227
4625,81.89176713750031
4626,60.446546679438434
4627,5.412457085594733
4628,5.951266405274836
4629,66.80412851791122
4630,5.5751915807574886
4631,11.830235489131313
4632,6.754476682142899
4633,236.8376197073376
4634,5.998381823419407
4635,5.935314015855936
4636,82.00165532478158
4637,7.141118364870621
4638,407.64238788546066
4639,276.3437672747264
4640,2.144688197228134
4641,201.9992611969066
4642,130.8522731223596
4643,51.33455200744692
4644,18.874131461698344
4645,5.947263195046173
4646,43.02481788211058
4647,25.43627667451996
4648,183.33965697145084
4649,107.77498297096813
4650,141.62620375334845
4651,47.395046057863006
4652,4.743182833311901
4653,243.98837085867214
4654,-5.766066687182187
4655,5.718802661986595
4656,2.7292123323132373
4657,2.823946775857508
4658,6.694956489746761
4659,57.16160137636876
4660,2.0755443973526546
4661,2.491310615206201
4662,3.6465704699809676
4663,117.1919772957772
4664,6.091648631280034
4665,168.59450557575747
4666,245.04871043998725
4667,1.81924714882737
4668,117.3057615317559
4669,284.0931388275683
4670,28.3382110180971
4671,2.034316780543445
4672,0.910846692464598
4673,83.68430829393958
4674,280.5387332393209
4675,1.7769627026876065
4676,121.67676762214498
4677,49.02224673601146
4678,5.582238905527553
4679,89.2137101658755
4680,4.484596913135634
4681,1.56316796078469
4682,210.82643435792542
4683,158.68728611011917
4684,108.69973576786123
4685,251.41876115693879
4686,3.7503029393064073
4687,230.66463743584376
4688,349.3870946526401
4689,115.4466811413675
4690,6.7432645067797115
4691,7.015301183645245
4692,4.386822284543042
4693,92.52010190656448
4694,4.4330887845450775
4695,382.17957011156426
4696,4.692074345233443
4697,2.5720147851037534
4698,4.517085568555049
4699,3.5539350633959557
4700,105.2095143568782
4701,5.904751117305741
4702,1.951735712030113
4703,3.4265751303051446
4704,5.019455358179925
4705,285.3626437985223
4706,3.186082039456046
4707,4.944434588449681
4708,2.8268313834031713
4709,79.25267917480859
4710,168.05654551713846
4711,6.467046823857383
4712,224.99265471757246
4713,3.436921998400063
4714,5.88732450324197
4715,81.6450091961405
4716,37.86905970694146
4717,7.3248947921183385
4718,6.178054238409817
4719,182.10668588148752
4720,152.92520211620814
4721,6.226297126550962
4722,3.851485956597359
4723,6.816812041936017
4724,71.41982154459664
4725,159.07527761056568
4726,3.6149739672574674
4727,293.74763657195575
4728,238.35862617906758
4729,3.9801602798577327
4730,177.60921160796545
4731,98.66362476180149
4732,-17.713584001917905
4733,5.6749970680908
4734,6.267749462686052
4735,5.719459179017535
4736,3.354403733514191
4737,64.61820197899453
4738,-12.750891157574095
4739,143.40643302971637
4740,307.23760185708403
4741,5.006446648486263
4742,102.92311144512492
4743,5.919914408049151
4744,254.1398364367515
4745,47.238271676062105
4746,4.381995225030687
4747,2.923373745987809
4748,2.8139028913452147
4749,5.908016535072252
4750,5.853573307512898
4751,4.0094731711951885
4752,101.79934866589421
4753,146.8856394210446
4754,140.3050125415847
4755,4.064299464841972
4756,2.0202976307936353
4757,3.5875083135255235
4758,76.51214055585633
4759,99.87124299772815
4760,4.426724200201562
4761,3.209761215088267
4762,174.28515841716379
4763,217.51885835929676
4764,2.286933927480857
4765,329.02324995456286
4766,24.313795885707773
4767,39.38355440494899
4768,20.123418835089964
4769,-32.730546948054034
4770,31.716547227832326
4771,29.633931416478646
4772,3.988349348509204
4773,4.050128478695973
4774,139.54833317527803
4775,2.0011370021170003
4776,2.511147475803333
4777,168.73981611587493
4778,5.141719941847368
4779,29.189295860819506
4780,1.985056209144177
4781,49.39066470212617
4782,4.359983880526052
4783,4.029644672087086
4784,2.269063897310232
4785,37.2133171108832
4786,68.53411392758387
4787,5.8190516448346985
4788,3.9244963257779326
4789,3.2989643102487456
4790,131.57210916515896
4791,187.92083116357955
4792,4.355545626415127
4793,158.7263509975376
4794,64.10331029536394
4795,232.00982292054513
4796,2.859688623192558
4797,154.1656975517911
4798,6.100709350926404
4799,4.165124076474887
4800,356.8573503307645
4801,3.5740247227611825
4802,4.775461460680659
4803,257.71953445893786
4804,1.520839450668448
4805,258.97801533006293
4806,4.523709830762836
4807,2.955952034020945
4808,66.82564593770572
4809,76.58837096709992
4810,1.6472175202486736
4811,2.16487746307438
4812,5.361067922081251
4813,292.4547062154806
4814,241.82209521032843
4815,2.665610507371474
4816,2.6024714984391157
4817,6.2003516240638605
4818,1.68677176663354
4819,65.49641863172555
4820,2.073962232274337
4821,194.07531093189058
4822,101.46890031897937
4823,4.416366772472959
4824,2.8759660363614077
4825,247.03371810953857
4826,4.79161592209157
4827,6.153398784434496
4828,215.41752886209213
4829,142.3639758086253
4830,83.97939809063024
4831,198.88310458439855
4832,6.9640703319880695
4833,3.5317356369609305
4834,109.41144315857262
4835,3.689089723838904
4836,6.605604751274783
4837,194.04635292525643
4838,38.201490575089935
4839,311.7423660241778
4840,3.026024080587671
4841,180.8721537316254
4842,29.056030526619896
4843,1.9546006938795388
4844,4.170619427434411
4845,4.766514164702867
4846,7.206647781883231
4847,3.753381995466998
4848,2.1092917820460046
4849,4.749128201754042
4850,6.954254070080421
4851,5.872866343527276
4852,85.16370347503522
4853,288.0574471967762
4854,2.489577811455215
4855,3.1811967164289854
4856,176.20337101651506
4857,242.4173627782282
4858,314.51189582661726
4859,124.69636308897414
4860,237.50074362246144
4861,-22.25746404253797
4862,112.17308923030758
4863,6.815570487547028
4864,5.913371712313901
4865,1.9133950522747687
4866,0.9670631909802903
4867,3.3105465212168372
4868,66.91736828355242
4869,1.0684780802608707
4870,124.68424763880307
4871,6.342800710708815
4872,2.3454063304012918
4873,295.5369690884117
4874,-12.249906708500296
4875,3.098152969564924
4876,214.0554007213718
4877,6.322861396358354
4878,78.57783857539535
4879,77.75003488120525
4880,6.058064476527468
4881,6.262791946332999
4882,43.69905690611201
4883,1.8086540131341364
4884,117.18344667328118
4885,-66.55693837578815
4886,244.81812135670785
4887,4.934237480920655
4888,293.1411149010624
4889,19.24991280739233
4890,229.1848853212305
4891,136.45408250673898
4892,1.7084809917546313
4893,5.9103692319252055
4894,101.01367290511826
4895,6.851672793512656
4896,6.04155831736733
4897,6.701285512493479
4898,13.294372792701518
4899,204.74345438788492
4900,2.4312747683123734
4901,266.1159868493908
4902,4.2853184501336505
4903,140.1652105303856
4904,394.318816775877
4905,98.76305685116672
4906,148.04243407816764
4907,183.656142434779
4908,4.582977439078739
4909,159.4532349302025
4910,161.85294889727007
4911,90.15824603074425
4912,5.171387252439393
4913,212.04841404099648
4914,192.01477124982068
4915,3.7624316465181193
4916,4.750468004907265
4917,6.505919938491708
4918,2.654938009293098
4919,56.689138606316575
4920,1.9942509171385516
4921,-4.817811335437887
4922,177.99269335656228
4923,228.2312702558716
4924,6.082093574535861
4925,2.5754150494261667
4926,1.3347005664016265
4927,5.904862666188965
4928,2.8041249376780493
4929,85.34332707470438
4930,88.79280204458699
4931,-25.971439509730217
4932,5.959307843473862
4933,250.25097028391048
4934,-60.154527244148774
4935,66.6624057859119
4936,246.6755317693975
4937,46.1930483062738
4938,84.84297876685734
4939,52.79735052002551
4940,3.7232615802317532
