id,target
1,3.9009448209091855
2,2.520753843602446
3,325.4751676894093
4,-18.36722824269309
5,4.4736370210802585
6,6.868942340231221
7,5.379867969489621
8,81.81222726900212
9,90.20642464821732
10,84.09509325679494
11,31.6800052229417
12,-20.466394512171117
13,264.57203903477745
14,201.9706271535979
15,3.6546836811796197
16,284.05624190435447
17,2.7915727768648395
18,86.20209877504533
19,3.019263409567346
20,6.596363833053082
21,-61.16253026413051
22,57.960762786647564
23,3.6690815709882116
24,2.339606059293594
25,22.624035975379666
26,80.64853566349888
27,1.0391323211765924
28,157.90177582124545
29,44.31494643032762
30,3.2303831149724833
31,6.338064235285719
32,38.35100179221411
33,48.5636923127534
34,3.476130714906879
35,2.4012630556012393
36,5.995318313470515
37,275.95055211917736
38,236.01047514229765
39,71.16678731971453
40,104.27834763307041
41,-47.339076103684874
42,2.361292621255532
43,5.61705509656391
44,4.771461526153331
45,123.6691721983509
46,51.11847583098686
47,2.6216969036775377
48,-85.39187200998957
49,3.758311547810279
50,1.7935021060165
51,269.7864707011053
52,2.828228490634447
53,2.2404374311381767
54,69.66145752135989
55,2.658013738238955
56,3.9948262933984817
57,5.737291201703623
58,161.7004619977334
59,239.9279652139264
60,7.039264177341838
61,2.4020794951160735
62,239.20056905060432
63,6.855668758515951
64,2.1889225401872765
65,2.650274647580621
66,4.494426590690343
67,5.104915528869711
68,214.89523359761122
69,120.28965474589239
70,1.397581241581789
71,2.2424714416989415
72,1.9670771121696315
73,30.179862808313683
74,247.7662841501595
75,196.8093408510385
76,6.471054245313102
77,6.023371309562735
78,158.63510600987874
79,258.7004718097337
80,3.629696721381044
81,37.80941710124783
82,4.414717453981236
83,177.15149391103384
84,27.440695403281595
85,12.0684211394704
86,2.449442381597493
87,63.04569525293107
88,218.04718275408462
89,6.243266118389668
90,5.531223533410864
91,54.320925194191545
92,47.24574150764263
93,20.906980891332136
94,5.098135992577063
95,3.809717606184079
96,2.90756151138923
97,7.424038723318147
98,217.88674808068492
99,84.82093641736442
100,277.80569356348633
101,5.128618493404473
102,257.2299054931736
103,3.523557538714037
104,6.698309049274444
105,132.14268344821346
106,63.028565653804705
107,279.62497486270104
108,2.378031417929039
109,185.01576510965705
110,3.132284255338857
111,64.25676758477066
112,2.156552207627792
113,212.53166370339142
114,6.737168042361022
115,5.599011128805058
116,393.75003820442384
117,211.67982912992042
118,173.97652536549015
119,228.71573190159606
120,307.64066714277124
121,146.25397270338738
122,3.4684499695304045
123,102.59811159235146
124,265.10323249815895
125,156.78240215451822
126,6.3831940595680425
127,133.18867030611108
128,3.1844869583166533
129,221.66426547893846
130,80.14636885005406
131,58.62088390864278
132,16.540062549100284
133,-57.65820633790243
134,277.4286149720213
135,6.352561986989227
136,1.8616602359439276
137,124.26447826340524
138,6.012822498904768
139,196.2061877955932
140,293.6535735055454
141,60.46397743893082
142,7.429782734789853
143,51.77447816161524
144,32.3630706867345
145,6.6141489092662376
146,161.44561817019053
147,220.34982510327404
148,1.602967546532457
149,234.38714447407358
150,66.29840409943311
151,284.70534946905076
152,291.38578710998445
153,175.48704358375227
154,8.576402363476722
155,4.338984619783944
156,217.87558439359202
157,129.2681165969086
158,133.7387882345529
159,131.4921577438274
160,6.594687197943742
161,47.59471075562199
162,4.404333735090123
163,272.5193847780454
164,2.7725514435951757
165,90.74709539405933
166,208.14138268667082
167,325.83120092750477
168,7.301709712728977
169,1.3481563023576835
170,243.7501685430641
171,2.7781279360920426
172,4.295429730898567
173,-40.571408473515866
174,3.785162196753575
175,5.717224971487578
176,137.46385536106396
177,69.75604321711155
178,342.2496762999459
179,135.3141159574372
180,231.94103858174464
181,6.364364519854183
182,2.1419087745671974
183,307.17573002428355
184,7.037336426217277
185,1.604014008321375
186,3.5531984272790145
187,2.800477692979142
188,4.013471065269988
189,77.79020917259703
190,4.325457491974844
191,2.2736822400899768
192,40.51192470423721
193,2.8496472011857947
194,341.36064714301085
195,100.02690246433775
196,270.09568804566936
197,133.1861631698919
198,230.83849168164323
199,47.07075978056863
200,1.8045644193845753
201,2.7480526094121673
202,87.52098819938092
203,48.35393004904561
204,4.029653692379362
205,269.39514585275606
206,59.336986406956186
207,216.5200233949156
208,147.8064982011507
209,67.82390254445762
210,166.3544878201716
211,37.35412545405548
212,110.38076910332138
213,257.73368417491565
214,68.62992448281689
215,21.16201932972635
216,159.79252229334955
217,85.43365737761553
218,177.2076706198968
219,211.67017675934844
220,5.9761514987072974
221,196.83966578752575
222,163.4658388018618
223,2.320435174548867
224,187.99603022082619
225,261.0999887277742
226,198.4118608825817
227,55.91206889158367
228,267.9308602802325
229,257.6036541492569
230,0.9933160724145623
231,215.05410957989426
232,49.76208103997334
233,58.112004720814866
234,246.40020651092772
235,115.35320174620841
236,1.7168539276362031
237,6.414454463307372
238,31.14296091363137
239,6.483318919301564
240,179.7736019211522
241,321.24318276817877
242,230.58853732515013
243,3.6878989128038073
244,3.850256299194392
245,40.76649378406212
246,114.83555580102191
247,124.85448967026463
248,6.271617427655303
249,5.966703391067107
250,60.21846547875004
251,65.42773714072601
252,203.6314038938993
253,7.850874504035978
254,172.08197241639596
255,-49.478517430561396
256,6.3352578792320084
257,2.1915737125222603
258,87.8581252313286
259,281.59343432437595
260,2.405978340949138
261,5.8750681111223955
262,6.552437783546605
263,-28.61360402560029
264,3.7945270599751497
265,3.5939442983757983
266,1.8158108133392896
267,3.6130613699164775
268,1.6511443998974038
269,203.11785857663077
270,2.8907438221557693
271,131.06694157316662
272,119.43335961125793
273,4.670508373400828
274,5.05036909756553
275,346.48760180742585
276,189.52704816191778
277,222.67075239855433
278,-66.80174525350377
279,4.130894019225756
280,189.15791726525566
281,5.077782194641233
282,190.49504908062303
283,211.23657280855346
284,136.45364828889302
285,246.0455720281435
286,143.15056390678635
287,227.62680361570287
288,6.5346314813344035
289,132.38000370111126
290,4.7206003502616305
291,133.14665337915332
292,3.4685109061862414
293,80.49153948102759
294,103.48200170319691
295,5.030857590176735
296,94.17938311168382
297,41.66388429628621
298,-56.056521618221375
299,207.446152493735
300,5.900177836337309
301,3.7801510450955504
302,5.043559544813597
303,4.501421685777486
304,4.060871500243365
305,4.860558352602986
306,213.88695961884167
307,2.945054085456106
308,2.7306790385244657
309,134.657813746308
310,1.9746798172037852
311,2.1524809408056456
312,3.1141121530402556
313,127.60363154565664
314,4.009392946062329
315,1.0934419345518895
316,2.888266713570267
317,3.963151162646677
318,3.6686935490505683
319,75.47197114138335
320,1.8686322961038442
321,6.2553469603884375
322,2.333778942576732
323,1.886661653516877
324,2.4867894995323425
325,3.237177008361019
326,4.934761065683511
327,38.89255649811844
328,4.4574240096555
329,105.76942443078116
330,57.76805780223309
331,-1.1004575771714435
332,5.8018169772432815
333,2.783556732485655
334,7.043900619122834
335,141.8401593040136
336,3.8614402773602476
337,2.333284142102012
338,138.21132337353168
339,54.159474411505975
340,287.220816975236
341,107.61812909109946
342,77.20568490006512
343,3.5694756220172565
344,2.303457142601316
345,123.74063838594637
346,2.471409988089473
347,5.116941672987754
348,17.05730942818788
349,-62.85785779256021
350,121.09926126948397
351,251.7754309034421
352,28.488243346780244
353,1.1687100199732068
354,6.098653379097214
355,277.63956886777015
356,215.08947151395247
357,2.862719950056498
358,-6.549069891066902
359,4.372536173548899
360,137.8430053794235
361,4.18245371242252
362,6.001775723545455
363,-30.688230896179782
364,4.477084244466613
365,5.392196700258816
366,75.9718064134195
367,4.414411394762072
368,262.11403112353366
369,4.91352709384764
370,-13.059489732545089
371,267.9316761324094
372,78.52251388555536
373,164.98876007921274
374,16.69085359521485
375,107.70507728078087
376,2.4749653496485986
377,2.617818274118567
378,3.739528352098396
379,3.222861465389122
380,0.6675009537300296
381,6.089847871660548
382,6.609940536613813
383,155.7405141892176
384,1.7785285685144332
385,3.778578050149511
386,281.2581422328575
387,2.4385124337534894
388,3.9619938002880164
389,63.8223578449257
390,5.107198083265745
391,176.45425612266155
392,6.607942439248685
393,3.8418059998495284
394,337.59774410539353
395,195.2813373191129
396,2.2977664701622533
397,1.7416047395312124
398,6.363186781284661
399,195.4945794649333
400,236.23269485070756
401,1.6552102859687037
402,6.2169042338475435
403,5.711724293354514
404,5.988310800252308
405,23.782943854240365
406,7.053223681827189
407,-71.92870740054701
408,4.120634957284654
409,2.6079179814828652
410,3.454822431921717
411,2.197285723974111
412,-11.22967136757004
413,347.30648452171073
414,5.90470341641136
415,55.914843990954616
416,3.273695284136651
417,6.987500580053517
418,5.687683590166644
419,5.572418118672701
420,4.403989146098872
421,137.71898257703654
422,146.8438683895547
423,153.86873678407255
424,146.8544678580696
425,5.959169958001662
426,235.05527360186676
427,3.100433717282966
428,209.22004483369145
429,2.561841673370007
430,4.311908897849346
431,262.89927167878636
432,145.06833079983764
433,12.451788544723177
434,5.990241616002067
435,62.447209737995124
436,237.39527557801196
437,236.8441985879816
438,175.69849562871315
439,6.071010653061229
440,263.9601510706811
441,219.3000411473321
442,131.70494008583339
443,319.35503042090556
444,5.474941663228285
445,6.279959275011206
446,66.21114519898491
447,1.3570820113417825
448,6.399908057614923
449,307.6541886233629
450,269.8570115919801
451,168.31808141435567
452,235.77468112113675
453,1.9085547885742267
454,4.38851699220466
455,131.12011962932758
456,2.7809377756728675
457,4.811592017184724
458,259.8304477601619
459,73.35420160500212
460,20.5882065592157
461,118.9003196398786
462,6.695464057588779
463,181.4588866335633
464,5.27259552812965
465,144.61461986728975
466,62.645205834152456
467,1.7613164856397217
468,5.248650379125449
469,35.54699467567975
470,24.205841066892756
471,1.8024230952950302
472,1.9177903203216398
473,39.33635009887886
474,6.076691293448282
475,88.06905543141124
476,6.9091293880705935
477,2.029143539126239
478,4.353636764761277
479,211.0906457912169
480,4.20988158405487
481,6.507195569142848
482,222.30583898800106
483,1.7244374061386596
484,214.40488203009212
485,115.83052163286166
486,4.612546931331882
487,1.9495693847061009
488,208.81327410480569
489,2.329714363121182
490,4.793084578334117
491,6.575784094941616
492,3.7665347100631337
493,4.006435044228195
494,231.11002276812724
495,6.001319462863306
496,104.4929250336929
497,6.523785724232857
498,6.113171814716277
499,5.528605615430229
500,8.060236518540783
501,2.77805323687751
502,325.15153610111054
503,97.15088517468234
504,14.825976381796673
505,1.768065950055517
506,6.600664443260147
507,343.535442385063
508,63.953162281560076
509,257.59774126147
510,3.695427079496675
511,154.7861668752776
512,203.33455883018797
513,233.61173585645312
514,346.24452438537105
515,316.5650068210412
516,225.8984340531799
517,283.1755589507909
518,7.439040908713837
519,51.34207028604726
520,294.1070166693718
521,1.6759314670601184
522,3.887188544979475
523,220.00948906395942
524,4.068165678413471
525,154.4372878192782
526,5.738148423227253
527,4.6280914616374345
528,3.577645772432503
529,6.361354998409077
530,263.5338116754414
531,123.16103045835364
532,3.4608228754276933
533,98.93515777867589
534,4.2064068917234785
535,6.77127674937288
536,6.069651455907884
537,0.8032046205454322
538,4.868411080841819
539,270.9433837560419
540,244.46002428498684
541,248.17589440333933
542,73.17052744717833
543,93.26594599046268
544,5.4830711097167955
545,3.992574264926086
546,3.6157046100509587
547,2.1068417802646295
548,337.87955564742003
549,5.698066083913784
550,254.65950896837558
551,5.9363472283165
552,121.88405922332304
553,4.090422556939792
554,83.06243349688
555,113.81490284699973
556,247.30546337429104
557,214.54926359518615
558,4.912781603487243
559,5.780721331590787
560,159.74995941593352
561,118.54727561647874
562,154.22941536301673
563,2.8438375474342936
564,11.690817172288972
565,157.41978039375493
566,2.4478224715476
567,52.67858725180722
568,114.35758731972943
569,323.80694468200386
570,3.432610418962869
571,208.9402249292587
572,3.0966341186584114
573,96.34644012349577
574,97.17642568707066
575,8.144522585496619
576,1.9233239231642032
577,2.5985814043963207
578,184.26505401320802
579,-1.7061249620976622
580,280.13153671936004
581,54.10340920504611
582,68.37824687501453
583,5.7359918928576725
584,2.837861919593526
585,144.96748949923017
586,4.539741728308863
587,220.83411028313367
588,2.6767574369296754
589,192.76497522188293
590,270.8191134201314
591,173.49370053907242
592,6.739275794919908
593,242.04229814192564
594,283.43436522524337
595,31.888713252994695
596,5.357612421385086
597,114.27393000279824
598,2.7312631413407154
599,74.10952083703006
600,177.03982442552473
601,143.81217803335323
602,32.385767206473574
603,2.12029038843004
604,248.81987941540194
605,2.221877737030125
606,2.1928290862619195
607,6.879890104749025
608,43.62229064186669
609,273.8693457858919
610,40.929497620259156
611,73.91283614590365
612,4.455259556592211
613,-0.9741686101052761
614,49.86539168978546
615,1.9057088296578912
616,183.51414530345107
617,-59.67544410134522
618,226.79835341103214
619,4.472459843791769
620,5.510255610478351
621,185.19372680300566
622,97.33226400917877
623,171.5091920756088
624,194.7818581968322
625,2.5162170113541023
626,1.9214067169712348
627,76.00648705084357
628,4.273603907735392
629,233.95804843759728
630,4.340743622025458
631,2.1156911893157484
632,178.79924860951053
633,136.3023787334244
634,221.98119021815586
635,2.284249358450384
636,105.75984200294077
637,102.64191680456518
638,6.633030963051779
639,8.937234123213768
640,124.54277033791398
641,6.912619331912951
642,2.799118619852417
643,291.70507131257705
644,2.973373317144209
645,93.44273101184308
646,62.366052447974795
647,158.39461005498387
648,236.25929136927115
649,377.9293480807582
650,308.4761763792556
651,123.73164892025183
652,42.85345610464431
653,2.7242846702426617
654,190.28957561045954
655,-1.645822604787291
656,196.61071841063287
657,153.83037207842776
658,297.8936039366681
659,1.885685269066711
660,126.04968106430456
661,3.8443866324306066
662,133.02332490106824
663,3.725333048875744
664,-46.797730219372774
665,93.34669050352763
666,157.40509051113094
667,248.17283313476992
668,332.18753195329634
669,163.38459829533923
670,198.92823384101717
671,111.38645676613176
672,95.56228416789263
673,4.26543564081499
674,5.831568692526918
675,6.077509345602937
676,5.696524149951328
677,31.41966100377825
678,186.78638212377706
679,5.024077549603758
680,2.8828356385168394
681,1.9686751707677443
682,79.41804997879527
683,5.456857410987281
684,169.3186680258476
685,223.03934679313033
686,5.964070554122073
687,378.76059516169977
688,91.442476623156
689,98.76669602907997
690,336.6298591888543
691,3.7544354943992175
692,69.81623057718629
693,5.22544135573918
694,6.563752289542253
695,-19.888719751638348
696,290.66938681120746
697,1.0985752621622094
698,231.41764120087012
699,1.2870366829815483
700,241.26093334404678
701,3.71150218332565
702,3.90050292214615
703,58.26813684899117
704,83.15014413026847
705,173.02434763313724
706,193.89003480657624
707,148.9717807125206
708,77.9576633688592
709,87.99536437834479
710,220.19459898569312
711,220.89306193366392
712,6.497053639144537
713,19.920235504615505
714,7.048112815949483
715,249.9107124534006
716,2.6822293085260087
717,82.39697132837469
718,377.47220022572253
719,206.21958224610606
720,4.210864693517165
721,162.78989122395043
722,1.8473018479497
723,6.559030707925636
724,1.630934498935093
725,2.08419938530726
726,114.20668540450748
727,254.91206038268297
728,53.65390316793766
729,66.60657998090994
730,94.51600812663813
731,284.27873950432115
732,4.490619014118983
733,6.825287181715188
734,21.09689221472398
735,249.04146007170624
736,52.5813827445046
737,48.29075302165076
738,112.04507905086038
739,292.5689688009211
740,112.60436583351284
741,-18.343352649840607
742,274.9879469449337
743,129.60298550512013
744,1.2490818040749239
745,283.02208781852545
746,179.13086792411207
747,3.742697928937267
748,59.182122967107844
749,86.85439522338261
750,201.07964281028592
751,50.7470597614861
752,245.8399135196573
753,1.8909406507249402
754,243.3745907126368
755,6.607218001352668
756,6.099286149891202
757,212.19203596618513
758,1.993848634928444
759,74.13282768494774
760,4.359504753146891
761,209.364582589435
762,5.314423494934773
763,2.11389302665718
764,87.44083700642673
765,4.468825941987957
766,52.080021306297645
767,0.19302695673603687
768,4.941494382852338
769,6.064419898200704
770,1.6874017865808744
771,263.22676938015775
772,77.32735633815585
773,126.88647245648164
774,-31.014894517976977
775,38.389108329027124
776,4.096852980489929
777,225.15098413510293
778,12.887237693390787
779,169.41721180430358
780,56.35133640746675
781,303.58732913667393
782,3.318513621751289
783,54.12533018813755
784,2.742501529182537
785,46.91873584524764
786,134.66716507564922
787,5.586658481986042
788,1.899503404342715
789,180.34239234077467
790,76.30034434290812
791,-23.799464973626844
792,129.47802037790893
793,-85.23375270778179
794,345.16546079755926
795,-58.58547702141004
796,129.20845774666816
797,3.6770976081686406
798,54.089146938698086
799,3.0595567224921045
800,6.0009772483492645
801,202.57127550729732
802,90.21185707737476
803,167.17920258784972
804,6.8100253773208275
805,1.2604920396286015
806,166.77868314108204
807,2.19684299330788
808,79.18427834259953
809,1.5705378746166827
810,49.988289340975435
811,235.21877235894155
812,90.26751373663049
813,276.00714884145947
814,6.060682927004977
815,4.730035054276945
816,7.560238657233022
817,2.5961265316347477
818,3.156236501913349
819,5.468039228843108
820,76.61791983013154
821,5.530053510327769
822,2.063526808061921
823,38.93551319535036
824,87.26019977551147
825,7.479257144468081
826,66.10759963709796
827,4.3731147075572805
828,6.408194263431791
829,37.189523706748446
830,174.08397241062784
831,101.68534944922347
832,6.264989480598245
833,249.47814954457155
834,183.50356062123922
835,139.07699406568918
836,2.1239446825199026
837,66.6909704572658
838,164.51113271150902
839,6.04782021852599
840,166.04588174275077
841,141.56125260434032
842,68.69220347989949
843,2.162267395136031
844,3.25459893812949
845,5.412351377488727
846,6.144218590873114
847,5.687497438964757
848,160.03630559027422
849,6.470906429511978
850,76.78338951135035
851,19.14501347372402
852,27.353600210320362
853,99.18102616391201
854,-1.1004575771714435
855,7.328552633649716
856,245.6974878705179
857,86.23326140422643
858,45.897386905445074
859,216.75673086717188
860,2.1517308467291105
861,3.3243523349814064
862,2.4273205224350325
863,111.51551552886062
864,242.35990933315628
865,265.5775140977352
866,227.40201140510985
867,5.519761066410949
868,112.63673573393369
869,162.01082365652002
870,123.78989491254092
871,167.13132841317247
872,143.66628226005625
873,2.48100508197323
874,54.64742776865249
875,6.797750271577369
876,100.61437912570392
877,40.577121918870155
878,51.8993276561259
879,5.47849504458024
880,7.023509813447765
881,149.25102676752624
882,5.719865436261425
883,249.42858116638652
884,6.106245395926621
885,172.3092539227606
886,71.29674001885597
887,1.9864512388375404
888,2.196943458144667
889,210.01450792798494
890,4.035041734618863
891,2.910706623292408
892,69.5111376170085
893,5.484834142298364
894,-15.789729916408895
895,3.490719620602006
896,213.1141180338816
897,2.4678195210622254
898,230.40067777693957
899,-52.487728196097365
900,242.89724862390307
901,3.632853776695645
902,188.7630177000718
903,5.444021064991208
904,129.47297539749096
905,1.9555625247510622
906,0.7379073017539163
907,208.04939518731712
908,44.68633108499103
909,81.89267532582798
910,2.3744039275925317
911,6.894017164480094
912,268.4359804379679
913,154.28715285229197
914,282.95506872753174
915,87.34991587739857
916,125.58949600976015
917,-32.37946263104269
918,2.328910554258336
919,2.9577029823499004
920,396.2708058006117
921,135.68205397576938
922,200.893870005995
923,2.0153255264467402
924,82.91555119873705
925,192.8742068348441
926,57.39515095527403
927,59.27080056066394
928,5.357974631010869
929,29.258907947510664
930,46.652556183726794
931,231.91602758605757
932,195.5850913869452
933,4.9593265198781005
934,2.1043334915011176
935,170.882811152463
936,60.22054543594715
937,3.2301004420147246
938,4.599136695757677
939,130.62100522465346
940,1.457639096277236
941,5.852424493642584
942,4.864829844037686
943,102.55032080880954
944,4.039079384333847
945,2.0423482932029917
946,67.40830337805848
947,51.283270645738945
948,57.258307577784336
949,223.3858853914412
950,353.11329269772125
951,-15.745259229794826
952,-30.735187984401758
953,5.915129738230811
954,268.6692179325692
955,185.33708499222638
956,170.95982137080583
957,1.7905203509803478
958,2.8473648303999455
959,191.3923000009205
960,59.13373603203705
961,166.51662195462654
962,2.5229013983875284
963,6.582409036909378
964,4.937551052610014
965,6.880985900302532
966,3.836824868138394
967,58.7973080254112
968,167.7471224217755
969,151.52959624128366
970,6.3806451763507175
971,365.3394867956587
972,5.705683205268386
973,109.72247925965094
974,5.48358915866645
975,3.694410306562946
976,5.348731391363172
977,184.0725952120384
978,301.11866125796365
979,1.9173258041031878
980,1.842226382015697
981,-29.00101462817941
982,49.74048766003451
983,305.4583151767936
984,313.5974504936371
985,256.0592037167072
986,78.21920377845039
987,2.956638399296405
988,252.53315212087352
989,335.1751828426841
990,119.86041061255911
991,3.910123391475467
992,290.0172796163486
993,196.08145003128448
994,2.8867243534352878
995,-6.867139364390011
996,55.106615777357916
997,2.018654354869867
998,39.0915491986061
999,71.06809606813587
1000,-17.285589438326184
1001,277.0557086321728
1002,169.65349201238416
1003,5.8217121815103585
1004,1.3419540490912407
1005,1.758841826797309
1006,3.787087098592434
1007,143.97642162174714
1008,2.0619961522841166
1009,6.748728711896861
1010,60.800672473149284
1011,262.80664335707604
1012,25.6356262489438
1013,221.87102850007244
1014,76.6586832458724
1015,237.2236791661809
1016,6.759927441215278
1017,5.202698267548439
1018,3.2036527595019235
1019,6.374116777236636
1020,3.9488825153148954
1021,135.439168483407
1022,84.98415427757601
1023,165.62366279573695
1024,176.89687589752347
1025,5.344604621945066
1026,3.4850766190478004
1027,4.702535269391855
1028,80.73743696100124
1029,3.643552669850792
1030,29.209081306970266
1031,272.18584010691643
1032,2.6529994073871057
1033,2.2595109072329578
1034,233.41585910561204
1035,1.0983240683882673
1036,245.2251924155243
1037,7.021921255857711
1038,52.95971406366644
1039,3.6152938351647363
1040,-21.11488338504126
1041,2.7703972262630607
1042,4.19079820903488
1043,3.5692415563302897
1044,331.27522279601646
1045,109.69314429602645
1046,38.47169525083813
1047,227.3072464900374
1048,1.7902109150567826
1049,2.8208171877058534
1050,6.4384132802972385
1051,53.01695452155395
1052,178.3073962642108
1053,259.7376901162965
1054,6.44419845590666
1055,43.53716640855523
1056,34.02018274657517
1057,4.462974763962823
1058,2.6969006355568936
1059,2.7103314231816347
1060,131.87373049792964
1061,2.8273202492735354
1062,5.881381037251859
1063,301.2208006060849
1064,204.72813619716115
1065,74.47538502405737
1066,264.86418637100144
1067,267.55167389780325
1068,5.98078805545444
1069,4.18326538545966
1070,308.2500377038976
1071,113.42293219998183
1072,5.504110286479798
1073,3.2729275631181403
1074,6.521652278260671
1075,4.964059955896807
1076,278.9497471537178
1077,6.513927636829797
1078,166.04420449681348
1079,2.5802489273268168
1080,2.273438408068416
1081,6.092639341872261
1082,3.7971269584861047
1083,3.4005693642008294
1084,6.357139353166315
1085,116.31838660297441
1086,194.23704973305726
1087,82.2152631284039
1088,283.36678985496405
1089,8.523694177319857
1090,135.73417587335126
1091,273.3385861054041
1092,5.67270464775059
1093,3.6495132979114104
1094,6.860844572619477
1095,3.117301885845933
1096,2.5008101586437115
1097,5.54220465139238
1098,66.59902809583113
1099,128.55391353747112
1100,5.633686164516014
1101,4.579615853107386
1102,6.321778504098469
1103,270.8850119952555
1104,4.714055904264487
1105,124.1926359589596
1106,4.874340984779202
1107,6.257051095808462
1108,18.516539125223336
1109,119.6609297860709
1110,88.52600169613808
1111,3.174319830851318
1112,222.35486850911082
1113,2.439433336791783
1114,159.57240666207602
1115,-58.26441057460333
1116,5.590504176375199
1117,307.5805832301395
1118,256.95469523480205
1119,4.612496478430408
1120,61.918034394892665
1121,31.050816392877596
1122,235.97835864948587
1123,3.4414108007059294
1124,167.5643085844421
1125,2.7272469438405276
1126,77.05871016683608
1127,6.631203322630659
1128,-33.497824961039086
1129,181.21196878086315
1130,6.294369735095902
1131,50.50615722812525
1132,3.5079144999732286
1133,-63.620422459440086
1134,176.2035268962066
1135,200.2792411452715
1136,-51.05349855828172
1137,4.005619659743624
1138,53.497287913264984
1139,111.0640969650318
1140,127.34853314432715
1141,204.24234337254737
1142,157.59635512814077
1143,30.226388289556105
1144,-30.088518275896647
1145,125.0244732034778
1146,36.77870541816618
1147,4.269256785730072
1148,115.19378266900873
1149,38.15533339801618
1150,4.194601518795456
1151,1.2682671302232111
1152,3.8063181468548106
1153,3.971530610675109
1154,40.189399065686594
1155,179.432278864517
1156,6.937201248305402
1157,94.90772858033685
1158,210.74898048368703
1159,128.55985239553831
1160,120.82725517245844
1161,1.7068547835348435
1162,5.445901555186379
1163,5.53146874624882
1164,4.8782365307541085
1165,200.06175736508368
1166,54.51114291442227
1167,-29.21903296850842
1168,4.7713670533591195
1169,160.24359568808285
1170,4.641110491135295
1171,4.336163011278073
1172,-5.06101750445276
1173,3.7119655824641913
1174,194.78541103377574
1175,-44.392050753457674
1176,251.8758797490204
1177,2.200184246872589
1178,151.99912019968437
1179,2.195104130270094
1180,2.093990639574975
1181,1.608329859611913
1182,129.38290369748788
1183,7.180101118746583
1184,3.520821524209088
1185,280.98316265039006
1186,120.92725967921278
1187,4.11320774718311
1188,2.940097958487084
1189,152.85795927797662
1190,3.620703525044451
1191,2.5251051190111937
1192,4.851569253119578
1193,149.18995268197423
1194,5.5983332522256175
1195,2.1566112770206987
1196,260.0147032363757
1197,82.55883383078371
1198,2.7147109282985413
1199,279.1425175256916
1200,78.0250072026463
1201,227.26835258977636
1202,67.49409336652772
1203,3.1423823190057063
1204,149.8409658575005
1205,1.8523786000356222
1206,148.70550605710324
1207,103.56407517155563
1208,226.98485878711645
1209,262.3690547765504
1210,192.79327330087926
1211,224.6360703914175
1212,6.027320381463557
1213,4.054750809654115
1214,193.07387646706388
1215,99.75027103004638
1216,243.67446248891423
1217,182.37020292479968
1218,-43.14534763955356
1219,6.377703236658257
1220,5.963020734735645
1221,240.89825084838196
1222,5.804242706571942
1223,1.5407341709027536
1224,2.6827014827850966
1225,115.11230608458922
1226,1.2981945052812944
1227,4.783278823472017
1228,1.8664693626214666
1229,39.68236048312013
1230,103.69517923724682
1231,232.1064771504383
1232,1.8327197664313304
1233,-16.406211746654268
1234,2.7840382726193416
1235,21.367507231622177
1236,266.00464178428524
1237,3.78662610349367
1238,2.1816517944198393
1239,0.9759956245776095
1240,54.26920913378994
1241,2.1708783899822994
1242,4.5709133834936715
1243,4.978552741312398
1244,198.9997278865127
1245,3.943392287329992
1246,256.8264235046331
1247,5.793972829537622
1248,114.6513301960338
1249,150.90353743469564
1250,7.736481681120049
1251,25.21294150237745
1252,5.8566002930748535
1253,3.7716044837292553
1254,3.804557555875336
1255,16.56277158356665
1256,77.56962612071287
1257,144.74355974921542
1258,259.97606296995343
1259,61.59906263038118
1260,266.1837938951798
1261,6.079410202575639
1262,5.609821662736539
1263,189.67462578722436
1264,2.6137331021111336
1265,31.466730548442353
1266,124.56715098322866
1267,2.327466370275196
1268,6.313376568183803
1269,268.12574444176045
1270,-58.39473236712621
1271,256.3980030671442
1272,56.78656183293565
1273,12.050031324349275
1274,218.02807267984684
1275,191.53327351909144
1276,47.07360136021508
1277,4.057056893480635
1278,1.0580124437649978
1279,3.8965442858380794
1280,-62.495289999604466
1281,3.2192092008372097
1282,110.25741510413096
1283,171.4446367728828
1284,2.5048691106433263
1285,-59.0538788770352
1286,2.7021212732447086
1287,57.0965367732824
1288,98.52881343852982
1289,3.9612309359659728
1290,224.66590462588496
1291,2.7467215847168167
1292,34.6775933575837
1293,106.23162229017069
1294,266.33264823812084
1295,164.3849650165893
1296,6.398363839300267
1297,67.95473102362877
1298,13.815075549193674
1299,5.907812700271509
1300,165.4285472828816
1301,254.1436899780317
1302,208.71048778785894
1303,6.160945017182675
1304,3.7475717161507904
1305,4.997317701667121
1306,55.72704672370014
1307,161.48189267437806
1308,1.8861297251647062
1309,4.745763784591897
1310,352.53170640518357
1311,2.518879310518641
1312,7.283504097389125
1313,52.940945277260674
1314,181.90980309477865
1315,197.78733746008285
1316,257.1008322455012
1317,67.11895226385727
1318,2.1570121512593743
1319,224.68352447006106
1320,264.8388884223993
1321,18.5492302467316
1322,53.53369985555554
1323,262.10507176223825
1324,213.45120494871767
1325,48.169477200379326
1326,64.33932767298514
1327,233.09238963721816
1328,2.82977462211831
1329,5.851848931064776
1330,124.30071932135883
1331,-18.1180133159058
1332,284.0412029226967
1333,1.2553615348602865
1334,346.38787864711827
1335,1.8761965473514985
1336,113.06056874767287
1337,31.164827427253936
1338,242.1835092847391
1339,6.681160734378897
1340,181.51174977443623
1341,229.62193558329898
1342,179.86150255427836
1343,51.61263677341303
1344,122.1525315375867
1345,2.48695425118676
1346,73.68545060987344
1347,105.8361973452081
1348,2.9108058970983866
1349,216.32703513072303
1350,35.56760529487247
1351,220.03153420641735
1352,2.3482660794198953
1353,13.497719066676632
1354,5.35860351416581
1355,6.277771205681421
1356,3.7612915565611393
1357,7.626089832018417
1358,6.914213587106886
1359,1.665179736597207
1360,318.0196863508209
1361,4.306359140978669
1362,6.338139747750171
1363,67.7770250161826
1364,3.2583498429373137
1365,6.065020274492208
1366,6.554243806055446
1367,6.087785594814483
1368,26.922776281868963
1369,185.70518509640092
1370,288.54346351340354
1371,226.25878162886522
1372,18.89058391202537
1373,3.3205559396799815
1374,166.11103939424117
1375,186.97649461368934
1376,5.664192520895678
1377,4.919534778257947
1378,111.04238429352831
1379,82.3058957588047
1380,97.77687526953491
1381,232.1206047770344
1382,71.32086915070373
1383,46.982833413718765
1384,-6.425371751865862
1385,148.3546434178603
1386,1.6985081886109252
1387,67.17121666371409
1388,1.6487947836694434
1389,234.24604719261922
1390,190.76520290648097
1391,56.15072645909938
1392,58.34978687302034
1393,276.9012175288322
1394,-16.270765211483255
1395,42.76762864270072
1396,188.8503558340541
1397,5.679085101756075
1398,203.31099838396887
1399,1.5677208542514602
1400,90.8404821654275
1401,335.77994770284965
1402,66.52628924531037
1403,279.24644764135223
1404,80.406738704555
1405,131.15274594363734
1406,1.9725364705796162
1407,130.94237225165188
1408,7.5915723717288115
1409,3.5527967833776257
1410,263.93785685724055
1411,281.7657413713037
1412,-44.094721632973744
1413,120.41796426666437
1414,255.894160374509
1415,2.116223397918055
1416,2.1176506106367987
1417,4.206291428866666
1418,333.48125195957863
1419,176.83399276846555
1420,4.721392751807174
1421,39.1163350579103
1422,6.675347840310611
1423,3.0825913239275535
1424,4.986752051599586
1425,1.6083054440099296
1426,-33.369342329419965
1427,3.6298972564798597
1428,4.520029593498091
1429,3.2895924240456753
1430,4.545038158259811
1431,6.592339863194335
1432,164.43651664597812
1433,2.1874126856252714
1434,6.382591168116436
1435,4.670376319675509
1436,-55.22602400420459
1437,155.67677682321965
1438,107.16340642685711
1439,6.598593281924101
1440,2.3328129826491795
1441,127.1452803567415
1442,172.91380721405687
1443,51.02267144669054
1444,6.143868781852172
1445,60.577327076652836
1446,265.8657325470976
1447,230.04003163451125
1448,-13.041561613327772
1449,6.089199204664342
1450,273.10155962796927
1451,161.885773908928
1452,5.194485839198782
1453,5.841151830033376
1454,176.68309743235463
1455,71.01978464780366
1456,-7.925534754135597
1457,8.351224554588937
1458,4.850481918454788
1459,292.6445916289686
1460,357.5798625721088
1461,140.2342731923876
1462,-33.866125827582536
1463,70.56737989638597
1464,6.059984483824516
1465,2.8405855026187457
1466,228.42886500293693
1467,5.827723870867436
1468,5.508462791811844
1469,38.312576614087675
1470,3.6886304958870793
1471,35.18741818889038
1472,6.995532181610019
1473,2.469232075116978
1474,253.4654966858036
1475,100.86157496513721
1476,6.929015360106325
1477,2.220941605849424
1478,122.44986515910674
1479,4.743231831139305
1480,99.15961271072804
1481,6.08157835482552
1482,153.06463957260684
1483,6.462943243526995
1484,235.47341424743306
1485,187.4160471241653
1486,7.406382510902156
1487,3.355799028254429
1488,86.84606779943616
1489,-2.3860685919918208
1490,56.382753880703625
1491,3.340098486579648
1492,2.036005492115819
1493,8.279096628258538
1494,5.374183719788337
1495,43.1905521788371
1496,7.110634904613448
1497,64.32628962071306
1498,6.152253454018161
1499,71.36861887357685
1500,6.969481642823812
1501,5.840009482971292
1502,54.529979433607195
1503,5.798177277654794
1504,2.1610186859884597
1505,4.892805176400032
1506,210.51659457652275
1507,49.77670388815933
1508,98.60758717479665
1509,58.23492056904083
1510,3.163172567967334
1511,19.84380174357125
1512,60.481425942951084
1513,5.745291613367899
1514,285.3139633415963
1515,57.02341695654281
1516,2.389824706156107
1517,345.93128747305417
1518,4.405240723356632
1519,236.32225482638154
1520,5.1106866155351005
1521,47.53680893606085
1522,4.927617244165082
1523,2.411850037407891
1524,118.77950541330787
1525,-33.71719863175735
1526,2.0906363696727617
1527,5.960640015412601
1528,3.68345343266307
1529,216.98258494063083
1530,275.79085095405
1531,3.253239790539109
1532,6.1717688359149
1533,3.244251051610415
1534,-15.003881081333883
1535,89.49227710908275
1536,5.828217936781712
1537,2.5549720491183416
1538,287.85772431962033
1539,171.28972553564418
1540,2.2718350778468195
1541,147.71146892705687
1542,2.838529963452608
1543,24.83053289901492
1544,7.737857961305256
1545,3.567350091994545
1546,6.387532473781638
1547,-30.61217673325689
1548,211.66357331846154
1549,45.84982495944101
1550,2.974276394796003
1551,2.3133028613222075
1552,230.1659489563815
1553,6.6372436566581605
1554,292.9497555556289
1555,154.62650154948895
1556,4.109372568360792
1557,18.32966176486321
1558,3.612644192247532
1559,248.16941625913915
1560,172.06223384937206
1561,207.27501385315367
1562,241.95503293637597
1563,104.02029407350754
1564,3.20776437951071
1565,68.32620008732832
1566,3.4154490981505803
1567,-8.222428706825424
1568,85.93640709273156
1569,24.041987957026613
1570,276.1514821231232
1571,3.351411023965821
1572,84.9727935417944
1573,1.9068944375456558
1574,4.403179890724941
1575,5.639970135595855
1576,4.256869318225979
1577,5.897511159312229
1578,81.89267532582798
1579,5.160885377502933
1580,199.40250780823365
1581,202.28053835582077
1582,6.979939977463693
1583,296.22339439082725
1584,305.8773322922163
1585,6.215575569630214
1586,5.092436001123878
1587,59.96123922248468
1588,279.7759098636719
1589,7.590446840905464
1590,6.346488921079653
1591,123.76907079605016
1592,6.967956166021472
1593,128.69638693410076
1594,142.33991834270063
1595,116.30591218422622
1596,5.723439673729174
1597,76.05791743426998
1598,6.595036538180259
1599,3.282489580987517
1600,4.423761664086503
1601,2.281788710567902
1602,5.935165544534025
1603,273.3059246903709
1604,47.51471430347882
1605,110.0920868479538
1606,270.00759477072364
1607,-13.893451358766754
1608,3.065177028851278
1609,7.35704508065708
1610,3.1478527466852135
1611,187.87477276327178
1612,83.38502864007285
1613,2.4964835105572223
1614,267.8746516396554
1615,5.880724993072349
1616,4.043606744497541
1617,190.12784400754043
1618,225.81670498735963
1619,9.448278437726847
1620,43.702227282621486
1621,1.968159410307038
1622,2.2741673701884366
1623,2.4991036386200083
1624,257.59420260132345
1625,68.95035052681287
1626,1.603970393314657
1627,33.276505011403714
1628,3.571103476505123
1629,210.04158538340357
1630,89.51902458335601
1631,3.2498394737787812
1632,293.05833832469665
1633,5.030289271399334
1634,27.261396238490516
1635,3.4998850484693844
1636,4.617078587205619
1637,7.100688502804771
1638,213.7887711725322
1639,33.933840059818344
1640,4.576390859249693
1641,318.21805303107976
1642,147.5041672367429
1643,203.60428265357362
1644,112.1758982939044
1645,200.72276287646037
1646,6.379947135364166
1647,6.885318124210521
1648,23.16393739723974
1649,4.453768019829819
1650,91.25761520356798
1651,6.698086736318894
1652,6.813598787576322
1653,225.74705596728535
1654,6.811235833898345
1655,313.22545966170594
1656,55.37572484529308
1657,1.191710396268032
1658,274.6767095640304
1659,2.240776997699706
1660,-16.39830875821919
1661,6.418842326726151
1662,198.22082403306462
1663,6.107538018067874
1664,114.74594202745163
1665,1.1403315249506953
1666,94.43867769396063
1667,-60.17904888057216
1668,261.8969855757799
1669,51.84566132728687
1670,2.0796846573914873
1671,2.4853178537126572
1672,5.702822351946244
1673,4.756509463750811
1674,118.0623805474493
1675,2.2354769070501948
1676,-57.76571849505764
1677,31.970688964461146
1678,-9.459876115820109
1679,204.28675395591455
1680,106.62722091488482
1681,0.5276177771960776
1682,2.6906054060566946
1683,65.10219099146673
1684,30.740317706492643
1685,6.8181640379277635
1686,125.68132033195164
1687,7.703941919606013
1688,167.57568206916534
1689,256.36682743409295
1690,2.7125371196209747
1691,3.7573535513473457
1692,3.6361144714005684
1693,2.125086921917877
1694,60.42395291396501
1695,229.763897802905
1696,121.33673689200711
1697,1.6852489807667461
1698,212.3048961129862
1699,178.13093674652916
1700,117.28797864583093
1701,264.8637954785809
1702,-67.84330659414738
1703,6.098141258256677
1704,5.585016409586067
1705,2.840173342810969
1706,82.42224560688919
1707,5.604071074391873
1708,74.84196677018966
1709,124.6041088152065
1710,6.059807577955579
1711,67.03616168955365
1712,1.9032540100476223
1713,5.9388686762122935
1714,-65.64303257229933
1715,4.969198371312484
1716,2.2982270764981916
1717,10.376849089909744
1718,120.14451547838539
1719,26.0937641582821
1720,6.564693163561919
1721,254.7701713218953
1722,3.618377811680226
1723,178.22310458264724
1724,141.2470098087212
1725,3.2090252204884964
1726,3.9849213880528596
1727,256.3994616327524
1728,3.917390767899567
1729,3.4380540045207044
1730,45.2486911939275
1731,221.94952224782483
1732,4.9063662780944055
1733,385.7593723014111
1734,275.6172421505356
1735,200.16538837656142
1736,2.9509627571716255
1737,306.10029861271795
1738,286.3046468692413
1739,163.70647447721615
1740,94.85703700400529
1741,122.59923074889738
1742,254.19794923834473
1743,5.464573700358379
1744,114.16129552775183
1745,38.629177473731716
1746,3.5675231726671655
1747,7.822750511763569
1748,177.08993388205548
1749,3.6227744203870262
1750,70.058664186169
1751,30.13464392424089
1752,7.43798586467258
1753,6.2220368631248
1754,278.55551050349
1755,236.58172877228162
1756,1.9662820516407113
1757,227.0904100449735
1758,318.0947861781174
1759,4.764354659828091
1760,252.44743935614866
1761,258.56861303576767
1762,6.713473318507275
1763,48.328193360910156
1764,9.050084569395338
1765,5.101042999664846
1766,238.84304621636278
1767,169.36715065409214
1768,5.5606616756614855
1769,90.6836700354649
1770,53.45979537667108
1771,2.7308720963046533
1772,221.43345836701775
1773,248.11528474836973
1774,6.38952417282619
1775,292.3459641691792
1776,2.258453280780543
1777,17.145109344470402
1778,36.92333871725936
1779,22.369546523052264
1780,117.24691786436614
1781,5.860622793574728
1782,215.7073224672509
1783,230.30602933393558
1784,4.197673058567018
1785,50.916082389828254
1786,2.5694681613874653
1787,73.39858473174812
1788,5.047833664405558
1789,2.4943033016013745
1790,60.64981037767966
1791,4.142028457791258
1792,2.279358758448387
1793,1.5390939007262416
1794,158.1291692272457
1795,193.91506981369182
1796,262.7773418080841
1797,132.65936378892522
1798,6.543112794352161
1799,203.17242079456304
1800,135.54207899160642
1801,5.129614722968643
1802,1.1292330967918114
1803,148.83590416447169
1804,3.7337717663372594
1805,181.3902736243042
1806,5.787282564437354
1807,280.81113717533907
1808,146.98113779579674
1809,67.36612120647779
1810,4.241887827575435
1811,2.189027941821166
1812,23.924258720884787
1813,3.4791894269658608
1814,180.13280873505553
1815,265.1293193998485
1816,5.4045086131022915
1817,102.26613767587159
1818,54.906494589524414
1819,232.3776858489351
1820,8.297785428693278
1821,3.1521672523819007
1822,260.5698554907655
1823,-8.680441637643522
1824,37.16215549220307
1825,2.305395547878097
1826,6.273832238955221
1827,3.455136528830576
1828,2.2023098047989804
1829,222.7424137648139
1830,239.00255136269948
1831,7.021673124225236
1832,50.489454645290294
1833,3.5254065125761507
1834,4.023081044807674
1835,106.26879174257246
1836,6.2661485860656505
1837,6.053873115451672
1838,6.103606904085828
1839,126.6290115829164
1840,34.74519968856484
1841,-83.6067187510248
1842,238.5034159643581
1843,173.94319871724093
1844,254.174230214805
1845,157.6606332814971
1846,28.314117558833487
1847,265.7723786302077
1848,124.8838325266667
1849,3.96666292146378
1850,6.071597943030989
1851,-72.41897680308257
1852,6.165455629338874
1853,74.49064144803413
1854,68.00301462136589
1855,5.588564981646219
1856,170.54430210526664
1857,2.5617376142309256
1858,4.924078404495225
1859,6.093724750678602
1860,5.838659383243748
1861,148.62480549398458
1862,6.324044249531334
1863,83.45534600085678
1864,72.53657516092417
1865,209.63362481666354
1866,148.614994113983
1867,72.23217852695171
1868,266.19805651954664
1869,154.16172232061768
1870,3.113290915040486
1871,192.67664548867845
1872,48.27403044911611
1873,2.9408437622764265
1874,25.725125925836444
1875,103.73975492089721
1876,2.706650077360325
1877,2.4154992026723416
1878,67.27428643320052
1879,46.46931785165702
1880,273.4471192857576
1881,6.097613706635925
1882,99.57846900057109
1883,6.206402631725893
1884,86.74228127385786
1885,297.951204762041
1886,272.4876977517555
1887,3.1068586394613495
1888,215.13750048584023
1889,228.76487772538687
1890,2.4999377172599067
1891,249.39260233507062
1892,211.08764438157908
1893,4.350664744701812
1894,2.109259585281859
1895,16.57827393587107
1896,6.109544456365259
1897,60.28282249030792
1898,-70.38351382458873
1899,2.6132156656658725
1900,6.100820700185003
1901,278.60908778909146
1902,226.39270215441812
1903,-57.93607670563172
1904,60.0541095176201
1905,63.107162791435705
1906,181.7213652570384
1907,7.034380150114667
1908,6.520949308351401
1909,117.45272918911766
1910,5.718068150923091
1911,4.992198585114049
1912,3.710596575666158
1913,77.94059067022178
1914,-35.65369255516598
1915,7.323402614852644
1916,0.6665351119226912
1917,2.5707533823432662
1918,164.77683241013312
1919,4.831558073980156
1920,4.69171603174199
1921,74.74723359657882
1922,2.95233157040849
1923,6.772092249920781
1924,2.4258168971076675
1925,4.314436468178089
1926,110.99740535331688
1927,139.8196058644046
1928,2.9622747368525215
1929,54.938840563978005
1930,2.168607730916715
1931,6.271353835625005
1932,4.843780361205788
1933,2.3061193011780836
1934,249.21985812627014
1935,6.44379128831638
1936,4.695603903917888
1937,-1.9597912892085045
1938,-33.04840100941966
1939,2.2367149986492056
1940,277.82453600622654
1941,3.507253897871135
1942,212.18813308559075
1943,3.9969750189543523
1944,226.6671525907009
1945,288.37706673740047
1946,6.011255989055179
1947,109.12742013398909
1948,5.753168030914721
1949,-6.931132311589538
1950,33.6104809386962
1951,2.6986174124681845
1952,42.54013842326388
1953,406.790531849089
1954,2.665766028666208
1955,107.80750067605516
1956,2.0443188740797273
1957,120.27753757241211
1958,3.501531011000737
1959,175.8878408524396
1960,59.56294574501497
1961,1.0527851912222757
1962,4.219459725305302
1963,2.880797888886904
1964,4.995485277603269
1965,93.14068938957226
1966,3.2241077301679364
1967,4.46709246811415
1968,257.17455511350454
1969,26.346831357489005
1970,5.862437479122634
1971,1.7605224437140223
1972,108.14994641510191
1973,-39.69968644006178
1974,2.520574711527606
1975,2.8675045936994783
1976,312.10676665834245
1977,1.639510414967633
1978,218.16057222160228
1979,79.53918707751643
1980,268.15701748966245
1981,120.42631959938754
1982,123.91061408006937
1983,94.69785917603078
1984,8.829249064543104
1985,4.504263239265036
1986,3.75098147762314
1987,6.335666389362472
1988,1.304970397801619
1989,5.683727791203462
1990,4.610471797316182
1991,-19.923008134516397
1992,4.178320362680345
1993,28.03645713240987
1994,1.8250178918623376
1995,124.19414445732335
1996,4.105300265279898
1997,2.683488532362029
1998,5.730603253148116
1999,305.546259508211
2000,6.073010278930622
2001,298.5750604405665
2002,-53.230821063781875
2003,7.002827416894424
2004,323.44916552245553
2005,73.6944487110377
2006,4.708367530760265
2007,50.39027144656315
2008,232.99955917844034
2009,137.06584370603426
2010,301.38286617197565
2011,6.237485979411359
2012,176.8273997517857
2013,-36.842769202285524
2014,280.8172438051067
2015,185.7989570121199
2016,35.769443429602845
2017,2.7834878687367506
2018,15.458760759307633
2019,93.5307419355832
2020,7.031089351895336
2021,4.401902378064351
2022,192.4901765260718
2023,84.32221045609758
2024,2.7887279512224974
2025,4.447191099693436
2026,79.74733267017565
2027,6.075228709722166
2028,6.445826259631475
2029,42.87315200132836
2030,306.2595199235073
2031,75.83361819319987
2032,294.5518865725691
2033,238.47125650434617
2034,2.152309382361141
2035,67.89741312091303
2036,183.58694100168583
2037,5.029346603896487
2038,2.828133765936211
2039,2.5856274633345135
2040,122.10071882945272
2041,274.53122762441404
2042,4.0575544621256725
2043,177.90834161838995
2044,2.33333462656921
2045,91.48606064807646
2046,284.91739069937097
2047,5.63845645784438
2048,-55.67071613086798
2049,1.7165527967292848
2050,361.3234214087859
2051,3.2739059885377517
2052,2.8558870137301384
2053,246.86786279224012
2054,4.8091142554661355
2055,3.860664263704183
2056,-37.43699767209638
2057,198.0448187829412
2058,-27.697485509903338
2059,5.318964263552356
2060,21.83810206698031
2061,2.344316308348441
2062,168.61626550854325
2063,3.38844560397427
2064,3.7631639428605186
2065,3.5345177998913178
2066,2.017198763936027
2067,6.18647377522194
2068,3.4752794356473053
2069,1.0716751378202682
2070,276.7091615559588
2071,278.89817498252734
2072,4.522916713300059
2073,207.60899777451306
2074,379.0805707955687
2075,269.099967009456
2076,3.545361780047109
2077,2.5330081543223724
2078,3.92255814419197
2079,3.9392643817206383
2080,2.22701275679873
2081,3.086501496599108
2082,6.036995693684702
2083,31.646636260765177
2084,2.1065006797078887
2085,4.959179407628848
2086,114.50299697668376
2087,85.41759343237509
2088,18.655558478716213
2089,54.777563103836044
2090,243.0574012898996
2091,202.22072042260245
2092,-88.51443015886177
2093,5.335443455198896
2094,4.24083009595481
2095,77.74881527958465
2096,50.10196483140805
2097,109.99530839512875
2098,5.6027459597707
2099,21.77709796858304
2100,20.997809217574403
2101,5.693112916107856
2102,6.7686667552163815
2103,56.390430189121005
2104,62.50861860803464
2105,59.03736672177837
2106,303.6743751905575
2107,6.886144156388946
2108,7.628016238912308
2109,6.1004354965651615
2110,268.6654751442292
2111,3.697276454953992
2112,55.425583758136874
2113,99.56789432977584
2114,2.562582845927819
2115,47.53468340998045
2116,3.631255349251364
2117,3.3014767032902954
2118,3.4328131192899707
2119,121.38310456628788
2120,4.191795051284464
2121,198.82525355827954
2122,212.92175514992033
2123,2.5410347683125125
2124,1.6222738390758609
2125,4.018266241061417
2126,6.015589153844845
2127,58.22857157606204
2128,216.58474676212325
2129,1.8310741369263959
2130,2.213470848474368
2131,5.589506808569154
2132,6.289706622837684
2133,233.04353613443513
2134,85.2185793263478
2135,218.3471400126184
2136,38.48285525861489
2137,240.43810895649767
2138,3.452427699131409
2139,66.64452957988368
2140,42.435905330621424
2141,53.19078133629571
2142,5.9175164538896015
2143,-0.26944399417736425
2144,179.90565328059253
2145,43.8864499433212
2146,3.8045790139638345
2147,4.134451353733009
2148,59.094810066001656
2149,-57.57179287253536
2150,5.610566742395378
2151,60.35862749680232
2152,5.029111589601204
2153,2.9150982634145506
2154,1.3682188844536791
2155,2.4702847516741926
2156,6.090976340945443
2157,130.74418412519228
2158,3.7819937131494092
2159,326.44174140675693
2160,243.26399107926954
2161,297.50449792832916
2162,1.8943537517213236
2163,296.5007803234381
2164,6.554943881618277
2165,2.498276537263811
2166,2.2753699981722377
2167,21.709620623716617
2168,316.6778079528691
2169,2.3379985932497074
2170,2.1715488618785765
2171,157.7417247408311
2172,5.627550332406545
2173,254.942811896064
2174,257.3872336399552
2175,1.2080594366376163
2176,4.4861872685760975
2177,-69.08757099003697
2178,4.319977941864523
2179,75.17946608056262
2180,271.66564800224137
2181,2.5365181447918603
2182,159.01327086645526
2183,194.45680422621442
2184,6.098791324585608
2185,2.7252775430369467
2186,2.622375357865929
2187,4.321083743880984
2188,260.2132562042649
2189,237.76589179297576
2190,70.9155787894796
2191,2.7000218058119723
2192,2.432940414039763
2193,106.4378108699641
2194,2.5310932568436697
2195,4.904430390451407
2196,6.831616803765372
2197,1.9852254541490855
2198,4.310255247428097
2199,3.363023367333543
2200,1.7785786112787443
2201,3.6607462153012684
2202,88.38319713954671
2203,2.1750937108470207
2204,2.028011623699513
2205,114.29755562077627
2206,5.48857109428463
2207,168.85820007891147
2208,5.186514782891492
2209,6.286215544591829
2210,260.1434847173695
2211,1.7667845640489128
2212,4.87160442592039
2213,6.460368078712319
2214,117.77252579739437
2215,7.1141815005548015
2216,90.31310925733943
2217,4.130716793903382
2218,14.443294506670044
2219,2.361474495654864
2220,5.562503252004593
2221,3.042997530754427
2222,-40.63198594187317
2223,202.3649872428428
2224,-61.34942483651073
2225,165.71715447933263
2226,-11.225841776728277
2227,70.30062353611952
2228,154.83048817379097
2229,114.06093796414719
2230,3.1870131526761307
2231,5.635089425483007
2232,4.183408624623974
2233,263.41919391863803
2234,226.91710599577175
2235,227.83518826347492
2236,3.1487256495752978
2237,2.731471865905186
2238,246.92493191640838
2239,92.43828229887401
2240,233.39111995589218
2241,2.0172081110122297
2242,229.554757486138
2243,6.378436451070956
2244,93.03240367865281
2245,223.88953784644778
2246,97.93764397170385
2247,247.84643798805496
2248,6.613726921329523
2249,292.7189641978569
2250,134.80420061044958
2251,4.8057303476769295
2252,275.4952206087671
2253,6.337296266410105
2254,163.7037365657293
2255,-92.99479347257206
2256,32.70021380248767
2257,1.853547647622128
2258,2.966250049008529
2259,72.07271775156212
2260,6.376705355678601
2261,84.66102720294003
2262,2.096728009961598
2263,80.6201799245711
2264,-30.928095471276794
2265,57.3947849913091
2266,2.4378006170952893
2267,2.754034534717965
2268,5.498524173059479
2269,3.887366353441351
2270,8.778466958698301
2271,180.03344809464159
2272,48.76401628056168
2273,3.0362419374299767
2274,6.119066436666637
2275,6.540519422746161
2276,4.572905626860616
2277,2.026315118068477
2278,0.3862485067956864
2279,6.334531014277456
2280,2.035844728496867
2281,207.14077928433613
2282,2.2178212631930876
2283,3.834099201578272
2284,240.48258970566786
2285,3.328656194833302
2286,-36.3243334480642
2287,5.74166571368547
2288,2.2965155602459872
2289,4.653704844939394
2290,-63.894583464537405
2291,41.1251567041398
2292,4.858362259746354
2293,1.9208475671557608
2294,5.519264640749201
2295,2.5315269402824865
2296,5.1026308748996065
2297,121.84078731788647
2298,-39.8289499498799
2299,64.94871095400991
2300,3.7967720563156986
2301,5.494943356998361
2302,-92.71372192637425
2303,158.1362823952897
2304,5.7154435998817075
2305,34.10629392699951
2306,289.03142071610347
2307,27.076697977715874
2308,51.260182533154996
2309,6.320679455888947
2310,176.67338234087018
2311,-60.5260246650588
2312,87.87756912229386
2313,4.121236737392792
2314,4.898442675827706
2315,242.87560317785633
2316,7.941586173404688
2317,3.8357748487760164
2318,252.80594457318972
2319,6.782194685908477
2320,83.4007788980917
2321,3.0087437059474196
2322,237.65371532356815
2323,161.1414116308041
2324,2.001556430373448
2325,35.955908240577585
2326,3.2131804824682733
2327,115.19880696173337
2328,3.771149817645474
2329,345.9499088555789
2330,176.85995234566175
2331,1.1873302627052766
2332,263.4858170699358
2333,-11.575226448730596
2334,11.197648724413941
2335,5.720483581061036
2336,51.166868434084606
2337,137.04384404721503
2338,173.4964893375624
2339,24.098658251727343
2340,58.177714360086696
2341,136.63425955667032
2342,2.2266530553476516
2343,6.322199333768637
2344,298.371467398087
2345,6.100098369817675
2346,152.3222100280196
2347,98.03539486691665
2348,1.8656627048389427
2349,261.3908437904407
2350,31.621756753410224
2351,4.892470147062389
2352,4.821735949081829
2353,1.6149207378969055
2354,-30.635886497816752
2355,142.7010356929464
2356,3.8460772755965684
2357,111.06624146505322
2358,6.347219620337396
2359,6.973437911262137
2360,4.518346363751703
2361,5.658789263546221
2362,263.4718147663714
2363,4.335286398630679
2364,246.73150301909212
2365,87.63779558144732
2366,55.14848448823244
2367,48.714252429487374
2368,-71.64085306773275
2369,4.340307648976789
2370,215.67073537383177
2371,48.767905338843306
2372,61.01787471856052
2373,1.9740579398086928
2374,-69.8855946457347
2375,1.739112449015222
2376,115.68831654648548
2377,104.5044276890585
2378,5.439605262842386
2379,6.6053808389700865
2380,30.75830826259871
2381,171.87588856022344
2382,149.87204601812857
2383,50.36177206746521
2384,3.2790764901399614
2385,245.80527357308262
2386,6.064907939777167
2387,32.78855332588521
2388,265.98296764159056
2389,84.58745403697658
2390,1.9360124090014361
2391,102.67726292899661
2392,19.72511122800313
2393,67.1649103583528
2394,122.22460824966736
2395,5.855995053611907
2396,2.204244279487317
2397,296.27374292444597
2398,290.8485766101746
2399,4.265400677478598
2400,200.7692683567502
2401,66.99013770422648
2402,243.90374271947178
2403,6.492443753798936
2404,1.993519257993437
2405,5.1843208480680305
2406,2.510777280494254
2407,82.28876260045243
2408,275.751945594167
2409,180.7377292082224
2410,4.331858984289426
2411,6.610642413122873
2412,315.3047091630762
2413,-17.45224292070424
2414,3.973918317100734
2415,65.46146042601242
2416,266.313950093473
2417,28.660576416301822
2418,3.03810102900014
2419,3.90932966615905
2420,1.8762490131726803
2421,18.591596984651915
2422,250.3135386162806
2423,2.533172866132767
2424,182.39140637870076
2425,6.248293281395397
2426,-24.847996238408314
2427,161.4611720281168
2428,-12.72856813131554
2429,3.8515100692898705
2430,6.325981770858264
2431,3.609044654328556
2432,315.5536791045773
2433,240.95819673786315
2434,4.283970301114973
2435,52.805448149954806
2436,231.95557354133112
2437,-79.63442747837409
2438,5.897003381490462
2439,6.951763732256261
2440,139.13592910166898
2441,6.59634531780564
2442,5.8938339807305455
2443,5.216322818309297
2444,-59.61896920592655
2445,6.283780940376239
2446,5.033233594517957
2447,227.29508488014343
2448,6.351574058893627
2449,6.181375481685156
2450,21.684240608757108
2451,2.9129085593473807
2452,3.506574950813753
2453,46.31771976361619
2454,304.35819199505784
2455,140.8550848676032
2456,2.7921619026367135
2457,262.3189987771796
2458,6.294504121705661
2459,1.7610669526551281
2460,6.100664981453658
2461,63.555660271020784
2462,56.8606128965484
2463,6.369765545432298
2464,-69.81459719845911
2465,14.97620796158919
2466,203.81319069142654
2467,156.3176129852645
2468,261.99410973757955
2469,252.06073023057164
2470,5.7524352087958865
2471,135.75191380487857
2472,2.8855175989259587
2473,60.54367167299803
2474,183.4795578325258
2475,6.311279718275432
2476,94.9079992153972
2477,139.0576600784836
2478,207.9098444634879
2479,5.2536300977644
2480,47.94615573175164
2481,73.32395246759978
2482,2.317814076258343
2483,4.928071285208281
2484,113.9791221643683
2485,133.68366047485907
2486,6.606989634465745
2487,5.331943208862254
2488,-19.7671927592891
2489,187.79767043849944
2490,5.830071855872744
2491,146.71747795524846
2492,44.945001379850886
2493,51.51130311183372
2494,5.971654174719202
2495,5.870596968365611
2496,126.77646057508235
2497,76.00771639815994
2498,1.869181459009581
2499,6.991373279046728
2500,1.8962506722317458
2501,108.69444309827279
2502,253.47564654853022
2503,88.79719175836598
2504,348.76010025317964
2505,3.241489804700017
2506,4.528827483217961
2507,271.45385101041194
2508,203.6889864457961
2509,122.2411679297397
2510,6.930251007867383
2511,192.02766829701923
2512,86.90173849914385
2513,178.16312188734938
2514,226.0657236437025
2515,312.206574815575
2516,1.6276191276572163
2517,2.1153071297288797
2518,278.85278615437704
2519,4.3517788213643
2520,72.21429944320846
2521,148.46776818407915
2522,1.7491045985928422
2523,6.655137585604451
2524,4.723408284822443
2525,288.1129041002316
2526,4.171096264557457
2527,3.3965431319519523
2528,238.3694574163028
2529,95.7117603917701
2530,259.4947373223422
2531,265.51677093164204
2532,32.1387822412587
2533,1.6858140125146301
2534,6.010316723973832
2535,6.07754610095896
2536,3.6677034323336133
2537,6.275428293602434
2538,5.738919778811023
2539,139.65721012191185
2540,2.5729953868089614
2541,-1.8360356960309194
2542,-10.309912176313723
2543,4.962906697549501
2544,161.27680168181493
2545,2.4609374151550627
2546,270.2628892564512
2547,33.11385187307446
2548,-2.9333996333039876
2549,138.17519298409303
2550,127.58879847649402
2551,-43.96330358790662
2552,2.3644199420182526
2553,293.0080885675185
2554,2.18997315481721
2555,62.79542190874092
2556,99.95847653579662
2557,4.402109126018523
2558,-15.063808094964578
2559,6.538076034567318
2560,218.0491070219326
2561,1.2962738532624325
2562,226.7905136497523
2563,235.77556605545328
2564,281.4191811323458
2565,4.901611249005194
2566,4.634088800076531
2567,261.6592977262377
2568,57.12875984170509
2569,65.70641654529591
2570,3.3321909104413283
2571,102.48239594633966
2572,-55.12859909516001
2573,179.40144730810601
2574,3.050926338073866
2575,4.390075488037616
2576,3.1573192825020744
2577,6.357060775421176
2578,53.07028237778591
2579,6.293950608571748
2580,4.582851384050784
2581,2.880515660702039
2582,-39.995703954202135
2583,1.73571982495032
2584,7.029164900511779
2585,46.20801562087612
2586,4.650391212798431
2587,229.29138247640918
2588,192.35415824612627
2589,4.819657006530412
2590,56.189662629942546
2591,1.6940617377541676
2592,129.55987360038688
2593,60.60164883769243
2594,66.74144269762277
2595,54.355841297577236
2596,45.292017280969155
2597,5.6066399400314175
2598,6.294515427959659
2599,13.305519906498919
2600,3.8244422577637156
2601,217.96585693571154
2602,6.270340508844716
2603,366.1623839415744
2604,151.84006748844627
2605,32.252961983905294
2606,3.8697851939334704
2607,44.927258071663594
2608,187.38822087711864
2609,27.937692355613112
2610,2.1978060440024563
2611,16.251593640548712
2612,3.0175845570958333
2613,4.597120280652009
2614,3.056873980724352
2615,112.26979077890199
2616,171.641933651451
2617,265.6410754241515
2618,196.32805089569626
2619,4.6078412804100175
2620,1.9556126152147264
2621,3.2713092584483916
2622,2.271310584030278
2623,1.0238101759554086
2624,7.06173639511769
2625,119.96701767766358
2626,293.01577954801974
2627,41.0418294875682
2628,126.18430802594187
2629,24.636995055943352
2630,102.02470625823335
2631,23.24687757756064
2632,6.439368007829556
2633,283.9311721455346
2634,53.70775658479364
2635,161.26142928454746
2636,-44.67640361622012
2637,3.0149735429969216
2638,-59.67584772163013
2639,-60.87253284757663
2640,196.8696503373332
2641,3.1645804253726393
2642,5.764374800072537
2643,166.2596142877118
2644,137.29773694573635
2645,225.45964253918004
2646,2.5642560839940476
2647,3.165665221269673
2648,4.675139689405992
2649,6.995064080297222
2650,283.2233906692891
2651,229.35948185404058
2652,63.275910527396626
2653,3.638619706973658
2654,26.05949955794085
2655,230.1861018315934
2656,254.24158007336666
2657,2.7523262228973495
2658,11.40095639565612
2659,282.96472810768734
2660,1.8531852396893074
2661,276.83077159740253
2662,69.01512390075331
2663,-6.208231891968404
2664,76.31031169466587
2665,276.5504171487335
2666,263.3654827267011
2667,-5.4369684739081245
2668,27.35586101384941
2669,7.01179981942502
2670,82.61328641571248
2671,195.8248661199232
2672,120.67319924592454
2673,246.12695180679768
2674,231.94442253167634
2675,0.6870459895150085
2676,-68.85668793264499
2677,364.31912917683553
2678,3.6376015982585663
2679,5.4624262501655165
2680,55.53380989380843
2681,5.483561253830838
2682,2.6776064957898646
2683,2.5511596409473194
2684,2.6826062639661865
2685,6.748394933427493
2686,7.402568253285164
2687,38.78253985387269
2688,69.23174970096555
2689,38.7104091197047
2690,137.6674713227151
2691,87.91410242013755
2692,56.93634265966303
2693,148.5495685347128
2694,131.05780177546922
2695,6.9568458206368335
2696,186.20052637650275
2697,3.8836127980486927
2698,2.22886305818668
2699,4.246614726875015
2700,230.016253362506
2701,51.675069057765235
2702,-2.5442162720227866
2703,3.9661608501460397
2704,173.30309895388632
2705,2.6295876881355933
2706,5.713764180690241
2707,201.89441790733918
2708,2.992938553203574
2709,46.838761926567265
2710,5.577983186959065
2711,171.00013198103613
2712,1.8771793905218317
2713,130.018786922284
2714,-48.09290830168182
2715,4.736695611412784
2716,2.5799566999393777
2717,269.9691649527172
2718,4.60491613367128
2719,2.8416451921265176
2720,6.904392935469252
2721,6.449327204163845
2722,4.16291154669309
2723,235.6890848778387
2724,6.808857083423719
2725,42.921985386598095
2726,3.626482754305304
2727,290.6552684524487
2728,50.94585522066594
2729,189.67525215366828
2730,191.02595366346793
2731,129.7559470022073
2732,6.783413910049634
2733,181.0352559110828
2734,123.89627377907861
2735,85.34125345420699
2736,73.21825462266246
2737,205.44549972588138
2738,126.47681851256064
2739,103.6130381120141
2740,5.757432970873248
2741,55.20832459426419
2742,1.2447332330588738
2743,6.075927619395694
2744,-15.849136573485843
2745,4.432896712235245
2746,208.38657412042156
2747,172.42478609474534
2748,2.46393445564136
2749,5.2974571439535945
2750,209.47695238145997
2751,265.1336186377649
2752,1.855540830278603
2753,107.25447041471669
2754,0.445165690159997
2755,30.168782278503155
2756,278.74368318467725
2757,6.006700884323495
2758,294.0959065518842
2759,72.34646897016593
2760,155.23469669044397
2761,6.763833278854236
2762,3.8386510157653437
2763,103.0012091192756
2764,4.382877269165081
2765,103.9172892976376
2766,1.547888237095174
2767,260.3127000788634
2768,4.256011842129716
2769,3.452050249167918
2770,207.43820469619763
2771,134.99063262813144
2772,7.215841801641192
2773,2.743291632226907
2774,4.912543076840303
2775,6.470220424260291
2776,3.7019583280718917
2777,257.7992250989858
2778,29.369907641190625
2779,2.1854918641965173
2780,2.522182929529738
2781,244.67147086606866
2782,201.54320057602735
2783,6.014498384517535
2784,0.9314462077438113
2785,6.080548456233718
2786,3.1104198620042705
2787,60.457168997082064
2788,14.657668065502717
2789,154.4537233632247
2790,216.74949580743524
2791,80.78789224481359
2792,106.85885481761798
2793,168.51720459381755
2794,152.88474986706046
2795,54.29843051318913
2796,248.0066145247904
2797,94.97896214642873
2798,40.02504847124537
2799,30.60683175899216
2800,5.483170971010583
2801,4.239576480433235
2802,2.9439498936999806
2803,64.21932900373817
2804,3.7974883712557896
2805,61.722167453278516
2806,6.938018336318396
2807,35.42368486309043
2808,82.64133365645603
2809,6.193798731283054
2810,5.7974226474164015
2811,194.44892145857713
2812,5.8744524041753365
2813,0.6777760505020156
2814,6.1975211458189685
2815,260.0265370795144
2816,56.54235248878285
2817,277.6359012594325
2818,109.55863204962864
2819,57.062723172827155
2820,165.79087393689272
2821,38.76692312950516
2822,6.446620002201857
2823,49.27017381703109
2824,264.03503488311105
2825,122.12405059152121
2826,-66.61897388912186
2827,6.7873789324228655
2828,5.5795837264567
2829,4.705354393822574
2830,5.960920508806075
2831,5.888892111199356
2832,6.489084715114989
2833,128.71392342873162
2834,3.5872863804880604
2835,3.021764694889149
2836,3.420347040055756
2837,3.1888935480611043
2838,5.896740965603177
2839,2.018096462744279
2840,62.87817888725673
2841,52.75645470318617
2842,287.0048344585577
2843,6.1193904227304055
2844,174.7143025988726
2845,302.9348000896664
2846,3.410247869708666
2847,96.13107787400162
2848,17.34658473950005
2849,-59.603984577642876
2850,6.878903026142496
2851,6.293942517679022
2852,-31.54576112259766
2853,51.837936590263695
2854,1.8995296833798359
2855,54.950720666394545
2856,5.955877177318285
2857,44.809458266085684
2858,236.38353965002094
2859,0.7673582436122496
2860,141.54736760748946
2861,280.5928887427713
2862,262.173862939319
2863,2.189621129784797
2864,274.99914823909717
2865,223.45071261350407
2866,1.1246467201799364
2867,2.492393642304052
2868,97.79968926298136
2869,44.68502570526472
2870,177.8328156313454
2871,6.212054891847345
2872,265.336684768496
2873,5.243090894389878
2874,7.453379778307596
2875,4.485262464501289
2876,-42.54230066628767
2877,298.4761192938525
2878,-74.23529756268641
2879,4.946336867099976
2880,232.43146561706436
2881,5.752620854268823
2882,6.289974380545385
2883,3.867488328047891
2884,6.776904484441661
2885,178.71135994593996
2886,231.32276886603307
2887,6.101687377093304
2888,1.7228877325743108
2889,6.792064734680269
2890,2.506140287198936
2891,-59.897041352678826
2892,152.36836982924908
2893,55.452977394004094
2894,66.96485772372249
2895,4.777483322216057
2896,2.7333988876311444
2897,5.682852848236433
2898,89.37067805305438
2899,33.383861383618324
2900,2.7821201861568263
2901,31.53997798570141
2902,238.24490767371844
2903,264.52140676002006
2904,3.9017117456622104
2905,4.099854543785929
2906,33.53369155214586
2907,3.7292696046142138
2908,41.47095573504919
2909,2.064129833819541
2910,122.15323345096621
2911,3.817382600205539
2912,2.2632437324126884
2913,6.437349596895727
2914,33.27848532381968
2915,8.726876998124913
2916,188.14775451156393
2917,148.0397748326485
2918,3.63809384997726
2919,369.75485204703847
2920,197.4633605632699
2921,5.465362287484147
2922,3.9008451047428316
2923,228.59724057668726
2924,5.739387858596973
2925,4.8964432836252945
2926,6.195151202328388
2927,-1.795471077405169
2928,6.388837156498709
2929,157.9220808196915
2930,271.3345859477982
2931,2.198854795879707
2932,5.606498173279924
2933,-0.22348626308964975
2934,109.25444772889654
2935,1.2847589038056064
2936,-61.687623069869026
2937,6.656377609220927
2938,-1.9314746504064502
2939,2.83833923916625
2940,152.69076019054836
2941,88.75129463258534
2942,66.49340329816623
2943,6.4988710577787705
2944,6.745334209655242
2945,5.945652017842123
2946,6.557767715273608
2947,-52.965785084006946
2948,2.483393012311975
2949,6.9204663814876
2950,2.4459164589573685
2951,141.55077020084434
2952,133.74620983366316
2953,7.197532144110111
2954,1.6067778533859158
2955,11.897377555987884
2956,6.615825121260178
2957,102.26713601337043
2958,5.595720219052288
2959,174.0264188988086
2960,6.437262687143203
2961,209.7589335385788
2962,3.678438003157433
2963,4.019625646197345
2964,237.67793125342317
2965,187.07291288184078
2966,4.4586072553294915
2967,3.6134010327423134
2968,175.95473526123735
2969,-87.24843351181636
2970,1.5874701309742607
2971,219.08717630537944
2972,6.993532934536267
2973,212.95754754634206
2974,250.63916746727733
2975,4.666151042983872
2976,45.63109552062259
2977,37.7832677049457
2978,4.392041985369755
2979,4.565516505633171
2980,306.0443327761086
2981,312.2630774555977
2982,141.80546781735808
2983,134.3847552685643
2984,279.5289450336924
2985,129.6303605393044
2986,286.7611144812748
2987,238.65857223302302
2988,116.01330741806983
2989,121.35595380863869
2990,43.91329825125792
2991,6.751118743083492
2992,2.786550544950549
2993,5.571651098600325
2994,22.266271615681216
2995,8.024519911882894
2996,4.334533428165993
2997,3.245724406778295
2998,78.7238621320438
2999,135.0677003626175
3000,67.22093344582464
3001,2.8839766063119625
3002,291.4811858336724
3003,4.348484392638341
3004,285.1930211894785
3005,81.002535144633
3006,81.14925793109484
3007,6.113929907253598
3008,2.489208646923234
3009,22.077227480903147
3010,4.300205683849793
3011,59.165434200761226
3012,5.324273396379413
3013,206.3891360847129
3014,6.792371665348652
3015,3.894362174557114
3016,5.966203864715289
3017,6.44078950896631
3018,4.473988226863502
3019,200.0350722148119
3020,2.894961961970776
3021,237.74448425162652
3022,278.27572005736533
3023,2.9639292106349537
3024,105.19949273966647
3025,234.13051030030505
3026,152.53913274932486
3027,6.277175832580233
3028,5.259424154610797
3029,-19.717493359632996
3030,-45.88187197451246
3031,6.095546862810296
3032,6.351972857924659
3033,4.547087610795519
3034,138.4427773063242
3035,145.6461739699144
3036,197.31285940862784
3037,5.937830512280902
3038,2.1757536001717193
3039,-33.45164008125387
3040,157.38573042430255
3041,4.8146626230659635
3042,20.994742539312558
3043,6.0736444406517425
3044,226.58928915788732
3045,181.6517431327383
3046,4.441738306808431
3047,3.8888280922010394
3048,47.3375124748043
3049,5.723055848859699
3050,240.589916374985
3051,92.09665549070994
3052,6.900673247400447
3053,3.973006240812852
3054,129.49982447676845
3055,184.8202660172018
3056,57.245907196153
3057,3.0495335485555137
3058,110.73649790156902
3059,1.828492073254214
3060,259.35457261515495
3061,5.208519372165149
3062,229.77718605081483
3063,136.028578443007
3064,227.1435139213363
3065,251.13170237890807
3066,122.06794457339049
3067,61.609185767606675
3068,6.310986978260748
3069,6.239193781801752
3070,3.5043094703705777
3071,6.370537415197601
3072,197.4977263104608
3073,138.5744566810129
3074,6.4508528095849265
3075,6.072990927484712
3076,132.6820346398835
3077,10.019921048343633
3078,91.11540859467257
3079,5.903216877233129
3080,3.057586437759444
3081,-10.61485478693646
3082,97.84941972966128
3083,142.72265157433688
3084,1.1723238402403056
3085,5.662728072645988
3086,206.93976304072575
3087,3.0033032908670902
3088,107.35460436395368
3089,3.295371275222392
3090,303.54638372840645
3091,162.819672456508
3092,99.9378923217026
3093,3.872294151416836
3094,194.98211652349465
3095,263.2108499740027
3096,140.34140798995253
3097,5.077975826731376
3098,6.154981117597914
3099,13.370689676826586
3100,89.5019437384353
3101,3.615650590564985
3102,2.521979152221867
3103,3.08654937733434
3104,82.61460706509098
3105,-6.453337019159654
3106,22.989985129907836
3107,1.4092752467795289
3108,2.275810978096661
3109,6.773880010332847
3110,238.38269533044334
3111,2.1022074408253295
3112,213.228395780251
3113,5.5835295777014045
3114,44.571763185301734
3115,269.97455114217644
3116,86.51999133325018
3117,8.145835128128123
3118,295.8356802207097
3119,4.313767184683217
3120,38.423567964673026
3121,18.45501141633168
3122,140.0730229451384
3123,3.839267672059514
3124,2.29174489168927
3125,3.584902877978158
3126,224.33387809906543
3127,262.9783573277701
3128,43.39075699274197
3129,368.7758481019787
3130,2.197351978280739
3131,105.51605643389684
3132,204.06494342595568
3133,114.1476208666192
3134,241.8612031189451
3135,1.6929946357172339
3136,316.5908816819061
3137,2.5586499794056445
3138,138.81473132640275
3139,6.126362612247036
3140,1.8518177447892024
3141,0.38728694033531275
3142,2.8356989927322442
3143,109.935379052777
3144,266.4428425061952
3145,5.2220115335770245
3146,285.2197996153696
3147,118.57248043577297
3148,116.22022217064453
3149,-6.740669488793525
3150,1.7054348001548547
3151,247.17473589356018
3152,7.06991262761959
3153,241.1399010842211
3154,164.9634741338549
3155,42.91580708145586
3156,42.90946829340295
3157,4.883205773331463
3158,293.66196392846797
3159,105.68412808570183
3160,253.0948585746917
3161,-45.77103525473683
3162,3.1681476691397887
3163,190.63656367965152
3164,2.9306248320412367
3165,-10.707994291811405
3166,51.797660284692526
3167,6.809430104922068
3168,5.379559194156045
3169,3.3085002734373194
3170,214.52279552701017
3171,3.1668976886118365
3172,224.7809450232759
3173,266.4326898900176
3174,68.16777711027756
3175,-59.04537735444309
3176,3.6846970541952953
3177,2.9736998689798857
3178,168.2217051773115
3179,6.3356355484742455
3180,317.57738059091866
3181,206.32410805832896
3182,294.0592013692693
3183,6.035641180351203
3184,117.7509023458574
3185,7.076186892076674
3186,170.33441486464278
3187,271.6539227241787
3188,-43.613520256595514
3189,263.21977910916564
3190,3.551986944124755
3191,235.80547508630983
3192,53.712863228912866
3193,6.476136041441175
3194,4.112606535978924
3195,5.886686092092449
3196,153.31297396613496
3197,5.531966015160365
3198,180.71490102022773
3199,192.14667684734545
3200,2.257698568653101
3201,356.7757601706795
3202,4.079351128259183
3203,4.26084527632063
3204,11.554996954177025
3205,6.778875026560488
3206,280.45162885103645
3207,6.087162208753421
3208,188.57736554679744
3209,-32.08839939257721
3210,7.499573509914908
3211,199.20873128662987
3212,219.84762059212267
3213,2.2604334211727806
3214,242.69060382363998
3215,3.473241717598477
3216,6.271704050481962
3217,135.05137838309528
3218,265.8126299192067
3219,83.74906265338029
3220,60.55030615531278
3221,83.8012809910149
3222,259.6908718734602
3223,348.75654686076746
3224,-78.32227225170513
3225,148.16891730163888
3226,6.025604553349804
3227,6.001057173060729
3228,13.000869866446774
3229,293.5719156846207
3230,230.50115281897996
3231,6.820015851876681
3232,4.706714333853047
3233,5.775832702843515
3234,4.285815382124541
3235,81.49303683657935
3236,136.36942924841816
3237,19.508103559070015
3238,308.20992499345374
3239,6.721855377875949
3240,50.792259736347035
3241,13.000722990788976
3242,2.4219563229963406
3243,29.94239598372434
3244,183.6208051561633
3245,5.049297132772704
3246,241.8062221863188
3247,6.4896226785420215
3248,74.47539222433126
3249,-28.312863897729912
3250,231.22278080031177
3251,236.33505954129075
3252,137.9415033241408
3253,74.34302364307413
3254,142.9149620218278
3255,6.661676237760709
3256,6.391584800358739
3257,25.947392626206696
3258,2.6208082109783866
3259,47.41315939173427
3260,6.084279520332321
3261,97.81944355985354
3262,301.9450446688003
3263,1.7791348344042424
3264,3.8752322698890955
3265,144.6573657607188
3266,3.771177211730096
3267,6.888103206841164
3268,2.6390867945583154
3269,5.112825947541538
3270,48.650777592484594
3271,220.7783144106353
3272,2.0151101224653414
3273,226.23491542549917
3274,206.169677633119
3275,138.5087611948109
3276,129.43716658202567
3277,6.654742100079097
3278,6.5055088512622765
3279,3.021283323492614
3280,147.68436679802545
3281,288.6273611748523
3282,2.467083137345486
3283,385.7016162828987
3284,338.2833894265589
3285,87.52700904816669
3286,2.6660829504233274
3287,26.883554375745778
3288,25.383749141773315
3289,1.8342241785521687
3290,40.81170337777809
3291,227.1215900000386
3292,2.982280209014041
3293,57.12102518527202
3294,201.24125228760334
3295,142.57586395719795
3296,22.92263960230899
3297,209.5060995088888
3298,1.936055407832072
3299,254.6951513923882
3300,3.195648280951641
3301,203.19025477559632
3302,228.30435802464584
3303,-3.770460693154173
3304,235.2308845859536
3305,4.973654162312423
3306,4.861201623967054
3307,168.57321052379794
3308,3.077256527863403
3309,6.495587196761763
3310,-50.887520617044345
3311,2.023681222512923
3312,3.538145432580988
3313,2.433928793605668
3314,5.94682188508266
3315,3.822854501956265
3316,303.5802108119716
3317,304.27989053792606
3318,34.629072787494366
3319,1.9543775250019346
3320,1.4465035175125374
3321,4.950461534889147
3322,166.64405474290908
3323,4.55880284026409
3324,3.6776346350308513
3325,335.1517682665268
3326,116.07416235301199
3327,-73.5345357038149
3328,6.697725318443173
3329,1.8813479964971356
3330,179.13173184021088
3331,104.22132934964195
3332,3.7610553277283807
3333,244.3387835798121
3334,113.62308587375217
3335,3.2197150156245207
3336,4.989243021162799
3337,2.586388868058739
3338,1.7433128987024602
3339,26.940290619323985
3340,36.60238384088219
3341,68.11180915781543
3342,232.8805863531361
3343,120.89208443051773
3344,3.601402170750986
3345,259.5941307090471
3346,278.7923012656239
3347,171.59127776742423
3348,55.64734489593478
3349,5.76922167375147
3350,3.4596154587105414
3351,2.6924451741534163
3352,1.8311303911269152
3353,157.92566848269954
3354,47.77500996250124
3355,2.823831115227325
3356,311.4286670081609
3357,3.750514828517848
3358,242.3427873294412
3359,86.46789078747922
3360,124.64932755306847
3361,3.0390784824726444
3362,3.0043291380276527
3363,2.7311002320562348
3364,32.903254518951925
3365,115.92991195409013
3366,56.03847058207317
3367,2.7292629275860856
3368,129.31144963184266
3369,4.385546961299584
3370,63.44241769288725
3371,14.191386036009577
3372,217.64677842907892
3373,64.18172297731357
3374,327.6216520183184
3375,2.177212929904504
3376,2.728543728637182
3377,97.62821013549836
3378,5.740353776826154
3379,47.70461048600989
3380,349.4466584149328
3381,6.905686291633873
3382,109.47744210867899
3383,7.0134172046954175
3384,114.35850121375228
3385,4.342534054022471
3386,43.78506404015749
3387,2.1737560698007057
3388,189.69420238175456
3389,233.55174741616452
3390,2.024907758264491
3391,5.6396668752764345
3392,5.033896411996028
3393,187.00825233048064
3394,137.53330888498732
3395,5.113865371555663
3396,5.837267090750217
3397,159.67309161284294
3398,2.0353612399416243
3399,203.4303057368557
3400,172.3180295264996
3401,5.102981170922372
3402,0.8292186958185435
3403,75.76782139168786
3404,116.65984131675538
3405,175.87813611039172
3406,213.59530528594036
3407,4.155731701691467
3408,101.18880561668597
3409,108.57930828952672
3410,6.186546562401364
3411,5.684709544353185
3412,50.30500167662088
3413,2.1427432989430857
3414,6.8321622329255565
3415,121.91066838133791
3416,72.18805713891365
3417,210.79772878598828
3418,155.55465427468425
3419,59.11765117606727
3420,9.318699927150744
3421,-61.78315034851714
3422,183.38545445965258
3423,2.14284658764575
3424,3.6983416276188916
3425,52.60232662826799
3426,3.3758554560380087
3427,56.0830506846669
3428,1.8142906500244278
3429,337.7908906449334
3430,309.6642641329277
3431,118.76884930137201
3432,6.1797757968172355
3433,121.11022771491727
3434,1.963252353323425
3435,305.0017812646699
3436,220.93915513241535
3437,3.271356653682434
3438,25.854907831960467
3439,285.5241274738652
3440,6.481939380286718
3441,4.701325958587157
3442,240.56843346653716
3443,5.142097067424884
3444,189.76201959747996
3445,3.1184027813382134
3446,5.925151530240121
3447,236.44938179228637
3448,5.178784381171292
3449,5.924559221864781
3450,107.79215892341668
3451,203.72322834289167
3452,1.983983231402169
3453,1.9245908862537655
3454,10.161296953925827
3455,4.091874433072734
3456,6.01024245767363
3457,3.9623148834232516
3458,6.34417142924538
3459,174.49283811704515
3460,-52.46527645106577
3461,2.7458671994101946
3462,41.245105985363644
3463,222.60091388395946
3464,4.323410720556812
3465,2.397710269169219
3466,7.070505641723109
3467,109.14747877240796
3468,23.979724190725037
3469,310.1171863334631
3470,151.67818833328232
3471,14.49909207806176
3472,280.9029028767225
3473,7.03962902636846
3474,3.8090760245234283
3475,4.701672662401876
3476,37.08958437173758
3477,3.2577652603490774
3478,6.853418344596829
3479,2.7442858471036278
3480,126.08052428774823
3481,142.3854262447607
3482,79.11978430567864
3483,58.26899694628944
3484,181.4667792636035
3485,2.489560982932798
3486,221.24287779984436
3487,6.119303490807816
3488,5.0300359502757646
3489,2.574180229447545
3490,6.431799763756336
3491,2.8428297560808664
3492,1.9796388886488434
3493,321.0825329129109
3494,184.37053117660233
3495,6.660259251526589
3496,9.914492763739226
3497,4.672922826416746
3498,6.846148822558078
3499,-24.34401858470002
3500,102.52516875280573
3501,284.2650566267221
3502,6.47644554675381
3503,3.9821259524368435
3504,110.14180710540535
3505,132.5871043029078
3506,91.4923928483568
3507,6.403090773016203
3508,2.983778232056811
3509,2.6424721371443387
3510,272.49707683194606
3511,1.9789346992403818
3512,69.90648667271749
3513,85.35544706434433
3514,2.8911685153131854
3515,44.07947517414858
3516,3.060795212300073
3517,208.47899278991684
3518,4.36435561542377
3519,210.78045482435695
3520,323.43282609772723
3521,1.9200191960423338
3522,51.03192070345639
3523,4.974125773540679
3524,6.736735825853743
3525,5.339640982398014
3526,33.768563126273364
3527,1.6153144488351225
3528,286.2277141916839
3529,189.1831954932796
3530,2.402571777943097
3531,83.72490578754329
3532,261.73309182138274
3533,40.22418482250963
3534,8.383576981435313
3535,90.48634765691529
3536,3.4517675995916255
3537,66.62718493165049
3538,7.007977034832512
3539,26.1437121317085
3540,145.89871772880775
3541,-45.91846927178012
3542,2.3512964600777506
3543,171.94169152063637
3544,25.486224805218725
3545,2.085507547155196
3546,6.227196625685671
3547,166.66048494528212
3548,5.093100837264782
3549,1.7524223819235345
3550,4.354165043673168
3551,4.95461505624864
3552,5.798456780472515
3553,7.013853038580649
3554,167.97198730473028
3555,4.118184716374485
3556,2.0631016898053445
3557,113.53529730208575
3558,5.318620837732979
3559,97.86824632267475
3560,70.60069729374082
3561,6.117447878632029
3562,14.518514387395362
3563,-48.11404320855397
3564,6.04976817974505
3565,5.054319847536026
3566,168.58099932454292
3567,2.0146374607240505
3568,249.3019420185486
3569,186.3882332151705
3570,33.87467700475674
3571,206.21800941520038
3572,1.9040331806293491
3573,6.318449389442208
3574,5.862186244019408
3575,1.735715387581622
3576,5.016155222939552
3577,6.188891131319794
3578,69.56463835929064
3579,2.1121388587466123
3580,66.21400908383916
3581,249.84960851388604
3582,42.60586483503124
3583,60.00144057827782
3584,6.799150546425994
3585,22.91736770255804
3586,5.73705695976207
3587,49.06663588216277
3588,2.701080262489171
3589,236.01508811919936
3590,2.936035001678366
3591,3.3766870189377247
3592,189.41737014825148
3593,4.814714513836384
3594,9.960817793745255
3595,6.9014262647650675
3596,23.625498111532014
3597,306.00504625552844
3598,74.00874416120087
3599,57.60589562799347
3600,2.1718094285685945
3601,295.79997051516244
3602,24.781526774970633
3603,5.274528116663363
3604,2.5844099791782664
3605,166.37151583515165
3606,2.119395308860595
3607,3.5881801609238932
3608,284.4107610460497
3609,177.24263896283702
3610,24.32969434815763
3611,5.617562150478312
3612,280.2428237817445
3613,6.491565184228235
3614,4.893400774390581
3615,6.237962466990949
3616,54.41505219529984
3617,5.023828899682353
3618,2.8119081917511908
3619,-60.456047522943635
3620,11.216928726616286
3621,65.01918829955946
3622,5.473824778258362
3623,260.67689520436784
3624,-18.373625464566114
3625,104.64901540230913
3626,23.79851419207616
3627,22.76960616070339
3628,6.552819598440154
3629,35.4726062326702
3630,260.34623369854256
3631,302.416436840575
3632,255.94770875018236
3633,241.62133158212723
3634,123.39567137764372
3635,142.61326222075846
3636,4.812924852313062
3637,36.944531239167574
3638,55.981769570580795
3639,4.913192571552947
3640,318.21983590432876
3641,210.04553085789462
3642,154.03246927734688
3643,194.1264657940328
3644,6.438364673068176
3645,106.48221538376038
3646,2.463040409415493
3647,6.026899790541396
3648,244.64469654495858
3649,-7.959662234492258
3650,2.819081552732679
3651,189.97691077405776
3652,45.54677023386014
3653,-0.12849110797791666
3654,69.10941733129981
3655,2.1174303313391287
3656,145.94377138461596
3657,5.881669586444513
3658,8.498293560063217
3659,4.692264372174892
3660,5.985982816205717
3661,40.31690915147122
3662,2.121168927083284
3663,5.735888324649284
3664,128.7348542606742
3665,4.647213904213158
3666,278.66909375517923
3667,246.6837426516521
3668,257.7083248295894
3669,228.28977720898646
3670,8.028209612602728
3671,6.455124564940352
3672,224.2554963285783
3673,5.143137497464896
3674,294.0869296993126
3675,146.54840756383967
3676,60.38499329916799
3677,27.113231519973137
3678,-19.83654768178905
3679,4.220399185569319
3680,3.7962674032234682
3681,156.82049896665856
3682,84.83352331721758
3683,182.53208201203918
3684,59.52847430132354
3685,139.77525261882624
3686,284.1965856674766
3687,89.54951293180889
3688,270.5332463676989
3689,1.5349246580822584
3690,177.27449531207228
3691,182.87272080970996
3692,299.6330836763864
3693,273.11916230650513
3694,0.8670050078920314
3695,253.77769496847588
3696,190.9759820249551
3697,0.8686876719409816
3698,-44.95995825299895
3699,4.108973061723728
3700,5.8606081852324206
3701,399.8914081458573
3702,3.636699622689246
3703,3.859013727898313
3704,6.436032199564381
3705,1.3625556617023291
3706,64.98287067460421
3707,-32.74412933681057
3708,124.93837718479911
3709,2.7192385150854568
3710,6.187357361875471
3711,331.7017736636777
3712,64.24922343659003
3713,5.9970791840346696
3714,330.5421551328761
3715,2.276854711416626
3716,2.0079918160738686
3717,156.64037008809817
3718,76.98188370282784
3719,151.56457237813726
3720,153.76309628082785
3721,2.840505046203501
3722,3.982299878992451
3723,3.163073414603364
3724,1.9187524503025386
3725,65.48290923729378
3726,1.640216893963731
3727,231.62565549392406
3728,65.78672803619835
3729,-67.18864450793693
3730,151.8651259675407
3731,78.83992770875005
3732,3.1888043679164237
3733,-55.38240744111339
3734,3.0523637088199096
3735,2.3920864195111036
3736,-33.93830938658013
3737,6.459764303837981
3738,196.87015029278172
3739,-40.19297586660677
3740,243.1117095843938
3741,18.3010969428976
3742,266.3869733196438
3743,2.454526823311667
3744,71.92287023733407
3745,25.444879574214756
3746,5.016987075282694
3747,4.930574905790902
3748,204.923850959972
3749,87.12823812408926
3750,1.5459092747449932
3751,238.89792503559516
3752,85.60061752352378
3753,4.712017101464008
3754,3.8316346802957697
3755,10.724463106008963
3756,5.768094922222997
3757,25.498990076806113
3758,6.105520669387721
3759,47.963079847077076
3760,1.9488415007981563
3761,7.082699527922317
3762,6.228066432808885
3763,120.10375786295774
3764,179.096139458373
3765,365.4023271789894
3766,6.737141626590565
3767,279.9656735759542
3768,64.67866705696737
3769,1.6393144668621895
3770,138.13152133350638
3771,3.291893464279697
3772,196.34319354756903
3773,241.03349291316397
3774,2.21613848199242
3775,3.460859926158542
3776,203.9351167243091
3777,6.577961784041214
3778,240.28874175512598
3779,258.970979485489
3780,6.080947597665427
3781,6.692794937600524
3782,2.2361745162820204
3783,1.6866692898386022
3784,5.781755655821917
3785,22.9412746782167
3786,91.18008838177181
3787,6.189199259361585
3788,6.806089854415917
3789,304.9674958221499
3790,6.87775293864215
3791,6.748014065874604
3792,3.4978494483490383
3793,62.823593145146354
3794,-9.17314563026226
3795,238.77819323707462
3796,233.37648647197315
3797,4.598090925621052
3798,169.73540804111343
3799,-60.84397538018731
3800,247.13521519149583
3801,136.28985117280973
3802,149.85785469495448
3803,67.86174709479683
3804,59.97465276340511
3805,4.209805633976045
3806,2.915987976669944
3807,71.88175275976765
3808,3.437466105786728
3809,-41.28911315825866
3810,2.2489073215653015
3811,4.74898444625719
3812,262.60680310357395
3813,3.7833418027492316
3814,289.73651823803476
3815,7.545148238573783
3816,3.4329787034618664
3817,48.507270113026834
3818,6.797577071716616
3819,1.9979512859167656
3820,113.78600706038114
3821,8.799161896081197
3822,5.653891461646805
3823,257.92510349277126
3824,5.095432648616567
3825,252.72859825207436
3826,6.2621489910578205
3827,291.63958616482637
3828,301.61083783337955
3829,6.751842343979731
3830,236.37498333477444
3831,61.64616052724764
3832,1.8191101786671746
3833,60.05177137516279
3834,72.27601475717918
3835,2.6199552824184242
3836,5.184197487846199
3837,7.020961174773955
3838,5.935386311521766
3839,244.59472685130416
3840,5.78067638069526
3841,135.0804255746967
3842,3.1462263008511915
3843,228.09982441219017
3844,5.660465136424678
3845,6.627089792496289
3846,6.402815368774761
3847,89.46613960241702
3848,141.40640721916316
3849,206.91086301857715
3850,25.245271938858345
3851,136.68170693591566
3852,260.70043725145126
3853,5.584744981426657
3854,235.6605980497232
3855,1.9532284201070886
3856,64.50540654637386
3857,3.6622003731021984
3858,2.8052014106029413
3859,256.6255326520241
3860,6.201592409581846
3861,-65.93048303108544
3862,-5.2625014913284405
3863,3.3662788801781423
3864,2.0940953255698282
3865,286.28299078592624
3866,4.192535086823358
3867,197.48750188127218
3868,4.752508097919031
3869,2.83951044353293
3870,117.22274352647027
3871,49.11510242324111
3872,3.6213021482037084
3873,37.61127040533583
3874,353.5183296530227
3875,278.7190472522772
3876,88.45184476187583
3877,-65.42288070373367
3878,161.65256478565473
3879,262.15460150000825
3880,6.489788589608602
3881,3.5976626966331535
3882,2.213682678382489
3883,196.66686396441088
3884,147.07379553784142
3885,6.566397727014996
3886,5.646527639054517
3887,6.358786736026547
3888,2.465338153556176
3889,169.37534072285757
3890,0.8819728305373083
3891,3.029330464515963
3892,189.21814820596555
3893,3.123630660395211
3894,319.1716303045885
3895,-33.69141014077135
3896,32.3291761389917
3897,233.75217507794636
3898,198.2536602486976
3899,1.7473700272679729
3900,78.94973505804492
3901,103.38084794521434
3902,2.2324701499409754
3903,39.7789996438334
3904,64.83230063113156
3905,3.6228279314126746
3906,7.917113047157093
3907,218.32362132633386
3908,166.01730633395425
3909,3.1636341060526174
3910,4.048840265346518
3911,240.5349195802327
3912,4.288248863506718
3913,33.959149277553195
3914,270.2160966839351
3915,6.832231525670802
3916,5.9009164992627
3917,3.7382408027007785
3918,-48.34316097399372
3919,5.14713731202963
3920,38.360909087465686
3921,60.158375440106326
3922,7.5692627841445255
3923,3.006409035633027
3924,347.39376486213644
3925,51.56562991256078
3926,1.6462493112007073
3927,247.74795444863008
3928,3.260703617581463
3929,5.519317943263921
3930,6.29305400347386
3931,181.87952091830886
3932,4.088518522337059
3933,2.512914399128662
3934,6.73409130953454
3935,227.70753973933196
3936,1.5229412799038835
3937,2.8543226874505634
3938,2.8379261465184547
3939,307.38031039819816
3940,6.575722325005673
3941,6.50605087275361
3942,5.572342599879171
3943,2.8302321503618844
3944,7.322403527849707
3945,332.3987305629994
3946,203.83644525573797
3947,35.444551669193494
3948,137.5286594513975
3949,5.577816905921345
3950,250.28927996507858
3951,1.7671569724693268
3952,96.08827115193814
3953,151.85103211156792
3954,2.502129184460735
3955,6.342052853728382
3956,170.019694952444
3957,64.40446871605702
3958,78.96261563348129
3959,217.45416069253687
3960,5.950260341747363
3961,6.638797932179354
3962,105.57167195487551
3963,6.090065641673478
3964,125.69287521193888
3965,6.397655439448444
3966,2.721915235298648
3967,2.897555135896451
3968,166.01762469456114
3969,63.739961900453935
3970,2.3825760471359403
3971,3.4922216320726527
3972,2.5881692046120515
3973,3.103157033174501
3974,28.80342296891516
3975,9.119524819298727
3976,3.2746455073989034
3977,4.017065668973581
3978,3.5330328623746095
3979,124.0140290653854
3980,246.61253523299064
3981,268.1364033994247
3982,5.705574728526471
3983,3.0877616115513806
3984,385.3020179137194
3985,249.47741683616422
3986,148.16789880492857
3987,115.80966719796696
3988,3.428986009073836
3989,-17.485210309007556
3990,83.03942646520224
3991,279.2601862214673
3992,5.934639264080251
3993,5.699377407153355
3994,47.46412233801753
3995,125.08210486331676
3996,4.0714812866212355
3997,82.61328641571248
3998,2.4074829288390664
3999,248.43739484704696
4000,5.591497225482281
4001,4.378376886369126
4002,55.69471475824946
4003,157.03224595140145
4004,2.327058348078178
4005,323.37376667853687
4006,96.03460193069763
4007,7.326071963129829
4008,3.2956416150192425
4009,5.899158695431924
4010,206.10714639505278
4011,3.0667538513821233
4012,6.6955701092877815
4013,252.0426810798494
4014,6.078936813586748
4015,6.291764012600142
4016,73.00840359344664
4017,99.12342982854683
4018,117.18360758176485
4019,1.2050874249033798
4020,2.0126323020331007
4021,103.89265970565081
4022,49.905756303505825
4023,3.9598554833368858
4024,104.96883230438422
4025,66.83850973157314
4026,15.875735906629856
4027,237.4523940177913
4028,97.85729192238625
4029,7.443197547274702
4030,2.439209413015431
4031,103.88318320537411
4032,81.4831234985378
4033,3.162903462976907
4034,236.983479014863
4035,137.03866335246892
4036,3.8012946270117802
4037,3.571028550228659
4038,6.399119006029641
4039,6.064052402377194
4040,113.20817892834955
4041,328.0094999604982
4042,57.86388738727178
4043,249.96218388961412
4044,4.469029204487278
4045,26.660723944786433
4046,6.032408759776029
4047,4.110013512196254
4048,272.28717795344363
4049,127.1039904181076
4050,283.6172334240685
4051,54.850281301825945
4052,2.6604625422656563
4053,4.1714400910858505
4054,5.428357955215908
4055,4.466828474274796
4056,259.92198879248855
4057,6.999275050237994
4058,258.73544690815936
4059,60.15042281484455
4060,255.9238106071273
4061,120.49430752220462
4062,3.862981824968626
4063,1.7156661976123302
4064,198.97399413601642
4065,1.930398479151757
4066,87.76063544902917
4067,166.19099128322802
4068,179.14716381175126
4069,343.45223947571
4070,2.7015169086326845
4071,2.4606883392785788
4072,1.6926171811228152
4073,3.0323492911886465
4074,4.070025795989808
4075,-35.93979967226951
4076,41.33703009993111
4077,4.494918805399984
4078,6.466250016432516
4079,6.964868947139088
4080,264.6956452840594
4081,3.6954466794275618
4082,112.59454219504875
4083,4.050674109911459
4084,5.212171764891071
4085,35.71132165474609
4086,-5.983897649351271
4087,4.17444247800646
4088,4.44360365337261
4089,82.74398987927682
4090,142.21511901772925
4091,4.4120377452396555
4092,57.53001619698709
4093,30.354004848048795
4094,5.021755817606122
4095,6.922697341606879
4096,2.564516470392894
4097,2.355508233916804
4098,2.0734813911765166
4099,-23.19794079777005
4100,39.48127345794928
4101,6.853555966816532
4102,4.396637721722153
4103,59.18377101470047
4104,198.86703871807714
4105,5.795942904628932
4106,125.0968852508253
4107,89.4044443772043
4108,70.94705129221808
4109,236.9181755103531
4110,6.415544119693706
4111,51.81430242458708
4112,76.22583002458863
4113,2.9606435447830504
4114,5.1917912129270185
4115,77.44224608809088
4116,148.48250762088085
4117,81.11945758160344
4118,270.57148889874634
4119,259.47288624914967
4120,235.58182675317244
4121,83.47363993723035
4122,-22.293316807152685
4123,1.7904982540453256
4124,89.66215363058433
4125,2.1254396051133204
4126,64.47909401568143
4127,6.108899212426735
4128,1.0191040239429694
4129,6.426320027788239
4130,1.7105828926812092
4131,60.49199283009206
4132,6.352341372762647
4133,4.885392068409586
4134,94.23947310019743
4135,-20.17713347360701
4136,144.20488054773392
4137,365.884428193367
4138,-15.858426529260882
4139,89.62903923314846
4140,65.53013104252837
4141,4.0051564342905035
4142,111.07739643367535
4143,296.16996381296076
4144,90.36668222729647
4145,214.46073178743055
4146,68.88367352232422
4147,62.942743763852704
4148,284.42329747942466
4149,40.12442543515819
4150,29.36443528421556
4151,69.92543555570782
4152,134.01075120445975
4153,4.030653244032344
4154,368.4757754269325
4155,147.50632976786784
4156,3.043219574727795
4157,-6.655303050848001
4158,4.045951757016386
4159,4.416886252497876
4160,168.57087562352547
4161,173.3766817936003
4162,6.255868401900862
4163,63.61731290586687
4164,177.35845135111782
4165,-3.747861939271786
4166,53.96873059510851
4167,114.25686105034276
4168,51.79150081486857
4169,2.0054852111258183
4170,3.383560394150976
4171,93.30808054439989
4172,4.153925933371935
4173,3.3793165664568443
4174,76.08311128661654
4175,139.84657820280114
4176,1.9903483058021554
4177,3.514274622679051
4178,31.41966100377825
4179,122.01914944010568
4180,167.13656152017433
4181,66.96049174770727
4182,66.36118427524131
4183,14.87474620151827
4184,199.97403674864296
4185,280.29498020938274
4186,2.475718173838853
4187,82.79479099008367
4188,4.099372803990855
4189,4.549744906060173
4190,118.80509128710634
4191,2.185012518034231
4192,34.972959708355205
4193,49.78868919599397
4194,6.062583452596458
4195,4.164706642683029
4196,120.62308853569597
4197,6.620636496288017
4198,2.842011094212907
4199,4.97979820882297
4200,291.42906220739616
4201,256.78690811784844
4202,208.96072074461452
4203,5.912099366238242
4204,85.22514758427711
4205,4.927991132459134
4206,7.31495057256101
4207,130.82224372460757
4208,157.96005287185773
4209,233.9840613776437
4210,-56.94359437897129
4211,1.3614338689261827
4212,5.805908250054617
4213,-18.09967533409907
4214,7.288541130174635
4215,2.7780434691242815
4216,1.573726688703049
4217,2.667995061653681
4218,5.916760242752937
4219,49.26522185617197
4220,89.8959987203494
4221,2.171700463320122
4222,103.19532598907949
4223,2.5293381533081716
4224,7.256553645834328
4225,4.891788811833929
4226,273.53788953854877
4227,1.9237639816278878
4228,216.51120429958453
4229,126.68102118777904
4230,2.5906368336731553
4231,1.5585472021564977
4232,48.64406488988841
4233,2.862287317982652
4234,-7.3517735727082485
4235,81.98866329608646
4236,253.40849814037887
4237,162.28578770314758
4238,2.4487230879304964
4239,49.67801675543885
4240,4.302945050534298
4241,44.83805249696167
4242,207.1066156293996
4243,-52.66546537131449
4244,343.58640226596856
4245,5.189917963602127
4246,2.0052460831413192
4247,3.635089780423855
4248,4.077925598181227
4249,-54.80411037522314
4250,-3.2722092300229555
4251,286.93623505628506
4252,6.744642870364645
4253,6.593443150772498
4254,5.322113617062779
4255,-55.404325589796
4256,-1.7964194127584934
4257,92.85004381806743
4258,1.9064111267569708
4259,1.5264632920114947
4260,79.30505915226985
4261,1.9472254080882578
4262,288.2217452105412
4263,86.15054243864265
4264,2.4810186937382266
4265,35.445314002950184
4266,4.426089643654436
4267,6.153372892196907
4268,5.698006858189544
4269,164.46672218424902
4270,214.5122002516452
4271,137.70498927474
4272,4.714411063269395
4273,7.977544111231909
4274,70.60480321589174
4275,6.558961581285822
4276,307.8424657407475
4277,247.11650986462647
4278,384.0066160218829
4279,317.2896728748878
4280,116.6683002284907
4281,46.12035607651178
4282,10.925374695338595
4283,6.582938359977886
4284,4.609211068472915
4285,111.32377971946926
4286,299.14133693444575
4287,1.7517998142504032
4288,186.63883824366184
4289,208.8826299514988
4290,160.89461661758182
4291,2.84792708194227
4292,5.156991442842548
4293,-10.12427897000007
4294,-58.11523557406734
4295,0.8082476741409266
4296,5.658477798623322
4297,6.997915484514156
4298,5.909046401756218
4299,77.82729184133999
4300,42.28131763115262
4301,-19.416227136310106
4302,117.17947594900235
4303,2.0174191593593305
4304,-60.60707312757534
4305,3.881083172299498
4306,291.74196658051744
4307,2.7779962254800945
4308,22.259428067460195
4309,4.930546581879456
4310,2.596679375898786
4311,-2.346002900318698
4312,238.03547690453925
4313,3.051506050836502
4314,2.176091892977154
4315,218.86895758010934
4316,1.2758114567285501
4317,198.82525355827954
4318,6.131158192462899
4319,47.03026743017911
4320,140.3849864792442
4321,4.377045187299857
4322,282.6396446908511
4323,86.41715662808166
4324,3.246012866327655
4325,6.821934579854693
4326,3.5475436887218494
4327,117.35425676390994
4328,142.04676666804605
4329,213.726647942444
4330,6.105387865918497
4331,2.584453394676401
4332,2.0759466127979262
4333,262.34691835394995
4334,3.2089555555926124
4335,2.946801693239478
4336,2.1566822819353657
4337,6.141157148422364
4338,8.214514908899964
4339,5.121824053880681
4340,-13.915122188922458
4341,69.61976044530198
4342,183.00544976319114
4343,194.01713067056554
4344,135.07352678802482
4345,6.101595504715586
4346,4.775131396062683
4347,223.07006561394707
4348,5.4931314281393995
4349,141.56531078076088
4350,-9.821859598760861
4351,135.42961755634263
4352,181.9050298680884
4353,5.011714752616977
4354,134.23465329037896
4355,135.66236539667042
4356,1.9024394116802525
4357,4.924289226956877
4358,300.988418966716
4359,213.82599664236176
4360,3.2068271136024156
4361,17.858329532344175
4362,0.3154809299334984
4363,3.2491239845258137
4364,4.707729978881949
4365,1.6236638571937072
4366,3.37437904275625
4367,246.68733706284098
4368,-29.7632267912716
4369,71.46314567192097
4370,6.659315860310859
4371,195.6827351059339
4372,89.13393948895036
4373,318.04227888106993
4374,6.815036083238584
4375,228.69916747454002
4376,289.864566779614
4377,5.250330283413807
4378,6.146586897450441
4379,179.92920835094102
4380,2.715687446303766
4381,2.045222268554766
4382,6.8769750632146165
4383,28.231970516904397
4384,5.117897321382996
4385,215.24795093416984
4386,22.63276101215431
4387,310.0201291078393
4388,90.05515174821525
4389,6.860207771970898
4390,4.2849813292788825
4391,3.7098784887383096
4392,2.3777220118804725
4393,121.89212551705604
4394,91.38516575941057
4395,2.6744417435519545
4396,-7.3947099876869755
4397,2.3033558196036066
4398,6.3379375407481815
4399,2.7454596962286204
4400,232.49775960910347
4401,6.759455901647655
4402,243.9420181348061
4403,282.65397436861053
4404,254.92450711859215
4405,348.35807687451745
4406,42.82804688407445
4407,78.88809242882138
4408,6.465548235753791
4409,109.41844130237541
4410,-87.14673617748592
4411,2.3269635474959554
4412,278.8873168464067
4413,205.77035687310877
4414,3.944467573519843
4415,189.9543454806234
4416,50.78443950225168
4417,2.29589966674658
4418,226.29330522125684
4419,262.72331887433427
4420,348.34902406076264
4421,352.7583751775256
4422,10.221126274008727
4423,2.3390588957976832
4424,45.681764928784744
4425,157.44708124570613
4426,5.554331179536568
4427,216.68564343660185
4428,6.344468576065607
4429,4.982940050111441
4430,5.519195635519345
4431,185.05400647107652
4432,3.8930003626553624
4433,3.7513409902011694
4434,124.19635923463389
4435,5.884651762521266
4436,6.468219084758634
4437,-13.397576969265089
4438,101.11938320978204
4439,7.515996796393383
4440,274.828761060516
4441,1.8475420133347067
4442,235.06433172896232
4443,6.482374439153576
4444,262.690253955372
4445,3.674479059402105
4446,3.7752224805814727
4447,81.8211098216017
4448,5.091198733727121
4449,-26.38085713849142
4450,104.26327363705914
4451,116.22396842388468
4452,296.2919792778131
4453,256.9329040272631
4454,4.940375282845414
4455,5.7710879466350935
4456,195.31529886812092
4457,3.8463222063660854
4458,6.715483103556527
4459,72.43054351924549
4460,0.48134721475418446
4461,83.46986522142721
4462,162.8430896925941
4463,45.858483417921605
4464,4.067114737769535
4465,115.08482777087559
4466,4.612922088757286
4467,6.030142948199467
4468,1.7967817609225634
4469,1.8226816871484186
4470,4.736202780633933
4471,2.4443455169709787
4472,218.1162463250716
4473,3.794607641761012
4474,241.02185595885692
4475,3.55132173366329
4476,88.56921357769835
4477,5.97623918197531
4478,4.175016142349358
4479,122.29667463273066
4480,283.6616413776818
4481,3.7741550578450775
4482,214.55217619450775
4483,68.860918463519
4484,306.5465761323749
4485,219.5900784776918
4486,2.2339137263266178
4487,94.76690022043393
4488,56.16697272267549
4489,-31.28287765799839
4490,102.61552011764363
4491,5.7279607217165225
4492,262.0056602970735
4493,295.4678052588545
4494,25.322667129109853
4495,2.180057024105685
4496,108.32425423701156
4497,6.989629907503783
4498,205.0971399442685
4499,320.4742730550041
4500,140.70724689746086
4501,6.223965586332246
4502,6.0707670595541785
4503,176.6277362085028
4504,18.588494016489285
4505,75.4681691437504
4506,2.2884885773267745
4507,5.478355098411448
4508,148.71090126300695
4509,54.2464872417637
4510,2.269505583823214
4511,257.50960773747346
4512,61.9692845297097
4513,86.85974255525852
4514,2.7028658605167304
4515,2.7994402441264588
4516,2.9875526872054263
4517,5.115846182947406
4518,11.792857967240039
4519,122.5309250916634
4520,63.44322204282405
4521,2.3248965692473895
4522,80.55185194926023
4523,6.976424982344959
4524,239.47690064286428
4525,16.515044677027014
4526,2.269823783884015
4527,99.74650710454823
4528,121.99225869084253
4529,123.74330673475009
4530,195.47096860469208
4531,3.898969203235849
4532,4.374469122993687
4533,4.610724477314361
4534,64.48520376494034
4535,6.03161567421909
4536,1.6105405011088811
4537,1.845254215675232
4538,6.44900555940687
4539,302.16174125576373
4540,158.98986252697998
4541,3.350737032876938
4542,2.736013485580537
4543,204.91436209832247
4544,46.00617725214539
4545,5.338096374071093
4546,16.677644761602988
4547,5.7016028404917325
4548,181.0985447159484
4549,4.478853513419387
4550,227.25196419630595
4551,28.91645825217158
4552,129.42971835054902
4553,113.13419599146849
4554,4.775685658406252
4555,188.73868728085546
4556,282.6114806110928
4557,4.980734744626539
4558,4.286768179108847
4559,67.01153579140767
4560,7.096431027858426
4561,5.400918545489442
4562,184.93990391431132
4563,42.42942713922697
4564,244.35121320221182
4565,58.41474946509942
4566,220.00918826830758
4567,273.96490032864557
4568,141.99094700330457
4569,5.086138209324348
4570,197.1087072437215
4571,256.2722466063994
4572,5.391376581644579
4573,3.1180767995002516
4574,1.509554442189038
4575,5.796872032699278
4576,152.5731090572582
4577,235.86244911604695
4578,68.94982597723178
4579,25.717977150708297
4580,0.7370876718466531
4581,374.1024245089264
4582,50.628495471199
4583,1.1335185971301458
4584,292.39356638120023
4585,38.859764986061315
4586,6.227513520922923
4587,3.872516656845029
4588,0.9076742065260875
4589,3.7958238484561835
4590,2.9181663124230064
4591,63.16012497740857
4592,5.661824375925265
4593,126.46300337134639
4594,-39.33409474960341
4595,2.2545444173775127
4596,70.00575243870068
4597,157.98818998694352
4598,4.490716999277778
4599,-45.80670087348239
4600,81.41763834960229
4601,6.632463235222767
4602,5.643071513147552
4603,5.537398815186653
4604,83.62845191671632
4605,1.7718263742204012
4606,126.69719468380086
4607,35.250596104787874
4608,4.559693777738908
4609,204.3204923764823
4610,133.33236810970882
4611,108.635483657859
4612,2.9025642475357003
4613,-62.96262839953442
4614,69.59456680465674
4615,-37.91208509038918
4616,4.453198886197443
4617,4.93329876714456
4618,3.6796832634963934
4619,6.130656453957722
4620,6.918749102752075
4621,99.93443888913464
4622,4.048727374082834
4623,6.375351468092014
4624,0.7065160025461868
4625,81.85778157865359
4626,60.46883001073857
4627,5.326099975680762
4628,5.932439259796212
4629,66.832101924525
4630,5.582491800177695
4631,11.999263182481638
4632,6.7903195487656225
4633,236.8134236384105
4634,5.999695316572991
4635,5.945769693496309
4636,82.39254540370109
4637,7.173169545006945
4638,407.8059469987845
4639,276.38658999991753
4640,2.21659355252503
4641,201.93778473743788
4642,130.89174554121334
4643,51.437837993387795
4644,18.924866289140773
4645,5.928306470306579
4646,43.1479820381086
4647,25.706282184225874
4648,183.24766114057311
4649,107.69813280886551
4650,141.86862980110448
4651,47.47332805889627
4652,4.734708340262088
4653,243.95852990635436
4654,-5.582436721716411
4655,5.72394164924825
4656,2.6619759624596337
4657,2.7639727019368854
4658,6.754568097322516
4659,57.385977016225524
4660,2.095549073612189
4661,2.4024111150331167
4662,3.844778215938058
4663,117.24433496045368
4664,6.098306631967828
4665,168.5258076330154
4666,244.9088573385319
4667,1.829323972784028
4668,117.29509564243997
4669,284.41799266808584
4670,28.454326832364448
4671,2.049706409516067
4672,0.9158490001023417
4673,83.67743796307732
4674,280.43523891370654
4675,1.7597151447613597
4676,122.01115809574823
4677,49.05753207654517
4678,5.598003401925646
4679,89.02298437987757
4680,4.535168956658025
4681,1.5164276606643057
4682,210.55108357573133
4683,158.7156479880917
4684,108.93170621151233
4685,251.39372732663514
4686,3.686745394627132
4687,230.53019814275353
4688,349.530136207032
4689,115.42578979107566
4690,6.448922790781768
4691,7.042592399953761
4692,4.356484926948094
4693,92.72075730339441
4694,4.541798190087592
4695,382.00112386053956
4696,4.698599499348022
4697,2.536325902688917
4698,4.498766694917181
4699,3.5403913427266067
4700,105.21422329418931
4701,5.899427276313424
4702,1.9568484486600748
4703,3.4781042079287605
4704,4.977246311538426
4705,285.2492769958945
4706,3.149169474320135
4707,4.940040888451373
4708,2.7832456448874696
4709,79.29350219789083
4710,168.17503214514417
4711,6.476790721174201
4712,225.0847861851328
4713,3.425381140456926
4714,5.879429199233564
4715,81.70010541632843
4716,37.973083228225676
4717,7.18068689491449
4718,6.19300605100613
4719,182.3737969919863
4720,153.05481824597769
4721,6.163492281281287
4722,3.9185919750892784
4723,6.835005044547754
4724,71.45339996142845
4725,159.1058513664985
4726,3.593058545821612
4727,293.7521147297912
4728,238.54219924992125
4729,3.963552891938012
4730,177.73434951597756
4731,98.50486359281143
4732,-17.578197296704197
4733,5.64381566176556
4734,6.2702285466087755
4735,5.738768736916763
4736,3.320907025102385
4737,64.70674739597779
4738,-12.48008620050475
4739,143.49582815369055
4740,307.0463656218105
4741,5.040232737354168
4742,102.90088989420693
4743,5.921773238713742
4744,253.94796715647476
4745,47.42736402940587
4746,4.385583643930702
4747,2.948726454648549
4748,2.786140480249575
4749,5.913608224682684
4750,5.8591767771366
4751,4.003792462407787
4752,101.76344746473352
4753,146.74012284728462
4754,140.53321617201854
4755,4.105341419212348
4756,2.018959798023661
4757,3.5941365605359854
4758,76.39424024927314
4759,99.87715210176091
4760,4.394989744504614
4761,3.1739148128144357
4762,174.4233613613332
4763,216.96147737829946
4764,2.2518258897515624
4765,328.9743960054677
4766,24.59101985225053
4767,39.484871241350376
4768,20.31142132697177
4769,-32.74564573782599
4770,31.830830130422108
4771,29.761185568013673
4772,3.9724143210418084
4773,4.0270462490401036
4774,139.72669353775117
4775,2.1419787471319087
4776,2.4781604308068528
4777,168.60072472343458
4778,5.301484676505252
4779,29.204827663510564
4780,1.915652804337205
4781,49.53204297138844
4782,4.330715478746236
4783,4.040464409332184
4784,2.224371734458157
4785,37.351744857953825
4786,68.64725761901826
4787,5.834563686681578
4788,3.9380721788951547
4789,3.2793463255595268
4790,131.77784610027248
4791,188.00903383594724
4792,4.367177884235558
4793,158.8879925794608
4794,64.0465435053867
4795,231.99339575438987
4796,2.827174436380249
4797,154.254241279624
4798,6.09935353671051
4799,4.209105862169211
4800,356.62238115063883
4801,3.555941439884275
4802,4.815112592722249
4803,257.8586036488722
4804,1.3383172660226332
4805,258.96535234582
4806,4.569312353718761
4807,2.9530698498658072
4808,66.86773535979137
4809,76.63924903476129
4810,1.649956214433666
4811,2.1615446897700314
4812,5.443648022998751
4813,292.27115827118644
4814,241.65555866825824
4815,2.654604623650567
4816,2.4735236846462167
4817,6.187358313596402
4818,1.689384833748273
4819,65.65670827821987
4820,2.018370686170061
4821,194.08342753454704
4822,101.5933332535254
4823,4.366520043534746
4824,2.8187851340539396
4825,246.9283148741394
4826,4.672856753636479
4827,6.155116567946007
4828,215.4402916540937
4829,142.4066007441765
4830,84.12236407140321
4831,198.885250104576
4832,6.780259866646251
4833,3.5409131940923864
4834,109.51513205662303
4835,3.6913960654093168
4836,6.617605212134119
4837,194.1773880403985
4838,38.27261283605736
4839,311.73116367443083
4840,2.961345692494066
4841,180.62655674642798
4842,29.02276963088298
4843,1.9112683165797828
4844,4.174229092938991
4845,4.748112672546078
4846,7.158345972870706
4847,3.680146243341678
4848,2.063308038927606
4849,4.655256733710143
4850,6.94028057090018
4851,5.88948980166939
4852,85.2992038591377
4853,287.9757808875605
4854,2.3378460695078838
4855,3.1293835236246306
4856,175.96743080060588
4857,242.11790866997364
4858,314.53538542150375
4859,124.69296962614234
4860,237.40070940197558
4861,-21.938004709918722
4862,112.25409057644332
4863,6.770549878346687
4864,5.880713136496699
4865,1.9273449757224979
4866,1.0153142891269968
4867,3.270449556306545
4868,66.99550071246068
4869,1.0484763497773852
4870,124.53967385166118
4871,6.323961151614483
4872,2.331283100890386
4873,295.5928716179296
4874,-12.116483609512155
4875,3.065942590951319
4876,213.79526991412297
4877,6.305009655547761
4878,78.82502902623462
4879,77.79127374770877
4880,6.038325017089367
4881,6.285134783088586
4882,43.98520801832597
4883,1.808928033524346
4884,116.79709473503479
4885,-66.49738673339372
4886,245.0698272295278
4887,4.786293571245394
4888,293.07233845726216
4889,19.45793059361328
4890,229.32602461870374
4891,136.35607591807482
4892,1.521458609238753
4893,5.9215821469083325
4894,101.31002145777046
4895,6.872870266434874
4896,6.023003191521791
4897,6.741594553571881
4898,13.20920204038239
4899,204.61688979876834
4900,2.451665893403785
4901,265.68274876036196
4902,4.2787485478967175
4903,140.1774083399549
4904,394.05025692765753
4905,98.88447968121177
4906,148.41389479017624
4907,183.55943713269534
4908,4.555018971573155
4909,159.17227256314038
4910,162.04870004487393
4911,90.37624614614384
4912,5.140381914154164
4913,212.00174479314825
4914,191.85596980631888
4915,3.7195044200078806
4916,4.7357728705547215
4917,6.515699527485267
4918,2.602098944195794
4919,56.45170060129758
4920,1.9928206912237934
4921,-4.866397649122124
4922,178.078776375678
4923,228.01415498310612
4924,6.0497507743799925
4925,2.5684757441372255
4926,1.3659538128375903
4927,5.902633891891061
4928,2.7452481668143545
4929,85.54356365599477
4930,88.81507514935028
4931,-25.778257884056426
4932,5.995494136651366
4933,250.21226406037766
4934,-60.09105957175311
4935,66.51225707461822
4936,246.79602432889516
4937,46.188821461471974
4938,84.98910877811318
4939,52.869936092244934
4940,3.720761742003323
