id,target
1,3.0453519163992784
2,1.2843738263245843
3,217.63230885294013
4,-22.070622933260545
5,2.9453045008873
6,4.31881437450638
7,4.011051488819321
8,57.439058503421585
9,53.91772920493146
10,42.70157765192263
11,20.63711092541601
12,-16.73758785764049
13,183.6495272019352
14,131.68282987457883
15,0.7092779508981892
16,196.84084979911864
17,0.36895274597879923
18,64.19924455941944
19,2.097210463175593
20,3.870271671419447
21,-51.839235880438736
22,40.0202190009259
23,2.650090268172537
24,1.8726458754553836
25,19.415388168321055
26,51.285328633936224
27,0.0007533380822544178
28,101.5274934876586
29,25.485468382088207
30,2.292505444914875
31,3.632576398994669
32,14.807026577499318
33,30.375168672763152
34,2.3498673676787867
35,0.9990379739077677
36,4.06040750449937
37,189.75007331616945
38,167.15421773495552
39,43.9824662740832
40,78.1403414591278
41,-33.10726533979728
42,2.079240882358934
43,3.970529736357096
44,2.97431427672942
45,86.49663396988345
46,30.098903797610063
47,2.3145399001493487
48,-66.32526518395602
49,2.607955307068011
50,1.2652369780167543
51,182.08692601551263
52,1.9249526371716819
53,2.347546601284273
54,40.53410209499401
55,2.5074733677077523
56,1.3142378596909077
57,3.793612369766027
58,111.19460532541248
59,166.66379986570658
60,4.265524170841869
61,1.8177295091148549
62,166.14297776060909
63,4.231484977640107
64,1.9025396893866526
65,1.7504568328951855
66,2.7928051694511042
67,2.6208590227740793
68,146.35117456070682
69,103.81906440740039
70,-0.4763238297319704
71,1.6742290578683001
72,1.753701065701112
73,17.4292307491367
74,173.31127012674614
75,140.0710395097405
76,4.012081088554403
77,3.895477270570326
78,91.67715711132674
79,183.39699936777097
80,2.813293753654693
81,24.45982616482025
82,2.710127070781802
83,112.66407329465318
84,18.51227551054438
85,8.108833230227724
86,1.8598981238550478
87,40.37409128041868
88,141.0713524406327
89,3.9615557252841658
90,4.043964829159494
91,31.860147476602563
92,27.666621554004283
93,17.085532121753083
94,3.9884931184587558
95,2.023418477556175
96,2.352151017560912
97,3.8782153014806955
98,149.12629469151545
99,59.413070834403555
100,190.47735609966293
101,1.4917596168157408
102,178.78358010841004
103,0.4223706822854085
104,4.916369714788236
105,86.62417839140082
106,34.46667353783782
107,186.67830183507965
108,0.5883804219484307
109,127.65544134075904
110,1.9202497572848727
111,36.209099328488506
112,1.3557389618065776
113,140.60435393033453
114,4.624017556000763
115,3.86550633508691
116,275.6421898366006
117,147.5607684977937
118,122.61545647640236
119,170.62685392016368
120,211.97860257020878
121,106.13807033766207
122,2.146434522986513
123,68.9286686614333
124,187.15614358682888
125,94.38695041876315
126,4.217655148362651
127,102.05357992789754
128,0.2553259038392156
129,143.21095372497305
130,56.03132319054761
131,48.39445743970257
132,12.615385983844966
133,-37.75637647627244
134,196.1903034798168
135,2.81479606075558
136,1.6201235836289258
137,96.38274086192547
138,3.766539501752698
139,135.8583886749903
140,203.95480990579816
141,53.33534854345666
142,2.5606834517567005
143,39.33570476138044
144,16.981651798283785
145,4.018889363926962
146,103.1785178659588
147,149.7456160580094
148,0.9987764571633158
149,148.40419299295004
150,42.08722387657821
151,194.91556169493066
152,178.4816475354885
153,119.79955366343401
154,19.336848586982498
155,2.8396204249005623
156,150.74096904917357
157,87.00467979085192
158,89.18904007724393
159,98.02259672823017
160,4.307029378244121
161,30.057644395111105
162,3.4012877732356737
163,194.23086326682048
164,2.4990068807307697
165,51.76851938517342
166,144.2764948451708
167,226.53985224995984
168,4.570796340715088
169,0.3489988588955224
170,166.82103486487813
171,2.705504475762587
172,2.917460425216585
173,-24.683203114451835
174,2.5938022604773083
175,4.0926270157272695
176,98.50437556941019
177,56.22604239784067
178,210.9360403322997
179,93.7466369358348
180,162.21368084831
181,4.196996349595368
182,1.7055960228056692
183,204.77626797101942
184,4.5285497641496235
185,0.8836740390455156
186,2.759853735826452
187,1.0023839453409158
188,2.936505328164873
189,48.84590855077698
190,3.071176451855285
191,0.8235781428642341
192,15.951721611444707
193,2.494655175016023
194,224.90691511291357
195,60.44637403630278
196,187.81882171826632
197,86.52650287978574
198,158.6443617573032
199,34.157128227402126
200,0.7707235622746644
201,2.7112243562386276
202,58.697710092684616
203,39.8694774386894
204,2.703084677376303
205,185.21616339661176
206,36.94379160749132
207,156.6108073788834
208,104.44433547490948
209,47.442733381337405
210,109.44063975362604
211,28.423391078704633
212,73.64112378975264
213,175.86214241010128
214,47.88700367523665
215,6.415891365989207
216,110.81351551327731
217,49.4960536325119
218,118.83715070881854
219,145.69166917349622
220,3.4682402583752996
221,139.4357788781669
222,110.64589437875532
223,1.6287629293487045
224,119.11672600170198
225,185.31536586390246
226,138.00610900505632
227,34.15754026535648
228,185.59279671404238
229,169.25775929428985
230,0.9347988080103926
231,151.82474352536303
232,26.836460472382633
233,37.941200762274484
234,184.30623336683556
235,74.921975510953
236,1.7233189893984218
237,3.0008431780791915
238,23.73381563285688
239,4.709998570232856
240,130.6899855121165
241,215.07862774132536
242,159.73292956267215
243,2.46876616931394
244,2.511790714628796
245,32.154886087182554
246,85.43296373259085
247,86.32404615245986
248,1.4827910993645101
249,3.9098731276990284
250,35.33329172196849
251,40.044123901735794
252,143.83238602381712
253,4.160494797489844
254,105.59057645882999
255,-38.65928377235106
256,1.148179372778975
257,1.6316861012437682
258,45.769159566095155
259,186.26559018877447
260,0.9553171525910593
261,4.124812807145446
262,4.747512448046094
263,-33.52419832611214
264,2.078250936318441
265,2.3022420807726687
266,0.9456333003913515
267,0.46868999444563
268,0.480532978648778
269,138.43093284979875
270,1.3512214004765817
271,114.59858669760384
272,86.65769172889824
273,3.161041234611192
274,3.4990245406269858
275,233.24056299687817
276,118.52931001383376
277,164.26632081722758
278,-46.73556151270175
279,2.7850441823937846
280,131.7193510912897
281,3.6348632309600277
282,133.21598306242032
283,149.2761612996258
284,92.84602393478369
285,168.86138823516646
286,91.70401853408828
287,162.01731645683088
288,4.116820719710201
289,82.46419447847654
290,3.2479916491906202
291,72.98121491652452
292,2.677302085025089
293,52.52628876652709
294,70.70341188735102
295,3.008707081856656
296,74.25531241113627
297,32.8056016012048
298,-44.59773058179989
299,144.49914151441493
300,3.873660022762384
301,2.7204542456458505
302,2.386345722435957
303,2.89039244486556
304,2.5341977590517497
305,3.313047899461739
306,150.73837219963593
307,0.6056507714972847
308,2.3355056303612978
309,88.29413153023403
310,-0.1617860389284969
311,0.8405163152892177
312,2.6122708375052346
313,91.94485365914039
314,2.504396487577967
315,0.08919721746506448
316,1.281621865086025
317,2.6163702847903134
318,2.4590041075306157
319,46.355480324373666
320,1.0933427575038788
321,3.599474812062831
322,2.2085204440505857
323,1.3132519490309118
324,1.1032574099124126
325,2.205361081712307
326,3.367796088485641
327,22.321109513855
328,2.7565514569265988
329,57.5804389098467
330,30.389323856280804
331,-8.389500471826269
332,4.155832881336206
333,2.138793737162306
334,5.224263095791097
335,98.036949444477
336,0.6103505058261292
337,1.403028315027072
338,97.03408584739626
339,19.63182240389477
340,197.10499445130267
341,79.86615397409565
342,40.67010614246851
343,2.110226286097559
344,1.6174036189416683
345,86.87401939987961
346,2.2919449267817047
347,3.3066541683818915
348,27.875671015500895
349,-39.22261998644453
350,89.5606112191897
351,171.39426668472123
352,14.108059277974903
353,0.3903646566678195
354,3.959198537182526
355,217.15781412934854
356,148.20200349437084
357,1.738265051276676
358,2.891349544054213
359,2.935289918587139
360,96.1570642332702
361,2.924941365001897
362,1.830159114155082
363,15.529570968065237
364,3.0664450375503316
365,3.4797292325557603
366,49.832391170538834
367,2.891336097964313
368,171.04987502036843
369,2.128928403709559
370,-18.51490582228489
371,182.91050442604978
372,39.45048992157997
373,121.43810562729223
374,9.896738070963021
375,72.24430963599998
376,2.2255105284515366
377,1.7609340697524996
378,1.2377140737980565
379,2.368429143979703
380,-0.32865115189101723
381,3.8553256372191624
382,1.366939457863745
383,108.89788188037593
384,1.039509935826236
385,1.1752921531904246
386,197.72288494460497
387,1.7669336172647547
388,2.658475451280978
389,26.54109656042601
390,4.099087190514141
391,117.33266244930023
392,4.062319024941387
393,2.5488035338125723
394,226.80982781504906
395,117.19092453799036
396,2.2823125445560786
397,1.2714410895401418
398,3.864653144344012
399,139.45763918814248
400,172.16236174625243
401,0.9793882713528499
402,3.9812008618775945
403,3.359799334408203
404,4.383615074410655
405,2.4330699532469975
406,3.629671905835381
407,-63.10277879202844
408,2.937415864097532
409,0.21438115395846413
410,2.546358306446484
411,2.3412006663550673
412,0.4252619904923489
413,222.1022104021943
414,4.357124108606754
415,33.34045222192137
416,1.5654411684362257
417,5.185255607101635
418,1.659930333773941
419,3.8433845099530233
420,3.1036527081293244
421,108.10315177381351
422,113.9268851513952
423,144.7574291683174
424,90.79058694671556
425,3.913270827811216
426,164.16659446102472
427,0.6422345593753458
428,155.56085832662018
429,1.5675446915256332
430,2.7690518506992925
431,176.91516970937252
432,100.88295559001983
433,10.176932882141777
434,3.4516580406550252
435,38.63877789089708
436,156.99393569702036
437,139.3015351797044
438,113.7664042413768
439,3.9554960018098955
440,181.6234531735816
441,148.82893312035588
442,78.00005847715273
443,221.77933009229923
444,3.3940244198154517
445,3.6954181288726318
446,44.33581588979155
447,0.8362301977870845
448,4.190344484235795
449,201.00674507666906
450,187.76708756504644
451,114.67309305464616
452,166.6807662261711
453,1.317550604880859
454,0.5808022338678049
455,98.0449783734929
456,1.8594297301112097
457,3.2396980680764527
458,184.03985784153997
459,46.79798533015473
460,7.934956476115577
461,80.49489099879489
462,1.6514120889352215
463,125.39751928170512
464,3.7082310397488203
465,99.65655302796368
466,43.95899062599804
467,0.21768684250908277
468,3.7686782374757772
469,16.992230836369842
470,24.356010450031835
471,1.2255434582025058
472,1.294207709505492
473,29.087864636200365
474,4.4058898659083345
475,69.83316988302242
476,4.0779387478106
477,1.2969001054961298
478,3.078288750872233
479,148.65823037867096
480,2.7696485797730643
481,3.8529252663872766
482,153.18382197149614
483,0.9525037288231932
484,147.7153152883058
485,69.46798297470636
486,3.0906666913958025
487,1.8267310079699928
488,143.4175481609722
489,1.3119707694920233
490,3.355078608190026
491,3.2938767093078374
492,2.292911883824436
493,2.4979561796559935
494,160.5615308838528
495,4.0529804078813045
496,77.29654438346196
497,4.040521094242835
498,4.245279022824828
499,3.3501761435727744
500,1.8399257723365148
501,2.18539478537762
502,215.85268764145644
503,82.57320106245255
504,3.4007805827646056
505,0.8696133993039086
506,4.882591689720662
507,239.0352918057815
508,44.912841643597325
509,191.94176600462126
510,2.569984013474269
511,109.00266876510747
512,140.91433440414784
513,165.7857222236399
514,237.99747434351144
515,206.23269646164965
516,159.68692585668023
517,201.8651347548174
518,4.797326098377989
519,28.766245280549413
520,200.13791716119292
521,0.573980147612184
522,2.4751837400783425
523,154.6513286837731
524,3.1284031764497744
525,116.95236067727775
526,3.7059010688408547
527,2.1901400451900077
528,2.5065978959503594
529,3.6849548288242486
530,174.54303297060324
531,78.93796077019438
532,2.3301590745991447
533,75.93273076827646
534,2.488210474895451
535,4.053741408132065
536,3.930771220798163
537,-0.799176819475172
538,3.1804692893734323
539,186.35802361674786
540,161.34481849099413
541,173.32644263942777
542,51.963316298648465
543,52.10639612848071
544,3.153625657756433
545,2.860089069800311
546,2.5254454415837193
547,1.524504062666196
548,229.1912618164342
549,3.912488337377316
550,178.17595089265015
551,4.3451868845870205
552,77.41336733673509
553,2.8679989051179398
554,60.099076312826114
555,80.02736474701365
556,169.70399103455907
557,139.89739093984394
558,3.2266634387985924
559,1.3174452695224186
560,107.80026412774502
561,79.6471454321518
562,102.3664597938042
563,2.0137213808834433
564,25.363516976893063
565,116.17260098397747
566,1.6507466826407002
567,39.415620546004476
568,77.60902470027445
569,215.61734793718045
570,2.549501311747931
571,142.68874902425227
572,0.8674177187790524
573,64.979480471545
574,80.4878915848928
575,5.532386893513882
576,1.3660671708878371
577,1.9914348935551107
578,111.45472877197295
579,-4.202801995239145
580,196.06353795160163
581,38.262043347299254
582,44.800427400124164
583,4.100300915034616
584,2.656667033935065
585,105.87559035683279
586,3.2841321776337864
587,150.52614523182908
588,2.519660254362969
589,126.42640823725304
590,180.69828805593517
591,92.39999428572699
592,4.344931522449664
593,164.101281052528
594,188.48393438411694
595,19.11194036129693
596,3.2751747033966208
597,95.40826166800886
598,0.7660825421728192
599,44.38054973272764
600,129.64517393317897
601,89.4470641404946
602,20.680726872071027
603,1.7211968121246901
604,158.03686595957814
605,2.120552655280929
606,1.448506258538155
607,4.406595678433481
608,27.628354791135052
609,193.0668103825607
610,16.80903329862886
611,45.606655775055614
612,1.1632638576755028
613,7.527350463928633
614,30.043514998024477
615,1.2292804477791401
616,123.66239962648379
617,-50.778889801615556
618,155.21168590184627
619,3.1231144519452374
620,3.754917735656986
621,121.19751584789805
622,69.67577920353966
623,123.08081326256794
624,145.96652630575474
625,1.8127247495417704
626,0.8565658031955152
627,52.58343242244799
628,2.642991705993015
629,154.00185483361702
630,3.1241339323622253
631,1.0944214023460748
632,114.04402602678867
633,88.53744111818493
634,163.97713098049496
635,1.3838845098568124
636,70.92026723773438
637,67.12525740863367
638,3.98672245782146
639,9.55495161127066
640,83.96249229695874
641,4.370170196012794
642,1.642937069103254
643,201.33695021303868
644,2.5436334913576837
645,65.36870751482871
646,41.12894689051065
647,130.9477224227366
648,165.25409061510078
649,267.82863186364347
650,219.65518904493524
651,108.17848534435234
652,28.184026705801937
653,2.5016719278335495
654,126.32474769193047
655,-11.198867110047082
656,135.46425520100757
657,121.88211199290151
658,201.24945112474717
659,1.311886109802355
660,80.72246248396984
661,1.5113166994510157
662,75.27767761354917
663,2.1141531085737872
664,-35.59474217315693
665,54.7989781695113
666,90.9960279012956
667,168.209294262049
668,230.04761191959872
669,64.94815609362621
670,146.680290785012
671,75.4169553473926
672,61.796165523545824
673,0.8457214608536239
674,4.233342517917216
675,3.5443105507819626
676,3.45238936082768
677,13.995212492237417
678,133.97883902011256
679,3.3049791406401825
680,2.737702615272328
681,1.2756226031244478
682,51.46564272654426
683,1.350599366863164
684,127.16230144949435
685,151.7754299445709
686,4.004646358602441
687,260.08337032821095
688,46.15759157772612
689,76.21105539495429
690,224.2063905901622
691,1.07998536158251
692,44.61061529944038
693,1.249087612784987
694,3.875009027790081
695,-7.17247221930157
696,198.3000411707378
697,0.2643602927578219
698,150.75069764038324
699,1.1360673759979658
700,169.7562977486491
701,2.514560919310196
702,3.40671527587258
703,35.7009726033871
704,52.83424103914781
705,104.26394978228419
706,162.10795960309392
707,100.68698720499623
708,43.09676680082244
709,57.72910006575543
710,151.30305520586978
711,156.28479153912414
712,3.4591706413809438
713,1.9655551039096464
714,4.4010374068904765
715,177.43575871894558
716,1.7120570676028621
717,55.89293660304587
718,262.0494025928695
719,144.10668343488138
720,2.700114020038594
721,99.36415843229106
722,-0.13458675522934266
723,3.1032222439094945
724,0.9989187004462328
725,0.17980919345856794
726,72.94959903649209
727,170.3004184970101
728,27.47307416813095
729,36.11366833221554
730,47.106858670726936
731,194.83222461095238
732,3.133811314012216
733,4.3601295455416
734,10.268911307144904
735,168.18789040852903
736,21.88617471165393
737,26.235789883030968
738,76.31113255337682
739,203.10189595079657
740,82.8732673834544
741,10.606397022351647
742,187.62733526904805
743,93.3849081523627
744,1.7624556070717303
745,201.89129999731708
746,121.89266726865185
747,2.6820802310274217
748,37.13453594980474
749,62.21654686969197
750,128.7456967550903
751,26.9301800375655
752,171.8174357756861
753,0.9963337545157502
754,168.95980265955833
755,4.305996770907875
756,3.9430034255418818
757,154.64541321299038
758,0.3197330521145063
759,54.7705388730981
760,-4.210461078227803
761,139.41594266763462
762,3.3325613833073637
763,1.4578412816121789
764,41.657070330894044
765,2.813023758053266
766,35.25429397613328
767,0.21125611617350382
768,3.29517221680058
769,3.8211327462024247
770,-0.2538746733704396
771,179.24990880409428
772,40.94457433049963
773,81.15826476674181
774,-20.16638448746095
775,17.398103579182784
776,2.337528082378376
777,140.4604571848921
778,-1.4008006327343412
779,113.34259090979549
780,37.4509105838645
781,225.48615183618256
782,2.236356597130976
783,32.044026737193946
784,1.9799923897350133
785,27.196622048129733
786,94.47864811551118
787,3.679949809914577
788,1.353534603227269
789,114.60464061938444
790,51.35896526713
791,-14.37002797162259
792,76.55184869283141
793,-50.48566481883103
794,234.95304989237798
795,-48.09635592403721
796,86.03286264779788
797,2.642434526834851
798,37.906326320422835
799,2.0997887753970224
800,3.865116384906406
801,142.35480237807167
802,61.50804833811753
803,110.09051859628138
804,4.28693366256373
805,0.31909692281142954
806,118.97632767262301
807,1.8773438563932237
808,43.02640434014204
809,0.7471530007797262
810,32.661106111958674
811,161.20385612182397
812,61.00099112567706
813,186.77550791196393
814,4.3990305065883115
815,2.222702125616178
816,3.67545288266502
817,1.563800833572051
818,-1.2168854740373476
819,3.759338491142957
820,48.95475675769828
821,4.29445542214586
822,1.1984375106902319
823,18.578947537072608
824,60.702393371434
825,3.069079969573761
826,41.32571090092617
827,2.7479737355919687
828,3.1411015748677777
829,34.48591921940479
830,118.42409069684106
831,68.21563690408522
832,4.539897146617302
833,172.11359906729888
834,126.02802726235814
835,88.13324060657723
836,1.4652673323015697
837,38.07236191168482
838,115.41562212823976
839,3.990638009091409
840,101.72142145502907
841,100.83246838090668
842,47.62906845115484
843,0.8606048038663745
844,2.1070231688216254
845,3.9851555552174203
846,3.6350942744863026
847,3.5956763001975123
848,111.85666676076394
849,3.2623919451354477
850,52.22098657810269
851,34.09613354523942
852,18.73039465905163
853,52.914057089233445
854,-8.5520260872137
855,5.155765191535317
856,169.53917498415626
857,65.10858798707486
858,26.750578393885785
859,156.3731404709923
860,1.25923910713356
861,2.2542482586698744
862,2.1029125078804176
863,72.21292642658645
864,177.6335927416952
865,190.50611135829365
866,159.05147511349475
867,3.3952389770003526
868,78.48276575524426
869,89.16356918071239
870,78.2813853280451
871,115.63396998215772
872,81.52215940762017
873,2.3215581145519515
874,39.21838106500943
875,4.839332228061203
876,71.21962038577124
877,20.729990197037736
878,74.60209566112017
879,3.8830362676981993
880,5.204459413304465
881,119.62916127742226
882,3.17458380699701
883,172.89694892523903
884,3.9281690854076627
885,108.97896099251696
886,36.7697069408965
887,1.7614308100278881
888,1.485156280883516
889,149.83588778593275
890,2.5810696453551443
891,1.7363224029233835
892,48.39638205744128
893,0.7538680961963453
894,-15.290869077751587
895,2.4517392111994063
896,147.636490240686
897,1.1286813492100247
898,156.56006997919826
899,-38.12547077048292
900,171.15924247975366
901,0.8384037522360495
902,122.07785429802253
903,3.6893493356055123
904,86.82714937219086
905,1.301417530198993
906,-0.46052689328893026
907,139.06642553782038
908,31.294306065718047
909,55.6686940990279
910,1.2509113965575347
911,5.007567900053632
912,184.9752801183576
913,98.94118579493846
914,192.05676606109932
915,70.25838231067704
916,86.29948920751951
917,-3.6668335371238436
918,1.8419235780608703
919,1.7770152360513936
920,270.8517245986666
921,89.47969767588143
922,140.723960277279
923,2.014062423784659
924,54.24973593780041
925,124.38955588789946
926,35.91582621243339
927,35.62272048776205
928,3.1791357995994183
929,27.121555244541792
930,23.443951966371394
931,157.79888002267174
932,122.75049915484585
933,3.264426783626197
934,1.5033166286509356
935,131.8684864682596
936,32.45925481549162
937,0.8165579686678157
938,1.7119373608731543
939,90.86491950990795
940,1.7713060403237302
941,2.985247726876143
942,2.9587980378599674
943,75.77294111414598
944,2.524005393230799
945,1.7401947262345159
946,50.44114140865176
947,29.419373935089823
948,31.350719123481944
949,158.2459157158027
950,250.37276517148518
951,6.360955100210155
952,-23.549938778635152
953,2.74003088404538
954,185.44261878897765
955,123.475575315073
956,101.972918012688
957,0.46759612922043803
958,2.606100367766383
959,141.4847816106448
960,36.82813887000594
961,125.6229157421185
962,1.7496355537057924
963,4.284144978102171
964,3.3274173100126117
965,4.499035828103277
966,2.494131626503468
967,23.261305164386282
968,104.92404567697957
969,91.4391368183929
970,3.8598773902498733
971,252.0296059224666
972,3.920132708810148
973,71.85752018907974
974,3.3852768854994544
975,1.8270584534607766
976,3.4416254501432126
977,115.56946249289668
978,212.61126156713664
979,1.631307493488627
980,0.5968032110259138
981,-17.782467996894603
982,29.95402591255842
983,209.25787691894186
984,220.94498985095927
985,173.52182517485443
986,66.17251104699923
987,2.327654527597623
988,168.26667763707246
989,232.76481175455876
990,79.37928532739943
991,2.269531862743783
992,200.74352609634622
993,128.93097461771143
994,2.4197125915619333
995,-11.201202969790796
996,32.720034323497785
997,1.5090305577640084
998,20.65452171357616
999,50.83228888217788
1000,-22.718479202283724
1001,187.15584447358862
1002,115.9642199510705
1003,3.4603304919199545
1004,0.5526327506033417
1005,0.5774803254520577
1006,2.39188752081193
1007,93.48419358434553
1008,1.3542789838089153
1009,4.307699417700823
1010,18.29735331183314
1011,183.34230071037575
1012,8.07536257185149
1013,153.93268537961072
1014,52.65601570142756
1015,159.72627137120847
1016,4.436609888418963
1017,3.365235042249015
1018,1.5852651818498287
1019,3.7135693542571415
1020,2.693206782345385
1021,104.02682605857427
1022,56.22411026283291
1023,106.67258745876386
1024,115.33847665349839
1025,3.845069696879672
1026,2.253621596220486
1027,3.517618882265425
1028,56.414397187799764
1029,2.2212716649527318
1030,18.045704654679692
1031,196.599265950026
1032,1.5971318507814587
1033,1.3469149559355285
1034,158.74695622438512
1035,0.715964901961827
1036,167.13828554424714
1037,5.098254726058187
1038,33.76891808859473
1039,2.4641153759204357
1040,-15.648581628470627
1041,1.8041793178618994
1042,2.929215667925236
1043,2.5031210034654654
1044,221.29849442663976
1045,75.10934229854458
1046,24.306122988780665
1047,164.72458158475376
1048,1.1332475706828693
1049,1.6910190071564097
1050,4.55237260673969
1051,38.89833729072464
1052,120.6875930394867
1053,177.26127659659397
1054,4.740369862544503
1055,18.01883995651419
1056,20.496149823388976
1057,2.8973704597216585
1058,1.7099994427733152
1059,2.026461719673022
1060,90.30905895698446
1061,2.006520628076253
1062,3.909510643623289
1063,211.44905460572454
1064,146.0974960380143
1065,43.748879579912355
1066,178.23039683154235
1067,186.2315400983664
1068,3.697943450176215
1069,3.1651197647830984
1070,221.09573238608704
1071,87.03891359751184
1072,1.2955011868852866
1073,2.212785734613609
1074,4.745161742841013
1075,3.1688841200536704
1076,195.57734964730588
1077,3.852948374045795
1078,96.40733528075046
1079,1.640446981429965
1080,0.1463556912002597
1081,3.838234946539739
1082,2.6048410253633794
1083,0.26223997536028976
1084,4.145745111058189
1085,84.13540156187055
1086,149.12766259466105
1087,39.41208327813009
1088,187.32160133212722
1089,5.926000506148244
1090,90.0727757841394
1091,194.70031117350464
1092,4.171194464777908
1093,2.304416955470245
1094,4.2564042071042305
1095,1.7398785015098341
1096,1.0497964909853061
1097,3.997842226335041
1098,42.617301955015606
1099,87.96699252313937
1100,4.034825250874279
1101,0.9741899601649981
1102,4.425436620528094
1103,187.03703782933016
1104,3.3850525609640014
1105,81.9257780426865
1106,3.173004405017134
1107,4.648790295182263
1108,6.724092568061451
1109,81.45685589726409
1110,71.53160991489067
1111,1.1163159136092666
1112,146.7445196677292
1113,2.1951895358200666
1114,114.59463715633416
1115,-29.959502293985285
1116,3.446066898245801
1117,206.37698854078582
1118,173.9258436790127
1119,3.280746700434451
1120,33.957964937168924
1121,16.279809580258437
1122,155.78137104186612
1123,2.3130874488972966
1124,122.86422528638681
1125,1.7873799632058556
1126,57.73860470521099
1127,4.050144907896879
1128,-23.1684030248645
1129,114.66068758502504
1130,4.427977441586665
1131,31.437832653607167
1132,2.2435517060653036
1133,-36.84720158263969
1134,118.82253435502518
1135,136.9358530667492
1136,-37.66654748538333
1137,2.2640073985103655
1138,33.1028300503266
1139,70.90853963642489
1140,86.58676318369207
1141,138.04962920406274
1142,110.02422411433004
1143,15.99019488505445
1144,-28.502038710201393
1145,80.91225556123821
1146,14.690008374783215
1147,2.8815841423881707
1148,78.12687993397775
1149,25.772688911388265
1150,2.8634142366670776
1151,0.36213578248393574
1152,1.5699825706614163
1153,2.847494565760133
1154,26.20058657851534
1155,110.53896196480189
1156,4.29774011348929
1157,56.6403069068803
1158,128.5275835937744
1159,68.73525608778546
1160,80.85445207815962
1161,0.9152718989970307
1162,3.966166406757176
1163,2.9577263966308527
1164,3.5252705842548533
1165,136.61178742516606
1166,26.91192197018081
1167,-26.78121790176659
1168,3.1220570488817456
1169,105.20317252313785
1170,3.362394742275315
1171,2.907121224450033
1172,-6.51163017268261
1173,2.7347805247507173
1174,131.27881374223855
1175,-36.51186634783147
1176,166.05542156538007
1177,1.3779186604291707
1178,94.71001648910703
1179,0.18777771855693437
1180,1.515914015735298
1181,0.968442799408475
1182,94.12238635168488
1183,4.151378573895606
1184,2.851746360559135
1185,200.86940971103428
1186,80.47138539949353
1187,2.942340745620008
1188,1.9110783043126833
1189,91.28804956170089
1190,2.9090877778180113
1191,1.9475825233443222
1192,3.0646210838617707
1193,115.59504458431512
1194,3.67181367898171
1195,1.1634767785890854
1196,182.40118711777995
1197,63.56952894270617
1198,2.341527190521378
1199,188.7062932508017
1200,57.03165145988398
1201,169.39159533143985
1202,46.84710154314811
1203,1.3744728860576836
1204,100.62590963556512
1205,0.9577825667679634
1206,102.75549485670585
1207,59.48770796062757
1208,165.6901041082897
1209,184.00379124318138
1210,139.100489526107
1211,153.0890284286047
1212,4.010194070767257
1213,2.58910550422675
1214,130.5180731460746
1215,63.72850256352304
1216,169.48219919572205
1217,120.95794764463315
1218,-35.46294636143652
1219,3.723656273502105
1220,4.353509198289396
1221,163.5387685492219
1222,2.4885605759407556
1223,1.9260037428401384
1224,2.5173855035744763
1225,80.05743202964968
1226,0.43130362762538077
1227,3.333773900682797
1228,1.6452146800714955
1229,28.847419521256427
1230,64.83710196157102
1231,161.65420623033168
1232,1.2574494040454502
1233,-10.491946547572793
1234,1.7310588411039745
1235,9.579080452722923
1236,182.57077078600457
1237,2.5126138129009643
1238,2.0630109327078947
1239,-0.055472700245417395
1240,27.832203570238434
1241,1.5533754521455294
1242,3.2907757914505718
1243,3.249406124499907
1244,121.65794314667922
1245,2.7310743114480296
1246,189.8243791930973
1247,3.4807249351660285
1248,73.81515952312283
1249,111.08108846249146
1250,3.6659613798974116
1251,20.231885895805277
1252,3.8322737056380074
1253,2.5003255162365536
1254,2.939041683273582
1255,14.271750976517225
1256,46.72560326615721
1257,105.85424427352696
1258,182.86745684499618
1259,29.025234572830243
1260,186.22029760981593
1261,3.499736135767874
1262,3.886895337971964
1263,125.11513400711988
1264,1.9960347423967466
1265,12.149364559037487
1266,75.76005745513305
1267,0.43044312577449784
1268,3.056680707330393
1269,184.81937801638236
1270,-45.77525169320314
1271,187.38135594780402
1272,34.992126303176676
1273,3.0852929699292035
1274,153.6712864058833
1275,147.0846910365243
1276,33.922773896342264
1277,0.3630597538809255
1278,1.1065428853857568
1279,2.8317411545198308
1280,-47.28964962967822
1281,2.2294257287342902
1282,71.7062469506399
1283,115.25664018653568
1284,1.4985719717349202
1285,-39.374648975347235
1286,2.134769712150898
1287,33.924589315758965
1288,69.21581990564151
1289,3.017369217314299
1290,144.27529274653168
1291,2.4036915235652607
1292,22.535037697031967
1293,71.35949963891875
1294,180.18598510169403
1295,114.82411836420486
1296,4.359589141679217
1297,40.162532683889296
1298,6.860407978419186
1299,3.876137972512373
1300,119.5437348577978
1301,177.58242801463078
1302,147.1795258080707
1303,3.791110576694063
1304,2.0735603357088226
1305,3.2661113216823585
1306,35.65024931589574
1307,108.62402494583978
1308,1.2038952386535602
1309,2.8495060808740105
1310,244.69750434170814
1311,2.12620218045873
1312,1.7961025322861417
1313,25.193218887607664
1314,114.68062134515777
1315,142.0921301910344
1316,175.7295335694269
1317,47.3450630233462
1318,1.6445084959779463
1319,156.6816156774569
1320,189.68814408280682
1321,9.824033020340213
1322,33.033767891212804
1323,185.73099760465396
1324,149.40784938237596
1325,32.461036986323386
1326,37.5783778641721
1327,156.31154415145707
1328,1.4827544694850552
1329,2.9334278877814928
1330,82.88041778591545
1331,1.5150902618569475
1332,211.97801174303243
1333,-0.4410310173747677
1334,243.35239006894665
1335,1.145085576477557
1336,79.35553289311116
1337,19.976446802337044
1338,170.35732778775926
1339,4.138661503277932
1340,122.22227700302449
1341,165.76549207384176
1342,134.4609601116549
1343,25.488733387568416
1344,84.54419521545024
1345,0.6900900256783942
1346,49.25114781998968
1347,65.3003708182517
1348,0.5706868465311532
1349,153.15683996943912
1350,29.731743457171667
1351,149.11610947198199
1352,2.1777473548093624
1353,6.055319816360711
1354,3.3297274431409116
1355,2.996203471126857
1356,2.1011434668909645
1357,3.738142972391718
1358,4.235543906513822
1359,0.7986716286536266
1360,215.7446125490178
1361,2.7405951042982437
1362,3.6891002925255805
1363,37.41971554075826
1364,2.317452456809204
1365,3.9018023091309075
1366,1.5858912500909668
1367,3.9300326552933305
1368,10.777337108698495
1369,126.38475124721842
1370,203.21611918511633
1371,156.68059753063747
1372,10.954304355360021
1373,2.0159628705998567
1374,132.178015958103
1375,108.80321058230386
1376,3.3871285456668057
1377,3.717710954612271
1378,74.57254145097426
1379,50.68618521707192
1380,71.51268259073476
1381,169.78067498618088
1382,49.45022897522398
1383,29.099791527627914
1384,-10.335038344167572
1385,112.62405437100942
1386,1.246866666343909
1387,48.99859394055349
1388,0.6907131445774756
1389,154.17400510325865
1390,131.30245645517493
1391,30.794152286518376
1392,34.861742713485434
1393,190.77355539722294
1394,-13.569515185864326
1395,22.791008475198208
1396,123.69764320085005
1397,4.031790518854623
1398,137.04654676296013
1399,0.8696071886600647
1400,68.9700269339705
1401,237.67342290242394
1402,42.986745571138535
1403,196.6611511667008
1404,55.53486993461595
1405,88.40728270094726
1406,1.4868275064593288
1407,84.51809338248893
1408,4.510373535017247
1409,2.3702202829283516
1410,181.43199794964153
1411,193.0608398668241
1412,-28.49638087276459
1413,86.88861728437095
1414,176.14183624889006
1415,1.555342059301164
1416,1.9855963570534243
1417,2.8798961966634176
1418,232.8539008254948
1419,120.65841591921028
1420,3.2025554888898595
1421,30.860990737101957
1422,4.309452069451868
1423,2.1068108802635166
1424,3.045201238325886
1425,-0.13638696919468485
1426,-23.570655676199017
1427,2.315557878596754
1428,3.093821928116255
1429,2.621229813286224
1430,2.9000436928877376
1431,4.208719038717383
1432,119.77928178341602
1433,2.0295538918189515
1434,2.8676140024753956
1435,3.05143155799024
1436,-39.061174231315135
1437,105.99365892484033
1438,71.48391437779075
1439,4.291655782033234
1440,1.435813163494926
1441,83.33230348296546
1442,119.15118148142773
1443,33.77540966826294
1444,3.5386690854883733
1445,34.55014936842521
1446,189.53746744948234
1447,158.67592909879647
1448,-10.361910000346164
1449,3.9005500647287086
1450,188.58516129010866
1451,106.0708365460217
1452,3.217893673390943
1453,3.8649571831703877
1454,121.25719964278424
1455,47.61510931389269
1456,-6.615744613040414
1457,2.675376815427731
1458,3.206665112211032
1459,193.589897086245
1460,238.1794200879204
1461,115.59132126844528
1462,-19.65242760740325
1463,51.946038103709036
1464,3.896077993534485
1465,2.635370942562461
1466,159.6422067765558
1467,3.872402678709105
1468,3.5389330048472543
1469,26.715684130775138
1470,2.243420374376741
1471,13.759246217688677
1472,4.28800195749304
1473,2.3638645789649297
1474,174.03950648102972
1475,73.70495079189065
1476,5.190954676345338
1477,2.2965859379187155
1478,85.59574636452137
1479,3.385095135231926
1480,87.49140650815073
1481,4.427686463088905
1482,109.95171915662533
1483,4.192428779389298
1484,167.9134400739846
1485,125.44481854334998
1486,3.0955529126396577
1487,2.641901753321382
1488,44.06293095174534
1489,0.5481758443415936
1490,43.34022231164361
1491,2.2423849778397553
1492,1.3613007830510557
1493,5.719444883663374
1494,3.5200764809672953
1495,22.990174783292343
1496,3.671809051987391
1497,39.335975082133075
1498,4.399954261949258
1499,44.09084588930813
1500,1.475041901437331
1501,4.342596553575221
1502,33.31652982365161
1503,3.7550638567658896
1504,1.6910000634452436
1505,3.221856043303483
1506,137.73823727746156
1507,31.273692074448803
1508,74.1448597611597
1509,42.71868124751892
1510,1.537913197945225
1511,7.723449181167382
1512,44.485945813719695
1513,2.2758344374638417
1514,196.45783145775073
1515,32.62840359192026
1516,0.6675092349721417
1517,242.30916298954344
1518,3.0931718056412336
1519,163.13695401624517
1520,2.4062764117029447
1521,36.055807178902604
1522,3.349011108622137
1523,2.241188537815019
1524,74.53720335874849
1525,-22.646439134850525
1526,0.6123494503527656
1527,4.399009138658528
1528,2.585226725306947
1529,147.14730729643514
1530,195.39709723381543
1531,2.671004942894522
1532,4.303843162420854
1533,2.694602214996954
1534,-3.253174630006009
1535,50.705446022942596
1536,4.097883675256488
1537,1.827911487654449
1538,202.76663455170268
1539,120.08546643898791
1540,1.5235444077270257
1541,93.3154258449691
1542,1.4359924519380058
1543,13.59823518812351
1544,4.3689533597167864
1545,2.1459793180785685
1546,2.196620413701073
1547,-26.59203868935238
1548,150.19641726816195
1549,28.376394411062208
1550,1.877552737749192
1551,1.3217164605824252
1552,158.73943181161468
1553,4.138839302024558
1554,201.5137821171468
1555,103.48192718925198
1556,2.3641211705572536
1557,5.126824438030582
1558,2.7863805325670716
1559,162.91089175569033
1560,102.94021525547014
1561,141.07129645698996
1562,161.43708105767962
1563,64.08468840345714
1564,2.201926251916369
1565,42.74418984087059
1566,2.53621242447068
1567,-0.008626538201644163
1568,63.09225583037656
1569,10.569648430718766
1570,188.9424456042575
1571,2.158348374369658
1572,58.08356895439499
1573,0.7692513070630778
1574,3.0892990749654716
1575,3.919265940485176
1576,2.705621164325084
1577,3.6726966890441846
1578,55.59115542986888
1579,3.370090480239031
1580,136.3553765380508
1581,143.23987328044439
1582,4.272266772327345
1583,215.56900881184657
1584,211.18559918201203
1585,4.082402357376767
1586,3.479070783439644
1587,35.54794119560245
1588,198.90934902788877
1589,4.715379438696701
1590,4.760963157123704
1591,101.43411958137993
1592,4.347253958545273
1593,85.04392193500217
1594,95.12779694637429
1595,80.32687585680239
1596,3.274420648486279
1597,46.86292592149452
1598,4.778456789202157
1599,2.6654395930988475
1600,2.5619701703762243
1601,1.0560055634580865
1602,3.2349728604345627
1603,197.60320924913609
1604,22.928512519850337
1605,88.45623220601351
1606,184.91925601096852
1607,13.655661198810325
1608,2.358062335092706
1609,2.1761711748578163
1610,2.38034248957275
1611,124.98383400548082
1612,56.23165285034211
1613,1.79894623474022
1614,186.6648426174965
1615,3.752406553424044
1616,2.5057763632959382
1617,126.36920607198044
1618,145.58339803894626
1619,-4.37712112049906
1620,44.36550118424587
1621,1.8562498919920296
1622,1.7179385464660994
1623,0.2898035843673419
1624,182.47843717968496
1625,63.83693502840745
1626,0.8460292454668179
1627,17.368582975892075
1628,2.327599882381684
1629,140.09193341567584
1630,55.4088250230361
1631,1.1442497289786804
1632,211.32934539243212
1633,3.37215927677922
1634,-11.64370925615774
1635,2.6769410368539317
1636,2.947164224586145
1637,4.813689387467063
1638,148.00158713231895
1639,15.860017331887292
1640,3.3396277756630215
1641,213.04814212106402
1642,106.44915432735361
1643,137.28828530527798
1644,81.39905458899136
1645,133.71078101010065
1646,3.644544426781125
1647,4.469204838516144
1648,13.247773932519706
1649,2.7787286992905162
1650,58.65011720189314
1651,4.7808681348221915
1652,1.6798853324583622
1653,155.32832697447844
1654,4.305165900104077
1655,223.39410858302256
1656,27.500162076763996
1657,0.27343839899578626
1658,182.0813203343323
1659,1.7687243953946161
1660,10.21498917378586
1661,3.6941296533729044
1662,141.271267805142
1663,3.93349091724511
1664,87.41064071183885
1665,-0.18657056071680245
1666,67.70695884159704
1667,-42.547286655339384
1668,181.4887486692325
1669,32.60598119949386
1670,1.115254058193717
1671,1.1312286501398976
1672,3.993899629311355
1673,3.18127088373561
1674,84.54291545083252
1675,1.8998168372423352
1676,-41.64448335803799
1677,20.12088422676124
1678,8.899487849632148
1679,145.89014647167588
1680,64.76481303444004
1681,0.48980113250978796
1682,2.852572382256403
1683,41.83786016555305
1684,16.52784193096877
1685,5.008211641983292
1686,89.34315534386559
1687,3.1920084741016197
1688,114.68641555550188
1689,183.27646879334588
1690,2.9073127239670757
1691,2.645079067903686
1692,2.4677665994575113
1693,1.2489258958966643
1694,66.78263074613028
1695,148.18349028934517
1696,86.62126646418778
1697,1.5585318384089735
1698,147.8340678255417
1699,118.77977802192663
1700,78.58936900656596
1701,195.48313857267811
1702,-10.975869144645289
1703,3.902314716612725
1704,3.04712745433288
1705,1.8393392016945485
1706,48.03186091477598
1707,3.8638511745005406
1708,42.6286715548006
1709,90.54755419019338
1710,3.63070640756576
1711,48.31843895000551
1712,1.3132467077378598
1713,4.398487291804888
1714,-50.20316780748838
1715,3.225463455876074
1716,1.899517509782278
1717,2.6076251521428215
1718,88.27103071697825
1719,20.523054369730914
1720,3.9200991913926337
1721,174.0620489269853
1722,2.6052692567787994
1723,102.44892651330802
1724,98.16228338726984
1725,1.6966476185164756
1726,3.0676443626816496
1727,184.509330429023
1728,2.8408176453076948
1729,1.890009798757021
1730,31.667677206100237
1731,156.26785210988092
1732,3.220286483854144
1733,270.4625683625165
1734,187.28218568878975
1735,132.98591433900995
1736,2.4621860385735186
1737,208.09648430046508
1738,199.04984111160314
1739,122.53116514808887
1740,60.901416006955316
1741,66.89502336180067
1742,180.7817526512688
1743,3.4990960052568165
1744,83.08922160001626
1745,22.261441206007284
1746,2.305785877278103
1747,1.8589370314029257
1748,124.95900535619916
1749,2.206837257792248
1750,62.603311137130135
1751,16.7037660907215
1752,5.62456689751776
1753,3.9740706116280746
1754,189.95234764412191
1755,159.98703946662164
1756,1.1439652213863973
1757,159.12508624573252
1758,223.0749025999885
1759,3.5592971468792136
1760,194.7028968143042
1761,177.53323740768207
1762,7.677396287977546
1763,24.75007358649089
1764,3.457497730634242
1765,3.4947855912246073
1766,161.45121578903573
1767,112.33889642267721
1768,3.626247841050392
1769,75.66853120059062
1770,31.002545495891795
1771,2.1406181264997173
1772,140.4414608276465
1773,163.94916704913166
1774,3.3844333632424832
1775,204.9795696028761
1776,2.0138528866881527
1777,11.631711219582654
1778,12.625815589493293
1779,12.328595502008955
1780,77.39858122600549
1781,4.21275092551689
1782,116.646550152159
1783,159.50328650861064
1784,2.6087615914233
1785,47.87504099867162
1786,1.6606254299658114
1787,47.86929770761607
1788,3.5950633417569886
1789,1.6666661695479084
1790,38.81565001141581
1791,2.420290507214856
1792,1.4019134492333123
1793,0.2638611277890106
1794,107.41008652973305
1795,126.81593161646526
1796,195.09674242007728
1797,82.65221272480001
1798,1.5494175682014606
1799,135.68344172117253
1800,95.13090054102048
1801,3.286727475685529
1802,0.7790804706390033
1803,101.25678333715481
1804,2.720439969569647
1805,126.326198005718
1806,4.261804059274463
1807,195.75946066282978
1808,109.97929730251249
1809,41.969743037240356
1810,2.8067940689257314
1811,1.9141599017917312
1812,12.32978971278951
1813,1.8248247872876266
1814,120.49762498187921
1815,188.3864678050336
1816,3.5273668292446194
1817,64.44548648612815
1818,34.55755464968518
1819,156.18922877456936
1820,4.970598139989173
1821,1.206266046517503
1822,183.9963199087994
1823,-8.19704655274045
1824,18.395502547983412
1825,1.3409773574879849
1826,4.506498827350993
1827,2.450341446054646
1828,1.2593536789405255
1829,149.15643395059067
1830,165.60432783553148
1831,4.292119817564327
1832,28.64407661399359
1833,0.8252047249380723
1834,2.5475767815973915
1835,65.16592046214075
1836,3.56360553163723
1837,3.7964838658538795
1838,4.303415014282145
1839,80.48553621285185
1840,-5.851857309740443
1841,-64.62497224931997
1842,169.21542136205758
1843,122.1543772423164
1844,175.7064180339268
1845,107.17143523415474
1846,16.604818298417975
1847,183.56919884139705
1848,87.04650957978257
1849,2.628346919199748
1850,2.641486301295379
1851,-50.794264174900334
1852,3.8009234511298784
1853,44.509979531544474
1854,48.10425856082113
1855,3.8755833562646664
1856,125.51035394189284
1857,1.6866440713396225
1858,3.088015862413405
1859,4.528508891435204
1860,3.5843224230776114
1861,99.37611715251016
1862,3.9448057595378243
1863,54.929939407374626
1864,41.47359004854958
1865,141.28957096220108
1866,80.45955470029827
1867,37.46312329904342
1868,197.59733921727945
1869,100.24674946193296
1870,2.6663850700863856
1871,136.16023057807988
1872,34.34157178231333
1873,2.294979567027518
1874,14.686899552737845
1875,85.78064478969846
1876,2.144513888133584
1877,2.474047777956569
1878,42.85635291110063
1879,21.30949532385835
1880,191.83089215002116
1881,3.457944955640767
1882,64.43037018239785
1883,4.2920108506213435
1884,61.24053247652958
1885,196.11412296206646
1886,186.42329799356443
1887,2.455834587330235
1888,149.27051959843425
1889,158.33112844510828
1890,1.4004957882393407
1891,164.20241674401694
1892,156.5400122464995
1893,2.728315671330253
1894,1.4502017942733278
1895,8.80705508082805
1896,3.839339122125403
1897,35.85863645991975
1898,-58.86397335712037
1899,1.6427376775093807
1900,4.390462816426033
1901,184.1119089150024
1902,147.5022776131041
1903,-41.608107769126434
1904,40.506435582679956
1905,43.02996831591274
1906,119.07408047689403
1907,4.3114365179293115
1908,3.9653636968788595
1909,80.8860674254084
1910,3.7356025019513064
1911,3.092090534372058
1912,0.9512918006132844
1913,47.29220069097727
1914,-8.413491810061622
1915,3.5549941713935382
1916,0.03063512184253092
1917,2.0263419276179873
1918,106.68448212940882
1919,3.535346346122494
1920,3.220840893914759
1921,46.556860726077645
1922,2.2481982850437854
1923,4.506184849609961
1924,1.335447091733574
1925,2.753618181060991
1926,68.90607977494237
1927,106.92213146846834
1928,2.364803440376292
1929,33.40472534665853
1930,2.408526085371068
1931,3.791686117589424
1932,2.989434543802657
1933,2.3640278317538868
1934,167.83296194385855
1935,4.730692697242502
1936,3.1693234863479205
1937,-2.584611667862761
1938,-23.29121717803251
1939,1.994740052955295
1940,179.89459035510814
1941,2.6953309511478327
1942,143.55669906656445
1943,2.4437326898996394
1944,158.42877997309637
1945,206.88132786991795
1946,3.6116566134025487
1947,65.68431165850062
1948,2.9919485839558235
1949,1.4130653747433524
1950,26.764669244113865
1951,0.5522529578050497
1952,31.69153841654395
1953,271.31881793197755
1954,0.8051818105179003
1955,68.91171633597321
1956,1.3683892676917662
1957,81.69317775841893
1958,2.8229164992770106
1959,120.32744977764756
1960,36.92870601576658
1961,0.3806237538609447
1962,2.5367581994550177
1963,1.7253203715569363
1964,3.570145667725999
1965,58.624054919273426
1966,2.231154374892729
1967,3.3448865980007048
1968,185.3531046090941
1969,33.37849477403359
1970,3.085035106566793
1971,1.1933433623533274
1972,65.42616044930088
1973,-29.63956444893016
1974,1.2050539912581564
1975,0.631620348475284
1976,226.37782844111314
1977,0.7368807909796549
1978,156.9923855325975
1979,52.47315572385956
1980,186.72052289382043
1981,109.0409746736948
1982,78.8525310969931
1983,66.47962672467253
1984,5.590427690869588
1985,3.197099839935204
1986,2.3458572504504778
1987,4.695291735078448
1988,0.2047679509953767
1989,4.0246658734338725
1990,2.7768888909290625
1991,-5.055910290234005
1992,2.8619396218071915
1993,12.534435024437247
1994,0.5174574349172291
1995,77.0976388750581
1996,1.1760055359028
1997,1.6670752073623647
1998,3.5607334594388633
1999,202.62088596781933
2000,4.4123180635256185
2001,205.05236821625454
2002,-38.070255560821906
2003,4.309764166203412
2004,228.6645521129742
2005,61.73691180821697
2006,3.346363093295997
2007,31.27293345913759
2008,160.42038612883064
2009,95.62912401000096
2010,224.92991292178806
2011,4.224677331802228
2012,121.3821573985989
2013,-24.45946537825582
2014,190.36718999483622
2015,119.25980032110809
2016,25.268171734679633
2017,2.240951114725366
2018,18.352982816488712
2019,62.91786348800761
2020,5.211872081194969
2021,3.13589616000662
2022,123.24856714912632
2023,46.714657109394075
2024,1.861709249206017
2025,2.985930939420562
2026,50.60918757941078
2027,3.9487147503430906
2028,4.761545761343458
2029,18.529696142836485
2030,210.23417706574284
2031,48.08316649447459
2032,200.0198286726308
2033,162.32198912869086
2034,2.2019295084523445
2035,42.463029283159095
2036,124.50155848868702
2037,3.201959237118826
2038,1.751372637983621
2039,1.8177363698159508
2040,96.21300617205826
2041,185.03072873715237
2042,3.072925864039359
2043,116.73696013537139
2044,1.2304587459971075
2045,60.41137156259376
2046,196.8371885851808
2047,3.089691943048496
2048,-23.272611949693108
2049,1.1232217609027946
2050,246.61887965115417
2051,2.3521936753045747
2052,2.90954231708847
2053,166.42787638528114
2054,3.128115853488897
2055,2.624277673482284
2056,-28.581497420719494
2057,131.32624303423657
2058,-18.507364779905487
2059,3.1934101984951235
2060,9.532493041475627
2061,1.8408360471879055
2062,108.0970055900872
2063,0.8246751767266007
2064,2.6084600363103556
2065,2.028687173282421
2066,1.3952406168277685
2067,1.8855032252189274
2068,2.314513950192769
2069,0.5188866555304241
2070,202.56938462573322
2071,197.13662984591122
2072,1.6155522936793947
2073,134.9721775615065
2074,266.26750923240064
2075,186.6745839464484
2076,2.4075783020652133
2077,1.4936564088610127
2078,2.5987987025894137
2079,2.8645172919991437
2080,1.397352909871914
2081,1.400479870255174
2082,3.563576900133021
2083,18.569715821018292
2084,1.2285322524496394
2085,3.1454599311677187
2086,83.26050067077183
2087,57.979389948414486
2088,19.530077093116578
2089,37.50869819247004
2090,169.08263197316293
2091,132.80648558486155
2092,-64.1302491922597
2093,3.2484481454126826
2094,2.6319492548201513
2095,61.37409093328543
2096,28.560855531339712
2097,76.41808600150412
2098,4.156851626519464
2099,-17.576177911731687
2100,12.580966040096502
2101,3.9418315234695394
2102,2.57799878115338
2103,41.782154042803384
2104,35.1488073749553
2105,26.505579626522714
2106,210.1809060509912
2107,3.9908007865190553
2108,1.4226157847208072
2109,4.408961283717699
2110,175.880205148953
2111,2.5478072330981703
2112,32.03940578625516
2113,65.19846733342129
2114,1.9201980123945188
2115,26.853345292450694
2116,2.138687942258081
2117,2.273821703288008
2118,0.02369467908787426
2119,84.71069942260141
2120,3.4267740032490153
2121,126.93930396308997
2122,157.00555589112514
2123,2.0467694746186007
2124,1.0486590081815765
2125,2.896026407613051
2126,4.444875018883132
2127,33.67636735830301
2128,148.5319476423323
2129,1.1944659588528257
2130,2.1078704249045113
2131,2.489853300194799
2132,3.8036091126516
2133,153.19243642018242
2134,53.08345885558396
2135,153.2471331135264
2136,20.230985942319506
2137,162.97555968268261
2138,2.200588222050678
2139,45.50319814056795
2140,30.501375659043035
2141,29.937887208469846
2142,3.4739637224704873
2143,5.883776016536713
2144,116.37348732410439
2145,28.48916034118284
2146,2.8096511963093276
2147,1.4103631315296257
2148,37.87281975495819
2149,-39.160391460356585
2150,15.616488077592862
2151,42.56055816606748
2152,3.5602892005573383
2153,1.9652742812211739
2154,0.5159887597541692
2155,1.8169708224256573
2156,3.906642542072569
2157,114.6787243284592
2158,2.5434557932117157
2159,236.5639946104779
2160,156.66230446362502
2161,224.3535735302381
2162,1.4322467969048227
2163,194.3277051597147
2164,4.844351708155472
2165,2.2224549424043962
2166,2.163053299528905
2167,18.211895479166856
2168,220.92208597496924
2169,0.9250081904250209
2170,1.163405081018269
2171,115.92544054206215
2172,3.312964756012282
2173,173.40703642939332
2174,177.04885754470547
2175,-0.258923744532243
2176,2.9082674441049967
2177,-44.74217688785737
2178,2.776482508369079
2179,46.3791215843054
2180,186.01057551261565
2181,1.42586482414649
2182,112.37855700081195
2183,134.22928255448568
2184,3.917135732358884
2185,1.4599059178444826
2186,1.1771565270361313
2187,2.7110408404936295
2188,183.38697198842965
2189,167.33353451040165
2190,46.78042178996614
2191,1.0647873107794703
2192,2.2045710758700428
2193,81.835609667507
2194,1.8022265810601552
2195,3.136806878134686
2196,5.030697729930034
2197,1.5769506209625694
2198,1.1348769042568194
2199,0.7353172206143812
2200,1.1695671917378907
2201,2.3540200585319178
2202,57.337742331017594
2203,1.3700057197495958
2204,1.3493231141589535
2205,99.36371677961863
2206,3.9331739550507185
2207,118.98516169885838
2208,3.114015358039251
2209,7.502114815142461
2210,183.83456932357217
2211,1.0341993672641085
2212,3.3881164727285915
2213,3.4864246292172067
2214,68.5749034709088
2215,12.409011866973767
2216,43.76878505100174
2217,2.8036438583951115
2218,21.51163944135962
2219,2.3618589693034115
2220,3.1105639418896867
2221,2.582215407031304
2222,-30.043544793979116
2223,128.05826573327215
2224,-44.503795207267714
2225,115.05012430679932
2226,-1.0913834185198903
2227,40.54319630240235
2228,100.54465330700148
2229,86.35583609528045
2230,1.1663611063187562
2231,3.736704289456739
2232,2.660898580779237
2233,177.18302639480365
2234,155.46966423546064
2235,152.8684186373055
2236,2.0548710658213905
2237,2.233675661609807
2238,165.6888869029358
2239,56.98254644217049
2240,161.26024915526432
2241,1.0102240340594417
2242,157.92822933115536
2243,4.548275840235892
2244,92.74
2245,156.94983079631385
2246,70.21006073508671
2247,156.2818447972552
2248,3.9322824633796074
2249,213.99369214756553
2250,89.39735314536652
2251,3.087468488770651
2252,185.70835628650758
2253,4.055642431636352
2254,100.47103338878972
2255,-68.02651957394193
2256,24.622299811665123
2257,0.40120513946089353
2258,1.8069998423353137
2259,46.51247777937076
2260,4.281401084265151
2261,49.49075627485803
2262,0.5087599008819752
2263,51.523437684785904
2264,-5.101452750349499
2265,34.52861824407527
2266,1.40353020155796
2267,2.0143541451062523
2268,3.9813121465642185
2269,2.8803846224553853
2270,6.010087030902935
2271,110.98259544516347
2272,30.28496625597473
2273,1.994130225920662
2274,3.4380411163837348
2275,3.0579603458895406
2276,3.1261850078750895
2277,1.7205109838413941
2278,-0.9988968720554343
2279,4.545797755528728
2280,1.6670296160807294
2281,142.7406169959441
2282,1.8210937236594646
2283,2.599891443720698
2284,166.8777806148256
2285,2.059658209747023
2286,-18.649794710681157
2287,4.116031243063271
2288,2.3306107671964935
2289,2.8138489640567803
2290,-43.80970064667902
2291,28.218512639600096
2292,2.965725595521894
2293,1.1637273566213269
2294,2.1608831602961285
2295,1.9652778391899832
2296,3.4454062552124585
2297,82.62449688217444
2298,-42.348048988799825
2299,58.02964946742219
2300,2.6105706864544223
2301,4.055592860699011
2302,-64.08681743204718
2303,111.55404968051482
2304,2.672395851857313
2305,15.275358138272633
2306,201.33832482563577
2307,8.117767470290813
2308,30.200238856127115
2309,3.8384135877244274
2310,112.62100005808041
2311,-50.31923130805025
2312,55.66206596180689
2313,2.78547061133181
2314,2.9235657089884115
2315,162.21896838359473
2316,5.633335408636305
2317,2.3351801218250934
2318,172.6098402211669
2319,4.991519555531698
2320,72.40840268960426
2321,2.017742335286823
2322,167.45417230686104
2323,113.37666830457036
2324,1.2656105214372586
2325,21.32684099805636
2326,0.6403035927782499
2327,80.6688189242149
2328,1.2196294572797592
2329,248.08970278154487
2330,121.82278663941285
2331,0.0877400681336552
2332,190.88089989913323
2333,-9.521369073378136
2334,0.5559028153870056
2335,3.37587865115493
2336,34.34220894767929
2337,99.41788515306213
2338,128.9737038020752
2339,13.293827853743473
2340,35.67738923586624
2341,100.21406765319664
2342,0.5909436409515404
2343,4.560490873402114
2344,210.05314515302507
2345,3.8753480229612665
2346,95.48509132044614
2347,70.02158127431866
2348,1.2751686172371923
2349,182.69841626593546
2350,12.615168871299069
2351,3.10142453258626
2352,3.1066788609215106
2353,0.5216429386971079
2354,-28.97899894888473
2355,95.13309821943776
2356,2.4316129489412313
2357,71.94965344968863
2358,4.270845416173073
2359,5.165369893230323
2360,2.7525995167260655
2361,2.8372644529685
2362,188.80347420202997
2363,3.016154871745422
2364,172.9141592670245
2365,61.375537346645075
2366,31.706808052648043
2367,26.97492769922051
2368,-54.74503304734707
2369,3.0085572570032024
2370,152.52887596133195
2371,30.68824387631382
2372,37.25717310114685
2373,1.2749676576938116
2374,-45.667344455092326
2375,0.8288036775871734
2376,78.88347786305872
2377,71.91158779257566
2378,3.8022465760662394
2379,4.855094239237357
2380,18.1158926332064
2381,108.87511215757549
2382,104.65336743903961
2383,34.232246546529886
2384,2.18700593789415
2385,181.96842054422729
2386,4.401571942031722
2387,27.5522791367459
2388,174.85518853086035
2389,55.35189222279147
2390,1.2715823167938851
2391,75.9166688329427
2392,10.393758643803917
2393,40.022514575862644
2394,97.8294106534544
2395,3.200569380214926
2396,1.214605990104361
2397,207.46820147024732
2398,203.59592414555178
2399,2.7466839353249144
2400,130.03923727191022
2401,37.88765851032505
2402,170.99063965122753
2403,3.717904337306351
2404,1.4558825866040093
2405,2.883832811429723
2406,2.136004742215264
2407,51.70999809466023
2408,188.40399500878587
2409,133.34792794326688
2410,3.0337167497163566
2411,4.252410966624709
2412,214.55806656016952
2413,-6.675121612942787
2414,2.2638686296719435
2415,50.11553770100478
2416,262.0
2417,11.012088163696093
2418,2.5678273141809758
2419,2.6629848714943796
2420,1.1637302801538003
2421,6.728034162565917
2422,161.7996480825697
2423,0.9352823327508637
2424,124.98995014302963
2425,3.936732470590564
2426,-16.531019443991553
2427,113.04802328736245
2428,11.373060378081366
2429,0.8239183538932475
2430,3.291146364565856
2431,2.2337236252733574
2432,221.98378730440018
2433,172.99011612110144
2434,1.5391064903419815
2435,34.14701925363791
2436,162.62168729115032
2437,-62.28285446263132
2438,3.5698023782107864
2439,4.052190406361233
2440,121.73233155528914
2441,4.166297841943426
2442,4.380313246634142
2443,3.498236208109774
2444,-49.20174520374495
2445,3.299223872746429
2446,3.516023752687076
2447,158.65578924312146
2448,3.4456685597121757
2449,1.5978484279017326
2450,13.750099304878116
2451,0.9506952455600863
2452,2.5088103159658752
2453,24.071901567342046
2454,220.46955392034081
2455,86.13970934318117
2456,2.102802672087242
2457,183.2363375608462
2458,4.084162273432319
2459,0.7448548557968504
2460,3.5176114655384576
2461,45.10359009048076
2462,33.90454570047436
2463,4.526612447869081
2464,-54.64129137052811
2465,12.07318279773359
2466,142.5740956677957
2467,97.49986475368716
2468,180.9183304545455
2469,177.54385901069955
2470,3.595288217190414
2471,91.06163342780448
2472,0.5987515598660949
2473,40.61100698471486
2474,130.08683625161467
2475,3.654181038136036
2476,61.15111746575667
2477,96.66588970990577
2478,150.21199915147943
2479,2.2367061761922327
2480,27.812782889054976
2481,46.552110131552055
2482,1.361005700997648
2483,2.6749623727796665
2484,80.87822174981446
2485,93.45053479524809
2486,5.023047744464647
2487,3.3731047871468194
2488,-25.801168230451456
2489,122.30843629132625
2490,4.182599458026543
2491,96.98028213093407
2492,41.65057350446889
2493,27.48583170287573
2494,3.5821793933256503
2495,3.4046553907001953
2496,91.05000067778403
2497,40.427141453138866
2498,0.515242402776485
2499,4.297703205719796
2500,1.3198503354127222
2501,64.88840588842804
2502,155.45719908568012
2503,61.302383353672354
2504,237.2553833172944
2505,1.632490672554702
2506,2.8573726581667174
2507,178.9211771833348
2508,136.75427294612945
2509,70.03427698048249
2510,5.101256390029627
2511,131.49007879088484
2512,46.6153945118033
2513,105.40562698508239
2514,145.0384472558291
2515,214.0972872925467
2516,0.9199663364723358
2517,0.9574630111919904
2518,189.64665410148305
2519,2.962773858483751
2520,71.26035947855902
2521,108.91570276234314
2522,-0.2069202871042699
2523,4.410124812935787
2524,3.2152191754828903
2525,205.02784715402072
2526,2.982465581949982
2527,2.543807426327127
2528,161.93302250299325
2529,76.97108043322723
2530,170.67515864386112
2531,192.99900112898362
2532,19.393689288162037
2533,0.6968016963192183
2534,3.5839791727755754
2535,4.415014109809506
2536,2.594398592687594
2537,4.121748615010877
2538,3.7375280152600556
2539,107.52893749257404
2540,1.603975454245
2541,-4.9726925550142855
2542,-18.00679711508051
2543,2.1705439597213116
2544,116.58907579161763
2545,1.8483664880790578
2546,196.57310784708162
2547,5.9488593336421225
2548,0.2935398514017251
2549,96.24083610132637
2550,82.00251733216962
2551,-27.696997748941868
2552,1.366202304442199
2553,197.8663785154424
2554,0.10187164021801931
2555,41.47771548118352
2556,78.4511500313829
2557,2.937688838984384
2558,-10.61573627965415
2559,4.381576293769054
2560,138.71887762106425
2561,0.976529392804055
2562,148.2642218087027
2563,150.69302988399178
2564,188.9722858912384
2565,3.4408710998389456
2566,3.337514340213119
2567,178.33580841285954
2568,35.904587894508396
2569,43.989692226820566
2570,2.417417103558629
2571,66.7326264575232
2572,-34.483463437953866
2573,127.81420140872586
2574,1.3837085362306694
2575,2.753565221228908
2576,2.640326866845209
2577,3.7218602244043026
2578,30.968211182648062
2579,4.370757807960614
2580,2.948618151674385
2581,1.2481599368900593
2582,-9.722353490877696
2583,1.3372730092288283
2584,4.471390689597264
2585,21.792998697977055
2586,3.27411639310842
2587,150.8976481033308
2588,128.86086772439995
2589,3.270912685846
2590,40.813209780543694
2591,0.8153748050198284
2592,89.51967282883321
2593,38.23550177013558
2594,42.18300881337228
2595,35.92499096133912
2596,29.452118569504286
2597,3.798350464572267
2598,3.896929293133784
2599,10.805155222747642
2600,2.96505368516518
2601,154.16009250419668
2602,4.668959919736987
2603,256.06879813775004
2604,103.88683294154833
2605,40.363985986401914
2606,2.626969663626113
2607,29.03823739775261
2608,129.088146467714
2609,15.66963266625931
2610,1.384058774252585
2611,9.910234045595935
2612,1.6888955541792954
2613,3.0707801244100184
2614,2.1172744482931427
2615,75.32705190979348
2616,109.73138148303354
2617,172.4261278574177
2618,127.9668168579829
2619,3.1687690916452382
2620,0.39926001762761587
2621,2.895486334861312
2622,2.034246663974394
2623,0.8025386928522884
2624,4.4026544196057324
2625,76.58987897545055
2626,197.46502643134738
2627,26.36657238007891
2628,101.06649578581558
2629,18.470968109799898
2630,80.84177996761287
2631,12.378109315220103
2632,4.2719176654950965
2633,201.79676906336957
2634,43.293528959063096
2635,114.39670700226603
2636,-34.374713853137266
2637,2.0106255903854615
2638,-46.270309670471995
2639,-53.10188839397879
2640,123.32527643620045
2641,2.256508510183874
2642,3.7186307520338744
2643,114.54988398372525
2644,96.3317250076126
2645,153.07026748253887
2646,1.874737518324244
2647,2.034108259195795
2648,3.027299255255982
2649,4.204176064099077
2650,203.95069632447044
2651,152.03468623869674
2652,40.97499815471156
2653,0.900366063988798
2654,9.604598987582976
2655,157.10104533658915
2656,172.43845866571772
2657,1.9254632443988493
2658,6.066313666572665
2659,191.7106061056364
2660,1.273980491840189
2661,195.03238456361873
2662,57.118968291879725
2663,-2.367687242045707
2664,48.22301682906667
2665,187.1289098848484
2666,168.75812175139274
2667,-16.23939296821318
2668,18.85245111191984
2669,4.304698789505605
2670,64.44157071797645
2671,125.11690721324663
2672,88.02888006188779
2673,175.48645378150462
2674,162.25703504811116
2675,0.34124240328139166
2676,-50.16137677117089
2677,244.40968265868992
2678,1.911528417337303
2679,4.119638756669877
2680,37.96533943053553
2681,3.837828576317863
2682,1.8074447940803964
2683,1.9286719223340132
2684,1.8289087805454383
2685,4.069994736836153
2686,2.667664944501376
2687,27.585840415595946
2688,40.25145573161933
2689,21.892806327471853
2690,93.13872928322587
2691,59.09819064160807
2692,35.81212849231953
2693,92.83406528471525
2694,79.86864249142164
2695,4.725139616929786
2696,104.53250075042985
2697,2.2715829474392493
2698,1.5782992823080353
2699,2.7724221659187167
2700,148.36689222740148
2701,39.05327095362827
2702,17.43847245383433
2703,2.590444134054644
2704,113.418782843691
2705,2.2291247566243837
2706,3.588119481601806
2707,131.19269793371564
2708,2.6499605424046178
2709,27.83948556758613
2710,3.248272762897826
2711,118.47983958521425
2712,1.1230490003180007
2713,102.54917062870058
2714,-39.88563713249168
2715,3.1315475331694325
2716,2.444045521752338
2717,175.03034932215348
2718,3.0582787141017693
2719,2.4999310107240027
2720,4.332342411289009
2721,3.7938457790158813
2722,2.925511094866912
2723,170.63653477767394
2724,4.408256838338356
2725,22.955559816283277
2726,0.32665243875935346
2727,202.20013540428158
2728,40.77784038990312
2729,124.7914085845334
2730,125.38863152998965
2731,107.01117757070234
2732,5.0086653157522
2733,135.267932428669
2734,82.01244463013026
2735,55.88115266394708
2736,38.86166192802234
2737,147.71059479602442
2738,80.90815257235113
2739,55.4404639795371
2740,3.531266798275297
2741,32.392796322524454
2742,0.06461427686632504
2743,5.3947385915195305
2744,-19.498948800301285
2745,3.1085624674971117
2746,141.66261335106273
2747,123.7060411898891
2748,2.3378989797306877
2749,3.5429738824513306
2750,140.74752582610205
2751,184.78668736184477
2752,2.0380041610623003
2753,85.48047032177422
2754,0.3965727598105475
2755,17.60864861246931
2756,187.31889553081822
2757,4.351283073379842
2758,199.94822204359738
2759,35.19420230194362
2760,120.33926875191058
2761,4.080739051889265
2762,2.6445887543955235
2763,62.253955496948194
2764,3.0201422240569507
2765,66.8337651831774
2766,0.09357504693664498
2767,185.6122779821492
2768,2.8719361912673262
2769,2.622813432361977
2770,142.50778834899052
2771,80.61897600056426
2772,5.415264810271921
2773,2.080021544464813
2774,3.1618618770291196
2775,4.136719898466163
2776,1.236595586634363
2777,182.02653305842045
2778,18.01465032253821
2779,1.402713928541476
2780,1.6768766594929942
2781,172.44381670278554
2782,142.6769386958821
2783,3.781538839348838
2784,1.6181258061917756
2785,3.9699230803329835
2786,2.112117228358863
2787,36.86234811196019
2788,-0.48919808001969844
2789,100.34729093750127
2790,162.03646319162124
2791,52.86366399839898
2792,73.75718285490778
2793,116.91237185533349
2794,110.00109887763655
2795,39.229562074668
2796,162.67153889224272
2797,70.64646006168527
2798,29.627916868218065
2799,10.901093300182039
2800,4.0541855758274865
2801,2.988618721703583
2802,2.0113771223089034
2803,38.13695354407967
2804,2.4052531936796457
2805,38.87514907031223
2806,3.504060213975235
2807,18.973824868480204
2808,54.75998549901304
2809,4.021692019675458
2810,3.1742790434426102
2811,138.7489398261145
2812,3.2881601030164602
2813,-2.9699816861230213
2814,3.8878702034628514
2815,180.701224426284
2816,37.68404099338285
2817,182.61584805391553
2818,71.09834414815147
2819,39.96216362929516
2820,90.37739122469767
2821,21.435614028926192
2822,4.086054478505943
2823,36.665003483964625
2824,176.47691399795454
2825,74.38136203631802
2826,-43.37088348741126
2827,4.559249562571597
2828,3.641389610328436
2829,3.184681513322872
2830,4.092680279970785
2831,4.4252193898645675
2832,1.3253433416766083
2833,86.71236979777586
2834,2.297823359698941
2835,2.257527889578926
2836,1.7528522311623251
2837,2.1160490144918214
2838,4.377984970865156
2839,1.388818181825597
2840,34.34479398085956
2841,34.05064821761647
2842,205.39371944317926
2843,3.027518321312681
2844,125.67415938805053
2845,207.20375826495973
2846,2.6611437696240507
2847,52.11173549755151
2848,3.3112232846774505
2849,-42.3783810560791
2850,4.248491192384317
2851,4.29190632471654
2852,-23.89772354597423
2853,23.236958145024808
2854,-0.02159264902234559
2855,37.53725207786161
2856,4.428455615750528
2857,18.840492278944303
2858,150.9507262585452
2859,0.2315751610466189
2860,95.25971945908348
2861,191.8929456316897
2862,179.52590905046858
2863,2.357609124053178
2864,186.66112868128266
2865,159.7360820975494
2866,0.703316674804392
2867,1.9808869904329116
2868,51.53009345543968
2869,26.65307931558612
2870,121.81630224249785
2871,3.6912922712543796
2872,167.51863630990863
2873,3.31106651385379
2874,37.83199465884503
2875,2.818445338444933
2876,-30.17714264931825
2877,217.2396948134374
2878,-53.743173469170856
2879,3.6173354350832754
2880,167.3972764341828
2881,3.565670519930454
2882,3.973371129002535
2883,2.76412343810921
2884,5.023154063844428
2885,123.87954887041823
2886,151.20332509713356
2887,3.9138124860555097
2888,-0.2757058097555702
2889,4.072313614329959
2890,1.0041588812981526
2891,-51.36654457710758
2892,97.79522497586956
2893,27.716835327918588
2894,47.67388113234163
2895,3.5206291568226957
2896,0.94011613832763
2897,4.291286989863139
2898,56.87054085649921
2899,20.48368954947382
2900,2.2551280059774883
2901,17.541478774887707
2902,167.43022139926273
2903,183.44998564034188
2904,0.6204319892595147
2905,2.55806405557298
2906,20.694640768275
2907,2.789126624901435
2908,8.892579275565252
2909,1.6307061679545856
2910,78.89854617765329
2911,1.7182985467673975
2912,1.5467775147049585
2913,3.940070364943125
2914,7.131599195349883
2915,5.514257226888773
2916,146.4283166125406
2917,100.59874591200018
2918,2.5168501992390118
2919,256.84346677475395
2920,135.03285810143785
2921,3.5343951498210697
2922,2.414655426763194
2923,154.28365367555318
2924,4.09898611144252
2925,3.5137358508615852
2926,3.7544529277796785
2927,14.866641099731652
2928,3.990685367226563
2929,106.91227866291747
2930,183.8643294100769
2931,0.39586222032949747
2932,2.771516472162161
2933,-14.6813719665457
2934,76.1327301476617
2935,3.2038323907543482
2936,-45.65520553695101
2937,4.449760037470351
2938,-16.650343035030538
2939,1.9047121468337123
2940,103.91830581090812
2941,57.24636426979417
2942,30.2918958113218
2943,3.7800415998392847
2944,4.244834474196838
2945,4.364053419963379
2946,4.870108946328311
2947,-41.77111458708322
2948,1.1277450033759573
2949,4.276843414821399
2950,1.9554295951334137
2951,94.93260760554597
2952,87.90731059576308
2953,3.3096288255358006
2954,1.0652643706632094
2955,37.13329347443757
2956,4.315651994184681
2957,64.78489519293733
2958,4.018544076908814
2959,139.02668206671018
2960,3.877767683821827
2961,140.5536361042559
2962,1.7042806471388885
2963,2.4946085070117476
2964,155.80278381910932
2965,130.91631972156125
2966,2.74841250647046
2967,2.7514409627652237
2968,116.61681852138399
2969,-66.95594788574678
2970,-0.32219050517818865
2971,153.85856655852933
2972,5.286220574982227
2973,134.34773014639697
2974,175.47027032968293
2975,3.496936421028493
2976,29.415676672668887
2977,28.64398515816596
2978,2.7703425786304625
2979,3.2125766278984367
2980,216.34548282173006
2981,217.0856848432731
2982,97.16218576446948
2983,86.99807203115549
2984,195.33332768505636
2985,78.52051784255062
2986,204.21998155751731
2987,161.36564318461262
2988,78.69718040661684
2989,77.37382739081613
2990,20.633051368848115
2991,4.3863301275489865
2992,1.8090333476418587
2993,3.899952702447523
2994,14.228403886500516
2995,-0.170357276487084
2996,2.824383733324096
2997,2.2547357927628875
2998,54.560575693737576
2999,110.18544449403444
3000,43.1067918856711
3001,1.8841999069753967
3002,206.06796387361302
3003,3.028616082191107
3004,195.9948075800644
3005,56.99847654203483
3006,65.47932307649819
3007,4.793344865047852
3008,1.4494782071567087
3009,18.613418732804135
3010,2.692170484580287
3011,32.26935488651436
3012,3.496838135084239
3013,135.98730954101612
3014,3.1674192857654684
3015,2.402009072112183
3016,3.130863086233791
3017,4.248966929817807
3018,2.7715480356668865
3019,150.02106455174209
3020,1.8846349002328981
3021,171.6994428353792
3022,192.42231159713427
3023,1.9376169787615827
3024,69.91457840775338
3025,163.10926651699197
3026,103.61940764931393
3027,3.482278759469252
3028,3.9988328610268606
3029,-13.449273151982233
3030,-30.40389649848592
3031,3.34090306936079
3032,4.194489530891089
3033,3.1533804723625267
3034,87.0547346949707
3035,100.61914845923722
3036,146.32679194734175
3037,3.9753807328764585
3038,1.3727161641494319
3039,-26.356357297892167
3040,104.09478039764419
3041,3.2456901880370297
3042,5.479742799976577
3043,3.793197360503333
3044,151.36851882415422
3045,116.7630107167453
3046,3.1493667361848887
3047,2.681163457600023
3048,27.421041861216843
3049,4.334628652107486
3050,167.12240972231072
3051,71.91919652826371
3052,4.337806574983436
3053,2.3695612995084976
3054,87.51083642207412
3055,126.36629221511879
3056,31.87364537589744
3057,2.594668639432944
3058,67.61505640466694
3059,1.2457129140231575
3060,177.9635230596959
3061,3.0901285195710395
3062,157.96407985989185
3063,97.11630475470632
3064,157.95703606835434
3065,165.60407833696348
3066,84.11119828833539
3067,36.03485788770191
3068,3.902162878312727
3069,3.8501401826183512
3070,2.3819303047292233
3071,4.669595003913696
3072,151.9696881095851
3073,93.01103129631247
3074,4.17515757629285
3075,4.460380105513391
3076,96.0187410660302
3077,0.5753616943758821
3078,54.16004338314839
3079,4.231612552738051
3080,2.64978574791569
3081,-11.049175787850206
3082,67.35746808552307
3083,97.92314935897693
3084,0.022419495723204008
3085,3.777671649592021
3086,146.24184160040153
3087,1.5155069165314243
3088,65.79541044257161
3089,2.481750781544036
3090,213.60298741941924
3091,98.96739551014485
3092,63.68250596348594
3093,2.3462865701288256
3094,131.07142123505815
3095,181.91259237465493
3096,94.65180254391484
3097,3.2545893963347843
3098,3.001633500155943
3099,12.048458605820262
3100,58.686314349782926
3101,2.40413801280476
3102,1.7289500972748688
3103,1.5099891586466345
3104,39.83856318150065
3105,-9.473902088684511
3106,10.67785144817146
3107,0.18384173332004522
3108,1.8542546333710375
3109,4.5500452807559055
3110,167.00361572471058
3111,1.1071931047248504
3112,141.85080515554733
3113,3.4570052645886102
3114,29.140431037246763
3115,189.4998101677712
3116,56.43940148387098
3117,-10.270349865731394
3118,183.1031901799372
3119,3.003644349893547
3120,29.644816361416083
3121,13.018957230839519
3122,91.21779703601688
3123,2.6393350451090622
3124,1.6880585095063725
3125,2.4087163266121006
3126,149.42435686629628
3127,172.1607960991284
3128,24.652580888671253
3129,257.25588378715867
3130,1.5959827661500339
3131,72.80570684972386
3132,129.93814782070328
3133,77.71405523912385
3134,170.05867036388503
3135,0.965730665527751
3136,215.25436548985303
3137,1.8996232624545768
3138,108.4293645097172
3139,4.4644045498919285
3140,1.8739193080625407
3141,-4.688618593744213
3142,2.1913925908478156
3143,70.97280019571018
3144,183.88353980292862
3145,3.1650116097978
3146,192.64144353757652
3147,79.80844178530461
3148,76.16250054736123
3149,-4.751715967848574
3150,0.9043355513851934
3151,165.21690172179606
3152,4.070345196813733
3153,152.37085008471206
3154,112.26671672508846
3155,20.069241014956766
3156,25.405407513713214
3157,3.476611885740156
3158,199.39497837545764
3159,75.88799532450707
3160,173.71600012562743
3161,-36.77776358195784
3162,2.2083081128815927
3163,131.55114828959523
3164,1.938350674377098
3165,-8.044255259617898
3166,30.557474178513857
3167,4.461049494869154
3168,3.4985533225132035
3169,2.250175014745267
3170,139.7867964331682
3171,1.3649363122543985
3172,161.3878702375506
3173,187.95562596958737
3174,40.68106914595499
3175,-44.218670950983395
3176,2.84718051050859
3177,2.463925251235186
3178,109.04694859700771
3179,4.625757336304017
3180,219.72075193188948
3181,138.60967968224634
3182,204.91579697541374
3183,3.0194461620912807
3184,94.73272129836431
3185,4.797961687436108
3186,113.00868891062377
3187,201.7729110806555
3188,-12.542798101591242
3189,197.62863029949577
3190,2.7336166688715227
3191,161.783057676326
3192,32.20936838683009
3193,4.499503468547915
3194,2.6049776199187518
3195,3.0275239677452985
3196,94.56137229816778
3197,3.666401899849594
3198,122.75864884603868
3199,129.81610147364472
3200,0.9473244214386212
3201,236.55694078260635
3202,2.8138322094677086
3203,3.107376542378235
3204,1.442639706553182
3205,4.984185834557707
3206,182.9368845278008
3207,3.896576083639882
3208,135.95460637271373
3209,-30.44813457805233
3210,4.660608922621045
3211,123.59882278040882
3212,155.2458616423467
3213,1.3370457857575557
3214,170.54384710678463
3215,1.1513367930011897
3216,3.758323549785872
3217,89.5457749885209
3218,174.38608204786385
3219,50.295193736403014
3220,45.88723162171645
3221,67.85651668782545
3222,179.41758377938547
3223,239.77805745704308
3224,-67.36614205417872
3225,80.80296439789072
3226,4.4915278479095795
3227,4.37764006861675
3228,7.378972736886965
3229,195.63855406945424
3230,155.88947444752176
3231,2.407203040583112
3232,3.121548740993691
3233,4.3160163846328
3234,2.9179163969996806
3235,52.65355647154204
3236,93.65550263775603
3237,10.496331374716842
3238,211.80292446519786
3239,4.398772808435422
3240,35.80950715778558
3241,-0.3539918000452955
3242,1.1973164021768374
3243,22.721522956506448
3244,108.58653813031552
3245,3.5129536545646487
3246,168.3505290825238
3247,4.160110726640501
3248,42.07142118857716
3249,-14.504299522678636
3250,161.27064727391001
3251,155.18176020626706
3252,96.65106155212402
3253,42.171224608157
3254,98.11821706974874
3255,4.287119332301496
3256,4.050945661194086
3257,7.889672428226383
3258,1.5192884335434473
3259,28.139149282212895
3260,3.802283049420512
3261,64.46849211021072
3262,203.17823508479748
3263,1.577714666174891
3264,1.9225708715958114
3265,95.71214003725146
3266,2.1922091751111386
3267,4.520176730343854
3268,2.35950468172417
3269,3.235600905165297
3270,34.86757044460532
3271,159.4734301026897
3272,0.022697161015565293
3273,134.83788368904382
3274,145.70515152727737
3275,89.04012689586108
3276,75.52089434718596
3277,4.1835292978705905
3278,4.328375245768792
3279,2.128942556363933
3280,98.80214948425106
3281,196.9617878806938
3282,2.022077464992918
3283,251.07222036307599
3284,242.65790710133572
3285,64.52188206020642
3286,2.6973229080114534
3287,9.879108774661866
3288,13.44560572910359
3289,1.1870301585119447
3290,32.39178224116776
3291,161.66769452348714
3292,1.1133413322414922
3293,32.59832942205949
3294,138.3170717700068
3295,113.74579390312526
3296,21.013744262650167
3297,139.78199680749933
3298,-0.18967695245790683
3299,171.0500960518613
3300,1.7092986500244751
3301,147.86245938062973
3302,142.6196871180411
3303,-8.793786470303612
3304,165.21251573931426
3305,1.2679944240787626
3306,3.116534365033689
3307,110.84247903178309
3308,0.9560997983854573
3309,4.323538158157053
3310,-39.2304976666818
3311,2.301980632756809
3312,2.729746777100768
3313,0.15846562400273267
3314,3.2058092082327923
3315,2.753382249252171
3316,206.84890048080644
3317,212.1171280567762
3318,20.418786572106235
3319,1.293364580403617
3320,1.6094405843136796
3321,3.308247235108292
3322,106.56419936247163
3323,1.939335182349525
3324,2.4579450890706793
3325,233.76060494911945
3326,59.04165468449199
3327,-61.86634456287203
3328,4.987763797560562
3329,1.2762021618505257
3330,118.95073617855098
3331,68.2056297732136
3332,2.4522124565042374
3333,169.37431583321194
3334,77.02213604794346
3335,2.278415155189758
3336,3.2387966960986656
3337,1.4195336087702204
3338,1.1057332403660785
3339,12.672118991044321
3340,21.299337088507507
3341,45.1395448153526
3342,158.8006170365085
3343,87.30763807485289
3344,1.3807947813966668
3345,179.9859993676587
3346,190.02492419088253
3347,120.72062997688143
3348,47.90219769867623
3349,3.5636400864471582
3350,2.869743064039471
3351,2.4281567565574904
3352,1.3656547613975094
3353,96.58214563971507
3354,17.32925363612626
3355,2.653053479019115
3356,210.6690117029173
3357,0.6372951141465446
3358,155.98040050572297
3359,76.09859579523491
3360,96.21988518172337
3361,2.5622813001326525
3362,1.8982531595456291
3363,2.057772104228349
3364,25.016929705688383
3365,79.21581725664633
3366,9.880634699713056
3367,2.3708067156926527
3368,94.6552047771952
3369,0.9040222741313806
3370,36.78335455515601
3371,2.267873382514809
3372,147.53380401301033
3373,44.82689891013682
3374,212.53641930393218
3375,0.5943616214268497
3376,1.6401197789776245
3377,68.62919586829645
3378,1.1873836392199442
3379,33.243497077045454
3380,225.88952095733714
3381,4.267253247758485
3382,66.27632234522764
3383,4.376340542783657
3384,49.234948249612515
3385,1.3687824998306095
3386,25.797502483001274
3387,1.794136661697097
3388,124.95758186012091
3389,151.18420097382642
3390,1.3903528639429363
3391,3.226155274169094
3392,2.787946248279517
3393,118.87247556297893
3394,87.62380735505701
3395,2.6697259025724485
3396,3.6913489582033163
3397,106.6708160329116
3398,1.0970614403855945
3399,141.17644361097607
3400,139.18120177692697
3401,2.9332177939858113
3402,-0.37158023050460964
3403,42.912195698539946
3404,77.5827809779349
3405,119.98936736256807
3406,168.2238442868304
3407,2.963044694768939
3408,74.33674029939186
3409,69.77361067085081
3410,4.059660754855895
3411,1.5247975222398331
3412,42.88334010551524
3413,1.8182387281986705
3414,4.553451862937389
3415,89.67388000033039
3416,45.85047402194289
3417,141.06729741917562
3418,104.85962629015224
3419,36.10427500016537
3420,8.307114443949986
3421,-17.331448616709487
3422,126.04707275406815
3423,1.6589951365097524
3424,1.8245622323142667
3425,28.09248709721478
3426,1.584761313176068
3427,34.609098853274624
3428,1.350776861612652
3429,222.4791737523854
3430,215.20392263567544
3431,58.23803837787819
3432,4.491078096162182
3433,68.97473258102073
3434,1.2542698092666307
3435,217.64817153525422
3436,153.60461449561433
3437,2.4782203228098605
3438,19.41546491916187
3439,196.65235594380113
3440,4.087196943161482
3441,3.388617011124553
3442,174.16653741185593
3443,3.207621330864304
3444,131.51680962426576
3445,2.460238132869492
3446,3.74213313922549
3447,168.5297628383591
3448,3.915744197287906
3449,3.474936991261166
3450,66.95733042941737
3451,138.1432187803756
3452,1.4654685742095115
3453,1.9042812932083457
3454,6.273311080020246
3455,2.669662454102567
3456,4.079166236224492
3457,2.407359962775264
3458,4.059617632180982
3459,117.02206473675037
3460,-35.56240806436904
3461,0.80560162330005
3462,26.905771249923365
3463,162.3473108260781
3464,2.890040805719952
3465,1.9104255722576209
3466,4.306527690475027
3467,73.87911805085761
3468,16.29818035946539
3469,219.15689728954024
3470,98.47814778312835
3471,10.570150932635379
3472,188.13192969592615
3473,4.66636365210769
3474,2.269780436136898
3475,3.295075444690212
3476,23.42919253146932
3477,2.110265077724835
3478,4.9951303225930355
3479,1.5377816575594343
3480,76.31806414790249
3481,108.21327433766325
3482,51.70124542520701
3483,38.09679864555074
3484,128.26218494672543
3485,1.3488543754870868
3486,143.33858454967043
3487,3.841783854271818
3488,3.102312182339646
3489,2.2680949315397783
3490,1.0920508040850923
3491,1.8965613930795104
3492,1.1340568600600007
3493,213.1059701901707
3494,115.96602384720103
3495,3.9643111556355706
3496,-0.48682413849009176
3497,1.207250790122988
3498,4.4605057333594695
3499,2.9165158530257767
3500,79.16895265737017
3501,195.85500330075882
3502,4.700708537725468
3503,2.3209986640478024
3504,81.64582684525462
3505,109.62357319482106
3506,53.68505091018746
3507,4.145225042865925
3508,1.5190519798305435
3509,2.296127611399201
3510,186.0045071429724
3511,1.309010005464292
3512,39.893235147347944
3513,58.91109428128783
3514,2.540007083493431
3515,40.3480497109764
3516,1.202278022531391
3517,142.40643720476297
3518,2.9591570285222097
3519,157.60955888476875
3520,222.00177907408528
3521,1.3843649591473075
3522,34.046996917832786
3523,3.328540527594967
3524,4.151147328852964
3525,3.8167001891486683
3526,22.762485120956644
3527,0.9118016576593475
3528,202.11410224815313
3529,134.4472140432706
3530,0.25952494463889497
3531,53.00492682811918
3532,183.41344554880163
3533,29.157727668892818
3534,5.201583647667635
3535,52.31400864662635
3536,1.2536729889108478
3537,52.91243268354391
3538,1.5946018161510769
3539,25.243338058989167
3540,101.01876980356872
3541,-37.99860976774848
3542,2.142309679649447
3543,122.83519960228536
3544,27.75369964098819
3545,1.2681148920031824
3546,1.9911687316684197
3547,133.92469000097176
3548,2.2508208925314586
3549,1.4440561560008898
3550,3.1515176379767618
3551,2.9311752914891764
3552,4.016310658657111
3553,5.095354723742236
3554,103.9516636270864
3555,1.2425727558866395
3556,0.8695883711217336
3557,78.77229006259178
3558,2.9186523392230583
3559,59.033745585033515
3560,34.971187721180016
3561,3.5071705106202824
3562,7.221779112993353
3563,-35.79048179882183
3564,3.984634453555601
3565,3.6366029586379707
3566,123.01385846402947
3567,1.4479310037185702
3568,161.33402775261908
3569,120.1870188280505
3570,22.386700932349722
3571,138.39278889763023
3572,1.3076768242283987
3573,3.937569869155994
3574,3.866470380422702
3575,1.2738825509732328
3576,3.416829022954946
3577,4.3496761235466925
3578,41.33120203570809
3579,1.3814533803703877
3580,48.42332701257626
3581,173.52616885191455
3582,32.62909346321774
3583,46.549634916047026
3584,5.033754525011561
3585,13.299197033099937
3586,3.045737783884841
3587,25.138154695951812
3588,2.3009819112204566
3589,158.5525820996457
3590,2.3015543392100923
3591,2.7077657829722734
3592,127.1921185624457
3593,3.2572324081923343
3594,13.970679822017974
3595,4.216122581333121
3596,15.781433111044862
3597,220.8520816045235
3598,46.173275778627435
3599,41.85624858590654
3600,1.459055266731808
3601,214.5494752214036
3602,0.9674844941912948
3603,2.9627678471312606
3604,0.39182571706713554
3605,104.67720600009942
3606,1.3243025553316903
3607,2.8687392258481372
3608,180.92326289508247
3609,130.28193910934945
3610,13.395375998680453
3611,3.644565733497054
3612,197.20312428208624
3613,3.2677057642024625
3614,3.279943952303549
3615,4.08738860116102
3616,34.9355584632744
3617,2.687680560115184
3618,1.7467319103033736
3619,-47.25446641737643
3620,9.98807468863997
3621,43.278405120001054
3622,3.462973177434465
3623,180.07887985804422
3624,-10.858696628141328
3625,68.26750198240022
3626,36.57093361770385
3627,18.86366022619901
3628,4.353650696632053
3629,19.44878320358037
3630,174.67349258286595
3631,218.0291942064489
3632,174.89278350171537
3633,166.34099867508326
3634,81.04151689737316
3635,90.14063868075834
3636,3.318192670780333
3637,25.547391403803655
3638,36.6337733041275
3639,3.6230624627127526
3640,223.082556057335
3641,142.57457295096256
3642,103.6703513760458
3643,136.5432867291814
3644,3.769173212765364
3645,71.93453521066934
3646,0.9696006670638546
3647,4.564624477060089
3648,163.68914256490396
3649,-8.998363471265046
3650,2.8246095653076604
3651,130.1987288311333
3652,28.067753962536397
3653,1.5643617375461734
3654,45.1962181366567
3655,1.430282532340978
3656,93.14753220552919
3657,3.9892514761641804
3658,5.455298809162261
3659,3.0392538538474367
3660,3.086785018363302
3661,22.347472086626336
3662,1.3257029582346194
3663,3.9590606380506665
3664,84.30042886007035
3665,2.899908419234234
3666,190.65185284092115
3667,167.01994786468345
3668,183.55291690601643
3669,164.85928916820774
3670,6.029812045314205
3671,3.9439696646518456
3672,145.33447896950008
3673,3.8217830548938725
3674,207.0863680523677
3675,99.20131672990259
3676,38.43229463020694
3677,10.677160962621693
3678,-14.268010087645152
3679,2.6178282801126915
3680,2.5776807484994633
3681,96.15842752440653
3682,60.28088434766124
3683,107.89440950924192
3684,27.803445579666143
3685,94.16797931870977
3686,198.05120848594635
3687,65.66472902446083
3688,210.9659049833199
3689,1.1369088500865467
3690,113.28909115458909
3691,116.04741236977651
3692,209.42614520648834
3693,188.2291597056933
3694,-0.5618712850654811
3695,168.46178048061446
3696,127.64234537165794
3697,-0.10167319473562833
3698,-41.49954442848749
3699,2.65414379616666
3700,4.192668255005382
3701,268.99968885276013
3702,1.3275627060981738
3703,2.2242894965398774
3704,3.107954313330122
3705,0.20342317215221972
3706,41.62603607757556
3707,-17.430252129867462
3708,100.2418820158529
3709,2.437801049851035
3710,3.6166599329168925
3711,224.3590939374244
3712,46.57443359885799
3713,4.201331591549541
3714,225.00799815550755
3715,2.118375321865561
3716,1.2786282120302013
3717,116.3244396287188
3718,40.83764744958755
3719,105.42321975039334
3720,108.96807441652962
3721,1.58588487282438
3722,2.3917180500631727
3723,1.0326105796455172
3724,1.232235720901277
3725,44.66243459951603
3726,1.2145989220203248
3727,165.18070352293537
3728,43.27560238146578
3729,-40.77190132427026
3730,116.68949055884877
3731,59.90292885139306
3732,2.597735612774783
3733,-40.94182128554171
3734,2.049405125047214
3735,1.2281857542675845
3736,-25.059391892757887
3737,1.3594228923113478
3738,135.24807194432037
3739,-35.91001191203446
3740,169.15309985151612
3741,30.717942672763037
3742,179.57292491060082
3743,1.8023162900786767
3744,53.74353435116578
3745,-16.585828248895503
3746,3.057323643534854
3747,3.3133680732558934
3748,124.2359178146985
3749,45.6555840557548
3750,1.6285224818052741
3751,155.55503106220988
3752,65.80992166914105
3753,3.430678814881248
3754,2.4353711172718735
3755,18.0898619804288
3756,3.636489195979598
3757,10.667752595926896
3758,3.8752687676234583
3759,28.148103013607503
3760,1.3471433583294266
3761,4.127359033640149
3762,4.514084196669842
3763,82.69176865744487
3764,127.63893627699807
3765,255.85790141371035
3766,3.645978946628084
3767,204.24202407078818
3768,37.9435464866792
3769,0.8539670323628157
3770,100.27860319686134
3771,2.012423591253664
3772,128.28403346921348
3773,171.5752628839928
3774,1.3410059958268477
3775,2.715096270228051
3776,148.97572790804367
3777,4.013329038096051
3778,171.79822194766984
3779,200.2550126983926
3780,1.3847961255649102
3781,4.907100701529163
3782,1.1448973304430585
3783,0.7811748316464129
3784,3.466372968690414
3785,14.889235418901396
3786,55.44695132908964
3787,4.522548007060932
3788,4.221128554415198
3789,202.5815364953064
3790,3.9953890235724874
3791,4.275264836959326
3792,2.3944213737129254
3793,9.894900242371289
3794,-2.2121673757035514
3795,131.29817073491887
3796,155.37550697931425
3797,3.078056708210835
3798,141.0913643726209
3799,-44.8872967682451
3800,166.05074420983988
3801,83.15943942217727
3802,107.67952790915994
3803,41.450907828348164
3804,38.869834786030744
3805,2.919911826925423
3806,1.7168061894336493
3807,50.62504592673987
3808,2.2056046029206713
3809,-36.20968634538156
3810,2.1957970234696873
3811,2.9928252935080315
3812,183.6900947035873
3813,2.3511663108739533
3814,200.785604030174
3815,3.461042752922303
3816,2.9438538264710887
3817,32.46881977040234
3818,4.275829723272359
3819,2.075720905348695
3820,63.24885071935796
3821,2.621014149292992
3822,3.033408870796466
3823,176.73528785551628
3824,3.6262440632440027
3825,181.6241618045659
3826,4.5538708966267345
3827,205.28002765742974
3828,200.9794006349219
3829,4.286616765321994
3830,159.5996578701513
3831,45.15802606139207
3832,1.28655461557373
3833,37.14441161943499
3834,50.369308206807816
3835,1.5723708266559602
3836,2.8177838434406137
3837,4.306414527413546
3838,3.468211341356853
3839,166.09594721971183
3840,3.284303651929333
3841,87.87951842497513
3842,2.3287218324756487
3843,174.01171560160716
3844,3.300435951293469
3845,4.343180377393613
3846,4.230009084845839
3847,59.069884366148784
3848,91.30897828350659
3849,140.95641255866434
3850,9.98277247925637
3851,101.17591225688778
3852,189.17273783502836
3853,3.4194212168013203
3854,160.0414941076489
3855,1.534762386450919
3856,45.04015012934143
3857,2.52882973344315
3858,2.120305557893561
3859,175.27916880604334
3860,2.193442340790539
3861,-53.54528030475015
3862,-10.294761314199253
3863,2.3150543327258344
3864,2.2251050719391388
3865,211.24269679872862
3866,2.7047740561920897
3867,134.4744987886624
3868,3.15452105012773
3869,2.567481686010569
3870,82.9044579317414
3871,28.63951634846336
3872,2.517131231591237
3873,28.360031041538704
3874,238.7217864208744
3875,187.46819122933385
3876,66.85561618443572
3877,-60.94717603193338
3878,124.07197750277324
3879,183.4030399259434
3880,4.392596877181249
3881,2.1828624215242485
3882,1.5582092698957535
3883,132.10063082347597
3884,101.8821388856316
3885,4.0945489916164
3886,3.387304355721926
3887,4.63663291926144
3888,2.263270054087664
3889,114.48002177528883
3890,0.5924094448384167
3891,1.7450187729918996
3892,120.74033545336269
3893,2.1911388404255114
3894,217.44574796928612
3895,-20.702947716347083
3896,14.604646596260345
3897,157.80346937181002
3898,137.5008336511546
3899,0.9340200364834785
3900,40.29907536773575
3901,97.3763558873386
3902,2.198136429212328
3903,19.70669658019517
3904,35.24910386432454
3905,2.563260694726944
3906,2.4304619934795477
3907,152.36614671614467
3908,102.63180453389037
3909,2.024315663673942
3910,2.167105141368912
3911,157.59006610286298
3912,2.9011358920491768
3913,23.82689714258664
3914,191.1769586365693
3915,3.7586468832002398
3916,3.780258843199859
3917,2.335058096439763
3918,-30.37462888561612
3919,3.589927093069248
3920,24.409525118984
3921,51.49255353550669
3922,4.576573482890673
3923,0.2922477735672969
3924,243.1219259510616
3925,43.9878361778973
3926,-0.22831683189016055
3927,174.92957907807673
3928,0.7010896440570389
3929,4.1323173545752345
3930,3.3577554557871334
3931,118.03901696808444
3932,2.6330199147366535
3933,0.11226359652214035
3934,5.133742720093229
3935,163.16642656587848
3936,0.7964810460937453
3937,2.2092582614608096
3938,2.367133481031958
3939,210.59939409552024
3940,4.767395653654756
3941,3.976989527184556
3942,1.326932414410196
3943,2.282531920134239
3944,5.4061417675239
3945,223.29595452526672
3946,147.78868257982583
3947,27.3940258728867
3948,101.1719246254035
3949,3.71073904832841
3950,163.3107329895077
3951,1.0929579063461998
3952,56.12304434682567
3953,100.64231210854453
3954,1.425627339361861
3955,3.6599746756742917
3956,117.91472852884164
3957,38.762292978526595
3958,54.43932457470413
3959,151.6458513405314
3960,3.1913326154969246
3961,3.924855720646457
3962,64.31448647817238
3963,4.35318155921624
3964,82.35333921561848
3965,4.215371634119898
3966,2.3562003031523115
3967,2.1049959014504616
3968,117.84697876764245
3969,29.069363886649086
3970,1.4768168782215707
3971,2.682091829968771
3972,2.2185575753986995
3973,2.7785292634900625
3974,11.94348505700297
3975,29.217838645586845
3976,2.463639059642081
3977,2.566342461890051
3978,2.9064095613069885
3979,86.95366221723893
3980,170.85820695991524
3981,181.07335405807763
3982,4.134298845510349
3983,2.3406812348020467
3984,271.0537284500114
3985,166.62293140823738
3986,101.25589795189889
3987,67.66509921822764
3988,1.9626475831891637
3989,-11.095492321594865
3990,53.83408299503476
3991,187.30501450156873
3992,4.314058369033842
3993,1.6173696627807002
3994,24.150799011490754
3995,75.79363849887507
3996,2.7962626192556908
3997,64.37984312675613
3998,1.4884367883871006
3999,173.59997672777155
4000,3.8695082827300302
4001,1.0787846471591658
4002,37.743948461880066
4003,103.68623981583889
4004,2.151614911808841
4005,216.50573136924785
4006,52.76539524281725
4007,5.42209235774038
4008,2.6214518870623387
4009,3.4051593627771286
4010,139.35180376702735
4011,2.199044456073884
4012,4.189900466975218
4013,170.66419118055956
4014,3.822976968712628
4015,1.776050724570113
4016,49.97992685677891
4017,75.52259960725178
4018,77.8778081445976
4019,0.2668317000250272
4020,1.2620395636203092
4021,76.72557466559773
4022,30.130759256404666
4023,2.850330098811105
4024,77.48460001676983
4025,40.694363708970236
4026,25.918302937469047
4027,179.88206159245678
4028,62.731866184568005
4029,2.15849715595077
4030,1.6488100074428333
4031,69.74916493922015
4032,65.20927393359284
4033,1.7951462163427423
4034,161.34387202614647
4035,116.33266860126813
4036,0.9823146169805752
4037,1.489765235327349
4038,3.8525412620793134
4039,4.3644112298770015
4040,76.42758465217206
4041,231.76922987430368
4042,38.51883928713504
4043,177.4401047333646
4044,2.9558619067867977
4045,13.03641687133733
4046,3.9754966460912176
4047,2.851167767812659
4048,187.87337754620248
4049,79.27829972895532
4050,191.97691499082498
4051,25.96912574247139
4052,1.015463555370662
4053,2.763781651773861
4054,3.3556152918074913
4055,3.1966674491167892
4056,178.31606907302927
4057,4.4990990789284195
4058,189.20455315874563
4059,37.01702595518
4060,170.05546914142872
4061,79.61330638533394
4062,2.179744837005848
4063,1.0560862071309183
4064,114.75577718712907
4065,0.7282517637839563
4066,61.0844077851153
4067,120.22852530551845
4068,124.14157096725583
4069,239.71822779740876
4070,0.7607421760348743
4071,1.606596869306526
4072,1.294612792926053
4073,0.8424991050976571
4074,3.067342117358037
4075,-13.758880100895698
4076,19.661354845515476
4077,3.1455579576106376
4078,4.747696169532488
4079,1.29953443504125
4080,191.67721704788448
4081,2.472728148824986
4082,79.47322161022123
4083,2.98410211195987
4084,3.4506569542692915
4085,24.79945168400409
4086,-2.8538023627774995
4087,2.6875159661254777
4088,3.40558068974318
4089,53.548076561106015
4090,92.38795367246166
4091,3.0282864100495663
4092,45.192678204826656
4093,27.02041082412704
4094,2.9277341993593686
4095,5.172593541701219
4096,1.8971896832298905
4097,1.8827298378090913
4098,1.3497658369600274
4099,-21.271870821624752
4100,18.060635709314035
4101,4.568983952905487
4102,2.9915003263913222
4103,39.86546494975994
4104,136.58513480396988
4105,4.372046628201292
4106,79.67716870883316
4107,57.226455628178066
4108,60.09780144047575
4109,160.626525823529
4110,4.27333725452867
4111,56.92922956442022
4112,48.275330542215926
4113,2.245714526415586
4114,3.0998054536911352
4115,48.320564265495555
4116,87.23969659215895
4117,56.001223755588526
4118,190.75352358496858
4119,181.46818305481776
4120,175.11120488592508
4121,56.703949536800884
4122,-15.533465880210713
4123,1.7028875515073123
4124,62.204568777198745
4125,-0.05916149410760796
4126,41.22311499487036
4127,4.429375342462664
4128,0.3553435775769711
4129,1.416761358475083
4130,0.42580150499287917
4131,40.1396316712635
4132,2.9460948776126643
4133,3.3227589938985074
4134,72.18963476048634
4135,1.7389708436587394
4136,108.71991738418117
4137,242.60016637644455
4138,-7.518915340335481
4139,62.59788875505102
4140,34.88260654916084
4141,2.5511580583887756
4142,72.86205032457354
4143,201.02286306258438
4144,57.16013427244846
4145,134.63725472667895
4146,46.460473280023486
4147,45.2979913273976
4148,183.4495918830489
4149,25.953645743752286
4150,18.333038407050836
4151,33.95392655450863
4152,84.48434640927996
4153,2.7658482223681338
4154,253.8915001624046
4155,106.71357380705513
4156,2.041212853744324
4157,-1.7497316038834736
4158,1.3789709320556918
4159,3.0759094533729465
4160,104.70984060420602
4161,118.4831135197323
4162,1.8712760434271356
4163,46.94529490226067
4164,119.66169796924358
4165,0.8807130923706907
4166,28.06646655020744
4167,74.5038081390715
4168,30.07654353019909
4169,1.8710023913158875
4170,-7.8511039449066455
4171,54.728235510585634
4172,2.6973181439594724
4173,2.127452269067959
4174,46.0370146255591
4175,86.71866199247287
4176,1.3405773842297681
4177,2.3759390341163114
4178,14.01171949391324
4179,89.6380975920116
4180,120.07607639909486
4181,34.93930999555057
4182,33.39949715860369
4183,15.34756783588324
4184,120.03624213922518
4185,203.09475043516815
4186,1.6039840030146442
4187,59.73538062310396
4188,2.8710972561387043
4189,2.91653960210015
4190,78.84870203385611
4191,1.5175752963219753
4192,16.44118673102585
4193,34.008289194826155
4194,3.883392253064983
4195,2.7522600884933173
4196,89.2142048871299
4197,4.66462500773498
4198,2.29702073236259
4199,3.2851401868518204
4200,201.72298529856488
4201,178.97253368611578
4202,136.7507347713672
4203,3.6476831877711096
4204,61.24233095323777
4205,2.7405778304834314
4206,3.7285633924327186
4207,98.04093612671973
4208,91.5795026276912
4209,160.3609793745016
4210,-47.114009927759916
4211,-0.09126446254501602
4212,2.9716869958562424
4213,-9.430952753440458
4214,3.406581134066768
4215,2.584515139710653
4216,1.2286212160833374
4217,2.2930105404258754
4218,3.9518355159893606
4219,24.453433652835308
4220,62.24414262858845
4221,1.1172676526740208
4222,86.1802237397187
4223,1.5549738238528472
4224,4.508089620628018
4225,3.4758978666323155
4226,186.8340129200189
4227,1.4144610228489034
4228,151.84939486522933
4229,81.1712713782754
4230,2.340105305659131
4231,1.286898795422942
4232,35.57473350028981
4233,2.762417242827131
4234,-6.7215175401875795
4235,60.61908803787176
4236,177.02665964134502
4237,111.2880253719025
4238,1.6932316005533499
4239,30.30427436050489
4240,1.81228552279386
4241,31.346497147888222
4242,146.29201571076175
4243,-53.26552070754511
4244,235.60016720542853
4245,3.544241741711667
4246,1.2310527436552396
4247,2.6075860073027997
4248,2.7050954392579722
4249,-43.92720902722116
4250,-1.7242809417023097
4251,204.01906202742737
4252,4.281588206661075
4253,4.252254357999063
4254,3.8535680423972325
4255,-41.47959900454771
4256,-5.587373518852389
4257,71.13645832375482
4258,1.2346151062009727
4259,1.6451038889734793
4260,59.14568840458467
4261,1.719772759055871
4262,205.21604505983714
4263,55.30169650112475
4264,1.2941591143011382
4265,23.436683044949397
4266,2.9450851621048035
4267,2.1844253484958216
4268,3.447654774145957
4269,115.5202929213928
4270,142.2752397829297
4271,97.32443802378717
4272,3.1988817926786113
4273,4.711065644125415
4274,37.30330714290669
4275,4.281085026745332
4276,215.69408465507982
4277,155.1213435839399
4278,276.17337885892147
4279,210.4753998481862
4280,60.43918103352871
4281,26.592984143843957
4282,9.342353723331485
4283,1.7243581971813224
4284,2.9518563421999424
4285,76.93726748041935
4286,204.985329412053
4287,1.3304014862023852
4288,110.52167301671155
4289,148.95061164216258
4290,118.64866535294937
4291,1.8869059984571508
4292,3.2261571422373994
4293,-9.251917733300424
4294,-42.22812556784865
4295,0.8472958807830042
4296,4.05628008569549
4297,5.1965396153279935
4298,2.822743902695196
4299,38.979210319466645
4300,28.097410080618918
4301,-10.646970160962688
4302,75.13355193310514
4303,0.9807990399782227
4304,-32.00870787702489
4305,2.529534398966689
4306,205.06734178096337
4307,1.675745714535593
4308,8.748086761097657
4309,1.8605731824682499
4310,2.2686916879228125
4311,9.95509813514802
4312,201.151302952999
4313,2.028806726392454
4314,2.5569396501548685
4315,153.66734367955036
4316,0.7629932330490461
4317,127.2075910354913
4318,3.9613114230928756
4319,34.71918977234407
4320,77.30016960761569
4321,3.2309607694499087
4322,210.0547279209187
4323,56.78118813137633
4324,1.9948822484402133
4325,5.123604190114675
4326,2.6473418130179835
4327,76.12416207412161
4328,90.63105655971407
4329,143.41707803228576
4330,37.351940001381
4331,1.516937209653907
4332,0.8562613981920852
4333,158.91025361678476
4334,2.267597446011274
4335,1.8573790551134346
4336,1.687294340860291
4337,4.035347986658016
4338,10.053475888539985
4339,3.433414562080004
4340,-13.063106185977325
4341,41.66377386115267
4342,136.05973826142082
4343,119.02138337259892
4344,92.53683459964712
4345,4.4202379446214435
4346,3.3511264956810014
4347,163.52416472303653
4348,3.7343229824618573
4349,92.01030612044242
4350,-21.380375113621227
4351,105.75393351054839
4352,124.86363130206075
4353,3.6298683824437434
4354,80.96071152934147
4355,93.87260156861606
4356,1.3630964188853818
4357,3.6647717237612945
4358,203.05309911675946
4359,132.86627101086594
4360,1.8637144248544644
4361,3.206084753622765
4362,0.14136753786980122
4363,2.49688310077385
4364,2.817354716987159
4365,0.8267294889681902
4366,2.2512358732231417
4367,167.0842818003875
4368,-21.891790318782633
4369,49.14126939328695
4370,4.17593614154966
4371,134.29753139282474
4372,44.90177133189197
4373,220.35255046696943
4374,4.380783051151976
4375,154.69655180636653
4376,191.62070223877498
4377,3.113915675642252
4378,4.629167305585844
4379,159.19768023346768
4380,1.8269997707497927
4381,0.5671891793398398
4382,4.428084578182404
4383,18.827427981111754
4384,3.5464256772365745
4385,146.77460997272343
4386,9.545286810495565
4387,213.22412881137586
4388,56.394396655647725
4389,4.296834769363303
4390,2.907281117292482
4391,2.673061913197902
4392,1.8745665919049892
4393,80.10845913948856
4394,52.39974420777716
4395,1.7613599732304697
4396,-6.17092776725989
4397,1.8278335134367394
4398,3.6676443974051205
4399,1.6443301687565746
4400,152.91630478602028
4401,4.355804598498671
4402,160.08337688487035
4403,190.86027168295897
4404,176.49866377065283
4405,245.32669696954824
4406,16.788409895156235
4407,50.72128169666824
4408,4.277310006181684
4409,69.22024478315338
4410,-65.1215547865751
4411,1.3129041698936792
4412,182.475514806274
4413,148.78452229711303
4414,2.11873759975551
4415,128.00767543142632
4416,39.48796057080154
4417,1.8294644039746562
4418,150.6808336843673
4419,182.04577976975472
4420,222.65895752071137
4421,244.1706183159245
4422,-4.818840391666162
4423,0.9673977496267252
4424,28.934646867812866
4425,112.1401440306597
4426,3.5966452424703412
4427,149.52898978437975
4428,4.181000492749554
4429,3.3036526077813306
4430,3.840164024538084
4431,130.45738932487222
4432,2.695665567949743
4433,1.1132056379217352
4434,82.90363111800097
4435,4.253365035767944
4436,4.146103099413427
4437,-8.281573993700949
4438,63.19469254613047
4439,3.563556675405163
4440,182.01834832571723
4441,0.44295937879575376
4442,167.72716759758072
4443,1.288607551972349
4444,190.2016702400417
4445,1.815252573405283
4446,2.116607209465546
4447,61.11623777352318
4448,3.301815409816388
4449,-18.72987762398362
4450,77.81074039476782
4451,74.29683681520399
4452,195.4519206775962
4453,182.9873902709324
4454,3.5062143402585875
4455,4.168054413802155
4456,137.75272470369362
4457,2.7181207667349137
4458,3.823229172584428
4459,60.8595697754062
4460,0.7087390937687882
4461,59.101890255959596
4462,109.8005342394916
4463,27.793892489979584
4464,2.4691927424227154
4465,75.7676463556345
4466,3.270362724773049
4467,-0.7137155369029671
4468,1.2848840951147729
4469,1.0773098309900295
4470,3.450835202500723
4471,1.472480015374151
4472,150.07237617901353
4473,2.6292247000222195
4474,174.00675410831764
4475,2.732266007768982
4476,64.66219507917124
4477,3.715117073793872
4478,2.742798570884948
4479,85.73325904710967
4480,194.41728184977
4481,2.5157969064911927
4482,141.9999732641354
4483,45.27029438970457
4484,211.87830955913478
4485,149.4456122349344
4486,0.6307756499790258
4487,70.48941233492485
4488,36.788493483970015
4489,-30.723035606686093
4490,62.74952156470036
4491,3.6228734863873475
4492,189.8116553860899
4493,212.981691210941
4494,8.253480289831536
4495,1.8459782328190282
4496,71.10701726280188
4497,4.297442306301174
4498,145.34719150747964
4499,223.3093665660213
4500,92.94180615054901
4501,2.787141184203122
4502,3.940151702697036
4503,120.61827143820103
4504,2.619956101749386
4505,45.78831017944536
4506,2.3849167313715744
4507,-2.9875210286894625
4508,98.59333861508397
4509,35.545630077704246
4510,1.5848209304235168
4511,179.30791287025733
4512,39.47191998369097
4513,52.27722506359481
4514,1.969064737637618
4515,2.5627400848741626
4516,2.126027749213873
4517,3.0629724677069827
4518,10.340278866236432
4519,72.70656390743856
4520,39.576075961968144
4521,1.5883229351785242
4522,52.19618612724905
4523,4.305836012173629
4524,158.6254879546222
4525,6.005050342307696
4526,1.767850867168446
4527,72.96070828681255
4528,80.6472836477966
4529,98.14929816964901
4530,126.05480943458102
4531,1.4261079418125813
4532,2.81375862860342
4533,2.7062827798880003
4534,42.41107777604558
4535,3.4006960604263092
4536,1.0593926020828088
4537,0.9684941422419486
4538,4.7599103721347165
4539,209.68925606124233
4540,103.88581925503641
4541,2.519174616875598
4542,2.0856079944910495
4543,140.53314885348686
4544,21.241722795821413
4545,2.575269226349441
4546,19.043676968154212
4547,3.2592732846468744
4548,121.52405272698394
4549,3.2651559772437073
4550,155.99549153330813
4551,16.263425929299707
4552,73.858024248762
4553,79.57526616642197
4554,3.224405669432893
4555,126.09241387195559
4556,192.80675375277548
4557,3.6174810241802886
4558,2.977521348264179
4559,42.73245461123946
4560,4.211847819221687
4561,3.293557745670456
4562,131.9571392097115
4563,27.643180642332833
4564,161.9096444151952
4565,33.06429329278387
4566,146.70660389378423
4567,190.6743105088673
4568,98.60750252778188
4569,3.713678432341008
4570,132.62086882212873
4571,183.0873029992341
4572,3.6996860661409827
4573,1.870847181672302
4574,0.23486183466485988
4575,3.6240341661965347
4576,100.88425031959652
4577,168.29475687483887
4578,42.1762440546632
4579,20.749653633119248
4580,-0.499436325942364
4581,261.72465202881614
4582,27.98725891361331
4583,1.1353831324475276
4584,200.3038536339446
4585,25.263909100596347
4586,2.202207994092559
4587,1.8610002082358368
4588,0.3094453230226162
4589,2.237190988462829
4590,2.6040751128373425
4591,42.27082691358101
4592,3.84075235273452
4593,76.08191638030976
4594,-19.1911024334049
4595,1.598929634181355
4596,56.09890622348673
4597,103.73159604588388
4598,2.5230666003112
4599,-34.89258397478372
4600,51.38693137256192
4601,3.6723569507679406
4602,3.4886743555503816
4603,3.4114875878763655
4604,52.1571661424193
4605,0.7576361685003217
4606,84.77261127642552
4607,22.062853760559825
4608,3.199886599109202
4609,147.2760365830465
4610,94.4211051564667
4611,71.72453874225158
4612,0.36378645368160467
4613,-46.489208441966895
4614,46.202569026871146
4615,-33.081118194917146
4616,2.8874189290672323
4617,3.5768815948662898
4618,2.847399820768174
4619,2.9472171205195314
4620,4.440794635188715
4621,66.71823857888972
4622,2.70368952965645
4623,3.9874011643835585
4624,0.369211350308028
4625,55.788125098495776
4626,33.50660069138328
4627,3.340010956278554
4628,4.503134527070961
4629,42.68030461299833
4630,3.386187975561183
4631,7.075456036520862
4632,4.206254880236689
4633,161.90077975438112
4634,4.36299910778972
4635,4.033665184590336
4636,60.19446034112113
4637,4.622161092129977
4638,275.572129226407
4639,196.77935464112346
4640,1.6337496337556956
4641,136.41863873864432
4642,102.54156992138742
4643,32.734849189421894
4644,15.813950653113235
4645,4.253317198880266
4646,26.631919690613763
4647,-0.15778320284765135
4648,126.46832822100643
4649,79.41253164141676
4650,96.500580868595
4651,35.23972322339621
4652,3.387232767027954
4653,175.05995176140138
4654,-2.552975170568545
4655,4.419878741209569
4656,2.5273478471713657
4657,2.6215041604843594
4658,4.673758641239529
4659,31.671301195756
4660,0.5671270964704367
4661,0.6773665103833255
4662,1.2387673104904517
4663,75.59176342592565
4664,3.969437411252499
4665,130.52859371228107
4666,176.22749919022982
4667,1.1885535670715464
4668,66.03757208949834
4669,195.33367791039154
4670,15.259765550317734
4671,1.3576568974422611
4672,-0.36579938056118
4673,46.61560636324028
4674,196.46441120961737
4675,1.2629576638878972
4676,83.17249677319212
4677,32.453711278088065
4678,3.3902506379333275
4679,61.93894419168612
4680,2.765112749124791
4681,0.8953701514932386
4682,136.1603940680827
4683,110.78573865744468
4684,66.40109188558478
4685,173.73991488192354
4686,2.575429777644036
4687,155.98084986108694
4688,220.40885642189568
4689,79.36274419327805
4690,3.0229126135771938
4691,5.199321082540076
4692,3.0722321123482
4693,50.31274843470094
4694,2.787578286771857
4695,263.70110037219825
4696,3.1835620899657857
4697,1.3091571964243542
4698,3.103683084500706
4699,2.546359238809714
4700,63.75286192392814
4701,4.330200895529396
4702,1.3941375489076397
4703,2.138771555142958
4704,3.646964863542801
4705,197.23209295754958
4706,2.2489615511998466
4707,3.1399012965329014
4708,2.4419413066413824
4709,51.688208280374845
4710,109.09391302484903
4711,4.790560514122341
4712,178.97499110281345
4713,2.725814549505759
4714,4.193090363823722
4715,48.071478427307994
4716,12.63413916284965
4717,4.245327522933634
4718,4.4865790446581615
4719,130.74686016471918
4720,119.63505941522047
4721,3.4808808188676617
4722,2.2987641250057544
4723,4.214575749134161
4724,45.64416146672802
4725,106.96926520040296
4726,0.8806566880473847
4727,209.37694228096962
4728,165.74018385006266
4729,2.548776006675843
4730,123.05453572650421
4731,62.97676149579911
4732,-23.71751491938009
4733,2.7690187074731054
4734,3.9878849084788817
4735,4.174455980724657
4736,0.6972841092633899
4737,43.377960329499636
4738,-11.041351631834596
4739,100.50986243258814
4740,203.30263595366526
4741,3.5970161291420757
4742,68.5339958602895
4743,4.338606853206656
4744,167.31033754844992
4745,22.04887395269988
4746,2.6407392116405024
4747,1.0752754076476412
4748,1.8130986435816059
4749,3.6387377759906063
4750,3.338438443491758
4751,2.884245798603057
4752,68.67715723504597
4753,100.49521274940267
4754,95.11739545087748
4755,2.574857680605451
4756,1.6224476758431794
4757,2.408540159177566
4758,48.20306338005632
4759,67.5331486229909
4760,3.2693022455619705
4761,1.997706759677055
4762,125.30161355684669
4763,146.5421935256052
4764,1.2870643373196486
4765,239.44749756060008
4766,17.652381836735856
4767,44.63824029095747
4768,9.986284796087675
4769,-22.420083008461376
4770,21.072368289037716
4771,21.096004487817652
4772,2.91189846947182
4773,2.6750533915340773
4774,94.79063642514777
4775,1.1777995620636283
4776,1.5939644759700102
4777,121.78587930529517
4778,3.223274902134951
4779,13.542642762146919
4780,1.5960186947208082
4781,36.66872111743519
4782,3.3740902476614436
4783,2.4605215196165977
4784,2.2083576670916356
4785,28.140421459302992
4786,44.99797168229839
4787,4.187780653402718
4788,2.8752954215894464
4789,2.3279255703692368
4790,81.43250759054176
4791,149.52495528436475
4792,3.133460690909626
4793,106.85353520992054
4794,34.776759380222494
4795,156.6718905673081
4796,2.4872022051692513
4797,97.1261398170951
4798,3.936415681768313
4799,2.548284662498351
4800,244.85737543866625
4801,2.5142127772377516
4802,3.533573478889506
4803,166.68597056916846
4804,0.97333619042169
4805,172.92251636681488
4806,3.0186867150466585
4807,2.4161366384376723
4808,42.00148460172804
4809,43.357413339196505
4810,0.748722507059554
4811,1.3166393198624864
4812,0.7132303463095768
4813,187.2550493880783
4814,166.2595985280672
4815,1.0558371108495366
4816,0.2525218754336376
4817,3.7516992872472104
4818,1.0159984821089463
4819,50.00419237469799
4820,1.9974346243920298
4821,129.5727643263224
4822,72.77807670502393
4823,3.056200923707151
4824,1.9386772383617323
4825,168.35549478926004
4826,1.7872846959417652
4827,4.5396922338072025
4828,147.90384935755026
4829,93.43858209255592
4830,57.17596541227776
4831,115.2977489334171
4832,4.037940827359236
4833,2.5867276495534144
4834,82.23763390807102
4835,1.9566915495396557
4836,4.498576132672636
4837,143.6283301832459
4838,23.17118267377183
4839,210.60140754011965
4840,1.9891045939575092
4841,115.36166888755929
4842,10.527882623475579
4843,1.0790666125208497
4844,2.617046056911363
4845,3.2480114468745622
4846,4.0886959403019025
4847,0.997169687917999
4848,1.7823472754315484
4849,3.27187812238221
4850,4.581007286480149
4851,4.1289193073785055
4852,64.42734420034692
4853,209.2867816615173
4854,0.07043594741097847
4855,1.912587640094353
4856,133.33110801275356
4857,164.6943208771636
4858,208.8494642802263
4859,91.75255431345022
4860,162.89751532376093
4861,-15.5451169000123
4862,69.57783264637509
4863,3.691706606387595
4864,3.874652774117071
4865,1.3387606550527213
4866,-0.13352106753590487
4867,2.0760866904139896
4868,37.670081923297694
4869,0.04615040158529016
4870,84.69565156839835
4871,3.5737304881051406
4872,1.5611088664722446
4873,212.5486272735526
4874,3.049575477401288
4875,2.1511025980532104
4876,149.2812719928598
4877,3.3542758703638675
4878,58.64405973424763
4879,53.47080467114128
4880,3.6507415194555892
4881,4.048410621468472
4882,29.493443435966654
4883,1.3546617826077736
4884,67.14379701164677
4885,-55.46358018911155
4886,165.8315384136808
4887,1.281893145000953
4888,205.4864296452111
4889,17.41994653163673
4890,157.12878701149467
4891,96.13871477714065
4892,0.8527807094643203
4893,3.948471894695051
4894,69.51061455068526
4895,4.309642493113138
4896,3.875554498696019
4897,4.64736466998199
4898,-8.23648078794633
4899,140.55270334068678
4900,1.6781048125971574
4901,187.70617816236438
4902,2.6490334005493232
4903,93.45753378822502
4904,264.51661835123474
4905,58.61444120646373
4906,101.63206877440392
4907,130.83755943996107
4908,2.8573987556296623
4909,85.92456658212393
4910,112.8695463760548
4911,61.42262138596327
4912,4.1819512236589285
4913,166.13906810606335
4914,111.75349718537132
4915,2.481139492553792
4916,3.3168658285317614
4917,4.093926666159374
4918,1.569932760054238
4919,20.22075760814751
4920,1.2646890851732242
4921,-9.556927088735183
4922,129.52984677401608
4923,151.01436790849837
4924,4.009266211495737
4925,1.902390183660306
4926,1.801765680211716
4927,3.9611648941050914
4928,2.547044867175428
4929,58.54371319268549
4930,59.46099748455586
4931,-23.962788420668538
4932,4.409653377611425
4933,152.6084702150646
4934,-42.912024060360096
4935,38.76014999794575
4936,174.62101425426496
4937,22.52656344895768
4938,50.52667936002641
4939,41.58248956482762
4940,2.9911491942506574
