id,target
1,4.056633472442627
2,2.3485369980335236
3,321.35184478759766
4,-52.05636024475098
5,3.9499170184135437
6,6.654200911521912
7,5.513979911804199
8,74.24982833862305
9,84.72930526733398
10,58.66642189025879
11,43.217092514038086
12,-12.526517629623413
13,256.7122688293457
14,197.51792907714844
15,3.852069675922394
16,290.2909965515137
17,3.2080926299095154
18,95.83264350891113
19,2.7729549407958984
20,6.665683627128601
21,-60.37399482727051
22,54.52127933502197
23,3.975516438484192
24,2.770245850086212
25,29.852164268493652
26,85.15955352783203
27,1.1365158259868622
28,167.4846076965332
29,42.82210636138916
30,3.5427874326705933
31,6.258012533187866
32,30.810619831085205
33,54.80710792541504
34,3.7769625186920166
35,2.3310453295707703
36,6.513759136199951
37,261.5104637145996
38,237.80693435668945
39,60.000704765319824
40,133.39693069458008
41,-55.56541919708252
42,2.850571632385254
43,5.831987023353577
44,4.5622164607048035
45,135.15084648132324
46,57.12333393096924
47,2.622134268283844
48,-87.84617614746094
49,3.844469666481018
50,1.8006046414375305
51,271.02874755859375
52,3.1015700101852417
53,2.5059061348438263
54,90.55930519104004
55,2.860589563846588
56,4.101151645183563
57,5.670230507850647
58,157.34470176696777
59,245.01118850708008
60,6.750708818435669
61,2.346239060163498
62,236.64055633544922
63,6.615438938140869
64,2.6567272543907166
65,2.7214040756225586
66,4.662960588932037
67,5.097308397293091
68,205.99483108520508
69,152.5960178375244
70,2.182054430246353
71,2.3662285804748535
72,2.3931118547916412
73,27.951265335083008
74,253.13616943359375
75,180.76507568359375
76,6.081015706062317
77,5.8072710037231445
78,137.81518745422363
79,262.44176483154297
80,3.60432368516922
81,37.65777826309204
82,4.433801233768463
83,188.66162490844727
84,33.793521881103516
85,-2.868490546941757
86,2.3499286472797394
87,65.41674900054932
88,182.13585662841797
89,6.043596982955933
90,5.247215986251831
91,50.563804626464844
92,65.17635250091553
93,15.178521156311035
94,5.159636735916138
95,3.9812453985214233
96,3.1097501516342163
97,6.969681978225708
98,216.6556510925293
99,89.71600151062012
100,279.25065994262695
101,5.541050314903259
102,260.7470817565918
103,3.409161150455475
104,6.331596732139587
105,123.98423194885254
106,7.160816192626953
107,272.752685546875
108,2.402599185705185
109,184.46277618408203
110,3.145152270793915
111,61.50378131866455
112,2.1534608006477356
113,210.63369750976562
114,6.346223831176758
115,5.474563956260681
116,401.5964889526367
117,222.74189376831055
118,145.12738800048828
119,243.46552658081055
120,312.0414009094238
121,153.4932155609131
122,3.551950752735138
123,112.02156639099121
124,263.1412124633789
125,145.9831714630127
126,6.257425427436829
127,137.65926361083984
128,4.016633152961731
129,235.16407012939453
130,87.90176010131836
131,62.74335765838623
132,6.823127746582031
133,-37.216283321380615
134,297.9848289489746
135,6.178083300590515
136,1.9816228747367859
137,131.85020065307617
138,5.83217191696167
139,207.0201301574707
140,296.70557403564453
141,51.52205562591553
142,-0.7454804182052612
143,63.89180564880371
144,22.25510025024414
145,6.516518950462341
146,168.52262115478516
147,224.51598358154297
148,2.0964086949825287
149,196.73056411743164
150,63.29462718963623
151,278.3405532836914
152,273.3737487792969
153,171.98836517333984
154,25.986268997192383
155,4.319119691848755
156,225.81894302368164
157,136.36587524414062
158,117.73233032226562
159,138.58876037597656
160,6.31463348865509
161,43.93616485595703
162,4.576054513454437
163,266.6767158508301
164,3.03652423620224
165,64.77983856201172
166,213.43305587768555
167,333.64515686035156
168,7.071411967277527
169,1.7548343539237976
170,251.52891159057617
171,3.0293155312538147
172,4.286632597446442
173,-21.40330457687378
174,4.072268605232239
175,5.648733854293823
176,128.5507297515869
177,74.96807289123535
178,330.6633834838867
179,146.28263092041016
180,224.2075424194336
181,6.624234080314636
182,2.3971838653087616
183,300.38400650024414
184,6.860998153686523
185,1.6348533630371094
186,3.663475513458252
187,2.9375322461128235
188,3.9994887709617615
189,79.0027723312378
190,4.225353896617889
191,2.3102636635303497
192,29.51857089996338
193,3.1306334137916565
194,333.51908111572266
195,85.13288307189941
196,271.57630157470703
197,147.41289901733398
198,232.31798553466797
199,65.71592044830322
200,2.0508022010326385
201,3.226692855358124
202,87.18048095703125
203,36.8527569770813
204,4.305432856082916
205,264.6108741760254
206,44.067200660705566
207,237.23004150390625
208,153.78711318969727
209,62.31404399871826
210,181.98612213134766
211,47.43322563171387
212,97.63623046875
213,250.20673370361328
214,77.47580528259277
215,7.605848431587219
216,164.34707260131836
217,73.62871074676514
218,179.77260208129883
219,208.9072723388672
220,5.916823387145996
221,214.78087997436523
222,161.1770477294922
223,2.858039438724518
224,196.41415405273438
225,257.7921600341797
226,204.24480056762695
227,48.29594612121582
228,267.3439292907715
229,271.05407333374023
230,1.5887271463871002
231,218.77880096435547
232,41.194353103637695
233,55.50815486907959
234,249.97382354736328
235,112.47516059875488
236,2.0976333916187286
237,6.366457939147949
238,35.68007516860962
239,6.17545747756958
240,181.9861183166504
241,317.53084564208984
242,232.46622848510742
243,3.9136860370635986
244,3.7022533416748047
245,46.227251052856445
246,122.96028518676758
247,115.6458625793457
248,5.6383302211761475
249,5.837185740470886
250,54.81593036651611
251,63.905927658081055
252,214.37870407104492
253,7.908342361450195
254,177.66896057128906
255,-56.15727996826172
256,6.922453165054321
257,2.133813977241516
258,86.54354858398438
259,265.769229888916
260,2.2351247370243073
261,5.686059594154358
262,6.338172435760498
263,-26.66414785385132
264,3.8230153918266296
265,3.5918670892715454
266,2.0039626359939575
267,3.935759425163269
268,1.5137543976306915
269,204.50867080688477
270,3.010929822921753
271,146.7400245666504
272,127.9190845489502
273,4.6317338347435
274,4.81646203994751
275,325.28382110595703
276,188.1392364501953
277,217.43321228027344
278,-63.64735412597656
279,4.445750296115875
280,197.57836151123047
281,5.2531678676605225
282,158.22552490234375
283,235.64894104003906
284,144.20442008972168
285,250.64819717407227
286,148.7491970062256
287,233.74724960327148
288,6.36289656162262
289,134.51672554016113
290,4.7058292627334595
291,120.64807891845703
292,3.910227656364441
293,88.23663711547852
294,98.64017677307129
295,5.422159910202026
296,122.61060523986816
297,38.278600215911865
298,-52.61592102050781
299,216.3182373046875
300,5.7738248109817505
301,3.9757121801376343
302,5.0690929889678955
303,4.390624761581421
304,3.9845420122146606
305,4.84331202507019
306,219.8211669921875
307,2.8104358315467834
308,3.114944040775299
309,122.86037826538086
310,2.2863585352897644
311,2.0738728046417236
312,3.460877239704132
313,127.07281494140625
314,3.9572070837020874
315,0.7578585892915726
316,2.648011803627014
317,4.54533588886261
318,3.638291120529175
319,64.9178638458252
320,1.851381629705429
321,6.267702341079712
322,2.6959844827651978
323,1.8425714671611786
324,2.332736372947693
325,3.432955741882324
326,4.865688860416412
327,48.58084774017334
328,4.477377414703369
329,117.92580986022949
330,59.20278453826904
331,9.201498031616211
332,5.670122742652893
333,3.1882144808769226
334,6.748087525367737
335,140.66806983947754
336,3.9400720596313477
337,2.347498834133148
338,140.41545486450195
339,39.03055381774902
340,295.7183418273926
341,124.79805946350098
342,68.9751443862915
343,3.6105085015296936
344,2.8097956776618958
345,127.1445369720459
346,2.8194679021835327
347,5.14510440826416
348,48.97894859313965
349,-47.52267932891846
350,124.25910186767578
351,246.95940399169922
352,28.16634511947632
353,1.0810509622097015
354,5.901165246963501
355,310.98331451416016
356,221.4190559387207
357,3.0647454857826233
358,5.87417209148407
359,4.241180062294006
360,148.5717716217041
361,4.4871506690979
362,5.702210187911987
363,13.906081199645996
364,4.347702622413635
365,5.347765922546387
366,71.39763355255127
367,4.733912229537964
368,252.50872802734375
369,5.134963750839233
370,-20.477508306503296
371,258.6814842224121
372,69.09685611724854
373,167.9461555480957
374,7.2809789180755615
375,109.25384712219238
376,2.8545032143592834
377,2.8410500288009644
378,3.969228446483612
379,3.550113618373871
380,0.6632983088493347
381,5.962758541107178
382,7.137787342071533
383,145.58343887329102
384,1.7937453091144562
385,3.8062164187431335
386,285.39401626586914
387,2.4235852658748627
388,4.123011589050293
389,67.39486312866211
390,5.105025887489319
391,165.68668365478516
392,6.324977874755859
393,3.769170641899109
394,312.2938041687012
395,185.05836868286133
396,2.7589815855026245
397,1.7671819925308228
398,6.163954854011536
399,200.41524505615234
400,255.74110412597656
401,1.6762652695178986
402,6.173752307891846
403,5.882465600967407
404,5.800074815750122
405,13.445682287216187
406,7.449718713760376
407,-67.4586534500122
408,4.297383189201355
409,2.7459532022476196
410,3.660892367362976
411,2.2477971613407135
412,-4.398512482643127
413,348.22119903564453
414,5.913455963134766
415,50.67161846160889
416,3.2231130599975586
417,6.739593863487244
418,5.320018172264099
419,5.481829643249512
420,4.362979173660278
421,147.8138427734375
422,169.62871932983398
423,141.39336967468262
424,149.1614589691162
425,5.7601557970047
426,238.31633758544922
427,3.3608916997909546
428,201.52471160888672
429,2.791227400302887
430,4.530058324337006
431,259.95302963256836
432,148.3302516937256
433,15.123585939407349
434,5.951902508735657
435,57.39094543457031
436,257.3955879211426
437,234.29296493530273
438,160.126127243042
439,5.894580602645874
440,256.1650161743164
441,220.26971054077148
442,108.11557388305664
443,319.48069763183594
444,5.462785601615906
445,6.244012951850891
446,64.49650859832764
447,1.3125560879707336
448,6.236801624298096
449,305.0514907836914
450,275.6781311035156
451,156.60257720947266
452,233.60429000854492
453,1.873059868812561
454,4.947543084621429
455,146.48234367370605
456,2.878373384475708
457,4.727286279201508
458,266.213680267334
459,68.27854537963867
460,23.762312412261963
461,119.0266227722168
462,6.867311596870422
463,179.9099998474121
464,5.340854167938232
465,137.07044219970703
466,57.93194580078125
467,2.2430508136749268
468,5.573424696922302
469,35.51235914230347
470,34.22629928588867
471,1.7909396588802338
472,1.8889742493629456
473,35.43743419647217
474,6.056823015213013
475,106.72269439697266
476,6.4514888525009155
477,2.1521585881710052
478,4.302383542060852
479,209.77029418945312
480,4.377932012081146
481,6.16873562335968
482,205.22837448120117
483,1.73642498254776
484,216.8577117919922
485,108.20394897460938
486,4.3619096875190735
487,2.3861244320869446
488,211.5445327758789
489,2.569302499294281
490,4.423889398574829
491,6.477354288101196
492,3.744978427886963
493,4.094318151473999
494,226.19140243530273
495,5.835673213005066
496,105.30080604553223
497,6.402780055999756
498,5.738018989562988
499,5.787061095237732
500,3.0512408912181854
501,3.094092905521393
502,325.9064025878906
503,96.39838790893555
504,-8.422316312789917
505,1.9235112965106964
506,6.363114595413208
507,330.9501037597656
508,70.1626091003418
509,271.2840385437012
510,4.119875073432922
511,127.08272171020508
512,208.85143280029297
513,225.87712860107422
514,336.58165740966797
515,294.98149490356445
516,224.87360000610352
517,274.98485565185547
518,7.2291282415390015
519,42.34617805480957
520,316.2455291748047
521,1.660591572523117
522,3.8342308402061462
523,202.06870651245117
524,4.405062615871429
525,163.45774841308594
526,5.842496037483215
527,4.6445953249931335
528,4.171018064022064
529,6.379123330116272
530,264.01922607421875
531,103.77580833435059
532,3.6360862255096436
533,143.10503768920898
534,4.374591290950775
535,6.916954874992371
536,5.904679656028748
537,1.3803001642227173
538,5.002420961856842
539,280.7178153991699
540,262.84129333496094
541,252.87892532348633
542,74.00170516967773
543,75.98302745819092
544,5.425216555595398
545,3.950500190258026
546,3.497633635997772
547,2.049531012773514
548,336.7858123779297
549,5.707254409790039
550,246.9881935119629
551,5.7777475118637085
552,116.63693428039551
553,4.024182558059692
554,86.00396156311035
555,106.87521553039551
556,247.29173278808594
557,207.26346588134766
558,4.888303637504578
559,6.2508790493011475
560,177.48328399658203
561,124.85967826843262
562,154.5511074066162
563,3.0845219492912292
564,29.3681640625
565,162.20659637451172
566,2.664738714694977
567,45.24562740325928
568,106.15260124206543
569,316.1051483154297
570,3.4371138215065002
571,202.5755271911621
572,3.2621527910232544
573,87.95011520385742
574,95.42901611328125
575,7.4729708433151245
576,1.8838369250297546
577,3.0635104179382324
578,171.53489303588867
579,13.034574270248413
580,275.01132583618164
581,56.11192226409912
582,69.2750940322876
583,5.64631724357605
584,3.1610573530197144
585,150.48357009887695
586,4.878920078277588
587,210.66885375976562
588,3.0267986059188843
589,189.2219123840332
590,274.17772674560547
591,150.17237663269043
592,6.992783427238464
593,254.7085189819336
594,285.2335777282715
595,20.94352674484253
596,5.325390696525574
597,132.1895751953125
598,2.6292898058891296
599,85.52473831176758
600,181.24098587036133
601,138.58186721801758
602,19.96325945854187
603,2.0424352288246155
604,243.43180465698242
605,2.619881331920624
606,2.382330685853958
607,6.7964407205581665
608,42.645365715026855
609,269.0850524902344
610,28.827274799346924
611,69.4469108581543
612,3.2407442033290863
613,19.553327798843384
614,53.5671329498291
615,1.914939135313034
616,177.73676681518555
617,-62.55444812774658
618,229.27909469604492
619,4.840710937976837
620,5.423157095909119
621,180.45203399658203
622,102.11417198181152
623,184.1500015258789
624,203.57012176513672
625,2.4721967577934265
626,1.9333196580410004
627,82.67571258544922
628,4.251985728740692
629,224.17499923706055
630,4.474829018115997
631,2.123843640089035
632,205.38323593139648
633,124.77055931091309
634,228.56412887573242
635,2.5201070308685303
636,108.65067291259766
637,96.01381492614746
638,6.756728172302246
639,24.848028659820557
640,128.58156394958496
641,6.793390393257141
642,3.051981031894684
643,299.8827705383301
644,3.380491316318512
645,99.9753246307373
646,73.48905563354492
647,183.24779891967773
648,245.68023300170898
649,383.75667572021484
650,328.5217590332031
651,111.68453025817871
652,38.23438358306885
653,3.15774005651474
654,189.26988220214844
655,-21.15895938873291
656,180.54629516601562
657,146.15211868286133
658,300.4110641479492
659,1.8594221770763397
660,123.22800254821777
661,4.077586352825165
662,135.6930694580078
663,3.726475477218628
664,-41.50723075866699
665,89.3509521484375
666,129.10574531555176
667,230.54693222045898
668,331.2917022705078
669,101.94085311889648
670,215.06704711914062
671,116.1336841583252
672,84.33912467956543
673,4.127967834472656
674,5.634245276451111
675,5.9694504737854
676,5.6470500230789185
677,18.928418397903442
678,164.70888137817383
679,5.184898734092712
680,3.2745145559310913
681,1.9499020874500275
682,91.59246635437012
683,5.49925684928894
684,186.93432235717773
685,205.03318786621094
686,5.825686573982239
687,370.3101348876953
688,73.77430725097656
689,99.88926124572754
690,338.8541030883789
691,3.756242334842682
692,71.41474628448486
693,5.318265199661255
694,7.078112721443176
695,12.065219163894653
696,313.0459785461426
697,0.8654798865318298
698,235.85661697387695
699,1.7906570136547089
700,248.40672302246094
701,3.6308515071868896
702,4.02835351228714
703,59.04087257385254
704,78.13808536529541
705,148.05845642089844
706,179.06079483032227
707,164.47296524047852
708,61.25177192687988
709,86.69845771789551
710,217.66073608398438
711,238.42462921142578
712,6.525923013687134
713,21.205354690551758
714,6.758381724357605
715,256.9028663635254
716,3.143359959125519
717,89.40219306945801
718,356.48780822753906
719,214.4335174560547
720,4.826097786426544
721,145.69343948364258
722,2.175867408514023
723,6.645514130592346
724,2.129456490278244
725,2.3382400274276733
726,110.48429298400879
727,239.00571823120117
728,67.40080165863037
729,65.17330074310303
730,69.25727367401123
731,287.09119033813477
732,4.601618587970734
733,6.475199460983276
734,22.379292488098145
735,256.894474029541
736,43.82065010070801
737,44.89542484283447
738,112.64550018310547
739,312.7053871154785
740,138.5419521331787
741,-1.0259174313396215
742,280.0471954345703
743,108.88521575927734
744,1.6471714675426483
745,278.7994918823242
746,175.70357131958008
747,4.249753773212433
748,63.23962116241455
749,68.5396614074707
750,199.47490310668945
751,49.89876842498779
752,254.3874969482422
753,1.9619745016098022
754,242.6215591430664
755,6.403831839561462
756,5.921590089797974
757,220.43117141723633
758,2.190315216779709
759,62.6168794631958
760,12.197346925735474
761,193.7068748474121
762,5.325032711029053
763,2.0466818511486053
764,71.11257362365723
765,4.335995972156525
766,33.73741817474365
767,0.9579433649778366
768,5.040276885032654
769,5.930175065994263
770,1.9828011989593506
771,256.33240509033203
772,64.11436939239502
773,127.0501937866211
774,-29.251221656799316
775,18.666568279266357
776,4.0563894510269165
777,218.00757598876953
778,4.388477385044098
779,156.39332962036133
780,73.2639389038086
781,306.30247497558594
782,3.4684215784072876
783,48.96160697937012
784,2.720072031021118
785,51.187968254089355
786,122.18972587585449
787,5.540064573287964
788,1.8643268048763275
789,170.11923217773438
790,91.6930923461914
791,-17.256619691848755
792,119.89764785766602
793,-70.300048828125
794,334.1569595336914
795,-64.74699020385742
796,100.14698791503906
797,3.656901776790619
798,53.19119739532471
799,3.2960364818573
800,5.834656357765198
801,206.54742050170898
802,81.43329429626465
803,155.12330055236816
804,6.630734801292419
805,1.8358740210533142
806,163.65124130249023
807,2.6023598313331604
808,80.32438468933105
809,1.6168891489505768
810,47.73396301269531
811,251.9784164428711
812,88.14414596557617
813,265.48954010009766
814,5.892605185508728
815,4.746780157089233
816,6.682429075241089
817,2.681379020214081
818,0.4694847106002271
819,5.5604106187820435
820,81.32966995239258
821,5.548437595367432
822,2.047515332698822
823,35.15475797653198
824,78.89278888702393
825,7.48562490940094
826,68.40065383911133
827,4.2064507603645325
828,6.2532758712768555
829,45.01268291473389
830,182.44353866577148
831,106.38565254211426
832,6.074677348136902
833,259.88753509521484
834,200.16898345947266
835,146.21560096740723
836,2.4076775908470154
837,67.42847156524658
838,158.88549423217773
839,6.095474720001221
840,176.39219665527344
841,137.69669342041016
842,69.44364261627197
843,2.4186533093452454
844,3.461225748062134
845,5.345672965049744
846,6.062435746192932
847,5.5587053298950195
848,153.36894607543945
849,6.3734986782073975
850,81.63113594055176
851,27.138076305389404
852,14.652729272842407
853,86.07962036132812
854,9.201497316360474
855,6.892328381538391
856,237.89043426513672
857,87.07972145080566
858,44.98412799835205
859,221.86265182495117
860,2.0986549258232117
861,3.4271810054779053
862,2.888322174549103
863,104.28317070007324
864,251.37817764282227
865,276.294132232666
866,224.1362648010254
867,5.647631883621216
868,119.78432655334473
869,153.57830619812012
870,135.23166465759277
871,151.43098258972168
872,144.94517517089844
873,2.8613520860671997
874,66.77486610412598
875,6.548325896263123
876,106.56718826293945
877,37.55692386627197
878,108.11557006835938
879,5.35798716545105
880,6.697322368621826
881,155.36875534057617
882,5.664471626281738
883,249.63282775878906
884,5.913071632385254
885,170.0245361328125
886,54.332950592041016
887,2.305334061384201
888,2.142344206571579
889,240.10303115844727
890,3.8497554063796997
891,2.9419257044792175
892,52.0526647567749
893,5.383275508880615
894,-14.6969735622406
895,3.6189358830451965
896,223.1781463623047
897,2.5589035153388977
898,213.67541122436523
899,-51.36521053314209
900,237.01460647583008
901,3.7005844712257385
902,185.99155807495117
903,5.2981637716293335
904,130.0910587310791
905,1.9257795214653015
906,0.6302688717842102
907,207.92156600952148
908,48.71165084838867
909,90.17253494262695
910,2.288950502872467
911,6.652238368988037
912,269.63229751586914
913,164.94063186645508
914,301.1485404968262
915,77.34222030639648
916,126.20610809326172
917,-15.521182537078857
918,2.547166585922241
919,2.8960859179496765
920,391.9183578491211
921,145.9787425994873
922,191.72759628295898
923,2.4373161792755127
924,87.08616065979004
925,182.9359588623047
926,51.05129432678223
927,64.28147792816162
928,5.204353213310242
929,45.174288749694824
930,38.88464546203613
931,226.94229888916016
932,182.60534286499023
933,5.184208393096924
934,2.0924199521541595
935,181.42602920532227
936,65.3671464920044
937,3.5544221997261047
938,4.6373409032821655
939,131.2308235168457
940,1.4034816026687622
941,5.799370884895325
942,4.865649878978729
943,107.29104804992676
944,4.036509275436401
945,2.0019330382347107
946,67.1605281829834
947,40.60906410217285
948,72.58857154846191
949,242.66186904907227
950,368.58119201660156
951,11.48177170753479
952,-20.570842742919922
953,6.433550000190735
954,255.2514877319336
955,200.63003540039062
956,151.8229465484619
957,2.1571857631206512
958,3.109512507915497
959,185.42396545410156
960,61.70378303527832
961,170.49293899536133
962,3.062873601913452
963,6.3756279945373535
964,5.10009241104126
965,6.801669716835022
966,4.088374197483063
967,33.789101123809814
968,174.11597061157227
969,168.4322967529297
970,6.369341015815735
971,363.6831283569336
972,5.546544194221497
973,105.41695976257324
974,5.479434609413147
975,4.280177295207977
976,5.362962126731873
977,183.94749069213867
978,302.950927734375
979,2.353719413280487
980,1.8277182877063751
981,-20.161616325378418
982,47.45216655731201
983,298.14057540893555
984,320.6477584838867
985,262.6969299316406
986,103.19317436218262
987,3.276508092880249
988,239.69481658935547
989,327.0989303588867
990,76.46262550354004
991,3.9395280480384827
992,284.18994140625
993,185.1817398071289
994,3.0710553526878357
995,-6.232361912727356
996,11.157792091369629
997,2.0667547583580017
998,43.4292516708374
999,98.84700965881348
1000,-17.17327308654785
1001,289.77293395996094
1002,170.298095703125
1003,5.680460453033447
1004,1.1863759458065033
1005,1.8782536089420319
1006,3.7430103421211243
1007,161.33836555480957
1008,2.0255954563617706
1009,6.589000105857849
1010,10.826953649520874
1011,266.1430244445801
1012,27.046593189239502
1013,209.56731033325195
1014,64.61181640625
1015,237.24234008789062
1016,6.46597945690155
1017,5.31220006942749
1018,3.180465042591095
1019,6.315869569778442
1020,4.276942133903503
1021,135.49230003356934
1022,77.4423189163208
1023,178.6922149658203
1024,163.35052108764648
1025,5.233169913291931
1026,3.580041289329529
1027,4.909322917461395
1028,82.47130966186523
1029,3.786888837814331
1030,31.064157962799072
1031,266.2479782104492
1032,3.0037484169006348
1033,2.642690420150757
1034,230.91679000854492
1035,1.279915452003479
1036,238.67416763305664
1037,6.775933742523193
1038,46.251532554626465
1039,3.6347201466560364
1040,-12.977221727371216
1041,2.9440277814865112
1042,3.760140895843506
1043,3.9058391451835632
1044,323.17224884033203
1045,117.61570358276367
1046,38.32601022720337
1047,225.02622985839844
1048,1.7996524572372437
1049,2.8092053532600403
1050,6.223568081855774
1051,88.70262145996094
1052,174.67335510253906
1053,255.2065315246582
1054,6.313720464706421
1055,19.018954038619995
1056,33.668601512908936
1057,4.345137655735016
1058,2.8421430587768555
1059,2.950535297393799
1060,121.8378734588623
1061,2.9926114082336426
1062,5.8920722007751465
1063,311.67572021484375
1064,234.45034790039062
1065,79.29638195037842
1066,249.84942626953125
1067,263.9336051940918
1068,5.403899669647217
1069,4.422605395317078
1070,327.35565185546875
1071,174.5693702697754
1072,5.344581127166748
1073,3.3723608255386353
1074,6.309348821640015
1075,4.940511524677277
1076,288.4231185913086
1077,6.252895474433899
1078,163.82340240478516
1079,2.59163236618042
1080,2.4954913854599
1081,5.916344046592712
1082,4.130689442157745
1083,3.606113374233246
1084,6.250446438789368
1085,118.95681953430176
1086,179.22597885131836
1087,70.99766540527344
1088,277.8936462402344
1089,8.54918909072876
1090,121.05669403076172
1091,266.83101654052734
1092,5.693440914154053
1093,3.8139814734458923
1094,6.707208275794983
1095,3.2583489418029785
1096,2.369460791349411
1097,5.0296971797943115
1098,78.52766799926758
1099,116.90971946716309
1100,5.78203821182251
1101,4.610786318778992
1102,6.057900786399841
1103,267.3394966125488
1104,4.591739594936371
1105,121.12325286865234
1106,5.001536548137665
1107,6.233624577522278
1108,16.73999547958374
1109,105.92678642272949
1110,88.67593383789062
1111,3.381646752357483
1112,217.57893753051758
1113,2.6595738530158997
1114,170.72082138061523
1115,-34.76269578933716
1116,5.450763821601868
1117,292.0586624145508
1118,275.2996940612793
1119,4.6451422572135925
1120,51.007150650024414
1121,22.147589206695557
1122,232.46644592285156
1123,3.4932119846343994
1124,185.93652725219727
1125,2.7719510197639465
1126,78.15694808959961
1127,6.478949546813965
1128,-26.03820514678955
1129,196.82987594604492
1130,6.249726414680481
1131,44.30210781097412
1132,3.874588191509247
1133,-56.095152854919434
1134,213.35416412353516
1135,206.89188385009766
1136,-47.14147472381592
1137,3.995679199695587
1138,59.90594959259033
1139,120.92033958435059
1140,115.53777313232422
1141,205.86164474487305
1142,137.9276294708252
1143,37.002110958099365
1144,-35.28698015213013
1145,112.71952438354492
1146,37.782599449157715
1147,4.275476932525635
1148,103.48540115356445
1149,38.344053745269775
1150,4.040037631988525
1151,1.2344181090593338
1152,4.056641697883606
1153,4.223020136356354
1154,35.208470821380615
1155,173.87651443481445
1156,6.660531759262085
1157,90.92987060546875
1158,194.4173583984375
1159,133.7699203491211
1160,109.62568092346191
1161,1.728061705827713
1162,5.553845524787903
1163,5.437724590301514
1164,4.926616668701172
1165,212.8380889892578
1166,56.456074714660645
1167,-11.797508478164673
1168,4.763945817947388
1169,172.48842239379883
1170,4.834101021289825
1171,4.129391968250275
1172,-16.899585008621216
1173,3.9007736444473267
1174,181.84992599487305
1175,-58.813809394836426
1176,242.1856460571289
1177,2.1299162209033966
1178,147.74685287475586
1179,2.7302608489990234
1180,2.1560488641262054
1181,2.143353432416916
1182,142.31270599365234
1183,7.338604211807251
1184,3.783641278743744
1185,278.9627876281738
1186,122.82843399047852
1187,4.007119059562683
1188,2.9208666682243347
1189,157.21185493469238
1190,3.576692044734955
1191,3.230224907398224
1192,4.872094392776489
1193,146.8186092376709
1194,5.643610596656799
1195,2.2230482697486877
1196,263.52899169921875
1197,82.14518737792969
1198,2.810694456100464
1199,267.15417098999023
1200,46.78292655944824
1201,243.67263793945312
1202,59.226521492004395
1203,3.2380188703536987
1204,162.75899124145508
1205,1.8089313209056854
1206,163.6246223449707
1207,119.54153060913086
1208,201.46920013427734
1209,252.76759719848633
1210,208.45773696899414
1211,233.85375213623047
1212,6.0348933935165405
1213,3.864304840564728
1214,201.54912948608398
1215,86.7182502746582
1216,239.25048065185547
1217,196.43820190429688
1218,-54.31064510345459
1219,6.161368489265442
1220,5.85725474357605
1221,260.655517578125
1222,5.462886810302734
1223,2.6004095673561096
1224,2.9260095953941345
1225,110.10797119140625
1226,1.3049408495426178
1227,4.767295956611633
1228,2.226829916238785
1229,40.39035892486572
1230,101.80584716796875
1231,242.31069564819336
1232,1.821785181760788
1233,-8.451894402503967
1234,2.7445845007896423
1235,18.592140197753906
1236,259.89950942993164
1237,3.7587417364120483
1238,2.526091754436493
1239,1.5532210767269135
1240,51.16354179382324
1241,2.1038268208503723
1242,4.586930453777313
1243,4.767885148525238
1244,191.70751190185547
1245,4.138554751873016
1246,269.74549865722656
1247,5.585699439048767
1248,105.60414695739746
1249,163.3324432373047
1250,7.529136538505554
1251,30.258323192596436
1252,5.972570419311523
1253,3.896358549594879
1254,4.1357768177986145
1255,34.495522022247314
1256,82.9178581237793
1257,152.3620090484619
1258,258.8801383972168
1259,45.886088371276855
1260,261.5567626953125
1261,5.90040647983551
1262,5.583914279937744
1263,227.46470260620117
1264,2.7848775386810303
1265,17.589840173721313
1266,123.76986122131348
1267,2.4141451120376587
1268,6.2287962436676025
1269,274.6947250366211
1270,-58.988325119018555
1271,264.3687210083008
1272,51.05003070831299
1273,14.37606167793274
1274,214.29230117797852
1275,212.41548538208008
1276,37.35689067840576
1277,4.170475542545319
1278,1.563530147075653
1279,4.077387988567352
1280,-57.177738189697266
1281,3.4372180700302124
1282,109.19823265075684
1283,169.64231872558594
1284,2.6013519763946533
1285,-58.09301280975342
1286,2.9895375967025757
1287,47.86843395233154
1288,112.9927806854248
1289,4.0634923577308655
1290,216.13311004638672
1291,3.46256822347641
1292,37.72413873672485
1293,98.96360969543457
1294,259.783935546875
1295,160.91843795776367
1296,6.249883055686951
1297,48.826494216918945
1298,6.019198417663574
1299,6.187627077102661
1300,181.07678604125977
1301,258.40608978271484
1302,221.35702896118164
1303,6.098136901855469
1304,3.9250418543815613
1305,5.006018400192261
1306,50.70660877227783
1307,148.65257453918457
1308,1.851973444223404
1309,4.716265261173248
1310,344.8428421020508
1311,2.5536457896232605
1312,7.398148775100708
1313,37.462942123413086
1314,145.01787185668945
1315,215.64495468139648
1316,260.1829528808594
1317,72.74817848205566
1318,2.1364905536174774
1319,210.20019149780273
1320,261.50614166259766
1321,12.99072527885437
1322,51.267754554748535
1323,260.57049560546875
1324,242.60576629638672
1325,44.21943664550781
1326,58.70569896697998
1327,245.5225944519043
1328,2.7391507625579834
1329,5.922230243682861
1330,124.8939323425293
1331,-6.59848952293396
1332,291.24275970458984
1333,2.0234652161598206
1334,333.57293701171875
1335,1.8583247363567352
1336,116.18637084960938
1337,20.310484409332275
1338,244.20629119873047
1339,6.405202746391296
1340,172.12944412231445
1341,247.57909393310547
1342,183.39963912963867
1343,40.16103792190552
1344,136.62882614135742
1345,3.0317535996437073
1346,55.284767150878906
1347,93.31255149841309
1348,2.9954028725624084
1349,220.22968673706055
1350,38.532795906066895
1351,228.6304702758789
1352,2.6008338928222656
1353,15.435925960540771
1354,5.056507229804993
1355,5.849189877510071
1356,3.7436699271202087
1357,7.2600895166397095
1358,6.701338529586792
1359,1.6856393814086914
1360,308.1178970336914
1361,4.711058795452118
1362,6.411843419075012
1363,64.40362548828125
1364,3.4813255667686462
1365,5.906899690628052
1366,6.528702974319458
1367,5.919464945793152
1368,12.581570625305176
1369,192.41522216796875
1370,267.8842124938965
1371,230.32022094726562
1372,20.359140396118164
1373,3.64912086725235
1374,195.62786102294922
1375,172.61992263793945
1376,5.558238744735718
1377,4.958409488201141
1378,110.36326026916504
1379,75.5724687576294
1380,100.47173690795898
1381,227.12845611572266
1382,70.69539737701416
1383,54.69721698760986
1384,-4.613352596759796
1385,180.69773483276367
1386,2.181620180606842
1387,61.587013244628906
1388,1.6577594876289368
1389,232.70190048217773
1390,194.18904495239258
1391,55.23845672607422
1392,54.48583507537842
1393,272.77439880371094
1394,-15.569204807281494
1395,44.49040985107422
1396,183.43792724609375
1397,5.5376588106155396
1398,200.2431869506836
1399,1.5396149158477783
1400,108.19429969787598
1401,335.00909423828125
1402,51.273770332336426
1403,271.9673271179199
1404,92.80116653442383
1405,116.54947662353516
1406,1.938548982143402
1407,107.77541542053223
1408,7.6475783586502075
1409,3.932290554046631
1410,258.4254608154297
1411,265.225154876709
1412,-34.15766382217407
1413,118.02747917175293
1414,256.7894706726074
1415,2.3316459953784943
1416,2.5142768025398254
1417,4.2043686509132385
1418,320.9991035461426
1419,153.82517051696777
1420,4.389375925064087
1421,34.893184661865234
1422,6.492636442184448
1423,3.206465005874634
1424,5.407070875167847
1425,2.229089707136154
1426,-33.9024658203125
1427,3.629058599472046
1428,4.437771856784821
1429,3.5877594351768494
1430,4.499712586402893
1431,6.312978267669678
1432,162.92174911499023
1433,2.9143988490104675
1434,6.661982178688049
1435,4.520675957202911
1436,-51.08110237121582
1437,151.98293495178223
1438,114.46552848815918
1439,6.451928734779358
1440,2.4963631629943848
1441,136.75140380859375
1442,197.62226104736328
1443,53.272969245910645
1444,5.969272971153259
1445,45.59397888183594
1446,273.0412902832031
1447,224.4982681274414
1448,-37.279566287994385
1449,5.905072331428528
1450,274.35869216918945
1451,146.10003089904785
1452,5.161403775215149
1453,5.69266939163208
1454,186.2775001525879
1455,72.0171422958374
1456,-2.6173097789287567
1457,7.825516104698181
1458,4.9522441029548645
1459,315.5437316894531
1460,350.68856048583984
1461,146.4664134979248
1462,-17.45422673225403
1463,75.88370609283447
1464,5.887308597564697
1465,3.104158103466034
1466,230.37390899658203
1467,5.657002568244934
1468,5.476151466369629
1469,37.90622329711914
1470,3.6998417377471924
1471,29.95244026184082
1472,6.737862229347229
1473,2.628230571746826
1474,245.8172149658203
1475,99.22627639770508
1476,6.763799428939819
1477,2.566156566143036
1478,120.36396980285645
1479,4.617055118083954
1480,125.25375747680664
1481,6.017762064933777
1482,159.06736755371094
1483,6.282237529754639
1484,241.86148834228516
1485,170.60158157348633
1486,6.702637791633606
1487,3.517274022102356
1488,88.91701126098633
1489,5.6933611035346985
1490,85.75872039794922
1491,3.259764850139618
1492,2.0101650655269623
1493,7.575576901435852
1494,5.401730298995972
1495,33.51275062561035
1496,7.458360552787781
1497,60.217034339904785
1498,5.687967300415039
1499,68.47590446472168
1500,7.198007345199585
1501,5.858277440071106
1502,72.22678279876709
1503,5.710869908332825
1504,2.15511092543602
1505,4.746507883071899
1506,205.57464981079102
1507,49.4057674407959
1508,99.495361328125
1509,72.48836040496826
1510,3.1642608046531677
1511,42.391791343688965
1512,65.15267658233643
1513,6.006621360778809
1514,278.1967239379883
1515,54.03771495819092
1516,2.7038780450820923
1517,357.0227279663086
1518,4.362480998039246
1519,248.9363021850586
1520,5.204133868217468
1521,51.069454193115234
1522,4.939120948314667
1523,2.7493025064468384
1524,115.56233024597168
1525,-35.436349868774414
1526,2.295711636543274
1527,5.929758667945862
1528,3.686819016933441
1529,211.88953399658203
1530,263.42306900024414
1531,3.3691053986549377
1532,5.775642156600952
1533,3.3436877727508545
1534,-15.003536462783813
1535,72.14518070220947
1536,5.944641828536987
1537,2.6744402647018433
1538,301.9667053222656
1539,164.19903564453125
1540,2.2042743861675262
1541,150.79105949401855
1542,2.957856595516205
1543,20.383195877075195
1544,7.779588937759399
1545,3.56778746843338
1546,5.7719422578811646
1547,-14.73903489112854
1548,214.7527961730957
1549,41.64316272735596
1550,3.734834313392639
1551,2.2798820436000824
1552,240.58861541748047
1553,6.475134253501892
1554,283.5543785095215
1555,145.3479881286621
1556,4.3463380336761475
1557,15.925106287002563
1558,3.6810775995254517
1559,243.56344604492188
1560,170.6323585510254
1561,198.47253036499023
1562,240.11993026733398
1563,109.3541374206543
1564,3.3410890102386475
1565,90.38834381103516
1566,3.8622372150421143
1567,4.596639811992645
1568,92.38404273986816
1569,19.50225019454956
1570,284.7761001586914
1571,3.421781599521637
1572,83.06872367858887
1573,2.183197110891342
1574,4.333286106586456
1575,5.881341576576233
1576,4.232852280139923
1577,5.638103604316711
1578,90.17253112792969
1579,5.3051064014434814
1580,198.81415939331055
1581,220.27936553955078
1582,6.705206394195557
1583,310.4436454772949
1584,315.5341377258301
1585,5.923397064208984
1586,4.833704352378845
1587,50.910338401794434
1588,287.2932815551758
1589,7.269986867904663
1590,6.122337460517883
1591,168.61297607421875
1592,7.136523485183716
1593,112.37321281433105
1594,151.42608642578125
1595,114.12705612182617
1596,5.672578692436218
1597,66.09233283996582
1598,6.701520323753357
1599,2.8845282196998596
1600,4.4049776792526245
1601,2.908539295196533
1602,5.894411563873291
1603,268.6362190246582
1604,43.393675804138184
1605,109.94685745239258
1606,267.4805221557617
1607,12.402192115783691
1608,3.3450363874435425
1609,7.51378607749939
1610,3.0732994079589844
1611,196.11711883544922
1612,80.7461929321289
1613,2.859239935874939
1614,284.08972930908203
1615,5.825549006462097
1616,4.023585021495819
1617,179.1033058166504
1618,230.27159118652344
1619,8.490468382835388
1620,43.68187999725342
1621,2.603879928588867
1622,2.557185709476471
1623,2.6857776045799255
1624,239.1185073852539
1625,69.3487777709961
1626,1.642165720462799
1627,33.45406484603882
1628,3.784032702445984
1629,204.73345184326172
1630,83.58670806884766
1631,3.0990488529205322
1632,315.94348526000977
1633,5.0295809507369995
1634,1.2508700042963028
1635,3.5540254712104797
1636,4.658498406410217
1637,6.9070656299591064
1638,196.15887451171875
1639,42.7074499130249
1640,4.682901561260223
1641,300.4035873413086
1642,151.62749862670898
1643,202.44801712036133
1644,109.88854598999023
1645,192.9133758544922
1646,6.078295946121216
1647,6.684971928596497
1648,30.570487022399902
1649,4.42771577835083
1650,93.65335464477539
1651,6.392526984214783
1652,6.093967080116272
1653,227.50214385986328
1654,6.650809645652771
1655,310.92015838623047
1656,55.72896671295166
1657,1.1578568369150162
1658,287.14301681518555
1659,2.195253074169159
1660,1.5195107460021973
1661,6.498396277427673
1662,197.73766708374023
1663,5.9159969091415405
1664,120.23139953613281
1665,1.0450193732976913
1666,91.82185554504395
1667,-59.91857051849365
1668,257.9946174621582
1669,56.878910064697266
1670,2.1233563125133514
1671,2.549463152885437
1672,5.519456505775452
1673,4.47633695602417
1674,127.52065849304199
1675,2.199161410331726
1676,-61.594085693359375
1677,32.84454584121704
1678,10.757830739021301
1679,209.1062126159668
1680,94.67808723449707
1681,1.2689309567213058
1682,3.0750478506088257
1683,63.52660942077637
1684,25.45246982574463
1685,6.612687110900879
1686,137.71823501586914
1687,7.225136756896973
1688,153.8274440765381
1689,264.1229553222656
1690,3.148184359073639
1691,3.8494391441345215
1692,3.971969485282898
1693,2.526036322116852
1694,89.03189849853516
1695,231.61776733398438
1696,119.13216400146484
1697,1.7206050157546997
1698,222.8993148803711
1699,178.8907928466797
1700,113.53107070922852
1701,277.3758850097656
1702,-79.57410335540771
1703,5.825539827346802
1704,5.583730697631836
1705,2.823418617248535
1706,88.61467933654785
1707,5.225116968154907
1708,72.04365348815918
1709,143.23859786987305
1710,6.22861385345459
1711,70.89348220825195
1712,1.871616393327713
1713,5.82363760471344
1714,-56.212918281555176
1715,4.975303769111633
1716,2.803061068058014
1717,18.641512870788574
1718,130.22687911987305
1719,23.14422369003296
1720,6.409340977668762
1721,259.5759048461914
1722,3.4721370935440063
1723,167.22296905517578
1724,141.43144989013672
1725,3.0309595465660095
1726,4.451069355010986
1727,242.09082794189453
1728,4.3153188824653625
1729,3.4794973134994507
1730,62.457858085632324
1731,217.2658576965332
1732,4.926766097545624
1733,372.93634033203125
1734,274.4827537536621
1735,193.3636245727539
1736,3.3589696884155273
1737,301.57372665405273
1738,288.9331359863281
1739,205.88524627685547
1740,90.54348373413086
1741,131.20713806152344
1742,253.5117530822754
1743,5.270076632499695
1744,106.52925872802734
1745,43.00907611846924
1746,3.597784101963043
1747,7.709095597267151
1748,176.5997314453125
1749,3.5251439213752747
1750,59.579604148864746
1751,20.866398811340332
1752,7.243106007575989
1753,6.056571125984192
1754,265.8237991333008
1755,226.94697189331055
1756,1.8862414956092834
1757,231.2583122253418
1758,331.30953216552734
1759,4.757810056209564
1760,281.0533561706543
1761,259.7319755554199
1762,27.276533126831055
1763,40.27220392227173
1764,14.930699586868286
1765,5.200337290763855
1766,248.52438735961914
1767,193.43833923339844
1768,5.724596858024597
1769,96.77555656433105
1770,56.78214168548584
1771,2.941959857940674
1772,216.39507293701172
1773,250.0799102783203
1774,6.410583734512329
1775,286.46379470825195
1776,2.8210869431495667
1777,14.203545093536377
1778,37.96688795089722
1779,23.57650661468506
1780,102.47399711608887
1781,5.744587063789368
1782,211.04988861083984
1783,233.01020050048828
1784,4.118250787258148
1785,64.7653751373291
1786,2.5825271606445312
1787,72.52683734893799
1788,5.0035887360572815
1789,2.4819007217884064
1790,54.59968280792236
1791,4.119145333766937
1792,2.578284442424774
1793,2.001728504896164
1794,167.9826202392578
1795,194.7791290283203
1796,281.71368408203125
1797,134.66798400878906
1798,6.520134925842285
1799,200.82175064086914
1800,147.4989185333252
1801,5.191346883773804
1802,1.951964557170868
1803,142.01712799072266
1804,4.1831164956092834
1805,177.4259490966797
1806,5.524159908294678
1807,273.7346725463867
1808,154.2250213623047
1809,59.19490432739258
1810,4.158316254615784
1811,2.6108773946762085
1812,21.052417278289795
1813,3.5742186307907104
1814,169.7128143310547
1815,266.35504150390625
1816,5.383880376815796
1817,106.10320854187012
1818,76.0866231918335
1819,233.88879776000977
1820,7.354288697242737
1821,3.394192636013031
1822,251.7767219543457
1823,-4.806178569793701
1824,56.84529209136963
1825,2.3165054619312286
1826,6.148772358894348
1827,3.433707594871521
1828,2.0891797840595245
1829,231.17172241210938
1830,234.70236206054688
1831,6.794937252998352
1832,32.21043062210083
1833,3.8584622144699097
1834,4.025452971458435
1835,92.55665969848633
1836,6.444499850273132
1837,5.9717628955841064
1838,5.916446924209595
1839,102.77106475830078
1840,-17.916032552719116
1841,-89.44897842407227
1842,245.76779556274414
1843,184.02664947509766
1844,256.78931427001953
1845,160.18913650512695
1846,35.770780086517334
1847,265.6278076171875
1848,112.6513442993164
1849,3.7956908345222473
1850,6.794180274009705
1851,-76.65892887115479
1852,5.84418523311615
1853,77.24944972991943
1854,63.28988170623779
1855,5.611388444900513
1856,185.53824615478516
1857,2.837813973426819
1858,5.0445966720581055
1859,6.341396808624268
1860,5.737934947013855
1861,142.69260787963867
1862,6.3760154247283936
1863,68.33288955688477
1864,74.18896389007568
1865,209.3614730834961
1866,125.18605613708496
1867,96.84877586364746
1868,271.84609603881836
1869,154.36451721191406
1870,3.4153863191604614
1871,197.72954940795898
1872,49.05692100524902
1873,2.8768908381462097
1874,24.24743127822876
1875,112.06748580932617
1876,2.7979722023010254
1877,2.61369389295578
1878,65.48899269104004
1879,55.71094036102295
1880,281.04440689086914
1881,6.05071222782135
1882,92.04811096191406
1883,6.434722423553467
1884,90.00666618347168
1885,297.60998153686523
1886,275.482967376709
1887,3.2088112831115723
1888,217.9804573059082
1889,234.3308448791504
1890,2.374866485595703
1891,241.72172927856445
1892,210.78213119506836
1893,4.299073398113251
1894,2.1072148978710175
1895,9.469510197639465
1896,5.933586239814758
1897,54.73174571990967
1898,-59.05320453643799
1899,3.085295617580414
1900,5.913215160369873
1901,253.18235397338867
1902,219.91849899291992
1903,-60.47228527069092
1904,65.87689208984375
1905,53.02626037597656
1906,169.59477615356445
1907,6.726357579231262
1908,6.257186412811279
1909,113.18765830993652
1910,5.667778968811035
1911,5.212350368499756
1912,3.7998375296592712
1913,75.7713565826416
1914,-28.616182327270508
1915,6.928104996681213
1916,0.8448455929756165
1917,2.6450279355049133
1918,161.0230827331543
1919,4.935804843902588
1920,4.646612703800201
1921,71.64502716064453
1922,3.4050177931785583
1923,6.623546242713928
1924,2.4544376730918884
1925,4.428128480911255
1926,92.2128963470459
1927,172.966064453125
1928,3.5631121397018433
1929,48.944355964660645
1930,2.4414481222629547
1931,6.1944193840026855
1932,4.900582015514374
1933,2.7239573001861572
1934,252.8301010131836
1935,6.282115459442139
1936,5.079236388206482
1937,-6.78818941116333
1938,-31.843228816986084
1939,2.61616975069046
1940,256.6325492858887
1941,3.4227691888809204
1942,241.29730987548828
1943,3.965497374534607
1944,229.83303451538086
1945,305.4537048339844
1946,5.9857951402664185
1947,95.69590377807617
1948,5.732660174369812
1949,-8.188170909881592
1950,33.9240198135376
1951,2.7795273661613464
1952,32.10553026199341
1953,368.70613861083984
1954,2.8195279240608215
1955,82.26245498657227
1956,2.0159527361392975
1957,112.05746841430664
1958,3.934808611869812
1959,171.71588516235352
1960,55.06672286987305
1961,0.9317347556352615
1962,4.179116308689117
1963,3.3234216570854187
1964,4.933072328567505
1965,98.79651069641113
1966,3.4999977350234985
1967,4.75615668296814
1968,275.09695053100586
1969,37.054341316223145
1970,5.737223267555237
1971,1.9825517237186432
1972,100.14790153503418
1973,-47.55414295196533
1974,2.344968169927597
1975,2.943340003490448
1976,323.7976531982422
1977,1.6520539224147797
1978,216.50603103637695
1979,90.88143348693848
1980,275.4594421386719
1981,151.73174667358398
1982,122.52295303344727
1983,86.70832824707031
1984,8.263335585594177
1985,4.685541391372681
1986,3.675017237663269
1987,6.170542478561401
1988,1.239887148141861
1989,5.726824998855591
1990,4.667138576507568
1991,2.063453584909439
1992,4.253089010715485
1993,26.75606346130371
1994,1.8176133036613464
1995,98.93487739562988
1996,4.218385279178619
1997,2.513547509908676
1998,5.464839696884155
1999,303.064453125
2000,5.907307982444763
2001,312.3920211791992
2002,-49.923569679260254
2003,6.739266276359558
2004,326.0812530517578
2005,67.6153211593628
2006,4.659442603588104
2007,45.48019027709961
2008,232.0466079711914
2009,144.16696548461914
2010,293.74283599853516
2011,6.367539763450623
2012,176.18858337402344
2013,-46.03177261352539
2014,292.1803970336914
2015,192.29531478881836
2016,30.312337398529053
2017,3.064070463180542
2018,56.04299831390381
2019,70.98929405212402
2020,6.740595698356628
2021,4.4415101408958435
2022,181.54933166503906
2023,63.286675453186035
2024,2.60930472612381
2025,4.089997053146362
2026,85.9092025756836
2027,5.913665056228638
2028,6.28038477897644
2029,50.56825256347656
2030,303.6801414489746
2031,73.78004837036133
2032,291.46372985839844
2033,230.55990600585938
2034,2.6119344830513
2035,60.02036952972412
2036,201.61835861206055
2037,5.23809027671814
2038,2.8515802025794983
2039,2.7862969636917114
2040,129.50898933410645
2041,270.0833168029785
2042,4.105769097805023
2043,174.65949249267578
2044,2.3884813487529755
2045,90.6315975189209
2046,292.8539505004883
2047,5.525501251220703
2048,-43.20252799987793
2049,1.923805445432663
2050,359.62821197509766
2051,3.7226282358169556
2052,2.476734220981598
2053,237.41783905029297
2054,4.540203154087067
2055,3.8692530393600464
2056,-41.60804748535156
2057,201.38214492797852
2058,-17.030670642852783
2059,5.361625671386719
2060,20.874751091003418
2061,2.337441235780716
2062,153.5976333618164
2063,3.630945920944214
2064,3.937964618206024
2065,3.5640931725502014
2066,1.9841517806053162
2067,6.1507463455200195
2068,3.524579405784607
2069,1.4760662317276
2070,281.87805938720703
2071,287.2932586669922
2072,4.305710077285767
2073,203.61463165283203
2074,367.86863708496094
2075,259.61008071899414
2076,3.6725414395332336
2077,2.8857821822166443
2078,3.83663809299469
2079,4.049335837364197
2080,2.6202871203422546
2081,3.1409063935279846
2082,5.541569948196411
2083,19.81427526473999
2084,2.47821107506752
2085,4.970961332321167
2086,136.86734008789062
2087,80.83438491821289
2088,37.18976306915283
2089,57.00313472747803
2090,244.51752853393555
2091,205.35525131225586
2092,-98.4856185913086
2093,5.229583144187927
2094,3.819308876991272
2095,91.4788589477539
2096,36.48301458358765
2097,109.46282196044922
2098,5.400512099266052
2099,-21.066550731658936
2100,17.96529245376587
2101,5.724841594696045
2102,7.080765724182129
2103,51.16989612579346
2104,44.80122947692871
2105,30.544093132019043
2106,314.6869010925293
2107,7.173758268356323
2108,7.507784962654114
2109,5.943234443664551
2110,256.971004486084
2111,3.652986526489258
2112,44.97181510925293
2113,88.90566635131836
2114,2.5554530024528503
2115,34.145466327667236
2116,3.784899890422821
2117,3.6168479323387146
2118,3.8874444365501404
2119,115.18907356262207
2120,4.201591849327087
2121,198.51089096069336
2122,221.37466430664062
2123,2.7365469336509705
2124,1.6613844633102417
2125,4.433173418045044
2126,5.96829891204834
2127,62.790528297424316
2128,210.70210647583008
2129,1.809292197227478
2130,2.4208816587924957
2131,5.808544635772705
2132,6.1347914934158325
2133,223.85101699829102
2134,61.71220588684082
2135,205.8781509399414
2136,34.183170795440674
2137,224.6624755859375
2138,3.225133538246155
2139,75.69614791870117
2140,53.76899242401123
2141,52.42215156555176
2142,5.6925050020217896
2143,-15.464341878890991
2144,177.6967430114746
2145,45.12419033050537
2146,3.896906554698944
2147,4.2780601978302
2148,45.67562198638916
2149,-54.37453556060791
2150,4.171003937721252
2151,68.66754722595215
2152,4.888944506645203
2153,3.4489001035690308
2154,1.8829555213451385
2155,2.383448600769043
2156,5.9164475202560425
2157,134.57714653015137
2158,3.7046998143196106
2159,342.73889923095703
2160,233.26896286010742
2161,306.2428665161133
2162,1.861776202917099
2163,303.03087997436523
2164,6.418191075325012
2165,3.0072591304779053
2166,2.516834259033203
2167,39.81987190246582
2168,304.3645324707031
2169,2.493823856115341
2170,2.27806094288826
2171,155.06737327575684
2172,5.58724045753479
2173,255.55468368530273
2174,261.16773986816406
2175,0.8493103682994843
2176,4.816369533538818
2177,-41.60986042022705
2178,4.29300194978714
2179,67.68192100524902
2180,273.6795234680176
2181,2.8100078105926514
2182,165.4239501953125
2183,194.23162078857422
2184,5.913915276527405
2185,2.7065715193748474
2186,2.8723264336586
2187,4.770892441272736
2188,250.64362335205078
2189,236.43609619140625
2190,82.42381286621094
2191,2.6480408906936646
2192,2.858191132545471
2193,106.2432746887207
2194,2.662123382091522
2195,4.88578861951828
2196,6.561310648918152
2197,1.9965344965457916
2198,4.437762200832367
2199,3.2663394808769226
2200,1.756928414106369
2201,4.067652344703674
2202,74.85923480987549
2203,2.4644216299057007
2204,1.9862681031227112
2205,119.89981460571289
2206,5.462578177452087
2207,166.77371215820312
2208,5.307929635047913
2209,12.158504724502563
2210,262.2441940307617
2211,1.7602684199810028
2212,4.662652373313904
2213,6.418001413345337
2214,91.13826751708984
2215,25.958516120910645
2216,82.38817596435547
2217,4.302506864070892
2218,30.592551231384277
2219,2.5413660407066345
2220,5.494319438934326
2221,3.301352024078369
2222,-56.59380531311035
2223,195.9916763305664
2224,-41.257622718811035
2225,160.70526885986328
2226,-1.6024776510894299
2227,51.56364822387695
2228,138.60267066955566
2229,121.2665958404541
2230,3.2498634457588196
2231,5.524393677711487
2232,4.164348483085632
2233,254.46364974975586
2234,225.21397399902344
2235,230.7895393371582
2236,3.2498903274536133
2237,3.386282444000244
2238,252.05681991577148
2239,86.8517074584961
2240,233.72600555419922
2241,2.4207275807857513
2242,231.22058486938477
2243,6.098487734794617
2244,93.36034774780273
2245,231.59774017333984
2246,105.35647773742676
2247,238.98701858520508
2248,6.099955201148987
2249,306.95841217041016
2250,138.65342903137207
2251,4.972183048725128
2252,267.0040397644043
2253,6.172799110412598
2254,160.20732307434082
2255,-88.83588409423828
2256,45.332213401794434
2257,1.784497857093811
2258,2.7765993475914
2259,75.10830593109131
2260,6.305168151855469
2261,79.67393016815186
2262,2.1753008663654327
2263,85.57598495483398
2264,-0.16523084416985512
2265,50.881415367126465
2266,2.3908919990062714
2267,2.889419913291931
2268,5.454794764518738
2269,3.972167491912842
2270,8.699893474578857
2271,196.38216018676758
2272,44.49518871307373
2273,3.375125467777252
2274,6.174435257911682
2275,6.681433200836182
2276,4.597611904144287
2277,2.6099091172218323
2278,0.9449451416730881
2279,6.223804354667664
2280,2.775287449359894
2281,204.03696823120117
2282,2.55569326877594
2283,3.859330177307129
2284,232.02705764770508
2285,3.0548288226127625
2286,-16.333319187164307
2287,5.455695271492004
2288,2.408121943473816
2289,5.40103280544281
2290,-39.88556480407715
2291,40.699514389038086
2292,4.848432660102844
2293,1.9386553466320038
2294,5.1439483761787415
2295,3.0165507197380066
2296,4.968923807144165
2297,128.53414344787598
2298,-52.26121520996094
2299,53.32200241088867
2300,3.7036190032958984
2301,5.471853852272034
2302,-84.58692932128906
2303,156.1249599456787
2304,5.470854997634888
2305,29.091734886169434
2306,291.0972137451172
2307,19.95637011528015
2308,54.82996082305908
2309,6.181986570358276
2310,160.29095458984375
2311,-58.34016227722168
2312,77.55693244934082
2313,4.114448368549347
2314,4.7922327518463135
2315,247.8976593017578
2316,7.459421753883362
2317,3.721261739730835
2318,250.55768203735352
2319,6.5749393701553345
2320,85.18310165405273
2321,3.0070481300354004
2322,217.31470108032227
2323,171.64613723754883
2324,1.977321743965149
2325,40.1671781539917
2326,3.267368733882904
2327,106.6535873413086
2328,4.080125510692596
2329,350.7310485839844
2330,179.19458389282227
2331,0.8480354100465775
2332,276.34637451171875
2333,-20.21683430671692
2334,13.758948564529419
2335,5.537899374961853
2336,57.808183670043945
2337,138.51045989990234
2338,181.37783432006836
2339,29.021311283111572
2340,52.990715980529785
2341,120.09201431274414
2342,2.2163772583007812
2343,6.266591548919678
2344,273.64828872680664
2345,5.972429633140564
2346,128.86073875427246
2347,109.31539344787598
2348,1.8448420763015747
2349,253.2477798461914
2350,32.85270833969116
2351,4.961529076099396
2352,4.952743172645569
2353,1.601798266172409
2354,-26.55251407623291
2355,141.42330169677734
2356,3.9451539516448975
2357,104.76835632324219
2358,6.5404298305511475
2359,6.727694749832153
2360,4.446592748165131
2361,5.52349054813385
2362,260.2935981750488
2363,4.128373920917511
2364,240.19888305664062
2365,84.85449409484863
2366,47.415642738342285
2367,39.6910662651062
2368,-70.65196228027344
2369,4.330308318138123
2370,221.45358276367188
2371,42.233954429626465
2372,73.43118095397949
2373,1.9957738518714905
2374,-69.45170593261719
2375,1.9047475457191467
2376,110.53678321838379
2377,108.91112518310547
2378,5.415321350097656
2379,6.374318361282349
2380,32.28382682800293
2381,165.62278366088867
2382,146.10914039611816
2383,48.39790916442871
2384,3.3454060554504395
2385,255.88573837280273
2386,5.893025875091553
2387,62.356472969055176
2388,258.17082595825195
2389,82.72754287719727
2390,1.941165804862976
2391,116.04914283752441
2392,24.86361312866211
2393,67.02483367919922
2394,125.4775218963623
2395,5.83307158946991
2396,2.412565141916275
2397,289.4271583557129
2398,283.3109588623047
2399,4.443870186805725
2400,192.24913024902344
2401,68.49590492248535
2402,229.82376861572266
2403,6.329580783843994
2404,1.931765615940094
2405,5.217672944068909
2406,2.7598148584365845
2407,81.34879684448242
2408,272.0421943664551
2409,197.70981216430664
2410,4.05005556344986
2411,6.424227237701416
2412,297.3200225830078
2413,-10.384318590164185
2414,4.113124966621399
2415,74.71941184997559
2416,262.68050384521484
2417,30.40740156173706
2418,3.392008900642395
2419,3.8957082629203796
2420,1.8598659932613373
2421,9.725792527198792
2422,220.85548400878906
2423,2.6202580332756042
2424,184.79501342773438
2425,6.007372617721558
2426,-4.177868485450745
2427,168.0748748779297
2428,25.488941192626953
2429,3.5250412821769714
2430,6.553106069564819
2431,3.7748308181762695
2432,316.4817314147949
2433,258.3597984313965
2434,4.25854879617691
2435,50.57937812805176
2436,240.25861358642578
2437,-85.69095802307129
2438,5.820241093635559
2439,7.0019224882125854
2440,181.78848266601562
2441,6.417630672454834
2442,5.913938760757446
2443,5.116177320480347
2444,-65.6811637878418
2445,6.398992657661438
2446,5.266885876655579
2447,223.47646713256836
2448,6.440485239028931
2449,6.206883192062378
2450,37.346275329589844
2451,3.133721649646759
2452,3.8379175662994385
2453,36.564045429229736
2454,308.3565788269043
2455,138.21264839172363
2456,3.2810842394828796
2457,255.5522003173828
2458,6.037846207618713
2459,1.7870855331420898
2460,5.9497129917144775
2461,57.3159704208374
2462,57.337178230285645
2463,6.212266445159912
2464,-81.8915958404541
2465,32.674750328063965
2466,218.6479263305664
2467,161.11552047729492
2468,274.2969741821289
2469,249.99097442626953
2470,5.719627737998962
2471,132.60882186889648
2472,2.9947689175605774
2473,48.59184169769287
2474,194.39068984985352
2475,6.274322509765625
2476,86.97673225402832
2477,148.28076934814453
2478,145.53956985473633
2479,5.146716356277466
2480,39.99382495880127
2481,62.13480091094971
2482,2.4633883833885193
2483,4.889137148857117
2484,115.89029312133789
2485,135.7233123779297
2486,6.752177476882935
2487,5.398641228675842
2488,-34.53222942352295
2489,195.09789657592773
2490,5.612389802932739
2491,149.81861305236816
2492,38.38516712188721
2493,46.62611389160156
2494,5.918641805648804
2495,5.420148015022278
2496,114.65216445922852
2497,74.9647216796875
2498,1.9902335107326508
2499,6.727675437927246
2500,1.885312259197235
2501,91.39248847961426
2502,277.70825958251953
2503,82.82566833496094
2504,342.1958312988281
2505,3.369717240333557
2506,4.569020211696625
2507,262.2124481201172
2508,203.62442779541016
2509,103.78301239013672
2510,6.727521538734436
2511,211.93561935424805
2512,80.6152114868164
2513,138.87609100341797
2514,216.75376510620117
2515,320.3968315124512
2516,1.947014570236206
2517,2.1867659091949463
2518,294.44819259643555
2519,4.324233889579773
2520,106.0394058227539
2521,138.06913948059082
2522,2.2851216793060303
2523,6.547062993049622
2524,4.778443217277527
2525,288.9319305419922
2526,4.385742604732513
2527,3.5723827481269836
2528,240.8869972229004
2529,133.88384819030762
2530,242.77693557739258
2531,268.0395393371582
2532,38.456867694854736
2533,1.9517461359500885
2534,5.969471096992493
2535,5.909964084625244
2536,3.6138702034950256
2537,6.333642482757568
2538,5.873778939247131
2539,160.10327339172363
2540,2.861567258834839
2541,11.76207160949707
2542,-6.334270477294922
2543,5.325309753417969
2544,153.93200492858887
2545,2.4397046864032745
2546,268.5225944519043
2547,16.61390519142151
2548,31.951124668121338
2549,180.93207931518555
2550,115.80179214477539
2551,-25.164057731628418
2552,2.384175181388855
2553,286.64213943481445
2554,2.3509933054447174
2555,62.20522594451904
2556,108.30265045166016
2557,4.1275686621665955
2558,-7.625134706497192
2559,6.34834611415863
2560,221.55844497680664
2561,2.223269283771515
2562,219.5334587097168
2563,241.5809783935547
2564,284.2496223449707
2565,4.667536735534668
2566,4.766385793685913
2567,255.04032135009766
2568,45.52567958831787
2569,61.3700008392334
2570,3.5782697796821594
2571,96.10276412963867
2572,-44.59735584259033
2573,185.83369827270508
2574,3.124330699443817
2575,4.513482987880707
2576,3.3482000827789307
2577,6.536685347557068
2578,51.80681228637695
2579,6.189114570617676
2580,5.493006348609924
2581,3.0483689308166504
2582,-36.059303760528564
2583,1.999882996082306
2584,6.810990571975708
2585,43.42025852203369
2586,4.7925830483436584
2587,219.1243782043457
2588,191.8630027770996
2589,4.757626533508301
2590,54.787092208862305
2591,1.651610791683197
2592,133.39532279968262
2593,62.721323013305664
2594,69.98396873474121
2595,47.869521141052246
2596,45.69412422180176
2597,5.482708930969238
2598,6.341974973678589
2599,9.714320182800293
2600,3.73848295211792
2601,212.11907577514648
2602,6.230939507484436
2603,377.44312286376953
2604,180.20812225341797
2605,55.26237964630127
2606,4.314170777797699
2607,50.53574466705322
2608,186.71697998046875
2609,31.204965591430664
2610,2.446588099002838
2611,8.436855554580688
2612,3.2221723794937134
2613,4.403802990913391
2614,3.316908061504364
2615,115.29904365539551
2616,166.9270362854004
2617,259.8516654968262
2618,201.09247207641602
2619,4.467410862445831
2620,2.2635318338871
2621,4.350797593593597
2622,2.62549889087677
2623,1.1841052025556564
2624,6.966745853424072
2625,126.98307418823242
2626,289.6148376464844
2627,37.677905559539795
2628,131.5571746826172
2629,33.219796657562256
2630,129.6925754547119
2631,19.185148239135742
2632,6.2731934785842896
2633,285.7401695251465
2634,62.19436550140381
2635,153.41235733032227
2636,-53.294328689575195
2637,3.36757892370224
2638,-64.30396366119385
2639,-62.19051170349121
2640,193.69620513916016
2641,2.9539005160331726
2642,5.678804993629456
2643,169.6012725830078
2644,138.68508338928223
2645,236.8383026123047
2646,2.463159829378128
2647,3.2559182047843933
2648,4.6227715611457825
2649,6.4683274030685425
2650,250.4401092529297
2651,200.7235565185547
2652,63.767555236816406
2653,3.650752544403076
2654,31.284568309783936
2655,229.74473571777344
2656,251.74445724487305
2657,2.94758278131485
2658,13.703898668289185
2659,290.1966972351074
2660,1.8602140247821808
2661,277.1822166442871
2662,61.782005310058594
2663,3.9647297263145447
2664,69.6694107055664
2665,266.95547103881836
2666,243.14860153198242
2667,-34.451759815216064
2668,22.118928909301758
2669,6.783611178398132
2670,103.55584716796875
2671,189.07505798339844
2672,112.4308853149414
2673,251.88658905029297
2674,236.56341934204102
2675,1.8029415607452393
2676,-61.198883056640625
2677,334.6585464477539
2678,6.6766557693481445
2679,5.592530965805054
2680,60.84340572357178
2681,5.355602741241455
2682,2.85922634601593
2683,2.459464520215988
2684,2.7851020097732544
2685,6.531839728355408
2686,10.640082120895386
2687,56.629051208496094
2688,75.57154750823975
2689,27.724648475646973
2690,137.52522659301758
2691,82.8490047454834
2692,51.381141662597656
2693,152.44929885864258
2694,119.94992256164551
2695,6.970584154129028
2696,166.6979637145996
2697,3.7024747729301453
2698,2.5398428440093994
2699,4.198012351989746
2700,214.8976936340332
2701,57.91844081878662
2702,28.910146713256836
2703,4.002967119216919
2704,192.0014762878418
2705,2.982929229736328
2706,5.594882369041443
2707,199.48329162597656
2708,3.373095750808716
2709,42.18790054321289
2710,5.681375622749329
2711,158.94703674316406
2712,1.8727237284183502
2713,176.60723495483398
2714,-49.907050132751465
2715,4.6272072196006775
2716,2.9380618929862976
2717,271.44250106811523
2718,4.6143545508384705
2719,3.0180994868278503
2720,6.687672972679138
2721,6.458630323410034
2722,4.282624304294586
2723,237.9651756286621
2724,6.783887982368469
2725,29.241283416748047
2726,0.9933277610689402
2727,311.75952911376953
2728,58.71968078613281
2729,180.18040084838867
2730,174.6126365661621
2731,153.26996421813965
2732,6.7033714056015015
2733,233.45373916625977
2734,120.64364814758301
2735,85.9543514251709
2736,50.941826820373535
2737,186.3246726989746
2738,143.88982772827148
2739,80.22515296936035
2740,5.564117074012756
2741,45.83634090423584
2742,1.2117323279380798
2743,-2.726931154727936
2744,-23.99836492538452
2745,4.554812729358673
2746,209.0007553100586
2747,175.7332534790039
2748,2.697680711746216
2749,5.380153656005859
2750,214.6838035583496
2751,264.07426834106445
2752,2.2773292660713196
2753,115.45019149780273
2754,0.41663116216659546
2755,31.11497402191162
2756,269.3506774902344
2757,5.741251111030579
2758,291.45660400390625
2759,86.84119987487793
2760,177.17103576660156
2761,6.56032657623291
2762,4.1373748779296875
2763,120.56536865234375
2764,4.5459853410720825
2765,118.46765518188477
2766,1.964944988489151
2767,273.62118911743164
2768,3.9433720111846924
2769,3.5313547253608704
2770,193.16621017456055
2771,135.12154388427734
2772,6.990765929222107
2773,3.1309502720832825
2774,4.871359169483185
2775,6.2029054164886475
2776,3.8207913041114807
2777,258.8812484741211
2778,29.80708932876587
2779,2.145416647195816
2780,2.8196739554405212
2781,243.24089431762695
2782,212.7079734802246
2783,5.762401103973389
2784,14.582289695739746
2785,5.893556356430054
2786,3.7054078578948975
2787,64.67615985870361
2788,18.288959980010986
2789,160.27800941467285
2790,220.69336700439453
2791,70.53366279602051
2792,128.2314109802246
2793,182.58739852905273
2794,158.4941463470459
2795,40.792189598083496
2796,249.3266487121582
2797,108.51866340637207
2798,32.48588180541992
2799,13.596707344055176
2800,5.481003761291504
2801,4.057434320449829
2802,3.2695046067237854
2803,67.17412281036377
2804,3.6650915145874023
2805,44.70220470428467
2806,6.048720359802246
2807,40.1496057510376
2808,80.13291454315186
2809,6.105593800544739
2810,5.601105332374573
2811,177.96287536621094
2812,5.82414710521698
2813,-2.936989486217499
2814,5.995275259017944
2815,265.02256774902344
2816,63.11503982543945
2817,276.4800834655762
2818,116.31500434875488
2819,57.44776725769043
2820,135.02349662780762
2821,42.67458438873291
2822,6.2565120458602905
2823,50.00260925292969
2824,263.9217720031738
2825,128.93989181518555
2826,-60.647844314575195
2827,6.627725839614868
2828,5.499406814575195
2829,4.815972864627838
2830,5.768850803375244
2831,5.747602820396423
2832,6.643410563468933
2833,127.63534545898438
2834,3.8009673357009888
2835,2.970436692237854
2836,3.473553240299225
2837,3.382530689239502
2838,5.830734848976135
2839,1.9851427376270294
2840,51.00781536102295
2841,54.29708671569824
2842,287.4297409057617
2843,6.031520485877991
2844,183.04436111450195
2845,291.93198013305664
2846,3.437768876552582
2847,95.69176864624023
2848,9.946558117866516
2849,-53.62667942047119
2850,6.5833470821380615
2851,6.672220349311829
2852,-19.475760221481323
2853,69.91289234161377
2854,2.3643822968006134
2855,53.05335330963135
2856,5.936822056770325
2857,31.98397970199585
2858,228.17530059814453
2859,1.414433091878891
2860,141.4295196533203
2861,284.78081130981445
2862,265.1837959289551
2863,2.654331386089325
2864,282.9401092529297
2865,236.54646682739258
2866,1.759317547082901
2867,2.4301533699035645
2868,70.31324195861816
2869,44.63395309448242
2870,168.57129287719727
2871,6.149537563323975
2872,270.4955024719238
2873,5.136933088302612
2874,18.80638551712036
2875,4.578452706336975
2876,-47.17611122131348
2877,295.2716522216797
2878,-79.79456329345703
2879,4.96993225812912
2880,234.8750457763672
2881,6.018490195274353
2882,6.208305835723877
2883,4.147667646408081
2884,6.551666855812073
2885,162.91894912719727
2886,228.61226272583008
2887,5.904704689979553
2888,2.1071238815784454
2889,6.584233283996582
2890,2.4951152205467224
2891,-62.30424404144287
2892,164.1232681274414
2893,110.47017288208008
2894,48.880008697509766
2895,5.077298641204834
2896,2.7277167439460754
2897,5.639425277709961
2898,104.32175064086914
2899,36.26831293106079
2900,2.907402276992798
2901,36.102416038513184
2902,244.57789993286133
2903,269.8489303588867
2904,4.039881348609924
2905,3.561257064342499
2906,33.21403169631958
2907,3.7712583541870117
2908,20.32455325126648
2909,2.0024327635765076
2910,118.42914390563965
2911,3.804188907146454
2912,2.3760203421115875
2913,6.329795241355896
2914,-4.771357297897339
2915,8.164560317993164
2916,248.09951782226562
2917,161.73478317260742
2918,4.023324966430664
2919,362.59265899658203
2920,201.46173095703125
2921,5.243658661842346
2922,3.6726962327957153
2923,212.21041870117188
2924,5.616294264793396
2925,4.71419370174408
2926,6.116087555885315
2927,29.201690673828125
2928,6.513394474983215
2929,166.056884765625
2930,263.8454475402832
2931,2.0871972143650055
2932,5.576446771621704
2933,-28.409063816070557
2934,113.68219184875488
2935,-9.777583241462708
2936,-60.94260311126709
2937,6.544480919837952
2938,36.908084869384766
2939,3.0874258279800415
2940,163.30504608154297
2941,89.77506637573242
2942,61.30007553100586
2943,6.26412296295166
2944,6.54466700553894
2945,5.808406233787537
2946,6.463627219200134
2947,-54.85978412628174
2948,2.3316227197647095
2949,6.678597450256348
2950,2.882838547229767
2951,145.72436904907227
2952,127.60649681091309
2953,6.958863854408264
2954,1.8079545497894287
2955,19.308066844940186
2956,6.480434775352478
2957,105.4500961303711
2958,5.583493113517761
2959,211.50215530395508
2960,6.431807637214661
2961,202.5181770324707
2962,3.9360748529434204
2963,4.012825191020966
2964,221.92685317993164
2965,187.30205535888672
2966,4.320495903491974
2967,3.5436018109321594
2968,165.39855575561523
2969,-88.18499755859375
2970,2.0155991911888123
2971,224.3774299621582
2972,6.874873399734497
2973,200.29911041259766
2974,259.29773330688477
2975,4.779136598110199
2976,50.826531410217285
2977,34.280354499816895
2978,4.6903005838394165
2979,4.691704511642456
2980,306.21688079833984
2981,315.6467056274414
2982,134.35974502563477
2983,145.94690322875977
2984,275.15766525268555
2985,128.53311157226562
2986,302.0022621154785
2987,226.79726028442383
2988,114.28301811218262
2989,92.34832954406738
2990,43.74661731719971
2991,7.024479866027832
2992,3.0294229984283447
2993,5.419186234474182
2994,8.96650755405426
2995,7.784876346588135
2996,4.155572950839996
2997,3.5032472610473633
2998,94.34109497070312
2999,170.6871337890625
3000,65.86992073059082
3001,3.1420969367027283
3002,304.07471084594727
3003,4.381635963916779
3004,287.7342834472656
3005,86.78453826904297
3006,81.79364013671875
3007,6.2940638065338135
3008,2.7583327889442444
3009,15.39553427696228
3010,4.34321916103363
3011,57.08905220031738
3012,5.257430195808411
3013,186.50600814819336
3014,6.5851051807403564
3015,3.7593376636505127
3016,5.913800120353699
3017,6.180601358413696
3018,4.339909553527832
3019,231.42737579345703
3020,3.202946722507477
3021,243.13447189331055
3022,280.3580627441406
3023,3.0546956658363342
3024,102.82834434509277
3025,236.7447624206543
3026,166.36510467529297
3027,6.259832978248596
3028,5.351271748542786
3029,-22.502567291259766
3030,-46.441972732543945
3031,5.990236520767212
3032,6.576701521873474
3033,4.9779269099235535
3034,133.8378505706787
3035,149.44393348693848
3036,214.4087371826172
3037,5.753277897834778
3038,2.087133437395096
3039,-38.65160131454468
3040,160.71657943725586
3041,4.79839700460434
3042,3.8159887194633484
3043,5.856981873512268
3044,230.8004264831543
3045,181.25199508666992
3046,4.441784858703613
3047,4.256344258785248
3048,45.57459735870361
3049,5.75431752204895
3050,238.8793487548828
3051,88.13719749450684
3052,6.617214679718018
3053,4.17849189043045
3054,127.21778297424316
3055,184.27349472045898
3056,47.66453552246094
3057,3.129279375076294
3058,97.93945121765137
3059,1.8447788953781128
3060,263.10575103759766
3061,5.162233471870422
3062,235.20392608642578
3063,146.13290977478027
3064,236.33221435546875
3065,242.37776947021484
3066,133.9805850982666
3067,36.15827941894531
3068,6.34044885635376
3069,6.129523515701294
3070,3.6071397066116333
3071,6.204636335372925
3072,199.45617294311523
3073,140.09422874450684
3074,6.296015739440918
3075,5.936718463897705
3076,141.89765548706055
3077,-5.4189576506614685
3078,90.93584251403809
3079,5.881076335906982
3080,3.2128876447677612
3081,-3.857541263103485
3082,95.02621269226074
3083,160.83079147338867
3084,1.025246039032936
3085,5.240110635757446
3086,204.12166595458984
3087,3.121565103530884
3088,99.84328842163086
3089,3.4738617539405823
3090,309.8611145019531
3091,131.82341957092285
3092,98.01346015930176
3093,4.0047613978385925
3094,186.95619201660156
3095,259.73652267456055
3096,128.48541259765625
3097,4.566008150577545
3098,6.146872520446777
3099,23.153018951416016
3100,80.29945278167725
3101,3.57487028837204
3102,2.583702266216278
3103,3.165862798690796
3104,70.23204517364502
3105,-7.771794080734253
3106,23.335083961486816
3107,1.363937109708786
3108,2.503418803215027
3109,6.430338263511658
3110,251.3233184814453
3111,2.0776281654834747
3112,216.85434341430664
3113,5.467088103294373
3114,64.35378360748291
3115,266.59648513793945
3116,90.83778953552246
3117,27.943954944610596
3118,281.1562690734863
3119,4.296787083148956
3120,50.20229911804199
3121,38.8646674156189
3122,131.5799160003662
3123,3.918858766555786
3124,2.6610054969787598
3125,3.64849054813385
3126,206.4775619506836
3127,247.20230865478516
3128,30.903813362121582
3129,362.7687225341797
3130,2.115215927362442
3131,98.09345054626465
3132,201.55506134033203
3133,121.13670349121094
3134,235.28844833374023
3135,1.6903228759765625
3136,300.64015197753906
3137,3.075798273086548
3138,160.40948104858398
3139,6.007308721542358
3140,2.0902518332004547
3141,16.889898538589478
3142,3.1349180936813354
3143,109.05714988708496
3144,246.45990753173828
3145,5.061767220497131
3146,280.2064323425293
3147,109.21849060058594
3148,108.60762405395508
3149,-17.09846806526184
3150,1.7241145372390747
3151,242.9430694580078
3152,7.232052326202393
3153,229.77909469604492
3154,164.5084571838379
3155,51.70936870574951
3156,42.82804298400879
3157,4.822852909564972
3158,288.89137268066406
3159,113.93838882446289
3160,270.94272232055664
3161,-56.39348793029785
3162,3.593871295452118
3163,201.03613662719727
3164,3.1276150345802307
3165,-2.6580269634723663
3166,48.53612518310547
3167,6.671232104301453
3168,5.36573052406311
3169,3.4219451546669006
3170,220.11027145385742
3171,3.0757786631584167
3172,228.6321029663086
3173,287.78144454956055
3174,64.40124225616455
3175,-60.827223777770996
3176,3.6994282603263855
3177,3.158512055873871
3178,170.10340881347656
3179,6.324382185935974
3180,316.1528205871582
3181,210.38805389404297
3182,277.41159439086914
3183,5.945380091667175
3184,99.35061073303223
3185,7.053162455558777
3186,191.95057678222656
3187,284.58428955078125
3188,-18.56115961074829
3189,252.32469177246094
3190,4.063633680343628
3191,248.9742889404297
3192,50.51167106628418
3193,6.311633825302124
3194,4.505151450634003
3195,5.766159892082214
3196,144.81694984436035
3197,5.476267695426941
3198,195.6872100830078
3199,188.7087287902832
3200,2.2881054282188416
3201,341.2836227416992
3202,4.407666802406311
3203,4.732248663902283
3204,-15.22578477859497
3205,6.456306457519531
3206,262.1287384033203
3207,5.905070543289185
3208,194.23312377929688
3209,-32.15198516845703
3210,7.493748903274536
3211,184.92169952392578
3212,226.18468856811523
3213,2.579917252063751
3214,260.7068290710449
3215,3.5779924392700195
3216,6.165579199790955
3217,135.64167976379395
3218,275.8191680908203
3219,82.39302062988281
3220,69.06035232543945
3221,92.29767036437988
3222,262.27977752685547
3223,339.51436614990234
3224,-84.53011703491211
3225,126.6336898803711
3226,5.972897052764893
3227,5.835598587989807
3228,13.265903234481812
3229,293.04826736450195
3230,225.7865333557129
3231,6.953821301460266
3232,5.021524608135223
3233,5.6325883865356445
3234,4.267889022827148
3235,73.33988857269287
3236,137.34510612487793
3237,26.540876865386963
3238,309.48309326171875
3239,6.468752861022949
3240,76.27806186676025
3241,10.266950964927673
3242,2.529448449611664
3243,27.766683101654053
3244,181.49290466308594
3245,5.04910409450531
3246,240.5058937072754
3247,6.386867642402649
3248,59.11310958862305
3249,-26.28912353515625
3250,228.22478485107422
3251,236.8800277709961
3252,125.90558624267578
3253,61.075385093688965
3254,135.16593551635742
3255,6.314892768859863
3256,6.303818345069885
3257,6.521853089332581
3258,2.454898625612259
3259,47.48169994354248
3260,5.8595722913742065
3261,100.53887939453125
3262,309.5037536621094
3263,1.939012736082077
3264,4.229487657546997
3265,151.4294376373291
3266,3.7295636534690857
3267,6.77559757232666
3268,3.198029577732086
3269,5.038261890411377
3270,55.82631874084473
3271,230.219482421875
3272,2.355252265930176
3273,218.88979721069336
3274,212.96397018432617
3275,112.5825080871582
3276,116.815185546875
3277,6.4825379848480225
3278,6.225445032119751
3279,3.2123093605041504
3280,145.49090957641602
3281,276.13151931762695
3282,2.6884196996688843
3283,380.3190612792969
3284,363.27667236328125
3285,99.79913902282715
3286,3.043764352798462
3287,12.838205575942993
3288,24.782620906829834
3289,1.8290158212184906
3290,54.44761085510254
3291,250.86306762695312
3292,3.136928141117096
3293,56.52824306488037
3294,212.5457000732422
3295,141.7405071258545
3296,26.378149032592773
3297,207.90227508544922
3298,2.265420377254486
3299,246.07918548583984
3300,2.6878998279571533
3301,218.3625144958496
3302,193.0771026611328
3303,-5.636488199234009
3304,235.78357696533203
3305,5.012791574001312
3306,4.415418088436127
3307,182.69047164916992
3308,3.141725182533264
3309,6.334888696670532
3310,-62.91276741027832
3311,2.296575963497162
3312,3.6400139331817627
3313,2.555971086025238
3314,6.0028908252716064
3315,3.941139578819275
3316,306.06209564208984
3317,314.94117736816406
3318,41.49365234375
3319,1.9323422014713287
3320,2.0908399522304535
3321,4.898853600025177
3322,151.7821559906006
3323,4.562081277370453
3324,3.701021432876587
3325,335.4981002807617
3326,91.91140556335449
3327,-71.04502487182617
3328,6.471595287322998
3329,1.8750068247318268
3330,195.5162010192871
3331,103.16866111755371
3332,3.8849053978919983
3333,250.68333053588867
3334,113.02412796020508
3335,3.4568604230880737
3336,4.7858699560165405
3337,2.6179556846618652
3338,1.7661480605602264
3339,9.231565594673157
3340,42.08607864379883
3341,61.130088806152344
3342,221.28948593139648
3343,110.03481674194336
3344,3.572995901107788
3345,266.66457748413086
3346,287.9963684082031
3347,164.7637710571289
3348,71.61038494110107
3349,5.6779783964157104
3350,3.74848210811615
3351,2.8739073872566223
3352,1.8311996161937714
3353,128.93227195739746
3354,36.498950481414795
3355,3.072843849658966
3356,299.65649795532227
3357,3.519402503967285
3358,242.80865478515625
3359,100.305908203125
3360,127.90871238708496
3361,3.24294650554657
3362,3.2897127270698547
3363,3.3623449206352234
3364,26.833903312683105
3365,121.54597473144531
3366,2.340030789375305
3367,3.0925523042678833
3368,135.0997486114502
3369,5.000098824501038
3370,58.63567352294922
3371,-1.1901013366878033
3372,204.44929885864258
3373,57.41276264190674
3374,324.8986587524414
3375,2.3168877959251404
3376,2.7539698481559753
3377,120.87748908996582
3378,5.804224491119385
3379,39.494004249572754
3380,348.85032653808594
3381,6.6486005783081055
3382,107.51137733459473
3383,6.393880605697632
3384,93.62737274169922
3385,4.090191543102264
3386,53.16609573364258
3387,2.139065146446228
3388,183.6170997619629
3389,226.0457000732422
3390,1.932743787765503
3391,5.636106371879578
3392,5.100106358528137
3393,186.50366973876953
3394,128.00551414489746
3395,5.355632662773132
3396,5.682486176490784
3397,156.26612281799316
3398,1.9888452589511871
3399,205.5864486694336
3400,176.2113800048828
3401,5.058453440666199
3402,0.6542986631393433
3403,71.0470724105835
3404,119.69261932373047
3405,173.5626220703125
3406,216.91764068603516
3407,4.056213319301605
3408,108.08320999145508
3409,110.34424209594727
3410,6.043025493621826
3411,5.277971982955933
3412,47.80795383453369
3413,2.1735658645629883
3414,6.759077310562134
3415,108.73917770385742
3416,68.16802310943604
3417,180.18002700805664
3418,161.7862434387207
3419,46.881009101867676
3420,-11.40088939666748
3421,-38.068294525146484
3422,175.95731353759766
3423,2.0256932079792023
3424,3.9210504293441772
3425,21.79075574874878
3426,3.406198799610138
3427,61.26955223083496
3428,2.3738752901554108
3429,329.0840301513672
3430,310.1811752319336
3431,116.051513671875
3432,6.055620074272156
3433,92.54956817626953
3434,1.911685436964035
3435,311.31750106811523
3436,237.10915756225586
3437,3.224824547767639
3438,31.419212818145752
3439,267.524471282959
3440,6.393030643463135
3441,4.755589723587036
3442,223.04568481445312
3443,4.949505507946014
3444,210.0501708984375
3445,3.525375247001648
3446,5.997804641723633
3447,267.85122299194336
3448,5.4708662033081055
3449,5.674497604370117
3450,102.38449096679688
3451,207.12007522583008
3452,2.062932103872299
3453,2.59020859003067
3454,16.0630886554718
3455,4.100498974323273
3456,5.748486042022705
3457,3.9791163206100464
3458,6.1686707735061646
3459,165.34140396118164
3460,-41.66531944274902
3461,2.2948335707187653
3462,35.588417053222656
3463,229.52569580078125
3464,4.130684673786163
3465,2.736712694168091
3466,6.709662556648254
3467,117.09770965576172
3468,27.008955478668213
3469,320.75050354003906
3470,149.71848106384277
3471,13.495891332626343
3472,269.4009704589844
3473,6.602990031242371
3474,3.8221435546875
3475,4.805989146232605
3476,41.22786235809326
3477,3.3326274752616882
3478,6.670510530471802
3479,2.664398968219757
3480,118.14153480529785
3481,166.24459838867188
3482,83.88179588317871
3483,67.26954364776611
3484,172.6358413696289
3485,2.4332850575447083
3486,223.5337677001953
3487,5.941999793052673
3488,5.285331964492798
3489,2.959562659263611
3490,6.342422604560852
3491,3.0250694155693054
3492,2.4085650742053986
3493,309.39473724365234
3494,179.76728439331055
3495,6.511518955230713
3496,4.608365058898926
3497,4.681366682052612
3498,6.777020215988159
3499,-6.411508202552795
3500,96.92598533630371
3501,283.569091796875
3502,6.141714811325073
3503,4.0951526165008545
3504,107.0593147277832
3505,164.59199905395508
3506,91.19208526611328
3507,6.236403822898865
3508,3.1406347155570984
3509,3.0578444600105286
3510,274.22732162475586
3511,1.946973741054535
3512,70.73029136657715
3513,91.03912734985352
3514,3.1617283821105957
3515,45.29127025604248
3516,3.109906852245331
3517,201.6423797607422
3518,4.2882139682769775
3519,223.55513381958008
3520,311.676456451416
3521,1.8622469902038574
3522,70.51554012298584
3523,5.11933958530426
3524,6.511549472808838
3525,5.306778430938721
3526,41.99902629852295
3527,1.6611703634262085
3528,289.7572555541992
3529,195.13615798950195
3530,2.491132378578186
3531,96.90993118286133
3532,252.99686813354492
3533,50.45193958282471
3534,7.807615756988525
3535,73.07626819610596
3536,3.605751156806946
3537,73.46350002288818
3538,7.205929517745972
3539,41.880455017089844
3540,151.87436485290527
3541,-54.44064426422119
3542,2.7118213176727295
3543,204.20910263061523
3544,29.59188938140869
3545,2.4810766875743866
3546,6.067332863807678
3547,168.13884353637695
3548,5.280880928039551
3549,1.7609679102897644
3550,4.343277454376221
3551,5.051596283912659
3552,5.710904359817505
3553,6.828456163406372
3554,151.12899017333984
3555,4.0081188678741455
3556,2.147488921880722
3557,110.85888290405273
3558,5.371573328971863
3559,97.40459442138672
3560,44.03960704803467
3561,6.133794546127319
3562,13.016772985458374
3563,-45.23475456237793
3564,5.895955324172974
3565,5.007919073104858
3566,166.49024963378906
3567,1.9435229897499084
3568,250.0091438293457
3569,168.9854507446289
3570,45.05594253540039
3571,206.15203475952148
3572,1.866046965122223
3573,6.111464500427246
3574,5.669907927513123
3575,1.5330589413642883
3576,5.147577881813049
3577,5.913291335105896
3578,77.17445373535156
3579,2.0428106784820557
3580,66.43594360351562
3581,233.85525512695312
3582,56.82055473327637
3583,69.07812881469727
3584,6.506765365600586
3585,35.41327524185181
3586,5.708913803100586
3587,53.27913856506348
3588,3.359895348548889
3589,235.1364631652832
3590,2.6100123524665833
3591,3.3593419194221497
3592,190.11642837524414
3593,4.85955947637558
3594,19.476149797439575
3595,6.651544451713562
3596,17.04357409477234
3597,300.26681900024414
3598,77.04139995574951
3599,75.96524047851562
3600,2.701514959335327
3601,294.74649810791016
3602,13.804100036621094
3603,5.2781184911727905
3604,3.0802180767059326
3605,143.41101264953613
3606,2.1370044350624084
3607,3.262450933456421
3608,286.48200607299805
3609,202.72480010986328
3610,31.622786045074463
3611,5.504842281341553
3612,278.8614082336426
3613,6.398500561714172
3614,4.889268755912781
3615,6.267557501792908
3616,68.34020042419434
3617,5.060370683670044
3618,2.7633854150772095
3619,-55.73093223571777
3620,14.171926736831665
3621,78.37608623504639
3622,5.453774690628052
3623,254.52438354492188
3624,-8.701735377311707
3625,117.7195053100586
3626,51.384918212890625
3627,27.261199951171875
3628,6.261396765708923
3629,30.436639308929443
3630,260.0464401245117
3631,300.668399810791
3632,248.99361419677734
3633,241.28478622436523
3634,106.71817016601562
3635,130.9766788482666
3636,4.672205686569214
3637,35.561612606048584
3638,47.50294876098633
3639,4.976935267448425
3640,329.42518615722656
3641,213.17722702026367
3642,142.52932167053223
3643,199.7164077758789
3644,6.411767482757568
3645,121.86552047729492
3646,2.6010228395462036
3647,6.002560615539551
3648,235.49290466308594
3649,-4.910336852073669
3650,3.232138931751251
3651,194.24874877929688
3652,42.00634574890137
3653,5.790138304233551
3654,69.10535526275635
3655,2.0680802166461945
3656,150.04400062561035
3657,5.673693776130676
3658,7.863974094390869
3659,4.491561233997345
3660,5.826066970825195
3661,46.57901096343994
3662,2.097169727087021
3663,5.804658651351929
3664,130.27135467529297
3665,4.993734836578369
3666,278.5973777770996
3667,243.4470558166504
3668,268.71551513671875
3669,238.34867477416992
3670,7.277279019355774
3671,6.521700382232666
3672,218.41160202026367
3673,4.886007368564606
3674,300.18541717529297
3675,134.54461860656738
3676,47.44277477264404
3677,36.67892026901245
3678,-26.32548999786377
3679,4.282452642917633
3680,3.787095785140991
3681,141.7470302581787
3682,90.34323310852051
3683,181.26580810546875
3684,41.126359939575195
3685,153.2639923095703
3686,273.2800598144531
3687,99.23236083984375
3688,296.6614303588867
3689,2.3401710093021393
3690,177.1402473449707
3691,191.0705909729004
3692,299.5348129272461
3693,268.4872932434082
3694,1.3348414599895477
3695,245.40332794189453
3696,196.30335998535156
3697,0.7761005610227585
3698,-52.87808895111084
3699,4.152885437011719
3700,5.770228624343872
3701,373.55994415283203
3702,3.7162675261497498
3703,3.9272767901420593
3704,6.046968460083008
3705,1.3185295462608337
3706,65.81706619262695
3707,-11.734032154083252
3708,133.31378936767578
3709,3.131325125694275
3710,6.681761384010315
3711,335.5098419189453
3712,61.242064476013184
3713,5.810260891914368
3714,336.4999694824219
3715,2.5974977612495422
3716,2.016803652048111
3717,168.21300506591797
3718,77.29992866516113
3719,174.25672912597656
3720,145.22752571105957
3721,2.85746306180954
3722,4.160209119319916
3723,3.337130069732666
3724,1.8823073506355286
3725,64.67727088928223
3726,1.6780790984630585
3727,236.3680419921875
3728,53.137451171875
3729,-38.86519384384155
3730,152.7169361114502
3731,88.83479499816895
3732,3.301543891429901
3733,-58.558939933776855
3734,3.1953643560409546
3735,2.289460599422455
3736,-14.547082424163818
3737,6.32813286781311
3738,190.19347381591797
3739,-34.13637161254883
3740,249.9069366455078
3741,36.78130912780762
3742,268.2694091796875
3743,2.4613797068595886
3744,72.71663761138916
3745,-1.9397086203098297
3746,5.160270929336548
3747,4.913140535354614
3748,212.34013748168945
3749,69.86670875549316
3750,1.5804603099822998
3751,235.05346298217773
3752,100.72731971740723
3753,5.1850608587265015
3754,3.7642799615859985
3755,37.93015766143799
3756,5.659194707870483
3757,17.276552438735962
3758,6.04671049118042
3759,45.88352108001709
3760,1.9209936261177063
3761,6.531845331192017
3762,5.965133190155029
3763,121.11976432800293
3764,187.3864517211914
3765,378.0390090942383
3766,6.6356041431427
3767,303.79565811157227
3768,52.785250663757324
3769,1.6545746624469757
3770,164.01750946044922
3771,3.3299028873443604
3772,212.72762298583984
3773,241.7632598876953
3774,2.557034134864807
3775,3.703708827495575
3776,223.7463264465332
3777,6.44014310836792
3778,245.23351287841797
3779,292.7924041748047
3780,6.0576090812683105
3781,6.474305868148804
3782,2.2049070298671722
3783,1.8337768912315369
3784,5.561244606971741
3785,27.64151668548584
3786,94.93161201477051
3787,5.989865064620972
3788,6.566484451293945
3789,300.96001052856445
3790,6.946843981742859
3791,6.5933263301849365
3792,3.687504291534424
3793,44.090301513671875
3794,2.2060588002204895
3795,218.18006896972656
3796,222.5330810546875
3797,4.8204492926597595
3798,180.4552764892578
3799,-55.64419651031494
3800,245.9624252319336
3801,112.89509391784668
3802,161.87829208374023
3803,63.36508369445801
3804,61.75296688079834
3805,4.270502865314484
3806,3.1028393507003784
3807,75.98134708404541
3808,3.644101619720459
3809,-54.049466133117676
3810,2.6366899013519287
3811,4.531550228595734
3812,260.4919967651367
3813,3.714032471179962
3814,291.12579345703125
3815,7.437381863594055
3816,3.7131349444389343
3817,44.231760025024414
3818,6.580069184303284
3819,2.328132927417755
3820,132.3589153289795
3821,7.923852801322937
3822,5.559011459350586
3823,262.50805282592773
3824,5.264183759689331
3825,258.1228446960449
3826,6.057351231575012
3827,296.0741081237793
3828,288.21435546875
3829,6.473016858100891
3830,232.01583862304688
3831,58.70431137084961
3832,1.8053791522979736
3833,39.7340521812439
3834,53.525086402893066
3835,2.762345552444458
3836,5.261634826660156
3837,6.756223440170288
3838,5.892682671546936
3839,248.32232666015625
3840,5.712391495704651
3841,128.16830444335938
3842,3.5697744488716125
3843,231.48876953125
3844,5.948749303817749
3845,6.431274056434631
3846,6.504822254180908
3847,79.52719116210938
3848,123.81198501586914
3849,201.94744873046875
3850,28.23758840560913
3851,151.338960647583
3852,246.28391647338867
3853,5.537613868713379
3854,246.07491302490234
3855,1.9387253522872925
3856,64.84384441375732
3857,3.9277395009994507
3858,3.013693928718567
3859,237.93584442138672
3860,6.104825973510742
3861,-65.6524543762207
3862,-6.044870018959045
3863,3.385404348373413
3864,2.6064345836639404
3865,308.6630439758301
3866,4.593709111213684
3867,196.97190856933594
3868,4.711437702178955
3869,3.0875162482261658
3870,138.21111869812012
3871,43.370155334472656
3872,3.9620509147644043
3873,74.11391067504883
3874,338.47064208984375
3875,281.21097564697266
3876,111.36015701293945
3877,-74.2949743270874
3878,186.4364356994629
3879,261.6038703918457
3880,6.746129989624023
3881,3.7610013484954834
3882,2.238846570253372
3883,185.03244400024414
3884,141.48638343811035
3885,6.377187609672546
3886,5.637527823448181
3887,6.211130976676941
3888,2.611661434173584
3889,179.50387573242188
3890,1.043689876794815
3891,3.028406858444214
3892,157.93591690063477
3893,2.909209668636322
3894,310.2802200317383
3895,-22.120424270629883
3896,25.43635606765747
3897,233.87221145629883
3898,193.01568603515625
3899,1.7742123305797577
3900,81.44996643066406
3901,141.4053897857666
3902,2.6071064472198486
3903,38.40550708770752
3904,63.08354473114014
3905,3.767997980117798
3906,7.67107629776001
3907,220.65889358520508
3908,137.14383125305176
3909,3.302276849746704
3910,3.9726061820983887
3911,230.95228958129883
3912,4.148029804229736
3913,21.463995933532715
3914,271.22315979003906
3915,6.955329775810242
3916,5.912783622741699
3917,3.7018958926200867
3918,-37.541218280792236
3919,5.080077052116394
3920,35.70337772369385
3921,65.6891918182373
3922,7.469277024269104
3923,2.8227862119674683
3924,371.1670379638672
3925,90.12980079650879
3926,2.21441850066185
3927,246.53926467895508
3928,3.3811912536621094
3929,5.528381586074829
3930,6.269533753395081
3931,196.0939178466797
3932,4.043625712394714
3933,2.7409101128578186
3934,6.6568907499313354
3935,217.91610717773438
3936,1.7696081399917603
3937,3.1005682945251465
3938,2.968346416950226
3939,303.2950210571289
3940,6.402258992195129
3941,6.27800726890564
3942,5.611373662948608
3943,3.0934581756591797
3944,7.323249936103821
3945,321.6333770751953
3946,198.91721725463867
3947,24.038817405700684
3948,139.60647010803223
3949,5.443758010864258
3950,238.42293548583984
3951,1.7499862313270569
3952,85.56706809997559
3953,139.526517868042
3954,2.1221087276935577
3955,6.052414894104004
3956,160.2682228088379
3957,57.4794282913208
3958,73.52545261383057
3959,209.69562149047852
3960,5.990646004676819
3961,6.513006329536438
3962,106.75711250305176
3963,5.906116604804993
3964,124.683349609375
3965,6.203995704650879
3966,3.339761734008789
3967,3.597051680088043
3968,169.68009567260742
3969,47.78762722015381
3970,2.476381003856659
3971,3.573948919773102
3972,2.877174735069275
3973,3.3687002062797546
3974,26.61040449142456
3975,36.325106620788574
3976,3.5335033535957336
3977,4.137969195842743
3978,3.5127118825912476
3979,100.2210807800293
3980,248.9217987060547
3981,260.57103729248047
3982,5.528294920921326
3983,3.105528175830841
3984,389.600830078125
3985,236.5045928955078
3986,156.12685203552246
3987,94.30770301818848
3988,2.849585771560669
3989,-7.602537751197815
3990,87.30576515197754
3991,281.3161315917969
3992,5.783898115158081
3993,5.616248846054077
3994,55.63209915161133
3995,126.62799263000488
3996,4.069871962070465
3997,103.55585098266602
3998,2.368515521287918
3999,278.8603820800781
4000,5.518639922142029
4001,4.247524976730347
4002,54.2752685546875
4003,168.32640838623047
4004,2.3443237245082855
4005,313.16597747802734
4006,85.26175880432129
4007,6.908227205276489
4008,3.320606291294098
4009,5.761715292930603
4010,207.0976448059082
4011,3.542540967464447
4012,6.510481953620911
4013,233.7705192565918
4014,5.902762293815613
4015,6.236643195152283
4016,64.9900712966919
4017,119.50729370117188
4018,115.64653205871582
4019,1.394900381565094
4020,1.9780704975128174
4021,114.30069160461426
4022,58.4028844833374
4023,3.9039379954338074
4024,109.30574798583984
4025,55.36983871459961
4026,47.902621269226074
4027,268.17741775512695
4028,100.44752883911133
4029,6.996983170509338
4030,2.3638278543949127
4031,103.69770240783691
4032,79.2044620513916
4033,3.013345777988434
4034,249.49951553344727
4035,130.88268661499023
4036,3.683015525341034
4037,3.7698206305503845
4038,6.326557159423828
4039,5.887192368507385
4040,103.1989974975586
4041,324.67501068115234
4042,59.69057083129883
4043,252.17625045776367
4044,4.358198702335358
4045,18.353704690933228
4046,5.846989989280701
4047,4.072111129760742
4048,270.3190612792969
4049,116.1701488494873
4050,282.5861396789551
4051,40.88615322113037
4052,2.6898325085639954
4053,4.211791574954987
4054,5.337126970291138
4055,4.09840601682663
4056,260.0654983520508
4057,6.718036413192749
4058,279.6473693847656
4059,56.16845226287842
4060,239.55499267578125
4061,120.10338020324707
4062,3.790094494819641
4063,2.0045061111450195
4064,183.03191375732422
4065,1.9970142245292664
4066,88.11081886291504
4067,178.2224464416504
4068,182.61758422851562
4069,343.5179138183594
4070,2.73799991607666
4071,2.8459226489067078
4072,2.0145318806171417
4073,3.066173791885376
4074,3.920610785484314
4075,-24.914478302001953
4076,17.66327476501465
4077,4.956487953662872
4078,6.315503835678101
4079,6.928691864013672
4080,263.5268325805664
4081,4.118743121623993
4082,105.18245315551758
4083,4.180703818798065
4084,2.0797041058540344
4085,32.50581073760986
4086,1.9325642734766006
4087,4.257383167743683
4088,4.447968602180481
4089,75.49614810943604
4090,147.01411819458008
4091,4.233952701091766
4092,62.40367317199707
4093,15.640494346618652
4094,4.905305027961731
4095,6.755275130271912
4096,2.515779674053192
4097,2.5810739398002625
4098,2.654676854610443
4099,-42.117950439453125
4100,44.11324977874756
4101,6.475094318389893
4102,4.492681980133057
4103,53.426435470581055
4104,208.66827392578125
4105,5.835227966308594
4106,119.65701484680176
4107,85.60256576538086
4108,76.81022262573242
4109,249.93922424316406
4110,6.060568928718567
4111,72.5215539932251
4112,78.57848739624023
4113,2.993336260318756
4114,5.214790344238281
4115,75.21178722381592
4116,164.40543746948242
4117,97.52068901062012
4118,281.4701919555664
4119,264.6024742126465
4120,234.72998428344727
4121,88.76568222045898
4122,-18.856042861938477
4123,2.1575984060764313
4124,101.24103927612305
4125,2.3463284373283386
4126,73.73716735839844
4127,6.010652422904968
4128,1.47933691740036
4129,6.391612529754639
4130,2.0684272944927216
4131,63.63719654083252
4132,6.3649303913116455
4133,5.027790188789368
4134,111.80433654785156
4135,-10.628631949424744
4136,146.9083480834961
4137,353.6182327270508
4138,-3.7586653232574463
4139,92.2530288696289
4140,71.43357276916504
4141,4.127451837062836
4142,120.26616477966309
4143,286.5758590698242
4144,83.18030548095703
4145,191.81444549560547
4146,73.03542423248291
4147,72.81151103973389
4148,287.16862869262695
4149,35.78645467758179
4150,32.13270044326782
4151,58.12690544128418
4152,118.61207580566406
4153,4.097824215888977
4154,363.9957580566406
4155,154.8072910308838
4156,3.196977972984314
4157,-5.280800998210907
4158,3.9958516359329224
4159,4.501697242259979
4160,172.58300018310547
4161,186.31515884399414
4162,6.074548840522766
4163,74.56102657318115
4164,166.2735252380371
4165,0.24098148196935654
4166,53.41440391540527
4167,122.63455390930176
4168,9.671811819076538
4169,2.397933840751648
4170,-6.736404061317444
4171,78.01128005981445
4172,4.64389181137085
4173,3.913205921649933
4174,61.47115230560303
4175,135.36486053466797
4176,1.9752723276615143
4177,3.739646792411804
4178,18.928418397903442
4179,132.83296012878418
4180,180.20063018798828
4181,67.58997917175293
4182,32.78190755844116
4183,29.921032905578613
4184,188.67126846313477
4185,284.18872451782227
4186,2.812239408493042
4187,84.16364479064941
4188,4.024035215377808
4189,4.255919992923737
4190,132.5733699798584
4191,2.11333504319191
4192,33.33024740219116
4193,50.301984786987305
4194,5.893121361732483
4195,4.116442024707794
4196,120.71620750427246
4197,6.450576424598694
4198,2.9457406401634216
4199,5.0381293296813965
4200,276.2907295227051
4201,260.0599594116211
4202,179.02225494384766
4203,5.764508605003357
4204,79.30677700042725
4205,5.006819665431976
4206,7.589240550994873
4207,132.17778396606445
4208,142.52262115478516
4209,229.80139923095703
4210,-56.01080131530762
4211,1.7707315385341644
4212,5.7577561140060425
4213,-5.574018478393555
4214,6.936325907707214
4215,3.0506685972213745
4216,1.6580172777175903
4217,2.891973316669464
4218,5.980086922645569
4219,52.371928215026855
4220,59.768903732299805
4221,2.1921147108078003
4222,109.7785816192627
4223,2.7562944889068604
4224,6.636456370353699
4225,5.140462279319763
4226,295.20775985717773
4227,2.4091377556324005
4228,222.7324104309082
4229,115.12336730957031
4230,2.8523345589637756
4231,2.20042821764946
4232,51.9227991104126
4233,2.9990368485450745
4234,-9.477120876312256
4235,72.30002975463867
4236,259.60968017578125
4237,157.2814826965332
4238,2.8475378155708313
4239,47.770724296569824
4240,6.301988124847412
4241,41.51108169555664
4242,227.78311157226562
4243,-60.6528959274292
4244,337.59871673583984
4245,5.123492240905762
4246,1.9628482460975647
4247,3.8546204566955566
4248,4.077103316783905
4249,-35.13679122924805
4250,5.268027901649475
4251,292.13816833496094
4252,6.5071433782577515
4253,6.077178955078125
4254,5.4287331104278564
4255,-63.72439098358154
4256,4.708622217178345
4257,102.3956356048584
4258,2.417102038860321
4259,1.5681128799915314
4260,86.11187362670898
4261,2.309108167886734
4262,269.9034309387207
4263,84.57864761352539
4264,2.3627861738204956
4265,34.23640966415405
4266,4.307376384735107
4267,5.807425618171692
4268,6.038951992988586
4269,191.34041595458984
4270,200.89502716064453
4271,157.68355751037598
4272,4.9557284116744995
4273,8.065710067749023
4274,93.51447296142578
4275,6.642563223838806
4276,303.2944450378418
4277,239.54100799560547
4278,381.7625732421875
4279,320.89052963256836
4280,124.14838981628418
4281,43.718698501586914
4282,18.376810550689697
4283,6.512696385383606
4284,4.467499554157257
4285,102.03851509094238
4286,296.5094108581543
4287,1.7815976440906525
4288,180.3446388244629
4289,217.46550750732422
4290,192.1000633239746
4291,3.0797523260116577
4292,4.956908345222473
4293,-1.8389978408813477
4294,-53.41107940673828
4295,0.695907399058342
4296,5.534216523170471
4297,6.475871801376343
4298,5.942245602607727
4299,72.30595874786377
4300,39.9149227142334
4301,-22.639665126800537
4302,91.96050643920898
4303,1.85879385471344
4304,-57.552430152893066
4305,4.122892498970032
4306,287.05159759521484
4307,2.8638482093811035
4308,41.902647972106934
4309,4.929029762744904
4310,2.765168249607086
4311,15.43450403213501
4312,268.2080421447754
4313,3.2015137672424316
4314,2.7461435794830322
4315,231.37313842773438
4316,1.222153753042221
4317,198.51089096069336
4318,6.087480783462524
4319,42.10131549835205
4320,128.0505313873291
4321,4.928249001502991
4322,319.7460746765137
4323,86.31500434875488
4324,3.3599659204483032
4325,6.847354292869568
4326,3.6899006366729736
4327,120.91069984436035
4328,150.99398231506348
4329,202.75035095214844
4330,10.663215041160583
4331,3.018846869468689
4332,2.2523548901081085
4333,280.28427505493164
4334,3.4037192463874817
4335,3.340024411678314
4336,2.1169619858264923
4337,5.93980085849762
4338,4.684124290943146
4339,4.999523878097534
4340,-12.718912839889526
4341,72.96994304656982
4342,178.60993576049805
4343,171.32483673095703
4344,141.45119094848633
4345,5.9044153690338135
4346,4.687583744525909
4347,200.15439987182617
4348,5.586008071899414
4349,132.80180740356445
4350,-43.308335304260254
4351,124.80023193359375
4352,169.12335968017578
4353,4.962854981422424
4354,104.48237991333008
4355,142.25165939331055
4356,1.8917923271656036
4357,5.035182595252991
4358,298.29791259765625
4359,215.81290817260742
4360,3.2877076864242554
4361,4.222655773162842
4362,0.9065858870744705
4363,3.616667687892914
4364,4.644980192184448
4365,1.6369781494140625
4366,3.278900146484375
4367,253.0527458190918
4368,-14.463533163070679
4369,78.08912754058838
4370,6.496993184089661
4371,199.4361801147461
4372,66.15365314483643
4373,339.2612533569336
4374,6.543104529380798
4375,226.5374755859375
4376,285.1033592224121
4377,5.285707712173462
4378,5.678051590919495
4379,175.11847305297852
4380,3.0379204154014587
4381,2.1998351216316223
4382,6.65265166759491
4383,23.283838272094727
4384,5.052208304405212
4385,196.54183959960938
4386,20.12275767326355
4387,310.6628112792969
4388,97.5207290649414
4389,6.645868897438049
4390,4.243874251842499
4391,3.7233684062957764
4392,2.4913497269153595
4393,108.13871002197266
4394,95.0667953491211
4395,2.9874005913734436
4396,-3.2482528388500214
4397,2.602480888366699
4398,6.261888742446899
4399,3.095998167991638
4400,234.41244888305664
4401,6.7847349643707275
4402,231.82116317749023
4403,271.26026153564453
4404,245.98646545410156
4405,346.67369079589844
4406,29.916104316711426
4407,81.32849884033203
4408,6.576812744140625
4409,106.6382942199707
4410,-93.99568176269531
4411,2.6594035625457764
4412,282.4160804748535
4413,222.87903594970703
4414,4.0137709975242615
4415,194.06117248535156
4416,54.899513244628906
4417,2.641168534755707
4418,230.14843368530273
4419,274.38795471191406
4420,345.84378814697266
4421,344.4186096191406
4422,1.9888057857751846
4423,2.218601316213608
4424,68.49508380889893
4425,179.93817138671875
4426,5.5374133586883545
4427,219.51977157592773
4428,6.1617045402526855
4429,5.210973381996155
4430,5.349855303764343
4431,179.62578582763672
4432,3.8877832889556885
4433,3.7806239128112793
4434,119.25589370727539
4435,5.677525043487549
4436,6.2370383739471436
4437,18.523061275482178
4438,100.20352935791016
4439,7.1736027002334595
4440,274.7002601623535
4441,1.6731213629245758
4442,269.48506927490234
4443,6.427568435668945
4444,280.2011489868164
4445,3.744093656539917
4446,3.8332996368408203
4447,103.10401153564453
4448,5.028610706329346
4449,-15.583441734313965
4450,88.87956428527832
4451,113.88414573669434
4452,272.18035888671875
4453,263.65020751953125
4454,5.043260335922241
4455,5.554533243179321
4456,201.64474487304688
4457,4.250090003013611
4458,6.92308497428894
4459,83.4744815826416
4460,0.4188095033168793
4461,79.09357166290283
4462,168.17148208618164
4463,45.93580627441406
4464,4.020902156829834
4465,127.10561180114746
4466,4.433086812496185
4467,0.10501480102539062
4468,1.7891829311847687
4469,2.099638909101486
4470,4.730218350887299
4471,2.681360125541687
4472,246.83597564697266
4473,3.730682373046875
4474,243.84571838378906
4475,4.521103262901306
4476,84.93352890014648
4477,5.757693648338318
4478,4.065904319286346
4479,121.22743225097656
4480,296.5200958251953
4481,3.613920032978058
4482,221.05329132080078
4483,63.89385223388672
4484,319.5324935913086
4485,226.5812644958496
4486,2.36374831199646
4487,107.02000045776367
4488,60.0677547454834
4489,-33.59310340881348
4490,89.26358413696289
4491,5.55640172958374
4492,266.6768608093262
4493,304.45067977905273
4494,7.0528587102890015
4495,2.6371690034866333
4496,84.56606483459473
4497,6.7073434591293335
4498,227.41595840454102
4499,313.77976989746094
4500,154.9065399169922
4501,5.730284571647644
4502,5.85459303855896
4503,190.77155303955078
4504,5.920644402503967
4505,73.92637538909912
4506,2.594002068042755
4507,-3.1465901136398315
4508,158.6646556854248
4509,58.36430263519287
4510,2.1698853075504303
4511,258.03265380859375
4512,64.65847110748291
4513,111.82911109924316
4514,2.916558623313904
4515,2.993659257888794
4516,3.138324022293091
4517,4.934000372886658
4518,14.85962200164795
4519,107.3000717163086
4520,56.20101070404053
4521,2.6427109837532043
4522,81.13268089294434
4523,6.687200427055359
4524,210.1578369140625
4525,16.20861840248108
4526,2.241777181625366
4527,109.73237609863281
4528,112.55123901367188
4529,106.45682525634766
4530,198.60528182983398
4531,3.9761595129966736
4532,4.31001353263855
4533,4.699216425418854
4534,55.219828605651855
4535,6.0160850286483765
4536,2.094877243041992
4537,1.8754206895828247
4538,6.243992567062378
4539,298.3250045776367
4540,200.28167343139648
4541,3.2852959036827087
4542,2.8279969692230225
4543,216.93099212646484
4544,33.7262487411499
4545,5.292586326599121
4546,26.137940883636475
4547,5.750335335731506
4548,187.59212112426758
4549,4.573787093162537
4550,229.17114639282227
4551,29.474067211151123
4552,97.5495376586914
4553,123.75801467895508
4554,4.80693393945694
4555,188.00004959106445
4556,281.57456970214844
4557,4.9676952958106995
4558,4.49488228559494
4559,70.32933616638184
4560,7.331716895103455
4561,5.290040612220764
4562,191.40714645385742
4563,39.46083211898804
4564,258.2896385192871
4565,46.61210060119629
4566,221.8825569152832
4567,292.9339370727539
4568,138.05847549438477
4569,5.046959400177002
4570,176.83131790161133
4571,271.96781158447266
4572,5.344541311264038
4573,3.1829399466514587
4574,1.416108787059784
4575,5.80275571346283
4576,160.79130172729492
4577,264.89556884765625
4578,59.13989448547363
4579,8.785958409309387
4580,0.6150520890951157
4581,377.07012939453125
4582,34.98716068267822
4583,1.532457172870636
4584,293.0193862915039
4585,37.643290519714355
4586,5.939624786376953
4587,4.054289281368256
4588,1.5634434819221497
4589,4.002462089061737
4590,3.179849922657013
4591,60.52201271057129
4592,5.4663405418396
4593,110.57693862915039
4594,-16.11505889892578
4595,2.6057145595550537
4596,63.857937812805176
4597,135.7998561859131
4598,4.209142088890076
4599,-40.72995185852051
4600,77.131911277771
4601,6.765297889709473
4602,5.518365740776062
4603,5.628115892410278
4604,75.39508724212646
4605,1.8709131479263306
4606,136.98150634765625
4607,30.132695198059082
4608,4.413956940174103
4609,209.31155014038086
4610,127.48809051513672
4611,93.04606437683105
4612,2.758295178413391
4613,-77.61296844482422
4614,74.96612167358398
4615,-43.0223503112793
4616,4.551865756511688
4617,4.564675331115723
4618,3.818022847175598
4619,6.213970422744751
4620,6.679238319396973
4621,98.79346466064453
4622,3.9923938512802124
4623,6.07480251789093
4624,1.3069959878921509
4625,86.20528411865234
4626,52.56339645385742
4627,5.526642203330994
4628,6.139286637306213
4629,68.06849575042725
4630,5.586249113082886
4631,-2.982271820306778
4632,6.5643088817596436
4633,227.12196350097656
4634,5.860173583030701
4635,6.101271986961365
4636,70.58650875091553
4637,6.900545597076416
4638,419.7362976074219
4639,289.22323989868164
4640,2.068290561437607
4641,201.95170211791992
4642,162.84010314941406
4643,47.6612491607666
4644,38.030789375305176
4645,5.878481388092041
4646,62.697970390319824
4647,22.733692169189453
4648,193.42503356933594
4649,113.40204429626465
4650,132.12888145446777
4651,56.678144454956055
4652,4.756326138973236
4653,263.20710372924805
4654,1.5090225264430046
4655,5.9693907499313354
4656,3.19987154006958
4657,3.048441767692566
4658,6.578418254852295
4659,67.51529312133789
4660,2.0185292065143585
4661,2.463386446237564
4662,3.740944266319275
4663,111.83371543884277
4664,5.914262533187866
4665,167.01748657226562
4666,249.03368377685547
4667,1.8532244265079498
4668,118.87533950805664
4669,275.60015869140625
4670,17.90198564529419
4671,2.0247836112976074
4672,0.7991240173578262
4673,69.80615139007568
4674,294.15160751342773
4675,1.786456435918808
4676,135.57455253601074
4677,48.83883571624756
4678,5.60509717464447
4679,70.8251256942749
4680,4.291311800479889
4681,1.8175744712352753
4682,195.97907638549805
4683,143.8955535888672
4684,88.53345680236816
4685,250.6777687072754
4686,3.8554672598838806
4687,220.35454177856445
4688,345.49322509765625
4689,104.86432266235352
4690,6.694462299346924
4691,6.775250673294067
4692,4.275929570198059
4693,81.18535232543945
4694,4.531898558139801
4695,384.1597137451172
4696,4.597640037536621
4697,2.64356130361557
4698,4.658599078655243
4699,3.5165979862213135
4700,94.47958374023438
4701,5.904168605804443
4702,1.9179659187793732
4703,3.587766647338867
4704,5.175154685974121
4705,277.1573486328125
4706,3.3423990607261658
4707,4.9837751388549805
4708,3.0177459120750427
4709,81.81453323364258
4710,163.27657318115234
4711,6.339017152786255
4712,237.2771453857422
4713,3.7388505935668945
4714,5.758736729621887
4715,81.48715209960938
4716,37.695804595947266
4717,7.110102534294128
4718,5.963620543479919
4719,186.74614715576172
4720,160.9858283996582
4721,6.0889856815338135
4722,3.839292049407959
4723,6.5116318464279175
4724,73.52617454528809
4725,172.76741790771484
4726,3.590448558330536
4727,283.9972686767578
4728,252.20867919921875
4729,3.8364546298980713
4730,185.63380813598633
4731,91.70769691467285
4732,-25.518222332000732
4733,5.532258629798889
4734,6.256767749786377
4735,5.639758586883545
4736,3.1433976888656616
4737,71.85838413238525
4738,-10.084738373756409
4739,152.8253059387207
4740,302.1241035461426
4741,4.740416407585144
4742,87.89793586730957
4743,5.89730429649353
4744,247.5182647705078
4745,64.40305423736572
4746,4.160282373428345
4747,3.052249014377594
4748,3.130333960056305
4749,5.825469970703125
4750,5.768597722053528
4751,3.923994779586792
4752,98.32379913330078
4753,146.03400802612305
4754,145.67627716064453
4755,4.15171492099762
4756,2.0135324895381927
4757,3.431702971458435
4758,60.86585521697998
4759,96.12724113464355
4760,4.496916890144348
4761,2.981121838092804
4762,182.52274322509766
4763,205.1034393310547
4764,2.4691439270973206
4765,352.19606018066406
4766,28.78107976913452
4767,32.191176891326904
4768,24.86120367050171
4769,-40.09190082550049
4770,34.23381996154785
4771,29.327212810516357
4772,4.0918097496032715
4773,4.246068120002747
4774,156.5640697479248
4775,2.076213300228119
4776,2.685486614704132
4777,164.34990310668945
4778,5.208190679550171
4779,20.886122703552246
4780,2.012760668992996
4781,58.58309078216553
4782,4.755847752094269
4783,3.9862871766090393
4784,2.5656984448432922
4785,29.976099967956543
4786,68.24330615997314
4787,5.640472173690796
4788,3.6836161017417908
4789,3.298491358757019
4790,130.07174682617188
4791,214.4282684326172
4792,4.439906597137451
4793,169.9677963256836
4794,65.98523235321045
4795,240.51031112670898
4796,3.111798048019409
4797,154.11744499206543
4798,5.914839267730713
4799,4.099254667758942
4800,343.62035369873047
4801,3.5899455547332764
4802,4.82039338350296
4803,264.89921951293945
4804,1.9448848366737366
4805,250.3947525024414
4806,4.495975732803345
4807,2.9623221158981323
4808,62.31477737426758
4809,89.44322967529297
4810,1.645256370306015
4811,2.1529916524887085
4812,5.402045965194702
4813,260.53924560546875
4814,231.4027976989746
4815,2.930857002735138
4816,2.6643874645233154
4817,6.134564518928528
4818,1.7054618895053864
4819,89.90700912475586
4820,2.309137672185898
4821,186.3697052001953
4822,109.94848442077637
4823,5.030218243598938
4824,3.083792984485626
4825,251.73382949829102
4826,4.544157445430756
4827,5.544064283370972
4828,214.58507919311523
4829,120.49981307983398
4830,101.03751182556152
4831,188.31237411499023
4832,6.951584815979004
4833,3.5747565031051636
4834,109.41783714294434
4835,3.7364513278007507
4836,6.560764789581299
4837,197.0888900756836
4838,33.5331015586853
4839,314.45617294311523
4840,3.4246866703033447
4841,146.2747573852539
4842,25.189693450927734
4843,2.1238527595996857
4844,4.281028389930725
4845,4.705155432224274
4846,7.274052381515503
4847,3.8213130235671997
4848,2.2893719375133514
4849,5.027543663978577
4850,6.80602240562439
4851,5.539792895317078
4852,105.63115501403809
4853,282.0932960510254
4854,2.8104620575904846
4855,3.342798113822937
4856,155.9940013885498
4857,234.88326263427734
4858,314.0346908569336
4859,137.64445686340332
4860,250.24471282958984
4861,6.936436176300049
4862,119.11113739013672
4863,7.013028383255005
4864,5.946732759475708
4865,1.8549481332302094
4866,0.9029687643051147
4867,3.421785533428192
4868,70.11853218078613
4869,0.9773446619510651
4870,106.33985328674316
4871,6.568814396858215
4872,2.333216577768326
4873,310.2271499633789
4874,-5.086434781551361
4875,3.3854557275772095
4876,202.9825782775879
4877,6.303526043891907
4878,84.7003402709961
4879,69.91892433166504
4880,5.917536973953247
4881,6.222473502159119
4882,14.330355405807495
4883,1.8093173503875732
4884,99.8698673248291
4885,-63.40062713623047
4886,245.00778579711914
4887,5.339298844337463
4888,285.191463470459
4889,39.522024631500244
4890,221.0860366821289
4891,133.9231719970703
4892,1.8357226848602295
4893,5.801394581794739
4894,92.76996994018555
4895,6.559802055358887
4896,5.8337578773498535
4897,6.332591414451599
4898,-10.325989127159119
4899,206.14338302612305
4900,2.396543115377426
4901,262.5952453613281
4902,4.309763967990875
4903,144.43387413024902
4904,397.72599029541016
4905,84.66216468811035
4906,156.60428428649902
4907,186.2184295654297
4908,4.689828157424927
4909,154.0145206451416
4910,181.16405487060547
4911,88.42953681945801
4912,5.421316385269165
4913,233.03872680664062
4914,196.04758834838867
4915,3.899448275566101
4916,4.71833735704422
4917,6.354063153266907
4918,2.9729959964752197
4919,34.39942264556885
4920,2.0211509466171265
4921,-4.076323986053467
4922,175.17449951171875
4923,230.29627990722656
4924,5.87166965007782
4925,2.5190490782260895
4926,1.096113234758377
4927,5.883262395858765
4928,2.7830965518951416
4929,81.0940933227539
4930,98.32056999206543
4931,-10.806554794311523
4932,5.6763739585876465
4933,281.7217674255371
4934,-65.89618873596191
4935,67.34922790527344
4936,251.408935546875
4937,29.686546325683594
4938,72.79061794281006
4939,54.52997875213623
4940,3.8197924494743347
