id,target
1,4.011200428009033
2,2.406433343887329
3,317.72320556640625
4,-26.006311416625977
5,4.054454326629639
6,6.718378067016602
7,5.570511817932129
8,74.24302673339844
9,86.04707336425781
10,93.23208618164062
11,51.22334671020508
12,-11.24992561340332
13,255.716064453125
14,197.77804565429688
15,3.5317177772521973
16,294.39276123046875
17,2.9642820358276367
18,92.61849975585938
19,3.6348519325256348
20,6.558651924133301
21,-60.165931701660156
22,67.25785827636719
23,3.8902440071105957
24,2.871880054473877
25,35.12338638305664
26,88.3333969116211
27,1.1040840148925781
28,161.28749084472656
29,41.694480895996094
30,3.429593086242676
31,6.4707255363464355
32,35.29243850708008
33,53.502708435058594
34,3.7770133018493652
35,2.24849796295166
36,6.799009799957275
37,268.93096923828125
38,237.66514587402344
39,56.788177490234375
40,150.01644897460938
41,-55.27477264404297
42,3.0849831104278564
43,5.723750591278076
44,4.485300064086914
45,123.90222930908203
46,64.81851196289062
47,2.586300849914551
48,-85.75146484375
49,3.8602612018585205
50,1.7979340553283691
51,275.2615966796875
52,2.8754727840423584
53,2.9174282550811768
54,91.47291564941406
55,2.840538740158081
56,4.146937370300293
57,5.633750915527344
58,163.26560974121094
59,249.73175048828125
60,6.722228050231934
61,2.2362146377563477
62,234.9810791015625
63,6.718536853790283
64,2.664480447769165
65,3.1400949954986572
66,4.548121452331543
67,5.345376014709473
68,183.3220672607422
69,148.14605712890625
70,2.2735466957092285
71,2.3368191719055176
72,2.4182307720184326
73,23.643447875976562
74,263.2003173828125
75,185.6140594482422
76,6.3840131759643555
77,5.802337169647217
78,132.3577117919922
79,266.6533203125
80,3.558745861053467
81,40.6767578125
82,4.800013542175293
83,191.91986083984375
84,27.255346298217773
85,-10.814464569091797
86,2.238368034362793
87,64.80734252929688
88,155.90618896484375
89,6.066226959228516
90,5.4950995445251465
91,47.480838775634766
92,66.34559631347656
93,22.946046829223633
94,5.20728063583374
95,3.960660934448242
96,3.0754926204681396
97,6.9102983474731445
98,220.06552124023438
99,86.49886322021484
100,267.2598876953125
101,5.120457649230957
102,248.52024841308594
103,4.521700859069824
104,6.2861762046813965
105,115.17364501953125
106,4.487514019012451
107,268.9045104980469
108,2.3819267749786377
109,193.39732360839844
110,2.8392910957336426
111,56.13475036621094
112,2.14897084236145
113,167.33966064453125
114,6.393404483795166
115,5.50009298324585
116,399.8796691894531
117,234.61915588378906
118,146.8548583984375
119,274.3847351074219
120,289.2842102050781
121,147.93756103515625
122,3.4749460220336914
123,125.33690643310547
124,272.4597473144531
125,146.6951446533203
126,6.394564151763916
127,147.26756286621094
128,3.529261350631714
129,236.9051055908203
130,91.23491668701172
131,68.96233367919922
132,-6.008889675140381
133,-15.415148735046387
134,312.87017822265625
135,6.245930194854736
136,2.1880745887756348
137,131.42529296875
138,5.861772537231445
139,202.09967041015625
140,279.0716247558594
141,46.41104507446289
142,30.60076332092285
143,69.22312927246094
144,45.005374908447266
145,6.35400390625
146,172.3749542236328
147,218.4313507080078
148,2.0643253326416016
149,193.8009033203125
150,65.74065399169922
151,288.3854675292969
152,295.5923156738281
153,179.3779754638672
154,3.495814800262451
155,4.218144416809082
156,226.92599487304688
157,134.1296844482422
158,122.25428771972656
159,129.46275329589844
160,6.394336700439453
161,41.84556198120117
162,4.54581880569458
163,238.02320861816406
164,2.9151527881622314
165,39.92314529418945
166,212.59909057617188
167,312.7579040527344
168,7.232673168182373
169,1.9860278367996216
170,247.118408203125
171,2.8819618225097656
172,4.387458324432373
173,-21.66996192932129
174,3.868800401687622
175,5.596981525421143
176,135.76089477539062
177,76.78755187988281
178,324.54791259765625
179,152.7256317138672
180,222.99317932128906
181,5.660078525543213
182,2.4298949241638184
183,315.8966979980469
184,6.526494026184082
185,1.6320384740829468
186,3.634056568145752
187,3.094058036804199
188,4.1275763511657715
189,77.49685668945312
190,4.28458833694458
191,2.296876907348633
192,34.47645568847656
193,2.9639129638671875
194,344.89019775390625
195,82.14994049072266
196,263.8270568847656
197,135.36424255371094
198,224.21109008789062
199,79.67903137207031
200,2.086435317993164
201,3.1343021392822266
202,81.32209777832031
203,48.28485870361328
204,4.1523756980896
205,262.9308776855469
206,69.98333740234375
207,230.15945434570312
208,163.4232177734375
209,52.49697494506836
210,179.69175720214844
211,61.574039459228516
212,95.2823486328125
213,253.645263671875
214,70.37223052978516
215,12.118171691894531
216,156.3740997314453
217,75.80489349365234
218,206.11314392089844
219,208.533935546875
220,5.831844329833984
221,215.9026336669922
222,173.42491149902344
223,2.801584243774414
224,197.62542724609375
225,250.0804901123047
226,201.42098999023438
227,46.445796966552734
228,270.7622375488281
229,260.1641845703125
230,1.1781922578811646
231,216.64695739746094
232,51.51630401611328
233,61.791015625
234,250.93453979492188
235,101.9161605834961
236,2.1340270042419434
237,6.417212963104248
238,44.192230224609375
239,6.425373077392578
240,177.21786499023438
241,310.6792297363281
242,238.24725341796875
243,3.9472901821136475
244,3.5621206760406494
245,49.33012771606445
246,113.33245086669922
247,118.43597412109375
248,6.462613582611084
249,5.926249027252197
250,71.49922180175781
251,66.9873046875
252,205.56063842773438
253,7.344900608062744
254,154.6082305908203
255,-50.95781707763672
256,5.682420253753662
257,2.1262617111206055
258,73.32201385498047
259,264.2386169433594
260,2.609448194503784
261,5.797633171081543
262,6.301048278808594
263,-37.15414047241211
264,3.773526668548584
265,3.6925411224365234
266,2.1917269229888916
267,3.2722837924957275
268,1.6290342807769775
269,211.2827911376953
270,2.8235087394714355
271,174.55894470214844
272,138.65557861328125
273,4.710898399353027
274,4.8121018409729
275,322.55364990234375
276,181.9821319580078
277,243.26397705078125
278,-57.18543243408203
279,4.35719108581543
280,194.64146423339844
281,5.387635707855225
282,165.015869140625
283,232.9690704345703
284,136.28472900390625
285,255.3175048828125
286,144.5760040283203
287,230.50833129882812
288,6.281997203826904
289,136.28292846679688
290,4.656266212463379
291,118.05606079101562
292,3.916438102722168
293,77.76643371582031
294,104.84295654296875
295,4.835984706878662
296,134.2972412109375
297,47.370750427246094
298,-40.60296630859375
299,217.13168334960938
300,5.679315090179443
301,4.2620344161987305
302,5.381096839904785
303,4.486498832702637
304,3.7829580307006836
305,4.93590784072876
306,216.94564819335938
307,3.799325942993164
308,3.148528814315796
309,125.47431945800781
310,2.3154923915863037
311,2.283676862716675
312,3.5415661334991455
313,120.45148468017578
314,4.026884078979492
315,1.6520400047302246
316,2.3039257526397705
317,3.667320728302002
318,3.735145092010498
319,76.49354553222656
320,1.8998737335205078
321,6.294247150421143
322,2.7255704402923584
323,1.8805792331695557
324,2.674192428588867
325,4.043055534362793
326,4.941634178161621
327,40.95033264160156
328,4.270247936248779
329,114.70587158203125
330,53.56428146362305
331,5.2445454597473145
332,5.614692211151123
333,3.4310083389282227
334,6.755982398986816
335,143.03253173828125
336,3.7686774730682373
337,2.2619853019714355
338,148.08474731445312
339,47.66126251220703
340,300.3724365234375
341,119.06966400146484
342,70.30532836914062
343,3.547574996948242
344,2.530810594558716
345,125.7379379272461
346,2.8532326221466064
347,5.02054500579834
348,52.033905029296875
349,-44.14389419555664
350,136.8843994140625
351,239.85516357421875
352,39.373512268066406
353,1.1124675273895264
354,5.937078952789307
355,310.30816650390625
356,229.75111389160156
357,2.9679317474365234
358,-7.238011360168457
359,4.435681343078613
360,143.7801513671875
361,4.484551906585693
362,5.739196300506592
363,-5.7374725341796875
364,4.461668968200684
365,5.210474014282227
366,65.07695770263672
367,4.636711120605469
368,240.655029296875
369,4.844037055969238
370,-24.9018611907959
371,249.92977905273438
372,46.29495620727539
373,194.1656036376953
374,13.406964302062988
375,112.1182632446289
376,2.8736701011657715
377,2.916545867919922
378,3.598116397857666
379,3.333242177963257
380,0.7438920736312866
381,6.031741619110107
382,5.842059135437012
383,154.5207061767578
384,1.8572806119918823
385,4.107855796813965
386,282.73028564453125
387,3.189690589904785
388,4.415707588195801
389,67.00601959228516
390,4.970222473144531
391,162.3946533203125
392,6.397381782531738
393,3.9510440826416016
394,313.1493225097656
395,182.44073486328125
396,3.0409979820251465
397,1.841774344444275
398,5.775663375854492
399,176.45791625976562
400,248.9369354248047
401,1.7535364627838135
402,6.119497299194336
403,5.488051414489746
404,5.853859901428223
405,15.691976547241211
406,7.135852336883545
407,-69.66360473632812
408,4.187124252319336
409,2.8700103759765625
410,3.713420867919922
411,2.5932555198669434
412,4.6886467933654785
413,339.8924255371094
414,5.842682838439941
415,46.88922882080078
416,3.351086139678955
417,6.7603912353515625
418,6.041170597076416
419,5.500917911529541
420,4.296464920043945
421,152.04246520996094
422,165.22328186035156
423,172.83131408691406
424,159.89813232421875
425,5.92336893081665
426,232.47833251953125
427,3.0639808177948
428,211.7124481201172
429,2.89933180809021
430,4.739307403564453
431,262.4425964355469
432,150.020751953125
433,9.500420570373535
434,5.927387237548828
435,53.9805908203125
436,248.11325073242188
437,218.3143768310547
438,177.43968200683594
439,5.909585952758789
440,250.31027221679688
441,197.6470947265625
442,108.71685028076172
443,316.5779724121094
444,5.483893871307373
445,6.122984886169434
446,58.47456741333008
447,1.0891400575637817
448,6.218585014343262
449,298.6759033203125
450,268.7925109863281
451,174.03323364257812
452,226.82872009277344
453,1.9151332378387451
454,3.756146192550659
455,149.08493041992188
456,2.7977967262268066
457,4.967952251434326
458,255.7958526611328
459,67.31210327148438
460,15.031091690063477
461,101.73206329345703
462,6.28585958480835
463,195.90745544433594
464,5.3880486488342285
465,146.79408264160156
466,64.9149169921875
467,2.220770835876465
468,5.089145660400391
469,50.424713134765625
470,49.75944900512695
471,1.8386489152908325
472,1.9351928234100342
473,27.73026466369629
474,6.020264625549316
475,103.97772216796875
476,6.552762031555176
477,1.9537876844406128
478,4.459609508514404
479,211.50442504882812
480,4.024163722991943
481,6.1531195640563965
482,187.9258270263672
483,1.746505856513977
484,189.2766876220703
485,116.15939331054688
486,4.373973846435547
487,2.371370553970337
488,207.3870086669922
489,2.672494649887085
490,4.630885124206543
491,6.209961891174316
492,3.692359685897827
493,4.082396507263184
494,237.0965118408203
495,5.8516387939453125
496,106.26727294921875
497,6.1346116065979
498,6.251391887664795
499,5.017070770263672
500,1.7795183658599854
501,3.2138731479644775
502,321.1640625
503,107.31990814208984
504,30.422643661499023
505,2.022200584411621
506,6.399360656738281
507,324.25128173828125
508,71.07842254638672
509,275.6726379394531
510,3.826281785964966
511,152.85520935058594
512,194.56570434570312
513,236.5384979248047
514,332.95574951171875
515,308.8938293457031
516,219.1900634765625
517,264.0019226074219
518,7.239681720733643
519,54.157283782958984
520,320.0613708496094
521,1.766660213470459
522,3.8340187072753906
523,174.155517578125
524,4.508511066436768
525,167.43878173828125
526,5.937979698181152
527,5.08798360824585
528,3.960463285446167
529,6.189388275146484
530,256.11187744140625
531,114.94169616699219
532,3.8855931758880615
533,120.34052276611328
534,4.426825523376465
535,7.018431186676025
536,5.916534900665283
537,1.757557988166809
538,4.864574909210205
539,276.14874267578125
540,270.6435852050781
541,252.917236328125
542,76.6405029296875
543,82.77326202392578
544,5.661678791046143
545,4.001441478729248
546,3.7949647903442383
547,2.097134590148926
548,329.5458679199219
549,5.608389854431152
550,248.6770477294922
551,5.887764930725098
552,127.53406524658203
553,4.013124465942383
554,90.23670959472656
555,122.76576232910156
556,238.0771484375
557,200.37051391601562
558,5.002232551574707
559,5.233397483825684
560,148.65481567382812
561,132.94627380371094
562,152.0654296875
563,3.1568901538848877
564,53.36408615112305
565,162.20965576171875
566,2.6214849948883057
567,50.1469841003418
568,120.95207214355469
569,313.2087707519531
570,3.696614980697632
571,203.52261352539062
572,2.9668619632720947
573,97.69839477539062
574,96.15776824951172
575,7.829322338104248
576,1.9070343971252441
577,2.87827205657959
578,191.355224609375
579,9.535003662109375
580,284.35296630859375
581,62.078460693359375
582,86.70185852050781
583,5.306166172027588
584,3.1673569679260254
585,140.45933532714844
586,4.713125705718994
587,217.74966430664062
588,2.9637644290924072
589,180.99078369140625
590,268.919189453125
591,154.35079956054688
592,6.868879318237305
593,246.19920349121094
594,294.89727783203125
595,30.047500610351562
596,5.48047399520874
597,146.3782958984375
598,3.4517531394958496
599,87.25800323486328
600,192.9456787109375
601,141.92161560058594
602,27.355817794799805
603,2.058628559112549
604,243.8271942138672
605,2.65535831451416
606,2.8127381801605225
607,6.889960289001465
608,47.476993560791016
609,289.8579406738281
610,29.4989013671875
611,65.92815399169922
612,5.210424900054932
613,2.300954818725586
614,53.0688362121582
615,1.9151692390441895
616,168.83836364746094
617,-52.131317138671875
618,228.54518127441406
619,4.839244365692139
620,5.416045665740967
621,187.56234741210938
622,105.14289855957031
623,199.32252502441406
624,207.86236572265625
625,2.270507335662842
626,2.0322344303131104
627,78.256591796875
628,4.327522277832031
629,220.65249633789062
630,4.441318988800049
631,2.2058489322662354
632,202.44703674316406
633,137.5851287841797
634,222.43661499023438
635,2.505770683288574
636,103.98722839355469
637,103.69312286376953
638,6.961245059967041
639,29.407833099365234
640,126.33609771728516
641,6.793539047241211
642,2.9993367195129395
643,297.8324890136719
644,3.1745731830596924
645,102.2869644165039
646,61.037960052490234
647,186.57249450683594
648,253.4102020263672
649,385.451416015625
650,332.7185363769531
651,159.9147491455078
652,34.59502410888672
653,3.271986961364746
654,184.67898559570312
655,5.324433326721191
656,215.47918701171875
657,158.45285034179688
658,291.5468444824219
659,1.918165683746338
660,124.01974487304688
661,3.9848341941833496
662,120.09376525878906
663,3.8911991119384766
664,-30.727088928222656
665,90.46529388427734
666,138.32687377929688
667,245.5977020263672
668,336.49847412109375
669,120.3835678100586
670,203.99777221679688
671,121.36341094970703
672,77.73056030273438
673,3.883504867553711
674,5.817705154418945
675,5.983396053314209
676,5.738725185394287
677,28.758581161499023
678,175.94857788085938
679,5.154242038726807
680,3.266120195388794
681,2.018585205078125
682,102.24394226074219
683,5.220650672912598
684,181.82957458496094
685,180.69442749023438
686,5.812908172607422
687,377.0195617675781
688,77.55245971679688
689,101.12430572509766
690,308.57269287109375
691,3.6153767108917236
692,73.10443878173828
693,5.341114044189453
694,6.087769508361816
695,-3.843888998031616
696,289.407470703125
697,1.2378801107406616
698,217.32406616210938
699,1.7280808687210083
700,246.7694549560547
701,3.678053855895996
702,4.439609527587891
703,65.72500610351562
704,84.55723571777344
705,128.9598846435547
706,190.4399871826172
707,180.59410095214844
708,81.81513977050781
709,73.0154800415039
710,197.72787475585938
711,242.177490234375
712,6.373406410217285
713,49.48977279663086
714,6.739455223083496
715,253.06130981445312
716,3.121443271636963
717,91.0755615234375
718,320.8528137207031
719,217.9998016357422
720,4.679920673370361
721,151.73574829101562
722,2.0755112171173096
723,6.221947193145752
724,2.0133185386657715
725,2.480325698852539
726,120.59323120117188
727,237.8894500732422
728,66.92401123046875
729,52.54020309448242
730,104.01183319091797
731,282.5969543457031
732,4.578984260559082
733,6.524197578430176
734,15.899394989013672
735,248.86085510253906
736,45.561241149902344
737,41.208770751953125
738,118.05880737304688
739,304.8348693847656
740,149.73391723632812
741,7.218957424163818
742,271.544189453125
743,112.54522705078125
744,1.6493914127349854
745,285.5994567871094
746,171.01158142089844
747,3.962825298309326
748,57.32235336303711
749,70.50940704345703
750,200.5108642578125
751,45.936737060546875
752,262.1819152832031
753,1.8922462463378906
754,241.53829956054688
755,6.260296821594238
756,5.930686950683594
757,219.87303161621094
758,1.705296516418457
759,64.11060333251953
760,32.93581771850586
761,188.1021728515625
762,5.304195404052734
763,2.023470163345337
764,83.39707946777344
765,4.507627964019775
766,33.29893112182617
767,1.3085006475448608
768,4.929643630981445
769,5.939611911773682
770,1.8899688720703125
771,237.30502319335938
772,71.56233978271484
773,122.65731048583984
774,-32.09900665283203
775,11.353715896606445
776,4.624240875244141
777,211.4480438232422
778,-4.064128398895264
779,167.46067810058594
780,84.13316345214844
781,316.16351318359375
782,3.7081170082092285
783,47.7845573425293
784,2.633347988128662
785,42.13872528076172
786,132.36402893066406
787,5.526651859283447
788,1.9156153202056885
789,173.24105834960938
790,89.25505065917969
791,-20.097370147705078
792,117.24567413330078
793,-57.15639877319336
794,320.5924377441406
795,-53.77158737182617
796,129.4933624267578
797,3.6253902912139893
798,50.01018524169922
799,3.407668352127075
800,5.896641254425049
801,229.44009399414062
802,60.356689453125
803,159.55567932128906
804,6.396522521972656
805,1.9631953239440918
806,166.79090881347656
807,2.5866143703460693
808,81.5576171875
809,1.624097228050232
810,54.079078674316406
811,250.5352325439453
812,79.9220199584961
813,287.21295166015625
814,5.837592124938965
815,5.0049214363098145
816,7.3495941162109375
817,3.1874098777770996
818,-1.4242192506790161
819,5.443521976470947
820,80.8616714477539
821,5.544895648956299
822,2.068127393722534
823,24.50095558166504
824,86.33125305175781
825,7.114891529083252
826,75.7928466796875
827,4.741302490234375
828,6.336575984954834
829,51.23049545288086
830,182.8636016845703
831,107.33158111572266
832,6.095701694488525
833,282.1351623535156
834,189.4571075439453
835,140.66033935546875
836,2.2942380905151367
837,67.8918685913086
838,164.60194396972656
839,6.0041728019714355
840,169.75277709960938
841,132.56532287597656
842,76.47222137451172
843,2.217423439025879
844,3.4544711112976074
845,5.391458511352539
846,6.455867290496826
847,5.603658676147461
848,151.25027465820312
849,6.088919162750244
850,78.2093734741211
851,55.682037353515625
852,27.213428497314453
853,98.37422943115234
854,5.219376564025879
855,6.5016913414001465
856,244.16600036621094
857,87.2282943725586
858,60.4123649597168
859,234.9564208984375
860,2.113662004470825
861,3.4392659664154053
862,3.101047992706299
863,107.52908325195312
864,227.97103881835938
865,285.5137634277344
866,215.02662658691406
867,5.5131306648254395
868,120.93961334228516
869,121.76423645019531
870,130.63829040527344
871,166.11358642578125
872,141.5695037841797
873,2.8941590785980225
874,57.56229782104492
875,5.272070407867432
876,103.9037094116211
877,31.048023223876953
878,127.91204833984375
879,5.588354587554932
880,6.555411338806152
881,173.05099487304688
882,5.766166687011719
883,241.2072296142578
884,5.941376209259033
885,182.5541229248047
886,49.63003158569336
887,2.229067325592041
888,2.061492919921875
889,220.8620147705078
890,3.730120897293091
891,2.8722610473632812
892,76.43273162841797
893,5.526087284088135
894,-3.6016528606414795
895,3.5677542686462402
896,219.10089111328125
897,2.6892192363739014
898,220.50518798828125
899,-53.409236907958984
900,223.84893798828125
901,3.3004860877990723
902,179.55328369140625
903,5.157716274261475
904,132.29624938964844
905,1.9140963554382324
906,0.8705438375473022
907,193.0658721923828
908,43.47727966308594
909,76.53853607177734
910,2.1601085662841797
911,6.638898849487305
912,249.20089721679688
913,165.0526123046875
914,283.3419189453125
915,67.53919982910156
916,112.95039367675781
917,-18.654176712036133
918,2.5900444984436035
919,2.8340115547180176
920,379.495361328125
921,125.18771362304688
922,219.0014190673828
923,2.380221128463745
924,88.61292266845703
925,193.01870727539062
926,52.75923156738281
927,72.6902847290039
928,5.183513164520264
929,40.00812911987305
930,44.920448303222656
931,223.0548095703125
932,184.78897094726562
933,5.644747257232666
934,2.1679317951202393
935,178.88699340820312
936,49.45479965209961
937,3.4980616569519043
938,4.7719407081604
939,128.1993865966797
940,1.948425054550171
941,5.880069732666016
942,5.099844455718994
943,114.66929626464844
944,3.6626999378204346
945,1.9860990047454834
946,65.43115997314453
947,40.09288024902344
948,64.53710174560547
949,223.81414794921875
950,367.6123046875
951,14.415836334228516
952,-11.542902946472168
953,6.0515875816345215
954,250.201904296875
955,185.6864471435547
956,153.81954956054688
957,2.5462348461151123
958,2.915102005004883
959,211.032958984375
960,74.39009094238281
961,171.2128143310547
962,3.2630867958068848
963,6.411955833435059
964,5.093095302581787
965,5.999176979064941
966,3.5612294673919678
967,46.2687873840332
968,170.37542724609375
969,162.0811004638672
970,6.329189300537109
971,358.02423095703125
972,5.4277849197387695
973,95.23284912109375
974,5.679969787597656
975,3.848820447921753
976,4.983367919921875
977,175.1090087890625
978,304.4559020996094
979,2.3970787525177
980,1.8052845001220703
981,-19.40754508972168
982,54.19260025024414
983,294.00714111328125
984,320.953369140625
985,249.7845458984375
986,115.17195892333984
987,2.878598213195801
988,245.02333068847656
989,340.1138610839844
990,90.42634582519531
991,4.430211067199707
992,280.7847900390625
993,212.8125762939453
994,3.04213285446167
995,-7.880150318145752
996,21.276487350463867
997,2.066606283187866
998,32.91476821899414
999,105.18519592285156
1000,-3.481926441192627
1001,275.4205017089844
1002,170.95217895507812
1003,5.849592685699463
1004,1.201310634613037
1005,1.7190114259719849
1006,3.9145846366882324
1007,148.16236877441406
1008,1.9167237281799316
1009,5.085826873779297
1010,6.513729572296143
1011,258.4697570800781
1012,24.672574996948242
1013,204.01376342773438
1014,80.35980224609375
1015,229.5365447998047
1016,6.518859386444092
1017,5.273110866546631
1018,3.6547811031341553
1019,6.293947696685791
1020,4.328782081604004
1021,130.47457885742188
1022,98.29988098144531
1023,175.87228393554688
1024,175.1439971923828
1025,5.416828632354736
1026,3.9892759323120117
1027,4.638336181640625
1028,87.9220199584961
1029,3.770960807800293
1030,30.980113983154297
1031,256.00732421875
1032,3.22584867477417
1033,2.5884437561035156
1034,221.59225463867188
1035,1.3414101600646973
1036,243.1103057861328
1037,6.744363784790039
1038,67.63226318359375
1039,3.630594253540039
1040,-19.75277328491211
1041,2.9880757331848145
1042,4.039774417877197
1043,3.825453758239746
1044,333.3271484375
1045,116.22543334960938
1046,42.41667175292969
1047,218.41445922851562
1048,1.7787977457046509
1049,2.7925877571105957
1050,6.005882740020752
1051,82.28607940673828
1052,177.5300750732422
1053,262.3911437988281
1054,6.264203071594238
1055,16.198406219482422
1056,34.94016647338867
1057,4.428069114685059
1058,2.870889663696289
1059,2.775021553039551
1060,117.38800811767578
1061,3.1616458892822266
1062,5.872343063354492
1063,300.4961853027344
1064,214.62802124023438
1065,65.5042495727539
1066,249.066162109375
1067,264.2492370605469
1068,5.697012424468994
1069,4.358117580413818
1070,317.07342529296875
1071,157.90318298339844
1072,5.191291332244873
1073,3.1763715744018555
1074,6.230144500732422
1075,4.976219177246094
1076,289.5923767089844
1077,6.300282955169678
1078,151.31398010253906
1079,2.7483971118927
1080,2.189544677734375
1081,5.991375923156738
1082,4.040555953979492
1083,3.397320032119751
1084,6.341287612915039
1085,131.08876037597656
1086,195.21641540527344
1087,69.98465728759766
1088,291.077392578125
1089,8.308239936828613
1090,131.54656982421875
1091,263.59246826171875
1092,5.708661079406738
1093,3.6896839141845703
1094,6.754662990570068
1095,3.427039384841919
1096,2.9759581089019775
1097,5.594944000244141
1098,94.25949096679688
1099,120.81092834472656
1100,5.964487552642822
1101,4.614767551422119
1102,5.840372562408447
1103,266.4751281738281
1104,4.692922115325928
1105,116.39776611328125
1106,4.463289737701416
1107,6.29434061050415
1108,16.517642974853516
1109,112.95613861083984
1110,108.99666595458984
1111,3.4713072776794434
1112,222.44131469726562
1113,2.857252597808838
1114,169.23226928710938
1115,-33.406620025634766
1116,5.629440784454346
1117,288.8228454589844
1118,292.4956359863281
1119,4.657698631286621
1120,35.39752960205078
1121,-19.240070343017578
1122,248.83078002929688
1123,3.4929697513580322
1124,166.9210968017578
1125,2.6575498580932617
1126,84.87088012695312
1127,6.388524055480957
1128,-34.985809326171875
1129,176.9033660888672
1130,6.236963272094727
1131,49.639564514160156
1132,4.833015441894531
1133,-44.70454025268555
1134,181.2441864013672
1135,201.2196044921875
1136,-53.22769546508789
1137,4.078019618988037
1138,63.42767333984375
1139,127.4986343383789
1140,121.19664764404297
1141,189.2905731201172
1142,147.1395263671875
1143,26.163719177246094
1144,-44.089115142822266
1145,119.54407501220703
1146,47.08749771118164
1147,4.317748069763184
1148,112.61719512939453
1149,34.12089157104492
1150,4.1805806159973145
1151,1.4606003761291504
1152,3.693366527557373
1153,4.213174343109131
1154,39.953495025634766
1155,164.6699676513672
1156,6.718879699707031
1157,84.9941177368164
1158,188.78680419921875
1159,109.44278717041016
1160,103.83494567871094
1161,1.66765558719635
1162,5.6334428787231445
1163,5.415963649749756
1164,4.71772575378418
1165,207.1484832763672
1166,57.27016830444336
1167,-19.46376609802246
1168,4.815824508666992
1169,157.3886260986328
1170,4.6813249588012695
1171,4.1996588706970215
1172,-3.312562942504883
1173,4.165428638458252
1174,191.45248413085938
1175,-59.56839370727539
1176,239.82330322265625
1177,2.372488498687744
1178,151.15516662597656
1179,2.5441036224365234
1180,2.370532512664795
1181,2.183504104614258
1182,142.6980743408203
1183,7.371564865112305
1184,3.682669162750244
1185,264.5942077636719
1186,102.86930847167969
1187,4.163763523101807
1188,3.2920889854431152
1189,146.98635864257812
1190,3.532045602798462
1191,3.1605236530303955
1192,5.051257133483887
1193,166.2081756591797
1194,5.474699020385742
1195,1.9884252548217773
1196,256.5826721191406
1197,86.6815185546875
1198,2.8654580116271973
1199,255.95816040039062
1200,73.39192962646484
1201,236.87918090820312
1202,71.8125991821289
1203,3.112130641937256
1204,169.2008056640625
1205,1.8301112651824951
1206,156.20196533203125
1207,124.48839569091797
1208,240.64236450195312
1209,238.1220245361328
1210,201.15225219726562
1211,239.01145935058594
1212,5.973609447479248
1213,3.877556562423706
1214,191.91278076171875
1215,94.77162170410156
1216,241.89385986328125
1217,177.74359130859375
1218,-51.785240173339844
1219,6.15559196472168
1220,5.906215667724609
1221,259.0499267578125
1222,5.946423530578613
1223,2.681659460067749
1224,2.842829704284668
1225,110.18266296386719
1226,1.331346869468689
1227,4.795730113983154
1228,2.335878372192383
1229,36.076961517333984
1230,104.26868438720703
1231,229.82696533203125
1232,1.8472343683242798
1233,-11.52087116241455
1234,2.9398488998413086
1235,17.503570556640625
1236,261.2149658203125
1237,3.695706605911255
1238,2.5222666263580322
1239,1.688195824623108
1240,47.891380310058594
1241,2.0285165309906006
1242,4.523251056671143
1243,5.378353118896484
1244,190.78811645507812
1245,4.155550479888916
1246,262.5119934082031
1247,5.7960100173950195
1248,101.24974060058594
1249,168.1670684814453
1250,7.655426502227783
1251,43.34393310546875
1252,5.976479530334473
1253,4.001703262329102
1254,4.078232288360596
1255,37.31961441040039
1256,79.773681640625
1257,141.5232391357422
1258,263.5121765136719
1259,45.04508972167969
1260,249.82318115234375
1261,5.833879470825195
1262,5.639429092407227
1263,194.10760498046875
1264,2.3513479232788086
1265,21.43263816833496
1266,122.57661437988281
1267,2.778960704803467
1268,6.229398727416992
1269,290.64501953125
1270,-64.76148986816406
1271,258.2521057128906
1272,52.30968475341797
1273,10.690431594848633
1274,216.20458984375
1275,216.30010986328125
1276,45.563331604003906
1277,3.880760908126831
1278,1.4120396375656128
1279,3.9731273651123047
1280,-45.087684631347656
1281,3.053945779800415
1282,98.26598358154297
1283,182.94546508789062
1284,2.663282871246338
1285,-60.367034912109375
1286,2.8502776622772217
1287,43.96349334716797
1288,111.93843078613281
1289,4.131121635437012
1290,203.30258178710938
1291,3.2759244441986084
1292,30.585371017456055
1293,125.535400390625
1294,260.82940673828125
1295,172.33462524414062
1296,5.795935153961182
1297,56.013301849365234
1298,12.28522777557373
1299,5.735650062561035
1300,172.9745635986328
1301,255.04360961914062
1302,218.99932861328125
1303,6.00608491897583
1304,3.833465099334717
1305,5.072016716003418
1306,52.01810073852539
1307,156.56658935546875
1308,1.8599880933761597
1309,4.607762336730957
1310,340.6730041503906
1311,2.724839210510254
1312,6.541373252868652
1313,33.93791198730469
1314,160.53236389160156
1315,209.16513061523438
1316,261.40350341796875
1317,85.43563079833984
1318,2.0065736770629883
1319,227.6300811767578
1320,260.05145263671875
1321,14.707228660583496
1322,54.45404052734375
1323,247.17543029785156
1324,244.49000549316406
1325,40.667762756347656
1326,57.69230651855469
1327,258.6282043457031
1328,2.9414188861846924
1329,5.9550909996032715
1330,129.64047241210938
1331,-4.101955413818359
1332,305.1480407714844
1333,1.823503017425537
1334,346.68060302734375
1335,1.9135870933532715
1336,119.9281005859375
1337,28.699880599975586
1338,242.7662811279297
1339,6.208660125732422
1340,211.32888793945312
1341,234.5482177734375
1342,178.75946044921875
1343,43.17584228515625
1344,130.658447265625
1345,3.031757354736328
1346,58.53751754760742
1347,106.1683349609375
1348,2.8150787353515625
1349,207.00897216796875
1350,50.5608024597168
1351,220.08035278320312
1352,2.4666030406951904
1353,16.57805061340332
1354,4.954791069030762
1355,5.915542125701904
1356,4.219029903411865
1357,7.4521684646606445
1358,6.61510705947876
1359,1.6668514013290405
1360,316.6147155761719
1361,4.301815986633301
1362,6.777587413787842
1363,68.81803131103516
1364,3.458176851272583
1365,5.919801712036133
1366,6.335808277130127
1367,5.9225239753723145
1368,29.202342987060547
1369,190.02685546875
1370,270.8098449707031
1371,214.5791473388672
1372,18.418630599975586
1373,3.7060036659240723
1374,180.98036193847656
1375,179.47959899902344
1376,5.5442938804626465
1377,4.925599575042725
1378,111.17652130126953
1379,90.36579895019531
1380,105.82606506347656
1381,217.09371948242188
1382,79.66981506347656
1383,47.19667434692383
1384,-3.1924819946289062
1385,172.8402099609375
1386,2.1376967430114746
1387,52.404056549072266
1388,1.671576976776123
1389,224.5945587158203
1390,198.3491668701172
1391,76.90276336669922
1392,51.436187744140625
1393,275.7459716796875
1394,-16.29098892211914
1395,40.46936798095703
1396,170.60926818847656
1397,5.489682674407959
1398,200.84133911132812
1399,1.6105248928070068
1400,121.5494613647461
1401,341.05023193359375
1402,53.95032501220703
1403,293.6080017089844
1404,94.55133819580078
1405,123.61288452148438
1406,1.9768433570861816
1407,109.11299133300781
1408,7.879833221435547
1409,3.751713752746582
1410,260.21966552734375
1411,274.5262145996094
1412,-33.72346496582031
1413,117.41207122802734
1414,250.2541961669922
1415,2.3030638694763184
1416,2.4234156608581543
1417,4.220703125
1418,313.7666931152344
1419,167.808837890625
1420,4.6671223640441895
1421,51.71281433105469
1422,6.516220569610596
1423,3.295637369155884
1424,4.816249847412109
1425,2.4002461433410645
1426,-43.5839958190918
1427,3.7767834663391113
1428,4.355367183685303
1429,3.6981990337371826
1430,4.532088279724121
1431,6.4589009284973145
1432,168.4302520751953
1433,2.49143123626709
1434,6.132615566253662
1435,4.000419616699219
1436,-49.94297790527344
1437,166.69351196289062
1438,118.5160140991211
1439,6.393834590911865
1440,2.3361573219299316
1441,143.90933227539062
1442,190.81541442871094
1443,54.72511291503906
1444,5.792361736297607
1445,50.95265197753906
1446,268.0680847167969
1447,229.35520935058594
1448,-28.33342742919922
1449,5.933207988739014
1450,265.6553039550781
1451,129.28109741210938
1452,4.913501262664795
1453,5.922235488891602
1454,175.79318237304688
1455,75.43869018554688
1456,0.29355815052986145
1457,7.5134172439575195
1458,5.015859127044678
1459,291.70147705078125
1460,341.4377746582031
1461,137.7386016845703
1462,-23.338241577148438
1463,74.2903060913086
1464,5.815866470336914
1465,3.077645778656006
1466,245.65830993652344
1467,5.738136291503906
1468,5.537128448486328
1469,43.461761474609375
1470,3.584705114364624
1471,36.74230194091797
1472,6.74864387512207
1473,2.6589505672454834
1474,244.308349609375
1475,107.76943969726562
1476,6.802638530731201
1477,2.6466972827911377
1478,113.97176361083984
1479,4.515023231506348
1480,137.33592224121094
1481,5.926311016082764
1482,175.68673706054688
1483,6.28029203414917
1484,238.7671661376953
1485,188.1338348388672
1486,7.333230018615723
1487,3.548143148422241
1488,94.20612335205078
1489,2.948772668838501
1490,94.5763931274414
1491,3.7357163429260254
1492,2.0105576515197754
1493,7.893060684204102
1494,5.1520771980285645
1495,20.89031410217285
1496,7.037915229797363
1497,63.66914749145508
1498,6.030810832977295
1499,74.47484588623047
1500,6.982753276824951
1501,5.870720863342285
1502,71.09217834472656
1503,5.613471508026123
1504,2.103992223739624
1505,4.830270767211914
1506,214.86386108398438
1507,46.20449447631836
1508,100.92174530029297
1509,68.26107025146484
1510,3.2011208534240723
1511,37.82648849487305
1512,69.43303680419922
1513,5.522177696228027
1514,281.86956787109375
1515,50.94306945800781
1516,2.868680953979492
1517,364.1036071777344
1518,4.498180866241455
1519,274.4334411621094
1520,5.165148735046387
1521,60.734004974365234
1522,4.999042987823486
1523,2.8360655307769775
1524,109.17568969726562
1525,-30.22608184814453
1526,2.5799400806427
1527,5.930870056152344
1528,4.1169114112854
1529,218.99913024902344
1530,268.2991943359375
1531,3.311954975128174
1532,5.775280475616455
1533,3.4365041255950928
1534,-0.7440681457519531
1535,67.0833511352539
1536,5.994845390319824
1537,2.495702028274536
1538,282.555419921875
1539,175.82614135742188
1540,2.17097806930542
1541,151.2082061767578
1542,3.0692501068115234
1543,31.486303329467773
1544,7.337604522705078
1545,3.556366443634033
1546,5.722416877746582
1547,-25.708391189575195
1548,240.363525390625
1549,43.78627014160156
1550,4.43819522857666
1551,2.194533109664917
1552,237.7576904296875
1553,5.07186222076416
1554,291.488525390625
1555,135.28810119628906
1556,4.147150039672852
1557,23.988218307495117
1558,3.630707263946533
1559,232.84776306152344
1560,178.3522186279297
1561,194.86541748046875
1562,239.57618713378906
1563,92.68370056152344
1564,3.4329450130462646
1565,82.30540466308594
1566,3.5269904136657715
1567,1.599467158317566
1568,91.54446411132812
1569,17.573148727416992
1570,314.6337585449219
1571,3.4260430335998535
1572,85.5304183959961
1573,1.973969578742981
1574,4.188053131103516
1575,5.485334396362305
1576,4.303452014923096
1577,5.802921772003174
1578,76.5509262084961
1579,5.338484287261963
1580,199.26524353027344
1581,219.5240936279297
1582,6.730170726776123
1583,297.0884704589844
1584,313.73504638671875
1585,6.18192720413208
1586,5.430507183074951
1587,61.94390869140625
1588,290.24298095703125
1589,7.327910423278809
1590,6.368134498596191
1591,158.90164184570312
1592,6.940629959106445
1593,104.93840789794922
1594,142.93153381347656
1595,116.5570068359375
1596,5.643909931182861
1597,63.51606369018555
1598,6.45069694519043
1599,3.9296629428863525
1600,4.973260879516602
1601,2.963191509246826
1602,5.819811820983887
1603,267.0899353027344
1604,49.25568389892578
1605,104.56932830810547
1606,261.33489990234375
1607,14.439284324645996
1608,3.4933996200561523
1609,6.804652690887451
1610,2.8147950172424316
1611,176.77218627929688
1612,76.37055969238281
1613,2.4838452339172363
1614,282.00634765625
1615,5.8204851150512695
1616,4.166518688201904
1617,183.14588928222656
1618,225.33517456054688
1619,11.933661460876465
1620,52.93798065185547
1621,2.6335718631744385
1622,2.5714175701141357
1623,2.3995819091796875
1624,248.31692504882812
1625,89.48890686035156
1626,1.6510955095291138
1627,29.081459045410156
1628,3.7197861671447754
1629,194.83045959472656
1630,84.1937255859375
1631,3.955226182937622
1632,309.5082702636719
1633,5.047625541687012
1634,5.201028347015381
1635,3.398101568222046
1636,4.44304895401001
1637,6.1495041847229
1638,191.59793090820312
1639,41.085845947265625
1640,4.445683479309082
1641,307.5075988769531
1642,139.3224639892578
1643,196.23443603515625
1644,112.78010559082031
1645,191.2026824951172
1646,5.896146297454834
1647,6.5283098220825195
1648,37.3255615234375
1649,4.37315034866333
1650,99.87144470214844
1651,6.451562404632568
1652,6.63816499710083
1653,222.92355346679688
1654,6.602397918701172
1655,299.241943359375
1656,62.283565521240234
1657,1.0987048149108887
1658,275.3854675292969
1659,2.1573307514190674
1660,2.223221778869629
1661,6.440501689910889
1662,200.75462341308594
1663,5.953515529632568
1664,121.61640930175781
1665,1.270810842514038
1666,54.714385986328125
1667,-61.77302932739258
1668,248.1508331298828
1669,48.525726318359375
1670,2.0369458198547363
1671,2.7108843326568604
1672,5.5102949142456055
1673,4.642813205718994
1674,139.6300506591797
1675,2.1767992973327637
1676,-59.82307434082031
1677,33.101776123046875
1678,22.80427360534668
1679,216.60699462890625
1680,110.069580078125
1681,1.4948636293411255
1682,3.109628915786743
1683,63.974700927734375
1684,29.026897430419922
1685,6.6576714515686035
1686,146.89447021484375
1687,7.193406581878662
1688,153.89254760742188
1689,262.1759033203125
1690,3.007551431655884
1691,4.0369744300842285
1692,3.813897132873535
1693,2.9402143955230713
1694,103.83911895751953
1695,232.09107971191406
1696,133.71142578125
1697,1.993643045425415
1698,221.82708740234375
1699,181.421630859375
1700,110.97338104248047
1701,243.18692016601562
1702,-3.101962089538574
1703,5.915556907653809
1704,5.438794136047363
1705,2.7293734550476074
1706,93.68363189697266
1707,5.098568916320801
1708,58.25474548339844
1709,141.7746124267578
1710,6.203511714935303
1711,71.8729476928711
1712,1.9497168064117432
1713,5.959657192230225
1714,-54.43803405761719
1715,4.624668121337891
1716,2.4959840774536133
1717,15.24488639831543
1718,126.03433990478516
1719,23.34358024597168
1720,6.317984580993652
1721,263.0972595214844
1722,3.698141098022461
1723,158.6656494140625
1724,161.5901336669922
1725,4.152046203613281
1726,4.337497711181641
1727,243.83132934570312
1728,4.152552604675293
1729,3.4533848762512207
1730,68.61074829101562
1731,213.20285034179688
1732,4.875810146331787
1733,362.89691162109375
1734,273.864501953125
1735,205.51641845703125
1736,3.6147642135620117
1737,287.8203125
1738,291.9568786621094
1739,187.87472534179688
1740,82.14409637451172
1741,133.75082397460938
1742,253.8326416015625
1743,5.1705002784729
1744,115.97815704345703
1745,45.26549530029297
1746,3.6359620094299316
1747,6.876890659332275
1748,169.50697326660156
1749,3.5216217041015625
1750,74.33062744140625
1751,25.103193283081055
1752,7.256977558135986
1753,6.072587490081787
1754,267.0179443359375
1755,207.0106658935547
1756,1.9730429649353027
1757,231.60633850097656
1758,329.5244140625
1759,4.471660614013672
1760,288.0857238769531
1761,254.4680633544922
1762,23.283205032348633
1763,39.28314971923828
1764,20.09903907775879
1765,5.140657424926758
1766,234.63722229003906
1767,201.4404296875
1768,5.512627601623535
1769,110.44355773925781
1770,58.47323989868164
1771,2.834620237350464
1772,203.3849639892578
1773,270.2374267578125
1774,6.339481353759766
1775,286.1942443847656
1776,2.7742464542388916
1777,14.242332458496094
1778,31.107742309570312
1779,20.693836212158203
1780,110.66023254394531
1781,5.6755547523498535
1782,197.54006958007812
1783,216.1199188232422
1784,4.414210319519043
1785,58.23716354370117
1786,2.8337745666503906
1787,64.24266815185547
1788,4.715892314910889
1789,2.4967079162597656
1790,53.53691482543945
1791,4.0698370933532715
1792,2.552290201187134
1793,2.2122864723205566
1794,171.3544921875
1795,194.54664611816406
1796,290.5849304199219
1797,131.87574768066406
1798,6.262759685516357
1799,205.9773712158203
1800,151.8681182861328
1801,4.972208499908447
1802,1.9749202728271484
1803,136.68960571289062
1804,4.020468711853027
1805,169.5780029296875
1806,5.688019752502441
1807,282.13848876953125
1808,143.07797241210938
1809,59.808197021484375
1810,4.011130332946777
1811,2.5824015140533447
1812,23.84263038635254
1813,3.334648609161377
1814,157.12562561035156
1815,263.3050231933594
1816,5.163299560546875
1817,106.84010314941406
1818,60.72840118408203
1819,220.66822814941406
1820,7.73338508605957
1821,3.2772862911224365
1822,260.2995300292969
1823,-4.025249481201172
1824,64.52613067626953
1825,2.1712749004364014
1826,6.211498260498047
1827,4.424182415008545
1828,2.1187336444854736
1829,238.7102813720703
1830,230.2066192626953
1831,6.727336883544922
1832,33.288448333740234
1833,3.628499746322632
1834,4.36966609954834
1835,86.4732894897461
1836,6.454082012176514
1837,5.923778533935547
1838,5.9391303062438965
1839,90.92676544189453
1840,-25.73756980895996
1841,-84.83699798583984
1842,236.37203979492188
1843,178.63014221191406
1844,253.66261291503906
1845,166.40481567382812
1846,33.228782653808594
1847,264.5491638183594
1848,123.51148223876953
1849,3.7399637699127197
1850,5.544937610626221
1851,-74.859375
1852,6.611912250518799
1853,61.54936218261719
1854,106.69588470458984
1855,5.760343074798584
1856,184.91554260253906
1857,2.6375985145568848
1858,5.1141180992126465
1859,6.3734636306762695
1860,5.8315749168396
1861,150.88038635253906
1862,6.300271034240723
1863,81.56694793701172
1864,73.5190200805664
1865,210.42657470703125
1866,130.0737762451172
1867,79.0908203125
1868,269.1152038574219
1869,157.6547088623047
1870,3.506641387939453
1871,189.560546875
1872,45.941043853759766
1873,2.76493763923645
1874,22.550477981567383
1875,124.3160629272461
1876,2.8936994075775146
1877,2.6106350421905518
1878,63.506370544433594
1879,47.54315948486328
1880,273.5424499511719
1881,6.177621364593506
1882,98.65733337402344
1883,5.730811595916748
1884,90.20759582519531
1885,291.4504699707031
1886,268.35113525390625
1887,3.2765629291534424
1888,213.8553009033203
1889,235.05445861816406
1890,2.3913073539733887
1891,243.42724609375
1892,234.38438415527344
1893,4.51505184173584
1894,2.069711446762085
1895,6.242092132568359
1896,5.819182872772217
1897,64.6963882446289
1898,-62.721466064453125
1899,3.0342886447906494
1900,5.987691402435303
1901,268.48211669921875
1902,239.2560577392578
1903,-63.31961441040039
1904,58.73551940917969
1905,42.73367691040039
1906,177.74989318847656
1907,6.706562042236328
1908,6.339851379394531
1909,114.07662963867188
1910,5.694269180297852
1911,4.67433500289917
1912,3.7016141414642334
1913,76.1614761352539
1914,-18.321918487548828
1915,7.27686071395874
1916,1.3508460521697998
1917,2.4893736839294434
1918,157.24232482910156
1919,4.8367486000061035
1920,4.361669540405273
1921,64.68840789794922
1922,3.3164970874786377
1923,6.362980365753174
1924,2.7662413120269775
1925,4.385336875915527
1926,101.57682800292969
1927,166.69691467285156
1928,3.5900917053222656
1929,53.952491760253906
1930,2.7904434204101562
1931,6.144639492034912
1932,4.434564590454102
1933,2.8200526237487793
1934,244.72113037109375
1935,6.341089248657227
1936,4.813210964202881
1937,-7.39232873916626
1938,-38.02876663208008
1939,2.602888345718384
1940,266.95611572265625
1941,3.5945050716400146
1942,219.34759521484375
1943,3.8828530311584473
1944,221.6570281982422
1945,288.9460754394531
1946,6.009587287902832
1947,94.8062744140625
1948,5.815265655517578
1949,-8.841012001037598
1950,27.4082088470459
1951,2.583570718765259
1952,36.25209045410156
1953,315.5909729003906
1954,2.607247829437256
1955,90.61332702636719
1956,2.0982108116149902
1957,124.50151824951172
1958,3.7691540718078613
1959,177.31971740722656
1960,54.12718200683594
1961,0.7984928488731384
1962,4.764505863189697
1963,3.074664354324341
1964,5.035551071166992
1965,85.06364440917969
1966,3.4738245010375977
1967,4.526649475097656
1968,297.1077880859375
1969,41.951663970947266
1970,5.807600498199463
1971,2.261698007583618
1972,119.12435913085938
1973,-45.468727111816406
1974,2.5762791633605957
1975,2.4482691287994385
1976,330.422607421875
1977,1.6552274227142334
1978,206.90869140625
1979,112.47724914550781
1980,270.6310729980469
1981,156.47337341308594
1982,110.54570770263672
1983,92.17337036132812
1984,8.413293838500977
1985,4.696037292480469
1986,3.678736686706543
1987,6.132028102874756
1988,1.185071349143982
1989,5.503427505493164
1990,4.391639232635498
1991,-1.4003145694732666
1992,4.363272190093994
1993,15.77795696258545
1994,1.7663166522979736
1995,102.39800262451172
1996,4.162883758544922
1997,2.537721872329712
1998,5.665915012359619
1999,311.8253173828125
2000,5.939382076263428
2001,282.55767822265625
2002,-51.731910705566406
2003,6.733314037322998
2004,327.4825134277344
2005,58.06763458251953
2006,4.515068531036377
2007,51.09126663208008
2008,233.85923767089844
2009,130.63589477539062
2010,281.7137145996094
2011,5.767632961273193
2012,169.49476623535156
2013,-45.04854965209961
2014,282.0432434082031
2015,176.47068786621094
2016,45.08587646484375
2017,3.068814992904663
2018,37.08161926269531
2019,74.7049789428711
2020,6.736201286315918
2021,4.532238960266113
2022,190.93057250976562
2023,72.21397399902344
2024,2.944493293762207
2025,4.3924174308776855
2026,84.6639404296875
2027,5.908148765563965
2028,6.249532222747803
2029,45.893348693847656
2030,295.288818359375
2031,70.17829895019531
2032,294.2292785644531
2033,233.83456420898438
2034,2.596034526824951
2035,53.58543014526367
2036,200.90399169921875
2037,5.075170993804932
2038,3.0812973976135254
2039,2.9794445037841797
2040,108.55992889404297
2041,264.7371826171875
2042,4.1689252853393555
2043,162.81399536132812
2044,2.436500310897827
2045,92.49055480957031
2046,286.8464660644531
2047,5.550902366638184
2048,-39.754268646240234
2049,1.4574165344238281
2050,363.17535400390625
2051,3.6812033653259277
2052,2.7514238357543945
2053,246.28326416015625
2054,4.701969623565674
2055,3.9275715351104736
2056,-40.60676193237305
2057,202.15310668945312
2058,-20.830772399902344
2059,5.314030647277832
2060,26.69593048095703
2061,2.1963682174682617
2062,160.169677734375
2063,3.43148136138916
2064,4.049705505371094
2065,3.483464241027832
2066,2.04677152633667
2067,6.080832004547119
2068,3.5158677101135254
2069,1.750288963317871
2070,258.98681640625
2071,284.46466064453125
2072,4.5781989097595215
2073,193.7920379638672
2074,381.8276672363281
2075,255.58984375
2076,3.678401470184326
2077,2.999268054962158
2078,3.965217351913452
2079,3.9998984336853027
2080,2.7721869945526123
2081,3.215118408203125
2082,5.904335975646973
2083,28.87494468688965
2084,2.3480732440948486
2085,4.871472358703613
2086,144.38436889648438
2087,76.80803680419922
2088,46.95226287841797
2089,60.058170318603516
2090,243.37310791015625
2091,187.73460388183594
2092,-88.43647003173828
2093,5.20267915725708
2094,3.8607981204986572
2095,91.5817642211914
2096,18.52183723449707
2097,108.75186920166016
2098,5.693484306335449
2099,-34.810760498046875
2100,18.90921974182129
2101,5.621649742126465
2102,6.8780598640441895
2103,57.89258575439453
2104,70.98528289794922
2105,60.305084228515625
2106,313.2273254394531
2107,7.1251606941223145
2108,7.45041561126709
2109,5.929635047912598
2110,252.55877685546875
2111,3.595818519592285
2112,42.02845764160156
2113,83.7372055053711
2114,2.3256850242614746
2115,26.653709411621094
2116,3.7598438262939453
2117,3.6531271934509277
2118,3.571733236312866
2119,127.66114044189453
2120,4.145509243011475
2121,187.3051300048828
2122,227.28518676757812
2123,2.846214532852173
2124,1.6797219514846802
2125,4.318869590759277
2126,6.09325647354126
2127,68.30075073242188
2128,208.35888671875
2129,1.8705809116363525
2130,2.5953850746154785
2131,5.5023345947265625
2132,5.941308975219727
2133,231.9166259765625
2134,45.291473388671875
2135,210.94432067871094
2136,43.92417526245117
2137,224.9618682861328
2138,3.1147193908691406
2139,72.6558837890625
2140,61.133216857910156
2141,57.50169372558594
2142,5.73550271987915
2143,-13.835124015808105
2144,168.2644805908203
2145,39.24824523925781
2146,3.7089381217956543
2147,4.458038330078125
2148,55.565032958984375
2149,-54.190834045410156
2150,17.928234100341797
2151,61.11320877075195
2152,5.019586563110352
2153,3.494985580444336
2154,2.402249336242676
2155,2.2334060668945312
2156,5.945766925811768
2157,148.3140411376953
2158,3.7983527183532715
2159,351.4132080078125
2160,219.71774291992188
2161,302.9925231933594
2162,1.869572401046753
2163,289.1628112792969
2164,6.412454128265381
2165,3.1556193828582764
2166,2.6555895805358887
2167,41.901554107666016
2168,298.0732116699219
2169,2.5867538452148438
2170,2.3305797576904297
2171,144.4379425048828
2172,5.418055057525635
2173,262.0956726074219
2174,264.42633056640625
2175,1.2788779735565186
2176,4.696215629577637
2177,-34.43391799926758
2178,4.666819095611572
2179,53.27398681640625
2180,278.4402770996094
2181,2.4619364738464355
2182,170.9352569580078
2183,190.17828369140625
2184,5.9204277992248535
2185,2.6994235515594482
2186,3.0171725749969482
2187,4.474100112915039
2188,256.18951416015625
2189,235.56007385253906
2190,73.48243713378906
2191,2.6732029914855957
2192,2.874904155731201
2193,133.3507537841797
2194,2.9137587547302246
2195,4.996284484863281
2196,6.5421061515808105
2197,1.9632031917572021
2198,4.597738265991211
2199,3.1423354148864746
2200,1.7754818201065063
2201,3.941621780395508
2202,81.54618835449219
2203,2.3318164348602295
2204,1.918032169342041
2205,128.51907348632812
2206,5.282343864440918
2207,162.72561645507812
2208,5.417076110839844
2209,18.49005889892578
2210,264.50201416015625
2211,1.7498798370361328
2212,4.592380523681641
2213,6.480300426483154
2214,97.81149291992188
2215,34.034481048583984
2216,75.0487289428711
2217,4.619617938995361
2218,59.66940689086914
2219,2.5139172077178955
2220,5.470527648925781
2221,3.300323486328125
2222,-47.15956115722656
2223,200.6760711669922
2224,-40.569923400878906
2225,165.2470703125
2226,10.867749214172363
2227,59.7328987121582
2228,144.94488525390625
2229,107.1587905883789
2230,3.3890879154205322
2231,5.31863260269165
2232,4.435995101928711
2233,253.39988708496094
2234,229.62533569335938
2235,231.7152557373047
2236,3.4511184692382812
2237,3.465601921081543
2238,242.031005859375
2239,99.70944213867188
2240,245.60421752929688
2241,2.8573901653289795
2242,229.3688201904297
2243,6.084980487823486
2244,100.54133605957031
2245,234.3776092529297
2246,111.52394104003906
2247,233.5804443359375
2248,6.138850688934326
2249,289.33819580078125
2250,144.3242645263672
2251,4.811527729034424
2252,251.61630249023438
2253,6.1418304443359375
2254,160.5727996826172
2255,-79.78050231933594
2256,42.73811340332031
2257,1.5879426002502441
2258,2.8246302604675293
2259,77.25701904296875
2260,6.381302356719971
2261,99.87432861328125
2262,2.3605034351348877
2263,77.90093231201172
2264,-6.258141040802002
2265,45.377506256103516
2266,2.2121965885162354
2267,3.0008580684661865
2268,5.396831512451172
2269,3.9704551696777344
2270,8.404810905456543
2271,167.98513793945312
2272,49.02683639526367
2273,3.5191760063171387
2274,6.180257797241211
2275,6.39952278137207
2276,4.5615763664245605
2277,2.909991502761841
2278,1.510111689567566
2279,6.3087639808654785
2280,2.6643636226654053
2281,218.77230834960938
2282,2.6588449478149414
2283,3.901387929916382
2284,229.78782653808594
2285,3.0198848247528076
2286,-16.4967041015625
2287,5.7718329429626465
2288,2.509591817855835
2289,5.098065376281738
2290,-30.862306594848633
2291,46.371620178222656
2292,4.61623477935791
2293,2.052098035812378
2294,7.009664058685303
2295,2.807311534881592
2296,5.7007036209106445
2297,122.17866516113281
2298,-54.6407470703125
2299,70.07604217529297
2300,3.694397211074829
2301,5.296148777008057
2302,-74.33333587646484
2303,145.0668182373047
2304,5.725987434387207
2305,37.645668029785156
2306,275.7651672363281
2307,22.118854522705078
2308,47.51142120361328
2309,6.320145130157471
2310,178.032958984375
2311,-49.702510833740234
2312,88.18745422363281
2313,4.121967792510986
2314,5.042966842651367
2315,258.7474365234375
2316,7.667384624481201
2317,4.094779014587402
2318,246.97659301757812
2319,6.585575103759766
2320,85.9981918334961
2321,3.588606834411621
2322,213.25892639160156
2323,169.25062561035156
2324,1.9945991039276123
2325,31.395841598510742
2326,3.197744846343994
2327,100.41334533691406
2328,3.9397103786468506
2329,344.3436279296875
2330,177.91961669921875
2331,1.7747336626052856
2332,274.7393798828125
2333,2.2286508083343506
2334,15.518589973449707
2335,5.571346282958984
2336,44.84959030151367
2337,129.65875244140625
2338,166.4328155517578
2339,30.872093200683594
2340,49.33326721191406
2341,129.3131103515625
2342,2.1292245388031006
2343,6.304257869720459
2344,264.97454833984375
2345,6.011657238006592
2346,128.92718505859375
2347,105.74689483642578
2348,1.9454832077026367
2349,262.01434326171875
2350,28.869565963745117
2351,4.556313991546631
2352,4.847902774810791
2353,1.6576308012008667
2354,-26.30738067626953
2355,139.9807586669922
2356,3.8682711124420166
2357,109.09862518310547
2358,6.297105312347412
2359,6.752898216247559
2360,5.181026458740234
2361,5.377388000488281
2362,268.7200622558594
2363,4.398813724517822
2364,241.49444580078125
2365,79.8728256225586
2366,58.440399169921875
2367,43.53580093383789
2368,-73.94441986083984
2369,4.230853080749512
2370,227.67091369628906
2371,50.923892974853516
2372,84.11852264404297
2373,1.9956603050231934
2374,-67.89916229248047
2375,1.8792724609375
2376,106.94881439208984
2377,105.84883880615234
2378,5.203788757324219
2379,6.4175496101379395
2380,39.23114013671875
2381,150.96371459960938
2382,189.57814025878906
2383,46.7090950012207
2384,3.4050869941711426
2385,260.9347839355469
2386,5.7843852043151855
2387,62.058292388916016
2388,252.7309112548828
2389,82.74819946289062
2390,1.9811429977416992
2391,100.05646514892578
2392,26.987516403198242
2393,110.17808532714844
2394,133.21090698242188
2395,5.9001545906066895
2396,2.486485481262207
2397,279.151611328125
2398,278.2148742675781
2399,3.9917259216308594
2400,208.80482482910156
2401,63.03267288208008
2402,247.7894744873047
2403,6.4148030281066895
2404,1.937168836593628
2405,5.509792327880859
2406,2.899221658706665
2407,76.9036865234375
2408,266.9164733886719
2409,197.50730895996094
2410,4.104186534881592
2411,6.42167854309082
2412,292.5322570800781
2413,-5.571410655975342
2414,4.829758167266846
2415,73.25358581542969
2416,263.58807373046875
2417,26.39613914489746
2418,3.3620779514312744
2419,3.771254062652588
2420,1.9109935760498047
2421,29.492565155029297
2422,233.55560302734375
2423,2.5028069019317627
2424,176.56265258789062
2425,5.844180107116699
2426,-29.84653091430664
2427,164.53558349609375
2428,29.399385452270508
2429,4.341162204742432
2430,6.234169006347656
2431,3.5609097480773926
2432,326.1365966796875
2433,247.43997192382812
2434,4.060240745544434
2435,55.29948806762695
2436,240.9973907470703
2437,-78.363037109375
2438,6.026736736297607
2439,6.742001056671143
2440,194.00100708007812
2441,6.42993688583374
2442,5.96568489074707
2443,4.929958820343018
2444,-42.168243408203125
2445,6.380715847015381
2446,5.4866204261779785
2447,239.9252471923828
2448,6.480973720550537
2449,6.422938346862793
2450,29.840164184570312
2451,3.059476613998413
2452,3.985334634780884
2453,34.58510971069336
2454,305.03765869140625
2455,143.7431640625
2456,3.416898488998413
2457,262.3146057128906
2458,6.209290504455566
2459,2.100447177886963
2460,5.779079437255859
2461,52.544952392578125
2462,67.71160888671875
2463,6.203718185424805
2464,-76.62511444091797
2465,24.51019287109375
2466,206.53262329101562
2467,158.17015075683594
2468,257.3691101074219
2469,248.2984161376953
2470,5.789629936218262
2471,144.57305908203125
2472,3.0123074054718018
2473,43.84806442260742
2474,176.859375
2475,6.0113444328308105
2476,80.73784637451172
2477,147.26657104492188
2478,151.5303497314453
2479,5.360008716583252
2480,42.082374572753906
2481,64.2598876953125
2482,2.1352922916412354
2483,5.062378406524658
2484,117.23648834228516
2485,124.60899353027344
2486,6.7520318031311035
2487,5.310102939605713
2488,-31.035202026367188
2489,187.7126922607422
2490,5.6206254959106445
2491,141.67306518554688
2492,49.423484802246094
2493,50.700897216796875
2494,5.808001518249512
2495,5.79356575012207
2496,134.4839630126953
2497,79.6094741821289
2498,1.615511417388916
2499,6.7515716552734375
2500,1.9130473136901855
2501,102.97879028320312
2502,269.8396911621094
2503,74.11526489257812
2504,346.6063537597656
2505,3.169513702392578
2506,4.337268829345703
2507,249.92030334472656
2508,189.1543731689453
2509,95.25473022460938
2510,6.701114654541016
2511,215.74459838867188
2512,79.99773406982422
2513,169.61341857910156
2514,225.06002807617188
2515,305.0519104003906
2516,1.9511224031448364
2517,2.2592599391937256
2518,297.9119873046875
2519,4.171558856964111
2520,87.30524444580078
2521,143.6865997314453
2522,2.055147647857666
2523,6.500346660614014
2524,4.5327630043029785
2525,285.28704833984375
2526,4.04398250579834
2527,3.8637280464172363
2528,247.54052734375
2529,138.67385864257812
2530,232.48731994628906
2531,256.90472412109375
2532,36.6804084777832
2533,1.6446685791015625
2534,5.848832607269287
2535,5.941624164581299
2536,3.565929889678955
2537,6.566341400146484
2538,6.0156049728393555
2539,163.3328094482422
2540,3.18121075630188
2541,8.286646842956543
2542,-7.562216758728027
2543,5.095956325531006
2544,165.3350372314453
2545,2.2716457843780518
2546,281.3244323730469
2547,19.259193420410156
2548,30.5191593170166
2549,159.14166259765625
2550,129.9529266357422
2551,-29.595287322998047
2552,2.5236594676971436
2553,277.3765563964844
2554,2.25695538520813
2555,54.99287033081055
2556,128.56204223632812
2557,3.903172016143799
2558,-26.919052124023438
2559,6.418845176696777
2560,194.9287872314453
2561,2.134343385696411
2562,218.2927703857422
2563,232.59300231933594
2564,284.00408935546875
2565,4.722732067108154
2566,4.7910966873168945
2567,249.46914672851562
2568,61.042503356933594
2569,66.77670288085938
2570,3.6400115489959717
2571,97.5352783203125
2572,-35.72159957885742
2573,190.27772521972656
2574,3.1447877883911133
2575,4.4999542236328125
2576,3.329859733581543
2577,5.541309833526611
2578,50.084049224853516
2579,6.138989448547363
2580,5.434769153594971
2581,3.1461455821990967
2582,-43.44075393676758
2583,1.8012406826019287
2584,6.730277061462402
2585,46.78466796875
2586,4.851003170013428
2587,228.57994079589844
2588,181.19029235839844
2589,5.214012622833252
2590,39.859352111816406
2591,1.509087085723877
2592,133.00592041015625
2593,56.83437728881836
2594,80.13939666748047
2595,58.96468734741211
2596,51.03785705566406
2597,5.623620986938477
2598,6.3413920402526855
2599,25.99933624267578
2600,3.1420178413391113
2601,202.71116638183594
2602,6.213057994842529
2603,373.0359191894531
2604,180.2923126220703
2605,95.9039077758789
2606,4.387003421783447
2607,44.99379348754883
2608,198.38836669921875
2609,32.33094024658203
2610,2.437840700149536
2611,17.03221321105957
2612,2.892911195755005
2613,4.488208293914795
2614,3.0558435916900635
2615,114.03588104248047
2616,183.08981323242188
2617,256.6532287597656
2618,192.4803924560547
2619,4.909571170806885
2620,2.1398041248321533
2621,3.864408493041992
2622,2.764664888381958
2623,0.9944196939468384
2624,6.890486240386963
2625,123.83293914794922
2626,282.6069030761719
2627,38.899681091308594
2628,133.44326782226562
2629,54.90228271484375
2630,126.19111633300781
2631,31.841814041137695
2632,6.28777551651001
2633,279.197509765625
2634,60.865047454833984
2635,161.80853271484375
2636,-49.64220428466797
2637,3.086521863937378
2638,-58.99059295654297
2639,-48.04707336425781
2640,201.83755493164062
2641,2.6671717166900635
2642,5.645033359527588
2643,168.93936157226562
2644,142.22117614746094
2645,240.7813262939453
2646,2.4467971324920654
2647,3.204402446746826
2648,5.006969928741455
2649,6.361974239349365
2650,271.6616516113281
2651,206.21495056152344
2652,78.7002182006836
2653,3.6323108673095703
2654,27.10085678100586
2655,224.72341918945312
2656,256.4121398925781
2657,2.901155948638916
2658,17.668933868408203
2659,278.8101501464844
2660,1.861820936203003
2661,276.13958740234375
2662,80.03238677978516
2663,10.66387939453125
2664,63.29063415527344
2665,272.05780029296875
2666,208.68310546875
2667,-36.133426666259766
2668,34.03878402709961
2669,6.766210079193115
2670,114.57809448242188
2671,201.90664672851562
2672,107.55852508544922
2673,223.48013305664062
2674,232.7455596923828
2675,1.6398682594299316
2676,-48.38295364379883
2677,357.2606506347656
2678,6.335793972015381
2679,5.641668319702148
2680,57.802127838134766
2681,5.5619401931762695
2682,3.1691319942474365
2683,2.2704572677612305
2684,2.8016276359558105
2685,6.460653781890869
2686,-8.162508964538574
2687,53.36970138549805
2688,61.744384765625
2689,29.463340759277344
2690,150.11293029785156
2691,73.6634521484375
2692,52.89049530029297
2693,146.7506103515625
2694,108.94778442382812
2695,6.188695907592773
2696,168.90362548828125
2697,3.406336784362793
2698,2.511660575866699
2699,4.465527534484863
2700,202.19659423828125
2701,63.724609375
2702,48.32371139526367
2703,3.9941420555114746
2704,170.9424285888672
2705,3.335629463195801
2706,5.655706405639648
2707,210.06558227539062
2708,3.3662216663360596
2709,41.60029983520508
2710,5.615918159484863
2711,171.79141235351562
2712,1.8908166885375977
2713,152.2399139404297
2714,-45.651309967041016
2715,4.517225742340088
2716,2.8785817623138428
2717,261.04833984375
2718,4.246246337890625
2719,2.8743293285369873
2720,6.5685224533081055
2721,6.410531520843506
2722,4.32899808883667
2723,239.29315185546875
2724,6.140205383300781
2725,29.968467712402344
2726,6.919946193695068
2727,321.9640808105469
2728,58.35127258300781
2729,168.4278106689453
2730,186.8231201171875
2731,160.9934844970703
2732,6.664164066314697
2733,191.94798278808594
2734,123.53724670410156
2735,93.25434112548828
2736,55.238182067871094
2737,199.4632110595703
2738,130.04396057128906
2739,93.58128356933594
2740,6.16655969619751
2741,42.4335823059082
2742,1.5488791465759277
2743,52.12657165527344
2744,-8.192482948303223
2745,4.473204612731934
2746,204.03700256347656
2747,174.52078247070312
2748,2.71832537651062
2749,5.4330153465271
2750,206.2755584716797
2751,268.5759582519531
2752,2.483144998550415
2753,123.76216125488281
2754,0.44863903522491455
2755,35.18729019165039
2756,273.5908203125
2757,5.964712142944336
2758,274.7377624511719
2759,92.64095306396484
2760,140.934326171875
2761,6.504064083099365
2762,3.807312250137329
2763,114.69436645507812
2764,4.437603950500488
2765,126.77362060546875
2766,2.08310604095459
2767,260.5021667480469
2768,4.067837715148926
2769,3.5091750621795654
2770,224.2647247314453
2771,132.8811492919922
2772,7.139625549316406
2773,3.1684134006500244
2774,5.029610633850098
2775,6.223679542541504
2776,3.7528324127197266
2777,267.421142578125
2778,29.787506103515625
2779,2.0895941257476807
2780,2.729726552963257
2781,242.13804626464844
2782,213.0279998779297
2783,5.641565799713135
2784,11.892504692077637
2785,6.126610279083252
2786,3.6233625411987305
2787,79.11601257324219
2788,11.52394962310791
2789,151.31869506835938
2790,213.4724884033203
2791,70.71708679199219
2792,151.44227600097656
2793,177.33567810058594
2794,189.12413024902344
2795,52.58343505859375
2796,255.94265747070312
2797,101.08079528808594
2798,41.14811706542969
2799,14.166172981262207
2800,5.5262837409973145
2801,4.0728840827941895
2802,3.332726240158081
2803,80.06159973144531
2804,3.856816291809082
2805,50.97981643676758
2806,6.775739669799805
2807,32.618465423583984
2808,80.17790222167969
2809,6.116246700286865
2810,5.665042877197266
2811,202.3494110107422
2812,5.740633010864258
2813,-6.299247741699219
2814,5.956930160522461
2815,264.5131530761719
2816,67.59992980957031
2817,255.35641479492188
2818,111.55464172363281
2819,52.45010757446289
2820,161.78878784179688
2821,36.220787048339844
2822,6.461781978607178
2823,58.8972282409668
2824,271.9555969238281
2825,146.13552856445312
2826,-53.39533233642578
2827,6.435060024261475
2828,5.490614414215088
2829,4.694705009460449
2830,5.522197723388672
2831,5.960214614868164
2832,6.3128180503845215
2833,132.96542358398438
2834,3.8035061359405518
2835,3.136624574661255
2836,3.277505874633789
2837,3.3568999767303467
2838,5.845063209533691
2839,2.038947105407715
2840,52.722110748291016
2841,56.046791076660156
2842,286.3843078613281
2843,6.047904968261719
2844,183.83132934570312
2845,290.0351867675781
2846,3.4478096961975098
2847,105.62644958496094
2848,4.964060306549072
2849,-54.46993637084961
2850,6.626193523406982
2851,6.666974067687988
2852,-25.62031364440918
2853,87.53937530517578
2854,2.4108452796936035
2855,44.75559997558594
2856,5.947351455688477
2857,39.41500473022461
2858,211.4387969970703
2859,1.5448347330093384
2860,139.75038146972656
2861,286.31341552734375
2862,274.43829345703125
2863,2.8011293411254883
2864,264.0798034667969
2865,237.4890899658203
2866,1.8034359216690063
2867,2.264585018157959
2868,98.07728576660156
2869,46.869747161865234
2870,179.41859436035156
2871,5.883744716644287
2872,286.59136962890625
2873,5.07952356338501
2874,62.57106018066406
2875,4.019505023956299
2876,-45.84321594238281
2877,284.8402404785156
2878,-75.74960327148438
2879,4.601951599121094
2880,243.6426544189453
2881,6.008594989776611
2882,6.205976486206055
2883,4.29202938079834
2884,6.566086769104004
2885,192.78660583496094
2886,220.5590057373047
2887,5.963456630706787
2888,2.0686752796173096
2889,6.476109027862549
2890,2.3057234287261963
2891,-54.00726318359375
2892,161.90538024902344
2893,82.86052703857422
2894,48.11433029174805
2895,4.957754611968994
2896,2.5571916103363037
2897,5.5049285888671875
2898,97.57958984375
2899,37.59813690185547
2900,2.9348092079162598
2901,37.30568313598633
2902,235.34144592285156
2903,271.3277587890625
2904,4.218096733093262
2905,3.750124454498291
2906,28.888986587524414
2907,3.7451915740966797
2908,49.239986419677734
2909,2.0912363529205322
2910,108.6589584350586
2911,3.6683530807495117
2912,2.2953696250915527
2913,6.362583637237549
2914,-14.677694320678711
2915,8.119916915893555
2916,202.09046936035156
2917,170.28114318847656
2918,3.8984546661376953
2919,358.0581970214844
2920,200.06222534179688
2921,5.727997779846191
2922,3.8722195625305176
2923,209.6832275390625
2924,5.543809413909912
2925,4.469094276428223
2926,6.081777095794678
2927,34.38653564453125
2928,6.683991432189941
2929,174.5421142578125
2930,250.4958038330078
2931,2.1912872791290283
2932,5.631966590881348
2933,-27.240501403808594
2934,117.5633773803711
2935,-17.17635726928711
2936,-59.12700653076172
2937,6.127558708190918
2938,-4.577121257781982
2939,3.1061856746673584
2940,156.0944366455078
2941,86.3975601196289
2942,39.24873352050781
2943,6.289005756378174
2944,6.482980728149414
2945,5.840272903442383
2946,6.4916911125183105
2947,-48.7188606262207
2948,2.5176703929901123
2949,6.631424903869629
2950,2.708235502243042
2951,156.60032653808594
2952,137.53512573242188
2953,6.792449951171875
2954,1.7320448160171509
2955,56.40812683105469
2956,6.588433265686035
2957,109.69849395751953
2958,5.516229152679443
2959,205.60528564453125
2960,6.384031295776367
2961,199.6641082763672
2962,3.7450952529907227
2963,3.801633834838867
2964,260.8373718261719
2965,184.00079345703125
2966,4.672434329986572
2967,3.430901288986206
2968,169.51815795898438
2969,-79.3680419921875
2970,1.927037239074707
2971,220.85528564453125
2972,7.070383071899414
2973,192.23214721679688
2974,251.8706512451172
2975,4.594020366668701
2976,55.044918060302734
2977,37.320945739746094
2978,4.55880880355835
2979,4.5640668869018555
2980,302.661376953125
2981,316.30157470703125
2982,134.5675048828125
2983,139.22286987304688
2984,277.9110107421875
2985,129.90357971191406
2986,298.7410583496094
2987,216.0159912109375
2988,120.21802520751953
2989,106.37242889404297
2990,36.94783401489258
2991,6.8625922203063965
2992,2.9381542205810547
2993,5.705068588256836
2994,6.736812591552734
2995,5.145347595214844
2996,4.359890937805176
2997,3.0952308177948
2998,89.36973571777344
2999,172.1874237060547
3000,63.02832794189453
3001,3.2028160095214844
3002,297.3547668457031
3003,4.329800128936768
3004,276.54144287109375
3005,82.81826782226562
3006,79.81881713867188
3007,6.447368621826172
3008,2.793612003326416
3009,22.946775436401367
3010,4.145118236541748
3011,62.387672424316406
3012,5.335091590881348
3013,182.84942626953125
3014,6.661300182342529
3015,3.6883926391601562
3016,5.920375823974609
3017,6.299217700958252
3018,4.76852560043335
3019,223.15296936035156
3020,2.909109115600586
3021,241.16893005371094
3022,265.5284423828125
3023,2.968251943588257
3024,98.01905822753906
3025,238.41957092285156
3026,167.2955780029297
3027,6.5870466232299805
3028,5.36118745803833
3029,-18.0305118560791
3030,-38.96587371826172
3031,5.9626030921936035
3032,6.848376750946045
3033,5.047491550445557
3034,135.88653564453125
3035,153.62026977539062
3036,199.80917358398438
3037,6.145889759063721
3038,2.109940767288208
3039,-30.740266799926758
3040,146.73391723632812
3041,4.8410186767578125
3042,11.132283210754395
3043,5.87898063659668
3044,239.7516326904297
3045,172.04478454589844
3046,4.4421515464782715
3047,4.172051906585693
3048,53.96989059448242
3049,5.835377216339111
3050,231.0133819580078
3051,79.65939331054688
3052,6.660484790802002
3053,4.391416072845459
3054,126.63815307617188
3055,187.15426635742188
3056,42.19057083129883
3057,3.116112232208252
3058,104.94322967529297
3059,1.856918215751648
3060,257.09783935546875
3061,5.421320915222168
3062,237.9943389892578
3063,152.06414794921875
3064,233.58990478515625
3065,255.42556762695312
3066,124.48694610595703
3067,38.21441650390625
3068,6.136462211608887
3069,6.0759735107421875
3070,3.7210750579833984
3071,6.212358474731445
3072,202.58609008789062
3073,130.2850799560547
3074,6.286798477172852
3075,5.959844589233398
3076,171.19302368164062
3077,14.398482322692871
3078,91.5753402709961
3079,5.977112293243408
3080,3.3784334659576416
3081,-16.09960174560547
3082,101.669677734375
3083,138.6448516845703
3084,1.1209996938705444
3085,5.598104476928711
3086,201.64312744140625
3087,3.3014261722564697
3088,96.1243896484375
3089,3.628527879714966
3090,302.52203369140625
3091,142.87753295898438
3092,100.92943572998047
3093,3.5535407066345215
3094,180.1151580810547
3095,252.60562133789062
3096,135.8271484375
3097,5.073338985443115
3098,6.122081756591797
3099,16.926780700683594
3100,80.0677261352539
3101,3.531778335571289
3102,2.664790630340576
3103,2.991772413253784
3104,72.8773193359375
3105,30.471660614013672
3106,19.61700439453125
3107,1.5135934352874756
3108,2.6956965923309326
3109,6.22562313079834
3110,250.314208984375
3111,2.2429842948913574
3112,214.00491333007812
3113,5.423835754394531
3114,49.56472396850586
3115,268.90838623046875
3116,86.61273956298828
3117,33.31563186645508
3118,303.7554016113281
3119,4.273477554321289
3120,51.601932525634766
3121,53.94576644897461
3122,145.09469604492188
3123,3.9494805335998535
3124,2.6756930351257324
3125,3.966938018798828
3126,219.4281005859375
3127,258.0862121582031
3128,31.21693229675293
3129,358.7478332519531
3130,2.116356611251831
3131,103.43031311035156
3132,189.54063415527344
3133,119.72853088378906
3134,249.5005645751953
3135,1.6994240283966064
3136,300.67169189453125
3137,2.9404590129852295
3138,152.80580139160156
3139,6.238492012023926
3140,2.0912153720855713
3141,14.976203918457031
3142,2.7544033527374268
3143,105.83296966552734
3144,249.5965576171875
3145,5.260619640350342
3146,272.2967529296875
3147,104.14126586914062
3148,109.24532318115234
3149,15.100558280944824
3150,1.667507290840149
3151,246.2679443359375
3152,7.144315719604492
3153,234.3767852783203
3154,160.19776916503906
3155,46.26432418823242
3156,39.809120178222656
3157,5.00580358505249
3158,290.234375
3159,116.67249298095703
3160,272.5562744140625
3161,-50.34397888183594
3162,3.170945644378662
3163,194.62921142578125
3164,3.375253200531006
3165,-1.7657232284545898
3166,51.00735855102539
3167,6.55220890045166
3168,5.200991153717041
3169,3.4927196502685547
3170,216.994384765625
3171,3.1792526245117188
3172,226.33578491210938
3173,268.3219299316406
3174,59.22841262817383
3175,-57.733680725097656
3176,3.584812641143799
3177,3.1922836303710938
3178,176.97813415527344
3179,5.98674201965332
3180,322.1159973144531
3181,201.76626586914062
3182,274.8988952636719
3183,6.051679611206055
3184,102.35917663574219
3185,6.751475811004639
3186,179.52838134765625
3187,288.0106506347656
3188,-4.231869220733643
3189,265.0438232421875
3190,4.016857624053955
3191,272.07977294921875
3192,53.07011413574219
3193,6.216309070587158
3194,4.282948970794678
3195,5.545583248138428
3196,152.20115661621094
3197,5.414675235748291
3198,188.61807250976562
3199,186.9976043701172
3200,2.227083921432495
3201,342.3619384765625
3202,4.439757347106934
3203,4.522951602935791
3204,-7.2979021072387695
3205,6.388431549072266
3206,267.6098327636719
3207,5.9241743087768555
3208,185.61505126953125
3209,-23.60038948059082
3210,7.316263675689697
3211,178.4475555419922
3212,209.98257446289062
3213,2.6125972270965576
3214,265.1276550292969
3215,3.3053138256073
3216,6.222705364227295
3217,124.68348693847656
3218,288.7261657714844
3219,93.87942504882812
3220,61.23737716674805
3221,92.45974731445312
3222,257.236083984375
3223,347.9563903808594
3224,-81.02861022949219
3225,117.84972381591797
3226,5.970244407653809
3227,5.883265495300293
3228,20.93869400024414
3229,296.04205322265625
3230,229.046630859375
3231,6.640479564666748
3232,4.901614189147949
3233,5.870397567749023
3234,4.512582302093506
3235,74.15840911865234
3236,141.9937744140625
3237,41.799964904785156
3238,299.4051818847656
3239,6.672860622406006
3240,64.22550964355469
3241,12.774025917053223
3242,2.473068952560425
3243,34.45159149169922
3244,183.9541015625
3245,4.8589253425598145
3246,248.59524536132812
3247,6.393879413604736
3248,69.55325317382812
3249,-22.20557975769043
3250,229.0109100341797
3251,229.77357482910156
3252,123.38935852050781
3253,67.58069610595703
3254,132.2316436767578
3255,6.626904487609863
3256,6.249619007110596
3257,-0.6395115852355957
3258,2.53336238861084
3259,58.92723846435547
3260,5.86832857131958
3261,101.37308502197266
3262,314.65435791015625
3263,1.9505542516708374
3264,3.884726047515869
3265,149.7125701904297
3266,3.8458476066589355
3267,6.747000217437744
3268,3.25921630859375
3269,4.390836715698242
3270,43.51291275024414
3271,229.5621795654297
3272,2.127011299133301
3273,199.63160705566406
3274,200.8418426513672
3275,104.60581970214844
3276,123.09367370605469
3277,6.340515613555908
3278,6.366110324859619
3279,3.392533779144287
3280,143.6177978515625
3281,285.030029296875
3282,2.850402355194092
3283,358.08465576171875
3284,355.0260925292969
3285,100.56411743164062
3286,3.0904910564422607
3287,-7.013349533081055
3288,5.361225605010986
3289,1.9008491039276123
3290,68.4483413696289
3291,248.1512451171875
3292,3.1030571460723877
3293,69.44477081298828
3294,208.05868530273438
3295,156.63548278808594
3296,34.81793975830078
3297,219.2082061767578
3298,2.156564712524414
3299,243.8529815673828
3300,3.319309711456299
3301,222.50155639648438
3302,204.1237335205078
3303,14.770652770996094
3304,240.23004150390625
3305,4.688660144805908
3306,5.183894634246826
3307,194.46807861328125
3308,3.292722702026367
3309,6.211882591247559
3310,-60.09651184082031
3311,2.3190665245056152
3312,3.7676477432250977
3313,2.5185539722442627
3314,5.870833873748779
3315,4.28816556930542
3316,294.9146423339844
3317,299.9012756347656
3318,27.40542984008789
3319,1.936248779296875
3320,1.5921072959899902
3321,4.6139116287231445
3322,161.00430297851562
3323,4.7975053787231445
3324,3.958904504776001
3325,311.3202819824219
3326,96.30549621582031
3327,-52.67342758178711
3328,6.569056034088135
3329,1.9427073001861572
3330,191.00404357910156
3331,117.76306915283203
3332,3.6020267009735107
3333,241.50550842285156
3334,114.71793365478516
3335,3.4635417461395264
3336,4.830663204193115
3337,2.7257957458496094
3338,1.756293535232544
3339,14.038471221923828
3340,31.896163940429688
3341,59.67255783081055
3342,201.7643280029297
3343,113.78443908691406
3344,3.802077293395996
3345,256.7444152832031
3346,281.8041687011719
3347,182.25570678710938
3348,67.10025787353516
3349,5.76229190826416
3350,3.7208118438720703
3351,2.8873777389526367
3352,1.8371148109436035
3353,106.1672592163086
3354,65.2903060913086
3355,3.1333727836608887
3356,291.82135009765625
3357,3.4873008728027344
3358,244.58770751953125
3359,122.13768768310547
3360,151.0313262939453
3361,3.247232675552368
3362,3.2731354236602783
3363,3.3061490058898926
3364,19.549318313598633
3365,121.9427261352539
3366,-9.207499504089355
3367,3.895871639251709
3368,135.02569580078125
3369,4.619054317474365
3370,68.05026245117188
3371,5.110191345214844
3372,207.98004150390625
3373,67.30195617675781
3374,285.1115417480469
3375,2.4120023250579834
3376,2.636373519897461
3377,153.34042358398438
3378,5.478482246398926
3379,49.09646224975586
3380,344.6571044921875
3381,6.683380603790283
3382,112.87649536132812
3383,6.1896820068359375
3384,74.23448181152344
3385,4.308544158935547
3386,42.935970306396484
3387,2.0939085483551025
3388,187.95484924316406
3389,225.4374542236328
3390,2.0582616329193115
3391,5.454859733581543
3392,5.07622766494751
3393,183.22938537597656
3394,130.71176147460938
3395,5.505211353302002
3396,5.562004566192627
3397,149.84791564941406
3398,2.223651647567749
3399,196.8728790283203
3400,192.06166076660156
3401,5.208080768585205
3402,1.1671074628829956
3403,77.9468765258789
3404,141.91726684570312
3405,202.74159240722656
3406,250.9379119873047
3407,4.093079566955566
3408,94.98393249511719
3409,114.69661712646484
3410,5.869828224182129
3411,5.464817047119141
3412,51.07706069946289
3413,2.2174324989318848
3414,6.835944175720215
3415,103.9760971069336
3416,87.42623901367188
3417,178.80731201171875
3418,155.67738342285156
3419,43.50294876098633
3420,8.524685859680176
3421,-31.5300350189209
3422,170.34812927246094
3423,2.0122909545898438
3424,3.6936070919036865
3425,24.270286560058594
3426,3.469954013824463
3427,68.405029296875
3428,2.366590976715088
3429,345.2003479003906
3430,314.5726013183594
3431,118.27984619140625
3432,5.941041946411133
3433,95.4773941040039
3434,1.9935235977172852
3435,318.42388916015625
3436,243.85162353515625
3437,3.16408634185791
3438,37.52570343017578
3439,279.0909729003906
3440,6.573650360107422
3441,4.853626251220703
3442,225.39208984375
3443,5.075340747833252
3444,208.55874633789062
3445,4.043495178222656
3446,6.201216220855713
3447,297.01739501953125
3448,5.5036797523498535
3449,5.719268321990967
3450,116.56130981445312
3451,207.6045379638672
3452,1.8527891635894775
3453,2.8768649101257324
3454,7.269198417663574
3455,4.132644176483154
3456,5.786375522613525
3457,3.769057273864746
3458,6.101912498474121
3459,165.1467742919922
3460,-40.14150619506836
3461,3.3027842044830322
3462,33.19925308227539
3463,234.31134033203125
3464,4.176361560821533
3465,2.7443008422851562
3466,6.845020294189453
3467,121.43658447265625
3468,24.52960777282715
3469,307.7647705078125
3470,143.36300659179688
3471,13.637237548828125
3472,269.32696533203125
3473,6.6438374519348145
3474,3.946530818939209
3475,4.785789489746094
3476,41.373130798339844
3477,3.3422744274139404
3478,6.557214736938477
3479,2.7887964248657227
3480,108.34599304199219
3481,145.0534210205078
3482,80.95293426513672
3483,84.06671905517578
3484,173.08941650390625
3485,2.279538869857788
3486,219.8199920654297
3487,5.931725978851318
3488,5.306366920471191
3489,3.054396390914917
3490,6.229894638061523
3491,3.2084648609161377
3492,2.3526241779327393
3493,303.423095703125
3494,165.14535522460938
3495,6.466353416442871
3496,12.244243621826172
3497,4.823581695556641
3498,6.671986103057861
3499,-12.528411865234375
3500,109.49478149414062
3501,292.2487487792969
3502,6.233602046966553
3503,3.873887300491333
3504,122.11605072021484
3505,162.42835998535156
3506,88.18536376953125
3507,6.21791934967041
3508,3.3312036991119385
3509,2.8454551696777344
3510,275.5005798339844
3511,1.9703478813171387
3512,69.17192077636719
3513,81.46489715576172
3514,3.173910617828369
3515,50.86553955078125
3516,3.1268181800842285
3517,204.11444091796875
3518,4.409794330596924
3519,231.50119018554688
3520,304.8003845214844
3521,1.8639490604400635
3522,91.41648864746094
3523,4.498596668243408
3524,6.641110420227051
3525,5.351522922515869
3526,42.823974609375
3527,1.677329659461975
3528,285.9436340332031
3529,211.3190155029297
3530,2.3914003372192383
3531,81.3746566772461
3532,257.9714050292969
3533,54.08729934692383
3534,7.835904598236084
3535,80.60615539550781
3536,3.602867841720581
3537,76.50740814208984
3538,6.909426689147949
3539,31.100521087646484
3540,138.59820556640625
3541,-45.19172286987305
3542,2.6170268058776855
3543,177.9904327392578
3544,40.38182830810547
3545,2.540311336517334
3546,5.938991546630859
3547,172.46951293945312
3548,4.977107524871826
3549,1.7585628032684326
3550,4.444188117980957
3551,4.711526393890381
3552,5.631983757019043
3553,6.867105007171631
3554,159.00579833984375
3555,4.049407005310059
3556,2.070645809173584
3557,107.22071075439453
3558,5.468907833099365
3559,97.87678527832031
3560,66.25476837158203
3561,6.232536315917969
3562,15.789156913757324
3563,-49.28787612915039
3564,5.841865539550781
3565,5.318049430847168
3566,160.96469116210938
3567,2.028247117996216
3568,253.98497009277344
3569,180.42881774902344
3570,41.90955352783203
3571,216.2846221923828
3572,1.9206113815307617
3573,6.069425582885742
3574,5.761171340942383
3575,1.6240359544754028
3576,5.244967460632324
3577,6.06639289855957
3578,87.8000259399414
3579,2.0818276405334473
3580,60.038108825683594
3581,252.78758239746094
3582,51.29633712768555
3583,72.08606719970703
3584,6.427711009979248
3585,36.599571228027344
3586,5.505352973937988
3587,50.1109619140625
3588,3.448070764541626
3589,239.9019012451172
3590,2.6222071647644043
3591,3.4027438163757324
3592,189.38099670410156
3593,5.071741104125977
3594,19.637697219848633
3595,6.67528772354126
3596,23.710290908813477
3597,290.8382568359375
3598,83.26852416992188
3599,63.6066780090332
3600,2.7692782878875732
3601,293.0985107421875
3602,10.4614839553833
3603,5.713217735290527
3604,3.120147943496704
3605,147.28440856933594
3606,2.129779100418091
3607,3.4765594005584717
3608,278.4009094238281
3609,186.5723419189453
3610,36.00843048095703
3611,5.456654071807861
3612,262.2251281738281
3613,6.277823448181152
3614,5.309186935424805
3615,5.673498153686523
3616,78.20594024658203
3617,5.260980129241943
3618,3.092963218688965
3619,-55.28622817993164
3620,8.003267288208008
3621,64.64899444580078
3622,5.128774642944336
3623,257.2604064941406
3624,-3.0330395698547363
3625,105.04904174804688
3626,45.633846282958984
3627,25.855613708496094
3628,6.175863742828369
3629,20.968793869018555
3630,246.51614379882812
3631,300.2264404296875
3632,246.2199249267578
3633,240.83770751953125
3634,112.88473510742188
3635,142.30873107910156
3636,4.970208644866943
3637,35.476009368896484
3638,69.9193115234375
3639,4.87760066986084
3640,308.10565185546875
3641,215.3770751953125
3642,147.2563934326172
3643,197.5281219482422
3644,6.304893970489502
3645,122.75776672363281
3646,2.4396557807922363
3647,6.039275169372559
3648,228.8915557861328
3649,-22.180599212646484
3650,3.1832051277160645
3651,189.8218994140625
3652,37.45729064941406
3653,8.118999481201172
3654,69.22727966308594
3655,2.116456985473633
3656,149.6451416015625
3657,5.7221503257751465
3658,8.128202438354492
3659,4.85872745513916
3660,5.982333660125732
3661,51.8962287902832
3662,2.0970375537872314
3663,5.821884632110596
3664,125.32263946533203
3665,5.117151260375977
3666,284.6221618652344
3667,250.4217071533203
3668,266.86553955078125
3669,240.18414306640625
3670,7.278139114379883
3671,6.2702131271362305
3672,234.04391479492188
3673,4.794833183288574
3674,290.5606994628906
3675,137.05946350097656
3676,52.55104064941406
3677,29.362783432006836
3678,-12.388437271118164
3679,5.009151935577393
3680,3.8769302368164062
3681,152.75665283203125
3682,87.28456115722656
3683,170.98829650878906
3684,54.89933776855469
3685,145.53370666503906
3686,280.6256103515625
3687,113.19297790527344
3688,278.7778625488281
3689,2.527273416519165
3690,157.10894775390625
3691,205.271728515625
3692,308.2695617675781
3693,269.05780029296875
3694,1.798279881477356
3695,251.06813049316406
3696,170.7477264404297
3697,1.0533792972564697
3698,-52.405677795410156
3699,4.580080509185791
3700,5.807816028594971
3701,390.3257751464844
3702,3.8112728595733643
3703,4.466391563415527
3704,5.95894193649292
3705,1.5550647974014282
3706,48.6053466796875
3707,-24.96916961669922
3708,124.1297836303711
3709,3.1784164905548096
3710,5.89337158203125
3711,337.04083251953125
3712,63.502445220947266
3713,5.56431245803833
3714,323.7100830078125
3715,2.6316006183624268
3716,2.0507853031158447
3717,161.97213745117188
3718,77.84988403320312
3719,163.18055725097656
3720,137.10430908203125
3721,2.9455692768096924
3722,4.317775249481201
3723,3.371784210205078
3724,1.9373884201049805
3725,69.41529846191406
3726,1.7087688446044922
3727,235.53024291992188
3728,38.05889129638672
3729,-44.56475830078125
3730,148.871337890625
3731,89.95475769042969
3732,3.2356503009796143
3733,-47.721229553222656
3734,3.0220210552215576
3735,2.353936195373535
3736,-12.545312881469727
3737,6.207595348358154
3738,179.94139099121094
3739,-26.391447067260742
3740,247.88052368164062
3741,73.08112335205078
3742,269.4068908691406
3743,2.374398708343506
3744,68.47016906738281
3745,28.807573318481445
3746,5.183657169342041
3747,4.938027858734131
3748,168.65579223632812
3749,98.37474060058594
3750,1.6093238592147827
3751,216.47511291503906
3752,122.76195526123047
3753,5.082395553588867
3754,3.6265015602111816
3755,26.817153930664062
3756,5.653077125549316
3757,32.7850341796875
3758,6.029861927032471
3759,41.46417236328125
3760,1.9705603122711182
3761,6.611538410186768
3762,6.152677536010742
3763,109.9165267944336
3764,182.67051696777344
3765,374.2991943359375
3766,6.941366195678711
3767,301.3056640625
3768,44.971160888671875
3769,1.7079564332962036
3770,168.82774353027344
3771,3.547586441040039
3772,200.66973876953125
3773,242.59291076660156
3774,2.5798726081848145
3775,3.571428060531616
3776,228.031005859375
3777,6.205519199371338
3778,250.13792419433594
3779,274.84136962890625
3780,5.912855625152588
3781,6.46287202835083
3782,2.37306809425354
3783,2.027216911315918
3784,5.608663558959961
3785,25.286407470703125
3786,87.4477310180664
3787,5.957073211669922
3788,6.627779960632324
3789,315.55377197265625
3790,6.786006450653076
3791,6.46907377243042
3792,3.7084147930145264
3793,19.851240158081055
3794,10.05932331085205
3795,206.2855987548828
3796,218.78317260742188
3797,4.768474102020264
3798,158.89877319335938
3799,-53.05126190185547
3800,255.6501922607422
3801,120.22730255126953
3802,151.8556365966797
3803,69.0418701171875
3804,49.61353302001953
3805,5.164396286010742
3806,2.9313740730285645
3807,94.61243438720703
3808,3.588857412338257
3809,-49.30357360839844
3810,2.716261386871338
3811,4.988585948944092
3812,246.57394409179688
3813,3.820773124694824
3814,297.54388427734375
3815,6.6442461013793945
3816,3.7079343795776367
3817,44.07545471191406
3818,6.589003086090088
3819,2.403914213180542
3820,131.88294982910156
3821,7.739882469177246
3822,5.55380916595459
3823,263.7900695800781
3824,5.302740573883057
3825,269.658935546875
3826,6.044321060180664
3827,295.34893798828125
3828,292.4349365234375
3829,6.562497138977051
3830,234.99041748046875
3831,61.63748550415039
3832,1.8432364463806152
3833,43.85744857788086
3834,63.133670806884766
3835,2.5274906158447266
3836,5.221199989318848
3837,6.790735721588135
3838,5.832238674163818
3839,249.15692138671875
3840,5.777347564697266
3841,134.30679321289062
3842,3.5260417461395264
3843,210.14100646972656
3844,5.153339385986328
3845,6.253204345703125
3846,6.248043060302734
3847,80.525390625
3848,127.03466796875
3849,209.0307159423828
3850,22.132434844970703
3851,172.19021606445312
3852,245.65599060058594
3853,5.44283390045166
3854,257.2516784667969
3855,2.0019304752349854
3856,67.681884765625
3857,3.6111719608306885
3858,3.2719624042510986
3859,242.19638061523438
3860,5.98417854309082
3861,-58.69356155395508
3862,-7.808921813964844
3863,3.397467851638794
3864,2.559598445892334
3865,295.1231384277344
3866,4.440227031707764
3867,193.67611694335938
3868,4.652246475219727
3869,3.0973684787750244
3870,115.45934295654297
3871,37.83644104003906
3872,3.6109392642974854
3873,57.94027328491211
3874,326.05322265625
3875,280.99688720703125
3876,118.09701538085938
3877,-70.18049621582031
3878,164.0762939453125
3879,261.5965576171875
3880,6.670804023742676
3881,3.957526683807373
3882,2.356147289276123
3883,174.9071502685547
3884,151.59365844726562
3885,6.248340129852295
3886,5.508072853088379
3887,6.206274032592773
3888,2.510953903198242
3889,176.47418212890625
3890,1.398400902748108
3891,2.9066169261932373
3892,168.9474334716797
3893,3.101613759994507
3894,317.99786376953125
3895,-22.28570556640625
3896,28.428895950317383
3897,233.1687469482422
3898,186.99217224121094
3899,1.8264133930206299
3900,76.90843963623047
3901,142.28211975097656
3902,2.6646578311920166
3903,37.032711029052734
3904,61.867286682128906
3905,4.151270389556885
3906,7.346126079559326
3907,222.49073791503906
3908,142.43099975585938
3909,3.4412736892700195
3910,4.484480381011963
3911,274.3863525390625
3912,4.280859470367432
3913,26.0257511138916
3914,273.2469482421875
3915,6.711587905883789
3916,5.808468818664551
3917,3.7937111854553223
3918,-39.4097785949707
3919,4.928074836730957
3920,36.13699722290039
3921,62.675777435302734
3922,6.457475185394287
3923,3.7263848781585693
3924,340.505126953125
3925,90.48015594482422
3926,2.0481929779052734
3927,236.3885040283203
3928,3.0137670040130615
3929,5.501920223236084
3930,6.044525623321533
3931,197.1482391357422
3932,4.012800216674805
3933,2.667898416519165
3934,6.406579494476318
3935,232.9895782470703
3936,2.0817813873291016
3937,3.3884129524230957
3938,2.9790163040161133
3939,302.4477233886719
3940,6.416134357452393
3941,6.156460762023926
3942,5.168109893798828
3943,3.089162826538086
3944,6.895936012268066
3945,332.998046875
3946,231.6585235595703
3947,50.709869384765625
3948,140.76040649414062
3949,6.066728591918945
3950,236.1971893310547
3951,1.7473591566085815
3952,90.36383056640625
3953,136.51657104492188
3954,2.6069421768188477
3955,6.040513038635254
3956,142.9783477783203
3957,52.96268844604492
3958,115.91844940185547
3959,189.08322143554688
3960,5.767287731170654
3961,5.910780906677246
3962,111.82538604736328
3963,6.002232074737549
3964,127.79357147216797
3965,5.937478542327881
3966,3.2426345348358154
3967,3.999837875366211
3968,176.97793579101562
3969,41.6077766418457
3970,2.565415620803833
3971,3.3953170776367188
3972,2.9648337364196777
3973,3.121917963027954
3974,31.073904037475586
3975,46.28324890136719
3976,3.519333600997925
3977,3.9978175163269043
3978,3.359668254852295
3979,107.66890716552734
3980,240.93826293945312
3981,250.22154235839844
3982,5.383235454559326
3983,3.014575958251953
3984,396.3325500488281
3985,240.48558044433594
3986,156.60369873046875
3987,92.95887756347656
3988,3.2007737159729004
3989,-12.375737190246582
3990,83.70065307617188
3991,268.1497497558594
3992,5.951419830322266
3993,5.49037504196167
3994,59.82234191894531
3995,129.96823120117188
3996,4.171496868133545
3997,114.57809448242188
3998,2.493727445602417
3999,272.414794921875
4000,5.588910102844238
4001,4.594459056854248
4002,68.357666015625
4003,185.96412658691406
4004,2.1801202297210693
4005,307.91131591796875
4006,79.20099639892578
4007,7.10821533203125
4008,3.441657781600952
4009,5.998157501220703
4010,213.46510314941406
4011,3.8252196311950684
4012,6.4518232345581055
4013,237.8185272216797
4014,5.98537540435791
4015,6.324414253234863
4016,71.88264465332031
4017,160.318115234375
4018,111.71995544433594
4019,1.2852188348770142
4020,1.9937374591827393
4021,119.64106750488281
4022,59.4398193359375
4023,3.8568103313446045
4024,111.64076232910156
4025,64.30752563476562
4026,61.36471176147461
4027,276.0824890136719
4028,104.96078491210938
4029,7.170641899108887
4030,2.5323195457458496
4031,103.59957885742188
4032,82.09821319580078
4033,3.6457438468933105
4034,254.75057983398438
4035,170.55111694335938
4036,4.098233222961426
4037,3.7099080085754395
4038,5.98894739151001
4039,5.801095485687256
4040,99.39519500732422
4041,309.8439025878906
4042,62.21179962158203
4043,252.61691284179688
4044,4.277084827423096
4045,37.47798538208008
4046,5.977520942687988
4047,4.181496620178223
4048,263.2371826171875
4049,117.1515884399414
4050,277.2999572753906
4051,23.121904373168945
4052,2.725372076034546
4053,4.081740379333496
4054,5.339188098907471
4055,4.162100315093994
4056,263.0213623046875
4057,6.602902889251709
4058,261.5947265625
4059,55.508628845214844
4060,226.1957550048828
4061,114.7500991821289
4062,3.7911877632141113
4063,1.8908121585845947
4064,172.28610229492188
4065,1.7522082328796387
4066,89.69556427001953
4067,193.22274780273438
4068,199.3693084716797
4069,356.2282409667969
4070,2.8270912170410156
4071,2.5089221000671387
4072,2.5453238487243652
4073,3.3666725158691406
4074,3.991030216217041
4075,-27.07317352294922
4076,6.442717552185059
4077,4.9614691734313965
4078,6.290955066680908
4079,6.843350410461426
4080,282.90496826171875
4081,3.9321117401123047
4082,110.03135681152344
4083,4.277956485748291
4084,50.15593338012695
4085,24.321563720703125
4086,3.568263530731201
4087,4.123040676116943
4088,4.077726364135742
4089,77.30158996582031
4090,145.49720764160156
4091,4.279384136199951
4092,57.34067153930664
4093,16.12156867980957
4094,5.049198627471924
4095,6.616523265838623
4096,2.299604892730713
4097,2.5630130767822266
4098,2.5775160789489746
4099,-46.70335388183594
4100,33.799285888671875
4101,6.367509365081787
4102,4.541606903076172
4103,60.63636779785156
4104,198.64535522460938
4105,5.869948863983154
4106,113.87712097167969
4107,93.65689086914062
4108,81.379150390625
4109,250.69212341308594
4110,5.726687908172607
4111,82.94391632080078
4112,64.69396209716797
4113,3.0421628952026367
4114,5.231107234954834
4115,73.173583984375
4116,155.02655029296875
4117,88.40665435791016
4118,274.9078063964844
4119,261.7922058105469
4120,243.05401611328125
4121,90.59967041015625
4122,-6.974923133850098
4123,2.1557743549346924
4124,115.0776138305664
4125,2.310251235961914
4126,65.5594482421875
4127,6.031044006347656
4128,1.8801573514938354
4129,6.690450668334961
4130,2.112966775894165
4131,61.3841438293457
4132,6.464576244354248
4133,4.870476245880127
4134,100.09720611572266
4135,-27.3395938873291
4136,161.99290466308594
4137,339.3523864746094
4138,-4.289669036865234
4139,101.48596954345703
4140,76.36949157714844
4141,4.253106594085693
4142,125.65283203125
4143,298.9281311035156
4144,83.19893646240234
4145,181.14817810058594
4146,71.76336669921875
4147,74.13009643554688
4148,284.8069763183594
4149,30.964242935180664
4150,32.24492645263672
4151,67.34575653076172
4152,127.83489227294922
4153,4.209187030792236
4154,368.0753173828125
4155,134.96388244628906
4156,3.124697208404541
4157,-6.8539628982543945
4158,4.148343086242676
4159,4.417744159698486
4160,163.93922424316406
4161,180.68357849121094
4162,6.134877681732178
4163,65.3954086303711
4164,166.39370727539062
4165,3.192897319793701
4166,49.52781295776367
4167,94.98194122314453
4168,42.68288040161133
4169,2.337660551071167
4170,25.122486114501953
4171,91.86538696289062
4172,4.180634498596191
4173,3.857023239135742
4174,56.7359733581543
4175,139.49801635742188
4176,2.031092643737793
4177,3.502615213394165
4178,28.749042510986328
4179,132.69326782226562
4180,172.7989959716797
4181,56.89531326293945
4182,46.63245391845703
4183,43.351768493652344
4184,194.52671813964844
4185,280.0853271484375
4186,2.8480324745178223
4187,91.18171691894531
4188,4.488356590270996
4189,4.379368305206299
4190,115.97942352294922
4191,2.163485288619995
4192,30.84242057800293
4193,44.462059020996094
4194,5.915728569030762
4195,4.297455310821533
4196,117.15306854248047
4197,6.336517810821533
4198,3.021843671798706
4199,5.006982326507568
4200,278.90142822265625
4201,256.18475341796875
4202,211.71701049804688
4203,5.80187463760376
4204,95.0050048828125
4205,5.054417133331299
4206,7.345935821533203
4207,129.90243530273438
4208,145.32786560058594
4209,228.11517333984375
4210,-60.540802001953125
4211,2.2454495429992676
4212,5.782843589782715
4213,-15.76163101196289
4214,7.354001522064209
4215,3.130600929260254
4216,1.7992522716522217
4217,3.0789127349853516
4218,5.82532262802124
4219,59.38533020019531
4220,78.9941635131836
4221,2.0625176429748535
4222,109.42250061035156
4223,2.7015626430511475
4224,6.31642484664917
4225,4.638318061828613
4226,268.4602355957031
4227,2.6586954593658447
4228,221.62271118164062
4229,129.32659912109375
4230,2.978637933731079
4231,2.1467621326446533
4232,48.74937438964844
4233,3.219505786895752
4234,-1.4369869232177734
4235,62.53147888183594
4236,269.15093994140625
4237,165.1469268798828
4238,2.900540828704834
4239,28.67855453491211
4240,8.470194816589355
4241,33.74279022216797
4242,246.9739532470703
4243,-50.64041519165039
4244,313.6668701171875
4245,5.405349254608154
4246,2.0353565216064453
4247,3.8535993099212646
4248,4.199367523193359
4249,-18.836116790771484
4250,4.382448673248291
4251,299.1650085449219
4252,6.47904109954834
4253,6.240353584289551
4254,5.439147472381592
4255,-58.57783889770508
4256,2.1507205963134766
4257,105.18170928955078
4258,2.432365894317627
4259,1.5974982976913452
4260,92.42056274414062
4261,2.338120937347412
4262,293.1304626464844
4263,90.29817962646484
4264,2.397446393966675
4265,37.685546875
4266,4.3433074951171875
4267,5.8090291023254395
4268,5.462880611419678
4269,188.98692321777344
4270,191.61431884765625
4271,169.65570068359375
4272,4.619071006774902
4273,7.988517761230469
4274,107.9419937133789
4275,6.306865692138672
4276,309.37298583984375
4277,238.7703094482422
4278,376.0809020996094
4279,323.522216796875
4280,123.64329528808594
4281,53.865116119384766
4282,13.017377853393555
4283,6.177968978881836
4284,4.4451212882995605
4285,104.80503845214844
4286,312.3647155761719
4287,1.8125935792922974
4288,173.13092041015625
4289,219.70372009277344
4290,204.57090759277344
4291,3.201012134552002
4292,5.1113080978393555
4293,-4.0014848709106445
4294,-44.749977111816406
4295,0.7708590030670166
4296,5.528193473815918
4297,6.424585819244385
4298,5.890416145324707
4299,69.37259674072266
4300,43.8275260925293
4301,-56.97837448120117
4302,93.9844741821289
4303,2.70328950881958
4304,-58.329742431640625
4305,3.733147144317627
4306,289.6201171875
4307,2.7935924530029297
4308,21.34259605407715
4309,4.80462646484375
4310,2.9113190174102783
4311,19.82503890991211
4312,273.03302001953125
4313,3.3900833129882812
4314,2.7434191703796387
4315,221.32485961914062
4316,0.9769858121871948
4317,187.3051300048828
4318,6.015598297119141
4319,33.768043518066406
4320,138.433349609375
4321,4.381336212158203
4322,301.4583740234375
4323,89.43869018554688
4324,3.335526704788208
4325,6.521701812744141
4326,3.5909018516540527
4327,111.61463928222656
4328,159.35128784179688
4329,206.05026245117188
4330,29.369098663330078
4331,3.0398261547088623
4332,2.327608585357666
4333,287.0648193359375
4334,3.536872625350952
4335,3.3725645542144775
4336,2.0955607891082764
4337,5.956279754638672
4338,0.957097053527832
4339,4.630636215209961
4340,-38.74056625366211
4341,66.60515594482422
4342,204.81845092773438
4343,172.09022521972656
4344,153.91659545898438
4345,5.948845863342285
4346,4.739750862121582
4347,213.89439392089844
4348,5.660733699798584
4349,131.48854064941406
4350,6.67571496963501
4351,102.52310180664062
4352,180.1358184814453
4353,5.080580711364746
4354,86.41728210449219
4355,131.0303955078125
4356,1.8709731101989746
4357,4.932001113891602
4358,286.0072326660156
4359,223.56143188476562
4360,3.4230048656463623
4361,8.494555473327637
4362,0.5055162906646729
4363,3.5159199237823486
4364,4.679101943969727
4365,1.670644998550415
4366,3.0383121967315674
4367,242.4861297607422
4368,-17.796207427978516
4369,72.71013641357422
4370,6.4607253074646
4371,196.0026397705078
4372,61.04723358154297
4373,329.5393981933594
4374,6.667271137237549
4375,229.18490600585938
4376,269.68560791015625
4377,5.258979320526123
4378,5.929380416870117
4379,189.99314880371094
4380,3.0767476558685303
4381,2.1860179901123047
4382,6.652801036834717
4383,27.867124557495117
4384,4.706632137298584
4385,220.18472290039062
4386,22.316184997558594
4387,307.12371826171875
4388,55.0111083984375
4389,6.7258100509643555
4390,4.315614223480225
4391,3.886228084564209
4392,2.31644344329834
4393,137.2942657470703
4394,104.79460906982422
4395,2.9365153312683105
4396,-2.3456428050994873
4397,2.493746042251587
4398,6.34902286529541
4399,2.8555219173431396
4400,236.42880249023438
4401,6.653260231018066
4402,239.17428588867188
4403,280.8927917480469
4404,234.1278533935547
4405,351.363037109375
4406,36.93606948852539
4407,90.6798324584961
4408,6.447727203369141
4409,120.58364868164062
4410,-93.08116912841797
4411,2.671659469604492
4412,295.0738220214844
4413,211.64739990234375
4414,4.169426918029785
4415,199.75091552734375
4416,47.31659698486328
4417,2.7795066833496094
4418,225.42767333984375
4419,263.716552734375
4420,362.7326354980469
4421,338.34735107421875
4422,10.991103172302246
4423,2.7342326641082764
4424,57.88577651977539
4425,176.74398803710938
4426,5.554841041564941
4427,214.189453125
4428,6.368123531341553
4429,5.252064228057861
4430,5.256134986877441
4431,202.11061096191406
4432,3.9850683212280273
4433,3.730640172958374
4434,123.42843627929688
4435,5.860307693481445
4436,6.368636608123779
4437,13.261402130126953
4438,100.3994369506836
4439,7.438991069793701
4440,263.64825439453125
4441,2.232557535171509
4442,293.8729248046875
4443,5.953601360321045
4444,268.692626953125
4445,3.8555593490600586
4446,3.788363456726074
4447,92.31455993652344
4448,4.949799537658691
4449,7.295632839202881
4450,98.33489990234375
4451,109.48027801513672
4452,262.92108154296875
4453,251.6051025390625
4454,4.956612586975098
4455,5.712795257568359
4456,195.84945678710938
4457,4.075186729431152
4458,6.781565189361572
4459,87.09093475341797
4460,0.24490046501159668
4461,92.16484832763672
4462,170.65560913085938
4463,41.29646682739258
4464,4.106034278869629
4465,129.65225219726562
4466,4.684083938598633
4467,5.139291763305664
4468,1.8143892288208008
4469,2.382920742034912
4470,4.7881975173950195
4471,2.3616483211517334
4472,221.87461853027344
4473,3.92026686668396
4474,239.22674560546875
4475,4.062154769897461
4476,95.80325317382812
4477,5.875815391540527
4478,4.1841959953308105
4479,137.46600341796875
4480,286.11822509765625
4481,3.885772705078125
4482,214.41246032714844
4483,58.417659759521484
4484,303.5777893066406
4485,223.05421447753906
4486,2.4001030921936035
4487,104.19438934326172
4488,65.64392852783203
4489,-38.913238525390625
4490,80.34786224365234
4491,5.55810546875
4492,269.5994873046875
4493,315.9135437011719
4494,6.581361293792725
4495,2.5859622955322266
4496,65.8993911743164
4497,6.7223896980285645
4498,210.82142639160156
4499,310.1247253417969
4500,171.80953979492188
4501,6.406971454620361
4502,5.878939151763916
4503,173.4165802001953
4504,3.321180820465088
4505,101.1989517211914
4506,2.598485231399536
4507,21.806650161743164
4508,138.919677734375
4509,58.18281173706055
4510,2.1409382820129395
4511,269.085693359375
4512,69.4731216430664
4513,96.2949447631836
4514,3.3314127922058105
4515,2.8067193031311035
4516,3.094316005706787
4517,4.844767093658447
4518,26.883785247802734
4519,94.489013671875
4520,55.12881851196289
4521,2.659104824066162
4522,81.24205780029297
4523,6.721033573150635
4524,230.78822326660156
4525,21.485715866088867
4526,2.183246374130249
4527,121.42243957519531
4528,120.374755859375
4529,108.16397857666016
4530,204.56134033203125
4531,3.9862279891967773
4532,4.670882701873779
4533,4.5656256675720215
4534,56.7996711730957
4535,5.977437973022461
4536,1.9775360822677612
4537,1.861978530883789
4538,6.271628379821777
4539,292.0195617675781
4540,188.78599548339844
4541,3.5027828216552734
4542,2.8141913414001465
4543,207.0584716796875
4544,33.724517822265625
4545,5.511890411376953
4546,37.00962448120117
4547,5.857388019561768
4548,185.47198486328125
4549,4.63776159286499
4550,231.10125732421875
4551,27.9177303314209
4552,99.72062683105469
4553,125.31649780273438
4554,4.409814357757568
4555,198.93531799316406
4556,271.3572692871094
4557,4.518552303314209
4558,4.46169900894165
4559,66.53999328613281
4560,7.64213752746582
4561,5.489223003387451
4562,186.5260467529297
4563,39.108768463134766
4564,245.05224609375
4565,39.87647247314453
4566,234.84568786621094
4567,276.1954040527344
4568,138.13150024414062
4569,4.936731338500977
4570,184.9556427001953
4571,296.8797302246094
4572,5.1917290687561035
4573,3.1174094676971436
4574,1.7875677347183228
4575,5.920866012573242
4576,169.42872619628906
4577,247.7100372314453
4578,70.73265075683594
4579,14.310334205627441
4580,0.45690810680389404
4581,377.9754943847656
4582,58.90994644165039
4583,1.1976382732391357
4584,299.86212158203125
4585,37.91682815551758
4586,6.334338665008545
4587,3.209848165512085
4588,1.706192970275879
4589,4.094725131988525
4590,3.164330244064331
4591,65.40814971923828
4592,5.480198383331299
4593,110.25440979003906
4594,-10.089751243591309
4595,2.558934211730957
4596,62.20630645751953
4597,140.75131225585938
4598,4.014121055603027
4599,-42.28575897216797
4600,85.15469360351562
4601,7.091673374176025
4602,5.64650821685791
4603,5.306552886962891
4604,82.97225189208984
4605,1.4226962327957153
4606,134.1458740234375
4607,37.4688606262207
4608,4.3526740074157715
4609,214.0308074951172
4610,109.27759552001953
4611,121.66480255126953
4612,4.207020282745361
4613,-60.634586334228516
4614,86.03275299072266
4615,-40.123355865478516
4616,4.211300849914551
4617,4.806915760040283
4618,3.7774577140808105
4619,6.025783061981201
4620,6.768614768981934
4621,103.0241470336914
4622,4.0279221534729
4623,6.096274375915527
4624,1.1229939460754395
4625,96.13296508789062
4626,51.94636154174805
4627,5.557409763336182
4628,6.030465602874756
4629,73.27998352050781
4630,5.648024559020996
4631,1.2879301309585571
4632,6.540182590484619
4633,235.58006286621094
4634,5.84695291519165
4635,6.031442165374756
4636,70.13618469238281
4637,7.1036601066589355
4638,398.2618713378906
4639,284.5182189941406
4640,2.0727550983428955
4641,193.53128051757812
4642,163.031494140625
4643,48.98125457763672
4644,60.376888275146484
4645,5.93459939956665
4646,55.754913330078125
4647,33.020137786865234
4648,169.82383728027344
4649,113.28346252441406
4650,133.60980224609375
4651,54.439151763916016
4652,4.80094051361084
4653,282.08880615234375
4654,0.6874354481697083
4655,5.577304363250732
4656,3.0505151748657227
4657,3.1188604831695557
4658,5.60305643081665
4659,85.00526428222656
4660,2.63763165473938
4661,2.3306751251220703
4662,4.1031012535095215
4663,113.55648040771484
4664,5.920607089996338
4665,171.64634704589844
4666,247.29661560058594
4667,1.8331595659255981
4668,120.93452453613281
4669,269.3771057128906
4670,58.871768951416016
4671,1.9624340534210205
4672,0.6441308856010437
4673,69.08599853515625
4674,285.17889404296875
4675,1.757602572441101
4676,140.86419677734375
4677,51.6353645324707
4678,5.607773780822754
4679,73.15550994873047
4680,4.015687942504883
4681,1.780705451965332
4682,195.14259338378906
4683,158.73568725585938
4684,114.71027374267578
4685,256.52685546875
4686,3.745124578475952
4687,223.62139892578125
4688,357.9339294433594
4689,119.35481262207031
4690,6.308839321136475
4691,6.7227630615234375
4692,4.596912384033203
4693,98.39192962646484
4694,4.816452980041504
4695,387.7055358886719
4696,4.611783504486084
4697,2.4861629009246826
4698,4.625173091888428
4699,3.1585121154785156
4700,104.61967468261719
4701,5.789853572845459
4702,1.9454333782196045
4703,3.7107150554656982
4704,5.314047336578369
4705,275.6253356933594
4706,3.381723165512085
4707,5.104457855224609
4708,2.990894079208374
4709,83.83615112304688
4710,152.64556884765625
4711,6.358212471008301
4712,254.0142822265625
4713,3.65199875831604
4714,5.674607753753662
4715,60.58702087402344
4716,42.52289962768555
4717,6.8429741859436035
4718,5.918145656585693
4719,183.41839599609375
4720,172.28697204589844
4721,6.052481651306152
4722,3.84214448928833
4723,6.546476364135742
4724,61.84560775756836
4725,168.40745544433594
4726,3.6374826431274414
4727,283.9524230957031
4728,234.74562072753906
4729,3.9098119735717773
4730,186.23963928222656
4731,109.90756225585938
4732,-34.162925720214844
4733,5.699477195739746
4734,6.087423324584961
4735,5.518256187438965
4736,3.309403419494629
4737,60.133358001708984
4738,-12.764259338378906
4739,162.62350463867188
4740,313.687744140625
4741,5.281014442443848
4742,78.43590545654297
4743,5.728890895843506
4744,254.93711853027344
4745,64.19172668457031
4746,4.041324138641357
4747,3.229173183441162
4748,3.216172218322754
4749,6.09039306640625
4750,5.7911200523376465
4751,3.9866795539855957
4752,103.8986587524414
4753,150.89488220214844
4754,140.83506774902344
4755,3.9516429901123047
4756,2.0309438705444336
4757,3.8774242401123047
4758,67.1614761352539
4759,87.19342803955078
4760,4.5032734870910645
4761,2.947917938232422
4762,180.229248046875
4763,177.75115966796875
4764,2.389707565307617
4765,321.0569152832031
4766,34.181846618652344
4767,55.275901794433594
4768,25.410215377807617
4769,-34.47845458984375
4770,42.1656608581543
4771,26.010061264038086
4772,3.969595193862915
4773,4.104355335235596
4774,151.39012145996094
4775,2.3663253784179688
4776,2.7413017749786377
4777,150.2266082763672
4778,5.45235538482666
4779,20.260244369506836
4780,2.081239938735962
4781,59.85485076904297
4782,4.635682106018066
4783,3.9940719604492188
4784,2.6584699153900146
4785,22.25740623474121
4786,64.720703125
4787,5.770555019378662
4788,3.8914248943328857
4789,3.330327033996582
4790,128.6573028564453
4791,213.34451293945312
4792,4.455410480499268
4793,154.63433837890625
4794,63.826934814453125
4795,233.46200561523438
4796,3.1283116340637207
4797,161.52059936523438
4798,5.923509120941162
4799,4.6988019943237305
4800,340.7567443847656
4801,3.7386739253997803
4802,4.870372295379639
4803,286.17254638671875
4804,1.9298319816589355
4805,262.0594177246094
4806,4.1747612953186035
4807,2.8257951736450195
4808,56.683753967285156
4809,98.28985595703125
4810,1.6666849851608276
4811,2.087803840637207
4812,5.4012017250061035
4813,259.2187805175781
4814,235.55496215820312
4815,3.056772232055664
4816,2.3085620403289795
4817,6.0663957595825195
4818,1.7132536172866821
4819,107.8224868774414
4820,2.648552417755127
4821,184.89077758789062
4822,130.94992065429688
4823,4.831225395202637
4824,3.3019766807556152
4825,255.520751953125
4826,4.806432723999023
4827,5.957201957702637
4828,226.4748992919922
4829,122.22238159179688
4830,94.2715072631836
4831,193.13491821289062
4832,6.975147247314453
4833,3.2787723541259766
4834,119.0381088256836
4835,4.017374038696289
4836,6.564144134521484
4837,194.93032836914062
4838,39.93730545043945
4839,323.2718811035156
4840,3.180687665939331
4841,141.7593536376953
4842,10.57540512084961
4843,2.1729016304016113
4844,4.268309116363525
4845,4.688455104827881
4846,7.373221397399902
4847,3.5865864753723145
4848,2.2961645126342773
4849,5.266302585601807
4850,6.842304706573486
4851,5.6562042236328125
4852,116.2180404663086
4853,293.07794189453125
4854,2.605774402618408
4855,3.3965606689453125
4856,147.64788818359375
4857,232.31222534179688
4858,321.7320556640625
4859,139.0816192626953
4860,274.7878112792969
4861,-1.7020646333694458
4862,102.5088882446289
4863,6.939146041870117
4864,5.94839334487915
4865,1.8909811973571777
4866,0.7336549758911133
4867,3.3095202445983887
4868,64.4852294921875
4869,0.9755291938781738
4870,103.11671447753906
4871,6.65684700012207
4872,2.158045768737793
4873,308.7037353515625
4874,-17.554264068603516
4875,2.9639718532562256
4876,180.3397674560547
4877,6.269402027130127
4878,77.02359771728516
4879,75.45697784423828
4880,5.924200534820557
4881,6.251241683959961
4882,40.616607666015625
4883,1.8274028301239014
4884,60.21267318725586
4885,-67.4699478149414
4886,239.21560668945312
4887,5.4150824546813965
4888,282.8942565917969
4889,42.2686653137207
4890,212.32003784179688
4891,124.42642211914062
4892,1.9976142644882202
4893,5.947137355804443
4894,86.18255615234375
4895,6.4638752937316895
4896,5.813584804534912
4897,6.423038005828857
4898,5.42235803604126
4899,191.6348876953125
4900,3.2333686351776123
4901,264.237060546875
4902,4.204939365386963
4903,134.69674682617188
4904,388.9266357421875
4905,82.51334381103516
4906,160.0078125
4907,185.7105712890625
4908,4.289569854736328
4909,136.63494873046875
4910,191.09750366210938
4911,82.10369873046875
4912,5.497704029083252
4913,234.83384704589844
4914,199.7238311767578
4915,3.89579176902771
4916,4.749952793121338
4917,6.474698543548584
4918,2.9235036373138428
4919,9.559277534484863
4920,1.9741287231445312
4921,-3.131175994873047
4922,155.73876953125
4923,210.44400024414062
4924,6.238434791564941
4925,2.2857954502105713
4926,1.6642341613769531
4927,5.623264312744141
4928,3.1313183307647705
4929,75.89945983886719
4930,112.34779357910156
4931,-21.432024002075195
4932,5.865279674530029
4933,263.93536376953125
4934,-54.831703186035156
4935,77.12871551513672
4936,245.26878356933594
4937,19.83600425720215
4938,69.72737884521484
4939,51.17572784423828
4940,3.682011127471924
