id,target
1,4.001150131225586
2,2.422187179327011
3,325.52076721191406
4,-61.23357200622559
5,4.084459722042084
6,6.599233627319336
7,5.591899156570435
8,70.7725305557251
9,89.15839576721191
10,58.49962043762207
11,53.55804252624512
12,-9.054949283599854
13,255.5856056213379
14,196.65901947021484
15,4.173708014384771
16,295.57081604003906
17,3.198183715343476
18,90.8266544342041
19,3.013714603890985
20,6.638475770486366
21,-57.58712005615234
22,59.68543815612793
23,4.09952038526535
24,2.745937764644623
25,37.36943674087525
26,84.50806045532227
27,1.1268209212772538
28,161.74444961547852
29,45.13035488128662
30,3.4768046736717224
31,6.360570669174194
32,30.100566864013672
33,57.04217052459717
34,3.772376537322998
35,2.3610070945845214
36,6.482615113258362
37,261.92220306396484
38,238.44636917114255
39,57.54731559753418
40,141.70861053466797
41,-56.13637638092041
42,2.7215828895568848
43,5.688824653625488
44,4.59266322851181
45,118.81792640686037
46,61.27652740478516
47,2.6370972990989685
48,-86.89033699035645
49,3.818912446498871
50,1.7954729100441515
51,276.4449996948242
52,3.144041657447815
53,2.7128252387046814
54,75.34360027313232
55,2.810032546520233
56,4.795577886052836
57,5.673558712005615
58,164.6153907775879
59,248.0560531616211
60,6.696576237678528
61,2.310195444638066
62,235.7596702575684
63,6.590486645698547
64,2.6907376646995544
65,2.685360848903656
66,4.638084948062897
67,5.115084493147741
68,201.51812744140625
69,145.5105972290039
70,2.3331884099150093
71,2.4462512731552124
72,2.270126134157181
73,25.380884170532227
74,267.5902328491211
75,188.5188331604004
76,6.231476068496704
77,5.8144447803497314
78,121.82092475891112
79,264.49757385253906
80,3.62788850069046
81,41.76137924194336
82,4.557878851890564
83,180.78234481811523
84,31.72052526473999
85,-13.320459127426147
86,2.3097133743933465
87,70.77047824859619
88,162.42567825317383
89,6.041815996170044
90,5.541498780250549
91,39.83152914047241
92,69.26135349273682
93,22.95094108581543
94,5.367896199226379
95,3.9758493900299072
96,3.03447300195694
97,7.03977221532096
98,224.77693939208984
99,86.50121307373047
100,265.1236572265625
101,5.571136000062905
102,255.88999938964844
103,3.5694573719480713
104,6.391212105751038
105,128.32546615600586
106,4.551829278469086
107,267.1090278625488
108,2.38325779056893
109,188.0851593017578
110,3.107726037502289
111,59.23707389831543
112,2.131967127890573
113,182.11808013916016
114,6.4016581773757935
115,5.558643102645874
116,403.58763122558594
117,231.8303184509277
118,162.50991821289062
119,241.8842086791992
120,320.6319770812988
121,152.17562675476074
122,3.4264537692070007
123,111.96560859680176
124,260.942684173584
125,133.5179843902588
126,6.462671160697937
127,149.0825157165527
128,3.669939875602722
129,244.4746208190918
130,86.94688415527344
131,67.43653583526611
132,-1.5896919518709185
133,-23.77542924880981
134,308.92998123168945
135,6.300581693649292
136,2.276617795228958
137,138.35578727722168
138,5.810513377189636
139,209.00254440307617
140,282.6519088745117
141,41.97476196289063
142,1.2968093305826187
143,62.01639270782471
144,22.86809492111206
145,6.489852022653658
146,177.31189346313477
147,223.51104736328125
148,1.9912374019622805
149,195.05717086791992
150,67.66975116729736
151,284.5616836547852
152,266.1635093688965
153,176.65458297729492
154,22.49093437194824
155,4.34135841776485
156,224.5841827392578
157,122.22442245483398
158,124.06603622436523
159,125.08246994018556
160,6.409312844276428
161,26.042428970336918
162,4.547046840190888
163,249.2628402709961
164,2.902949571609497
165,41.19219970703125
166,216.2943344116211
167,317.9148597717285
168,7.055281400680542
169,1.6032897713463952
170,250.7655563354492
171,3.00889503955841
172,4.2649237513542175
173,-25.004008769989014
174,3.8725637197494502
175,5.662211418151856
176,124.67706489562988
177,78.19242286682129
178,318.5540466308594
179,150.03635787963867
180,227.8091087341309
181,6.352965010135211
182,2.3797483444213867
183,293.4712715148926
184,6.776502728462219
185,1.6166837272608812
186,3.706047713756561
187,2.8905060595763588
188,4.009959399700165
189,82.54711151123047
190,4.369233310222626
191,2.282308064891907
192,28.286945819854736
193,3.0071131587028503
194,330.93013763427734
195,87.86289405822754
196,265.3506393432617
197,141.38986206054688
198,227.3872413635254
199,71.47110652923584
200,2.3392327751655784
201,3.1235512495040894
202,93.29672241210938
203,50.92524337768555
204,4.378436207771301
205,257.840633392334
206,48.69557571411133
207,230.23236083984372
208,157.6926097869873
209,54.69478797912598
210,182.73613739013672
211,60.30733680725098
212,113.1344871520996
213,253.8543586730957
214,78.1058292388916
215,10.267944931983948
216,159.03692436218262
217,80.90424728393555
218,188.12585067749023
219,209.58474731445312
220,5.842993749006361
221,219.04406356811523
222,174.320068359375
223,2.874039828777313
224,195.037109375
225,261.0704917907715
226,210.1208267211914
227,51.13875198364258
228,265.6347885131836
229,265.07616806030273
230,1.6533473134040833
231,219.4122734069824
232,42.53452396392822
233,57.0933198928833
234,240.33650588989255
235,105.46356964111328
236,2.2924331426620483
237,6.45852200090091
238,36.79979991912842
239,6.313539981842041
240,177.85517120361328
241,316.90854263305664
242,234.20166015625
243,4.024550795555115
244,3.8236061930656433
245,39.54734134674072
246,117.59829902648926
247,121.54311561584473
248,5.9304484813059695
249,5.8311920166015625
250,64.51256275177002
251,65.91338157653809
252,213.1097755432129
253,7.684408647616977
254,153.60809707641602
255,-52.2796106338501
256,6.869857023239854
257,2.158945004396833
258,82.8483829498291
259,276.47836685180664
260,2.359473969378016
261,5.653125524520874
262,6.3320488929748535
263,-35.12975597381592
264,3.9006934406577445
265,3.62516450881958
266,2.1004182398319244
267,4.035570712956406
268,1.6673557042394893
269,210.1738815307617
270,3.0173485693347457
271,167.13985061645508
272,136.74154472351074
273,4.653594374656677
274,4.602382004261017
275,328.40526580810547
276,187.64756774902344
277,224.7663688659668
278,-55.09690475463867
279,4.375029981136322
280,197.228702545166
281,5.20016884803772
282,151.95088386535645
283,255.6089324951172
284,140.6791534423828
285,260.0041313171387
286,147.6420555114746
287,229.5528221130371
288,6.464780807495117
289,131.0583782196045
290,4.600107371807098
291,110.66942977905272
292,3.784637868404389
293,82.04968452453613
294,107.4710693359375
295,5.212997198104858
296,127.34845352172852
297,43.60778617858887
298,-43.54631519317627
299,216.1766586303711
300,5.602949142456055
301,4.189990341663361
302,5.053130774583245
303,4.463785588741303
304,4.016901883435183
305,4.81974333524704
306,212.54005432128903
307,3.082897692761208
308,3.120627224445343
309,126.28387451171876
310,2.3650241361558537
311,2.2093875596504056
312,3.5332510471343994
313,127.11276245117188
314,4.028760787349434
315,1.335058867931366
316,2.773734509944916
317,3.912141919136048
318,3.85261194711996
319,71.68842220306396
320,1.8914062202353206
321,6.255370259284973
322,2.5268998742103577
323,1.8456632083027709
324,2.4625671484666043
325,3.702148914337158
326,4.8584747314453125
327,46.61711311340332
328,4.444953083992004
329,110.62991523742676
330,60.20128631591797
331,20.060072660446167
332,5.603110194206238
333,3.158079147338867
334,6.633922219276428
335,140.4890174865723
336,4.051284093213643
337,2.397596125246081
338,145.6624298095703
339,45.36273097991944
340,296.4819641113281
341,117.10619163513184
342,77.21378421783447
343,3.5638265596224845
344,2.4874714016914368
345,120.82346534729004
346,2.783875823020935
347,5.189054750213727
348,45.7514533996582
349,-46.25926876068115
350,122.1353645324707
351,248.34965896606445
352,37.41055393218994
353,1.1161649978415493
354,5.87401282787323
355,340.5220260620117
356,224.69004440307617
357,2.9558992981910706
358,-2.203102618455887
359,4.329034447669983
360,146.55342483520508
361,4.315222084522247
362,5.4512828679439185
363,7.3870790004730225
364,4.313526749610901
365,5.24629533290863
366,63.944786071777344
367,4.618910849094391
368,249.8285179138184
369,5.174218174034918
370,-27.923285961151123
371,249.1047019958496
372,59.29936599731445
373,180.0903434753418
374,8.331995368003845
375,100.36849403381348
376,2.8987345695495605
377,2.880140900611877
378,3.7346637261909317
379,3.442233979701996
380,0.6576179596923706
381,5.929920196533203
382,6.751825968305342
383,133.19765663146973
384,1.8061472326372812
385,3.8130225941466267
386,279.54594802856445
387,2.8820079565048218
388,4.12876158952713
389,69.82307147979736
390,5.269548007762487
391,167.0627403259277
392,6.2482041120529175
393,3.884306850473868
394,319.3786430358887
395,190.31308364868164
396,2.5529940724372864
397,1.7959867835990955
398,6.08561897277832
399,185.38455963134768
400,244.38640213012692
401,1.6883624762791054
402,6.214829748762008
403,5.750542977947508
404,5.814051032066345
405,18.78333210945129
406,7.281798958778381
407,-57.23871421813965
408,4.075288057327271
409,2.875270454049626
410,3.5583542585372925
411,2.4256164729595184
412,-9.6074321269989
413,343.1115036010742
414,5.730860114097595
415,44.85288238525391
416,3.295023560523987
417,6.64700984954834
418,5.691033840179443
419,5.53422224521637
420,4.203150689601898
421,147.58357429504397
422,165.47371292114258
423,160.01935958862305
424,164.53265380859375
425,5.780568480491638
426,238.0876502990723
427,3.250255222283865
428,206.24473190307617
429,2.7577757835388184
430,4.552321970462799
431,265.3397254943848
432,148.1647720336914
433,15.421330213546751
434,6.0665980650207345
435,54.43280601501465
436,262.80272674560547
437,231.16207122802732
438,177.40555572509766
439,5.853797912597656
440,254.42534255981445
441,218.36038970947263
442,128.43554878234863
443,324.8549118041992
444,5.462415655861871
445,6.182119984991061
446,55.888315200805664
447,1.409258220935126
448,6.14757239818573
449,303.7487907409668
450,276.3158302307129
451,165.87308883666992
452,233.60787963867188
453,1.8819188058023228
454,4.631870753259327
455,150.21970558166504
456,2.495117276906967
457,4.776661455631256
458,268.9068984985352
459,71.26297855377197
460,20.87147092819214
461,127.9558162689209
462,6.766555309295654
463,189.2748336791992
464,5.199400067329407
465,145.6322956085205
466,61.899367332458496
467,2.251058760328933
468,5.438554406166077
469,41.09746742248535
470,30.51393795013428
471,1.8078505745711255
472,1.889824765816126
473,32.605706214904785
474,5.957804918289185
475,96.76907157897948
476,6.431177616119385
477,2.078926742076874
478,4.331910490989685
479,211.09790802001956
480,4.197265625
481,6.0513691902160645
482,191.71490859985352
483,1.7628265681338435
484,216.25284957885745
485,110.90193176269533
486,4.40211178603718
487,2.3791551887989044
488,207.6811408996582
489,2.570109367370605
490,4.560308992862701
491,6.481933224331439
492,3.7626543045043945
493,3.974863886833191
494,241.06057739257807
495,5.73643970489502
496,118.31304740905762
497,6.157008767127991
498,5.705451846122742
499,5.4479329844763384
500,4.628859639167786
501,3.067017018795013
502,334.4888610839844
503,97.81255149841309
504,4.083704590797424
505,1.9143121963535452
506,6.246696710586548
507,328.4910430908203
508,79.15235328674316
509,281.454532623291
510,3.651866614818573
511,144.7335262298584
512,202.62317657470703
513,216.52034759521484
514,337.74596405029297
515,314.75075912475586
516,220.7733688354492
517,268.72422790527344
518,7.145470857620239
519,46.96277904510498
520,298.3530693054199
521,1.6018613390567682
522,3.8769723645689234
523,192.9611549377441
524,4.370079576969147
525,165.59734725952148
526,5.878634572029114
527,4.677529850675731
528,4.393106400966644
529,6.350946725407147
530,263.2978706359863
531,99.51549911499023
532,3.71037882566452
533,108.48802375793456
534,4.509836014598219
535,6.874846745121792
536,5.894954919815064
537,1.4129418623590528
538,5.0236122608184814
539,276.3358497619629
540,268.38267517089844
541,236.57030487060547
542,51.85203170776367
543,74.43893051147461
544,5.307667442253122
545,3.948031187057495
546,3.9687055945396414
547,2.0499905782958034
548,316.8949775695801
549,5.647377014160156
550,239.19926071166992
551,5.86003303527832
552,120.14439392089844
553,4.102669775485992
554,72.00369548797607
555,100.00977325439452
556,234.2397308349609
557,198.8986968994141
558,5.037195026874542
559,6.172742287178796
560,157.86821174621582
561,94.96784591674805
562,145.99220848083496
563,3.10809725522995
564,37.68465614318848
565,162.00173568725586
566,2.4560411870479584
567,46.35026264190674
568,115.49328422546388
569,315.9574317932129
570,3.664534449577332
571,198.45597457885745
572,3.169160736315983
573,88.38400840759277
574,92.2325668334961
575,7.548264503479004
576,1.873588463729583
577,2.925335168838501
578,176.9909553527832
579,13.553807497024536
580,290.6974372863769
581,50.75248908996582
582,79.52069568634033
583,5.56588625907898
584,3.127621293067932
585,147.80952072143555
586,4.783219933509827
587,205.05723190307617
588,3.0947404503822327
589,187.0921173095703
590,272.0771903991699
591,141.4100227355957
592,6.8450727130238525
593,251.64922332763672
594,284.0972137451172
595,15.990314960479736
596,5.285346342287708
597,137.6989688873291
598,2.874531062315895
599,89.74451065063477
600,175.2719688415527
601,139.7533779144287
602,15.630497932434082
603,2.0654274266195807
604,238.49560546875
605,2.5928526520729065
606,2.805830717086792
607,6.866492033004761
608,42.25553035736084
609,271.1798553466797
610,30.84532833099365
611,63.966423988342285
612,-2.555786281824112
613,12.627489805221558
614,48.63727378845215
615,1.8978957930066387
616,170.7406463623047
617,-60.127540588378906
618,220.44953155517575
619,4.846510112285614
620,5.520347952842712
621,178.89828491210938
622,97.61808586120604
623,190.90377044677732
624,205.21319580078125
625,2.402932040290287
626,1.92346644311557
627,73.02604484558105
628,4.373758375644684
629,225.67199325561523
630,4.452334344387054
631,2.130621795209768
632,191.57108306884768
633,126.6627025604248
634,223.3107795715332
635,2.4655388593673706
636,110.95863342285156
637,90.99286270141602
638,6.677704692912661
639,19.18928623199463
640,113.64435005187988
641,6.78693437576294
642,3.057635486125946
643,294.9343605041504
644,3.368644416332245
645,90.87460136413574
646,65.75976085662842
647,183.6405334472656
648,244.0583038330078
649,379.9603042602539
650,331.35338592529297
651,108.8312530517578
652,39.11539316177368
653,3.2753559350967407
654,186.97235870361328
655,-9.175227403640749
656,196.04016876220703
657,156.5359592437744
658,295.11804962158203
659,1.847608048868382
660,122.84423637390135
661,3.9172148609404824
662,124.87521171569824
663,3.878798981487873
664,-34.95837211608887
665,88.44146347045898
666,131.43331146240234
667,232.87257385253903
668,327.5044174194336
669,98.23247146606444
670,204.77814483642575
671,112.75297355651855
672,79.47743892669678
673,4.622651527413505
674,5.845985531806946
675,6.228126525878906
676,5.535127464791993
677,18.23816204071045
678,176.375732421875
679,5.136086702346802
680,3.185074865818024
681,1.9308716331882532
682,93.9026985168457
683,5.720958425525254
684,180.1124267578125
685,194.6936798095703
686,5.788789391517639
687,367.8667449951172
688,65.96059989929199
689,95.55340003967284
690,316.14569091796875
691,3.8455157295461713
692,76.96491050720215
693,5.500832668452771
694,6.610259532775791
695,4.526429533958435
696,296.4382781982422
697,1.0179974283371576
698,221.6272010803223
699,1.826885163784027
700,247.76256942749023
701,3.636952579021454
702,4.282417297363281
703,56.30269813537598
704,76.93294429779053
705,146.6778793334961
706,179.20304107666016
707,176.89373397827148
708,61.91346263885498
709,77.60549640655518
710,204.443115234375
711,238.57387161254883
712,6.427641371677368
713,29.596088409423828
714,6.748586297035217
715,248.93702697753903
716,3.1645060181617737
717,86.86968421936035
718,356.22633361816406
719,212.55405044555664
720,5.0735924243927
721,149.43074989318848
722,2.372762619776971
723,6.658901019666052
724,2.134488850831985
725,2.5292593334287026
726,112.71104049682616
727,246.5546989440918
728,60.21333026885986
729,58.09033966064453
730,74.98495292663574
731,290.0491981506348
732,4.627563774585724
733,6.625022768974304
734,11.091031074523926
735,249.1123046875
736,35.76036739349365
737,43.0373649597168
738,115.19376945495604
739,309.35543060302734
740,142.82751083374023
741,5.173329651355743
742,268.9054298400879
743,99.24388122558594
744,1.818178141629722
745,285.1308288574219
746,169.36480331420898
747,3.915095746517181
748,57.57711696624756
749,55.91532516479492
750,193.18913650512692
751,43.93577289581299
752,254.39691543579104
753,1.8462559187152834
754,240.7822265625
755,6.42381477355957
756,5.95607316493988
757,219.0833320617676
758,1.9506927475437434
759,56.38409614562988
760,15.34931778907776
761,190.2563819885254
762,5.393630623817444
763,2.0848742627523102
764,78.51088428497314
765,4.535218000411987
766,41.04156303405762
767,0.8966962844133377
768,5.017197012901306
769,5.899750113487244
770,2.113492403818216
771,253.93329620361328
772,69.42903995513916
773,132.15268898010254
774,-36.67898416519165
775,17.674425840377808
776,4.271684307788547
777,222.1029815673828
778,-2.589488595724106
779,154.2746410369873
780,76.67713165283203
781,313.2825622558594
782,3.717745780944824
783,39.75734758377075
784,2.5737608075141907
785,48.09051990509033
786,129.2942657470703
787,5.459660172462463
788,1.8678535770827067
789,176.12408828735352
790,80.83429527282715
791,-22.54116725921631
792,115.43610382080078
793,-49.669546127319336
794,331.37381744384766
795,-53.16153430938721
796,120.71882820129396
797,3.5204411149024963
798,50.25219917297363
799,3.3008046746253967
800,5.786797642707825
801,221.77498626708984
802,90.52780532836914
803,160.2506332397461
804,6.464570045471191
805,1.7867260642407252
806,169.2460060119629
807,2.5521599650383
808,87.77873420715332
809,1.6038798157409726
810,51.45395183563232
811,249.6028060913086
812,84.68231582641602
813,286.4190368652344
814,5.821792125701904
815,4.680789444956213
816,7.035913506622689
817,2.8498939871788025
818,0.1869793944060802
819,5.480173349380493
820,78.33671474456787
821,5.413553476333618
822,2.0760935981632107
823,29.11362838745117
824,82.16528511047363
825,6.916629879410591
826,71.76131248474121
827,4.1271185874938965
828,6.437142372131348
829,39.43588352203369
830,181.1597671508789
831,101.37324142456056
832,6.024282336235046
833,267.3507652282715
834,195.23696517944336
835,135.33366584777832
836,2.451595902442932
837,77.32750511169434
838,168.1867561340332
839,6.104135155677795
840,186.8126640319824
841,142.0526466369629
842,65.19895553588867
843,2.5676862904553133
844,3.444239675998688
845,5.411805629730225
846,6.162624770092535
847,5.5651140213012695
848,148.0147247314453
849,6.46797692146157
850,76.94642925262451
851,27.406785488128666
852,16.275013208389282
853,102.31257247924805
854,18.57172131538391
855,6.706068277359009
856,248.06814575195312
857,85.8741512298584
858,50.28213119506836
859,234.1048164367676
860,2.1038115778064768
861,3.378659963607788
862,2.997292995452881
863,113.28140258789062
864,245.14305877685547
865,283.2490768432617
866,221.3473052978516
867,5.396264314651489
868,120.37739753723145
869,141.88805770874023
870,134.12085151672363
871,162.08117294311523
872,147.08070182800293
873,2.855251908302307
874,68.14666557312012
875,6.223820805549622
876,97.51345634460448
877,32.818477630615234
878,112.82913017272948
879,5.343264170997888
880,6.59087336063385
881,170.1638946533203
882,5.771480013993046
883,251.46542739868164
884,5.920177102088928
885,182.3729057312012
886,52.68094444274902
887,2.3311667740345
888,2.1433064443503174
889,220.3625221252441
890,3.904031455516815
891,2.890360653400421
892,62.96686267852783
893,5.177347299580935
894,-9.511218905448914
895,3.5481026768684387
896,224.90301132202148
897,2.4698873636382337
898,227.21477127075195
899,-50.39994144439697
900,237.8061752319336
901,3.8488894606833943
902,190.71600341796875
903,5.295992970466614
904,136.1020107269287
905,1.9354096834391314
906,0.7602754047731799
907,200.55224609375
908,30.20653486251831
909,85.7635269165039
910,2.327628934596832
911,6.540114641189575
912,262.05004119873047
913,163.30993270874023
914,310.1594009399414
915,71.68481922149658
916,116.76755714416504
917,-7.841616153717041
918,2.3794544637203217
919,2.9196733832359314
920,387.91381072998047
921,132.63039588928223
922,203.1030311584473
923,2.398455172777176
924,86.72953414916992
925,184.8193626403809
926,50.05401134490967
927,73.10967063903809
928,5.258910775184631
929,41.21410083770752
930,51.4274845123291
931,227.68172073364255
932,193.53168869018555
933,5.257116381813117
934,2.098264561510174
935,178.78267669677734
936,46.763671875
937,3.5513999473167797
938,4.711408017879423
939,127.11427879333496
940,1.3409119527046363
941,5.8140632541711
942,4.86755773247072
943,109.613037109375
944,4.050471603870392
945,2.0310853136026727
946,72.4666109085083
947,42.836018562316895
948,63.592281341552734
949,242.0559120178223
950,374.0442733764648
951,13.2417311668396
952,-16.815595865249634
953,6.3821330931082985
954,250.4724540710449
955,197.0703659057617
956,155.46077728271484
957,2.2764963146186035
958,3.0614894032478333
959,198.9075164794922
960,74.57823944091797
961,179.58910369873047
962,3.017027199268341
963,6.416448473930359
964,5.104872345924377
965,6.4623907564437815
966,3.771171689033508
967,36.528433322906494
968,180.3210487365723
969,179.00231552124023
970,6.393450138747237
971,359.9137420654297
972,5.683064818382263
973,106.11796951293944
974,5.513873815536499
975,4.2824864983558655
976,5.183724403381348
977,186.7468147277832
978,304.5527458190918
979,2.3100680708885197
980,1.820935664994019
981,-18.94881558418274
982,61.73905754089356
983,298.2505226135254
984,323.0674743652344
985,256.1439437866211
986,109.82461547851562
987,3.0121363572303976
988,244.3477325439453
989,333.8538589477539
990,88.02779006958008
991,4.08315365533684
992,292.44055938720703
993,204.8353729248047
994,3.079672157764435
995,-15.416802167892456
996,14.060268878936768
997,2.0844848418285813
998,45.85108375549317
999,90.04568099975586
1000,-20.51444959640503
1001,287.57676696777344
1002,176.5364112854004
1003,5.722727417945862
1004,1.2672332880286499
1005,1.7817062876420362
1006,3.802872250310655
1007,148.77323722839355
1008,1.9934267171210165
1009,6.35925567150116
1010,13.488883018493652
1011,266.0965156555176
1012,28.399447441101078
1013,208.9997329711914
1014,77.94008731842041
1015,230.9002990722656
1016,6.410745143890381
1017,5.271187663078308
1018,3.252362109399676
1019,6.308502137787144
1020,4.210151672363281
1021,122.85703468322754
1022,85.75198936462402
1023,182.3476448059082
1024,172.94052505493164
1025,5.393004775047302
1026,3.866518199443817
1027,4.750326752662659
1028,81.15910148620605
1029,3.7091486199521313
1030,31.857975482940677
1031,266.3565864562988
1032,3.137603461742401
1033,2.66094982624054
1034,220.76445388793945
1035,1.3747588469945637
1036,238.8687896728516
1037,6.631827354431152
1038,52.38105773925781
1039,3.7224845618589932
1040,-19.49991464614868
1041,3.08912855386734
1042,3.6395787596702576
1043,4.119015097618103
1044,327.1383056640625
1045,119.96808624267578
1046,42.28900718688965
1047,228.06428146362305
1048,1.8041200179844628
1049,2.872917652130127
1050,6.0486188857916705
1051,97.19207954406738
1052,178.40349197387695
1053,261.50959396362305
1054,6.218981504440308
1055,20.64498519897461
1056,33.4586181640625
1057,4.375650405883789
1058,2.9262300729751587
1059,2.8181309700012207
1060,109.0926570892334
1061,3.1874895095825195
1062,5.993286728858948
1063,303.3057861328125
1064,216.4250030517578
1065,80.73945426940918
1066,257.5890388488769
1067,263.1176643371582
1068,5.794486403465271
1069,4.313920855522156
1070,324.1282272338867
1071,165.3741340637207
1072,5.27186895537729
1073,3.412499725818634
1074,6.203656792640686
1075,5.243093609809876
1076,285.7006492614746
1077,6.274697184562683
1078,157.0327110290527
1079,2.674189031124115
1080,2.6615949385804822
1081,5.931314587593079
1082,4.018784582614899
1083,3.694396821071845
1084,6.243199348449707
1085,120.42826271057127
1086,184.69309616088867
1087,68.99405288696289
1088,290.0562515258789
1089,8.495742466087576
1090,124.63774299621582
1091,269.7650680541992
1092,5.728995680809021
1093,3.6172749996185294
1094,6.736531853675842
1095,3.3064380288124084
1096,2.3014111610780272
1097,4.974339365959168
1098,81.29076766967773
1099,112.22728538513184
1100,5.493258585268139
1101,4.811993046904607
1102,5.856704831123352
1103,266.4553031921387
1104,4.8200668112875045
1105,114.73026275634766
1106,4.8324875831604
1107,6.210759401321411
1108,16.457473516464233
1109,109.51762008666992
1110,102.79149055480956
1111,3.458020387610948
1112,217.64827728271484
1113,2.5442503690719604
1114,162.88937759399414
1115,-27.391690731048584
1116,5.413982686860362
1117,298.78152084350586
1118,289.1878700256348
1119,4.647155940532684
1120,42.85478115081787
1121,13.85574722290039
1122,245.03553771972656
1123,3.4960917830467224
1124,168.71587371826172
1125,2.7533355941548168
1126,87.37237739562988
1127,6.361577272415161
1128,-26.699074268341064
1129,178.78207778930664
1130,6.207402229309082
1131,46.882469177246094
1132,4.256705701351166
1133,-42.00070285797119
1134,187.2692909240723
1135,206.6154327392578
1136,-47.19596004486084
1137,4.143616989448245
1138,58.47942066192627
1139,121.75620460510254
1140,114.55617904663086
1141,199.13822555541992
1142,143.24374389648438
1143,28.57736349105835
1144,-35.98710060119629
1145,110.00987434387208
1146,39.0359582901001
1147,4.354390859603882
1148,106.3796329498291
1149,36.91943883895874
1150,4.034282624721527
1151,1.351643237239123
1152,3.859914412283517
1153,4.162033438682556
1154,31.076399326324463
1155,174.30169296264648
1156,6.547841310501099
1157,91.21039009094238
1158,191.35355377197263
1159,113.13305473327635
1160,108.64713668823242
1161,1.725873328484919
1162,5.493549942970276
1163,5.4600017066834825
1164,4.786785840988159
1165,209.57123947143555
1166,61.08760356903076
1167,-17.87602424621582
1168,4.894655883312225
1169,175.0220718383789
1170,4.708632469177246
1171,4.182952941766684
1172,-18.799889087677
1173,4.119060814380646
1174,176.24603652954102
1175,-64.53802871704102
1176,236.12960052490237
1177,2.0189257599557733
1178,144.0571689605713
1179,2.9077259001528626
1180,2.202528953552246
1181,2.008051812648773
1182,146.53755378723145
1183,7.30620417107673
1184,3.7514294385910034
1185,271.2302131652832
1186,117.39023780822754
1187,4.28714519739151
1188,3.254827916622162
1189,156.85881423950195
1190,3.465283751487732
1191,3.106069266796112
1192,4.886320344261568
1193,152.5383758544922
1194,5.422753810882568
1195,2.1639375833674577
1196,267.8123817443848
1197,91.60330963134766
1198,2.7557144165039062
1199,255.42867279052732
1200,61.93253517150879
1201,243.2235984802246
1202,67.59719753265381
1203,3.350439044218412
1204,158.38152694702148
1205,1.813774271460932
1206,162.52289581298828
1207,117.86683082580566
1208,219.6931114196777
1209,234.08376693725583
1210,201.9466781616211
1211,233.19193267822263
1212,6.028549441748975
1213,3.7275335788726807
1214,203.31454849243164
1215,94.07566261291504
1216,235.7523002624512
1217,192.15330123901367
1218,-56.87566947937012
1219,6.161700010299683
1220,5.81805682182312
1221,255.11466598510745
1222,5.948483353231569
1223,2.4995235800743103
1224,2.8870842456817627
1225,113.28442764282228
1226,1.2604830747696347
1227,4.7032360434532166
1228,2.2596461176872253
1229,42.26962375640869
1230,98.2177619934082
1231,238.7243881225586
1232,1.8211483182647523
1233,-4.878033518791199
1234,2.7969544529914856
1235,16.335335731506348
1236,261.43194580078125
1237,3.5174646973609924
1238,2.421272963285446
1239,1.825039654970169
1240,49.63914299011231
1241,2.082646624207247
1242,4.626480102539063
1243,5.03497052881785
1244,196.0515251159668
1245,3.962907075881958
1246,266.107723236084
1247,5.697910785675049
1248,106.52206230163574
1249,167.7811393737793
1250,7.190380367005544
1251,41.76658248901367
1252,5.811977505683899
1253,3.89887684583664
1254,4.027544140815735
1255,34.27546501159668
1256,81.05980682373047
1257,140.92641258239746
1258,262.6533432006836
1259,48.82652950286865
1260,255.93563079833984
1261,5.904304385185242
1262,5.728816986083984
1263,203.98141860961917
1264,2.511644810438156
1265,18.86200308799744
1266,120.94182014465332
1267,2.543954952389694
1268,6.192219495773315
1269,286.91364669799805
1270,-54.35515785217285
1271,254.95575714111328
1272,52.044365882873535
1273,13.065982103347778
1274,222.3318901062012
1275,206.52215576171875
1276,41.34162902832031
1277,4.378132593904736
1278,1.5732735693454742
1279,4.012296497821808
1280,-58.30250072479248
1281,3.324066042900085
1282,107.44966888427734
1283,179.25580978393555
1284,2.648021280765533
1285,-51.34113883972168
1286,2.9348488450050354
1287,46.847662925720215
1288,109.29410171508788
1289,4.026210367679596
1290,205.52444458007807
1291,3.3427723050117493
1292,40.505099296569824
1293,113.10580444335938
1294,264.95993423461914
1295,172.91017150878906
1296,6.089134573936462
1297,55.99806880950928
1298,7.923405170440674
1299,5.861458808852998
1300,180.1472930908203
1301,254.06930923461917
1302,221.39398193359372
1303,6.0013850927352905
1304,3.6035496357226053
1305,4.927741646766663
1306,58.145365715026855
1307,144.01567268371582
1308,1.8549246995843882
1309,4.733402624193167
1310,350.4093551635742
1311,2.5971710681915283
1312,6.90945661521379
1313,42.24794101715088
1314,168.4917106628418
1315,201.63021087646484
1316,264.44610595703125
1317,82.28457069396973
1318,2.1299621655454746
1319,223.77368927001956
1320,255.4822540283203
1321,21.029221773147583
1322,52.09376525878906
1323,255.11725997924805
1324,261.4744110107422
1325,47.86994552612305
1326,58.575544357299805
1327,258.3114318847656
1328,2.62857323884964
1329,5.931358010832243
1330,123.16471862792967
1331,-0.8353223353624344
1332,303.41851806640625
1333,1.7770651578903198
1334,346.7909240722656
1335,1.8901399601034976
1336,115.4617404937744
1337,26.21109676361084
1338,250.53397369384768
1339,6.251543641090393
1340,182.0484619140625
1341,242.6477394104004
1342,185.3049049377441
1343,43.198387145996094
1344,141.27902603149414
1345,3.0728245189566668
1346,62.41987991333008
1347,93.40536117553712
1348,2.8086467342780184
1349,216.1061744689941
1350,54.074713706970215
1351,227.8200340270996
1352,2.4884738326072693
1353,18.73692297935486
1354,4.851330637931824
1355,5.882926245566562
1356,3.922367246560931
1357,6.783977270126343
1358,6.43723738193512
1359,1.685327015417071
1360,319.21589279174805
1361,4.371095955371857
1362,6.480749727669598
1363,67.65127086639404
1364,3.3311758637428284
1365,5.810077548027039
1366,6.5792889273377275
1367,5.784688949584961
1368,16.881057024002075
1369,191.01798248291016
1370,275.63814544677734
1371,229.9365768432617
1372,27.73099184036255
1373,3.638230621814728
1374,196.5408706665039
1375,181.2280311584473
1376,5.369039535522461
1377,4.786096155643463
1378,111.20086669921876
1379,83.5215892791748
1380,101.58810997009276
1381,231.27764892578125
1382,79.8563232421875
1383,52.32499313354492
1384,-8.935590267181396
1385,173.97798538208008
1386,1.97856804728508
1387,59.63815784454346
1388,1.6468954157170597
1389,231.1254425048828
1390,198.17492294311523
1391,57.3127498626709
1392,58.46692943572998
1393,273.89933013916016
1394,-10.927363634109495
1395,37.15708875656128
1396,182.31878280639648
1397,5.596598386764526
1398,207.99097442626956
1399,1.6189059020146126
1400,113.21150207519533
1401,341.6324615478516
1402,52.97135162353516
1403,267.9948196411133
1404,95.6528263092041
1405,129.2686004638672
1406,1.936933029780324
1407,111.1017246246338
1408,7.560722338301806
1409,3.719879627227783
1410,255.69594192504883
1411,258.9876480102539
1412,-30.869525909423828
1413,116.36048698425292
1414,248.6552772521973
1415,2.3921781182289124
1416,2.513597279787064
1417,4.018020689487457
1418,330.61026763916016
1419,165.09395599365234
1420,4.385299444198608
1421,51.030014991760254
1422,6.293075442314148
1423,3.317464828491211
1424,5.195096169212459
1425,2.0328039424799145
1426,-33.62900447845459
1427,3.713304460048676
1428,4.342862188816071
1429,3.2046194672584534
1430,4.500737249851227
1431,6.153784513473511
1432,166.2681427001953
1433,2.5386800169944763
1434,6.32202684879303
1435,4.688153491052048
1436,-44.298465728759766
1437,155.2858009338379
1438,108.76230239868164
1439,6.282709717750549
1440,2.3574109077453613
1441,142.78632926940918
1442,197.35557556152344
1443,54.88867378234863
1444,5.830637097358704
1445,51.24094581604004
1446,277.03705978393555
1447,222.90830993652344
1448,-27.152657985687256
1449,5.822949647903442
1450,271.590446472168
1451,144.98501014709473
1452,5.0096471309661865
1453,5.886639798075015
1454,186.67487716674805
1455,71.17830848693848
1456,-0.7880158349871635
1457,7.676970632802544
1458,4.857521057128906
1459,306.51684951782227
1460,349.3186569213867
1461,143.85843467712402
1462,-14.45257568359375
1463,74.95603561401367
1464,5.69975221157074
1465,2.945007622241974
1466,244.41001892089844
1467,5.590106844902039
1468,5.489991620557985
1469,40.98003387451172
1470,3.800235509872437
1471,31.36255168914795
1472,6.571260571479797
1473,2.534955322742462
1474,248.18392944335935
1475,112.55639839172365
1476,6.597448110580444
1477,2.468066930770874
1478,113.11076736450195
1479,4.82174426317215
1480,131.5840663909912
1481,5.885871887207031
1482,156.57209396362305
1483,6.220995783805847
1484,237.8465690612793
1485,182.5134925842285
1486,6.3759341337250035
1487,3.4801682233810425
1488,82.08896446228027
1489,10.047699332237244
1490,84.08783912658691
1491,3.277950406074524
1492,1.9934590484284982
1493,7.521985054016113
1494,5.18144428730011
1495,30.19949102401733
1496,7.329459683230286
1497,67.9280138015747
1498,5.751864671707153
1499,70.08395767211914
1500,6.9213677189690115
1501,5.634600043296814
1502,80.98634719848633
1503,5.609373450279236
1504,2.1708001929957437
1505,4.635784864425659
1506,213.5921630859375
1507,50.29736232757568
1508,101.89802742004396
1509,77.19580364227295
1510,3.032300628451619
1511,43.33448123931885
1512,74.08103275299072
1513,5.870951909787374
1514,285.4221382141113
1515,54.42008209228516
1516,2.7369983350741816
1517,368.4625625610352
1518,4.377596855163574
1519,252.05295944213867
1520,5.16247088459888
1521,60.903971672058105
1522,4.890248537063599
1523,2.6889805793762207
1524,118.05125617980956
1525,-29.368286609649655
1526,2.412964744745571
1527,5.843114376068115
1528,3.751765668392181
1529,211.16671752929688
1530,270.8694763183594
1531,3.45492115144691
1532,6.164317856662359
1533,3.4049092531204224
1534,-6.420362830162048
1535,72.59153461456299
1536,5.813080430030823
1537,2.6486780471632985
1538,294.6927719116211
1539,175.2158317565918
1540,2.1982365566292685
1541,137.60405921936035
1542,3.1657345081479225
1543,22.044584274291992
1544,7.6509258508911175
1545,3.7185974527399184
1546,6.001021504402161
1547,-11.177498579025269
1548,213.0018424987793
1549,36.54273509979248
1550,3.983801782131195
1551,2.267074469106126
1552,236.0317497253418
1553,6.097091794013977
1554,275.87049102783203
1555,146.53361892700195
1556,4.337313711643219
1557,21.938733100891117
1558,3.7434325928506684
1559,234.2061653137207
1560,169.57384490966797
1561,189.55865097045896
1562,235.51121139526367
1563,105.52310752868652
1564,3.3388324975967407
1565,87.17545318603516
1566,3.7095539569854736
1567,4.160521626472473
1568,85.91990089416504
1569,17.866650819778442
1570,287.059871673584
1571,3.465249538421631
1572,79.96009922027588
1573,2.4577171869466596
1574,4.0862478613853455
1575,5.51695728302002
1576,4.349773824214935
1577,5.719150304794312
1578,84.94792366027832
1579,5.244537115097046
1580,199.65083694458008
1581,216.1541557312012
1582,6.660028100013733
1583,294.06643295288086
1584,313.4365539550781
1585,6.09419047832489
1586,4.808378557829834
1587,57.37240886688232
1588,292.81525802612305
1589,7.150527358055115
1590,6.228592038154602
1591,147.89569664001465
1592,7.024943426805736
1593,115.9762840270996
1594,149.97661209106445
1595,108.51215934753418
1596,5.61960784334626
1597,57.58649349212647
1598,6.513480424880981
1599,3.787947952747345
1600,4.681875929828676
1601,3.0292597239486563
1602,5.898211649696341
1603,268.834903717041
1604,50.18647289276123
1605,100.55538368225098
1606,261.1632614135742
1607,15.226489067077637
1608,3.6018106341362
1609,7.2266716957092285
1610,3.235832631587982
1611,194.91169357299805
1612,85.60764122009277
1613,2.5081046521663666
1614,276.58432388305664
1615,5.639460802078247
1616,4.13938570022583
1617,180.8331718444824
1618,221.25066375732425
1619,13.54142951965332
1620,45.06860256195069
1621,2.692568361759186
1622,2.579695701599121
1623,2.9432533760906
1624,249.0169219970703
1625,81.75547218322754
1626,1.6250200177565022
1627,34.0360050201416
1628,3.66186672449112
1629,193.66509628295896
1630,83.93182945251465
1631,3.574598195296924
1632,297.684139251709
1633,5.0893378257751465
1634,6.896676063537598
1635,3.4291773438453674
1636,4.387082981413743
1637,6.4615359719278675
1638,187.05357360839844
1639,42.31736755371094
1640,4.754457056522369
1641,302.95174407958984
1642,146.5678768157959
1643,198.78793716430664
1644,113.66780281066896
1645,191.0224151611328
1646,5.784548255407326
1647,6.573135495185852
1648,33.265069007873535
1649,4.454188088498675
1650,98.22366142272948
1651,6.422925353050232
1652,6.351040363311768
1653,227.53410720825195
1654,6.593285322189331
1655,310.0127983093262
1656,59.14490699768066
1657,1.1700566896430862
1658,274.75822830200195
1659,2.1670244517006743
1660,2.1962335109710693
1661,6.436597283465973
1662,197.5041656494141
1663,5.899726510047913
1664,127.37475395202635
1665,1.1442543553656197
1666,86.17524147033691
1667,-59.234646797180176
1668,254.5789451599121
1669,55.77266311645508
1670,2.0928305089070665
1671,2.537018775891788
1672,5.687529802322388
1673,4.626229822635651
1674,144.74396896362305
1675,2.1945699442924904
1676,-56.45797061920166
1677,32.83035707473755
1678,9.524145603179932
1679,216.04331970214844
1680,98.37231826782228
1681,1.3915674239534592
1682,3.006357610225677
1683,65.30886745452881
1684,27.3943133354187
1685,6.4223926067352295
1686,139.62155532836914
1687,7.271162748336792
1688,161.80615234375
1689,266.00041580200195
1690,3.0634990334510803
1691,3.78591867911405
1692,3.62741357088089
1693,2.883029520511627
1694,93.60755157470705
1695,235.9187812805176
1696,127.864896774292
1697,2.0374545753002167
1698,221.3533973693848
1699,178.43696212768555
1700,120.64408111572266
1701,276.1540069580078
1702,-82.84152412414551
1703,5.726261496543884
1704,5.648910881623095
1705,2.962322175502777
1706,99.56827163696288
1707,5.017030011720875
1708,59.49767875671387
1709,137.41209030151367
1710,6.237941900452261
1711,74.88595199584961
1712,1.865808657988897
1713,5.785901546478272
1714,-45.73499870300293
1715,4.737209260463715
1716,2.6899845600128174
1717,24.978273391723636
1718,125.97892761230467
1719,31.41085958480835
1720,6.299720883369446
1721,258.21051025390625
1722,3.622271955013275
1723,164.46133422851562
1724,144.6454200744629
1725,3.534190058708191
1726,4.340656518936157
1727,247.96583557128903
1728,4.206656217575073
1729,3.562854271015449
1730,51.12527561187744
1731,217.3408966064453
1732,5.139562249183655
1733,371.65604400634766
1734,268.11569595336914
1735,204.36773681640625
1736,3.3880497217178345
1737,291.9700012207031
1738,284.90196228027344
1739,191.6127967834473
1740,80.920090675354
1741,129.5599594116211
1742,252.7197608947754
1743,5.110647797584534
1744,113.62437629699708
1745,49.39518070220947
1746,3.6099212590207563
1747,6.987726689898303
1748,176.7250862121582
1749,3.6784977317481142
1750,61.525086402893066
1751,19.71299982070923
1752,7.0799291133880615
1753,5.98353385925293
1754,268.43413162231445
1755,209.88094329833984
1756,1.8789174796105426
1757,225.0636405944824
1758,320.11842346191406
1759,4.644259393215179
1760,268.7029342651367
1761,254.8865165710449
1762,20.33959364891052
1763,40.9070520401001
1764,17.78877830505371
1765,5.227309703826904
1766,235.12110137939453
1767,201.7221946716309
1768,5.704595014186869
1769,94.66937065124512
1770,63.72922992706299
1771,2.9819058179855347
1772,210.55554962158203
1773,260.0695610046387
1774,6.290478734322416
1775,282.7718963623047
1776,2.742006838321686
1777,6.871780872344971
1778,36.627591609954834
1779,9.530871510505676
1780,101.58952331542967
1781,5.676677823066711
1782,197.1528434753418
1783,220.3535614013672
1784,4.185632343176667
1785,64.75516319274902
1786,2.6858158111572266
1787,63.88144397735596
1788,4.798672735691071
1789,2.543097496032715
1790,60.39266109466553
1791,4.112923920154572
1792,2.632873356342316
1793,1.9417173246458153
1794,173.32327270507812
1795,198.6970443725586
1796,278.2767868041992
1797,143.8247032165527
1798,6.433123588562012
1799,202.29087829589844
1800,140.4345874786377
1801,5.112211465835571
1802,1.9602417647838597
1803,152.72952270507812
1804,3.9936642050743103
1805,184.06995010375977
1806,5.61790132522583
1807,283.3466262817383
1808,149.50364875793457
1809,59.2892427444458
1810,4.024294435977936
1811,2.657241106033325
1812,24.39555072784424
1813,3.616911967801389
1814,167.5108642578125
1815,261.9880065917969
1816,5.280470490455627
1817,121.26635360717772
1818,73.20178413391113
1819,227.0201759338379
1820,7.3305933475494385
1821,3.458294451799783
1822,255.90682220458984
1823,-10.684247732162476
1824,69.56180381774902
1825,2.2233149595623796
1826,6.050607085227966
1827,3.924863278865814
1828,2.0965551480672713
1829,236.50147247314453
1830,235.1107635498047
1831,6.624980807304382
1832,26.09231424331665
1833,3.8730330481141193
1834,3.9757453203201294
1835,93.20091247558594
1836,6.318908001761254
1837,5.758615851402283
1838,5.821451544761658
1839,104.62184524536131
1840,-6.929784655570984
1841,-82.06982803344727
1842,246.72565078735352
1843,185.965518951416
1844,250.6774673461914
1845,164.6907958984375
1846,34.12883758544922
1847,264.6226234436035
1848,110.7223949432373
1849,3.803536057472229
1850,6.373831004206283
1851,-78.94549942016602
1852,6.0522501682932965
1853,64.53288269042969
1854,70.88809013366699
1855,5.614041090011597
1856,192.5939674377441
1857,2.639513313770294
1858,5.066300137609743
1859,6.241416096687317
1860,5.720416702737484
1861,147.44434356689453
1862,6.32311475276947
1863,73.73247241973877
1864,86.33176040649414
1865,210.30221557617188
1866,136.12713241577148
1867,87.2601203918457
1868,268.72825622558594
1869,154.6568431854248
1870,3.476181030273437
1871,183.51858520507807
1872,48.56595325469971
1873,2.885400712490082
1874,25.86329030990601
1875,119.22321128845216
1876,3.011726856231689
1877,2.4745719134807587
1878,68.43388080596924
1879,47.03699779510498
1880,276.2186279296875
1881,6.059926902877369
1882,102.1038990020752
1883,6.4190153350766845
1884,91.58793830871582
1885,290.5216751098633
1886,266.16650009155273
1887,3.1363959312438965
1888,217.26475143432617
1889,241.26337814331052
1890,2.48650723695755
1891,240.0652198791504
1892,221.7007102966309
1893,4.38942277431488
1894,2.0812353463748714
1895,13.005990505218506
1896,5.8319560289382935
1897,65.06508255004883
1898,-50.62637233734131
1899,3.080665767192841
1900,5.841655373573303
1901,264.1249351501465
1902,232.19276428222656
1903,-56.05524730682373
1904,62.89981174468994
1905,52.23245716094971
1906,181.96522521972656
1907,6.602566003799439
1908,6.265822172164917
1909,119.84735488891602
1910,5.634078621864319
1911,4.78945909257248
1912,3.810145378112793
1913,85.60476303100586
1914,-15.842271566390991
1915,7.347647095126032
1916,1.1723390851751565
1917,2.55163711309433
1918,152.86038208007812
1919,4.884114384651184
1920,4.715898112973985
1921,75.49038028717041
1922,3.3022557497024536
1923,6.409446120262146
1924,2.642523229122162
1925,4.272907853126526
1926,99.4329605102539
1927,169.00978088378906
1928,3.59255188703537
1929,48.8961124420166
1930,2.440318524837494
1931,6.0265806913375854
1932,4.713577687740326
1933,2.581536054611206
1934,250.85883331298828
1935,6.206374287605286
1936,5.108398199081421
1937,-0.903601873666048
1938,-37.94083309173584
1939,2.4834565818309784
1940,260.56729888916016
1941,3.4792991876602173
1942,234.13574981689453
1943,3.968661069869995
1944,226.59804153442383
1945,303.8586311340332
1946,5.80901300907135
1947,93.6094799041748
1948,5.780908347476323
1949,-2.9586676955223083
1950,30.93862533569336
1951,2.93625497760734
1952,35.684255599975586
1953,375.0264892578125
1954,2.778522792754421
1955,83.27975273132324
1956,2.0291107835681217
1957,125.42987823486328
1958,3.682468354701996
1959,180.82336044311523
1960,62.084341049194336
1961,0.9951615757738211
1962,4.249140896427891
1963,3.178719937801361
1964,4.881202816963196
1965,99.13803482055664
1966,3.3545955419540405
1967,4.601763963699341
1968,266.3163871765137
1969,38.5822057723999
1970,5.803492649526497
1971,2.251981884241104
1972,107.66533088684082
1973,-38.71793031692505
1974,2.570074200630188
1975,2.9452988112478904
1976,335.5968704223633
1977,1.645090760915604
1978,211.2175254821777
1979,103.97421073913574
1980,272.798038482666
1981,153.76669120788574
1982,118.40069580078124
1983,90.93429946899414
1984,8.253440618515015
1985,4.625250160694122
1986,3.77645072370275
1987,6.04343044757843
1988,1.3492816297722565
1989,5.697884952082176
1990,4.604656934738159
1991,4.060118079185486
1992,4.252231895923615
1993,24.483383178710938
1994,1.749631788699913
1995,104.91933059692384
1996,4.2089119170119185
1997,2.5488008856773376
1998,5.6351072788238525
1999,298.6845588684082
2000,5.803374290466309
2001,296.69339752197266
2002,-49.76162242889404
2003,6.568272352218628
2004,317.4423141479492
2005,74.0814151763916
2006,4.680715322494507
2007,46.23067474365234
2008,240.9412651062012
2009,139.72258949279785
2010,298.81404876708984
2011,5.922276038235847
2012,169.46742630004883
2013,-36.14951086044312
2014,285.1228713989258
2015,190.66279220581052
2016,43.17086410522461
2017,3.1587565541267395
2018,58.21151351928711
2019,77.56366729736328
2020,6.591817617416382
2021,4.496405124664307
2022,192.4286155700684
2023,83.63834953308105
2024,2.933540165424347
2025,4.075467593537954
2026,89.0994758605957
2027,5.784031271934509
2028,6.142204165458679
2029,42.556596755981445
2030,315.36792373657227
2031,63.61771297454834
2032,286.67554092407227
2033,234.72466659545896
2034,2.6482673287391663
2035,58.95337104797363
2036,196.91783905029297
2037,5.4122536182403564
2038,2.983453929424286
2039,2.9849421977996826
2040,127.34545516967772
2041,268.4989776611328
2042,4.074313044548035
2043,178.14289474487305
2044,2.452032804489136
2045,89.34706497192383
2046,284.2910842895508
2047,5.4837317737425275
2048,-45.4259033203125
2049,1.7354453188762733
2050,361.8436737060547
2051,3.675779640674591
2052,2.716511368751526
2053,238.36288833618164
2054,4.56096887588501
2055,3.817405223846436
2056,-35.43173551559448
2057,200.78073120117188
2058,-20.388179063797
2059,5.164220224507611
2060,28.994473457336422
2061,2.2848639973147185
2062,149.90296363830566
2063,3.482589900493622
2064,3.952558517456055
2065,3.6042412242744475
2066,1.9992388030624173
2067,6.188176512718201
2068,3.5603814125061035
2069,1.8071510082000806
2070,270.0734062194824
2071,295.7154922485352
2072,4.435463386104956
2073,199.68893432617188
2074,378.5663070678711
2075,254.8477478027344
2076,3.649506211280823
2077,2.9898170232772827
2078,3.882847249507904
2079,3.899971187114716
2080,2.6266459822654724
2081,3.169257853815921
2082,5.437532595452782
2083,22.72573471069336
2084,2.267798960208893
2085,4.732747554364236
2086,137.7781047821045
2087,76.50673294067383
2088,50.72954082489014
2089,55.46574020385742
2090,246.5455017089844
2091,190.87139129638672
2092,-97.88658142089844
2093,5.341864228248596
2094,4.086535453796387
2095,102.90584182739258
2096,39.52891397476196
2097,124.21077919006348
2098,5.500509977340698
2099,-27.703659057617188
2100,23.5802321434021
2101,5.641440033912659
2102,6.926630445165018
2103,51.30539131164551
2104,61.96724605560303
2105,57.07260036468506
2106,310.414608001709
2107,7.184807771847745
2108,7.200128649524577
2109,5.868769884109497
2110,261.54059982299805
2111,3.6303555369377136
2112,46.39920425415039
2113,87.86418914794922
2114,2.460642580102685
2115,31.65820264816284
2116,3.6680901526980305
2117,3.632487773895264
2118,3.9204947077272507
2119,128.9615879058838
2120,3.904744016381514
2121,191.2939720153809
2122,218.5638008117676
2123,2.802744448184967
2124,1.6518704843836696
2125,4.269442915916443
2126,5.965186715126038
2127,69.7349910736084
2128,218.81578063964844
2129,1.8139577105868216
2130,2.52545303106308
2131,5.755811350678224
2132,6.032481908798218
2133,232.90979385375977
2134,64.50843620300293
2135,214.29407501220703
2136,39.16101360321045
2137,227.32990264892575
2138,3.1710464358329773
2139,69.09498405456543
2140,51.4294958114624
2141,54.397199630737305
2142,5.640474557876587
2143,-5.958590567111969
2144,172.73652267456055
2145,47.23040771484375
2146,3.841458810081483
2147,4.4267776534696655
2148,54.29840755462647
2149,-48.92153739929199
2150,16.57343864440918
2151,70.72203159332275
2152,4.909100294113159
2153,3.4638949632644653
2154,2.2219889760017395
2155,2.3616677940347666
2156,5.852504014968872
2157,136.75175666809082
2158,3.8048826951193115
2159,344.53328704833984
2160,219.3877067565918
2161,305.07222747802734
2162,1.8659381936804644
2163,295.73949813842773
2164,6.398529410362244
2165,3.0152671933174133
2166,2.3974573016166687
2167,32.97791862487793
2168,301.41562271118164
2169,2.5034585370477616
2170,2.188629627227783
2171,141.80197143554688
2172,5.656488656997681
2173,261.1625518798828
2174,261.603141784668
2175,1.0213656091582664
2176,4.863840997219086
2177,-31.785863876342773
2178,4.427860796451569
2179,62.34677314758301
2180,280.2399063110352
2181,2.517010509967804
2182,162.71296310424805
2183,196.9785842895508
2184,5.904711961746216
2185,2.699863016605377
2186,2.803987819415101
2187,4.644870400428772
2188,255.54244232177732
2189,240.20962524414065
2190,92.40559387207033
2191,2.5607117050339614
2192,2.8106908798217773
2193,128.1330394744873
2194,2.889789521694184
2195,4.986093759536743
2196,6.6311527490615845
2197,1.9960177571099336
2198,4.588509298296385
2199,3.5627545455647143
2200,1.7732019382355408
2201,3.9257986545562735
2202,84.10789108276367
2203,2.5030847787857056
2204,1.957791640490309
2205,116.23755836486816
2206,5.3710857629776
2207,157.6696739196777
2208,5.629081726074219
2209,12.288660764694214
2210,258.26815032958984
2211,1.7877456193141608
2212,4.681601524353027
2213,6.488656858434441
2214,88.27252960205078
2215,34.2142972946167
2216,81.71772193908691
2217,4.406172931194305
2218,48.384033203125
2219,2.4316166639328003
2220,5.437557751352081
2221,3.395197570323944
2222,-42.943321228027344
2223,205.35025024414065
2224,-30.71210241317749
2225,149.5435333251953
2226,-3.239565521478653
2227,63.25373649597168
2228,150.40401458740234
2229,124.20257186889648
2230,3.222866411799663
2231,5.56529974937439
2232,4.336669683456421
2233,254.80699920654297
2234,229.60750198364255
2235,238.03156280517575
2236,3.2739651799201965
2237,3.350140929222107
2238,244.715934753418
2239,92.7884922027588
2240,245.8594017028809
2241,2.7768295407295227
2242,228.26902389526367
2243,6.1550681591033936
2244,94.68370819091795
2245,233.1324577331543
2246,112.5340404510498
2247,239.4166030883789
2248,6.11924518566722
2249,305.4242362976074
2250,149.48332023620603
2251,4.805357098579407
2252,259.18064880371094
2253,6.1233086585998535
2254,151.17858123779297
2255,-82.10832214355469
2256,45.58003902435303
2257,1.8522527531871882
2258,2.890910565853119
2259,83.2423267364502
2260,6.390885591506958
2261,87.50325393676758
2262,2.2099480117204555
2263,78.8601713180542
2264,2.759436160326004
2265,50.12774181365967
2266,2.335284271572707
2267,2.888603687286377
2268,5.382231116294861
2269,3.954717457294464
2270,8.689132043571421
2271,186.2315330505371
2272,42.99918842315674
2273,3.448175430297852
2274,6.105720380996753
2275,6.667892185306842
2276,4.769597768783569
2277,2.76189923286438
2278,0.9997816383838654
2279,6.21911895275116
2280,2.660508394241333
2281,200.43214416503903
2282,2.574182868003845
2283,3.936755418777466
2284,233.1412467956543
2285,3.338264286518097
2286,-14.195517539978027
2287,5.672118186950684
2288,2.47872456908226
2289,5.282958388328552
2290,-23.808830738067627
2291,51.33495616912842
2292,4.758353233337402
2293,1.9534598299510995
2294,11.615399360656738
2295,3.111155331134796
2296,4.985914237984998
2297,115.8369026184082
2298,-46.96129512786865
2299,55.67221641540527
2300,3.899534523487091
2301,5.285635232925415
2302,-78.28394317626953
2303,145.56244087219238
2304,5.697733283042908
2305,26.47817850112915
2306,277.3481025695801
2307,19.826717615127563
2308,59.04703044891357
2309,6.21043336391449
2310,180.9928321838379
2311,-52.72430229187012
2312,86.07401275634766
2313,3.982466459274292
2314,4.887812495231628
2315,262.7466049194336
2316,7.683634996414185
2317,3.819806513149216
2318,247.59914016723636
2319,6.449001312255859
2320,97.35444068908691
2321,3.0940927863121037
2322,224.059326171875
2323,172.3037986755371
2324,2.021220112159401
2325,33.851970195770264
2326,3.3206327098101043
2327,109.14398956298828
2328,3.960523172547587
2329,345.2790603637696
2330,184.2345962524414
2331,1.301428139209747
2332,293.4590950012207
2333,-13.820639848709106
2334,15.666738271713257
2335,5.596547722816467
2336,46.02316856384277
2337,131.74221420288086
2338,172.80746841430664
2339,34.74491596221924
2340,48.50681781768799
2341,128.09895133972168
2342,2.311270717163672
2343,6.260627269744873
2344,285.5190963745117
2345,5.886981964111328
2346,125.98556327819824
2347,122.61763381958008
2348,1.873071970125061
2349,266.8236846923828
2350,36.84179735183716
2351,4.666420519351959
2352,4.823255240917206
2353,1.59458194363893
2354,-17.869420766830444
2355,140.90199851989746
2356,3.740183651447296
2357,111.55181694030762
2358,6.523810505867004
2359,6.6430323123931885
2360,4.734925448545559
2361,5.330235242843628
2362,273.4514274597168
2363,4.468143582344055
2364,245.8118896484375
2365,95.00906944274902
2366,56.16462230682373
2367,43.74347972869873
2368,-65.26283740997314
2369,4.218238174915314
2370,234.05241775512692
2371,45.88480949401856
2372,74.43613719940186
2373,2.009100681392179
2374,-59.86969566345215
2375,1.9290164113044737
2376,107.5511989593506
2377,107.67741775512695
2378,5.406643867492676
2379,6.287539958953857
2380,39.36628866195679
2381,162.4818878173828
2382,170.95207595825195
2383,52.750216484069824
2384,3.2630088925361638
2385,255.80160522460935
2386,5.718314290046692
2387,55.91720104217529
2388,260.4798774719238
2389,83.53789710998535
2390,1.9605526866134597
2391,119.68841171264648
2392,28.498714447021484
2393,70.89510345458984
2394,137.4280776977539
2395,5.831366399291181
2396,2.5068431198596954
2397,284.93035888671875
2398,291.6794738769531
2399,4.0185763239860535
2400,201.9897727966309
2401,78.83972549438477
2402,234.0513916015625
2403,6.307723045349121
2404,1.9791711822377571
2405,5.11671409263562
2406,2.84543114900589
2407,76.29649829864502
2408,275.592098236084
2409,203.3885154724121
2410,4.115382850170136
2411,6.331634998321533
2412,302.270263671875
2413,-7.420616030693054
2414,4.295047303476789
2415,69.26788139343262
2416,269.68616485595703
2417,37.29124116897583
2418,3.3719069361686707
2419,3.8625913469491278
2420,1.8609027037109525
2421,14.668838500976562
2422,223.7306060791016
2423,2.5605507993666015
2424,189.01277923583984
2425,5.938523888587952
2426,-8.941137909889221
2427,175.15102005004883
2428,33.23993253707886
2429,3.826941907405853
2430,6.444380879402161
2431,3.819478213787079
2432,334.17276763916016
2433,257.4382209777832
2434,4.500224691987612
2435,50.84389972686768
2436,246.2418594360352
2437,-83.74250411987305
2438,5.786064267158508
2439,6.9674711100305
2440,198.09449005126956
2441,6.328801155090332
2442,5.825788259506226
2443,5.110734581947327
2444,-50.93612194061279
2445,6.375446770132185
2446,5.331181049346924
2447,239.7950210571289
2448,6.431602925658453
2449,6.256125471296995
2450,48.5155839920044
2451,3.171423910565978
2452,3.8517642617225647
2453,45.363800048828125
2454,308.6595230102539
2455,141.48734664916992
2456,3.091466546058655
2457,262.0339660644531
2458,6.032871842384338
2459,2.052045226097107
2460,5.944748163223267
2461,68.11158180236816
2462,65.10384845733643
2463,6.124709963798523
2464,-82.02378273010254
2465,32.48795413970947
2466,215.6692008972168
2467,165.27225494384766
2468,276.4716987609863
2469,257.6282196044922
2470,5.696782778867138
2471,142.63088607788086
2472,2.8751645089165137
2473,57.85776233673096
2474,198.26390838623047
2475,6.168011862188672
2476,94.0985984802246
2477,144.6255760192871
2478,158.79476737976074
2479,5.290119943061723
2480,40.19410514831543
2481,53.634018898010254
2482,2.2606502865618756
2483,4.782903004061549
2484,122.03114128112792
2485,132.07406997680664
2486,6.67638623714447
2487,5.264866709709168
2488,-31.0996208190918
2489,195.8122787475586
2490,5.619436979293823
2491,150.38494300842285
2492,62.77724075317383
2493,48.30945682525635
2494,5.835296091301388
2495,5.832377608194937
2496,131.65363883972168
2497,81.46354293823242
2498,2.0182071332086022
2499,6.604612469673157
2500,1.8908997273193628
2501,101.40198707580566
2502,272.47976303100586
2503,76.96105670928955
2504,347.02516174316406
2505,3.2593471926937845
2506,4.580045220941116
2507,276.6729164123535
2508,202.84434127807617
2509,111.29661750793456
2510,6.579436182975769
2511,222.3028717041016
2512,87.12897872924805
2513,172.5501594543457
2514,231.8056869506836
2515,315.9250831604004
2516,1.8409873843193052
2517,2.177572339773178
2518,294.4190254211426
2519,4.075347661972046
2520,99.06169319152832
2521,155.18725776672363
2522,2.1330353808775473
2523,6.437958240509033
2524,4.548302352428436
2525,294.66467666625977
2526,4.249697506427765
2527,3.66730397939682
2528,253.51483917236328
2529,139.32366943359375
2530,242.0662384033203
2531,262.36257553100586
2532,47.25065231323242
2533,1.6734764575958252
2534,5.875733851505289
2535,5.841049551963806
2536,3.5803617784169686
2537,6.311987280845642
2538,5.89967155456543
2539,166.9440956115723
2540,2.481763425625141
2541,17.365447282791138
2542,1.0470671597868204
2543,5.073780457845979
2544,150.97945022583008
2545,2.4590491544476656
2546,301.20197677612305
2547,23.989500045776367
2548,29.71792888641357
2549,170.16543579101562
2550,127.21773147583008
2551,-19.91372394561768
2552,2.4211594892889132
2553,292.53723526000977
2554,2.272951002161035
2555,64.28635025024414
2556,128.55146408081055
2557,4.057491719722748
2558,-16.697625160217285
2559,6.401913404464722
2560,212.9728660583496
2561,2.091621607542038
2562,219.51575469970703
2563,240.38455963134768
2564,283.9396743774414
2565,4.644874811172485
2566,4.619289457798004
2567,258.5431289672852
2568,49.210079193115234
2569,66.23775959014893
2570,3.638673484325409
2571,116.7634620666504
2572,-39.67466449737549
2573,196.57745361328125
2574,3.062129728575694
2575,4.441540837287903
2576,3.271092712879181
2577,6.129821674262525
2578,56.248464584350586
2579,6.141962647438049
2580,4.8221811056137085
2581,3.0320319759195264
2582,-42.74106216430664
2583,1.869210422039032
2584,6.589425563812256
2585,45.03764629364014
2586,4.872895181179047
2587,232.859561920166
2588,181.22409439086917
2589,4.9085132657712585
2590,56.02189922332764
2591,1.699139799241163
2592,140.03913497924805
2593,61.89295482635498
2594,76.96951389312744
2595,56.96685791015625
2596,52.54004096984863
2597,5.42251193523407
2598,6.327620882186917
2599,26.92343139648437
2600,3.064050793647766
2601,215.26579666137692
2602,6.149254560470581
2603,372.8935317993164
2604,175.80480575561523
2605,75.28351593017578
2606,4.313301265239716
2607,50.39435577392578
2608,193.14490509033203
2609,35.35612773895264
2610,2.435664713382721
2611,15.095927953720093
2612,3.3418601751327515
2613,4.413586795330048
2614,3.1438552737236023
2615,119.13068008422852
2616,168.16034317016602
2617,260.8288650512696
2618,209.0967063903809
2619,4.620507121086121
2620,2.2993564277367438
2621,4.1616270542144775
2622,2.640996515750885
2623,1.41249480843544
2624,6.7782405614852905
2625,121.7034854888916
2626,295.8698196411133
2627,40.834351539611816
2628,139.8818302154541
2629,41.42227935791016
2630,113.76452255249023
2631,26.24492835998535
2632,6.105970859527588
2633,282.00001525878906
2634,59.18257808685303
2635,157.85505867004397
2636,-51.01664543151856
2637,3.232583165168762
2638,-56.52694129943848
2639,-53.15973091125488
2640,207.63896560668945
2641,2.626686155796051
2642,5.596565246582031
2643,177.7012825012207
2644,144.33817100524902
2645,240.72139739990237
2646,2.22201045201275
2647,3.362182140350342
2648,4.379372000694275
2649,6.370489954948425
2650,262.9438705444336
2651,210.1347923278809
2652,66.07497692108154
2653,3.582802390612521
2654,32.86218070983887
2655,229.9020538330078
2656,259.0784492492676
2657,2.8428993821144104
2658,12.2963547706604
2659,285.03397369384766
2660,1.8584843446723016
2661,274.3138847351074
2662,84.82699203491211
2663,2.169500946998596
2664,79.68879222869873
2665,264.1901512145996
2666,225.5112190246582
2667,-35.11143636703491
2668,30.543193817138672
2669,6.626563191413879
2670,103.24119186401369
2671,200.47013473510745
2672,118.8721981048584
2673,250.7768325805664
2674,241.34091567993164
2675,1.7322664558887482
2676,-50.86468410491944
2677,360.9755935668945
2678,10.016826391220093
2679,5.512892365455627
2680,55.686113357543945
2681,5.441545128822327
2682,3.0299627780914307
2683,2.385596592373322
2684,2.8456432223320007
2685,6.469846248626709
2686,7.940762639045715
2687,59.98715019226074
2688,52.56979370117188
2689,37.516666889190674
2690,142.46308517456055
2691,73.84689903259277
2692,54.2955846786499
2693,155.02243614196777
2694,109.71360397338869
2695,7.203772430204494
2696,168.37428665161133
2697,3.6797266602516174
2698,2.477444589138031
2699,4.5137485603315355
2700,215.49281692504883
2701,63.90442752838135
2702,40.62361526489258
2703,4.040811538696289
2704,170.83463668823242
2705,3.269004642963409
2706,5.676261067390442
2707,218.0928726196289
2708,3.3914448022842407
2709,47.38407516479492
2710,5.710452109904784
2711,169.87849807739258
2712,1.855055563350167
2713,146.55417251586914
2714,-51.79895687103272
2715,4.53138929605484
2716,2.985518217086792
2717,273.4202117919922
2718,4.599189639091492
2719,2.952409327030182
2720,6.504499316215515
2721,6.394385933876038
2722,4.220297694206238
2723,234.42622756958008
2724,6.688622236251831
2725,30.091168880462646
2726,4.768733739852905
2727,313.7351951599121
2728,60.89861106872559
2729,180.49671173095703
2730,186.89083862304688
2731,157.21805000305176
2732,6.545024752616882
2733,217.47214126586917
2734,119.9341526031494
2735,90.3242301940918
2736,56.496981620788574
2737,195.876277923584
2738,129.62428665161133
2739,89.77928352355957
2740,5.651279787114352
2741,47.63819313049317
2742,1.3895606107830678
2743,48.44149398803711
2744,-9.869621992111206
2745,4.63271689414978
2746,210.3155632019043
2747,184.04415130615237
2748,2.791196346282959
2749,5.413073539733887
2750,215.89298629760745
2751,267.73608779907227
2752,2.2481946647167206
2753,116.83085250854492
2754,0.5143434619622851
2755,34.695759773254395
2756,260.7951545715332
2757,5.683882355690002
2758,285.4892044067383
2759,84.02655792236328
2760,155.60091018676758
2761,6.52242910861969
2762,3.924248456954956
2763,113.97009658813477
2764,4.6973472237586975
2765,132.81514358520508
2766,2.1920710889632438
2767,267.006404876709
2768,4.026186347007752
2769,3.368461906909942
2770,211.72534942626956
2771,136.0612277984619
2772,6.819827318191528
2773,3.1974823474884038
2774,4.73481141477374
2775,5.985380291938782
2776,3.9191486022740016
2777,270.1107177734375
2778,30.98483228683472
2779,2.149203986410441
2780,2.6677570939064026
2781,244.4850311279297
2782,214.59223175048828
2783,5.88781063241461
2784,11.888365507125854
2785,5.853716731071472
2786,3.785653114318848
2787,70.34188461303711
2788,21.62759017944336
2789,159.53066444396973
2790,219.82634353637692
2791,78.28502941131592
2792,154.3720989227295
2793,176.1837158203125
2794,176.81695556640625
2795,53.12708568572998
2796,245.60527420043945
2797,101.75946044921876
2798,35.59859371185303
2799,18.988345861434937
2800,5.393751978874207
2801,4.088239073753357
2802,3.244610607624054
2803,62.91390228271485
2804,3.779064185272872
2805,43.37015724182129
2806,6.381429553031921
2807,33.857569217681885
2808,86.01387977600098
2809,6.011242032051086
2810,5.6262528462231955
2811,192.53228759765625
2812,5.852386434481832
2813,-2.18633571267128
2814,5.886994123458862
2815,266.9114112854004
2816,67.38015460968018
2817,273.1019172668457
2818,123.34316635131836
2819,55.85085391998291
2820,153.7808017730713
2821,52.39603900909424
2822,6.327346920967102
2823,54.33112621307373
2824,276.1924362182617
2825,139.230562210083
2826,-48.01440048217773
2827,6.436847567558289
2828,5.374826550483704
2829,4.970880276546784
2830,5.650767207145691
2831,5.691728711128235
2832,6.60212779045105
2833,125.58488273620604
2834,3.5470866560935974
2835,2.948641836643219
2836,3.543546171672529
2837,3.32278573513031
2838,5.658557653427124
2839,1.9921584265160523
2840,56.150235176086426
2841,58.41391468048096
2842,294.7212333679199
2843,5.960596960175957
2844,185.71617889404297
2845,290.19998931884766
2846,3.396246373653412
2847,108.28833770751952
2848,1.709040954709053
2849,-52.275071144104
2850,6.432996153831482
2851,6.648219585418701
2852,-30.14119291305542
2853,80.84988594055176
2854,2.347610678610933
2855,49.9476900100708
2856,5.822293996810913
2857,29.79321050643921
2858,225.97613906860352
2859,1.292685034803982
2860,146.17676734924316
2861,291.3406295776367
2862,278.29832458496094
2863,2.599020004272461
2864,271.4241523742676
2865,223.2397689819336
2866,1.683842122554779
2867,2.394226179514924
2868,89.87963485717773
2869,49.13937759399414
2870,187.495849609375
2871,6.092209283778459
2872,270.10963439941406
2873,5.117173790931702
2874,33.235867500305176
2875,4.321794861497292
2876,-42.37313747406006
2877,292.77518463134766
2878,-82.23755073547363
2879,4.593374967575073
2880,247.49443435668945
2881,5.9832444190979
2882,6.14995551109314
2883,4.087133169174194
2884,6.438003778457642
2885,180.6924057006836
2886,222.70502853393555
2887,5.828735709190369
2888,2.1788064125497915
2889,6.512759327888489
2890,2.246725864071398
2891,-57.055124282836914
2892,167.39696502685547
2893,80.60084056854248
2894,41.05094242095947
2895,4.990754783153534
2896,2.7006935462627775
2897,5.279615998268127
2898,100.08937644958496
2899,38.15748262405396
2900,2.8636412024497986
2901,38.50890302658081
2902,247.1811370849609
2903,276.9328842163086
2904,4.2355286273386925
2905,3.889185667037964
2906,36.42066144943237
2907,3.722661435604096
2908,24.539456844329838
2909,2.0314727734719717
2910,118.10831069946288
2911,3.9218833462058384
2912,2.2452781796455383
2913,6.411645770072937
2914,7.442765951156616
2915,7.922932028770447
2916,230.8960304260254
2917,165.95303344726562
2918,3.862440824508667
2919,370.0116424560547
2920,204.87138748168945
2921,5.479681372642517
2922,3.812291502952576
2923,211.8735466003418
2924,5.487100958824158
2925,4.505770683288574
2926,6.006266832351685
2927,37.171480655670166
2928,6.4173617159647485
2929,168.8365135192871
2930,260.8496284484863
2931,2.2875372540945667
2932,5.602937994548336
2933,-23.93189764022827
2934,110.71580123901369
2935,-6.344121098518372
2936,-58.05726337432861
2937,6.238482713699341
2938,19.75137066841125
2939,3.039637506008148
2940,165.4619483947754
2941,100.09505653381348
2942,50.801856994628906
2943,6.198380708694458
2944,6.476720333099365
2945,5.81487774848938
2946,6.437626361846924
2947,-49.69815540313721
2948,2.335670739412308
2949,6.465421915054321
2950,2.8461416363716125
2951,155.744478225708
2952,133.27227401733398
2953,6.955865867721552
2954,1.6626903503222752
2955,29.94022417068481
2956,6.495651245117188
2957,110.69911766052246
2958,5.713059932399436
2959,198.28746795654297
2960,6.396334290504456
2961,197.25564193725583
2962,3.8786699682328245
2963,4.105091593474089
2964,242.1223030090332
2965,191.4844207763672
2966,4.6399745607515595
2967,3.4860947728157043
2968,176.68711853027344
2969,-83.22032928466797
2970,2.0812108735111488
2971,227.95132446289065
2972,6.882457733154297
2973,198.38836669921875
2974,267.2648696899414
2975,4.791192889213562
2976,53.284932136535645
2977,36.72586536407471
2978,4.59973531961441
2979,4.49929016828537
2980,306.7229995727539
2981,319.15149307250977
2982,131.77038764953613
2983,149.6502799987793
2984,275.24369049072266
2985,128.41273498535156
2986,301.4956932067871
2987,219.220458984375
2988,120.20670890808104
2989,84.72976303100586
2990,37.16136074066162
2991,6.9851727661238545
2992,2.9469677805900574
2993,5.527407192608335
2994,15.27195143699646
2995,10.073990941047668
2996,4.155706226825714
2997,3.2832191586494446
2998,107.64935493469238
2999,169.99824905395508
3000,73.19538688659668
3001,3.1284555792808533
3002,302.99081802368164
3003,4.258741974830627
3004,298.9324264526367
3005,93.1911392211914
3006,83.41688346862793
3007,6.228627800941467
3008,2.75332111120224
3009,27.82645082473755
3010,4.27147376537323
3011,67.9908218383789
3012,5.267099618911743
3013,178.02155685424805
3014,6.551193137623871
3015,3.9563649892807007
3016,5.916056208458311
3017,6.12087094783783
3018,4.33480618882043
3019,233.16613388061523
3020,3.0018736124038696
3021,242.07704162597656
3022,271.78608322143555
3023,2.9047985076904297
3024,112.61611366271973
3025,236.22697830200195
3026,173.01248168945312
3027,6.210065295693319
3028,5.33619487285614
3029,-20.92301607131958
3030,-41.06513977050781
3031,5.945853114128113
3032,6.5954196991902085
3033,5.01422119140625
3034,137.2440128326416
3035,147.68286895751953
3036,209.91261291503903
3037,6.028314232826233
3038,2.1652082800865173
3039,-30.464130878448486
3040,157.259126663208
3041,4.769665062427521
3042,11.801526546478271
3043,5.7542455196380615
3044,242.25444412231445
3045,181.5501365661621
3046,4.330294668674469
3047,4.000875174999237
3048,48.57248878479004
3049,5.538561940193176
3050,239.8004302978516
3051,87.69824981689453
3052,6.4487152099609375
3053,4.286852836608887
3054,125.85331916809082
3055,194.67964935302732
3056,44.25144386291504
3057,2.9955352544784546
3058,111.95782661437988
3059,1.8646983481595114
3060,257.9937973022461
3061,5.117925017665977
3062,238.0804481506348
3063,162.88880920410156
3064,233.43579864501956
3065,252.0645408630371
3066,127.12897491455078
3067,50.79173851013184
3068,6.15974485874176
3069,5.996058464050293
3070,3.616731286048889
3071,6.076914429664612
3072,205.1675262451172
3073,137.65982055664062
3074,6.236709475517273
3075,5.887441635131836
3076,154.86151504516602
3077,13.697044134140016
3078,94.1786937713623
3079,5.894629120826721
3080,3.154263019561768
3081,-0.0568817965686321
3082,96.36425018310548
3083,148.54970169067383
3084,1.051205006889933
3085,5.46727466583252
3086,204.78956985473636
3087,3.01339453617847
3088,88.28827667236328
3089,3.488166034221649
3090,299.8494071960449
3091,136.22392082214355
3092,95.79642677307127
3093,3.792064582058958
3094,181.79946517944336
3095,248.97259521484372
3096,122.66709518432616
3097,4.853135027552298
3098,6.086961945078534
3099,17.855932235717773
3100,74.1917200088501
3101,3.6355429011356093
3102,2.5512043087175096
3103,3.2196542135348594
3104,72.69629669189453
3105,1.2801963090896606
3106,22.33722686767578
3107,1.4099276973078165
3108,2.6389272809028625
3109,6.17029595375061
3110,256.9737739562988
3111,2.1637392520641394
3112,215.7574462890625
3113,5.51071572303772
3114,42.803104400634766
3115,267.9362678527832
3116,85.85901260375977
3117,17.811026334762573
3118,268.2317810058594
3119,4.5319297313690186
3120,49.18951416015625
3121,32.05188179016113
3122,130.9883327484131
3123,3.936886131763458
3124,2.731042742729187
3125,3.734236061573029
3126,204.54919052124023
3127,253.58624267578125
3128,23.264331340789795
3129,360.5959777832031
3130,2.1286923475992734
3131,102.59272575378418
3132,199.79958724975583
3133,120.70120811462402
3134,244.89475631713867
3135,1.6926476527749041
3136,305.28637313842773
3137,3.0227993726730347
3138,153.6460304260254
3139,6.108432054519653
3140,1.901129812002182
3141,15.106570959091188
3142,2.962390899658203
3143,110.98503875732422
3144,250.89514541625977
3145,5.164255380630493
3146,274.0698585510254
3147,101.94493675231934
3148,111.03545379638672
3149,-15.406319618225098
3150,1.7148225903511047
3151,241.47869873046875
3152,7.138271307434257
3153,224.2092742919922
3154,161.83948135375977
3155,36.41063690185547
3156,44.6126651763916
3157,4.89003974199295
3158,286.4017562866211
3159,99.04213333129884
3160,265.2570991516113
3161,-57.17204570770264
3162,3.558483898639679
3163,203.60045623779297
3164,3.3247631192207336
3165,-4.362700462341309
3166,52.209553718566895
3167,6.615873217582703
3168,5.27255642414093
3169,3.4485327005386357
3170,220.36773681640625
3171,3.0998235228652757
3172,224.046989440918
3173,281.6994743347168
3174,70.66185760498047
3175,-57.4921875
3176,3.5567763447761536
3177,3.2573426961898804
3178,181.40684127807617
3179,6.1495466232299805
3180,324.8475112915039
3181,199.35540390014648
3182,275.6692695617676
3183,5.9132689237594604
3184,88.3709545135498
3185,6.561039328575134
3186,163.81192016601562
3187,276.1259956359863
3188,-10.244532704353333
3189,260.6900177001953
3190,4.017903089523315
3191,246.8626480102539
3192,50.88021087646485
3193,6.28652548789978
3194,4.243802547454834
3195,5.756320907745514
3196,145.61069297790527
3197,5.375633597373962
3198,189.3257369995117
3199,186.6257438659668
3200,2.2836188491155975
3201,342.66394805908203
3202,4.482563555240631
3203,4.62649405002594
3204,-13.815853834152222
3205,6.375009298324585
3206,269.6913146972656
3207,5.919103741645813
3208,192.12705612182617
3209,-18.71286368370056
3210,7.290473135826432
3211,178.8387336730957
3212,216.06821060180664
3213,2.647623658180237
3214,261.55348205566406
3215,3.526038394932544
3216,6.143660068511963
3217,136.89940071105957
3218,285.0498237609863
3219,76.87935638427734
3220,70.725754737854
3221,94.12827110290527
3222,263.644775390625
3223,336.40030670166016
3224,-77.30130958557129
3225,118.88324928283691
3226,5.892926812171936
3227,5.781492233276367
3228,21.77747201919556
3229,299.8787307739258
3230,223.4585075378418
3231,6.8106227218294375
3232,4.937885480916307
3233,5.688291072845459
3234,4.348200142383575
3235,80.55838012695312
3236,139.98794746398926
3237,39.220680713653564
3238,307.65279388427734
3239,6.466644167900085
3240,68.22501182556152
3241,3.588331162929535
3242,2.470003916936688
3243,28.723275184631348
3244,189.20101165771484
3245,5.0319435596466064
3246,246.61339950561523
3247,6.273037433624268
3248,51.39040470123291
3249,-17.051995754241943
3250,225.75973892211917
3251,229.04558944702148
3252,131.2418918609619
3253,58.597782135009766
3254,123.85351943969728
3255,6.3452229499816895
3256,6.136892318725586
3257,3.5973283648490906
3258,2.6432092785835266
3259,52.26558971405029
3260,5.786469340324402
3261,99.69632911682127
3262,305.78233337402344
3263,1.7692431211471558
3264,3.988951965505231
3265,146.93467330932617
3266,3.8115939640939263
3267,6.695588111877441
3268,3.1798511147499084
3269,4.861873030662537
3270,51.472604751586914
3271,225.53711700439453
3272,2.5367261606130795
3273,213.24742889404297
3274,210.2718620300293
3275,110.98878860473631
3276,109.00618743896484
3277,6.389303326606751
3278,6.317681789398193
3279,3.291349947452545
3280,143.8672275543213
3281,280.2333450317383
3282,2.765265226364136
3283,377.3612289428711
3284,353.3834457397461
3285,97.05192947387695
3286,3.001642167568207
3287,5.8535454869270325
3288,11.4720196723938
3289,1.8352801553616287
3290,67.05011653900146
3291,251.39881896972656
3292,3.0052635986602154
3293,62.31618595123291
3294,212.4803810119629
3295,154.52639961242676
3296,35.70920705795288
3297,211.4683380126953
3298,2.423879242743074
3299,238.60319900512692
3300,3.018310844898224
3301,222.8365249633789
3302,193.0660514831543
3303,-2.468891054391861
3304,233.483211517334
3305,5.083441313348666
3306,4.638890863196247
3307,193.8668212890625
3308,3.1619545185560347
3309,6.211396217346191
3310,-64.55086517333984
3311,2.297369062900543
3312,3.78275603055954
3313,2.581132010547952
3314,5.940158477158812
3315,4.08412516117096
3316,308.154598236084
3317,300.8646659851074
3318,34.101858615875244
3319,1.9384545035659355
3320,1.923821598291397
3321,4.790976881980896
3322,154.9598045349121
3323,4.566914392368794
3324,3.896746516227722
3325,323.2980041503906
3326,86.4686222076416
3327,-52.77922058105469
3328,6.502254009246826
3329,1.8938603761256267
3330,193.3710479736328
3331,109.94969177246094
3332,3.776193857192993
3333,256.0339889526367
3334,120.28657722473145
3335,3.3819616436958317
3336,4.528941160056869
3337,2.599524676799774
3338,1.7743688596784706
3339,13.986687898635864
3340,36.2059383392334
3341,61.72969436645508
3342,218.69573593139648
3343,126.58339500427246
3344,3.737467915802573
3345,268.1711196899414
3346,289.8804740905762
3347,177.7631492614746
3348,70.75297927856445
3349,5.606663227081299
3350,3.69252473115921
3351,2.825191915035248
3352,1.8299330846067121
3353,130.9144992828369
3354,49.404831886291504
3355,2.9211780428886414
3356,303.7234535217285
3357,3.585247802954355
3358,250.02406692504883
3359,106.90408325195312
3360,139.4339828491211
3361,3.1129886507987976
3362,3.0696603655815125
3363,3.2914063334465027
3364,22.458985805511475
3365,143.73265075683594
3366,14.253168106079102
3367,3.3631985533263107
3368,133.09154510498047
3369,4.591430312124266
3370,70.49393081665039
3371,-2.9570739567279816
3372,200.95264434814453
3373,71.6972713470459
3374,300.2800407409668
3375,2.4614837485047647
3376,2.957312047481537
3377,132.59896278381348
3378,5.366428046803393
3379,50.43052673339844
3380,340.3067398071289
3381,6.462161779403687
3382,124.80703735351562
3383,6.113527059555054
3384,76.75069236755371
3385,3.9163088694290145
3386,44.10285186767578
3387,2.1607113727565603
3388,193.51744079589844
3389,231.5368537902832
3390,2.126559567007848
3391,5.576293049229047
3392,5.033364127249501
3393,184.3146629333496
3394,130.00486946105957
3395,5.220618358318347
3396,5.5733243227005005
3397,154.3466033935547
3398,2.132312297821045
3399,209.4636192321777
3400,193.3282470703125
3401,5.132657527923584
3402,0.7275811290394294
3403,88.40735054016113
3404,126.61068725585938
3405,197.99631881713867
3406,241.6328887939453
3407,3.926527500152588
3408,118.48944664001463
3409,108.23101615905762
3410,5.803546190261841
3411,5.140808701515198
3412,45.46224403381348
3413,2.196526939287926
3414,6.694310784339905
3415,104.99103355407716
3416,72.73926639556885
3417,182.32911682128903
3418,159.69478034973145
3419,28.31836938858032
3420,-7.5540691614151
3421,-28.029380798339844
3422,172.0323600769043
3423,2.026381426977586
3424,3.7682173510852652
3425,23.207056522369385
3426,3.5302028237412824
3427,71.59145069122314
3428,2.152006596326828
3429,335.23596954345703
3430,321.1724853515625
3431,118.88030242919922
3432,5.92005717754364
3433,91.04117393493652
3434,1.9270544052124023
3435,308.4944648742676
3436,243.99114608764648
3437,3.2836422153538214
3438,32.64385414123535
3439,279.9788284301758
3440,6.191228151321411
3441,4.732179486226419
3442,234.56451797485352
3443,4.927670478820801
3444,217.63911056518555
3445,3.7903132967612403
3446,5.9342416524887085
3447,271.71724700927734
3448,5.31519627571106
3449,5.59142792224884
3450,114.91062355041504
3451,203.84727096557617
3452,2.1119866787850037
3453,2.6296496987342834
3454,20.939982891082764
3455,4.187690085357522
3456,5.618528127670288
3457,4.0929376066607945
3458,5.963441848754883
3459,171.6623420715332
3460,-21.886287212371823
3461,2.6597137451171875
3462,43.392578125
3463,232.75554656982425
3464,4.21214321102077
3465,2.6805899143218994
3466,6.6582465171813965
3467,122.51458168029784
3468,33.85153388977051
3469,327.8926239013672
3470,145.95772552490234
3471,17.509687900543213
3472,276.6280670166016
3473,6.45219099521637
3474,4.010928511619568
3475,4.691577136516571
3476,37.671462059021
3477,3.243475377559662
3478,6.537914633750916
3479,2.6462923288345337
3480,112.44120216369627
3481,156.66340255737305
3482,92.3449535369873
3483,71.49550819396973
3484,179.60966110229492
3485,2.3590901752806057
3486,222.9629020690918
3487,5.822903871536255
3488,5.285403872825201
3489,2.806740403175354
3490,6.1365004777908325
3491,3.075584888458252
3492,2.277124673128128
3493,304.1826057434082
3494,160.82376098632812
3495,6.323116779327393
3496,8.34515917301178
3497,4.461066169921056
3498,6.434846758842468
3499,-7.628619909286499
3500,112.49792671203612
3501,293.2734184265137
3502,6.1186277866363525
3503,3.927888512611389
3504,118.16646003723145
3505,155.25232887268066
3506,87.44855117797852
3507,6.108068466186523
3508,3.147289718244317
3509,2.8221916556358337
3510,278.45045471191406
3511,1.9592401698032107
3512,71.08393383026123
3513,85.65056037902832
3514,3.165266990661621
3515,51.44846820831299
3516,3.160913465033813
3517,202.9169807434082
3518,4.247482717037201
3519,228.35747909545896
3520,309.9779052734375
3521,1.8915927104760608
3522,92.557466506958
3523,4.867785155773163
3524,6.384806036949158
3525,5.279489874839783
3526,43.63358020782471
3527,1.6824471855569005
3528,294.18947982788086
3529,210.12234497070312
3530,2.525415166531129
3531,105.41839408874512
3532,263.5922050476074
3533,46.705209732055664
3534,7.6838414669036865
3535,77.35328674316406
3536,3.639747388516021
3537,70.74098777770996
3538,6.692534352017651
3539,30.816182136535645
3540,146.25640296936035
3541,-54.57604503631592
3542,2.631351947784424
3543,179.91950607299805
3544,40.98549842834473
3545,2.4241112172603607
3546,5.505278814651669
3547,176.78826522827148
3548,5.028151938063637
3549,1.790463569198174
3550,4.289328694343567
3551,4.768236756324768
3552,5.561685562133789
3553,6.743204474449158
3554,167.31761169433594
3555,3.952148206156924
3556,2.231050078865153
3557,108.89229393005373
3558,5.249453208645544
3559,106.3904037475586
3560,58.00930595397949
3561,6.254132562987187
3562,19.021195650100708
3563,-42.35922527313232
3564,5.782547473907471
3565,5.004440248012543
3566,160.33362007141113
3567,1.9723562864752018
3568,250.6321144104004
3569,176.83671951293945
3570,48.5029878616333
3571,204.3083038330078
3572,1.863771709243759
3573,6.136406421661377
3574,5.7085264921188354
3575,1.7760016012561202
3576,5.293982267379761
3577,5.885682821273804
3578,87.69727325439453
3579,2.1269599105820243
3580,66.89619636535645
3581,250.8301048278809
3582,59.03060531616211
3583,79.22185802459717
3584,6.4101139307022095
3585,33.9688024520874
3586,5.70075703914668
3587,54.5784797668457
3588,3.1639367938041687
3589,235.7290077209473
3590,2.7044122190875353
3591,3.4026976823806763
3592,189.52394104003903
3593,5.07427179813385
3594,28.07506847381592
3595,6.544571399688721
3596,28.924789428710938
3597,306.3736038208008
3598,86.48943519592285
3599,76.09080982208252
3600,2.5529298186302185
3601,292.42717361450195
3602,12.070929288864136
3603,5.465698268671798
3604,3.1649007497971815
3605,142.55184936523438
3606,2.128987036840023
3607,3.432432770729065
3608,288.4873275756836
3609,193.3564910888672
3610,30.543031692504883
3611,5.493574619293213
3612,265.7894859313965
3613,6.33171284198761
3614,4.884693716607154
3615,6.279561536218239
3616,83.16666030883789
3617,5.034678094076842
3618,2.938156008720398
3619,-49.07055473327637
3620,14.15790319442749
3621,84.49049758911133
3622,5.303160309791565
3623,259.6685676574707
3624,-2.535854548215866
3625,121.20571517944336
3626,49.79482746124268
3627,25.1960244178772
3628,6.260883569717407
3629,32.3356294631958
3630,255.4323616027832
3631,295.77315521240234
3632,245.0439109802246
3633,237.87156295776367
3634,109.1004123687744
3635,134.08783531188965
3636,4.910402774810791
3637,37.65336561203003
3638,58.20268249511719
3639,4.9924436211586
3640,328.8143844604492
3641,207.2369842529297
3642,140.74221992492676
3643,191.6804313659668
3644,6.377479911291798
3645,125.1989974975586
3646,2.506226730008763
3647,5.9324939250946045
3648,227.8227882385254
3649,-16.111987590789795
3650,3.278700530529022
3651,194.20915603637692
3652,45.77503967285156
3653,8.28361165523529
3654,66.49568462371826
3655,2.102267183898075
3656,152.40997695922852
3657,5.619835734367371
3658,8.001527428627014
3659,4.539131751544501
3660,5.900671809577896
3661,44.13372421264648
3662,2.078688449276336
3663,5.739987730979919
3664,132.50194358825684
3665,5.110882997512817
3666,280.31107330322266
3667,249.4405746459961
3668,254.60369491577148
3669,239.97087860107425
3670,7.089721202850342
3671,6.50962640496872
3672,232.35908126831052
3673,4.877166032791138
3674,290.21346282958984
3675,131.8095932006836
3676,47.6738920211792
3677,35.19085693359375
3678,-29.995938777923584
3679,4.475750180654043
3680,4.089446783065796
3681,151.89267349243164
3682,77.2576904296875
3683,180.8912506103516
3684,51.03830051422119
3685,148.78057289123535
3686,270.12325286865234
3687,107.8117218017578
3688,280.3265075683594
3689,2.2019741535186768
3690,166.9745216369629
3691,192.10115814208984
3692,304.448844909668
3693,271.2587585449219
3694,1.4632781502646346
3695,247.3179817199707
3696,194.70507431030276
3697,0.8400272271435618
3698,-45.7892541885376
3699,4.270446810218496
3700,5.728101372718811
3701,386.45208740234375
3702,3.7491711928921596
3703,4.028616023105488
3704,6.191340877022002
3705,1.385604775526702
3706,65.70594692230225
3707,-10.7393639087677
3708,124.80971336364746
3709,3.193517088890076
3710,6.016276008344663
3711,335.2809524536133
3712,60.90392780303955
3713,5.719762921333313
3714,316.6621398925781
3715,2.581777274608612
3716,2.025272471294552
3717,166.48810195922852
3718,75.56267833709717
3719,170.83850479125977
3720,141.43504905700684
3721,2.791612148284912
3722,4.276534914970398
3723,3.307097768975317
3724,1.8780801519656574
3725,68.06563949584961
3726,1.7347102492753106
3727,230.6145896911621
3728,48.30140399932861
3729,-33.18025016784668
3730,143.23599815368652
3731,84.90247917175293
3732,3.1665053367614746
3733,-53.68132400512695
3734,3.1386131048202515
3735,2.398738175630569
3736,-6.607960224151611
3737,6.487986092890677
3738,189.07030487060547
3739,-28.136792182922363
3740,246.15281295776367
3741,46.55263328552246
3742,268.18540954589844
3743,2.4367197118573336
3744,70.85814380645752
3745,24.96473693847656
3746,4.909696996212006
3747,4.881184875965118
3748,193.8180084228516
3749,76.18602180480957
3750,1.5409514403483422
3751,232.8903350830078
3752,103.4428482055664
3753,4.995449841022492
3754,3.808754257289807
3755,30.75802707672119
3756,5.6313804388046265
3757,26.251362323760983
3758,5.928124785423279
3759,43.17564678192139
3760,1.922119129582334
3761,6.486435294151306
3762,6.053333401679993
3763,122.39749717712402
3764,179.41482162475586
3765,371.6815643310547
3766,6.665090996299743
3767,314.2851219177246
3768,47.12324142456055
3769,1.6703201004618382
3770,157.32504653930664
3771,3.2990776896476746
3772,207.93048095703125
3773,240.13986206054688
3774,2.6459171175956726
3775,3.479474127292633
3776,236.4620780944824
3777,6.282087564468384
3778,250.33723068237305
3779,290.27122497558594
3780,5.928652405738831
3781,6.421005010604858
3782,2.3579845378081323
3783,2.022955328226089
3784,5.747875332832336
3785,25.567519664764404
3786,96.74411201477052
3787,5.868370532989502
3788,6.446070551872253
3789,301.2821502685547
3790,6.952492026780562
3791,6.437859773635864
3792,3.7562278509140015
3793,20.48641848564148
3794,-0.3609074167907238
3795,206.3089904785156
3796,207.65979385375977
3797,4.813127636909485
3798,178.31042098999023
3799,-54.812859535217285
3800,250.82978057861328
3801,116.68867874145508
3802,157.2160129547119
3803,56.96396064758301
3804,58.95179748535156
3805,4.474453330039978
3806,3.0479777294908796
3807,80.64103698730469
3808,3.651785254478455
3809,-65.09243583679199
3810,2.658147513866425
3811,4.685671219881916
3812,251.90186309814453
3813,3.698434770107269
3814,293.74296951293945
3815,7.061892383537543
3816,3.486664593219757
3817,51.23453617095947
3818,6.5145286321640015
3819,2.408868193626404
3820,131.74025917053223
3821,8.001192695608578
3822,5.583051716354696
3823,261.9321975708008
3824,5.196698904037476
3825,257.01757049560547
3826,5.998581528663635
3827,293.8171081542969
3828,291.9821662902832
3829,6.41805911064148
3830,234.7899513244629
3831,50.24409580230713
3832,1.8257425505994915
3833,44.02402210235596
3834,58.98556423187256
3835,2.673229694366455
3836,5.23678122836358
3837,6.696172833442688
3838,5.93697581442813
3839,246.30087661743164
3840,5.7655453125811675
3841,127.92419242858888
3842,3.4346203804016118
3843,230.15834426879883
3844,5.728689256820285
3845,6.4149487018585205
3846,6.5306055545806885
3847,93.35181427001952
3848,117.58667945861816
3849,198.52605438232425
3850,25.076416015625
3851,158.95421028137207
3852,252.92658233642575
3853,5.5810866355896
3854,252.22285842895508
3855,1.9159391906124235
3856,73.54444789886475
3857,3.9150643944740295
3858,3.139495611190796
3859,243.8849258422852
3860,6.185129447556802
3861,-57.18071269989014
3862,-17.11608648300171
3863,3.379616856575012
3864,2.567506790161133
3865,301.3004951477051
3866,4.417352259159088
3867,195.8741836547852
3868,4.656181395053864
3869,3.1160075068473816
3870,120.50665283203124
3871,40.35697937011719
3872,3.910711288452149
3873,68.42413139343262
3874,338.4608383178711
3875,280.2848243713379
3876,109.81843185424805
3877,-82.54351997375488
3878,175.86455535888672
3879,268.9136047363281
3880,6.796260356903076
3881,3.876412868499756
3882,2.3156049847602844
3883,187.9961166381836
3884,145.96360206604004
3885,6.434557557106018
3886,5.775098443031311
3887,6.11646568775177
3888,2.5884929299354558
3889,165.37701416015625
3890,1.0806334577473276
3891,3.131746232509613
3892,162.39081192016602
3893,3.142126858234405
3894,306.9687690734863
3895,-22.842463493347168
3896,21.558048248291016
3897,236.0029335021973
3898,186.77442169189453
3899,1.7655465791438867
3900,76.99254322052002
3901,135.98149299621582
3902,2.520948052406311
3903,35.3409104347229
3904,64.06060028076172
3905,3.959317088127136
3906,7.489195823669434
3907,216.0172996520996
3908,133.85486793518066
3909,3.452618360519409
3910,4.350724553918662
3911,246.60590744018555
3912,4.194667398929596
3913,23.698859691619877
3914,273.8860092163086
3915,6.869534982889285
3916,5.818952322006226
3917,3.8821900378551732
3918,-40.02134418487549
3919,5.056736826896668
3920,38.099844455718994
3921,62.56668472290039
3922,6.918907963947861
3923,3.3273823214895195
3924,357.19315338134766
3925,87.6402359008789
3926,2.2550095885721335
3927,237.65956115722656
3928,3.412148122681175
3929,5.452539682388306
3930,6.218509768297751
3931,206.7316131591797
3932,4.316101431846619
3933,2.8338980492262866
3934,6.51563024520874
3935,226.9988441467285
3936,2.0345902699320733
3937,3.384873569011688
3938,2.9391404390335083
3939,303.5330467224121
3940,6.317963123321533
3941,6.191034555435181
3942,5.709267141074336
3943,3.056265652179718
3944,7.036584228502608
3945,319.3002319335937
3946,207.99759674072263
3947,34.71714973449707
3948,130.3787326812744
3949,5.466171783298917
3950,236.380485534668
3951,1.756999922733415
3952,83.93458366394043
3953,133.2313690185547
3954,2.3887492418289185
3955,6.171746969223023
3956,144.81578636169434
3957,55.9679479598999
3958,86.56279563903809
3959,200.9432640075684
3960,5.939600707437084
3961,6.262768334213615
3962,102.09948921203612
3963,5.951779127120972
3964,125.5199489593506
3965,6.195062637329102
3966,3.355656325817108
3967,3.7154887914657593
3968,174.83196258544922
3969,44.20666790008545
3970,2.5514156818389893
3971,3.381028473377228
3972,2.809668779373169
3973,3.2327884435653687
3974,30.797967433929443
3975,35.16077136993408
3976,3.5074950456619263
3977,4.182996153831482
3978,3.4333772846343504
3979,109.11490440368652
3980,241.6813125610352
3981,256.1872367858887
3982,5.59939968585968
3983,2.9890406131744385
3984,373.9461517333984
3985,233.45163345336917
3986,158.675386428833
3987,99.37727737426758
3988,3.581079542636872
3989,-18.86473798751831
3990,89.54390144348145
3991,275.03175354003906
3992,5.866405487060547
3993,5.611303606667183
3994,55.32333469390869
3995,136.5616340637207
3996,4.37520706653595
3997,101.24027061462402
3998,2.3192223608493805
3999,268.949031829834
4000,5.5313560962677
4001,4.512912331682723
4002,54.203001976013184
4003,181.2454643249512
4004,2.4045970116677893
4005,316.1663017272949
4006,92.1141529083252
4007,6.9536460638046265
4008,3.4390291571617126
4009,5.936263465092747
4010,208.79354095458984
4011,3.699948310852051
4012,6.47721791267395
4013,244.81723403930664
4014,5.92453408241272
4015,6.305650940798934
4016,69.36792945861816
4017,155.52766609191897
4018,119.69246101379396
4019,1.564372181892395
4020,1.9835818688557563
4021,113.08834266662598
4022,52.25898265838623
4023,3.8971292972564697
4024,112.03126335144044
4025,60.22248840332031
4026,57.891663551330566
4027,263.4488639831543
4028,103.89161109924316
4029,7.2544801235198975
4030,2.2377746778975296
4031,106.96723365783691
4032,71.90202617645264
4033,3.26504784822464
4034,237.18463516235352
4035,124.78128051757812
4036,3.846160054206848
4037,3.586081535902351
4038,6.196214043472413
4039,5.825092196464539
4040,106.74427604675292
4041,320.3905944824219
4042,53.9738712310791
4043,258.7362251281738
4044,4.365817129611969
4045,30.046345710754395
4046,5.869736671447754
4047,4.075031876564026
4048,277.7269287109375
4049,112.12988662719728
4050,287.1117744445801
4051,28.658536434173584
4052,2.815299594150489
4053,4.198780715465546
4054,5.379578566060614
4055,4.236096680164337
4056,261.8857841491699
4057,6.739528775215149
4058,269.73797607421875
4059,61.31625843048096
4060,234.30806350708008
4061,104.67968368530272
4062,4.001274673905118
4063,1.8964242935180664
4064,178.7034797668457
4065,2.0131209129080267
4066,88.18548965454102
4067,179.05048751831055
4068,196.52487182617188
4069,346.3503875732422
4070,2.7774931760537083
4071,2.6686057448387146
4072,2.207329273223877
4073,3.099340342571617
4074,3.9205811619758606
4075,-26.16814661026001
4076,14.936792612075806
4077,5.039155006408691
4078,6.280173182487488
4079,6.912788554364017
4080,281.36693572998047
4081,4.12199991941452
4082,112.160737991333
4083,4.246032655239105
4084,8.165912389755249
4085,29.027430057525635
4086,6.468817830085754
4087,4.045592784881592
4088,4.46723473072052
4089,79.24888515472412
4090,160.9463768005371
4091,4.220941722393036
4092,60.91544437408447
4093,12.67751121520996
4094,5.260255455970764
4095,6.71523129940033
4096,2.407648685296109
4097,2.568281531333924
4098,2.724139094352722
4099,-37.672274589538574
4100,31.198503971099854
4101,6.235683798789978
4102,4.629895806312561
4103,55.14257335662842
4104,207.2565116882324
4105,5.837745308876038
4106,119.9873046875
4107,87.84961700439453
4108,83.08586692810059
4109,247.2995758056641
4110,5.915596842765808
4111,80.51629543304443
4112,66.01396369934082
4113,3.070505678653717
4114,5.063244819641113
4115,83.93946838378906
4116,154.30661582946777
4117,86.39206504821777
4118,274.362361907959
4119,266.7183952331543
4120,252.8289909362793
4121,94.3085880279541
4122,-16.31792664527893
4123,2.0879383981227875
4124,108.4792137145996
4125,2.4627800715541617
4126,61.54959964752197
4127,5.88242495059967
4128,1.5587985589420221
4129,6.481765627861023
4130,1.9648759522631765
4131,61.73531723022461
4132,6.315518021583557
4133,4.945479869842529
4134,108.18745803833008
4135,-25.507629871368408
4136,150.15033149719238
4137,347.3998794555664
4138,-0.1561315923463553
4139,100.31548881530762
4140,62.22195911407471
4141,4.093471527099609
4142,117.68797302246094
4143,290.838077545166
4144,88.20131492614746
4145,198.3310775756836
4146,78.36405849456787
4147,70.28046798706055
4148,295.2416305541992
4149,41.49746894836426
4150,28.227710247039795
4151,65.53441715240479
4152,120.10747718811037
4153,4.101700484752655
4154,359.89818572998047
4155,147.92209243774414
4156,3.1836730241775517
4157,-0.0406127981841564
4158,4.255638068022188
4159,4.669351696968079
4160,171.99762725830078
4161,181.28542709350583
4162,6.013915419578552
4163,69.72887325286865
4164,167.4662742614746
4165,8.879698872566223
4166,54.22609806060791
4167,119.248197555542
4168,17.051833152770996
4169,2.414685428142548
4170,-4.117048442363739
4171,82.74090766906738
4172,4.408089995384216
4173,3.904989719390869
4174,54.83521747589111
4175,137.67459869384766
4176,1.998536203285816
4177,3.725464642047882
4178,25.003666877746586
4179,131.9602508544922
4180,189.5510597229004
4181,59.01942253112793
4182,34.846274852752686
4183,33.96183013916016
4184,189.93975830078125
4185,273.19164276123047
4186,2.905430495738983
4187,91.55193519592284
4188,4.103528201580048
4189,4.378473877906799
4190,120.77495002746582
4191,2.1288624864365784
4192,34.6502685546875
4193,48.889766693115234
4194,5.838918328285217
4195,4.114922523498535
4196,118.6581573486328
4197,6.348696947097778
4198,2.9750155210494995
4199,4.970845639705658
4200,282.5588073730469
4201,257.76586151123047
4202,189.3520774841309
4203,5.651085376739502
4204,79.03916549682617
4205,4.912924247920949
4206,7.427978906756729
4207,136.99610328674316
4208,150.42571449279785
4209,231.40941619873047
4210,-53.7174015045166
4211,1.7868841938530224
4212,5.683861197606891
4213,-6.059301733970642
4214,6.707971461384422
4215,3.101588249206543
4216,1.620863437652588
4217,2.983033835887909
4218,5.733893990516663
4219,59.26131343841553
4220,73.85690784454346
4221,2.1739819541579686
4222,109.12564086914062
4223,2.714766383171081
4224,6.299667835235596
4225,4.972046196460724
4226,276.3626823425293
4227,2.559831142425537
4228,222.2184944152832
4229,127.00360870361328
4230,2.833128929138184
4231,2.0738587081432343
4232,44.82601070404053
4233,3.0893881916999817
4234,-6.137269496917725
4235,64.8739366531372
4236,260.9577407836914
4237,149.48575592041016
4238,2.7506932616233826
4239,54.81010723114014
4240,9.874619007110596
4241,40.89317321777344
4242,232.15105438232425
4243,-55.97225666046143
4244,335.37683868408203
4245,5.082167983055115
4246,1.978560817436712
4247,3.794159412384033
4248,4.1130858143023055
4249,-25.831047534942627
4250,9.059882164001465
4251,282.7328224182129
4252,6.462893486022949
4253,6.090050458908081
4254,5.4486998319625854
4255,-60.27894973754883
4256,5.565212368965149
4257,100.3475112915039
4258,2.3437865376472478
4259,1.5325215564077044
4260,86.1380558013916
4261,2.31874817609787
4262,268.92613220214844
4263,89.58616256713867
4264,2.3672320544719696
4265,39.010621070861816
4266,4.354625225067139
4267,5.8650490045547485
4268,5.834763405110371
4269,192.7395668029785
4270,194.255859375
4271,174.87418746948242
4272,4.675399839878082
4273,7.931803134755448
4274,102.50860214233398
4275,6.3074445724487305
4276,311.1918067932129
4277,233.99120330810547
4278,382.3721237182617
4279,334.08106994628906
4280,117.91807556152344
4281,57.78628730773926
4282,20.55332565307617
4283,6.638472826242538
4284,4.417358577251434
4285,100.1325511932373
4286,304.3139457702637
4287,1.7857976644075915
4288,180.16987991333008
4289,226.2148895263672
4290,191.3790512084961
4291,3.118311285972595
4292,4.963341355323792
4293,-1.8210430145263672
4294,-45.985955238342285
4295,0.7409754693508148
4296,5.459394812583923
4297,6.471001029014587
4298,5.803881049156189
4299,72.18402576446533
4300,35.15476942062378
4301,-22.60512471199036
4302,82.2196455001831
4303,1.8130356302437423
4304,-45.5659294128418
4305,3.774498760700226
4306,288.73945236206055
4307,2.844361636356165
4308,36.3067798614502
4309,4.898868666702841
4310,2.6155068278312683
4311,13.013465881347656
4312,289.7043228149414
4313,3.118567705154419
4314,2.537811577320099
4315,228.2484397888184
4316,1.1749904849034634
4317,191.6279525756836
4318,6.0107581615448
4319,41.75448226928711
4320,133.0253620147705
4321,4.500053346157074
4322,315.81333923339844
4323,83.03801918029785
4324,3.231745660305023
4325,6.614965081214905
4326,3.4575138688087463
4327,107.8928050994873
4328,156.96441078186035
4329,198.10406494140625
4330,12.871664762496948
4331,3.0475133061409
4332,2.4499965827437045
4333,275.7887878417969
4334,3.40022611618042
4335,3.390442371368408
4336,2.1548167021290663
4337,5.832177639007568
4338,8.957499384880066
4339,5.027718997800062
4340,-25.399893760681152
4341,72.28265476226807
4342,193.06644821166992
4343,170.33607482910156
4344,149.36001586914062
4345,5.860422849655151
4346,4.649007081985474
4347,199.2569961547852
4348,5.4412360191345215
4349,131.17381286621094
4350,-1.5559575781226158
4351,119.81405258178712
4352,188.8365821838379
4353,4.971282124519348
4354,101.17127990722656
4355,140.31344604492188
4356,1.905849096226683
4357,5.025983929634094
4358,290.76141357421875
4359,218.41739654541016
4360,3.290402048743319
4361,2.651876538991928
4362,1.158512219786644
4363,3.4948012232780457
4364,4.821430193452958
4365,1.6232460302383662
4366,3.2349088191986084
4367,244.87646484375
4368,-20.44230794906616
4369,71.63198184967041
4370,6.426817178726196
4371,202.61005401611328
4372,66.17880344390869
4373,326.745361328125
4374,6.54706346988678
4375,232.39128875732425
4376,281.12535858154297
4377,5.167140297119188
4378,5.71084451675415
4379,184.11666870117188
4380,3.043715596199036
4381,2.3375067487137016
4382,6.480572938919067
4383,24.13897132873535
4384,5.018896398922682
4385,207.75157165527344
4386,23.558281421661377
4387,309.38482666015625
4388,81.90432929992676
4389,6.56935715675354
4390,4.2215734124183655
4391,3.886349558830261
4392,2.450559228658676
4393,113.40250778198242
4394,92.88379669189452
4395,2.9388449788093567
4396,-5.12252002954483
4397,2.720321297645569
4398,6.298786906151937
4399,2.9331513047218323
4400,233.18464279174805
4401,6.793436169624329
4402,241.91571044921875
4403,280.2511787414551
4404,246.53264999389648
4405,354.9738082885742
4406,42.36293315887451
4407,73.40047836303711
4408,6.451376914978027
4409,111.3393726348877
4410,-94.63479423522948
4411,2.749726951122284
4412,300.1854362487793
4413,217.25274658203125
4414,4.162368900514212
4415,202.13211059570312
4416,57.4789342880249
4417,2.701390862464905
4418,228.42658233642575
4419,263.0273628234863
4420,345.66278076171875
4421,341.41736602783203
4422,11.119828462600708
4423,2.3338683137454805
4424,70.77716827392578
4425,169.30867767333984
4426,5.502620697021484
4427,215.99570083618164
4428,6.215184330940247
4429,5.27543318271637
4430,5.431316494941711
4431,194.89370346069336
4432,3.8380457067041496
4433,3.9504845301072256
4434,113.71011924743652
4435,5.740669250488281
4436,6.274744391441345
4437,25.093170642852783
4438,92.36075210571288
4439,6.81864086780714
4440,275.5065155029297
4441,1.8167560451920752
4442,265.5791206359863
4443,6.4867027185490596
4444,277.3946685791016
4445,3.700021221359145
4446,3.8866170544261376
4447,104.33084869384766
4448,5.009465575218201
4449,-15.505659103393556
4450,90.26276969909668
4451,108.14933013916016
4452,260.74474716186523
4453,251.7649154663086
4454,5.066571474075317
4455,5.5385295152664185
4456,204.66997146606445
4457,4.251407563686371
4458,6.812071273386558
4459,95.03646850585938
4460,0.43062495891720853
4461,86.03730201721191
4462,165.02128982543945
4463,44.50320243835449
4464,4.077073959119513
4465,107.53555297851562
4466,4.489389061927795
4467,1.7468161582946775
4468,1.80656967998403
4469,2.258563339710236
4470,4.743187189102173
4471,2.5657169818878174
4472,233.32155990600583
4473,3.875709652900696
4474,246.03443145751956
4475,4.171354234218597
4476,85.08101654052734
4477,5.809471368789673
4478,4.2432132959365845
4479,130.67087173461914
4480,287.0617332458496
4481,3.981981487008901
4482,217.55732345581052
4483,58.325605392456055
4484,311.9805107116699
4485,212.4933967590332
4486,2.2974675120740247
4487,108.16814994812012
4488,62.79579734802246
4489,-35.21587800979614
4490,88.90201187133789
4491,5.533838272094727
4492,260.1130027770996
4493,318.09607696533203
4494,6.4780250787734985
4495,2.58076810836792
4496,73.35080432891846
4497,6.632471323013306
4498,220.9468116760254
4499,306.0206184387207
4500,166.79644393920898
4501,5.782826361703755
4502,5.974298715591431
4503,182.5505790710449
4504,12.177444219589232
4505,70.61874008178711
4506,2.5333659648895264
4507,-18.587522268295288
4508,154.81422805786133
4509,62.50253486633301
4510,2.1935263918163077
4511,261.76363372802734
4512,69.83694553375244
4513,103.25288772583008
4514,2.871605932712555
4515,2.8789801001548767
4516,3.016062021255493
4517,5.085966348648071
4518,16.390365839004517
4519,103.845947265625
4520,57.02889919281006
4521,2.6519155502319336
4522,73.76572608947754
4523,6.611651420593262
4524,216.181884765625
4525,22.064870357513428
4526,2.215223684331166
4527,114.832763671875
4528,110.80625915527344
4529,112.13693046569824
4530,189.5808219909668
4531,4.028907136843457
4532,4.325755940279748
4533,4.853921830654144
4534,60.722588539123535
4535,5.922864525580231
4536,1.903458446264267
4537,1.8900593300269382
4538,6.20145320892334
4539,289.94240951538086
4540,201.8337440490723
4541,3.4824334383010864
4542,2.788258038574389
4543,213.67045211791992
4544,36.4533839225769
4545,5.272775558441086
4546,26.36299085617065
4547,5.767389406711076
4548,186.0030746459961
4549,4.477877378463745
4550,225.02332305908203
4551,28.468340396881104
4552,99.04254341125488
4553,116.97308349609376
4554,4.61486428976059
4555,202.46502304077148
4556,267.7930679321289
4557,4.623935699462891
4558,4.524472057819367
4559,72.67217636108398
4560,7.2647031437749
4561,5.321816619406348
4562,188.77260971069336
4563,31.70008993148804
4564,256.1464385986328
4565,46.212162017822266
4566,223.2096405029297
4567,287.6493721008301
4568,141.01484870910645
4569,4.964203655719757
4570,190.87260818481445
4571,266.42716217041016
4572,5.335919976234436
4573,3.031562924385071
4574,1.3521440655658847
4575,5.807709574699402
4576,159.12311553955078
4577,256.4682960510254
4578,66.23335838317871
4579,14.79584002494812
4580,0.627872080891815
4581,364.4448776245117
4582,59.323028564453125
4583,1.6850245296955109
4584,296.3829841613769
4585,38.45411968231201
4586,6.08913791179657
4587,3.8803839903179767
4588,1.6780767738819122
4589,4.0820152759552
4590,3.099394679069519
4591,65.55784893035889
4592,5.409265875816345
4593,108.53485870361328
4594,-12.724133491516112
4595,2.486866742372513
4596,69.52916145324707
4597,136.27420806884766
4598,4.464775311727902
4599,-45.43160915374756
4600,79.2973051071167
4601,6.719296969641261
4602,5.604805827140808
4603,5.428619859467883
4604,80.25119018554688
4605,1.6538589366105836
4606,120.27719497680664
4607,32.43320035934448
4608,4.34313702583313
4609,212.47679901123047
4610,122.2495174407959
4611,110.43142890930176
4612,3.2347545807724662
4613,-66.36608123779297
4614,76.96659755706787
4615,-48.98733139038086
4616,4.295722126960754
4617,4.787315249443054
4618,3.746305227279663
4619,6.334331191995295
4620,6.698397636413574
4621,107.94752883911131
4622,3.99639880657196
4623,6.200676321983337
4624,1.410822093486786
4625,100.5223617553711
4626,51.08980846405029
4627,5.458770751953125
4628,6.074311971664429
4629,66.34581565856934
4630,5.74589729309082
4631,0.1837411895394325
4632,6.4373438358306885
4633,229.8763236999512
4634,5.856385231018066
4635,6.019884467124939
4636,64.71614265441895
4637,6.927369236946106
4638,414.5169143676758
4639,281.8146324157715
4640,2.066448519761156
4641,200.0408744812012
4642,165.40510177612305
4643,50.00433826446533
4644,49.80611515045166
4645,5.954867720603943
4646,66.91566467285156
4647,27.98707389831543
4648,178.59093856811523
4649,113.13672828674316
4650,140.7306137084961
4651,54.34205436706543
4652,4.728397309780121
4653,263.94897842407227
4654,6.965770959854126
4655,5.805006623268127
4656,3.095457911491394
4657,3.013817071914673
4658,6.406724810600281
4659,67.49912166595459
4660,2.12104543167182
4661,2.5933225495484113
4662,3.7257961469018968
4663,118.54698371887208
4664,5.92659318447113
4665,172.32855606079102
4666,248.3198776245117
4667,1.8487734809344696
4668,111.79891395568848
4669,292.0519294738769
4670,39.46193599700928
4671,2.0185094259658722
4672,0.6258172243833542
4673,66.67790222167969
4674,284.3089828491211
4675,1.776242184583019
4676,140.12800979614258
4677,47.34855365753174
4678,5.485900766767645
4679,64.93063831329346
4680,4.241290870595887
4681,1.567541778087616
4682,200.2390251159668
4683,151.59273529052734
4684,119.12427520751952
4685,257.76155853271484
4686,3.8837385177612314
4687,224.0570373535156
4688,345.0381622314453
4689,107.58916282653809
4690,6.892388343811035
4691,6.699644923210144
4692,4.418348073959351
4693,104.78974533081056
4694,4.734440087807118
4695,394.4733047485352
4696,4.644016742706299
4697,2.5604099351509255
4698,4.560267269611359
4699,3.4193963408470154
4700,93.18920707702635
4701,5.864939689636231
4702,1.9502104428198384
4703,3.5733016290576596
4704,5.313595533370972
4705,282.2284965515137
4706,3.5024248361587524
4707,4.907146373930438
4708,2.9522405862808228
4709,82.66509628295898
4710,169.66888809204102
4711,6.318324208259583
4712,250.3740005493164
4713,3.621779441833496
4714,5.666565537452698
4715,74.89228916168213
4716,31.65465211868286
4717,7.088750342473331
4718,6.139358758926392
4719,188.5736427307129
4720,157.54219245910645
4721,6.111627046163058
4722,3.9217466756166983
4723,6.449759721755981
4724,72.89457893371582
4725,168.1965446472168
4726,3.6127282472364577
4727,289.3205909729004
4728,244.6591339111328
4729,3.8848174898016605
4730,184.6984748840332
4731,94.90418243408205
4732,-30.21912240982056
4733,5.46595859458861
4734,6.070242047309876
4735,5.556754350662232
4736,3.4219101090505952
4737,68.58714294433594
4738,-13.747756004333496
4739,172.00031661987305
4740,303.1919975280762
4741,5.053271532058716
4742,88.28968048095703
4743,5.811564922332764
4744,249.18714141845703
4745,64.52392768859863
4746,4.2003573179245
4747,3.118764524848596
4748,3.1411246061325078
4749,5.8819215297698975
4750,5.808173178852973
4751,3.9109972715377808
4752,92.43197441101074
4753,151.6585693359375
4754,146.63693809509277
4755,4.189390489293101
4756,1.9840842241019743
4757,3.528175294399261
4758,67.06012153625488
4759,96.57868003845216
4760,4.636471152305603
4761,2.9875957369804382
4762,184.45314025878903
4763,198.1205062866211
4764,2.3732407987117767
4765,327.8664855957031
4766,37.39099168777466
4767,37.25890493392944
4768,20.671584129333496
4769,-40.753817558288574
4770,25.01129150390625
4771,25.1344952583313
4772,3.9189475774765015
4773,4.269280672073364
4774,151.1453742980957
4775,2.0299722084567873
4776,2.509617805480957
4777,159.08896827697754
4778,5.08742903831642
4779,19.219032526016235
4780,2.037172108888626
4781,65.88677310943604
4782,4.7768359780311584
4783,3.9993478026860974
4784,2.438097059726715
4785,27.202682971954346
4786,73.46823787689209
4787,5.725340723991394
4788,3.910410881042481
4789,3.286896824836731
4790,132.09646034240723
4791,205.21381759643555
4792,4.399025976657867
4793,162.23717498779297
4794,59.20507907867432
4795,241.8221664428711
4796,3.0783230662345886
4797,148.04964065551758
4798,5.92444121837616
4799,4.119354521486117
4800,346.79183197021484
4801,3.690280020236969
4802,4.867335200309753
4803,289.13104248046875
4804,1.9724746068420511
4805,263.12682723999023
4806,4.533789575099945
4807,2.7836874127388
4808,58.143839836120605
4809,104.55485916137695
4810,1.638876974582672
4811,2.0991066895594566
4812,5.758317947387695
4813,258.5775489807129
4814,229.57177734375
4815,2.8040534909602273
4816,2.8093936544611497
4817,6.245997786521912
4818,1.685827018904336
4819,89.64755058288574
4820,2.4021293222904205
4821,193.2130241394043
4822,124.33211708068848
4823,4.938414692878723
4824,3.1479422450065613
4825,252.10122299194336
4826,4.697979704775552
4827,5.8133838176727295
4828,221.3453025817871
4829,128.96693801879883
4830,83.04922103881836
4831,194.9810104370117
4832,6.943972449161269
4833,3.4851669360861326
4834,115.19400405883788
4835,3.945247977140755
4836,6.604156494140625
4837,210.52469635009768
4838,31.42493057250977
4839,325.6702346801758
4840,3.2799347639083862
4841,146.5734157562256
4842,10.058719754219055
4843,2.012506663799286
4844,4.091858565807343
4845,4.78709077835083
4846,7.198972498303086
4847,3.9382301180131725
4848,2.346414476633072
4849,5.223443984985352
4850,6.856296896934509
4851,5.641634702682495
4852,114.36186408996582
4853,282.7318801879883
4854,2.803558914401785
4855,3.304352819919586
4856,161.836181640625
4857,235.22252655029297
4858,316.70325469970703
4859,133.09429931640625
4860,250.0754432678223
4861,8.826442837715149
4862,106.77591133117676
4863,6.9290142396813446
4864,6.119268417358398
4865,1.8985500505653117
4866,1.0790917980471413
4867,3.4200190814473515
4868,57.92622470855713
4869,1.1552071054430257
4870,102.49297142028809
4871,6.5396588910978615
4872,2.3121232092380524
4873,305.89780044555664
4874,-14.61332368850708
4875,2.90706080198288
4876,198.77876663208008
4877,6.26788857542817
4878,88.3421459197998
4879,73.01458930969238
4880,5.837876081466675
4881,6.180289387702942
4882,36.68440294265747
4883,1.8096731485476214
4884,103.5287628173828
4885,-63.4388952255249
4886,253.61429595947263
4887,5.000407962037804
4888,291.41221618652344
4889,40.55309581756592
4890,228.0541877746582
4891,132.72675323486328
4892,1.8931420630764897
4893,5.710683703422546
4894,103.95096397399902
4895,6.4307743310928345
4896,5.713923454284668
4897,6.195020318031311
4898,2.9400552213191986
4899,206.3929100036621
4900,2.808208286762237
4901,267.1638259887696
4902,4.324390118206148
4903,143.36368370056152
4904,404.0345458984375
4905,91.3279628753662
4906,163.68936920166016
4907,193.77267456054688
4908,4.336560606956482
4909,147.67608070373535
4910,190.7892265319824
4911,92.85038948059082
4912,5.469654440879822
4913,241.0093765258789
4914,195.6721954345703
4915,3.984956681728363
4916,4.544937610626221
4917,6.332218289375305
4918,3.208539605140686
4919,36.55380201339722
4920,2.0405102156000217
4921,-4.508242189884186
4922,176.5952377319336
4923,220.84102630615237
4924,6.151307463645935
4925,2.4824062217149305
4926,1.3078789769701118
4927,5.684280872344971
4928,3.0046809911727905
4929,85.03996086120605
4930,106.93853759765624
4931,-14.339962244033812
4932,5.705041289329529
4933,268.90143966674805
4934,-57.24210834503174
4935,63.88754081726074
4936,257.72534561157227
4937,26.94381856918335
4938,80.01432704925537
4939,60.70402622222901
4940,3.371752798557281
