id,target
1,3.861424537144872
2,2.4686694283694792
3,325.55504572816113
4,-17.262983575181067
5,4.41178079199322
6,6.813611642532136
7,5.355700641290243
8,81.61221251558777
9,90.00561185491759
10,83.86069621355615
11,31.022939413513086
12,-20.969960862165454
13,264.46316084437797
14,201.48198893968305
15,3.674303139154107
16,283.9232122553343
17,2.821585330861257
18,86.12918672453677
19,3.1426966193704162
20,6.583705006087243
21,-61.347773548726806
22,57.96662734198229
23,3.59821433533266
24,2.2561582994131397
25,22.498358019567412
26,80.52684843693467
27,1.0407203304379866
28,157.99412628521378
29,44.32124749390191
30,3.188286927023846
31,6.315076356533222
32,38.04430043563147
33,48.33799152117575
34,3.3823900280566326
35,2.401686264285308
36,5.890940442198588
37,276.4412064580268
38,236.20129874662763
39,71.34403235441032
40,103.90112856731668
41,-47.70207145610637
42,2.318285898388512
43,5.653592783730607
44,4.677379475682534
45,124.11881643494425
46,50.813221992652956
47,2.530915603518059
48,-85.44198325233948
49,3.7104972064812975
50,1.7928764462190188
51,269.85097553977863
52,2.8260554721959634
53,2.2191634102883837
54,69.7598992982853
55,2.6228296236422506
56,3.997550187412064
57,5.711219672594528
58,161.52329268873498
59,239.62171379836695
60,6.969682772913542
61,2.389249577083979
62,239.35414841413592
63,6.79506902472778
64,2.1539430612309545
65,2.6006448065755934
66,4.42352151850059
67,5.097548002408586
68,214.72468234502003
69,120.37936005000569
70,1.4101500939481841
71,2.2264055531665035
72,1.8363583278944464
73,30.179121326647603
74,247.93333736643592
75,196.55309107706444
76,6.466902067736722
77,5.997187626850009
78,159.12235239277524
79,258.99746485314245
80,3.564591708705001
81,37.760599674895225
82,4.3593427607305575
83,177.51460956832221
84,27.404400472701766
85,11.944041090129142
86,2.4393580303791067
87,62.954757288593456
88,217.56887787535402
89,6.2038830848307125
90,5.487832355578808
91,54.488843883695694
92,47.40284788457004
93,20.496541977218794
94,5.130854643948485
95,3.8059853607652667
96,2.802232989090934
97,7.413702093715672
98,217.89535891233646
99,84.73642437584788
100,278.35661461278124
101,5.131784948515249
102,257.4453749658501
103,3.5246096010603143
104,6.673048200406717
105,132.05960749565673
106,63.12723118012674
107,279.84794418496136
108,2.3719218716675416
109,185.2402246679759
110,3.0472356028255514
111,64.4215868366603
112,2.1493497174011678
113,212.95240349678772
114,6.705050458527087
115,5.557120769276922
116,393.4787225384016
117,211.63286366940824
118,173.4317094857913
119,229.09804313775686
120,307.6149720401831
121,146.24061119917766
122,3.3444468226133086
123,102.67889382239497
124,265.3719797453835
125,157.30370863514798
126,6.324463943193202
127,132.458182173661
128,3.2236900714981047
129,221.86690388241266
130,80.12189386418316
131,58.34646369643731
132,16.50039867031919
133,-57.804206044642314
134,277.8306407220234
135,6.322316428479139
136,1.7939293175030746
137,123.91210856399236
138,5.98280378889958
139,196.1908477537143
140,293.7406181722497
141,61.05264419768872
142,7.37394281982418
143,51.935668559698314
144,32.38850106957837
145,6.593178877008077
146,160.89472149020622
147,220.28358265031892
148,1.497666791462544
149,234.63283057532482
150,66.15106263104482
151,284.7418394851742
152,291.78904184620535
153,175.3089899098792
154,8.440015969557056
155,4.318715551352327
156,218.53427918921724
157,129.17509811820128
158,133.84076200089794
159,131.53150078428502
160,6.562074594595559
161,47.85242499215219
162,4.37556111460491
163,273.12357674604215
164,2.7637875368511264
165,92.36042446805911
166,208.01135678673282
167,326.6500189668631
168,7.264323085018686
169,1.3591240532225506
170,243.81945697201832
171,2.670777373678521
172,4.23160018879669
173,-40.37524028606125
174,3.6917449533215274
175,5.699268825202952
176,137.69305764325856
177,69.5528970434136
178,341.722640621678
179,135.15847457512342
180,232.7496805516871
181,6.390869342291149
182,2.0048829673477764
183,307.53862993802977
184,6.985716832824229
185,1.60124662443379
186,3.5132095396024834
187,2.7959776283578006
188,3.9325212041853463
189,77.59398962219568
190,4.236573656275821
191,2.2685444190121773
192,40.12385344128548
193,2.86630340388563
194,342.07504433704025
195,99.86440937409512
196,270.8564001971532
197,133.1386841006053
198,230.77796928568574
199,47.21756159214959
200,1.8355132723662657
201,2.6833283306282407
202,87.33764381724095
203,48.20682985995646
204,3.991658832704493
205,269.41440792130334
206,59.699058319196354
207,216.41387042064815
208,147.744828059079
209,67.6112336082591
210,166.26121814995878
211,37.06763462205704
212,110.43957040074343
213,257.980906142106
214,68.2543958500611
215,21.200977423771764
216,160.50432118537827
217,85.64551536778552
218,177.69843977356325
219,211.41737192454434
220,5.968203850424247
221,196.801530738348
222,163.56427279779413
223,2.370168310518838
224,187.82416078353558
225,261.0479053943328
226,198.22945735984177
227,55.96355804321834
228,267.947867075997
229,257.98204724041676
230,0.9220253020647207
231,215.05790753262562
232,49.38621680609491
233,58.218994932476605
234,246.68644065491122
235,115.29285608053598
236,1.7397541151022522
237,6.405471034190546
238,31.019776752986033
239,6.431740085074271
240,180.08886119453913
241,321.5241762979663
242,230.40745734733218
243,3.631710145517542
244,3.7604270066085337
245,40.32555729991422
246,114.70875588875457
247,124.84939444977181
248,6.26894903691116
249,5.948211775948724
250,59.94796324798176
251,65.53673073213747
252,203.31120470348833
253,7.843337089107752
254,172.22847096791688
255,-49.578417726781495
256,6.3405761978992015
257,2.175692724982769
258,87.73195117476483
259,281.63989763704103
260,2.4009503093500015
261,5.855830526903636
262,6.4825083911836305
263,-28.693244532257417
264,3.76797196833272
265,3.52841739214779
266,1.7894107152295522
267,3.656165792645033
268,1.6535092488488332
269,203.25697926419252
270,2.8945001056935267
271,131.5290858665657
272,119.59308519407412
273,4.610523882757808
274,5.029762230867882
275,346.86038852353505
276,189.29386827291657
277,223.30842421544048
278,-67.48465467363818
279,4.022677841665515
280,188.94948715546582
281,5.073426826926914
282,190.93759949023004
283,210.86315566649967
284,136.8498757962341
285,246.07250809754981
286,143.16331705202836
287,227.6636589031993
288,6.449161603294604
289,132.83440028078667
290,4.628502626343908
291,132.65842576647643
292,3.488246239453762
293,80.46741417085595
294,103.28370447896128
295,4.958437453981965
296,94.25215137921478
297,41.52481919252644
298,-56.2188420552433
299,207.36511690142532
300,5.876888971289036
301,3.7920972520498966
302,5.034597259199045
303,4.460598165815874
304,4.062858106363695
305,4.814686562756295
306,214.161639992373
307,2.97153460642873
308,2.724165185029176
309,134.88511666219765
310,2.0046424620888295
311,2.149714250574928
312,3.149426061301745
313,127.62761761478822
314,4.008004940579004
315,1.0829541940033296
316,2.8430057127353288
317,3.9217317551843145
318,3.66093722202939
319,75.57819124800056
320,1.867536932564259
321,6.234443006692002
322,2.358547679676684
323,1.8803633561047204
324,2.4823439215146204
325,3.1714365733088865
326,4.885264921533963
327,38.59167106526383
328,4.4289429888289025
329,105.759139738554
330,57.843659125467596
331,-2.0372423000871627
332,5.782064788406831
333,2.7884551381633917
334,6.962880479927276
335,142.06723699177883
336,3.878283111333306
337,2.3419411844318105
338,138.29689398739737
339,53.629573636242284
340,287.3371514839072
341,106.9407366625808
342,76.85824444937825
343,3.55559591224989
344,2.2042910898918664
345,123.80625621083641
346,2.4895735972487696
347,5.201460104673728
348,16.88917030523611
349,-62.99542331471707
350,121.38325432916474
351,251.77828775338935
352,28.621718256307105
353,1.167503721177061
354,6.079167535971596
355,278.16531349475446
356,214.6750505438663
357,2.8355118515877162
358,-6.50994460774451
359,4.2852916580310785
360,137.65974751425725
361,4.16132146516329
362,5.978335234205245
363,-32.45143285562767
364,4.407126583319227
365,5.355047176575535
366,76.00720272486274
367,4.334100141616609
368,262.3266942743656
369,4.911563664532266
370,-13.153248566276147
371,268.1339982435024
372,78.44914885441122
373,165.64750181353244
374,16.774848967679155
375,108.23002085431023
376,2.525331712740922
377,2.583413890306798
378,3.745538213040617
379,3.1962407061494162
380,0.6718934724632386
381,6.082692687819363
382,6.600025510515712
383,156.4544006354655
384,1.7821529165526266
385,3.771499761609971
386,281.5931060025002
387,2.358219480818112
388,3.8542600461920467
389,63.74431086540602
390,5.190802877695991
391,176.23431100971138
392,6.564090824358642
393,3.8479130151388174
394,338.2309158870474
395,195.78753739743144
396,2.2965068768519212
397,1.7373170713462227
398,6.359926808109426
399,195.47909151575828
400,236.190349656404
401,1.656718151259176
402,6.194229307385258
403,5.755459164606915
404,5.965784198816639
405,23.62702088504725
406,7.050632663103328
407,-72.11008982461895
408,4.064589271761853
409,2.6303850591188005
410,3.468609598227377
411,2.238849303049154
412,-11.419289490716409
413,347.05423543397495
414,5.8979513058862985
415,56.012011785258636
416,3.266502341896552
417,6.9139122690543795
418,5.633161438368021
419,5.541130597608463
420,4.347038094134046
421,137.78232464375395
422,146.5065403603688
423,154.2320184676674
424,145.8516931466413
425,5.954741514858398
426,235.2810055265512
427,3.1113130483544262
428,209.45431875298783
429,2.5614293817115796
430,4.222169446365498
431,262.65950483557026
432,144.80473989282353
433,12.268850290138936
434,5.987554651041813
435,62.63152400737148
436,237.1524198504871
437,237.01854828517776
438,175.45473828907163
439,6.050552951336659
440,264.053076696515
441,219.33383447606968
442,131.14674856034134
443,319.17110016625236
444,5.451114119309593
445,6.2614096483601775
446,66.15814691401069
447,1.3595066079976048
448,6.371812635041394
449,307.7264157299555
450,269.96337945201066
451,168.29996197464047
452,235.6404443213193
453,1.9017700968172147
454,4.411284234326163
455,131.081250152298
456,2.782048833766626
457,4.713469662528233
458,259.7008672407492
459,72.96554356847267
460,20.28294133709843
461,119.0589965151394
462,6.6728297398009495
463,182.02566491208776
464,5.26603714077288
465,144.66219016271788
466,62.53741178854631
467,1.7813817356937691
468,5.194510255623263
469,35.469213593876276
470,24.101553183972477
471,1.8038206743046348
472,1.9148583794419969
473,39.28466610516328
474,6.055328040255336
475,87.97345976533452
476,6.880852935464255
477,1.9136381405706866
478,4.315977344125212
479,211.3642072544174
480,4.163158674231383
481,6.456895299702143
482,223.26594509950854
483,1.723817740347685
484,214.42131872303523
485,116.00911949021085
486,4.637134954506911
487,1.872741700178369
488,208.6878209403282
489,2.2937484596732896
490,4.760414925266517
491,6.551159653703166
492,3.754463527703323
493,3.9287516750978924
494,231.04548780247666
495,5.9796302522941
496,104.57704470525883
497,6.467995550400973
498,6.041252978546622
499,5.5175024598686555
500,8.056138240737823
501,2.706212110524518
502,325.421556481167
503,97.32281043807274
504,14.246931243507333
505,1.763712268749835
506,6.537149648974516
507,343.11787805886985
508,63.75594479655771
509,257.45025109449426
510,3.6522832658677085
511,155.27538191195285
512,203.14951858340305
513,233.6801439160717
514,346.68229290286615
515,315.8064948596775
516,225.91925321394388
517,283.6213898684375
518,7.375663113102551
519,51.37590494685904
520,294.55229393705196
521,1.6733224441974859
522,3.852923428277073
523,220.8193642750951
524,4.0326087572103555
525,154.37631929401564
526,5.716816483575368
527,4.622195121124446
528,3.6460621419814423
529,6.349968666182766
530,263.1113049335061
531,123.45710985343845
532,3.4050464834216183
533,98.45114976592973
534,4.198119414012944
535,6.7532008787555196
536,6.051135350008719
537,0.8391150515536443
538,4.910560437988526
539,270.8853382469867
540,244.18835111092415
541,248.47193521971235
542,73.78326330215963
543,92.74044977381777
544,5.471784603189155
545,3.8865113557423587
546,3.5280371756617885
547,2.102085702360808
548,338.41176341268095
549,5.722469514520443
550,254.7173214182019
551,5.910435268280571
552,121.80716322413397
553,3.9729842223712897
554,83.22462336759962
555,114.03094226829839
556,247.4121108347514
557,214.54655644505613
558,4.864903750559227
559,5.772329897988777
560,159.66700146452592
561,119.17270380982814
562,154.47030029635275
563,2.762596974963957
564,11.12003722701063
565,157.40234436282879
566,2.3139283017337946
567,52.67245769817869
568,114.41944512508107
569,324.22268778107576
570,3.3662491093436113
571,208.7983814960113
572,3.096682588110803
573,96.8839964356049
574,97.06061388501759
575,8.01965300937628
576,1.9195031515661385
577,2.5831412620393914
578,184.19188041040377
579,-2.008887553355256
580,280.0241934279692
581,54.013807437536755
582,67.99621768254438
583,5.695319284042757
584,2.810221304107945
585,144.88310945837068
586,4.480951290377188
587,221.09812946126095
588,2.627423407438863
589,192.62110141705824
590,270.32534055866915
591,173.27427992088116
592,6.720303074144318
593,242.32711943176855
594,283.7308505322341
595,31.91106677476327
596,5.333533714423783
597,114.1111197525461
598,2.7543302263731873
599,73.76107445630706
600,176.92482664005513
601,144.15497863447226
602,32.35444789359377
603,2.113427337933959
604,248.75957993936623
605,2.249825341038772
606,2.0877570063056297
607,6.754027346274244
608,43.5913712566378
609,274.5501490168158
610,40.613866878016275
611,73.98737053851244
612,4.138723903804457
613,-1.2455954331143364
614,49.54549523235636
615,1.9046574563447924
616,183.55928692363196
617,-59.946647594847136
618,227.0424150686755
619,4.4557275953116084
620,5.45420002137535
621,185.12228263296277
622,97.1600011702424
623,171.81001726609537
624,194.48856978912892
625,2.4963826655991994
626,1.9211250440342131
627,76.07264506261032
628,4.16859440962229
629,233.90879617375526
630,4.390906322910541
631,2.116234739220937
632,178.7770413972951
633,136.40458217311095
634,221.6282721642031
635,2.212449109879511
636,105.47202677280751
637,102.64947390019202
638,6.613234742484989
639,8.904045812707192
640,124.41236091370492
641,6.822046191241009
642,2.7365329274049808
643,291.9076863851312
644,2.98952631620718
645,93.22532507174783
646,62.22851649557224
647,157.8168869209713
648,236.5280192608015
649,377.74706128471183
650,308.61815233850007
651,124.43644125349368
652,42.59925418060517
653,2.675686629296729
654,190.93810356566493
655,-1.4132045735100291
656,197.3192701082712
657,154.02553216735072
658,298.4040138271444
659,1.8839506550940337
660,126.28962492129543
661,3.838390653034316
662,132.79875873686933
663,3.6825098750047793
664,-47.140870136740695
665,93.56103148374123
666,157.50871758485607
667,248.65374178925902
668,332.8870407848523
669,164.11612184404657
670,198.80633278356402
671,111.4236588429273
672,95.33554057991695
673,4.273703080937403
674,5.798558941819307
675,6.0418545639746615
676,5.682421540943401
677,31.407340507275933
678,186.9367738471792
679,4.932482232018511
680,2.752972185391878
681,1.963875570086988
682,79.15015475482309
683,5.427070931531549
684,170.4790057167534
685,223.99506403034758
686,5.941823962425628
687,379.0013032109003
688,91.59475801320204
689,98.60418284412606
690,337.13099757362494
691,3.7506562072450977
692,69.64070758531244
693,5.224273518025357
694,6.5993205589736466
695,-20.225304584748994
696,291.18708062025695
697,1.1013735792311934
698,231.4024078268967
699,1.2776606427512975
700,241.50026024391133
701,3.7052186831299254
702,3.8055193478117006
703,57.98970872664509
704,83.13187846723382
705,173.36514747573358
706,193.81592039046143
707,148.11438576990065
708,77.97358574379973
709,87.88476627929897
710,220.49032076804718
711,220.50297077206778
712,6.475757905386445
713,19.90007763237375
714,6.932246546391846
715,249.99602918958948
716,2.615768057581846
717,82.17549199824003
718,377.7879470717519
719,206.32690269766348
720,4.120420660592136
721,162.52652554272203
722,1.8769143471879517
723,6.5356874178684325
724,1.5234596667655167
725,2.1232418137097833
726,113.8254516172712
727,254.52084275344248
728,53.20737344001877
729,66.66291097368676
730,94.2340807014493
731,284.3092555013644
732,4.395493997311693
733,6.784548268609715
734,20.912036741512487
735,248.98054565432454
736,52.6672982690434
737,48.36194358084494
738,111.72602692665458
739,292.76116311164265
740,112.25725712187472
741,-18.630096246506515
742,275.29445191348736
743,129.97693378785485
744,1.2815730872484186
745,283.18563489068237
746,179.19622063690943
747,3.7128118120294236
748,59.16972910579135
749,87.28320008597359
750,201.43808746667406
751,50.31164134957524
752,246.2321043633604
753,1.8886036427352373
754,243.6550342477217
755,6.539847504170677
756,6.0705548128962725
757,211.88505633581013
758,1.9894070591677218
759,74.44403982053268
760,4.203365769551738
761,209.01857855814995
762,5.282482671884918
763,2.113981379455707
764,87.16592099822942
765,4.426959462009196
766,51.91478875172804
767,0.20910544235299788
768,5.007484593439619
769,6.037669134872022
770,1.720013576352689
771,263.2990733030706
772,77.39536656394623
773,126.91177395820762
774,-30.943586794881952
775,38.30665173164898
776,4.091103210691066
777,224.89503064067358
778,13.859654626785204
779,169.12696453011176
780,56.20360115429841
781,304.4739012636924
782,3.219634976061684
783,54.36842815913678
784,2.6593374135399603
785,46.85999641163188
786,134.77260482673208
787,5.56950489101181
788,1.8950697622141015
789,180.57349080335175
790,75.85181770936688
791,-23.71127158843449
792,129.7377403033019
793,-85.60900154583047
794,345.36556113260065
795,-58.54734519228836
796,129.14867549421345
797,3.5979537682272724
798,53.9660837319004
799,3.056579412619995
800,5.966620150733725
801,202.5756632533275
802,90.2349601829557
803,167.4104968037243
804,6.6927652593723055
805,1.2701413689160805
806,166.71310449655266
807,2.068766140826802
808,78.82357490937031
809,1.5734850019020352
810,49.99900063894452
811,235.45270581502228
812,90.05573128695357
813,275.9450629475652
814,6.035506245279544
815,4.714518258744873
816,7.571575276185193
817,2.54663284037348
818,3.024292210943571
819,5.382094205959356
820,76.53196392247851
821,5.556325336988198
822,2.059516355360113
823,38.97006967946249
824,87.23978055647369
825,7.459819704676622
826,65.92598558851385
827,4.378250269559081
828,6.400578725825746
829,36.94223275544175
830,174.20197313880425
831,101.86460469197831
832,6.234186569189626
833,249.54123816183971
834,183.79421789960702
835,139.41359845230616
836,2.0639969066414863
837,66.76283557307234
838,164.40725839248768
839,5.966674446763779
840,165.50554972319094
841,141.47422290828442
842,68.8508858470428
843,2.193105989631277
844,3.13374994733498
845,5.3896127792503945
846,6.126812722099206
847,5.653884937443564
848,160.09202667385193
849,6.458584306852099
850,76.5102026391459
851,19.950844566054357
852,27.515537302603903
853,99.07504703474922
854,-2.0372423000871627
855,7.267849069184415
856,245.6150818457013
857,85.9837213588659
858,45.884579061863334
859,217.6413088119832
860,2.138115269590343
861,3.264265377842958
862,2.4293358712737376
863,111.62579015836951
864,242.71458929102954
865,265.529096027888
866,227.67916039387222
867,5.4813577513070575
868,112.94994542806447
869,162.02899981368193
870,123.57606557690107
871,167.19845736505275
872,143.50590848183754
873,2.4884144313458365
874,54.48533388442755
875,6.766254218572407
876,100.40850758742621
877,40.60574540152713
878,51.888400499526114
879,5.511349991746946
880,6.955034820225663
881,149.27975369010747
882,5.704798495636215
883,249.56441481637057
884,6.077697266046068
885,172.23061769726422
886,71.22857442508776
887,1.9160928221776192
888,2.1939764683534735
889,210.3997510305527
890,4.023570619097651
891,2.8058502182570866
892,69.89132420361959
893,5.483523872391029
894,-17.09565741262666
895,3.471379580634844
896,213.04312093122655
897,2.4651774685788546
898,230.4184925763094
899,-52.801584900756694
900,242.57239954890048
901,3.6349955447580315
902,188.21246881347466
903,5.401352788509495
904,129.36124514467548
905,1.953619777591823
906,0.7361057171494144
907,208.31202357505924
908,45.54111781600439
909,81.58991173980989
910,2.365916474605428
911,6.836582753309816
912,268.5033004867487
913,154.23950290144458
914,282.4258475322738
915,87.70504034851322
916,125.99953570208035
917,-32.51437727686139
918,2.22502449619837
919,2.900319506879395
920,396.27077368562414
921,135.0861418772577
922,201.33503249516838
923,2.065145725816975
924,82.77620721042058
925,193.28753964128504
926,57.416324139034955
927,59.007643078680346
928,5.314438743592424
929,29.391546097787028
930,46.29146302085066
931,231.73249030138885
932,195.61890492595234
933,4.952414302522625
934,2.093156223968248
935,170.72818139742628
936,59.900948062764456
937,3.2249031254640705
938,4.5881201666467435
939,130.79741551122777
940,1.4673918408286888
941,5.833534681105997
942,4.851711617966778
943,102.47957835189271
944,3.965729435236006
945,2.0388480778798606
946,67.07034666010722
947,51.13402892255593
948,56.85487828599618
949,222.93362483651885
950,353.20280290098873
951,-15.929762494234115
952,-30.881549233718957
953,5.924238834766256
954,268.7911323064646
955,185.13416596777492
956,171.0455786741327
957,1.8043974330177441
958,2.7628822552308705
959,192.05766465522086
960,58.76804991970458
961,166.6904682229442
962,2.5011654453697854
963,6.538419298785783
964,4.852521058516159
965,6.847820822983413
966,3.8041279259880687
967,58.43849639402514
968,167.54518796329387
969,150.89444540019247
970,6.36855654612494
971,365.93188084260794
972,5.678820688281357
973,109.70156687605981
974,5.500565348851599
975,3.7250476631859177
976,5.281912157904342
977,184.4979167334166
978,301.6472422442974
979,1.857887414043815
980,1.838726725229238
981,-28.74549921598446
982,49.61184794340687
983,305.3920697151649
984,314.0311873478198
985,256.22488386459327
986,78.10009366241175
987,2.9598540925758856
988,252.6710561227781
989,335.5562831701765
990,119.41347740059236
991,3.876958883129193
992,290.4532244537558
993,196.22895818509528
994,2.8208390668759007
995,-6.656255165841316
996,55.59477848319494
997,2.016812512371999
998,38.94926723075109
999,71.71957562635305
1000,-17.927032370141404
1001,277.4523638828698
1002,169.3496075944288
1003,5.776850622410629
1004,1.3427712439229407
1005,1.7568697155704753
1006,3.7725417424965917
1007,144.193624617892
1008,2.057261288201784
1009,6.708949925980015
1010,61.637578734336984
1011,262.8739175600858
1012,25.636746567270762
1013,221.70079974164807
1014,76.47673728081985
1015,237.33241112689984
1016,6.707672174967686
1017,5.18468095544867
1018,3.20702558680901
1019,6.350865923768518
1020,3.8446266594613934
1021,135.9365635622325
1022,84.6513063157098
1023,165.2099911868928
1024,176.81719451498478
1025,5.291230841405493
1026,3.3418779214297407
1027,4.6326723696563095
1028,80.59396499744864
1029,3.6354518994236145
1030,29.201986144850686
1031,272.202371384068
1032,2.5630962433915756
1033,2.2638339020379457
1034,233.73182983821658
1035,1.0963317135675805
1036,245.44842494202942
1037,6.955656714542089
1038,52.70676492744316
1039,3.604585890197405
1040,-21.482143540546264
1041,2.6230312653664742
1042,4.145520437486788
1043,3.4933766908870787
1044,331.1401923254433
1045,108.93590668774576
1046,38.394425800454925
1047,227.37445096727726
1048,1.7892106446189637
1049,2.756758463927812
1050,6.473241562307209
1051,52.78651266375502
1052,178.2094752837814
1053,259.8513170792736
1054,6.422411965816121
1055,43.349693401400444
1056,34.01847285330025
1057,4.365756719587967
1058,2.530984905158644
1059,2.6679594866408847
1060,132.40490216617317
1061,2.826159126983508
1062,5.876314869231105
1063,301.27997597271195
1064,204.9332021215023
1065,74.63732194961989
1066,265.03559891437004
1067,267.9718992457905
1068,6.024395246164231
1069,4.102856653637343
1070,308.14118751068946
1071,113.17067092667958
1072,5.503372180523587
1073,3.209954059395555
1074,6.4740646440710155
1075,4.913014575788367
1076,278.91224230713306
1077,6.490123827782307
1078,166.4976634079812
1079,2.522890722218801
1080,2.297482959927201
1081,6.052197468914626
1082,3.831473992614723
1083,3.4088684067754675
1084,6.358701177265519
1085,116.45316705010868
1086,194.5422709191189
1087,82.10348259533272
1088,283.756238362546
1089,8.519862168836342
1090,135.5049673584226
1091,273.5067751953836
1092,5.651283110289868
1093,3.521658707698223
1094,6.744449189894878
1095,3.0584536565475746
1096,2.51389912931227
1097,5.436985494624846
1098,66.40815789066181
1099,128.48300924566718
1100,5.649712840124147
1101,4.573001912879899
1102,6.295505746918574
1103,270.96737070441196
1104,4.7002370899882475
1105,124.4414887742135
1106,4.803333347007085
1107,6.262402497006553
1108,18.181980914983814
1109,119.92512652812258
1110,87.8313889567438
1111,3.1848337063141523
1112,222.2236572600754
1113,2.4489374080810737
1114,159.89666636789798
1115,-58.52519149826922
1116,5.5751771398022685
1117,307.68904561712475
1118,256.77284913164175
1119,4.530388846807766
1120,62.0492531741414
1121,31.443944622991403
1122,235.86398848456207
1123,3.3361246366943496
1124,168.0302670918781
1125,2.720301927776515
1126,77.16123119495012
1127,6.584950044911874
1128,-33.60219741788805
1129,181.5811837413002
1130,6.275237936281371
1131,50.38983200595278
1132,3.3761480740127885
1133,-64.18857704380146
1134,176.55163949841645
1135,200.10604474188978
1136,-51.34863067442319
1137,4.004664385974215
1138,53.54469698995506
1139,110.95907371090775
1140,128.0391140189075
1141,204.3984706798455
1142,157.6234047921953
1143,29.99969009878867
1144,-30.248599825827107
1145,125.3101029566019
1146,36.23212766102114
1147,4.261389952403861
1148,115.53145814586162
1149,38.16587746440601
1150,4.075562838062105
1151,1.2646183165837166
1152,3.79637704991918
1153,3.936051840968563
1154,40.06023926242477
1155,179.10616874619356
1156,6.858943343539897
1157,95.12163601858741
1158,211.18505351692363
1159,129.13211677463457
1160,120.27343688976225
1161,1.7054854306996403
1162,5.446148041527425
1163,5.521543204440164
1164,4.852083832542923
1165,199.9044940570077
1166,53.86761089031576
1167,-29.367605619580203
1168,4.694092780809332
1169,159.9014884436425
1170,4.605515106229211
1171,4.33543846279866
1172,-4.9584910984849655
1173,3.620750183882082
1174,194.96256044580815
1175,-44.16133284086866
1176,251.9154360419901
1177,2.197049516142139
1178,152.07732193166348
1179,2.2395068777959355
1180,2.036496479451527
1181,1.5696763738744766
1182,128.8971398345549
1183,7.171932779572249
1184,3.5202661826019304
1185,281.05709365239585
1186,120.87853931295038
1187,4.032690672439127
1188,2.865275007511945
1189,152.44047182957067
1190,3.5358843548837626
1191,2.5514573595503434
1192,4.838183772354111
1193,149.86067185410786
1194,5.5852865600635
1195,2.156087452878481
1196,259.80555670392425
1197,82.47184713357427
1198,2.7708860324342695
1199,279.6172681930591
1200,78.29298661561239
1201,227.43316523532144
1202,67.73352080956826
1203,3.145637771510509
1204,149.9564481438139
1205,1.849580526161144
1206,148.5593646956909
1207,103.19458239533202
1208,227.27181226260888
1209,262.51666857575543
1210,193.12958247257723
1211,224.7144357456043
1212,6.012976248662304
1213,3.9612955835786297
1214,192.78557994753282
1215,99.26183229857594
1216,244.25729638321388
1217,182.41833995649807
1218,-43.156563646866886
1219,6.314319528749916
1220,5.931895535195847
1221,241.18947919943878
1222,5.7922634009300005
1223,1.7121268905937104
1224,2.7056460090151635
1225,115.11184052429567
1226,1.294746580342645
1227,4.716053749377766
1228,1.8161299903011914
1229,39.33356552650987
1230,103.99686550995168
1231,231.73012370924278
1232,1.8335133646721877
1233,-16.574824268660592
1234,2.7678565541779068
1235,21.238461378752604
1236,265.9003156789429
1237,3.759199773343628
1238,2.200467321267177
1239,0.8972423222892218
1240,54.18567368795745
1241,2.1599663905755877
1242,4.554282847535973
1243,4.955658433829864
1244,199.11331987952178
1245,3.890816153274191
1246,257.1534781367291
1247,5.73244140750128
1248,114.71971587148286
1249,150.88625593423924
1250,7.7011515202110035
1251,24.98422729923316
1252,5.820707886309799
1253,3.6920607541023256
1254,3.806251722137497
1255,16.47769915165491
1256,77.40247284474839
1257,144.9461001239437
1258,260.19570232601586
1259,61.94096632560225
1260,266.24800075176074
1261,6.067883832661811
1262,5.545396926331012
1263,190.09185753175538
1264,2.607811530955212
1265,32.130977104262925
1266,124.40286721919463
1267,2.3605163297597085
1268,6.289030479618674
1269,268.1400414886869
1270,-58.700532753538965
1271,257.3269754851885
1272,56.832512618351274
1273,11.600564514562327
1274,218.59179030151262
1275,191.23501261003204
1276,47.16255098655604
1277,4.059004988502225
1278,1.0579861639725927
1279,3.8348822727748253
1280,-62.74408101332325
1281,3.1999661056102457
1282,110.31269944283059
1283,171.75910921894285
1284,2.469711121035271
1285,-59.6173763470321
1286,2.6966519133358826
1287,57.153346648032525
1288,98.70779498209123
1289,3.9603574642369077
1290,224.81140281718172
1291,2.771412385882974
1292,34.06816880619059
1293,106.44028041133663
1294,266.2296437935299
1295,164.33679038738808
1296,6.383071648952409
1297,67.6654915811137
1298,13.883199718780542
1299,5.95056818829958
1300,165.1682584750595
1301,254.49129177562293
1302,208.31303903544028
1303,6.117050670216852
1304,3.744735677159342
1305,4.9744374399679945
1306,55.51668898824779
1307,161.42613833377388
1308,1.8802928910597068
1309,4.706265072965353
1310,352.41889051228617
1311,2.485107419206551
1312,7.264960534251745
1313,52.87940010809248
1314,182.05457069576235
1315,197.8473432433405
1316,257.1280880876888
1317,66.75991560850576
1318,2.1501694324344323
1319,224.32852564943124
1320,265.1774130578181
1321,18.327445315282308
1322,53.59734643684021
1323,262.4693638092239
1324,213.60165157519634
1325,48.10524031429914
1326,64.13797940315793
1327,232.86945762542138
1328,2.7647613353077922
1329,5.840008735995793
1330,124.46961338000878
1331,-18.49404945150247
1332,284.29124493123555
1333,1.2827960677555803
1334,346.87503662291107
1335,1.8766329672975164
1336,112.7716701670675
1337,31.15227906497823
1338,242.16291807550857
1339,6.632205430964098
1340,181.6489161786166
1341,229.53092244038487
1342,179.76159540057066
1343,51.27872817454681
1344,121.63439595349936
1345,2.49153587621927
1346,73.59165585764293
1347,106.15660261216098
1348,2.918008413358576
1349,216.53251731894318
1350,35.328118299674095
1351,219.89661592990518
1352,2.2889073540332934
1353,13.605051694461906
1354,5.293497769641574
1355,6.2668733241196435
1356,3.7132751526682695
1357,7.60182097203503
1358,6.838513708897506
1359,1.6674387366440948
1360,317.776858787919
1361,4.30040822900282
1362,6.3369021145232765
1363,67.7139004289377
1364,3.2335693748761525
1365,6.030001238362657
1366,6.535221098392485
1367,6.057708270554198
1368,27.051119939696015
1369,185.6245746686527
1370,288.9872203301896
1371,226.44009780928462
1372,18.829809770527362
1373,3.22768828474885
1374,166.16422233306574
1375,186.84794008868545
1376,5.6164163662486
1377,4.857855236022186
1378,111.55714017611817
1379,82.13566178141566
1380,98.00951348653123
1381,232.18319220766375
1382,71.24229780371529
1383,46.96792226850451
1384,-6.260253907560829
1385,148.17439857494148
1386,1.6199099259896759
1387,66.90163674918416
1388,1.6518861148454471
1389,234.16170617999524
1390,190.62178565676442
1391,56.026517000049935
1392,58.21687747837444
1393,277.56560554941933
1394,-16.481228612533254
1395,42.48709262630433
1396,189.30837679542574
1397,5.6124736805824
1398,203.26749755006352
1399,1.5639489346942308
1400,90.70490806490886
1401,335.9296382903875
1402,66.32431967780693
1403,278.8426920961642
1404,80.09003086969271
1405,131.07718202413201
1406,1.9674735370343939
1407,131.32550847892716
1408,7.575087797438249
1409,3.5114440442284023
1410,263.97067107661695
1411,282.16400291022086
1412,-43.82684766972864
1413,120.60519029274442
1414,256.5938361413728
1415,2.087797566130192
1416,2.1440550787275634
1417,4.098118365240925
1418,333.3270181819897
1419,176.80890765716467
1420,4.616592533647234
1421,38.99707982400739
1422,6.610337085484055
1423,3.016840801560822
1424,5.004000994833805
1425,1.6131561338660294
1426,-33.409840804070825
1427,3.525067682975043
1428,4.46751324786219
1429,3.272940277145452
1430,4.493375145617625
1431,6.549503983010437
1432,164.6279591252779
1433,2.233963384285597
1434,6.375242822493226
1435,4.645540005125039
1436,-55.69326892046692
1437,155.88757978396958
1438,106.92509829360023
1439,6.541040347651622
1440,2.2096541874251705
1441,127.41197695875115
1442,172.5859491006346
1443,50.91698923784452
1444,6.122069122830918
1445,59.86130580053286
1446,266.0700612048252
1447,230.45637159279886
1448,-13.241221898941365
1449,6.062711321667038
1450,273.45600378588153
1451,161.90381220484352
1452,5.149227573196239
1453,5.8695533720512
1454,176.3395680376704
1455,71.21573865293082
1456,-7.932158661280493
1457,8.335691232697327
1458,4.83407678462177
1459,292.6867250297201
1460,357.08044134375825
1461,140.20507487236964
1462,-33.94240860902385
1463,70.29572887083948
1464,6.0333900524140045
1465,2.8520783221299917
1466,228.21178286725234
1467,5.83506588038103
1468,5.48248798355095
1469,38.24077121905284
1470,3.686537410981578
1471,35.31501985949805
1472,6.91468421676379
1473,2.464393069165469
1474,253.45273818395043
1475,100.88343163811834
1476,6.8653311313457195
1477,2.2459248410435597
1478,122.90642800930203
1479,4.726682119432239
1480,99.46724247843483
1481,6.012625541763196
1482,153.0018800472767
1483,6.424550511692869
1484,235.5813567211248
1485,187.47787612599873
1486,7.406147872713037
1487,3.339902640091667
1488,87.61350362221452
1489,-2.4906635896901905
1490,56.37997332962519
1491,3.2819318832553575
1492,2.0232923808286474
1493,8.16164588296757
1494,5.341110005673295
1495,42.932284936556556
1496,7.107972265046955
1497,64.19681343367398
1498,6.07040785214113
1499,71.7320093234689
1500,6.96979523130433
1501,5.816222162055698
1502,54.30595917136263
1503,5.775079454212157
1504,2.1574674563483747
1505,4.822631329423783
1506,210.62189036822605
1507,49.733601926001356
1508,98.69844463640808
1509,57.92648069967767
1510,3.1570906287753484
1511,19.210948443988315
1512,60.12292506968461
1513,5.749274787525659
1514,285.301066293946
1515,56.54089800641284
1516,2.4122125236255827
1517,345.82708091386365
1518,4.357964744819768
1519,236.54783934407533
1520,5.090652324606887
1521,47.03042540290234
1522,4.887079415374451
1523,2.44301465558337
1524,118.9130222368307
1525,-34.03779757883586
1526,2.1148429197460814
1527,5.9282074170673225
1528,3.6321097651537944
1529,217.16730674176694
1530,275.5396941439609
1531,3.2325953872503996
1532,6.103862848980085
1533,3.1400927154068485
1534,-15.002431379272998
1535,89.75300354456165
1536,5.753893410849823
1537,2.551339465337321
1538,287.54055730490535
1539,170.79738875290505
1540,2.2570702531326736
1541,147.88903021214654
1542,2.861712529169065
1543,24.826896109702705
1544,7.7250549564730475
1545,3.5456594221726516
1546,6.41559575685082
1547,-30.74205647224663
1548,211.9076040247537
1549,46.15080759450772
1550,2.873706836379143
1551,2.3063262134605567
1552,230.02827021906222
1553,6.603439967246825
1554,292.7864415246909
1555,153.63890774842446
1556,4.041424499510194
1557,18.479288511803855
1558,3.6106827168618265
1559,248.40410103416536
1560,172.371726793905
1561,207.5888216359333
1562,242.0668700618565
1563,103.92721858382703
1564,3.1509602108117987
1565,67.88668212379528
1566,3.3296480897667475
1567,-7.797078189008593
1568,86.08379923871902
1569,23.883301059380752
1570,276.448844453014
1571,3.366537360017193
1572,85.08092965404575
1573,1.9345686482383666
1574,4.314170596592119
1575,5.554449371901795
1576,4.165524171315986
1577,5.849576208755765
1578,81.58991173980989
1579,5.14943331525036
1580,199.27883069197924
1581,202.38503735054672
1582,6.883083237732352
1583,296.84519321860785
1584,306.38908480277576
1585,6.220148680644746
1586,5.124513789704133
1587,59.643228853879435
1588,279.7185934255254
1589,7.489891551893658
1590,6.323669213595371
1591,123.62523498684271
1592,6.948695709894302
1593,128.86993597211824
1594,141.9518043556356
1595,115.99985100625298
1596,5.719158239214583
1597,76.23587662550163
1598,6.542118579985753
1599,3.200382870767628
1600,4.389811936116672
1601,2.300164697902904
1602,5.922505831866916
1603,273.66806439257994
1604,47.1237939703591
1605,110.1071021405742
1606,270.1162181239167
1607,-13.672197960744949
1608,3.0289106590444534
1609,7.334388306757562
1610,3.0727337719503964
1611,187.3720183075632
1612,82.9660054943449
1613,2.4674126161144265
1614,267.96238418972933
1615,5.819348037288538
1616,3.9551247007321235
1617,189.9269137390438
1618,225.9856572411989
1619,9.056859678596965
1620,43.39894210524651
1621,1.9464969645737564
1622,2.292338940133609
1623,2.534632333859652
1624,257.70242413969834
1625,68.52684953793201
1626,1.6053323882399826
1627,33.293762458676234
1628,3.499378643898358
1629,209.74828834280447
1630,88.94114459458858
1631,3.232482633507252
1632,293.34799507949333
1633,4.982837199411467
1634,26.701893541498897
1635,3.4582158405479753
1636,4.603715174309073
1637,7.1300138546101
1638,213.61416818859493
1639,34.01378905569713
1640,4.535814057264259
1641,318.66184741786924
1642,147.25034655690882
1643,203.89301465943623
1644,112.11327291157545
1645,200.42705630806802
1646,6.38387571367107
1647,6.807537367546331
1648,23.056815456782765
1649,4.442633577076301
1650,91.31786019417592
1651,6.646380465880705
1652,6.808338771666746
1653,225.76215685022896
1654,6.741396729319742
1655,313.0445606249033
1656,55.03570838380314
1657,1.1900888511201364
1658,275.2495626013668
1659,2.242287293013576
1660,-16.627280468756158
1661,6.414295830202556
1662,197.81908862761463
1663,6.076668366519698
1664,114.56588616321883
1665,1.1359266820722216
1666,94.49822079124762
1667,-60.04697190486368
1668,261.8857571468686
1669,51.51664984199445
1670,2.0780731869097284
1671,2.4802787224996394
1672,5.641498962278542
1673,4.6837355272726
1674,117.97255660732114
1675,2.229604634654855
1676,-57.9176050628035
1677,31.937562178463374
1678,-9.087379330189265
1679,203.99513848080488
1680,106.97885812494854
1681,0.5655181683636247
1682,2.65374593172992
1683,65.0706516930102
1684,30.650389314216063
1685,6.753891517176054
1686,125.56996388005257
1687,7.701072252876239
1688,167.41327476617954
1689,256.0282506602794
1690,2.677105609070208
1691,3.756669545791854
1692,3.597267889302973
1693,1.985322700345454
1694,59.818077255276506
1695,230.33747978586058
1696,121.09770724242475
1697,1.5968539722070205
1698,212.18249111180376
1699,177.90467871525917
1700,116.87075976066788
1701,265.3643673167496
1702,-66.1569157776681
1703,6.044855638770899
1704,5.573421607793435
1705,2.752332003364824
1706,81.92933797973032
1707,5.66963892196992
1708,74.81542484887018
1709,124.36876167074236
1710,6.04992691577817
1711,66.56946561292665
1712,1.898104319546706
1713,5.918436962499518
1714,-65.77401786615067
1715,4.93912107189228
1716,2.283239928513653
1717,9.624951883533601
1718,120.31647354025205
1719,25.793889062171665
1720,6.48950840853888
1721,255.1389860136365
1722,3.522577624716405
1723,178.0170856387771
1724,141.2609656363599
1725,3.090054494593584
1726,3.9584770104583846
1727,256.8448633804905
1728,3.899697740351062
1729,3.4164998924200902
1730,45.16737126046781
1731,221.9571111833663
1732,4.8537023931659204
1733,386.1646261434486
1734,275.712897912191
1735,200.2157243297616
1736,2.9999821708117547
1737,306.26631057624576
1738,286.38334915572943
1739,163.7775023802111
1740,95.03959704057323
1741,122.28383889338392
1742,253.89981692153998
1743,5.415977298215785
1744,114.21208963746773
1745,39.67718859567078
1746,3.5515975319236337
1747,7.815312154340942
1748,177.79715684299123
1749,3.602687652754261
1750,69.89945325232758
1751,30.563623246006983
1752,7.382745944031813
1753,6.1878947596773415
1754,278.6228009399923
1755,236.99975291727264
1756,1.9582771960518515
1757,227.08471817303052
1758,318.3123632897734
1759,4.749254975570626
1760,253.0935453887626
1761,258.6515988919401
1762,6.199178483996983
1763,48.18029053722334
1764,8.934556457517933
1765,5.035549217817426
1766,239.08820339137753
1767,169.6963209178398
1768,5.5395931640234
1769,90.66554768100421
1770,53.5748653083465
1771,2.6593869434863575
1772,221.12767632978984
1773,247.71223147973035
1774,6.369630413013342
1775,292.50414136560323
1776,2.2355561499868446
1777,17.25087573557229
1778,37.20284347896696
1779,23.044808922020007
1780,117.38423260143153
1781,5.84339192056766
1782,215.07230793628207
1783,230.62205790303886
1784,4.18614536611265
1785,49.53918909339127
1786,2.498681436475051
1787,73.59372601704113
1788,5.012675731542243
1789,2.4393765195905432
1790,60.612496435474526
1791,4.07602772110682
1792,2.272582990987973
1793,1.5658383952618133
1794,157.678918520971
1795,193.8966565927792
1796,262.9503231209489
1797,132.7895550874213
1798,6.524236077037257
1799,203.44715079004078
1800,135.92276463458154
1801,5.104599339201558
1802,1.2078517478191353
1803,148.77704938436943
1804,3.648611664856393
1805,181.99083859075054
1806,5.743889011466348
1807,280.4407621469328
1808,147.16527456642592
1809,67.22235041183315
1810,4.193860687711627
1811,2.2134144481818656
1812,23.549611952109096
1813,3.4756429629731658
1814,179.90824751742622
1815,265.6933425187937
1816,5.353452613730918
1817,101.82756090021243
1818,54.8451472600693
1819,232.25066022630358
1820,8.202068398064696
1821,3.1630424778082613
1822,260.8076673253675
1823,-8.472169383850153
1824,36.851159448966975
1825,2.302247840255874
1826,6.234586883338043
1827,3.385471512249202
1828,2.1912615938599465
1829,222.91171322167935
1830,238.93345135230402
1831,6.948650782970342
1832,50.8538615642142
1833,3.5439339223702175
1834,3.9130685374755423
1835,106.03049160723063
1836,6.249646212535522
1837,6.038531475025184
1838,6.072208075745873
1839,126.7676774291426
1840,34.77642664079215
1841,-83.80371536435851
1842,238.3290909124417
1843,173.8006477005803
1844,254.90420919494846
1845,157.3434801784859
1846,27.993768818436827
1847,265.79948094501646
1848,125.10323133591774
1849,3.8914056597212507
1850,6.08201847519272
1851,-72.07451449375891
1852,6.1665377875063925
1853,74.58884743106024
1854,68.89883575187713
1855,5.530406624010271
1856,170.47960889089788
1857,2.5212166370140414
1858,4.905334361393955
1859,6.084095048398273
1860,5.814842579570513
1861,148.82073576609167
1862,6.269958208485281
1863,83.66598134757768
1864,72.26918065798446
1865,209.64577342382893
1866,148.69860089415818
1867,71.89601609499664
1868,266.7300291399794
1869,154.18553411940857
1870,3.1400952571728085
1871,193.21576718500705
1872,48.02750044072833
1873,2.8836540755752518
1874,25.768177943672157
1875,103.93022404528313
1876,2.6590755253041003
1877,2.2904540984958315
1878,67.29189195317255
1879,46.066702576241255
1880,273.69279860159725
1881,6.086572137015168
1882,99.46398198781517
1883,6.213609048077115
1884,86.49209625981732
1885,298.01584400002554
1886,272.4656298227605
1887,3.1618560565345186
1888,214.78630419908438
1889,228.56368956593832
1890,2.442859197316587
1891,249.73413989123293
1892,211.20802739593483
1893,4.259946073576659
1894,2.0976105648265957
1895,16.38830805431697
1896,6.086352343362254
1897,59.996440744845444
1898,-70.4571335975191
1899,2.530599490882137
1900,6.057209576846111
1901,278.79813391905105
1902,226.62365439008744
1903,-58.172627858663446
1904,60.095255243116284
1905,62.894641875547535
1906,181.95840249865802
1907,6.955557687429836
1908,6.492233122794379
1909,117.49332965905464
1910,5.724387784169766
1911,5.034231749533434
1912,3.7127965646806267
1913,77.57813049474251
1914,-36.25855501162155
1915,7.346015119898016
1916,0.6715367060751211
1917,2.472663260596272
1918,165.12820266886203
1919,4.788414924649528
1920,4.670845313571503
1921,74.75943559583445
1922,2.8789055954226925
1923,6.6598022268436825
1924,2.370310164960995
1925,4.250961144834447
1926,110.88896067236351
1927,139.52227568146216
1928,2.9798646577489207
1929,55.14734006843658
1930,2.2100867438976763
1931,6.192882314878707
1932,4.76706025287301
1933,2.329813395627935
1934,249.16309335879288
1935,6.387478786813801
1936,4.63486972276152
1937,-1.4998433246232898
1938,-33.07292692427904
1939,2.1081808001991402
1940,278.12049363096656
1941,3.3775042365402914
1942,212.58838287352808
1943,3.9233602156380094
1944,226.5873136618804
1945,287.9573093960517
1946,5.947138270294475
1947,108.95708084862508
1948,5.733028295204686
1949,-7.269643959634218
1950,33.6780325524192
1951,2.713070642486519
1952,42.607239860938336
1953,406.92948073548314
1954,2.658300538390386
1955,107.87186891285606
1956,2.037479094774328
1957,120.03922605074501
1958,3.443726036772942
1959,175.9316787630687
1960,59.2486849209547
1961,1.052935501806448
1962,4.220243638772455
1963,2.815964084261573
1964,4.956342646090957
1965,92.97210689087018
1966,3.215421469631285
1967,4.381463542131532
1968,257.6748068570518
1969,26.536128393818167
1970,5.844294846563126
1971,1.681306256915684
1972,108.20325787493383
1973,-39.61729016644816
1974,2.4369425600026386
1975,2.886801182903712
1976,311.73168818060265
1977,1.6393307501839585
1978,218.15300610086007
1979,79.94222706437947
1980,268.31862030436787
1981,121.23290307638155
1982,123.5743450164305
1983,94.80513790322249
1984,8.755318849177003
1985,4.519672654503051
1986,3.7775426990194294
1987,6.268374004616003
1988,1.3132447432441325
1989,5.669951883107481
1990,4.517316301150431
1991,-20.08142068970946
1992,4.1453372516979545
1993,28.107113279685485
1994,1.8217622694797382
1995,124.78761092306394
1996,4.1080078786074345
1997,2.61297887559502
1998,5.675440019990857
1999,305.88317988490616
2000,6.041578722320528
2001,298.4800811619953
2002,-53.45713465240719
2003,6.922142147031362
2004,323.31603628813997
2005,73.61047903877952
2006,4.610265659431105
2007,50.68640903327322
2008,232.64389117834463
2009,137.2478281012605
2010,302.1553807930043
2011,6.23380769736557
2012,177.3892402533887
2013,-36.77456065047335
2014,281.15914612649317
2015,185.74141678184677
2016,35.85296395525176
2017,2.737321000708137
2018,14.687559719449542
2019,93.9374798420359
2020,6.949626910161983
2021,4.366157157372799
2022,192.6075076380269
2023,84.1275606151735
2024,2.7193086825234096
2025,4.494242258582485
2026,79.6048015031644
2027,6.056548153179222
2028,6.420825824092021
2029,42.75388207770131
2030,305.92490873336635
2031,75.88517923670099
2032,294.76687588986704
2033,238.78949147819776
2034,2.1968255819361127
2035,68.08153982115478
2036,183.77131986594657
2037,4.944784718474047
2038,2.729422290068856
2039,2.593858554961107
2040,122.25787850194808
2041,274.68471710488126
2042,3.9866771347016163
2043,178.067601513597
2044,2.282669240730937
2045,91.44436316940558
2046,285.0828099921689
2047,5.623396219511563
2048,-55.87585113124648
2049,1.7143234404938508
2050,361.63855280911883
2051,3.266725263516535
2052,2.766849446269854
2053,247.11011817140985
2054,4.667588087606985
2055,3.779015323974847
2056,-37.73494791964106
2057,198.10745565750236
2058,-27.76608396304251
2059,5.329296366455059
2060,21.393811740215618
2061,2.337947105319492
2062,168.70308243273723
2063,3.384586283071452
2064,3.8183324082549257
2065,3.510303375786826
2066,2.0131479426437853
2067,6.15982989820087
2068,3.410993474164197
2069,1.1031777390204127
2070,277.4682598832643
2071,278.90327759755286
2072,4.517471746998916
2073,207.70766513674073
2074,379.2068975436534
2075,269.11775715272125
2076,3.5565922929882285
2077,2.418583941837912
2078,3.82376413744485
2079,3.8198447116185843
2080,2.256067459667931
2081,3.0771205440382765
2082,6.036069402850057
2083,31.690999301379172
2084,2.008925227950598
2085,4.983391106150779
2086,113.78409970995799
2087,85.19062131647217
2088,18.670709594375204
2089,54.75014037216951
2090,243.0189083708149
2091,202.31968489549837
2092,-88.06813620609284
2093,5.295338990052542
2094,4.160059118934392
2095,77.02342238452405
2096,49.49655052497741
2097,109.84213752596162
2098,5.617474131326037
2099,21.568721317283888
2100,20.784692403915844
2101,5.653934856416851
2102,6.756324928548416
2103,56.31221723933197
2104,62.44571085868459
2105,58.344297938379626
2106,303.514270645205
2107,6.876710796686456
2108,7.654229697264053
2109,6.065954242534223
2110,269.0177386054325
2111,3.5587829750142648
2112,55.32273123663211
2113,99.69085577962426
2114,2.5570599427619363
2115,47.28260240077387
2116,3.623724203794492
2117,3.3408882284724735
2118,3.4643731292298003
2119,121.25012816019228
2120,4.192649404366752
2121,198.87097174414248
2122,213.2333256347477
2123,2.502428325192956
2124,1.623858318256565
2125,3.9505845133506927
2126,5.995217104874101
2127,57.75401842346619
2128,216.48784268006165
2129,1.828810861413463
2130,2.2397689698782752
2131,5.5816696713712854
2132,6.221220684408426
2133,233.0256588250927
2134,86.35466755545421
2135,218.67722125233496
2136,38.7672820799913
2137,240.53854756227372
2138,3.3585390950887093
2139,66.69377572464494
2140,42.34871341290051
2141,52.748640840595186
2142,5.886054819675329
2143,0.011481388777544538
2144,180.3064638094377
2145,43.90315796139186
2146,3.8120785427688686
2147,4.150873882989985
2148,58.564308865780205
2149,-57.896980871608704
2150,5.707105650222871
2151,60.180084847840476
2152,4.9320682246033645
2153,2.870263359689135
2154,1.3524164133838856
2155,2.4569748803886275
2156,6.0588356009824444
2157,131.01991581957296
2158,3.7783541868996338
2159,326.8580440125952
2160,244.0574574490866
2161,298.2689687917379
2162,1.8904984729922958
2163,296.53532140134394
2164,6.500269561665133
2165,2.500472292741463
2166,2.3219136750729783
2167,21.689747996135175
2168,316.9619596350063
2169,2.334555745105537
2170,2.109548980194691
2171,158.30785502930937
2172,5.565795160091083
2173,254.95526797928716
2174,257.5148255764032
2175,1.2173278309101323
2176,4.481313890528387
2177,-69.29370147630841
2178,4.222298545200155
2179,75.49752820101436
2180,271.64740335261774
2181,2.455429952772495
2182,159.1055246302316
2183,194.7094795509002
2184,6.070162276051221
2185,2.6714021331353224
2186,2.6194785174353807
2187,4.2261495175583095
2188,260.2824544848782
2189,237.64885452124258
2190,70.27716804542945
2191,2.6951040342313295
2192,2.4126466642636744
2193,106.97086032919502
2194,2.378693109438178
2195,4.876258247441331
2196,6.763838215792886
2197,1.984518627243112
2198,4.286904710577358
2199,3.377678936856567
2200,1.7787699797654546
2201,3.60168415526464
2202,87.94125633312461
2203,2.1002994891467877
2204,2.0171437519417754
2205,114.74012773832467
2206,5.401843833275707
2207,169.7873577496565
2208,5.159139980753469
2209,6.111926601463685
2210,260.7760971785681
2211,1.7692984368449265
2212,4.824893511628847
2213,6.446509323213953
2214,118.27701791501462
2215,7.065211778779721
2216,90.16352331589665
2217,4.178737037216594
2218,13.961800277730344
2219,2.277594977731431
2220,5.553790364356878
2221,3.050853085794895
2222,-40.66698970933731
2223,202.3080934583803
2224,-61.649129950219134
2225,166.11953423522263
2226,-11.50581007564249
2227,70.2980498892506
2228,154.4282124876339
2229,114.34478238592857
2230,3.1826014430353675
2231,5.604504457254656
2232,4.105601493415018
2233,263.58579652959486
2234,226.84306762529127
2235,227.64297863481966
2236,3.0751531091480877
2237,2.6755355804179897
2238,247.15601910178287
2239,92.53032352405202
2240,233.40416010831586
2241,1.8768805543163518
2242,229.8659399699277
2243,6.355235738437239
2244,93.11018244832246
2245,223.8585390957141
2246,97.81898124837446
2247,247.8328480078356
2248,6.624302896036172
2249,292.36851343068315
2250,134.47918535186005
2251,4.780811567207076
2252,275.6444837683503
2253,6.311251757577077
2254,163.98865265543495
2255,-93.36895346897597
2256,32.662167451134614
2257,1.854424695071347
2258,2.8672191324588083
2259,71.89050927263726
2260,6.350604433391446
2261,85.28699645591564
2262,2.0951622103337524
2263,80.95164158741497
2264,-31.086106514347534
2265,57.43937266401211
2266,2.4167847989528286
2267,2.771503383845274
2268,5.422407008953908
2269,3.738315762528113
2270,8.772745859165413
2271,180.04399898717767
2272,49.097702224421525
2273,3.030346037390839
2274,6.108834179898818
2275,6.543146323341455
2276,4.5129874288924565
2277,2.0570097474851776
2278,0.4096648257049718
2279,6.2976092865145805
2280,2.13955097293075
2281,207.1860371005052
2282,2.1623275124007746
2283,3.7812951332373426
2284,240.9531161466117
2285,3.2871926035040238
2286,-36.727051335182175
2287,5.685947446333424
2288,2.280230751110303
2289,4.5933586455756075
2290,-64.07947465187303
2291,40.95854401396433
2292,4.791884628802634
2293,1.9225536440854825
2294,5.1155771258279215
2295,2.5085842257517923
2296,5.129263913771068
2297,122.29367651993076
2298,-40.25939517023668
2299,65.01669954295585
2300,3.7189709701500737
2301,5.4224027555222705
2302,-92.99631237418649
2303,158.595157732291
2304,5.675320000379697
2305,34.36299568603681
2306,289.42033445590135
2307,27.041384548566832
2308,50.89262601084336
2309,6.331023049502864
2310,176.48343955917406
2311,-60.90843326100635
2312,87.44482647621334
2313,4.118817015171059
2314,4.839981863202438
2315,242.48266133923318
2316,7.887832451518168
2317,3.810183483596294
2318,253.4702092719371
2319,6.766853252316368
2320,83.28855224910245
2321,2.9841862522663747
2322,237.22944836575698
2323,161.21531845559176
2324,2.000052177976852
2325,35.80428065713829
2326,3.2320747020107685
2327,115.56054553525055
2328,3.7852071634126974
2329,346.46723825190327
2330,176.8630662519064
2331,1.17475344099534
2332,264.0284358339643
2333,-11.848139780413351
2334,11.303671205272678
2335,5.692909424132813
2336,50.62008908463832
2337,137.21330875397473
2338,173.42158720618696
2339,24.02934717037411
2340,58.47723544537085
2341,136.86358207011622
2342,2.231757718734461
2343,6.274893185004684
2344,298.75485713789044
2345,6.08125810779857
2346,152.8010242874263
2347,97.26415430243205
2348,1.8655063628203465
2349,261.4815440447606
2350,31.330422237035997
2351,4.861137426518326
2352,4.8804903882585275
2353,1.6124647726986545
2354,-30.82806612644903
2355,142.698658609787
2356,3.761695733449608
2357,111.17529794885758
2358,6.335774417602636
2359,6.898875477834034
2360,4.505432847296088
2361,5.635006476445398
2362,263.72349799958005
2363,4.300908732371071
2364,246.7508630402731
2365,87.72175928325343
2366,55.46964442734877
2367,48.55158263118085
2368,-72.08308462668967
2369,4.315368884735397
2370,215.663669853895
2371,49.07434848885035
2372,60.75096017537125
2373,1.9723340355821137
2374,-70.09282816031202
2375,1.662650683864534
2376,115.90725128128304
2377,104.73587857483972
2378,5.356997780535068
2379,6.54620887183144
2380,30.529876584122036
2381,172.25112199773156
2382,149.93526396984652
2383,50.325539995587576
2384,3.1996660947229874
2385,246.02370321460626
2386,6.0384014226942835
2387,32.87141790405991
2388,266.0036732240701
2389,84.6321846736473
2390,1.9357661273090747
2391,102.48374393503954
2392,19.485055217395445
2393,67.16209132919029
2394,122.12361047362042
2395,5.836361454062983
2396,2.1310561452216685
2397,296.56862837337576
2398,290.66518020431965
2399,4.180089890311654
2400,201.242525314926
2401,67.12588299155323
2402,244.34110401432127
2403,6.460718041763814
2404,1.9838030474029524
2405,5.176737929954806
2406,2.5464903681011095
2407,82.22194736325818
2408,275.9304708199322
2409,181.03175633740165
2410,4.267653139380533
2411,6.542541086418426
2412,315.52332579484823
2413,-17.55218256229806
2414,3.931850161171596
2415,65.70555644041848
2416,266.4019596290068
2417,28.547793548959298
2418,3.044014614872359
2419,3.9259416805819694
2420,1.8737138988324502
2421,18.75506137230664
2422,250.96140241187226
2423,2.528062188432903
2424,182.74190920912187
2425,6.227157451434746
2426,-25.237007701197463
2427,161.2871570812918
2428,-13.028918146116478
2429,3.854794773230596
2430,6.31335704377369
2431,3.577481039426446
2432,315.8084069753283
2433,241.00838635732975
2434,4.280801161399696
2435,52.82140922906551
2436,232.01251711921736
2437,-79.98736459739554
2438,5.8346616492542775
2439,6.936233751347084
2440,139.7707197077635
2441,6.557729659676909
2442,5.887720597875159
2443,5.155687761961028
2444,-59.73233234289681
2445,6.283483566047133
2446,5.037024600163407
2447,227.4807383078052
2448,6.3329553198991455
2449,6.157437194893806
2450,21.51496107526718
2451,2.9079965604113434
2452,3.4909694087648795
2453,46.46712370126686
2454,304.22117052530456
2455,141.06939683853045
2456,2.7475171064277824
2457,262.7604487929136
2458,6.275655823037102
2459,1.6606600001122682
2460,6.081297593172177
2461,63.300187787142846
2462,56.882084605617095
2463,6.3466075978107686
2464,-69.75438025418929
2465,14.758925316959886
2466,203.7413259447314
2467,156.2008647127036
2468,261.78879260156634
2469,252.09582744424284
2470,5.733916407381242
2471,135.71320050816183
2472,2.8993823424496474
2473,60.61510188896533
2474,183.48046768983875
2475,6.29806478480957
2476,94.93647905206225
2477,139.0651123872833
2478,208.34507946950055
2479,5.246489154545135
2480,47.817218417614036
2481,73.89340978392357
2482,2.3133958477413334
2483,4.921609711170028
2484,114.15800227056809
2485,134.04080114952689
2486,6.542543832954859
2487,5.280034184942489
2488,-20.10227735219748
2489,187.572983280606
2490,5.804955606911141
2491,146.36581793650984
2492,44.99718660086604
2493,51.351567100268056
2494,5.956464712437801
2495,5.899562351086953
2496,126.61157126027226
2497,75.80978046717738
2498,1.8697645503438691
2499,6.914798945505909
2500,1.8942533366220893
2501,108.50661006343287
2502,253.5454204175885
2503,89.07328126274837
2504,349.27105627521746
2505,3.2512109744506414
2506,4.530680814344311
2507,271.35463660848706
2508,203.99910673369993
2509,122.22367353021227
2510,6.868855366984162
2511,191.7707376412654
2512,86.99754424259282
2513,177.9509107178922
2514,226.04933861717524
2515,312.12294159669256
2516,1.5259061672318128
2517,2.0319263196690085
2518,279.35942338114063
2519,4.305215389232265
2520,72.00202464754103
2521,148.36908375931347
2522,1.769452134505094
2523,6.583544338869599
2524,4.643143076528125
2525,288.51753813322176
2526,4.133230703894186
2527,3.3027879596979344
2528,238.2704485497834
2529,94.88571757487102
2530,259.43260120995274
2531,265.91618694032104
2532,31.812187139767303
2533,1.5165204928161893
2534,6.005089573479149
2535,6.043894259428834
2536,3.683780383037467
2537,6.2123481185647424
2538,5.736675827511656
2539,139.50924357565893
2540,2.5793946417289333
2541,-2.097386544925977
2542,-10.649622762719284
2543,4.956519777049887
2544,161.68912968399965
2545,2.446794583132119
2546,270.25623680639313
2547,32.94132887455664
2548,-2.792085335960356
2549,137.70136151383736
2550,128.21764013097757
2551,-44.296698794213206
2552,2.3597650295496693
2553,293.20688435832955
2554,2.2149094178361657
2555,62.75392026985922
2556,100.23431270168831
2557,4.382860900599435
2558,-15.550059986989606
2559,6.4860086884601795
2560,218.79412860982413
2561,1.3274507750969553
2562,226.7457895883246
2563,235.92985815194936
2564,281.5218143090019
2565,4.802823902910622
2566,4.549784166681732
2567,261.64474586637834
2568,57.0371878893075
2569,65.67491190542015
2570,3.265492849626094
2571,102.18436379089394
2572,-55.092341028267256
2573,178.83289535324462
2574,3.045192978013919
2575,4.288434820590823
2576,3.199015718830691
2577,6.368168310479067
2578,52.78936889453824
2579,6.279418453796687
2580,4.589926946160204
2581,2.8747363673796325
2582,-39.61173801169878
2583,1.690315505869881
2584,6.975893820712004
2585,45.749262659827245
2586,4.603796779594087
2587,229.67114387854434
2588,192.3857842135581
2589,4.824412020271195
2590,56.09674334698464
2591,1.6912906406783614
2592,129.86941286293558
2593,60.354951297699586
2594,66.62300167943525
2595,54.09700019807006
2596,45.28860274011053
2597,5.577966289031441
2598,6.286428477272965
2599,13.495650239412452
2600,3.7477070089965294
2601,217.85271793467746
2602,6.265714154882096
2603,366.96261735799305
2604,151.44828612388255
2605,31.9048793772887
2606,3.7889562511906814
2607,44.69355250602127
2608,187.22176791480277
2609,27.742958616688426
2610,2.1770003959954884
2611,16.289554048180776
2612,2.985942076120165
2613,4.496655661904812
2614,3.0358881487405354
2615,112.40504027663624
2616,171.82542598312276
2617,265.5485252527402
2618,196.26787252572177
2619,4.536423801745479
2620,1.9802846212860246
2621,3.285769879567601
2622,2.2886366627616175
2623,0.9339161087542931
2624,7.018469477304142
2625,119.64444158111198
2626,293.27835356982365
2627,40.72962333135496
2628,126.06503342282764
2629,24.94469850237956
2630,102.13505305689668
2631,23.342990374463117
2632,6.429909979209079
2633,283.9674769341643
2634,53.915838741007434
2635,161.3936238807089
2636,-44.768036726068246
2637,2.95572105178275
2638,-59.852739530727035
2639,-60.931854685617495
2640,196.94715768865234
2641,3.1019617854358055
2642,5.753389936893442
2643,166.28048368594517
2644,137.57244840500053
2645,225.50730096336974
2646,2.5667762807707497
2647,3.0684546445099308
2648,4.6457710335728635
2649,6.97292696660422
2650,283.5916698525127
2651,229.67546671278745
2652,63.2771705862185
2653,3.6433560377626444
2654,25.873870542972845
2655,230.1563723747891
2656,254.4393682097464
2657,2.722554783173389
2658,11.005082805278741
2659,283.0472253464594
2660,1.852232701720149
2661,277.0404640759256
2662,68.99196021080877
2663,-6.581004263324882
2664,76.2130692538431
2665,276.5150914717437
2666,264.28947421673945
2667,-5.364014613727401
2668,27.535502903768496
2669,6.935528500369456
2670,81.76798785108389
2671,195.91017415637492
2672,121.08154139672374
2673,246.29367709613604
2674,231.9571490520933
2675,0.7214837724232157
2676,-68.79736289145764
2677,364.19309297822707
2678,3.1664989738993654
2679,5.468120202937502
2680,55.401548098440614
2681,5.449479787407406
2682,2.640812517371207
2683,2.537069900587931
2684,2.605631994760046
2685,6.663168487407347
2686,7.06611969061826
2687,38.634425439961944
2688,68.86046179332851
2689,38.45961495340551
2690,137.8093111828399
2691,88.03856048113049
2692,57.01192078348858
2693,148.5933026374188
2694,131.1498752246512
2695,6.983229732994485
2696,186.67500642017035
2697,3.892310798806948
2698,2.1855728993109627
2699,4.219383787978299
2700,230.0255911921925
2701,51.33406170100679
2702,-2.5064537038309807
2703,3.8997820348079646
2704,173.53103064810716
2705,2.6941531846499522
2706,5.639411131944414
2707,201.94534053531663
2708,2.9999787901153545
2709,46.5797690970128
2710,5.556899031567438
2711,170.93629421713737
2712,1.8749040538480721
2713,130.43322355243146
2714,-47.8360279727023
2715,4.666813079016745
2716,2.6404312795098606
2717,269.76302928603934
2718,4.557852255348271
2719,2.816680396263748
2720,6.792503739961024
2721,6.424682993429499
2722,4.181223409228506
2723,236.2263216335905
2724,6.822835746912464
2725,43.18638964991072
2726,3.6918103314654616
2727,291.11403454947805
2728,50.94311903726589
2729,190.03153024163169
2730,191.10580528291692
2731,129.34547563899744
2732,6.701472090976413
2733,181.14325625323715
2734,124.46945960968526
2735,85.26000243221512
2736,72.62333640257543
2737,205.44900729772013
2738,126.39717022731645
2739,103.47793117037389
2740,5.752557043229761
2741,55.20324877609988
2742,1.253718809852465
2743,6.149645621449764
2744,-15.888438794421592
2745,4.428144724237222
2746,208.3780956666643
2747,172.18397930483712
2748,2.4815324817733653
2749,5.284221343628443
2750,209.2901439275725
2751,265.1633494491705
2752,1.8719459759882615
2753,107.17183269837474
2754,0.4463874712072199
2755,30.156728607587105
2756,279.57013088222794
2757,5.9858529633075745
2758,294.0151897113484
2759,71.79913363335449
2760,154.84726463522017
2761,6.677027044947721
2762,3.8474148633259606
2763,102.58712407375344
2764,4.298118915907049
2765,103.76966257430834
2766,1.574817564511292
2767,260.38514315926807
2768,4.168245089518436
2769,3.4380097180625135
2770,207.84266032358124
2771,134.66612267865105
2772,7.184007266568484
2773,2.7022331070094703
2774,4.923548426280038
2775,6.423867256039319
2776,3.6970611000166076
2777,257.94677829694683
2778,29.361425297834174
2779,2.1980771721559584
2780,2.52488383169552
2781,244.97506822088377
2782,201.5573357898719
2783,6.062160775832748
2784,1.0771750143312506
2785,6.071499799114699
2786,3.0753498513443693
2787,60.150420763693575
2788,14.445572817891996
2789,154.62723751528011
2790,216.86735122069206
2791,80.3537278670527
2792,106.2699635560781
2793,168.33653761460693
2794,153.0606907913649
2795,53.90464574388109
2796,248.05438060263276
2797,94.90230527494457
2798,40.24778017418435
2799,30.421224392759385
2800,5.467664502226021
2801,4.17792089828814
2802,2.977246710103669
2803,64.05404491955338
2804,3.798096795941636
2805,62.08565340928817
2806,6.938867546879164
2807,35.27866912526698
2808,82.5849611750341
2809,6.157245719665292
2810,5.782687313962085
2811,194.52695175414772
2812,5.858637470360701
2813,0.520865802853649
2814,6.160364450709664
2815,259.71410122110586
2816,56.50761167405277
2817,277.90204678554585
2818,109.12702626793089
2819,56.7933623519141
2820,165.57278226139582
2821,38.51020538896328
2822,6.384951369222401
2823,48.80179395720931
2824,264.38232741658555
2825,122.5800912664726
2826,-66.83385043274495
2827,6.705482382282147
2828,5.497517737713915
2829,4.719467571630104
2830,5.972864270490396
2831,5.948982970062655
2832,6.474134663586979
2833,128.99816243954126
2834,3.528780630537452
2835,2.973724379643005
2836,3.394463971597366
2837,3.040649200647562
2838,5.874639983906616
2839,2.0131327038714293
2840,62.77243697582816
2841,52.60793054113678
2842,287.14475896410585
2843,6.0969734429976015
2844,174.4882160830967
2845,303.52781608438215
2846,3.419221271903429
2847,95.76762306777587
2848,17.75397632797776
2849,-60.14622228920102
2850,6.809723105776584
2851,6.26356743322582
2852,-31.72702029499439
2853,51.69472003893843
2854,1.9177116158298664
2855,54.585336971551754
2856,5.949498065028002
2857,45.011845228096874
2858,236.68750900521553
2859,0.7915614284971293
2860,141.4503795875578
2861,280.6207097421904
2862,262.1522200917657
2863,2.238278923110966
2864,274.8020298812022
2865,223.88029176667828
2866,1.1130303985956538
2867,2.475268419348018
2868,97.69654283428713
2869,44.46478255665874
2870,177.63229376016312
2871,6.207063952741012
2872,266.0899352537287
2873,5.1869209877261895
2874,8.291988365577302
2875,4.524032265191231
2876,-42.897446518044624
2877,298.7595354637753
2878,-74.10247142422547
2879,4.912840536353066
2880,232.51376393939455
2881,5.72102383080237
2882,6.30425157108686
2883,3.764775072677501
2884,6.723068539629043
2885,179.12465606857222
2886,231.49869018437522
2887,6.070278939325416
2888,1.7473161069067387
2889,6.734002010093718
2890,2.504092274134621
2891,-60.06329152681219
2892,152.38590011003515
2893,55.728415574037385
2894,66.80306922306957
2895,4.669797198523053
2896,2.7279861062711053
2897,5.631282723654435
2898,88.90122788695844
2899,33.157446712254185
2900,2.73757139233926
2901,31.437445934002547
2902,238.2204882138529
2903,264.42897725975365
2904,3.909210755164712
2905,4.021737690573903
2906,33.51115417635069
2907,3.7016369557132043
2908,41.21409573423352
2909,2.061539836252704
2910,122.35123670144174
2911,3.815520126296809
2912,2.1442815922826495
2913,6.407396820713142
2914,33.77987562998463
2915,8.615010924614676
2916,188.32774587043824
2917,148.09863767289966
2918,3.605203179225729
2919,369.6824671933542
2920,197.21420213864792
2921,5.407410701445175
2922,3.8411805081431956
2923,229.0945299394088
2924,5.671468546462054
2925,4.81635989160053
2926,6.10833679152273
2927,-2.5898964932801696
2928,6.378655849130556
2929,158.5209465214457
2930,271.71856862082666
2931,2.1931520589431237
2932,5.589253644588684
2933,-0.015732891189638082
2934,109.4911547369513
2935,1.041604508968021
2936,-61.47810171090245
2937,6.603328490932919
2938,-2.522329202578419
2939,2.784723669705882
2940,152.87069367479785
2941,88.6579184679861
2942,66.15115606364448
2943,6.471675686689441
2944,6.669454035216841
2945,5.915572026509944
2946,6.510161245555125
2947,-53.183880967300226
2948,2.4794461611523557
2949,6.861194502593573
2950,2.387699767498718
2951,141.8622326629135
2952,133.56916249299235
2953,7.193407584260539
2954,1.6030682149425624
2955,12.663318599030571
2956,6.542156070975487
2957,101.88139440176408
2958,5.628240948071994
2959,174.5066149190052
2960,6.401086774731815
2961,209.97480268621752
2962,3.673603512538938
2963,4.001343559849026
2964,237.48592300970301
2965,186.89209374450914
2966,4.461848651383679
2967,3.5180987413325897
2968,176.38827813725536
2969,-87.67237216812808
2970,1.61327219171342
2971,218.88136280512407
2972,6.968740484588747
2973,212.90357967234564
2974,250.51319883357615
2975,4.627445757251262
2976,45.694338014434116
2977,38.126702543936524
2978,4.341900912836961
2979,4.541511652708492
2980,306.04403465714313
2981,312.18143660843185
2982,142.1772798747911
2983,134.39129233613951
2984,280.1706727393071
2985,129.82220747330186
2986,287.09778361592754
2987,239.05897066590353
2988,116.37080883317256
2989,122.07790197331425
2990,43.43860902810943
2991,6.731289414224041
2992,2.6801714005507375
2993,5.574893491795358
2994,21.9091977843877
2995,7.847367062827175
2996,4.275573459708007
2997,3.2207862464336667
2998,78.76247155928527
2999,135.22939251198773
3000,67.12877345169036
3001,2.847217346731891
3002,291.3764762514605
3003,4.24231438825684
3004,285.1546145700347
3005,80.76742084769448
3006,81.61667023295128
3007,6.114043813312043
3008,2.4559322764862896
3009,21.694528341573903
3010,4.208967075798872
3011,59.08469223293925
3012,5.275754369855495
3013,206.3360870472763
3014,6.783816593339095
3015,3.856722659099159
3016,5.949793433854564
3017,6.420339425956675
3018,4.48419813030219
3019,199.31338462026474
3020,2.7848606641646465
3021,237.9896143936387
3022,279.0715849199005
3023,2.8302736907014268
3024,104.83111117764511
3025,234.37948354189786
3026,152.4227068429159
3027,6.267998835164656
3028,5.254770680246407
3029,-19.91532159591504
3030,-46.113483557726695
3031,6.080557180186254
3032,6.353562077103773
3033,4.493457414892581
3034,138.31957695745388
3035,145.697934247833
3036,197.69354405869592
3037,5.819303794125491
3038,2.17017197464127
3039,-33.339031308518635
3040,157.35508780608293
3041,4.769829976708607
3042,20.93820477796976
3043,6.037482346572315
3044,226.7954546601154
3045,181.97689502181063
3046,4.352707140417325
3047,3.8582577660487285
3048,47.233739269862426
3049,5.7148739449050305
3050,240.86724699562228
3051,91.94196949688386
3052,6.805610083659415
3053,3.8900930702758902
3054,129.83816207668883
3055,184.46244222460888
3056,57.04076587875116
3057,3.001345597016856
3058,110.89786550195547
3059,1.8282931628674624
3060,259.5518805861106
3061,5.181230881510676
3062,229.73094698602205
3063,135.8236915470405
3064,227.31993374403618
3065,251.5823801521609
3066,122.24598280169153
3067,61.5960698469796
3068,6.234718572489994
3069,6.234839125176588
3070,3.3557823606371118
3071,6.346564335248809
3072,197.69570021866696
3073,138.79382077162794
3074,6.427249112860405
3075,6.0539434262124185
3076,132.66152237743975
3077,9.702095397807398
3078,91.16178237194075
3079,5.883262605921824
3080,3.069258858964493
3081,-11.509793329897992
3082,97.8572000975413
3083,141.9722194253224
3084,1.1730201081847438
3085,5.6996512358768685
3086,207.0268411223566
3087,2.9943948083838032
3088,107.56620087376493
3089,3.262724143895898
3090,303.6537123826189
3091,162.43575482426607
3092,100.03085235087812
3093,3.905954992367012
3094,195.1483479398118
3095,263.94193079420916
3096,140.13110591093104
3097,5.083327593586925
3098,6.133847455473709
3099,13.18178266117826
3100,89.97898301517407
3101,3.621898752951105
3102,2.5171945578044945
3103,3.0819498298190577
3104,82.52902454041404
3105,-6.58324187050899
3106,22.9071769793677
3107,1.4090321366697838
3108,2.267520128611043
3109,6.756041810104943
3110,238.60581516955426
3111,2.103716588543872
3112,213.1561838908898
3113,5.530815904562493
3114,44.53192767173446
3115,270.117906994665
3116,86.6056118633492
3117,8.259889445266026
3118,296.3850989039565
3119,4.221333692459814
3120,38.3746854761581
3121,19.00487285473195
3122,140.53774744757166
3123,3.7499182161370452
3124,2.245952054001836
3125,3.603066022753185
3126,224.4953323304481
3127,263.0799877715691
3128,43.39311457089753
3129,368.4906518460165
3130,2.1940381679695498
3131,105.54054188574128
3132,204.03563638436424
3133,114.12389510923413
3134,242.0839899898009
3135,1.6969390785416878
3136,317.04462136394403
3137,2.5002911676194017
3138,138.89898567308734
3139,6.110250996810263
3140,1.6947679647123448
3141,0.4232906192451177
3142,2.7490243899680813
3143,109.43051285791188
3144,266.44920932578196
3145,5.163709736324291
3146,285.62184740918184
3147,118.1912140646923
3148,116.49070278898353
3149,-7.313240902384772
3150,1.7049311933374174
3151,247.51215525803036
3152,7.060598911990149
3153,241.73168215292714
3154,164.85806458892375
3155,43.228233206057574
3156,42.54909319753141
3157,4.836676444781034
3158,293.6504761927833
3159,105.61663696348944
3160,252.91673638958866
3161,-45.78798077290353
3162,3.121316898996845
3163,190.65624892117313
3164,2.87175075500057
3165,-10.726184303572229
3166,52.03147084681888
3167,6.704877981455409
3168,5.346054821360158
3169,3.256597004223165
3170,214.65441558987442
3171,3.159777224569007
3172,225.02038922080425
3173,266.05263407277556
3174,68.28327007711829
3175,-59.24150135655114
3176,3.597899528162638
3177,3.0085567341301584
3178,167.72310636732217
3179,6.269346316791148
3180,317.3436199213479
3181,206.4445744854409
3182,294.031961965785
3183,6.013840472639966
3184,118.45012574615981
3185,7.018746103364612
3186,169.91008288683315
3187,271.9256002839634
3188,-43.82709006606047
3189,263.6627393161037
3190,3.5180514228226905
3191,236.01670934452693
3192,53.6416628795257
3193,6.421688896762653
3194,4.044237240777716
3195,5.879258647053702
3196,153.6487819650578
3197,5.513278596866222
3198,181.27548279172905
3199,192.04549347306272
3200,2.2559406044928734
3201,357.3464712158541
3202,3.962841785358746
3203,4.272572633999314
3204,11.704419756826923
3205,6.718815897468726
3206,280.4836434744792
3207,6.05803281418585
3208,188.3574888254093
3209,-32.321709720103655
3210,7.492191029487478
3211,199.37444898566065
3212,219.64988923292725
3213,2.266931865148461
3214,242.6820505521859
3215,3.4791499461950828
3216,6.232969248989541
3217,134.73868859494522
3218,266.2881337116899
3219,84.02824499948652
3220,60.12190554776524
3221,83.84535473066205
3222,259.77792636682534
3223,349.2170456580773
3224,-78.55654652660802
3225,148.16419946031957
3226,6.0127344150063475
3227,5.96668238655368
3228,12.799374008394874
3229,293.23673839217884
3230,230.59187613198338
3231,6.804970800890409
3232,4.699431131542056
3233,5.7649015008102245
3234,4.22133844467654
3235,80.88816512088361
3236,136.36887221836355
3237,19.5516674272621
3238,307.7958322221073
3239,6.675166890406809
3240,50.51537416351999
3241,12.856143860222467
3242,2.419934358338566
3243,29.87170453725829
3244,183.82259968873328
3245,5.017179636790312
3246,241.87849773266544
3247,6.480771620690691
3248,74.56780019271957
3249,-28.581030920338357
3250,231.19176045101977
3251,236.52422574590446
3252,137.8563034598855
3253,74.2176078089055
3254,143.22428789860655
3255,6.629663251365379
3256,6.360773306488375
3257,26.222377552262195
3258,2.565672426897307
3259,47.48120345077003
3260,6.055703937375876
3261,97.63778890370423
3262,301.87401779791446
3263,1.7342252477127178
3264,3.8720845191438746
3265,144.29169748938932
3266,3.7541422247028446
3267,6.836785268280682
3268,2.6536670806650307
3269,5.043030420431158
3270,48.218188954874066
3271,221.26767844332232
3272,2.039424364663521
3273,226.66439135890124
3274,205.98978676749607
3275,138.47235087207403
3276,129.64622684713714
3277,6.598328791490557
3278,6.4303111765762235
3279,2.9164625823677257
3280,148.09947260464503
3281,288.66022556214807
3282,2.391100403055235
3283,385.49307855786185
3284,338.24343210286406
3285,87.25798481695213
3286,2.6887961194847136
3287,27.238283326923835
3288,25.483541320103583
3289,1.8338087482412515
3290,39.88793819168884
3291,227.1020071067865
3292,2.9740118617702045
3293,56.80872437215089
3294,201.07505418020975
3295,142.33599753572753
3296,22.884418380921243
3297,209.76910627177529
3298,1.961976432442786
3299,254.80283551579657
3300,3.2075348387135145
3301,202.93095175218122
3302,229.4187199334027
3303,-4.20592562234277
3304,235.41595657183296
3305,4.972327045589803
3306,4.845205256366375
3307,168.66088696619366
3308,3.0739000379015184
3309,6.444243317916074
3310,-50.91869042705876
3311,1.9597943159679867
3312,3.462144746764108
3313,2.444124637559419
3314,5.927657363456049
3315,3.793270875903442
3316,303.54177588607877
3317,304.29332762284497
3318,34.42406444547726
3319,1.9512679021607022
3320,1.437607354627223
3321,4.913767087647141
3322,166.98094317957347
3323,4.558623332945866
3324,3.607617786566168
3325,335.48679517419055
3326,116.05159473495365
3327,-73.85336503525188
3328,6.657005075872945
3329,1.880578652313167
3330,179.26671323641315
3331,104.03698438955195
3332,3.7033481348070154
3333,243.8837101458273
3334,113.37624849164189
3335,3.1576502926463212
3336,5.043461039445526
3337,2.514408075576262
3338,1.740997955526391
3339,26.880838904984287
3340,36.50976639927129
3341,68.14733062266897
3342,233.17293950621286
3343,120.84815645602856
3344,3.602341586148577
3345,259.9904587295473
3346,279.08808599406507
3347,171.83175028490703
3348,55.31971147062394
3349,5.687931030654017
3350,3.482442228672351
3351,2.659784541988165
3352,1.8284503219811783
3353,157.93101480048654
3354,47.865597534255144
3355,2.714303454745235
3356,311.43473593836603
3357,3.7514343666361105
3358,242.14698492335083
3359,86.89765330021315
3360,125.20009983512952
3361,3.049935061325228
3362,2.996756610556346
3363,2.7547691991622476
3364,33.19519913596278
3365,115.49782509109286
3366,56.80048520057076
3367,2.840783222383597
3368,128.99687627342723
3369,4.383566602839978
3370,63.47697405844333
3371,14.400999146989069
3372,217.4191071129547
3373,64.46146139571877
3374,327.71559959829915
3375,2.1742941093171475
3376,2.6552326580136043
3377,97.33427529500449
3378,5.725993467003185
3379,47.213402803559816
3380,350.06833628206715
3381,6.834236730572744
3382,109.13113957241598
3383,6.908634739385427
3384,114.71345567742048
3385,4.3409837250492425
3386,44.0047622964527
3387,2.1548973820967876
3388,189.38655878998998
3389,233.5477974419104
3390,2.0298419698290977
3391,5.627142503842973
3392,5.021999107064141
3393,187.03215425731153
3394,137.99661088226605
3395,5.10322937947128
3396,5.779765954983023
3397,159.7073841399107
3398,1.9255406480175923
3399,203.31209227413848
3400,172.07673737841765
3401,5.017875463534846
3402,0.8364697060692443
3403,75.81536052854865
3404,116.65475119533298
3405,175.78711762353973
3406,214.60866614338585
3407,4.045049325003653
3408,101.32252242032388
3409,108.41562594217817
3410,6.166074967885092
3411,5.696488122730613
3412,50.23225165330699
3413,2.134972009239048
3414,6.713342673257948
3415,122.36529985921698
3416,72.38390352480019
3417,211.1639036575899
3418,155.19506266951117
3419,59.995506346753785
3420,10.213764969826872
3421,-61.77106838180784
3422,183.55468766070578
3423,2.129824128790451
3424,3.6897155214191057
3425,52.465946517977784
3426,3.3694172342799247
3427,55.724517375588945
3428,1.8370854917695834
3429,337.88256360118464
3430,309.93927405021685
3431,119.0846524538526
3432,6.108155604977458
3433,121.09914322824721
3434,1.9554206612375875
3435,305.21006441171477
3436,221.0029944585121
3437,3.2558611498952184
3438,25.812686078399885
3439,285.97481595148867
3440,6.424044085452598
3441,4.7391040555012784
3442,240.44665478476705
3443,5.046736496772301
3444,189.5171904858362
3445,3.195835237185484
3446,5.936945139457815
3447,237.0026113320468
3448,5.170258522411251
3449,5.897806034097801
3450,107.86795117816467
3451,204.08437360594058
3452,1.9806314093398125
3453,1.832602431244018
3454,9.713200915333129
3455,4.092030069563908
3456,5.99255849060884
3457,3.9625927990085676
3458,6.319974140998013
3459,174.19555671965293
3460,-53.00100358163412
3461,2.720130913828629
3462,41.20134109072013
3463,222.78814081413435
3464,4.329163763076454
3465,2.426922725811075
3466,6.982196440756546
3467,109.16863538888697
3468,23.36828297358502
3469,309.9265817610766
3470,151.92074742973375
3471,14.545456985748604
3472,280.97131844390407
3473,7.020772844503371
3474,3.710610438802032
3475,4.683987282440176
3476,36.782255476661376
3477,3.1936385701261654
3478,6.79539155545619
3479,2.6840178007198108
3480,125.82753074420819
3481,142.48337893959152
3482,79.06307559953405
3483,58.097603705821186
3484,181.5988005216157
3485,2.4743854057180386
3486,221.27464944722942
3487,6.083460981271628
3488,5.0349903176893935
3489,2.5407204669202317
3490,6.4183706709163335
3491,2.765099901412605
3492,2.011425334026233
3493,321.5653918159749
3494,184.1077654486679
3495,6.578580801499823
3496,9.789923101165044
3497,4.667805710546884
3498,6.777545789077125
3499,-24.228622096229373
3500,102.36202408922799
3501,284.4963309027522
3502,6.446931493656405
3503,3.9066897741161553
3504,110.73356432036735
3505,132.713537138848
3506,91.38032677210562
3507,6.3762312694694945
3508,2.980444556867111
3509,2.6399496468852663
3510,272.9584453880043
3511,1.9749901060790278
3512,69.88801192045256
3513,85.54902117282276
3514,2.854869867333127
3515,44.22461767563709
3516,3.0686698664524634
3517,208.3439981269587
3518,4.277267711113405
3519,211.0437348722482
3520,323.6424628606838
3521,1.912201989061001
3522,51.43916887491146
3523,4.937796121148525
3524,6.677994026378094
3525,5.298775431573468
3526,33.65039252412058
3527,1.615380036611203
3528,286.44435292729736
3529,189.28010711854117
3530,2.41770048123957
3531,83.79227998782834
3532,261.8904438909061
3533,40.156799526596906
3534,8.276622741636983
3535,90.50770285612963
3536,3.457904472083877
3537,66.68901376918593
3538,6.99196441872656
3539,26.47660466021987
3540,145.9226484384794
3541,-46.61506432352175
3542,2.341401255365098
3543,171.60837950600464
3544,25.4768362126554
3545,2.1190272478065455
3546,6.218220515974317
3547,166.75276249459336
3548,5.098366159865935
3549,1.7556345597133411
3550,4.333349310529096
3551,4.9087915665080075
3552,5.7706598167059795
3553,6.911426421564949
3554,168.23692243677132
3555,4.104685538059854
3556,2.0584703924817567
3557,113.64711786328368
3558,5.309198153696314
3559,97.93194159146557
3560,70.9762118265264
3561,6.105091965865356
3562,14.12007804942591
3563,-48.45962499200937
3564,6.035930533192155
3565,4.983543957423343
3566,168.89440093809927
3567,2.004068703954724
3568,249.41166186488402
3569,186.045716392915
3570,33.45633223007663
3571,206.17086435087526
3572,1.9064931905800475
3573,6.253893626946146
3574,5.823451523924586
3575,1.7396866418958825
3576,4.974049554525232
3577,6.116871923460726
3578,69.59160476548163
3579,2.1052632829849074
3580,66.05680845914289
3581,250.3064567309325
3582,42.19289872549819
3583,59.68682590508951
3584,6.737829237131681
3585,22.690305427437004
3586,5.733054250775503
3587,48.877626091843965
3588,2.6817143261194123
3589,236.14069252632902
3590,2.9326952418715333
3591,3.276668161025211
3592,189.82186492499807
3593,4.8181986285335014
3594,9.543335187309253
3595,6.8398704582338645
3596,23.19849141816602
3597,305.4660244606556
3598,73.7971711346799
3599,57.465273590912986
3600,2.1901345455913166
3601,296.1997496671148
3602,24.3203503347344
3603,5.26807336459216
3604,2.5973205259900327
3605,167.0651336359699
3606,2.113865134331582
3607,3.530052721377978
3608,284.0123842115108
3609,177.12072877643268
3610,24.61837005111048
3611,5.621461936654748
3612,280.6143181817443
3613,6.468890459726087
3614,4.905081369392551
3615,6.2451374120882
3616,54.4073123116478
3617,5.016311371718304
3618,2.7465661848971905
3619,-60.556083386679845
3620,11.23987564061874
3621,64.93062402682689
3622,5.387734419364618
3623,260.52459085481337
3624,-18.942238415753565
3625,104.76610014506082
3626,23.33383364931774
3627,22.74330753630108
3628,6.5148386385437
3629,35.010513614944145
3630,260.2444978634791
3631,302.8463511268144
3632,256.07693631470454
3633,241.89105084614158
3634,123.27166638276319
3635,142.96456619408573
3636,4.771490226705437
3637,36.663066418520096
3638,56.112747428577535
3639,4.982970649202005
3640,318.30797365341465
3641,210.2217055834903
3642,154.0577022380044
3643,194.2177549204195
3644,6.421633004926964
3645,106.03279145621639
3646,2.4579731985522604
3647,6.0304495055190905
3648,244.59791150008914
3649,-8.046444145285477
3650,2.807299440037471
3651,189.9389972899189
3652,45.33135273955903
3653,-0.10205695139908738
3654,69.16907526825939
3655,2.105399412322299
3656,145.8884768078858
3657,5.871043683851255
3658,8.410394018186501
3659,4.685190388368632
3660,5.965989602978874
3661,39.57131115488569
3662,2.1185564252932894
3663,5.766981816583279
3664,128.4702701788742
3665,4.595843846507061
3666,278.65714570166506
3667,246.65124670813287
3668,258.33475843097085
3669,227.90132419949583
3670,7.927073150668173
3671,6.4479019909756765
3672,224.64949151522376
3673,5.140612082654859
3674,294.2612331415456
3675,146.55037709790435
3676,59.61714190948889
3677,26.892275149685894
3678,-20.341576857708088
3679,4.202278749123531
3680,3.757726435114786
3681,157.0017879385771
3682,84.89278685625293
3683,182.51759168418383
3684,59.7601357679293
3685,139.3490583439367
3686,283.95133988291116
3687,89.39384221964161
3688,270.7738659968431
3689,1.5489533141055265
3690,177.08083952485984
3691,182.72471830073763
3692,299.6761285069695
3693,272.83851958961077
3694,0.8964852954447198
3695,253.85879012113986
3696,190.35023108841585
3697,0.8681099579122253
3698,-44.81978530251055
3699,4.10376987978269
3700,5.7806135529940965
3701,400.05294899249765
3702,3.630645911150879
3703,3.8284093579796354
3704,6.437851505902456
3705,1.3630973966907163
3706,64.45166447548894
3707,-32.82229360125983
3708,124.94517697702085
3709,2.6695497309981393
3710,6.214709530879427
3711,331.90511334111517
3712,64.35371938065508
3713,5.963334056165697
3714,330.61025672543065
3715,2.3288109987772847
3716,2.003912419561455
3717,156.96342097161195
3718,77.12300447374717
3719,151.39721031420612
3720,153.8841719318971
3721,2.794302810861135
3722,3.8950228273124123
3723,3.15729786191371
3724,1.9147685091457425
3725,65.1123886230819
3726,1.641193163294286
3727,231.85978478734438
3728,65.31554032441592
3729,-67.36791199985441
3730,151.58960137905805
3731,79.04892795475001
3732,3.1952669846236814
3733,-55.62970666817115
3734,3.039905303341737
3735,2.361222595140723
3736,-33.98275377060784
3737,6.445236975718382
3738,196.7001811753306
3739,-40.28150047523035
3740,243.61241881258997
3741,18.096033850984586
3742,266.5931066376591
3743,2.473759839023849
3744,71.4809414455529
3745,25.515965103896086
3746,4.953897093513975
3747,4.884032961529855
3748,204.60703024425982
3749,87.37852615370993
3750,1.5470125144964064
3751,238.59653359872698
3752,85.94496988290759
3753,4.722163941604792
3754,3.8136879534005264
3755,10.72077937728552
3756,5.724894169301969
3757,25.09292285022611
3758,6.0978888693619915
3759,48.00316804001355
3760,1.943100588854418
3761,7.0355079137758185
3762,6.2159206670520835
3763,119.84412093310598
3764,179.35029729504285
3765,366.140891316586
3766,6.731567168425004
3767,279.747652656297
3768,64.32554667303509
3769,1.6412335849478539
3770,137.98828623274346
3771,3.240368076608208
3772,195.9977199649045
3773,241.42493672280193
3774,2.2448463930784173
3775,3.395185719200084
3776,204.2304285402141
3777,6.5669530532222335
3778,240.64600009473094
3779,258.9472229933679
3780,6.059245372464174
3781,6.61627423884287
3782,2.2358678777738445
3783,1.5785380887801974
3784,5.71428385698892
3785,22.916532284692824
3786,91.03720618754338
3787,6.156093244186563
3788,6.741001864411187
3789,305.32915319421005
3790,6.862792783277157
3791,6.711526157314152
3792,3.492515909601927
3793,63.4537412549284
3794,-9.549020896371445
3795,238.29815476255925
3796,233.51113349994597
3797,4.611439274542757
3798,169.1448626097572
3799,-60.66390007936059
3800,247.0997396843103
3801,136.20489827751283
3802,150.1502376421867
3803,67.74675589727308
3804,59.80766203569323
3805,4.082660791960923
3806,2.9118283168556633
3807,71.55398538779797
3808,3.403141435387586
3809,-41.18395095934013
3810,2.2925188930241993
3811,4.7499269447185695
3812,262.642475931511
3813,3.664428885665845
3814,290.11321415463925
3815,7.532100548937326
3816,3.4397826346290588
3817,48.29084456219901
3818,6.739701354028025
3819,2.005657557905273
3820,113.72556121814851
3821,8.775592169633315
3822,5.644778823635619
3823,257.5830714926128
3824,5.087532045264581
3825,253.3808908249619
3826,6.223464072469417
3827,291.9452618444569
3828,301.5972696647075
3829,6.688596957563581
3830,236.5290025769687
3831,61.905924189021306
3832,1.8169822409131087
3833,59.61889634417933
3834,72.80596465218088
3835,2.514783153945114
3836,5.1734158568191555
3837,6.934504900114529
3838,5.918471278356888
3839,244.71071353625263
3840,5.764752985581551
3841,134.82599304295738
3842,3.1173020104452553
3843,228.71187479799977
3844,5.6584143733837
3845,6.559006039232955
3846,6.375559137148448
3847,89.11896049626435
3848,141.6849863905735
3849,207.5264022713548
3850,25.027642979677076
3851,136.80154389126457
3852,261.4698193319157
3853,5.553660014761147
3854,235.38566505630422
3855,1.9494159321379687
3856,64.50629149232904
3857,3.5744591046067375
3858,2.703138848777307
3859,256.77887513571477
3860,6.183697474421701
3861,-66.12233563726157
3862,-5.055965306466627
3863,3.3129125583461807
3864,2.1083043786322797
3865,286.71659496853465
3866,4.1122886029933206
3867,197.22113600593525
3868,4.755829043901004
3869,2.788204776841524
3870,116.64000841881685
3871,49.04819947364804
3872,3.5200828240374467
3873,38.130231874727976
3874,353.9640844083045
3875,278.69467355625943
3876,88.33043741196957
3877,-65.19217786763821
3878,161.23449220700428
3879,261.9059084197712
3880,6.504656497207122
3881,3.5663332024369434
3882,2.0991343208237736
3883,197.26028629549165
3884,146.77667333317063
3885,6.4962962564603455
3886,5.585551863195122
3887,6.337092463625836
3888,2.382192491083986
3889,169.06981980981223
3890,0.8803914770435696
3891,2.940329676868031
3892,189.56393792295046
3893,3.085344022993043
3894,319.6833242869564
3895,-34.10744257834577
3896,32.12569474470215
3897,233.6906229238138
3898,198.1531349858958
3899,1.7531055353472393
3900,79.00716335944436
3901,103.58304187353386
3902,2.2701280141280913
3903,39.302223096188186
3904,65.00312342791287
3905,3.528514738000986
3906,7.908001678889512
3907,218.26185085173734
3908,166.27441163697765
3909,3.0501788699703454
3910,4.02884437585389
3911,240.13003673388368
3912,4.249931957638652
3913,33.901148786809394
3914,270.42911121279593
3915,6.81402475620343
3916,5.892811195501656
3917,3.7463617035736707
3918,-48.75806754456619
3919,5.114839998437073
3920,38.31216811666955
3921,59.799747461499905
3922,7.6799931183397465
3923,3.0229092244643407
3924,346.9477131861971
3925,51.05212513269311
3926,1.6721319304395785
3927,247.63150978426233
3928,3.2626218169016568
3929,5.494947849770989
3930,6.279133426986819
3931,182.0810857999749
3932,4.046903469908183
3933,2.537356695764972
3934,6.692675837095234
3935,227.9173062145191
3936,1.553799775043943
3937,2.8324980984556394
3938,2.7789986782279006
3939,308.13347540383165
3940,6.55792245906269
3941,6.4724509799759975
3942,5.5705848935229785
3943,2.729241487313842
3944,7.240721707368527
3945,332.8504917552102
3946,204.55461882310868
3947,35.681270403379614
3948,138.39147101427926
3949,5.567315072447112
3950,250.30638596609992
3951,1.7610089015759804
3952,96.39035090083769
3953,152.10590568774305
3954,2.4345802465697712
3955,6.29479049445618
3956,170.67459938924992
3957,64.5002835725068
3958,79.23907085339013
3959,217.95568172450595
3960,5.946691701725663
3961,6.627652610743089
3962,105.69589125098483
3963,6.047460094873417
3964,125.94541503749684
3965,6.352799441965894
3966,2.745239084393303
3967,2.901008405328925
3968,166.2014376800235
3969,63.33422882852733
3970,2.371179006449564
3971,3.3988807761190643
3972,2.5968007545104266
3973,3.0310769315759774
3974,28.49896117932382
3975,8.680138267185686
3976,3.263417584670349
3977,3.9793767474844914
3978,3.514553933615476
3979,124.27547646638465
3980,246.70413087398046
3981,268.273487431234
3982,5.674564336308238
3983,3.0019402737312544
3984,385.82113218980055
3985,249.74733855404793
3986,147.9759443092773
3987,115.72739417611021
3988,3.4009628108257024
3989,-17.331342827647347
3990,82.79847043077525
3991,279.43699716530125
3992,5.9154118766981085
3993,5.698590597160971
3994,47.147060104729036
3995,124.7010084290246
3996,3.9854398630503134
3997,81.76798785108389
3998,2.3254422142280102
3999,248.1951230987998
4000,5.573933581986516
4001,4.370345360566313
4002,55.02149646180564
4003,156.83388910001426
4004,2.327920286496513
4005,323.5780743323953
4006,96.23852333177362
4007,7.2429057901247695
4008,3.1851726353718117
4009,5.877711206476068
4010,205.86337082292738
4011,3.05954700867235
4012,6.610439075633895
4013,251.99507583428556
4014,6.0307695717136465
4015,6.272330423726887
4016,72.79334541552382
4017,98.6089438453368
4018,116.8684264230173
4019,1.1620079366960905
4020,2.0086439139941734
4021,103.27866898098065
4022,50.28545349615794
4023,3.9148016988747125
4024,104.97327422024472
4025,66.66571481408745
4026,16.19325578058874
4027,238.46484540113033
4028,98.06256434256173
4029,7.453755288164192
4030,2.4343935092892393
4031,103.51980291911926
4032,81.46093736646378
4033,3.076915969421573
4034,237.20398070840582
4035,137.69549108001928
4036,3.8133665837294046
4037,3.5633670871363785
4038,6.416046452994456
4039,6.033654723482286
4040,113.1710075329516
4041,328.79551712421573
4042,57.75198889000205
4043,249.75885022138414
4044,4.395801879695798
4045,26.501520923415775
4046,6.013931121694577
4047,3.9654851561326323
4048,272.35201352898406
4049,127.35328023281099
4050,283.8025847834751
4051,54.71340029336501
4052,2.6576389503467914
4053,4.1848895001521145
4054,5.406416310160505
4055,4.3560484370935
4056,260.11850121249967
4057,6.9525340583578625
4058,258.47661180764885
4059,59.999685289205175
4060,256.367638322024
4061,121.0322520095073
4062,3.825872915840474
4063,1.6913423610543732
4064,199.3465504779232
4065,1.9297818635941448
4066,87.63398252159845
4067,166.14575054668296
4068,179.01531902969822
4069,344.0330733350095
4070,2.6988320293897026
4071,2.475003667818846
4072,1.6198337113336638
4073,3.042083128263132
4074,3.949732817572106
4075,-36.28582319801051
4076,41.55564643252654
4077,4.445948839401675
4078,6.450959043059404
4079,6.936172769261821
4080,264.45695265933364
4081,3.612314515318422
4082,112.8177367216785
4083,4.00138169671474
4084,4.952325964190625
4085,35.58380068093723
4086,-6.576432342980297
4087,4.133867660125298
4088,4.401718823966908
4089,82.54967412035413
4090,141.78193531147377
4091,4.312477316941064
4092,57.091066289386816
4093,30.391049261999513
4094,4.9348462137368205
4095,6.844424001141776
4096,2.546493075996841
4097,2.3325092625990558
4098,2.147504345352964
4099,-23.57206530579008
4100,39.151287453341055
4101,6.766215676875809
4102,4.373311709098017
4103,59.23100103098784
4104,198.6721024527451
4105,5.81418310919457
4106,124.89943000949728
4107,89.44122627323472
4108,70.7544248498742
4109,237.14192344182112
4110,6.345643054793333
4111,51.901889635310965
4112,76.05601526838646
4113,2.8947337384911895
4114,5.167775195344745
4115,77.22473964594163
4116,148.4034685286836
4117,81.35071328946005
4118,270.5591531120736
4119,259.44109622516544
4120,235.25495230716876
4121,83.08229358600411
4122,-22.41155256551887
4123,1.6935057712418726
4124,89.6230391055438
4125,2.1507623018967448
4126,64.61283874142896
4127,6.084564557463695
4128,1.0484274635684885
4129,6.404873353583788
4130,1.7395786279911025
4131,60.149437148559784
4132,6.335106803666514
4133,4.93004163486877
4134,93.98078713930227
4135,-20.12002597058675
4136,144.23188056126213
4137,366.43438005901686
4138,-16.27920438674243
4139,89.60987878265054
4140,65.56408851341496
4141,3.8673328432092386
4142,111.31626058808891
4143,296.83410552311346
4144,90.7470936631242
4145,214.74156043750855
4146,68.50704630794455
4147,62.757139766346015
4148,284.4544148197801
4149,39.485880746802515
4150,29.526865923001033
4151,69.9296250121094
4152,134.65680804424625
4153,3.9845855963449983
4154,368.0883556626937
4155,147.25658184714902
4156,2.9551516610709987
4157,-7.135789080041813
4158,4.050941955524627
4159,4.304507400947861
4160,168.76077361784462
4161,173.28963633965134
4162,6.22754520823724
4163,63.33744245425416
4164,176.99843335116458
4165,-4.402131048618922
4166,54.14842954499724
4167,113.95157280155826
4168,52.141701702807936
4169,1.8765198308790958
4170,3.169390983083673
4171,93.39127950282789
4172,4.10209976393638
4173,3.337650765313782
4174,75.97103632988735
4175,139.6469926240273
4176,1.9870525497413603
4177,3.5041000977916448
4178,31.407340507275933
4179,122.07254632300817
4180,166.66505544929632
4181,66.88313186335722
4182,67.2732133049836
4183,14.766290075546038
4184,200.14079198216984
4185,280.7540592092985
4186,2.515627446771484
4187,82.54773776875373
4188,4.060112684133179
4189,4.4747876736481995
4190,118.80062719128696
4191,2.1788900922185643
4192,34.541725593862516
4193,49.864031198276024
4194,6.047760066654622
4195,4.110446992470313
4196,120.7827388668517
4197,6.557057322389127
4198,2.8171507016890454
4199,5.047088846163538
4200,291.56337000226154
4201,256.9461121462299
4202,208.18656003170275
4203,5.8594903397358316
4204,85.8809174684335
4205,4.922113071964717
4206,7.310533919830943
4207,130.74720690751076
4208,157.4843968387454
4209,234.13544527791737
4210,-56.933504690547494
4211,1.3624948956889935
4212,5.799535425296866
4213,-18.303353762963184
4214,7.250853283553638
4215,2.773603013666624
4216,1.5685397047537415
4217,2.639102005106784
4218,5.930712741294966
4219,49.4403290026917
4220,89.65195569520887
4221,2.16947769110711
4222,102.80579063110102
4223,2.451653068265476
4224,7.170486352380562
4225,4.88608340226961
4226,273.769614264462
4227,1.8735642900346159
4228,216.38997652135632
4229,126.59116444698992
4230,2.5975847622914
4231,1.5436811880708157
4232,48.6555847146859
4233,2.830133164928589
4234,-7.411622042416704
4235,81.66955369890046
4236,253.54862563977724
4237,162.60936123028344
4238,2.475181906183041
4239,49.60265880320057
4240,3.841004576302235
4241,44.45572311910017
4242,207.16603652333592
4243,-52.637677677728
4244,343.37037205644197
4245,5.186403810018731
4246,1.9982729924614804
4247,3.6085369260528233
4248,4.075901453377221
4249,-54.69864705548389
4250,-3.4308688903003315
4251,287.3682111873784
4252,6.688685282914083
4253,6.560394448681383
4254,5.317385187720509
4255,-55.52390739743895
4256,-1.9943990370392535
4257,92.49748552678409
4258,1.8268651465718948
4259,1.527453887072678
4260,79.47309044291313
4261,1.8455978877843857
4262,287.9541250226583
4263,85.63857011262847
4264,2.427197225975792
4265,35.344624557577454
4266,4.346065939049378
4267,6.133154277123095
4268,5.750624852278803
4269,164.3465443789025
4270,214.86807356301262
4271,138.46872958022414
4272,4.640569280604821
4273,7.958886435845894
4274,70.53048937058233
4275,6.4926840183087275
4276,307.80940811525477
4277,247.32718741411628
4278,383.48550176980103
4279,316.80927924816154
4280,116.78568516614425
4281,45.67813915774734
4282,10.579816687509103
4283,6.558130451858435
4284,4.556424941615139
4285,111.73514762306374
4286,298.8361451824498
4287,1.7527620601454639
4288,186.66587202906152
4289,208.8641340716095
4290,160.8185022148686
4291,2.7955419873117773
4292,5.0655458838612
4293,-10.84584463211242
4294,-58.53703781995654
4295,0.8108055044515428
4296,5.626620429782595
4297,6.934973194168889
4298,5.891610919959159
4299,77.54605406836015
4300,42.59101433656959
4301,-19.183460799769517
4302,117.19030177873714
4303,2.0169832971541846
4304,-60.58355842632044
4305,3.803920195346907
4306,291.28281656756036
4307,2.7767848133584554
4308,22.171407026096492
4309,4.92447394739022
4310,2.587238624858423
4311,-2.1862515164124545
4312,238.14232058637646
4313,3.0449941451989675
4314,2.190811960057691
4315,218.54117398493355
4316,1.2775243209466092
4317,198.87097174414248
4318,6.11238517717244
4319,47.03988734116976
4320,140.17287284412018
4321,4.3416688201606295
4322,282.30222303018286
4323,86.50482382346644
4324,3.1301888802607856
4325,6.729377827354006
4326,3.4323587956279216
4327,117.67403825577526
4328,142.15256715492293
4329,214.20052875708188
4330,6.303802819769242
4331,2.5758565765973422
4332,2.101391272121849
4333,262.69690475163515
4334,3.219260392529266
4335,2.8743849257129463
4336,2.1446833965503793
4337,6.116483663984791
4338,8.045730729254842
4339,5.097597175684934
4340,-14.170759062108413
4341,69.6023737824794
4342,183.6663977321391
4343,194.46047562504054
4344,135.2107435787373
4345,6.070783925940676
4346,4.72075400287244
4347,223.84382663864056
4348,5.492903377261591
4349,141.77616307396275
4350,-9.762513899113156
4351,135.90193603732664
4352,182.0369628462616
4353,4.9898802348068925
4354,134.27899827594476
4355,135.61360054991684
4356,1.8973334118044742
4357,4.952706574317144
4358,301.61130079844463
4359,213.97256607504045
4360,3.199864442513669
4361,17.991587841407053
4362,0.21058801886258016
4363,3.206531269507428
4364,4.734487851414819
4365,1.6280314357689156
4366,3.313612877612694
4367,246.95107723072425
4368,-30.208087908525705
4369,71.27360264915711
4370,6.569237075718668
4371,195.37671084882783
4372,89.21629678684083
4373,318.35961735248713
4374,6.751931000137147
4375,228.56228877091013
4376,289.6164451700674
4377,5.241228959835679
4378,6.154190961146028
4379,180.1084838678197
4380,2.621785369318002
4381,2.0653761456245183
4382,6.821680896762627
4383,28.31645843460271
4384,5.136012178897666
4385,214.93962043080137
4386,22.39541217007607
4387,310.01230942868176
4388,89.76924934444638
4389,6.803477635187408
4390,4.160228260773754
4391,3.636874086216147
4392,2.279119676645685
4393,123.25022314205157
4394,91.40703263384458
4395,2.705937834314142
4396,-7.476248773662482
4397,2.303800049974752
4398,6.329289557127028
4399,2.645978684313213
4400,232.59620494047408
4401,6.701802607122896
4402,244.19873760781502
4403,282.6855364639803
4404,255.14438024767628
4405,348.0180829281759
4406,42.76797345739132
4407,79.05364863665812
4408,6.409357652660967
4409,109.39300016637654
4410,-87.15013784726648
4411,2.1779346570726856
4412,278.67643324014807
4413,205.9998055782131
4414,3.8974535458243773
4415,189.6545294198798
4416,50.486747362452945
4417,2.336898606074355
4418,226.56089138995924
4419,262.8374610668542
4420,348.8372201726602
4421,352.67452929071766
4422,10.06001795225987
4423,2.335849002614519
4424,45.15705834558328
4425,156.90090884559618
4426,5.49202405226184
4427,216.53771416406892
4428,6.289137307255885
4429,4.872020877107497
4430,5.440769680869048
4431,185.0088153745259
4432,3.895269482045346
4433,3.748394945992927
4434,124.22379008873935
4435,5.860071503677489
4436,6.42672680387186
4437,-13.736084330700656
4438,101.06755827070404
4439,7.485755833362026
4440,274.84253971742436
4441,1.867718948065068
4442,235.62855082773004
4443,6.469396438046054
4444,263.24911331946595
4445,3.6664439719715674
4446,3.739472446234017
4447,81.71139752901556
4448,5.035975501766405
4449,-26.472080275009084
4450,104.65874705779021
4451,116.56174392906807
4452,296.9559427761312
4453,257.2694302491838
4454,4.897478657632476
4455,5.7828974283122125
4456,195.1451913370778
4457,3.8402118165123627
4458,6.7009115685316285
4459,72.40836602228619
4460,0.4851143948029454
4461,83.18779922967889
4462,162.61133495828886
4463,45.957918225246665
4464,4.044710029594533
4465,115.16083550710809
4466,4.487662937963208
4467,5.5528686202014415
4468,1.7987964830914502
4469,1.7496113731030731
4470,4.697348310733986
4471,2.381962080725601
4472,217.7318121412422
4473,3.811402335644188
4474,240.78017289157123
4475,3.582607261408784
4476,88.55876977196637
4477,5.948791070170091
4478,4.168471515940102
4479,122.24845994716475
4480,283.26566708669645
4481,3.7622746183796867
4482,214.54773427229617
4483,68.80592963218258
4484,307.0214478765525
4485,219.61221122159134
4486,2.2308845128716097
4487,94.85001619717185
4488,55.85703838762008
4489,-31.34956890652863
4490,102.47804027699726
4491,5.687976866750888
4492,262.27236235290377
4493,294.97421571811736
4494,25.06040001571258
4495,2.1628039360431357
4496,109.20973722928069
4497,6.912031916890111
4498,204.72365992189663
4499,321.07353620357236
4500,140.74429374292396
4501,6.222326083387158
4502,6.06090315294427
4503,176.97793553096957
4504,18.187105640069948
4505,75.69638763214314
4506,2.2696481605665997
4507,5.4330959699509735
4508,148.82353406405568
4509,54.24080156415182
4510,2.270662245198849
4511,257.4414293454821
4512,61.73681315285906
4513,86.30730563336687
4514,2.664396722364672
4515,2.7565146326690746
4516,2.9941153537205816
4517,5.024364086158739
4518,11.700210847219893
4519,122.53167012669152
4520,63.55077951878613
4521,2.317204214545089
4522,80.83965636172626
4523,6.894369399613884
4524,240.09745185553112
4525,16.658232982140674
4526,2.260138201840394
4527,99.88400295126701
4528,122.08591880894835
4529,123.78731922582264
4530,195.9719098156392
4531,3.892113723719886
4532,4.376051918721058
4533,4.5489353516071915
4534,64.36186383101077
4535,6.024122362526245
4536,1.5461615015009271
4537,1.8494020520857464
4538,6.441418689476491
4539,301.94104995290706
4540,158.66745912911696
4541,3.297885859701604
4542,2.7316233758415946
4543,204.77937269474432
4544,46.27694455067993
4545,5.317390159887834
4546,16.572936416700994
4547,5.692468152932869
4548,180.9164172701344
4549,4.406721326968086
4550,227.3187978689939
4551,28.93435964897757
4552,129.7122414059667
4553,113.23583167035338
4554,4.683553924922531
4555,188.5601757743725
4556,283.1845210533654
4557,4.9405864628008676
4558,4.283646221603839
4559,66.60484921933218
4560,7.083347499628264
4561,5.378819233131444
4562,184.8074834148209
4563,42.677422515116376
4564,244.16953511156407
4565,58.58228664557198
4566,219.8423759110908
4567,273.5798284699236
4568,141.7844939854189
4569,5.053213420842691
4570,197.30251561043173
4571,256.8216344853799
4572,5.317760276141278
4573,3.0850376936580344
4574,1.5196708927031914
4575,5.7899497853577975
4576,152.28575362927222
4577,235.8058980172039
4578,68.7254852716143
4579,25.758868691742606
4580,0.7397442916932938
4581,373.8194775406154
4582,51.4062173676422
4583,1.007563266668761
4584,292.4052717970002
4585,38.7642248756543
4586,6.196926779924114
4587,3.8699412877603736
4588,0.9405186965455348
4589,3.73978527591727
4590,2.804942934146279
4591,63.042764255991415
4592,5.615796191169213
4593,126.63373844541985
4594,-39.21297112304211
4595,2.1344985312207516
4596,69.81510028947635
4597,158.22137241769138
4598,4.456177382559629
4599,-46.23797813163202
4600,81.39692815365731
4601,6.635489995011405
4602,5.584846191573616
4603,5.517679853528408
4604,83.47212265825985
4605,1.7703921443118578
4606,126.94310164296684
4607,35.31025531809689
4608,4.4967951845385725
4609,204.35799872466748
4610,133.7781141028814
4611,108.38548441904004
4612,2.930408535454229
4613,-63.10673246875682
4614,69.5118263207448
4615,-37.903069411208506
4616,4.424228641464174
4617,4.825327601435802
4618,3.5872094974816164
4619,6.107929489466696
4620,6.862214102607385
4621,99.64160668067831
4622,3.962202093114781
4623,6.329534979996434
4624,0.5936517552743856
4625,81.4887007495449
4626,60.71112231191121
4627,5.311378694573537
4628,5.888938770754226
4629,66.90284797627947
4630,5.534797833262641
4631,11.866578179127108
4632,6.7254485233185335
4633,236.74940200283243
4634,5.989749139260172
4635,5.902529642977582
4636,81.62069259491415
4637,7.1292385798396385
4638,407.29145766141914
4639,276.55504639894616
4640,2.199694797330176
4641,202.26690643300157
4642,130.53118525508992
4643,51.24251337928864
4644,18.518372903942055
4645,5.9359019066353484
4646,42.709443054846574
4647,25.340746775413947
4648,183.32814046133018
4649,107.9637899090933
4650,141.71499330790488
4651,47.150208131629064
4652,4.649828725835086
4653,244.14050815083812
4654,-6.0970334406539735
4655,5.654467913744654
4656,2.679116959933376
4657,2.7009746958938567
4658,6.726269513458244
4659,57.60798285914616
4660,2.119485306823672
4661,2.4246763410741634
4662,3.8329509945735456
4663,117.10397384971392
4664,6.072930433189622
4665,168.39723859746093
4666,244.96398448823595
4667,1.8317046607574623
4668,117.344045481271
4669,284.15390268629045
4670,28.74034987768647
4671,2.0422386255195892
4672,0.9239910168565857
4673,83.85543284658388
4674,280.46071969188245
4675,1.7570497894081432
4676,121.34601805263898
4677,48.84764356762521
4678,5.572251625906787
4679,89.46972307657396
4680,4.559256748835973
4681,1.5330686064531798
4682,210.67479658415334
4683,158.6179888470792
4684,108.4226053239969
4685,251.37198298988363
4686,3.5595956240770366
4687,230.14257082670065
4688,349.9956297619633
4689,115.61987667121457
4690,6.443597267511214
4691,6.970021884917237
4692,4.323550781262307
4693,92.05165087887285
4694,4.545299015626556
4695,381.4572064515115
4696,4.5981796294925275
4697,2.5302284664855463
4698,4.54348614678891
4699,3.4395734667241475
4700,105.58236884210385
4701,5.873399236502427
4702,1.9546176361560446
4703,3.4715922531209964
4704,4.86487988685497
4705,285.3657411464221
4706,3.1299497401481693
4707,4.920474248231066
4708,2.712459875837801
4709,78.99334485756742
4710,167.69634115789427
4711,6.461175978170981
4712,225.18033813781818
4713,3.431778788555884
4714,5.836490009989541
4715,81.79844618074802
4716,38.749549310428364
4717,7.16798000165141
4718,6.154450759856086
4719,181.97288204742537
4720,152.70587284475158
4721,6.150935947847471
4722,3.8975064102387194
4723,6.819242764859231
4724,71.4490290191192
4725,159.25032035425795
4726,3.5915272516827645
4727,293.70978633680403
4728,238.35123041467773
4729,3.9667713764796932
4730,177.93951778434962
4731,98.14283111688553
4732,-17.43210356285963
4733,5.627776648131805
4734,6.248946553928339
4735,5.718398828138374
4736,3.3222539698251605
4737,64.55633673649015
4738,-12.46812138213205
4739,143.3654608859389
4740,307.4257664595875
4741,5.020450625916794
4742,102.85967334706652
4743,5.898730472730348
4744,253.98875653819692
4745,46.905753590683254
4746,4.310223462346124
4747,2.945578525587774
4748,2.7438880674586588
4749,5.849610028924999
4750,5.843472609513228
4751,3.8979694650486003
4752,101.65155292513282
4753,146.55837645705296
4754,140.3966383869792
4755,4.104205960196095
4756,2.0166738265355915
4757,3.5554410428916547
4758,76.37498098161007
4759,99.81482658994125
4760,4.354338649236608
4761,3.1151832407472977
4762,174.0917924319945
4763,218.09964486551297
4764,2.1576206591804064
4765,329.427997672294
4766,24.068152000251892
4767,39.23947046254908
4768,19.893050094938356
4769,-33.05610555772427
4770,31.807895202701886
4771,29.623974503273764
4772,3.9559674153307354
4773,3.9841721841726767
4774,139.32152691575413
4775,2.139426623863946
4776,2.448907536121078
4777,168.37732141851953
4778,5.286754566118874
4779,29.33369101344926
4780,1.8528327027073943
4781,49.080101511279906
4782,4.279944585489649
4783,4.03733398864534
4784,2.271188207190824
4785,37.029716492085385
4786,68.29777437220804
4787,5.793075697811005
4788,3.8518292993389345
4789,3.220129620846121
4790,131.86566114741063
4791,187.56401899939252
4792,4.413588421957106
4793,158.6712531486268
4794,64.04783797239004
4795,232.07251154252742
4796,2.8513727500020676
4797,154.32900645577882
4798,6.068992938999354
4799,4.205400392748433
4800,356.94244120886583
4801,3.4721071658252765
4802,4.747343097418375
4803,257.9617645193012
4804,1.3687986709135822
4805,259.1950338370769
4806,4.492369942538872
4807,2.9247457808039448
4808,66.69206806221116
4809,76.4191688223052
4810,1.6515317406003254
4811,2.1621242043970885
4812,5.443821009246479
4813,292.6954917038266
4814,241.89324757676508
4815,2.6461026333366218
4816,2.5027031152198185
4817,6.170358541820722
4818,1.6899441953219816
4819,65.5371533833815
4820,2.0241071727926276
4821,194.14200808851803
4822,101.42143402074754
4823,4.324980066274196
4824,2.749538126743617
4825,247.25324894896147
4826,4.672501564565828
4827,6.08385285544373
4828,215.60958081168798
4829,142.33550796810385
4830,84.09530769139178
4831,198.94871020926348
4832,6.761408719000931
4833,3.551680670362598
4834,109.68204414428214
4835,3.652737236780763
4836,6.578947116604304
4837,193.7034652453956
4838,38.163775709251674
4839,312.05118057743977
4840,2.9425653823997413
4841,180.75972912298684
4842,28.95275632576704
4843,1.9057451743616047
4844,4.1243964672995395
4845,4.696149074763824
4846,7.149049524543628
4847,3.6792685428694316
4848,2.0310490882510246
4849,4.612231869144792
4850,6.827250061659769
4851,5.888700171153386
4852,84.88282401526284
4853,287.95331176536354
4854,2.359941105345835
4855,3.066290912684999
4856,175.55246398924882
4857,242.70237960265433
4858,314.76705165107694
4859,124.98995848726321
4860,237.58439263449912
4861,-22.60760723263798
4862,112.2966446621747
4863,6.750880721456147
4864,5.82870054233733
4865,1.9218218422420268
4866,1.01665180960101
4867,3.2701264351731494
4868,67.11706154435066
4869,1.046864700448171
4870,125.01755577910066
4871,6.32634595942865
4872,2.3268915758439603
4873,295.6025171817471
4874,-12.083357895178779
4875,3.0223074276135335
4876,214.25556158250208
4877,6.288221798599919
4878,78.54563882042359
4879,77.85889391079851
4880,6.041745602821901
4881,6.252797768265218
4882,44.04050820209017
4883,1.8055415365399763
4884,117.10425580795257
4885,-66.72609245923454
4886,244.53718065207005
4887,4.768335060864375
4888,292.94965742033946
4889,19.523504717569462
4890,229.0374642058
4891,136.07302206375275
4892,1.5461563816691863
4893,5.92325351092285
4894,100.92177063896497
4895,6.821918813996294
4896,5.997023426448784
4897,6.714590484238843
4898,12.810365840598486
4899,204.62404154539036
4900,2.376478664582403
4901,265.9679427128181
4902,4.278679655110974
4903,140.51829601846316
4904,393.9147863705665
4905,98.66288182052352
4906,148.09662106607246
4907,183.56136520735265
4908,4.533638772738064
4909,159.78558749374426
4910,161.7554754139607
4911,90.04267881615043
4912,5.192386018956079
4913,212.16461270512906
4914,191.8867084046689
4915,3.6432313316663683
4916,4.682478975837524
4917,6.457511431213732
4918,2.603144736596658
4919,56.452907335896555
4920,1.9874947891537684
4921,-4.703910202740758
4922,178.0253022432565
4923,228.15412185195987
4924,6.048628968925984
4925,2.5501635590995266
4926,1.3740866152162636
4927,5.864358560298061
4928,2.7478855644059053
4929,85.21328930520708
4930,88.64469473117421
4931,-25.750570242809175
4932,6.010873544934233
4933,249.77464916432814
4934,-60.153947942017936
4935,66.232285523356
4936,246.55317562886597
4937,45.98841454403564
4938,84.82839074029887
4939,52.5347821837029
4940,3.662327135041224
