row_id,target_type,gnn_oof
0,egc,5.54259872595569
1,egc,4.597065072339867
2,egc,6.196310457016776
3,tg,4.414308566928213
4,egc,4.676073021358276
5,tg,141.4143028419755
6,egb,1.7380185189065394
7,egc,3.157900106190521
8,egc,2.297127929275174
9,egc,2.560436896032238
10,egc,3.0480929464758093
11,egc,2.4190890040735975
12,egc,2.226246947058751
13,tg,73.78798619649125
14,egc,6.641970398507706
15,egc,7.368614499729091
16,egb,7.569237096360837
17,tg,44.293566973212364
18,tg,20.873472222578073
19,tg,68.08553498616827
20,tg,25.63240168059761
21,egc,6.139460643060573
22,egc,6.894927179529313
23,tg,72.83410500611285
24,tg,89.1872323670162
25,tg,109.5940735279588
26,tg,105.51343039140453
27,tg,65.82899835378808
28,tg,192.85796601202819
29,tg,42.88136031099039
30,tg,60.0422929816954
31,tg,196.35505673430924
32,tg,173.7101249837357
33,tg,238.97508559465433
34,tg,156.354551282709
35,tg,191.3463692231153
36,tg,143.60573572233875
37,tg,164.59843342712327
38,tg,118.22462186109834
39,tg,190.45911554233953
40,tg,93.2209523865398
41,tg,-67.64590366387398
42,tg,72.62116100123873
43,tg,129.56022399809973
44,tg,84.34048179695444
45,tg,75.28892115318573
46,tg,19.374026475751236
47,tg,96.0919994400707
48,tg,59.26087399957052
49,tg,53.780906841614424
50,tg,164.61306702758037
51,tg,212.4547420359682
52,tg,149.26862573111487
53,tg,194.10772198822914
54,tg,157.38103633146017
55,tg,298.1969301091504
56,tg,-11.168692444754953
57,tg,-24.605410379062818
58,tg,47.82311791843827
59,tg,9.834447206183995
60,tg,-1.349349819265143
61,tg,76.63405484346475
62,egc,4.060935249149672
63,egc,3.939968882990185
64,egc,4.0200752690737716
65,egb,1.139324982974836
66,eps,6.907883859067942
67,nc,2.218965648507574
68,egc,2.721828886785092
69,egc,3.3568082782174247
70,egc,3.1676319309753462
71,egc,3.1305446839189317
72,egc,3.691432115323024
73,egb,3.9364851592376313
74,eea,3.0326731151570696
75,egb,5.599184325149979
76,ei,8.360372660117683
77,nc,1.6329258762091192
78,egb,5.100853108092368
79,ei,8.149688972567523
80,egc,3.7786103077925293
81,egc,2.1522096670299256
82,egc,2.0773969591803314
83,egc,2.6609471472651656
84,egc,3.79106379449697
85,egc,1.9548505747129528
86,egc,3.262674930027419
87,egc,2.389865208283526
88,egc,5.943959829492961
89,egc,5.766018586404249
90,egc,5.634075747815125
91,tg,21.47096403139848
92,egb,5.8716958284722
93,ei,8.255242018799308
94,nc,1.6197791098861296
95,egc,5.604731188675918
96,egc,4.39469534088844
97,egc,4.641971956560528
98,egc,5.582308930522518
99,egc,5.508238655553875
100,egc,5.367592443519355
101,egc,3.2537756432849734
102,egc,4.283562810427217
103,eps,4.998757870791448
104,nc,1.9610732170909273
105,egb,6.529615571724908
106,ei,8.586583972256662
107,eps,4.018851470567103
108,egc,5.660004162307101
109,egc,4.56742657315252
110,egc,5.0341141757690275
111,egc,5.70926626174615
112,egc,5.616259508484268
113,egc,4.456334036203691
114,egc,4.39572944716798
115,egc,4.435517804409186
116,egc,4.5403862735869644
117,egc,5.009345164204825
118,egc,4.213983305666963
119,egc,4.209364294502679
120,egc,3.9897398335690912
121,egc,4.053597099758054
122,egc,4.3643901079048035
123,egc,4.235088289919918
124,egc,4.274690022453718
125,egc,2.794179779549899
126,egc,2.593512407063174
127,egc,3.132224341336869
128,egc,2.9147105751157536
129,egc,3.5333711179704483
130,egc,3.459787541731643
131,egc,3.520655634619237
132,egc,3.458092648689938
133,egc,3.4783924816352627
134,egc,3.4851717733918313
135,egc,3.304973414703323
136,egc,3.344877289285175
137,egc,2.749979085184934
138,egc,2.7127667751554982
139,egc,2.469192334272881
140,egc,2.4863564328243863
141,egc,2.5919591211994417
142,egc,2.6729776818373763
143,egc,3.111302932329814
144,egc,3.4126874053464
145,egc,2.5475798989731375
146,egc,3.795580035303378
147,egc,3.310648263941787
148,egc,2.577058868093814
149,egc,2.5258316535988556
150,egc,2.841232807012569
151,egc,2.806430716581292
152,egc,3.5119876863358557
153,egc,3.276583465536814
154,egc,2.975058600453353
155,egc,2.7146000973923043
156,egc,3.365747009335517
157,egc,4.290005983760029
158,egc,3.818506471092412
159,egc,6.789298693410944
160,egc,2.6916855323039988
161,egc,4.9185212411931065
162,egc,5.2211179511027135
163,egc,5.908221729635795
164,egc,5.821996137532172
165,egc,5.825727276364069
166,egc,5.928946571055208
167,egc,5.930230663075665
168,egc,3.563074695704108
169,egc,5.825191599309968
170,egb,5.685338258088937
171,egc,5.92821441988355
172,egc,6.071082789706273
173,egc,5.941072632053748
174,egc,2.8263015218388974
175,eea,3.181433449023352
176,egb,2.816600432793496
177,ei,6.335288534676797
178,eps,4.598039151224367
179,nc,1.9653306972525155
180,eea,3.5761989958726392
181,egb,2.380766996600556
182,ei,6.350615849666113
183,eps,5.0039644157558705
184,egc,5.103891323022895
185,egc,3.0258489357734955
186,egc,2.8758808587446385
187,egc,2.8399743257952568
188,egc,2.8518162377370064
189,egc,4.2859923082302975
190,egc,3.9234940328415657
191,egb,2.571925107748945
192,ei,6.042674097832315
193,eps,4.5913173867643895
194,ei,5.860035462743083
195,nc,2.223772966447955
196,eea,2.6771355780187247
197,ei,5.769900944795648
198,eps,5.0431264902932655
199,nc,2.3922873314069726
200,eea,2.8698802816841265
201,ei,5.490981263525033
202,nc,2.394395102533006
203,ei,5.522097614122621
204,eps,7.006195561701368
205,nc,2.5130377502813093
206,ei,6.371580482533623
207,eps,5.117742712622904
208,nc,2.1778410130727375
209,egb,1.5126668298862072
210,eps,6.090870917904367
211,ei,6.25319253381488
212,eps,5.516619130668911
213,nc,2.1949734033912764
214,eea,4.1436463817021
215,egb,1.0870635400666866
216,ei,5.886582531822036
217,eps,7.340403498105994
218,eea,4.523109086500085
219,egb,1.6266266318293647
220,ei,6.698437317153449
221,nc,2.0946832535550737
222,eea,4.894594964631146
223,ei,6.6480612560022605
224,egc,4.09483955941961
225,egc,3.6097739388970562
226,egb,3.980272211837729
227,egc,4.298088458801807
228,eea,3.1997379947856603
229,egb,2.6651618579519036
230,ei,6.842680419101367
231,eps,4.804263569529227
232,nc,2.0273576477801654
233,ei,6.712093359688354
234,egb,2.133964243602139
235,nc,2.3028267327993106
236,eea,3.362265541161074
237,ei,6.40880930777756
238,eea,3.529678461623588
239,eps,6.002945374738585
240,eea,3.835915592289026
241,ei,6.323810966063441
242,eps,6.86721247237511
243,nc,2.3320449031308863
244,egc,3.6555073557071704
245,egc,3.3523374171370266
246,eea,2.3468108820851548
247,egb,2.1541938556528337
248,nc,2.1628366997711734
249,eea,3.1525729844683315
250,ei,6.444146274845206
251,eps,4.335273646840545
252,nc,1.9631296411160941
253,nc,2.003996106162459
254,ei,6.1385683295851985
255,nc,1.951932696399104
256,eea,2.492601048079169
257,egb,3.001811675791008
258,egc,3.1237140770859897
259,egc,2.6329042525222954
260,egc,2.9307657445851
261,egc,2.889482438496631
262,egc,2.775411734348878
263,egc,2.864677534419992
264,egc,3.025547494751078
265,egc,3.126646981396508
266,egc,3.050565884500648
267,egc,3.004677961640904
268,egc,3.017965481909076
269,egc,2.367068415501653
270,egc,3.057972734404352
271,egc,2.978101612523378
272,egc,2.8866355266638255
273,egc,2.80570894058901
274,egc,2.8851031780990146
275,egc,2.951118107717898
276,egc,2.6194396999141363
277,egc,2.5938066508890874
278,egc,2.861473566864509
279,egc,2.7795814348171115
280,egc,2.83927460874291
281,egc,3.005626309117943
282,egc,2.5969500498298337
283,egc,2.8652488235762763
284,egc,2.7655506404372296
285,egc,3.057996382335723
286,egc,2.892252704860171
287,egc,2.618787839545038
288,egc,3.363417360950172
289,egc,3.4332640032118427
290,egc,3.428176239573939
291,egc,3.0937466333038697
292,egc,3.589376336243375
293,egc,4.405081818461136
294,egc,4.293472835928085
295,egc,2.556074834130164
296,egc,2.7338478310668286
297,eea,4.712643915273096
298,ei,7.386846981465959
299,ei,5.647989257216467
300,eps,6.2226740724052725
301,nc,2.2318454772649217
302,ei,7.515205336940524
303,eps,3.9593484535256
304,nc,1.7590779287026561
305,ei,6.922016587329021
306,eps,4.014105579944464
307,nc,1.765000372640102
308,eea,3.7111156987076654
309,eps,3.9785017496493467
310,nc,1.8325786583543935
311,eea,4.094664220758505
312,eps,4.226679382246093
313,eea,3.636470772611517
314,egb,3.2107437581643588
315,ei,7.607097378877561
316,eps,4.27304871331161
317,nc,1.8362802314228612
318,eea,3.5447182602990797
319,egb,1.8069502980935739
320,eps,6.8544253938241
321,nc,2.2736975603670775
322,egb,2.242508002452369
323,ei,5.873249159707097
324,eps,5.433612015656853
325,nc,2.200974011677404
326,egb,2.0695470130083735
327,nc,2.389766650443307
328,eea,3.005348940062372
329,egb,1.9463347451473396
330,eps,5.488653835522701
331,eps,5.7677501154417525
332,eea,3.1003674533061174
333,egb,1.4510951329512292
334,eea,3.610648175282291
335,egb,1.4140904584160374
336,ei,5.974818911378286
337,nc,2.4243126543384785
338,egb,1.1092982815631167
339,eps,6.770111271150256
340,nc,2.3411312209866626
341,egb,2.9130680100265645
342,ei,7.182449937254742
343,nc,1.8892065959436537
344,eea,3.657259910220095
345,egb,2.5397614256551453
346,eps,4.210186724399332
347,nc,1.9379816292775873
348,egc,2.883744870831488
349,egc,1.7796771677655845
350,egb,2.1756356027725356
351,egb,6.552076276520834
352,tg,101.23767800133871
353,tg,36.0814329623084
354,tg,60.6694714413709
355,tg,67.92618953032981
356,tg,22.359105385304957
357,tg,149.51831956617815
358,tg,-22.696984682120444
359,tg,173.10244281743667
360,tg,51.33499343824815
361,tg,142.79754225876425
362,tg,107.51197929773912
363,tg,58.391767218950534
364,tg,32.55672032337739
365,tg,70.09875163423422
366,tg,17.55656613963278
367,tg,5.395990509202676
368,tg,94.31103450035943
369,tg,50.69101747163754
370,tg,56.63248361416828
371,tg,-31.897466312654075
372,tg,63.87503144853501
373,tg,-44.71930314911927
374,tg,63.37508613759556
375,tg,82.12092179037097
376,tg,95.79895350268667
377,tg,-30.591461774225024
378,tg,61.2988414456988
379,tg,83.03677285277551
380,tg,-48.896062101585585
381,tg,71.3366166923435
382,tg,69.40686733096435
383,tg,106.56946227436384
384,tg,101.46450287286129
385,tg,194.12484465015717
386,tg,123.15832700514616
387,tg,143.30246650553306
388,tg,183.18131765518854
389,tg,92.38093397158792
390,tg,22.320112798552017
391,tg,69.34447659091968
392,tg,44.6306616574895
393,tg,58.53627910401124
394,tg,55.81652016559384
395,tg,81.52986154731084
396,tg,144.41129583691418
397,tg,81.72985137726639
398,tg,77.07074450207834
399,tg,108.09779479076317
400,tg,51.89160676135657
401,tg,75.76240535080001
402,tg,120.8310122596785
403,tg,186.7615407545137
404,tg,118.92609335933496
405,tg,194.22159126675552
406,tg,180.0852861073951
407,tg,159.1913123680097
408,tg,103.27618195320532
409,tg,106.35234978248029
410,tg,126.03357343541083
411,tg,98.17031211772253
412,tg,99.08879368401992
413,tg,91.75476024084057
414,tg,114.80800537379412
415,tg,102.5150201271404
416,tg,96.96830840378422
417,tg,67.85274352052531
418,tg,31.547621312098514
419,tg,63.40568322243088
420,tg,103.44396192956057
421,tg,132.29252091304477
422,tg,88.41131825892174
423,tg,45.23574258384504
424,tg,54.231636692823
425,tg,32.58249861121739
426,tg,71.77722121707204
427,tg,32.29311066750391
428,tg,50.77912146852361
429,tg,61.105686373694795
430,tg,67.40421822016883
431,tg,73.00379039072669
432,tg,25.696093040614016
433,tg,57.62832930793506
434,tg,92.18204966860837
435,tg,67.52348507157794
436,tg,68.139452187097
437,tg,64.80050059563061
438,tg,66.01047385844579
439,tg,44.200780744428
440,tg,101.54042006061209
441,tg,75.74341629921251
442,tg,82.9778092463564
443,tg,136.50270661167244
444,tg,48.90557839922347
445,tg,101.01476149283123
446,tg,83.31474785623692
447,tg,84.69912775416338
448,tg,86.61559778563102
449,tg,46.300820278707846
450,tg,9.289617500019574
451,tg,26.162196219888642
452,tg,36.065240243660156
453,tg,47.92622456669844
454,tg,54.74491335847286
455,tg,50.554907591594315
456,tg,25.34973794213805
457,tg,78.72676538420383
458,tg,106.52795949106545
459,tg,46.85573629275315
460,tg,21.757984846763392
461,tg,59.18416343363694
462,tg,46.15600274795379
463,tg,22.104313932839915
464,tg,-20.507924213874418
465,tg,35.286708637872565
466,tg,27.313882198670015
467,tg,-14.831719514581295
468,tg,3.750329065152158
469,tg,-22.061098571734107
470,tg,79.3432982694106
471,tg,20.26173862506704
472,tg,47.77180846055289
473,tg,30.150469326049503
474,tg,51.6842033975621
475,tg,51.08965749297769
476,tg,68.68794313848187
477,tg,63.62680162382743
478,tg,100.27574922488513
479,tg,83.2229956203301
480,tg,78.30086436825587
481,tg,64.89910059568868
482,tg,75.47437655495699
483,tg,66.57904638219443
484,tg,72.42818801603077
485,tg,81.85715606010088
486,tg,48.67439970234547
487,tg,27.207426453982606
488,tg,36.21495460860784
489,tg,68.42512686079115
490,tg,86.57093449580125
491,tg,97.67337774201766
492,tg,103.78978052229817
493,tg,55.536191039983564
494,tg,60.495552538749024
495,tg,91.57856850481807
496,tg,97.68433546527963
497,tg,48.70179075895044
498,tg,53.22335707212633
499,tg,61.22407530662298
500,tg,63.433997719215796
501,tg,92.80259496642798
502,tg,94.88433802925529
503,tg,44.88428905507982
504,tg,44.03856742155183
505,tg,23.78052694002676
506,tg,77.3750765692672
507,tg,79.5525875321641
508,tg,76.14584762777031
509,tg,90.41240987730109
510,tg,79.49612111609075
511,tg,64.37930782398038
512,tg,49.238257478696525
513,tg,39.94530176817176
514,tg,68.40838788175478
515,tg,75.35688504980932
516,tg,89.70102277755488
517,tg,72.43772806352354
518,tg,94.9779599063715
519,tg,71.59728044398098
520,tg,89.59880380242544
521,tg,66.23687928002748
522,tg,101.77016807552117
523,tg,72.86580111482431
524,tg,49.40586837445544
525,tg,43.9037191428812
526,tg,78.0292819119556
527,tg,51.339903278641486
528,tg,52.87626062026648
529,tg,111.10840161881234
530,tg,48.01034866647096
531,tg,74.33366780873715
532,tg,139.03859568535287
533,tg,93.01506424501241
534,tg,110.67211190084006
535,tg,111.15395908487267
536,tg,109.4762601193681
537,tg,119.81414041829349
538,tg,108.41348127030537
539,tg,67.82817480925902
540,tg,44.59934272856985
541,tg,39.14863301687818
542,tg,29.869444368754344
543,tg,-23.130884510894646
544,tg,72.98319507347409
545,tg,88.01894072274554
546,tg,50.27855185999772
547,tg,68.09269489911273
548,tg,118.39614274564732
549,tg,129.31437430794045
550,tg,39.24393594530787
551,tg,95.45788217284593
552,tg,108.56641792123304
553,tg,72.38005857397631
554,tg,163.69143470940142
555,tg,126.98354951432405
556,tg,55.75114450271403
557,tg,85.14019399898191
558,tg,118.1328338581423
559,tg,88.69255781851223
560,tg,86.30979601787409
561,tg,88.67599442317206
562,tg,22.961487525219127
563,tg,92.17674313912364
564,tg,145.14501011069413
565,tg,129.87981721488208
566,tg,93.81466589434228
567,tg,150.47496701265896
568,tg,96.52727142291508
569,tg,48.52765725403323
570,tg,51.30474101770534
571,tg,111.44435500906427
572,tg,93.45634834367618
573,tg,92.9073468989524
574,tg,108.43206712970161
575,tg,134.01550258864063
576,tg,97.31822720098278
577,tg,118.41175018530828
578,tg,120.55749513117024
579,tg,111.13158842135864
580,tg,81.78119335065105
581,tg,103.66398781018083
582,tg,95.95135689942595
583,tg,113.90492639951212
584,tg,95.46444380060338
585,tg,113.9846479006803
586,tg,111.08985152646531
587,tg,110.42347888394124
588,tg,70.04013269210762
589,tg,122.03897118731246
590,tg,141.54292684119386
591,tg,21.74215630170724
592,tg,13.12011239740795
593,tg,144.83797366846244
594,tg,73.17684438106737
595,tg,149.6190346994653
596,tg,78.34044873709597
597,tg,145.7161586748743
598,tg,93.29707767348609
599,tg,104.97266512265182
600,tg,49.725222602317956
601,tg,61.8541671550352
602,tg,86.2620502587113
603,tg,-8.101232266190834
604,tg,20.270491797476893
605,tg,52.04619845119831
606,tg,40.23240712383485
607,tg,-7.197769609017172
608,tg,-86.05076878485644
609,tg,51.48057183168568
610,tg,61.53251733292255
611,tg,103.68967505462282
612,tg,74.42919834566189
613,tg,58.53811948127125
614,tg,42.97337917399142
615,tg,37.20388750722479
616,tg,84.65153156629735
617,tg,61.365784355644564
618,tg,9.93939423170417
619,tg,21.12619568928804
620,tg,12.831387769880052
621,tg,15.075633543527232
622,tg,-17.276872055264107
623,tg,156.79560695999024
624,tg,141.33665420388732
625,tg,110.24134656619779
626,tg,93.85079386560746
627,tg,168.4411476491462
628,egc,2.3076887402391693
629,egc,3.283366122216423
630,tg,-8.003373619516651
631,egc,6.096158383147539
632,egb,7.725909622784699
633,egc,6.6240151691612414
634,egc,6.342544030290695
635,tg,17.874281586330895
636,tg,57.432631523886286
637,tg,88.35057280314135
638,tg,91.21418356198379
639,tg,79.20399536733673
640,tg,48.35337417781926
641,tg,99.92581416993693
642,tg,41.20079672999806
643,tg,33.27972195947129
644,tg,59.183558645350075
645,tg,44.37436148585722
646,tg,103.81067173059435
647,tg,175.13744485002937
648,tg,145.06175945852135
649,tg,112.65327151815241
650,tg,89.24919065092024
651,tg,8.206044989158528
652,tg,58.7010286358323
653,tg,38.55795645670972
654,tg,37.34119395764202
655,tg,190.4952207527552
656,tg,141.58759541479225
657,tg,175.26096147719616
658,tg,51.68046411514332
659,tg,61.50328589905756
660,tg,17.788635761191415
661,tg,-7.24961232109095
662,tg,22.08235946771684
663,tg,27.626876394870706
664,tg,28.15946726710098
665,tg,-27.699039031458454
666,tg,15.146751443582303
667,tg,30.253842601403875
668,tg,0.043054903886996954
669,tg,-9.533839152669628
670,tg,33.41470030013909
671,tg,2.0218831599
672,tg,6.806343787964892
673,tg,-5.40880585647966
674,tg,-2.2698115794695184
675,tg,-11.843766234890012
676,tg,-29.801660296382238
677,tg,-11.768096164933809
678,tg,-20.275022195533865
679,tg,-45.87085906590349
680,tg,36.842906937166546
681,tg,12.162075726219825
682,tg,24.269143851012302
683,tg,46.49571818147399
684,tg,68.2593043174934
685,tg,35.87039436569289
686,tg,44.19899239196684
687,tg,66.24909860466204
688,tg,55.864786172745326
689,tg,38.70254637896872
690,tg,61.74698306316361
691,tg,47.848584057485056
692,tg,38.510906529231804
693,tg,77.53608031556963
694,tg,-3.8898898286757913
695,tg,47.797807853788086
696,tg,75.46274901240959
697,tg,61.13922936276613
698,tg,-15.674651318269895
699,tg,81.85357935517857
700,tg,20.34713733241189
701,tg,77.09996943284348
702,tg,-18.989073217069148
703,tg,-7.003235879843118
704,tg,104.86057444193682
705,tg,6.517593148037577
706,tg,92.25993404406645
707,tg,-0.8183717157998274
708,tg,-1.4364913573721196
709,tg,-5.814768368260758
710,tg,38.44140790104156
711,tg,-37.898539868489934
712,tg,57.11247741474115
713,tg,48.654044999787644
714,tg,49.068435528985646
715,tg,67.57450188996968
716,tg,-18.80099056295495
717,tg,0.1613202779178664
718,tg,22.78070134914644
719,tg,145.13345979245753
720,tg,17.78677587463183
721,tg,145.56904880142002
722,tg,85.7316379249337
723,tg,78.3790641440571
724,tg,60.06271921835166
725,tg,76.58733657407964
726,tg,96.41003679021182
727,tg,75.15976308689149
728,tg,49.137556977384094
729,tg,61.37047959374257
730,tg,51.86571141771911
731,tg,82.2024771656993
732,tg,60.99784546873748
733,tg,50.372788280050585
734,tg,68.10424440446184
735,tg,95.81771169422917
736,tg,90.10123980061078
737,tg,99.86499392850817
738,tg,97.57853653367795
739,tg,92.18907626800572
740,tg,76.03039159287842
741,tg,55.87829311115192
742,tg,111.71794692322091
743,tg,106.22133182962645
744,tg,95.7471920793611
745,tg,91.40013645089424
746,tg,94.8890560282028
747,tg,174.4050982594385
748,tg,55.01414819572415
749,tg,118.3625119647279
750,tg,93.20205437835033
751,tg,83.13985348863625
752,tg,78.80954984540546
753,tg,77.01967565888773
754,tg,-46.80208995947393
755,tg,-33.321619169316506
756,tg,-8.12440931408733
757,tg,70.24833593718473
758,tg,-18.425800719705364
759,tg,-18.750643563848655
760,tg,-18.990477886638615
761,tg,-40.06878036574477
762,tg,-31.343480241888557
763,tg,-42.99488916577954
764,tg,-51.455656193582314
765,tg,-54.246825671548436
766,tg,-55.50243118607233
767,tg,-45.372981740719126
768,tg,27.216491775185673
769,tg,108.7372218390226
770,tg,88.67261281124551
771,tg,46.01055441651343
772,tg,52.08022266965918
773,tg,38.44811910009577
774,tg,-60.48126946891469
775,tg,84.92393341317984
776,tg,41.320421251899404
777,tg,-18.874059392967638
778,tg,17.542064226947815
779,tg,28.937992369788716
780,tg,27.429390258360783
781,tg,30.41839704022918
782,tg,30.233474892646342
783,tg,64.54468165338788
784,tg,29.306770156577585
785,tg,63.2008485830806
786,tg,37.51992515415935
787,tg,133.4992101104313
788,tg,81.91338186147945
789,tg,3.7808286034895957
790,tg,47.824834736800966
791,tg,-10.69061055554053
792,tg,50.48747044605929
793,tg,38.37277418513251
794,tg,-16.104350144535346
795,tg,66.06098993814841
796,tg,74.4034980950202
797,tg,65.29908025559973
798,tg,91.56721084091481
799,tg,55.164870541149924
800,tg,61.42110622614278
801,tg,90.46883077167543
802,tg,67.4251972203131
803,tg,77.57541106351523
804,tg,58.003720747280255
805,tg,47.83838719690657
806,tg,53.372752785180936
807,tg,106.76623306988931
808,tg,61.249554451869486
809,tg,71.6926549065091
810,tg,56.20961954585435
811,tg,77.5554530500488
812,tg,38.38165091643968
813,tg,-9.440792799890914
814,tg,-48.20720173975002
815,tg,-7.342411556075035
816,tg,-41.99198110556617
817,tg,-52.007977470784
818,tg,-40.05953295774566
819,tg,28.463643259893217
820,tg,-43.52801329219824
821,tg,92.54570301270856
822,tg,83.04595522977604
823,tg,85.99198302467809
824,tg,32.93138991863826
825,tg,27.170618908782203
826,tg,110.05501324594559
827,tg,-44.587108135191016
828,tg,-17.369046992661737
829,tg,102.79224077101821
830,tg,136.838194217397
831,tg,116.37196512276948
832,tg,117.03488624504354
833,tg,50.21692848573639
834,tg,149.37484695776362
835,tg,141.59702369025618
836,tg,109.02306234176314
837,tg,115.54348645851691
838,tg,101.43835715987925
839,tg,77.33263733958913
840,tg,57.49064567772602
841,tg,82.06472850449168
842,tg,62.198707888650574
843,tg,63.33115119494998
844,tg,51.50036076455579
845,tg,55.60726341833961
846,tg,35.43354212958283
847,tg,100.45597613436999
848,tg,91.15144165454674
849,tg,86.59038526747872
850,tg,59.701764660692845
851,tg,55.3777430119256
852,tg,46.5832173900732
853,tg,100.47384665278177
854,tg,94.1236119108809
855,tg,102.71208681370942
856,tg,67.35005390144546
857,tg,115.7765575574538
858,tg,149.37142307568803
859,tg,132.92717712467035
860,tg,141.9990591426101
861,tg,114.23696492364908
862,tg,87.21535267320226
863,tg,99.65346109630339
864,tg,79.36533727483183
865,tg,83.68972309719116
866,tg,68.22639212910836
867,tg,79.78575617759887
868,tg,80.95886987041477
869,tg,68.37135272805932
870,tg,65.8637704287327
871,tg,54.61176238886536
872,tg,36.54724350208937
873,tg,60.209273076768
874,tg,62.70982552514732
875,tg,125.22973989384788
876,tg,97.04974997486502
877,tg,129.21571577998367
878,tg,133.19968058248813
879,tg,93.7828884968826
880,tg,119.24965997013096
881,tg,91.11609730681455
882,tg,104.7553900532718
883,tg,54.647405879191055
884,tg,84.99242406089198
885,tg,105.45200536168889
886,tg,96.96060548200155
887,tg,194.50636851266916
888,tg,141.97437337554635
889,tg,88.46585325433705
890,tg,45.46541906465566
891,tg,197.9305562339839
892,tg,196.0085845800358
893,tg,164.47953400085618
894,tg,180.85476539817932
895,tg,121.86701296929797
896,tg,128.55190535880394
897,tg,122.7257001581693
898,tg,106.97190335757143
899,tg,92.30456481839691
900,tg,81.93600614588797
901,tg,94.35900786801729
902,tg,118.97718984069996
903,tg,111.3158797682552
904,tg,101.43344081638605
905,tg,143.52193809850132
906,tg,108.28333148128266
907,tg,87.69978158787879
908,tg,86.91267889647739
909,tg,74.19541190574054
910,tg,65.18009954058441
911,tg,60.91333768607328
912,tg,85.48070281068487
913,tg,95.68210255287508
914,tg,72.92482975224199
915,tg,73.61651245941624
916,tg,45.33461571409717
917,tg,91.58654130524488
918,tg,110.54977883784757
919,tg,74.73034389391997
920,tg,71.68800519011012
921,tg,108.38847034824869
922,tg,63.11863639466654
923,tg,67.6247188270788
924,tg,39.70492768809352
925,tg,39.24069089847836
926,tg,7.691701815131864
927,tg,12.447743896814131
928,tg,68.33647660351694
929,tg,47.77754419462829
930,tg,58.83438120153542
931,tg,19.662139811892416
932,tg,48.03399393755731
933,tg,55.46329779366705
934,tg,27.098681618144923
935,tg,48.80320660124734
936,tg,37.09003123489815
937,tg,47.726020134447566
938,tg,16.807578116503393
939,tg,159.2881841692803
940,tg,119.90667302618337
941,tg,59.72881755610517
942,tg,87.5387063074779
943,tg,161.74320516399874
944,tg,72.4783724376406
945,tg,99.935754158071
946,tg,174.12230120743183
947,tg,96.84765964365513
948,tg,76.53026536971943
949,tg,87.93652693823586
950,tg,68.37132021256002
951,tg,61.39103589239602
952,tg,50.85252845972896
953,tg,50.07992117791267
954,tg,38.84910023738506
955,tg,-56.189314605550834
956,tg,91.68396749577843
957,tg,122.31205423390514
958,tg,66.80642076565506
959,tg,91.70465385642906
960,tg,2.63472228438701
961,tg,172.04615731358285
962,tg,98.82736581814905
963,tg,112.3489231932139
964,tg,72.13109389898469
965,tg,79.69411449438965
966,tg,90.91662772484773
967,tg,101.38684285434832
968,tg,78.44814007075654
969,egc,4.028119117603143
970,egc,1.7860258428429967
971,egc,2.865878811945608
972,egc,2.7676168901245366
973,egc,2.819383800887228
974,egc,3.291606538333436
975,egc,3.3888929128828877
976,egc,3.359556485641029
977,egc,3.1236534150011677
978,egc,3.7492280334742376
979,egc,2.136145711372639
980,egc,2.6896247038815906
981,egc,3.5360460448478284
982,egc,2.0526380423852517
983,egc,2.8681692028954755
984,egc,3.6552676049405033
985,egc,2.6633345601627134
986,egc,3.292501140511904
987,egc,3.310606763224282
988,egc,2.323506308753791
989,egc,4.37646716721156
990,tg,97.11493704784894
991,tg,122.77454981853313
992,tg,47.66569738015798
993,tg,-22.852642880339005
994,tg,-57.84843746630892
995,tg,-69.90863124731968
996,tg,-67.68767957736645
997,tg,-59.744832428512666
998,tg,-71.35260555235155
999,tg,-69.7455074904633
1000,tg,-57.14676599775166
1001,tg,-46.303770423499145
1002,egc,2.6741572743033952
1003,egc,8.683309934423075
1004,egc,6.0657359269942175
1005,egc,3.2323475329500035
1006,egc,5.460929146179417
1007,egc,4.234781988453108
1008,egc,3.3495464004147344
1009,egc,3.88290577030122
1010,egc,8.207491496297369
1011,egc,4.957374628863114
1012,egc,5.179167549021378
1013,egc,7.536490510241671
1014,egc,7.531093734504507
1015,egc,6.775476898139939
1016,egc,7.131032239021716
1017,egc,3.440443533870114
1018,egc,3.788945341767486
1019,egc,4.895956347690806
1020,egc,6.940207827250251
1021,egc,8.269513757788005
1022,egb,7.048728513143542
1023,egc,5.93362867452651
1024,egc,4.258645298266311
1025,egc,4.785001211766147
1026,egc,4.1646196509811375
1027,egc,6.915284216166334
1028,egc,7.836009974662815
1029,egc,6.103720860741888
1030,egc,4.068172263909894
1031,egc,7.008062435071684
1032,egc,7.967428165667805
1033,eea,1.173140367372515
1034,ei,8.733856493839923
1035,nc,1.606292405828406
1036,egb,8.004496661251405
1037,egc,3.7701393477121696
1038,egc,3.978394574921176
1039,egc,8.061205205895808
1040,egc,3.4153261593010895
1041,egc,2.329863022258468
1042,egc,2.497733985386486
1043,egc,2.7373271614911623
1044,egc,6.553684538802182
1045,egc,7.039002528552805
1046,egc,4.572289027151808
1047,egc,4.302928199570568
1048,egc,0.684052991310248
1049,egc,5.183279765387662
1050,egc,0.5175098642022187
1051,tg,228.83408014085217
1052,tg,233.75664710061693
1053,tg,176.4850237058553
1054,tg,148.2920722959665
1055,tg,106.7067492154815
1056,tg,189.4580706202357
1057,tg,169.04562053566494
1058,tg,182.16546517470638
1059,egc,5.4736946360258205
1060,tg,179.02497843627867
1061,tg,248.52384073812226
1062,tg,158.51037278180206
1063,tg,106.62425089067365
1064,tg,130.3942676900564
1065,egc,6.43269760922411
1066,tg,84.64158832661334
1067,tg,106.81269771837992
1068,tg,114.34119335663489
1069,tg,81.95286868382166
1070,tg,141.43720757256546
1071,tg,172.38911779393257
1072,tg,154.43706514188844
1073,tg,208.24901827673114
1074,tg,227.4916777525138
1075,tg,225.92898285646095
1076,tg,267.1223876821973
1077,tg,214.4335702919812
1078,tg,218.18780333732622
1079,tg,261.06846993690937
1080,tg,222.4463062550168
1081,tg,287.2646859924367
1082,tg,241.2749328720937
1083,tg,216.2293427900708
1084,tg,258.7697021740466
1085,tg,201.0629758770369
1086,tg,239.55587093993768
1087,tg,198.51336404332332
1088,tg,207.41848138137328
1089,tg,255.97230272641582
1090,tg,211.5231469688057
1091,tg,233.71154810309662
1092,tg,241.72386136464138
1093,egc,5.797626990989334
1094,egc,4.60900407048998
1095,tg,140.2241583435171
1096,tg,94.8000415973365
1097,egc,1.8894407704209324
1098,tg,177.26874478533014
1099,tg,104.18561120449937
1100,tg,90.45613997230112
1101,tg,159.43048500038904
1102,tg,255.89498086909552
1103,egc,4.475245791659585
1104,egc,1.1704182198872806
1105,egc,1.7300765196805838
1106,egc,1.0567021412400082
1107,egc,1.7151070987124477
1108,tg,59.44794217010676
1109,tg,175.74179417765083
1110,tg,210.09777803246965
1111,tg,114.33739879786732
1112,tg,116.70109025816974
1113,tg,140.28602883557303
1114,tg,154.91802058835293
1115,tg,167.33081650814142
1116,tg,153.1983660612223
1117,tg,208.57597462832848
1118,tg,194.58885383127728
1119,tg,234.05639448240538
1120,tg,200.68537338373974
1121,tg,181.86537638017535
1122,tg,193.73731192337573
1123,tg,166.13372263459647
1124,tg,131.55302578993417
1125,tg,206.494332363549
1126,tg,213.9230574437713
1127,tg,180.4511537569972
1128,tg,150.04451463969738
1129,tg,137.02871309529576
1130,tg,149.72827214511727
1131,tg,84.46069159784305
1132,tg,78.30049369156393
1133,tg,169.96593435034754
1134,tg,151.55453361400703
1135,tg,191.46274869818714
1136,tg,136.94867375512197
1137,tg,113.58715892801513
1138,tg,58.40154788113807
1139,tg,41.709235089353015
1140,tg,73.75700542876426
1141,tg,176.49787708272606
1142,tg,112.5241719797569
1143,egb,5.9036343728109175
1144,egc,5.924986523986442
1145,tg,137.13353005881876
1146,tg,98.85842137152441
1147,tg,122.02035118664193
1148,tg,117.93070125678332
1149,tg,80.92017642625532
1150,tg,118.15756839845498
1151,egc,5.802376579861623
1152,tg,208.2338465447607
1153,tg,189.74298117969647
1154,tg,161.87734623055974
1155,tg,55.880328581407696
1156,tg,90.06047186759639
1157,tg,97.06576710981707
1158,tg,123.79693628859835
1159,tg,42.03171730824758
1160,tg,92.61023977570659
1161,tg,105.31050766341272
1162,tg,119.45731695481993
1163,tg,156.84895107524392
1164,tg,119.88264082065542
1165,tg,100.95040681662923
1166,tg,105.41942808294658
1167,tg,138.54679916498014
1168,tg,99.46159363807142
1169,tg,71.8191727142607
1170,tg,89.6067180749535
1171,tg,49.64624245453368
1172,tg,75.75133707484045
1173,tg,157.45206969121708
1174,tg,107.10960324553011
1175,tg,65.58812353502071
1176,tg,141.90604205378074
1177,tg,111.156475784518
1178,tg,107.77511097577298
1179,tg,76.33214843252321
1180,tg,104.7469197657058
1181,tg,72.52725623927867
1182,tg,216.15202743585036
1183,tg,233.43569961328902
1184,tg,221.09124233125345
1185,tg,222.15589732462547
1186,tg,194.68046950208708
1187,tg,259.6660634461745
1188,tg,244.47921827168548
1189,tg,189.67697146458042
1190,tg,118.40748415180094
1191,tg,128.94899926815268
1192,tg,133.90166745138853
1193,tg,146.41106407447228
1194,tg,241.765448688238
1195,tg,180.5933180230089
1196,egc,5.682612519398681
1197,tg,201.5192203569257
1198,tg,196.37030650347796
1199,tg,197.39370257979624
1200,tg,160.9540182290926
1201,tg,209.3240912360768
1202,egc,6.015558194607696
1203,egc,6.1633257989079455
1204,egc,5.203727140861324
1205,egc,5.075459265583331
1206,egc,5.958467788654065
1207,egc,5.643300590861783
1208,egc,6.284700255456231
1209,egc,6.0536083704743255
1210,tg,106.21603180324158
1211,tg,82.54539212435
1212,egc,6.340750713250042
1213,tg,159.96669809924063
1214,tg,114.71336251000008
1215,tg,116.55264562346947
1216,egc,6.085135082205584
1217,egc,6.065399434690123
1218,tg,115.15821681048631
1219,tg,178.81088663427948
1220,tg,144.8669270948085
1221,tg,101.6906676797482
1222,tg,102.03176177043845
1223,tg,87.97486921500293
1224,tg,99.99354395496562
1225,tg,94.04564299512467
1226,tg,105.4763106974109
1227,tg,82.09273735558324
1228,tg,102.42534888318838
1229,tg,77.203980011984
1230,tg,71.70217544470229
1231,tg,73.0382503168781
1232,tg,77.64011040400975
1233,tg,84.33620275724738
1234,tg,179.43530127651502
1235,tg,87.0125470010079
1236,tg,121.51000254170349
1237,tg,63.669507480599705
1238,tg,102.93891818833185
1239,tg,40.97312970704378
1240,tg,42.97807441208943
1241,tg,48.36157458674111
1242,tg,77.26304766800085
1243,tg,57.463508242015536
1244,tg,16.36000877182616
1245,tg,38.57810306007207
1246,tg,92.08790754350346
1247,tg,148.7767467026627
1248,tg,127.68729222018632
1249,tg,114.7755939240982
1250,tg,207.35739126130036
1251,tg,204.56734031650996
1252,tg,70.31432939455112
1253,tg,108.29437699639271
1254,tg,42.66722623884212
1255,tg,112.43426337266003
1256,tg,85.20884072109067
1257,tg,105.04150693775634
1258,tg,104.25949617354433
1259,tg,122.35377487104881
1260,tg,65.90873936425582
1261,tg,141.6823646825898
1262,tg,14.491707201012133
1263,tg,66.55718946356923
1264,tg,71.50504047558475
1265,tg,31.82261139272478
1266,tg,103.428198415503
1267,tg,30.739233974859502
1268,tg,22.394638322933062
1269,tg,77.29269530025681
1270,tg,57.69941469249083
1271,tg,37.898691702331234
1272,tg,135.08006003551475
1273,tg,190.70252982160173
1274,tg,112.81514342828599
1275,tg,66.40261728302708
1276,tg,62.575354426268504
1277,tg,162.03857108225736
1278,tg,174.97748159970433
1279,tg,213.07476708579912
1280,tg,57.18785484520369
1281,egb,2.410585071145465
1282,egc,4.026937936145687
1283,egc,2.8698935390137894
1284,egc,2.3318423447672174
1285,egc,3.0850304544569016
1286,egc,2.5575722248833825
1287,egc,2.5706608408118012
1288,egc,2.033649220844711
1289,egc,2.6060463715103435
1290,egc,2.515758756475797
1291,egc,2.2391546049036344
1292,egc,3.255433148292891
1293,egc,1.9215655037526336
1294,egc,1.2879594682714273
1295,tg,74.99520214496633
1296,egc,5.170771037863299
1297,egc,2.679235130112345
1298,egc,3.003855518367647
1299,egc,1.3278940010409852
1300,egc,2.737925930852281
1301,tg,7.178893372671837
1302,tg,58.11793469009913
1303,tg,71.50876024870394
1304,tg,46.37890950181148
1305,tg,37.70840449736494
1306,egc,5.5483429299968305
1307,egc,4.745047844774569
1308,egc,5.475863609335961
1309,egb,5.426134530714062
1310,egc,5.627164102418947
1311,egc,1.28572553325258
1312,egc,5.695951448213312
1313,egc,5.746467635775702
1314,egb,4.553911477263243
1315,egc,5.46639406160816
1316,egc,5.852936324483377
1317,tg,41.20965395200565
1318,egc,5.702654561851037
1319,tg,-24.740596818926093
1320,egc,2.945481300803814
1321,egc,5.470903712773612
1322,egb,5.382541422083705
1323,egc,4.921853286131836
1324,egc,5.722003430156958
1325,egb,5.162553295118578
1326,egc,4.243568456803597
1327,egc,5.2810790570256465
1328,egc,6.365120046733048
1329,egc,5.490829571910972
1330,egc,5.2171752427346165
1331,egb,5.06736690384797
1332,egc,5.535587815329803
1333,egc,4.622404344889425
1334,egc,4.706758245286567
1335,egc,4.857742061723366
1336,egc,5.384468560740607
1337,egb,5.176526047091086
1338,egc,5.148310223300056
1339,egc,5.566248339788273
1340,egc,5.487756369003662
1341,egc,1.947911916462362
1342,egc,2.994801632105487
1343,egc,5.659751699608946
1344,tg,-26.08178312759088
1345,tg,159.48488993380718
1346,egc,5.85112244402414
1347,egb,5.370866808856305
1348,egc,5.834863977121071
1349,tg,-38.275446530102215
1350,egc,5.787189654006925
1351,egc,5.593132298953791
1352,tg,-59.05026234500113
1353,egc,5.923230688449662
1354,tg,-53.65380799543084
1355,tg,-11.474780348905654
1356,tg,-64.84843918524462
1357,egc,5.235643342434572
1358,egc,1.577550914200442
1359,egc,2.446798771435414
1360,egc,3.0311169097342585
1361,egc,2.1448543191427647
1362,egc,2.307888766219936
1363,egc,3.104061337535454
1364,egc,3.1154043061662993
1365,egc,3.0460186583612376
1366,egc,2.741810547562879
1367,egc,3.320591518057685
1368,egc,2.9966306547184076
1369,egc,2.1761662366199097
1370,egb,3.148696901451892
1371,egc,2.823223178076942
1372,egc,3.250436050636923
1373,egc,2.8068079618422153
1374,egc,1.5806677676371987
1375,egc,1.9406481692579827
1376,egc,2.745344651456713
1377,egc,2.7435679720910953
1378,egc,2.933363091292369
1379,egc,3.044568002650254
1380,egc,2.641691001283039
1381,egc,1.9723547174317622
1382,egc,2.782698101313699
1383,egc,3.9119791727253785
1384,egc,3.6795032762027167
1385,egc,2.8706467209544533
1386,egc,3.20188993204492
1387,egc,3.0772913184029047
1388,egc,2.1487069690844742
1389,egb,0.8278477833303568
1390,egc,0.9644968939524627
1391,egc,5.770214458496135
1392,egc,5.542225126028061
1393,egc,4.543847178720896
1394,egc,4.0954562750369465
1395,egc,4.160558749691227
1396,egc,6.557829002347608
1397,egc,6.508607842805558
1398,egc,6.764787285399542
1399,egc,6.5595626854743685
1400,egc,6.224739009328172
1401,egb,6.269791506690666
1402,egc,5.789938609191205
1403,egc,6.037561893722835
1404,egb,7.169066707096061
1405,egc,6.282860016433174
1406,egc,3.8983903983749584
1407,egc,6.12771481836566
1408,egb,6.090649548287077
1409,egc,5.936760576646866
1410,egb,5.644678308760126
1411,egc,6.400452486423611
1412,egb,5.532594497529431
1413,egc,5.830513598979556
1414,egb,6.17538295516005
1415,egc,6.6170852970985905
1416,egc,6.441334245029195
1417,egc,6.047695172520462
1418,egb,5.425993834359001
1419,egc,5.99105716177567
1420,egc,3.8972364167120843
1421,egc,6.168286069350631
1422,egb,4.939550751694623
1423,egc,5.033921440454849
1424,egc,4.678022129662221
1425,egc,4.659907814231987
1426,egc,3.6388904310301555
1427,egc,4.778994520360292
1428,egc,4.139262128397586
1429,egb,4.507860059529674
1430,egc,4.352703075893022
1431,egc,6.281745479145947
1432,egc,5.9338986161304605
1433,egc,5.751345746014138
1434,egc,6.366209534037638
1435,egc,6.670634869312305
1436,egc,6.335694168620351
1437,egc,6.966522647071429
1438,egb,5.839687466663076
1439,egc,6.534889200336496
1440,egc,6.143613518913602
1441,egb,5.703600243997257
1442,egc,6.784290940165347
1443,egc,6.983509900223116
1444,eea,1.0175909935230005
1445,ei,8.187521299157622
1446,eps,3.767673080357716
1447,nc,1.6594767758487834
1448,egc,4.75318995373024
1449,eea,0.42079242799990446
1450,egb,7.823584735625042
1451,ei,6.813056153944809
1452,eps,2.8835108925862434
1453,nc,1.571599194748733
1454,egc,5.998807327299634
1455,egc,6.0126345438355395
1456,egc,5.521677130008467
1457,egc,4.51534188162827
1458,egc,5.799155320340513
1459,egc,5.49739248042199
1460,egc,6.221138728614533
1461,egc,5.650435442819677
1462,egc,6.2017586413003984
1463,egb,4.4362830149134735
1464,egb,6.208436220326969
1465,egc,6.187089259303413
1466,egc,6.176325244375779
1467,egc,6.488802092726744
1468,egc,6.107699134477125
1469,egc,6.243609871622111
1470,egc,5.971416947216453
1471,egb,5.974461012297013
1472,egc,6.413993497560868
1473,egc,6.523114026035058
1474,egb,7.118708733735858
1475,egc,6.9928767243280845
1476,egc,6.7599311406309575
1477,egc,6.889155214873084
1478,egc,6.0346050610706925
1479,egc,5.818210412170943
1480,egc,6.218458941292761
1481,egc,5.598147342865977
1482,egc,5.303430184444764
1483,egb,5.412355486841462
1484,egc,6.077920687205805
1485,egc,5.860401219309537
1486,egc,5.4671458414975564
1487,egc,4.235082985492624
1488,egc,4.719607846525233
1489,egc,4.6810347873223135
1490,egc,3.953490872965251
1491,egc,4.184204905130684
1492,egc,4.488208748743193
1493,egc,3.786133901831737
1494,egc,3.7186467716474
1495,egc,7.109532811012294
1496,egc,6.557985658209181
1497,egb,5.67263383717302
1498,egb,7.336058774559845
1499,egc,6.291203343113189
1500,egb,7.242484494626637
1501,egc,6.263398236265212
1502,egc,6.05096363443423
1503,egc,4.787340791347967
1504,egc,6.021426153040675
1505,egb,7.625853875725346
1506,egc,6.335803715559351
1507,egb,7.527813636384355
1508,ei,6.771901944742971
1509,eps,3.0308173854245983
1510,egc,6.333102056237813
1511,egb,6.804649467035448
1512,egc,4.702450396033486
1513,egc,6.143070457722828
1514,egc,6.827065094101123
1515,egb,6.706025213989289
1516,egc,6.193536825730195
1517,egc,6.209098099273199
1518,egc,6.034457658747482
1519,egb,6.794597402385535
1520,egc,6.6449180710915705
1521,egc,4.466639183119137
1522,egc,4.409172840485767
1523,egc,4.643833296455155
1524,egc,4.165596880714277
1525,egb,6.7267539266054674
1526,egc,6.358301591011086
1527,egc,6.366402082411646
1528,egc,6.330257574627203
1529,egc,6.104866990917666
1530,egc,6.261544350609823
1531,egc,6.113938636495876
1532,egc,3.8760616103060297
1533,egc,4.624732591223503
1534,egc,5.791226346544956
1535,egc,4.550647723237921
1536,egc,4.074864207872524
1537,egc,4.562489249615572
1538,egc,4.195203296295129
1539,egc,4.486327207626561
1540,egc,4.099475301729013
1541,egb,4.563555221749441
1542,egc,4.242130022306158
1543,egc,4.657708930494816
1544,egc,4.461336975739937
1545,egc,4.476772123087708
1546,egc,4.695095632334353
1547,egc,4.655772078455698
1548,egc,4.030378897100346
1549,egc,4.75969958429311
1550,egc,4.19499088552817
1551,egc,4.047804618418285
1552,egc,4.63156139875732
1553,egc,4.0993479954739644
1554,egc,4.362855796468219
1555,egc,5.636265191073765
1556,egc,3.982678168687337
1557,egc,4.273032844591096
1558,egc,3.8192760570329005
1559,egc,4.180441051769223
1560,egc,6.190586349043796
1561,eea,4.594648701735196
1562,egb,1.302525442881838
1563,ei,6.605979104091707
1564,eps,5.52455064054464
1565,egc,2.467640917810838
1566,eea,3.7144313914758986
1567,egb,2.5865009199155926
1568,ei,6.739816646704382
1569,eps,4.641262747261755
1570,nc,2.064357198304336
1571,egc,3.884224119107636
1572,egc,2.9663284945637987
1573,egc,3.181074985464077
1574,egc,3.1583156741860767
1575,egc,3.44460575673159
1576,egc,3.2164586467609304
1577,eea,1.9548389585042387
1578,egb,5.337403483985655
1579,ei,6.7399724896518975
1580,eps,3.4948090177746733
1581,nc,1.68502798574493
1582,eea,2.813422699886303
1583,eps,4.267123457588446
1584,nc,1.895894892625843
1585,egc,5.874610915431096
1586,egc,3.53093164223585
1587,egc,4.679823940796799
1588,ei,6.503550858746585
1589,nc,1.6925681089388644
1590,eea,1.397672635556741
1591,ei,5.91717961396815
1592,eps,3.6041086094059254
1593,eea,1.6547664532656077
1594,nc,1.8203094377011464
1595,egc,5.604882423272591
1596,ei,6.682375507627592
1597,egb,5.331461687036176
1598,ei,7.227286021908236
1599,nc,1.7718287512019373
1600,eea,2.9874359897320892
1601,egb,3.1564367341342074
1602,ei,6.470307816744675
1603,nc,1.9352791793663575
1604,egc,5.561102344287743
1605,egc,3.770682035022606
1606,egc,4.135980136689091
1607,egc,3.8819043785512446
1608,egc,5.882866567171877
1609,egc,5.757296051591537
1610,egc,6.042327839859906
1611,egc,5.105346605503059
1612,eea,1.1393191000854987
1613,eps,3.8611695774042003
1614,nc,1.8472084984702173
1615,eea,1.1917097382896462
1616,egb,3.7392390118436385
1617,nc,1.8382770218035536
1618,egc,3.1556486922658773
1619,egc,2.910572093655733
1620,egc,2.843913342095017
1621,eea,1.253049130616544
1622,ei,7.896649331340388
1623,eps,3.696154643549357
1624,nc,1.6783204461788752
1625,ei,7.290374829515535
1626,eps,3.86853626487091
1627,egb,3.2594730503314318
1628,eps,4.279839460588102
1629,egc,6.478011906175459
1630,egc,4.342855862288918
1631,egc,4.773296186763105
1632,egc,4.317332453672952
1633,egc,3.363172469328859
1634,eea,1.5869978083325256
1635,egb,3.8560411632028453
1636,eps,4.084922977071528
1637,nc,1.854417286217702
1638,egb,3.3249413168986353
1639,ei,6.073286002845884
1640,eps,4.061534360570193
1641,egb,2.7718825788670562
1642,eps,4.525731443648185
1643,nc,2.0361194783406864
1644,eea,2.530213281188252
1645,ei,5.962165737246325
1646,nc,1.9676369139074172
1647,egb,2.39517652053532
1648,eps,4.878549192734675
1649,egb,3.4719617549409767
1650,eps,4.015237441798051
1651,eea,3.2663491432782754
1652,egb,2.739682572819058
1653,ei,7.074119491340383
1654,eps,4.421448009053771
1655,nc,1.9157972443297524
1656,eea,3.074391952940828
1657,egb,2.514486911692898
1658,ei,6.545086546144639
1659,egb,2.045421067195286
1660,eps,4.960537449499106
1661,eea,2.244044966844885
1662,egb,4.022405934847203
1663,ei,6.824823513517664
1664,eea,2.4746197467261832
1665,egb,0.5238580356474625
1666,egc,1.9636003093202459
1667,eea,3.664008365236914
1668,egb,2.306527674443525
1669,eps,5.10541498427512
1670,nc,2.0229990661733206
1671,egc,2.4295744781495094
1672,egc,3.707707593781467
1673,egc,2.747823665037042
1674,nc,2.0540230995882833
1675,egc,2.5874633970765744
1676,egb,4.974594935149872
1677,egc,5.29395577627257
1678,ei,6.18518654418827
1679,eps,3.53474513114909
1680,nc,1.7345812779581686
1681,eps,5.457516092922827
1682,nc,2.0816855187191576
1683,egc,2.684492448483479
1684,eea,2.424464465779849
1685,egb,2.974407611046402
1686,egc,3.7653378829429993
1687,ei,6.0220548650817864
1688,eps,4.532961049850827
1689,nc,1.8776917138792988
1690,egb,2.299291895593174
1691,nc,1.9879048032227362
1692,egc,3.2549560769817525
1693,eea,3.8790787269425704
1694,egb,1.108173418332119
1695,ei,6.117434041198158
1696,eps,6.15881210265098
1697,nc,2.2956979477361767
1698,eea,2.584201449257326
1699,ei,5.283554425206031
1700,eps,5.384571124153935
1701,eea,2.6879525934286947
1702,egb,2.6674632399072076
1703,eps,4.644158635832684
1704,egb,2.7936320181832013
1705,ei,6.084997597231071
1706,eps,4.552892126059079
1707,nc,1.95398946423514
1708,egb,6.184222884740955
1709,egb,6.923412993986469
1710,egb,6.021085991753801
1711,egc,5.411579278331051
1712,egb,6.575951256832185
1713,egc,4.82472887187125
1714,egc,5.639380642459254
1715,egc,6.303142277002619
1716,egc,5.293839966837911
1717,egc,6.3539769171428
1718,egc,5.727832972385221
1719,egc,6.446371721761652
1720,egc,6.705406488496045
1721,egb,6.211918130793732
1722,egc,6.67337615994966
1723,egc,6.5888674263575915
1724,egc,6.705049619713536
1725,egc,4.815754925898833
1726,egc,6.35108327026776
1727,egc,6.436299759339438
1728,egc,4.399848346645304
1729,egc,4.878705765943644
1730,egc,6.5548506715760375
1731,egc,6.072113858208069
1732,egc,6.47561738955149
1733,egc,6.2565304283386505
1734,egc,6.707966260229357
1735,egc,5.978312702698272
1736,egc,6.381605552471297
1737,egc,6.205085054666538
1738,egc,6.241594469660756
1739,egc,5.2677602242791775
1740,egc,4.692046311033626
1741,egc,5.5043927354582465
1742,egc,6.350231010037557
1743,egc,6.21364074537847
1744,egb,7.249814149670306
1745,egc,6.306526081000624
1746,egb,8.159291427939058
1747,egc,6.480136294255306
1748,egc,4.87160292748968
1749,egc,3.3723503903931116
1750,egc,3.969192211429834
1751,egc,3.1741355794528108
1752,egc,2.3116544889830877
1753,egc,3.8381723899248574
1754,egc,4.430719330682719
1755,egc,3.8088688174176903
1756,egc,3.7401542380840853
1757,egc,4.183468851583
1758,egc,6.449774967537227
1759,egc,5.90813611103842
1760,egc,5.01777233355061
1761,egc,6.3163454872545985
1762,ei,5.082648712386091
1763,egb,4.68238794701256
1764,nc,1.670288491011404
1765,egc,6.153213831289578
1766,egb,4.495843154949782
1767,egc,6.36307155636179
1768,egc,6.571973456350206
1769,egc,6.03768891956763
1770,egc,5.770989512436564
1771,egc,6.645409349855548
1772,egc,6.323623254971649
1773,egc,6.268378322365806
1774,egc,5.542456464487126
1775,egc,5.5756308668674315
1776,egc,5.335623337878297
1777,egc,5.68744595093674
1778,egc,5.613246593781443
1779,egc,4.647560860056322
1780,egc,5.053103558130075
1781,egc,4.567277675307959
1782,egc,6.220911222428931
1783,egc,6.298928832534854
1784,egc,5.954158630819801
1785,egc,6.072157508737517
1786,egc,4.251468384770405
1787,egc,4.298409131294105
1788,egc,4.838166434992519
1789,egc,5.075674433717783
1790,egc,5.793357838351224
1791,egc,5.6967289323759385
1792,egc,5.234046826656772
1793,egc,5.5001533063069985
1794,egc,6.125455085603498
1795,egc,6.49288505295659
1796,egc,6.863085473613388
1797,egc,6.953319062939112
1798,egc,7.701981725019067
1799,egc,7.298184230259986
1800,egc,6.9958114980402915
1801,egc,7.190755136434375
1802,egc,5.959630556504879
1803,egc,7.407566661910863
1804,egc,6.4272038115392665
1805,egc,6.701404286419183
1806,egc,5.045670256192466
1807,egc,6.582869824917451
1808,egc,6.287050841140498
1809,egc,6.358438244274582
1810,eea,0.9905414763636065
1811,egb,7.769651919084087
1812,egc,7.09377038984751
1813,ei,8.261837851550343
1814,egc,4.261814541685414
1815,egc,6.6561081226642225
1816,egc,3.2803241383173276
1817,egc,4.540228580791641
1818,egc,2.8246725252067435
1819,egc,3.505854272862979
1820,egc,6.273602365386868
1821,egc,4.790578034253523
1822,egc,4.827841262111473
1823,egc,5.178103064964384
1824,egc,7.209477755174344
1825,egc,4.9437245848723235
1826,egc,6.176779508986305
1827,egc,5.979688769281848
1828,egc,6.18741285273585
1829,egc,6.865413626477382
1830,egc,3.434839441485595
1831,egc,2.2721760902257464
1832,egc,2.8593003874005674
1833,egc,3.425109766512712
1834,egc,2.9677343781043213
1835,egc,3.7821213713105406
1836,egc,3.395155128132165
1837,egc,4.4551531760496506
1838,egc,3.846111411754495
1839,egc,5.406676678930483
1840,egc,5.991320093123285
1841,egc,5.909893255156383
1842,egc,3.511660821450462
1843,egc,5.8336260593223415
1844,egc,6.063854841544247
1845,egc,5.35678954503658
1846,egc,6.03355838306479
1847,egc,5.971273190226538
1848,egc,4.801141906362784
1849,egb,5.706854658010612
1850,egc,6.283025084602349
1851,egc,6.282522028607729
1852,egb,4.584602447090626
1853,egb,4.490411721350286
1854,egc,4.860593109607409
1855,egc,6.195536711657528
1856,egb,6.384413866993201
1857,egc,5.936100490910334
1858,egc,5.727592473857878
1859,egc,5.788904269236453
1860,egc,5.974906559350079
1861,egc,4.8693365116164795
1862,egc,5.582895081422233
1863,egc,6.521267804926595
1864,egc,6.582683632509186
1865,egc,6.523108978650496
1866,egc,6.718000086857107
1867,egc,5.675144820469987
1868,egb,5.4178343892447405
1869,egc,4.995349608046788
1870,egc,4.631978065026368
1871,egc,4.905456390033665
1872,egc,6.007808776844406
1873,egc,5.946112352068234
1874,egc,5.92151831650216
1875,egc,4.72453553095972
1876,egc,5.293632369780302
1877,egc,6.3894316157038515
1878,egc,6.0350544652368265
1879,egc,5.995011320229114
1880,eea,3.226371499541366
1881,egb,2.39513960690654
1882,nc,1.9502887296442009
1883,egc,2.7653055618757474
1884,egc,3.9537958191158364
1885,eea,1.1750730696673808
1886,egc,5.897391444418271
1887,eps,3.978952394727705
1888,nc,1.7438712160472252
1889,egc,4.906616797764847
1890,egc,5.69716908300371
1891,egc,4.821576897050254
1892,ei,7.621285016248455
1893,eps,3.6763460178007374
1894,nc,1.6718010623735253
1895,eea,1.8823970041825415
1896,ei,6.346818035986432
1897,eps,3.5036985478343476
1898,egc,4.916380168703181
1899,egb,3.9455688897741124
1900,ei,6.355935222888531
1901,nc,1.841732124577933
1902,eea,2.3710251268917433
1903,egb,3.387500954626869
1904,nc,1.9051785719537664
1905,ei,6.048226182272266
1906,eps,4.053601122710875
1907,egc,6.461829617391232
1908,egc,5.857182670420876
1909,egc,6.5818642737487165
1910,egc,4.912010909604603
1911,egc,6.26807230130925
1912,egb,4.162455984455372
1913,egb,7.211194710262099
1914,egc,6.773682459458271
1915,egc,6.2769401821033135
1916,egc,3.107773782350457
1917,egc,4.708759918829265
1918,egc,6.288909961120619
1919,egb,8.094253859685924
1920,egc,7.13018745639827
1921,egb,8.393322419184392
1922,egc,7.434159835643594
1923,ei,8.69003972317074
1924,eps,3.299084163973567
1925,eea,1.4036660782146444
1926,egb,6.862470597764492
1927,ei,8.912741729241276
1928,eps,3.212911643856052
1929,nc,1.568920950175193
1930,egc,4.555375288221557
1931,egc,6.1242166069842625
1932,egc,5.786677811824363
1933,egb,6.371511787157684
1934,egb,6.802599522321545
1935,egc,6.2108239309128646
1936,egc,4.782949379839369
1937,eea,1.1023048188149034
1938,egb,5.427756253747136
1939,eps,3.299184713056309
1940,nc,1.7059767188133899
1941,eea,2.445603294017733
1942,egb,2.987453099740055
1943,nc,1.8553599314230884
1944,egc,6.659330597296431
1945,egb,6.999472523640588
1946,egc,6.4609259486145705
1947,egc,6.532685736565185
1948,egc,5.810012711882534
1949,egc,5.945829511592626
1950,egc,6.5756503825331105
1951,egc,4.005657975894604
1952,egc,4.608515379678966
1953,egc,5.832916434441041
1954,egc,6.550408599281656
1955,egc,4.498529902410606
1956,egc,4.829537463734361
1957,egc,6.199566767819563
1958,egc,4.0768547935264525
1959,egc,5.711904548350416
1960,egc,4.777005476962757
1961,egc,4.000831881758175
1962,egc,6.060703778056574
1963,egc,5.7126968942564735
1964,egc,6.474008208577245
1965,egc,3.344435456195882
1966,egc,5.867808910444001
1967,egc,6.436800572052032
1968,egc,6.496433551243431
1969,egc,5.989422743878617
1970,egc,6.075763584596393
1971,egc,5.986411698577481
1972,egc,5.9220093148558846
1973,egc,6.180091901839775
1974,egc,6.377768979384117
1975,egc,5.190579872454901
1976,egc,5.249605249362198
1977,egb,5.16574337563513
1978,egc,5.686338423905848
1979,eea,0.9828460387971467
1980,egb,5.701561621035312
1981,egc,5.919389441858258
1982,eps,3.1476928483470967
1983,egc,6.001538990518288
1984,egc,5.864885259671845
1985,egc,5.968552182597514
1986,egc,6.548399927166383
1987,egb,7.034710297260828
1988,egc,5.95326019636787
1989,egc,6.443577900936827
1990,egc,6.305744297214112
1991,egc,6.427740329824128
1992,egc,6.636965075484305
1993,egc,5.915426310276705
1994,egc,5.894207012110442
1995,egc,5.98897016172961
1996,egc,5.755487498927115
1997,egc,6.574924680797281
1998,egc,6.50324191219627
1999,egc,5.434245960755341
2000,egc,6.026526909020321
2001,egc,5.907178790433273
2002,egc,5.8266358990552085
2003,egc,6.045373469092297
2004,egc,5.920111311320625
2005,egc,5.3832587774373035
2006,egc,6.590951435360949
2007,egc,6.400431362184521
2008,egc,6.144538124989186
2009,egc,5.720069814519515
2010,egc,5.8715297675666065
2011,egc,6.489357118088331
2012,egc,6.082364255021537
2013,egc,6.420569491883712
2014,egc,6.610952350976136
2015,egc,6.591572450602172
2016,egc,6.616767498811391
2017,egc,6.202724935033656
2018,egc,6.213410248150166
2019,egc,6.411825552421656
2020,egc,6.125904115889295
2021,egc,6.657495031777597
2022,egc,6.828089713167088
2023,egc,6.618563059134071
2024,egc,6.713920678490473
2025,egc,6.735870632307042
2026,egc,6.742695257054578
2027,egc,6.920488443529488
2028,egc,6.709266802984681
2029,egc,5.845347207914956
2030,egc,6.788473913385576
2031,egc,4.782204633573829
2032,egc,6.169791685471283
2033,egc,6.014290366381936
2034,egc,6.2958635745847245
2035,egc,6.495040473104481
2036,egc,6.7633181226118335
2037,egc,6.897387872973086
2038,egc,5.684975162723845
2039,egc,6.00568691245684
2040,egc,6.020756813765781
2041,egc,6.39567504346615
2042,egc,6.431929472069931
2043,egc,6.623306105100447
2044,egc,6.411882943053521
2045,egc,4.515865518567115
2046,egc,5.627893262547902
2047,egc,5.969471554348367
2048,egc,6.0521196724389625
2049,egc,5.929236234846982
2050,egc,6.044339035667461
2051,egc,5.7647392613581
2052,egc,4.873979591327514
2053,egc,6.131873863244263
2054,egc,6.678279226700649
2055,egc,6.732722559862072
2056,egc,6.760592908829009
2057,egc,5.079041880451005
2058,egc,3.5996136472450173
2059,egc,3.928571234359924
2060,egc,5.900974059285945
2061,egc,5.948988052687056
2062,egc,6.0473326020628
2063,egb,4.529405987406
2064,egc,4.39999441701981
2065,egc,4.509562760668699
2066,egc,5.882543908440285
2067,egc,5.935857842571049
2068,egc,6.016458965811738
2069,egc,5.866195897196292
2070,egc,6.027745385041479
2071,egc,5.859800860956982
2072,egc,5.838948339402183
2073,egc,5.440064286573467
2074,egc,5.956492578829033
2075,egc,6.661782317612095
2076,egc,6.596158840706975
2077,egc,6.699263073724131
2078,egc,6.6585151642795095
2079,egc,6.469579969855365
2080,egc,6.41314217203151
2081,egb,6.38112584152872
2082,egc,6.588673943282737
2083,egc,6.472383698509145
2084,egc,6.679980943058521
2085,egc,6.601820884543866
2086,egc,6.687783638769957
2087,egc,6.729985381908435
2088,egb,6.863044469066866
2089,egc,6.431612234603238
2090,egc,6.369013262691418
2091,egc,6.417362720225695
2092,egc,4.766779125328519
2093,egc,6.258047447809608
2094,egc,6.4245214070551295
2095,egc,6.197061395675413
2096,egc,4.364629438056091
2097,egb,5.099586192254772
2098,egc,3.368181250745385
2099,egc,5.772263696628068
2100,egc,6.100072349464662
2101,egc,3.1293748123416982
2102,egc,5.7126235202401645
2103,egc,5.8589709400769685
2104,egc,5.9669715099990315
2105,egc,6.012692588757996
2106,egc,5.875694888000702
2107,egc,5.824110617783066
2108,egc,6.50825620834778
2109,egc,3.9299675839518304
2110,egc,4.318031025716764
2111,egc,6.18542137911612
2112,egc,3.9127700231100846
2113,egc,4.299349627284048
2114,egc,3.3350039507924603
2115,egc,3.420023311455991
2116,egc,5.431010213371138
2117,egc,5.937059307036835
2118,egc,5.782349399152699
2119,egc,5.580718069684829
2120,egc,6.016459152751907
2121,egc,5.826367359502524
2122,egc,5.7282983599358
2123,egc,6.47055916246028
2124,egc,6.6624018373319664
2125,egc,6.498018990816222
2126,egc,3.819936797060023
2127,egc,4.004095576697635
2128,egc,4.845239760267311
2129,egc,3.1122058533457997
2130,egc,5.869012244311476
2131,egc,4.668460385379849
2132,egc,5.885870695686762
2133,egc,5.907683809299667
2134,egc,6.108047030131525
2135,egc,4.678280878223556
2136,egb,3.286574376146076
2137,egc,5.914423376270335
2138,egc,6.237718639138097
2139,egc,3.793334463259014
2140,egc,3.8713325848523237
2141,egc,3.919319752339193
2142,egc,5.423728052560118
2143,egc,5.754044040412635
2144,egc,4.636560669592751
2145,egc,5.733376122274665
2146,egc,5.600339870637404
2147,egc,5.7594805409357
2148,egc,5.297953398315293
2149,eps,4.608268400408726
2150,egc,5.913149472489085
2151,egc,5.758234397769537
2152,egc,5.999457037856789
2153,egc,5.573617895128272
2154,egc,5.7242012857232
2155,egc,6.199331223206697
2156,egc,5.7887735045882796
2157,egc,5.918960320700454
2158,egc,5.8842291740632895
2159,egc,5.9109583467689255
2160,egb,5.796865180645194
2161,egc,5.826493824526812
2162,egc,5.994485270593714
2163,egc,5.184281671223102
2164,egc,5.8958751727079886
2165,egc,5.700794320229903
2166,egc,5.820544921000681
2167,egc,5.769348738573767
2168,egc,5.236002547969192
2169,egc,4.687187385530027
2170,egc,4.664863387802928
2171,eps,4.121986203618814
2172,nc,1.9205163633802347
2173,egc,6.284539860791281
2174,egc,6.468492165012297
2175,egc,6.545097442141868
2176,egc,6.568518428147835
2177,egc,6.535900733590636
2178,egc,6.663791737488044
2179,egc,6.262871438869136
2180,egc,6.481165399885327
2181,egc,6.325167754647441
2182,egc,6.0315887814448255
2183,egc,6.548205509390684
2184,egc,6.456129624700045
2185,egc,6.215776536808623
2186,egc,6.191038183432127
2187,egb,6.183102738906607
2188,egc,6.213511195841394
2189,egc,5.182857514281066
2190,egc,5.074112688811406
2191,egb,5.30165729294155
2192,egc,4.947706223530602
2193,egc,4.959045593563196
2194,egc,6.610557346399164
2195,egc,5.184687191184578
2196,egc,3.650265179489721
2197,egc,4.44802341236948
2198,egc,4.813202678507322
2199,egc,6.301266706287632
2200,egc,4.234171301656219
2201,egc,6.264420425108983
2202,egc,4.113302097649538
2203,egb,4.734398247516598
2204,egb,4.6403606602649825
2205,egc,3.417592902319586
2206,egc,3.869244743575504
2207,egc,3.115850345409393
2208,egc,4.219007346074779
2209,egb,5.659909956995926
2210,egc,5.774670457833102
2211,egc,5.589777751092226
2212,egc,5.822418341903726
2213,egc,5.838201139546925
2214,egc,5.838774017694645
2215,egc,5.982937415537709
2216,egc,5.925499394339933
2217,egc,6.010231054083462
2218,egc,5.870253807443499
2219,egc,6.240902043274997
2220,egc,4.633873241091574
2221,egc,6.039589914145594
2222,egc,6.406355683078436
2223,egc,6.273851743572235
2224,egc,5.811728074872738
2225,egc,6.116206220745132
2226,egc,6.026477743755889
2227,egc,6.875914803527486
2228,egc,6.296437854783711
2229,egc,5.31477651799865
2230,egc,5.098032197512897
2231,egc,5.067818600263324
2232,egc,5.214638651582254
2233,egc,6.288130981436641
2234,eea,0.665237594469076
2235,ei,6.087860314218112
2236,nc,1.7365121619001562
2237,egb,6.592036871796404
2238,egc,6.687847946188073
2239,eps,3.264781146682091
2240,nc,1.6306011534079297
2241,eea,0.3017228677088224
2242,egb,6.852368528710098
2243,egc,6.2679356480457535
2244,nc,1.6511568334706035
2245,egb,5.4875295611445285
2246,ei,5.716443693194153
2247,egc,3.843289643374412
2248,egc,5.555208681581535
2249,egc,2.611920779379152
2250,egc,5.403966794241512
2251,egc,5.726868454583569
2252,egc,5.662380358794513
2253,egc,5.823756646573176
2254,egc,5.280425373989901
2255,egc,5.899850081520186
2256,egc,6.0000098199363485
2257,egc,5.973133244907503
2258,egc,6.026563268883179
2259,egc,4.772557889933393
2260,egc,6.141958163717628
2261,egb,6.412380953027887
2262,egc,6.455590863133157
2263,egc,6.644146382074181
2264,egc,6.550143892002435
2265,egc,6.445700606555154
2266,egc,5.9562890009850555
2267,egc,5.329720141223472
2268,egc,6.326338187045182
2269,egc,6.12433550093171
2270,egc,6.219268392224276
2271,egc,5.0995067815655055
2272,egc,5.398188099739201
2273,egc,6.187159548806935
2274,egc,4.9800153266039215
2275,egc,6.703377439902358
2276,egc,5.931288744431873
2277,egc,5.326827615989445
2278,egc,5.837059776345454
2279,egc,5.4351805681299625
2280,egc,4.370117510698261
2281,eea,2.3675724103680045
2282,egb,4.2645439417656
2283,eps,3.698999947846008
2284,egc,4.755089172376597
2285,egc,4.2065637438317705
2286,egc,3.7998745650694223
2287,egc,4.066153029675075
2288,egb,4.63409896485523
2289,egc,3.50412647835154
2290,egc,5.861195995437791
2291,egc,5.510554657306887
2292,egb,7.0669685631574435
2293,egc,5.949282950803561
2294,ei,5.866901196505944
2295,eps,3.2068794813746813
2296,nc,1.6342967132944568
2297,egc,5.451137780950784
2298,egc,5.749048812158358
2299,egc,5.723291634861132
2300,egc,5.819807535504292
2301,egb,5.287538006835627
2302,egc,5.7765002282066975
2303,egc,6.054503813883554
2304,egc,6.023207038560093
2305,egc,4.795055601812481
2306,egc,6.468612367540926
2307,ei,6.894235163466533
2308,eps,3.329742505239902
2309,nc,1.6250923490291456
2310,egc,5.847907727408943
2311,egc,6.46766177678186
2312,egc,6.546481734092877
2313,egc,6.737245390309435
2314,egc,6.559749438703141
2315,egc,6.59151973347453
2316,egc,6.549300417960173
2317,egc,6.612158302005977
2318,egc,6.543256829238473
2319,egb,6.154718988812882
2320,egc,6.74027438186679
2321,egb,6.027977400648761
2322,ei,7.923670014439053
2323,nc,1.431686385851798
2324,egc,5.791548350985957
2325,egc,6.6720438373656155
2326,egc,5.6663423687350525
2327,egc,6.156418172725399
2328,egc,6.345467213712428
2329,egc,4.879425158448772
2330,egc,3.999817263991247
2331,egc,5.853321795111734
2332,egc,5.831531301259272
2333,egc,4.763398546048428
2334,egc,5.829392892666753
2335,egc,5.250769138854027
2336,egc,5.844267067618813
2337,egc,3.0953597400216637
2338,eea,1.0960984205690074
2339,egb,4.469518548493426
2340,eps,3.5360438575310402
2341,nc,1.7975350689160334
2342,ei,5.717593885296581
2343,eps,3.5229060961220635
2344,nc,1.794037684421263
2345,egc,3.735048528189963
2346,egc,5.69459136501418
2347,egc,4.614763913244629
2348,egc,4.497967738271318
2349,egc,4.61235452903535
2350,egc,4.812514318070238
2351,egc,4.65788339240748
2352,egc,4.535057602490098
2353,egc,4.441697894505495
2354,egc,4.242039660101996
2355,egc,3.2813992312289084
2356,egc,3.0286521036067686
2357,egc,4.209944650257157
2358,egc,4.179017782792989
2359,egc,2.318798968359683
2360,egc,2.445365314219973
2361,eea,2.6582397785871823
2362,egb,3.1519638165663677
2363,ei,6.082997758366127
2364,eps,4.399230835011227
2365,egc,5.736191628159089
2366,egc,5.770184828479357
2367,egc,5.904003892074059
2368,egc,5.762137334616692
2369,egc,5.879615397223736
2370,egc,5.799126531554496
2371,egc,5.881815589542089
2372,egc,4.619919209018563
2373,egc,4.712816064828628
2374,egc,4.140321354762329
2375,egc,3.5517890242350427
2376,egc,5.742551893526975
2377,eea,1.1146344656194092
2378,nc,1.8539723177706326
2379,egb,3.755961003615832
2380,nc,1.8605022263985158
2381,eea,0.7970687839876569
2382,egc,6.471063153155745
2383,nc,1.6243968968223281
2384,egc,5.72055436343741
2385,egb,6.0286605976184795
2386,egc,6.171401427266036
2387,egb,6.440111461620615
2388,egc,4.4074235244873785
2389,egc,6.554699436979364
2390,egc,6.521144798295431
2391,eea,0.9988305763005585
2392,ei,7.468672517657011
2393,eps,3.4432441617155405
2394,nc,1.6763094753539562
2395,egc,6.458580036434527
2396,eea,1.0408453213841484
2397,egc,6.726441557125816
2398,eps,3.20915155156862
2399,nc,1.6686938821659085
2400,egc,6.6063782989224835
2401,egc,6.647676373284298
2402,egc,4.647278019580713
2403,egc,5.57177335648133
2404,egc,4.778127632061869
2405,egc,6.27210310523196
2406,egc,6.387064018464211
2407,eea,0.4350647418633875
2408,egb,6.258795962710916
2409,egc,6.082748510538796
2410,ei,6.572311004663264
2411,eps,3.503107251412621
2412,nc,1.6525077716248044
2413,egb,4.964658918457529
2414,egc,5.249169678768566
2415,egc,5.98334952514014
2416,egc,4.944841552381747
2417,egc,4.2985268334979745
2418,egb,4.123380792934328
2419,egc,4.895160987374524
2420,egc,4.895712203830168
2421,egc,4.44515884637447
2422,egc,4.39472189807619
2423,eea,2.6003972265615323
2424,egc,4.457257438851936
2425,eps,3.88588952375141
2426,egc,4.19785607076249
2427,egc,4.31026307750923
2428,egc,4.576388776945576
2429,egc,4.390247508500103
2430,egc,4.225537703628881
2431,egc,3.212341102599831
2432,eea,2.484124432399025
2433,ei,5.87890253894233
2434,eps,4.710427507405973
2435,egc,6.38753753791214
2436,egc,6.4548137528508684
2437,egc,4.2437482465110765
2438,egc,6.635250460254777
2439,egc,6.474854486722041
2440,egc,6.638108027677212
2441,egc,6.502328148650485
2442,egb,5.259134974383098
2443,egc,6.004097079790079
2444,egc,6.602212337257629
2445,egc,6.219266709762756
2446,eea,0.789479197292948
2447,egb,4.746866592213952
2448,nc,1.7692721174444972
2449,eea,0.9729475304685127
2450,egb,6.2519013695732175
2451,ei,7.195386961496956
2452,eps,3.3990236923537935
2453,egc,4.026974950299138
2454,egc,4.82881087403273
2455,egc,5.335047281747705
2456,egc,4.638940266054485
2457,egc,6.603934803974253
2458,egc,6.396775373300538
2459,egc,6.472856657136567
2460,egb,6.379384414555674
2461,egb,6.2210444063512425
2462,egc,6.598237054565094
2463,egc,6.661981595832186
2464,egc,4.608710323223891
2465,egc,6.246390980515448
2466,egc,4.763365083758188
2467,egc,4.6007748474155825
2468,egc,5.945322810264711
2469,egc,6.102552484686004
2470,egc,3.6635050300148126
2471,egc,3.720603007045285
2472,egc,4.05427774891317
2473,egc,4.175757546246654
2474,egc,6.521949575722723
2475,egc,5.953083818318474
2476,ei,6.184767868396252
2477,nc,1.736492248935923
2478,egc,4.09906440723768
2479,egc,4.197274593366998
2480,egc,4.41092496058669
2481,egc,5.65905534747964
2482,egc,5.008877346432049
2483,egc,4.140769543817365
2484,egc,4.206311397971222
2485,egc,4.304807859601751
2486,egc,4.168239630515078
2487,egc,4.263187593858766
2488,egc,4.859272517518966
2489,egb,3.730763795991173
2490,ei,5.831437782577399
2491,eps,3.7841401770887604
2492,eea,1.638944981537817
2493,egb,3.5675116216234044
2494,nc,1.8833804436075665
2495,eea,1.6357012198482674
2496,egb,3.2338108842995372
2497,ei,5.436645749225324
2498,egb,3.084947772158567
2499,ei,6.006405443331544
2500,nc,1.9248583508502182
2501,eea,2.7520319659270966
2502,egb,2.783940952311867
2503,eps,4.393976737894671
2504,nc,1.9572999489313616
2505,egb,4.605460622761095
2506,egc,4.565679173290864
2507,eea,0.965045010585623
2508,egb,4.664984144005913
2509,eps,3.367866648503276
2510,nc,1.7513059927841481
2511,eea,0.9246192164309701
2512,egb,4.374247347276184
2513,egc,4.534619686381532
2514,egc,3.795273079545977
2515,egc,5.422407039856295
2516,eea,3.3145329352402984
2517,ei,6.259094874811282
2518,eps,5.426435732419459
2519,nc,1.9868999072003386
2520,egc,5.592580451575078
2521,egc,5.750134654129653
2522,egc,5.837531987212199
2523,eea,0.713466128881876
2524,egc,5.82378767864122
2525,eps,4.007783703082664
2526,nc,1.7281867887135491
2527,egc,4.902152830103178
2528,egb,5.97767473876427
2529,egc,6.028480714196009
2530,ei,8.034667016193461
2531,eps,4.328774928790421
2532,nc,1.6852017996807958
2533,eea,2.2648949819030832
2534,ei,5.82570348608888
2535,eps,4.574686319062405
2536,egb,2.3806148605586195
2537,ei,6.474773267977543
2538,eps,5.040656680090628
2539,egc,3.2819681836330807
2540,egc,3.7359664978895486
2541,ei,5.966858001755781
2542,egb,3.7408346712602247
2543,egc,4.609587417287162
2544,ei,5.985590299082316
2545,egb,2.802461333621646
2546,ei,5.756993628700418
2547,eea,2.8545205546880315
2548,egb,2.3527707806415616
2549,ei,5.646620685268881
2550,eps,5.3043621036227675
2551,egc,4.0046101295126455
2552,egc,4.221773476387081
2553,egc,3.699160595787391
2554,egc,3.667747169798511
2555,eea,1.1935468184441336
2556,ei,6.0942818768569325
2557,eea,2.3834821461487667
2558,ei,5.657510655912551
2559,eea,0.7096020441284503
2560,egb,6.475928295679543
2561,ei,6.4470160834040975
2562,eps,3.3109729518865416
2563,eea,0.6482902363803502
2564,egb,5.74611530955836
2565,ei,6.281726951542569
2566,eps,3.5681799181962686
2567,eea,0.5247195063508787
2568,egb,6.5881273293233935
2569,egc,5.931421378481737
2570,ei,5.6582005589729585
2571,egb,4.946208059780867
2572,egc,5.4936167563598
2573,eps,4.676016450385919
2574,eea,0.7968294976653574
2575,egb,6.809952528478628
2576,ei,6.416549801361009
2577,eps,3.4836972356139366
2578,nc,1.7092614457605975
2579,egb,4.374555887129837
2580,ei,5.9613804997436555
2581,eea,1.2097822568293388
2582,egb,3.8424993454142404
2583,eps,3.986948263841221
2584,eea,2.3011640382258705
2585,egb,3.542060559091561
2586,eps,4.323716908905904
2587,egc,4.526462467402519
2588,egc,3.9302263091456453
2589,eea,0.9887579815631473
2590,egb,5.564974118454847
2591,egc,5.389956002459707
2592,eps,3.7529177958965394
2593,nc,1.739740910824583
2594,egb,4.210539413424646
2595,eps,3.7643111415717243
2596,nc,1.8399815518955884
2597,ei,5.574694078406482
2598,nc,1.8538788433134388
2599,egb,3.2936855567574295
2600,eps,4.190886908308711
2601,nc,1.9416127491840163
2602,ei,4.912770912255598
2603,eps,4.377038325489141
2604,eps,4.470260211709859
2605,nc,1.9056101914175891
2606,egb,3.3181732089585934
2607,ei,5.796560386812928
2608,eps,4.7308191645982145
2609,nc,1.962647467421369
2610,egb,2.4521321269141554
2611,ei,5.524394815311729
2612,eps,4.8997413790783755
2613,nc,1.9996424431560118
2614,eea,1.009440476398191
2615,eps,4.223511564484305
2616,nc,1.8795363889999148
2617,eea,1.2058183264593552
2618,ei,4.801590169356823
2619,eps,4.587415121978225
2620,nc,1.9591510705057795
2621,eea,0.6269178631080978
2622,egb,4.05938012320655
2623,ei,5.283864488387151
2624,nc,1.8150890274928757
2625,eea,0.6589650724242437
2626,eps,3.974392474263288
2627,eea,0.7734945278059056
2628,egb,7.670891569144599
2629,egc,6.4858095545023335
2630,eps,3.4716922489555366
2631,egc,4.72394508043612
2632,egc,6.128801314627546
2633,eea,1.2555151127708977
2634,eps,3.9776600586246835
2635,eea,2.1648643614154306
2636,egc,5.657723585716103
2637,ei,7.496421175180915
2638,eps,4.084828100991509
2639,nc,1.7635130608520608
2640,egc,4.649100557706524
2641,egc,6.056053174003739
2642,egc,6.229495514986712
2643,egc,6.3444833476032905
2644,eea,0.5800803041783171
2645,egb,6.767286034485085
2646,ei,6.593436742596236
2647,eps,3.13075887001266
2648,egc,4.220460642315649
2649,eea,1.4865870378683146
2650,eps,4.1500506785022795
2651,nc,1.7775638953975776
2652,egc,5.751945076195764
2653,eea,1.5580254216587464
2654,egb,3.248091387435946
2655,egc,3.5751838386173587
2656,egc,3.8044204358926077
2657,eea,0.9024887291844828
2658,egb,4.440640651100699
2659,ei,5.985989517910423
2660,eps,3.5980420176666508
2661,nc,1.8090073640401438
2662,eea,0.9814771045804398
2663,ei,5.582713031257336
2664,eps,3.9134462974946507
2665,egc,5.971936827826279
2666,egc,3.620546272662209
2667,egc,4.795666148404242
2668,egc,3.805863894407087
2669,egc,4.895163744742016
2670,egc,4.518414365984305
2671,eps,3.6746413130860045
2672,eea,1.86492322938312
2673,egb,2.706437899283099
2674,ei,5.488992502803134
2675,nc,1.9827002995295877
2676,ei,5.4213844369541055
2677,nc,1.9694008741640243
2678,eea,2.0345707976914325
2679,egb,2.611931343837096
2680,eps,4.312490541871206
2681,nc,2.0447834070020017
2682,eea,2.0779634848745188
2683,ei,5.3979244874724435
2684,nc,2.0029964164189415
2685,eea,2.3335577128213494
2686,eps,4.99622683128356
2687,nc,2.111507378838156
2688,eea,2.7724929922299735
2689,egb,2.6852988910933577
2690,eps,4.307443069207269
2691,nc,1.9645126834872961
2692,eea,2.8636909093265794
2693,eps,4.568583623062267
2694,nc,2.0152129638436826
2695,egb,2.294760482306885
2696,ei,5.954171874049016
2697,eps,4.45948781530684
2698,eea,3.2272218700733983
2699,ei,5.695531404552531
2700,eps,4.937170351283961
2701,egc,4.479194815100264
2702,eea,1.2821948777891323
2703,ei,5.441307993527429
2704,nc,1.91947133445538
2705,eea,1.6442817396416107
2706,egb,3.097969555934057
2707,ei,5.20685223371606
2708,eps,4.232457107295001
2709,nc,1.9740334975917209
2710,egb,3.9000432701226875
2711,eea,1.5434105442820099
2712,nc,1.9266012114688513
2713,egb,3.195548198012925
2714,ei,5.4128012165467885
2715,eps,4.1291940144058215
2716,nc,1.9501545048282944
2717,eea,3.450149085325753
2718,egb,2.417008632227742
2719,eps,4.458751066681682
2720,nc,1.9512496126129006
2721,ei,6.326082233085636
2722,nc,2.012376692568077
2723,egb,4.011337035349559
2724,egc,4.5515456742742595
2725,nc,1.871590758426863
2726,eea,2.0649951857794355
2727,egb,4.345833715423059
2728,egc,4.814600663825706
2729,ei,6.719772822065435
2730,eps,3.8344322591232265
2731,nc,1.8037608522719901
2732,egb,3.589877152941933
2733,ei,6.82931574733157
2734,eps,4.19961720305058
2735,egb,3.457074240790734
2736,eps,4.025188671056948
2737,nc,1.8938535296217216
2738,egb,2.954137429384525
2739,ei,6.212500220765954
2740,eps,4.378866352806166
2741,eea,2.6701149067637684
2742,egb,2.7671024408424385
2743,ei,6.114061355158594
2744,eps,4.445596799769094
2745,nc,1.965514702724868
2746,eea,2.5150075460931736
2747,egb,3.5064573641333836
2748,nc,1.8832242622577184
2749,eea,2.7951333982333297
2750,ei,6.114536295434868
2751,eps,4.294173443088452
2752,eea,2.7026971777184152
2753,egb,2.734509829458312
2754,ei,6.004605572750076
2755,eps,4.380325977282581
2756,nc,1.9518294303486798
2757,eea,2.9508281520519635
2758,egb,2.451984826203785
2759,eps,4.411713495019578
2760,ei,5.981032033294653
2761,nc,2.0360487725829066
2762,ei,6.1453305373211515
2763,eps,3.230809510997939
2764,eea,2.3444462633591114
2765,egb,3.609784154029281
2766,ei,6.333913672762431
2767,nc,1.8510428106004773
2768,egb,3.248839212739758
2769,nc,1.8908570530057858
2770,egc,4.774127135814049
2771,egc,5.122236836707066
2772,egc,5.123005254271499
2773,egc,5.181155470777899
2774,egc,5.318808256622205
2775,egc,4.402009596989715
2776,egc,4.4542939639819155
2777,eea,1.109237390996426
2778,egb,4.79196015729977
2779,egc,4.57804098336808
2780,nc,1.7808371994040626
2781,eea,1.1419767224715007
2782,ei,6.409505834319266
2783,eps,3.4769861385998118
2784,nc,1.7544065493701173
2785,egc,5.39316268064764
2786,egc,5.200104847942793
2787,egc,5.407741303192604
2788,egc,5.989144483437148
2789,egc,5.0083560637709565
2790,egc,5.138427584533937
2791,egc,4.039038900426547
2792,egc,3.349968137435866
2793,eea,1.1284432529721833
2794,egb,4.229386393372126
2795,ei,6.122160944408403
2796,eps,3.3898332975290284
2797,egb,4.110923932149442
2798,eps,3.7347733161535306
2799,nc,1.8274090619893142
2800,eea,1.4816628605938138
2801,egb,3.591172019354676
2802,eps,3.4365436282237267
2803,nc,1.8449685075069704
2804,eea,2.4269491566138415
2805,egb,3.13980932616483
2806,eea,2.3991524388766683
2807,egb,3.0467699990116395
2808,eps,4.5568180314131626
2809,eea,1.1124790409478857
2810,ei,5.90481060200681
2811,eea,0.9175645593911315
2812,ei,5.59603638623448
2813,eps,3.858011345060806
2814,nc,1.8212523776015639
2815,eea,1.1898651350682137
2816,egb,4.024265414671396
2817,ei,5.347697435146723
2818,eea,1.0758098968713405
2819,ei,5.158101788637145
2820,eps,3.941336800294618
2821,egb,3.5083795853330098
2822,eea,2.4582522752165046
2823,egb,3.4007895071828704
2824,eps,4.0523350323963125
2825,nc,1.8751155320181399
2826,egc,3.5700945794581034
2827,eea,1.1884698701171996
2828,egb,3.980958652017643
2829,eps,3.8611271276941714
2830,nc,1.8434007159092902
2831,eea,1.2058258495263
2832,ei,5.568520276096416
2833,nc,1.868686847625109
2834,egc,4.958583290525404
2835,egc,4.279045634919964
2836,egc,3.55685323341166
2837,egc,3.532993218418934
2838,tg,67.98965978495102
2839,tg,46.669962239088804
2840,tg,75.08789733035266
2841,tg,63.83425701242078
2842,tg,206.80474482910574
2843,tg,59.71822400643529
2844,tg,119.90447172688118
2845,tg,130.87811295152062
2846,tg,102.98674198469297
2847,tg,127.09094983426594
2848,tg,52.21165682090397
2849,tg,129.65497904036633
2850,tg,101.92751057660314
2851,tg,72.40704643839004
2852,tg,64.43233410022846
2853,tg,100.5809364497054
2854,tg,127.23419198907922
2855,tg,148.14910245845982
2856,tg,99.92086205939452
2857,tg,58.233026551398936
2858,tg,169.62116113091218
2859,tg,39.556481427618294
2860,tg,17.66443956008939
2861,tg,115.08677375543829
2862,tg,126.91948910339067
2863,tg,109.76629837306749
2864,tg,122.89052935296365
2865,tg,120.03998007018747
2866,tg,134.7447943480729
2867,tg,127.00785810159599
2868,tg,110.78277189958615
2869,tg,129.14058221576582
2870,tg,111.79903082380947
2871,tg,108.7987769307354
2872,tg,125.35494732697794
2873,tg,102.60018472289033
2874,tg,100.73335935574426
2875,tg,110.65630286508349
2876,tg,-26.351167536138917
2877,tg,67.07477768442543
2878,tg,63.36118251009759
2879,tg,29.942864366159412
2880,tg,99.81417220311218
2881,tg,42.912646724410735
2882,tg,157.4412794227765
2883,tg,131.58228892641097
2884,tg,165.20119437260422
2885,tg,187.4449255062682
2886,tg,224.35916056296293
2887,tg,175.37912605317922
2888,tg,190.89843245329604
2889,tg,141.01764301454236
2890,tg,97.8403155669412
2891,tg,75.6213921334633
2892,tg,143.55823464230812
2893,tg,99.7864917585635
2894,tg,111.05742707056969
2895,tg,227.27156733159535
2896,tg,189.03215009498817
2897,tg,138.4091805657697
2898,tg,192.302123306253
2899,tg,220.1728225444047
2900,tg,129.50944616862782
2901,tg,196.1058124260237
2902,tg,134.9405913043945
2903,tg,227.6683344601762
2904,tg,202.46564899486597
2905,tg,209.0538028966484
2906,tg,222.20697917401577
2907,tg,215.24979386454999
2908,tg,214.1188332650184
2909,tg,324.1614407167111
2910,tg,279.9713944698723
2911,tg,236.23093352866687
2912,tg,242.7994480688759
2913,tg,90.46131318823873
2914,tg,158.26472306196342
2915,tg,151.22862832592432
2916,tg,179.7264808242396
2917,tg,126.587666807324
2918,tg,221.4421886182297
2919,tg,219.5174076251426
2920,tg,158.59920024854742
2921,tg,223.55394673845498
2922,tg,234.40042797423177
2923,tg,230.8213169049825
2924,tg,252.57146763669374
2925,tg,168.29093254550938
2926,tg,162.4658166141011
2927,tg,162.65049326966428
2928,tg,101.29102618102979
2929,tg,240.69255426734497
2930,tg,249.92211125734696
2931,tg,222.66880981668322
2932,tg,194.67178461222574
2933,tg,268.84955897987714
2934,tg,260.28762973067194
2935,tg,239.6650644896656
2936,tg,266.39286994004493
2937,tg,235.4022240043693
2938,tg,243.70423735842076
2939,tg,241.4670019264213
2940,tg,111.65722097674008
2941,tg,213.04288238719175
2942,tg,241.00532085505057
2943,tg,276.52174711261057
2944,tg,285.6970357342915
2945,tg,246.03734148853766
2946,tg,238.84236382963752
2947,tg,233.9949987166391
2948,tg,313.5316167558278
2949,tg,316.4907482969452
2950,tg,111.1480932888001
2951,tg,184.54529732885817
2952,tg,281.84916455408063
2953,tg,166.11276151797682
2954,tg,234.312356492845
2955,tg,238.01159282268475
2956,tg,170.50662645922682
2957,tg,153.40214232107056
2958,tg,333.4139861647138
2959,tg,326.92684491303703
2960,tg,316.9598559083546
2961,tg,369.2162951951634
2962,tg,318.9876134877046
2963,tg,315.5989001761193
2964,tg,344.9478840741575
2965,tg,239.042769857984
2966,tg,292.6480561050912
2967,tg,244.84633776801036
2968,tg,283.3972274754513
2969,tg,302.5569594218355
2970,tg,263.48093789770223
2971,tg,224.3894064804059
2972,tg,244.77058315775602
2973,tg,267.8741330196668
2974,tg,267.41159353911473
2975,tg,263.5960037466026
2976,tg,248.22750098065978
2977,tg,257.27790407265366
2978,tg,238.128460030246
2979,tg,230.3203506073652
2980,tg,223.50030266772032
2981,tg,238.36577115029075
2982,tg,227.97023436801788
2983,tg,233.87635616281642
2984,tg,287.61202956209115
2985,tg,239.8511636983229
2986,tg,243.53150852307303
2987,tg,218.76103208057373
2988,tg,257.70253048102927
2989,tg,236.04262976915746
2990,tg,215.80389699111294
2991,tg,252.47985196588397
2992,tg,244.49890315495787
2993,tg,239.61339736128798
2994,tg,215.70601233203934
2995,tg,210.68106707119858
2996,tg,238.03235722053367
2997,tg,233.38415604380873
2998,tg,312.9610867990217
2999,tg,297.0941604475064
3000,tg,314.51578288224835
3001,tg,294.0409420576329
3002,tg,294.1573345389045
3003,tg,282.3087646334965
3004,tg,263.81289513309093
3005,tg,252.76761413463277
3006,tg,272.2714120883426
3007,tg,262.9128140878438
3008,tg,255.3006755792059
3009,tg,269.7579509867437
3010,tg,142.08308772810344
3011,tg,141.3528412323232
3012,tg,165.87805488942544
3013,tg,187.33077334289797
3014,tg,214.59660300543956
3015,tg,280.5398174223242
3016,tg,302.23106307551507
3017,tg,273.0160950593655
3018,tg,203.43398657623032
3019,tg,230.3509867107997
3020,tg,256.47462817190353
3021,tg,251.95366014391468
3022,tg,285.6804788420512
3023,tg,301.4844681931337
3024,tg,297.4714052703113
3025,tg,297.3484706705819
3026,tg,189.2341428797002
3027,tg,195.63307608489316
3028,tg,209.9334512021394
3029,tg,240.94886744517697
3030,tg,190.43783739960176
3031,tg,95.57691491266011
3032,tg,149.26238194236302
3033,tg,132.75886226835172
3034,tg,113.12744829590164
3035,tg,143.5989826595792
3036,tg,70.62602297078006
3037,tg,99.76381219780617
3038,tg,118.20052299879686
3039,tg,141.28355476776582
3040,tg,113.76462852315987
3041,tg,88.10917773638528
3042,tg,101.56688767703713
3043,tg,99.83538206330144
3044,tg,106.81566963501538
3045,tg,130.02912757475104
3046,tg,115.64470070471819
3047,tg,94.25491274857859
3048,tg,86.94799723181015
3049,tg,163.50357153490748
3050,tg,137.23430006201093
3051,tg,100.95070595922273
3052,tg,128.33475059677127
3053,tg,119.40864612970223
3054,tg,212.9326808569857
3055,tg,207.7636138970758
3056,tg,220.32909853710987
3057,tg,214.24723046862914
3058,tg,266.5108361714823
3059,tg,219.13088287883926
3060,tg,193.58215446384628
3061,tg,205.14338490199626
3062,tg,178.35500632798278
3063,tg,176.18829051085137
3064,tg,186.6763241339649
3065,tg,174.85204980962914
3066,tg,175.51821435295773
3067,tg,166.42253017664757
3068,tg,146.84797402559357
3069,tg,161.08736591747083
3070,tg,126.01083046942989
3071,tg,110.97005142086779
3072,tg,71.76647159300555
3073,tg,61.48663796341921
3074,tg,113.18944884995477
3075,tg,209.80297300657384
3076,tg,216.5201939312525
3077,tg,226.14777965120794
3078,tg,212.2561048507833
3079,tg,226.0678305415447
3080,tg,259.07683057417466
3081,tg,170.76370049974227
3082,tg,161.96831646870854
3083,tg,146.49415214914856
3084,tg,174.10113686894158
3085,tg,134.90726210473102
3086,tg,134.65425494028972
3087,tg,132.65429323551083
3088,tg,110.69311691338376
3089,tg,198.74170738866292
3090,tg,181.13780306488079
3091,tg,158.2061057456118
3092,tg,289.25086275129
3093,tg,270.25444965475805
3094,tg,271.82418090485805
3095,tg,274.6589341580774
3096,tg,301.38673960845665
3097,tg,305.9075775744484
3098,tg,277.7868861715274
3099,tg,246.6608717091924
3100,tg,220.32287507054508
3101,tg,191.58518255922746
3102,tg,193.38350102091175
3103,tg,255.96309433701586
3104,tg,269.6921916409722
3105,tg,269.55216689481404
3106,tg,276.27945461807406
3107,tg,240.13852267488045
3108,tg,290.40883072453494
3109,tg,261.944866692471
3110,tg,256.910127763243
3111,tg,225.4061921557178
3112,tg,267.49422192591976
3113,tg,223.53919120487552
3114,tg,267.44019417229345
3115,tg,223.2323814566405
3116,tg,224.52791600429697
3117,tg,273.09878847716914
3118,tg,268.07263363975466
3119,tg,248.9569927104127
3120,tg,256.9252409673147
3121,tg,211.03971302840756
3122,tg,208.58009109053907
3123,tg,241.81849447378562
3124,tg,242.18379310215008
3125,tg,209.50914344565683
3126,tg,233.19230809487635
3127,tg,235.49872350317298
3128,tg,139.83057082432342
3129,tg,116.67374147171385
3130,tg,107.63001706327492
3131,tg,101.06754065128467
3132,tg,209.4480858410832
3133,tg,196.75626222854368
3134,tg,299.51954356461863
3135,tg,135.0246755726804
3136,tg,291.21319914606124
3137,tg,180.0832278762898
3138,tg,187.94323203604324
3139,tg,225.61937677528667
3140,tg,167.6710082937263
3141,tg,183.80635659501053
3142,tg,201.69408220902707
3143,tg,246.7151270713138
3144,tg,301.04202329114514
3145,tg,275.46844002849207
3146,tg,254.08420571963183
3147,tg,238.56652834602963
3148,tg,262.1351343881377
3149,tg,263.9549878650042
3150,tg,223.54799640208424
3151,tg,153.15727297321496
3152,tg,140.6252520657227
3153,tg,140.53670138716507
3154,tg,250.7194173124267
3155,tg,247.7113889634715
3156,tg,277.7358888624352
3157,tg,174.3565656251928
3158,tg,237.14912570702052
3159,tg,230.30484071420216
3160,tg,258.9859432505491
3161,tg,222.43592730764226
3162,tg,253.15711079757153
3163,tg,258.99642624752136
3164,tg,285.80390767736986
3165,tg,267.2940435060683
3166,tg,261.54532924335035
3167,tg,244.27636707779212
3168,tg,265.0645987876996
3169,tg,254.42009082733523
3170,tg,248.7620557890474
3171,tg,243.07523803078482
3172,tg,225.98919505805293
3173,tg,225.92904788745955
3174,tg,245.0363843582819
3175,tg,230.73216590901916
3176,tg,243.03767612600078
3177,tg,292.11114717455473
3178,tg,255.60848030171928
3179,tg,207.25494792922578
3180,tg,293.3708496419896
3181,tg,272.4885375864259
3182,tg,286.8492289548618
3183,tg,231.82829590570742
3184,tg,305.2365096938263
3185,tg,245.5235900965981
3186,tg,262.60588078071146
3187,tg,230.02826387721035
3188,tg,256.688892306049
3189,tg,243.45359488366557
3190,tg,237.48749499886998
3191,tg,254.37144764039195
3192,tg,257.33409085543303
3193,tg,230.3637132772232
3194,tg,254.23161798722953
3195,tg,245.52512482816476
3196,tg,230.72574734945857
3197,tg,226.4012899930008
3198,tg,225.76747186836954
3199,tg,218.97923709323356
3200,tg,242.58238760179123
3201,tg,225.56889321108335
3202,tg,232.89667717529846
3203,tg,245.67540496280014
3204,tg,265.9589050802722
3205,tg,237.73186198226148
3206,tg,247.09518123325768
3207,tg,239.13357914441133
3208,tg,226.1758340239985
3209,tg,237.3694962519333
3210,tg,232.30891400386673
3211,tg,211.33236552825014
3212,tg,236.69259509073794
3213,tg,223.90251289088292
3214,tg,243.2397144324118
3215,tg,245.7606931174474
3216,tg,251.5110591675295
3217,tg,233.641008978929
3218,tg,251.87586356030468
3219,tg,280.3944211156827
3220,tg,296.1719688627396
3221,tg,228.29114283674664
3222,tg,245.64598493903927
3223,tg,270.4733309898032
3224,tg,271.72513869400956
3225,tg,252.85286977378072
3226,tg,269.05477079901925
3227,tg,225.71025759581244
3228,tg,223.29899921159333
3229,tg,281.5166610583037
3230,tg,270.1561878158926
3231,tg,237.8455166584925
3232,tg,287.43000779704533
3233,tg,260.1795742234193
3234,tg,261.43999203183864
3235,tg,264.70627798548355
3236,tg,253.41289072121512
3237,tg,225.87523473612856
3238,tg,247.37831969800695
3239,tg,237.2325669813079
3240,tg,240.39058282540483
3241,tg,210.1046908276195
3242,tg,239.2105238219398
3243,tg,249.62945225440455
3244,tg,266.31586023151783
3245,tg,224.97435380959882
3246,tg,225.0810306596814
3247,tg,201.1604833563187
3248,tg,213.67549743834917
3249,tg,251.3126691001392
3250,tg,264.64033655291604
3251,tg,226.8818755756608
3252,tg,249.30348437398567
3253,tg,211.7934027927348
3254,tg,209.2280014325642
3255,tg,206.44873913043944
3256,tg,213.80187217790387
3257,tg,228.76527084124695
3258,tg,224.5804935666548
3259,tg,237.09564421378235
3260,tg,233.65376155775198
3261,tg,219.5724043406479
3262,tg,218.8032632110563
3263,tg,234.59195076817124
3264,tg,287.9541966642581
3265,tg,267.0937610366192
3266,tg,278.3433564264389
3267,tg,272.1608073659453
3268,tg,83.02907318254277
3269,tg,83.80137481866569
3270,tg,121.80206163368395
3271,tg,293.9778359766038
3272,tg,278.41871434760185
3273,tg,249.42077428303776
3274,tg,92.92263568672027
3275,tg,287.5925332687147
3276,tg,283.92540924597733
3277,tg,299.41323088812817
3278,tg,289.4913994088647
3279,tg,266.8761152905472
3280,tg,267.15464305749657
3281,tg,252.97117416641072
3282,tg,269.0049180355022
3283,tg,290.2989283369224
3284,tg,279.82664847321666
3285,tg,268.0737781853298
3286,tg,220.24195049590304
3287,tg,242.48943229241053
3288,tg,205.41531852568892
3289,tg,228.8335859052629
3290,tg,254.97535150567307
3291,tg,230.68365928717287
3292,tg,226.29434651582397
3293,tg,252.2564704857366
3294,tg,249.12436299147683
3295,tg,245.2776623692405
3296,tg,257.00143128525957
3297,tg,209.2827575333747
3298,tg,74.06869250189332
3299,tg,89.46150385510806
3300,tg,105.0046408646572
3301,tg,64.91596963672222
3302,tg,114.3547035465914
3303,tg,218.8102930620036
3304,tg,331.1258834856193
3305,tg,302.9393546997285
3306,tg,301.9405826110253
3307,tg,311.29976589051137
3308,tg,295.7494884773173
3309,tg,311.9572943172276
3310,tg,300.2621585498865
3311,tg,293.9245885949605
3312,tg,217.3212587780506
3313,tg,146.60431140920554
3314,tg,111.77184461485005
3315,tg,85.94187664026657
3316,tg,56.614287940763546
3317,tg,378.395602732557
3318,tg,287.3565487810411
3319,tg,273.8138563314354
3320,tg,232.74435506730742
3321,tg,174.61947294628152
3322,tg,179.12444660016786
3323,tg,153.5681404480645
3324,tg,146.18251303638095
3325,tg,283.20143214490463
3326,tg,290.18929907950394
3327,tg,252.40051414760745
3328,tg,275.37765675446417
3329,tg,260.19349085711696
3330,tg,255.42528797869886
3331,tg,278.5916707914447
3332,tg,155.60491294959374
3333,tg,156.13531146428414
3334,tg,172.688266890534
3335,tg,182.7802064559021
3336,tg,220.577256827719
3337,tg,258.1566549503641
3338,tg,258.2518343198965
3339,tg,268.92108007212346
3340,tg,298.9512376679643
3341,tg,263.1031338083094
3342,tg,295.50018564113304
3343,tg,281.49232645863236
3344,tg,287.7913980623947
3345,tg,335.5388610373541
3346,tg,141.03914957866266
3347,tg,272.4447587181769
3348,tg,264.9847407214344
3349,tg,250.38721295924336
3350,tg,262.21267735085326
3351,tg,263.9351534104351
3352,tg,283.09649812558416
3353,tg,277.6000261001866
3354,tg,277.9814068945017
3355,tg,254.62095857577168
3356,tg,250.4245342493326
3357,tg,247.22136087981664
3358,tg,255.38435746818803
3359,tg,249.44746950795783
3360,tg,237.27317883992566
3361,tg,293.35228979499277
3362,tg,217.7227926788279
3363,tg,295.94084869376036
3364,tg,286.30410010610393
3365,tg,175.25225382648534
3366,tg,134.89865118763058
3367,tg,138.666515543167
3368,tg,119.85338662594093
3369,tg,97.45459395347041
3370,tg,105.65741552537668
3371,tg,305.97479361458824
3372,tg,268.3988811534674
3373,egc,3.460269099606836
3374,tg,177.19555239642014
3375,tg,212.51949340126157
3376,tg,208.498984429101
3377,tg,230.92499582603023
3378,tg,179.0723437640997
3379,tg,59.05736599259143
3380,tg,153.01479330686013
3381,tg,83.43453495563475
3382,tg,68.99965622401038
3383,egc,3.4714808362390843
3384,tg,137.22105202826748
3385,tg,144.2476993859868
3386,tg,82.88516608576893
3387,tg,93.22040612615166
3388,tg,64.16220183519668
3389,tg,62.249230471453046
3390,tg,134.07720562587522
3391,tg,164.27683562980948
3392,tg,156.74128737975775
3393,egc,3.2787138357020678
3394,egc,3.0079333377428465
3395,egc,3.071535617541374
3396,egc,2.149299569420018
3397,egc,1.436453335128014
3398,egc,2.247492323378581
3399,egc,2.7095409356002484
3400,egc,3.226777931026654
3401,egc,3.2679381370138745
3402,tg,153.42116876548224
3403,tg,197.5736401013374
3404,tg,227.96833546285916
3405,tg,223.2048863504378
3406,egc,4.98813983981619
3407,tg,-50.32375264457119
3408,tg,-69.9121429212434
3409,tg,-36.64087937441067
3410,tg,43.682353623690034
3411,egc,4.378134065962967
3412,tg,-37.6826499593798
3413,tg,-53.60538591388274
3414,tg,-59.965248495124456
3415,tg,-86.04101413506837
3416,tg,-86.55312024274363
3417,tg,-50.51247260247155
3418,tg,-75.01940442009595
3419,tg,-71.37247902551982
3420,tg,14.123423649812537
3421,tg,36.99244571841804
3422,tg,71.51512028036578
3423,tg,78.52414179880552
3424,tg,26.465422760101504
3425,tg,41.92840906389179
3426,tg,101.35365103266938
3427,tg,20.098315725617155
3428,tg,42.37690184874897
3429,tg,37.44647914435487
3430,egc,2.3292162092739312
3431,tg,189.10497831030608
3432,tg,97.31588608503364
3433,tg,162.59998857038642
3434,tg,103.42382833239793
3435,tg,104.02728348378879
3436,tg,79.61403532272925
3437,egb,0.8246194329334879
3438,ei,6.989605804731854
3439,nc,2.331210018075146
3440,egc,2.6495318327889397
3441,eea,3.7442037309348173
3442,egb,2.4124136520216046
3443,eps,6.346637658798714
3444,nc,2.098144572991296
3445,eea,3.5098596676672686
3446,egb,1.735903474118878
3447,ei,6.437934845856332
3448,eps,6.008603901523386
3449,nc,2.1860300547247946
3450,eea,4.095498357303972
3451,egb,1.6182681125765086
3452,ei,6.219756864749639
3453,eps,6.296068121286254
3454,tg,49.69398821369647
3455,tg,61.01833673639233
3456,tg,61.83141931172936
3457,tg,64.86598030810816
3458,tg,62.809888722673605
3459,tg,46.10246272681687
3460,egc,4.086999943024807
3461,egc,3.5576982964453587
3462,egc,4.598762471548213
3463,tg,64.20045957166559
3464,tg,108.35882596754266
3465,egc,3.7837753711902904
3466,egc,3.637430708720978
3467,tg,68.95319157551975
3468,tg,84.52081275603702
3469,tg,64.08178450234362
3470,tg,97.57596130613389
3471,tg,88.18802131907252
3472,tg,84.59241188548162
3473,tg,55.154309506979345
3474,tg,84.30416848734328
3475,tg,140.3044122859862
3476,tg,110.97557905574772
3477,tg,129.63159714482427
3478,tg,53.00580236945238
3479,tg,73.47499850339042
3480,tg,74.15466348202574
3481,tg,82.27394623314675
3482,tg,89.35816309525299
3483,tg,57.96022801542506
3484,tg,43.53381631981678
3485,tg,50.95411988572204
3486,tg,66.00294326880939
3487,tg,68.19365552441951
3488,tg,49.87479389906875
3489,tg,65.21716720977916
3490,tg,128.963897869929
3491,tg,102.21825441663718
3492,tg,36.63387779840738
3493,tg,77.06359109223374
3494,tg,47.04429367315703
3495,tg,35.6634657281881
3496,tg,65.05157877807632
3497,tg,15.635446391766166
3498,tg,43.92929583462559
3499,tg,17.128454069732854
3500,tg,89.76467186742221
3501,tg,103.7596419060029
3502,tg,41.56255116893949
3503,tg,43.581210911587206
3504,tg,60.80601702910465
3505,tg,86.2437245233094
3506,tg,17.53268675695152
3507,tg,77.13197118724828
3508,tg,40.86325333183068
3509,tg,45.884908024142916
3510,tg,34.04885658596301
3511,tg,53.96396259953781
3512,tg,70.11738951842933
3513,tg,36.96046997641267
3514,tg,49.97834275811931
3515,tg,15.277385713544476
3516,tg,49.32593877409178
3517,tg,49.748139526220115
3518,tg,26.01315817732626
3519,tg,46.875876393015645
3520,tg,36.66461144833974
3521,tg,50.61895011900309
3522,tg,44.79156135419419
3523,tg,24.5235321112861
3524,tg,43.877485638051084
3525,tg,69.27579735331165
3526,tg,43.132965244524655
3527,tg,47.89162157235013
3528,tg,21.036517942236145
3529,tg,49.622122457157644
3530,tg,89.89161237666461
3531,tg,52.79043921143081
3532,tg,44.283877354422856
3533,tg,47.887459588440535
3534,tg,50.51884790287765
3535,tg,55.15494681076551
3536,tg,84.17003554965711
3537,tg,86.53316449182175
3538,tg,78.30274376411505
3539,tg,47.732672805603045
3540,egb,4.844748651348549
3541,ei,7.563269498859295
3542,eea,2.993156820200964
3543,ei,6.119399818673992
3544,eps,5.663920798194605
3545,egc,5.0719495573815445
3546,eea,3.9777805733576184
3547,ei,6.025836755881216
3548,eps,8.158473443569985
3549,egc,3.4834577189828093
3550,egc,3.811537154654115
3551,tg,49.65341537367786
3552,tg,26.84326586809344
3553,tg,62.01952147514312
3554,egc,4.410048351399482
3555,tg,85.29372568354665
3556,tg,74.1600740611082
3557,eea,1.850562651466665
3558,egb,4.673094262841461
3559,egc,5.157729203712158
3560,ei,6.134661973508202
3561,eps,4.788715939386036
3562,nc,1.8329398632471932
3563,egb,3.515242277075868
3564,nc,1.9461710094781028
3565,egb,3.462780403777587
3566,ei,5.603101432954046
3567,eps,5.243786367411235
3568,nc,1.9721885172512512
3569,ei,7.057991837076989
3570,nc,1.7503632774132782
3571,eea,3.3043185240917943
3572,eps,5.680060360527068
3573,egc,5.3575316975072775
3574,egc,4.475187156707221
3575,nc,1.877260255796088
3576,egb,3.432518834980196
3577,ei,5.976700604188105
3578,eps,4.604869493370078
3579,nc,1.953710428385996
3580,tg,111.97334316397281
3581,tg,153.8313940592207
3582,tg,117.96090327830223
3583,tg,118.79467221428988
3584,tg,114.20639059966328
3585,tg,108.80736752564879
3586,tg,108.88483895426583
3587,tg,92.0539743684406
3588,tg,103.05240378396655
3589,tg,98.59114721888054
3590,tg,180.77651684912917
3591,tg,132.5006997714974
3592,tg,168.11969617157922
3593,tg,122.51434778698561
3594,tg,126.15399296126989
3595,tg,114.2481600100559
3596,tg,154.2490491445478
3597,tg,156.89250558654777
3598,tg,121.01094490389474
3599,tg,115.84416703513509
3600,tg,119.1882869652142
3601,tg,163.49299424298724
3602,tg,105.8615803454415
3603,tg,169.85225366171707
3604,tg,152.53441257184565
3605,eea,2.3265377344804543
3606,egb,3.136577437720474
3607,nc,2.0132708253581324
3608,egb,2.5950647638576045
3609,ei,5.966326094859425
3610,nc,2.1650465476426843
3611,eea,2.508918200829677
3612,ei,5.661769406159515
3613,eps,5.231990108128877
3614,eea,3.309994546118076
3615,ei,7.062176629016863
3616,nc,2.1153254336258756
3617,ei,6.458742188596372
3618,eps,5.595286333391111
3619,nc,2.2129132861607754
3620,egb,1.8313571648771205
3621,nc,2.327194475517408
3622,eea,2.3711969530808465
3623,ei,4.909905449137323
3624,nc,2.0651716090719745
3625,ei,6.501550785836365
3626,eps,4.228200594665862
3627,egb,3.4326771626052346
3628,ei,6.339030528070651
3629,eps,4.786727079181474
3630,nc,1.937645017386774
3631,tg,105.06751933719127
3632,tg,121.9967465599297
3633,tg,98.8711544410478
3634,tg,125.4244362005184
3635,tg,110.60165731697059
3636,tg,114.88861129654308
3637,tg,123.53381436521427
3638,tg,103.54904226862786
3639,tg,92.92161795159238
3640,tg,178.9203988359005
3641,tg,116.23339219365477
3642,tg,108.00599053005747
3643,tg,95.95451415440735
3644,tg,92.94043467103361
3645,eea,4.083411296412532
3646,egc,3.0697966066197986
3647,eps,5.612705386061809
3648,nc,2.0338021299318187
3649,egc,2.946368892725946
3650,eea,3.927272549660519
3651,egb,1.8116757143170612
3652,ei,6.217928939941135
3653,nc,2.2379616621355636
3654,egc,2.219449989456218
3655,egc,3.183845438767786
3656,tg,14.014964950368636
3657,tg,45.345007667671425
3658,egc,3.852045219861984
3659,nc,2.026265872856028
3660,egb,2.7416694223527784
3661,eps,5.504409133429356
3662,egb,3.182192422554672
3663,ei,5.90505619351601
3664,eps,4.709949850357754
3665,nc,2.0535565552550206
3666,eea,1.482417806960914
3667,eps,4.6730937536167785
3668,eea,3.979994730744764
3669,ei,7.096148019916452
3670,eps,6.579650963875893
3671,egb,1.2707028285657747
3672,eps,6.848794123535139
3673,eea,2.803702336463087
3674,egb,2.778086545135314
3675,ei,6.122079184592125
3676,eps,4.779075192914088
3677,nc,2.0224115004140195
3678,egb,2.2504844125766414
3679,ei,5.765286820202207
3680,eps,5.520929308599669
3681,egc,3.8334004149673375
3682,egc,5.769987232720786
3683,egc,5.072954734669941
3684,tg,158.8481356595897
3685,tg,3.0489437329886755
3686,tg,13.721376004146407
3687,tg,15.419751575651816
3688,tg,-10.644555602341029
3689,tg,-4.525502808868083
3690,tg,48.7717771196301
3691,tg,33.44187025134886
3692,tg,81.28161221330369
3693,egc,5.597820384510499
3694,egc,5.61905407706977
3695,egc,5.370105106330094
3696,egc,3.218336928108367
3697,egc,5.577304635670046
3698,egb,5.9591285297078365
3699,egc,5.5528142584276505
3700,egc,5.653832986920099
3701,egc,5.604136999348938
3702,egc,5.598538702109655
3703,egc,5.653076253116224
3704,egc,5.7929254457404635
3705,egc,5.460604898456388
3706,egc,5.532906158606342
3707,egc,5.4679805293518795
3708,egc,2.4795658311875974
3709,egc,2.9816545973742743
3710,egc,2.8042205229638997
3711,egc,2.4625294127714787
3712,egc,3.4520830830789846
3713,egc,3.2155865708728197
3714,egc,3.7756060390725175
3715,egc,2.41972590922918
3716,egc,2.59909406662742
3717,egc,3.2658621664377825
3718,egc,3.3214677066295124
3719,egc,3.716539862473348
3720,egc,3.2083625484543403
3721,egc,6.038604645985189
3722,egc,5.959080204647517
3723,egc,5.880609545042166
3724,egc,5.915750931880071
3725,egc,5.821903228268209
3726,egc,5.073060449335477
3727,tg,40.26727674527736
3728,egc,5.965409624887528
3729,egc,5.066744862667968
3730,egc,5.929459347938614
3731,egc,6.0593006051485006
3732,egc,6.013313043178711
3733,egc,5.842121555299875
3734,egc,6.112161957130258
3735,egc,5.854015997429097
3736,egc,6.08188886617192
3737,egc,5.79459799943198
3738,egc,5.227617533631503
3739,egc,5.857154816335704
3740,egc,5.906106221213972
3741,egc,5.804502369992738
3742,egc,5.3218829550508655
3743,egc,4.558246128395987
3744,egc,4.849397776974985
3745,egc,5.000846864124758
3746,egc,4.605864316882528
3747,egc,4.390366227191142
3748,egc,4.77818200828351
3749,egc,4.854006319489808
3750,ei,9.201812484617461
3751,eps,3.5274447591280014
3752,nc,1.5620165823946661
3753,eea,1.196255848454259
3754,egb,6.964203851072297
3755,egc,2.7372336914066917
3756,egc,2.8724166704739886
3757,egc,2.651820728217456
3758,egc,1.8631276330612754
3759,egc,2.9484285995073405
3760,egc,3.037316032676518
3761,egc,6.6834630775853885
3762,egc,5.537800065289054
3763,egc,6.028597084451175
3764,tg,184.59032804382997
3765,tg,74.01571825044411
3766,tg,100.99378249268696
3767,tg,91.55299181307369
3768,tg,82.46938389320117
3769,tg,63.44159984295065
3770,tg,72.93802454185536
3771,egc,5.765499920905522
3772,egc,5.681216076336691
3773,egb,5.85149923819805
3774,egc,5.615307702614104
3775,egc,5.5430486909423315
3776,eea,1.4019336610792321
3777,egb,8.247175112294356
3778,eps,3.475718907164012
3779,nc,1.6025566270867044
3780,eea,1.4244171385457909
3781,egb,5.073454291451535
3782,eps,4.427092320728302
3783,nc,1.7929743966834497
3784,eea,1.5762542088170834
3785,eps,4.587259225458897
3786,nc,1.7543103524921615
3787,egc,4.0658475694390255
3788,egc,5.0988131868036906
3789,egb,4.901184754421394
3790,egc,5.189463699441195
3791,egc,5.817388623188278
3792,tg,140.5085275199146
3793,egc,5.4483461099379005
3794,egc,5.63601085897392
3795,egc,5.450147465405817
3796,egc,5.6112022160939015
3797,tg,161.6913413168504
3798,tg,128.90915314954327
3799,tg,162.4567903114972
3800,tg,223.91021256111566
3801,tg,196.0631520909504
3802,tg,237.91301883502612
3803,tg,260.6819516937059
3804,tg,246.83566202719535
3805,tg,222.7693932621982
3806,tg,204.29699344918282
3807,tg,278.7341146907503
3808,egc,4.318972269467384
3809,egc,4.389251981997928
3810,egc,4.618206200306111
3811,egc,4.172616577528104
3812,egc,4.103331223123679
3813,egc,4.3892975953991495
3814,egc,4.989164131736862
3815,egc,2.17885163214675
3816,egb,5.19525582184463
3817,ei,6.984239677064879
3818,eps,4.7694933935049155
3819,nc,1.789707800497193
3820,eea,1.8561181394422905
3821,egb,6.443374249013024
3822,eea,2.2151141591392367
3823,egc,5.2391366933715755
3824,ei,6.64892382206399
3825,nc,1.856403474593829
3826,egb,8.300927960153144
3827,ei,8.654879257446936
3828,eps,3.8936496046138274
3829,nc,1.6435782034592932
3830,egb,4.081292578060653
3831,eps,4.029780803743721
3832,nc,1.8400611827028766
3833,egc,3.7433311927851562
3834,egc,3.0862685591957995
3835,egc,3.450741320016409
3836,egc,3.4995871971693098
3837,egc,3.5197300003727245
3838,egc,3.514078238245125
3839,egc,2.9439433440339347
3840,egc,3.523292145291899
3841,egc,3.74319453952166
3842,tg,262.2367908451294
3843,tg,156.6091647128154
3844,tg,139.03503239307403
3845,tg,134.66788706336857
3846,tg,156.64246790007945
3847,tg,93.79350480740197
3848,tg,244.64017649628892
3849,tg,230.6670958918327
3850,tg,164.32266297451395
3851,tg,166.64831780374266
3852,tg,137.68990114145745
3853,tg,196.19579581876894
3854,tg,152.19665375849544
3855,tg,149.97804320449137
3856,tg,168.6032114007256
3857,tg,135.17406153108521
3858,tg,121.31602320179239
3859,tg,237.0185954866561
3860,tg,241.71881495915102
3861,tg,226.17899453052985
3862,tg,179.7966817872146
3863,tg,224.05925060367804
3864,tg,154.447213229218
3865,tg,127.77627738710325
3866,tg,231.29436539490624
3867,tg,261.9435140477004
3868,tg,257.9928158525233
3869,tg,190.17002999276946
3870,tg,264.56820416928304
3871,tg,150.3609229633239
3872,egc,3.8894901769316674
3873,egc,3.494916777458567
3874,egc,3.4285568497579035
3875,egc,3.5658116867175758
3876,egc,3.887557122114731
3877,egc,3.390179809005879
3878,egc,3.6589621969693726
3879,egc,3.5058940911189636
3880,egc,3.1461239971882384
3881,egc,3.4001036213442073
3882,egc,3.3705227698314584
3883,egc,3.2417618398578822
3884,egc,3.4643441148795002
3885,egc,3.8762385959109746
3886,tg,217.22200196490678
3887,tg,253.53171536183385
3888,tg,249.2215583219654
3889,tg,232.29086139865888
3890,tg,242.59880142583467
3891,tg,277.79550928194004
3892,tg,190.46107622694694
3893,tg,214.36387006769533
3894,tg,201.33073451062026
3895,tg,174.8735035360631
3896,tg,203.89733244116485
3897,tg,191.82553062690624
3898,tg,142.01287294604126
3899,tg,187.2154961432522
3900,tg,184.33208994843977
3901,tg,202.38308563905954
3902,tg,229.52950863354505
3903,tg,224.95217823908052
3904,tg,204.67375053949834
3905,tg,285.9492779716119
3906,tg,267.83372275714464
3907,tg,172.32132948100517
3908,tg,243.09648365802326
3909,tg,251.6124294881274
3910,tg,224.0744158325486
3911,tg,232.93917493287526
3912,tg,199.43043118540143
3913,tg,133.40846991944
3914,tg,211.8108311003562
3915,tg,194.13950263723876
3916,tg,149.9718258345827
3917,tg,194.04245037494707
3918,tg,195.912735391218
3919,tg,226.51558847611784
3920,tg,275.45164902465683
3921,tg,238.90475456968218
3922,tg,194.36462044504842
3923,tg,254.57720571992218
3924,tg,241.32715276395928
3925,tg,232.38508481251202
3926,eea,1.7464248612494186
3927,egc,3.7534227839251093
3928,ei,5.534230209149564
3929,nc,2.077133883800856
3930,egc,3.63051635269235
3931,egc,3.6576381932228466
3932,egc,3.8508937151563485
3933,egc,3.450664581077059
3934,egc,3.9534695150509496
3935,egc,3.7467792107311926
3936,egc,3.956653994093821
3937,egc,3.636472920765408
3938,egc,3.414446325395968
3939,eea,1.7828750774786863
3940,egb,2.633873017066695
3941,ei,5.191456797898903
3942,eps,4.63684609864412
3943,egb,2.3014186159375427
3944,eps,6.143513514066973
3945,eea,1.8067235956448493
3946,eps,5.409136921323713
3947,eea,1.9210986301786952
3948,egb,2.0629858218788564
3949,nc,2.417556447993029
3950,egb,1.6799145802483761
3951,ei,4.490385096939996
3952,egb,1.4647177951249093
3953,ei,4.397395226630192
3954,eps,6.452168420414202
3955,nc,2.584967081829512
3956,ei,5.647789788229579
3957,nc,2.3102094046481443
3958,eea,2.77308912929354
3959,ei,5.436785240209584
3960,eps,5.484032685753036
3961,nc,2.349150770896641
3962,eea,2.9267350682182767
3963,egb,1.7966260396570028
3964,eps,6.488024797140875
3965,eea,2.952484084673436
3966,egb,1.696626901357439
3967,eps,6.253276857369081
3968,nc,2.3230553013776443
3969,eea,3.044455227869982
3970,nc,2.4895038541697954
3971,eps,8.042969282340133
3972,nc,2.92540899766205
3973,egc,2.047372311706516
3974,egc,3.9557976679149434
3975,egb,2.3860398667051808
3976,egc,3.212060224995997
3977,egc,3.2261007402646644
3978,egc,3.516201037333537
3979,egc,3.551398599692209
3980,egc,3.0853172206760577
3981,egc,3.056540959650431
3982,eps,4.241346148302716
3983,egb,2.9266200291854227
3984,egc,3.424353032708838
3985,egc,3.441005569488036
3986,egc,3.5490279179397812
3987,eea,3.3583445714628546
3988,ei,6.074075453163514
3989,eps,6.224233430877832
3990,nc,2.2399647463601307
3991,egb,3.4226035748331096
3992,nc,1.9176898635252828
3993,eea,2.399973162585675
3994,ei,6.1836675903496
3995,eea,2.625310489671749
3996,eps,5.613418554231684
3997,nc,2.1815524303585483
3998,eea,2.9448138559804233
3999,egb,2.252513364875455
4000,ei,5.850308291440687
4001,eps,6.329768756978269
4002,nc,2.240832244332628
4003,egc,3.528306628383578
4004,egb,2.3187467931791566
4005,ei,5.602840800135133
4006,eps,5.241008291457195
4007,nc,2.1135992785318085
4008,eea,2.8488952143759048
4009,egb,1.8918641453883778
4010,eps,6.060003653641207
4011,ei,5.541494662443945
4012,eps,7.014564479649103
4013,egc,3.661845001314615
4014,egc,1.8508215486800448
4015,egc,4.583117279394995
4016,egc,3.63956855649299
4017,egc,3.6217079188720094
4018,egc,3.4318923297222366
4019,egc,3.7137394052725243
4020,eea,2.59351104662617
4021,egb,2.624548492915003
4022,eps,5.917198655859917
4023,nc,2.18930139409774
4024,egc,3.184056026868098
4025,egc,3.100630050734538
4026,egc,3.988335585755047
4027,egc,4.353486472038491
4028,egc,4.212042843345832
4029,egc,4.3796767663396325
4030,egc,4.245059070975692
4031,eea,0.8737995793819966
4032,egb,3.202524991787235
4033,eps,4.484172623270805
4034,nc,1.891490078981883
4035,eea,1.5583789398133403
4036,ei,5.439517640787169
4037,egc,3.3663268042694883
4038,egc,3.454941211321927
4039,egc,3.2000825944915965
4040,egc,3.592231473443614
4041,egc,3.631456194391702
4042,egc,2.9884286548061123
4043,egc,2.9657684218176508
4044,eps,4.453063392400133
4045,nc,1.8950725987661265
4046,egc,3.4928993191553537
4047,eea,1.2848702519734516
4048,egb,3.21547530700349
4049,eps,4.760374889318102
4050,eea,0.9510173943732942
4051,ei,4.367707425982818
4052,egb,3.072754717039422
4053,ei,5.612617526623883
4054,eps,5.186333456181275
4055,nc,2.0427897530184245
4056,ei,5.683546850963916
4057,eps,5.2842594598364805
4058,eea,1.2403230709774953
4059,egb,3.500815829480625
4060,ei,5.459356629000906
4061,eps,3.9490753628708455
4062,nc,1.8912452400352873
4063,ei,4.943027037244213
4064,nc,1.9292122822396403
4065,egb,3.082755126196026
4066,eps,4.619514455860201
4067,nc,2.0479429517099965
4068,tg,237.89778857515697
4069,tg,238.12749106836702
4070,tg,235.62080619682092
4071,tg,249.30693752001068
4072,tg,267.3040192612516
4073,tg,244.6162060702096
4074,tg,187.0231051854816
4075,tg,247.1015607742191
4076,tg,233.66588333588862
4077,tg,199.1166696234174
4078,tg,261.73927769353713
4079,tg,279.5864499768346
4080,tg,285.5876145760685
4081,tg,249.11028378028266
4082,tg,271.3039329161596
4083,tg,261.86190014447334
4084,tg,148.2571453659565
4085,tg,93.71018709201192
4086,tg,88.5336805858636
4087,tg,82.7148173849695
4088,tg,103.48619631159309
4089,tg,101.21336291096691
4090,tg,111.22024843328265
4091,tg,111.3972335474879
4092,tg,120.20172679564877
4093,tg,195.80874432137705
4094,tg,227.28372812833118
4095,tg,206.96843435564986
4096,tg,220.909662776998
4097,tg,192.31782829241183
4098,tg,245.28729996323113
4099,tg,240.76633193524225
4100,tg,197.32989091243246
4101,tg,148.77290174487123
4102,tg,119.46867787027314
4103,tg,108.86934857040234
4104,tg,96.62125747362337
4105,tg,91.32150096740247
4106,tg,174.4614606259141
4107,tg,215.6184220800421
4108,tg,185.01961392325438
4109,tg,235.7804963169519
4110,tg,217.75407258914836
4111,tg,212.74495587336378
4112,tg,244.670370388933
4113,tg,252.98436245292424
4114,tg,229.35849011346016
4115,tg,232.39144484417386
4116,tg,285.1491105525943
4117,tg,231.46360206562983
4118,tg,119.34742107030725
4119,tg,249.03434708323226
4120,tg,342.86339345163987
4121,tg,213.15379925838226
4122,tg,298.3088874763183
4123,tg,252.64768396703806
4124,tg,249.67481137591918
4125,tg,266.5886132457927
4126,egc,3.468444460545057
4127,egb,2.9199801754667805
4128,egc,3.5963094797589816
4129,eps,5.2680231304230904
4130,egc,3.1562881211137404
4131,egc,4.4206276694402025
4132,egc,3.4441328915742533
4133,egc,3.3169294536182115
4134,egc,3.6539493963392142
4135,egc,3.7730460803990367
4136,egc,3.9681125384841143
4137,egc,3.286904245323889
4138,egc,3.3496548257127206
4139,egc,3.6185850833498465
4140,egc,3.3568223922001796
4141,egc,3.461271846673036
4142,egc,3.6491934515011812
4143,egc,3.3752717978832405
4144,egc,3.5724313315698684
4145,tg,-33.43806367538693
4146,egc,6.312577334269251
4147,tg,-26.240302689747296
4148,egc,6.744194330269318
4149,egc,6.424759755770529
4150,egc,6.472953679084247
4151,egc,6.206796491913195
4152,egc,6.167141995516711
4153,egc,5.190764522606772
4154,egc,5.210710337607165
4155,tg,-7.9323077442604415
4156,tg,14.1642891293248
4157,eea,4.504015014659457
4158,egb,1.5320562735936818
4159,tg,43.17768055915329
4160,tg,10.349999956784387
4161,tg,-30.00858893388704
4162,tg,-37.98557735699916
4163,tg,42.15623866434254
4164,tg,26.645220464995674
4165,tg,30.917093755995765
4166,tg,14.864998139102966
4167,egc,5.235971889781486
4168,ei,9.094517642238594
4169,eps,3.58017486298778
4170,nc,1.5608283720299292
4171,tg,94.02384460439819
4172,tg,78.896021564227
4173,tg,82.24647063624361
4174,tg,44.09885766034212
4175,tg,45.63878520378955
4176,tg,-60.42202622920166
4177,tg,71.19434837673406
4178,egc,6.148683897115794
4179,tg,50.51088160555071
4180,tg,51.91059581294407
4181,tg,87.2896896076874
4182,tg,76.31875204681423
4183,tg,31.566766438082624
4184,tg,58.43360166034175
4185,egc,4.515935329036454
4186,tg,-7.596890859746878
4187,tg,-31.03081120068083
4188,tg,-17.83648981050726
4189,tg,-9.65527803943155
4190,tg,78.08766674248727
4191,tg,70.8840919855739
4192,tg,7.601230689897193
4193,tg,41.08677788017495
4194,tg,-21.250942391333496
4195,tg,-46.521234082775095
4196,tg,-32.50998028214812
4197,tg,-23.262676332631656
4198,tg,-23.59152508628793
4199,tg,20.145320131396062
4200,tg,-38.94989602265082
4201,tg,-45.70010066981297
4202,tg,-28.1311049860725
4203,egc,6.302516775197342
4204,tg,-19.396232299224238
4205,tg,29.450202527061734
4206,tg,12.562315510125217
4207,tg,23.073705016381382
4208,tg,30.73329014158861
4209,tg,-40.365659880495514
4210,tg,-19.01574893268966
4211,tg,-38.26086658021893
4212,tg,-26.07607340591491
4213,tg,-40.314246373012395
4214,tg,-57.620308723264685
4215,tg,-59.76189656254195
4216,tg,-37.37260817051498
4217,egc,6.415753539251449
4218,tg,-31.228050219396096
4219,tg,-53.63851270456311
4220,tg,-65.36945453972635
4221,egc,6.248325437383652
4222,tg,-23.90874629739679
4223,tg,-38.42384726887843
4224,tg,-61.23304081878359
4225,egc,6.429945289116789
4226,tg,-46.35675768114808
4227,tg,-31.93081420872963
4228,egc,6.359854129114144
4229,tg,-55.670978528210895
4230,tg,-47.72283785607209
4231,tg,78.45918233431665
4232,tg,69.49893821876425
4233,tg,10.30602599553967
4234,tg,-52.47362543306849
4235,tg,-55.908822902444086
4236,tg,-62.321984890127965
4237,egc,6.331632893450103
4238,egc,6.15640396527256
4239,tg,-69.69328759859769
4240,tg,3.828730437048989
4241,egc,6.375532614143073
4242,tg,17.52308818156004
4243,egc,6.514648253544387
4244,tg,70.91174316617322
4245,tg,-36.6764253182385
4246,egc,5.661940301636825
4247,tg,-23.575969671425838
4248,egc,4.978253368776608
4249,tg,-26.966672931568013
4250,egc,5.1274598048221565
4251,tg,99.4803160625647
4252,tg,-37.56109401682042
4253,egc,5.199629646033344
4254,tg,27.70428929558902
4255,tg,137.1772235738821
4256,tg,87.21864324173077
4257,tg,62.33883018130663
4258,tg,89.93600253630031
4259,tg,68.37503348257935
4260,tg,97.03275087183431
4261,tg,115.39145048691967
4262,tg,112.06106022641728
4263,tg,133.58268471310544
4264,egc,6.4706066452631905
4265,tg,53.12658444312858
4266,tg,40.21637698268307
4267,tg,-5.7216049596845835
4268,tg,19.254824655340713
4269,tg,17.902765163712132
4270,tg,5.787034909907817
4271,tg,23.66187138000437
4272,tg,1.9865193028682029
4273,tg,49.945072899242035
4274,tg,28.83504829902502
4275,tg,25.547041991851927
4276,tg,2.5980057825846075
4277,tg,-17.787339381774984
4278,tg,-13.526755472129622
4279,tg,31.410028725287503
4280,tg,18.05402726642619
4281,tg,77.56043442454057
4282,tg,86.1548661668397
4283,tg,57.67881287213838
4284,tg,25.526713301693533
4285,tg,48.9462747981394
4286,tg,65.1454510245371
4287,tg,58.847432922951896
4288,tg,72.34386232016263
4289,tg,139.8812929710028
4290,tg,127.35230454026342
4291,tg,130.79720463462823
4292,tg,90.54340832085535
4293,tg,87.19207157570801
4294,tg,59.915111857758205
4295,tg,83.86505317248239
4296,tg,82.2996074651893
4297,tg,110.78747364078401
4298,tg,121.15786618745311
4299,tg,134.75998071201798
4300,tg,120.73805044719796
4301,tg,127.45395774570515
4302,tg,113.43968813251871
4303,tg,146.3834547575783
4304,tg,139.94094793822566
4305,tg,147.09389159185764
4306,tg,138.09648591860628
4307,tg,148.4023721855579
4308,tg,98.72935760017813
4309,tg,91.46627622800744
4310,tg,88.6262261999532
4311,tg,106.6999274637297
4312,tg,103.6373088430104
4313,tg,124.13081356422038
4314,tg,73.31614728314122
4315,tg,94.35648466527209
4316,tg,74.05815097702232
4317,tg,68.02230534624184
4318,tg,63.47259361687736
4319,tg,72.86377865076824
4320,tg,60.01101957447476
4321,tg,52.24038101297998
4322,tg,77.06415686192145
4323,tg,145.1644630162012
4324,tg,111.40714427167262
4325,tg,113.3695391943426
4326,tg,95.93152569640674
4327,tg,127.6792560145359
4328,egb,5.777491894021243
4329,ei,8.827370500742934
4330,nc,1.688569658692921
4331,egc,6.269865805290071
4332,egc,6.411546450749427
4333,tg,-6.691932489605705
4334,tg,-5.770768394616596
4335,tg,-41.00269053645701
4336,tg,21.17811643856014
4337,tg,16.951049505586695
4338,tg,-43.39879669800527
4339,tg,-10.069187339240017
4340,tg,42.749113272263244
4341,tg,56.25878298078635
4342,tg,54.92010036556718
4343,egc,6.616608225787453
4344,egc,6.640766316879556
4345,tg,93.19669582406674
4346,tg,57.80991536529038
4347,egc,6.618644378107561
4348,tg,-35.19768544136184
4349,tg,-33.19056870096338
4350,tg,-47.62495319699849
4351,tg,-27.20940763689495
4352,tg,-63.004212090107615
4353,egb,6.466346319605721
4354,egc,6.451198329983546
4355,egc,6.627400281740428
4356,tg,-33.04735743587443
4357,egb,6.918098610791332
4358,egc,6.618010277054513
4359,egc,6.304093241642024
4360,egc,4.776843446571328
4361,egc,5.538435942273708
4362,tg,28.07197456160162
4363,tg,111.82365155987463
4364,tg,116.82963703307726
4365,tg,154.6190039924111
4366,tg,146.8638802014043
4367,tg,146.86890384604516
4368,tg,5.306013619557291
4369,tg,120.8308285471075
4370,tg,101.38866047075885
4371,tg,92.7386629917168
4372,tg,64.78469155987403
4373,tg,50.4387297126181
4374,tg,36.12440544617489
4375,tg,84.98409358997296
4376,tg,118.96396416136227
4377,tg,90.01850086110815
4378,tg,64.48708369793911
4379,tg,141.08670878014826
4380,tg,129.10274718078773
4381,tg,113.49726007556805
4382,tg,58.33071611747678
4383,tg,54.78127218978301
4384,tg,40.21912129082345
4385,tg,52.577144039164324
4386,tg,38.915132713350616
4387,tg,38.4331294549214
4388,tg,68.11429819684344
4389,tg,60.45905714234182
4390,tg,152.74424565632486
4391,tg,72.89414162400865
4392,tg,62.46590725564607
4393,tg,61.54703875490709
4394,tg,47.747681960077
4395,tg,48.36165262393942
4396,tg,33.62183703683935
4397,eea,3.020840386721818
4398,egb,3.4234724603284308
4399,egc,4.323617966340784
4400,ei,7.3275679940609795
4401,eea,3.64262701707778
4402,egb,2.6751579035166078
4403,ei,7.255359596686752
4404,nc,2.00393934930281
4405,egc,5.001621263774597
4406,egc,4.240801718935747
4407,egc,4.413173032955813
4408,egc,4.448178677863546
4409,egc,4.557451048489959
4410,egc,4.247537991085937
4411,egc,4.2084071608377
4412,egc,4.459499827071548
4413,tg,62.244632779852935
4414,tg,48.25130802553649
4415,tg,40.561229865091676
4416,tg,29.43221495285249
4417,tg,25.67058788296808
4418,tg,23.656811968314273
4419,tg,57.71517170344853
4420,tg,46.54278111515163
4421,tg,69.22389611333911
4422,tg,119.68298915189254
4423,tg,44.524888738287245
4424,tg,22.553990281871393
4425,tg,-25.831960043417894
4426,tg,115.01344480143126
4427,tg,153.6715673739927
4428,tg,23.29932356288016
4429,tg,17.218717095772035
4430,tg,4.1129159008754925
4431,tg,106.96498731087168
4432,tg,140.84797388767817
4433,tg,81.05124640390804
4434,tg,83.01204156401276
4435,tg,59.509402966871605
4436,tg,54.68899320278763
4437,tg,79.40615072954522
4438,tg,82.05683374126319
4439,tg,118.77229504767598
4440,tg,99.31967648985434
4441,tg,90.12456967135398
4442,tg,36.635223940078134
4443,tg,74.70833090089816
4444,tg,125.72464530239682
4445,tg,74.9490366390692
4446,tg,54.206729820364075
4447,tg,65.11478240560332
4448,tg,54.014147021147636
4449,tg,44.83229026860941
4450,tg,45.49030642781503
4451,tg,56.341749528784035
4452,tg,50.49137880907438
4453,tg,48.416486761948235
4454,tg,36.70560698984917
4455,tg,90.18352352312328
4456,tg,76.54613943647459
4457,tg,73.78938436296087
4458,tg,54.60302222265523
4459,tg,-18.823283189270683
4460,egc,4.056604639931023
4461,eea,3.8719075283569016
4462,egb,3.50599735899263
4463,nc,1.7102702289507843
4464,eea,2.8664599918886333
4465,egb,4.310949912397485
4466,ei,7.862104997606121
4467,nc,1.8335665532801253
4468,eea,2.480366132525535
4469,egb,3.261343851907582
4470,ei,6.437333458719158
4471,eps,4.402379938384723
4472,eea,2.3940645524063475
4473,egb,3.3206234837456376
4474,ei,6.181605027350794
4475,nc,1.9233053878504192
4476,eea,2.751243132762837
4477,eps,4.602689707280776
4478,nc,2.090638690553337
4479,eea,3.351979132942071
4480,egb,2.5923902358273496
4481,ei,6.987469626692361
4482,eea,3.682349470464902
4483,egb,2.1036830386411967
4484,ei,6.867407926589664
4485,eps,5.758463736019195
4486,nc,2.0984847773548676
4487,tg,76.85568698975014
4488,tg,-23.453802437479737
4489,tg,21.17777827736748
4490,tg,30.991190075786136
4491,tg,33.58244125789517
4492,tg,79.8780611769937
4493,tg,13.996366084772689
4494,tg,-21.392111683066815
4495,tg,-30.883177827687916
4496,tg,12.499443540691033
4497,tg,119.63338838349506
4498,tg,-15.97573183552936
4499,egc,5.673366552112934
4500,egc,6.417462546275909
4501,tg,-45.16702856819313
4502,egc,5.782961160855559
4503,egc,6.328214318580676
4504,egc,5.834313625263707
4505,egc,6.322333741686292
4506,tg,112.67517721002653
4507,tg,-28.741681031808668
4508,tg,-48.05792958559272
4509,egc,5.889182621189809
4510,tg,26.589345831009467
4511,egc,6.101507115261286
4512,egc,6.189229537297621
4513,tg,-62.65301868533675
4514,tg,-61.838401378433076
4515,egc,5.2950900824826626
4516,egc,6.181371507296178
4517,egc,6.212906070514531
4518,egc,6.369128417835485
4519,egc,6.115524823829341
4520,egc,6.475835735668814
4521,egc,6.109379352715568
4522,egc,4.658665316399119
4523,tg,-44.93069291312716
4524,tg,117.8681707000917
4525,egc,6.7171992351733625
4526,egc,5.185723400541019
4527,egb,5.563673296328835
4528,egc,6.352866118658952
4529,egc,6.283573940938361
4530,tg,48.35379687931008
4531,tg,93.87586656711278
4532,egc,6.072276215744794
4533,egc,4.415755038885469
4534,tg,-15.695084058026026
4535,tg,-31.621188618255758
4536,tg,-31.789306755803665
4537,tg,-53.78077451707267
4538,tg,-50.82126579616349
4539,tg,-27.239191834247947
4540,tg,-61.61959808058623
4541,tg,-51.57373948081715
4542,tg,76.3217369696494
4543,tg,79.1254639334427
4544,tg,48.1599134601219
4545,tg,29.735506524063936
4546,tg,9.351969221465083
4547,tg,24.183042808882718
4548,tg,-47.52203513863421
4549,tg,-52.75670536991902
4550,tg,-48.98849716297758
4551,tg,-50.17280269065034
4552,tg,31.67962123303103
4553,tg,39.174326764420016
4554,tg,63.036248622556286
4555,egc,5.63734308808788
4556,egc,6.1857857255053865
4557,egc,6.211813779107408
4558,egc,5.703877898316588
4559,egb,5.808501347089903
4560,egc,5.836783011425337
4561,tg,43.98352518434754
4562,tg,43.09336136638498
4563,tg,41.207807071645774
4564,tg,-23.975520126746204
4565,tg,-5.53019271844272
4566,tg,16.938407479461333
4567,tg,-27.631107650334172
4568,egb,5.916250578409494
4569,egc,6.263989528019573
4570,egc,6.105479593851286
4571,tg,23.020886839328767
4572,egc,6.249285375151166
4573,egc,5.898184164204666
4574,egb,5.408908131305155
4575,tg,82.19540179305301
4576,tg,70.01465354686113
4577,egc,4.917776004209623
4578,egc,6.03240010177803
4579,egc,6.5945223664680634
4580,egc,5.402347892378481
4581,tg,1.7598342479925861
4582,tg,-18.98917726666687
4583,tg,-31.465374345640583
4584,tg,-40.64451280243787
4585,tg,96.21917406090802
4586,tg,70.59641435712325
4587,tg,104.79664246722564
4588,tg,106.67133983675072
4589,tg,79.73351027333383
4590,tg,128.76346745495806
4591,tg,106.02486342824443
4592,tg,105.21171582190881
4593,tg,122.37068455645648
4594,tg,11.41157898392322
4595,tg,17.027369885528756
4596,tg,133.90677238477764
4597,tg,114.55786038617813
4598,tg,115.82775646264159
4599,tg,61.359261746486254
4600,egc,7.498338451982967
4601,tg,66.6805597709892
4602,egc,6.321766378273556
4603,egc,6.157162194597785
4604,egc,8.617517837485572
4605,egb,9.037750879760098
4606,egc,8.385926635312423
4607,eea,3.324667760259543
4608,egb,5.625991285413714
4609,ei,8.703996560693852
4610,nc,1.5812496150261088
4611,eea,4.154208767692712
4612,ei,8.002433052595809
4613,eps,3.9288422400219347
4614,nc,1.6936141640339162
4615,egb,8.763321990569816
4616,egc,8.62316268282692
4617,egb,8.427993869336897
4618,egc,8.566110412667754
4619,egb,8.777783641737553
4620,ei,9.04849472959553
4621,eps,3.7779839910306223
4622,egc,5.644731898265281
4623,egb,7.778404812696815
4624,ei,9.13042380741651
4625,eps,3.748795935573406
4626,nc,1.5812131851070466
4627,eps,3.503908970590513
4628,nc,1.5514914511330833
4629,eea,2.0455575770462775
4630,nc,1.7126445026164614
4631,ei,8.106179893420666
4632,eps,3.7347390825164104
4633,tg,56.06592705137585
4634,tg,74.69698299164467
4635,egc,5.411487023357679
4636,egc,6.474045409670864
4637,egc,4.657402769233133
4638,egb,4.505732734768859
4639,egc,4.686873326046206
4640,egc,5.070484320337384
4641,egc,5.112750277423891
4642,egc,5.654850502259645
4643,egc,6.201475613884622
4644,egc,5.42085496910366
4645,egc,6.294919152851234
4646,egc,2.5568762466344146
4647,tg,154.47595205326868
4648,egb,6.4311250568737535
4649,egc,6.193556641388103
4650,egc,4.341255724545344
4651,tg,112.94588825094576
4652,tg,75.12140130082484
4653,egc,5.784397982994041
4654,eea,0.799114794229403
4655,egb,7.1808587835000255
4656,egc,6.234802559442784
4657,eps,2.818175898331863
4658,nc,1.6256802235165742
4659,egc,6.458637240126223
4660,egc,6.76194336460944
4661,egc,5.881665102706092
4662,egc,6.275562806938554
4663,egc,5.86911038790017
4664,egc,6.366014368501263
4665,egc,6.274199826166804
4666,tg,101.32936845779687
4667,tg,35.33980644821911
4668,tg,12.803645545882716
4669,tg,7.206843695864649
4670,tg,-4.8895853575589285
4671,tg,122.84429393874305
4672,egc,5.94804830445779
4673,egc,6.271927568413324
4674,egc,6.3137735644103055
4675,egc,6.207550421614535
4676,egc,5.781723149586746
4677,egc,6.857987615206362
4678,egc,6.610224592898449
4679,egc,6.482332841240366
4680,egc,6.325344600047259
4681,egc,6.246959465569199
4682,egc,6.1785582446937815
4683,egc,6.238220386551536
4684,egc,6.210591003462364
4685,egc,6.220538276791894
4686,egc,3.915332318535677
4687,tg,33.11830201477788
4688,eps,4.766452582536843
4689,tg,-13.444946475906818
4690,tg,-14.749429288968912
4691,tg,-0.24226209931492804
4692,tg,-13.584594042273181
4693,tg,79.01296030588668
4694,tg,6.886969220013441
4695,tg,-11.301485743870217
4696,tg,-26.712765900683735
4697,tg,44.25600506842834
4698,tg,-63.426575419732416
4699,tg,61.689131486820344
4700,tg,78.7239170264657
4701,tg,59.46370568416431
4702,tg,47.59031994969544
4703,tg,-21.99171049624144
4704,tg,-53.406716213198536
4705,tg,-51.991537634341114
4706,tg,-51.12168299723737
4707,tg,5.862431849669946
4708,tg,-55.465961802064584
4709,egb,8.496000802910858
4710,ei,8.925490019373242
4711,eps,3.7549219308239503
4712,nc,1.600026600080629
4713,tg,-51.27855077202966
4714,eea,1.6792738337157853
4715,egb,4.377530743795203
4716,ei,6.324118554215771
4717,nc,1.8198914478825046
4718,tg,112.00075698142729
4719,tg,62.6201867966946
4720,tg,-72.41155732714745
4721,egb,5.876821044061706
4722,ei,6.668983873842046
4723,eps,3.788054157725914
4724,nc,1.7453070544365292
4725,tg,66.63925208068655
4726,tg,-71.35779502603881
4727,tg,48.085979717827996
4728,tg,98.89113521536376
4729,tg,83.16005211679746
4730,tg,59.763355519454876
4731,tg,20.699241171162967
4732,tg,75.321039963388
4733,tg,-42.1047838757157
4734,tg,-70.72257223183806
4735,tg,-81.14659909459203
4736,tg,28.03741708895234
4737,tg,-5.935049703247813
4738,tg,14.931147670865982
4739,egb,7.317477656768207
4740,egc,7.590731948020636
4741,egc,7.736909626184042
4742,egc,5.395188364318287
4743,tg,35.029459013660926
4744,tg,79.6766471681691
4745,tg,55.50731727661079
4746,tg,42.88288203635733
4747,tg,74.719938934146
4748,tg,56.11950609111193
4749,tg,31.65562479455231
4750,tg,49.53377134247694
4751,tg,87.65963144935098
4752,tg,20.65183357319283
4753,tg,17.15345198558981
4754,tg,26.738084730978343
4755,tg,32.455545095775264
4756,tg,5.383504557473913
4757,tg,15.359766982554873
4758,tg,37.01251428458208
4759,tg,34.547546798629725
4760,tg,58.513180093313025
4761,tg,58.50904412180287
4762,tg,75.61527271649624
4763,tg,65.49747682608987
4764,tg,71.20995581639501
4765,tg,40.66850500036128
4766,tg,79.0479079645275
4767,tg,43.270674887133126
4768,tg,152.49401125108582
4769,tg,135.24179212900137
4770,tg,109.32831134603208
4771,tg,100.39404711441529
4772,tg,136.87800538184464
4773,tg,146.61058364901928
4774,tg,128.63321686788754
4775,tg,127.60053111342107
4776,tg,127.4349345528434
4777,tg,121.60286193036126
4778,tg,161.86656246521898
4779,tg,125.40030157116769
4780,tg,71.12888167045622
4781,tg,69.93091312998025
4782,egc,4.986183931563601
4783,egc,4.207700760674314
4784,tg,46.81922138704638
4785,tg,133.1842828677976
4786,tg,102.72860143580067
4787,tg,89.29257608162776
4788,tg,148.14381543827466
4789,tg,127.0844386055324
4790,tg,100.60681878714315
4791,tg,105.7979670226234
4792,tg,113.98535348701496
4793,tg,103.89915941037209
4794,egc,4.354909600809599
4795,egc,3.7991836809400574
4796,egc,4.5451810143519324
4797,egc,4.208722622372788
4798,tg,204.36607587898212
4799,tg,195.30144400449737
4800,egc,3.9949302273597436
4801,tg,198.00550445985579
4802,tg,190.40141678884294
4803,tg,151.90736336127983
4804,tg,155.80928912040397
4805,tg,190.0506200731635
4806,tg,155.75380223374685
4807,tg,28.888113593872248
4808,tg,-49.92162696170675
4809,tg,-7.556753727418794
4810,tg,24.947065998885478
4811,tg,19.252470533191854
4812,tg,8.631776924510177
4813,tg,19.827500635100208
4814,tg,78.84495922413625
4815,tg,-40.315507974384985
4816,tg,-75.99302251854559
4817,tg,-77.60056279122423
4818,tg,-83.4947383915823
4819,tg,-141.47468592605668
4820,tg,103.23192510711674
4821,tg,111.84177244763099
4822,tg,21.562319578213916
4823,tg,9.447551783188715
4824,tg,70.86245617234391
4825,tg,91.73883414928655
4826,tg,-87.79456200577522
4827,tg,13.1109170142077
4828,tg,46.94701380237029
4829,tg,-50.19432795118274
4830,tg,-33.74147230239586
4831,egc,6.939726643255397
4832,egc,4.609572987842871
4833,tg,31.200108661847693
4834,tg,-43.69167030324303
4835,tg,-91.0647628255351
4836,tg,33.280853498846696
4837,tg,2.9237590607081074
4838,tg,7.317695536056561
4839,tg,54.40959402045715
4840,tg,61.04974670871
4841,tg,-75.61584272673926
4842,tg,60.08677418472911
4843,tg,39.038594064168606
4844,tg,-63.73574579321618
4845,tg,-65.85250479723283
4846,tg,37.49144807987798
4847,tg,93.34422514746188
4848,tg,12.1018049967291
4849,tg,-66.2750111950545
4850,tg,-79.07273453724358
4851,tg,-22.164172704494973
4852,tg,-25.100855544900014
4853,tg,-89.56262479536676
4854,tg,-61.05906989136287
4855,tg,-89.44411230354126
4856,tg,-92.8838099180191
4857,tg,-104.43198863475257
4858,tg,-67.61104704863118
4859,tg,-48.01373451895279
4860,tg,-39.185659404929226
4861,tg,-91.79269381132193
4862,tg,-59.72299501918704
4863,tg,-39.81475627906306
4864,tg,-53.3651353927018
4865,tg,-66.58752416186564
4866,tg,44.80596572038128
4867,tg,-52.9500685411185
4868,tg,-22.855153076884477
4869,tg,43.511439153202886
4870,tg,16.115466204738468
4871,tg,0.1988171517033095
4872,tg,9.283907778343632
4873,tg,213.19346166442068
4874,tg,-2.322005458935678
4875,tg,98.81207703038118
4876,tg,90.25250190332484
4877,tg,164.05499863587858
4878,tg,13.866720285989032
4879,tg,-1.4157984936216508
4880,tg,63.92881208436671
4881,tg,68.78932646527947
4882,tg,161.6561806816892
4883,tg,45.374135051938666
4884,tg,-20.66813458199411
4885,tg,58.696743093025404
4886,tg,36.96201771417904
4887,tg,77.08319793830782
4888,tg,-18.76636805930707
4889,tg,-38.80849261932258
4890,tg,113.45920718674469
4891,tg,53.107068640452525
4892,egc,3.959116416734157
4893,egc,4.124622119374647
4894,egc,4.669519763633479
4895,egc,3.4758769212519054
4896,egc,3.1294875372635698
4897,egc,4.516168630367293
4898,tg,158.4884784703527
4899,tg,287.91413756912834
4900,tg,261.65322867620637
4901,tg,241.87704838491362
4902,tg,115.23354871924984
4903,tg,183.81834505960012
4904,tg,174.976161470433
4905,tg,250.8144666199619
4906,tg,-93.13943376726604
4907,tg,150.25347793457047
4908,tg,137.49592749175872
4909,tg,225.94055187110962
4910,tg,219.607384514788
4911,tg,165.9646550444692
4912,tg,184.09022991004383
4913,tg,171.7994914843913
4914,tg,255.60022136489872
4915,tg,253.83885676816166
4916,tg,220.73640719056172
4917,tg,246.85076222506734
4918,tg,186.40494977686006
4919,tg,165.94010584250248
4920,tg,160.615702587817
4921,tg,58.7056783522313
4922,tg,44.390723285101785
4923,tg,42.62007226176647
4924,tg,-5.555476770693474
4925,tg,170.3591231482311
4926,tg,177.8533214378311
4927,tg,141.8864701618684
4928,tg,111.70535041879454
4929,tg,107.2552531730661
4930,tg,88.91992895042296
4931,tg,169.91861779577542
4932,tg,138.50174812782132
4933,tg,158.31454330998116
4934,tg,166.26938380074944
4935,tg,252.0633739416313
4936,tg,235.43125384213866
4937,tg,208.74038599895692
4938,tg,226.96341144168957
4939,tg,219.62695884536276
4940,tg,251.8088100976613
4941,tg,148.7346171831154
4942,tg,181.84303172906078
4943,tg,97.50046031677404
4944,tg,86.13238495062808
4945,tg,177.36173261021014
4946,tg,95.0558117663303
4947,tg,149.55859488937824
4948,tg,147.51950972296174
4949,tg,188.9589934731274
4950,tg,190.4430788980879
4951,tg,172.3830959234634
4952,tg,138.20964839146674
4953,tg,132.00208597025403
4954,tg,156.63753773749903
4955,tg,93.02944259880005
4956,tg,156.97133697592278
4957,tg,85.53042551220472
4958,tg,82.03793573307371
4959,tg,68.52521607071687
4960,tg,101.04586907100546
4961,tg,83.44750863985291
4962,tg,146.4205305556479
4963,tg,124.41136542100081
4964,tg,120.44757323425813
4965,tg,217.652357604258
4966,tg,227.790930898713
4967,tg,218.22111221480264
4968,tg,215.00515375096444
4969,tg,171.4699403959503
4970,tg,182.6006623719024
4971,tg,175.28754289786872
4972,tg,168.41071314180732
4973,tg,215.1969431719981
4974,tg,176.27840071404387
4975,tg,170.49968440012762
4976,tg,206.85727036666472
4977,tg,191.39161454038242
4978,tg,221.7141027326228
4979,tg,218.12317553093015
4980,tg,111.69261084617129
4981,tg,100.95021822673333
4982,tg,209.3295473368583
4983,tg,268.94728756455413
4984,tg,175.3189951403355
4985,tg,170.4195922222675
4986,tg,163.16978205113352
4987,tg,179.2919827102784
4988,tg,206.72258466549056
4989,tg,104.50373634648858
4990,tg,241.57234564103283
4991,tg,209.9215505293979
4992,tg,177.8257385397803
4993,tg,120.00173046259339
4994,tg,92.09577954588246
4995,tg,76.73206306143568
4996,tg,80.56125083575245
4997,tg,42.513941672071994
4998,tg,33.14120593248033
4999,tg,199.07744292506956
5000,tg,176.23941137884083
5001,tg,155.30138889256233
5002,tg,90.45048877852388
5003,tg,95.00394629340698
5004,tg,86.46587041448362
5005,tg,178.51329503009418
5006,tg,193.68395398903485
5007,tg,97.00333409962334
5008,tg,81.38047884045596
5009,tg,248.04963469642365
5010,tg,236.7912471155949
5011,tg,256.27937910174506
5012,tg,239.19100801926376
5013,tg,104.27466140241489
5014,tg,126.7923941455266
5015,tg,99.44798590161702
5016,tg,80.66651001006585
5017,tg,207.81091094234836
5018,tg,144.9040588805034
5019,tg,176.01992850705878
5020,tg,202.76308127310472
5021,tg,103.01362579950896
5022,tg,126.03884907517121
5023,tg,106.05400056716147
5024,tg,259.7067208264913
5025,tg,117.43813046108367
5026,tg,79.5755954994643
5027,tg,77.54310366341707
5028,tg,80.61825700911407
5029,tg,97.86853902032809
5030,tg,87.7945122435209
5031,tg,95.3905230645092
5032,tg,88.27823232031282
5033,tg,58.931758618820055
5034,tg,243.03859956618072
5035,tg,224.43963642371472
5036,tg,205.92835457664398
5037,tg,203.8347336019247
5038,tg,125.75266228236319
5039,tg,137.5008791958574
5040,tg,99.09912710969544
5041,tg,236.09817274505087
5042,tg,278.31921691976333
5043,tg,71.85888064199811
5044,tg,39.72600423473567
5045,tg,57.9297479863872
5046,tg,52.51392740543761
5047,tg,105.42615228820051
5048,tg,162.20589259007255
5049,tg,182.16617076104106
5050,tg,258.59997126773374
5051,tg,108.76014851757455
5052,tg,105.50175082405825
5053,tg,168.91509681840037
5054,tg,134.77740089076457
5055,tg,119.86523364810857
5056,tg,84.52750444579165
5057,tg,85.16688272080214
5058,tg,292.67565526089163
5059,tg,240.76351609300343
5060,tg,230.3719592078441
5061,tg,184.66116956214103
5062,tg,225.9991903225358
5063,tg,169.2993194673537
5064,tg,137.36376499332977
5065,tg,143.31358518051653
5066,tg,121.66059319935712
5067,tg,246.31337856824115
5068,tg,227.98956158079804
5069,tg,216.2718080321483
5070,tg,224.28737284362242
5071,tg,207.26158759418155
5072,tg,231.16971397681408
5073,tg,227.75695220195112
5074,tg,206.38435193873815
5075,tg,229.89727193675594
5076,tg,241.33766827643086
5077,egc,3.938094761061507
5078,egc,3.993242811924796
5079,egc,2.8447126982574096
5080,egc,4.2628675522895385
5081,egc,3.3616905946096622
5082,tg,203.10530690317037
5083,tg,165.0220746158703
5084,tg,241.43456446432594
5085,tg,197.8299435245196
5086,tg,205.69951699571513
5087,tg,154.07436937924246
5088,tg,32.39065716538485
5089,tg,23.617754350562734
5090,tg,17.23323201465672
5091,tg,26.27864072595905
5092,tg,14.924852670202739
5093,tg,7.533091209577435
5094,tg,72.1175089233798
5095,tg,162.17460780242718
5096,tg,198.94024702734993
5097,tg,174.21731474791778
5098,tg,167.84305105203893
5099,tg,156.4964895660006
5100,tg,190.00469843351107
5101,tg,202.77319359338503
5102,tg,216.3071198643812
5103,tg,196.69367964705316
5104,tg,147.74052001032314
5105,tg,126.9775357727297
5106,tg,113.33368110172155
5107,tg,103.75255352715689
5108,tg,82.29822880801925
5109,tg,61.48364653748419
5110,tg,54.96290376883735
5111,tg,172.88156503073492
5112,tg,69.15247907069055
5113,tg,60.924347434134106
5114,tg,55.113242431371475
5115,tg,67.5151415944592
5116,tg,167.9968721245474
5117,tg,166.96143555884066
5118,tg,113.12040543875463
5119,tg,159.98817296074913
5120,tg,131.20336467806752
5121,tg,142.15560176240945
5122,tg,131.56495084930012
5123,tg,127.19663658739506
5124,tg,126.03015117911016
5125,tg,96.6935654409526
5126,tg,234.0849560969849
5127,tg,131.8392776137408
5128,tg,135.55936288172762
5129,tg,140.33680951015117
5130,tg,224.5278964949974
5131,tg,223.82340268110147
5132,tg,145.65664880806705
5133,tg,127.6012529575054
5134,tg,139.9379414738722
5135,tg,128.2491828088301
5136,tg,224.42270235168257
5137,tg,212.0035764770691
5138,tg,183.19120561852375
5139,tg,54.383679167520114
5140,tg,101.8694736619139
5141,tg,93.52959600893499
5142,tg,143.5347653613617
5143,tg,131.056704331391
5144,tg,130.04819385064934
5145,tg,137.61259798054925
5146,tg,86.95199663822326
5147,tg,224.94174076380727
5148,tg,219.8087204864143
5149,tg,191.2555501820382
5150,tg,135.40457040867776
5151,tg,151.53250111168566
5152,tg,214.6893307063252
5153,tg,239.67949486825214
5154,tg,187.01942117941164
5155,tg,234.0610376957045
5156,tg,225.8668587435105
5157,tg,191.15683637773262
5158,tg,133.84804614150337
5159,tg,185.52324974336366
5160,tg,207.99304976319166
5161,tg,257.02309961398885
5162,tg,141.59938837994233
5163,tg,183.03252022732096
5164,tg,171.76138006766922
5165,tg,201.80774338835795
5166,tg,199.17613396852565
5167,tg,155.49467240078855
5168,tg,126.37854662516682
5169,tg,141.37678767822175
5170,tg,231.18312987182264
5171,tg,241.49326144365082
5172,tg,217.55527932956684
5173,tg,220.26332618513868
5174,tg,198.22962729338707
5175,tg,197.7182397782462
5176,tg,226.91926839984853
5177,tg,144.82684920165568
5178,eea,1.9412430937435494
5179,ei,5.611451918739302
5180,eps,4.273505422634258
5181,ei,5.412927226523174
5182,nc,2.067041420977075
5183,ei,5.2599252141810515
5184,ei,5.2096983490915525
5185,eps,5.109037359530937
5186,nc,2.196016118609311
5187,ei,5.040379386667128
5188,nc,2.3256115422083767
5189,egb,3.0802746011029694
5190,egc,3.7183171961295565
5191,ei,6.249699431481018
5192,eps,4.35757814926121
5193,nc,1.9723941793001034
5194,egc,3.6881147685550775
5195,ei,6.094537501106947
5196,eps,4.654224621133728
5197,egb,2.6681637733096117
5198,ei,6.121623841706929
5199,eea,2.6514149710400545
5200,eps,5.089933620672355
5201,nc,2.1252710681587663
5202,egc,3.4281732485312357
5203,egc,4.481791747034033
5204,egc,4.195255195559532
5205,egc,3.9604852861212287
5206,egc,2.1831106900157375
5207,egc,4.352793134319409
5208,egc,4.158471889850294
5209,egc,3.968847633963433
5210,egc,4.305146361512661
5211,egc,4.08669831506222
5212,egc,4.252609537664186
5213,egc,3.539424614521103
5214,egc,3.805723969690635
5215,egc,3.593887389460095
5216,egc,4.237826659617132
5217,egc,4.080532560940117
5218,egc,3.991256993245176
5219,egc,4.563872221301638
5220,eea,2.4496822151258875
5221,egc,3.918159601650744
5222,eps,4.249487396261869
5223,nc,1.9462054545910492
5224,eea,3.1215469984940456
5225,egb,2.913030860527952
5226,ei,6.983112764665864
5227,eps,4.603326705608058
5228,nc,1.9121327747689891
5229,egc,4.535111230951062
5230,egc,3.784342828073111
5231,eea,2.4744069231218213
5232,egb,2.735658279672556
5233,ei,5.807170564131122
5234,egb,2.187941639541429
5235,eps,5.086526819520004
5236,egb,2.0592628524433207
5237,egc,4.49014389495327
5238,egc,4.836616490684306
5239,egc,4.417659538591599
5240,egc,4.67898010455796
5241,egc,4.47978308660252
5242,egc,4.181220942786524
5243,egc,4.533346480704976
5244,egc,4.308664996107515
5245,egc,4.961482218460217
5246,egc,4.811704726933596
5247,egc,4.652372419594615
5248,egc,4.250261849552538
5249,egc,4.26704346851839
5250,egc,3.250969390938913
5251,egc,4.051785462580845
5252,egc,4.73216871867297
5253,egc,4.944937920038836
5254,eea,1.6208517415681183
5255,egb,4.6106776801666145
5256,nc,1.7237715274290875
5257,eea,1.9982730225555216
5258,egb,4.211511948969469
5259,ei,6.83761967371
5260,eps,3.7281773745739852
5261,egc,4.636535946755409
5262,egc,3.833138324850482
5263,egc,4.200844426200621
5264,egc,4.548417421868607
5265,egc,4.663361954468556
5266,egc,4.62872257208682
5267,egc,4.517536822096252
5268,egc,4.620349194774649
5269,egc,4.1197403170678735
5270,egc,4.683301799067303
5271,egc,4.818620274705801
5272,egc,4.166537236499094
5273,egc,4.0709216864445965
5274,egc,3.942935109385817
5275,egb,3.7181965923502895
5276,egc,4.205189640119968
5277,egc,3.446782955409164
5278,egc,3.204388574342988
5279,eea,1.6650438206059133
5280,egb,4.3410405971867245
5281,egc,4.742318401470421
5282,egc,4.549596389253437
5283,egc,5.056768894022505
5284,egc,5.124170265404341
5285,egc,5.057656672884807
5286,egc,4.958991801529582
5287,egc,4.914125366487975
5288,egc,4.281821205710797
5289,eea,1.214587252885397
5290,egb,4.1119553761849215
5291,ei,5.997705137874351
5292,eps,3.5744410874082417
5293,egc,4.641784198528348
5294,egc,5.161608212217688
5295,egc,3.4803442304690932
5296,egc,3.3133758144767236
5297,egc,3.6035037786905995
5298,egc,2.394455337191708
5299,egc,4.059742944752165
5300,egc,4.605895845510396
5301,egc,4.365893469059668
5302,egc,3.571850508464968
5303,egc,3.4818707838886676
5304,egc,3.300117550344991
5305,egc,3.3032258980040607
5306,egc,3.708050722461559
5307,egc,3.0189984198125606
5308,eea,1.4629069308148126
5309,egb,4.221107649719167
5310,ei,6.409192478901269
5311,eps,4.011570269382803
5312,nc,1.8177662406338073
5313,eea,1.5411867520898292
5314,egb,3.9903429691718646
5315,ei,6.253580003570152
5316,eps,4.240670800150993
5317,nc,1.8623446597319324
5318,egc,4.837990360720897
5319,egc,4.4876749060395005
5320,egc,4.64110263803991
5321,egc,4.134763763744833
5322,egc,4.189564222731497
5323,egb,4.049723391137703
5324,egc,4.1084318388981975
5325,egc,3.91108246747001
5326,egc,3.815770788660126
5327,egc,4.712872392238282
5328,egc,4.683193128410346
5329,egc,3.653645805504854
5330,eea,1.126724430150724
5331,ei,5.54616745438647
5332,eps,3.959850351249247
5333,nc,1.8826448777938
5334,eea,1.3039938881473376
5335,egb,3.6623646698532895
5336,ei,5.408786684743409
5337,eps,4.2206177136298715
5338,egc,3.8483467955596513
5339,egc,3.8785310899377428
5340,egc,3.735473162783713
5341,egc,3.764516935191094
5342,egc,3.8410355188173186
5343,egc,3.8158076158734078
5344,egc,3.680725491027254
5345,egc,3.835612945336841
5346,egc,3.586160778397417
5347,egc,3.6739570418004845
5348,egc,3.550042816116963
5349,egc,3.8092178347131034
5350,egc,2.712721535634614
5351,egc,2.7405509447045535
5352,egc,2.928785674315675
5353,egc,3.7283936451158253
5354,egc,3.8712200936056638
5355,egc,4.213785756643434
5356,egc,3.985952846361722
5357,egc,4.483361285008703
5358,egc,4.497801244683355
5359,egc,4.236748505560285
5360,egc,4.204115692216923
5361,egc,4.115926644151388
5362,egc,3.5436872242532997
5363,egc,3.7328459991194975
5364,egc,3.306749626718518
5365,egc,3.5858627022980403
5366,egc,4.3474476035560565
5367,egc,4.218010160478604
5368,egc,4.313831648496712
5369,egc,4.627219771752463
5370,tg,114.68698268542315
5371,tg,71.73892446200398
5372,tg,42.98820624166932
5373,tg,147.6458287797239
5374,tg,21.641943532884213
5375,tg,78.51096001539187
5376,tg,127.68173206980711
5377,tg,136.99984624146657
5378,tg,199.5451328607097
5379,tg,189.53366915609342
5380,tg,185.15412078918243
5381,tg,199.17510647874798
5382,tg,189.30519574875666
5383,tg,111.53979125104107
5384,tg,114.53354529580633
5385,tg,194.76915227486057
5386,tg,203.80798635220575
5387,tg,212.05898939096534
5388,tg,162.80659042712333
5389,tg,254.12374456677293
5390,tg,217.56854565327865
5391,tg,192.45636382870237
5392,tg,254.91841036331002
5393,tg,135.6164592855998
5394,tg,124.3765283150576
5395,tg,106.310749452684
5396,tg,246.96130841956588
5397,tg,212.57195390782198
5398,tg,212.74998276955455
5399,tg,256.2796782443386
5400,tg,69.49570617813445
5401,tg,60.75684058797293
5402,tg,55.101458814427446
5403,tg,78.42527517165324
5404,tg,101.60139312488755
5405,tg,64.9935321087373
5406,tg,48.33257076137119
5407,tg,71.06850689136778
5408,tg,57.592360662616414
5409,tg,83.52916156167912
5410,tg,91.56481119706693
5411,tg,148.72017704987908
5412,tg,113.92064439187067
5413,tg,119.91947112670535
5414,tg,90.7415415158012
5415,tg,98.43654252283909
5416,tg,46.348533522371355
5417,tg,55.78902505939112
5418,tg,41.29114429633539
5419,tg,56.86740159346505
5420,tg,164.53189370936875
5421,tg,167.24217112819213
5422,tg,180.01421047748912
5423,tg,160.9374011831786
5424,tg,169.0668027576798
5425,tg,216.82233445378895
5426,tg,252.96290222339042
5427,tg,-10.034148637201184
5428,tg,-4.209140006940572
5429,tg,16.174592388654048
5430,tg,8.557004282334475
5431,tg,12.916747458625736
5432,tg,8.421076489087312
5433,tg,241.3063038258122
5434,tg,249.4528150560417
5435,tg,170.29726566237485
5436,tg,148.16344504519824
5437,tg,64.23432771572985
5438,tg,192.411866367919
5439,tg,203.69601597883815
5440,tg,218.82632970625522
5441,tg,95.07523977715825
5442,tg,117.96326227777598
5443,tg,105.37690106142043
5444,tg,92.89385621829547
5445,tg,154.3014023499605
5446,tg,175.65329024012343
5447,tg,79.17598001314532
5448,tg,89.92300609123262
5449,tg,107.21227418609975
5450,tg,208.28858313627165
5451,tg,166.5933666099364
5452,tg,95.52221733974834
5453,tg,92.7674522147914
5454,tg,121.49994224622202
5455,tg,71.84871629691891
5456,tg,76.99975016092058
5457,tg,57.500068669421324
5458,tg,105.97313126886823
5459,tg,137.86710898683287
5460,tg,171.00770981264156
5461,tg,191.54898630541376
5462,tg,77.95011967737527
5463,tg,82.08934924055683
5464,tg,99.51903551912358
5465,tg,56.1324797753301
5466,tg,74.39187705557264
5467,tg,77.89060981056802
5468,tg,178.18769457481739
5469,tg,169.1328872584442
5470,tg,217.02257790463898
5471,tg,146.4245576002354
5472,tg,182.2600625168014
5473,tg,195.57115681958825
5474,tg,141.3992920617266
5475,tg,147.21898278207775
5476,tg,208.38326827021476
5477,tg,140.21051118201981
5478,tg,180.86871454737633
5479,tg,185.84134562140352
5480,tg,180.13429021638058
5481,tg,163.2070610710737
5482,tg,138.41809306412608
5483,tg,87.51660227105808
5484,tg,90.69090838030112
5485,tg,149.41520804059311
5486,tg,134.88377859825366
5487,tg,111.12224021531172
5488,tg,150.72392355877577
5489,tg,151.41348300384612
5490,tg,134.04102156537377
5491,tg,101.61092666928045
5492,tg,123.48224153178461
5493,tg,180.1459762868267
5494,tg,130.99480863982308
5495,tg,159.71192290452524
5496,tg,87.50180121577961
5497,tg,73.32814550238058
5498,tg,118.89349331974314
5499,tg,66.73359255033715
5500,tg,100.27928691120829
5501,tg,99.29272764403977
5502,tg,63.45536690535158
5503,tg,99.75545896603765
5504,tg,109.94652203100239
5505,tg,58.05972544326363
5506,tg,100.72555563591378
5507,tg,107.80104858955951
5508,tg,94.32476579571113
5509,tg,65.79703561798242
5510,tg,41.03963040619915
5511,tg,8.149350964590127
5512,tg,8.137892502639033
5513,tg,85.03734747471609
5514,tg,119.35125627344894
5515,tg,89.98582928741789
5516,tg,66.89760723187418
5517,tg,73.85432431815015
5518,tg,175.24220328565366
5519,tg,209.2591252684881
5520,tg,146.30477862971242
5521,tg,177.66518675891805
5522,tg,181.21768714354542
5523,tg,200.67739408021308
5524,tg,211.17593996424824
5525,tg,206.32682551738782
5526,tg,211.99061579905066
5527,tg,223.5938757715876
5528,tg,251.7456715011329
5529,tg,196.7247514581782
5530,tg,190.74137283705792
5531,tg,185.66189258080186
5532,tg,221.8926453392442
5533,tg,192.0912732995334
5534,tg,194.8134221271489
5535,tg,179.49442420888067
5536,tg,169.00471116022862
5537,tg,166.9733053418578
5538,tg,179.35091705274814
5539,tg,177.68122990626955
5540,tg,190.14627416898554
5541,tg,187.35518923131758
5542,tg,161.8544276808826
5543,tg,196.16187239835585
5544,tg,127.56588097159879
5545,tg,212.60162755247734
5546,tg,230.6956640095121
5547,tg,103.35960371819311
5548,tg,93.58700862603779
5549,tg,210.81740455973687
5550,tg,212.8721630097004
5551,tg,223.43939463444343
5552,tg,213.34868415494867
5553,tg,181.65105696968112
5554,tg,218.48205559973405
5555,tg,206.5373958908135
5556,tg,208.2706931085603
5557,tg,109.97812059321598
5558,tg,197.10268886111808
5559,tg,184.00551402818417
5560,tg,184.24860640400334
5561,tg,164.38174688828045
5562,tg,179.87098620620043
5563,tg,188.83894950128516
5564,tg,186.42980137297022
5565,tg,156.22930320520481
5566,tg,205.65833286430978
5567,tg,184.89525189310595
5568,tg,207.89421565153867
5569,tg,222.49812295469115
5570,tg,204.04117450694008
5571,tg,201.19541150565993
5572,tg,170.8730046021678
5573,tg,229.45470997896993
5574,tg,207.77167123780077
5575,tg,230.265028736867
5576,tg,233.15166372075927
5577,tg,205.15174138531472
5578,tg,287.0851614177366
5579,tg,184.1823203071433
5580,tg,166.9447746170026
5581,tg,149.42389211756696
5582,tg,124.0976591353656
5583,tg,101.4851567180126
5584,tg,209.8704556738079
5585,tg,233.2691292135075
5586,tg,263.27843136810134
5587,tg,124.65602504388596
5588,tg,157.33722169616198
5589,tg,114.08655147546659
5590,tg,169.94690465438592
5591,tg,249.58679842243112
5592,tg,252.80665874618458
5593,tg,252.2481530210173
5594,tg,244.85065582631657
5595,tg,224.11500818186678
5596,tg,242.70716908188052
5597,tg,219.61109778480733
5598,tg,239.19975468857376
5599,tg,195.00836880316396
5600,tg,96.73268158660287
5601,tg,122.36154932692993
5602,tg,172.68363018033475
5603,tg,57.06953094327409
5604,tg,54.46315355089365
5605,tg,157.09312784296455
5606,tg,159.32515104042727
5607,tg,72.77810031012947
5608,tg,100.22989911933115
5609,tg,56.99789929833018
5610,tg,70.44489863351471
5611,tg,66.03281850956039
5612,tg,77.25095190226361
5613,tg,63.16910044957028
5614,tg,58.11868254658289
5615,tg,62.68812468091875
5616,tg,57.84057097802443
5617,tg,57.8625579586468
5618,tg,43.51842998555102
5619,tg,38.59689051556393
5620,tg,60.35398655792433
5621,tg,77.179352772819
5622,tg,72.54377411291985
5623,tg,58.47771218668352
5624,tg,64.45062081703122
5625,tg,61.145368289032774
5626,tg,59.44523037746566
5627,tg,57.85663363467549
5628,tg,52.50126587001266
5629,tg,44.51822956403191
5630,tg,42.52802088326615
5631,tg,69.99524829688266
5632,tg,69.97806060395605
5633,tg,57.29701587943234
5634,tg,54.75553942364202
5635,tg,49.23434261258157
5636,tg,22.686991680182132
5637,tg,36.585163077365635
5638,tg,52.806092172790784
5639,tg,52.143075129793814
5640,tg,64.32095550894799
5641,tg,47.287490098573954
5642,tg,42.23708520178627
5643,tg,14.778181755988925
5644,tg,57.10901126251645
5645,tg,51.02640184065183
5646,tg,35.840798758235806
5647,tg,44.33782056775101
5648,tg,38.379862563978534
5649,tg,42.65501341730743
5650,tg,41.40672389012461
5651,tg,31.398934436928513
5652,tg,59.29934633833477
5653,tg,45.39513356138251
5654,tg,48.25931984456244
5655,tg,44.553964097755625
5656,tg,23.862492010646193
5657,tg,38.87282354566972
5658,tg,53.00232971412781
5659,tg,53.23048446957151
5660,tg,63.12853411265152
5661,tg,53.99867614658372
5662,tg,50.590895746212524
5663,tg,30.83133087505884
5664,tg,35.547970674697055
5665,tg,30.12255802145583
5666,tg,39.166119852398296
5667,tg,46.49872911670859
5668,tg,49.32352612404419
5669,tg,60.46032524681428
5670,tg,55.972262904110565
5671,tg,61.80577108588653
5672,tg,59.538627897636744
5673,tg,26.29688842416266
5674,tg,55.53055285240603
5675,tg,63.23828042586746
5676,tg,137.4734592817468
5677,tg,155.95085997855358
5678,tg,41.37875405763221
5679,tg,87.00649261503943
5680,tg,150.2688016765001
5681,tg,211.26310751475467
5682,tg,208.54583926358316
5683,tg,93.9845138564526
5684,tg,57.12858559309123
5685,tg,33.30122120760424
5686,tg,26.47187383516136
5687,tg,8.305685485194005
5688,tg,15.001771335331796
5689,tg,28.724664682022933
5690,tg,13.412999008845418
5691,tg,69.9233110062454
5692,tg,49.590705981740115
5693,tg,155.48652401666556
5694,tg,201.37782995979717
5695,tg,171.6430073924907
5696,tg,200.54839208831544
5697,tg,179.12004075001357
5698,tg,178.49259566324386
5699,tg,108.88447478067374
5700,tg,153.49282723571307
5701,tg,158.35591603128242
5702,tg,82.41722903233415
5703,tg,113.7550852241172
5704,tg,69.90804823087696
5705,tg,225.5588654311012
5706,tg,185.46207833454253
5707,tg,183.73712134236456
5708,tg,196.49458724487815
5709,tg,155.03835313525138
5710,tg,241.8780953839909
5711,tg,200.17087413531644
5712,tg,222.07614981105786
5713,tg,199.03453547220167
5714,tg,199.46920916985903
5715,tg,159.73704763082944
5716,tg,262.36525307973875
5717,tg,115.6520427044587
5718,tg,96.04188980410925
5719,tg,151.2457534265148
5720,tg,133.87346757173862
5721,tg,118.37688544119065
5722,tg,162.71273281263723
5723,tg,140.9085986296674
5724,tg,178.12521279137468
5725,tg,192.14377282469292
5726,tg,199.13796727545477
5727,tg,199.8543422527926
5728,tg,244.16950814091348
5729,tg,201.42523755776733
5730,tg,120.19571305405441
5731,tg,261.9275164220479
5732,tg,211.2166103507647
5733,tg,234.46443798614126
5734,tg,220.0775716407739
5735,tg,223.39500447480776
5736,tg,229.2795880028742
5737,tg,298.58013177142595
5738,tg,250.8753421377395
5739,tg,238.35792190876128
5740,tg,238.99620766299552
5741,tg,251.16426836136299
5742,tg,214.1124797364564
5743,tg,225.7045413710366
5744,tg,225.75023215064402
5745,tg,257.1666100216713
5746,tg,225.4865249482727
5747,tg,282.5973982176264
5748,tg,195.33625184649122
5749,tg,230.7392672940649
5750,tg,222.62132418151478
5751,tg,259.6815148114389
5752,tg,206.7347909839254
5753,tg,229.3760224706793
5754,tg,201.47364013001584
5755,tg,201.06767111513489
5756,tg,184.44149484891312
5757,tg,185.6732892633043
5758,tg,204.7539337607565
5759,tg,198.73033997010984
5760,tg,254.23347787378913
5761,tg,109.9764297872527
5762,tg,68.95667073394418
5763,tg,158.0788205720769
5764,tg,44.65087329185043
5765,tg,26.827827509028822
5766,tg,95.91677341437722
5767,tg,75.91487052698794
5768,tg,107.25015149122692
5769,tg,96.21944719110209
5770,tg,120.11993893450048
5771,tg,123.34547809020559
5772,tg,145.67068981354953
5773,tg,146.12797722807815
5774,tg,148.21947331491862
5775,tg,152.95929422689076
5776,tg,128.05530914429173
5777,tg,133.79221052611632
5778,tg,151.29700516938894
5779,tg,136.28291809419702
5780,tg,85.28033580093754
5781,tg,161.6354894437137
5782,tg,38.55432772698855
5783,tg,132.6890669362304
5784,tg,63.274158027788076
5785,tg,155.6217445978031
5786,tg,13.42415832820302
5787,tg,17.352837027258488
5788,tg,69.16155739809332
5789,tg,24.247020305292907
5790,tg,30.15253731180458
5791,tg,118.68907325300886
5792,tg,-14.008934314255043
5793,tg,-20.478907382304783
5794,tg,92.41419732736532
5795,tg,19.811659083844333
5796,tg,166.592418783132
5797,tg,182.5627265388765
5798,tg,140.11323903366414
5799,tg,199.2616887502671
5800,tg,217.80717690259476
5801,tg,224.815346514953
5802,tg,248.6814563693983
5803,tg,176.91492087666643
5804,tg,192.8917723766438
5805,tg,209.8072325369813
5806,tg,241.13040798083327
5807,tg,155.02935447082186
5808,tg,233.95691006076652
5809,tg,237.33201888744745
5810,tg,83.11424428139256
5811,tg,124.93654601094207
5812,tg,134.06833052034304
5813,tg,233.8267114984949
5814,tg,208.55413071590303
5815,tg,225.06224970728942
5816,tg,192.35306208744646
5817,tg,206.23133399906223
5818,tg,183.48080491298265
5819,tg,190.94909485274547
5820,tg,224.06000496326163
5821,tg,99.45977277011097
5822,tg,169.5615195763328
5823,tg,132.4477157653984
5824,tg,75.11528188385778
5825,tg,-2.608818175105114
5826,tg,-12.820232691077763
5827,tg,-35.5534830408327
5828,tg,-8.021972485112627
5829,tg,11.315619242407791
5830,tg,202.93770251051131
5831,tg,135.14096156569175
5832,tg,134.1086025919932
5833,tg,144.7739257556741
5834,tg,222.83035982337378
5835,tg,215.986738146741
5836,tg,158.79751065296443
5837,tg,178.493740208819
5838,tg,134.99925495533262
5839,tg,167.17791237271302
5840,tg,236.86029702989487
5841,tg,239.3628524330307
5842,tg,191.68310623690022
5843,tg,171.54652415143664
5844,tg,247.96108198564733
5845,tg,248.3006283385712
5846,tg,246.97999182546
5847,tg,273.25341918561
5848,tg,232.20920847683266
5849,tg,136.3995292422013
5850,tg,148.419837073116
5851,tg,254.27031143138896
5852,tg,187.7568271816926
5853,tg,79.3840466931254
5854,tg,102.86048430093572
5855,tg,225.66205011655967
5856,tg,149.1047370471376
5857,tg,210.01964979076686
5858,tg,194.97646784680697
5859,tg,194.1882303644802
5860,tg,212.34466406465947
5861,tg,190.9127555307349
5862,tg,239.64721998365326
5863,tg,186.90792878388362
5864,tg,199.58871663596292
5865,tg,192.88073661618353
5866,tg,172.14240319149206
5867,tg,199.0114949894022
5868,tg,192.82939139124892
5869,tg,180.50451169133805
5870,tg,213.29481247571897
5871,tg,183.8054006393313
5872,tg,138.02186406705857
5873,tg,186.19415504648927
5874,tg,231.85245492168258
5875,tg,212.80414058517806
5876,tg,203.3548568571493
5877,tg,228.38559385909485
5878,tg,196.45974363583508
5879,tg,210.889348353474
5880,tg,237.8609875330564
5881,tg,195.33471386337462
5882,tg,192.61515652105285
5883,tg,185.46252054533292
5884,tg,183.8405889126669
5885,tg,192.85777091903242
5886,tg,250.85094250706953
5887,tg,222.94267486103394
5888,tg,199.36174544469353
5889,tg,174.78476223539087
5890,tg,258.09219622456436
5891,tg,159.94161889463544
5892,tg,196.46429580573619
5893,tg,209.99612157547799
5894,tg,210.98293446354097
5895,tg,256.29272346265515
5896,tg,140.4701738627228
5897,tg,152.67192712145837
5898,tg,124.40690592027269
5899,tg,48.683887725039355
5900,tg,96.54887472064578
5901,tg,95.31444980236176
5902,tg,172.32596619120446
5903,tg,246.69334168678705
5904,tg,195.10777518760452
5905,tg,157.21103229495324
5906,tg,125.30383783941322
5907,tg,37.03950865209568
5908,tg,55.03320227831021
5909,tg,184.04723791687775
5910,tg,40.48825858157686
5911,tg,191.5213741434136
5912,tg,65.24314059061494
5913,tg,156.83114558783072
5914,tg,168.01275269440242
5915,tg,118.2130739815242
5916,tg,140.07982366792754
5917,tg,98.82427684571616
5918,tg,47.26865061828322
5919,tg,48.79399821184738
5920,tg,78.74181355727693
5921,tg,68.99596246329062
5922,tg,-5.816303099827422
5923,tg,206.67726456257506
5924,tg,177.00973932415664
5925,tg,197.2181026258609
5926,tg,191.92755776058988
5927,tg,181.5674856333966
5928,tg,210.85527211021423
5929,tg,181.93787293740047
5930,tg,183.68675158240876
5931,tg,178.89064065094695
5932,egc,4.738311362316688
5933,egc,3.5289685835217988
5934,egc,2.806441372170921
5935,egc,4.251975763756432
5936,egc,3.227730484657494
5937,egc,3.9493529523257376
5938,egc,3.867249811562648
5939,egc,4.026777401275609
5940,egc,3.828217265108232
5941,egc,4.004703646332159
5942,egc,4.252106294729396
5943,egc,3.946182026445115
5944,egc,4.360014562943045
5945,egc,4.335246088831828
5946,egc,3.8944525037162117
5947,tg,155.50901661330195
5948,tg,28.831068401911466
5949,tg,39.472344321646034
5950,tg,39.75741420705333
5951,tg,-7.635740378302927
5952,tg,68.72902322028948
5953,tg,55.38496145276879
5954,tg,62.504210513814
5955,tg,54.25274575496444
5956,tg,72.22184465751327
5957,tg,31.313405667586494
5958,tg,63.87224161869561
5959,tg,131.5167035385607
5960,tg,93.77395974077656
5961,tg,130.4284203447395
5962,tg,223.8017148430726
5963,tg,156.45536233671902
5964,tg,207.82649236960987
5965,tg,188.26198797871876
5966,tg,161.82942976502562
5967,tg,132.99273243568376
5968,tg,263.07177586079064
5969,tg,208.22240108900934
5970,tg,188.90496571950106
5971,tg,196.95119589835903
5972,tg,187.0112012611902
5973,tg,137.76910849129305
5974,tg,139.998347142685
5975,tg,273.2309054538991
5976,tg,238.04715177271228
5977,tg,262.0200945516368
5978,tg,276.17488477234565
5979,tg,279.9403746835461
5980,tg,261.3831159204742
5981,tg,202.64577835785295
5982,tg,210.17229055065098
5983,tg,267.893824406039
5984,tg,131.6550342272057
5985,tg,129.917567709562
5986,tg,-9.382043795767146
5987,tg,-25.73265770857509
5988,tg,79.92088408956343
5989,tg,18.30777822291384
5990,tg,-8.893023692590361
5991,tg,-58.34706915107691
5992,tg,-43.61614330148373
5993,tg,-45.63055651992369
5994,tg,42.0491261065694
5995,tg,-58.07846511451194
5996,tg,122.08681937029802
5997,egb,6.366844394912982
5998,egc,5.509146623954422
5999,tg,-47.771038832225
6000,tg,43.90614479912851
6001,tg,-35.26473240090536
6002,tg,53.240635808450975
6003,tg,78.08229518200396
6004,tg,36.07542409803894
6005,tg,-43.35348309818963
6006,tg,-48.786276769770495
6007,tg,-68.81120713375955
6008,tg,-44.94790011535335
6009,tg,32.43385075464654
6010,tg,35.576142103285065
6011,tg,-49.76524041630401
6012,tg,123.6759542446015
6013,egb,3.6217176933652633
6014,ei,5.616813427912838
6015,tg,122.9686592204414
6016,tg,60.179397836017
6017,tg,197.98893130986582
6018,tg,185.58555269156022
6019,tg,82.08859488097323
6020,tg,164.42272617204026
6021,tg,198.6445770891729
6022,tg,151.3862098159261
6023,tg,110.83082005289238
6024,tg,82.70015939788792
6025,tg,83.98407290609686
6026,tg,-9.77996847612286
6027,tg,-53.337276112907006
6028,tg,-46.56623553379751
6029,tg,-55.62911157132038
6030,tg,-58.50281839269351
6031,tg,-55.649154125085005
6032,tg,81.40718056847591
6033,tg,44.592859138010695
6034,tg,-53.20984136807533
6035,tg,14.720447235443118
6036,tg,17.637802863068032
6037,tg,-9.375683764105304
6038,tg,26.57046082901971
6039,tg,48.261960103105096
6040,tg,10.14165364351041
6041,tg,126.73406784289367
6042,tg,27.904948944829997
6043,tg,21.62173189852328
6044,tg,-7.67834868857733
6045,tg,-41.428032285817096
6046,tg,-24.662728701217674
6047,tg,20.574030486482982
6048,tg,-12.774593936269184
6049,tg,23.738256790945016
6050,tg,42.70813724005339
6051,tg,27.360444393658526
6052,tg,29.686499163528552
6053,tg,9.96543264353852
6054,tg,-54.98495351791374
6055,tg,47.86578475661139
6056,tg,70.22580269617423
6057,tg,121.6199244386156
6058,tg,154.83430211943408
6059,tg,132.5355702058274
6060,tg,111.09843561827884
6061,egc,3.7615001414797633
6062,egc,3.7540879170462023
6063,egc,3.9832767511082867
6064,egc,3.654057447756862
6065,egc,3.2028610862225695
6066,tg,265.61161353541655
6067,tg,283.6180857528535
6068,tg,209.15399615617187
6069,tg,197.20063529964034
6070,tg,348.08884228732495
6071,tg,292.047793975731
6072,tg,247.91481243015247
6073,tg,224.31200658588727
6074,tg,201.09885347895752
6075,tg,220.36664093259432
6076,tg,213.72503154997312
6077,tg,216.74596204904805
6078,tg,224.79413340321383
6079,tg,215.26845776114453
6080,tg,185.65357511608255
6081,tg,237.35792723728463
6082,egc,2.923856249000864
6083,egc,3.0453076314286696
6084,egc,2.8358741670698695
6085,egc,3.2978362259933167
6086,tg,236.33562693329253
6087,tg,258.9930706479943
6088,tg,248.94738763192134
6089,tg,265.3802592548424
6090,tg,286.9070675250054
6091,tg,244.9774987890611
6092,tg,261.2122404685862
6093,tg,264.52140786269956
6094,tg,229.95261331655374
6095,tg,198.5708644522742
6096,tg,186.9866650654232
6097,tg,212.27977613426907
6098,tg,313.0095348929692
6099,tg,314.5754813389515
6100,tg,64.1501125725593
6101,tg,109.97959354533397
6102,tg,88.11672783532126
6103,tg,101.2295718873648
6104,tg,93.76755743896564
6105,tg,216.1376035603637
6106,tg,83.10207047845702
6107,tg,63.743766377886544
6108,tg,43.72779078240298
6109,tg,42.707896625358615
6110,tg,144.3346669661726
6111,tg,193.19639058022642
6112,tg,72.05259498058996
6113,tg,103.5740174236353
6114,tg,63.47040207222497
6115,tg,106.70157925109382
6116,tg,18.685608324706067
6117,tg,82.15101813651717
6118,tg,125.53979794046234
6119,tg,289.64717466288073
6120,tg,303.9480765312155
6121,tg,345.61795047740134
6122,tg,291.06347177491386
6123,tg,307.42166830215706
6124,tg,284.88214529719374
6125,tg,292.1575012703478
6126,tg,263.6663022560755
6127,tg,304.0316803829994
6128,tg,281.27638452472337
6129,tg,314.31343242704406
6130,tg,323.9920999963898
6131,tg,340.0443126690801
6132,tg,336.0151740834069
6133,tg,306.433158105031
6134,tg,363.7997852856288
6135,tg,320.0722785193419
6136,tg,313.2181023116384
6137,tg,265.55865229016706
6138,tg,260.29696818206907
6139,tg,268.478492101938
6140,tg,244.2502766411589
6141,tg,155.49319944867054
6142,tg,251.97832640167883
6143,tg,249.93431107268194
6144,tg,242.55226524324559
6145,tg,261.0213354691333
6146,tg,247.08508191917707
6147,tg,252.12312442313333
6148,tg,247.62980757574377
6149,tg,239.7616420256676
6150,tg,127.41285815459798
6151,tg,255.3982090708871
6152,tg,265.2298945799088
6153,tg,257.7015940346496
6154,tg,250.96340711602642
6155,tg,250.88063566102448
6156,tg,264.2563545186575
6157,tg,237.4939330677301
6158,tg,266.07553167313864
6159,tg,141.14441037875102
6160,tg,309.58190703182925
6161,tg,255.9386166691476
6162,tg,285.71452907291143
6163,tg,265.5423555219211
6164,tg,277.1757768716028
6165,tg,304.55360617146135
6166,tg,317.16064561959274
6167,tg,311.0602827351138
6168,tg,45.89966355772236
6169,tg,269.3295657866497
6170,tg,77.3570174609595
6171,tg,72.437845119321
6172,egc,2.86022331101463
6173,egc,3.4904520854037444
6174,egc,3.3244153792133773
6175,egc,4.262637615881741
6176,egc,2.791078816027502
6177,egc,2.71030869887409
6178,egc,2.823952431675982
6179,egc,2.57356719961833
6180,egc,2.7638494848998647
6181,egc,2.856613683292544
6182,egc,2.382490792499133
6183,egc,2.4114768003943117
6184,egb,1.5341411270427887
6185,egc,2.305559491714929
6186,egc,2.5259662505204936
6187,egc,2.0327988300161977
6188,egc,2.8448629981532383
6189,egb,2.838334068830866
6190,egc,2.57917652632758
6191,egc,3.5830752374389583
6192,egc,2.9092837020113906
6193,egc,2.886312867932233
6194,egc,3.2986808216765935
6195,egc,3.0811764024639254
6196,egc,3.5616575957534486
6197,egc,2.8347343928598345
6198,egc,2.8831580656411813
6199,egc,1.943139333949293
6200,egc,2.813251041704943
6201,egc,3.714854783790512
6202,egc,3.070137772428116
6203,egc,4.0197666775898915
6204,egc,2.6255896575919637
6205,egc,1.6536443491474522
6206,egc,2.7207565979760453
6207,egc,3.545067216580424
6208,egc,2.7589849278236764
6209,egc,2.8756709249349175
6210,egc,3.434054012365788
6211,egc,2.931353858356589
6212,egc,2.479545080828845
6213,egc,2.705503214891287
6214,egc,2.8861498561049164
6215,egc,3.9201989319537236
6216,egc,2.759336188401117
6217,egc,3.2862972505953367
6218,egc,3.078915080710328
6219,egc,2.9283727234824837
6220,egc,2.0391809673838504
6221,egc,3.492665737414262
6222,egc,2.6163968747842805
6223,egc,3.0964134282839004
6224,egc,1.852929299084857
6225,egc,2.8437514519087137
6226,egc,3.173206019462751
6227,egc,2.6607547858313247
6228,egc,3.014024128857204
6229,egc,3.030492716510164
6230,egc,2.651203638719781
6231,egc,2.1605840257779847
6232,egc,2.849779337656223
6233,egc,3.155606256847528
6234,egc,2.983221342930171
6235,egc,4.222349625987757
6236,egc,2.8070986538049185
6237,egc,3.0414689085295468
6238,egc,2.360992860011064
6239,egc,2.315917098715285
6240,egc,2.541512755790151
6241,egc,2.471042294184723
6242,tg,292.6800903749953
6243,tg,217.04337481798717
6244,tg,302.35471301622897
6245,tg,88.38010337959983
6246,tg,88.06824722587443
6247,tg,128.47708556915427
6248,tg,134.24757383597424
6249,tg,59.68669047522032
6250,tg,108.51426631191596
6251,tg,63.09902954859247
6252,tg,128.55981800555702
6253,tg,95.02573818103359
6254,tg,177.1845524030091
6255,tg,114.88367219220036
6256,tg,110.09642173429606
6257,tg,96.89128894060735
6258,tg,96.4092271542794
6259,tg,153.01519324750143
6260,tg,200.86823404866738
6261,tg,121.53843246851088
6262,tg,267.43082970849684
6263,tg,220.7787163582426
6264,tg,184.7908413733241
6265,tg,133.95023097535855
6266,tg,254.108826455697
6267,tg,277.93174922398043
6268,tg,241.12294242219542
6269,tg,262.6403602161625
6270,tg,248.515152596711
6271,tg,239.7155220414695
6272,tg,262.67720677996203
6273,tg,273.37969637866684
6274,tg,265.060944045579
6275,tg,254.24817487946984
6276,tg,233.89522165550662
6277,tg,251.62248978360884
6278,tg,254.96549280628722
6279,tg,282.3312783652074
6280,tg,313.09433531512707
6281,tg,290.1735485716461
6282,tg,317.74980045439423
6283,tg,294.9594268754802
6284,tg,307.6429948027491
6285,tg,287.3588508783911
6286,tg,301.3127733506635
6287,tg,325.7436449123402
6288,tg,319.1131493273775
6289,tg,317.14871893445184
6290,tg,345.83748212243233
6291,tg,293.1751713672404
6292,tg,304.4249488438562
6293,tg,297.63748143450357
6294,tg,291.5739391014248
6295,tg,313.130336475945
6296,tg,293.56522729676703
6297,tg,314.73052824578326
6298,tg,299.09339543087606
6299,tg,252.9651913145407
6300,tg,155.89522108193725
6301,tg,207.86698717243019
6302,tg,304.17474857989146
6303,tg,147.83048470665628
6304,tg,263.19451536752433
6305,tg,256.50640231781335
6306,tg,284.5769548208235
6307,tg,304.6952176739851
6308,tg,300.5261583917515
6309,tg,318.93134866772687
6310,tg,302.113356968072
6311,tg,296.64876313818195
6312,tg,326.3389126610089
6313,tg,330.59011910065794
6314,tg,258.6958659782506
6315,tg,291.56528997861267
6316,tg,303.0161823214595
6317,tg,241.0102502047435
6318,tg,210.1431696694836
6319,tg,330.82173350522646
6320,tg,292.1702213336714
6321,tg,281.8239975576273
6322,tg,272.45520269655003
6323,tg,319.3877232096129
6324,tg,275.7503884259672
6325,tg,260.37296340701823
6326,tg,272.0678910751638
6327,tg,304.93896686288997
6328,tg,248.33517930812064
6329,tg,309.79212623786253
6330,tg,195.79984157767043
6331,tg,285.9483805438314
6332,tg,169.25225003057622
6333,tg,175.37740923481653
6334,tg,300.6158231326036
6335,tg,213.0782657535231
6336,tg,272.304122680632
6337,tg,262.04018913020025
6338,tg,269.3507919045886
6339,tg,263.9484457465463
6340,tg,262.28720287523424
6341,tg,195.74715671416493
6342,tg,185.9743080011151
6343,tg,257.08617968261854
6344,tg,198.89393195015606
6345,tg,298.4569760663013
6346,tg,293.6708116260734
6347,tg,316.21998523122716
6348,tg,298.44927639606857
6349,tg,296.19980213013497
6350,tg,270.1018479134731
6351,tg,278.82891688049085
6352,tg,304.48761271409495
6353,tg,323.15426662299046
6354,tg,309.5344994338591
6355,tg,303.01417936670305
6356,tg,283.371553237209
6357,tg,274.881795390236
6358,tg,258.34849639619665
6359,tg,285.5920496901722
6360,tg,306.7980080195051
6361,tg,283.5475661379854
6362,tg,243.17062549951265
6363,tg,293.75765402158686
6364,tg,233.5677320497208
6365,tg,279.3108486048216
6366,tg,282.66367781138655
6367,tg,311.04046128674435
6368,tg,263.281578868433
6369,tg,266.9656629756019
6370,tg,315.66166809595575
6371,tg,294.4913337476488
6372,tg,250.03358089202544
6373,tg,249.06523680756123
6374,tg,275.09682689016483
6375,tg,248.42789400280657
6376,tg,251.20364463100762
6377,tg,266.3708504439233
6378,tg,262.0733549394798
6379,tg,214.5726781010593
6380,tg,255.05072243303573
6381,tg,284.0030952768898
6382,tg,305.6046891954282
6383,tg,321.9786362305292
6384,tg,299.87968523479515
6385,tg,262.9360431605392
6386,tg,305.560090936597
6387,tg,302.4341028593043
6388,tg,282.4576726140617
6389,tg,299.20588605223236
6390,tg,290.22566441391393
6391,tg,306.26135921296304
6392,tg,300.00843360579825
6393,tg,291.56701980317507
6394,tg,296.0216692188046
6395,tg,242.44264899202682
6396,tg,190.69352627984733
6397,tg,207.3033830169736
6398,tg,138.9999827170542
6399,tg,132.3670757013752
6400,tg,209.73095117563838
6401,tg,319.0948365981754
6402,tg,300.60099606492577
6403,tg,284.4641780630734
6404,tg,292.0671602071103
6405,tg,305.43341055134897
6406,tg,297.8022569787241
6407,tg,300.6183333291491
6408,tg,326.1815116320282
6409,tg,298.6425225114706
6410,tg,322.80116130686116
6411,tg,294.41438907012036
6412,tg,285.25568335307923
6413,tg,261.63845363332734
6414,tg,172.1917259523706
6415,tg,276.4574704736069
6416,tg,284.20571886228805
6417,tg,261.5677389254635
6418,tg,263.2415978105015
6419,tg,260.0245273165874
6420,tg,280.02144232638506
6421,tg,256.7470560311855
6422,tg,293.9825312147018
6423,tg,211.21544629589002
6424,tg,268.0731799001428
6425,tg,250.86933977656986
6426,tg,268.3253961250638
6427,tg,315.3754796773727
6428,tg,210.16569640739422
6429,tg,219.32760815266573
6430,tg,154.82471167291743
6431,tg,257.0437794715396
6432,tg,212.66018146360534
6433,tg,288.0806039193121
6434,tg,279.4409756329948
6435,tg,272.28530270964086
6436,tg,277.40772943736397
6437,tg,302.4215648827767
6438,tg,265.0856818374416
6439,tg,285.31860734731225
6440,tg,251.090432165567
6441,tg,265.5899322004875
6442,tg,308.58903975779776
6443,tg,297.93482917244415
6444,tg,297.2486610939501
6445,tg,294.0743289723076
6446,tg,313.8918104508032
6447,tg,296.38251322376584
6448,tg,247.5466004130513
6449,tg,255.9813030166203
6450,tg,301.9058560577797
6451,tg,207.74134078005966
6452,tg,193.5387267629897
6453,tg,257.8386403610725
6454,tg,290.95255490372335
6455,tg,269.2896237473174
6456,tg,285.34443765995115
6457,tg,260.875887137693
6458,tg,297.91987204276904
6459,tg,292.31827090505533
6460,tg,300.1329029370944
6461,tg,274.3843992944412
6462,tg,214.052287044164
6463,tg,271.7422938714369
6464,tg,209.3474113521702
6465,tg,243.5847428985166
6466,tg,245.92190496294532
6467,tg,277.63531192002006
6468,tg,260.9416334772647
6469,tg,252.45716915357673
6470,tg,238.3133106437304
6471,tg,265.8967484518224
6472,tg,331.8545168061909
6473,tg,250.7389786368018
6474,tg,239.9832871781527
6475,tg,269.9073011780993
6476,tg,298.34460250074244
6477,tg,285.86110894372723
6478,tg,272.8764865115983
6479,tg,269.45755979806927
6480,tg,272.722428075945
6481,tg,284.7022695551012
6482,tg,293.83653662287327
6483,tg,277.32908094767254
6484,tg,284.18520808533367
6485,tg,303.6542534733984
6486,tg,306.0070880084867
6487,tg,337.5104968649233
6488,tg,307.9670312625099
6489,tg,249.09228970297357
6490,tg,185.43916141064034
6491,tg,241.49497826201355
6492,tg,229.41987937612657
6493,tg,137.46119768696317
6494,tg,142.14251589971872
6495,tg,160.77379131960777
6496,tg,155.2782134704408
6497,tg,235.27495183703408
6498,tg,282.1256633538741
6499,tg,259.210820443664
6500,tg,225.71368472943797
6501,tg,257.1252112879706
6502,tg,253.92980912278585
6503,tg,261.72621946902075
6504,tg,258.6930176205125
6505,tg,268.84145611745316
6506,tg,256.7887799198791
6507,tg,79.01602976902
6508,tg,151.8543622845437
6509,tg,75.13454406563933
6510,tg,168.36900713663832
6511,tg,126.83985701984555
6512,tg,134.14118556094786
6513,tg,110.68840541753612
6514,tg,294.61195324382857
6515,tg,264.8605835389315
6516,tg,264.8772574869693
6517,tg,317.5815652610489
6518,tg,281.53791318864205
6519,tg,273.65283957893325
6520,tg,281.9019307063343
6521,tg,278.372399270408
6522,tg,290.51198289449417
6523,tg,289.9728759162054
6524,tg,257.6679990207794
6525,tg,264.0140750303206
6526,tg,264.73853336078287
6527,tg,258.725077902816
6528,tg,264.7276601778191
6529,tg,345.6898877680386
6530,tg,294.2502898482851
6531,tg,264.9967194313742
6532,tg,257.8204056690686
6533,tg,271.9396759583491
6534,tg,268.5725789506941
6535,tg,259.79918190028275
6536,tg,255.47941978192296
6537,tg,249.8009455007791
6538,tg,230.9983182769374
6539,tg,274.59239444032283
6540,tg,243.07651914145697
6541,tg,239.88157219326231
6542,tg,289.0521410258069
6543,tg,293.5075448010201
6544,tg,275.27975908919086
6545,tg,297.55052198319265
6546,tg,298.4778770292473
6547,tg,310.26170207246173
6548,tg,251.05343603047066
6549,tg,255.65959466660894
6550,tg,239.77356220770866
6551,tg,263.4024845010065
6552,tg,221.8649291276463
6553,tg,299.1683631660475
6554,tg,260.677711672598
6555,tg,264.15547843364885
6556,tg,269.5325275332407
6557,tg,273.0249782937725
6558,tg,284.711673037497
6559,tg,283.66951226653634
6560,tg,302.47903927932816
6561,tg,265.1306312636651
6562,tg,222.68128926531213
6563,tg,230.4917463072419
6564,tg,144.21800135470696
6565,tg,223.23180268075305
6566,tg,148.2503573490352
6567,tg,178.01959269501913
6568,tg,171.68975492582516
6569,tg,248.00443164930562
6570,tg,244.91021771792268
6571,tg,239.2242193502423
6572,tg,250.741729448042
6573,tg,285.75244214508785
6574,tg,261.41258796903395
6575,tg,286.4281662452088
6576,tg,274.6932965377309
6577,tg,263.8668708619184
6578,tg,239.26837539828307
6579,tg,274.9031905887713
6580,tg,264.00532185791076
6581,tg,248.71514892976637
6582,tg,227.29454928649614
6583,tg,246.55985905908676
6584,tg,253.40719400573886
6585,tg,253.97508370400234
6586,tg,241.99243938880693
6587,tg,266.47274101250986
6588,tg,264.9253153949253
6589,tg,259.92441859736215
6590,tg,259.44952322707854
6591,tg,248.93615027536546
6592,tg,257.9212687478775
6593,tg,248.97008345042832
6594,tg,241.1063400082561
6595,tg,239.3757870986497
6596,tg,264.68351713597804
6597,tg,256.8094207588307
6598,tg,227.3240798629546
6599,tg,256.1992479052858
6600,tg,263.06731473428755
6601,tg,249.973160591238
6602,tg,238.1639929678741
6603,tg,247.96941245656637
6604,tg,255.43368998371636
6605,tg,243.02316771021594
6606,tg,250.86067764755805
6607,tg,261.3168233205143
6608,tg,238.7946375797743
6609,tg,292.73718759175495
6610,tg,259.26464009809484
6611,tg,283.02873582505623
6612,tg,270.88501622945995
6613,tg,273.8527578747903
6614,tg,264.36786967503497
6615,tg,278.2558637209396
6616,tg,263.89619984228125
6617,tg,275.63765068681624
6618,tg,261.4799860959698
6619,tg,276.06589281871334
6620,tg,269.31848450449047
6621,tg,276.7081259545618
6622,tg,278.977551730862
6623,tg,244.4421050807917
6624,tg,187.23197499829422
6625,tg,259.90215198344583
6626,tg,301.87292436009506
6627,tg,254.15952462219565
6628,tg,241.20346380464622
6629,tg,245.7455018761774
6630,tg,250.77440752483213
6631,tg,250.15437597190137
6632,tg,131.69825626752927
6633,tg,246.10741889261533
6634,tg,276.3254185278755
6635,tg,260.86835654805657
6636,tg,237.98160052613628
6637,tg,278.3433564264389
6638,tg,221.55332009171553
6639,tg,254.3695617414329
6640,tg,231.87957935119334
6641,tg,247.47114494539045
6642,tg,199.1935102513482
6643,tg,192.220645968123
6644,tg,376.2376921126343
6645,tg,312.89459910606604
6646,tg,241.85384532461768
6647,tg,255.17386513196067
6648,tg,234.13469830780434
6649,tg,265.24551502576946
6650,tg,218.6746839206495
6651,tg,262.15645154947464
6652,tg,237.88554974122286
6653,tg,252.65507148847757
6654,tg,256.01301213153147
6655,tg,256.36221558774554
6656,tg,259.78341838622515
6657,tg,257.6584654763865
6658,tg,305.8362255627984
6659,tg,279.439492926227
6660,tg,304.7753878890435
6661,tg,277.74708720039195
6662,tg,249.75267299052774
6663,tg,291.7796711685555
6664,tg,275.3288835055237
6665,tg,159.65783662300018
6666,tg,263.4467055800459
6667,tg,298.19746336333884
6668,tg,287.1706381622797
6669,tg,242.2574081925509
6670,tg,266.46558760266527
6671,tg,248.0199870641677
6672,tg,207.41444945946085
6673,tg,305.22615675885123
6674,tg,302.4142033737366
6675,tg,254.17928103956646
6676,tg,309.55714322756717
6677,tg,317.36087606424303
6678,tg,296.2486143976746
6679,tg,304.25711684270215
6680,tg,299.27163239180413
6681,tg,290.04294031408335
6682,tg,278.46642108816553
6683,tg,316.9495549981783
6684,tg,278.72266923499893
6685,tg,298.2670205194278
6686,tg,213.40505952762402
6687,tg,241.0712622876181
6688,tg,207.29444125466784
6689,tg,196.842281981925
6690,tg,248.89825020938878
6691,tg,211.74078621177782
6692,tg,241.14753714586115
6693,tg,236.9367474718341
6694,tg,271.03049057329974
6695,tg,232.20974823412092
6696,tg,248.21312262687212
6697,tg,219.57269698014153
6698,tg,232.81893911958718
6699,tg,392.9347131487171
6700,tg,352.10425933229624
6701,tg,334.9952799263626
6702,tg,328.83787184992286
6703,tg,285.3510968342065
6704,tg,327.25504335670735
6705,tg,156.36486845063487
6706,tg,353.52919256094174
6707,tg,249.53801216729093
6708,tg,325.9891369320072
6709,tg,288.82398627036326
6710,tg,301.4591321160841
6711,tg,246.59781765296214
6712,tg,293.7297036983941
6713,tg,286.0488014118499
6714,tg,277.1285773728281
6715,tg,293.89975975969986
6716,egc,2.678750768134619
6717,egc,1.6782548354483926
6718,egc,1.0435643600471582
6719,egc,2.2283827384889046
6720,egc,0.5038228527930197
6721,egc,2.2628273993171657
6722,tg,131.5171701359756
6723,tg,92.86696264882968
6724,egc,2.3607197404242406
6725,egc,2.2528044152192144
6726,egc,3.4149426515445067
6727,egc,3.645916483809726
6728,egc,3.3568808110029735
6729,egc,3.5448707424628667
6730,egc,3.5357719905601606
6731,egc,3.5350747037300096
6732,nc,2.038340559706115
6733,egc,3.2846286226473675
6734,egc,3.6233773880507387
6735,egc,3.469010982727033
6736,egc,3.1962750906006865
6737,egc,3.7473930287759107
6738,egc,3.3163386292142727
6739,egc,3.5160457835232313
6740,egc,3.1028507130013905
6741,egc,3.641184186903064
6742,egc,2.7438033297637925
6743,egc,3.278641396386603
6744,ei,5.622035508514188
6745,egc,2.4792824298914824
6746,egc,2.485277414169258
6747,egc,3.8592042805717566
6748,egc,3.4819178928112406
6749,egc,2.6656720600351544
6750,egc,3.6567742492320847
6751,eea,2.3154667990631403
6752,egc,2.5238338240133813
6753,egc,3.1077058295990474
6754,egc,3.1369846792688723
6755,egc,2.007822688744808
6756,egc,1.7143877529423621
6757,egc,2.697647988992378
6758,egc,2.6740946493468
6759,egc,3.21799473412912
6760,egc,3.3853361892286125
6761,egc,2.512737990285876
6762,egc,3.3445173359898783
6763,egc,2.609564398549648
6764,egc,2.570174609432385
6765,egc,2.8725570625408636
6766,egb,2.0976792079257804
6767,egb,2.1368248729302044
6768,eea,2.008552996572532
6769,ei,5.01386249382571
6770,eps,5.531653565988204
6771,nc,2.242036171765682
6772,eea,2.6454442295666163
6773,eea,2.2907461990577094
6774,nc,2.399492877509117
6775,eea,2.636782506844539
6776,egb,1.2114933680028752
6777,ei,4.661009220645336
6778,egc,1.6100599965194862
6779,egc,3.0384306634338296
6780,egc,2.9698358660134736
6781,egc,3.2483573694283816
6782,egc,2.9665289878949883
6783,egc,3.0892214661043944
6784,egc,1.8557666769690466
6785,egc,3.151841094904883
6786,egc,2.9372978079682435
6787,egc,3.6738841351345974
6788,egc,2.0178948381071913
6789,egc,2.6617758530340816
6790,egc,2.8938760932872567
6791,egc,2.7167158862243808
6792,ei,5.4595266394891055
6793,eps,6.217397266976094
6794,eea,2.0885657629174834
6795,egb,3.6391589701915414
6796,nc,1.8478920435944752
6797,egb,3.23906818699522
6798,eps,4.11190097412319
6799,nc,1.8912848063514647
6800,eea,2.669384311376516
6801,ei,6.332098279128058
6802,nc,1.9378124945024062
6803,egc,3.217445877793109
6804,egc,2.844533048755057
6805,egc,3.074268963221548
6806,egc,2.9687156270510933
6807,eea,1.7487465522996057
6808,egb,2.655587193842888
6809,eps,4.60854184973609
6810,nc,2.086629098028605
6811,egc,3.5647635131903224
6812,egc,3.4171411614013394
6813,egc,2.7289643930335776
6814,egc,2.4880831991648966
6815,egc,3.3891693039226674
6816,egc,3.366164633672932
6817,egc,3.1317124056842234
6818,egc,3.0459464994560266
6819,egc,3.078273502050522
6820,egc,3.029188808831799
6821,egc,2.9427145863034836
6822,egc,3.2965078291528207
6823,egc,2.896240699484194
6824,egc,2.9823871224262706
6825,egc,3.339125140286854
6826,egc,3.2099484553775532
6827,egc,3.1096302851682127
6828,egc,3.248596372434373
6829,egc,3.2132329006757656
6830,egc,3.2237721200502483
6831,ei,5.793735616366571
6832,egc,3.469771268394117
6833,egc,3.166913426436021
6834,egc,3.1387738836258086
6835,egc,3.2155281520700254
6836,egc,4.157099749010266
6837,egc,3.781170874021559
6838,egc,3.4149040483996203
6839,egc,3.236771285107828
6840,egc,4.011117470058447
6841,egc,1.988158265433714
6842,egc,1.8995424563300083
6843,egc,2.7259516652709213
6844,egc,2.643015846260325
6845,egc,3.502277079260205
6846,egc,3.370767661452771
6847,eea,3.330449963116652
6848,egb,3.533882421293078
6849,ei,7.1564302189907805
6850,eps,3.6731896112513227
6851,nc,1.7342753704829594
6852,eea,3.5024808588306473
6853,ei,7.241536321000919
6854,eps,3.915481340505862
6855,egc,2.056270850688286
6856,egc,2.7193762317685835
6857,egc,2.2908272978211794
6858,egc,2.2554881282845343
6859,egc,2.885166737756455
6860,egc,2.525070994051434
6861,egc,2.532394188229537
6862,eea,3.042030952542902
6863,ei,5.633290901848168
6864,egc,4.535831155067296
6865,egc,2.823036798728508
6866,egc,3.1289939217474805
6867,nc,1.75674798558949
6868,eps,3.6358649049233662
6869,eea,1.9428041961264273
6870,egb,4.390347881007306
6871,ei,7.295492307481709
6872,eps,3.5670879629825247
6873,nc,1.7269074193525755
6874,eea,2.4617292519813456
6875,ei,7.110704013345109
6876,nc,1.7730393583890254
6877,eea,2.0610022190107173
6878,egb,4.3393202142252925
6879,nc,1.742788731033111
6880,eea,2.0611872105669735
6881,ei,6.659565579891373
6882,eps,3.9453396579744284
6883,egb,3.9201780035332754
6884,nc,1.8126719809484226
6885,eea,2.4034578521439296
6886,ei,6.745537680627283
6887,eps,3.6472383624855578
6888,eea,2.800298016686898
6889,ei,6.728089324476674
6890,egc,2.9362458956376116
6891,egc,3.7303785758296426
6892,egc,3.1222078066747456
6893,egc,3.345920882778289
6894,egc,3.024283966149204
6895,egc,2.9953178673820178
6896,egc,4.434875442937423
6897,egc,2.5388266125026346
6898,egb,4.698012908193986
6899,nc,1.7384975223235772
6900,eea,1.8644491111860542
6901,ei,6.832122792749054
6902,eps,3.863529090088383
6903,nc,1.7676120161366502
6904,egc,3.8700461560797548
6905,egc,4.192129439097229
6906,egc,3.869081825218272
6907,egc,3.075609043822603
6908,egc,3.2088113917999683
6909,egc,2.7818824813566088
6910,egc,3.0014276329235234
6911,egc,3.5498852255545454
6912,egc,2.6337396881372936
6913,egc,2.478813583947778
6914,egc,2.6421458267140725
6915,egc,3.0056797740062597
6916,egc,2.9765205660445577
6917,egc,2.8625841784081887
6918,egc,2.7572017055521463
6919,egc,2.6084506090230963
6920,egc,2.973585511922096
6921,egc,3.4943379172254407
6922,egc,3.298102335323805
6923,egc,2.7579885367232198
6924,egc,2.622766113280276
6925,egb,3.9063187344339094
6926,ei,6.631841200664058
6927,nc,1.792048436830053
6928,egb,4.2002666483208735
6929,ei,6.075492425674095
6930,nc,1.806359641451951
6931,egc,3.536213636709284
6932,eea,2.7199069192647976
6933,egb,2.569279709642999
6934,ei,6.1389761768824656
6935,nc,2.122050626827593
6936,egc,2.7767586382660996
6937,egc,3.4658199140432067
6938,egc,3.190536307824445
6939,egc,3.332446422341176
6940,egc,3.307578706367772
6941,egc,3.3173197846909606
6942,egc,3.002509455681186
6943,egc,3.1576239955609946
6944,egc,3.748483404046303
6945,egc,2.320864657226483
6946,egc,2.3618105363100126
6947,egc,2.578199950885031
6948,egc,2.769834000528179
6949,egc,2.4416050127217206
6950,egc,2.5281541982577815
6951,egc,2.435476927043659
6952,egc,2.6119346129516536
6953,egc,3.0234952655764413
6954,egc,3.797521128547579
6955,egc,2.743682379474487
6956,egc,2.564194767308294
6957,egc,2.5556071098274726
6958,egc,2.684937366085559
6959,egc,4.2711502636197745
6960,egc,3.2550826354761258
6961,egc,3.563734781440639
6962,egc,2.4328111602345577
6963,egc,2.867647452883961
6964,egc,2.510388526242623
6965,egc,2.315281128260547
6966,egc,2.6162665774865284
6967,egc,2.578676648315831
6968,egc,4.035237752501382
6969,egc,2.5718090273294383
6970,egc,3.123706319068978
6971,egc,3.0228196638058877
6972,egc,2.536600342030714
6973,egc,3.137620462783441
6974,egc,2.675144131455236
6975,egc,2.7001632689654818
6976,egc,3.9257718988001145
6977,tg,137.66484957502666
6978,tg,114.59719438567366
6979,tg,191.17550027432716
6980,tg,162.99242788601128
6981,tg,106.58040373987617
6982,tg,22.985145802505187
6983,tg,81.886335469167
6984,tg,177.83521355627448
6985,tg,186.54168720603968
6986,tg,191.72017390609497
6987,tg,110.7980249203048
6988,tg,248.08813955068717
6989,tg,263.56022369117983
6990,tg,228.58824995999245
6991,tg,187.98797986617117
6992,tg,270.5030891747567
6993,tg,265.33677952918686
6994,tg,211.2623466520712
6995,tg,162.82766209644058
6996,tg,146.58269022795022
6997,tg,209.02078015556577
6998,tg,201.25166982253782
6999,tg,234.75906742834087
7000,tg,191.57232918235667
7001,tg,128.49143953631744
7002,tg,116.33397889071968
7003,tg,163.06573245339385
7004,tg,92.0500985209248
7005,tg,130.33159650383035
7006,tg,89.54257800104685
7007,tg,77.76498292749707
7008,egc,3.73675641357341
7009,egc,3.4737725357701343
7010,egc,3.0517711812398964
7011,egc,3.4656474617373583
7012,egc,3.3274784873515637
7013,egc,3.4704621057884393
7014,egc,2.999522993012266
7015,egc,2.8944242018625923
7016,tg,281.2779582748892
7017,egc,3.4266271598640077
7018,egc,3.254014459350796
7019,egc,3.5927455589082022
7020,egc,3.599148353164523
7021,egc,3.666893320576872
7022,egc,3.5212190722884253
7023,egc,3.504529427885693
7024,tg,303.1845085582029
7025,tg,302.343293572877
7026,tg,403.0067402223177
7027,tg,313.7782273086706
7028,tg,312.92031236290745
7029,tg,338.1156233129779
7030,tg,310.2112770361571
7031,tg,311.23820754724863
7032,tg,303.6639300859882
7033,tg,338.58553730876974
7034,tg,385.1565114820866
7035,tg,371.3771972410211
7036,tg,352.09700187285387
7037,tg,371.9984773891248
7038,tg,421.15116920015777
7039,tg,422.46695440077434
7040,tg,369.97278779552977
7041,tg,430.062028775383
7042,tg,430.35393992184163
7043,tg,420.3377874822272
7044,egc,3.442410892208051
7045,egc,3.0606947702043046
7046,egc,3.1876134048129647
7047,egc,3.5603077007935244
7048,egc,2.540255396213852
7049,egc,2.068455050079367
7050,tg,157.0697817144717
7051,tg,112.79573817830754
7052,tg,108.36508520115669
7053,tg,139.68098855359162
7054,tg,170.6186488573933
7055,tg,229.76460869963785
7056,tg,178.22391358948056
7057,tg,154.35469769196524
7058,tg,177.99075144714567
7059,tg,108.74643998307235
7060,tg,165.33456482183195
7061,tg,189.28260397984744
7062,tg,149.04415254307872
7063,tg,115.4679009288589
7064,egc,3.4875868534343826
7065,egc,2.8257507961011963
7066,egc,3.8530548837144356
7067,eea,2.0449849990607754
7068,egb,2.553678217509902
7069,nc,2.0968866883013875
7070,tg,290.63325270065974
7071,egc,3.170833748718887
7072,egb,2.9670661625111103
7073,egc,3.5004591795873363
7074,eps,4.4702524357837135
7075,egc,3.312963798344377
7076,egb,1.9562684031413582
7077,egc,3.3658287021893445
7078,egc,2.8499645953636437
7079,egc,3.255849277108954
7080,egc,3.2231274568776547
7081,egb,1.4666606549348757
7082,egc,3.488449582314046
7083,egc,3.0700414982411113
7084,egc,3.4016952299425727
7085,egc,3.820986419373586
7086,egc,3.636097731846343
7087,egc,3.676794980505181
7088,egc,2.769043617493896
7089,egc,4.867560369703848
7090,egc,3.0568065081604123
7091,egc,3.1311074672975296
7092,egc,3.250543634704149
7093,egc,3.978159357453606
7094,egc,2.5802676960936894
7095,egc,3.514080201116899
7096,tg,266.9799567890914
7097,egc,3.0589794072141
7098,egc,3.7438578032410637
7099,tg,148.48310410586663
7100,egc,2.789451875737207
7101,tg,157.30588000639284
7102,tg,145.7311072692308
7103,tg,41.80849190249681
7104,tg,87.71090188863721
7105,tg,273.1295611457007
7106,tg,207.67980194609646
7107,tg,217.5342938263227
7108,tg,222.0667853472613
7109,tg,199.8964823398772
7110,tg,205.9280684402502
7111,tg,211.13355275936902
7112,tg,209.72260769851965
7113,tg,222.76582956347562
7114,tg,220.71986980762097
7115,tg,211.5223470875231
7116,tg,216.19423905703337
7117,egc,3.904225548808289
7118,egc,3.9723663620283713
7119,egc,3.9267400152000187
7120,egc,4.1463819083043605
7121,egc,3.695910547480264
7122,egc,4.024215432995312
7123,egc,3.7200580764528213
7124,egc,4.06095651359389
7125,tg,106.06905849488436
7126,tg,161.81391011721277
7127,tg,237.57460402147765
7128,tg,251.30010511121216
7129,tg,162.39151219511527
7130,tg,109.61453878321421
7131,tg,172.48947037940258
7132,tg,145.48707153748836
7133,tg,114.70709352173627
7134,tg,114.06869396325452
7135,tg,161.3242722195494
7136,tg,160.39862748875763
7137,tg,162.03453590879502
7138,tg,157.3460821697195
7139,tg,203.0292271379231
7140,tg,201.19071626756192
7141,tg,249.87014498637586
7142,tg,154.478745134658
7143,tg,47.842731267612194
7144,tg,135.9170431286076
7145,tg,84.97489170367285
7146,tg,77.1738511503385
7147,tg,55.85507054155639
7148,tg,88.7934599159203
7149,tg,114.88212445443399
7150,tg,85.46718936917843
7151,tg,109.72128066429542
7152,tg,191.9955021479139
7153,tg,82.92579745368627
7154,tg,221.31166490096513
7155,tg,230.15005393136465
7156,tg,203.71035531402663
7157,tg,198.13773198928334
7158,tg,221.39753833459966
7159,tg,128.40813482712713
7160,tg,141.52139731300218
7161,tg,338.7125948738096
7162,tg,278.9641033203541
7163,tg,327.6423939966928
7164,tg,134.35133729732013
7165,tg,157.66416829310955
7166,tg,150.61161177266555
7167,tg,161.08574501983105
7168,tg,157.04809875376773
7169,tg,197.31034584580703
7170,tg,208.24201443818328
7171,tg,188.1089310204437
7172,tg,356.46492594876736
7173,tg,315.79102775834554
7174,tg,232.37499200153127
7175,tg,282.5586917672672
7176,tg,342.0051273384844
7177,tg,291.09174725309964
7178,tg,315.1556618959479
7179,tg,244.04177425348828
7180,tg,395.8926871380596
7181,tg,340.85787647380664
7182,tg,401.3922286265905
7183,tg,338.0531935543341
7184,tg,189.60730375579385
7185,tg,237.91889113419853
7186,tg,222.91623976010817
7187,tg,273.1834848497292
7188,tg,311.16329183687606
7189,tg,349.61379319179775
7190,tg,357.85337678720543
7191,tg,317.83556333533113
7192,tg,353.48534866169416
7193,tg,289.5135619731833
7194,tg,295.5602222590288
7195,tg,299.5204930171981
7196,tg,312.49836523167363
7197,tg,374.6076771268439
7198,tg,268.4811583728801
7199,tg,198.67309968515332
7200,egc,3.1627752253862536
7201,tg,266.2866092883533
7202,tg,247.14156134145014
7203,tg,309.5985679736673
7204,tg,349.94033984810403
7205,tg,400.9986350107407
7206,tg,290.3538405121295
7207,tg,366.03266364072294
7208,tg,312.4961151591225
7209,tg,382.80553683355794
7210,tg,149.05716931033345
7211,tg,146.95648678205507
7212,tg,220.15816455732315
7213,tg,207.3460693644463
7214,tg,307.28838076745257
7215,tg,284.8817030864034
7216,tg,307.9304448227047
7217,tg,193.0382547009617
7218,tg,234.48001291030292
7219,tg,211.8677787458191
7220,tg,190.88539048652936
7221,tg,304.32389067205156
7222,tg,339.92801123120654
7223,tg,321.9145026597224
7224,tg,346.59993156226926
7225,tg,370.90871392719816
7226,tg,319.53360074564387
7227,tg,218.73633981041013
7228,tg,320.4676149659539
7229,tg,280.82262422898066
7230,tg,302.07961888600494
7231,egc,3.6802386053572467
7232,tg,341.05235817818186
7233,tg,303.8510762937227
7234,tg,378.1684364482918
7235,tg,312.20307247328844
7236,tg,370.0829503071367
7237,tg,349.1908445831857
7238,tg,346.39879068363877
7239,egc,3.53124065433511
7240,egc,3.028196530415059
7241,tg,192.50381044527165
7242,tg,200.10514730504426
7243,tg,189.20748017027938
7244,tg,95.26877202895405
7245,tg,135.18550048373672
7246,tg,96.22666563194528
7247,tg,129.629491766245
7248,egc,5.224567978655566
7249,tg,148.26245067611
7250,tg,243.30546077198358
7251,tg,250.0795252925274
7252,tg,243.14506831706785
7253,tg,235.8274552010318
7254,tg,65.9169852948767
7255,tg,91.81664373909625
7256,tg,102.10116935523067
7257,tg,79.01471614284854
7258,tg,37.83804379304871
7259,tg,196.80646290790312
7260,tg,199.42379802354554
7261,tg,196.91708713959997
7262,tg,213.80187868100373
7263,tg,159.42745618162985
7264,tg,121.79342714284651
7265,tg,96.42808614386973
7266,tg,230.07602914567272
7267,tg,253.49635150480208
7268,tg,257.84180086760387
7269,tg,285.4270790529559
7270,tg,94.41835515732805
7271,tg,93.77348176293694
7272,tg,79.53406670376644
7273,tg,85.12664804197617
7274,tg,92.95968384661546
7275,tg,101.6919975636693
7276,tg,105.38081917908531
7277,tg,234.20975058327394
7278,tg,235.9756803561118
7279,tg,259.13535847290325
7280,tg,286.2462875483599
7281,tg,282.35498866729233
7282,tg,215.85862057642416
7283,tg,255.08785513322908
7284,tg,254.41771069278695
7285,tg,198.5318328469221
7286,tg,271.3225317817556
7287,tg,191.98601412522
7288,tg,201.7085646124125
7289,tg,252.64536886348836
7290,tg,230.85731806580043
7291,tg,245.89814263606152
7292,tg,265.6900279135131
7293,tg,118.33268874877575
7294,tg,246.1995287990144
7295,tg,267.6959090649384
7296,tg,93.84539304117479
7297,tg,121.48645319134005
7298,tg,227.53443563408496
7299,tg,238.1379285436403
7300,tg,230.16439976965302
7301,tg,230.6804727682421
7302,tg,49.50059252699769
7303,tg,49.32370821084024
7304,tg,280.3062390815983
7305,tg,122.07485204078299
7306,tg,143.43815449697294
7307,tg,134.98338983033977
7308,tg,260.3530769276502
7309,tg,379.12527654910593
7310,tg,97.077739316657
7311,tg,93.15412653239149
7312,tg,269.04986746172574
7313,tg,309.41817198358615
7314,egc,2.727846864703647
7315,egc,2.8637544238657604
7316,egc,2.9211044897140495
7317,egc,2.9573211564037045
7318,egc,3.0285511559155402
7319,egc,2.590065604228236
7320,egc,2.658435232215102
7321,egc,2.895025775326245
7322,egc,2.820451229251882
7323,egc,1.1743005933158512
7324,egc,2.7331325979804593
7325,egc,2.675068794567153
7326,egc,3.1875807837534844
7327,egc,2.421493615466688
7328,egc,3.202664238224674
7329,egc,2.9023241064618786
7330,egc,2.83979542405358
7331,egc,2.1930119760637083
7332,egc,1.6188753471260777
7333,tg,107.26518340655038
7334,tg,218.6927560351569
7335,tg,226.0648066001104
7336,tg,231.5204781769943
7337,tg,241.79270968284578
7338,tg,246.91005748957923
7339,tg,293.8215144621996
7340,tg,150.58408415096355
7341,tg,95.97846181963712
7342,tg,68.87759303966202
7343,tg,132.78604685153618
7344,tg,59.295002267629144
7345,tg,190.9392881781585
7346,tg,192.74848957745638
7347,tg,238.61684933273648
7348,tg,56.63463614022152
7349,tg,-18.048451847302715
7350,tg,202.89939925234341
7351,tg,153.97429154974148
7352,tg,245.9150571987941
7353,tg,150.3026218602029
7354,tg,242.83781635804243
7355,tg,224.11507321286535
7356,tg,21.562046448019842
7357,tg,-14.198382619339554
7358,tg,-19.137473955845365
7359,tg,-55.496019129611625
7360,tg,107.15728397369432
7361,tg,24.671360577274754
7362,tg,37.636181070333876
7363,tg,-10.958707350316558
7364,tg,45.193368385165556
7365,tg,103.63194378562694
7366,tg,-1.3481792612905679
7367,tg,48.26355336257048
7368,tg,106.35476243252788
7369,tg,71.94232191628548
7370,tg,90.79142029171766
7371,tg,27.95792319627921
7372,tg,95.66435234181067
7373,tg,16.169741076159426
7374,tg,67.42339586165222
7375,tg,-10.708871259943862
7376,tg,29.32691675993992
7377,tg,-5.828658989558988
7378,tg,40.84819215255786
7379,tg,41.85692699024463
7380,tg,16.792373869033682
7381,tg,-0.555724518705432
7382,tg,26.256231043845872
7383,tg,7.536186685110181
7384,tg,63.954980558198244
7385,tg,46.24947830532318
7386,tg,129.81829301289358
7387,tg,123.21884972975639
7388,tg,-35.33102500086525
7389,tg,-8.104821977312838
7390,tg,247.94894069821106
7391,tg,174.2744737441261
7392,tg,73.64296706964156
7393,tg,56.58442570621226
7394,tg,95.58362611171432
7395,tg,70.88913188796441
7396,tg,-6.3136341646236644
7397,tg,42.952829378437826
7398,tg,72.31281652143704
7399,tg,369.42639734539927
7400,tg,380.2026060841026
7401,tg,318.0139823830553
7402,tg,358.2226488095836
7403,egc,3.140106767030359
7404,egc,2.9325091486006456
7405,egc,2.683516059981099
