,scaffold,scaffold_fold
0,,0
1,O=C1C2COCC2C(=O)N1c1ccccc1,9
2,,0
3,,0
4,,0
5,O=S(=O)(OCC=CCOS(=O)(=O)c1ccccc1)c1ccccc1,2
6,C(=Cc1cnc2ccccc2c1)c1cnc2ccccc2c1,9
7,,0
8,C(#Cc1cccs1)c1ccccc1,6
9,c1ccsc1,6
10,C(#Cc1ccccc1)c1ccccc1,5
11,C(#Cc1ccc2c(-c3cccc4ccccc34)cccc2c1)c1ccccc1,2
12,c1sc(-c2scc3c2OCCO3)c2c1OCCO2,6
13,,0
14,,0
15,,0
16,,0
17,,0
18,,0
19,C1CCCCC1,4
20,,0
21,,0
22,,0
23,,0
24,,0
25,,0
26,,0
27,,0
28,c1ccccc1,1
29,,0
30,,0
31,c1ccccc1,1
32,c1ccccc1,1
33,C(=Cc1ccccc1)c1ccccc1,9
34,C(=Cc1ccccc1)c1ccccc1,9
35,C(=Cc1ccccc1)c1ccccc1,9
36,C(=Cc1ccccc1)c1ccccc1,9
37,C(=Cc1ccc(Oc2ccccc2)cc1)c1ccccc1,5
38,C(=Cc1ccccc1)c1ccccc1,9
39,C(=Cc1ccccc1)c1ccccc1,9
40,,0
41,,0
42,,0
43,C(=Cc1ccccc1)c1ccccc1,9
44,,0
45,c1ccccc1,1
46,,0
47,c1ccc(-c2ccc(-c3ccccc3)cc2)cc1,9
48,O=C(Oc1ccccc1)c1ccccc1,5
49,O=C(Oc1ccccc1)c1ccccc1,5
50,c1ccccc1,1
51,c1ccccc1,1
52,c1ccccc1,1
53,c1ccccc1,1
54,c1ccccc1,1
55,O=c1c2cc3c(=O)n(-c4ccccc4)c(=O)c3cc2c(=O)n1-c1ccccc1,7
56,,0
57,,0
58,,0
59,,0
60,,0
61,c1ccccc1,1
62,,0
63,O=C(Oc1ccc(C2(c3ccccc3)OC(=O)c3ccccc32)cc1)c1ccccc1,2
64,O=C(Oc1ccc(C(c2ccccc2)(c2ccccc2)c2ccccc2)cc1)c1ccc(S(=O)(=O)c2ccccc2)cc1,4
65,,0
66,,0
67,,0
68,S=C(c1ccccc1)c1ccccc1,4
69,c1ccccc1,1
70,c1ccc(-c2ccc(-c3cccs3)cc2)cc1,7
71,c1ccc(-c2ccc(-c3ccccc3)s2)cc1,7
72,c1ccc(Oc2cccs2)cc1,9
73,,0
74,,0
75,,0
76,,0
77,,0
78,,0
79,,0
80,c1ccsc1,6
81,c1ccsc1,6
82,S=C(c1cccs1)c1cccs1,4
83,c1ccc(-c2cccs2)cc1,5
84,c1ccc(-c2cccs2)cc1,5
85,c1csc(-c2cccs2)c1,3
86,c1csc(-c2cccs2)c1,3
87,c1ccsc1,6
88,C1CCNC1,9
89,C1CCNC1,9
90,C1CCNC1,9
91,,0
92,,0
93,,0
94,,0
95,C1CNCCN1,5
96,C1CNCCN1,5
97,O=C(CCN1CCNCC1)N1CCNCC1,7
98,O=C(C1CCCN1)N1CCCC1,2
99,C1CNCCN1,5
100,,0
101,O=C1CNC(=O)N1C(=O)c1ccc(N2C(=O)c3ccccc3C2=O)cc1,8
102,c1ccsc1,6
103,c1ccccc1,1
104,c1ccccc1,1
105,,0
106,,0
107,,0
108,C1CCOCC1,7
109,c1ccncc1,9
110,C1=COC=CO1,3
111,C1COCCO1,6
112,C1CNCCN1,5
113,c1ccncc1,9
114,c1ccncc1,9
115,c1ccncc1,9
116,c1ccncc1,9
117,c1cn[nH]c1,2
118,c1cnccn1,3
119,c1ccncc1,9
120,O=C(NNC(=O)c1ccccn1)c1cccnc1,6
121,O=C(NNC(=O)c1ccccn1)c1ccccc1,4
122,O=C(NNC(=O)c1cnccn1)c1ccccc1,9
123,O=C(NNC(=O)c1cccnc1)c1cccnc1,9
124,O=C(Nc1ccccc1)c1ccco1,9
125,O=C(Nc1cccc(-c2nc3ccccc3[nH]2)c1)c1ccc2[nH]c(-c3cccc(-c4nc5ccccc5[nH]4)c3)nc2c1,6
126,O=C(Nc1ccc(-c2ccccc2)cc1)c1ccc2c(c1)C(=O)N(c1ccc(S(=O)(=O)c3ccc(N4C(=O)c5ccccc5C4=O)cc3)cc1)C2=O,8
127,O=C(Nc1ccc(NC(=O)c2ccc3[nH]c(-c4ccc(-c5nc6ccccc6[nH]5)cc4)nc3c2)cc1)c1ccccc1,9
128,O=C(Nc1ccc(NC(=O)c2ccc3[nH]c(-c4cccc(-c5nc6ccccc6[nH]5)c4)nc3c2)cc1)c1ccccc1,6
129,O=C1c2ccccc2C(=O)N1c1ccc(C2(c3ccccc3)CCCCC2)cc1,8
130,O=C1c2ccccc2C(=O)N1c1ccc(C2(c3ccccc3)CCCCC2)cc1,8
131,O=C1c2ccccc2C(=O)N1c1ccc(C2(c3ccccc3)CCCCC2)cc1,8
132,O=C1c2ccccc2C(=O)N1c1ccc(C2(c3ccccc3)CCCCC2)cc1,8
133,O=C1c2ccccc2C(=O)N1c1ccc(C2(c3ccccc3)CCCCC2)cc1,8
134,O=C1c2ccccc2C(=O)N1c1ccc(Cc2ccccc2)cc1,2
135,O=C1c2ccccc2C(=O)N1c1ccccc1,8
136,O=C(Nc1ccccc1)c1ccc(NC(=O)c2ccc(-c3nc4ccccc4[nH]3)cc2)cc1,5
137,O=C(Nc1ccccc1)c1ccc2[nH]c(-c3cc(-c4nc5ccccc5[nH]4)cc(N4C(=O)c5ccccc5C4=O)c3)nc2c1,3
138,O=C(Nc1ccccc1)c1ccc2c(c1)C(=O)N(c1cccc(N3C(=O)c4ccccc4C3=O)c1)C2=O,9
139,O=C(Nc1ccccc1)c1ccc2c(c1)C(=O)N(c1cc(-c3nc4ccccc4s3)cc(N3C(=O)c4ccccc4C3=O)c1)C2=O,5
140,O=C(Nc1ccccc1)c1ccc2c(c1)C(=O)N(c1ccc(Oc3ccc(N4C(=O)c5ccccc5C4=O)cc3)cc1)C2=O,2
141,O=C(Nc1ccccc1)c1ccc2c(c1)C(=O)N(c1ccc(Oc3cccc4c(N5C(=O)c6ccccc6C5=O)cccc34)cc1)C2=O,5
142,O=C(Nc1ccccc1)c1ccc2c(c1)C(=O)N(c1ccc(S(=O)(=O)c3ccc(N4C(=O)c5ccccc5C4=O)cc3)cc1)C2=O,3
143,O=C(Nc1ccccc1)c1cccc(C(=O)Nc2ccc(N3C(=O)c4ccccc4C3=O)cc2)c1,6
144,O=C1c2ccccc2C(=O)N1c1ccc(Oc2ccccc2)cc1,9
145,O=C(Nc1ccc(Oc2ccccc2)cc1)c1ccc2c(c1)C(=O)N(c1ccc(Oc3ccc(N4C(=O)c5ccccc5C4=O)cc3)cc1)C2=O,4
146,O=C(Nc1ccc(Oc2ccccc2)cc1)c1ccccn1,4
147,O=C(Nc1ccc(S(=O)(=O)c2ccccc2)cc1)c1ccc2[nH]c(-c3cccc(-c4nc5ccccc5[nH]4)c3)nc2c1,7
148,O=C(Nc1ccc(S(=O)(=O)c2ccccc2)cc1)c1ccc2c(c1)C(=O)N(c1ccc(Oc3ccc(N4C(=O)c5ccccc5C4=O)cc3)cc1)C2=O,8
149,O=C(Nc1ccc(S(=O)(=O)c2ccccc2)cc1)c1ccc2c(c1)C(=O)N(c1ccc(S(=O)(=O)c3ccc(N4C(=O)c5ccccc5C4=O)cc3)cc1)C2=O,8
150,O=C(Nc1cccc(NC(=O)c2ccc3[nH]c(-c4cccc(-c5nc6ccccc6[nH]5)c4)nc3c2)c1)c1ccccc1,5
151,O=C(C=Cc1ccccc1)C=Cc1cccc(NC(=O)c2ccc(N3C(=O)c4ccccc4C3=O)cc2)c1,4
152,O=C(Nc1ccccc1)c1ccc(-c2nc3ccccc3[nH]2)cc1,3
153,O=C(Nc1ccccc1)c1ccc2[nH]c(-c3cccc(-c4nc5ccccc5[nH]4)c3)nc2c1,8
154,O=C(Nc1ccccn1)c1ccc2[nH]c(-c3cccc(-c4nc5ccccc5[nH]4)c3)nc2c1,8
155,O=C(Nc1ccccc1)c1ccc2c(c1)C(=O)N(c1ccc(S(=O)(=O)c3ccc(N4C(=O)c5ccccc5C4=O)cc3)cc1)C2=O,3
156,O=C(Nc1cccc(C(=O)Nc2ccccc2)c1)c1ccc(-c2nc3ccccc3[nH]2)cc1,8
157,c1c[nH]cn1,7
158,c1c[nH]cn1,7
159,,0
160,c1ccccc1,1
161,C1=NCCN1,9
162,O=C(OCc1ccccc1)N1CCCC1,6
163,O=C(OC1CC2CCCC(C1)O2)N1CCNCC1,2
164,O=C(OC1CCCCC1)N1CCNCC1,4
165,C1CNCCN1,5
166,C1CNCCN1,5
167,O=C(OCC1CC1)N1CCNCC1,8
168,O=C1c2ccccc2C(=O)N1c1ccccc1,8
169,C1CNCCN1,5
170,C1CNCCN1,5
171,C1CNCCN1,5
172,C1CNCCN1,5
173,C1CNCCN1,5
174,O=C(Oc1ccc(-c2ccccc2)cc1)c1ccc2c(c1)C(=O)N(c1ccc(Oc3ccc(N4C(=O)c5ccccc5C4=O)cc3)cc1)C2=O,5
175,c1ccccc1,1
176,c1ccccc1,1
177,c1ccccc1,1
178,c1ccccc1,1
179,c1ccccc1,1
180,c1ccsc1,6
181,c1ccsc1,6
182,c1ccsc1,6
183,c1ccsc1,6
184,O=C(Oc1ccccc1)N1CCNCC1,7
185,O=C(Oc1ccccc1-c1ccccc1)c1ccc2c(c1)C(=O)N(c1ccc(Oc3ccc(N4C(=O)c5ccccc5C4=O)cc3)cc1)C2=O,3
186,O=C(Oc1ccccc1)c1ccc2c(c1)C(=O)N(c1ccc(Oc3ccc(N4C(=O)c5ccccc5C4=O)cc3)cc1)C2=O,8
187,O=C(Oc1ccccc1)c1ccc2c(c1)C(=O)N(c1ccc(Sc3ccc(N4C(=O)c5ccccc5C4=O)cc3)cc1)C2=O,2
188,O=C(Oc1ccc2ccccc2c1)c1ccc2c(c1)C(=O)N(c1ccc(Oc3ccc(N4C(=O)c5ccccc5C4=O)cc3)cc1)C2=O,7
189,C1CNCCN1,5
190,C1CNCCN1,5
191,c1ccc(-c2ccc(-c3ccccc3)cc2)cc1,9
192,c1ccc(-c2ccc(-c3ccccc3)cc2)cc1,9
193,c1ccc(-c2ccc(-c3ccccc3)cc2)cc1,9
194,c1ccc(-c2ccc(-c3ccccc3)s2)cc1,7
195,c1ccc(-c2ccc(-c3ccccc3)s2)cc1,7
196,c1ccc(-c2ccc(-c3cccs3)cc2)cc1,7
197,c1ccc(-c2ccc(-c3cccs3)cc2)cc1,7
198,c1ccc(-c2ccc(-c3cccs3)cc2)cc1,7
199,c1csc(-c2ccc(-c3cccs3)cc2)c1,2
200,c1ccc(-c2ccc(-c3cccs3)s2)cc1,7
201,c1ccc(-c2ccc(-c3cccs3)s2)cc1,7
202,c1ccc(-c2ccc(-c3cccs3)s2)cc1,7
203,c1csc(-c2ccc(-c3cccs3)s2)c1,9
204,c1csc(-c2ccc(-c3cccs3)s2)c1,9
205,c1csc(-c2ccc(-c3cccs3)s2)c1,9
206,c1ccc(-c2ccccc2)cc1,8
207,c1ccc(-c2ccccc2)cc1,8
208,c1ccc(-c2ccccc2)cc1,8
209,c1ccc(-c2cccs2)cc1,5
210,c1ccc(-c2cccs2)cc1,5
211,c1ccc(-c2cccs2)cc1,5
212,c1ccc(-c2cccs2)cc1,5
213,c1ccc(-c2cccs2)cc1,5
214,c1csc(-c2cccs2)c1,3
215,c1csc(-c2cccs2)c1,3
216,c1csc(-c2cccs2)c1,3
217,c1csc(-c2cccs2)c1,3
218,c1ccccc1,1
219,c1ccccc1,1
220,c1ccccc1,1
221,c1ccccc1,1
222,c1ccsc1,6
223,c1ccsc1,6
224,c1ccccc1,1
225,O=C(Nc1ccccc1)c1ccccc1,2
226,O=C(c1ccccc1)N1CCNCC1,9
227,O=C(c1ccccc1)N1CCNCC1,9
228,O=C(c1ccccc1)c1ccccc1,4
229,O=C(c1ccccc1)c1ccccc1,4
230,O=C(c1ccccc1)c1ccccc1,4
231,O=C(c1ccccc1)c1ccccc1,4
232,O=C(c1ccccc1)c1ccccc1,4
233,O=C(c1ccccc1)c1cccs1,8
234,O=C(c1cccs1)c1cccs1,3
235,O=C(c1cccs1)c1cccs1,3
236,S=C(c1ccccc1)c1ccccc1,4
237,S=C(c1ccccc1)c1ccccc1,4
238,S=C(c1ccccc1)c1cccs1,2
239,S=C(c1ccccc1)c1cccs1,2
240,S=C(c1cccs1)c1cccs1,4
241,S=C(c1cccs1)c1cccs1,4
242,S=C(c1cccs1)c1cccs1,4
243,S=C(c1cccs1)c1cccs1,4
244,c1ccccc1,1
245,O=C1CNC(=O)N1C(=O)c1ccc(N=Nc2ccccc2)cc1,8
246,S=C(Nc1cccs1)Oc1ccc(Nc2cccs2)s1,4
247,S=C(Nc1cccs1)Oc1ccc(Nc2cccs2)s1,4
248,S=C(Nc1cccs1)Oc1ccc(Nc2cccs2)s1,4
249,c1ccccc1,1
250,c1ccccc1,1
251,c1ccccc1,1
252,c1ccccc1,1
253,c1ccsc1,6
254,c1ccc(Oc2cccs2)cc1,9
255,c1ccc(Oc2cccs2)cc1,9
256,c1csc(Oc2cccs2)c1,2
257,c1csc(Oc2cccs2)c1,2
258,O=C1OC(=Nc2ccc(Oc3cccc(N=C4OC(=O)c5ccccc54)c3)cc2)c2ccccc21,6
259,O=C1c2ccccc2C(=O)N1c1cc(-c2nc3ccccc3s2)cc(N2C(=O)c3ccccc3C2=O)c1,4
260,O=C1c2ccccc2C(=O)N1c1ccc(-c2ccc(-c3ccc(N4C(=O)c5ccccc5C4=O)cc3)cc2)cc1,2
261,O=C1c2ccccc2C(=O)N1c1ccc(-c2ccc(N3C(=O)c4ccccc4C3=O)cc2)cc1,4
262,O=C1c2ccccc2C(=O)N1c1ccc(-c2nc(-c3ccccc3)nc(-c3ccc(N4C(=O)c5ccccc5C4=O)cc3)n2)cc1,2
263,O=C(Nc1ccc(N2C(=O)c3ccccc3C2=O)cc1)c1ccc(N2C(=O)c3ccccc3C2=O)cc1,3
264,O=C1c2ccccc2C(=O)N1c1ccc(Cc2ccc(Cc3ccc(N4C(=O)c5ccccc5C4=O)cc3)cc2)cc1,8
265,O=C1c2ccccc2C(=O)N1c1ccc(Cc2ccc(N3C(=O)c4ccccc4C3=O)cc2)cc1,8
266,O=C1c2ccccc2C(=O)N1c1ccc(C(c2ccccc2)c2ccc(N3C(=O)c4ccccc4C3=O)cc2)cc1,7
267,O=C1c2ccccc2C(=O)N1c1ccc(C(c2ccccc2)c2ccc(N3C(=O)c4ccccc4C3=O)cc2)cc1,7
268,O=C1c2ccccc2C(=O)N1c1ccc(Cc2ccc(N3C(=O)c4ccccc4C3=O)cc2)cc1,8
269,O=C1c2ccccc2C(=O)N1c1ccc(N(c2ccccc2)c2ccc(N3C(=O)c4ccccc4C3=O)cc2)cc1,4
270,O=C1c2ccccc2C(=O)N1c1ccc(N2C(=O)c3ccccc3C2=O)cc1,8
271,O=C1c2ccccc2C(=O)N1c1ccc(N2C(=O)c3ccccc3C2=O)nc1,9
272,O=C1c2ccccc2C(=O)N1c1ccc(OCCCOc2ccc(N3C(=O)c4ccccc4C3=O)cc2)cc1,6
273,O=C1c2ccccc2C(=O)N1c1ccc(OCCOCCOCCOc2ccc(N3C(=O)c4ccccc4C3=O)cc2)cc1,6
274,O=C1c2ccccc2C(=O)N1c1ccc(OCCOc2ccc(N3C(=O)c4ccccc4C3=O)cc2)cc1,6
275,O=C1c2ccccc2C(=O)N1c1ccc(Oc2cc3ccccc3cc2Oc2ccc(N3C(=O)c4ccccc4C3=O)cc2)cc1,4
276,O=C1c2ccccc2C(=O)N1c1ccc(Oc2ccc(N3C(=O)c4ccccc4C3=O)cc2)cc1,8
277,O=C1c2ccccc2C(=O)N1c1ccc(Oc2ccc(S(=O)(=O)c3ccc(Oc4ccc(N5C(=O)c6ccccc6C5=O)cc4)cc3)cc2)cc1,4
278,O=C1c2ccccc2C(=O)N1c1ccc(Oc2cccc(N3C(=O)c4ccccc4C3=O)c2)cc1,6
279,O=C1c2ccccc2C(=O)N1c1ccc(Oc2cccc(Oc3ccc(N4C(=O)c5ccccc5C4=O)cc3)c2)cc1,9
280,O=C1c2ccccc2C(=O)N1c1ccc(Oc2ccccc2Oc2ccc(N3C(=O)c4ccccc4C3=O)cc2)cc1,2
281,O=C1c2ccccc2C(=O)N1c1ccc(Sc2ccc(N3C(=O)c4ccccc4C3=O)cc2)cc1,5
282,O=C1c2cc(N3C(=O)c4ccccc4C3=O)ccc2-c2ccc(N3C(=O)c4ccccc4C3=O)cc21,4
283,O=C(Nc1ccc(N2C(=O)c3ccccc3C2=O)cc1)c1cccc(N2C(=O)c3ccccc3C2=O)c1,2
284,O=C(Nc1ccc(N2C(=O)c3ccccc3C2=O)cc1)c1cccc(N2C(=O)c3ccccc3C2=O)c1,2
285,O=C(c1ccc(Cc2cccc(N3C(=O)c4ccccc4C3=O)c2)cc1)c1ccc(N2C(=O)c3ccccc3C2=O)cc1,2
286,O=C1c2ccccc2C(=O)N1c1cccc(N2C(=O)c3ccccc3C2=O)c1,6
287,O=C1c2ccccc2C(=O)N1c1cccc(Nc2ncnc(Nc3cccc(N4C(=O)c5ccccc5C4=O)c3)n2)c1,3
288,c1ccc2nc(-c3ccc(-c4cnc5ccccc5n4)cc3)cnc2c1,9
289,c1ccc(-c2nc3ccccc3nc2-c2ccc(-c3nc4ccccc4nc3-c3ccccc3)cc2)cc1,8
290,c1ccc(-c2nc3ccccc3nc2-c2ccc(-c3nc4ccccc4nc3-c3ccccc3)cc2)cc1,8
291,c1ccc(-c2nc3ccccc3nc2-c2ccc(-c3nc4ccccc4nc3-c3ccccc3)cc2)cc1,8
292,O=C(Nc1ccccc1)c1ccccc1,2
293,O=C(c1ccccc1)N1CCNCC1,9
294,O=C(c1ccccc1)N1COCN1,8
295,O=C(c1ccccc1)c1ccc2c(c1)C(=Nc1cccc(N=C3OC(=O)c4ccccc43)c1)OC2=O,5
296,O=C(c1ccccc1)c1ccc2c(c1)C(=O)N(c1ccc(Oc3ccc(N4C(=O)c5ccccc5C4=O)cc3)cc1)C2=O,4
297,,0
298,,0
299,S=C(c1ccccc1)c1ccccc1,4
300,S=C(c1ccccc1)c1ccccc1,4
301,S=C(c1ccccc1)c1ccccc1,4
302,,0
303,,0
304,,0
305,,0
306,,0
307,,0
308,c1ccccc1,1
309,c1ccccc1,1
310,c1ccccc1,1
311,c1ccsc1,6
312,c1ccsc1,6
313,,0
314,,0
315,,0
316,,0
317,,0
318,c1ccccc1,1
319,c1ccccc1,1
320,c1ccsc1,6
321,c1ccsc1,6
322,c1ccc(-c2cccs2)cc1,5
323,c1ccc(-c2cccs2)cc1,5
324,c1ccc(-c2cccs2)cc1,5
325,c1ccc(-c2cccs2)cc1,5
326,c1csc(-c2cccs2)c1,3
327,c1csc(-c2cccs2)c1,3
328,c1ccc(-c2ccc(-c3ccccc3)cc2)cc1,9
329,c1ccc(-c2ccc(-c3ccccc3)cc2)cc1,9
330,c1ccc(-c2ccc(-c3ccccc3)cc2)cc1,9
331,c1ccc(-c2ccc(-c3cccs3)cc2)cc1,7
332,c1ccc(-c2ccc(-c3ccccc3)s2)cc1,7
333,c1ccc(-c2ccc(-c3ccccc3)s2)cc1,7
334,S=C(c1ccccc1)c1ccccc1,4
335,S=C(c1ccccc1)c1ccccc1,4
336,S=C(c1ccccc1)c1ccccc1,4
337,S=C(c1ccccc1)c1ccccc1,4
338,S=C(c1ccccc1)c1cccs1,2
339,S=C(c1ccccc1)c1cccs1,2
340,S=C(c1ccccc1)c1cccs1,2
341,c1ccccc1,1
342,c1ccccc1,1
343,c1ccccc1,1
344,c1ccsc1,6
345,c1ccsc1,6
346,c1ccsc1,6
347,c1ccsc1,6
348,C=C(c1ccccc1)c1ccccc1,8
349,O=c1[nH]c(=O)c2cc3c(=O)[nH]c(=O)c3cc12,2
350,C=C(c1ccccc1)c1ccccc1,8
351,,0
352,,0
353,,0
354,,0
355,,0
356,,0
357,c1ccccc1,1
358,,0
359,c1ccccc1,1
360,,0
361,C1C2CC3CC1CC(C2)C3,2
362,c1ccccc1,1
363,,0
364,,0
365,,0
366,,0
367,,0
368,c1ccc(C(Cc2ccccn2)Cc2ccccn2)cc1,7
369,,0
370,,0
371,,0
372,,0
373,,0
374,,0
375,c1ccc(CCc2ccccc2)cc1,8
376,c1ccc(CCc2ccccc2)cc1,8
377,,0
378,c1ccc(CCc2ccccc2)cc1,8
379,c1ccc(CCc2ccccc2)cc1,8
380,,0
381,c1ccc(CCc2ccccc2)cc1,8
382,,0
383,O=S(=O)(c1ccccc1)c1ccccc1,5
384,O=S(=O)(c1ccccc1)c1ccccc1,5
385,O=S(=O)(c1ccccc1)c1ccccc1,5
386,c1ccccc1,1
387,C1CCOCC1,7
388,c1ccc(-c2nnc(-c3ccccc3)o2)cc1,9
389,,0
390,,0
391,,0
392,,0
393,,0
394,,0
395,c1ccc2c(OCCCOc3cccc4ccccc34)cccc2c1,7
396,c1ccc2c(c1)cc(OCCCOc1cc3ccccc3c3ccccc13)c1ccccc12,4
397,c1ccc(-c2ccc(OCCCOc3ccc(-c4ccccc4)cc3)cc2)cc1,5
398,,0
399,,0
400,,0
401,,0
402,c1ccccc1,1
403,C1C2CC3CC1CC(C2)C3,2
404,O=C1CCCCO1,9
405,C1C2CC3CC1CC(C2)C3,2
406,C1C2CC3CC1CC(C2)C3,2
407,C1C2CC3CC1CC(C2)C3,2
408,C1CCCCC1,4
409,C1CCCCC1,4
410,C1CCCCC1,4
411,C1CCCCC1,4
412,C1CCC1,9
413,C1CCCC1,7
414,C1CCCCCCCCC1,2
415,C1CCCCCCCCCCC1,3
416,C1CCOCC1,7
417,,0
418,,0
419,,0
420,C1COCCN1,5
421,c1cnoc1,4
422,c1ccccc1,1
423,,0
424,,0
425,,0
426,,0
427,,0
428,,0
429,,0
430,,0
431,,0
432,,0
433,,0
434,c1ccc(-c2ccc(-c3ccccc3)cc2)cc1,9
435,,0
436,,0
437,,0
438,,0
439,,0
440,C1COCOC1,2
441,C1CCC1,9
442,C1CCNC1,9
443,O=c1ccn(C2CCCO2)c(=O)[nH]1,5
444,C1COCO1,3
445,c1ccc(C2OCCO2)cc1,7
446,C1CO1,3
447,C1CCOC1,7
448,C1COCCOCCOCCO1,4
449,,0
450,,0
451,,0
452,,0
453,,0
454,,0
455,,0
456,,0
457,C1CCCCC1,4
458,c1ccc(N=Nc2ccc(OCCCCCCN3CCCCC3)cc2)cc1,6
459,,0
460,,0
461,O=C(Oc1ccccc1)c1ccccc1,5
462,O=C(Oc1ccccc1)c1ccccc1,5
463,,0
464,,0
465,,0
466,,0
467,,0
468,,0
469,,0
470,C1CCC(OC2CCCOC2)OC1,2
471,c1cc[nH+]cc1,9
472,O=C(Oc1ccccc1)c1ccc2ccccc2c1,2
473,O=C(Oc1ccc(C(=O)Oc2cccc(-c3ccc(OC(=O)c4ccccc4)cc3)c2)cc1)c1ccccc1,2
474,O=C(Oc1ccccc1)c1ccc2ccccc2c1,2
475,O=C(Oc1ccccc1)c1ccccc1,5
476,C(=Nc1ccccc1)c1ccccc1,7
477,c1ccc2c(c1)[nH]c1ccccc12,9
478,C(#Cc1ccc(C=Cc2ccncc2)cc1)c1ccccc1,8
479,C(#Cc1ccc(C=Cc2ccncc2)cc1)c1ccccc1,8
480,O=C(C=Cc1cc2ccccc2[nH]1)c1ccc(OC(=O)c2ccccc2)cc1,7
481,O=C(C=Cc1cc2ccccc2[nH]1)c1ccc(OC(=O)c2ccccc2)cc1,7
482,c1ccc(N=Nc2ccccc2)cc1,7
483,c1ccc(N=Nc2ccccc2)cc1,7
484,c1ccc(N=Nc2ccccc2)cc1,7
485,c1ccc(N=Nc2ccccc2)cc1,7
486,O=C(Oc1ccccc1)c1ccccc1,5
487,O=C(Oc1ccccc1)c1ccccc1,5
488,O=C(Oc1ccccc1)c1ccccc1,5
489,O=C(Oc1ccccc1)c1ccc(-c2ccccc2)cc1,4
490,c1ccc2c(c1)[nH]c1ccccc12,9
491,C(=Cc1ccc2[nH]c3ccccc3c2c1)c1ccccc1,9
492,c1ccc(N=Nc2ccc3[nH]c4ccccc4c3c2)cc1,2
493,O=C(Oc1ccccc1)c1ccc2ccccc2c1,2
494,O=C(Oc1ccccc1)c1ccc2ccccc2c1,2
495,O=C(C=Cc1cc2ccccc2[nH]1)c1ccc(OC(=O)c2ccccc2)cc1,7
496,C1=CC2CC1CC21COC(c2ccc(N=Nc3ccccc3)cc2)OC1,3
497,c1ccccc1,1
498,C=C1C=C(C=Cc2ccccc2)CO1,2
499,O=C(Oc1ccccc1)c1ccccc1,5
500,O=C(Oc1ccccc1)c1ccc2ccccc2c1,2
501,O=C(Oc1ccc(N=Nc2ccccc2)c2ccccc12)c1ccccc1,6
502,O=C(Oc1ccc(N=Nc2ccccc2)c2ccccc12)c1ccccc1,6
503,O=C(Oc1ccccc1)c1ccccc1,5
504,O=C(Oc1ccccc1)c1ccccc1,5
505,O=C(Oc1ccc(C(=O)Oc2cccc(-c3ccc(OC(=O)c4ccccc4)cc3)c2)cc1)c1ccccc1,2
506,O=C(Oc1ccc2ccc(=O)oc2c1)c1ccccc1,4
507,c1ccc(N=Nc2ccccc2)cc1,7
508,c1ccc(N=Nc2ccccc2)cc1,7
509,c1ccc(N=Nc2ccccc2)cc1,7
510,c1ccc(N=Nc2ccncc2)cc1,8
511,O=C(Oc1ccccc1)c1ccccc1,5
512,O=C(Oc1ccccc1)c1ccccc1,5
513,O=C(Oc1ccccc1)c1ccccc1,5
514,O=C(Oc1ccccc1)c1ccc(-c2ccccc2)cc1,4
515,c1ccc(-c2ccccc2)cc1,8
516,C(=Cc1ccccc1)c1ccccc1,9
517,c1ccc(N=Nc2ccccc2)cc1,7
518,c1ccc2c(c1)[nH]c1ccccc12,9
519,c1ccc(N=Nc2ccccc2)cc1,7
520,c1ccc2c(c1)[nH]c1ccccc12,9
521,O=C(Oc1ccccc1)c1ccc2ccccc2c1,2
522,c1ccc(N=Nc2ccccc2)cc1,7
523,O=C(Oc1ccccc1)c1ccccc1,5
524,O=C(Oc1ccccc1)c1ccccc1,5
525,O=C(Oc1ccccc1)c1ccccc1,5
526,c1ccc(N=Nc2ccccc2)cc1,7
527,c1ccccc1,1
528,,0
529,c1ccc2c(c1)[nH]c1ccccc12,9
530,,0
531,c1ccccc1,1
532,c1ccc(N=Nc2cccc3ccccc23)cc1,9
533,c1ccc(N=Nc2ccccc2)cc1,7
534,c1ccc(N=Nc2ccccc2)cc1,7
535,c1ccc(N=Nc2ccccc2)cc1,7
536,c1ccc(N=Nc2ccccc2)cc1,7
537,c1ccc(N=Nc2nc3ccccc3s2)cc1,5
538,c1ccccc1,1
539,,0
540,,0
541,,0
542,,0
543,,0
544,c1ccc(N=Nc2ccccc2)cc1,7
545,c1ccc(N=Nc2ccccc2)cc1,7
546,,0
547,O=C(Oc1ccccc1)c1ccccc1,5
548,c1ccc(N=Nc2ccccc2)cc1,7
549,c1ccc(-c2ccc(-c3ccccc3)cc2)cc1,9
550,,0
551,c1ccc(N=Nc2ccccc2)cc1,7
552,c1ccc(N=Nc2ccccc2)cc1,7
553,c1ccccc1,1
554,c1ccc(N=Nc2ccc3[nH]c4ccccc4c3c2)cc1,2
555,c1ccc2c(c1)[nH]c1ccccc12,9
556,,0
557,c1cc[se]c1,3
558,c1ccccc1,1
559,c1ccccc1,1
560,c1ccccc1,1
561,c1ccccc1,1
562,c1ccccc1,1
563,c1ccccc1,1
564,O=C1c2ccccc2C(C(=O)C=Cc2ccccc2)c2ccccc21,8
565,O=C(C=Cc1ccccc1)Oc1ccc2oc(=O)ccc2c1,7
566,O=C(C=Cc1ccccc1)Oc1ccccc1,4
567,c1ccc2c(c1)[nH]c1ccccc12,9
568,c1ccc2c(c1)[nH]c1ccccc12,9
569,c1ccc2c(c1)[nH]c1ccccc12,9
570,,0
571,c1ccccc1,1
572,c1ccccc1,1
573,c1ccccc1,1
574,c1ccccc1,1
575,c1ccccc1,1
576,c1ccccc1,1
577,c1ccc2c(c1)CCC2,8
578,O=C(C=Cc1ccccc1)c1ccccc1,4
579,O=C(C=Cc1ccc(OCc2ccccc2)cc1)c1ccccc1,8
580,c1ccccc1,1
581,O=C(Oc1ccc(C(=O)c2ccccc2)cc1)c1ccccc1,5
582,O=C(Oc1ccc(Oc2ccccc2)cc1)c1ccccc1,2
583,O=C(Oc1ccc(-c2ccccc2)cc1)c1ccccc1,6
584,O=C(Oc1ccccc1)c1ccccc1,5
585,O=C(c1ccccc1)c1ccccc1,4
586,c1ccccc1,1
587,C(=Cc1ccccc1)c1ccccc1,9
588,c1ccccc1,1
589,c1ccc(N=Nc2ccccc2)cc1,7
590,c1ccc(N=Nc2ccccc2)cc1,7
591,,0
592,,0
593,O=C1CN=CO1,7
594,,0
595,C1C2CC3CC1CC(C2)C3,2
596,,0
597,C1C2CC3CC1CC(C2)C3,2
598,O=C(CCC(=O)OC1CCC1)OC1CCC1,8
599,O=C(CCC(=O)OC1CCCCC1)OC1CCCCC1,9
600,,0
601,O=C(CCC(=O)OCC1CCCCC1)OCC1CCCCC1,7
602,O=C(CCC(=O)OCCC1CCCCC1)OCCC1CCCCC1,5
603,,0
604,,0
605,,0
606,,0
607,,0
608,,0
609,O=C(CCC(=O)OCCc1ccccc1)OCCc1ccccc1,3
610,O=C(CCC(=O)OCc1ccccc1)OCc1ccccc1,2
611,O=C(CCC(=O)Oc1ccccc1)Oc1ccccc1,5
612,O=C(CCC(=O)Oc1ccccc1)Oc1ccccc1,5
613,O=C(CCC(=O)Oc1ccccc1)Oc1ccccc1,5
614,O=C(CCC(=O)Oc1ccccc1)Oc1ccccc1,5
615,O=C(CCC(=O)Oc1ccccc1)Oc1ccccc1,5
616,O=C(CCC(=O)Oc1ccccc1)Oc1ccccc1,5
617,,0
618,,0
619,,0
620,,0
621,,0
622,,0
623,c1ccc2ccccc2c1,9
624,c1ccccc1,1
625,c1ccccc1,1
626,c1ccc(Nc2ncncn2)cc1,4
627,c1ccc2ncccc2c1,9
628,,0
629,,0
630,,0
631,,0
632,,0
633,,0
634,,0
635,,0
636,,0
637,,0
638,C1CCNCC1,7
639,,0
640,,0
641,,0
642,,0
643,,0
644,,0
645,,0
646,c1ccccc1,1
647,O=C(C=Cc1ccccc1)c1ccccc1,4
648,O=C(C=Cc1ccccc1)c1ccccc1,4
649,c1ccccc1,1
650,c1ccccc1,1
651,,0
652,,0
653,,0
654,,0
655,C1C2CC3CC1CC(C2)C3,2
656,C1C2CC3CC1CC(C2)C3,2
657,C1CC2CCC1C2,5
658,C1CCCCC1,4
659,C1CCCCCCCCCCC1,3
660,,0
661,,0
662,,0
663,,0
664,,0
665,,0
666,,0
667,,0
668,,0
669,,0
670,O=C(OCC(COC(=O)c1ccccc1)COC(=O)c1ccccc1)c1ccccc1,4
671,,0
672,,0
673,,0
674,,0
675,,0
676,,0
677,,0
678,,0
679,,0
680,O=C(Oc1ccccc1)c1ccccc1,5
681,O=C(Oc1ccc(C(=O)Oc2cccc(-c3ccc(OC(=O)c4ccccc4)cc3)c2)cc1)c1ccccc1,2
682,O=C(Oc1ccc(-c2ccccc2)cc1)c1ccccc1,6
683,c1ccc2c(c1)[nH]c1ccccc12,9
684,O=C(Oc1ccc(-c2ncccn2)cc1)C1COCO1,6
685,O=C(Oc1ccccc1)c1ccccc1,5
686,O=C(Oc1ccccc1)c1ccccc1,5
687,c1ccc2c(c1)[nH]c1ccccc12,9
688,O=C(Oc1ccccc1)c1ccccc1,5
689,O=C(Oc1ccccc1)c1ccccc1,5
690,C(=Nc1ccccc1)c1ccccc1,7
691,O=C(Oc1ccccc1)c1ccccc1,5
692,O=C(Oc1ccccc1)c1ccccc1,5
693,c1ccc(N=Nc2ccccc2)cc1,7
694,,0
695,O=C(Oc1ccccc1)c1ccccc1,5
696,c1ccc2c(c1)[nH]c1ccccc12,9
697,O=C(Oc1ccccc1)c1ccccc1,5
698,,0
699,c1ccc2c(c1)[nH]c1ccccc12,9
700,c1ccccc1,1
701,c1ccc(-c2ccccc2)cc1,8
702,,0
703,,0
704,c1ccc(N=Nc2ccccc2)cc1,7
705,,0
706,c1ccccc1,1
707,,0
708,,0
709,,0
710,C1COC1,6
711,,0
712,O=C(Oc1ccccc1)c1ccccc1,5
713,O=C(Oc1ccc(OC(=O)c2ccccc2)cc1)c1ccccc1,2
714,O=C(Oc1ccc(OC(=O)c2ccccc2)cc1)c1ccccc1,2
715,c1ccc(Cc2ccccc2)cc1,2
716,,0
717,,0
718,,0
719,c1ccccc1,1
720,,0
721,c1ccccc1,1
722,c1ccccc1,1
723,c1ccccc1,1
724,c1ccccc1,1
725,c1ccccc1,1
726,c1ccc2ccccc2c1,9
727,c1ccccc1,1
728,c1ccccc1,1
729,c1ccccc1,1
730,c1ccccc1,1
731,c1ccccc1,1
732,c1ccccc1,1
733,c1ccccc1,1
734,O=C(OCc1ccccc1)c1ccccc1,4
735,O=C(c1ccccc1)c1ccccc1,4
736,c1ccccc1,1
737,c1ccc(N=Nc2ccccc2)cc1,7
738,c1ccc(N=Nc2ccccc2)cc1,7
739,c1ccccc1,1
740,c1ccc(-c2ccccc2)cc1,8
741,c1ccccc1,1
742,c1ccccc1,1
743,c1ccccc1,1
744,c1ccccc1,1
745,c1ccccc1,1
746,c1ccccc1,1
747,c1ccc2c(c1)[nH]c1ccccc12,9
748,,0
749,O=C1CN=CO1,7
750,C1CCCCC1,4
751,C1CCCCC1,4
752,C1CCCC1,7
753,C1CCCCC1,4
754,,0
755,,0
756,,0
757,C1CCCCC1,4
758,,0
759,,0
760,,0
761,,0
762,,0
763,,0
764,,0
765,,0
766,,0
767,,0
768,c1ccccc1,1
769,c1ccccc1,1
770,c1ccccc1,1
771,c1ccccc1,1
772,c1ccccc1,1
773,c1ccccc1,1
774,,0
775,O=C1CCCN1,4
776,,0
777,,0
778,,0
779,,0
780,,0
781,,0
782,,0
783,,0
784,,0
785,,0
786,,0
787,C1CCCCC1,4
788,c1ccccc1,1
789,,0
790,c1ccccc1,1
791,,0
792,c1ccccc1,1
793,,0
794,,0
795,c1ccccc1,1
796,c1ccccc1,1
797,c1ccccc1,1
798,c1ccccc1,1
799,c1ccccc1,1
800,c1ccccc1,1
801,c1ccccc1,1
802,c1ccccc1,1
803,c1ccccc1,1
804,c1ccccc1,1
805,c1ccccc1,1
806,c1ccccc1,1
807,c1ccccc1,1
808,c1ccccc1,1
809,c1ccc(-c2ccccc2)cc1,8
810,c1ccccc1,1
811,c1ccncc1,9
812,,0
813,,0
814,,0
815,,0
816,,0
817,,0
818,,0
819,O=C(Oc1ccccc1)c1ccccc1,5
820,,0
821,c1ccccc1,1
822,c1ccccc1,1
823,c1ccc(N=Nc2ccccc2)cc1,7
824,,0
825,c1ccccc1,1
826,O=[PH](c1ccccc1)c1ccccc1,7
827,,0
828,,0
829,c1nnn[nH]1,9
830,c1ccccc1,1
831,c1ccccc1,1
832,c1ccccc1,1
833,c1ccccc1,1
834,c1ccccc1,1
835,c1ccccc1,1
836,c1ccccc1,1
837,c1ccccc1,1
838,c1ccccc1,1
839,c1ccccc1,1
840,c1ccccc1,1
841,c1ccc(-c2ccccc2)cc1,8
842,c1ccc(-c2ccccc2)cc1,8
843,c1ccc(-c2ccccc2)cc1,8
844,c1ccc(-c2ccccc2)cc1,8
845,c1ccc(-c2ccccc2)cc1,8
846,c1ccc(-c2ccccc2)cc1,8
847,O=C(Oc1ccccc1)c1ccc(C(=O)Oc2ccccc2)cc1,3
848,O=C(Oc1ccccc1)c1ccc(C(=O)Oc2ccccc2)cc1,3
849,O=C(Oc1ccccc1)c1ccc(C(=O)Oc2ccccc2)cc1,3
850,O=C(Oc1ccccc1)c1ccc(C(=O)Oc2ccccc2)cc1,3
851,O=C(Oc1ccccc1)c1ccc(C(=O)Oc2ccccc2)cc1,3
852,O=C(Oc1ccccc1)c1ccc(C(=O)Oc2ccccc2)cc1,3
853,c1ccccc1,1
854,c1ccccc1,1
855,c1ccc(-c2ccc(-c3ccccc3)cc2)cc1,9
856,c1ccc(-c2ccc(-c3ccccc3)cc2)cc1,9
857,c1ccccc1,1
858,c1ccccc1,1
859,c1ccccc1,1
860,O=C(Nc1ccccc1)c1ccccc1,2
861,c1ccccc1,1
862,c1ccccc1,1
863,c1ccccc1,1
864,c1ccccc1,1
865,c1ccccc1,1
866,c1ccccc1,1
867,c1ccccc1,1
868,c1ccccc1,1
869,c1ccccc1,1
870,c1ccccc1,1
871,c1ccccc1,1
872,c1ccccc1,1
873,c1ccc(CCOCc2ccccc2)cc1,7
874,c1ccc(COCc2ccccc2)cc1,5
875,c1ccccc1,1
876,c1ccccc1,1
877,c1ccccc1,1
878,c1ccc2ccccc2c1,9
879,c1ccccc1,1
880,c1ccccc1,1
881,c1ccccc1,1
882,c1ccccc1,1
883,c1ccccc1,1
884,c1ccccc1,1
885,c1ccccc1,1
886,c1ccccc1,1
887,c1ccc(N(c2ccccc2)c2ccccc2)cc1,6
888,c1ccccc1,1
889,c1ccccc1,1
890,c1ccccc1,1
891,c1ccc(B(Oc2ccc(-c3ccccc3)c3cccnc23)c2ccccc2)cc1,2
892,c1ccc(B(Oc2ccc(-c3ccccc3)c3cccnc23)c2ccccc2)cc1,2
893,c1ccc(B(Oc2cccc3cccnc23)c2ccccc2)cc1,8
894,c1ccc(B(Oc2cccc3cccnc23)c2ccccc2)cc1,8
895,c1ccccc1,1
896,c1ccccc1,1
897,N=C(Cc1ccccc1)c1ccccc1,4
898,c1ccccc1,1
899,c1ccccc1,1
900,c1ccccc1,1
901,O=C(CCN1CCCCC1)c1ccccc1,3
902,O=C(CCN1CCOCC1)c1ccccc1,5
903,O=C(Cc1ccccc1)c1ccccc1,2
904,c1ccccc1,1
905,O=C(c1ccccc1)N1CCCCC1,5
906,O=C(c1ccccc1)N1CCOCC1,6
907,c1ccccc1,1
908,c1ccccc1,1
909,c1ccccc1,1
910,c1ccccc1,1
911,c1ccccc1,1
912,c1ccccc1,1
913,c1ccccc1,1
914,c1ccccc1,1
915,c1ccccc1,1
916,c1ccccc1,1
917,c1ccc(CCCN2CCOCC2)cc1,3
918,c1ccccc1,1
919,c1ccccc1,1
920,c1ccccc1,1
921,c1ccccc1,1
922,c1ccccc1,1
923,c1ccccc1,1
924,c1ccccc1,1
925,c1ccccc1,1
926,c1ccccc1,1
927,c1ccccc1,1
928,c1ccccc1,1
929,c1ccccc1,1
930,c1ccccc1,1
931,c1ccccc1,1
932,c1ccccc1,1
933,c1ccccc1,1
934,c1ccccc1,1
935,c1ccccc1,1
936,c1ccccc1,1
937,c1ccccc1,1
938,c1ccccc1,1
939,c1ccc(COc2ccc(-c3ccc(-c4cccs4)c4nsnc34)cc2)cc1,5
940,c1ccc(COc2ccc(-c3ccc(-c4ccc(-c5cccs5)s4)c4nsnc34)cc2)cc1,7
941,c1ccccc1,1
942,c1ccccc1,1
943,c1ccc(Cn2c3ccccc3c3ccccc32)cc1,4
944,c1ccccc1,1
945,c1ccccc1,1
946,c1ccc(N(c2ccccc2)c2ccccc2)cc1,6
947,c1ccccc1,1
948,c1ccccc1,1
949,c1ccccc1,1
950,c1ccccc1,1
951,c1ccccc1,1
952,c1ccccc1,1
953,c1ccccc1,1
954,c1ccccc1,1
955,c1ccc(O[PH]2=NP=NP=N2)cc1,8
956,c1ccc(Oc2ccccc2)cc1,3
957,c1ccccc1,1
958,c1ccccc1,1
959,c1ccccc1,1
960,c1ccccc1,1
961,c1ccc(-c2c3ccccc3cc3ccccc23)cc1,4
962,c1ccc(-c2ccc3c(c2)Cc2cc(-c4ccc5c(c4)Cc4ccccc4-5)ccc2-3)cc1,4
963,c1ccc(-c2ccc3c(c2)Cc2ccccc2-3)cc1,6
964,c1ccccc1,1
965,c1ccncc1,9
966,c1ncncn1,8
967,c1ccncc1,9
968,c1ccsc1,6
969,c1ccccc1,1
970,S=C(c1ccccc1)c1ccccc1,4
971,S=C(c1ccccc1)c1ccccc1,4
972,S=C(c1ccccc1)c1cccs1,2
973,c1ccccc1,1
974,c1ccc(-c2ccccc2)cc1,8
975,c1ccc(-c2ccc(-c3ccccc3)cc2)cc1,9
976,c1ccc(-c2ccc(-c3ccc(-c4ccccc4)cc3)cc2)cc1,8
977,c1ccc(-c2ccc(-c3ccc(-c4cccs4)cc3)cc2)cc1,2
978,c1ccc(-c2ccc(-c3ccccc3)cc2)cc1,9
979,c1ccc(-c2ccc(-c3cccs3)cc2)cc1,7
980,c1ccc(-c2ccc(-c3ccc(-c4cccs4)s3)cc2)cc1,8
981,c1ccc(-c2ccc(-c3cccs3)cc2)cc1,7
982,S=C(c1cccs1)c1ccc(-c2ccccc2)s1,2
983,c1ccc(-c2ccc(-c3ccc(-c4cccs4)cc3)s2)cc1,4
984,c1ccc(-c2ccc(-c3ccccc3)s2)cc1,7
985,c1ccc(-c2ccc(-c3ccc(-c4cccs4)s3)s2)cc1,5
986,c1ccc(-c2ccc(-c3cccs3)s2)cc1,7
987,c1ccc(-c2ccc(Oc3cccs3)s2)cc1,9
988,S=C(Oc1ccccc1)c1cccs1,2
989,c1ccc(Oc2cccs2)cc1,9
990,c1ccccc1,1
991,c1ccccc1,1
992,,0
993,,0
994,,0
995,,0
996,,0
997,,0
998,,0
999,,0
1000,,0
1001,c1cc2ccc3cccc4ccc(c1)c2c34,4
1002,,0
1003,,0
1004,,0
1005,c1ccccc1,1
1006,c1ccccc1,1
1007,c1ccccc1,1
1008,c1ccccc1,1
1009,c1ccc(-c2cccs2)cc1,5
1010,,0
1011,c1ccsc1,6
1012,c1ccccc1,1
1013,,0
1014,,0
1015,,0
1016,,0
1017,c1ccsc1,6
1018,c1csc(Cc2cccs2)c1,9
1019,c1ccsc1,6
1020,C1CCCCC1,4
1021,C1CCCCCC1,3
1022,C1CCCC1,7
1023,,0
1024,,0
1025,c1ccccc1,1
1026,c1ccsc1,6
1027,,0
1028,,0
1029,,0
1030,c1ccsc1,6
1031,,0
1032,,0
1033,,0
1034,,0
1035,,0
1036,,0
1037,,0
1038,c1ccccc1,1
1039,,0
1040,c1ccsc1,6
1041,S=C(c1cccs1)c1cccs1,4
1042,c1csc(-c2ccc(-c3cccs3)s2)c1,9
1043,c1csc(-c2cccs2)c1,3
1044,,0
1045,,0
1046,,0
1047,c1ccc(CCc2ccccc2)cc1,8
1048,C(c1ccccc1)=c1ccc(=c2ccc(=C(c3ccccc3)c3ccc(-c4cccs4)s3)s2)s1,2
1049,c1ccccc1,1
1050,C(c1cccs1)=c1ccc(=c2ccc(=C(c3cccs3)c3ccc(-c4cccs4)s3)s2)s1,7
1051,O=C1CCCC(=O)N1,4
1052,O=C1CCC(=O)N1c1ccccc1,9
1053,O=C1CCCC(=O)O1,7
1054,O=C1CCC(=O)O1,4
1055,C1CCCCCC1,3
1056,C1CCCCC1,4
1057,C1CCCC1,7
1058,C1CCC1,9
1059,O=C1CCCC(=O)N1,4
1060,C1CCC1,9
1061,c1ccc2c(c1)CCC2,8
1062,C1CCCCC1,4
1063,O=C(CCC(=O)N1CCCCC1)N1CCCCC1,7
1064,O=C(CCC(=O)N1CCCCC1)N1CCCCC1,7
1065,C1COCO1,3
1066,C1CNCCN1,5
1067,C1COCO1,3
1068,C1COCO1,3
1069,C1COCO1,3
1070,c1ccc(C2COCO2)cc1,6
1071,C1COCO1,3
1072,C1COCO1,3
1073,O=C(Oc1ccccc1)c1cccc(C(=O)Oc2ccc(C3NC(=O)c4ccccc43)cc2)c1,2
1074,O=C(Oc1ccccc1)c1ccc(C(=O)Oc2ccc(C3NC(=O)c4ccccc43)cc2)cc1,2
1075,O=C(c1ccc(Oc2ccccc2)cc1)c1ccc(Oc2ccc(C3NC(=O)c4ccccc43)cc2)cc1,3
1076,O=C(Nc1ccc(Oc2ccccc2)cc1)c1ccc2c(c1)C(=O)N(c1ccc(Cc3ccc(N4C(=O)c5ccc(C(=O)Nc6ccc(Oc7ccc(C8NC(=O)c9ccccc98)cc7)cc6)cc5C4=O)cc3)cc1)C2=O,7
1077,O=C(c1ccc(Oc2ccccc2)cc1)c1ccc(Oc2ccc(C3NC(=O)c4ccccc43)cc2)cc1,3
1078,O=C(Oc1ccccc1)c1ccc([SiH2]c2ccc(C(=O)Oc3ccc(C4c5ccccc5C(=O)N4c4ccccc4)cc3)cc2)cc1,3
1079,O=C1OC(c2ccc(Oc3ccc(S(=O)(=O)c4ccc(Oc5ccccc5)cc4)cc3)cc2)c2ccccc21,2
1080,O=C1OC(c2ccc(Oc3ccc(S(=O)(=O)c4ccc(Oc5ccccc5)cc4)cc3)cc2)c2ccccc21,2
1081,O=C(Oc1ccccc1)c1ccc(C(=O)Oc2ccc(C3OC(=O)c4ccccc43)cc2)cc1,9
1082,O=C(Oc1ccccc1)c1cccc(C(=O)Oc2ccc(C3OC(=O)c4ccccc43)cc2)c1,7
1083,O=C1OC(c2ccc(Oc3ccc(S(=O)(=O)c4ccc(Oc5ccccc5)cc4)cc3)cc2)c2ccccc21,2
1084,O=C(NNC(=O)c1ccc(C(=O)NNC(=O)c2ccc(C3OC(=O)c4ccccc43)cc2)cc1)c1ccccc1,2
1085,O=C(Oc1ccccc1)Oc1ccc(C2OC(=O)c3ccccc32)cc1,3
1086,O=C(Oc1ccccc1)c1cccc(C(=O)Oc2ccc(C3OC(=O)c4ccccc43)cc2)c1,7
1087,O=C(Oc1ccccc1)c1ccc(C(=O)Oc2ccc(C3OC(=O)c4ccccc43)cc2)cc1,9
1088,O=C(Oc1ccccc1)c1ccc([Si](c2ccccc2)(c2ccccc2)c2ccc(C(=O)Oc3ccc(C4OC(=O)c5ccccc54)cc3)cc2)cc1,7
1089,O=C(c1ccc(Oc2ccccc2)cc1)c1ccc(Oc2ccc(C3OC(=O)c4ccccc43)cc2)cc1,8
1090,O=C1OC(c2ccc(Oc3ccc(S(=O)(=O)c4ccc(Oc5ccccc5)cc4)cc3)cc2)c2ccccc21,2
1091,O=C(Oc1ccccc1)c1ccc(C(=O)Oc2ccc(C3OCc4ccccc43)cc2)cc1,7
1092,O=C(Oc1ccccc1)c1ccc(C(=O)Oc2ccc(C3c4ccccc4Oc4ccccc43)cc2)cc1,5
1093,C1C2CC3CC1CC(C2)C3,2
1094,O=C1C2COCC2C(=O)N1c1ccccc1,9
1095,O=C1C=C(c2ccc(-c3ccc4c(c3)Cc3cc(-c5ccccc5)ccc3-4)cc2)C(=O)N1,7
1096,C1=CCCC1,5
1097,O=S1(=O)C=CC=C1c1sc(-c2scc3c2OCCO3)c2c1OCCO2,9
1098,C=C1C=COC(C=Cc2ccc(N=Nc3ccc(NCCOC(=O)Nc4cccc(NC(=O)OCCNc5ccc(N=Nc6ccccc6)cc5)c4)cc3)cc2)=C1,4
1099,C=C1C=COC(C=Cc2ccc(-c3ccc4c(c3)Cc3cc(-c5cccs5)ccc3-4)s2)=C1,8
1100,C=C1C=COC(C=Cc2ccc(-c3ccc(-c4cccs4)s3)s2)=C1,5
1101,C=C1C=COC(C=Cc2ccc(NCCOC(=O)Nc3cccc(NC(=O)OCCNc4cccs4)c3)s2)=C1,4
1102,C=C1C=COC(C=Cc2ccc(-c3ccc(C=Cc4ccc5c(c4)Cc4cc(C=Cc6ccc(-c7cccs7)cc6)ccc4-5)cc3)s2)=C1,9
1103,O=C1NC=CCC1C(=O)C(=O)C1CC2CCC2C1=O,8
1104,C1=CC2=CC=NC2=N1,7
1105,C1=CC2=NC=CC2=N1,7
1106,O=S1(=O)C=CC=C1c1sc(-c2scc3c2OCCO3)c2c1OCCO2,9
1107,C1=CC2=CC=NC2=CC1,6
1108,C=C1CCCC1,9
1109,O=C1CCC(=O)N1,5
1110,O=C1CCC(=O)N1C1CCCCC1,7
1111,O=C1CCC(=O)N1CCCCCCCCOc1ccc(-c2ccccc2)cc1,8
1112,O=C1CCC(=O)N1CCCCCCOc1ccc(-c2ccccc2)cc1,3
1113,O=C1CCC(=O)N1CCCCCOc1ccc(-c2ccccc2)cc1,9
1114,O=C1CCC(=O)N1CCCCOc1ccc(-c2ccccc2)cc1,5
1115,O=C1CCC(=O)N1CCCOc1ccc(-c2ccccc2)cc1,5
1116,O=C1CCC(=O)N1CCOc1ccc(-c2ccccc2)cc1,4
1117,O=C1CCC(=O)N1c1ccccc1,9
1118,O=C1CCC(=O)N1c1ccccc1,9
1119,O=C1CCC(=O)N1c1ccccc1,9
1120,O=C1CCC(=O)N1c1ccccc1,9
1121,O=C1CCC(=O)N1c1ccc(O[Si](c2ccccc2)(c2ccccc2)c2ccccc2)cc1,9
1122,O=C1CCC(=O)N1c1ccc(Cc2ccc(N3C(=O)CC(CC=Cc4cccc(Cc5ccccc5)c4)C3=O)cc2)cc1,2
1123,O=C1CCC(=O)N1,5
1124,O=C1CCC(=O)N1,5
1125,O=C1CCC(=O)N1c1ccccc1,9
1126,O=C1CCC(=O)N1c1ccccc1,9
1127,O=C1CCC(=O)N1c1ccccc1,9
1128,O=C1CCC(=O)N1c1ccccc1,9
1129,O=C1CC(Cc2ccccc2)C(=O)N1,7
1130,O=C1CC(Cc2ccccc2)C(=O)N1,7
1131,O=C1CC(Cc2ccccc2)C(=O)N1,7
1132,O=C1CC(Cc2ccccc2)C(=O)N1,7
1133,O=C1CC(Cc2ccccc2)C(=O)N1CCCNc1ccc(N=Nc2ccccc2)cc1,4
1134,O=C1CC(Cc2ccccc2)C(=O)N1CCNc1ccc(N=Nc2ccccc2)cc1,7
1135,O=C(Nc1ccc(N2C(=O)CC(Cc3ccccc3)C2=O)cc1)OCC1CCCN1c1ccccc1,9
1136,O=C1CCC(=O)N1,5
1137,O=C1CCC(=O)N1,5
1138,O=C1CCC(=O)N1,5
1139,O=C1CCC(=O)N1,5
1140,O=C1CCC(=O)N1,5
1141,O=C1CCC(=O)N1c1ccccc1,9
1142,O=C1CCCC(=O)O1,7
1143,O=C1CCC(=O)O1,4
1144,O=C1CCC(=O)O1,4
1145,O=C1CCC(=O)O1,4
1146,O=C1CCC(=O)O1,4
1147,O=C1CC(COC2CCCCC2)C(=O)O1,6
1148,O=C1CCC(=O)O1,4
1149,O=C1CCC(=O)O1,4
1150,O=C1CC(Cc2ccccc2)C(=O)O1,3
1151,O=C1CC(C2CC3CC2CC3C(=O)OC2CCCCC2)C(=O)O1,5
1152,O=C1CC(C2CC3CC2CC3C(=O)OC2CCCCC2)C(=O)O1,5
1153,O=C1CC(C2CC3CCC2C3)C(=O)O1,6
1154,C1CCCC1,7
1155,O=C(CCCCCCCCCCOc1ccc(-c2ccccc2)cc1)OC1CCCC1OC(=O)CCCCCCCCCCOc1ccc(-c2ccccc2)cc1,8
1156,C1CCCC1,7
1157,C1CCCC1,7
1158,C1CCCC1,7
1159,O=C(OCCCCCCCCCCCOc1ccc(-c2ccccc2)cc1)C1CCCC1C(=O)OCCCCCCCCCCCOc1ccc(-c2ccccc2)cc1,2
1160,O=C(OCCCCCCOc1ccc(-c2ccccc2)cc1)C1CCCC1C(=O)OCCCCCCOc1ccc(-c2ccccc2)cc1,2
1161,O=C(Oc1ccccc1)C1CCCC1C(=O)Oc1ccccc1,9
1162,C1CC2CCC1C2,5
1163,C1CCCC1,7
1164,C1CCCC1,7
1165,C1CCCC1,7
1166,C1CCCC1,7
1167,C1CCCC1,7
1168,C1CCCC1,7
1169,C1CCCC1,7
1170,O=C(OCCCCCCCCOc1ccc(C=Cc2ccccc2)cc1)C1CCCC1,5
1171,C1CCCC1,7
1172,C1CCCC1,7
1173,C1=CCC(C2CCCC2)CC1,3
1174,C1CCCC1,7
1175,O=C(CCCCCCCCCCOc1ccc(-c2ccccc2)cc1)OC1CCCC1,3
1176,O=C1NC(=O)C2CCCC12,9
1177,O=C1NC(=O)C2CCCC12,9
1178,O=C1NC(=O)C2CCCC12,9
1179,O=C1NC(=O)C2CCCC12,9
1180,O=C1NC(=O)C2CCCC12,9
1181,O=C1NC(=O)C2CCCC12,9
1182,O=C1C2CCCC2C(=O)N1c1ccccc1,8
1183,O=C1C2CCCC2C(=O)N1c1ccccc1,8
1184,O=C1C2CCCC2C(=O)N1c1ccccc1,8
1185,O=C1C2CCCC2C(=O)N1c1ccccc1,8
1186,O=C1C2CCCC2C(=O)N1c1ccccc1,8
1187,O=C(OCC12CC3CC(CC(C3)C1)C2)C1C2CCC(C2)C1C(=O)OCC12CC3CC(CC(C3)C1)C2,5
1188,O=C(OCCC12CC3CC(CC(C3)C1)C2)C1C2CCC(C2)C1C(=O)OCCC12CC3CC(CC(C3)C1)C2,2
1189,O=C(OCCC1CC2CCC1C2)C1C2CCC(C2)C1C(=O)OCCC1CC2CCC1C2,9
1190,O=C(OCCCc1ccccc1)C1C2CCC(C2)C1C(=O)OCCCc1ccccc1,6
1191,O=C(OCc1ccccc1)C1C2CCC(C2)C1C(=O)OCc1ccccc1,2
1192,c1ccc(COCC2C3CCC(C3)C2COCc2ccccc2)cc1,9
1193,c1ccc(C2CC3CC2C2CCCC32)cc1,4
1194,C1=CC2C3CCC(C3)C2C1,6
1195,C1=CC2CCC1C2,9
1196,C=C1CC2CCC1C2,4
1197,C1CC2CCC1C2,5
1198,O=C(OCCc1ccc(N(c2ccccc2)c2ccccc2)cc1)C1CC2CCC1C2,4
1199,O=C(OCCc1ccc(N(c2ccccc2)c2ccccc2)cc1)C1CC2CCC1C2,4
1200,c1ccc(CCCCC2CC3CCC2C3)cc1,8
1201,C1CC2CCC1C2,5
1202,C1CC2CCC1C2,5
1203,C1CC2CCC1C2,5
1204,C1=CCSC1,2
1205,C1=CCSC1,2
1206,C1=CCCC1,5
1207,C1=CCCCC1,5
1208,C1COCOC1,2
1209,C1CCOC1,7
1210,C1CCCC1,7
1211,C1CCCC1,7
1212,C1CC2C3CC4C(C3)C24C1,2
1213,O=C(NC1CCC(CC2CCCCC2)CC1)OC1CC2CCCC(C1)O2,3
1214,C1CC2CCCC(C1)O2,2
1215,O=C(Oc1ccc(S(=O)(=O)c2ccccc2)cc1)OC1CC2CCCC(C1)O2,9
1216,C1CC2CCC1C2,5
1217,C1CC2CCCC2C1,3
1218,C(=C(c1ccccc1)N1CCCCC1)c1ccccc1,3
1219,C=C1C=C(C=Cc2ccc(N3CCCCC3)s2)OC(C=Cc2ccc(N3CCC(OC(=O)Nc4ccccc4)CC3)s2)=C1,5
1220,C(=C(c1ccccc1)N1CCCCC1)c1ccccc1,3
1221,C1CC2OCCC2O1,5
1222,C1CC2OCCC2O1,5
1223,C1CC2OCCC2O1,5
1224,C1CC2OCCC2O1,5
1225,O=C(CCCCC(=O)NC(Cc1ccccc1)C(=O)OC1COC2CCOC21)NCCc1ccccc1,5
1226,C1CC2OCCC2O1,5
1227,C1CC2OCCC2O1,5
1228,O=C(CCCCCCC(=O)NC(Cc1ccccc1)C(=O)OC1COC2CCOC21)NCCc1ccccc1,3
1229,C1CC2OCCC2O1,5
1230,C1CC2OCCC2O1,5
1231,C1CC2OCCC2O1,5
1232,O=C(CCCCCCCCC(=O)NC(Cc1ccccc1)C(=O)OC1COC2CCOC21)NCCc1ccccc1,9
1233,O=C(CCCCCCCCCCC(=O)NC(Cc1ccccc1)C(=O)OC1COC2CCOC21)NCCc1ccccc1,8
1234,C1CC2OCCC2O1,5
1235,C1CC2OCCC2O1,5
1236,C1CC2OCCC2O1,5
1237,C1CC2OCCC2O1,5
1238,O=C(OCC1COCO1)OC1COC2CCOC21,3
1239,C1CC2OCCC2O1,5
1240,C1CC2OCCC2O1,5
1241,C1CC2OCCC2O1,5
1242,C1CC2OCCC2O1,5
1243,C1CC2OCCC2O1,5
1244,C1CC2OCCC2O1,5
1245,C1CC2OCCC2O1,5
1246,O=C(OC1COC2CCOC21)c1cccc(OCCCCCCCCOc2ccccc2)c1,4
1247,O=C(OC1COC2CCOC21)c1ccccc1,9
1248,O=C(CCCCC(=O)NCc1ccc(OC2COC3CCOC32)cc1)NCc1ccccc1,2
1249,O=C(CCCCCCC(=O)Nc1ccc(OC2COC3CCOC32)cc1)Nc1ccccc1,6
1250,O=C(Nc1ccccc1)c1ccc(C(=O)Nc2ccc(OC3COC4CCOC43)cc2)cc1,6
1251,O=C(Nc1ccccc1)c1ccc(OC2COC3C(Oc4ccc(C(=O)Nc5ccc(OC6COC7CCOC76)cc5)cc4)COC23)cc1,2
1252,C1CC[NH2+]C1,5
1253,O=C(OCc1ccccc1)N1CCCC1,6
1254,O=C1OCCC1CCC1CCOC1=O,2
1255,C1CCOCC1,7
1256,C1CCOCC1,7
1257,C1CCOCC1,7
1258,C1CCOCC1,7
1259,O=C(Nc1ccccc1)OCC1CC(OC(=O)Nc2ccccc2)C(OC(=O)Nc2ccccc2)CO1,8
1260,C1CCOCC1,7
1261,C1CCOCC1,7
1262,C1COCO1,3
1263,C1COCOC1,2
1264,C1COCO1,3
1265,C1COCO1,3
1266,C1CC2OCOC2O1,7
1267,C1COCOC1,2
1268,C1COCOC1,2
1269,C1COCCO1,6
1270,C1COCCO1,6
1271,C1OCC2(CO1)COCOC2,3
1272,C1CCOC1,7
1273,O=C1CC(C2CCCOC2)C(=O)O1,9
1274,C1COCOC1,2
1275,C1COCOC1,2
1276,C1=CCSC1,2
1277,c1ccc2c(c1)CCC2,8
1278,c1ccc2c(c1)CCO2,8
1279,c1cc2c3c(cccc3c1)CC2,8
1280,,0
1281,,0
1282,,0
1283,c1ccoc1,3
1284,O=C(Oc1ccccc1)c1ccccc1,5
1285,c1ccccc1,1
1286,c1ccccc1,1
1287,c1ccccc1,1
1288,c1ccccc1,1
1289,c1ccccc1,1
1290,c1ccc2ccccc2c1,9
1291,c1cc[nH+]cc1,9
1292,c1ccccc1,1
1293,c1ccsc1,6
1294,c1ccsc1,6
1295,,0
1296,,0
1297,C=C1CCC(=Cc2ccccc2)C1=O,7
1298,C=C1CCC(=Cc2ccc(Sc3ccco3)o2)C1=O,9
1299,,0
1300,c1coc(Sc2ccco2)c1,8
1301,,0
1302,,0
1303,c1ccccc1,1
1304,O=C(CCC(=O)OCc1ccccc1)OCc1ccccc1,2
1305,c1ccc(COCCCCOCc2ccccc2)cc1,3
1306,,0
1307,c1ccccc1,1
1308,,0
1309,,0
1310,,0
1311,c1csc(-c2cccs2)c1,3
1312,,0
1313,,0
1314,,0
1315,,0
1316,,0
1317,C(=Cc1ccccc1)c1ccccc1,9
1318,,0
1319,,0
1320,C1=CCC=C1,8
1321,C1CCCC1,7
1322,C1CCCC1,7
1323,C1CCCC1,7
1324,C1CCCC1,7
1325,C1CCCC1,7
1326,C1CCCC1,7
1327,C1CCCC1,7
1328,C1CCCC1,7
1329,O=C1OC2CCCC2O1,3
1330,O=C1NC(=O)C2CCCC12,9
1331,O=C1NC(=O)C2CCCC12,9
1332,O=C1NC(=O)C2CCCC12,9
1333,O=C1C2CCCC2C(=O)N1c1ccccc1,8
1334,O=C1C2CCCC2C(=O)N1c1ccccc1,8
1335,O=C1C2CCCC2C(=O)N1c1ccccc1,8
1336,C1CC2C3CCC(C3)C2C1,5
1337,C1=CC2CCCC2C1,3
1338,C1=CC2CCCC2C1,3
1339,C1CC2CCCC2C1,3
1340,C1CCCC1,7
1341,,0
1342,,0
1343,,0
1344,,0
1345,O=C(CC(=O)OC12CC3CC(CC(C3)C1)C2)OC12CC3CC(CC(C3)C1)C2,9
1346,,0
1347,,0
1348,,0
1349,,0
1350,,0
1351,,0
1352,,0
1353,,0
1354,,0
1355,c1cc2ccc3cccc4ccc(c1)c2c34,4
1356,,0
1357,,0
1358,c1csc(-c2cccs2)c1,3
1359,c1ccccc1,1
1360,c1ccccc1,1
1361,C(=Cc1cccs1)c1ccccc1,5
1362,c1ccccc1,1
1363,c1ccccc1,1
1364,c1ccccc1,1
1365,c1ccccc1,1
1366,c1ccc2ccccc2c1,9
1367,c1ccc2ccccc2c1,9
1368,c1ccc2occc2c1,3
1369,c1ccc2sccc2c1,4
1370,c1cc[nH]c1,3
1371,c1cc[nH]c1,3
1372,c1cc[nH]c1,3
1373,c1ccncc1,9
1374,c1ccsc1,6
1375,c1csc(-c2cccs2)c1,3
1376,C(=Cc1ccncn1)c1ccc(-c2ccccc2)cc1,2
1377,C(=Cc1ccncn1)c1ccccc1,7
1378,c1ccc2c(c1)Cc1ccccc1-2,7
1379,C(=Cc1ccnc(-c2ccccc2)n1)c1ccccc1,4
1380,C(=Cc1ccncn1)c1ccccc1,7
1381,C(=Cc1cccs1)c1ccccn1,5
1382,c1scc2c1OCCO2,4
1383,c1coc(Sc2ccco2)c1,8
1384,c1coc(Sc2ccco2)c1,8
1385,c1ccsc1,6
1386,C(=Nc1ccccc1)c1ccc(Sc2ccco2)o1,2
1387,O=S(=O)(c1ccccc1)c1ccc(N=Cc2ccc(Sc3ccco3)o2)cc1,8
1388,C(=Nc1ccccc1)c1ccccn1,6
1389,C=c1ccc(=c2ccc(=Cc3cccs3)s2)s1,4
1390,C=c1ccc(=c2ccc(=Cc3ccc(-c4cccs4)s3)s2)s1,4
1391,,0
1392,,0
1393,c1ccc(Cc2ccccc2)cc1,2
1394,c1ccc(-c2ccccc2)cc1,8
1395,c1ccc(Cc2ccccc2)cc1,2
1396,,0
1397,,0
1398,,0
1399,,0
1400,,0
1401,,0
1402,,0
1403,,0
1404,,0
1405,,0
1406,c1ccc(-c2nnc(-c3ccccc3)o2)cc1,9
1407,,0
1408,,0
1409,,0
1410,,0
1411,,0
1412,,0
1413,C1CCNC1,9
1414,,0
1415,,0
1416,,0
1417,,0
1418,,0
1419,C1CCCCC1,4
1420,c1ccc2c(c1)[nH]c1ccccc12,9
1421,,0
1422,c1ccccc1,1
1423,c1ccccc1,1
1424,c1ccccc1,1
1425,c1ccccc1,1
1426,c1ccc2c(c1)[nH]c1ccccc12,9
1427,c1ccsc1,6
1428,c1ccc2ccccc2c1,9
1429,c1ccccc1,1
1430,c1ccccc1,1
1431,,0
1432,,0
1433,,0
1434,,0
1435,,0
1436,,0
1437,,0
1438,,0
1439,,0
1440,,0
1441,,0
1442,,0
1443,,0
1444,,0
1445,,0
1446,,0
1447,,0
1448,,0
1449,,0
1450,,0
1451,,0
1452,,0
1453,,0
1454,,0
1455,,0
1456,,0
1457,c1ccccc1,1
1458,,0
1459,,0
1460,,0
1461,,0
1462,,0
1463,c1ccccc1,1
1464,,0
1465,,0
1466,,0
1467,,0
1468,C1CCCCC1,4
1469,,0
1470,,0
1471,,0
1472,,0
1473,,0
1474,,0
1475,,0
1476,,0
1477,,0
1478,,0
1479,,0
1480,,0
1481,,0
1482,,0
1483,,0
1484,,0
1485,C1COC1,6
1486,,0
1487,c1ccccc1,1
1488,c1ccccc1,1
1489,c1ccccc1,1
1490,c1ccccc1,1
1491,c1ccccc1,1
1492,c1ccccc1,1
1493,c1ccccc1,1
1494,O=c1[nH]sc2ccccc12,9
1495,,0
1496,,0
1497,,0
1498,,0
1499,,0
1500,,0
1501,,0
1502,C1CCCCC1,4
1503,c1ccccc1,1
1504,,0
1505,,0
1506,,0
1507,,0
1508,,0
1509,,0
1510,,0
1511,O=C1CCCN1,4
1512,S=C1CCCN1,5
1513,,0
1514,,0
1515,C1CCCC1,7
1516,C1CCCC1,7
1517,,0
1518,,0
1519,,0
1520,,0
1521,c1ccccc1,1
1522,c1ccccc1,1
1523,c1ccccc1,1
1524,c1ccncc1,9
1525,,0
1526,,0
1527,,0
1528,,0
1529,,0
1530,,0
1531,,0
1532,c1ccccc1,1
1533,c1ccccc1,1
1534,,0
1535,c1ccccc1,1
1536,c1ccccc1,1
1537,c1ccccc1,1
1538,O=C(CCN1CCCCC1)c1ccccc1,3
1539,O=C(CCN1CCOCC1)c1ccccc1,5
1540,O=C(Cc1ccccc1)c1ccccc1,2
1541,c1ccccc1,1
1542,O=C(c1ccccc1)c1ccccc1,4
1543,c1ccc(CCCN2CCOCC2)cc1,3
1544,c1ccccc1,1
1545,c1ccncc1,9
1546,c1ccccc1,1
1547,c1ccccc1,1
1548,c1ccccc1,1
1549,c1ccccc1,1
1550,c1ccc2c(c1)OCO2,8
1551,c1ccc2ccccc2c1,9
1552,c1ccccc1,1
1553,c1ccc2c(c1)OCO2,8
1554,c1ccncc1,9
1555,c1ncncn1,8
1556,c1ccc2[nH]ccc2c1,2
1557,c1ccc2n[nH]cc2c1,9
1558,c1ccc2[nH]ccc2c1,2
1559,c1ccc2[nH]nnc2c1,2
1560,,0
1561,,0
1562,,0
1563,,0
1564,,0
1565,c1ccsc1,6
1566,,0
1567,,0
1568,,0
1569,,0
1570,c1ccccc1,1
1571,c1ccccc1,1
1572,c1ccccc1,1
1573,c1ccc(-c2cccs2)cc1,5
1574,c1ccsc1,6
1575,c1ccc(-c2cccs2)cc1,5
1576,c1csc(-c2cccs2)c1,3
1577,,0
1578,,0
1579,,0
1580,,0
1581,,0
1582,,0
1583,,0
1584,,0
1585,,0
1586,,0
1587,c1ccccc1,1
1588,,0
1589,,0
1590,c1ccccc1,1
1591,c1ccccc1,1
1592,c1ccccc1,1
1593,c1ccsc1,6
1594,c1ccsc1,6
1595,,0
1596,,0
1597,,0
1598,,0
1599,,0
1600,,0
1601,,0
1602,,0
1603,,0
1604,,0
1605,,0
1606,c1ccccc1,1
1607,c1ccsc1,6
1608,,0
1609,,0
1610,,0
1611,c1ccccc1,1
1612,c1ccccc1,1
1613,c1ccccc1,1
1614,c1ccccc1,1
1615,c1ccsc1,6
1616,c1ccsc1,6
1617,c1ccsc1,6
1618,O=C(CN1C(=O)c2ccc(C(=O)c3ccc4c(c3)C(=O)NC4=O)cc2C1=O)Nc1ccccc1,7
1619,O=C(CN1C(=O)c2ccc(C(=O)c3ccc4c(c3)C(=O)NC4=O)cc2C1=O)Nc1ccc(Oc2ccccc2)cc1,5
1620,O=C(CN1C(=O)c2ccc(C(=O)c3ccc4c(c3)C(=O)NC4=O)cc2C1=O)Nc1ccc(Oc2ccc(Oc3ccccc3)cc2)cc1,4
1621,,0
1622,,0
1623,,0
1624,,0
1625,,0
1626,,0
1627,,0
1628,,0
1629,,0
1630,c1ccccc1,1
1631,c1ccccc1,1
1632,c1ccsc1,6
1633,O=c1[nH]c(=O)c2cc3c(=O)[nH]c(=O)c3cc12,2
1634,c1ccsc1,6
1635,c1ccsc1,6
1636,c1ccsc1,6
1637,c1ccsc1,6
1638,c1ccc(-c2ccccc2)cc1,8
1639,c1ccc(-c2ccccc2)cc1,8
1640,c1ccc(-c2ccccc2)cc1,8
1641,c1ccc(-c2cccs2)cc1,5
1642,c1ccc(-c2cccs2)cc1,5
1643,c1ccc(-c2cccs2)cc1,5
1644,c1ccc(-c2cccs2)cc1,5
1645,c1ccc(-c2cccs2)cc1,5
1646,c1ccc(-c2cccs2)cc1,5
1647,c1csc(-c2cccs2)c1,3
1648,c1csc(-c2cccs2)c1,3
1649,c1ccccc1,1
1650,c1ccccc1,1
1651,c1ccsc1,6
1652,c1ccsc1,6
1653,c1ccsc1,6
1654,c1ccsc1,6
1655,c1ccsc1,6
1656,c1ccccc1,1
1657,c1ccccc1,1
1658,c1ccccc1,1
1659,c1ccsc1,6
1660,c1ccsc1,6
1661,c1ccccc1,1
1662,c1ccccc1,1
1663,c1ccccc1,1
1664,c1ccsc1,6
1665,,0
1666,,0
1667,,0
1668,,0
1669,,0
1670,,0
1671,c1ccccc1,1
1672,c1ccccc1,1
1673,c1ccsc1,6
1674,,0
1675,,0
1676,,0
1677,,0
1678,,0
1679,,0
1680,,0
1681,,0
1682,,0
1683,,0
1684,,0
1685,,0
1686,,0
1687,,0
1688,,0
1689,,0
1690,,0
1691,,0
1692,,0
1693,c1ccccc1,1
1694,c1ccsc1,6
1695,c1ccsc1,6
1696,c1ccsc1,6
1697,c1ccsc1,6
1698,c1ccccc1,1
1699,c1ccccc1,1
1700,c1ccccc1,1
1701,c1ccccc1,1
1702,c1ccccc1,1
1703,c1ccccc1,1
1704,c1ccsc1,6
1705,c1ccsc1,6
1706,c1ccsc1,6
1707,c1ccsc1,6
1708,,0
1709,,0
1710,,0
1711,,0
1712,,0
1713,c1ccccc1,1
1714,,0
1715,,0
1716,O=C1CCC(=O)N1,5
1717,,0
1718,,0
1719,,0
1720,,0
1721,,0
1722,,0
1723,,0
1724,,0
1725,c1ccccc1,1
1726,C1CCC(CC2CCCCC2)CC1,3
1727,,0
1728,c1ccc(Cc2ccccc2)cc1,2
1729,c1ccccc1,1
1730,,0
1731,,0
1732,,0
1733,,0
1734,,0
1735,,0
1736,,0
1737,,0
1738,,0
1739,O=C1CCC(=O)O1,4
1740,c1ccccc1,1
1741,O=C1CCC(=O)N1,5
1742,C1CC2CCC2O1,7
1743,,0
1744,,0
1745,,0
1746,,0
1747,,0
1748,c1ccc(CCC(CC(CCc2ccccc2)c2ccccc2)c2ccccc2)cc1,7
1749,c1ccccc1,1
1750,c1ccccc1,1
1751,c1ccc(-c2ccccc2)cc1,8
1752,c1ccc(-c2cccs2)cc1,5
1753,c1ccc(-c2ccc(-c3ccccc3)s2)cc1,7
1754,c1ccc(Cc2ccccc2)cc1,2
1755,c1ccc(Nc2ccccc2)cc1,9
1756,c1ccc(Nc2cccs2)cc1,7
1757,c1ccc(Oc2cccs2)cc1,9
1758,,0
1759,,0
1760,c1ccccc1,1
1761,,0
1762,c1ccc(CCC(CCc2ccccn2)c2ccccn2)nc1,2
1763,c1ccc(CCC(CC(CCc2ccccc2)c2ccccc2)c2ccccc2)cc1,7
1764,c1ccc(CCC(CC(CCc2ccccc2)c2ccccc2)c2ccccc2)cc1,7
1765,,0
1766,c1ccccc1,1
1767,,0
1768,,0
1769,,0
1770,,0
1771,,0
1772,,0
1773,,0
1774,,0
1775,,0
1776,,0
1777,,0
1778,,0
1779,,0
1780,,0
1781,,0
1782,,0
1783,,0
1784,,0
1785,,0
1786,c1ccccc1,1
1787,c1ccc(-c2ccccc2)cc1,8
1788,c1ccccc1,1
1789,c1ccccc1,1
1790,,0
1791,,0
1792,,0
1793,,0
1794,C1=CCCCC1,5
1795,,0
1796,,0
1797,,0
1798,,0
1799,,0
1800,,0
1801,,0
1802,,0
1803,,0
1804,,0
1805,,0
1806,,0
1807,C1CCCC1,7
1808,,0
1809,,0
1810,,0
1811,,0
1812,,0
1813,,0
1814,c1ccccc1,1
1815,,0
1816,c1ccc(N=Nc2ccccc2)cc1,7
1817,c1ccccc1,1
1818,c1ccc(N=Nc2ccccc2)cc1,7
1819,c1ccc(N=Nc2ccccc2)cc1,7
1820,,0
1821,c1ccccc1,1
1822,c1ccccc1,1
1823,c1ccoc1,3
1824,,0
1825,O=C1CCC(=O)N1c1ccccc1,9
1826,,0
1827,O=C1CCC(=O)O1,4
1828,O=C1CC(COC2CCCCC2)C(=O)O1,6
1829,,0
1830,O=C(c1cccs1)c1cccs1,3
1831,S=C(c1cccs1)c1cccs1,4
1832,c1ccc(-c2cccs2)cc1,5
1833,c1csc(-c2ccc(-c3cccs3)cc2)c1,2
1834,c1csc(-c2ccc(-c3cccs3)s2)c1,9
1835,c1csc(-c2cccs2)c1,3
1836,c1ccsc1,6
1837,c1ccsc1,6
1838,c1csc(Nc2cccs2)c1,2
1839,O=C1CC(Cc2ccccc2)C(=O)O1,3
1840,C1CCCCC1,4
1841,O=C1CCCC(=O)O1,7
1842,O=C1NC(=O)c2cc(-c3ccc4c(c3)C(=O)N(C3CCCCC3)C4=O)ccc21,8
1843,C1=CC2CCC1C2,9
1844,O=C1CCCC(=O)O1,7
1845,c1ncnc(N2CCCCC2)n1,8
1846,C1COCOC1,2
1847,C1COCOC1,2
1848,O=C(NCC1CCCCC1)c1ccccc1,3
1849,O=C(NCC1CC1)C1CC1,8
1850,C1CC1,2
1851,O=C(NC1CC1)OCC1CC1,7
1852,O=C(Nc1ccccc1)OCC1CC1,3
1853,O=C(OCC1CC1)c1ccccc1,8
1854,O=C(OCC1CC1)c1ccccc1,8
1855,C1CCCC1,7
1856,C1CCCCC1,4
1857,C1CCCCC1,4
1858,C1CCCCC1,4
1859,C1CCCCC1,4
1860,C1CCCCC1,4
1861,O=C(NCC1CCCCC1)c1ccccc1,3
1862,C1CCCCC1,4
1863,O=C(OCC1CCCCC1)C1CCCCC1,9
1864,C1CCCCC1,4
1865,C1CCCCC1,4
1866,C1CCCCC1,4
1867,O=C(Cc1ccccc1)OCC1CCCCC1,9
1868,C1CCCCC1,4
1869,C1CCCCC1,4
1870,O=C(OCC1CCCCC1)c1ccccc1,6
1871,O=C(OCOCC1CCCCC1)c1ccccc1,2
1872,C1CCCCC1,4
1873,C1CCCCC1,4
1874,C1CCCCC1,4
1875,O=C(NCC1CCCCC1)c1ccccc1,3
1876,,0
1877,,0
1878,,0
1879,,0
1880,,0
1881,,0
1882,,0
1883,,0
1884,c1ccsc1,6
1885,,0
1886,,0
1887,,0
1888,,0
1889,C1CNCCN1,5
1890,,0
1891,c1ccccc1,1
1892,,0
1893,,0
1894,,0
1895,c1ccc(-c2ccccc2)cc1,8
1896,c1ccc(-c2ccccc2)cc1,8
1897,c1ccc(-c2ccccc2)cc1,8
1898,O=C(CCN1CCNCC1)Oc1ccccc1,9
1899,c1ccccc1,1
1900,c1ccccc1,1
1901,c1ccccc1,1
1902,c1ccsc1,6
1903,c1ccsc1,6
1904,c1ccsc1,6
1905,,0
1906,,0
1907,,0
1908,,0
1909,,0
1910,,0
1911,,0
1912,c1ccccc1,1
1913,,0
1914,,0
1915,,0
1916,c1ccccc1,1
1917,c1ccccc1,1
1918,,0
1919,,0
1920,,0
1921,,0
1922,,0
1923,,0
1924,,0
1925,,0
1926,,0
1927,,0
1928,,0
1929,,0
1930,c1ccsc1,6
1931,,0
1932,C1CC2C3CCC(C3)C2C1,5
1933,C1CC2CCCC2C1,3
1934,C1CCCC1,7
1935,C1CCCC1,7
1936,,0
1937,,0
1938,,0
1939,,0
1940,,0
1941,,0
1942,,0
1943,,0
1944,,0
1945,,0
1946,,0
1947,,0
1948,,0
1949,,0
1950,,0
1951,,0
1952,c1ccccc1,1
1953,,0
1954,,0
1955,c1ccccc1,1
1956,c1ccccc1,1
1957,,0
1958,c1ccsc1,6
1959,O=C1CCCC(=O)N1,4
1960,O=C(Nc1ccc(Cc2ccc(NC(=O)N3CCCCC3)cc2)cc1)N1CCCCC1,2
1961,O=C(SSCCCCSSC(=O)N1CCCCC1)N1CCCCC1,9
1962,,0
1963,,0
1964,,0
1965,O=c1[nH]c(=O)c2cc3c(=O)[nH]c(=O)c3cc12,2
1966,,0
1967,,0
1968,,0
1969,,0
1970,,0
1971,,0
1972,,0
1973,,0
1974,,0
1975,c1ccccc1,1
1976,c1ccccc1,1
1977,,0
1978,,0
1979,,0
1980,,0
1981,,0
1982,,0
1983,,0
1984,,0
1985,,0
1986,,0
1987,,0
1988,,0
1989,,0
1990,C1COCOC1,2
1991,C1COCO1,3
1992,,0
1993,,0
1994,,0
1995,,0
1996,,0
1997,,0
1998,,0
1999,,0
2000,,0
2001,,0
2002,,0
2003,,0
2004,,0
2005,c1ccccc1,1
2006,,0
2007,,0
2008,,0
2009,,0
2010,,0
2011,,0
2012,,0
2013,,0
2014,,0
2015,,0
2016,,0
2017,,0
2018,,0
2019,,0
2020,,0
2021,,0
2022,,0
2023,,0
2024,,0
2025,,0
2026,,0
2027,,0
2028,,0
2029,,0
2030,,0
2031,c1ccccc1,1
2032,,0
2033,,0
2034,,0
2035,,0
2036,,0
2037,,0
2038,c1ccccc1,1
2039,c1nnco1,7
2040,,0
2041,,0
2042,,0
2043,,0
2044,,0
2045,O=C(NCCCCCCNC(=O)c1ccccc1)c1ccccc1,7
2046,,0
2047,,0
2048,,0
2049,,0
2050,,0
2051,,0
2052,c1ccccc1,1
2053,,0
2054,,0
2055,,0
2056,,0
2057,c1ccccc1,1
2058,c1nc2cc3scnc3cc2s1,8
2059,c1nc2ccc(-c3ccc4ncoc4c3)cc2o1,5
2060,,0
2061,,0
2062,,0
2063,c1ccccc1,1
2064,c1ccc2ccccc2c1,9
2065,,0
2066,,0
2067,,0
2068,,0
2069,,0
2070,,0
2071,,0
2072,,0
2073,,0
2074,,0
2075,,0
2076,C1CCCCC1,4
2077,,0
2078,,0
2079,,0
2080,,0
2081,,0
2082,,0
2083,,0
2084,,0
2085,,0
2086,,0
2087,,0
2088,,0
2089,,0
2090,,0
2091,,0
2092,c1ccccc1,1
2093,,0
2094,,0
2095,,0
2096,O=C(Oc1ccccc1)c1ccc(C(=O)Oc2ccccc2)cc1,3
2097,,0
2098,c1cc(-c2cc[nH+]cc2)cc[nH+]1,8
2099,c1nnc[nH]1,9
2100,c1nnco1,7
2101,O=c1[nH]c(=O)c2cc3c(=O)[nH]c(=O)c3cc12,2
2102,,0
2103,,0
2104,,0
2105,,0
2106,,0
2107,,0
2108,,0
2109,O=C(CCCCCCCCC(=O)Nc1ccccc1)Nc1ccccc1,3
2110,c1ccc2ccccc2c1,9
2111,,0
2112,C(C=Cc1ccccc1)=Cc1ccccc1,5
2113,c1nc2ccc(-c3ccc4ncoc4c3)cc2o1,5
2114,O=c1[nH]c(=O)c2cc3c(=O)[nH]c(=O)c3cc12,2
2115,O=c1[nH]c(=O)c2cc3c(=O)[nH]c(=O)c3cc12,2
2116,O=C1CC(C2C=CC3C(=O)NC(=O)C3C2)C(=O)N1,2
2117,,0
2118,,0
2119,,0
2120,,0
2121,,0
2122,,0
2123,,0
2124,,0
2125,,0
2126,c1nc(-c2ccc(-c3cscn3)cc2)cs1,9
2127,c1nc2cc(-c3ccc4ocnc4c3)ccc2o1,5
2128,c1nnco1,7
2129,O=C1NC(=O)c2ccc3c4ccc5c6c(ccc(c7ccc1c2c73)c64)C(=O)NC5=O,9
2130,,0
2131,,0
2132,,0
2133,,0
2134,,0
2135,c1ccccc1,1
2136,c1ccccc1,1
2137,,0
2138,,0
2139,C(C=Cc1ccccc1)=Cc1ccccc1,5
2140,c1nc2ccc(-c3ccc4nc[nH]c4c3)cc2[nH]1,8
2141,c1nc2ccc(-c3ccc4ncoc4c3)cc2o1,5
2142,c1nnc[nH]1,9
2143,c1nnco1,7
2144,c1nnc(-c2ccc(-c3nnco3)cc2)o1,7
2145,c1nnc(CCCCc2nnco2)o1,8
2146,,0
2147,,0
2148,,0
2149,O=C(c1ccc2c(c1)C(=O)NC2=O)c1ccc2c(c1)C(=O)NC2=O,4
2150,,0
2151,,0
2152,,0
2153,C1CC1,2
2154,,0
2155,,0
2156,,0
2157,,0
2158,,0
2159,,0
2160,,0
2161,,0
2162,,0
2163,c1ccccc1,1
2164,,0
2165,,0
2166,,0
2167,,0
2168,,0
2169,c1ccccc1,1
2170,c1ccccc1,1
2171,c1ccccc1,1
2172,c1ccccc1,1
2173,,0
2174,C1CCCCC1,4
2175,,0
2176,,0
2177,,0
2178,,0
2179,,0
2180,,0
2181,,0
2182,,0
2183,,0
2184,,0
2185,,0
2186,,0
2187,,0
2188,,0
2189,,0
2190,,0
2191,,0
2192,,0
2193,c1ccccc1,1
2194,,0
2195,c1ccc(Oc2ccccc2)cc1,3
2196,O=c1[nH]c(=O)c2cc3c(=O)[nH]c(=O)c3cc12,2
2197,O=C(c1ccccc1)c1ccccc1,4
2198,c1ccc(Oc2ccccc2)cc1,3
2199,,0
2200,c1ccc(Cc2ccccc2)cc1,2
2201,,0
2202,O=C(c1ccccc1)N(C(=O)c1ccccc1)c1ccccc1,9
2203,,0
2204,,0
2205,,0
2206,,0
2207,O=c1[nH]c(=O)c2cc3c(=O)[nH]c(=O)c3cc12,2
2208,c1cc(-c2ccc(-c3cc[nH]n3)cc2)n[nH]1,4
2209,,0
2210,,0
2211,,0
2212,,0
2213,,0
2214,,0
2215,,0
2216,,0
2217,,0
2218,,0
2219,,0
2220,,0
2221,,0
2222,,0
2223,,0
2224,,0
2225,C1CC1,2
2226,C1CC1,2
2227,,0
2228,,0
2229,,0
2230,,0
2231,,0
2232,,0
2233,,0
2234,c1ccccc1,1
2235,c1ccccc1,1
2236,c1ccccc1,1
2237,,0
2238,,0
2239,,0
2240,,0
2241,,0
2242,,0
2243,,0
2244,,0
2245,,0
2246,,0
2247,c1nc2cc3scnc3cc2s1,8
2248,c1nnco1,7
2249,O=C1NC(=O)c2ccc3c4ccc5c6c(ccc(c7ccc1c2c73)c64)C(=O)NC5=O,9
2250,,0
2251,,0
2252,,0
2253,,0
2254,,0
2255,,0
2256,,0
2257,,0
2258,,0
2259,c1ccccc1,1
2260,O=C1CC2CCC1CC2=O,5
2261,C1CCCCC1,4
2262,,0
2263,,0
2264,,0
2265,,0
2266,,0
2267,c1ccccc1,1
2268,C1CCC(CC2CCCCC2)CC1,3
2269,,0
2270,,0
2271,,0
2272,c1ccccc1,1
2273,,0
2274,c1ccccc1,1
2275,C1CCCCC1,4
2276,,0
2277,,0
2278,,0
2279,,0
2280,,0
2281,c1ccccc1,1
2282,c1ccccc1,1
2283,c1ccccc1,1
2284,c1ccccc1,1
2285,O=C(OC(=O)c1ccccc1)c1ccccc1,7
2286,O=C1C(=Cc2ccccc2)CCC1=Cc1ccccc1,8
2287,O=C(Oc1ccccc1)c1ccc(C(=O)Oc2ccccc2)cc1,3
2288,,0
2289,c1nc(-c2ccc(-c3cscn3)cc2)cs1,9
2290,c1nnc[nH]1,9
2291,c1nnco1,7
2292,,0
2293,,0
2294,,0
2295,,0
2296,,0
2297,,0
2298,,0
2299,,0
2300,,0
2301,,0
2302,,0
2303,,0
2304,,0
2305,c1ccccc1,1
2306,,0
2307,,0
2308,,0
2309,,0
2310,,0
2311,C1CCCCC1,4
2312,,0
2313,,0
2314,,0
2315,,0
2316,,0
2317,,0
2318,,0
2319,,0
2320,,0
2321,,0
2322,,0
2323,,0
2324,,0
2325,,0
2326,c1ccccc1,1
2327,C1CCNCC1,7
2328,,0
2329,c1ccccc1,1
2330,O=C(OC(=O)c1ccccc1)c1ccccc1,7
2331,,0
2332,,0
2333,c1ccccc1,1
2334,,0
2335,c1ccccc1,1
2336,,0
2337,O=c1[nH]c(=O)c2cc3c(=O)[nH]c(=O)c3cc12,2
2338,c1ccccc1,1
2339,c1ccccc1,1
2340,c1ccccc1,1
2341,c1ccccc1,1
2342,c1ccsc1,6
2343,c1ccsc1,6
2344,c1ccsc1,6
2345,c1nc2cc3scnc3cc2s1,8
2346,,0
2347,c1ccccc1,1
2348,c1ccccc1,1
2349,c1ccccc1,1
2350,c1ccccc1,1
2351,c1ccccc1,1
2352,c1ccccc1,1
2353,c1ccccc1,1
2354,O=C(CCCNCCOC(=O)NCC1CCCCC1)Nc1ccc(N=Nc2ccccc2)cc1,7
2355,O=C(C=Cc1ccccc1)OCCNc1ccc(N=Nc2ccccc2)cc1,6
2356,O=C(Nc1ccccc1)OCCNc1ccc(-c2cc(=O)c2=O)cc1,3
2357,O=C(Nc1ccc(Cc2ccccc2)cc1)OCCNc1ccccc1,6
2358,O=C(OCCNc1ccccc1)c1ccccc1,6
2359,O=C1NC(=S)SC1=CC=C1SC(=S)NC1=O,5
2360,O=C1NC(=S)SC1=CCCCC=C1SC(=S)NC1=O,9
2361,,0
2362,,0
2363,,0
2364,,0
2365,,0
2366,,0
2367,,0
2368,,0
2369,,0
2370,,0
2371,,0
2372,c1ccccc1,1
2373,c1ccccc1,1
2374,c1ccccc1,1
2375,c1ccsc1,6
2376,,0
2377,c1ccccc1,1
2378,c1ccccc1,1
2379,c1ccsc1,6
2380,c1ccsc1,6
2381,,0
2382,,0
2383,,0
2384,,0
2385,C1=CC2CCC1C2,9
2386,C1=CC2CCC1C2,9
2387,C1CCCCC1,4
2388,,0
2389,,0
2390,,0
2391,,0
2392,,0
2393,,0
2394,,0
2395,,0
2396,,0
2397,,0
2398,,0
2399,,0
2400,,0
2401,,0
2402,c1ccc(Cc2ccccc2)cc1,2
2403,c1ccccc1,1
2404,c1ccccc1,1
2405,C1CCCCC1,4
2406,,0
2407,,0
2408,,0
2409,,0
2410,,0
2411,,0
2412,,0
2413,,0
2414,,0
2415,,0
2416,c1ccccc1,1
2417,c1ccc(-c2ccccc2)cc1,8
2418,c1ccc(Cc2ccccc2)cc1,2
2419,c1ccccc1,1
2420,c1ccccc1,1
2421,c1ccc2ccccc2c1,9
2422,c1ccc2c(c1)CC2,6
2423,c1ccccc1,1
2424,c1ccccc1,1
2425,c1ccccc1,1
2426,c1ccc(C2CCc3ccccc32)cc1,8
2427,O=C(CCCCCCCC(=O)Nc1ccccc1)Nc1ccccc1,9
2428,c1ccccc1,1
2429,c1ccccc1,1
2430,c1ccc2ccccc2c1,9
2431,c1ccccc1,1
2432,c1ccccc1,1
2433,c1ccccc1,1
2434,c1ccccc1,1
2435,,0
2436,,0
2437,,0
2438,,0
2439,,0
2440,,0
2441,,0
2442,,0
2443,,0
2444,,0
2445,,0
2446,c1ccccc1,1
2447,c1ccccc1,1
2448,c1ccccc1,1
2449,,0
2450,,0
2451,,0
2452,,0
2453,C(=Nc1ccccc1)Nc1ccccc1,8
2454,c1ccccc1,1
2455,,0
2456,,0
2457,,0
2458,,0
2459,,0
2460,,0
2461,,0
2462,,0
2463,,0
2464,c1ccccc1,1
2465,,0
2466,c1ccccc1,1
2467,c1ccccc1,1
2468,,0
2469,,0
2470,O=C(Nc1cc(NC(=O)c2ccccc2)cc(-c2nc3ccccc3[nH]2)c1)c1ccccc1,3
2471,C(=Cc1ccccc1)c1ccccc1,9
2472,C(=Cc1ccccc1)c1ccccc1,9
2473,C(=Nc1ccccc1)Nc1ccccc1,8
2474,,0
2475,,0
2476,,0
2477,,0
2478,O=C(OC(=O)c1ccc(C(=O)OC(=O)c2ccccc2)cc1)c1ccccc1,7
2479,O=C(OC(=O)c1ccccc1)c1ccccc1,7
2480,O=C(OCCCCCCOC(=O)c1ccccc1)c1ccccc1,7
2481,,0
2482,,0
2483,,0
2484,c1ccccc1,1
2485,c1ccccc1,1
2486,c1ccccc1,1
2487,c1ccccc1,1
2488,c1ccoc1,3
2489,c1ccc(-c2ccccc2)cc1,8
2490,c1ccc(-c2ccccc2)cc1,8
2491,c1ccc(-c2ccccc2)cc1,8
2492,c1ccc(-c2cccs2)cc1,5
2493,c1ccc(-c2cccs2)cc1,5
2494,c1ccc(-c2cccs2)cc1,5
2495,c1csc(-c2cccs2)c1,3
2496,c1csc(-c2cccs2)c1,3
2497,c1csc(-c2cccs2)c1,3
2498,c1ccccc1,1
2499,c1ccccc1,1
2500,c1ccccc1,1
2501,c1ccsc1,6
2502,c1ccsc1,6
2503,c1ccsc1,6
2504,c1ccsc1,6
2505,c1ccc(Cc2ccccc2)cc1,2
2506,c1ccc(Cc2ccccc2)cc1,2
2507,c1ccccc1,1
2508,c1ccccc1,1
2509,c1ccccc1,1
2510,c1ccccc1,1
2511,c1ccsc1,6
2512,c1ccsc1,6
2513,c1cnccn1,3
2514,c1nc(-c2ccc(-c3cscn3)cc2)cs1,9
2515,c1nnc[nH]1,9
2516,,0
2517,,0
2518,,0
2519,,0
2520,,0
2521,,0
2522,,0
2523,,0
2524,,0
2525,,0
2526,,0
2527,O=C(NCc1ccc(Cc2ccco2)o1)OCc1ccc(COCc2ccco2)o1,5
2528,,0
2529,,0
2530,,0
2531,,0
2532,,0
2533,c1ccsc1,6
2534,c1ccsc1,6
2535,c1ccsc1,6
2536,,0
2537,,0
2538,,0
2539,c1ccccc1,1
2540,,0
2541,,0
2542,,0
2543,,0
2544,,0
2545,c1ccccc1,1
2546,c1ccccc1,1
2547,c1ccsc1,6
2548,c1ccsc1,6
2549,c1ccsc1,6
2550,c1ccsc1,6
2551,c1ccccc1,1
2552,c1ccccc1,1
2553,c1ccsc1,6
2554,c1ccsc1,6
2555,,0
2556,,0
2557,,0
2558,,0
2559,,0
2560,,0
2561,,0
2562,,0
2563,,0
2564,,0
2565,,0
2566,,0
2567,,0
2568,,0
2569,,0
2570,,0
2571,,0
2572,,0
2573,,0
2574,,0
2575,,0
2576,,0
2577,,0
2578,,0
2579,c1ccccc1,1
2580,c1ccccc1,1
2581,c1ccsc1,6
2582,c1ccsc1,6
2583,c1ccsc1,6
2584,,0
2585,,0
2586,,0
2587,c1ccccc1,1
2588,c1ccsc1,6
2589,,0
2590,,0
2591,,0
2592,,0
2593,,0
2594,c1ccccc1,1
2595,c1ccccc1,1
2596,c1ccccc1,1
2597,c1ccsc1,6
2598,c1ccsc1,6
2599,c1ccc(-c2cccs2)cc1,5
2600,c1ccc(-c2cccs2)cc1,5
2601,c1ccc(-c2cccs2)cc1,5
2602,c1ccc(-c2cccs2)cc1,5
2603,c1ccc(-c2cccs2)cc1,5
2604,c1ccccc1,1
2605,c1ccccc1,1
2606,c1ccsc1,6
2607,c1ccsc1,6
2608,c1ccsc1,6
2609,c1ccsc1,6
2610,c1ccsc1,6
2611,c1ccsc1,6
2612,c1ccsc1,6
2613,c1ccsc1,6
2614,c1ccccc1,1
2615,c1ccccc1,1
2616,c1ccccc1,1
2617,c1ccsc1,6
2618,c1ccsc1,6
2619,c1ccsc1,6
2620,c1ccsc1,6
2621,c1ccccc1,1
2622,c1ccccc1,1
2623,c1ccccc1,1
2624,c1ccccc1,1
2625,c1ccsc1,6
2626,c1ccsc1,6
2627,,0
2628,,0
2629,,0
2630,,0
2631,c1ccncc1,9
2632,,0
2633,,0
2634,,0
2635,,0
2636,,0
2637,,0
2638,,0
2639,,0
2640,c1ccsc1,6
2641,C1CC2CCC1C2,5
2642,C1CCOCC1,7
2643,C1CCCCC1,4
2644,,0
2645,,0
2646,,0
2647,,0
2648,O=C(OC(=O)c1ccccc1)c1ccccc1,7
2649,,0
2650,,0
2651,,0
2652,,0
2653,c1ccc(-c2cccs2)cc1,5
2654,c1ccc(-c2cccs2)cc1,5
2655,C=C(c1ccccc1)c1ccccc1,8
2656,O=C(OC(=O)c1ccccc1)c1ccccc1,7
2657,c1ccccc1,1
2658,c1ccccc1,1
2659,c1ccccc1,1
2660,c1ccccc1,1
2661,c1ccccc1,1
2662,c1ccsc1,6
2663,c1ccsc1,6
2664,c1ccsc1,6
2665,,0
2666,C1CC[NH2+]CC1,7
2667,c1ccccc1,1
2668,c1ccccc1,1
2669,c1ccc(C23CC4CC(CC(C4)C2)C3)cc1,5
2670,O=C(Nc1ccc(Cc2ccccc2)cc1)OCc1ccccc1,7
2671,c1ccc(-c2ccc(-c3ccccc3)cc2)cc1,9
2672,c1ccc(-c2ccc(-c3ccccc3)s2)cc1,7
2673,c1ccc(-c2ccc(-c3ccccc3)s2)cc1,7
2674,c1ccc(-c2ccc(-c3ccccc3)s2)cc1,7
2675,c1ccc(-c2ccc(-c3ccccc3)s2)cc1,7
2676,c1ccc(-c2ccc(-c3cccs3)cc2)cc1,7
2677,c1ccc(-c2ccc(-c3cccs3)cc2)cc1,7
2678,c1csc(-c2ccc(-c3cccs3)cc2)c1,2
2679,c1csc(-c2ccc(-c3cccs3)cc2)c1,2
2680,c1csc(-c2ccc(-c3cccs3)cc2)c1,2
2681,c1csc(-c2ccc(-c3cccs3)cc2)c1,2
2682,c1ccc(-c2ccc(-c3cccs3)s2)cc1,7
2683,c1ccc(-c2ccc(-c3cccs3)s2)cc1,7
2684,c1ccc(-c2ccc(-c3cccs3)s2)cc1,7
2685,c1csc(-c2ccc(-c3cccs3)s2)c1,9
2686,c1csc(-c2ccc(-c3cccs3)s2)c1,9
2687,c1csc(-c2ccc(-c3cccs3)s2)c1,9
2688,c1ccc(-c2ccccc2)cc1,8
2689,c1ccc(-c2ccccc2)cc1,8
2690,c1ccc(-c2ccccc2)cc1,8
2691,c1ccc(-c2ccccc2)cc1,8
2692,c1ccc(-c2cccs2)cc1,5
2693,c1ccc(-c2cccs2)cc1,5
2694,c1ccc(-c2cccs2)cc1,5
2695,c1ccc(-c2cccs2)cc1,5
2696,c1ccc(-c2cccs2)cc1,5
2697,c1ccc(-c2cccs2)cc1,5
2698,c1csc(-c2cccs2)c1,3
2699,c1csc(-c2cccs2)c1,3
2700,c1csc(-c2cccs2)c1,3
2701,c1ccc(-c2ccccc2)cc1,8
2702,c1ccc(-c2ccccc2)cc1,8
2703,c1ccc(-c2ccccc2)cc1,8
2704,c1ccc(-c2ccccc2)cc1,8
2705,c1csc(-c2cccs2)c1,3
2706,c1csc(-c2cccs2)c1,3
2707,c1csc(-c2cccs2)c1,3
2708,c1csc(-c2cccs2)c1,3
2709,c1csc(-c2cccs2)c1,3
2710,c1ccc(-c2ccccc2)cc1,8
2711,c1ccc(-c2cccs2)cc1,5
2712,c1ccc(-c2cccs2)cc1,5
2713,c1csc(-c2cccs2)c1,3
2714,c1csc(-c2cccs2)c1,3
2715,c1csc(-c2cccs2)c1,3
2716,c1csc(-c2cccs2)c1,3
2717,c1ccccc1,1
2718,c1ccccc1,1
2719,c1ccccc1,1
2720,c1ccccc1,1
2721,c1ccsc1,6
2722,c1ccsc1,6
2723,c1ccccc1,1
2724,c1ccccc1,1
2725,c1ccccc1,1
2726,c1ccccc1,1
2727,c1ccccc1,1
2728,c1ccccc1,1
2729,c1ccccc1,1
2730,c1ccccc1,1
2731,c1ccccc1,1
2732,c1ccsc1,6
2733,c1ccsc1,6
2734,c1ccsc1,6
2735,O=C(c1ccccc1)c1ccccc1,4
2736,O=C(c1ccccc1)c1ccccc1,4
2737,O=C(c1ccccc1)c1ccccc1,4
2738,O=C(c1ccccc1)c1cccs1,8
2739,O=C(c1ccccc1)c1cccs1,8
2740,O=C(c1ccccc1)c1cccs1,8
2741,O=C(c1cccs1)c1cccs1,3
2742,O=C(c1cccs1)c1cccs1,3
2743,O=C(c1cccs1)c1cccs1,3
2744,O=C(c1cccs1)c1cccs1,3
2745,O=C(c1cccs1)c1cccs1,3
2746,c1ccccc1,1
2747,c1ccccc1,1
2748,c1ccccc1,1
2749,c1ccsc1,6
2750,c1ccsc1,6
2751,c1ccsc1,6
2752,S=C(c1ccccc1)c1ccccc1,4
2753,S=C(c1ccccc1)c1ccccc1,4
2754,S=C(c1ccccc1)c1ccccc1,4
2755,S=C(c1ccccc1)c1ccccc1,4
2756,S=C(c1ccccc1)c1ccccc1,4
2757,S=C(c1ccccc1)c1cccs1,2
2758,S=C(c1ccccc1)c1cccs1,2
2759,S=C(c1ccccc1)c1cccs1,2
2760,S=C(c1cccs1)c1cccs1,4
2761,S=C(c1cccs1)c1cccs1,4
2762,c1ccccc1,1
2763,c1ccccc1,1
2764,c1ccccc1,1
2765,c1ccccc1,1
2766,c1ccccc1,1
2767,c1ccccc1,1
2768,c1ccsc1,6
2769,c1ccsc1,6
2770,c1ccc(CN2CCNCC2)cc1,8
2771,c1ccccc1,1
2772,c1ccccc1,1
2773,c1ccccc1,1
2774,c1ccccc1,1
2775,O=C(NCc1ccccc1)c1ccccc1,4
2776,c1ccccc1,1
2777,c1ccccc1,1
2778,c1ccccc1,1
2779,c1ccccc1,1
2780,c1ccccc1,1
2781,c1ccsc1,6
2782,c1ccsc1,6
2783,c1ccsc1,6
2784,c1ccsc1,6
2785,c1ccccc1,1
2786,c1ccccc1,1
2787,c1ccccc1,1
2788,c1ccccc1,1
2789,c1ccccc1,1
2790,c1ccccc1,1
2791,c1ccccc1,1
2792,c1ccc(C[n+]2ccc(-c3cc[nH+]cc3)cc2)cc1,3
2793,c1ccc(Cc2ccccc2)cc1,2
2794,c1ccc(Cc2ccccc2)cc1,2
2795,c1ccc(Cc2ccccc2)cc1,2
2796,c1ccc(Cc2ccccc2)cc1,2
2797,c1ccc(Cc2cccs2)cc1,7
2798,c1ccc(Cc2cccs2)cc1,7
2799,c1ccc(Cc2cccs2)cc1,7
2800,c1csc(Cc2cccs2)c1,9
2801,c1csc(Cc2cccs2)c1,9
2802,c1csc(Cc2cccs2)c1,9
2803,c1csc(Cc2cccs2)c1,9
2804,c1ccccc1,1
2805,c1ccccc1,1
2806,c1ccsc1,6
2807,c1ccsc1,6
2808,c1ccsc1,6
2809,c1ccccc1,1
2810,c1ccccc1,1
2811,c1ccsc1,6
2812,c1ccsc1,6
2813,c1ccsc1,6
2814,c1ccsc1,6
2815,c1ccc(Nc2ccccc2)cc1,9
2816,c1ccc(Nc2ccccc2)cc1,9
2817,c1ccc(Nc2ccccc2)cc1,9
2818,c1ccc(Nc2cccs2)cc1,7
2819,c1ccc(Nc2cccs2)cc1,7
2820,c1ccc(Nc2cccs2)cc1,7
2821,c1csc(Nc2cccs2)c1,2
2822,c1ccccc1,1
2823,c1ccccc1,1
2824,c1ccccc1,1
2825,c1ccccc1,1
2826,c1cnc2c(OCOc3cccc4cccnc34)cccc2c1,6
2827,c1ccc(Oc2cccs2)cc1,9
2828,c1ccc(Oc2cccs2)cc1,9
2829,c1ccc(Oc2cccs2)cc1,9
2830,c1ccc(Oc2cccs2)cc1,9
2831,c1csc(Oc2cccs2)c1,2
2832,c1csc(Oc2cccs2)c1,2
2833,c1csc(Oc2cccs2)c1,2
2834,c1ccccc1,1
2835,O=C(NCc1ccccc1)C1=CC2C=CC1C2,3
2836,c1nc(-c2ccc(-c3cscn3)cc2)cs1,9
2837,c1nc2cc3scnc3cc2s1,8
2838,,0
2839,,0
2840,,0
2841,,0
2842,O=C(Nc1ccccc1)c1ccccc1,2
2843,,0
2844,c1ccc(N=Nc2ccccc2)cc1,7
2845,c1ccc(N=Nc2ccccc2)cc1,7
2846,c1ccc(N=Nc2ccccc2)cc1,7
2847,c1ccc(N=Nc2ccccc2)cc1,7
2848,c1ccccc1,1
2849,c1ccc(N=Nc2ccccc2)cc1,7
2850,c1ccc(N=Nc2ccccc2)cc1,7
2851,,0
2852,,0
2853,c1ccccc1,1
2854,c1ccc(C2CCC2)cc1,5
2855,C1C2CC3CC1CC(C2)C3,2
2856,C1CC1,2
2857,,0
2858,C1C2CC3CC1CC(C2)C3,2
2859,,0
2860,,0
2861,c1ccccc1,1
2862,c1ccccc1,1
2863,c1ccccc1,1
2864,c1ccccc1,1
2865,c1ccccc1,1
2866,c1ccccc1,1
2867,c1ccccc1,1
2868,c1ccccc1,1
2869,c1ccccc1,1
2870,c1ccccc1,1
2871,c1ccccc1,1
2872,c1ccccc1,1
2873,c1ccccc1,1
2874,c1ccccc1,1
2875,c1ccccc1,1
2876,,0
2877,,0
2878,,0
2879,,0
2880,c1ccccc1,1
2881,,0
2882,O=C(NCCNc1ccc(/C=C/c2ccccc2)cc1)c1ccc([SiH2]c2ccccc2)cc1,4
2883,O=C(NCCNc1ccc(/C=C/c2ccccc2)cc1)c1ccc([SiH2]c2ccccc2)cc1,4
2884,O=C(NCCNc1ccc(/C=C/c2ccccc2)cc1)c1ccc([Si](c2ccccc2)(c2ccccc2)c2ccccc2)cc1,5
2885,c1ccc(C23CC4CC(CC(C4)C2)C3)cc1,5
2886,c1ccc(NCc2cccc(C34CC5CC(CC(C5)C3)C4)c2)cc1,5
2887,O=C(/C=C/c1ccccc1)Nc1cccc(NC(=O)/C=C/c2ccc(NCc3ccccc3)cc2)c1,4
2888,c1ccccc1,1
2889,c1ccccc1,1
2890,c1ccccc1,1
2891,c1ccccc1,1
2892,O=C(c1ccccc1)c1ccccc1,4
2893,O=C(c1ccccc1)c1ccccc1,4
2894,O=C(c1ccccc1)c1ccccc1,4
2895,c1ccc(Nc2ccc(C(c3ccccc3)c3ccccc3)cc2)cc1,3
2896,c1ccc(Nc2ccc(C(c3ccccc3)c3ccccc3)cc2)cc1,3
2897,c1ccc(Nc2ccc(C(c3ccccc3)c3ccccc3)cc2)cc1,3
2898,c1ccc(Nc2ccc(C(c3ccccc3)c3ccccc3)cc2)cc1,3
2899,c1ccc(Nc2ccc(C(c3ccccc3)c3ccccc3)cc2)cc1,3
2900,C(=Cc1ccc(C=Cc2ccc(Nc3ccccc3)cc2)cc1)c1ccccc1,2
2901,C(=C(c1ccccc1)c1ccc(C(=Cc2ccc(Nc3ccccc3)cc2)c2ccccc2)cc1)c1ccccc1,9
2902,C(=Cc1ccc(C=Cc2ccc(Nc3ccccc3)cc2)cc1)c1ccccc1,2
2903,O=C(/C=C/c1ccccc1)NC1CCCCC1NC(=O)/C=C/c1ccc(N(c2ccccc2)c2ccc(Nc3ccccc3)cc2)cc1,3
2904,c1ccc(Nc2ccc(-c3ccccc3)cc2)cc1,2
2905,c1ccc(Nc2ccc(-c3ccccc3)cc2)cc1,2
2906,c1ccc(Nc2ccc(-c3ccc(N(c4ccccc4)c4ccc(C(c5ccccc5)c5ccccc5)cc4)cc3)cc2)cc1,6
2907,O=C1C=C(Oc2ccc(Cc3ccc(OC4=CC(=O)N(c5ccc(Cc6ccccc6)cc5)C4=O)cc3)cc2)C(=O)N1,3
2908,O=C1C=C(Oc2ccc(Cc3ccc(OC4=CC(=O)N(c5ccc(Oc6ccccc6)cc5)C4=O)cc3)cc2)C(=O)N1,8
2909,O=C1NC(=O)C(c2ccc(C3=C(c4ccccc4)C(=O)N(c4ccc(C5(c6ccccc6)c6ccccc6-c6ccccc65)cc4)C3=O)cc2)=C1c1ccccc1,6
2910,O=C1NC(=O)C(c2ccc(C3=C(c4ccccc4)C(=O)N(c4ccc(Oc5ccccc5)cc4)C3=O)cc2)=C1c1ccccc1,8
2911,O=C1NC(=O)C(c2ccc(C3=C(c4ccccc4)C(=O)N(c4ccc(Oc5ccc(Oc6ccccc6)cc5)cc4)C3=O)cc2)=C1c1ccccc1,7
2912,O=C1NC(=O)C(c2ccc(C3=C(c4ccccc4)C(=O)N(c4ccc(Oc5ccc(-c6ccc(Oc7ccccc7)cc6)cc5)cc4)C3=O)cc2)=C1c1ccccc1,2
2913,O=C1CC(SCCOCCSC2CC(=O)N(CCCCCCN3C(=O)CC(SCCOCCSC4CC(=O)NC4=O)C3=O)C2=O)C(=O)N1,5
2914,O=C1CC(SCCOCCSC2CC(=O)N(c3ccc(Cc4ccc(N5C(=O)CC(SCCOCCSC6CC(=O)N(c7ccc(Cc8ccccc8)cc7)C6=O)C5=O)cc4)cc3)C2=O)C(=O)N1,6
2915,O=C1CC(SCCOCCSC2CC(=O)N(c3ccc(Oc4ccc(N5C(=O)CC(SCCOCCSC6CC(=O)N(c7ccc(Oc8ccccc8)cc7)C6=O)C5=O)cc4)cc3)C2=O)C(=O)N1,5
2916,O=C1CC(SCCOCCSC2CC(=O)N(c3ccc(S(=O)(=O)c4ccc(N5C(=O)CC(SCCOCCSC6CC(=O)N(c7ccc(S(=O)(=O)c8ccccc8)cc7)C6=O)C5=O)cc4)cc3)C2=O)C(=O)N1,5
2917,O=C1CCC(=O)N1,5
2918,O=C1CC(Nc2cccc(NC3CC(=O)N(c4ccc(Oc5ccc(C(c6ccc(Oc7ccccc7)cc6)c6cccnc6)cc5)cc4)C3=O)c2)C(=O)N1,3
2919,O=C1CC(Nc2ccc(Cc3ccc(NC4CC(=O)N(c5ccc(C(=O)Oc6ccc(C(c7ccc(OC(=O)c8ccccc8)cc7)c7cccnc7)cc6)cc5)C4=O)cc3)cc2)C(=O)N1,2
2920,O=C1CC(Nc2ccc(Cc3ccc(NC4CC(=O)N(c5ccc(Cc6ccccc6)cc5)C4=O)cc3)cc2)C(=O)N1,4
2921,O=C1CC(Nc2ccc(N(c3ccc(Nc4ccccc4)cc3)c3ccc(NC4CC(=O)N(c5ccc(Cc6ccccc6)cc5)C4=O)cc3)cc2)C(=O)N1,5
2922,O=C1CC(Nc2ccc(N(c3ccccc3)c3ccc(NC4CC(=O)N(c5ccc(Cc6ccccc6)cc5)C4=O)cc3)cc2)C(=O)N1,4
2923,O=C1CC(Nc2ccc(NC3CC(=O)N(c4ccc(C(=O)Oc5ccc(C(c6ccc(OC(=O)c7ccccc7)cc6)c6cccnc6)cc5)cc4)C3=O)cc2)C(=O)N1,2
2924,O=C1CC(Nc2ccc(NC3CC(=O)N(c4ccc(Oc5ccc(C(c6ccc(Oc7ccccc7)cc6)c6cccnc6)cc5)cc4)C3=O)cc2)C(=O)N1,7
2925,O=C1CC(SCCOCCSC2CC(=O)N(c3ccc(C(=O)Oc4ccc5ccc(OC(=O)c6ccccc6)cc5c4)cc3)C2=O)C(=O)N1,3
2926,O=C1CC(SCCOCCSC2CC(=O)N(c3ccc(C(=O)Oc4ccc(Cc5ccc(OC(=O)c6ccccc6)cc5)cc4)cc3)C2=O)C(=O)N1,5
2927,O=C1CC(SCCOCCSC2CC(=O)N(c3ccc(C(=O)Oc4ccc(OC(=O)c5ccccc5)cc4)cc3)C2=O)C(=O)N1,8
2928,O=C1NC(=O)C2CC(C3CC(=O)N(c4ccccc4)C3=O)C=CC12,2
2929,O=C1NC(=O)C2CC(C3CC(=O)N(c4ccccc4)C3=O)C=CC12,2
2930,O=C1NC(=O)C2C1c1ccccc1CC2C1CC(=O)N(c2ccccc2)C1=O,8
2931,O=C1NC(=O)C2C1c1ccccc1CC2C1CC(=O)N(c2ccccc2)C1=O,8
2932,O=C1NC(=O)C2C1c1ccccc1CC2C1CC(=O)N(c2ccccc2)C1=O,8
2933,O=C1NC(=O)C2CC(C3CCC4C(=O)N(c5ccccc5)C(=O)C4C3)CCC12,3
2934,O=C1NC(=O)C2CC(C3CCC4C(=O)N(c5ccc(Cc6ccccc6)cc5)C(=O)C4C3)CCC12,7
2935,O=C1NC(=O)C2CC(C3CCC4C(=O)N(c5ccc(Oc6cccc(Oc7ccccc7)c6)cc5)C(=O)C4C3)CCC12,7
2936,O=C1NC(=O)C2CC(C3CCC4C(=O)N(c5ccc(Oc6ccccc6)cc5)C(=O)C4C3)CCC12,6
2937,O=C1NC(=O)C2CC(C3CCC4C(=O)N(c5ccc(Oc6ccc(Oc7ccccc7)cc6)cc5)C(=O)C4C3)CCC12,5
2938,O=C1NC(=O)C2CC(C3CCC4C(=O)N(c5ccc(Oc6ccc(S(=O)(=O)c7ccc(Oc8ccccc8)cc7)cc6)cc5)C(=O)C4C3)CCC12,6
2939,O=C1NC(=O)C2C3C=CC(C12)C1C(=O)N(C2CCC(CC4CCCCC4)CC2)C(=O)C31,9
2940,O=C1NC(=O)C2C3C=CC(C12)C1C(=O)NC(=O)C31,7
2941,O=C1NC(=O)c2cc(Sc3ccc(N4C(=O)C5C6C=CC(C7C(=O)NC(=O)C67)C5C4=O)cc3)c(Sc3ccccc3)cc21,6
2942,O=C1NC(=O)C2C3C=CC(C12)C1C(=O)N(c2ccc(Sc4cc5c(cc4Sc4ccccc4)C(=O)N(CCc4ccccc4)C5=O)cc2)C(=O)C31,9
2943,O=C1NC(=O)C2C3C=CC(C12)C1C(=O)N(c2ccc(Sc4cc5c(cc4Sc4ccccc4)C(=O)N(c4ccccc4)C5=O)cc2)C(=O)C31,5
2944,O=C1NC(=O)C2C1CCC1C(=O)N(c3ccc(Cc4ccccc4)cc3)C(=O)C12,2
2945,O=C1NC(=O)C2C1CCC1C(=O)N(c3ccc(Oc4ccccc4)cc3)C(=O)C12,8
2946,O=C1NC(=O)C2C1CCC1C(=O)N(c3ccc(Oc4ccc(Cc5ccc(Oc6ccccc6)cc5)cc4)cc3)C(=O)C12,3
2947,O=C1NC(=O)C2C1CCC1C(=O)N(c3ccc(Oc4ccc(Oc5ccccc5)cc4)cc3)C(=O)C12,8
2948,O=C(c1ccc2nc(-c3ccccc3)c(-c3ccccc3)nc2c1)c1ccc2nc(-c3ccccc3)c(-c3ccc(N4C(=O)C5OC6C(=O)NC(=O)C6C5C4=O)cc3)nc2c1,6
2949,O=C1NC(=O)C2C1OC1C(=O)N(c3ccc(-c4nc5cc(-c6ccc7nc(-c8ccccc8)c(-c8ccccc8)nc7c6)ccc5nc4-c4ccccc4)cc3)C(=O)C12,2
2950,O=C1CCCC(=O)N1,4
2951,O=C1NC(=O)N(c2cccc(N3C(=O)NC(=O)C3=O)c2)C1=O,9
2952,O=C1NC(=O)N(c2cccc(N3C(=O)C(=O)N(c4ccc(CCc5ccccc5)cc4)C3=O)c2)C1=O,4
2953,O=C1NC(=O)N(c2ccc(CCc3ccccc3N3C(=O)NC(=O)C3=O)cc2)C1=O,4
2954,O=C1NC(=O)N(c2ccccc2CCc2ccc(N3C(=O)C(=O)N(c4ccc(CCc5ccccc5)cc4)C3=O)cc2)C1=O,9
2955,O=C1NC(=O)N(c2ccc(CCc3ccccc3)cc2)C1=O,9
2956,O=C1NC(=O)N(c2ccc(Cc3ccc(N4C(=O)NC(=O)C4=O)cc3)cc2)C1=O,9
2957,O=C1NC(=O)N(c2ccc(Oc3ccc(N4C(=O)NC(=O)C4=O)cc3)cc2)C1=O,5
2958,O=C1NC(=O)c2c1c(-c1ccccc1)c(-c1ccccc1)c(-c1ccc(Oc3ccc(-c4c(-c5ccccc5)c5c(c(-c6ccccc6)c4-c4ccccc4)C(=O)N(c4cccc(Oc6cccc(Oc7ccccc7)c6)c4)C5=O)cc3)cc1)c2-c1ccccc1,8
2959,O=C1NC(=O)c2c1c(-c1ccccc1)c(-c1ccccc1)c(-c1ccc(Oc3ccc(-c4c(-c5ccccc5)c5c(c(-c6ccccc6)c4-c4ccccc4)C(=O)N(c4ccc(Cc6ccccc6)cc4)C5=O)cc3)cc1)c2-c1ccccc1,5
2960,O=C1NC(=O)c2c1c(-c1ccccc1)c(-c1ccccc1)c(-c1ccc(Oc3ccc(-c4c(-c5ccccc5)c5c(c(-c6ccccc6)c4-c4ccccc4)C(=O)N(c4ccc(Oc6ccccc6)cc4)C5=O)cc3)cc1)c2-c1ccccc1,6
2961,O=C1NC(=O)c2c1c(-c1ccccc1)c(-c1ccccc1)c(-c1ccc(Oc3ccc(-c4c(-c5ccccc5)c5c(c(-c6ccccc6)c4-c4ccccc4)C(=O)N(c4ccc(-c6ccccc6)cc4)C5=O)cc3)cc1)c2-c1ccccc1,2
2962,O=C1NC(=O)c2c1c(-c1ccccc1)c(-c1ccccc1)c(-c1ccc(-c3c(-c4ccccc4)c4c(c(-c5ccccc5)c3-c3ccccc3)C(=O)N(c3ccccc3)C4=O)cc1)c2-c1ccccc1,3
2963,O=C1NC(=O)c2c1c(-c1ccccc1)c(-c1ccccc1)c(-c1ccc(-c3c(-c4ccccc4)c4c(c(-c5ccccc5)c3-c3ccccc3)C(=O)N(c3cccc(Oc5cccc(Oc6ccccc6)c5)c3)C4=O)cc1)c2-c1ccccc1,4
2964,O=C1NC(=O)c2c1c(-c1ccccc1)c(-c1ccccc1)c(-c1ccc(-c3c(-c4ccccc4)c4c(c(-c5ccccc5)c3-c3ccccc3)C(=O)N(c3ccc(Oc5ccccc5)cc3)C4=O)cc1)c2-c1ccccc1,8
2965,O=C1NC(=O)c2c(Oc3ccccc3Oc3cccc4c3C(=O)N(c3ccc(Oc5ccc(-c6ccc(Oc7ccccc7)cc6)cc5)cc3)C4=O)cccc21,7
2966,O=C1NC(=O)c2c(Oc3ccc(Cc4ccc(Oc5cccc6c5C(=O)N(c5ccccc5)C6=O)cc4)cc3)cccc21,2
2967,O=C1NC(=O)c2c(Oc3ccc(Cc4ccc(Oc5cccc6c5C(=O)N(c5ccc(Oc7ccc(Oc8ccccc8)cc7)cc5)C6=O)cc4)cc3)cccc21,5
2968,O=C1NC(=O)c2c(Oc3ccc(Cc4ccc(Oc5cccc6c5C(=O)N(c5ccc(Cc7ccccc7)cc5)C6=O)cc4)cc3)cccc21,3
2969,O=C1NC(=O)c2c(Oc3ccc(Cc4ccc(Oc5cccc6c5C(=O)N(c5ccc(-c7ccccc7)cc5)C6=O)cc4)cc3)cccc21,9
2970,O=C1NC(=O)c2c(Oc3ccc(Cc4ccc(Oc5cccc6c5C(=O)N(c5ccccc5)C6=O)cc4)cc3)cccc21,2
2971,O=C1NC(=O)c2c(Oc3ccc(Cc4ccc(Oc5cccc6c5C(=O)N(c5ccc(Oc7ccccc7)cc5)C6=O)cc4)cc3)cccc21,3
2972,O=C1NC(=O)c2c(Oc3ccc(Cc4ccc(Oc5cccc6c5C(=O)N(c5ccc(Oc7ccc(-c8ccc(Oc9ccccc9)cc8)cc7)cc5)C6=O)cc4)cc3)cccc21,2
2973,O=C1NC(=O)c2c(Oc3ccc(-c4ccc(Oc5cccc6c5C(=O)N(c5ccccc5)C6=O)cc4)cc3)cccc21,4
2974,O=C1NC(=O)c2c(Oc3ccc(-c4ccc(Oc5cccc6c5C(=O)N(c5ccc(Oc7ccc(-c8ccc(Oc9ccccc9)cc8)cc7)cc5)C6=O)cc4)cc3)cccc21,4
2975,O=C1NC(=O)c2c(Oc3cccc4c3C(=O)N(c3ccc(Oc5ccccc5)cc3)C4=O)cccc21,7
2976,O=C1NC(=O)c2c(Oc3cccc(Oc4cccc5c4C(=O)N(c4ccc(Oc6ccccc6)cc4)C5=O)c3)cccc21,9
2977,O=C1NC(=O)c2c(Oc3ccc4c(c3)C(=O)N(c3ccc(Oc5ccccc5)cc3)C4=O)cccc21,9
2978,O=C1NC(=O)c2c(Oc3ccc4c(c3)C(=O)N(c3ccc(Oc5ccc(Oc6ccccc6)cc5)cc3)C4=O)cccc21,6
2979,O=C(Nc1ccc(Oc2ccccc2)cc1)c1ccc(Oc2cccc3c2C(=O)NC3=O)cc1,6
2980,O=C(Nc1ccc(Oc2ccc(Oc3ccccc3)cc2)cc1)c1ccc(Oc2cccc3c2C(=O)NC3=O)cc1,4
2981,O=C(c1ccc(Oc2cccc3c2C(=O)NC3=O)cc1)c1ccc(ON2C(=O)c3cccc(-c4ccc(Oc5ccccc5)cc4)c3C2=O)cc1,6
2982,O=C(c1ccc(Oc2cccc3c2C(=O)NC3=O)cc1)c1ccc(Oc2cccc3c2C(=O)N(c2ccc(Oc4cccc(Oc5ccccc5)c4)cc2)C3=O)cc1,7
2983,O=C1NC(=O)c2c(Oc3ccc(Cc4ccc(Oc5cccc6c5C(=O)N(c5ccc(Oc7ccc(Oc8ccccc8)cc7)cc5)C6=O)cc4)cc3)cccc21,5
2984,O=C1NC(=O)c2c(Oc3ccc(Cc4ccc(Oc5cccc6c5C(=O)N(c5ccc(-c7ccccc7)cc5)C6=O)cc4)cc3)cccc21,9
2985,O=C1NC(=O)c2c(Oc3ccc(Cc4ccc(Oc5cccc6c5C(=O)N(c5ccccc5)C6=O)cc4)cc3)cccc21,2
2986,O=C1NC(=O)c2c(Oc3ccc(Cc4ccc(Oc5cccc6c5C(=O)N(c5ccc(Oc7ccccc7)cc5)C6=O)cc4)cc3)cccc21,3
2987,O=C1NC(=O)c2c(Oc3ccc(Cc4ccc(Oc5cccc6c5C(=O)N(c5ccc(Oc7ccc(-c8ccc(Oc9ccccc9)cc8)cc7)cc5)C6=O)cc4)cc3)cccc21,2
2988,O=C1NC(=O)c2c(Oc3ccc(Oc4cccc5c4C(=O)N(c4ccccc4)C5=O)cc3)cccc21,8
2989,O=C1NC(=O)c2c(Oc3ccc(Oc4ccc(Oc5cccc6c5C(=O)N(c5ccccc5)C6=O)cc4)cc3)cccc21,4
2990,O=C1NC(=O)c2c(Oc3ccc(Oc4ccc(Oc5cccc6c5C(=O)N(c5ccc(Oc7cccc(Oc8ccccc8)c7)cc5)C6=O)cc4)cc3)cccc21,4
2991,O=C1NC(=O)c2c(Oc3ccc(S(=O)(=O)c4ccc(Oc5cccc6c5C(=O)N(c5ccccc5)C6=O)cc4)cc3)cccc21,4
2992,O=C1NC(=O)c2c(Oc3ccc(S(=O)(=O)c4ccc(Oc5cccc6c5C(=O)N(c5ccc(Oc7cccc(Oc8ccccc8)c7)cc5)C6=O)cc4)cc3)cccc21,7
2993,O=C1NC(=O)c2c(Oc3ccc(S(=O)(=O)c4ccc(Oc5cccc6c5C(=O)N(c5ccc(Oc7ccccc7)cc5)C6=O)cc4)cc3)cccc21,5
2994,O=C1NC(=O)c2c(Oc3ccc(Sc4ccc(Oc5cccc6c5C(=O)N(c5ccc(Oc7cccc(Oc8ccccc8)c7)cc5)C6=O)cc4)cc3)cccc21,9
2995,O=C1NC(=O)c2c(Oc3ccc(Sc4ccc(Oc5cccc6c5C(=O)N(c5ccc(Oc7ccccc7)cc5)C6=O)cc4)cc3)cccc21,3
2996,O=C1NC(=O)c2c(Oc3ccc(-c4ccc(Oc5cccc6c5C(=O)N(c5ccc(Oc7cccc(Oc8ccccc8)c7)cc5)C6=O)cc4)cc3)cccc21,5
2997,O=C1NC(=O)c2c(Oc3ccc(-c4ccc(Oc5cccc6c5C(=O)N(c5ccc(Oc7ccccc7)cc5)C6=O)cc4)cc3)cccc21,9
2998,O=C1NC(=O)c2c1cccc2-c1ccc2c(c1)C(=O)N(c1ccc(-c3ccccc3)cc1)C2=O,2
2999,O=C1NC(=O)c2c1cccc2-c1ccc2c(c1)C(=O)N(c1ccc(-c3ccccc3)cc1)C2=O,2
3000,O=C1NC(=O)c2c1cccc2-c1ccc2c(c1)C(=O)N(c1ccc(-c3ccccc3)cc1)C2=O,2
3001,O=C1NC(=O)c2c1cccc2-c1ccc2c(c1)C(=O)N(c1ccccc1)C2=O,6
3002,O=C(Nc1cccc(S(=O)(=O)c2cccc(NC(=O)c3cccc(N4C(=O)c5ccc(-c6cccc7c6C(=O)NC7=O)cc5C4=O)c3)c2)c1)c1ccccc1,9
3003,O=C(Nc1ccc(NC(=O)c2cccc(N3C(=O)c4ccc(-c5cccc6c5C(=O)NC6=O)cc4C3=O)c2)cc1)c1ccccc1,7
3004,O=C(Nc1ccc(Oc2cccc(Oc3ccc(NC(=O)c4cccc(N5C(=O)c6ccc(-c7cccc8c7C(=O)NC8=O)cc6C5=O)c4)cc3)c2)cc1)c1ccccc1,6
3005,O=C(Nc1ccc(Oc2ccc(Cc3ccc(Oc4ccc(NC(=O)c5cccc(N6C(=O)c7ccc(-c8cccc9c8C(=O)NC9=O)cc7C6=O)c5)cc4)cc3)cc2)cc1)c1ccccc1,9
3006,O=C(Nc1ccc(Oc2ccc(NC(=O)c3cccc(N4C(=O)c5ccc(-c6cccc7c6C(=O)NC7=O)cc5C4=O)c3)cc2)cc1)c1ccccc1,6
3007,O=C(Nc1ccc(Oc2ccc(Oc3ccc(NC(=O)c4cccc(N5C(=O)c6ccc(-c7cccc8c7C(=O)NC8=O)cc6C5=O)c4)cc3)cc2)cc1)c1ccccc1,8
3008,O=C(Nc1ccc(Oc2ccc(Oc3ccc(Oc4ccc(NC(=O)c5cccc(N6C(=O)c7ccc(-c8cccc9c8C(=O)NC9=O)cc7C6=O)c5)cc4)cc3)cc2)cc1)c1ccccc1,6
3009,O=C(Nc1ccc(Oc2ccc(-c3ccc(Oc4ccc(NC(=O)c5cccc(N6C(=O)c7ccc(-c8cccc9c8C(=O)NC9=O)cc7C6=O)c5)cc4)cc3)cc2)cc1)c1ccccc1,4
3010,O=C1NC(=O)c2c1cccc2-c1ccc2c(c1)C(=O)N(c1cccc(OCCCCCCCCCCCCOc3ccccc3)c1)C2=O,6
3011,O=C1NC(=O)c2c1cccc2-c1ccc2c(c1)C(=O)N(c1cccc(OCCCCCCCCCCOc3ccccc3)c1)C2=O,7
3012,O=C1NC(=O)c2c1cccc2-c1ccc2c(c1)C(=O)N(c1cccc(OCCCCCCCCCOc3ccccc3)c1)C2=O,9
3013,O=C1NC(=O)c2c1cccc2-c1ccc2c(c1)C(=O)N(c1cccc(OCCCCCCOc3ccccc3)c1)C2=O,4
3014,O=C1NC(=O)c2c1cccc2-c1ccc2c(c1)C(=O)N(c1cccc(OCCCCCOc3ccccc3)c1)C2=O,2
3015,O=C1NC(=O)c2c1cccc2-c1ccc2c(c1)C(=O)N(c1cccc(Oc3ccccc3)c1)C2=O,3
3016,O=C1NC(=O)c2c1cccc2-c1ccc2c(c1)C(=O)N(c1ccccc1)C2=O,6
3017,O=C(Nc1cccc(Oc2ccc(S(=O)(=O)c3ccc(Oc4cccc(NC(=O)c5ccc(N6C(=O)c7ccc(-c8cccc9c8C(=O)NC9=O)cc7C6=O)cc5)c4)cc3)cc2)c1)c1ccccc1,4
3018,O=C1NC(=O)c2c1cccc2-c1ccc2c(c1)C(=O)N(c1ccc(OCCCCCOc3ccccc3)cc1)C2=O,3
3019,O=C1NC(=O)c2c1cccc2-c1ccc2c(c1)C(=O)N(c1ccc(OCCCOc3ccccc3)cc1)C2=O,9
3020,O=C1NC(=O)c2c1cccc2-c1ccc2c(c1)C(=O)N(c1ccc(Oc3cccc(Oc4ccccc4)c3)cc1)C2=O,6
3021,O=C1NC(=O)c2c1cccc2-c1ccc2c(c1)C(=O)N(c1ccc(Oc3ccc(Oc4ccccc4)cc3)cc1)C2=O,7
3022,O=C1NC(=O)c2cc(-c3cc4c(cc3-c3ccccc3)C(=O)N(c3ccc(Cc5ccccc5)cc3)C4=O)c(-c3ccccc3)cc21,6
3023,O=C1NC(=O)c2cc(-c3cc4c(cc3-c3ccccc3)C(=O)N(c3ccc(Cc5ccccc5)cc3)C4=O)c(-c3ccccc3)cc21,6
3024,O=C1NC(=O)c2cc(-c3cc4c(cc3-c3ccccc3)C(=O)N(c3ccc(Oc5ccccc5)cc3)C4=O)c(-c3ccccc3)cc21,6
3025,O=C1NC(=O)c2cc(-c3cc4c(cc3-c3ccccc3)C(=O)N(c3ccc(Cc5ccccc5)cc3)C4=O)c(-c3ccccc3)cc21,6
3026,O=C(NCCNc1ccc(C=Cc2ccccc2)cc1)c1ccc2c(c1)C(=O)NC2=O,3
3027,O=C(Nc1ccc(S(=O)(=O)c2cccc(NC(=O)c3ccc4c(c3)C(=O)NC4=O)c2)cc1)c1ccc2c(c1)C(=O)NC2=O,4
3028,O=C(Nc1ccc(Oc2ccc(Oc3ccccc3)cc2)cc1)c1ccc2c(c1)C(=O)NC2=O,8
3029,O=C(Nc1ccc(S(=O)(=O)c2ccccc2)cc1)c1ccc2c(c1)C(=O)NC2=O,9
3030,O=C(Nc1ccc(S(=O)(=O)c2ccc(NC(=O)c3ccc4c(c3)C(=O)NC4=O)cc2)cc1)c1ccc2c(c1)C(=O)NC2=O,8
3031,O=C(Oc1ccccc1)c1ccc2c(c1)C(=O)NC2=O,5
3032,O=C(Oc1ccc(OC(=O)c2ccc3c(c2)C(=O)NC3=O)c(-c2ccccc2)c1)c1ccc2c(c1)C(=O)NC2=O,8
3033,O=C(Oc1ccc2cc(OC(=O)c3ccc4c(c3)C(=O)NC4=O)ccc2c1)c1ccc2c(c1)C(=O)NC2=O,7
3034,O=C(Oc1ccc2cc(OC(=O)c3ccc4c(c3)C(=O)NC4=O)ccc2c1)c1ccc2c(c1)C(=O)NC2=O,7
3035,O=C(Oc1ccc2cc(OC(=O)c3ccc4c(c3)C(=O)NC4=O)ccc2c1)c1ccc2c(c1)C(=O)NC2=O,7
3036,O=C(Oc1ccc2ccccc2c1)c1ccc2c(c1)C(=O)NC2=O,4
3037,O=C(Oc1ccc(Cc2ccc(Cc3ccccc3)cc2)cc1)c1ccc2c(c1)C(=O)NC2=O,3
3038,O=C(Oc1ccc(Cc2ccccc2)cc1)c1ccc2c(c1)C(=O)NC2=O,8
3039,O=C(Oc1ccc(C2(c3ccccc3)CCCCC2)cc1)c1ccc2c(c1)C(=O)NC2=O,6
3040,O=C(Oc1ccc(C2(c3ccccc3)OC(=O)c3ccccc32)cc1)c1ccc2c(c1)C(=O)NC2=O,6
3041,O=C(Oc1ccccc1)c1ccc2c(c1)C(=O)NC2=O,5
3042,O=C(Oc1ccccc1)c1ccc2c(c1)C(=O)NC2=O,5
3043,O=C(Oc1ccccc1)c1ccc2c(c1)C(=O)NC2=O,5
3044,O=C(Oc1ccc(OC(=O)c2ccc3c(c2)C(=O)NC3=O)cc1)c1ccc2c(c1)C(=O)NC2=O,6
3045,O=C(Oc1ccc(OC(=O)c2ccc3c(c2)C(=O)NC3=O)cc1)c1ccc2c(c1)C(=O)NC2=O,6
3046,O=C(Oc1ccc(-c2ccccc2)cc1)c1ccc2c(c1)C(=O)NC2=O,7
3047,O=C(Oc1ccc(-c2ccccc2)cc1)c1ccc2c(c1)C(=O)NC2=O,7
3048,O=C(Oc1ccc(-c2ccccc2)cc1)c1ccc2c(c1)C(=O)NC2=O,7
3049,O=C(Oc1ccc(-c2ccc(OC(=O)c3ccc4c(c3)C(=O)NC4=O)cc2)cc1)c1ccc2c(c1)C(=O)NC2=O,6
3050,O=C(Oc1ccc(-c2ccc(OC(=O)c3ccc4c(c3)C(=O)NC4=O)cc2)cc1)c1ccc2c(c1)C(=O)NC2=O,6
3051,O=C(Oc1ccc(-c2ccc(OC(=O)c3ccc4c(c3)C(=O)NC4=O)cc2)cc1)c1ccc2c(c1)C(=O)NC2=O,6
3052,O=C(Oc1ccc(-c2ccc(OC(=O)c3ccc4c(c3)C(=O)NC4=O)cc2)cc1)c1ccc2c(c1)C(=O)NC2=O,6
3053,O=C(Oc1ccc(-c2ccc(OC(=O)c3ccc4c(c3)C(=O)NC4=O)cc2)cc1)c1ccc2c(c1)C(=O)NC2=O,6
3054,O=C(CN1C(=O)c2ccc(C(=O)c3ccc4c(c3)C(=O)NC4=O)cc2C1=O)Nc1cccc(Oc2ccccc2)c1,7
3055,O=C(CN1C(=O)c2ccc(C(=O)c3ccc4c(c3)C(=O)NC4=O)cc2C1=O)Nc1ccc(Cc2ccccc2)cc1,9
3056,O=C(CN1C(=O)c2ccc(C(=O)c3ccc4c(c3)C(=O)NC4=O)cc2C1=O)Nc1ccc(Oc2ccccc2)cc1,5
3057,O=C(CN1C(=O)c2ccc(C(=O)c3ccc4c(c3)C(=O)NC4=O)cc2C1=O)Nc1ccc(Oc2ccc(Oc3ccccc3)cc2)cc1,4
3058,O=C(c1ccc2c(c1)C(=O)NC2=O)c1ccc2c(c1)C(=O)N(CC1CCC3C4CCC(C4)C13)C2=O,2
3059,O=C(c1ccc2c(c1)C(=O)NC2=O)c1ccc2c(c1)C(=O)N(CC1CCCCC1)C2=O,2
3060,O=C(CCN1C(=O)c2ccc(C(=O)c3ccc4c(c3)C(=O)NC4=O)cc2C1=O)Nc1ccccc1,7
3061,O=C(CCN1C(=O)c2ccc(C(=O)c3ccc4c(c3)C(=O)NC4=O)cc2C1=O)Nc1ccc(Oc2ccccc2)cc1,4
3062,O=C(CCCN1C(=O)c2ccc(C(=O)c3ccc4c(c3)C(=O)NC4=O)cc2C1=O)Nc1cccc(Oc2ccccc2)c1,2
3063,O=C(CCCN1C(=O)c2ccc(C(=O)c3ccc4c(c3)C(=O)NC4=O)cc2C1=O)Nc1ccc(Cc2ccccc2)cc1,9
3064,O=C(CCCN1C(=O)c2ccc(C(=O)c3ccc4c(c3)C(=O)NC4=O)cc2C1=O)Nc1ccccc1,3
3065,O=C(CCCN1C(=O)c2ccc(C(=O)c3ccc4c(c3)C(=O)NC4=O)cc2C1=O)Nc1ccc(Oc2ccccc2)cc1,3
3066,O=C(CCCN1C(=O)c2ccc(C(=O)c3ccc4c(c3)C(=O)NC4=O)cc2C1=O)Nc1ccc(Oc2ccc(Oc3ccccc3)cc2)cc1,3
3067,O=C(CCCCCN1C(=O)c2ccc(C(=O)c3ccc4c(c3)C(=O)NC4=O)cc2C1=O)Nc1cccc(Oc2ccccc2)c1,7
3068,O=C(CCCCCN1C(=O)c2ccc(C(=O)c3ccc4c(c3)C(=O)NC4=O)cc2C1=O)Nc1ccc(Cc2ccccc2)cc1,7
3069,O=C(c1ccc2c(c1)C(=O)NC2=O)c1ccc2c(c1)C(=O)NC2=O,4
3070,O=C(CCCCCCCCCCN1C(=O)c2ccc(C(=O)c3ccc4c(c3)C(=O)NC4=O)cc2C1=O)Nc1cccc(Oc2ccccc2)c1,6
3071,O=C(c1ccc2c(c1)C(=O)NC2=O)c1ccc2c(c1)C(=O)NC2=O,4
3072,O=C(c1ccc2c(c1)C(=O)NC2=O)c1ccc2c(c1)C(=O)NC2=O,4
3073,O=C(c1ccc2c(c1)C(=O)NC2=O)c1ccc2c(c1)C(=O)NC2=O,4
3074,O=C(c1ccc2c(c1)C(=O)NC2=O)c1ccc2c(c1)C(=O)NC2=O,4
3075,O=C(CN1C(=O)c2ccc(Cc3ccc4c(c3)C(=O)NC4=O)cc2C1=O)Nc1ccc(Oc2cccc(Oc3ccccc3)c2)cc1,3
3076,O=C(CN1C(=O)c2ccc(Cc3ccc4c(c3)C(=O)NC4=O)cc2C1=O)Nc1ccc(Oc2ccc(Oc3ccccc3)cc2)cc1,2
3077,O=C(CN1C(=O)c2ccc(Cc3ccc4c(c3)C(=O)NC4=O)cc2C1=O)Nc1ccc(Oc2ccc(S(=O)(=O)c3ccc(Oc4ccccc4)cc3)cc2)cc1,6
3078,O=C(CN1C(=O)c2ccc(Cc3ccc4c(c3)C(=O)NC4=O)cc2C1=O)Nc1ccc(Oc2ccc(-c3ccc(Oc4ccccc4)cc3)cc2)cc1,7
3079,O=C1NC(=O)c2cc(Cc3ccc4c(c3)C(=O)NC4=O)ccc21,4
3080,O=C1NC(=O)c2cc(Cc3ccc4c(c3)C(=O)N(CC3CCC5C6CCC(C6)C35)C4=O)ccc21,4
3081,O=C1NC(=O)c2cc(Cc3ccc4c(c3)C(=O)NC4=O)ccc21,4
3082,O=C1NC(=O)c2cc(Cc3ccc4c(c3)C(=O)NC4=O)ccc21,4
3083,O=C1NC(=O)c2cc(Cc3ccc4c(c3)C(=O)NC4=O)ccc21,4
3084,O=C1NC(=O)c2cc(Cc3ccc4c(c3)C(=O)NC4=O)ccc21,4
3085,O=C1NC(=O)c2cc(Cc3ccc4c(c3)C(=O)NC4=O)ccc21,4
3086,O=C1NC(=O)c2cc(Cc3ccc4c(c3)C(=O)NC4=O)ccc21,4
3087,O=C1NC(=O)c2cc(Cc3ccc4c(c3)C(=O)NC4=O)ccc21,4
3088,O=C1NC(=O)c2cc(Cc3ccc4c(c3)C(=O)NC4=O)ccc21,4
3089,O=C1NC(=O)c2cc(Cc3ccc4c(c3)C(=O)N(CCNc3ccc(N=Nc5ccccc5)cc3)C4=O)ccc21,5
3090,O=C1NC(=O)c2cc(Cc3ccc4c(c3)C(=O)N(CCNc3ccc(N=Nc5ccccc5)cc3)C4=O)ccc21,5
3091,O=C1NC(=O)c2cc(Cc3ccc4c(c3)C(=O)N(CCNc3ccc(N=Nc5ccccc5)cc3)C4=O)ccc21,5
3092,O=C(Nc1ccc2c(c1)C(=O)NC2=O)Nc1cccc2c(NC(=O)Nc3ccc4c(c3)C(=O)N(c3ccc(Oc5ccc6ccccc6c5-c5c(Oc6ccccc6)ccc6ccccc56)cc3)C4=O)cccc12,8
3093,O=C(Nc1ccc(Oc2ccccc2-c2ccccc2Oc2ccc(NC(=O)Nc3ccc4c(c3)C(=O)N(c3ccc(Oc5ccc6ccccc6c5-c5c(Oc6ccccc6)ccc6ccccc56)cc3)C4=O)cc2)cc1)Nc1ccc2c(c1)C(=O)NC2=O,7
3094,O=C(Nc1ccc(Oc2ccc(NC(=O)Nc3ccc4c(c3)C(=O)N(c3ccc(Oc5ccc6ccccc6c5-c5c(Oc6ccccc6)ccc6ccccc56)cc3)C4=O)cc2)cc1)Nc1ccc2c(c1)C(=O)NC2=O,5
3095,O=C(Nc1ccc(Oc2ccc(NC(=O)Nc3ccc4c(c3)C(=O)N(c3ccc(-c5cc(-c6ccc(-c7ccccc7)cc6)cc(-c6ccccc6)n5)cc3)C4=O)cc2)cc1)Nc1ccc2c(c1)C(=O)NC2=O,8
3096,O=C(Nc1ccc(-c2cc(-c3ccc(-c4ccccc4)cc3)cc(-c3ccc(NC(=O)Nc4ccc5c(c4)C(=O)N(c4ccc(Oc6ccc7ccccc7c6-c6c(Oc7ccccc7)ccc7ccccc67)cc4)C5=O)cc3)n2)cc1)Nc1ccc2c(c1)C(=O)NC2=O,9
3097,O=C(Nc1ccc(-c2cc(-c3ccc(-c4ccccc4)cc3)cc(-c3ccc(NC(=O)Nc4ccc5c(c4)C(=O)N(c4ccc(-c6cc(-c7ccc(-c8ccccc8)cc7)cc(-c7ccccc7)n6)cc4)C5=O)cc3)n2)cc1)Nc1ccc2c(c1)C(=O)NC2=O,9
3098,O=C(Nc1ccc2c(c1)C(=O)NC2=O)Nc1cccc(NC(=O)Nc2ccc3c(c2)C(=O)N(c2ccc(Oc4ccc5ccccc5c4-c4c(Oc5ccccc5)ccc5ccccc45)cc2)C3=O)n1,9
3099,O=C(Nc1ccc2c(c1)C(=O)NC2=O)OCCOc1ccc(Cc2ccc(OCCOC(=O)Nc3ccc4c(c3)C(=O)N(c3cccc([PH](=O)c5ccccc5)c3)C4=O)cc2)cc1,5
3100,O=C(Nc1ccc2c(c1)C(=O)NC2=O)OCCOc1ccc(Cc2ccc(OCCOC(=O)Nc3ccc4c(c3)C(=O)N(c3cccc(P(=O)(c5ccccc5)c5ccccc5)c3)C4=O)cc2)cc1,9
3101,O=C(Nc1ccc2c(c1)C(=O)NC2=O)OCCOc1ccc(Cc2ccc(OCCOC(=O)Nc3ccc4c(c3)C(=O)N(c3cccc([PH](=O)c5ccccc5)c3)C4=O)cc2)cc1,5
3102,O=C(Nc1ccc2c(c1)C(=O)NC2=O)OCCOc1ccc(Cc2ccc(OCCOC(=O)Nc3ccc4c(c3)C(=O)N(c3cccc(P(=O)(c5ccccc5)c5ccccc5)c3)C4=O)cc2)cc1,9
3103,O=C1NC(=O)c2cc(Oc3ccc(Cc4ccc(Oc5ccc6c(c5)C(=O)N(c5ccc(Oc7ccc(Oc8ccccc8)cc7)cc5)C6=O)cc4)cc3)ccc21,6
3104,O=C1NC(=O)c2cc(Oc3ccc(Cc4ccc(Oc5ccc6c(c5)C(=O)N(c5ccc(Oc7ccc(-c8ccc(Oc9ccccc9)cc8)cc7)cc5)C6=O)cc4)cc3)ccc21,6
3105,O=C1NC(=O)c2cc(Oc3ccc(Cc4ccc(Oc5ccc6c(c5)C(=O)N(c5ccc(Oc7ccc(C8(c9ccc(Oc%10ccccc%10)cc9)C9CC%10CC(C9)CC8C%10)cc7)cc5)C6=O)cc4)cc3)ccc21,4
3106,O=C1NC(=O)c2cc(Oc3ccc(Cc4ccc(Oc5ccc6c(c5)C(=O)N(c5ccc(Cc7ccccc7)cc5)C6=O)cc4)cc3)ccc21,2
3107,O=C1NC(=O)c2cc(Oc3ccc(Cc4ccc(Oc5ccc6c(c5)C(=O)N(c5ccc(Oc7ccccc7)cc5)C6=O)cc4)cc3)ccc21,8
3108,O=C1NC(=O)c2cc(Oc3ccc(-c4ccc(Oc5ccc6c(c5)C(=O)N(c5ccc(Cc7ccccc7)cc5)C6=O)cc4)cc3)ccc21,4
3109,O=C1NC(=O)c2cc(Oc3ccc(-c4ccc(Oc5ccc6c(c5)C(=O)N(c5ccc(Oc7ccccc7)cc5)C6=O)cc4)cc3)ccc21,3
3110,O=C1NC(=O)c2cc(Oc3ccccc3Oc3ccc4c(c3)C(=O)N(c3ccc(Oc5ccc(-c6ccc(Oc7ccccc7)cc6)cc5)cc3)C4=O)ccc21,4
3111,O=C1NC(=O)c2cc(Oc3ccccc3Oc3ccc4c(c3)C(=O)N(c3ccc(Oc5ccccc5Oc5ccccc5)cc3)C4=O)ccc21,7
3112,O=C1NC(=O)c2cc(Oc3ccccc3Oc3ccc4c(c3)C(=O)N(c3ccc(Oc5ccc(C6(c7ccc(Oc8ccccc8)cc7)c7ccccc7-c7ccccc76)cc5)cc3)C4=O)ccc21,8
3113,O=C1NC(=O)c2cc(Oc3ccccc3Oc3ccc4c(c3)C(=O)N(c3ccc(Oc5ccc(Oc6ccccc6)cc5)cc3)C4=O)ccc21,6
3114,O=C1NC(=O)c2cc(Oc3ccccc3Oc3ccc4c(c3)C(=O)N(c3ccccc3)C4=O)ccc21,3
3115,O=C1NC(=O)c2cc(Oc3ccccc3Oc3ccc4c(c3)C(=O)N(c3ccc(Oc5cc6ccccc6cc5Oc5ccccc5)cc3)C4=O)ccc21,2
3116,O=C1NC(=O)c2cc(Oc3ccccc3Oc3ccc4c(c3)C(=O)N(c3ccc(Oc5ccc(Oc6ccccc6)cc5)cc3)C4=O)ccc21,6
3117,O=C1NC(=O)c2cc(Oc3cccc4c(Oc5ccc6c(c5)C(=O)N(c5ccc(Cc7ccccc7)cc5)C6=O)cccc34)ccc21,8
3118,O=C1NC(=O)c2cc(Oc3cccc4c(Oc5ccc6c(c5)C(=O)N(c5ccc(Cc7ccccc7)cc5)C6=O)cccc34)ccc21,8
3119,O=C1NC(=O)c2cc(Oc3cccc4c(Oc5ccc6c(c5)C(=O)N(c5ccc(Cc7ccc(Cc8ccccc8)cc7)cc5)C6=O)cccc34)ccc21,6
3120,O=C1NC(=O)c2cc(Oc3cccc4c(Oc5ccc6c(c5)C(=O)N(c5ccc(Oc7ccc(S(=O)(=O)c8ccc(Oc9ccccc9)cc8)cc7)cc5)C6=O)cccc34)ccc21,4
3121,O=C(Nc1ccc(Oc2ccccc2)cc1)c1cccc(Oc2ccc3c(c2)C(=O)NC3=O)c1,5
3122,O=C(Nc1ccc(Oc2ccc(Oc3ccccc3)cc2)cc1)c1cccc(Oc2ccc3c(c2)C(=O)NC3=O)c1,8
3123,O=C1NC(=O)c2cc(Oc3cccc(Oc4ccc5c(c4)C(=O)N(c4ccccc4)C5=O)c3)ccc21,5
3124,O=C1NC(=O)c2cc(Oc3cccc(Oc4ccc5c(c4)C(=O)N(c4ccc(Oc6ccccc6)cc4)C5=O)c3)ccc21,6
3125,O=C(c1ccc(Oc2ccccc2)cc1)c1ccc(Oc2ccc(N3C(=O)c4ccc(Oc5cccc(Oc6ccc7c(c6)C(=O)NC7=O)c5)cc4C3=O)cc2)cc1,6
3126,O=C1NC(=O)c2cc(Oc3cccc(Oc4ccc5c(c4)C(=O)N(c4ccc(Oc6ccc(S(=O)(=O)c7ccc(Oc8ccccc8)cc7)cc6)cc4)C5=O)c3)ccc21,4
3127,O=C1NC(=O)c2cc(Oc3ccc4c(c3)C(=O)N(CC3CCC5C6CCC(C6)C35)C4=O)ccc21,4
3128,O=C1NC(=O)c2cc(Oc3ccc4c(c3)C(=O)NC4=O)ccc21,7
3129,O=C1NC(=O)c2cc(Oc3ccc4c(c3)C(=O)NC4=O)ccc21,7
3130,O=C1NC(=O)c2cc(Oc3ccc4c(c3)C(=O)NC4=O)ccc21,7
3131,O=C1NC(=O)c2cc(Oc3ccc4c(c3)C(=O)NC4=O)ccc21,7
3132,O=C1NC(=O)c2cc(Oc3ccc4c(c3)C(=O)N(Cc3ccc(Cc5ccco5)o3)C4=O)ccc21,9
3133,O=C1NC(=O)c2cc(Oc3ccc4c(c3)C(=O)N(Cc3ccc(Cc5ccco5)o3)C4=O)ccc21,9
3134,O=C1NC(=O)c2cc(Oc3ccc4c(c3)C(=O)N(c3ccccc3)C4=O)ccc21,9
3135,O=C1NC(=O)c2cc(Oc3ccc4c(c3)C(=O)N(c3ccc(-c5cccc(OCCCCCCOc6ccc(/C=C/c7ccccc7)cc6)c5)cc3OCCCCCCOc3ccc(/C=C/c5ccccc5)cc3)C4=O)ccc21,3
3136,O=C1NC(=O)c2cc(Oc3ccc4c(c3)C(=O)N(c3ccc(C(c5ccccc5)c5ccccc5)cc3)C4=O)ccc21,6
3137,C=C1C=C(C=Cc2ccc(NCCOc3ccc(Cc4ccc(OCCNc5ccc(C=CC6=CC(=C)CCC6)cc5)c(N5C(=O)c6ccc(Oc7ccc8c(c7)C(=O)NC8=O)cc6C5=O)c4)cc3)cc2)CCC1,5
3138,C=C1C=C(C=Cc2ccc(NCCOc3ccc(Cc4ccc(OCCNc5ccc(C=CC6=CC(=C)CCC6)cc5)c(N5C(=O)c6ccc(Oc7ccc8c(c7)C(=O)NC8=O)cc6C5=O)c4)cc3)cc2)CCC1,5
3139,C=C1C=C(C=Cc2ccc(N(CCOc3ccc(Cc4ccc(OCCN(c5ccccc5)c5ccc(C=CC6=CC(=C)CCC6)cc5)c(N5C(=O)c6ccc(Oc7ccc8c(c7)C(=O)NC8=O)cc6C5=O)c4)cc3)c3ccccc3)cc2)CCC1,4
3140,O=C(C=C1C=C(C=Cc2ccc(NCCOc3ccc(Cc4ccc(OCCN(c5ccccc5)c5ccc(C=CC6=CC(=CC(=O)OCCc7ccccc7)CCC6)cc5)cc4)cc3N3C(=O)c4ccc(Oc5ccc6c(c5)C(=O)NC6=O)cc4C3=O)cc2)CCC1)OCCc1ccccc1,8
3141,O=C(C=C1C=C(C=Cc2ccc(NCCOc3ccc(Cc4ccc(OCCN(c5ccccc5)c5ccc(C=CC6=CC(=CC(=O)OCc7ccc(Oc8ccccc8)cc7)CCC6)cc5)cc4)cc3N3C(=O)c4ccc(Oc5ccc6c(c5)C(=O)NC6=O)cc4C3=O)cc2)CCC1)OCc1ccc(Oc2ccccc2)cc1,9
3142,C=C1C=C(C=Cc2ccc(NCCOc3ccc(Cc4ccc(OCCNc5ccc(C=CC6=CC(=C)CCC6)cc5)c(N5C(=O)c6ccc(Oc7ccc8c(c7)C(=O)NC8=O)cc6C5=O)c4)cc3)cc2)CCC1,5
3143,O=C1NC(=O)c2cc(Oc3ccc4c(c3)C(=O)N(c3ccccc3Oc3ccccc3)C4=O)ccc21,8
3144,O=C1NC(=O)c2cc(Oc3ccc4c(c3)C(=O)N(c3ccc(Oc5ccccc5)cc3)C4=O)ccc21,6
3145,O=C1NC(=O)c2cc(Oc3ccc4c(c3)C(=O)N(c3ccc(Oc5ccccc5)cc3)C4=O)ccc21,6
3146,O=C1NC(=O)c2cc(Oc3ccc4c(c3)C(=O)N(c3ccc(Oc5ccccc5Oc5ccccc5)cc3)C4=O)ccc21,9
3147,O=C(c1ccccc1)c1ccc(Oc2ccc(N3C(=O)c4ccc(Oc5ccc6c(c5)C(=O)NC6=O)cc4C3=O)cc2)cc1,6
3148,O=C1NC(=O)c2cc(Oc3ccc4c(c3)C(=O)N(c3ccc(-c5ccccc5)cc3)C4=O)ccc21,7
3149,O=C1NC(=O)c2cc(Oc3ccc4c(c3)C(=O)N(c3cccc(Oc5ccc(-c6ccc(Oc7ccccc7)cc6)cc5)c3)C4=O)ccc21,8
3150,O=C1NC(=O)c2cc(Oc3ccc4c(c3)C(=O)N(c3ccccc3)C4=O)ccc21,9
3151,O=C1NC(=O)c2cc(Oc3ccc4c(c3)C(=O)N(c3ccccc3)C4=O)ccc21,9
3152,O=C1NC(=O)c2cc(Oc3ccc4c(c3)C(=O)N(c3ccccc3)C4=O)ccc21,9
3153,O=C1NC(=O)c2cc(Oc3ccc4c(c3)C(=O)N(c3ccccc3)C4=O)ccc21,9
3154,O=C1NC(=O)c2cc(Oc3ccc4c(c3)C(=O)N(c3cccc(CCCCCc5ccccc5)c3)C4=O)ccc21,2
3155,O=C1NC(=O)c2cc(Oc3ccc4c(c3)C(=O)N(c3cccc(Cc5ccccc5)c3)C4=O)ccc21,5
3156,O=C1NC(=O)c2cc(Oc3ccc4c(c3)C(=O)N(c3cccc(C(c5ccccc5)c5ccccc5)c3)C4=O)ccc21,6
3157,O=C1NC(=O)c2cc(Oc3ccc4c(c3)C(=O)N(c3cccc(OCCOCCOc5ccccc5)c3)C4=O)ccc21,8
3158,O=C1NC(=O)c2cc(Oc3ccc4c(c3)C(=O)N(c3cccc(Oc5cc(Oc6ccccc6)ccc5P(=O)(c5ccccc5)c5ccccc5)c3)C4=O)ccc21,7
3159,O=C1NC(=O)c2cc(Oc3ccc4c(c3)C(=O)N(c3cccc(Oc5cccc(Oc6ccccc6)c5)c3)C4=O)ccc21,9
3160,O=C1NC(=O)c2cc(Oc3ccc4c(c3)C(=O)N(c3cccc(Oc5ccccc5)c3)C4=O)ccc21,5
3161,O=C1NC(=O)c2cc(Oc3ccc4c(c3)C(=O)N(c3cccc(Oc5ccc(Oc6ccccc6)cc5)c3)C4=O)ccc21,3
3162,O=C1NC(=O)c2cc(Oc3ccc4c(c3)C(=O)N(c3cccc(P(=O)(c5ccccc5)c5ccccc5)c3)C4=O)ccc21,8
3163,O=C1NC(=O)c2cc(Oc3ccc4c(c3)C(=O)N(c3ccccc3)C4=O)ccc21,9
3164,O=C1NC(=O)c2cc(Oc3ccc4c(c3)C(=O)N(c3ccc(Cc5ccccc5)cc3)C4=O)ccc21,5
3165,O=C1NC(=O)c2cc(Oc3ccc4c(c3)C(=O)N(c3ccc(Cc5ccccc5)cc3)C4=O)ccc21,5
3166,O=C1NC(=O)c2cc(Oc3ccc4c(c3)C(=O)N(c3ccc(C(c5ccccc5)c5ccccc5)cc3)C4=O)ccc21,6
3167,O=C1NC(=O)c2cc(Oc3ccc4c(c3)C(=O)N(c3ccc(Cc5ccccc5)cc3)C4=O)ccc21,5
3168,O=C1NC(=O)c2cc(Oc3ccc4c(c3)C(=O)N(c3ccc(N(c5ccccc5)c5ccccc5)cc3)C4=O)ccc21,9
3169,O=C1NC(=O)c2cc(Oc3ccc4c(c3)C(=O)N(c3ccc(Oc5ccc(-c6ccccc6)cc5)cc3)C4=O)ccc21,8
3170,O=C1NC(=O)c2cc(Oc3ccc4c(c3)C(=O)N(c3ccc(Oc5cc6ccccc6cc5Oc5ccccc5)cc3)C4=O)ccc21,4
3171,O=C1NC(=O)c2cc(Oc3ccc4c(c3)C(=O)N(c3ccc(Oc5ccccc5)cc3)C4=O)ccc21,6
3172,O=C(c1ccc(Oc2ccccc2)cc1)c1cccc(C(=O)c2ccc(Oc3ccc(N4C(=O)c5ccc(Oc6ccc7c(c6)C(=O)NC7=O)cc5C4=O)cc3)cc2)c1,9
3173,O=C1NC(=O)c2cc(Oc3ccc4c(c3)C(=O)N(c3ccc(Oc5ccc(Cc6ccc(Oc7ccccc7)cc6)cc5)cc3)C4=O)ccc21,9
3174,O=C1NC(=O)c2cc(Oc3ccc4c(c3)C(=O)N(c3ccc(Oc5ccc(Cc6ccc(Oc7ccccc7)cc6)cc5)cc3)C4=O)ccc21,9
3175,O=C1NC(=O)c2cc(Oc3ccc4c(c3)C(=O)N(c3ccc(Oc5ccc(Oc6ccccc6)cc5)cc3)C4=O)ccc21,2
3176,O=C1NC(=O)c2cc(Oc3ccc4c(c3)C(=O)N(c3ccc(Oc5ccc(-c6ccc(Oc7ccccc7)cc6)cc5)cc3)C4=O)ccc21,6
3177,O=C1NC(=O)c2cc(Oc3ccc4c(c3)C(=O)N(c3ccc(S(=O)(=O)c5ccccc5)cc3)C4=O)ccc21,5
3178,O=C1NC(=O)c2cc(Oc3ccc4c(c3)C(=O)N(c3ccc(Sc5cc6c(cc5Sc5ccccc5)C(=O)N(c5ccccc5)C6=O)cc3)C4=O)ccc21,3
3179,O=C1NC(=O)c2cc(Oc3ccc4c(c3)C(=O)N(c3ccc(Sc5ccc(Sc6ccc(Sc7ccccc7)cc6)cc5)cc3)C4=O)ccc21,6
3180,O=C1NC(=O)c2cc(Oc3ccc4c(c3)C(=O)N(c3ccc(-c5ccc(Oc6ccc7c(c6)C(c6ccc(Oc8ccc(-c9ccccc9)cc8)cc6)CC7)cc5)cc3)C4=O)ccc21,2
3181,O=C1NC(=O)c2cc(Oc3ccc4c(c3)C(=O)N(c3ccc(-c5ccccc5)cc3)C4=O)ccc21,7
3182,O=C(Nc1ccc(-c2ccccc2)cc1)c1cccc(C(=O)Nc2ccc(-c3ccc(N4C(=O)c5ccc(Oc6ccc7c(c6)C(=O)NC7=O)cc5C4=O)cc3)cc2)c1,2
3183,O=C1NC(=O)c2cc(Oc3ccc4c(c3)C(=O)N(c3ccc(-c5cc(-c6ccccc6)cc(-c6ccccc6)n5)cc3)C4=O)ccc21,5
3184,O=C1NC(=O)c2cc(Oc3ccc4c(c3)C3(CC4)CCc4ccc(Oc5ccc6c(c5)C(=O)N(c5ccccc5)C6=O)cc43)ccc21,6
3185,O=C1NC(=O)c2cc(Oc3ccc4cc(Oc5ccc6c(c5)C(=O)N(c5cccc(Oc7ccccc7)c5)C6=O)ccc4c3)ccc21,9
3186,O=C1NC(=O)c2cc(Oc3ccc4cc(Oc5ccc6c(c5)C(=O)N(c5ccc(Cc7ccccc7)cc5)C6=O)ccc4c3)ccc21,2
3187,O=C1NC(=O)c2cc(Oc3ccc4cc(Oc5ccc6c(c5)C(=O)N(c5ccc(Oc7ccc(-c8ccc(Oc9ccccc9)cc8)cc7)cc5)C6=O)ccc4c3)ccc21,8
3188,O=C1NC(=O)c2cc(Oc3ccc4ccc(Oc5ccc6c(c5)C(=O)N(c5ccc(Cc7ccccc7)cc5)C6=O)cc4c3)ccc21,9
3189,O=C1NC(=O)c2cc(Oc3ccc4ccc(Oc5ccc6c(c5)C(=O)N(c5ccc(Cc7ccc(Cc8ccccc8)cc7)cc5)C6=O)cc4c3)ccc21,2
3190,O=C1NC(=O)c2cc(Oc3ccc4ccc(Oc5ccc6c(c5)C(=O)N(c5ccc(Oc7ccc(Oc8ccccc8)cc7)cc5)C6=O)cc4c3)ccc21,7
3191,O=C1NC(=O)c2cc(Oc3cc4ccccc4cc3Oc3ccc4c(c3)C(=O)N(c3ccccc3)C4=O)ccc21,5
3192,O=C1NC(=O)c2cc(Oc3cc4ccccc4cc3Oc3ccc4c(c3)C(=O)N(c3ccccc3)C4=O)ccc21,5
3193,O=C1NC(=O)c2cc(Oc3cc4ccccc4cc3Oc3ccc4c(c3)C(=O)N(c3ccc(Oc5ccccc5Oc5ccccc5)cc3)C4=O)ccc21,6
3194,O=C1NC(=O)c2cc(Oc3cc4ccccc4cc3Oc3ccc4c(c3)C(=O)N(c3ccc(Oc5cc6ccccc6cc5Oc5ccccc5)cc3)C4=O)ccc21,8
3195,O=C1NC(=O)c2cc(Oc3cc4ccccc4cc3Oc3ccc4c(c3)C(=O)N(c3ccc(Oc5ccccc5)cc3)C4=O)ccc21,6
3196,O=C1NC(=O)c2cc(Oc3cc4ccccc4cc3Oc3ccc4c(c3)C(=O)N(c3ccc(Oc5ccc(Oc6ccccc6)cc5)cc3)C4=O)ccc21,9
3197,O=C1NC(=O)c2cc(Oc3cc4ccccc4cc3Oc3ccc4c(c3)C(=O)N(c3ccc(Oc5ccc(-c6ccc(Oc7ccccc7)cc6)cc5)cc3)C4=O)ccc21,9
3198,O=C(Nc1ccc(Cc2ccccc2)cc1)c1ccc(Oc2ccc3c(c2)C(=O)NC3=O)cc1,8
3199,O=C(Nc1ccc(Oc2ccc(Oc3ccccc3)cc2)cc1)c1ccc(Oc2ccc3c(c2)C(=O)NC3=O)cc1,3
3200,O=C(c1ccc(Oc2ccc3c(c2)C(=O)NC3=O)cc1)c1ccc(Oc2ccc3c(c2)C(=O)N(c2ccccc2)C3=O)cc1,3
3201,O=C(c1ccc(Oc2ccc3c(c2)C(=O)NC3=O)cc1)c1ccc(Oc2ccc3c(c2)C(=O)N(c2ccc(Oc4cccc(Oc5ccccc5)c4)cc2)C3=O)cc1,2
3202,O=C(c1ccc(Oc2ccc3c(c2)C(=O)NC3=O)cc1)c1ccc(Oc2ccc3c(c2)C(=O)N(c2ccc(Oc4ccccc4)cc2)C3=O)cc1,4
3203,O=C1NC(=O)c2cc(Oc3ccc(Cc4ccc(Cc5ccc(Oc6ccc7c(c6)C(=O)N(c6ccc(N(c8ccccc8)c8ccccc8)cc6)C7=O)cc5)cc4)cc3)ccc21,5
3204,O=C1NC(=O)c2cc(Oc3ccc(Cc4ccc(Oc5ccc6c(c5)C(=O)N(c5ccc(Cc7ccccc7)cc5)C6=O)cc4)cc3)ccc21,2
3205,O=C1NC(=O)c2cc(Oc3ccc(Cc4ccc(Oc5ccc6c(c5)C(=O)N(c5ccccc5)C6=O)cc4)cc3)ccc21,4
3206,O=C1NC(=O)c2cc(Oc3ccc(Cc4ccc(Oc5ccc6c(c5)C(=O)N(c5ccccc5)C6=O)cc4)cc3)ccc21,4
3207,O=C1NC(=O)c2cc(Oc3ccc(Cc4ccc(Oc5ccc6c(c5)C(=O)N(c5ccc(N(c7ccccc7)c7ccccc7)cc5)C6=O)cc4)cc3)ccc21,6
3208,O=C1NC(=O)c2cc(Oc3ccc(Cc4ccc(Oc5ccc6c(c5)C(=O)N(c5ccc(Oc7cccc(Oc8ccccc8)c7)cc5)C6=O)cc4)cc3)ccc21,6
3209,O=C1NC(=O)c2cc(Oc3ccc(Cc4ccc(Oc5ccc6c(c5)C(=O)N(c5ccc(Oc7ccccc7)cc5)C6=O)cc4)cc3)ccc21,8
3210,O=C1NC(=O)c2cc(Oc3ccc(Cc4ccc(Oc5ccc6c(c5)C(=O)N(c5ccc(Oc7ccccc7)cc5)C6=O)cc4)cc3)ccc21,8
3211,O=C1NC(=O)c2cc(Oc3ccc(Cc4ccc(Oc5ccc6c(c5)C(=O)N(c5ccc(Oc7ccc(Cc8ccc(Oc9ccccc9)cc8)cc7)cc5)C6=O)cc4)cc3)ccc21,5
3212,O=C1NC(=O)c2cc(Oc3ccc(Cc4ccc(Oc5ccc6c(c5)C(=O)N(c5ccc(Oc7ccc(S(=O)(=O)c8ccc(Oc9ccccc9)cc8)cc7)cc5)C6=O)cc4)cc3)ccc21,4
3213,O=C1NC(=O)c2cc(Oc3ccc(Cc4ccc(Oc5ccc6c(c5)C(=O)N(c5ccc(Oc7ccc(-c8ccc(Oc9ccccc9)cc8)cc7)cc5)C6=O)cc4)cc3)ccc21,6
3214,O=C1NC(=O)c2cc(Oc3ccc(Cc4ccc(Oc5ccc6c(c5)C(=O)N(c5ccc(Oc7ccc(-c8ccc(Oc9ccccc9)cc8)cc7)cc5)C6=O)cc4)cc3)ccc21,6
3215,O=C1NC(=O)c2cc(Oc3ccc(Cc4ccc(Oc5ccc6c(c5)C(=O)N(c5ccc(S(=O)(=O)c7ccccc7)cc5)C6=O)cc4)cc3)ccc21,6
3216,O=C1NC(=O)c2cc(Oc3ccc(C4(c5ccc(Oc6ccc7c(c6)C(=O)N(Oc6ccc(Cc8ccccc8)cc6)C7=O)cc5)CCCCC4)cc3)ccc21,6
3217,O=C1NC(=O)c2cc(Oc3ccc(C4(c5ccc(Oc6ccc7c(c6)C(=O)N(c6ccc(Oc8ccc(Oc9ccccc9)cc8)cc6)C7=O)cc5)CCCCC4)cc3)ccc21,8
3218,O=C1NC(=O)c2cc(Oc3ccc(C4(c5ccc(Oc6ccc7c(c6)C(=O)N(c6ccc(Oc8ccc(Cc9ccc(Oc%10ccccc%10)cc9)cc8)cc6)C7=O)cc5)CCCCC4)cc3)ccc21,5
3219,O=C1NC(=O)c2cc(Oc3ccc(C4(c5ccc(Oc6ccc7c(c6)C(=O)N(c6ccc(Oc8ccc(C9(c%10ccc(Oc%11ccccc%11)cc%10)CC%10CC9C9CCCC%109)cc8)cc6)C7=O)cc5)CCCCC4)cc3)ccc21,3
3220,O=C1NC(=O)c2cc(Oc3ccc(C4(c5ccc(Oc6ccc7c(c6)C(=O)N(c6ccc(Oc8ccc(C9(c%10ccc(Oc%11ccccc%11)cc%10)C%10CC%11CC(C%10)CC9C%11)cc8)cc6)C7=O)cc5)CCCCC4)cc3)ccc21,2
3221,O=C1NC(=O)c2cc(Oc3ccc(C4(c5ccc(Oc6ccc7c(c6)C(=O)N(c6ccc(Cc8ccccc8)cc6)C7=O)cc5)CCC(c5ccccc5)CC4)cc3)ccc21,6
3222,O=C1NC(=O)c2cc(Oc3ccc(C4(c5ccc(Oc6ccc7c(c6)C(=O)N(c6ccc(Oc8ccc(Oc9ccccc9)cc8)cc6)C7=O)cc5)CCC(c5ccccc5)CC4)cc3)ccc21,3
3223,O=C1NC(=O)c2cc(Oc3ccc(C4(c5ccc(Oc6ccc7c(c6)C(=O)N(c6ccc(Oc8ccc(C9(c%10ccc(Oc%11ccccc%11)cc%10)CC%10CC9C9CCCC%109)cc8)cc6)C7=O)cc5)CCC(c5ccccc5)CC4)cc3)ccc21,8
3224,O=C1NC(=O)c2cc(Oc3ccc(C4(c5ccc(Oc6ccc7c(c6)C(=O)N(c6ccc(Oc8ccc(C9(c%10ccc(Oc%11ccccc%11)cc%10)CC%10CCC9C%10)cc8)cc6)C7=O)cc5)CCC(c5ccccc5)CC4)cc3)ccc21,7
3225,O=C1NC(=O)c2cc(Oc3ccc(C4(c5ccc(Oc6ccc7c(c6)C(=O)N(c6ccc(Oc8ccc(C9(c%10ccc(Oc%11ccccc%11)cc%10)CCCCC9)cc8)cc6)C7=O)cc5)CCC(c5ccccc5)CC4)cc3)ccc21,6
3226,O=C1NC(=O)c2cc(Oc3ccc(C4(c5ccc(Oc6ccc7c(c6)C(=O)N(c6ccc(N(c8ccccc8)c8ccccc8)cc6)C7=O)cc5)CCCCC4)cc3)ccc21,2
3227,O=C1NC(=O)c2cc(Oc3ccc(C4(c5ccc(Oc6ccc7c(c6)C(=O)N(c6ccc(Cc8ccccc8)cc6)C7=O)cc5)CCCCCCCCCCC4)cc3)ccc21,7
3228,O=C1NC(=O)c2cc(Oc3ccc(C4(c5ccc(Oc6ccc7c(c6)C(=O)N(c6ccc(Oc8ccc(-c9ccc(Oc%10ccccc%10)cc9)cc8)cc6)C7=O)cc5)CCCCCCCCCCC4)cc3)ccc21,8
3229,O=C1NC(=O)c2cc(Oc3ccc(C4(c5ccc(Oc6ccc7c(c6)C(=O)N(c6ccc(Oc8ccc(C9(c%10ccc(Oc%11ccccc%11)cc%10)C%10CC%11CC(C%10)CC9C%11)cc8)cc6)C7=O)cc5)CCCCCCCCCCC4)cc3)ccc21,3
3230,O=C1NC(=O)c2cc(Oc3ccc(C4(c5ccc(Oc6ccc7c(c6)C(=O)N(c6ccc(Oc8ccc(C9(c%10ccc(Oc%11ccccc%11)cc%10)CC%10CCC9C%10)cc8)cc6)C7=O)cc5)CCCCCCCCCCC4)cc3)ccc21,4
3231,O=C1NC(=O)c2cc(Oc3ccc(C4(c5ccc(Oc6ccc7c(c6)C(=O)N(c6ccc(Oc8ccc(C9(c%10ccc(Oc%11ccccc%11)cc%10)CCCCC9)cc8)cc6)C7=O)cc5)CCCCCCCCCCC4)cc3)ccc21,5
3232,O=C1NC(=O)c2cc(Oc3ccc(C4(c5ccc(Oc6ccc7c(c6)C(=O)N(c6ccc(N(c8ccccc8)c8ccccc8)cc6)C7=O)cc5)c5ccccc5-c5ccccc54)cc3)ccc21,8
3233,O=C1NC(=O)c2cc(Oc3ccc(Oc4ccc5c(c4)C(=O)N(c4ccc(Cc6ccccc6)cc4)C5=O)cc3)ccc21,4
3234,O=C1NC(=O)c2cc(Oc3ccc(Oc4ccc5c(c4)C(=O)N(c4ccc(Cc6ccccc6)cc4)C5=O)cc3)ccc21,4
3235,O=C1NC(=O)c2cc(Oc3ccc(Oc4ccc5c(c4)C(=O)N(c4ccccc4)C5=O)cc3)ccc21,8
3236,O=C1NC(=O)c2cc(Oc3ccc(Oc4ccc5c(c4)C(=O)N(c4ccc(Cc6ccccc6)cc4)C5=O)cc3)ccc21,4
3237,O=C1NC(=O)c2cc(Oc3ccc(Oc4ccc5c(c4)C(=O)N(c4ccc(Cc6ccccc6)cc4)C5=O)cc3)ccc21,4
3238,O=C1NC(=O)c2cc(Oc3ccc(Oc4ccc5c(c4)C(=O)N(c4ccc(Cc6ccccc6)cc4)C5=O)cc3)ccc21,4
3239,O=C1NC(=O)c2cc(Oc3ccc(Oc4ccc5c(c4)C(=O)N(c4ccc(Cc6ccccc6)cc4)C5=O)cc3)ccc21,4
3240,O=C1NC(=O)c2cc(Oc3ccc(Oc4ccc5c(c4)C(=O)N(c4ccc(Oc6ccccc6)cc4)C5=O)cc3)ccc21,9
3241,O=C1NC(=O)c2cc(Oc3ccc(Oc4ccc5c(c4)C(=O)N(c4ccc(Oc6ccc(Oc7ccc(Oc8ccccc8)cc7)cc6)cc4)C5=O)cc3)ccc21,4
3242,O=C1NC(=O)c2cc(Oc3ccc(Oc4ccc5c(c4)C(=O)N(c4ccc(Oc6ccc(S(=O)(=O)c7ccc(Oc8ccccc8)cc7)cc6)cc4)C5=O)cc3)ccc21,3
3243,O=C1NC(=O)c2cc(Oc3ccc(Oc4ccc5c(c4)C(=O)N(c4ccc(S(=O)(=O)c6ccccc6)cc4)C5=O)cc3)ccc21,3
3244,O=C1NC(=O)c2cc(Oc3ccc(Oc4ccc5c(c4)C(=O)N(c4ccc(-c6ccccc6)cc4)C5=O)cc3)ccc21,3
3245,O=C1NC(=O)c2cc(Oc3ccc(Oc4ccc(Oc5ccc6c(c5)C(=O)N(c5ccccc5)C6=O)cc4)cc3)ccc21,4
3246,O=C1NC(=O)c2cc(Oc3ccc(Oc4ccc(Oc5ccc6c(c5)C(=O)N(c5ccc(Oc7ccccc7)cc5)C6=O)cc4)cc3)ccc21,5
3247,O=C1NC(=O)c2cc(Oc3ccc(Oc4ccc(Oc5ccc6c(c5)C(=O)N(c5ccc(Oc7ccc(Sc8ccc(Oc9ccccc9)cc8)cc7)cc5)C6=O)cc4)cc3)ccc21,5
3248,O=C1NC(=O)c2cc(Oc3ccc(Oc4ccc(Oc5ccc6c(c5)C(=O)N(c5ccc(Oc7ccc(-c8ccc(Oc9ccccc9)cc8)cc7)cc5)C6=O)cc4)cc3)ccc21,2
3249,O=C1NC(=O)c2cc(Oc3ccc(S(=O)(=O)c4ccc(Oc5ccc6c(c5)C(=O)N(c5ccccc5)C6=O)cc4)cc3)ccc21,6
3250,O=C1NC(=O)c2cc(Oc3ccc(S(=O)(=O)c4ccc(Oc5ccc6c(c5)C(=O)N(c5cccc(S(=O)(=O)c7ccccc7)c5)C6=O)cc4)cc3)ccc21,7
3251,O=C1NC(=O)c2cc(Oc3ccc(S(=O)(=O)c4ccc(Oc5ccc6c(c5)C(=O)N(c5ccc(Oc7cccc(Oc8ccccc8)c7)cc5)C6=O)cc4)cc3)ccc21,8
3252,O=C1NC(=O)c2cc(Oc3ccc(S(=O)(=O)c4ccc(Oc5ccc6c(c5)C(=O)N(c5ccc(Oc7ccccc7)cc5)C6=O)cc4)cc3)ccc21,9
3253,O=C1NC(=O)c2cc(Oc3ccc(Sc4ccc(Oc5ccc6c(c5)C(=O)N(c5cccc(Oc7cccc(Oc8ccccc8)c7)c5)C6=O)cc4)cc3)ccc21,2
3254,O=C1NC(=O)c2cc(Oc3ccc(Sc4ccc(Oc5ccc6c(c5)C(=O)N(c5ccc(Oc7cccc(Oc8ccccc8)c7)cc5)C6=O)cc4)cc3)ccc21,4
3255,O=C1NC(=O)c2cc(Oc3ccc(Sc4ccc(Oc5ccc6c(c5)C(=O)N(c5ccc(Oc7ccc(Oc8ccccc8)cc7)cc5)C6=O)cc4)cc3)ccc21,2
3256,O=C1NC(=O)c2cc(Oc3ccc(Sc4ccc(Oc5ccc6c(c5)C(=O)N(c5ccc(Oc7ccc(Sc8ccc(Oc9ccccc9)cc8)cc7)cc5)C6=O)cc4)cc3)ccc21,4
3257,O=C1NC(=O)c2cc(Oc3ccc(-c4ccc(Oc5ccc6c(c5)C(=O)N(c5cccc(Oc7cc(Oc8ccccc8)ccc7P(=O)(c7ccccc7)c7ccccc7)c5)C6=O)cc4)cc3)ccc21,3
3258,O=C1NC(=O)c2cc(Oc3ccc(-c4ccc(Oc5ccc6c(c5)C(=O)N(c5ccc(Oc7cccc(Oc8ccccc8)c7)cc5)C6=O)cc4)cc3)ccc21,4
3259,O=C1NC(=O)c2cc(Oc3ccc(-c4ccc(Oc5ccc6c(c5)C(=O)N(c5ccc(Oc7ccccc7)cc5)C6=O)cc4)cc3)ccc21,3
3260,O=C1NC(=O)c2cc(Oc3ccc(-c4ccc(Oc5ccc6c(c5)C(=O)N(c5ccc(Oc7ccc(Oc8ccccc8)cc7)cc5)C6=O)cc4)cc3)ccc21,4
3261,O=C1NC(=O)c2cc(Oc3ccc(-c4ccc(Oc5ccc6c(c5)C(=O)N(c5ccc(Oc7ccc(Oc8ccc(Oc9ccccc9)cc8)cc7)cc5)C6=O)cc4)cc3)ccc21,6
3262,O=C1NC(=O)c2cc(Oc3ccc(-c4ccc(Oc5ccc6c(c5)C(=O)N(c5ccc(Oc7ccc(Sc8ccc(Oc9ccccc9)cc8)cc7)cc5)C6=O)cc4)cc3)ccc21,5
3263,O=C1NC(=O)c2cc(Oc3ccc(-c4ccc(Oc5ccc6c(c5)C(=O)N(c5ccc(Oc7ccc(-c8ccc(Oc9ccccc9)cc8)cc7)cc5)C6=O)cc4)cc3)ccc21,6
3264,O=C1NC(=O)c2cc(P(=O)(c3ccccc3)c3ccc4c(c3)C(=O)N(c3ccccc3)C4=O)ccc21,4
3265,O=C1NC(=O)c2cc(P(=O)(c3ccccc3)c3ccc4c(c3)C(=O)N(c3ccccc3)C4=O)ccc21,4
3266,O=C1NC(=O)c2cc(P(=O)(c3ccccc3)c3ccc4c(c3)C(=O)N(c3ccccc3)C4=O)ccc21,4
3267,O=C1NC(=O)c2cc(P(=O)(c3ccccc3)c3ccc4c(c3)C(=O)N(c3ccc(Oc5ccccc5)cc3)C4=O)ccc21,7
3268,O=C1NC(=O)c2cc(S(=O)(=O)c3ccc4c(c3)C(=O)NC4=O)ccc21,4
3269,O=C1NC(=O)c2cc(S(=O)(=O)c3ccc4c(c3)C(=O)NC4=O)ccc21,4
3270,O=C(OCCCCCCN1C(=O)c2ccc(S(=O)(=O)c3ccc4c(c3)C(=O)NC4=O)cc2C1=O)c1cccc(OCCCCCCOc2ccc(N=Nc3ccccc3)cc2)c1,4
3271,O=C1NC(=O)c2cc(S(=O)(=O)c3ccc4c(c3)C(=O)N(c3ccccc3)C4=O)ccc21,7
3272,O=C1NC(=O)c2cc(S(=O)(=O)c3ccc4c(c3)C(=O)N(c3ccc(Oc5ccccc5)cc3)C4=O)ccc21,5
3273,O=C1NC(=O)c2cc(S(=O)(=O)c3ccc4c(c3)C(=O)N(c3ccc(Oc5ccccc5Oc5ccccc5)cc3)C4=O)ccc21,3
3274,O=C(Nc1ccc(OC(=O)c2ccccc2)cc1)c1cc(-c2ccccc2)cc(-c2cccc(N3C(=O)c4ccc(S(=O)(=O)c5ccc6c(c5)C(=O)NC6=O)cc4C3=O)c2)c1,6
3275,O=C1NC(=O)c2cc(S(=O)(=O)c3ccc4c(c3)C(=O)N(c3ccc(C(c5ccccc5)c5ccccc5)cc3)C4=O)ccc21,6
3276,O=C1NC(=O)c2cc(S(=O)(=O)c3ccc4c(c3)C(=O)N(c3ccc(N(c5ccccc5)c5ccccc5)cc3)C4=O)ccc21,8
3277,O=C1NC(=O)c2cc(S(=O)(=O)c3ccc4c(c3)C(=O)N(c3ccc(N(c5ccccc5)c5ccccc5)cc3)C4=O)ccc21,8
3278,O=C1NC(=O)c2cc(S(=O)(=O)c3ccc4c(c3)C(=O)N(c3ccc(N(c5ccccc5)c5ccccc5)cc3)C4=O)ccc21,8
3279,O=C1NC(=O)c2cc(S(=O)(=O)c3ccc4c(c3)C(=O)N(c3ccc(Oc5ccc(-c6ccccc6)cc5)cc3)C4=O)ccc21,7
3280,O=C1NC(=O)c2cc(S(=O)(=O)c3ccc4c(c3)C(=O)N(c3ccc(Oc5cccc6c(Oc7ccccc7)cccc56)cc3)C4=O)ccc21,2
3281,O=C1NC(=O)c2cc(S(=O)(=O)c3ccc4c(c3)C(=O)N(c3ccc(Oc5cc6ccccc6cc5Oc5ccccc5)cc3)C4=O)ccc21,5
3282,O=C1NC(=O)c2cc(S(=O)(=O)c3ccc4c(c3)C(=O)N(c3ccc(Oc5ccccc5)cc3)C4=O)ccc21,5
3283,O=C1NC(=O)c2cc(Sc3ccc4c(c3)C(=O)N(c3ccccc3)C4=O)ccc21,9
3284,O=C1NC(=O)c2cc(Sc3ccc4c(c3)C(=O)N(c3ccc(Cc5ccccc5)cc3)C4=O)ccc21,9
3285,O=C1NC(=O)c2cc(Sc3ccc4c(c3)C(=O)N(c3ccc(Oc5ccccc5)cc3)C4=O)ccc21,8
3286,O=C1NC(=O)c2cc(Sc3ccc(Sc4ccc(Sc5ccc6c(c5)C(=O)N(c5ccc(Sc7ccc(Sc8ccc(Sc9ccccc9)cc8)cc7)cc5)C6=O)cc4)cc3)ccc21,6
3287,O=C1NC(=O)c2cc(Sc3ccc(Sc4ccc(Sc5ccc6c(c5)C(=O)N(c5ccc(Sc7ccc(Sc8ccccc8)s7)cc5)C6=O)cc4)cc3)ccc21,7
3288,O=C1NC(=O)c2cc(Sc3ccc(Sc4ccc(Sc5ccc6c(c5)C(=O)N(c5ccc(Sc7ccc(Sc8ccc(Sc9ccc(Sc%10ccccc%10)s9)s8)s7)cc5)C6=O)cc4)cc3)ccc21,5
3289,O=C1NC(=O)c2cc([SiH2]O[SiH2]c3ccc4c(c3)C(=O)N(c3cccc(Cc5ccccc5)c3)C4=O)ccc21,7
3290,O=C1NC(=O)c2cc([SiH2]c3ccc4c(c3)C(=O)N(c3ccc(Cc5ccccc5)cc3)C4=O)ccc21,9
3291,O=C1NC(=O)c2cc([SiH2]c3ccc4c(c3)C(=O)N(c3ccc(Oc5ccc(S(=O)(=O)c6ccc(Oc7ccccc7)cc6)cc5)cc3)C4=O)ccc21,4
3292,O=C1NC(=O)c2cc([SiH2]c3ccc([SiH2]c4ccc5c(c4)C(=O)N(c4cccc(Cc6ccccc6)c4)C5=O)cc3)ccc21,8
3293,O=C1NC(=O)c2cc([SiH2]c3ccc(-c4ccc([SiH2]c5ccc6c(c5)C(=O)N(c5cccc(Cc7ccccc7)c5)C6=O)cc4)cc3)ccc21,9
3294,O=C1NC(=O)c2cc(-c3ccc4c(c3)C(=O)N(C3CCC(CC5CCCCC5)CC3)C4=O)ccc21,6
3295,O=C1NC(=O)c2cc(-c3ccc4c(c3)C(=O)N(C3CCCCC3)C4=O)ccc21,8
3296,O=C1NC(=O)c2cc(-c3ccc4c(c3)C(=O)N(C3CCC(CC5CCCCC5)CC3)C4=O)ccc21,6
3297,O=C1NC(=O)c2cc(-c3ccc4c(c3)C(=O)N(CC3CCCCC3)C4=O)ccc21,6
3298,O=C(CCCCCCCCCCN1C(=O)c2ccc(-c3ccc(-c4ccc5c(c4)C(=O)NC5=O)cc3)cc2C1=O)OCCCCCCN1C(=O)c2ccc(-c3ccc4c(c3)C(=O)NC4=O)cc2C1=O,5
3299,O=C1NC(=O)c2cc(-c3ccc4c(c3)C(=O)NC4=O)ccc21,2
3300,O=C(OCCCCCCN1C(=O)c2ccc(-c3ccc4c(c3)C(=O)NC4=O)cc2C1=O)c1cccc(OCCCCCCOc2ccc(N=Nc3ccccc3)cc2)c1,8
3301,O=C(CCCCCCCCCCN1C(=O)c2ccc(-c3ccc(-c4ccc5c(c4)C(=O)NC5=O)cc3)cc2C1=O)OCCCCCN1C(=O)c2ccc(-c3ccc4c(c3)C(=O)NC4=O)cc2C1=O,8
3302,O=C1NC(=O)c2cc(-c3ccc4c(c3)C(=O)NC4=O)ccc21,2
3303,O=C1NC(=O)c2cc(-c3ccc4c(c3)C(=O)N(Cc3ccc(Cc5ccco5)o3)C4=O)ccc21,4
3304,O=C1NC(=O)c2cc(-c3ccc4c(c3)C(=O)N(c3ccccc3)C4=O)ccc21,7
3305,O=C1NC(=O)c2cc(-c3ccc4c(c3)C(=O)N(c3ccc(Cc5ccccc5)cc3)C4=O)ccc21,3
3306,O=C1NC(=O)c2cc(-c3ccc4c(c3)C(=O)N(c3ccc(-c5ccccc5)cc3)C4=O)ccc21,5
3307,O=C1NC(=O)c2cc(-c3ccc4c(c3)C(=O)N(c3ccc(C(c5ccccc5)c5cccc6ccccc56)cc3)C4=O)ccc21,3
3308,O=C1NC(=O)c2cc(-c3ccc4c(c3)C(=O)N(c3ccc(C(c5ccccc5)c5ccccc5)cc3)C4=O)ccc21,2
3309,O=C1NC(=O)c2cc(-c3ccc4c(c3)C(=O)N(c3ccc(-c5ccccc5)cc3)C4=O)ccc21,5
3310,O=C1NC(=O)c2cc(-c3ccc4c(c3)C(=O)N(c3ccccc3)C4=O)ccc21,7
3311,O=C1NC(=O)c2cc(-c3ccc4c(c3)C(=O)N(c3ccc(Oc5ccccc5)cc3)C4=O)ccc21,4
3312,O=C1NC(=O)c2cc(-c3ccc4c(c3)C(=O)N(c3ccc(-c5ccccc5)cc3)C4=O)ccc21,5
3313,O=C1NC(=O)c2cc(-c3ccc4c(c3)C(=O)N(c3ccc(-c5ccccc5)cc3)C4=O)ccc21,5
3314,O=C1NC(=O)c2cc(-c3ccc4c(c3)C(=O)N(c3ccc(-c5ccccc5)cc3)C4=O)ccc21,5
3315,O=C1NC(=O)c2cc(-c3ccc4c(c3)C(=O)N(c3ccc(-c5ccccc5)cc3)C4=O)ccc21,5
3316,O=C1NC(=O)c2cc(-c3ccc4c(c3)C(=O)N(c3ccc(-c5ccccc5)cc3)C4=O)ccc21,5
3317,O=C1NC(=O)c2cc(-c3ccc4c(c3)C(=O)N(c3ccc(-c5ccccc5)cc3)C4=O)ccc21,5
3318,O=C1NC(=O)c2cc(-c3ccc4c(c3)C(=O)N(c3ccc(Oc5ccccc5)cc3)C4=O)ccc21,4
3319,O=C1NC(=O)c2cc(-c3ccc4c(c3)C(=O)N(c3ccc(Oc5ccc(-c6ccccc6)cc5)cc3)C4=O)ccc21,4
3320,O=C1NC(=O)c2cc(-c3ccc4c(c3)C(=O)N(c3ccccc3)C4=O)ccc21,7
3321,O=C1NC(=O)c2cc(-c3ccc4c(c3)C(=O)N(c3ccccc3)C4=O)ccc21,7
3322,O=C1NC(=O)c2cc(-c3ccc4c(c3)C(=O)N(c3ccccc3)C4=O)ccc21,7
3323,O=C1NC(=O)c2cc(-c3ccc4c(c3)C(=O)N(c3ccccc3)C4=O)ccc21,7
3324,O=C1NC(=O)c2cc(-c3ccc4c(c3)C(=O)N(c3ccccc3)C4=O)ccc21,7
3325,O=C1NC(=O)c2cc(-c3ccc4c(c3)C(=O)N(c3cccc(Oc5ccc(-c6ccc(Oc7ccccc7)cc6)cc5)c3)C4=O)ccc21,8
3326,O=C1NC(=O)c2cc(-c3ccc4c(c3)C(=O)N(c3ccccc3)C4=O)ccc21,7
3327,O=C(Nc1ccc(Oc2ccc(Cc3ccc(Oc4ccc(NC(=O)c5cccc(N6C(=O)c7ccc(-c8ccc9c(c8)C(=O)NC9=O)cc7C6=O)c5)cc4)cc3)cc2)cc1)c1ccccc1,2
3328,O=C(Nc1ccc(Oc2ccc(NC(=O)c3cccc(N4C(=O)c5ccc(-c6ccc7c(c6)C(=O)NC7=O)cc5C4=O)c3)cc2)cc1)c1ccccc1,5
3329,O=C(Nc1ccc(Oc2ccc(Oc3ccc(NC(=O)c4cccc(N5C(=O)c6ccc(-c7ccc8c(c7)C(=O)NC8=O)cc6C5=O)c4)cc3)cc2)cc1)c1ccccc1,4
3330,O=C(Nc1ccc(Oc2ccc(Oc3ccc(Oc4ccc(NC(=O)c5cccc(N6C(=O)c7ccc(-c8ccc9c(c8)C(=O)NC9=O)cc7C6=O)c5)cc4)cc3)cc2)cc1)c1ccccc1,2
3331,O=C1NC(=O)c2cc(-c3ccc4c(c3)C(=O)N(c3cccc(Cc5ccccc5)c3)C4=O)ccc21,9
3332,O=C1NC(=O)c2cc(-c3ccc4c(c3)C(=O)N(c3cccc(OCCCCCCCCCCOc5ccccc5)c3)C4=O)ccc21,7
3333,O=C1NC(=O)c2cc(-c3ccc4c(c3)C(=O)N(c3cccc(OCCCCCCCCCOc5ccccc5)c3)C4=O)ccc21,5
3334,O=C1NC(=O)c2cc(-c3ccc4c(c3)C(=O)N(c3cccc(OCCCCCCCCOc5ccccc5)c3)C4=O)ccc21,4
3335,O=C1NC(=O)c2cc(-c3ccc4c(c3)C(=O)N(c3cccc(OCCCCCCOc5ccccc5)c3)C4=O)ccc21,4
3336,O=C1NC(=O)c2cc(-c3ccc4c(c3)C(=O)N(c3cccc(OCCCOc5ccccc5)c3)C4=O)ccc21,3
3337,O=C1NC(=O)c2cc(-c3ccc4c(c3)C(=O)N(c3cccc(Oc5cc(Oc6ccccc6)ccc5P(=O)(c5ccccc5)c5ccccc5)c3)C4=O)ccc21,3
3338,O=C1NC(=O)c2cc(-c3ccc4c(c3)C(=O)N(c3cccc(Oc5cccc(Oc6ccccc6)c5)c3)C4=O)ccc21,6
3339,O=C1NC(=O)c2cc(-c3ccc4c(c3)C(=O)N(c3cccc(Oc5ccccc5)c3)C4=O)ccc21,8
3340,O=C1NC(=O)c2cc(-c3ccc4c(c3)C(=O)N(c3ccccc3)C4=O)ccc21,7
3341,O=C(Nc1cccc(Oc2ccc(S(=O)(=O)c3ccc(Oc4cccc(NC(=O)c5ccc(N6C(=O)c7ccc(-c8ccc9c(c8)C(=O)NC9=O)cc7C6=O)cc5)c4)cc3)cc2)c1)c1ccccc1,2
3342,O=C(Nc1cccc(S(=O)(=O)c2cccc(NC(=O)c3ccc(N4C(=O)c5ccc(-c6ccc7c(c6)C(=O)NC7=O)cc5C4=O)cc3)c2)c1)c1ccccc1,8
3343,O=C1NC(=O)c2cc(-c3ccc4c(c3)C(=O)N(c3ccc(Cc5ccccc5)cc3)C4=O)ccc21,3
3344,O=C1NC(=O)c2cc(-c3ccc4c(c3)C(=O)N(c3ccc(Cc5ccccc5)cc3)C4=O)ccc21,3
3345,O=C1NC(=O)c2cc(-c3ccc4c(c3)C(=O)N(c3ccc(N5C(=O)c6ccc(Cc7ccc8c(c7)C(=O)N(c7ccccc7)C8=O)cc6C5=O)cc3)C4=O)ccc21,4
3346,O=C1NC(=O)c2cc(-c3ccc4c(c3)C(=O)N(c3ccc(OCCCCCCCCCCOc5ccccc5)cc3)C4=O)ccc21,6
3347,O=C1NC(=O)c2cc(-c3ccc4c(c3)C(=O)N(c3ccc(Oc5cccc(Oc6ccccc6)c5)cc3)C4=O)ccc21,6
3348,O=C1NC(=O)c2cc(-c3ccc4c(c3)C(=O)N(c3ccc(Oc5ccccc5Oc5ccccc5)cc3)C4=O)ccc21,3
3349,O=C1NC(=O)c2cc(-c3ccc4c(c3)C(=O)N(c3ccc(Oc5ccc(Oc6ccccc6)cc5)cc3)C4=O)ccc21,9
3350,O=C1NC(=O)c2cc(-c3ccc4c(c3)C(=O)N(c3ccc(Oc5ccc(Oc6ccccc6)cc5)cc3)C4=O)ccc21,9
3351,O=C1NC(=O)c2cc(-c3ccc4c(c3)C(=O)N(c3ccc(Oc5ccc(Oc6ccccc6)cc5-c5ccccc5)cc3)C4=O)ccc21,2
3352,O=C1NC(=O)c2cc(-c3ccc4c(c3)C(=O)N(c3ccc(Oc5ccc(-c6ccccc6)cc5)cc3)C4=O)ccc21,4
3353,O=C1NC(=O)c2cc(-c3ccc4c(c3)C(=O)N(c3ccc(Oc5ccc(C(c6ccc(Oc7ccccc7)cc6)c6cccc7ccccc67)cc5)cc3)C4=O)ccc21,9
3354,O=C1NC(=O)c2cc(-c3ccc4c(c3)C(=O)N(c3ccc(Oc5cccc6c(Oc7ccccc7)cccc56)cc3)C4=O)ccc21,2
3355,O=C1NC(=O)c2cc(-c3ccc4c(c3)C(=O)N(c3ccc(Oc5cccc(Oc6ccccc6)c5)cc3)C4=O)ccc21,6
3356,O=C(c1ccc(Oc2ccccc2)cc1)c1ccc(C(=O)c2ccc(Oc3ccc(N4C(=O)c5ccc(-c6ccc7c(c6)C(=O)NC7=O)cc5C4=O)cc3)cc2)cc1,7
3357,O=C(c1ccc(Oc2ccccc2)cc1)c1ccc(Oc2ccc(N3C(=O)c4ccc(-c5ccc6c(c5)C(=O)NC6=O)cc4C3=O)cc2)cc1,5
3358,O=C1NC(=O)c2cc(-c3ccc4c(c3)C(=O)N(c3ccc(Oc5ccc(Cc6ccc(Oc7ccccc7)cc6)cc5)cc3)C4=O)ccc21,7
3359,O=C1NC(=O)c2cc(-c3ccc4c(c3)C(=O)N(c3ccc(Oc5ccc(Oc6ccccc6)cc5)cc3)C4=O)ccc21,9
3360,O=C1NC(=O)c2cc(-c3ccc4c(c3)C(=O)N(c3ccc(Oc5ccc(Oc6ccc(Oc7ccccc7)cc6)cc5)cc3)C4=O)ccc21,4
3361,O=C1NC(=O)c2cc(-c3ccc4c(c3)C(=O)N(c3ccc(S(=O)(=O)c5ccccc5)cc3)C4=O)ccc21,8
3362,O=C1NC(=O)c2cc(-c3ccc4c(c3)C(=O)N(c3ccc(Sc5ccc(Sc6ccc(Sc7ccccc7)cc6)cc5)cc3)C4=O)ccc21,4
3363,O=C(Nc1ccc(-c2ccccc2)cc1)c1cccc(C(=O)Nc2ccc(-c3ccc(N4C(=O)c5ccc(-c6ccc7c(c6)C(=O)NC7=O)cc5C4=O)cc3)cc2)c1,4
3364,O=C(c1ccc(-c2ccc3c(c2)C(=O)NC3=O)cc1)c1ccc2c(c1)C(=O)NC2=O,6
3365,O=C1NC(=O)c2cc(-c3ccc(-c4ccc5c(c4)C(=O)NC5=O)cc3)ccc21,2
3366,O=C1NC(=O)c2cc(-c3ccc(-c4ccc5c(c4)C(=O)NC5=O)cc3)ccc21,2
3367,O=C1NC(=O)c2cc(-c3ccc(-c4ccc5c(c4)C(=O)NC5=O)cc3)ccc21,2
3368,O=C1NC(=O)c2cc(-c3ccc(-c4ccc5c(c4)C(=O)NC5=O)cc3)ccc21,2
3369,O=C1NC(=O)c2cc(-c3ccc(-c4ccc5c(c4)C(=O)NC5=O)cc3)ccc21,2
3370,O=C(OCCCCCCN1C(=O)c2ccc(-c3ccc(-c4ccc5c(c4)C(=O)NC5=O)cc3)cc2C1=O)c1cccc(OCCCCCCOc2ccc(N=Nc3ccccc3)cc2)c1,6
3371,O=C1NC(=O)c2cc(-c3ccc(-c4ccc(-c5ccc(-c6ccc(-c7ccc8c(c7)C(=O)N(c7ccc(Cc9ccccc9)cc7)C8=O)cc6)cc5)cc4)cc3)ccc21,9
3372,O=C1NC(=O)c2cc3c(cc21)Cc1cc2c(cc1O3)C(=O)N(c1ccc(Cc3ccccc3)cc1)C2=O,7
3373,O=C1NC(=O)c2cc(N3C(=O)C4CCC(C5CCC6C(=O)NC(=O)C6C5)CC4C3=O)ccc21,2
3374,O=C1CC(=O)N(c2ccc(Oc3cccc(Oc4ccccc4)c3)cc2)C(=S)N1,8
3375,O=C1CC(=O)N(c2ccc(Oc3ccc4ccc(Oc5ccccc5)cc4c3)cc2)C(=S)N1,2
3376,O=C1CC(=O)N(c2ccc(Oc3ccc(Cc4ccc(Oc5ccccc5)cc4)cc3)cc2)C(=S)N1,7
3377,O=C1CC(=O)N(c2ccc(Oc3ccc(C4(c5ccc(Oc6ccccc6)cc5)c5ccccc5-c5ccccc54)cc3)cc2)C(=S)N1,3
3378,O=C1CC(=O)N(c2ccc(Oc3ccc(-c4ccc(Oc5ccccc5)cc4)cc3)cc2)C(=S)N1,4
3379,C1CNCCN1,5
3380,O=C(Nc1ccc(-c2ccccc2)cc1)N1CCNCC1,8
3381,C1CNCCN1,5
3382,C1CCCNCC1,9
3383,O=C1NCC=C1C1C(=O)C2=C(NC2)C1=O,7
3384,O=C(OC1CCNCC1)c1ccc(C=Cc2ccccc2)cc1,4
3385,O=C(CCC1c2ccccc2-c2ccccc21)N1CCNCC1,4
3386,C1CNCCN1,5
3387,O=C(OC1CC2CCCC(C1)O2)N1CCNCC1,2
3388,C1CNCCN1,5
3389,C1CNCCN1,5
3390,O=C(c1ccccc1)N1CCNCC1,9
3391,O=C(c1ccc(Cc2ccccc2)cc1)N1CCNCC1,9
3392,C1COCN1,6
3393,,0
3394,N=C1C=CCC=C1,8
3395,N=C1C=CCC=C1,8
3396,N=C1c2ccccc2C(=Nc2ccccc2)c2ccccc21,6
3397,C(=Nc1ccc2[nH]c3ccccc3c2c1)c1ccc(-c2cccs2)s1,7
3398,C(=Nc1cccs1)c1ccccc1,5
3399,c1ccc(N=NNc2ccccc2)cc1,9
3400,c1ccccc1,1
3401,c1ccc(-c2ccccc2)cc1,8
3402,O=C(NCCCCNC(=O)c1ccccc1)c1ccccc1,8
3403,O=C(CCC(=O)Nc1ccccc1)Nc1ccccc1,3
3404,O=C(c1ccc(Nc2ccccc2)cc1)c1ccc(C(=O)c2ccc(Nc3ccccc3)cc2)cc1,8
3405,O=C(c1ccc(Nc2ccccc2)cc1)c1ccc(Nc2ccccc2)cc1,7
3406,,0
3407,,0
3408,,0
3409,,0
3410,N=[PH](OCC=Cc1ccccc1)OCC=Cc1ccccc1,2
3411,,0
3412,,0
3413,,0
3414,,0
3415,,0
3416,,0
3417,,0
3418,,0
3419,,0
3420,N=[PH](OCCc1ccccc1)OCCc1ccccc1,5
3421,N=[PH](OCc1ccccc1)OCc1ccccc1,6
3422,N=[PH](OCc1ccc(-c2ccccc2)cc1)OCc1ccc(-c2ccccc2)cc1,3
3423,N=[PH](Oc1ccccc1)Oc1ccccc1,6
3424,N=[PH](Oc1ccccc1)Oc1ccccc1,6
3425,N=[PH](Oc1ccccc1)Oc1ccccc1,6
3426,N=[PH](Oc1ccc2ccccc2c1)Oc1ccc2ccccc2c1,3
3427,N=[PH](Oc1ccccc1)Oc1ccccc1,6
3428,N=[PH](Oc1ccccc1)Oc1ccccc1,6
3429,N=[PH](Oc1ccccc1)Oc1ccccc1,6
3430,N=C1C(=Nc2ccccc2)c2cccc3cccc1c23,3
3431,c1ccccc1,1
3432,,0
3433,c1ccccc1,1
3434,,0
3435,,0
3436,,0
3437,,0
3438,,0
3439,,0
3440,c1ccccc1,1
3441,,0
3442,,0
3443,,0
3444,,0
3445,c1ccccc1,1
3446,c1ccccc1,1
3447,c1ccccc1,1
3448,c1ccccc1,1
3449,c1ccccc1,1
3450,c1ccsc1,6
3451,c1ccsc1,6
3452,c1ccsc1,6
3453,c1ccsc1,6
3454,,0
3455,,0
3456,,0
3457,,0
3458,,0
3459,,0
3460,c1ccc(-c2ccccc2)cc1,8
3461,c1ccc(-c2cccs2)cc1,5
3462,c1ccccc1,1
3463,,0
3464,c1ccccc1,1
3465,c1ccc(-c2cccs2)cc1,5
3466,c1ncncn1,8
3467,,0
3468,,0
3469,,0
3470,c1ccccc1,1
3471,c1ccccc1,1
3472,c1ccccc1,1
3473,,0
3474,c1ccccc1,1
3475,O=C(CCC1c2ccccc2-c2ccccc21)NCCCC1c2ccccc2-c2ccccc21,3
3476,c1ccc2c(c1)Cc1ccccc1-2,7
3477,c1ccccc1,1
3478,,0
3479,,0
3480,,0
3481,,0
3482,C1CCCCC1,4
3483,,0
3484,,0
3485,,0
3486,,0
3487,c1ccccc1,1
3488,,0
3489,c1ccccc1,1
3490,c1ccccc1,1
3491,c1ccccc1,1
3492,,0
3493,,0
3494,,0
3495,,0
3496,,0
3497,,0
3498,C1=CCCCC1,5
3499,,0
3500,C1CCCCC1,4
3501,c1ccc2c(c1)Cc1ccccc1-2,7
3502,,0
3503,,0
3504,c1ccccc1,1
3505,c1ccccc1,1
3506,,0
3507,C1CCCCC1,4
3508,,0
3509,,0
3510,,0
3511,,0
3512,c1ccccc1,1
3513,,0
3514,c1ccccc1,1
3515,,0
3516,,0
3517,,0
3518,,0
3519,,0
3520,,0
3521,,0
3522,,0
3523,,0
3524,c1ccccc1,1
3525,c1ccccc1,1
3526,,0
3527,,0
3528,,0
3529,,0
3530,c1ccccc1,1
3531,,0
3532,,0
3533,,0
3534,c1ccccc1,1
3535,c1ccccc1,1
3536,,0
3537,c1ccccc1,1
3538,c1ccccc1,1
3539,c1ccccc1,1
3540,,0
3541,,0
3542,,0
3543,,0
3544,,0
3545,,0
3546,S=C(c1cccs1)c1ccc(-c2cccs2)s1,4
3547,S=C(c1cccs1)c1ccc(-c2cccs2)s1,4
3548,S=C(c1cccs1)c1ccc(-c2cccs2)s1,4
3549,,0
3550,c1ccsc1,6
3551,,0
3552,,0
3553,,0
3554,c1ccncc1,9
3555,c1ccccc1,1
3556,c1ccccc1,1
3557,,0
3558,,0
3559,,0
3560,,0
3561,,0
3562,,0
3563,c1ccccc1,1
3564,c1ccccc1,1
3565,c1ccsc1,6
3566,c1ccsc1,6
3567,c1ccsc1,6
3568,c1ccsc1,6
3569,,0
3570,,0
3571,,0
3572,,0
3573,,0
3574,c1ccccc1,1
3575,c1ccccc1,1
3576,c1ccsc1,6
3577,c1ccsc1,6
3578,c1ccsc1,6
3579,c1ccsc1,6
3580,c1ccccc1,1
3581,c1ccc(Sc2ccccc2)cc1,5
3582,c1ccc(Sc2ccccc2)cc1,5
3583,c1ccc(Oc2ccccc2)cc1,3
3584,c1ccc(Oc2ccc(-c3ccccc3)cc2)cc1,3
3585,c1ccc(Oc2ccccc2)cc1,3
3586,c1ccc(Oc2ccccc2)cc1,3
3587,c1ccc(Sc2ccccc2)cc1,5
3588,c1ccc(Oc2ccccc2)cc1,3
3589,c1ccc(Sc2ccccc2)cc1,5
3590,O=C(NCCCC1c2ccccc2-c2ccccc21)c1ccccc1-c1ccccc1,9
3591,c1ccc(-c2ccccc2)cc1,8
3592,O=C(NCc1ccccc1)c1ccccc1-c1ccccc1,5
3593,c1ccccc1,1
3594,c1ccccc1,1
3595,c1ccccc1,1
3596,O=C(CN1C(=O)c2ccccc2C1=O)Nc1ccccc1,8
3597,O=C(CN1C(=O)c2ccccc2C1=O)Nc1ccc(C(=O)Nc2ccccc2)cc1,6
3598,c1ccccc1,1
3599,c1ccccc1,1
3600,c1ccccc1,1
3601,O=C(NCCCC1c2ccccc2-c2ccccc21)c1ccccc1,3
3602,c1ccccc1,1
3603,O=C(NCc1ccccc1)c1ccccc1,4
3604,O=C(NCc1ccccc1)c1ccccc1,4
3605,c1ccc(-c2ccccc2)cc1,8
3606,c1ccc(-c2ccccc2)cc1,8
3607,c1ccc(-c2ccccc2)cc1,8
3608,c1ccc(-c2cccs2)cc1,5
3609,c1ccc(-c2cccs2)cc1,5
3610,c1ccc(-c2cccs2)cc1,5
3611,c1ccc(-c2cccs2)cc1,5
3612,c1ccc(-c2cccs2)cc1,5
3613,c1ccc(-c2cccs2)cc1,5
3614,c1ccsc1,6
3615,c1ccsc1,6
3616,c1ccsc1,6
3617,c1ccccc1,1
3618,c1ccccc1,1
3619,c1ccccc1,1
3620,c1ccsc1,6
3621,c1ccsc1,6
3622,S=C(Nc1cccs1)c1ccc(Nc2ccccc2)cc1,2
3623,S=C(Nc1cccs1)c1ccc(Nc2ccccc2)cc1,2
3624,S=C(Nc1cccs1)c1ccc(Nc2ccccc2)cc1,2
3625,c1ccccc1,1
3626,c1ccccc1,1
3627,c1ccsc1,6
3628,c1ccsc1,6
3629,c1ccsc1,6
3630,c1ccsc1,6
3631,c1ccccc1,1
3632,c1ccccc1,1
3633,c1ccccc1,1
3634,c1ccccc1,1
3635,c1ccccc1,1
3636,c1ccccc1,1
3637,c1ccccc1,1
3638,c1ccccc1,1
3639,c1ccccc1,1
3640,O=C(NCc1ccccc1)c1ccccc1,4
3641,c1ccc(Cc2ccccc2)cc1,2
3642,c1ccccc1,1
3643,c1ccccc1,1
3644,c1ccccc1,1
3645,,0
3646,,0
3647,,0
3648,,0
3649,c1ccsc1,6
3650,,0
3651,,0
3652,,0
3653,,0
3654,,0
3655,c1ccccc1,1
3656,,0
3657,,0
3658,,0
3659,,0
3660,c1ccccc1,1
3661,c1ccccc1,1
3662,c1ccc(Cc2ccccc2)cc1,2
3663,c1ccc(Cc2ccccc2)cc1,2
3664,S=C(Nc1ccccc1)Nc1ccc(Cc2ccccc2)cc1,3
3665,S=C(Nc1ccccc1)Nc1ccc(Cc2ccccc2)cc1,3
3666,S=C(Nc1ccccc1)Nc1ccc(Oc2ccccc2)cc1,4
3667,S=C(Nc1ccccc1)Nc1ccc(Oc2ccccc2)cc1,4
3668,,0
3669,,0
3670,,0
3671,c1ccsc1,6
3672,c1ccsc1,6
3673,c1ccccc1,1
3674,c1ccccc1,1
3675,c1ccccc1,1
3676,c1ccccc1,1
3677,c1ccccc1,1
3678,c1ccsc1,6
3679,c1ccsc1,6
3680,c1ccsc1,6
3681,c1ccccc1,1
3682,,0
3683,c1ccc(CCc2c[nH]cn2)cc1,7
3684,c1ccc(N(c2ccccc2)c2ccccc2)cc1,6
3685,,0
3686,,0
3687,,0
3688,,0
3689,,0
3690,c1ccccc1,1
3691,c1ccccc1,1
3692,c1ccccc1,1
3693,,0
3694,,0
3695,,0
3696,,0
3697,,0
3698,,0
3699,,0
3700,,0
3701,,0
3702,,0
3703,,0
3704,,0
3705,C1CC1,2
3706,,0
3707,,0
3708,c1ccccc1,1
3709,O=C(c1ccccc1)c1cccs1,8
3710,S=C(c1ccccc1)c1ccccc1,4
3711,c1ccc(-c2ccccc2)cc1,8
3712,c1ccc(-c2ccc(-c3ccccc3)cc2)cc1,9
3713,c1ccc(-c2ccc(-c3cccs3)cc2)cc1,7
3714,c1ccc(-c2ccccc2)cc1,8
3715,c1ccc(-c2cccs2)cc1,5
3716,c1ccc(-c2ccc(-c3cccs3)s2)cc1,7
3717,c1ccc(Nc2cccs2)cc1,7
3718,c1ccccc1,1
3719,c1ccc(Oc2ccccc2)cc1,3
3720,c1ccc(Oc2cccs2)cc1,9
3721,,0
3722,,0
3723,,0
3724,,0
3725,,0
3726,c1ccccc1,1
3727,,0
3728,,0
3729,c1ccccc1,1
3730,,0
3731,,0
3732,,0
3733,,0
3734,,0
3735,,0
3736,,0
3737,,0
3738,c1ccccc1,1
3739,,0
3740,,0
3741,,0
3742,,0
3743,c1ccccc1,1
3744,c1ccccc1,1
3745,c1ccccc1,1
3746,c1ccccc1,1
3747,c1ccc2[nH]ccc2c1,2
3748,c1ccccc1,1
3749,c1ccccc1,1
3750,,0
3751,,0
3752,,0
3753,,0
3754,,0
3755,c1ccsc1,6
3756,c1csc(-c2ccc(-c3cccs3)cc2)c1,2
3757,c1csc(-c2cccs2)c1,3
3758,c1csc(-c2cccs2)c1,3
3759,c1ccsc1,6
3760,c1csc(Nc2cccs2)c1,2
3761,C1CCCCC1,4
3762,C1CCCCC1,4
3763,O=C1NCOCOC1C1CCOC1,2
3764,O=C(CN1C(=O)c2ccccc2C1=O)Nc1cccc(C(=O)NCC2CCCCC2)c1,6
3765,C1CCCCC1,4
3766,C1CCC(CC2CCCCC2)CC1,3
3767,C1CCC(CC2CCCCC2)CC1,3
3768,C1CCC(CC2CCCCC2)CC1,3
3769,C1CCC(CC2CCCCC2)CC1,3
3770,C1CCC(CCC2CCCCC2)CC1,5
3771,C1CCC(CC2CCCCC2)CC1,3
3772,C1CCC(CCC2CCCCC2)CC1,5
3773,C1CCCC1,7
3774,C1CCCC1,7
3775,C1COC(CCN2NCO2)C1,9
3776,,0
3777,,0
3778,,0
3779,,0
3780,,0
3781,,0
3782,,0
3783,,0
3784,,0
3785,,0
3786,,0
3787,,0
3788,,0
3789,,0
3790,,0
3791,C1CCCCC1,4
3792,,0
3793,,0
3794,,0
3795,,0
3796,,0
3797,c1ccccc1,1
3798,c1ccccc1,1
3799,O=C(NCCCCCCNC(=O)c1ccccc1)c1ccccc1,7
3800,O=C1C(=Cc2cccc(NC(=O)c3ccccc3)c2)CCCC1=Cc1cccc(NC(=O)c2ccccc2)c1,9
3801,O=C(NNC(=O)c1cccc2ccccc12)c1ccc([Si](c2ccccc2)(c2ccccc2)c2ccccc2)cc1,7
3802,O=C(Nc1ccccc1)c1ccc2c(c1)C(=O)N(c1ccccn1)C2=O,2
3803,O=C(NNC(=O)c1cccc(NC(=O)c2ccc3c(c2)C(=O)N(c2ccccn2)C3=O)c1)c1ccccc1,6
3804,O=C(Nc1ccccc1)c1ccc2c(c1)C(=O)N(c1ccccn1)C2=O,2
3805,O=C(Nc1ccccc1)c1ccc2c(c1)C(=O)N(c1ccccn1)C2=O,2
3806,O=C(Nc1ccccc1)c1ccc2c(c1)C(=O)N(c1ccccn1)C2=O,2
3807,O=C(NNC(=O)c1cccc(NC(=O)c2ccc3c(c2)C(=O)N(c2ccccn2)C3=O)c1)c1ccccc1,6
3808,c1ccccc1,1
3809,c1ccccc1,1
3810,c1ccccc1,1
3811,c1ccc([Si](c2ccccc2)(c2ccccc2)c2ccccc2)cc1,9
3812,c1ccccc1,1
3813,c1ccccc1,1
3814,c1ccccc1,1
3815,c1ccccc1,1
3816,,0
3817,,0
3818,,0
3819,,0
3820,,0
3821,,0
3822,,0
3823,,0
3824,,0
3825,,0
3826,,0
3827,,0
3828,,0
3829,,0
3830,c1ccccc1,1
3831,c1ccccc1,1
3832,c1ccccc1,1
3833,c1ccncc1,9
3834,c1ccccc1,1
3835,c1ccccc1,1
3836,O=C(Nc1ccc(C(=O)c2ccccc2)cc1)c1ccccc1,3
3837,c1ccccc1,1
3838,c1ccccc1,1
3839,O=C1c2ccc(-c3ccc4cc(-c5ccccc5)ccc4c3)cc2C(=O)N1c1ccccc1,7
3840,c1ccccc1,1
3841,c1ccccc1,1
3842,O=C(Nc1ccc(C(=O)c2ccccc2)cc1)c1ccccc1,3
3843,C(=Cc1ccccc1)c1ccccc1,9
3844,C(=Cc1ccccc1)c1ccccc1,9
3845,C(=Cc1ccccc1)c1ccccc1,9
3846,c1ccccc1,1
3847,c1ccc(OCCCCCCCCCCOc2ccc(C3CCCCC3)cc2)cc1,7
3848,O=C(Nc1ccc(-c2ccccc2)cc1)c1ccccc1,9
3849,O=C(Nc1ccc(-c2ccccc2)cc1)c1ccccc1,9
3850,O=C(CCCCCCCCC(=O)Nc1ccc(C(=O)Nc2ccccc2)cc1)Nc1ccccc1,3
3851,O=C(CCCCCCCCC(=O)Nc1ccc(C(=O)Nc2ccccc2)cc1)Nc1ccccc1,3
3852,O=C(CCCCCCCCC(=O)Nc1ccc(C(=O)Nc2ccccc2)cc1)Nc1ccccc1,3
3853,O=C(CCCCCCCCC(=O)Nc1ccc(C(=O)Nc2ccccc2)cc1)Nc1ccccc1,3
3854,O=C(CCCCCCCCCCC(=O)Nc1ccc(C(=O)Nc2ccccc2)cc1)Nc1ccccc1,9
3855,O=C(CCCCCCCCCCC(=O)Nc1ccc(C(=O)Nc2ccccc2)cc1)Nc1ccccc1,9
3856,O=C(CCCCCCCCCCC(=O)Nc1ccc(C(=O)Nc2ccccc2)cc1)Nc1ccccc1,9
3857,O=C(CCCCCCCCCCCCC(=O)Nc1ccc(C(=O)Nc2ccccc2)cc1)Nc1ccccc1,3
3858,O=C(CCCCCCCCCCCCC(=O)Nc1ccc(C(=O)Nc2ccccc2)cc1)Nc1ccccc1,3
3859,O=C(Nc1ccc(-c2ccccc2)cc1)c1ccccc1,9
3860,O=C(Nc1ccc(-c2ccccc2)cc1)c1ccccc1,9
3861,c1ccccc1,1
3862,O=C(Nc1ccccc1)Nc1ccc(CCc2ccccc2)cc1,7
3863,O=C(CN1C(=O)c2ccccc2C1=O)Nc1cccc(C(=O)Nc2ccccc2)c1,9
3864,c1ccc(CCc2ccccc2)cc1,8
3865,c1ccc(CCc2ccccc2)cc1,8
3866,O=C(Nc1ccc(-c2ccccc2)cc1)c1ccccc1,9
3867,O=C(Nc1cccc(C(=O)Nc2cccc3c2C(=O)c2ccccc2C3=O)c1)Nc1cccc2ccccc12,8
3868,O=C(Nc1cccc(C(=O)Nc2ccc3c(c2)C(=O)c2ccccc2C3=O)c1)Nc1cccc2ccccc12,6
3869,O=C(CN1C(=O)c2ccccc2C1=O)Nc1cccc(C(=O)Nc2cccc3ccccc23)c1,2
3870,O=C(Nc1cccc2ccccc12)c1ccccc1,4
3871,c1ccc2ccccc2c1,9
3872,c1ccccc1,1
3873,c1ccccc1,1
3874,c1ccccc1,1
3875,c1ccccc1,1
3876,O=C(Nc1cccc(Cc2ccccc2)c1)c1ccccc1,4
3877,O=C(Nc1cccc(Cc2ccccc2)c1)c1ccc2ccccc2c1,8
3878,c1ccccc1,1
3879,c1ccccc1,1
3880,O=C(C=Cc1ccc(OCCOC(=O)c2cccc(NC(=O)c3ccc(-c4ccccc4)cc3)c2)cc1)c1ccccc1,4
3881,O=C(C=Cc1ccc(OCCOC(=O)c2cccc(NC(=O)c3ccccc3)c2)cc1)c1ccccc1,2
3882,O=C(C=Cc1ccc(OCCOC(=O)c2cccc(NC(=O)c3ccc4ccccc4c3)c2)cc1)c1ccccc1,8
3883,O=C(Nc1ccccc1)c1ccccc1,2
3884,c1ccccc1,1
3885,c1ccccc1,1
3886,O=C(Nc1cccc(C(=O)Nc2cccc3c2C(=O)c2ccccc2C3=O)c1)NC1CCC(CC2CCCCC2)CC1,9
3887,O=C(Nc1ccc(Cc2ccccc2)cc1)Nc1cccc(C(=O)Nc2cccc3c2C(=O)c2ccccc2C3=O)c1,7
3888,O=C(Nc1ccccc1)Nc1cccc(C(=O)Nc2cccc3c2C(=O)c2ccccc2C3=O)c1,5
3889,O=C(Nc1cccc(C(=O)Nc2ccc3c(c2)C(=O)c2ccccc2C3=O)c1)NC1CCC(CC2CCCCC2)CC1,6
3890,O=C(Nc1ccc(Cc2ccccc2)cc1)Nc1cccc(C(=O)Nc2ccc3c(c2)C(=O)c2ccccc2C3=O)c1,8
3891,O=C(Nc1ccccc1)Nc1cccc(C(=O)Nc2ccc3c(c2)C(=O)c2ccccc2C3=O)c1,5
3892,O=C(Nc1cccc(C(=O)OC(c2ccccc2)c2ccccc2)c1)c1ccccc1,6
3893,O=C(Nc1ccccc1)c1cccc(OCCNc2ccccc2)c1,6
3894,O=C(Nc1cccc(C(=O)OC2CCCCC2)c1)c1cccc(OCCNc2ccccc2)c1,2
3895,O=C(Nc1cccc(C(=O)OCCCNc2ccc(N=Nc3ccccc3)cc2)c1)c1cccc(OCCCNc2ccc(N=Nc3ccccc3)cc2)c1,3
3896,O=C(Nc1cccc(C(=O)OCCCNc2ccc(N=Nc3ccccc3)cc2)c1)c1cccc(OCCCS(=O)(=O)c2ccc(N=Nc3ccccc3)cc2)c1,7
3897,O=C(Nc1cccc(C(=O)OCCNc2ccccc2)c1)c1cccc(OCCNc2ccccc2)c1,9
3898,O=C(Nc1cccc(C(=O)OCCNc2ccccc2)c1)c1cccc(OCCNc2ccccc2)c1,9
3899,O=C(C=Cc1ccccc1)OCCOC(=O)c1cccc(NC(=O)c2ccccc2)c1,7
3900,O=C(C=Cc1ccc(OCCOC(=O)c2cccc(NC(=O)c3ccccc3)c2)cc1)c1ccccc1,2
3901,O=C(C=Cc1ccc(OCCOC(=O)c2cccc(NC(=O)c3ccc(-c4ccccc4)cc3)c2)cc1)c1ccccc1,4
3902,O=C(Nc1cccc(C(=O)Oc2ccc(Oc3ccccc3)cc2)c1)c1ccccc1,7
3903,O=C(Nc1cccc(C(=O)Oc2ccc(-c3ccccc3)cc2)c1)c1ccccc1,5
3904,O=C(Nc1cccc(C(=O)Oc2ccccc2)c1)c1ccccc1,3
3905,O=C(Nc1cccc(-c2nc3ccccc3oc2=O)c1)c1ccccc1,5
3906,O=C(Nc1cccc(-c2nc3ccccc3[nH]2)c1)c1ccccc1,5
3907,c1ccc(-c2nnc(-c3ccccn3)o2)cc1,9
3908,O=C(Nc1cccc(-c2nnc(-c3ccccn3)o2)c1)c1ccccc1,3
3909,O=C(Nc1cccc(-c2nnc(-c3ccccn3)o2)c1)c1ccccc1,3
3910,O=C(Nc1ccc(C(=O)c2ccccc2)cc1)c1cccc(C(=O)c2ccccc2)c1,3
3911,O=C(Nc1ccc(C=Cc2ccccc2)cc1)c1ccccc1,4
3912,O=C(Nc1ccc(CCc2ccccc2)cc1)c1ccccc1,8
3913,c1ccccc1,1
3914,O=C(CCCCC(=O)Nc1cccc(NC(=S)NC(=O)c2ccccc2)c1)Nc1ccccc1,9
3915,O=C(CCCCC(=O)Nc1ccccc1)Nc1ccccc1,9
3916,O=C(CCCCCCCCC(=O)Nc1ccccc1)Nc1ccccc1,3
3917,O=C(Cc1ccccc1)Nc1ccccc1,7
3918,O=C(Nc1ccccc1)Nc1ccc(Cc2ccccc2)cc1,3
3919,O=C(Nc1cccc(C(=O)Nc2ccccc2)c1)c1ccccc1,7
3920,O=C(Nc1cccc(C(=O)Nc2ccccc2)c1)c1ccncc1,8
3921,O=C(Nc1ccccc1)c1cccc(S(=O)(=O)c2ccccc2)c1,3
3922,O=C(Nc1ccccc1)c1cccc(C(=O)Nc2ccccc2)c1,6
3923,O=C(NC(=S)Nc1cccc(NC(=O)c2cccc(C(=O)Nc3ccccc3)c2)c1)c1ccccc1,6
3924,O=C(Nc1ccccc1)c1cccc(C(=O)Nc2ccccc2)c1,6
3925,O=C(NC(=S)Nc1cccc(NC(=O)c2ccc(C(=O)Nc3ccccc3)cc2)c1)c1ccccc1,4
3926,c1ccccc1,1
3927,c1ccccc1,1
3928,c1ccccc1,1
3929,c1ccccc1,1
3930,c1ccccc1,1
3931,c1ccccc1,1
3932,c1ccccc1,1
3933,c1ccccc1,1
3934,c1ccccc1,1
3935,c1ccccc1,1
3936,c1ccccc1,1
3937,c1ccncc1,9
3938,c1ccc(-c2ccccc2)cc1,8
3939,c1ccc(-c2ccc(-c3ccccc3)cc2)cc1,9
3940,c1ccc(-c2ccc(-c3ccccc3)cc2)cc1,9
3941,c1ccc(-c2ccc(-c3ccccc3)cc2)cc1,9
3942,c1ccc(-c2ccc(-c3ccccc3)cc2)cc1,9
3943,c1ccc(-c2ccc(-c3ccccc3)s2)cc1,7
3944,c1ccc(-c2ccc(-c3ccccc3)s2)cc1,7
3945,c1ccc(-c2ccc(-c3cccs3)cc2)cc1,7
3946,c1ccc(-c2ccc(-c3cccs3)cc2)cc1,7
3947,c1csc(-c2ccc(-c3cccs3)cc2)c1,2
3948,c1csc(-c2ccc(-c3cccs3)cc2)c1,2
3949,c1csc(-c2ccc(-c3cccs3)cc2)c1,2
3950,c1ccc(-c2ccc(-c3cccs3)s2)cc1,7
3951,c1ccc(-c2ccc(-c3cccs3)s2)cc1,7
3952,c1csc(-c2ccc(-c3cccs3)s2)c1,9
3953,c1csc(-c2ccc(-c3cccs3)s2)c1,9
3954,c1csc(-c2ccc(-c3cccs3)s2)c1,9
3955,c1csc(-c2ccc(-c3cccs3)s2)c1,9
3956,c1csc(-c2cccs2)c1,3
3957,c1csc(-c2cccs2)c1,3
3958,c1ccc(-c2ccccc2)cc1,8
3959,c1ccc(-c2ccccc2)cc1,8
3960,c1ccc(-c2ccccc2)cc1,8
3961,c1ccc(-c2ccccc2)cc1,8
3962,c1ccc(-c2cccs2)cc1,5
3963,c1ccc(-c2cccs2)cc1,5
3964,c1ccc(-c2cccs2)cc1,5
3965,c1ccc(-c2cccs2)cc1,5
3966,c1ccc(-c2cccs2)cc1,5
3967,c1ccc(-c2cccs2)cc1,5
3968,c1ccc(-c2cccs2)cc1,5
3969,c1csc(-c2cccs2)c1,3
3970,c1csc(-c2cccs2)c1,3
3971,S=C(c1ccc(-c2cccs2)s1)c1ccc(-c2ccc(Nc3ccccc3)s2)s1,7
3972,S=C(c1ccc(-c2cccs2)s1)c1ccc(-c2ccc(Nc3ccccc3)s2)s1,7
3973,C=C(Nc1ccc(-c2ccccc2)cc1)c1ccc(-c2ccccc2)cc1,4
3974,c1ccc(-c2ccccc2)cc1,8
3975,O=C(Nc1ccc(-c2ccccc2)cc1)c1cccc(S(=O)(=O)c2ccccc2)c1,7
3976,O=C(Nc1ccc(-c2ccccc2)cc1)c1ccccc1,9
3977,O=C(Nc1cccc(C(=O)Nc2ccc(-c3ccccc3)cc2)c1)c1ccncc1,4
3978,O=C(Nc1ccc(-c2ccccc2)cc1)c1ccccc1,9
3979,O=C(Nc1ccc(-c2ccccc2)cc1)c1ccccc1,9
3980,O=C1C=CC(=O)C(Nc2ccc(-c3ccccc3)cc2)=C1,8
3981,c1ccc(-c2ccc(Nc3ccc4[nH]c5ccccc5c4c3)cc2)cc1,8
3982,c1ccc(-c2ccccc2)cc1,8
3983,O=C(Nc1ccc(-c2ccccc2)cc1)c1ccccc1,9
3984,O=C(Nc1ccc(-c2ccccc2)cc1)c1ccccc1,9
3985,C(#Cc1ccccc1)c1ccccc1,5
3986,c1ccccc1,1
3987,c1ccccc1,1
3988,c1ccccc1,1
3989,c1ccccc1,1
3990,c1ccccc1,1
3991,c1ccccc1,1
3992,c1ccccc1,1
3993,c1ccsc1,6
3994,c1ccsc1,6
3995,O=C(c1ccccc1)c1cccs1,8
3996,O=C(c1ccccc1)c1cccs1,8
3997,O=C(c1ccccc1)c1cccs1,8
3998,O=C(c1cccs1)c1cccs1,3
3999,O=C(c1cccs1)c1cccs1,3
4000,O=C(c1cccs1)c1cccs1,3
4001,O=C(c1cccs1)c1cccs1,3
4002,O=C(c1cccs1)c1cccs1,3
4003,O=C(Nc1ccc(C(=O)c2ccccc2)cc1)c1ccccc1,3
4004,S=C(c1ccccc1)c1ccccc1,4
4005,S=C(c1ccccc1)c1ccccc1,4
4006,S=C(c1ccccc1)c1ccccc1,4
4007,S=C(c1ccccc1)c1ccccc1,4
4008,S=C(c1ccccc1)c1cccs1,2
4009,S=C(c1ccccc1)c1cccs1,2
4010,S=C(c1ccccc1)c1cccs1,2
4011,S=C(c1cccs1)c1cccs1,4
4012,S=C(c1cccs1)c1cccs1,4
4013,O=C(Nc1ccc(Cc2ccccc2)cc1)c1cccc(N2C(=O)C3C4CCC(C4)C3C2=O)c1,2
4014,C=C(Nc1ccc(C=Cc2ccccc2)cc1)c1ccccc1,6
4015,c1ccccc1,1
4016,O=C(Nc1ccc(Cc2ccccc2)cc1)c1cccc(N2C(=O)C3C4CCC(C4)C3C2=O)c1,2
4017,O=C(Nc1ccc(Cc2ccccc2)cc1)c1cccc(N2C(=O)C=CC2=O)c1,3
4018,O=C(Nc1cccc(C(=O)Nc2ccc(Cc3ccccc3)cc2)c1)c1ccncc1,9
4019,O=C(Nc1ccc(Cc2ccccc2)cc1)c1ccc(P(=O)(c2ccccc2)c2ccccc2)cc1,7
4020,c1ccsc1,6
4021,c1ccsc1,6
4022,c1ccsc1,6
4023,c1ccsc1,6
4024,c1ccccc1,1
4025,O=C(C=Cc1ccccc1)Nc1ccccc1,8
4026,c1ccccc1,1
4027,c1ccccc1,1
4028,c1ccccc1,1
4029,c1ccccc1,1
4030,c1ccccc1,1
4031,c1ccsc1,6
4032,c1ccsc1,6
4033,c1ccsc1,6
4034,c1ccsc1,6
4035,c1ccsc1,6
4036,c1ccsc1,6
4037,O=C(CN1C(=O)c2ccccc2C1=O)Nc1ccc(C(=O)Nc2cccc(C(=O)Nc3ccccc3)c2)cc1,9
4038,O=C(Nc1cccc(C(=O)Nc2ccccc2)c1)c1ccccc1,7
4039,O=C(Nc1ccccc1)c1ccc(C(=O)c2ccccc2)cc1,5
4040,O=C(Nc1ccccc1)c1ccc(NC(=O)c2cccc(NC(=O)C34CC5CC(CC(C5)C3)C4)c2)cc1,5
4041,O=C(Nc1ccccc1)c1ccccc1,2
4042,O=C(NC(=S)Nc1ccccc1)c1ccccc1,7
4043,O=C(NC(=S)Nc1ccccc1)c1ccccc1,7
4044,c1ccccc1,1
4045,c1ccccc1,1
4046,c1ccc(Nc2ccccc2)cc1,9
4047,c1ccc(Nc2cccs2)cc1,7
4048,c1ccc(Nc2cccs2)cc1,7
4049,c1ccc(Nc2cccs2)cc1,7
4050,c1csc(Nc2cccs2)c1,2
4051,c1csc(Nc2cccs2)c1,2
4052,c1ccccc1,1
4053,c1ccccc1,1
4054,c1ccccc1,1
4055,c1ccccc1,1
4056,c1ccsc1,6
4057,c1ccsc1,6
4058,c1ccc(Oc2ccccc2)cc1,3
4059,c1ccc(Oc2ccccc2)cc1,3
4060,c1ccc(Oc2ccccc2)cc1,3
4061,c1ccc(Oc2ccccc2)cc1,3
4062,c1ccc(Oc2ccccc2)cc1,3
4063,c1ccc(Oc2cccs2)cc1,9
4064,c1ccc(Oc2cccs2)cc1,9
4065,c1csc(Oc2cccs2)c1,2
4066,c1csc(Oc2cccs2)c1,2
4067,c1csc(Oc2cccs2)c1,2
4068,O=C(Nc1ccc(C(=O)c2ccccc2)cc1)c1ccccc1,3
4069,O=C(Nc1ccc(C(=O)c2ccccc2)cc1)c1ccccc1,3
4070,O=C(Nc1ccc(Cc2ccccc2)cc1)c1ccccc1,8
4071,O=C(Nc1ccc(C(c2ccccc2)(P2(=O)Oc3ccccc3-c3ccccc32)P2(=O)Oc3ccccc3-c3ccccc32)cc1)c1ccccc1,9
4072,O=C(Nc1ccc(Cc2ccccc2)cc1)c1cccc(N2C(=O)C3C4CCC(C4)C3C2=O)c1,2
4073,O=C(Nc1ccc(Cc2ccccc2)cc1)c1cccc(NC(=O)C23CC4CC(CC(C4)C2)C3)c1,7
4074,O=C(CCCCCN1C(=O)c2ccccc2C1=O)Nc1cccc(C(=O)Nc2ccc(Cc3ccccc3)cc2)c1,3
4075,O=C(CCCN1C(=O)c2ccccc2C1=O)Nc1cccc(C(=O)Nc2ccc(Cc3ccccc3)cc2)c1,8
4076,O=C(Nc1ccc(Cc2ccccc2)cc1)c1cccc(S(=O)(=O)c2ccccc2)c1,5
4077,O=C(Nc1ccc(Cc2ccccc2)cc1)c1ccccc1,8
4078,O=C(Nc1ccc(C(c2ccccc2)(P2(=O)Oc3ccccc3-c3ccccc32)P2(=O)Oc3ccccc3-c3ccccc32)cc1)c1ccccc1,9
4079,O=C(Nc1ccc(C(c2ccccc2)(P2(=O)Oc3ccccc3-c3ccccc32)P2(=O)Oc3ccccc3-c3ccccc32)cc1)c1ccc2ccccc2c1,9
4080,O=C(Nc1ccc(C(c2ccccc2)(P2(=O)Oc3ccccc3-c3ccccc32)P2(=O)Oc3ccccc3-c3ccccc32)cc1)c1ccccc1,9
4081,O=C(Nc1ccc(C(c2ccccc2)(P2(=O)Oc3ccccc3-c3ccccc32)P2(=O)Oc3ccccc3-c3ccccc32)cc1)c1ccc(Cc2ccccc2)cc1,9
4082,O=C(Nc1ccc(C(c2ccccc2)(P2(=O)Oc3ccccc3-c3ccccc32)P2(=O)Oc3ccccc3-c3ccccc32)cc1)c1ccc(-c2ccccc2)cc1,8
4083,O=C(Nc1ccc(C2(c3ccccc3)c3ccccc3-c3ccccc32)cc1)c1ccccc1,6
4084,c1ccccc1,1
4085,c1ccccc1,1
4086,c1ccccc1,1
4087,c1ccccc1,1
4088,c1ccc(Cc2ccccc2)cc1,2
4089,c1ccc(Cc2ccccc2)cc1,2
4090,c1ccc(Cc2ccccc2)cc1,2
4091,c1ccc(Cc2ccccc2)cc1,2
4092,c1ccc(Cc2ccccc2)cc1,2
4093,O=C(Nc1ccc(Cc2ccccc2)cc1)c1cccc(N2C(=O)C3CC=CCC3C2=O)c1,3
4094,O=C(Nc1ccc(Cc2ccccc2)cc1)c1cccc(N2C(=O)C=CC2=O)c1,3
4095,O=C(CCCCCN1C(=O)c2ccccc2C1=O)Nc1cccc(C(=O)Nc2ccc(Cc3ccccc3)cc2)c1,3
4096,O=C(CCN1C(=O)c2ccccc2C1=O)Nc1cccc(C(=O)Nc2ccc(Cc3ccccc3)cc2)c1,9
4097,O=C(CN1C(=O)c2ccccc2C1=O)Nc1ccc(C(=O)Nc2cccc(C(=O)Nc3ccc(Cc4ccccc4)cc3)c2)cc1,2
4098,O=C(Nc1cccc(C(=O)Nc2ccc(Cc3ccccc3)cc2)c1)c1ccccc1,8
4099,O=C(Nc1cccc(C(=O)Nc2ccc(Cc3ccccc3)cc2)c1)c1ccncc1,9
4100,O=C(Nc1ccc(Cc2ccccc2)cc1)c1cccc(S(=O)(=O)c2ccccc2)c1,5
4101,c1ccccc1,1
4102,c1ccccc1,1
4103,c1ccccc1,1
4104,c1ccccc1,1
4105,c1ccccc1,1
4106,O=C(Cc1ccccc1)Nc1ccccc1,7
4107,O=C(Nc1ccccc1)c1ccccc1,2
4108,O=C(Nc1ccccc1)c1ccc(C(=O)c2ccccc2)cc1,5
4109,O=C(Nc1ccccc1)c1cccc(C(=O)c2ccccc2)c1,7
4110,O=C(Nc1ccccc1)c1cccc(-c2ccccc2)c1,2
4111,O=C(Nc1ccccc1)c1cccc(-c2ccccc2)c1,2
4112,O=C(Nc1cccc(C(=O)Nc2ccccc2)c1)c1ccccc1,7
4113,O=C(Nc1cccc(C(=O)Nc2ccccc2)c1)c1ccncc1,8
4114,O=C(Nc1ccccc1)c1ccccc1,2
4115,O=C(Nc1ccccc1)c1cccc(C(=O)c2ccccc2)c1,7
4116,O=C(Nc1ccccc1)c1ccc(NC(=O)c2cccc(NC(=O)C34CC5CC(CC(C5)C3)C4)c2)cc1,5
4117,O=C(Nc1ccccc1)c1ccc(NC(=O)c2ccc(P(=O)(c3ccccc3)c3ccccc3)cc2)cc1,2
4118,c1ccccc1,1
4119,O=C(Nc1ccc([Si](c2ccccc2)(c2ccccc2)c2ccccc2)cc1)c1ccc2c(c1)Cc1ccccc1-2,4
4120,O=C(Nc1ccc(-c2c(-c3ccc(-c4ccccc4)cc3)cc(-c3ccc(-c4cc(-c5ccc(-c6ccccc6)cc5)c(-c5ccccc5)c(-c5ccc(-c6ccccc6)cc5)c4)cc3)cc2-c2ccc(-c3ccccc3)cc2)cc1)c1ccccc1,3
4121,O=C(Cc1ccccc1)Nc1ccc(-c2ccccc2)cc1,2
4122,O=C(CN1C(=O)c2ccccc2C1=O)Nc1ccc(C(=O)Nc2cccc(C(=O)Nc3ccc(-c4ccccc4)cc3)c2)cc1,7
4123,O=C(Nc1cccc(C(=O)Nc2ccc(-c3ccccc3)cc2)c1)c1ccncc1,4
4124,O=C(Nc1ccc(-c2ccccc2)cc1)c1cccc(S(=O)(=O)c2ccccc2)c1,7
4125,O=C(Nc1ccc(-c2ccccc2)cc1)c1ccc(NC(=O)c2ccc([SiH2]c3ccc(C(=O)Nc4ccccc4)cc3)cc2)cc1,9
4126,C(#Cc1ccccc1)c1ccccc1,5
4127,c1ccccc1,1
4128,c1ccccc1,1
4129,c1ccccc1,1
4130,c1ccccc1,1
4131,c1ccccc1,1
4132,O=C(Nc1cccc(C(=O)Nc2ccccc2)c1)c1ccncc1,8
4133,O=C(Nc1ccccc1)c1ccc(NC(=O)c2ccc([SiH2]c3ccc(C(=O)Nc4ccccc4)cc3)cc2)cc1,3
4134,O=C(Nc1ccccc1)c1ccccc1,2
4135,O=C(Nc1ccccc1)c1ccccc1,2
4136,c1ccc(-c2ncncn2)cc1,5
4137,O=c1[nH]c(=O)c2cc3c(=O)n(Nc4ncncn4)c(=O)c3cc12,5
4138,O=c1[nH]c(=O)c2cc3c(=O)n(Nc4ncncn4)c(=O)c3cc12,5
4139,O=C(Nc1ccccc1)c1ccc(C2(c3ccccc3)OC(=O)c3ccccc32)cc1,8
4140,O=C(Nc1ccc(C2(c3ccccc3)c3ccccc3C(=O)c3ccccc32)cc1)c1ccccc1,4
4141,O=C(Cc1ccc(Oc2ccccc2)cc1)Nc1ccc(C2(c3ccccc3)OC(=O)c3ccccc32)cc1,3
4142,O=C(Nc1ccc(-c2ccccc2)cc1)c1ccc(C2(c3ccccc3)OC(=O)c3ccccc32)cc1,8
4143,O=C(Nc1ccc(C2(c3ccccc3)OC(=O)c3ccccc32)cc1)c1ccc(C2(c3ccccc3)OC(=O)c3ccccc32)cc1,5
4144,O=C(Nc1ccc(S(=O)(=O)c2ccc(NC(=O)c3ccccc3)cc2)cc1)c1ccccc1,4
4145,,0
4146,,0
4147,,0
4148,,0
4149,,0
4150,,0
4151,,0
4152,,0
4153,,0
4154,,0
4155,,0
4156,,0
4157,,0
4158,,0
4159,c1ccc(COc2ccc(-c3ccccc3)cc2)cc1,4
4160,,0
4161,,0
4162,,0
4163,,0
4164,,0
4165,,0
4166,,0
4167,O=C(CCCCC(=O)NC(Cc1ccccc1)C(=O)OC1COC2CCOC21)NCCc1ccccc1,5
4168,,0
4169,,0
4170,,0
4171,O=C(C=CC(=O)NCCc1ccccc1)NCCc1ccccc1,6
4172,O=C(C=CC(=O)NCCc1ccccc1)NCCc1ccccc1,6
4173,O=C(C=CC(=O)NCCc1ccccc1)NCCc1ccccc1,6
4174,O=C(CCCCC(=O)NCCc1ccccc1)NCCc1ccccc1,2
4175,O=C(CCCCCCCCC(=O)NCCc1ccccc1)NCCc1ccccc1,2
4176,,0
4177,C1=CC2CCC1C2,9
4178,O=C(OC1COC2CCOC21)C1CCCCC1,6
4179,C1CCCCC1,4
4180,C1CCCCC1,4
4181,O=C(OCC1CCCCC1)C1CCCCC1,9
4182,C1CCCCC1,4
4183,C1CCCCC1,4
4184,,0
4185,C1CC2OCCC2O1,5
4186,,0
4187,,0
4188,,0
4189,,0
4190,c1ccc(N=Nc2ccc(N=Nc3ccccc3)cc2)cc1,5
4191,c1ccccc1,1
4192,,0
4193,C1CCCCC1,4
4194,,0
4195,,0
4196,,0
4197,,0
4198,,0
4199,,0
4200,,0
4201,,0
4202,,0
4203,,0
4204,,0
4205,c1ccc(N=Nc2ccccc2)cc1,7
4206,c1ccc(N=Nc2ccccc2)cc1,7
4207,c1ccc(N=Nc2ccccc2)cc1,7
4208,c1ccc(N=Nc2ccccc2)cc1,7
4209,,0
4210,,0
4211,,0
4212,,0
4213,,0
4214,,0
4215,,0
4216,,0
4217,,0
4218,,0
4219,,0
4220,,0
4221,,0
4222,,0
4223,,0
4224,,0
4225,,0
4226,,0
4227,,0
4228,C1CC2OCCC2O1,5
4229,,0
4230,,0
4231,C(#Cc1ccccc1)C(C#Cc1ccccc1)=Cc1ccc(C#Cc2ccccc2)cc1,7
4232,C(#Cc1ccccc1)c1ccccc1,5
4233,,0
4234,,0
4235,,0
4236,,0
4237,,0
4238,,0
4239,,0
4240,,0
4241,,0
4242,c1ccc(N=Nc2ccccc2)cc1,7
4243,,0
4244,c1ccc(N=Nc2ccccc2)cc1,7
4245,,0
4246,,0
4247,,0
4248,,0
4249,O=C(CCSCc1ccc(Cc2ccccc2)cc1)OCCSCc1ccc(Cc2ccccc2)cc1,6
4250,c1ccccc1,1
4251,c1ccc(N=Nc2ccccc2)cc1,7
4252,,0
4253,,0
4254,O=C(CSCc1ccc(Cc2ccccc2)cc1)OCCSCc1ccc(Cc2ccccc2)cc1,6
4255,c1ccccc1,1
4256,c1ccccc1,1
4257,c1ccccc1,1
4258,c1ccccc1,1
4259,c1ccccc1,1
4260,C1CCCCC1,4
4261,O=C(NCC1CCCCC1)OCCNc1ccccc1,7
4262,O=C(NCC1CCCCC1)OCCNc1ccc(N=Nc2ccccc2)cc1,9
4263,O=C(NCC1CCCCC1)OCCNc1ccc(N=Nc2ccc(P(=O)(c3ccccc3)c3ccccc3)cc2)cc1,6
4264,O=C(NC1CCC(CC2CCCCC2)CC1)OC1CC2CCCC(C1)O2,3
4265,,0
4266,,0
4267,,0
4268,,0
4269,,0
4270,,0
4271,,0
4272,,0
4273,,0
4274,,0
4275,,0
4276,,0
4277,,0
4278,,0
4279,O=C([O][Cd][O]C(=O)c1ccccc1)c1ccccc1,3
4280,O=C([O][Pb][O]C(=O)c1ccccc1)c1ccccc1,5
4281,C(=Cc1ccccc1)c1ccccc1,9
4282,O=P(c1ccccc1)(c1ccccc1)c1ccc(N=Nc2ccccc2)cc1,6
4283,c1ccccc1,1
4284,,0
4285,c1ccccc1,1
4286,,0
4287,,0
4288,,0
4289,O=C(Nc1ccccc1)OCCNc1ccc(C=Cc2ccccc2)cc1,7
4290,O=C(Nc1ccccc1)OCCNc1ccc(N=Nc2ccccc2)cc1,5
4291,O=C(Nc1ccc(-c2ccccc2)cc1)OCCNc1ccc(N=Nc2ccccc2)cc1,6
4292,c1ccccc1,1
4293,c1ccccc1,1
4294,c1ccccc1,1
4295,c1ccccc1,1
4296,O=C(Nc1ccccc1)OCCNCCCCCCOc1ccc(C=Cc2ccccc2)cc1,2
4297,O=C(Nc1ccccc1)OCCNc1ccccc1,2
4298,O=C(Nc1ccccc1)OCCNc1ccc(N=Nc2ccccc2)cc1,5
4299,O=C(Nc1ccccc1)OCCNc1ccccc1,2
4300,O=C(Nc1ccccc1)OCCNc1ccc(C=Cc2cc[nH+]cc2)cc1,9
4301,O=C(Nc1ccccc1)OCCNc1ccc(C=Cc2ccccc2)cc1,7
4302,O=C(Nc1ccccc1)OCCNc1ccc(N=Nc2ccc(N=Nc3ccccc3)cc2)cc1,7
4303,O=C(Nc1ccccc1)OCCNc1ccc(N=Nc2ccccc2)cc1,5
4304,O=C(Nc1ccccc1)OCCNc1ccc(N=Nc2ccc(B(c3ccccc3)c3ccccc3)cc2)cc1,3
4305,O=C(Nc1ccccc1)OCCNc1ccc(N=Nc2ccc(C=Cc3nc4ccccc4[nH]3)cc2)cc1,9
4306,O=C(Nc1ccccc1)OCCNc1ccc(N=Nc2ccc(-c3nc4ccccc4[nH]3)cc2)cc1,4
4307,O=C(Nc1ccccc1)OCCNc1ccc(-c2nc3ccccc3o2)cc1,7
4308,O=P(c1ccccc1)(c1ccccc1)c1ccccc1,6
4309,c1ccc(CCCc2ccccc2)cc1,7
4310,c1ccc(CCc2ccccc2)cc1,8
4311,c1ccc(Cc2ccccc2)cc1,2
4312,c1ccc(Cc2ccccc2)cc1,2
4313,O=C(Nc1ccc(Cc2ccccc2)cc1)OCC1CCCCC1,6
4314,c1ccc(Cc2ccccc2)cc1,2
4315,c1ccc(Cc2ccccc2)cc1,2
4316,c1ccc(Cc2ccccc2)cc1,2
4317,c1ccc(Cc2ccccc2)cc1,2
4318,c1ccc(Cc2ccccc2)cc1,2
4319,c1ccc(Cc2ccccc2)cc1,2
4320,c1ccc(Cc2ccccc2)cc1,2
4321,c1ccc(Cc2ccccc2)cc1,2
4322,O=C(Nc1ccc(Cc2ccccc2)cc1)OCCNCCCCCOc1ccc(N=Nc2ccccc2)cc1,3
4323,O=C(Nc1ccc(Cc2ccccc2)cc1)OCCNc1ccc(N=Nc2ccccc2)cc1,6
4324,O=C(Nc1ccc(Cc2ccccc2)cc1)OCCNc1ccc(N=Nc2ccccc2)cc1,6
4325,O=C(Nc1ccc(Cc2ccccc2)cc1)OCCNc1ccc(N=Nc2ccccc2)cc1,6
4326,O=C(Nc1ccc(Cc2ccccc2)cc1)OCCNc1ccccc1,6
4327,O=C(Nc1ccc(Cc2ccccc2)cc1)OCc1ccccc1,7
4328,,0
4329,,0
4330,,0
4331,C1CC2CCCC(C1)O2,2
4332,C1CC2OCCC2O1,5
4333,,0
4334,,0
4335,,0
4336,,0
4337,O=C(CNC(=O)OCc1ccccc1)OCCOC(=O)CNC(=O)OCc1ccccc1,2
4338,,0
4339,O=C(OCCOC(=O)Oc1ccccc1)Oc1ccccc1,2
4340,C(=Cc1ccccc1)c1ccccc1,9
4341,C(=Cc1ccccc1)c1ccccc1,9
4342,,0
4343,C1CC2OCCC2O1,5
4344,C1CC2OCCC2O1,5
4345,C1=CCCCC1,5
4346,C1CCCCC1,4
4347,O=C(OCC1COCO1)OC1COC2CCOC21,3
4348,,0
4349,,0
4350,,0
4351,,0
4352,,0
4353,C1CC2OCCC2O1,5
4354,C1CC2OCCC2O1,5
4355,C1CC2OCCC2O1,5
4356,,0
4357,C1CC2OCCC2O1,5
4358,C1CC2OCCC2O1,5
4359,C1CC2OCCC2O1,5
4360,O=C(Oc1ccc(OC(=O)c2ccccc2)cc1)OC1COC2CCOC21,2
4361,O=C(Oc1ccccc1)OC1CC2CCCC(C1)O2,6
4362,c1ccccc1,1
4363,O=C(OCCNc1ccccc1)c1ccccc1,6
4364,O=C(OCCNc1ccc(N=Nc2ncc[nH]2)cc1)c1ccccc1,2
4365,O=C(OCCNc1ccc(N=Nc2ccc(C=Cc3nc4ccccc4[nH]3)cc2)cc1)c1ccccc1,3
4366,O=C(OCCNc1ccc(N=Nc2ccc(-c3nc4ccccc4[nH]3)cc2)cc1)c1ccccc1,2
4367,O=C(OCCNc1ccc(N=Nc2ccc(-c3nc4ccccc4[nH]3)cc2)cc1)c1ccccc1,2
4368,c1ccccc1,1
4369,c1ccc(N=Nc2ccc(-c3ccc(N=Nc4ccccc4)cc3)cc2)cc1,3
4370,c1ccc(N=Nc2ccc(-c3ccc(N=Nc4ccccc4)cc3)cc2)cc1,3
4371,c1ccc(N=Nc2ccc(-c3ccc(N=Nc4ccccc4)cc3)cc2)cc1,3
4372,c1ccccc1,1
4373,c1ccccc1,1
4374,c1ccccc1,1
4375,c1ccc2ccccc2c1,9
4376,c1ccc(-c2ccccc2)cc1,8
4377,O=C(OCCNc1ccccc1)c1cccc(OCCC2CCN(c3ccccc3)CC2)c1,3
4378,O=C(OCCNc1ccccc1)c1cccc(OCCNc2ccccc2)c1,9
4379,C=C1C=C(C=Cc2ccc(C=Cc3ccc(NCCOC(=O)c4cccc(OCc5ccccc5)c4)cc3)s2)C(c2ccccc2)O1,5
4380,C=C1C=C(C=Cc2ccc(C=Cc3ccc(NCCOC(=O)c4cccc(OCc5cc(OCc6ccccc6)cc(OCc6ccccc6)c5)c4)cc3)s2)C(c2ccccc2)O1,7
4381,c1ccccc1,1
4382,c1ccccc1,1
4383,c1ccccc1,1
4384,c1ccccc1,1
4385,c1ccccc1,1
4386,c1ccccc1,1
4387,c1ccccc1,1
4388,O=C(OCc1ccccc1)c1ccccc1,4
4389,c1ccc(-c2ccccc2)cc1,8
4390,c1ccc(C2CCc3ccccc32)cc1,8
4391,c1ccc2ccccc2c1,9
4392,c1ccc2ccccc2c1,9
4393,c1ccc2ccccc2c1,9
4394,c1ccc2ccccc2c1,9
4395,c1ccc2ccccc2c1,9
4396,c1ccc2ccccc2c1,9
4397,c1ccccc1,1
4398,c1ccccc1,1
4399,c1ccccc1,1
4400,c1ccccc1,1
4401,c1ccsc1,6
4402,c1ccsc1,6
4403,c1ccsc1,6
4404,c1ccsc1,6
4405,O=C(OC1COC2CCOC21)c1ccco1,6
4406,c1ccc(Cc2ccccc2)cc1,2
4407,c1ccc(CCCCCCc2ccccc2)cc1,8
4408,c1ccc(CCCCCc2ccccc2)cc1,3
4409,c1ccc(CCCCc2ccccc2)cc1,7
4410,c1ccc(CCCc2ccccc2)cc1,7
4411,c1ccc(CCc2ccccc2)cc1,8
4412,c1ccc(Cc2ccccc2)cc1,2
4413,c1ccccc1,1
4414,c1ccccc1,1
4415,c1ccccc1,1
4416,c1ccccc1,1
4417,c1ccccc1,1
4418,c1ccccc1,1
4419,c1ccccc1,1
4420,c1ccccc1,1
4421,c1ccccc1,1
4422,O=C(OCC1CCCCC1)c1ccccc1,6
4423,c1ccccc1,1
4424,c1ccccc1,1
4425,c1ccccc1,1
4426,O=C(OCCNc1ccccc1)c1ccccc1,6
4427,O=C(OCCNc1ccc(N=Nc2ccc(-c3nc4ccccc4[nH]3)cc2)cc1)c1ccccc1,2
4428,c1ccccc1,1
4429,c1ccccc1,1
4430,c1ccccc1,1
4431,c1ccc(CCCc2ccccc2)cc1,7
4432,c1ccc(Cc2ccccc2)cc1,2
4433,c1ccc(Cc2ccccc2)cc1,2
4434,C(=Cc1ccccc1)c1ccccc1,9
4435,C(=Cc1ccccc1)c1ccccc1,9
4436,O=C(Cc1ccccc1)OCc1ccccc1,6
4437,c1ccc(CCCCCc2ccccc2)cc1,3
4438,c1ccc(CCCCc2ccccc2)cc1,7
4439,c1ccc(Cc2ccccc2)cc1,2
4440,C(=Nc1ccccc1)Nc1ccccc1,8
4441,C(=Nc1ccccc1)Nc1ccccc1,8
4442,C(=Cc1ccc(C=Nc2ccccc2)cc1)c1ccc(C=Cc2ccc(C=Nc3ccccc3)cc2)cc1,7
4443,c1ccc(SCCCCSc2ccccc2)cc1,7
4444,O=C(OCCNc1ccc(C=Cc2ccccc2)cc1)c1ccc([SiH2]c2ccccc2)cc1,8
4445,c1ccc(-c2ccccc2)cc1,8
4446,c1ccc(-c2ccccc2)cc1,8
4447,c1ccc(-c2ccccc2)cc1,8
4448,c1ccc(-c2ccccc2)cc1,8
4449,c1ccc(-c2ccccc2)cc1,8
4450,c1ccc(-c2ccccc2)cc1,8
4451,c1ccc(-c2ccccc2)cc1,8
4452,c1ccc(-c2ccccc2)cc1,8
4453,c1ccc(-c2ccccc2)cc1,8
4454,c1ccc(-c2ccccc2)cc1,8
4455,c1ccc(-c2ccc(-c3ccccc3)cc2)cc1,9
4456,c1ccc(-c2ccc(-c3ccccc3)cc2)cc1,9
4457,c1ccc(-c2ccc(-c3ccccc3)cc2)cc1,9
4458,c1ccc(-c2ccc(-c3ccccc3)cc2)cc1,9
4459,c1ccc(-c2ccc(-c3ccccc3)cc2)cc1,9
4460,c1ccccc1,1
4461,,0
4462,,0
4463,,0
4464,,0
4465,,0
4466,,0
4467,,0
4468,c1ccccc1,1
4469,c1ccccc1,1
4470,c1ccccc1,1
4471,c1ccccc1,1
4472,c1ccsc1,6
4473,c1ccsc1,6
4474,c1ccsc1,6
4475,c1ccsc1,6
4476,c1ccc(-c2ccccc2)cc1,8
4477,c1ccc(-c2ccccc2)cc1,8
4478,c1ccc(-c2ccccc2)cc1,8
4479,c1ccccc1,1
4480,c1ccccc1,1
4481,c1ccccc1,1
4482,c1ccsc1,6
4483,c1ccsc1,6
4484,c1ccsc1,6
4485,c1ccsc1,6
4486,c1ccsc1,6
4487,c1ccccc1,1
4488,,0
4489,,0
4490,c1ccccc1,1
4491,,0
4492,,0
4493,,0
4494,,0
4495,,0
4496,,0
4497,O=C(Nc1ccc(Cc2ccccc2)cc1)OC(Cc1ccco1)c1ccco1,2
4498,,0
4499,,0
4500,,0
4501,,0
4502,,0
4503,,0
4504,,0
4505,,0
4506,C1CCC1,9
4507,,0
4508,,0
4509,,0
4510,,0
4511,,0
4512,,0
4513,,0
4514,,0
4515,,0
4516,,0
4517,,0
4518,,0
4519,,0
4520,,0
4521,,0
4522,c1ccccc1,1
4523,,0
4524,O=C1NC(=O)C2C3C=CC(C3)C12,7
4525,,0
4526,,0
4527,,0
4528,,0
4529,,0
4530,O=C1NC(=O)C2C3C=CC(C3)C12,7
4531,O=C1NC(=O)C2C3C=CC(C3)C12,7
4532,,0
4533,c1ccccc1,1
4534,,0
4535,,0
4536,,0
4537,,0
4538,,0
4539,,0
4540,,0
4541,,0
4542,,0
4543,c1ccc(-c2ccccc2)cc1,8
4544,,0
4545,,0
4546,,0
4547,,0
4548,,0
4549,,0
4550,,0
4551,,0
4552,,0
4553,c1ccccc1,1
4554,c1ccoc1,3
4555,,0
4556,,0
4557,,0
4558,C1=COCCC1,4
4559,C1CO1,3
4560,C1CO1,3
4561,,0
4562,,0
4563,,0
4564,,0
4565,,0
4566,c1ccccc1,1
4567,,0
4568,,0
4569,,0
4570,,0
4571,C1COCOC1,2
4572,,0
4573,,0
4574,,0
4575,C(=Nc1ccccc1)c1ccccc1,7
4576,c1ccc(-c2ccccc2)cc1,8
4577,c1ccccc1,1
4578,,0
4579,,0
4580,c1ccccc1,1
4581,,0
4582,,0
4583,,0
4584,,0
4585,O=C(OCCCOC(=O)C1=C(c2ccccc2)C2C=CC1C2)C1=C(C(=O)OCC(COC(=O)C2=C(c3ccccc3)C3C=CC2C3)OC(=O)c2ccccc2)C2C=CC1C2,3
4586,c1ccoc1,3
4587,O=C(Nc1ccc(Cc2ccccc2)cc1)OCCc1ccco1,4
4588,O=C(OCCCOc1ccc(N=Nc2ccccc2)cc1)c1ccc(-c2ccc(-c3ccccc3)cc2)cc1,5
4589,c1ccccc1,1
4590,O=C(OCCCOc1ccc(N=Nc2ccccc2)cc1)c1ccccc1-c1ccccc1,6
4591,O=C(OCCCOc1ccc(N=Nc2ccccc2)cc1)c1ccccc1,9
4592,O=C(OCCCOc1ccc(N=Nc2ccccc2)cc1)c1ccccc1,9
4593,O=C(OCCCOc1ccc(N=Nc2ccccc2)cc1)c1ccccc1,9
4594,c1ccccc1,1
4595,c1ccc(CCCc2ccccc2)cc1,7
4596,O=C(OCCCOc1ccc(N=Nc2ccccc2)cc1)c1ccc2ccccc2c1,2
4597,O=C(OCCCOc1ccc(N=Nc2ccccc2)cc1)c1ccccc1,9
4598,O=C(OCCCOc1ccc(N=Nc2ccccc2)cc1)c1ccc(-c2ccccc2)cc1,7
4599,c1ccccc1,1
4600,,0
4601,c1ccccc1,1
4602,,0
4603,,0
4604,,0
4605,,0
4606,,0
4607,,0
4608,,0
4609,,0
4610,,0
4611,,0
4612,,0
4613,,0
4614,,0
4615,,0
4616,,0
4617,,0
4618,,0
4619,,0
4620,,0
4621,,0
4622,c1ccccc1,1
4623,,0
4624,,0
4625,,0
4626,,0
4627,,0
4628,,0
4629,c1ccccc1,1
4630,c1ccccc1,1
4631,c1ccsc1,6
4632,c1ccsc1,6
4633,O=C(OCOCC1CCCCC1)c1cccc2ccccc12,3
4634,O=C(OCOCC1CCCCC1)c1ccccc1,2
4635,,0
4636,,0
4637,c1ccccc1,1
4638,c1ccccc1,1
4639,c1ccccc1,1
4640,c1ccccc1,1
4641,c1ccoc1,3
4642,C1CCN(C2CCCC2)CC1,7
4643,C1CCCCC1,4
4644,C1CCC(C2CNCNC2)C1,9
4645,C1CCCCC1,4
4646,O=C1C=CC(=O)C=C1,3
4647,O=C(OC1CCC1)C1CCCCC1,7
4648,C1CCC1,9
4649,C1CCC1,9
4650,O=C(OC1CCC1)c1ccccc1,3
4651,C1CCCCC1,4
4652,C1CCCCC1,4
4653,C1CCOCC1,7
4654,C1CCOCC1,7
4655,C1CCOCC1,7
4656,C1CCOCC1,7
4657,C1CCOCC1,7
4658,C1CCOCC1,7
4659,C1CCOCC1,7
4660,C1CCOCC1,7
4661,C1CCOCC1,7
4662,C1CCOCC1,7
4663,C1CCC(C2CCCCC2)CC1,8
4664,C1CCC(C2CCCCC2)CC1,8
4665,C1CCC(C2CCCCC2)CC1,8
4666,C1CCCCC1,4
4667,C1CCCCC1,4
4668,C1CCCCC1,4
4669,C1CCCCC1,4
4670,C1CCCCC1,4
4671,O=C(OC1CCCCC1)c1ccccc1,5
4672,C1CCCCC1,4
4673,C1CCCCC1,4
4674,C1CCCCC1,4
4675,C1CCCCC1,4
4676,C1CCCCC1,4
4677,C1CCCCC1,4
4678,C1CCCCC1,4
4679,C1CCCCC1,4
4680,C1CCOCC1,7
4681,C1CCCC1,7
4682,C1CCCCC1,4
4683,C1CCCCC1,4
4684,C1CCCCCC1,3
4685,C1CCC2COCC2C1,7
4686,O=C(c1ccccc1)c1cccc(Oc2ccccc2)c1,5
4687,,0
4688,S=C(Cc1ccc(-c2ccccc2)cc1)c1cccs1,3
4689,,0
4690,,0
4691,,0
4692,,0
4693,,0
4694,,0
4695,,0
4696,,0
4697,c1ccc(-c2ccccc2)cc1,8
4698,,0
4699,,0
4700,,0
4701,,0
4702,,0
4703,,0
4704,,0
4705,,0
4706,,0
4707,,0
4708,,0
4709,,0
4710,,0
4711,,0
4712,,0
4713,,0
4714,c1ccccc1,1
4715,c1ccccc1,1
4716,c1ccccc1,1
4717,c1ccccc1,1
4718,c1ccccc1,1
4719,c1ccccc1,1
4720,,0
4721,,0
4722,,0
4723,,0
4724,,0
4725,c1ncncn1,8
4726,,0
4727,,0
4728,c1ccccc1,1
4729,O=C(CCCCCCCCC(=O)NCCc1ccccc1)NCCc1ccccc1,2
4730,O=C(CCCCCCCCC(=O)NCCc1ccccc1)NCCc1ccccc1,2
4731,,0
4732,O=C(CCCCCCCCC(=O)NCCc1ccccc1)NCCc1ccccc1,2
4733,,0
4734,,0
4735,,0
4736,,0
4737,,0
4738,,0
4739,,0
4740,,0
4741,,0
4742,,0
4743,c1ccccc1,1
4744,O=C(c1ccccc1)c1ccc(N=N[PH](=O)OCC2CCCCC2)cc1,6
4745,O=C(c1ccccc1)c1ccccc1,4
4746,O=C(OCCc1ccccc1)c1cccc(C(=O)OCCc2ccccc2)c1,5
4747,O=C(OCc1ccccc1)c1cccc(C(=O)OCc2ccccc2)c1,7
4748,c1ccc(Oc2ccccc2)cc1,3
4749,c1ccc(Oc2ccccc2)cc1,3
4750,O=[PH](N=Nc1ccc(Oc2ccccc2)cc1)OCc1ccccc1,4
4751,O=[PH](N=Nc1ccc(-c2ccccc2)cc1)OCc1ccccc1,5
4752,O=C1C(=Cc2ccccc2)CCC1=Cc1ccccc1,8
4753,O=[PH](OCCCCCCCCCCOc1ccc(C=Cc2ccccc2)cc1)OCCCCCCCCCCOc1ccc(N=Nc2ccccc2)cc1,8
4754,O=[PH](OCCCCCCCCCCOc1ccc(C=Cc2ccccc2)cc1)OCCCCCCCCCCOc1ccc(N=Nc2ccccc2)cc1,8
4755,O=[PH](OCCCCCCCCCCOc1ccc(C=Cc2ccccc2)cc1)OCCCCCCCCCCOc1ccc(N=Nc2ccccc2)cc1,8
4756,O=[PH](OCCCCCCCCCCOc1ccc(C=Cc2ccccc2)cc1)OCCCCCCCCCCOc1ccc(N=Nc2ccc(-c3ccccc3)cc2)cc1,6
4757,O=[PH](OCCCCCCCCCCOc1ccc(C=Cc2ccccc2)cc1)OCCCCCCCCCCOc1ccc(N=Nc2ccccc2)cc1,8
4758,O=C1C(=Cc2ccccc2)CCC1=Cc1ccccc1,8
4759,O=C1C(=Cc2ccccc2)CCC1=Cc1ccccc1,8
4760,O=C1C(=Cc2ccccc2)CCC1=Cc1ccccc1,8
4761,O=C1C(=Cc2ccccc2)CCC1=Cc1ccccc1,8
4762,O=C1C(=Cc2ccccc2)CCC1=Cc1ccccc1,8
4763,O=C1C(=Cc2ccccc2)CCC1=Cc1ccccc1,8
4764,O=[PH](OCCOc1ccc(S(=O)(=O)c2ccccc2)cc1)Oc1ccccc1,5
4765,O=[PH](OCCOc1ccc(S(=O)(=O)c2ccccc2)cc1)Oc1ccccc1,5
4766,O=[PH](OCCOc1ccc(S(=O)(=O)c2ccccc2)cc1)Oc1ccccc1,5
4767,O=[PH](OCCOc1ccc(S(=O)(=O)c2ccccc2)cc1)Oc1ccccc1,5
4768,O=[PH](Oc1ccccc1)Oc1ccccc1,8
4769,O=[PH](Oc1ccccc1)Oc1ccccc1,8
4770,O=[PH](Oc1ccccc1)Oc1ccccc1,8
4771,O=[PH](Oc1ccccc1)Oc1ccccc1,8
4772,O=[PH](Oc1ccccc1)Oc1ccc(Cc2ccccc2)cc1,4
4773,O=[PH](Oc1ccccc1)Oc1ccc(Cc2ccccc2)cc1,4
4774,O=[PH](Oc1ccccc1)Oc1ccc(Cc2ccccc2)cc1,4
4775,O=[PH](Oc1ccccc1)Oc1ccc(Cc2ccccc2)cc1,4
4776,O=[PH](Oc1ccccc1)Oc1ccc(S(=O)(=O)c2ccccc2)cc1,4
4777,O=[PH](Oc1ccccc1)Oc1ccc(S(=O)(=O)c2ccccc2)cc1,4
4778,O=[PH](Oc1ccccc1)Oc1ccc(S(=O)(=O)c2ccccc2)cc1,4
4779,O=[PH](Oc1ccccc1)Oc1ccc(S(=O)(=O)c2ccccc2)cc1,4
4780,O=[PH](Oc1cccc2ccccc12)OC1CCCCC1,5
4781,O=[PH](Oc1ccccc1)Oc1cccc2ccccc12,3
4782,O=[PH](Oc1ccccc1)OC1CCCCC1,6
4783,O=[PH](Oc1ccc(-c2ccccc2)cc1)OC1CCCCC1,4
4784,O=[PH](Oc1ccccc1)Oc1ccccc1,8
4785,O=[PH](Oc1ccccc1)Oc1ccc(Cc2ccccc2)cc1,4
4786,O=[PH](Oc1ccccc1)Oc1ccc(Cc2ccccc2)cc1,4
4787,O=[PH](Oc1ccccc1)Oc1ccc(Cc2ccccc2)cc1,4
4788,O=C(Nc1ccccc1)Oc1ccc(Cc2ccc(OC(=O)Nc3ccc(O[PH](=O)c4ccccc4)cc3)cc2)cc1,2
4789,O=C(Nc1ccccc1)Oc1ccc(-c2ccc(OC(=O)Nc3ccc(O[PH](=O)c4ccccc4)cc3)cc2)cc1,6
4790,O=[PH](Oc1ccccc1)Oc1ccc(S(=O)(=O)c2ccccc2)cc1,4
4791,O=[PH](Oc1ccccc1)Oc1ccc(S(=O)(=O)c2ccccc2)cc1,4
4792,O=[PH](Oc1ccccc1)Oc1ccc(S(=O)(=O)c2ccccc2)cc1,4
4793,O=[PH](Oc1ccccc1)Oc1ccc(S(=O)(=O)c2ccccc2)cc1,4
4794,O=[PH](Oc1cccc2ccccc12)OC1CCCCC1,5
4795,O=[PH](Oc1ccccc1)Oc1ccccc1,8
4796,O=[PH](Oc1ccccc1)Oc1ccccc1,8
4797,O=[PH](Oc1ccccc1)Oc1ccc(-c2ccccc2)cc1,3
4798,O=S(=O)(Oc1ccc(C2(c3ccccc3)CCCC2)cc1)c1ccccc1,4
4799,O=S(=O)(Oc1ccc(C2(c3ccccc3)CCCCC2)cc1)c1ccccc1,5
4800,O=S(=O)(Oc1ccc(C2(c3ccccc3)CCCC2)cc1)c1ccccc1,4
4801,c1ccccc1,1
4802,O=C(c1ccccc1)c1cccc(S(=O)(=O)Oc2ccc(Cc3ccccc3)cc2)c1,5
4803,O=S(=O)(Oc1ccc(Cc2ccccc2)cc1)c1ccccc1,5
4804,O=S(=O)(Oc1ccc(Cc2ccccc2)cc1)c1ccccc1,5
4805,O=S(=O)(Oc1ccc(C2(c3ccccc3)CCCCC2)cc1)c1ccccc1,5
4806,O=S(=O)(Oc1ccc(Cc2ccccc2)cc1)c1ccc(Oc2ccccc2)cc1,2
4807,O=C(NCCCCCCNC(=O)OCCCCCOC(=O)c1ccccc1)OCCCCCOC(=O)c1ccccc1,6
4808,,0
4809,c1ccccc1,1
4810,C(=C/c1ccccc1)\c1ccccc1,2
4811,C(=C/c1ccccc1)\c1ccccc1,2
4812,O=C(Oc1ccccc1)c1ccccc1,5
4813,C(=C/c1ccccc1)\c1ccccc1,2
4814,c1ccc2c(c1)[nH]c1ccccc12,9
4815,O=C1OCCO1,3
4816,,0
4817,,0
4818,,0
4819,,0
4820,O=C(OC1CCC2C(=CCC3C4CCCC4CCC23)C1)c1ccccc1,7
4821,O=C(OC1CCC2C(=CCC3C4CCCC4CCC23)C1)c1ccccc1,7
4822,O=C(Oc1ccc(-c2ccc(OC(=O)c3ccccc3)cc2)cc1)c1ccccc1,4
4823,O=C(Oc1ccc(-c2ccc(OC(=O)c3ccccc3)cc2)cc1)c1ccccc1,4
4824,c1ccc(N=Nc2ccccc2)cc1,7
4825,c1ccc2c(c1)[nH]c1ccccc12,9
4826,,0
4827,c1ccccc1,1
4828,c1ccc([SiH2]c2ccccc2)cc1,5
4829,,0
4830,,0
4831,,0
4832,c1ccccc1,1
4833,c1ccccc1,1
4834,,0
4835,,0
4836,C(=Nc1ccc(Oc2ccc(N=Cc3ccccc3)cc2)cc1)c1ccccc1,5
4837,O=C(Oc1ccccc1)c1ccc(-c2ccccc2)cc1,4
4838,O=C(Oc1ccccc1)c1ccc(-c2ccccc2)cc1,4
4839,N=C1C=CC(=N)c2ccccc21,9
4840,N=C1c2ccccc2C(=N)c2ccccc21,3
4841,,0
4842,O=C1C(=Cc2ccc(Oc3ccc(S(=O)(=O)c4ccccc4)cc3)cc2)CCCC1=Cc1ccc(Oc2ccc(S(=O)(=O)c3ccccc3)cc2)cc1,2
4843,O=C1C(=Cc2ccc(Oc3ccc(S(=O)(=O)c4ccccc4)cc3)cc2)CCCCC1=Cc1ccc(Oc2ccc(S(=O)(=O)c3ccccc3)cc2)cc1,8
4844,,0
4845,,0
4846,c1ccc(Cc2ccccc2)cc1,2
4847,c1ccc([SiH](OCCOc2ccc(C3(c4ccccc4)c4ccccc4-c4ccccc43)cc2)c2ccccc2)cc1,4
4848,c1ccccc1,1
4849,,0
4850,,0
4851,c1ccccc1,1
4852,c1ccccc1,1
4853,,0
4854,c1ccc([SiH](CC[SiH2]O[SiH2]CC[Si](O[Si](O[Si](O[SiH](c2ccccc2)c2ccccc2)(c2ccccc2)c2ccccc2)(c2ccccc2)c2ccccc2)(c2ccccc2)c2ccccc2)c2ccccc2)cc1,2
4855,,0
4856,,0
4857,c1ccccc1,1
4858,,0
4859,C1=Cc2cccc3cccc1c23,6
4860,c1ccc2c(c1)ccc1ccccc12,6
4861,c1ccccc1,1
4862,c1ccccc1,1
4863,c1ccc([SiH2]c2cccc([SiH2]c3ccccc3)c2)cc1,5
4864,c1ccc(Oc2ccccc2)cc1,3
4865,c1ccccc1,1
4866,c1ccc(-c2ccccc2)cc1,8
4867,c1ccc(Oc2ccccc2)cc1,3
4868,c1ccccc1,1
4869,c1ccc(-c2ccccc2)cc1,8
4870,c1ccccc1,1
4871,c1ccccc1,1
4872,c1ccccc1,1
4873,c1ccc([SiH](Oc2ccc(C3(c4ccccc4)c4ccccc4-c4ccccc43)cc2)c2ccccc2)cc1,4
4874,c1ccccc1,1
4875,c1ccc(Cc2ccccc2)cc1,2
4876,c1ccc(Cc2ccc(O[SiH2]c3ccccc3)cc2)cc1,2
4877,c1ccc([SiH](Oc2ccc(C3(c4ccccc4)c4ccccc4-c4ccccc43)cc2)c2ccccc2)cc1,4
4878,c1ccccc1,1
4879,c1ccc(COCCOc2ccc(OCCOCc3ccccc3)cc2)cc1,3
4880,c1ccc2ccccc2c1,9
4881,c1ccc2ccccc2c1,9
4882,c1cc2ccc3cccc4ccc(c1)c2c34,4
4883,c1ccc(CCc2ccccc2)cc1,8
4884,c1ccccc1,1
4885,c1ccc2ccccc2c1,9
4886,c1ccc2ccccc2c1,9
4887,c1ccc([SiH](c2ccccc2)c2ccc([SiH](c3ccccc3)c3ccccc3)cc2)cc1,6
4888,c1ccccc1,1
4889,c1ccccc1,1
4890,c1ccc([SiH2]Oc2ccc(-c3ccccc3)cc2)cc1,6
4891,c1ccc(-c2ccccc2)cc1,8
4892,c1ccc(-c2cccc(-c3ccccc3)c2)cc1,3
4893,c1ccc(C2(c3ccccc3)CC3CCC2C3)cc1,3
4894,c1ccccc1,1
4895,c1ccc(N=Nc2ccccc2)cc1,7
4896,O=S(=O)(c1ccccc1)c1ccc(Oc2ccc(Cc3ccccc3)cc2)cc1,4
4897,c1ccccc1,1
4898,c1ccccc1,1
4899,O=C(Nc1ccccc1)c1ccc(C(=O)Nc2ccccc2)cc1,6
4900,O=C(Nc1ccccc1)c1ccc(C(=O)Nc2ccc(Oc3ccccc3)cc2)cc1,4
4901,c1ccc(Cc2cccc(Cc3ccc(Oc4ccccc4)cc3)c2)cc1,3
4902,c1ccc(COCc2cccc(COCc3ccc(Oc4ccc(Cc5ccccc5)cc4)cc3)c2)cc1,6
4903,O=S(=O)(c1ccccc1)c1ccc(Oc2ccc(Cc3ccccc3)cc2)cc1,4
4904,c1ccc(Cc2ccc(Oc3ccc(Sc4ccccc4)cc3)cc2)cc1,4
4905,c1ccc(Cc2ccc(Oc3ccc(-c4ccccc4)cc3)cc2)cc1,4
4906,O=S(=O)(c1ccccc1)c1ccc(Oc2ccc(Cc3ccccc3)cc2)cc1,4
4907,c1ccccc1,1
4908,c1ccc(Oc2ccccc2)cc1,3
4909,O=C(Nc1ccccc1)c1cccc(Oc2cccc(C(=O)Nc3cccc(Oc4ccccc4)c3)c2)c1,3
4910,O=C(COc1ccc2ccccc2c1Sc1cccc2ccccc12)Nc1cccc2ccccc12,4
4911,O=C(COc1ccc2ccccc2c1Sc1cccc2ccccc12)Nc1ccc(Cc2ccccc2)cc1,2
4912,O=C(COc1ccc2ccccc2c1Sc1cccc2ccccc12)Nc1ccccc1,4
4913,O=C(c1ccccc1)c1ccc(C(=O)c2ccccc2)c(Oc2ccccc2)c1,7
4914,O=C(Nc1ccc(Cc2ccc(NC(=O)c3ccc(Oc4ccccc4)cc3)cc2)cc1)c1ccccc1,4
4915,O=C(Nc1ccc(Cc2ccc(NC(=O)c3ccc(Oc4ccccc4)cc3)cc2)cc1)c1ccccc1,4
4916,O=C(Nc1ccc(Cc2ccc(NC(=O)c3ccc(Oc4ccccc4)cc3)cc2)cc1)c1ccccc1,4
4917,O=C(Nc1ccc(Cc2ccc(NC(=O)c3ccc(Oc4ccccc4)cc3)cc2)cc1)c1ccccc1,4
4918,O=C(c1ccccc1)c1ccc(Oc2ccccc2)cc1,8
4919,O=C(Oc1cc(Cc2ccccc2)ccc1Cc1ccccc1)c1ccccc1,5
4920,O=C(Oc1cc(Cc2ccccc2)ccc1Cc1ccccc1)c1ccccc1,5
4921,O=C(Oc1ccc(OC(=O)c2ccccc2)cc1)c1ccccc1,2
4922,O=C(Oc1ccc(OC(=O)c2ccccc2)cc1)c1ccccc1,2
4923,O=C(Oc1ccc(OC(=O)c2ccccc2)cc1)c1ccccc1,2
4924,O=C(Oc1ccc(OC(=O)c2ccccc2)cc1)c1ccccc1,2
4925,O=C(c1ccccc1)c1cccc(C(=O)c2ccccc2)c1,5
4926,O=C(c1ccccc1)c1ccc(C(=O)c2ccccc2)cc1,5
4927,c1ccc(Cc2ccccc2)cc1,2
4928,c1ccc(Cc2ccccc2)cc1,2
4929,c1ccc(Cc2ccccc2)cc1,2
4930,c1ccc(Cc2ccccc2)cc1,2
4931,O=C(Oc1ccc(Cc2ccccc2)cc1)c1ccccc1,3
4932,O=C(Oc1ccc(Cc2ccccc2)cc1)c1ccccc1,3
4933,O=C(Oc1ccc(Cc2ccccc2)cc1)c1ccccc1,3
4934,O=C(Oc1ccc(Cc2ccccc2)cc1)c1ccccc1,3
4935,c1ccc(C2(c3ccccc3)CC3CC2C2C4CCC(C4)C32)cc1,3
4936,c1ccc(C2(c3ccccc3)CC3CC2C2CCCC32)cc1,2
4937,c1ccc(C2(c3ccccc3)CC3CCC2C3)cc1,3
4938,c1ccc(C2(c3ccccc3)CC3CCC2C3)cc1,3
4939,O=C(c1ccccc1)c1ccc(Oc2ccc(C3(c4ccccc4)CCC4CCCCC4C3)cc2)cc1,3
4940,O=C(c1ccccc1)c1cccc(C(=O)c2ccc(Oc3ccc(C4(c5ccccc5)c5ccccc5-c5ccccc54)cc3)cc2)c1,4
4941,O=C1C(=Cc2ccccc2)CCCC1=Cc1ccc(OC(=O)c2ccccc2)cc1,6
4942,O=C1C(=Cc2ccccc2)CCC1=Cc1ccc(OC(=O)c2ccc(N=Cc3ccc(C=Nc4ccccc4)cc3)cc2)cc1,9
4943,O=C1C(=Cc2ccccc2)CCCC1=Cc1ccccc1,4
4944,O=C1C(=Cc2ccccc2)CCCC1=Cc1ccccc1,4
4945,O=C(NCC1CCCC(NC(=O)Nc2cccc(-c3ccc(Oc4ccccc4)cc3)c2)C1)Nc1cccc(-c2ccc(Oc3ccccc3)cc2)c1,5
4946,O=C(Oc1ccccc1)c1cc(OCCCc2ccccc2)ccc1OCCCc1ccccc1,5
4947,O=C(Oc1ccccc1)c1ccccc1Sc1ccccc1,9
4948,O=C(Oc1cccc(-c2ccccc2)c1)c1ccccc1Sc1ccccc1,7
4949,O=C(Oc1ccccc1)c1ccc(-c2ccccc2)cc1-c1ccccc1,4
4950,O=C(Oc1cccc(Cc2ccccc2)c1)c1ccc(-c2ccccc2)cc1-c1ccccc1,6
4951,O=C(Oc1cccc(-c2ccccc2)c1)c1ccc(-c2ccccc2)cc1-c1ccccc1,6
4952,O=C(Oc1ccc(Sc2ccccc2)cc1)c1ccc(C(=O)Oc2ccc(Sc3cccc(C(=O)Oc4ccccc4)c3)cc2)cc1,2
4953,O=C(Oc1ccccc1)c1ccccc1,5
4954,O=C(Oc1cccc(C2CCCCCCC2)c1)c1ccccc1,8
4955,O=C(Oc1ccccc1)c1ccccc1,5
4956,O=C(Oc1cccc(-c2ccccc2)c1)c1ccccc1,7
4957,O=C(Oc1cccc(C=Cc2ccncc2)c1)c1ccc(OCCCCCCCCCCCCOc2ccccc2)cc1,3
4958,O=C(Oc1cccc(S(=O)(=O)c2ccccc2)c1)c1ccc(OCCCCCCCCCCOc2ccccc2)cc1,4
4959,O=C(Oc1ccccc1)c1ccc(OCCCCCCCCOc2ccccc2)cc1,2
4960,O=C(Oc1cccc(S(=O)(=O)c2ccccc2)c1)c1ccc(OCCCCCCOc2ccccc2)cc1,2
4961,O=C(Oc1ccccc1)c1ccc(Sc2cccc(OC(=O)c3ccc(C(=O)Oc4cccc(Sc5ccccc5)c4)cc3)c2)cc1,2
4962,O=C(CCCOc1ccccc1)NNC(=O)c1ccccc1,8
4963,O=C(CCCCOc1ccccc1)NNC(=O)c1ccccc1,8
4964,O=C(CCCCCOc1ccccc1)NNC(=O)c1ccccc1,9
4965,O=C(Nc1ccc(Oc2ccc(S(=O)(=O)c3ccc(Oc4ccc(NC(=O)c5ccc(Oc6ccccc6)cc5)cc4)cc3)cc2)cc1)c1ccccc1,2
4966,O=C(Nc1ccc(Oc2ccc(S(=O)(=O)c3ccc(Oc4ccc(NC(=O)c5ccc(Oc6cccc(-c7ccccc7)c6)cc5)cc4)cc3)cc2)cc1)c1ccccc1,4
4967,O=C(Nc1ccc(Oc2ccc(-c3ccc(Oc4ccc(NC(=O)c5ccc(Oc6ccccc6)cc5)cc4)cc3)cc2)cc1)c1ccccc1,7
4968,O=C(Nc1ccc(Oc2ccc(-c3ccc(Oc4ccc(NC(=O)c5ccc(Oc6cccc(-c7ccccc7)c6)cc5)cc4)cc3)cc2)cc1)c1ccccc1,6
4969,O=C(c1ccccc1)c1cccc(C(=O)c2ccc(Oc3ccccc3)cc2)c1,3
4970,O=C(c1ccccc1)c1ccc(Oc2ccccc2)cc1,8
4971,O=C(c1ccccc1)c1ccc(Oc2cccc(-c3ccccc3)c2)cc1,9
4972,O=C(c1ccccc1)c1ccc(Oc2cccc(-c3ccccc3)c2)cc1,9
4973,O=C(c1ccccc1)c1ccc(C(=O)c2ccc(Oc3cccc(-c4ccccc4)c3)cc2)cc1,4
4974,O=C(c1ccccc1)c1ccc(C(=O)c2ccc(Oc3cccc(-c4ccccc4)c3)cc2)cc1,4
4975,O=C(c1ccccc1)c1ccc(C(=O)c2ccc(Oc3cccc(-c4ccccc4)c3)cc2)cc1,4
4976,O=C(c1ccccc1)c1ccc(-c2ccc(C(=O)c3ccc(Oc4cccc(-c5ccccc5)c4)cc3)cc2)cc1,4
4977,O=C(c1ccccc1)c1ccc(-c2ccc(C(=O)c3ccc(Oc4cccc(-c5ccccc5)c4)cc3)cc2)cc1,4
4978,O=C(Nc1ccccc1)c1cccc(C(=O)Nc2ccc(Oc3ccccc3)cc2)c1,4
4979,O=C(Nc1ccccc1)c1ccc(Oc2ccc(Oc3ccc(C(=O)Nc4ccc(Oc5cccc(-c6ccccc6)c5)cc4)cc3)c(-c3ccccc3)c2)cc1,7
4980,O=S(=O)(c1ccccc1)c1ccccc1,5
4981,O=S(=O)(c1ccccc1)c1ccc(OCCCOc2ccc(Cc3ccccc3)cc2)cc1,4
4982,O=S(=O)(c1ccccc1)c1ccc(Oc2ccc(Cc3ccccc3)cc2)cc1,4
4983,O=C(Nc1ccc(-c2ccccc2)cc1)c1cccc(C(=O)Nc2ccc(-c3ccc(Oc4ccc(Cc5ccccc5)cc4)cc3)cc2)c1,9
4984,O=C(Oc1ccc(-c2cccc(-c3ccccc3)c2)cc1)c1ccccc1,2
4985,c1ccc(Cc2ccc(Oc3ccc(-c4ccc(-c5ccccc5)cc4)cc3)cc2)cc1,9
4986,c1ccccc1,1
4987,c1ccc(Cc2ccccc2)cc1,2
4988,O=C(Oc1ccc(Cc2ccccc2)cc1)c1ccccc1,3
4989,O=C(Oc1ccc(Cc2ccccc2)cc1)c1ccc(OCCCCCCCCCCOc2ccccc2)cc1,2
4990,c1ccc(C2(c3ccccc3)CC3CCC2C3)cc1,3
4991,O=S(=O)(c1ccccc1)c1ccccc1,5
4992,O=C(c1ccccc1)c1cccc(C(=O)c2ccccc2)c1,5
4993,c1ccccc1,1
4994,c1ccccc1,1
4995,c1ccccc1,1
4996,c1ccccc1,1
4997,c1ccccc1,1
4998,c1ccccc1,1
4999,c1ccc(-c2ccccc2)cc1,8
5000,O=C(c1ccccc1)c1ccccc1,4
5001,c1ccc(Cc2ccccc2)cc1,2
5002,c1ccc(Cc2ccccc2)cc1,2
5003,c1ccc(Cc2ccccc2)cc1,2
5004,c1ccc(Cc2ccccc2)cc1,2
5005,O=C(Oc1ccc(Cc2ccccc2)cc1)c1ccccc1,3
5006,O=C(Oc1ccc(Cc2ccccc2)cc1)c1ccccc1,3
5007,c1ccc(Cc2ccccc2)cc1,2
5008,c1ccc(Cc2ccc(OCCCOc3ccc(Cc4ccccc4)cc3)cc2)cc1,5
5009,O=C(Oc1ccc(C2(c3ccccc3)CCC3CCCCC3C2)cc1)c1ccccc1,5
5010,O=C(c1ccccc1)c1cccc(C(=O)c2ccc(Oc3ccc(C4(c5ccccc5)CCC5CCCCC5C4)cc3)cc2)c1,8
5011,O=C(c1ccccc1)c1ccc(Oc2ccc(C3(c4ccccc4)CCC4CCCCC4C3)cc2)cc1,3
5012,O=C(c1ccccc1)c1cccc(C(=O)c2ccc(Oc3ccc(C4(c5ccccc5)c5ccccc5-c5ccccc54)cc3)cc2)c1,4
5013,O=S(=O)(c1ccccc1)c1ccccc1,5
5014,O=S(=O)(c1ccccc1)c1ccc(OCCCOc2ccc(Cc3ccccc3)cc2)cc1,4
5015,c1ccc(-c2ccccc2)cc1,8
5016,c1ccc(-c2ccccc2)cc1,8
5017,O=C(c1ccccc1)c1ccc(Oc2ccc(-c3ccccc3)cc2)cc1,4
5018,c1ccccc1,1
5019,C=C(c1ccccc1)c1ccccc1,8
5020,c1ccc(Cc2ccccc2)cc1,2
5021,O=C(Oc1ccc(Cc2ccccc2)cc1)c1ccc(OCCCCCCCCCCOc2ccccc2)cc1,2
5022,c1ccc(Cc2ccccc2)cc1,2
5023,c1ccc(Cc2ccccc2)cc1,2
5024,c1ccc(C2(c3ccccc3)CC3CC2C2CCCC32)cc1,2
5025,c1ccccc1,1
5026,C(=C/c1ccc(/C=C/c2ccccc2)cc1)\c1ccccc1,7
5027,C(=C/c1ccc(/C=C/c2ccccc2)cc1)\c1ccccc1,7
5028,C(=C/c1ccc(/C=C/c2ccccc2)cc1)\c1ccccc1,7
5029,O=C1C(=Cc2ccccc2)CCCC1=Cc1ccccc1,4
5030,C(=Cc1ccc(C=Cc2ccccc2)cc1)c1ccccc1,6
5031,C(=Cc1ccc(C=Cc2ccccc2)cc1)c1ccccc1,6
5032,C(=Cc1ccc(C=Cc2ccccc2)cc1)c1ccccc1,6
5033,c1ccc(-c2ccccc2)cc1,8
5034,c1ccc(-c2cccc(-c3ccccc3-c3ccccc3)c2)cc1,8
5035,c1ccc(-c2cccc(-c3cccc4ccccc34)c2)cc1,8
5036,c1ccc(-c2cccc(-c3ccccc3)c2)cc1,3
5037,c1ccc(-c2cccc(-c3ccccc3)c2)cc1,3
5038,c1ccc(-c2cc(Cc3cc(-c4ccccc4)cc(-c4ccccc4)c3)cc(-c3ccccc3)c2)cc1,8
5039,c1ccc(-c2cc(Cc3cc(-c4ccccc4)cc(-c4ccccc4)c3)cc(-c3ccccc3)c2)cc1,8
5040,c1ccc(-c2cc(-c3ccccc3)cc(-c3cc(-c4ccccc4)cc(-c4ccccc4)c3)c2)cc1,6
5041,O=C(Oc1ccc(C23CC4CC(CC(C4)C2)C3)cc1)c1ccc(Oc2ccc(C3(c4ccc(Oc5ccccc5)cc4)CCCCC3)cc2)cc1,5
5042,O=C(Nc1ccccc1)c1cc(NC(=O)C23CC4CC(CC(C4)C2)C3)cc(C(=O)Nc2ccc(Oc3ccc(C45CC6CC(CC(C6)C4)C5)cc3)cc2)c1,5
5043,O=C(OC(=O)c1ccccc1)c1ccccc1,7
5044,O=C(OC(=O)c1ccccc1)c1ccccc1,7
5045,O=C(OC(=O)c1ccccc1)c1ccccc1,7
5046,O=C(OC(=O)c1ccccc1)c1ccccc1,7
5047,O=C(OC(=O)c1ccccc1OC(=O)c1ccccc1)c1ccccc1,9
5048,O=S(=O)(c1ccccc1)c1ccc(Oc2ccccc2)cc1,9
5049,O=C(c1ccc(Oc2ccc(Cc3ccccc3)cc2)cc1)c1cccc2ccccc12,3
5050,O=C(c1ccc(Oc2ccc(C3(c4ccccc4)c4ccccc4-c4ccccc43)cc2)cc1)c1cccc2ccccc12,2
5051,C(=Cc1cccc2ccccc12)c1ccc(C=Cc2cccc3ccccc23)cc1,4
5052,C(=Cc1cccc2ccccc12)c1ccc(C=Cc2cccc3ccccc23)cc1,4
5053,O=C(Oc1cccc2ccccc12)c1ccc(Oc2ccccc2)cc1,9
5054,c1ccc2c(-c3cccc4ccccc34)cccc2c1,8
5055,c1ccc2c(-c3cccc4ccccc34)cccc2c1,8
5056,c1ccc2c(-c3cccc4ccccc34)cccc2c1,8
5057,c1ccc2c(-c3cccc4ccccc34)cccc2c1,8
5058,c1ccc2c(-c3c(Oc4ccc(-c5cccc6ccccc56)c5ccccc45)ccc4ccccc34)cccc2c1,9
5059,c1ccc(Oc2ccc(-c3cccc4ccccc34)c3ccccc23)cc1,9
5060,c1ccc(Oc2cccc(Oc3ccc(Oc4ccc(-c5cccc6ccccc56)c5ccccc45)cc3)c2)cc1,3
5061,c1ccc(Oc2ccc(Oc3ccc(Oc4ccc(-c5cccc6ccccc56)c5ccccc45)cc3)cc2)cc1,4
5062,O=S(=O)(c1ccc(Oc2ccccc2)cc1)c1ccc(Oc2ccc(Oc3ccc(-c4cccc5ccccc45)c4ccccc34)cc2)cc1,4
5063,c1ccc2c(OC3CCC3)cccc2c1,3
5064,O=C(NCCOc1cccc2ccccc12)c1ccccc1,5
5065,O=C(Oc1ccc2ccccc2c1)c1ccc(Oc2ccccc2)cc1,8
5066,O=C(NCCOc1ccc2ccccc2c1)c1ccccc1,2
5067,O=C(Nc1ccccc1)c1cccc(C(=O)Nc2ccc(Oc3ccc4ccccc4c3)cc2)c1,3
5068,O=C(Nc1ccccc1)c1cccc(C(=O)Nc2ccc(Oc3ccc4ccccc4c3)cc2)c1,3
5069,O=C(Nc1ccccc1)c1ccc(Cc2ccc(C(=O)Nc3ccc(Oc4ccc5ccccc5c4)cc3)cc2)cc1,5
5070,O=C(Nc1ccccc1)c1ccc(Oc2ccccc2Oc2ccc(C(=O)Nc3ccc(Oc4ccc5ccccc5c4)cc3)cc2)cc1,7
5071,O=C(Nc1ccccc1)c1ccc(Oc2cccc(Oc3ccc(C(=O)Nc4ccc(Oc5ccc6ccccc6c5)cc4)cc3)c2)cc1,8
5072,O=C(Nc1ccccc1)c1ccc(Oc2ccc(C(=O)Nc3ccc(Oc4ccc5ccccc5c4)cc3)cc2)cc1,3
5073,O=C(Nc1ccccc1)c1ccc(Oc2ccc(Cc3cccc(Cc4ccc(Oc5ccc(C(=O)Nc6ccc(Oc7ccc8ccccc8c7)cc6)cc5)cc4)c3)cc2)cc1,6
5074,O=C(Nc1ccccc1)c1ccc(Oc2ccc(Oc3ccc(C(=O)Nc4ccc(Oc5ccc6ccccc6c5)cc4)cc3)cc2)cc1,7
5075,O=C(Nc1ccccc1)c1ccc(Oc2ccc(S(=O)(=O)c3ccc(Oc4ccc(C(=O)Nc5ccc(Oc6ccc7ccccc7c6)cc5)cc4)cc3)cc2)cc1,7
5076,O=C(Nc1ccccc1)c1ccc(S(=O)(=O)c2ccc(C(=O)Nc3ccc(Oc4ccc5ccccc5c4)cc3)cc2)cc1,5
5077,O=C(Oc1ccccc1)c1ccccc1,5
5078,c1ccccc1,1
5079,O=C(Oc1ccccc1)c1ccc(C=Nc2ccc(OCCCCCCOc3ccc(N=Cc4ccccc4)cc3)cc2)cc1,4
5080,O=C(Oc1ccc(OC(=O)c2ccccc2)cc1)c1ccccc1,2
5081,O=C(Oc1ccc(N=Nc2ccccc2)cc1)c1cccc(Oc2ccc(Cc3ccccc3)cc2)c1,8
5082,c1ccc(Cc2ccccc2)cc1,2
5083,c1ccc(Cc2ccccc2)cc1,2
5084,O=C(Nc1ccc(NC(=O)c2ccccc2)cc1)c1ccccc1,7
5085,O=C(c1ccccc1)c1ccccc1-c1cc(Oc2ccc(Cc3ccccc3)cc2)ccc1C(=O)c1ccccc1,2
5086,O=C(c1ccccc1)c1ccccc1-c1cc(Oc2ccc(-c3ccccc3)cc2)ccc1C(=O)c1ccccc1,4
5087,c1ccc(C(c2ccccc2)c2ccccc2)cc1,8
5088,c1ccc(CCc2ccccc2)cc1,8
5089,c1ccc(CCc2ccccc2)cc1,8
5090,c1ccc(CCc2ccccc2)cc1,8
5091,c1ccc(CCc2ccccc2)cc1,8
5092,c1ccc(CCc2ccccc2)cc1,8
5093,c1ccc(CCc2ccccc2)cc1,8
5094,C(=Nc1ccccc1)c1ccc(C=Nc2ccccc2)cc1,5
5095,O=S(=O)(c1ccccc1)c1ccc(Oc2ccc(Cc3ccccc3)cc2)cc1,4
5096,O=S(=O)(c1ccccc1)c1ccc(Oc2ccc(Cc3ccccc3)cc2)cc1,4
5097,O=S(=O)(c1ccccc1)c1ccc(Oc2ccc(Cc3ccccc3)cc2)cc1,4
5098,O=S(=O)(c1ccccc1)c1ccc(Oc2ccc(Cc3ccccc3)cc2)cc1,4
5099,O=S(=O)(c1ccccc1)c1ccc(Oc2ccc(Cc3ccccc3)cc2)cc1,4
5100,O=S(=O)(c1ccccc1)c1ccc(Oc2ccc(Cc3ccccc3)cc2)cc1,4
5101,O=S(=O)(c1ccccc1)c1ccc(Oc2ccc(Cc3ccccc3)cc2)cc1,4
5102,O=S(=O)(c1ccccc1)c1ccc(Oc2ccc(Cc3ccccc3)cc2)cc1,4
5103,O=S(=O)(c1ccccc1)c1ccc(Oc2ccc(Cc3ccccc3)cc2)cc1,4
5104,O=C(OCCNc1ccc(N=Nc2ccccc2)cc1)c1cccc(OC(=O)c2ccccc2)c1,3
5105,O=C(Oc1ccccc1)c1ccccc1,5
5106,O=C(Oc1ccccc1)c1ccccc1,5
5107,O=C(Oc1ccccc1)c1ccccc1,5
5108,O=C(Oc1ccccc1)c1ccccc1,5
5109,O=C(Oc1ccccc1)c1ccccc1,5
5110,O=C(Oc1ccccc1)c1ccccc1,5
5111,c1ccc(Cc2ccc(Oc3ccccc3)cc2)cc1,5
5112,O=C(OC(=O)c1ccccc1)c1ccccc1,7
5113,O=C(OC(=O)c1ccccc1)c1ccccc1,7
5114,O=C(OC(=O)c1ccccc1)c1ccccc1,7
5115,O=C(OCCCCCOC(=O)c1ccccc1)c1ccccc1,8
5116,O=C(c1ccccc1)c1ccccc1,4
5117,O=C(c1ccccc1)c1ccc(Oc2ccc(C(=O)c3ccccc3)cc2)cc1,7
5118,O=C(Oc1cccc(CCCc2ccccc2)c1)c1cccc(CCCc2ccccc2)c1,8
5119,c1ccc(N(c2ccccc2)c2ccc(-c3ccc(N(c4ccccc4)c4ccccc4)cc3)cc2)cc1,5
5120,O=C(Nc1ccccc1)C(=O)Nc1cccc(OCCCOc2ccc(Cc3ccccc3)cc2)c1,4
5121,O=C(CCCCCCC(=O)Nc1ccccc1)Nc1ccccc1,8
5122,O=C(CCCCCCCC(=O)Nc1ccccc1)Nc1ccccc1,9
5123,O=C(CCCCCCCCC(=O)Nc1ccccc1)Nc1ccccc1,3
5124,O=C(CCCCCCCCCC(=O)Nc1ccccc1)Nc1ccccc1,4
5125,O=C(Cc1cccc(CC(=O)Nc2cccc(OCCCOc3ccc(Cc4ccccc4)cc3)c2)c1)Nc1ccccc1,2
5126,O=C(Nc1cc(C(=O)Nc2ccccc2)cc(C(=O)Nc2ccccc2)c1)c1ccccc1,6
5127,O=C(Nc1ccccc1)c1cccc(C(=O)Nc2ccccc2)c1,6
5128,O=C(Nc1ccccc1)c1cccc(C(=O)Nc2ccccc2)c1,6
5129,O=C(Nc1ccccc1)c1cccc(C(=O)Nc2ccccc2)c1,6
5130,O=C(Nc1ccccc1)c1cccc(C(=O)Nc2ccccc2)c1,6
5131,O=C(Nc1ccccc1)c1cccc(C(=O)Nc2ccc(Oc3ccc(C(=O)c4ccccc4)cc3)cc2)c1,8
5132,O=C(Nc1ccccc1)c1ccc(C(=O)Nc2ccccc2)cc1,6
5133,O=C(Nc1ccccc1)c1ccc(C(=O)Nc2ccccc2)cc1,6
5134,O=C(Nc1ccccc1)c1ccc(C(=O)Nc2ccccc2)cc1,6
5135,O=C(Nc1ccccc1)c1ccc(C(=O)Nc2ccccc2)cc1,6
5136,O=C(Nc1ccccc1)c1ccc(C(=O)Nc2ccccc2)cc1,6
5137,O=C(Nc1ccccc1)c1ccc(C(=O)Nc2ccc(Oc3ccc(C(=O)c4ccccc4)cc3)cc2)cc1,5
5138,O=C(Nc1ccccc1)c1ccc([SiH2]c2ccccc2)cc1,7
5139,c1ccccc1,1
5140,O=C(Oc1ccccc1)Oc1ccc(Cc2ccccc2)cc1,7
5141,O=C(Oc1ccccc1)c1ccccc1,5
5142,O=C(Oc1ccccc1)c1ccccc1,5
5143,O=C(Oc1ccccc1)c1ccc(OC(=O)c2cccc(C(=O)Oc3ccccc3)c2)cc1,5
5144,O=C(Oc1ccccc1)c1ccc(Oc2ccccc2)cc1,9
5145,O=C(Oc1ccccc1)c1ccc([SiH2]c2ccccc2)cc1,7
5146,O=S(=O)(c1ccccc1)c1ccc(OCCCOc2ccccc2)cc1,5
5147,O=C(Nc1ccc(Oc2ccc(-c3ccc(Oc4ccc(NC(=O)c5cccc(Oc6ccccc6)c5)cc4)cc3)cc2)cc1)c1ccccc1,9
5148,O=C(Nc1ccccc1)c1cccc(Oc2cccc(C(=O)Nc3cccc(Oc4ccccc4)c3)c2)c1,3
5149,O=C(Nc1ccccc1)c1cccc(Oc2cccc(Oc3cccc(C(=O)Nc4cccc(Oc5ccccc5)c4)c3)c2)c1,4
5150,O=C(Oc1cccc(OC(=O)c2ccc(Oc3ccccc3)cc2)c1)c1ccccc1,2
5151,O=C(c1ccccc1)c1ccc(Oc2ccccc2)cc1,8
5152,O=C(Nc1ccc(C(=O)c2ccccc2)cc1)c1cccc(C(=O)Nc2ccc(C(=O)c3ccc(Oc4ccccc4)cc3)cc2)c1,7
5153,O=C(Nc1ccc(C(=O)c2ccccc2)cc1)c1ccc(C(=O)Nc2ccc(C(=O)c3ccc(Oc4ccccc4)cc3)cc2)cc1,2
5154,O=C(c1ccccc1)c1ccc(P(=O)(c2ccccc2)c2ccc(C(=O)c3ccc(Oc4ccccc4)cc3)cc2)cc1,2
5155,O=C(Nc1ccccc1)c1ccc(-c2ccc(C(=O)Nc3ccc(Oc4ccccc4)cc3)cc2)cc1,2
5156,O=C(Nc1cc(C(=O)Nc2ccccc2)cc(C(=O)Nc2ccc(Oc3ccccc3)cc2)c1)c1ccccc1,7
5157,O=S(=O)(c1ccc(Oc2ccc(Oc3ccccc3)cc2)cc1)c1ccc(Oc2ccc(Oc3cccc(Oc4ccc(-c5ccccc5)cc4)c3)cc2)cc1,9
5158,O=C(Oc1cccc(Oc2ccc(Oc3ccccc3)cc2)c1)c1ccccc1,8
5159,c1ccc(C2CCc3ccccc32)cc1,8
5160,O=C(Oc1ccc(C2CCc3ccccc32)cc1)c1ccccc1,5
5161,O=C(Oc1ccc2c(c1)C1(CCc3ccccc31)CC2)c1ccccc1,5
5162,c1ccc2ccccc2c1,9
5163,O=C(Oc1ccc2ccccc2c1)c1ccc(-c2ccccc2)cc1-c1ccccc1,8
5164,O=C(c1ccccc1)c1ccc(Oc2ccc3ccccc3c2)cc1,4
5165,O=S(=O)(c1ccccc1)c1ccc(Oc2ccc3ccccc3c2)cc1,2
5166,O=C(c1ccccc1)c1ccc(Oc2ccc(S(=O)(=O)c3ccc(Oc4ccc5ccccc5c4)cc3)cc2)cc1,7
5167,O=C(Oc1ccc2ccccc2c1)c1ccc(Oc2ccccc2)cc1,8
5168,O=C(NCCOc1ccc2ccccc2c1)c1ccccc1,2
5169,O=C(NCCOc1ccc2ccccc2c1)c1ccccc1,2
5170,O=C(Nc1ccc(Oc2cccc(NC(=O)c3ccc(Oc4ccc5ccccc5c4)cc3)c2)cc1)c1ccccc1,3
5171,O=C(Nc1ccc(Cc2ccc(Cc3ccc(NC(=O)c4ccc(Oc5ccc6ccccc6c5)cc4)cc3)cc2)cc1)c1ccccc1,9
5172,O=C(Nc1ccc(Oc2ccc(Cc3ccc(Cc4ccc(Oc5ccc(NC(=O)c6ccc(Oc7ccc8ccccc8c7)cc6)cc5)cc4)cc3)cc2)cc1)c1ccccc1,8
5173,O=C(Nc1ccc(Oc2ccc(Cc3ccc(Oc4ccc(NC(=O)c5ccc(Oc6ccc7ccccc7c6)cc5)cc4)cc3)cc2)cc1)c1ccccc1,5
5174,O=C(Nc1ccc(Oc2ccc(Cc3ccc(Oc4ccc(NC(=O)c5ccc(Oc6ccc7ccccc7c6)cc5)cc4)cc3)cc2)cc1)c1ccccc1,5
5175,O=C(Nc1ccc(Oc2ccc(C(c3ccccc3)c3ccc(Oc4ccc(NC(=O)c5ccc(Oc6ccc7ccccc7c6)cc5)cc4)cc3)cc2)cc1)c1ccccc1,4
5176,O=C(Nc1ccc(Oc2ccc(S(=O)(=O)c3ccc(Oc4ccc(NC(=O)c5ccc(Oc6ccc7ccccc7c6)cc5)cc4)cc3)cc2)cc1)c1ccccc1,3
5177,O=C(Oc1ccc2ccccc2c1)c1ccc(Oc2ccccc2)cc1,8
5178,c1ccc(-c2ccc(-c3ccccc3)cc2)cc1,9
5179,c1ccc(-c2ccc(-c3ccccc3)cc2)cc1,9
5180,c1ccc(-c2ccc(-c3ccccc3)cc2)cc1,9
5181,c1ccc(-c2ccc(-c3cccs3)cc2)cc1,7
5182,c1ccc(-c2ccc(-c3cccs3)cc2)cc1,7
5183,c1ccc(-c2ccc(-c3ccccc3)s2)cc1,7
5184,c1ccc(-c2ccc(-c3cccs3)s2)cc1,7
5185,c1ccc(-c2ccc(-c3cccs3)s2)cc1,7
5186,c1ccc(-c2ccc(-c3cccs3)s2)cc1,7
5187,c1csc(-c2ccc(-c3cccs3)s2)c1,9
5188,c1csc(-c2ccc(-c3cccs3)s2)c1,9
5189,c1ccc(-c2ccccc2)cc1,8
5190,c1ccc(-c2ccccc2)cc1,8
5191,c1ccc(-c2ccccc2)cc1,8
5192,c1ccc(-c2ccccc2)cc1,8
5193,c1ccc(-c2ccccc2)cc1,8
5194,c1ccc(-c2ccccc2)cc1,8
5195,c1ccc(-c2cccs2)cc1,5
5196,c1ccc(-c2cccs2)cc1,5
5197,c1ccc(-c2cccs2)cc1,5
5198,c1ccc(-c2cccs2)cc1,5
5199,c1csc(-c2cccs2)c1,3
5200,c1csc(-c2cccs2)c1,3
5201,c1csc(-c2cccs2)c1,3
5202,c1ccc(N=Nc2ccc(-c3ccccc3)cc2)cc1,8
5203,c1ccc(-c2ccccc2)cc1,8
5204,c1ccc(Cc2ccc(Oc3ccc(-c4ccccc4)cc3)cc2)cc1,4
5205,c1ccc(-c2ccc(Oc3ccccn3)cc2)cc1,3
5206,O=c1[nH]c(=O)c2cc3c(=O)n(Oc4ccc(C(=Nc5ccc(N=C(c6ccccc6)c6ccccc6)cc5)c5ccccc5)cc4)c(=O)c3cc12,5
5207,O=C(CCCCC(=O)c1ccccc1)c1ccccc1,3
5208,O=C(CNCCCCCCCCNCC(=O)c1ccccc1)c1ccccc1,7
5209,O=C(CNNCC(=O)c1ccccc1)c1ccccc1,8
5210,O=C(NCCCCCNC(=O)c1ccccc1)c1ccccc1,7
5211,O=C(NCCCCCCCCCCCCNC(=O)c1ccccc1)c1ccccc1,5
5212,O=C(NNC(=O)c1cccc(C(=O)NNC(=O)c2ccc(OC(=O)c3ccccc3)cc2)c1)c1ccccc1,6
5213,O=C(Nc1cc(NC(=O)c2ccccc2)cc(-c2nc3ccccc3[nH]2)c1)c1ccccc1,3
5214,O=C(Nc1ccc(Cc2ccc(NC(=O)c3ccc(Oc4ncnc(Sc5ccccc5)n4)cc3)cc2)cc1)c1ccccc1,7
5215,O=C(Nc1ccc(S(=O)(=O)c2ccc(NC(=O)c3ccc(Oc4ncnc(Sc5ccccc5)n4)cc3)cc2)cc1)c1ccccc1,2
5216,O=C(Nc1ccccc1)c1ccccc1,2
5217,O=C(OCCCOC(=O)c1ccccc1)c1ccccc1,5
5218,O=C(OCCCOC(=O)c1ccc(OC(=O)c2ccccc2)cc1)c1ccccc1,9
5219,O=C(OCCOCCOC(=O)c1ccccc1)c1ccccc1,2
5220,O=C(c1ccccc1)c1ccccc1,4
5221,O=C(c1ccccc1)c1ccccc1,4
5222,O=C(c1ccccc1)c1ccccc1,4
5223,O=C(c1ccccc1)c1ccccc1,4
5224,O=C(c1ccccc1)c1cccs1,8
5225,O=C(c1ccccc1)c1cccs1,8
5226,O=C(c1ccccc1)c1cccs1,8
5227,O=C(c1ccccc1)c1cccs1,8
5228,O=C(c1ccccc1)c1cccs1,8
5229,O=C(Oc1ccc(C(=O)c2ccccc2)cc1)OC1CCC1,3
5230,O=C(c1ccccc1)c1cccc(C(=O)c2ccccc2)c1,5
5231,S=C(c1ccccc1)c1ccccc1,4
5232,S=C(c1ccccc1)c1ccccc1,4
5233,S=C(c1ccccc1)c1ccccc1,4
5234,S=C(c1ccccc1)c1cccs1,2
5235,S=C(c1ccccc1)c1cccs1,2
5236,S=C(c1cccs1)c1cccs1,4
5237,c1ccc(C(c2ccccc2)c2ccccc2)cc1,8
5238,c1ccc(Cc2ccccc2)cc1,2
5239,c1ccc(Cc2ccccc2)cc1,2
5240,c1ccc(Cc2ccccc2)cc1,2
5241,O=C(OCCNc1ccccc1)Oc1ccc(Cc2ccccc2)cc1,7
5242,O=C(Oc1ccc(Cc2ccccc2)cc1)c1ccccc1,3
5243,c1ccc(Cc2ccc(Oc3cnccn3)cc2)cc1,4
5244,c1ccc(Cc2ccc(Oc3ncncn3)cc2)cc1,8
5245,c1ccc(Cc2ccccc2)cc1,2
5246,c1ccc(Cc2ccccc2)cc1,2
5247,O=C(Oc1ccc(C(c2ccccc2)c2ccccc2)cc1)OC1CCC1,7
5248,C(=Cc1ccccc1)c1ccccc1,9
5249,C(=Cc1ccccc1)c1ccccc1,9
5250,C(=Nc1ccc(N=Cc2ccccc2)cc1)c1ccccc1,9
5251,c1ccc(C(c2ccccc2)c2ccccc2)cc1,8
5252,c1ccc(Cc2ccccc2)cc1,2
5253,c1ccc(Cc2ccccc2)cc1,2
5254,c1ccccc1,1
5255,c1ccccc1,1
5256,c1ccccc1,1
5257,c1ccsc1,6
5258,c1ccsc1,6
5259,c1ccsc1,6
5260,c1ccsc1,6
5261,c1ccc(C(c2ccccc2)C2CCCCC2)cc1,9
5262,O=C(Oc1ccc(Cc2ccccc2)cc1)c1ccc(OCCCCCCCCCCOc2ccccc2)cc1,2
5263,O=C(Oc1ccc(Cc2ccccc2)cc1)c1ccccc1,3
5264,c1ccc(C(c2ccccc2)(c2ccccc2)c2ccccc2)cc1,2
5265,c1ccc(C(c2ccccc2)c2ccccc2)cc1,8
5266,c1ccc(C(c2ccccc2)c2ccccc2)cc1,8
5267,c1ccc(C2(c3ccccc3)CCCCC2)cc1,3
5268,c1ccc(C2(c3ccccc3)CCCCCC2)cc1,3
5269,c1ccc(C2(c3ccccc3)c3ccccc3-c3ccccc32)cc1,6
5270,O=C(Oc1ccc(C2(c3ccccc3)CC3CCC2C3)cc1)OC1CCC1,3
5271,O=C(Oc1ccc(C2(c3ccccc3)CCCCC2)cc1)OC1CCC1,4
5272,O=C(Oc1ccc(C2(c3ccccc3)CC3CC2C2CCCC32)cc1)c1ccccc1,7
5273,O=C(Oc1ccc(C2(c3ccccc3)CCCCC2)cc1)c1ccccc1,3
5274,O=C(Oc1ccc(C2(c3ccccc3)CCc3ccccc32)cc1)c1ccccc1,9
5275,O=C(Oc1ccc(C2(c3ccccc3)c3ccccc3-c3ccccc32)cc1)c1ccccc1,3
5276,O=C(Oc1ccc(C2(c3ccccc3)CCC3CCCCC3C2)cc1)c1ccccc1,5
5277,c1ccccc1,1
5278,C(=Nc1ccc(N=Cc2ccccc2)cc1)c1ccccc1,9
5279,c1ccccc1,1
5280,c1ccccc1,1
5281,c1ccccc1,1
5282,c1ccc(CCCc2ccccc2)cc1,7
5283,O=C(CCc1ccccc1)NCCc1ccccc1,3
5284,O=C(CCc1ccccc1)NCCc1ccccc1,3
5285,O=C(CCc1ccccc1)NCCc1ccccc1,3
5286,O=C(CCc1ccccc1)NCCc1ccccc1,3
5287,O=C(Cc1ccccc1)NCCc1ccccc1,9
5288,O=C(NCCc1ccccc1)c1ccccc1,9
5289,c1ccc(Cc2ccccc2)cc1,2
5290,c1ccc(Cc2ccccc2)cc1,2
5291,c1ccc(Cc2ccccc2)cc1,2
5292,c1ccc(Cc2ccccc2)cc1,2
5293,c1ccc(Cc2ccccc2)cc1,2
5294,O=C(OCC1CCCCC1)Oc1ccc(Cc2ccccc2)cc1,2
5295,O=C(Nc1ccccc1)Oc1ccc(N=CCCCC=Nc2ccccc2)cc1,6
5296,C(=Nc1ccccc1)Nc1ccccc1,8
5297,c1ccc(N=Nc2ccccc2)cc1,7
5298,C=C(Nc1ccccc1)c1ccc(-c2ccc(-c3ccc(C(=C)Nc4ccccc4)cc3)cc2)cc1,8
5299,O=C(CCCCCCCCCCC(=O)Nc1ccccc1)Nc1ccccc1,3
5300,c1ccccc1,1
5301,O=C(Nc1ccccc1)OCCOC(=O)Nc1ccccc1,7
5302,O=C(Nc1ccccc1)c1cc(C(=O)Nc2ccccc2)cc(S(=O)(=O)c2ccccc2)c1,6
5303,O=C(Nc1cc(C(=O)Nc2ccccc2)cc(C(=O)Nc2ccccc2)c1)c1ccccc1,6
5304,O=C(Nc1cc(C(=O)Nc2ccccc2)cc(C(=O)Nc2ccccc2)c1)c1ccncc1,8
5305,O=C(Nc1ccccc1)c1ccc(Oc2ccc(C(=O)Nc3ccccc3)cc2)cc1,6
5306,O=C(Nc1ccccc1)c1cccc(C(=O)Nc2ccc(Oc3ccc(C4(c5ccccc5)C5CC6CC(C5)CC4C6)cc3)cc2)c1,8
5307,c1ccc(Nc2ccc(N=Nc3ccc(Nc4ccccc4)cc3)cc2)cc1,3
5308,c1ccccc1,1
5309,c1ccccc1,1
5310,c1ccccc1,1
5311,c1ccccc1,1
5312,c1ccccc1,1
5313,c1ccsc1,6
5314,c1ccsc1,6
5315,c1ccsc1,6
5316,c1ccsc1,6
5317,c1ccsc1,6
5318,c1ccccc1,1
5319,O=C(Oc1ccccc1)Oc1ccccc1,5
5320,O=C(Oc1ccccc1)Oc1ccccc1,5
5321,O=C(Oc1ccccc1)c1ccccc1,5
5322,O=C(Oc1cccc(C2CCCCCC2)c1)c1ccccc1,7
5323,O=C(Oc1cccc(C2CCCCCCC2)c1)c1ccccc1,8
5324,O=C(Oc1ccccc1)c1ccccc1,5
5325,O=C(Oc1ccccc1)c1ccccc1,5
5326,O=C(Oc1ccccc1)c1ccccc1Oc1ccccc1,4
5327,O=C(Oc1ccccc1)c1ccccc1,5
5328,O=C(Oc1ccccc1)c1ccccc1,5
5329,O=C(Oc1cccc(S(=O)(=O)c2ccccc2)c1)c1ccc(OCCCCCCCCCCOc2ccccc2)cc1,4
5330,c1ccc(Oc2cccs2)cc1,9
5331,c1ccc(Oc2cccs2)cc1,9
5332,c1ccc(Oc2cccs2)cc1,9
5333,c1ccc(Oc2cccs2)cc1,9
5334,c1csc(Oc2cccs2)c1,2
5335,c1csc(Oc2cccs2)c1,2
5336,c1csc(Oc2cccs2)c1,2
5337,c1csc(Oc2cccs2)c1,2
5338,O=C(c1ccccc1)c1ccc(Oc2ccccc2)cc1,8
5339,O=C(c1ccccc1)c1ccc(Oc2ccccc2)cc1,8
5340,O=C(c1ccccc1)c1ccc(Oc2ccccc2)cc1,8
5341,O=C(c1ccccc1)c1ccc(Oc2ccccc2)cc1,8
5342,O=C(c1ccccc1)c1ccc(Oc2ccccc2)cc1,8
5343,O=C(c1ccccc1)c1ccc(Oc2ccccc2)cc1,8
5344,O=C(c1ccccc1)c1ccc(Oc2ccccc2)cc1,8
5345,O=C(c1ccccc1)c1ccc(Oc2ccccc2)cc1,8
5346,O=C(c1ccccc1)c1cccc(-c2cccc(C(=O)c3ccc(Oc4ccccc4)cc3)c2)c1,2
5347,O=C(c1ccccc1)c1ccccc1-c1ccccc1C(=O)c1ccc(Oc2ccccc2)cc1,4
5348,C(=NCCCCCCN=Cc1ccc(Oc2ccccc2)cc1)c1ccccc1,8
5349,C(=NCCCCN=Cc1ccc(Oc2ccccc2)cc1)c1ccccc1,6
5350,C=C(Nc1ccccc1)c1ccc(-c2ccc(-c3ccc(C(=C)Nc4ccc(Oc5ccccc5)cc4)cc3)cc2)cc1,6
5351,C=C(Nc1ccccc1)c1cccc(C(=C)Nc2ccc(Oc3ccccc3)cc2)c1,6
5352,O=C(Nc1ccccc1)c1ccc(Oc2ccc(C(=O)Nc3ccc(Oc4ccccc4)cc3)cc2)cc1,8
5353,O=C(Oc1ccc(Oc2ccccc2)cc1)c1ccc(OC(=O)c2ccc(C(=O)Oc3ccccc3)cc2)cc1,6
5354,O=C(Oc1ccc(Oc2ccccc2)cc1)c1ccccc1,2
5355,c1ccc(Oc2ccc(Oc3ccccn3)cc2)cc1,4
5356,c1ccc(-c2ccccc2Oc2ccccn2)cc1,3
5357,c1ccc(Oc2ccccn2)cc1,2
5358,c1ccc(Oc2ccccn2)cc1,2
5359,O=P(c1ccccc1)(c1ccccc1)c1ccccc1,6
5360,O=[PH](c1ccccc1)c1ccccc1,7
5361,O=S(=O)(c1ccccc1)c1ccccc1,5
5362,O=S(=O)(c1ccccc1)c1ccc(-c2ccc(-c3ccc(S(=O)(=O)c4ccccc4)cc3)cc2)cc1,6
5363,O=S(=O)(c1ccccc1)c1ccc(Oc2ccc(C3(c4ccccc4)c4ccccc4-c4ccccc43)cc2)cc1,4
5364,O=S(=O)(c1ccccc1)c1ccc2cc(S(=O)(=O)c3ccc(Oc4ccc(-c5ccccc5)cc4)cc3)ccc2c1,9
5365,O=S(=O)(c1ccccc1)c1cccc2c(S(=O)(=O)c3ccc(Oc4ccc(-c5ccccc5)cc4)cc3)cccc12,3
5366,O=S(c1ccccc1)c1ccccc1,7
5367,c1ccc(SSCCSSc2ccccc2)cc1,7
5368,c1ccc(Sc2ccccc2)cc1,5
5369,c1ccc(Sc2ccccc2)cc1,5
5370,c1ccccc1,1
5371,C(=C/c1ccccc1)\c1ccccc1,2
5372,C(=C/c1ccccc1)\c1ccccc1,2
5373,C(=C(c1ccccc1)c1ccccc1)c1ccc(C=C(c2ccccc2)c2ccccc2)cc1,4
5374,C(=Cc1ccccc1)c1ccccc1,9
5375,C(=Cc1ccccc1)c1ccccc1,9
5376,C(=C(c1ccccc1)c1ccccc1)c1ccc(-c2ccc(C=C(c3ccccc3)c3ccccc3)cc2)cc1,3
5377,C(=C(c1ccccc1)c1ccccc1)c1ccc(-c2ccc(C=C(c3ccccc3)c3ccccc3)cc2)cc1,3
5378,O=C(Oc1ccc(C(=Cc2ccc(-c3ccc(C=C(c4ccccc4)c4ccccc4)cc3)cc2)c2ccccc2)cc1)c1ccccc1,5
5379,O=C(Oc1ccc(C(=Cc2ccc(-c3ccc(C=C(c4ccccc4)c4ccccc4)cc3)cc2)c2ccccc2)cc1)c1ccccc1,5
5380,C(=Nc1ccc(N=Cc2ccc(Oc3ccc(Cc4ccccc4)cc3)cc2)cc1)c1ccccc1,3
5381,c1ccc(Cc2ccc(Oc3ccc(C(=Nc4ccc(N=C(c5ccccc5)c5ccccc5)cc4)c4ccccc4)cc3)cc2)cc1,8
5382,c1ccc(C(=Nc2ccc(N=C(c3ccccc3)c3ccc(Oc4ccc(C(c5ccccc5)(c5ccccc5)c5ccccc5)cc4)cc3)cc2)c2ccccc2)cc1,5
5383,O=C(c1ccccc1)N(C(=O)c1ccccc1)c1ccccc1,9
5384,O=C(c1ccccc1)N(C(=O)c1ccccc1)c1ccc(Oc2ccccc2)cc1,5
5385,O=C(NNC(=O)c1cccc(C(=O)NNC(=O)c2ccc(OC(=O)c3ccccc3)cc2)c1)c1ccccc1,6
5386,O=C(NNC(=O)c1ccccc1)c1ccccc1,3
5387,O=C(NNC(=O)c1ccc(C(=O)NNC(=O)c2ccc(OC(=O)c3ccccc3)cc2)cc1)c1ccccc1,7
5388,O=C(Nc1ccc(NC(=O)c2ccccc2)cc1)c1ccccc1,7
5389,O=C(Nc1ccc(-c2ccccc2NC(=O)c2ccccc2)cc1)c1ccccc1,9
5390,O=C(Nc1cccc(Cc2cccc(NC(=O)c3ccc(OC(=O)c4ccccc4)cc3)c2)c1)c1ccccc1,9
5391,O=C(C=Cc1ccccc1)OCCOC(=O)c1cc(NC(=O)c2ccccc2)cc(NC(=O)c2ccccc2)c1,8
5392,O=C(Nc1cc(NC(=O)c2ccccc2)cc(-c2nc3ccccc3[nH]2)c1)c1ccccc1,3
5393,O=C(Nc1cc(NC(=O)c2ccccc2)cc(-c2nc3ccccc3[nH]2)c1)c1ccccc1,3
5394,O=C(Nc1cc(NC(=O)c2ccccc2)cc(-c2nc3ccccc3[nH]2)c1)c1ccccc1,3
5395,O=C(Nc1cc(NC(=O)c2ccccc2)cc(-c2nc3ccccc3[nH]2)c1)c1ccccc1,3
5396,O=C(Nc1ccc(C(c2ccc(NC(=O)c3ccccc3)cc2)(P2(=O)Oc3ccccc3-c3ccccc32)P2(=O)Oc3ccccc3-c3ccccc32)cc1)c1ccccc1,5
5397,O=C(Nc1ccc(Cc2ccc(NC(=O)c3ccc(OC(=O)c4ccccc4)cc3)cc2)cc1)c1ccccc1,5
5398,O=C(Nc1ccc(Cc2ccc(NC(=O)c3ccc(OC(=O)c4ccccc4)cc3)cc2)cc1)c1ccccc1,5
5399,O=C(Nc1ccc(S(=O)(=O)c2ccc(NC(=O)c3ccc(Oc4ccc(C(=O)c5ccc(S(=O)(=O)c6ccc(C(=O)c7ccccc7)cc6)cc5)cc4)cc3)cc2)cc1)c1ccccc1,5
5400,O=C(OC(=O)c1ccccc1)c1ccccc1,7
5401,O=C(OC(=O)c1ccccc1)c1ccccc1,7
5402,O=C(OC(=O)c1ccccc1)c1ccccc1,7
5403,O=C(OC(=O)c1ccccc1)c1ccccc1,7
5404,O=C(OCCOC(=O)c1ccc(OC(=O)c2ccccc2)cc1)c1ccccc1,2
5405,O=C(OCCOCCOCCOC(=O)c1ccc(OC(=O)c2ccccc2)cc1)c1ccccc1,6
5406,c1ccccc1,1
5407,O=C(OCCCCCCCOC(=O)c1ccc(OC(=O)c2ccccc2)cc1)c1ccccc1,2
5408,O=C(OCCCCCCOC(=O)c1ccccc1)c1ccccc1,7
5409,O=C(OCCCCOC(=O)c1ccccc1)c1ccccc1,8
5410,O=C(OCCCOC(=O)c1ccccc1)c1ccccc1,5
5411,C=C1C=C(C=Cc2ccc(N(CCOC(=O)c3ccccc3)CCOC(=O)c3ccc(OC4CCC4)cc3)cc2)CCC1,4
5412,O=C(OCCN(CCOC(=O)c1ccccc1)c1ccc(N=Nc2ccccc2)cc1)c1ccccc1,9
5413,O=C(OCCN(CCOC(=O)c1ccccc1)c1ccc(N=Nc2ccccc2)cc1)c1ccccc1,9
5414,O=C(OCCN(CCOC(=O)c1ccccc1)c1ccccc1)c1ccccc1,6
5415,O=C(OCCOC(=O)c1ccccc1)c1ccccc1,9
5416,O=C(OCCOC(=O)c1ccccc1)c1ccccc1,9
5417,O=C(OCCOCCOC(=O)c1ccccc1)c1ccccc1,2
5418,O=C(OCCOCCOCCOC(=O)c1ccc(OC(=O)c2ccccc2)cc1)c1ccccc1,6
5419,O=C(OCCOCCOCCOCCOC(=O)c1ccc(OC(=O)c2ccccc2)cc1)c1ccccc1,2
5420,O=C(c1ccccc1)c1cccc(C(=O)c2ccccc2)c1,5
5421,O=C(c1ccccc1)c1cccc(C(=O)c2ccc(Oc3cccc(Cc4ccccc4)c3)cc2)c1,4
5422,O=C(c1ccccc1)c1cccc(-c2cccc(C(=O)c3ccccc3)c2)c1,5
5423,O=C(c1ccccc1)c1ccc(C(=O)c2ccc(Oc3cccc(Cc4ccccc4)c3)cc2)cc1,5
5424,O=C(c1ccccc1)c1ccc(C(=O)c2ccc(Oc3ccc(Cc4ccccc4)cc3)cc2)cc1,6
5425,O=C(Nc1ccc(C(=O)c2ccccc2)cc1)c1cccc(C(=O)Nc2ccc(C(=O)c3ccccc3)cc2)c1,8
5426,O=C(Nc1ccc(C(=O)c2ccccc2)cc1)c1ccc(C(=O)Nc2ccc(C(=O)c3ccccc3)cc2)cc1,8
5427,O=C(c1ccccc1)c1ccccc1,4
5428,O=C(c1ccccc1)c1ccccc1,4
5429,O=C(c1ccccc1)c1ccccc1,4
5430,O=C(c1ccccc1)c1ccccc1,4
5431,O=C(c1ccccc1)c1ccccc1,4
5432,O=C(c1ccccc1)c1ccccc1,4
5433,O=C(c1ccccc1)c1ccc(Oc2ccc(C(=O)c3c(C(=O)c4ccccc4)c(-c4ccccc4)c(-c4ccccc4)c(-c4ccccc4)c3-c3ccccc3)cc2)cc1,4
5434,O=C(c1ccccc1)c1ccc(Oc2ccc(C(=O)c3c(C(=O)c4ccccc4)c(-c4ccccc4)c(-c4ccc5ccccc5c4)c(-c4ccc5ccccc5c4)c3-c3ccccc3)cc2)cc1,3
5435,O=C(c1ccccc1)c1ccc(Oc2ccc(C(=O)c3cccc(C(=O)c4ccccc4)c3)cc2)cc1,6
5436,O=C(c1ccccc1)c1ccc(Oc2ccc(C(=O)c3ccc(Oc4ccc(Cc5ccccc5)cc4)cc3)cc2)cc1,4
5437,c1ccc(CCCc2ccccc2)cc1,7
5438,O=C(Nc1cccc(NC(=O)c2ccc(Oc3ccc(Cc4cccc(Cc5ccccc5)c4)cc3)cc2)c1)c1ccccc1,7
5439,O=C(Nc1ccc(Cc2ccc(NC(=O)c3ccc(Oc4ccc(Cc5ccc(Cc6ccccc6)cc5)cc4)cc3)cc2)cc1)c1ccccc1,3
5440,O=C(Nc1ccc(NC(=O)c2ccc(Oc3ccc(Cc4ccc(Cc5ccccc5)cc4)cc3)cc2)cc1)c1ccccc1,8
5441,c1ccc(Cc2ccc(OC(Oc3ccccc3)Oc3ccccc3)cc2)cc1,4
5442,c1ccc(Cc2ccccc2)cc1,2
5443,c1ccc(Cc2ccccc2)cc1,2
5444,c1ccc(Cc2ccccc2)cc1,2
5445,c1ccc(C(c2ccccc2)c2ccccc2)cc1,8
5446,c1ccc(C(c2ccccc2)c2ccccc2)cc1,8
5447,c1ccc(Cc2ccccc2)cc1,2
5448,c1ccc(Cc2ccccc2)cc1,2
5449,c1ccc(Cc2ccccc2)cc1,2
5450,c1ccc(C(c2ccccc2)C2CC3CC2C2C4CCC(C4)C32)cc1,5
5451,c1ccc(C(c2ccccc2)C2C3CCC(C3)C2c2ccccc2)cc1,2
5452,c1ccc(Cc2ccccc2)cc1,2
5453,c1ccc(Cc2ccccc2)cc1,2
5454,O=C(Oc1ccc(Cc2ccccc2)cc1)C1CCCCC1,3
5455,c1ccc(Cc2ccccc2)cc1,2
5456,c1ccc(Cc2ccccc2)cc1,2
5457,c1ccc(Cc2ccccc2)cc1,2
5458,c1ccc(C(c2ccccc2)c2ccccc2)cc1,8
5459,O=C(CNc1ccc(N=Nc2ccccc2)cc1)Oc1ccc(Cc2ccccc2)cc1,2
5460,O=C(Nc1ccc(Cc2ccccc2)cc1)Oc1ccc(Cc2ccccc2)cc1,4
5461,O=C(Oc1ccc(C(c2ccccc2)(c2ccccc2)c2ccccc2)cc1)OC1CCC1,7
5462,O=C(OCC1CCCCC1)Oc1ccc(Cc2ccccc2)cc1,2
5463,O=C(OCCNc1ccccc1)Oc1ccc(Cc2ccccc2)cc1,7
5464,O=C(OCCNc1ccc2[nH]c3ccccc3c2c1)Oc1ccc(Cc2ccccc2)cc1,8
5465,O=C(OCCNc1ccccc1)Oc1ccc(Cc2ccccc2)cc1,7
5466,O=C(Oc1ccc(Cc2ccccc2)cc1)Oc1ccc(Cc2ccccc2)cc1,9
5467,c1ccc(Cc2ccccc2)cc1,2
5468,O=C(Oc1ccc(Cc2ccccc2)cc1)c1ccccc1-c1ccccc1,8
5469,O=C(Oc1ccc(Cc2ccccc2)cc1)c1ccccc1-c1ccccc1,8
5470,O=C(CN1C(=O)c2ccccc2C1=O)Nc1ccc(C(=O)Nc2cccc(C(=O)Oc3ccc(Cc4ccccc4)cc3)c2)cc1,2
5471,O=C(Oc1ccc(Cc2ccccc2)cc1)c1ccccc1,3
5472,O=C(Oc1ccc(C(c2ccccc2)c2ccccc2)cc1)c1ccccc1,8
5473,O=C(Oc1ccc(C(c2ccccc2)(c2ccccc2)c2ccccc2)cc1)c1ccccc1,3
5474,O=C(Oc1ccc(Cc2ccccc2)cc1)c1cccc(CCCc2ccccc2)c1,8
5475,O=C(Oc1ccc(Cc2ccccc2)cc1)c1cccc(Oc2ccccc2)c1,3
5476,O=C(Oc1ccc(Cc2ccccc2)cc1)c1ccc2c(c1)C(c1ccccc1)CC2,7
5477,O=C(Oc1ccc(Cc2ccccc2)cc1)c1ccccc1,3
5478,O=C(Oc1ccc(C(c2ccccc2)c2ccccc2)cc1)c1ccccc1,8
5479,O=C(Oc1ccc(Cc2ccccc2)cc1)c1ccc(Cc2ccccc2)cc1,5
5480,O=C(Oc1ccc(Cc2ccccc2)cc1)c1ccc(Cc2ccccc2)cc1,5
5481,O=C(Oc1ccc(Cc2ccccc2)cc1)c1ccc(Cc2ccccc2)cc1,5
5482,O=C(Oc1ccc(Cc2ccccc2)cc1)c1ccc(Cc2ccccc2)cc1,5
5483,O=C(Oc1ccc(Cc2ccccc2)cc1)c1ccc(OCCCCCCCCCCOc2ccccc2)cc1,2
5484,O=C(Oc1ccc(Cc2ccccc2)cc1)c1ccc(OCCCCCCCCCCOc2ccccc2)cc1,2
5485,O=C(Oc1ccc(Cc2ccccc2)cc1)c1ccc([SiH2]c2ccccc2)cc1,3
5486,c1ccc(Cc2ccccc2)cc1,2
5487,c1ccc(Cc2ccccc2)cc1,2
5488,c1ccc(Cc2ccccc2)cc1,2
5489,c1ccc(Cc2ccccc2)cc1,2
5490,c1ccc(Cc2ccccc2)cc1,2
5491,c1ccc(Cc2ccccc2)cc1,2
5492,c1ccc(Cc2ccccc2)cc1,2
5493,c1ccc(C(c2ccccc2)c2cccc3ccccc23)cc1,4
5494,c1ccc(Cc2ccccc2)cc1,2
5495,c1ccc(Cc2ccc(OC3CCC3)cc2)cc1,9
5496,c1ccc(Cc2ccccc2)cc1,2
5497,c1ccc(Cc2ccccc2)cc1,2
5498,c1ccc(C(c2ccccc2)c2ccccc2)cc1,8
5499,c1ccc(Cc2ccccc2)cc1,2
5500,O=C(C=Cc1ccccc1)OCCOc1ccc(Cc2ccccc2)cc1,2
5501,O=C(C=Cc1ccco1)OCCOc1ccc(Cc2ccccc2)cc1,3
5502,c1ccc(Cc2ccccc2)cc1,2
5503,O=C(OCCOc1ccc(Cc2ccccc2)cc1)c1ccccc1,6
5504,O=C(OCCOc1ccc(C(c2ccccc2)c2ccccc2)cc1)c1ccccc1,5
5505,c1ccc(Cc2ccc(OCCCNc3ccccc3)cc2)cc1,2
5506,O=S(=O)(NCCCOc1ccc(Cc2ccccc2)cc1)c1ccccc1,5
5507,O=S(=O)(NCCCOc1ccc(Cc2ccccc2)cc1)c1ccc(-c2ccccc2)cc1,6
5508,O=S(=O)(NCCCOc1ccc(Cc2ccccc2)cc1)c1ccc(-c2ccccc2)cc1,6
5509,O=C(OCCCOc1ccc(Cc2ccccc2)cc1)C1CCCCC1,2
5510,c1ccc(Cc2ccccc2)cc1,2
5511,c1ccc(Cc2ccccc2)cc1,2
5512,c1ccc(Cc2ccccc2)cc1,2
5513,O=C(OCCCOc1ccc(Cc2ccccc2)cc1)c1ccccc1,2
5514,c1ccc(Cc2ccc(OCCCOc3ccc(Cc4ccccc4)cc3)cc2)cc1,5
5515,O=C(c1ccccc1)c1ccc(OCCCOc2ccc(Cc3ccccc3)cc2)cc1,5
5516,c1ccc(Cc2ccccc2)cc1,2
5517,O=C(OCCOc1ccc(Cc2ccccc2)cc1)C1CCCCC1,7
5518,O=C(c1ccccc1)c1ccc(Oc2ccc(Cc3ccccc3)cc2)cc1,7
5519,O=C(c1ccccc1)c1ccc(Oc2ccc(C(c3ccccc3)c3ccccc3)cc2)cc1,7
5520,c1ccc(COCc2cccc(COCc3ccc(Oc4ccc(Cc5ccccc5)cc4)cc3)c2)cc1,6
5521,O=C(c1ccccc1)c1ccc(C(=O)c2ccc(Oc3ccc(Cc4ccccc4)cc3)cc2)cc1,6
5522,O=C(C(=O)c1ccc(Oc2ccc(C(c3ccccc3)c3ccccc3)cc2)cc1)c1ccccc1,4
5523,O=C(Nc1ccc(-c2ccc(NC(=O)c3ccc(Oc4ccc(Cc5ccccc5)cc4)cc3)cc2)cc1)c1ccccc1,7
5524,O=C(Nc1cccc(NC(=O)c2ccc(Oc3ccc(Cc4ccccc4)cc3)cc2)c1)c1ccccc1,8
5525,O=C(Nc1ccc(NC(=O)c2ccc(Oc3ccc(Cc4ccccc4)cc3)cc2)cc1)c1ccccc1,9
5526,O=C(Nc1ccc(NC(=O)c2ccc(Oc3ccc(C(c4ccccc4)(c4ccccc4)c4ccccc4)cc3)cc2)cc1)c1ccccc1,4
5527,O=C(c1ccccc1)c1c(C(=O)c2ccc(Oc3ccc(Cc4ccccc4)cc3)cc2)c(-c2ccccc2)c(-c2ccccc2)c(-c2ccccc2)c1-c1ccccc1,8
5528,O=C(c1ccccc1)c1c(C(=O)c2ccc(Oc3ccc(Cc4ccccc4)cc3)cc2)c(-c2ccccc2)c(-c2ccc3ccccc3c2)c(-c2ccc3ccccc3c2)c1-c1ccccc1,6
5529,O=C(c1ccccc1)c1ccccc1-c1ccccc1C(=O)c1ccc(Oc2ccc(Cc3ccccc3)cc2)cc1,9
5530,O=C(c1ccccc1)c1cccc2cccc(C(=O)c3ccc(Oc4ccc(Cc5ccccc5)cc4)cc3)c12,3
5531,O=C(c1ccccc1)c1cccc2cccc(C(=O)c3ccc(Oc4ccc(Cc5ccccc5)cc4)cc3)c12,3
5532,O=C(c1ccccc1)c1cccc2c(C(=O)c3ccc(Oc4ccc(Cc5ccccc5)cc4)cc3)cccc12,5
5533,O=C(c1ccccc1)c1cccc(C(=O)c2ccc(Oc3ccc(Cc4ccccc4)cc3)cc2)c1,5
5534,O=C(c1ccccc1)c1cccc(C(=O)c2ccc(Oc3ccc(Cc4ccccc4)cc3)cc2)c1,5
5535,O=C(c1ccccc1)c1ccc2cc(C(=O)c3ccc(Oc4ccc(Cc5ccccc5)cc4)cc3)ccc2c1,9
5536,O=C(c1ccccc1)c1ccc(Oc2ccc(Cc3ccccc3)cc2)cc1,7
5537,O=C(c1ccccc1)c1ccc(Oc2ccc(Cc3ccccc3)cc2)cc1,7
5538,O=C(c1ccccc1)c1ccc(Oc2ccc(C(c3ccccc3)c3ccccc3)cc2)cc1,7
5539,O=C(c1ccccc1)c1ccc(C(=O)c2ccc(Oc3ccc(Cc4ccccc4)cc3)cc2)cc1,6
5540,O=C(c1ccccc1)c1ccc(Cc2ccc(C(=O)c3ccc(Oc4ccc(Cc5ccccc5)cc4)cc3)cc2)cc1,4
5541,O=C(c1ccccc1)c1ccc(Cc2ccc(C(=O)c3ccc(Oc4ccc(Cc5ccccc5)cc4)cc3)cc2)cc1,4
5542,O=C(c1ccccc1)c1ccc(Oc2ccc(C(=O)c3ccc(Oc4ccc(Cc5ccccc5)cc4)cc3)cc2)cc1,4
5543,O=C(c1ccccc1)c1ccc(P(=O)(c2ccccc2)c2ccc(C(=O)c3ccc(Oc4ccc(Cc5ccccc5)cc4)cc3)cc2)cc1,2
5544,c1ccc(CCc2ccc(Oc3ccc(Cc4ccccc4)cc3)cc2)cc1,8
5545,c1ccc(C2(c3ccccc3)CC3CC2C2CCCC32)cc1,2
5546,O=C(Oc1ccc(C2(c3ccccc3)CC3CC2C2CCCC32)cc1)c1ccc(Oc2ccc(C3(c4ccc(Oc5ccccc5)cc4)CCCCC3)cc2)cc1,4
5547,c1ccc(C2CCCC(c3ccccc3)C2)cc1,6
5548,c1ccc(C2CCCC(c3ccccc3)C2)cc1,6
5549,O=C(Oc1ccc(C2(c3ccccc3)CCC3CCCCC3C2)cc1)c1ccccc1,5
5550,O=C(Oc1ccc(C2(c3ccccc3)CCC3CCCCC3C2)cc1)c1ccccc1,5
5551,O=C(c1ccccc1)c1cccc(C(=O)c2ccc(Oc3ccc(C4(c5ccccc5)CCC5CCCCC5C4)cc3)cc2)c1,8
5552,O=C(c1ccccc1)c1ccc(Oc2ccc(C3(c4ccccc4)CCC4CCCCC4C3)cc2)cc1,3
5553,O=C(Oc1ccc(C2(c3ccccc3)CCCCC2)cc1)OC1CCC1,4
5554,O=C(Oc1ccc(Cc2ccc(OC(=O)c3ccc(Oc4ccc(C5(c6ccccc6)CCCCC5)cc4)cc3)cc2)cc1)c1ccccc1,9
5555,O=C(Oc1ccc(Cc2ccc(OC(=O)c3ccc(Oc4ccc(C5(c6ccccc6)CCCCC5)cc4)cc3)cc2)cc1)c1ccccc1,9
5556,O=C(Oc1ccc(C2(c3ccc(OC(=O)c4ccc(Oc5ccc(C6(c7ccccc7)CCCCC6)cc5)cc4)cc3)CCC(c3ccccc3)CC2)cc1)c1ccccc1,9
5557,c1ccc(CC2CCC(c3ccccc3)CC2)cc1,9
5558,O=C(c1ccccc1)c1ccc(Oc2ccc(CC3CCC(c4ccccc4)CC3)cc2)cc1,3
5559,c1ccc(C2(c3ccccc3)CCCCC2)cc1,3
5560,c1ccc(C2(c3ccccc3)CCCC2)cc1,8
5561,c1ccc(C2(c3ccccc3)CCCCC2)cc1,3
5562,O=C(Oc1ccc(C2(c3ccccc3)CCCCC2)cc1)OC1CCC1,4
5563,O=C(Oc1ccc(C2(c3ccccc3)CCCCC2)cc1)c1ccccc1,3
5564,c1ccc(C2(c3ccccc3)CCCCC2)cc1,3
5565,c1ccc(C2(c3ccccc3)CCCCCC2)cc1,3
5566,O=C(Oc1ccc(C2(c3ccccc3)CCCCCCCCCCC2)cc1)c1ccc(Oc2ccc(C3(c4ccc(Oc5ccccc5)cc4)CCCCC3)cc2)cc1,6
5567,c1ccc(C2(c3ccccc3)CCc3ccccc32)cc1,7
5568,O=C(Oc1ccc(C2(c3ccccc3)CCc3ccccc32)cc1)c1ccccc1,9
5569,c1ccc(C2(c3ccccc3)c3ccccc3-c3ccccc32)cc1,6
5570,c1ccc(C2(c3ccccc3)c3ccccc3-c3ccccc32)cc1,6
5571,c1ccc(C2(c3ccccc3)c3ccccc3-c3ccccc32)cc1,6
5572,c1ccc(C2(c3ccccc3)c3ccccc3-c3ccccc32)cc1,6
5573,c1ccc(C2(c3ccccc3)c3ccccc3-c3ccccc32)cc1,6
5574,c1ccc(C2(c3ccccc3)c3ccccc3-c3ccccc32)cc1,6
5575,O=C(Oc1ccc(C2(c3ccccc3)c3ccccc3C(=O)c3ccccc32)cc1)c1ccccc1,8
5576,O=C(Oc1ccc(C2(c3ccccc3)c3ccccc3Cc3ccccc32)cc1)c1ccccc1,3
5577,c1ccc(C2(c3ccccc3)c3ccccc3-c3ccccc32)cc1,6
5578,O=C(Oc1ccc(C2(c3ccccc3)c3ccccc3-c3ccccc32)cc1)C12CC3CC(CC(C3)C1)C2,4
5579,c1ccc(C2(c3ccccc3)c3ccccc3-c3ccccc32)cc1,6
5580,c1ccc(C2(c3ccccc3)c3ccccc3-c3ccccc32)cc1,6
5581,c1ccc(C2(c3ccccc3)c3ccccc3-c3ccccc32)cc1,6
5582,c1ccc(C2(c3ccccc3)c3ccccc3-c3ccccc32)cc1,6
5583,c1ccc(C2(c3ccccc3)c3ccccc3-c3ccccc32)cc1,6
5584,O=C(Oc1ccc(C2(c3ccccc3)c3ccccc3-c3ccccc32)cc1)OC1CCC1,8
5585,O=C(Oc1ccc(C2(c3ccccc3)c3ccccc3-c3ccccc32)cc1)c1ccccc1,3
5586,c1ccc(C2(c3ccc(OC4CCC4)cc3)c3ccccc3-c3ccccc32)cc1,8
5587,c1ccc(Cc2ccc(OCCCOc3ccc(C4(c5ccccc5)c5ccccc5-c5ccccc54)cc3)cc2)cc1,3
5588,O=C(NC1CCC(CC2CCCCC2)CC1)OCCOc1ccc(C2(c3ccccc3)c3ccccc3-c3ccccc32)cc1,6
5589,c1ccc(C2(c3ccccc3)c3ccccc3-c3ccccc32)cc1,6
5590,O=C(Nc1ccccc1)OCCOc1ccc(C2(c3ccccc3)c3ccccc3-c3ccccc32)cc1,2
5591,O=C(c1ccccc1)c1ccc(C(=O)c2ccc(Oc3ccc(C4(c5ccccc5)c5ccccc5-c5ccccc54)cc3)cc2)cc1,7
5592,O=C(c1ccccc1)c1ccccc1-c1ccccc1C(=O)c1ccc(Oc2ccc(C3(c4ccccc4)c4ccccc4-c4ccccc43)cc2)cc1,6
5593,O=C(c1ccccc1)c1cccc2cccc(C(=O)c3ccc(Oc4ccc(C5(c6ccccc6)c6ccccc6-c6ccccc65)cc4)cc3)c12,8
5594,O=C(c1ccccc1)c1cccc(-c2cccc(C(=O)c3ccc(Oc4ccc(C5(c6ccccc6)c6ccccc6-c6ccccc65)cc4)cc3)c2)c1,2
5595,O=C(c1ccccc1)c1ccc(Oc2ccc(C3(c4ccccc4)c4ccccc4-c4ccccc43)cc2)cc1,9
5596,O=C(c1ccccc1)c1ccc(C(=O)c2ccc(Oc3ccc(C4(c5ccccc5)c5ccccc5-c5ccccc54)cc3)cc2)cc1,7
5597,O=C(c1ccccc1)c1ccc(Oc2ccc(C(=O)c3ccc(Oc4ccc(C5(c6ccccc6)c6ccccc6-c6ccccc65)cc4)cc3)cc2)cc1,7
5598,C(=NN=Cc1ccc(Oc2ccc(C3(c4ccccc4)c4ccccc4-c4ccccc43)cc2)cc1)c1ccccc1,2
5599,O=C1C(=Cc2ccccc2)CCC1=Cc1ccc(OC(=O)c2ccc(N=Cc3ccc(C=Nc4ccccc4)cc3)cc2)cc1,9
5600,O=C1C(=Cc2ccccc2)CCCC1=Cc1ccccc1,4
5601,O=C(C=Cc1ccccc1)OCCN(CCOC(=O)C=Cc1ccccc1)c1ccc(N=Nc2ccccc2)cc1,2
5602,O=C(C=Cc1ccccc1)c1ccc(Oc2ccc(C(c3ccccc3)c3ccccc3)cc2)cc1,2
5603,C(=Cc1ccc(C=Cc2ccccc2)cc1)c1ccccc1,6
5604,C(=Cc1ccccc1)c1ccccc1,9
5605,O=C(c1ccccc1)c1ccc(Oc2ccc(C=NN=Cc3ccccc3)cc2)cc1,3
5606,C(=NN=Cc1ccc(Oc2ccc(Cc3ccccc3)cc2)cc1)c1ccccc1,4
5607,c1ccccc1,1
5608,c1ccc(CCCc2ccccc2)cc1,7
5609,O=C(CCc1ccccc1)NCCc1ccccc1,3
5610,O=C(CCc1ccccc1)NCCc1ccccc1,3
5611,O=C(CCc1ccccc1)NCCc1ccccc1,3
5612,O=C(CCc1ccccc1)NCCc1ccccc1,3
5613,O=C(CCc1ccccc1)NCCc1ccccc1,3
5614,O=C(CCc1ccccc1)NCCc1ccccc1,3
5615,O=C(CCc1ccccc1)NCCc1ccccc1,3
5616,O=C(CCc1ccccc1)NCCc1ccccc1,3
5617,O=C(CCc1ccccc1)NCCc1ccccc1,3
5618,O=C(CCc1ccccc1)NCCc1ccccc1,3
5619,O=C(CCc1ccccc1)NCCc1ccccc1,3
5620,O=C(CCc1ccccc1)NCCc1ccccc1,3
5621,O=C(CCc1ccccc1)NC(Cc1ccccc1)C(=O)OCc1ccccc1,9
5622,O=C(CCc1ccccc1)NCCc1ccccc1,3
5623,O=C(CCc1ccccc1)NC(Cc1ccccc1)C(=O)OCc1ccccc1,9
5624,O=C(CCc1ccccc1)NCCc1ccccc1,3
5625,O=C(CCc1ccccc1)NCCc1ccccc1,3
5626,O=C(CCc1ccccc1)NCCc1ccccc1,3
5627,O=C(CCc1ccccc1)NCCc1ccccc1,3
5628,O=C(CCc1ccccc1)NCCc1ccccc1,3
5629,O=C(CCc1ccccc1)NCCc1ccccc1,3
5630,O=C(CCc1ccccc1)NCCc1ccccc1,3
5631,O=C(CCc1ccccc1)NC(Cc1ccccc1)C(=O)OCc1ccccc1,9
5632,O=C(CCc1ccccc1)NCCc1ccccc1,3
5633,O=C(CCc1ccccc1)NCCc1ccccc1,3
5634,O=C(CCc1ccccc1)NCCc1ccccc1,3
5635,O=C(CCc1ccccc1)NCCc1ccccc1,3
5636,O=C(CCc1ccccc1)NCCc1ccccc1,3
5637,O=C(CCc1ccccc1)NCCc1ccccc1,3
5638,O=C(CCc1ccccc1)NC(Cc1ccccc1)C(=O)OCc1ccccc1,9
5639,O=C(CCc1ccccc1)NCCc1ccccc1,3
5640,O=C(CCc1ccccc1)NCCc1ccccc1,3
5641,O=C(CCc1ccccc1)NCCc1ccccc1,3
5642,O=C(CCc1ccccc1)NCCc1ccccc1,3
5643,O=C(CCc1ccccc1)NCCc1ccccc1,3
5644,O=C(CCc1ccccc1)NC(Cc1ccccc1)C(=O)OCc1ccccc1,9
5645,O=C(CCc1ccccc1)NCCc1ccccc1,3
5646,O=C(CCc1ccccc1)NCCc1ccccc1,3
5647,O=C(CCc1ccccc1)NCCc1ccccc1,3
5648,O=C(CCc1ccccc1)NCCc1ccccc1,3
5649,O=C(CCc1ccccc1)NCCc1ccccc1,3
5650,O=C(CCc1ccccc1)NCCc1ccccc1,3
5651,O=C(CCc1ccccc1)NCCc1ccccc1,3
5652,O=C(CCc1ccccc1)NCCc1ccccc1,3
5653,O=C(CCc1ccccc1)NCCc1ccccc1,3
5654,O=C(CCc1ccccc1)NCCc1ccccc1,3
5655,O=C(CCc1ccccc1)NCCc1ccccc1,3
5656,O=C(CCc1ccccc1)NCCc1ccccc1,3
5657,O=C(CCc1ccccc1)NCCc1ccccc1,3
5658,O=C(CCc1ccccc1)NC(Cc1ccccc1)C(=O)OCc1ccccc1,9
5659,O=C(CCc1ccccc1)NCCc1ccccc1,3
5660,O=C(CCc1ccccc1)NCCc1ccccc1,3
5661,O=C(CCc1ccccc1)NCCc1ccccc1,3
5662,O=C(CCc1ccccc1)NCCc1ccccc1,3
5663,O=C(CCc1ccccc1)NCCc1ccccc1,3
5664,O=C(CCc1ccccc1)NCCc1ccccc1,3
5665,O=C(CCc1ccccc1)NCCc1ccccc1,3
5666,O=C(Cc1ccccc1)NCCc1ccccc1,9
5667,O=C(Cc1ccccc1)NCCc1ccccc1,9
5668,O=C(Cc1ccccc1)NCCc1ccccc1,9
5669,O=C(Cc1ccccc1)NCCc1ccccc1,9
5670,O=C(Cc1ccccc1)NCCc1ccccc1,9
5671,O=C(Cc1ccccc1)NCCc1ccccc1,9
5672,O=C(Cc1ccccc1)NCCc1ccccc1,9
5673,O=C(Cc1ccccc1)NCCc1ccccc1,9
5674,O=C(Cc1ccccc1)NCCc1ccccc1,9
5675,c1ccccc1,1
5676,O=C(NCCc1ccccc1)c1ccccc1,9
5677,O=C(NCCc1ccccc1)c1cccc(C(=O)NCCc2ccc(OC(=O)c3ccccc3)cc2)c1,7
5678,O=C(NC1CCC(CC2CCCCC2)CC1)OCCCCCCOc1ccc(CCc2ccccc2)cc1,8
5679,O=C(Oc1ccc(Cc2ccccc2)cc1)c1ccccc1,3
5680,O=C(Oc1ccc(Cc2ccccc2)cc1)c1ccc(Cc2ccccc2)cc1,5
5681,O=C(/C=C/c1ccc(Nc2ccccc2)cc1)NC1CCCCC1NC(=O)/C=C/c1ccc(Nc2ccccc2)cc1,7
5682,c1ccc(N(c2ccccc2)c2ccc(-c3ccc(N(c4ccccc4)c4ccccc4)cc3)cc2)cc1,5
5683,c1ccc(N(c2ccccc2)c2ccc(-c3ccc(N(c4ccccc4)c4ccccc4)cc3)cc2)cc1,5
5684,c1ccc(-n2on2-c2ccccc2)cc1,6
5685,c1ccc(-n2on2-c2ccccc2)cc1,6
5686,c1ccc(-n2on2-c2ccccc2)cc1,6
5687,c1ccc(-n2on2-c2ccccc2)cc1,6
5688,c1ccc(-n2on2-c2ccccc2)cc1,6
5689,c1ccc(-n2on2-c2ccccc2)cc1,6
5690,c1ccc(-n2on2-c2ccccc2)cc1,6
5691,O=C(Cc1ccccc1)OCCCCCCOc1ccc(-n2on2-c2ccccc2)cc1,5
5692,c1ccc(-n2on2-c2ccccc2)cc1,6
5693,C(=Nc1ccccc1)c1ccc(Oc2ccc(Cc3ccc(Oc4ccc(C=Nc5ccccc5)cc4)cc3)cc2)cc1,7
5694,C(=Nc1ccccc1)c1ccc(Oc2ccc(C(c3ccccc3)(c3ccccc3)c3ccc(Oc4ccc(C=Nc5ccccc5)cc4)cc3)cc2)cc1,7
5695,c1ccc(N=C(c2ccccc2)c2ccc(Oc3ccc(Cc4ccc(Oc5ccc(C(=Nc6ccccc6)c6ccccc6)cc5)cc4)cc3)cc2)cc1,7
5696,c1ccc(N=C(c2ccccc2)c2ccc(Oc3ccc(C(c4ccccc4)(c4ccccc4)c4ccc(Oc5ccc(C(=Nc6ccccc6)c6ccccc6)cc5)cc4)cc3)cc2)cc1,6
5697,c1ccc(N=C(c2ccccc2)c2ccc(Oc3ccc(-c4ccc(Oc5ccc(C(=Nc6ccccc6)c6ccccc6)cc5)cc4)cc3)cc2)cc1,3
5698,O=C(NC1CCCCC1)Oc1ccc(N=CC=Nc2ccccc2)cc1,6
5699,C(C=Nc1ccccc1)=Nc1ccccc1,9
5700,O=C(Nc1ccccc1)Oc1ccc(N=CC=Nc2ccccc2)cc1,4
5701,O=C(Nc1ccc(Cc2ccccc2)cc1)Oc1ccc(N=CC=Nc2ccccc2)cc1,6
5702,C(CCCC=Nc1ccccc1)=Nc1ccccc1,9
5703,O=C(Nc1ccccc1)Oc1ccc(N=CCCCC=Nc2ccccc2)cc1,6
5704,C(=Nc1ccccc1)Nc1ccccc1,8
5705,O=C(Oc1ccc(N=Nc2ccc(Cc3ccc(N=Nc4ccccc4)cc3)cc2)cc1)c1ccccc1,4
5706,O=C(Oc1ccc(N=Nc2ccc(Cc3ccc(N=Nc4ccccc4)cc3)cc2)cc1)c1ccccc1,4
5707,O=C(Oc1ccc(N=Nc2ccc(Cc3ccc(N=Nc4ccccc4)cc3)cc2)cc1)c1ccc(N=Nc2ccccc2)cc1,5
5708,O=C(Oc1ccc(N=Nc2ccc(S(=O)(=O)c3ccc(N=Nc4ccccc4)cc3)cc2)cc1)c1ccc(N=Nc2ccccc2)cc1,3
5709,c1ccc(Cc2ccc(Oc3ccc(N=Nc4ccccc4)cc3)cc2)cc1,4
5710,C=C(Nc1ccccc1)c1cccc(C(=C)Nc2ccc(Oc3ccc(NC(=O)c4ccc(C(=O)Nc5ccccc5)cc4)cc3)cc2)c1,9
5711,C=C(Nc1ccccc1)c1ccc(C(=C)Nc2ccccc2)cc1,2
5712,C=C(Nc1ccccc1)c1ccc(-c2ccc(C(=C)Nc3ccccc3)cc2)cc1,6
5713,C=C(Nc1ccccc1)c1ccc(-c2ccc(-c3ccc(C(=C)Nc4ccccc4)cc3)cc2)cc1,8
5714,O=C(/C=C/c1ccc(/C=C/C(=O)Nc2ccccc2)cc1)Nc1ccccc1,2
5715,O=C(C=CC(=O)Nc1ccccc1)NNC(=O)C=CC(=O)Nc1ccccc1,2
5716,O=C(C=CC(=O)Nc1ccccc1)NNC(=O)C=CC(=O)Nc1ccc(OC(=O)c2ccccc2C(=O)NNC(=O)c2ccccc2)cc1,6
5717,O=C(CCCC(=O)Nc1ccc(OCCCOc2ccc(Cc3ccccc3)cc2)cc1)Nc1ccccc1,5
5718,O=C(CCCCC(=O)Nc1ccc(OCCCOc2ccc(Cc3ccccc3)cc2)cc1)Nc1ccccc1,9
5719,O=C(CCCCCC(=O)Nc1ccccc1)Nc1ccccc1,5
5720,O=C(CCCCCCCC(=O)Nc1ccccc1)Nc1ccccc1,9
5721,O=C(CCCCCCCCCCC(=O)Nc1ccccc1)Nc1ccccc1,3
5722,O=C(NCC1CCCC(NC(=O)Nc2ccccc2)C1)Nc1ccccc1,9
5723,O=C(Nc1ccccc1)Nc1cccc(NC(=O)Nc2ccccc2)c1,4
5724,O=C(Nc1ccccc1)Nc1ccccc1CCc1ccccc1NC(=O)Nc1ccccc1,5
5725,O=C(Nc1ccccc1)Nc1ccc(CCc2ccccc2NC(=O)Nc2ccccc2)cc1,9
5726,O=C(Nc1ccccc1)c1cccc(C(=O)Nc2ccccc2)c1,6
5727,O=C(Nc1ccccc1)c1cccc(Cc2cccc(C(=O)Nc3ccc(Oc4ccc(Cc5ccccc5)cc4)cc3)c2)c1,7
5728,O=C(Nc1ccccc1)c1cccc(-c2cccc(C(=O)Nc3ccccc3)c2)c1,8
5729,O=C(Nc1ccccc1)c1cccc(-c2cccc(C(=O)Nc3ccccc3)c2)c1,8
5730,O=C(Nc1ccccc1)c1ccccc1OCCCOc1ccc(Cc2ccccc2)cc1,6
5731,O=C(Nc1ccccc1)c1ccc(C(=O)Nc2ccc(Oc3ccc(C4(c5ccccc5)C5CC6CC(C5)CC4C6)cc3)cc2)c2ccccc12,7
5732,O=C(Nc1ccccc1)c1cccc(C(=O)Nc2ccccc2)c1,6
5733,O=C(Nc1ccccc1)c1cccc(C(=O)Nc2ccccc2)c1,6
5734,O=C(Nc1ccccc1)c1cccc(C(=O)Nc2ccc(Oc3ccc(Cc4ccccc4)cc3)cc2)c1,6
5735,O=C(Nc1ccccc1)c1cccc(C(=O)Nc2ccc(Oc3ccc(Cc4ccccc4)cc3)cc2)c1,6
5736,O=C(Nc1ccccc1)c1cccc(C(=O)Nc2ccc(Oc3ccc(C4(c5ccccc5)CC5CCC4C5)cc3)cc2)c1,3
5737,O=C(Nc1ccccc1)c1cc(NC(=O)C23CC4CC(CC(C4)C2)C3)cc(C(=O)Nc2ccccc2)c1,3
5738,O=C(CCN1C(=O)c2ccccc2C1=O)Nc1cc(C(=O)Nc2ccccc2)cc(C(=O)Nc2ccccc2)c1,7
5739,O=C(Nc1cc(C(=O)Nc2ccccc2)cc(C(=O)Nc2ccc(Oc3ccc(Cc4ccccc4)cc3)cc2)c1)c1ccccc1,9
5740,O=C(Nc1cc(C(=O)Nc2ccccc2)cc(C(=O)Nc2ccc(Oc3ccc(-c4ccccc4)cc3)cc2)c1)c1ccccc1,7
5741,O=C(Nc1cc(C(=O)Nc2ccccc2)cc(C(=O)Nc2ccccc2)c1)c1ccccc1,6
5742,O=C(Nc1ccccc1)c1cccc(C(=O)Nc2ccc(Oc3ccc(Cc4ccccc4)cc3)cc2)c1,6
5743,O=C(Nc1ccccc1)c1cccc(C(=O)Nc2ccccc2)c1,6
5744,O=C(Nc1ccccc1)c1cccc(C(=O)Nc2ccc(Oc3ccc(Cc4ccccc4)cc3)cc2)c1,6
5745,O=C(Nc1ccccc1)c1cccc(C(=O)Nc2ccc(Oc3ccc(C4(c5ccccc5)C5CC6CC(C5)CC4C6)cc3)cc2)c1,8
5746,O=C(Nc1ccccc1)c1cccc(C(=O)Nc2ccc(Oc3ccc(C4(c5ccccc5)CC5CCC4C5)cc3)cc2)c1,3
5747,O=C(Nc1ccccc1)c1ccc2cc(C(=O)Nc3ccc(Oc4ccc(C5(c6ccccc6)C6CC7CC(C6)CC5C7)cc4)cc3)ccc2c1,4
5748,O=C(Nc1ccccc1)c1ccccc1,2
5749,O=C(Nc1ccccc1)c1ccc(C(=O)Nc2ccccc2)cc1,6
5750,O=C(Nc1ccccc1)c1ccc(C(=O)Nc2ccc(Oc3ccc(C(=O)c4ccccc4)cc3)cc2)cc1,5
5751,O=C(Nc1ccccc1)c1ccc(C(=O)Nc2ccc(Oc3ccc(C4(c5ccccc5)C5CC6CC(C5)CC4C6)cc3)cc2)cc1,4
5752,O=C(Nc1ccccc1)c1ccc(Oc2ccc(C(=O)Nc3ccccc3)cc2)cc1,6
5753,O=C(Nc1ccccc1)c1ccc(Oc2ccc(C(=O)Nc3ccc(Oc4ccc(C5(c6ccccc6)C6CC7CC(C6)CC5C7)cc4)cc3)cc2)cc1,7
5754,O=C(Nc1ccccc1)c1ccc(Oc2ccc(Cc3cccc(Cc4ccc(Oc5ccc(C(=O)Nc6ccccc6)cc5)cc4)c3)cc2)cc1,7
5755,O=C(Nc1ccccc1)c1ccc(Oc2ccc(Cc3cccc(Cc4ccc(Oc5ccc(C(=O)Nc6ccc(Oc7ccc(Cc8ccccc8)cc7)cc6)cc5)cc4)c3)cc2)cc1,2
5756,O=C(Nc1ccccc1)c1ccc(Oc2ccc(Cc3ccc(Cc4ccc(Oc5ccc(C(=O)Nc6ccccc6)cc5)cc4)cc3)cc2)cc1,8
5757,O=C(Nc1ccccc1)c1ccc(Oc2ccc(Cc3ccc(Cc4ccc(Oc5ccc(C(=O)Nc6ccc(Oc7ccc(Cc8ccccc8)cc7)cc6)cc5)cc4)cc3)cc2)cc1,7
5758,O=C(Nc1ccccc1)c1ccc(P(=O)(c2ccccc2)c2ccc(C(=O)Nc3ccc(Oc4ccc(P(=O)(c5ccccc5)c5ccccc5)cc4)cc3)cc2)cc1,5
5759,O=C(Nc1ccccc1)c1ccc([SiH2]c2ccccc2)cc1,7
5760,O=C(Nc1ccccc1)c1ccc(-c2ccc(C(=O)Nc3ccc(Oc4ccc(C5(c6ccccc6)CC6CCC5C6)cc4)cc3)cc2)cc1,3
5761,c1ccc(N[Se]Nc2ccccc2)cc1,9
5762,c1ccc(Nc2ccc(N=Nc3ccc(Nc4ccccc4)cc3)cc2)cc1,3
5763,O=C(/C=C/c1ccccc1)Oc1ccccc1,8
5764,c1ccccc1,1
5765,c1ccccc1,1
5766,O=C(Oc1ccccc1)Oc1ccccc1,5
5767,O=C(Oc1ccccc1)Oc1ccc(Cc2ccccc2)cc1,7
5768,O=C(Oc1ccccc1)c1cc(OCCCCCCCCCOCC2CCCN2c2ccccc2)ccc1OCCCCCCCCCOCC1CCCN1c1ccccc1,7
5769,O=C(Oc1ccccc1)c1cc(OCCCCCCCCOCC2CCCN2c2ccccc2)ccc1OCCCCCCCCOCC1CCCN1c1ccccc1,8
5770,O=C(Oc1ccccc1)c1cc(OCCCCCCOCC2CCCN2c2ccccc2)ccc1OCCCCCCOCC1CCCN1c1ccccc1,6
5771,O=C(Oc1ccccc1)c1cc(OCCCCCOCC2CCCN2c2ccccc2)ccc1OCCCCCOCC1CCCN1c1ccccc1,3
5772,O=C(Oc1ccccc1)c1ccccc1Oc1ccc2ccccc2c1,9
5773,O=C(Oc1ccccc1)c1ccccc1Oc1ccccc1,4
5774,O=C(Oc1ccccc1)c1ccccc1Oc1ccc(C2CCCCC2)cc1,6
5775,O=C(Oc1ccccc1)c1ccccc1Oc1ccccc1,4
5776,O=C(Oc1ccccc1)c1ccccc1Oc1ccccc1,4
5777,O=C(Oc1ccccc1)c1ccccc1Oc1ccc(Oc2ccccc2)cc1,7
5778,O=C(Oc1ccccc1)c1ccccc1Oc1ccc(-c2ccccc2)cc1,7
5779,O=C(Oc1ccccc1)c1ccccc1Sc1ccccc1,9
5780,O=C(Oc1ccccc1)c1ccc(C(=O)Oc2ccccc2)cc1,3
5781,O=C(Oc1ccccc1)c1ccc(-c2ccccc2)cc1-c1ccccc1,4
5782,O=C(Oc1ccccc1)c1ccccc1,5
5783,O=C(Oc1ccccc1)c1ccccc1,5
5784,O=C(Oc1ccccc1)c1ccc(C(=O)Oc2ccccc2)cc1,3
5785,O=C(Oc1ccccc1)c1ccc(Cc2ccccc2)cc1,2
5786,O=C(Oc1ccccc1)c1ccccc1,5
5787,O=C(Oc1ccccc1)c1ccc(OCCOCCOCCOc2ccc(C(=O)Oc3ccccc3)cc2)cc1,2
5788,c1ccccc1,1
5789,c1ccccc1,1
5790,c1ccccc1,1
5791,O=S(=O)(NCCCOc1ccccc1)c1ccc(-c2ccccc2)cc1,4
5792,c1ccccc1,1
5793,c1ccccc1,1
5794,O=C(Nc1ccc(Cc2ccccc2)cc1)OCCOc1ccccc1,7
5795,c1ccc(OCc2ccc(COc3ccccc3)cc2)cc1,5
5796,O=C(c1ccccc1)c1ccc(Oc2ccccc2)cc1,8
5797,O=C(c1ccccc1)c1ccccc1-c1cc(Oc2ccccc2)ccc1C(=O)c1ccccc1,7
5798,O=C(Oc1ccc(OC(=O)c2cccc(Oc3ccccc3)c2)cc1)c1ccccc1,8
5799,O=C(c1ccccc1)c1ccc(Oc2ccc(Oc3cccc(Oc4ccc(-c5ccc(Oc6cccc(Oc7ccccc7)c6)cc5)cc4)c3)cc2)cc1,3
5800,O=C(Nc1ccc(Cc2ccc(NC(=O)c3ccc(Oc4ccccc4)cc3)cc2)cc1)c1ccccc1,4
5801,O=C(Nc1ccc(Oc2ccc(S(=O)(=O)c3ccc(Oc4ccc(NC(=O)c5ccc(Oc6ccccc6)cc5)cc4)cc3)cc2)cc1)c1ccccc1,2
5802,O=C(c1ccccc1)c1c(C(=O)c2ccc(Oc3ccccc3)cc2)c(-c2ccccc2)c(-c2ccccc2)c(-c2ccccc2)c1-c1ccccc1,5
5803,O=C(c1ccccc1)c1ccccc1-c1ccccc1C(=O)c1ccc(Oc2ccccc2)cc1,4
5804,O=C(c1ccccc1)c1cccc2cccc(C(=O)c3ccc(Oc4ccccc4)cc3)c12,4
5805,O=C(Nc1cccc(C(=O)c2ccccc2)c1)c1cccc(C(=O)Nc2cccc(C(=O)c3ccc(Oc4ccccc4)cc3)c2)c1,8
5806,O=C(Nc1cccc(C(=O)c2ccccc2)c1)c1ccc(C(=O)Nc2cccc(C(=O)c3ccc(Oc4ccccc4)cc3)c2)cc1,5
5807,O=C(c1ccccc1)c1ccc(Oc2ccccc2)cc1,8
5808,O=C(Nc1ccc(C(=O)c2ccccc2)cc1)c1cccc(C(=O)Nc2ccc(C(=O)c3ccc(Oc4ccccc4)cc3)cc2)c1,7
5809,O=C(Nc1ccc(C(=O)c2ccccc2)cc1)c1ccc(C(=O)Nc2ccc(C(=O)c3ccc(Oc4ccccc4)cc3)cc2)cc1,2
5810,C(=NCCCCN=Cc1ccc(Oc2ccccc2)cc1)c1ccccc1,6
5811,C(=NCCN=Cc1ccc(Oc2ccccc2)cc1)c1ccccc1,9
5812,C(=Nc1ccc(Oc2ccc(N=Cc3ccc(Oc4ccccc4)cc3)cc2)cc1)c1ccccc1,3
5813,O=C(Nc1ccccc1)c1ccc(-c2ccc(C(=O)Nc3ccc(Oc4ccccc4)cc3)cc2)cc1,2
5814,O=C(Nc1ccccc1)c1cccc(C(=O)Nc2ccc(Oc3ccccc3)cc2)c1,4
5815,O=C(Nc1cc(C(=O)Nc2ccccc2)cc(C(=O)Nc2ccc(Oc3ccccc3)cc2)c1)c1ccccc1,7
5816,O=C(Nc1ccccc1)c1ccc(Oc2ccc(Oc3ccc(C(=O)Nc4ccc(Oc5ccccc5)cc4)cc3)cc2)cc1,5
5817,O=C(Nc1ccccc1)c1ccc(Oc2ccc(Oc3ccc(C(=O)Nc4ccc(Oc5ccccc5)cc4)cc3)c(-c3ccccc3)c2)cc1,6
5818,O=C(Nc1ccccc1)c1ccc(Oc2ccc(Cc3cccc(Cc4ccc(Oc5ccc(C(=O)Nc6ccc(Oc7ccccc7)cc6)cc5)cc4)c3)cc2)cc1,6
5819,O=C(Nc1ccccc1)c1ccc(Oc2ccc(Oc3ccc(C(=O)Nc4ccc(Oc5ccccc5)cc4)cc3)cc2)cc1,5
5820,O=S(=O)(c1ccc(Nc2ccccc2)cc1)c1ccc(Nc2ccc(Oc3ccccc3)cc2)cc1,9
5821,c1ccc(Oc2ccccc2)cc1,3
5822,O=C(Oc1ccc(Oc2ccccc2)cc1)c1ccccc1-c1ccccc1,4
5823,O=C(Oc1ccc(Oc2ccccc2)cc1)c1ccccc1,2
5824,c1ccc(Cc2ccc(OCCCOc3ccc(Oc4ccccc4)cc3)cc2)cc1,2
5825,c1ccc(Oc2ccccc2)cc1,3
5826,c1ccc(Oc2ccccc2)cc1,3
5827,c1ccc(Oc2ccccc2)cc1,3
5828,c1ccc(Oc2ccccc2)cc1,3
5829,c1ccc(Oc2ccccc2)cc1,3
5830,O=S(=O)(c1ccc(Oc2ccc(Oc3ccccc3)cc2)cc1)c1ccc(Oc2ccc(Oc3ccc(Oc4ccc(-c5ccccc5)cc4)cc3)cc2)cc1,4
5831,O=C(Oc1ccc(OC(=O)c2cccc(Oc3ccc(Oc4ccccc4)cc3)c2)cc1)c1ccccc1,8
5832,O=C(Oc1ccc(-c2ccc(OC(=O)c3cccc(Oc4ccc(Oc5ccccc5)cc4)c3)cc2)cc1)c1ccccc1,6
5833,c1ccc(Cc2ccc(Oc3ccc(Oc4ccccc4)cc3)cc2)cc1,7
5834,O=C(Nc1ccccc1)c1ccc(-c2ccc(C(=O)Nc3ccc(Oc4ccc(Oc5ccccc5)cc4)cc3)cc2)cc1,6
5835,O=C(Nc1ccccc1)c1cccc(C(=O)Nc2ccc(Oc3ccc(Oc4ccccc4)cc3)cc2)c1,2
5836,O=S(=O)(c1ccccc1)c1ccc(Oc2ccc(Oc3ccccc3)cc2)cc1,4
5837,O=C(c1ccccc1)c1ccc(Oc2ccc(Oc3ccc(Oc4ccc(-c5ccc(Oc6ccc(Oc7ccccc7)cc6)cc5)cc4)cc3)cc2)cc1,6
5838,O=[PH](c1ccccc1)c1ccc(Oc2ccccc2)cc1,6
5839,O=S(=O)(c1ccccc1)c1ccc(Oc2ccccc2)cc1,9
5840,O=S(=O)(c1ccccc1)c1ccc(-c2ccc(S(=O)(=O)c3ccc(Oc4ccccc4)cc3)cc2)cc1,5
5841,O=S(=O)(c1ccccc1)c1ccc(-c2ccc(-c3ccc(S(=O)(=O)c4ccc(Oc5ccccc5)cc4)cc3)cc2)cc1,3
5842,O=P(c1ccccc1)(c1ccccc1)c1ccc(Oc2ccc(Cc3ccccc3)cc2)cc1,3
5843,O=P(c1ccccc1)(c1ccccc1)c1ccc(Oc2ccc(-c3ccccc3)cc2)cc1,6
5844,O=S(=O)(c1ccccc1)c1cccc2c(S(=O)(=O)c3ccc(Oc4ccc(-c5ccccc5)cc4)cc3)cccc12,3
5845,O=S(=O)(c1ccccc1)c1cccc2c(S(=O)(=O)c3ccc(Oc4ccc(-c5ccccc5)cc4)cc3)cccc12,3
5846,O=S(=O)(c1ccccc1)c1ccc2cc(S(=O)(=O)c3ccc(Oc4ccc(-c5ccccc5)cc4)cc3)ccc2c1,9
5847,O=S(=O)(c1ccccc1)c1ccc2cc(S(=O)(=O)c3ccc(Oc4ccc(-c5ccccc5)cc4)cc3)ccc2c1,9
5848,O=S(=O)(c1ccccc1)c1ccc2ccc(S(=O)(=O)c3ccccc3)cc2c1,4
5849,O=C(Oc1ccc(S(=O)(=O)c2ccccc2)cc1)OC1CCC1,4
5850,O=C(Oc1ccc(S(=O)(=O)c2ccccc2)cc1)c1ccccc1,2
5851,O=C(CN1C(=O)c2ccccc2C1=O)Nc1ccc(C(=O)Nc2cccc(C(=O)Oc3ccc(S(=O)(=O)c4ccccc4)cc3)c2)cc1,9
5852,O=S(=O)(c1ccccc1)c1ccc(OC2CCC2)cc1,2
5853,O=S(=O)(c1ccccc1)c1ccccc1,5
5854,O=S(=O)(c1ccccc1)c1ccc(OCCCOc2ccc(Cc3ccccc3)cc2)cc1,4
5855,O=S(=O)(c1ccccc1)c1ccc(Oc2ccc(C(c3ccccc3)c3ccccc3)cc2)cc1,6
5856,O=S(=O)(c1ccccc1)c1ccc(Oc2ccc(Cc3ccccc3)cc2)cc1,4
5857,O=S(=O)(c1ccccc1)c1ccc(Oc2ccc(Cc3ccccc3)cc2)cc1,4
5858,O=S(=O)(c1ccccc1)c1ccc(Oc2ccc(Cc3ccccc3)cc2)cc1,4
5859,O=S(=O)(c1ccccc1)c1ccc(Oc2ccc(-c3ccc(-c4ccccc4)cc3)cc2)cc1,7
5860,O=S(=O)(c1ccccc1)c1ccc(Oc2ccc(Cc3ccccc3)cc2)cc1,4
5861,O=S(=O)(c1ccccc1)c1ccc(Oc2ccc(Cc3ccccc3)cc2)cc1,4
5862,O=S(=O)(c1ccccc1)c1ccc(Oc2ccc(-c3ccccc3)cc2)cc1,3
5863,C=C(c1ccccc1)c1ccc(Oc2ccc(S(=O)(=O)c3ccccc3)cc2)cc1,4
5864,O=C(c1ccccc1)c1cccc(C(=O)c2ccc(Oc3ccc(S(=O)(=O)c4ccccc4)cc3)cc2)c1,3
5865,O=C(c1ccccc1)c1cccc(C(=O)c2ccc(Oc3ccc(S(=O)(=O)c4ccccc4)cc3)cc2)c1,3
5866,O=C(c1ccccc1)c1ccc(Oc2ccc(S(=O)(=O)c3ccccc3)cc2)cc1,6
5867,O=S(=O)(c1ccccc1)c1ccc(Oc2ccc(Cc3ccccc3)cc2)cc1,4
5868,O=S(=O)(c1ccccc1)c1ccc(Oc2ccc(C(c3ccccc3)c3ccccc3)cc2)cc1,6
5869,O=S(=O)(c1ccccc1)c1ccc(Oc2ccc(C(c3ccccc3)c3ccccc3)cc2)cc1,6
5870,O=S(=O)(c1ccccc1)c1ccc(Oc2ccc(C(c3ccccc3)(c3ccccc3)c3ccccc3)cc2)cc1,5
5871,O=S(=O)(c1ccccc1)c1ccc(Oc2ccc(C(c3ccccc3)c3ccccc3)cc2)cc1,6
5872,O=S(=O)(c1ccccc1)c1ccc(Oc2ccc(Cc3ccc(OCCCCOc4ccc(Cc5ccccc5)cc4)cc3)cc2)cc1,8
5873,O=C(c1ccccc1)c1ccc(Oc2ccc(Cc3ccc(Oc4ccc(S(=O)(=O)c5ccccc5)cc4)cc3)cc2)cc1,5
5874,O=S(=O)(c1ccccc1)c1ccc(Oc2ccc(C3(c4ccccc4)CC4CCC3C4)cc2)cc1,3
5875,O=C1C(=Cc2ccccc2)CCC1=Cc1ccc(Oc2ccc(S(=O)(=O)c3ccc(Oc4ccc(C5(c6ccc(Oc7ccc(S(=O)(=O)c8ccccc8)cc7)cc6)CCCC5)cc4)cc3)cc2)cc1,8
5876,O=S(=O)(c1ccccc1)c1ccc(Oc2ccc(C3(c4ccccc4)CCCCC3)cc2)cc1,2
5877,O=C1C(=Cc2ccccc2)CCCC1=Cc1ccc(Oc2ccc(S(=O)(=O)c3ccc(Oc4ccc(C5(c6ccc(Oc7ccc(S(=O)(=O)c8ccccc8)cc7)cc6)CCCCC5)cc4)cc3)cc2)cc1,6
5878,O=S(=O)(c1ccccc1)c1ccc(Oc2ccc(C3(c4ccccc4)CCCCCC3)cc2)cc1,9
5879,O=C1C(=Cc2ccccc2)CCCCC1=Cc1ccc(Oc2ccc(S(=O)(=O)c3ccc(Oc4ccc(C5(c6ccc(Oc7ccc(S(=O)(=O)c8ccccc8)cc7)cc6)CCCCCC5)cc4)cc3)cc2)cc1,8
5880,O=S(=O)(c1ccccc1)c1ccc(Oc2ccc(C34CC5CC(CC(c6ccccc6)(C5)C3)C4)cc2)cc1,3
5881,O=S(=O)(c1ccccc1)c1ccc(Oc2ccc(C3CCCC(Cc4ccccc4)C3)cc2)cc1,2
5882,O=C1C(=Cc2ccccc2)CCCCC1=Cc1ccc(Oc2ccc(S(=O)(=O)c3ccccc3)cc2)cc1,8
5883,O=C1C(=Cc2ccc(Oc3ccc(S(=O)(=O)c4ccccc4)cc3)cc2)CCCC1=Cc1ccc(Oc2ccc(S(=O)(=O)c3ccc(Oc4ccc(Cc5ccccc5)cc4)cc3)cc2)cc1,7
5884,O=S(=O)(c1ccccc1)c1ccc(Oc2ccc(C=NN=Cc3ccccc3)cc2)cc1,5
5885,O=S(=O)(c1ccccc1)c1ccc(Oc2ccc(C=Nc3ccc(Oc4ccc(N=Cc5ccccc5)cc4)cc3)cc2)cc1,9
5886,O=C(Nc1cc(C(=O)Nc2ccccc2)cc(C(=O)Nc2ccc(Oc3ccc(S(=O)(=O)c4ccccc4)cc3)cc2)c1)c1ccccc1,7
5887,O=C(Nc1ccccc1)c1cccc(C(=O)Nc2ccc(Oc3ccc(S(=O)(=O)c4ccccc4)cc3)cc2)c1,9
5888,O=C(Nc1ccccc1)c1ccc(Oc2ccc(Cc3ccc(Cc4ccc(Oc5ccc(C(=O)Nc6ccc(Oc7ccc(S(=O)(=O)c8ccccc8)cc7)cc6)cc5)cc4)cc3)cc2)cc1,3
5889,O=[PH](c1ccccc1)c1ccc(Oc2ccc(S(=O)(=O)c3ccccc3)cc2)cc1,7
5890,O=S(=O)(c1ccccc1)c1ccc(Oc2ccc(S(=O)(=O)c3ccc(-c4ccc(S(=O)(=O)c5ccccc5)cc4)cc3)cc2)cc1,7
5891,O=S(=O)(c1ccccc1)c1ccc(Oc2ccc(Sc3ccccc3)cc2)cc1,5
5892,O=S(=O)(c1ccccc1)c1ccc(Oc2ccc(-c3ccccc3)cc2)cc1,3
5893,O=S(=O)(c1ccccc1)c1ccc(Oc2ccc(-c3ccc(-c4ccccc4)cc3)cc2)cc1,7
5894,O=S(=O)(c1ccccc1)c1ccc(-c2ccccc2)cc1,3
5895,O=S(=O)(c1ccccc1)c1ccc(-c2ccc(-c3ccc(S(=O)(=O)c4ccc(Oc5ccc(-c6ccccc6)cc5)cc4)cc3)cc2)cc1,8
5896,O=S(c1ccccc1)c1ccc(Oc2ccc(Cc3ccccc3)cc2)cc1,4
5897,O=S(c1ccccc1)c1ccc(Oc2ccc(C=NN=Cc3ccccc3)cc2)cc1,8
5898,O=C(Oc1ccc(Cc2ccc(OC(=O)Sc3ccccc3)cc2)cc1)Sc1ccccc1,9
5899,c1ccc(Sc2ccccc2)cc1,5
5900,O=S(=O)(NCCCOc1ccc(Sc2ccccc2)cc1)c1ccccc1,8
5901,c1ccc(Sc2ccc(Sc3ccc(Sc4ccccc4)cc3)cc2)cc1,6
5902,O=C(Oc1ccc([Si](c2ccccc2)(c2ccccc2)c2ccccc2)cc1)c1ccc2c(c1)Cc1ccccc1-2,3
5903,O=C(Oc1ccc(-c2c(-c3ccccc3)cc(-c3ccccc3)c(-c3ccccc3)c2-c2ccccc2)cc1)c1ccccc1-c1ccccc1,3
5904,O=C(Nc1ccc(-c2c(-c3ccccc3)cc(-c3ccccc3)cc2-c2ccccc2)cc1)c1ccc(C(=O)Nc2ccc(-c3c(-c4ccccc4)cc(-c4ccccc4)cc3-c3ccccc3)cc2)cc1,6
5905,O=C(Nc1ccc(-c2c(-c3ccccc3)cc(-c3ccccc3)cc2-c2ccccc2)cc1)c1ccc(C(=O)Nc2ccc(-c3c(-c4ccccc4)cc(-c4ccccc4)cc3-c3ccccc3)cc2)cc1,6
5906,c1ccc(-c2ccccc2)cc1,8
5907,c1ccc(CCc2ccc(-c3ccccc3)cc2)cc1,2
5908,c1ccc(OC(Oc2ccccc2)Oc2ccc(-c3ccccc3)cc2)cc1,7
5909,O=C(/C=C/c1ccccc1)Oc1ccc(-c2ccccc2)cc1,5
5910,c1ccc(-c2ccccc2)cc1,8
5911,O=C(Nc1cccc(P(=O)(c2ccccc2)c2ccccc2)c1)Oc1ccc(-c2ccccc2)cc1,2
5912,O=C(Oc1ccc(-c2ccccc2)cc1)c1ccccc1,6
5913,O=C(Oc1ccc(-c2ccccc2)cc1)c1ccccc1Sc1ccc2ccccc2c1,5
5914,O=C(Oc1ccc(-c2ccccc2)cc1)c1cc(N=Nc2ccccc2)ccc1-c1ccc(N=Nc2ccccc2)cc1,5
5915,O=C(Oc1ccc(-c2ccccc2)cc1)c1ccccc1,6
5916,O=C(Oc1ccc(-c2ccccc2)cc1)c1ccccc1,6
5917,O=S(=O)(NCCCOc1ccc(-c2ccccc2)cc1)c1ccccc1,6
5918,O=C(Nc1ccccc1)OCCCCCCCCCCCOc1ccc(-c2ccccc2)cc1,9
5919,O=C(OCCCCCCCCCCCOc1ccc(-c2ccccc2)cc1)c1cccc(OCCCCCCCCCCOc2ccc(N=Nc3ccccc3)cc2)c1,2
5920,O=C(Nc1ccccc1)OCCCCCCOc1ccc(-c2ccccc2)cc1,8
5921,O=C(Nc1ccccc1)OCCCCCCOc1ccc(-c2ccccc2)cc1,8
5922,c1ccc(-c2ccccc2)cc1,8
5923,O=C(c1ccccc1)c1ccc(Oc2ccc(-c3ccccc3)cc2)cc1,4
5924,O=C(c1ccccc1)c1ccc(C(=O)c2ccc(Oc3ccc(-c4ccccc4)cc3)cc2)cc1,2
5925,c1ccc(-c2ccc(Oc3ccc(-c4ccc(-c5ccccc5)cc4)cc3)cc2)cc1,4
5926,O=C(c1ccccc1)c1ccccc1-c1ccccc1C(=O)c1ccc(Oc2ccc(-c3ccccc3)cc2)cc1,4
5927,O=C(c1ccccc1)c1cccc(C(=O)c2ccc(Oc3ccc(-c4ccccc4)cc3)cc2)c1,7
5928,O=C(c1ccccc1)c1ccc2cc(C(=O)c3ccc(Oc4ccc(-c5ccccc5)cc4)cc3)ccc2c1,5
5929,c1ccc(Cc2ccc(Oc3ccc(-c4ccccc4)cc3)cc2)cc1,4
5930,O=C(c1ccccc1)c1cccc(C(=O)c2ccc(Oc3ccc(-c4ccc(-c5ccccc5)cc4)cc3)cc2)c1,3
5931,c1ccc(Cc2ccc(Oc3ccc(-c4ccc(-c5ccccc5)cc4)cc3)cc2)cc1,9
5932,O=C1CCC(=O)N1Cc1ccc(ON2C(=O)c3ccccc3C2=O)cc1,4
5933,c1ccc(N=Nc2cccc3ccccc23)cc1,9
5934,c1ccc2nc3cn4ccc5on6cnc7c(nc8cccc87)oc6cc5oc4c3c2cc1,6
5935,c1ccccc1,1
5936,O=C(Nc1ccc(S(=O)(=O)c2ccc(NC(=O)c3cccc(Oc4ncnc(Sc5ccccc5)n4)c3)cc2)cc1)c1ccccc1,9
5937,O=C(OCCCCCOC(=O)c1ccccc1)c1ccccc1,8
5938,O=C(Nc1ccccc1)c1ccccc1,2
5939,O=C(Oc1ccccc1)c1ccc(Oc2ccccc2)cc1,9
5940,O=C(Oc1ccccc1)c1ccccc1,5
5941,O=S(=O)(c1ccccc1)c1ccc(Oc2ccccc2)cc1,9
5942,c1ccc(Oc2ccccn2)cc1,2
5943,O=C(Oc1ccccc1)Oc1cccc2ccccc12,4
5944,O=C(Oc1ccccc1)Oc1cccc2ccccc12,4
5945,O=C(NCc1ccccc1)Nc1ccc(Cc2ccccc2)cc1,5
5946,O=C(Oc1ccc(Oc2ccccc2)cc1)c1ccc(C2(c3ccccc3)OC(=O)c3ccccc32)cc1,8
5947,N=[PH]1Oc2ccccc2-c2ccccc2O1,7
5948,c1ccc(Cc2ccc(OP3(Oc4ccccc4)=NP(Oc4ccccc4)(Oc4ccccc4)=N[PH](Oc4ccccc4)=N3)cc2)cc1,5
5949,,0
5950,,0
5951,,0
5952,,0
5953,,0
5954,,0
5955,,0
5956,,0
5957,,0
5958,,0
5959,c1ccccc1,1
5960,c1ccccc1,1
5961,c1ccccc1,1
5962,c1ccc(Cc2ccccc2)cc1,2
5963,c1ccc(Sc2ccc(Sc3ccc(Sc4ccccc4)cc3)cc2)cc1,6
5964,O=C(/C=C\Nc1ccccc1)c1cccc(C(=O)/C=C\Nc2ccccc2)c1,3
5965,O=C(CCCCC(=O)Nc1ccccc1)Nc1ccccc1,9
5966,O=C(CCCCCCCCC(=O)Nc1ccccc1)Nc1ccccc1,3
5967,O=C(CCCCCCCCCCC(=O)Nc1ccccc1)Nc1ccccc1,3
5968,O=C(Nc1ccc(-c2ccccc2NC(=O)c2ccccc2)cc1)c1ccccc1,9
5969,O=C(c1ccccc1)c1ccc(C(=O)c2ccccc2)cc1,5
5970,C(=Nc1ccccc1)Nc1ccccc1,8
5971,O=C(CCCCC(=O)Nc1ccccc1)Nc1ccccc1,9
5972,O=C(CCCCCC(=O)Nc1ccccc1)Nc1ccccc1,5
5973,O=C(CCCCCCCCC(=O)Nc1ccccc1)Nc1ccccc1,3
5974,O=C(CCCCCCCCCCC(=O)Nc1ccccc1)Nc1ccccc1,3
5975,O=C(CN1C(=O)c2ccccc2C1=O)Nc1ccc(C(=O)Nc2cc(C(=O)Nc3ccccc3)cc(C(=O)Nc3ccccc3)c2)cc1,2
5976,O=C(Nc1ccccc1)c1cccc(C(=O)Nc2ccccc2)c1,6
5977,O=C(Nc1ccccc1)c1ccc(NC(=O)c2ccc([SiH2]c3ccc(C(=O)Nc4ccc(C(=O)Nc5ccccc5)cc4)cc3)cc2)cc1,2
5978,c1ccc(Nc2ccc(-c3ccc(Nc4ccccc4)cc3)cc2)cc1,6
5979,c1ccc(Nc2ccc(C3(c4ccc(Nc5ccccc5)cc4)c4ccccc4-c4ccccc43)cc2)cc1,7
5980,c1ccc(Nc2ccc(C3(c4ccc(Nc5ccccc5)cc4)c4ccccc4-c4ccccc43)cc2)cc1,7
5981,c1ccc(Nc2cccc(Nc3ccccc3)c2)cc1,6
5982,c1ccc(Nc2ccc(Cc3ccc(Nc4ccccc4)cc3)cc2)cc1,5
5983,c1ccc(Nc2ccc(C3(c4ccc(Nc5ccccc5)cc4)c4ccccc4-c4ccccc43)cc2)cc1,7
5984,c1ccc(Sc2cccc(Sc3ccccc3)c2)cc1,4
5985,c1ccc(Sc2ccc(Sc3ccc(Sc4ccccc4)cc3)cc2)cc1,6
5986,,0
5987,,0
5988,c1ccccc1,1
5989,,0
5990,,0
5991,,0
5992,,0
5993,,0
5994,c1ccccc1,1
5995,,0
5996,C1CCCCC1,4
5997,C1CCCCC1,4
5998,C1CCCCC1,4
5999,,0
6000,,0
6001,,0
6002,,0
6003,c1ccccc1,1
6004,c1ccccc1,1
6005,,0
6006,,0
6007,,0
6008,,0
6009,c1ccccc1,1
6010,c1ccccc1,1
6011,,0
6012,c1ccccc1,1
6013,c1ccccc1,1
6014,c1ccccc1,1
6015,c1ccccc1,1
6016,O=C(CNCCCCCCCCNCC(=O)c1ccccc1)c1ccccc1,7
6017,O=C(c1ccccc1)c1ccc(Cc2ccc(C(=O)c3ccccc3)cc2)cc1,4
6018,O=C(c1ccccc1)c1ccc(Cc2ccc(C(=O)c3ccccc3)cc2)cc1,4
6019,c1ccc(Cc2ccccc2)cc1,2
6020,c1ccc(Nc2ccccc2)cc1,9
6021,c1ccc(Nc2ccc(Nc3ccccc3)cc2)cc1,3
6022,O=P(c1ccccc1)(c1ccccc1)c1ccc(Sc2ccc(-c3ccccc3)cc2)cc1,5
6023,C(#Cc1ccccc1)[SiH2]c1ccccc1,8
6024,c1ccccc1,1
6025,c1ccccc1,1
6026,,0
6027,,0
6028,,0
6029,,0
6030,,0
6031,,0
6032,c1ccc2c(c1)[nH]c1ccccc12,9
6033,c1ccccc1,1
6034,,0
6035,c1ccc2ccccc2c1,9
6036,c1ccc(-c2ccccc2)cc1,8
6037,c1ccccc1,1
6038,c1ccc(OCCC[SiH2]c2ccccc2)cc1,2
6039,c1ccc([SiH2]c2ccccc2)cc1,5
6040,c1ccccc1,1
6041,C(=[CH][GeH]([c]1ccccc1)[c]1ccccc1)[SiH](c1ccccc1)c1ccccc1,8
6042,c1ccc(-c2ccccc2)cc1,8
6043,c1ccccc1,1
6044,,0
6045,,0
6046,,0
6047,c1ccc([SiH2]C[SiH2]C[SiH2]c2ccccc2)cc1,2
6048,c1ccccc1,1
6049,O=C(Oc1ccc(-c2ccccc2)cc1)c1ccccc1,6
6050,c1ccc(-c2ccccc2)cc1,8
6051,c1ccc([SiH2]c2ccccc2)cc1,5
6052,c1ccccc1,1
6053,c1ccccc1,1
6054,,0
6055,c1ccccc1,1
6056,c1ccc([SiH2]c2ccccc2)cc1,5
6057,c1ccc([SiH](c2ccccc2)c2ccccc2)cc1,3
6058,c1ccc(C[n+]2ccc(-c3cc[nH+]cc3)cc2)cc1,3
6059,c1ccc(C[n+]2ccc(-c3cc[nH+]cc3)cc2)cc1,3
6060,c1ccc(C[n+]2ccc(-c3cc[nH+]cc3)cc2)cc1,3
6061,c1cc[nH]c1,3
6062,c1cc[nH]c1,3
6063,c1cc[nH]c1,3
6064,c1[nH]cc2c1CCCC2,6
6065,c1[nH]cc2c1CCCCC2,8
6066,O=C(Nc1ccccc1)Nc1ccc(NC(=O)Nc2ccc(-c3c[nH]c(-c4ccccc4)n3)cc2)cc1,2
6067,O=C(Nc1ccccc1)Nc1ccc(NC(=O)Nc2ccc(-c3c[nH]c(-c4ccc(-c5nc(-c6ccccc6)c(-c6ccccc6)[nH]5)cc4)n3)cc2)cc1,2
6068,O=C1CC(Nc2ccccc2)C(=O)N1c1ccc(Cc2ccc(N3C(=O)CC(Nc4ccc(-c5c[nH]c(-c6ccc(C=Cc7ccccc7)cc6)n5)cc4)C3=O)cc2)cc1,7
6069,O=C1CC(Nc2ccccc2)C(=O)N1c1ccc(Cc2ccc(N3C(=O)CC(Nc4ccc(-c5c[nH]c(-c6ccc(N=Nc7ccccc7)cc6)n5)cc4)C3=O)cc2)cc1,2
6070,O=C1CC(Nc2ccccc2)C(=O)N1c1ccc(-c2sc(-c3ccc(N4C(=O)CC(Nc5ccc(-c6c[nH]c(-c7ccc(-c8nc(-c9ccccc9)c(-c9ccccc9)[nH]8)cc7)n6)cc5)C4=O)cc3)c(-c3ccccc3)c2-c2ccccc2)cc1,4
6071,O=C(Nc1ccc(-c2ccc(NC(=O)Oc3ccc(-c4c[nH]c(-c5ccc(-c6nc(-c7ccccc7)c(-c7ccccc7)[nH]6)cc5)n4)cc3)cc2)cc1)Oc1ccccc1,4
6072,O=C(c1ccc(Oc2ccccc2)cc1)c1ccc2cc(C(=O)c3ccc(Oc4ccc(-c5c[nH]c(-c6ccccc6)n5)cc4)cc3)ccc2c1,7
6073,O=C(c1ccc(Oc2ccccc2)cc1)c1ccc(C(=O)c2ccc(C(=O)c3ccc(Oc4ccc(-c5c[nH]c(-c6ccccc6)n5)cc4)cc3)cc2)cc1,2
6074,O=C(c1ccc(Oc2ccccc2)cc1)c1ccc(C(=O)c2ccc(Oc3ccc(-c4c[nH]c(-c5ccccc5)n4)cc3)cc2)cc1,8
6075,O=C(c1ccc(Oc2ccccc2)cc1)c1ccc(Oc2ccc(C(=O)c3ccc(Oc4ccc(-c5c[nH]c(-c6ccccc6)n5)cc4)cc3)cc2)cc1,5
6076,O=C(c1ccc(Oc2ccccc2)cc1)c1ccc(-c2ccc(C(=O)c3ccc(Oc4ccc(-c5c[nH]c(-c6ccccc6)n5)cc4)cc3)cc2)cc1,7
6077,O=P(c1ccccc1)(c1ccc(Oc2ccccc2)cc1)c1ccc(Oc2ccc(-c3c[nH]c(-c4ccccc4)n3)cc2)cc1,5
6078,O=S(=O)(c1ccc(Oc2ccccc2)cc1)c1ccc(Oc2ccc(-c3c[nH]c(-c4ccccc4)n3)cc2)cc1,8
6079,O=C(c1ccc(Oc2ccccc2)cc1)c1cccc(C(=O)c2ccc(Oc3ccc(-c4cc[nH]n4)cc3)cc2)c1,7
6080,O=P(c1ccccc1)(c1ccc(Oc2ccccc2)cc1)c1ccc(Oc2ccc(-c3cc[nH]n3)cc2)cc1,9
6081,O=S(=O)(c1ccc(Oc2ccccc2)cc1)c1ccc(Oc2ccc(-c3cc[nH]n3)cc2)cc1,8
6082,O=C1NC(=O)c2cc(-c3ccc4c(c3)C(=O)N(c3ccc(-c5ccccc5)cc3)C4=O)ccc21,5
6083,O=C1NC(=O)c2cc(S(=O)(=O)c3ccc4c(c3)C(=O)N(c3ccc(-c5ccccc5)cc3)C4=O)ccc21,8
6084,O=C1NC(=O)c2cc(Oc3cccc4c(Oc5ccc6c(c5)C(=O)N(c5ccc(Cc7ccccc7)cc5)C6=O)cccc34)ccc21,8
6085,c1ccccc1,1
6086,O=C(c1ccc(Oc2ccccc2)cc1)c1cccc(C(=O)c2ccc(Oc3ccc(-c4nc(-c5cccc(-c6ncc(-c7ccccc7)[nH]6)c5)[nH]c4-c4ccccc4)cc3)cc2)c1,9
6087,O=C(c1ccc(Oc2ccccc2)cc1)c1cccc(-c2cccc(C(=O)c3ccc(Oc4ccc(-c5nc(-c6cccc(-c7ncc(-c8ccccc8)[nH]7)c6)[nH]c5-c5ccccc5)cc4)cc3)c2)c1,6
6088,O=C(c1ccc(Oc2ccccc2)cc1)c1ccc(C(=O)c2ccc(Oc3ccc(-c4nc(-c5cccc(-c6ncc(-c7ccccc7)[nH]6)c5)[nH]c4-c4ccccc4)cc3)cc2)cc1,4
6089,O=C(c1ccc(Oc2ccccc2)cc1)c1ccc(Oc2ccc(-c3nc(-c4cccc(-c5ncc(-c6ccccc6)[nH]5)c4)[nH]c3-c3ccccc3)cc2)cc1,2
6090,O=C(c1ccc(Oc2ccccc2)cc1)c1ccc(-c2ccc(C(=O)c3ccc(Oc4ccc(-c5nc(-c6cccc(-c7ncc(-c8ccccc8)[nH]7)c6)[nH]c5-c5ccccc5)cc4)cc3)cc2)cc1,8
6091,O=C(c1ccc(Oc2ccccc2)cc1)c1cccc(C(=O)c2ccc(Oc3ccc(-c4nc(-c5ccc(-c6ncc(-c7ccccc7)[nH]6)cc5)[nH]c4-c4ccccc4)cc3)cc2)c1,8
6092,O=C(c1ccc(Oc2ccccc2)cc1)c1ccc2cc(C(=O)c3ccc(Oc4ccc(-c5nc(-c6ccc(-c7ncc(-c8ccccc8)[nH]7)cc6)[nH]c5-c5ccccc5)cc4)cc3)ccc2c1,8
6093,O=C(c1ccc(Oc2ccccc2)cc1)c1ccc(C(=O)c2ccc(Oc3ccc(-c4nc(-c5ccc(-c6ncc(-c7ccccc7)[nH]6)cc5)[nH]c4-c4ccccc4)cc3)cc2)cc1,9
6094,O=C(c1ccc(Oc2ccccc2)cc1)c1ccc(Oc2ccc(C(=O)c3ccc(Oc4ccc(-c5nc(-c6ccc(-c7ncc(-c8ccccc8)[nH]7)cc6)[nH]c5-c5ccccc5)cc4)cc3)cc2)cc1,6
6095,C(=Nc1ccccc1)c1ccccc1,7
6096,C(=Nc1ccccc1)c1ccccc1,7
6097,c1ccc(N=Nc2ccccc2)cc1,7
6098,c1ccc(Oc2ccc(-c3c(-c4ccccc4)c(-c4ccc(-c5nc6ccccc6cc5-c5ccccc5)cc4)nc4ccccc34)cc2)cc1,9
6099,O=C1c2c(-c3ccccc3)cc(-c3ccccc3)c(-c3ccccc3)c2C(=O)N1c1cccc(N2C(=O)c3c(c(-c4ccccc4)c(-c4ccc(Oc5ccccc5)cc4)c(-c4ccccc4)c3-c3ccccc3)C2=O)c1,2
6100,c1ccccc1,1
6101,C(=Cc1ccccc1)c1ccccc1,9
6102,C(=Cc1ccccc1)c1ccccc1,9
6103,C(=Cc1ccccc1)c1ccccc1,9
6104,c1ccccc1,1
6105,c1ccc(OCC2CC3CC2C2CCCC32)cc1,8
6106,c1ccccc1,1
6107,c1ccccc1,1
6108,c1ccccc1,1
6109,c1ccccc1,1
6110,c1ccc(-c2ccc(N(c3ccccc3)c3ccccc3)cc2)cc1,5
6111,O=C(c1ccccc1)c1ccccc1,4
6112,c1ccc(COc2ccccc2)cc1,4
6113,c1ccc(-c2ccccc2-c2ccccc2)cc1,4
6114,c1ccccc1,1
6115,c1ccccc1,1
6116,c1ccccc1,1
6117,c1ccccc1,1
6118,c1ccccc1,1
6119,c1ccc(-c2nc3ccccc3o2)cc1,6
6120,c1ccc(Oc2ccc(-c3c(-c4ccccc4)nc4ccc(Oc5ccc6nc(-c7ccccc7)cc(-c7ccccc7)c6c5)cc4c3-c3ccccc3)cc2)cc1,4
6121,c1ccc(-c2ccc(-c3c(-c4ccccc4)nc4ccc(-c5ccc6nc(-c7ccccc7)cc(-c7ccccc7)c6c5)cc4c3-c3ccccc3)cc2)cc1,9
6122,c1ccc(-c2cnc3cc(Oc4ccc5nc(-c6ccccc6)c(-c6ccccc6)nc5c4)ccc3n2)cc1,7
6123,c1ccc(-c2cnc3cc(Oc4ccc5nc(-c6ccccc6)c(-c6ccccc6)nc5c4)ccc3n2)cc1,7
6124,c1ccc(Oc2ccc(-c3nc4cc(Oc5ccc6nc(-c7ccccc7)cnc6c5)ccc4nc3-c3ccccc3)cc2)cc1,6
6125,O=C(CN1C(=O)c2ccc(Cc3ccc4c(c3)C(=O)N(CC(=O)Nc3ccc(Oc5ccc6nc(-c7ccccc7)c(-c7ccccc7)nc6c5)cc3)C4=O)cc2C1=O)Nc1ccc(Oc2ccc3nc(-c4ccccc4)cnc3c2)cc1,8
6126,O=C(CN1C(=O)c2ccc(Cc3ccc4c(c3)C(=O)N(CC(=O)Nc3ccc(Oc5ccc6nc(-c7ccccc7)c(-c7ccc(Oc8ccccc8)cc7)nc6c5)cc3)C4=O)cc2C1=O)Nc1ccc(Oc2ccc3nc(-c4ccccc4)cnc3c2)cc1,6
6127,O=C(Nc1ccc(Oc2ccc3nc(-c4ccccc4)cnc3c2)cc1)c1cc(C(=O)Nc2ccc(Oc3ccc4nc(-c5ccccc5)c(-c5ccc(Oc6ccccc6)cc5)nc4c3)cc2)cc(N2C(=O)c3ccccc3C2=O)c1,2
6128,O=C(Nc1ccc(Oc2ccc3nc(-c4ccccc4)cnc3c2)cc1)c1cc(C(=O)Nc2ccc(Oc3ccc4nc(-c5ccccc5)c(-c5ccccc5)nc4c3)cc2)cc(N2C(=O)c3ccccc3C2=O)c1,3
6129,O=C(Nc1ccc(Oc2ccc3nc(-c4ccccc4)cnc3c2)cc1)c1cc(C(=O)Nc2ccc(Oc3ccc4nc(-c5ccccc5)c(-c5ccc(Oc6ccccc6)cc5)nc4c3)cc2)cc(N2C(=O)c3ccccc3C2=O)c1,2
6130,O=C(Nc1ccc(Oc2ccc3nc(-c4ccccc4)cnc3c2)cc1)c1ccc2c(c1)C(=O)N(c1ccc(Cc3ccc(N4C(=O)c5ccc(C(=O)Nc6ccc(Oc7ccc8nc(-c9ccccc9)c(-c9ccc(Oc%10ccccc%10)cc9)nc8c7)cc6)cc5C4=O)cc3)cc1)C2=O,6
6131,O=S(=O)(c1ccc2nc(-c3ccccc3)cnc2c1)c1ccc2nc(-c3ccccc3)c(-c3ccccc3)nc2c1,9
6132,O=C(c1ccc2c(c1)C(=O)N(c1ccccc1)C2=O)c1ccc2c(c1)C(=O)N(c1ccc(-c3nc4cc(S(=O)(=O)c5ccc6nc(-c7ccccc7)cnc6c5)ccc4nc3-c3ccccc3)cc1)C2=O,4
6133,O=S(=O)(c1ccc2nc(-c3ccccc3)cnc2c1)c1ccc2nc(-c3ccccc3)c(-c3ccc(Oc4ccccc4)cc3)nc2c1,3
6134,c1ccc(-c2cnc3cc(-c4ccc5nc(-c6ccccc6)c(-c6ccccc6)nc5c4)ccc3n2)cc1,8
6135,c1ccc(Oc2ccc(-c3nc4cc(-c5ccc6nc(-c7ccccc7)cnc6c5)ccc4nc3-c3ccccc3)cc2)cc1,9
6136,c1ccc(Sc2ccc(-c3nc4cc(-c5ccc6nc(-c7ccccc7)cnc6c5)ccc4nc3-c3ccccc3)cc2)cc1,2
6137,O=C1c2cc3ccccc3c(-c3ccc(Oc4ccc(-c5cccc(-c6ccc(Oc7ccccc7)cc6)c5)cc4)cc3)c2C(=O)N1c1ccccc1,4
6138,O=C1c2cc3ccccc3c(-c3ccc(Oc4ccc(-c5ccc(-c6ccc(-c7ccc(Oc8ccccc8)cc7)cc6)cc5)cc4)cc3)c2C(=O)N1c1ccccc1,6
6139,O=C1c2cc3ccccc3c(-c3ccc(Oc4ccc(-c5cccc(-c6ccc(Oc7ccccc7)cc6)n5)cc4)cc3)c2C(=O)N1c1ccccc1,6
6140,O=C(c1ccc(Oc2ccccc2)cc1)c1cccc(C(=O)c2ccc(Oc3ccc(-c4c5c(cc6ccccc46)C(=O)NC5=O)cc3)cc2)c1,4
6141,O=C(c1ccc(Oc2ccccc2)cc1)c1cccc(C(=O)c2ccc(Oc3ccc(-c4c5c(cc6ccccc46)C(=O)NC5=O)cc3)cc2)c1,4
6142,O=C(c1ccc(Oc2ccccc2)cc1)c1cccc(C(=O)c2ccc(Oc3ccc(-c4c5c(cc6ccccc46)C(=O)N(c4ccccc4)C5=O)cc3)cc2)c1,9
6143,O=C(c1ccc(Oc2ccccc2)cc1)c1ccc(Oc2ccc(-c3c4c(cc5ccccc35)C(=O)NC4=O)cc2)cc1,5
6144,O=C(c1ccc(Oc2ccccc2)cc1)c1ccc(Oc2ccc(-c3c4c(cc5ccccc35)C(=O)N(c3ccccc3)C4=O)cc2)cc1,7
6145,O=C(c1ccc(Oc2ccccc2)cc1)c1ccc(Oc2ccc(-c3c4c(cc5ccccc35)C(=O)N(c3ccccc3-c3ccccc3)C4=O)cc2)cc1,8
6146,O=C(c1ccc(Oc2ccccc2)cc1)c1ccc(Oc2ccc(-c3c4c(cc5ccccc35)C(=O)N(c3ccccc3)C4=O)cc2)cc1,7
6147,O=C(c1ccc(Oc2ccccc2)cc1)c1ccc(Oc2ccc(-c3c4c(cc5ccccc35)C(=O)N(c3ccccc3)C4=O)cc2)cc1,7
6148,O=C(c1ccc(Oc2ccccc2)cc1)c1ccc(Oc2ccc(-c3c4c(cc5ccccc35)C(=O)N(c3ccccc3)C4=O)cc2)cc1,7
6149,O=C(c1ccc(Oc2ccccc2)cc1)c1ccc(Oc2ccc(-c3c4c(cc5ccccc35)C(=O)N(c3ccccc3)C4=O)cc2)cc1,7
6150,O=C1NC(=O)c2c1cc1ccccc1c2-c1ccc(Oc2ccc(S(=O)(=O)c3ccc(Oc4ccccc4)cc3)cc2)cc1,3
6151,O=C1c2cc3ccccc3c(-c3ccc(Oc4ccc(S(=O)(=O)c5ccc(Oc6ccccc6)cc5)cc4)cc3)c2C(=O)N1c1ccccc1,6
6152,O=C1c2cc3ccccc3c(-c3ccc(Oc4ccc(S(=O)(=O)c5ccc(Oc6ccccc6)cc5)cc4)cc3)c2C(=O)N1c1ccccc1-c1ccccc1,3
6153,O=C1c2cc3ccccc3c(-c3ccc(Oc4ccc(S(=O)(=O)c5ccc(Oc6ccccc6)cc5)cc4)cc3)c2C(=O)N1c1ccccc1,6
6154,O=C1c2cc3ccccc3c(-c3ccc(Oc4ccc(S(=O)(=O)c5ccc(Oc6ccccc6)cc5)cc4)cc3)c2C(=O)N1c1ccccc1,6
6155,O=C1c2cc3ccccc3c(-c3ccc(Oc4ccc(S(=O)(=O)c5ccc(Oc6ccccc6)cc5)cc4)cc3)c2C(=O)N1c1ccccc1,6
6156,O=C1c2cc3ccccc3c(-c3ccc(Oc4ccc(S(=O)(=O)c5ccc(Oc6ccccc6)cc5)cc4)cc3)c2C(=O)N1c1ccccc1,6
6157,O=C1c2ccccc2C(=O)N1N1C(=O)c2ccc(Sc3ccc(Sc4ccccc4)cc3)cc2C1=O,8
6158,O=c1c2ccccc2cnn1-c1ccc(S(=O)(=O)c2ccccc2)cc1,5
6159,c1ccc2ccccc2c1,9
6160,O=C(c1ccc(Oc2ccccc2)cc1)c1ccc(Oc2ccc(-c3nncc4c(-c5ccccc5)c(-c5ccc6ccccc6c5)c(-c5ccc6ccccc6c5)c(-c5ccccc5)c34)cc2)cc1,6
6161,c1ccc(Oc2ccc(Cc3ccc(Oc4ccc(-c5nncc6c(-c7ccccc7)c(-c7ccccc7)c(-c7ccccc7)c(-c7ccccc7)c56)cc4)cc3)cc2)cc1,6
6162,c1ccc(Oc2ccc(Cc3ccc(Oc4ccc(-c5nncc6c(-c7ccccc7)c(-c7ccc8ccccc8c7)c(-c7ccc8ccccc8c7)c(-c7ccccc7)c56)cc4)cc3)cc2)cc1,8
6163,c1ccc(Oc2ccc(Cc3ccc(Oc4ccc(-c5nncc6c(-c7ccccc7)c(-c7ccccc7)c(-c7ccccc7)c(-c7ccccc7)c56)cc4)cc3)cc2)cc1,6
6164,c1ccc(Oc2ccc(Cc3ccc(Oc4ccc(-c5nncc6c(-c7ccccc7)c(-c7ccc8ccccc8c7)c(-c7ccc8ccccc8c7)c(-c7ccccc7)c56)cc4)cc3)cc2)cc1,8
6165,c1ccc(Oc2ccc(C3(c4ccc(Oc5ccc(-c6nncc7c(-c8ccccc8)c(-c8ccccc8)c(-c8ccccc8)c(-c8ccccc8)c67)cc5)cc4)c4ccccc4-c4ccccc43)cc2)cc1,5
6166,c1ccc(Oc2ccc(C3(c4ccc(Oc5ccc(-c6nncc7c(-c8ccccc8)c(-c8ccc9ccccc9c8)c(-c8ccc9ccccc9c8)c(-c8ccccc8)c67)cc5)cc4)c4ccccc4-c4ccccc43)cc2)cc1,8
6167,c1ccc(Oc2ccc(-c3ccc(Oc4ccc(-c5nncc6c(-c7ccccc7)c(-c7ccc8ccccc8c7)c(-c7ccc8ccccc8c7)c(-c7ccccc7)c56)cc4)cc3)cc2)cc1,3
6168,c1csc(-c2ccc3c(c2)[nH]c2cc(-c4ccc(-c5scc6nccnc56)s4)ccc23)c1,3
6169,O=C(Oc1ccc2cc3ccc(=O)cc-3oc2c1)c1ccccc1,2
6170,c1ccc2c(c1)[nH]c1ccccc12,9
6171,c1ccc2c(c1)[nH]c1ccccc12,9
6172,C(=Nc1ccccc1)c1ccccc1,7
6173,C(=Nc1ccccc1)c1ccccc1,7
6174,c1ccccc1,1
6175,c1ccc(C23CC4CC(CC(C4)C2)C3)cc1,5
6176,c1ccc(-c2ccsc2)cc1,2
6177,c1ccc(-c2ccsc2)cc1,2
6178,c1ccc(-c2ccsc2)cc1,2
6179,c1ccc(-c2ccsc2)cc1,2
6180,c1ccc(-c2ccsc2)cc1,2
6181,c1ccc(-c2ccsc2)cc1,2
6182,O=c1[nH]c(=O)c2cc3c(=O)n(-c4cccc(-c5nc6ccccc6o5)c4)c(=O)c3cc12,7
6183,O=c1[nH]c(=O)c2cc3c(=O)n(-c4cccc(-c5nc6ccccc6s5)c4)c(=O)c3cc12,2
6184,c1ccc2ccc(-c3ccc(-c4cccs4)s3)c-2cc1,8
6185,c1ccc2ccc(-c3ccc(-c4cccs4)s3)c-2cc1,8
6186,O=c1[nH]c(=O)c2cc3c(=O)n(-c4ccccc4)c(=O)c3cc12,8
6187,O=c1c2cc3c(=O)n(-c4ccsc4-c4ccccc4)c(=O)c3cc2c(=O)n1-c1ccc(-c2nnc[nH]2)cc1,5
6188,O=C1NC(=O)c2cc(-c3ccc4c(c3)C(=O)N(c3ccc(Oc5ccccc5)cc3)C4=O)ccc21,4
6189,c1ccsc1,6
6190,c1ccsc1,6
6191,c1ccsc1,6
6192,c1ccsc1,6
6193,O=C(Oc1cccc2cccnc12)c1ccsc1,3
6194,c1ccsc1,6
6195,c1ccsc1,6
6196,c1ccncc1,9
6197,c1ccsc1,6
6198,O=C1NC(=O)c2cc(-c3ccc4c(c3)C(=O)N(c3ccc(-c5ccccc5)cc3)C4=O)ccc21,5
6199,O=c1[nH]c(=O)c2cc3c(=O)n(-c4ccc(NC(=S)N=Cc5ccccc5)cc4)c(=O)c3cc12,2
6200,C(=Nc1ccccc1)c1ccccc1,7
6201,c1ccccc1,1
6202,c1ccsc1,6
6203,c1cc[nH]c1,3
6204,O=C(Cc1ccsc1)OCCCCCCOc1ccc(N=Nc2ccccc2)cc1,4
6205,O=C(Cc1ccsc1)OCCNc1ccc(N=Nc2ccccc2)cc1,9
6206,c1ccsc1,6
6207,c1ccsc1,6
6208,c1ccsc1,6
6209,c1ccsc1,6
6210,c1cc[nH]c1,3
6211,c1ccsc1,6
6212,c1ccsc1,6
6213,c1ccsc1,6
6214,c1ccsc1,6
6215,c1cc[nH]c1,3
6216,O=C1OCC(CCCCCCCCCc2ccsc2)O1,5
6217,c1cc(CCCCCCCCCC2COCO2)cs1,5
6218,c1ccc(C2OCC(CCCCCCCCCc3ccsc3)O2)cc1,5
6219,c1ccsc1,6
6220,c1csc(-c2scc3c2OCCO3)c1,2
6221,c1cc[nH]c1,3
6222,c1ccsc1,6
6223,O=C(COc1ccccc1)OCCCCCCc1ccsc1,4
6224,c1ccc(N=Nc2ccc(NCCc3ccsc3)cc2)cc1,6
6225,c1ccsc1,6
6226,c1cc[nH]c1,3
6227,c1ccc(N=Nc2ccc(OCCc3ccsc3)cc2)cc1,7
6228,c1ccsc1,6
6229,c1ccc(-c2ccc(OCCCCCCCCCCCCOCc3ccsc3)cc2)cc1,3
6230,c1ccc(-c2ccc(OCCCCCCCCOCc3ccsc3)cc2)cc1,7
6231,c1csc(-c2cccs2)c1,3
6232,c1ccc(N=Nc2ccccc2)cc1,7
6233,c1ccc(N=Nc2ccccc2)cc1,7
6234,c1ccc(N=Nc2ccccc2)cc1,7
6235,O=C(COc1ccccc1)C12CC3CC(CC(C3)C1)C2,7
6236,c1ccsc1,6
6237,c1ccsc1,6
6238,c1csc(-c2scc3c2OCCO3)c1,2
6239,c1ccsc1,6
6240,c1ccsc1,6
6241,c1ccsc1,6
6242,c1ccc(-c2nc3ccccc3o2)cc1,6
6243,c1ccccc1,1
6244,c1ccc(Oc2ccc(-c3cc(-c4cccc(-c5ccc6ccccc6n5)c4)nc4ccccc34)cc2)cc1,8
6245,c1ccc2c(c1)Cc1ccccc1-2,7
6246,c1ccc2c(c1)Cc1ccccc1-2,7
6247,O=c1ccc2ccc(OCCCCCCC3(CCCCCCOc4ccc5ccc(=O)oc5c4)c4ccccc4-c4ccc(C=Cc5ccc6c(c5)Cc5ccccc5-6)cc43)cc2o1,5
6248,O=c1ccc2ccc(OCCCCCCC3(CCCCCCOc4ccc5ccc(=O)oc5c4)c4ccccc4-c4ccc(C=Cc5ccccc5)cc43)cc2o1,2
6249,c1ccc(-c2ccc3c(c2)Cc2ccccc2-3)cc1,6
6250,c1ccc(-c2ccc3c(c2)Cc2ccccc2-3)cc1,6
6251,c1ccc(-c2ccc3c(c2)Cc2ccccc2-3)cc1,6
6252,c1ccc(COc2ccc(OCc3ccccc3)c(-c3ccc4c(c3)Cc3ccccc3-4)c2)cc1,9
6253,c1ccc(-c2ccc3c(c2)Cc2ccccc2-3)cc1,6
6254,c1ccc(-c2nnc(-c3ccc(C4(c5ccc(-c6nnc(-c7ccccc7)o6)cc5)c5ccccc5-c5ccc(-c6ccc7c(c6)Cc6ccccc6-7)cc54)cc3)o2)cc1,5
6255,c1ccc(-c2ccc3c(c2)Cc2ccccc2-3)cc1,6
6256,c1ccc(-c2ccc3c(c2)Cc2ccccc2-3)cc1,6
6257,c1ccc(-c2ccc3c(c2)Cc2ccccc2-3)cc1,6
6258,c1ccc(-c2ccc3c(c2)Cc2ccccc2-3)cc1,6
6259,c1ccc2c(c1)Cc1cc(-c3ccc4c(c3)C3(CCCCC3)c3ccccc3-4)ccc1-2,2
6260,c1ccc(CC2COC(C3(C4=NC(Cc5ccccc5)CO4)CCC4(CC3)c3ccccc3-c3ccc(-c5ccc6c(c5)Cc5ccccc5-6)cc34)=N2)cc1,5
6261,c1ccc2c(c1)Cc1cc(-c3ccc4c(c3)C3(CCCCC3)c3ccccc3-4)ccc1-2,2
6262,O=C(Oc1ccc2c(c1)Oc1ccccc1C2)c1ccc2c(c1)C(c1ccccc1)CC2,2
6263,c1ccc2c(c1)Oc1ccccc1C21c2ccccc2-c2ccccc21,7
6264,c1ccc2c(c1)Sc1ccccc1S2,4
6265,c1ccc(Sc2ccc(Sc3ccc4c(c3)Sc3ccccc3S4)cc2)cc1,7
6266,O=C1CC(N2C(=O)c3ccccc3C2=O)C(=O)N1c1ccccc1,8
6267,O=C1CC(N2C(=O)c3ccccc3C2=O)C(=O)N1c1cccc2ccccc12,3
6268,O=C1CC(N2C(=O)c3ccccc3C2=O)C(=O)N1c1ccc(Cc2ccccc2)cc1,2
6269,O=C1CC(N2C(=O)c3ccccc3C2=O)C(=O)N1c1ccccc1,8
6270,O=C1CC(N2C(=O)c3ccccc3C2=O)C(=O)N1c1ccc(S(=O)(=O)c2ccccc2)cc1,4
6271,O=C1CC(N2C(=O)c3ccccc3C2=O)C(=O)N1c1ccc(-c2ccccc2)cc1,8
6272,O=C1c2ccccc2C(=O)N1C1CCC(CC2CCC(N3C(=O)c4ccccc4C3=O)CC2)CC1,8
6273,O=C1c2ccccc2C(=O)N1CC1CCCC(N2C(=O)c3ccccc3C2=O)C1,8
6274,O=C1c2ccccc2C(=O)N1CC1CCCC(N2C(=O)c3ccccc3C2=O)C1,8
6275,O=C1c2ccccc2C(=O)N1C1CCC(CC2CCC(N3C(=O)c4ccccc4C3=O)CC2)CC1,8
6276,O=C(Oc1ccccc1)c1ccc2c(c1)C(=O)N(C1CCC(N3C(=O)c4ccccc4C3=O)CC1)C2=O,3
6277,O=C(Nc1ccccc1Oc1ccccc1)c1ccc2c(c1)C(=O)N(c1cccc(N3C(=O)c4ccccc4C3=O)c1Oc1ccccc1)C2=O,2
6278,O=C(Nc1ccc(Oc2ccccc2-c2ccccc2)c(-c2ccccc2)c1)c1ccc2c(c1)C(=O)N(c1cccc(N3C(=O)c4ccccc4C3=O)c1Oc1ccccc1)C2=O,9
6279,O=C(Nc1ccc(Oc2ccc3ccccc3c2-c2c(Oc3ccccc3)ccc3ccccc23)cc1)c1ccc2c(c1)C(=O)N(c1cccc(N3C(=O)c4ccccc4C3=O)c1Oc1ccccc1)C2=O,7
6280,O=C(Nc1ccc(Cc2ccc(NC(=O)c3cccc(N4C(=O)c5ccccc5C4=O)c3)cc2)cc1)c1cccc(N2C(=O)c3ccccc3C2=O)c1,5
6281,O=C1c2ccccc2C(=O)N1c1cccc(N2C(=O)c3ccccc3C2=O)c1,6
6282,O=C1c2ccccc2C(=O)N1c1ccc(N2C(=O)c3ccccc3C2=O)cc1,8
6283,O=C1c2ccccc2C(=O)N1c1cccc(N2C(=O)c3ccccc3C2=O)c1,6
6284,O=C1c2ccccc2C(=O)N1c1cccc(N2C(=O)c3ccccc3C2=O)c1,6
6285,O=C(c1cccc(N2C(=O)c3ccccc3C2=O)c1)c1cccc(N2C(=O)c3ccccc3C2=O)c1,9
6286,O=C(c1cccc(N2C(=O)c3ccccc3C2=O)c1)c1cccc(N2C(=O)c3ccccc3C2=O)c1,9
6287,O=C1c2ccccc2C(=O)N1c1cccc(N2C(=O)c3ccccc3C2=O)c1,6
6288,O=C1c2ccccc2C(=O)N1c1cccc(N2C(=O)c3ccccc3C2=O)c1,6
6289,O=C(Nc1ccc(-c2ccccc2)cc1)c1ccc2c(c1)C(=O)N(c1cccc(N3C(=O)c4ccccc4C3=O)c1)C2=O,6
6290,O=C(Nc1ccc(-c2ccccc2)cc1)c1ccc2c(c1)C(=O)N(c1cccc(N3C(=O)c4ccccc4C3=O)c1)C2=O,6
6291,O=C(Nc1ccc(Cc2ccccc2)cc1)c1ccc2c(c1)C(=O)N(c1cccc(N3C(=O)c4ccccc4C3=O)c1)C2=O,2
6292,O=C(Nc1ccccc1)c1ccc2c(c1)C(=O)N(c1cccc(N3C(=O)c4ccccc4C3=O)c1)C2=O,9
6293,O=C1c2ccccc2C(=O)N1c1ccc(Cc2cccc(N3C(=O)c4ccccc4C3=O)c2)cc1,2
6294,O=C1c2ccccc2C(=O)N1c1ccc(Cc2ccc(N3C(=O)c4ccccc4C3=O)cc2)cc1,8
6295,O=C1c2ccccc2C(=O)N1c1ccc(C2(c3ccc(N4C(=O)c5ccccc5C4=O)cc3)c3ccccc3-c3ccccc32)cc1,8
6296,O=C1c2ccccc2C(=O)N1c1ccc(Cc2ccc(N3C(=O)c4ccccc4C3=O)cc2)cc1,8
6297,O=C1c2ccccc2C(=O)N1c1ccc(-c2ccc(N3C(=O)c4ccccc4C3=O)cc2)cc1,4
6298,O=C1c2ccccc2C(=O)N1c1ccc(-c2ccc(N3C(=O)c4ccccc4C3=O)cc2)cc1,4
6299,O=C(C=Cc1ccccc1)Oc1cc(-c2ccc(N3C(=O)c4ccccc4C3=O)c(OC(=O)C=Cc3ccccc3)c2)ccc1N1C(=O)c2ccccc2C1=O,7
6300,O=C1c2ccccc2C(=O)N1c1ccc(-c2ccc(N3C(=O)c4ccccc4C3=O)c(OCCCCCCOc3ccc(/C=C/c4ccccc4)cc3)c2)cc1OCCCCCCOc1ccc(/C=C/c2ccccc2)cc1,2
6301,O=C1c2ccccc2C(=O)N1c1ccc(-c2ccc(N3C(=O)c4ccccc4C3=O)c(OCCNc3ccccc3)c2)cc1OCCNc1ccccc1,6
6302,O=C1c2ccccc2C(=O)N1c1ccc(-c2ccc(N3C(=O)c4ccccc4C3=O)cc2)cc1,4
6303,O=C1c2ccccc2C(=O)N1c1ccc(-c2ccc(N3C(=O)c4ccccc4C3=O)c(OCCCCCCOc3ccc(/C=C/c4ccccc4)cc3)c2)cc1OCCCCCCOc1ccc(/C=C/c2ccccc2)cc1,2
6304,O=C(Nc1ccc(Cc2ccccc2)cc1)c1ccc2c(c1)C(=O)N(c1ccc(-c3ccc(N4C(=O)c5ccccc5C4=O)cc3)cc1)C2=O,5
6305,O=C1c2ccccc2C(=O)N1c1ccc(C(c2ccccc2)c2ccc(N3C(=O)c4ccccc4C3=O)cc2)cc1,7
6306,O=C1c2ccccc2C(=O)N1c1ccc(Cc2ccc(N3C(=O)c4ccccc4C3=O)cc2)cc1,8
6307,O=C1c2ccccc2C(=O)N1c1ccc(C(c2ccccc2)c2ccc(N3C(=O)c4ccccc4C3=O)cc2)cc1,7
6308,O=C1c2ccccc2C(=O)N1c1ccc(C(c2ccccc2)c2ccc(N3C(=O)c4ccccc4C3=O)cc2)cc1,7
6309,O=C1c2ccccc2C(=O)N1c1ccc(C(c2ccc(N3C(=O)c4ccccc4C3=O)cc2)c2cccc3ccccc23)cc1,4
6310,O=C1c2ccccc2C(=O)N1c1ccc(C(c2ccccc2)c2ccc(N3C(=O)c4ccccc4C3=O)cc2)cc1,7
6311,O=C1c2ccccc2C(=O)N1c1ccc(C(c2ccccc2)c2ccc(N3C(=O)c4ccccc4C3=O)cc2)cc1,7
6312,O=C1c2ccccc2C(=O)N1c1ccc(C2(c3ccc(N4C(=O)c5ccccc5C4=O)cc3)c3ccccc3-c3ccccc32)cc1,8
6313,O=C1c2ccccc2C(=O)N1c1ccc(C2(c3ccc(N4C(=O)c5ccccc5C4=O)cc3)c3ccccc3-c3ccccc32)cc1,8
6314,O=C1c2ccccc2C(=O)N1c1ccc(Cc2ccc(N3C(=O)c4ccccc4C3=O)cc2)cc1,8
6315,O=C1c2ccccc2C(=O)N1c1ccc(Cc2ccc(N3C(=O)c4ccccc4C3=O)cc2)cc1,8
6316,O=C1c2ccccc2C(=O)N1c1ccc(Cc2ccc(N3C(=O)c4ccccc4C3=O)cc2)cc1,8
6317,O=C(OCCNc1ccc(N=Nc2ccccc2)cc1)c1ccc2c(c1)C(=O)N(c1ccc(Cc3ccc(N4C(=O)c5ccccc5C4=O)cc3)cc1)C2=O,5
6318,O=C(OCCNc1ccccc1)c1ccc2c(c1)C(=O)N(c1ccc(Cc3ccc(N4C(=O)c5ccccc5C4=O)cc3)cc1)C2=O,8
6319,O=C1c2ccccc2C(=O)N1c1ccc(-c2ccc(-c3ccc(N4C(=O)c5ccccc5C4=O)cc3)cc2)cc1,2
6320,O=C(Oc1ccc(Cc2ccccc2)cc1)c1ccc2c(c1)C(=O)N(c1ccc(-c3ccc(N4C(=O)c5ccccc5C4=O)cc3)cc1)C2=O,9
6321,O=C(Oc1ccc(Cc2ccccc2)cc1)c1ccc2c(c1)C(=O)N(c1ccc(-c3ccc(N4C(=O)c5ccccc5C4=O)cc3)cc1)C2=O,9
6322,O=C1c2ccccc2C(=O)N1c1ccc(Cc2ccc(N3C(=O)c4ccccc4C3=O)cc2)cc1,8
6323,O=C1c2ccccc2C(=O)N1c1c(-c2ccccc2)cc(-c2ccc(-c3cc(-c4ccccc4)c(N4C(=O)c5ccccc5C4=O)c(-c4ccccc4)c3)cc2)cc1-c1ccccc1,5
6324,O=C(Nc1cccc2c(NC(=O)c3cccc(N4C(=O)c5ccccc5C4=O)c3)cccc12)c1cccc(N2C(=O)c3ccccc3C2=O)c1,3
6325,O=C(Oc1ccc(Cc2ccc(OC(=O)c3cccc(N4C(=O)c5ccccc5C4=O)c3)cc2)cc1)c1cccc(N2C(=O)c3ccccc3C2=O)c1,3
6326,O=C1c2ccccc2C(=O)N1c1cccc(Cc2cccc(N3C(=O)c4ccccc4C3=O)c2)c1,7
6327,O=C1c2ccccc2C(=O)N1c1cccc(Cc2cccc(N3C(=O)c4ccccc4C3=O)c2)c1,7
6328,O=C1c2ccccc2C(=O)N1c1cccc(Cc2cccc(N3C(=O)c4ccccc4C3=O)c2)c1,7
6329,O=C1c2ccccc2C(=O)N1c1cc(Cc2ccc(OC(=O)C34CC5CC(CC(C5)C3)C4)c(N3C(=O)c4ccccc4C3=O)c2)ccc1OC(=O)C12CC3CC(CC(C3)C1)C2,4
6330,O=C1c2ccccc2C(=O)N1c1cc(Cc2ccc(OCCNc3ccc(N=Nc4ccccc4)cc3)c(N3C(=O)c4ccccc4C3=O)c2)ccc1OCCNc1ccc(N=Nc2ccccc2)cc1,2
6331,O=C1c2ccccc2C(=O)N1c1cccc(N2C(=O)c3ccccc3C2=O)c1,6
6332,O=C1c2ccccc2C(=O)N1c1ccc(OCCCCCCOc2ccc(N=Nc3ccccc3)cc2)c(N2C(=O)c3ccccc3C2=O)c1,9
6333,O=C1c2ccccc2C(=O)N1c1ccc(OCCCCCCOc2ccc(-c3ccccc3)cc2)c(N2C(=O)c3ccccc3C2=O)c1,2
6334,O=C1c2ccccc2C(=O)N1c1cccc(N2C(=O)c3ccccc3C2=O)c1,6
6335,O=C1c2ccccc2C(=O)N1c1cccc(N2C(=O)c3ccccc3C2=O)c1,6
6336,O=C1c2ccccc2C(=O)N1c1ccc(Oc2ccc(S(=O)(=O)c3ccccc3)cc2)c(N2C(=O)c3ccccc3C2=O)c1,6
6337,O=C(Nc1ccc(Cc2ccccc2)cc1)c1ccc2c(c1)C(=O)N(c1ccc(N=Nc3ccccc3)c(N3C(=O)c4ccccc4C3=O)c1)C2=O,7
6338,O=C(Nc1ccc(Cc2ccccc2)cc1)c1ccc2c(c1)C(=O)N(c1ccc(N=Nc3ccccc3)c(N3C(=O)c4ccccc4C3=O)c1)C2=O,7
6339,O=C(Nc1ccc(Cc2ccccc2)cc1)c1ccc2c(c1)C(=O)N(c1ccc(N=Nc3ccccc3)c(N3C(=O)c4ccccc4C3=O)c1)C2=O,7
6340,O=C(Nc1ccc(Oc2ccc(C3(c4ccc(Oc5ccccc5)cc4)NC(=O)c4ccccc43)cc2)cc1)c1ccc2c(c1)C(=O)N(c1cccc(N3C(=O)c4ccccc4C3=O)c1)C2=O,9
6341,O=C(OCCNc1ccc(N=Nc2ccccc2)cc1)c1ccc2c(c1)C(=O)N(c1ccc(N=Nc3ccccc3)c(N3C(=O)c4ccccc4C3=O)c1)C2=O,7
6342,O=C(OCCNc1ccccc1)c1ccc2c(c1)C(=O)N(c1ccc(N=Nc3ccccc3)c(N3C(=O)c4ccccc4C3=O)c1)C2=O,9
6343,O=C(Oc1ccc(Cc2ccccc2)cc1)c1ccc2c(c1)C(=O)N(c1cccc(N3C(=O)c4ccccc4C3=O)c1)C2=O,7
6344,O=C(Nc1cccc(N2C(=O)c3ccccc3C2=O)c1)OCCN(CCOC(=O)Nc1cccc(N2C(=O)c3ccccc3C2=O)c1)c1ccc(N=Nc2ccccc2)cc1,4
6345,O=C1c2ccccc2C(=O)N1c1cccc(-c2cccc(N3C(=O)c4ccccc4C3=O)c2)c1,9
6346,O=C(c1ccccc1N1C(=O)c2ccccc2C1=O)c1ccccc1N1C(=O)c2ccccc2C1=O,2
6347,O=C(c1cccc(N2C(=O)c3ccccc3C2=O)c1)c1ccccc1N1C(=O)c2ccccc2C1=O,3
6348,O=C(c1ccc(N2C(=O)c3ccccc3C2=O)cc1)c1ccccc1N1C(=O)c2ccccc2C1=O,8
6349,O=C1c2ccccc2C(=O)N1c1ccccc1Cc1ccccc1N1C(=O)c2ccccc2C1=O,9
6350,O=C1c2ccccc2C(=O)N1c1ccc(Cc2ccccc2N2C(=O)c3ccccc3C2=O)cc1,6
6351,O=C1c2ccccc2C(=O)N1c1ccc(Oc2ccccc2N2C(=O)c3ccccc3C2=O)cc1,3
6352,O=C1c2ccccc2C(=O)N1c1ccc(-c2ccccc2N2C(=O)c3ccccc3C2=O)cc1,9
6353,O=C1c2ccccc2C(=O)N1c1ccc(-c2ccc(N3C(=O)c4ccccc4C3=O)c3ccccc23)c2ccccc12,2
6354,O=C1c2ccccc2C(=O)N1c1cccc2c(N3C(=O)c4ccccc4C3=O)cccc12,7
6355,O=C(Nc1cccc(Cc2ccccc2)c1)c1ccc2c(c1)C(=O)N(c1cccc3c(N4C(=O)c5ccccc5C4=O)cccc13)C2=O,5
6356,O=C(Nc1ccc(Cc2ccccc2)cc1)c1ccc2c(c1)C(=O)N(c1cccc3c(N4C(=O)c5ccccc5C4=O)cccc13)C2=O,5
6357,O=C(Nc1ccc(-c2ccccc2)cc1)c1ccc2c(c1)C(=O)N(c1ccc(Oc3cccc4c(N5C(=O)c6ccccc6C5=O)cccc34)cc1)C2=O,8
6358,O=C(Nc1ccc(Oc2ccccc2)cc1)c1ccc2c(c1)C(=O)N(c1ccc(Oc3cccc4c(N5C(=O)c6ccccc6C5=O)cccc34)cc1)C2=O,4
6359,O=C(Nc1ccc(-c2ccccc2)cc1)c1ccc2c(c1)C(=O)N(c1ccc(Oc3cccc4c(N5C(=O)c6ccccc6C5=O)cccc34)cc1)C2=O,8
6360,O=C(Nc1ccc(-c2cc(-c3ccccc3)cc(-c3ccccc3)n2)cc1)c1ccc2c(c1)C(=O)N(c1ccc(Oc3cccc4c(N5C(=O)c6ccccc6C5=O)cccc34)cc1)C2=O,5
6361,O=C(Nc1ccccn1)c1ccc2c(c1)C(=O)N(c1ccc(Oc3cccc4c(N5C(=O)c6ccccc6C5=O)cccc34)cc1)C2=O,3
6362,O=C(Nc1ncnc(-c2ccccc2)n1)c1ccc2c(c1)C(=O)N(c1ccc(Oc3cccc4c(N5C(=O)c6ccccc6C5=O)cccc34)cc1)C2=O,3
6363,O=C1c2ccccc2C(=O)N1c1ccc(Oc2ccc(N3C(=O)c4ccccc4C3=O)cc2)cc1,8
6364,O=C(Nc1ccc(Cc2ccccc2)cc1)c1ccc(N2C(=O)c3ccccc3C2=O)cc1,8
6365,O=C1c2ccccc2C(=O)N1c1ccc(Oc2ccc(N3C(=O)c4ccccc4C3=O)cc2)cc1,8
6366,O=C1c2ccccc2C(=O)N1c1ccc(Oc2ccc(N3C(=O)c4ccccc4C3=O)cc2)cc1,8
6367,O=C1c2ccccc2C(=O)N1c1ccc(Oc2ccc(N3C(=O)c4ccccc4C3=O)cc2-c2ccccc2)c(-c2ccccc2)c1,5
6368,O=C(Nc1ccc(Oc2ccccc2-c2ccccc2)c(-c2ccccc2)c1)c1ccc2c(c1)C(=O)N(c1ccc(Oc3ccc(N4C(=O)c5ccccc5C4=O)cc3-c3ccccc3)c(-c3ccccc3)c1)C2=O,3
6369,O=C(Nc1ccc(Oc2ccccc2)cc1)c1ccc2c(c1)C(=O)N(c1ccc(Oc3ccc(N4C(=O)c5ccccc5C4=O)cc3-c3ccccc3)c(-c3ccccc3)c1)C2=O,8
6370,O=C1c2ccccc2C(=O)N1c1ccc(Oc2ccc(-c3ccc(N4C(=O)c5ccccc5C4=O)cc3)cc2)cc1,8
6371,O=C1c2ccccc2C(=O)N1c1ccc(Oc2ccc(-c3ccc(N4C(=O)c5ccccc5C4=O)cc3)cc2)cc1,8
6372,O=C1c2ccccc2C(=O)N1c1ccc(Oc2ccccc2Oc2ccc(N3C(=O)c4ccccc4C3=O)cc2)cc1,2
6373,O=C1c2ccccc2C(=O)N1c1ccc(Oc2ccccc2Oc2ccc(N3C(=O)c4ccccc4C3=O)cc2)cc1,2
6374,O=C(c1ccc(Oc2ccc(N3C(=O)c4ccccc4C3=O)cc2)cc1)c1cccc(N2C(=O)c3ccccc3C2=O)c1,5
6375,O=C(c1ccc(Oc2ccc(N3C(=O)c4ccccc4C3=O)cc2)cc1)c1cccc(C(=O)c2ccc(Oc3ccc(N4C(=O)c5ccccc5C4=O)cc3)cc2)n1,7
6376,O=C(c1ccc(Oc2ccc(N3C(=O)c4ccccc4C3=O)cc2)cc1)c1cccc(C(=O)c2ccc(Oc3ccc(N4C(=O)c5ccccc5C4=O)cc3)cc2)n1,7
6377,O=C1c2ccccc2C(=O)N1c1ccc(Oc2ccc(Cc3ccc(Oc4ccc(N5C(=O)c6ccccc6C5=O)cc4)cc3)cc2)cc1,3
6378,O=C1c2ccccc2C(=O)N1c1ccc(Oc2ccc(N3C(=O)c4ccccc4C3=O)cc2)cc1,8
6379,O=C1c2ccccc2C(=O)N1c1ccc(Oc2ccc(N3C(=O)c4ccccc4C3=O)cc2OCCNc2ccc(N=Nc3ccccc3)cc2)cc1,4
6380,O=C1c2ccccc2C(=O)N1c1ccc(Oc2ccc(Oc3ccc(N4C(=O)c5ccccc5C4=O)cc3)cc2)cc1,6
6381,O=C1c2ccccc2C(=O)N1c1ccc(-c2ccc(N3C(=O)c4ccccc4C3=O)cc2)cc1,4
6382,O=C1c2ccccc2C(=O)N1c1ccc(-c2ccc(N3C(=O)c4ccccc4C3=O)cc2)cc1,4
6383,O=C(Oc1ccccc1C12CC3CC(CC(C3)C1)C2)c1ccc2c(c1)C(=O)N(c1ccc(-c3ccc(N4C(=O)c5ccccc5C4=O)cc3)cc1)C2=O,6
6384,O=C(Oc1ccc(-c2ccccc2)cc1)c1ccc2c(c1)C(=O)N(c1ccc(-c3ccc(N4C(=O)c5ccccc5C4=O)cc3)cc1)C2=O,4
6385,O=C(Oc1ccc(Cc2ccccc2)cc1)c1ccc2c(c1)C(=O)N(c1ccc(-c3ccc(N4C(=O)c5ccccc5C4=O)cc3)cc1)C2=O,9
6386,O=C(Oc1ccc(C2(c3ccccc3)CC3CC2C2CCCC32)cc1)c1ccc2c(c1)C(=O)N(c1ccc(-c3ccc(N4C(=O)c5ccccc5C4=O)cc3)cc1)C2=O,8
6387,O=C(Oc1ccc(C2(c3ccccc3)C3CC4CC(C3)CC2C4)cc1)c1ccc2c(c1)C(=O)N(c1ccc(-c3ccc(N4C(=O)c5ccccc5C4=O)cc3)cc1)C2=O,4
6388,O=C(Oc1ccc(C2(c3ccccc3)CCCCC2)cc1)c1ccc2c(c1)C(=O)N(c1ccc(-c3ccc(N4C(=O)c5ccccc5C4=O)cc3)cc1)C2=O,8
6389,O=C1c2ccccc2C(=O)N1c1cccc(N2C(=O)c3ccccc3C2=O)c1,6
6390,O=C(c1ccccc1)c1cc(N2C(=O)c3ccccc3C2=O)cc(N2C(=O)c3ccccc3C2=O)c1,9
6391,O=C1c2ccccc2C(=O)N1c1cccc(N2C(=O)c3ccccc3C2=O)c1,6
6392,O=C1c2ccccc2C(=O)N1c1cccc(N2C(=O)c3ccccc3C2=O)c1,6
6393,O=C1c2ccccc2C(=O)N1c1cccc(N2C(=O)c3ccccc3C2=O)c1,6
6394,O=C1c2ccccc2C(=O)N1c1cccc(N2C(=O)c3ccccc3C2=O)c1,6
6395,O=C1c2ccccc2C(=O)N1c1cccc(N2C(=O)c3ccccc3C2=O)c1,6
6396,O=C1c2ccccc2C(=O)N1c1cccc(N2C(=O)c3ccccc3C2=O)c1,6
6397,O=C1c2ccccc2C(=O)N1c1cccc(N2C(=O)c3ccccc3C2=O)c1,6
6398,O=C1c2ccccc2C(=O)N1c1cccc(N2C(=O)c3ccccc3C2=O)c1,6
6399,O=C1c2ccccc2C(=O)N1c1cccc(N2C(=O)c3ccccc3C2=O)c1,6
6400,O=C1c2ccccc2C(=O)N1c1cc(OCCNc2ccc(N=Nc3ccccc3)cc2)cc(N2C(=O)c3ccccc3C2=O)c1,5
6401,O=C1c2ccccc2C(=O)N1c1cc(-c2nc3ccccc3oc2=O)cc(N2C(=O)c3ccccc3C2=O)c1,8
6402,O=C1c2ccccc2C(=O)N1c1cc(-c2nc3ccccc3[nH]2)cc(N2C(=O)c3ccccc3C2=O)c1,4
6403,O=C(Nc1cccc(-c2nnc(-c3ccccn3)o2)c1)c1ccc2c(c1)C(=O)N(c1cc(-c3nnc(-c4ccccn4)o3)cc(N3C(=O)c4ccccc4C3=O)c1)C2=O,8
6404,O=C(Nc1cccc(S(=O)(=O)c2ccccc2)c1)c1ccc2c(c1)C(=O)N(c1cc(-c3nnc(-c4ccccn4)o3)cc(N3C(=O)c4ccccc4C3=O)c1)C2=O,6
6405,O=C(Nc1cccc(-c2nc3ccccc3[nH]2)c1)c1ccc2c(c1)C(=O)N(c1cc(-c3nc4ccccc4o3)cc(N3C(=O)c4ccccc4C3=O)c1)C2=O,6
6406,O=C(Nc1ccc(S(=O)(=O)c2ccccc2)cc1)c1ccc2c(c1)C(=O)N(c1cc(-c3nc4ccccc4o3)cc(N3C(=O)c4ccccc4C3=O)c1)C2=O,8
6407,O=C(Nc1ccccn1)c1ccc2c(c1)C(=O)N(c1cc(-c3nc4ccccc4o3)cc(N3C(=O)c4ccccc4C3=O)c1)C2=O,3
6408,O=C(Nc1cccc(-c2nc3ccccc3[nH]2)c1)c1ccc2c(c1)C(=O)N(c1cc(-c3nc4ccccc4s3)cc(N3C(=O)c4ccccc4C3=O)c1)C2=O,7
6409,O=C(Nc1ccccc1)c1ccc2c(c1)C(=O)N(c1cc(-c3nc4ccccc4s3)cc(N3C(=O)c4ccccc4C3=O)c1)C2=O,5
6410,O=C(Nc1ccc(S(=O)(=O)c2ccccc2)cc1)c1ccc2c(c1)C(=O)N(c1cc(-c3nc4ccccc4s3)cc(N3C(=O)c4ccccc4C3=O)c1)C2=O,6
6411,O=C(Nc1ccccn1)c1ccc2c(c1)C(=O)N(c1cc(-c3nc4ccccc4s3)cc(N3C(=O)c4ccccc4C3=O)c1)C2=O,9
6412,O=C1c2ccccc2C(=O)N1c1cccc(C#Cc2cccc(N3C(=O)c4ccccc4C3=O)c2)c1,3
6413,O=C1c2ccccc2C(=O)N1c1cccc(C#Cc2ccccc2)c1,5
6414,O=C(NCCNc1ccc(C=Cc2ccccc2)cc1)c1cccc(N2C(=O)c3ccccc3C2=O)c1,2
6415,O=C(Nc1ccc(Cc2ccc(NC(=O)c3cccc(N4C(=O)c5ccccc5C4=O)c3)cc2)cc1)c1cccc(N2C(=O)c3ccccc3C2=O)c1,5
6416,O=C(Nc1ccc(NC(=O)c2cccc(N3C(=O)c4ccccc4C3=O)c2)cc1)c1ccc(NC(=O)c2cccc(N3C(=O)c4ccccc4C3=O)c2)cc1,9
6417,O=C(Nc1ccc(Oc2ccccc2Oc2ccc(NC(=O)c3cccc(N4C(=O)c5ccccc5C4=O)c3)cc2)cc1)c1cccc(N2C(=O)c3ccccc3C2=O)c1,8
6418,O=C(Nc1ccc(Oc2ccc(Cc3ccc(Oc4ccc(NC(=O)c5cccc(N6C(=O)c7ccccc7C6=O)c5)cc4)cc3)cc2)cc1)c1cccc(N2C(=O)c3ccccc3C2=O)c1,6
6419,O=C(Nc1ccc(Oc2ccc(Cc3ccc(Oc4ccc(NC(=O)c5cccc(N6C(=O)c7ccccc7C6=O)c5)cc4)cc3)cc2)cc1)c1cccc(N2C(=O)c3ccccc3C2=O)c1,6
6420,O=C(Nc1ccc(Oc2ccc(NC(=O)c3cccc(N4C(=O)c5ccccc5C4=O)c3)cc2)cc1)c1cccc(N2C(=O)c3ccccc3C2=O)c1,2
6421,O=C(Nc1ccc(Oc2ccc(Oc3ccc(NC(=O)c4cccc(N5C(=O)c6ccccc6C5=O)c4)cc3)cc2)cc1)c1cccc(N2C(=O)c3ccccc3C2=O)c1,8
6422,O=C(Nc1ccc(-c2ccc(NC(=O)c3cccc(N4C(=O)c5ccccc5C4=O)c3)cc2)cc1)c1cccc(N2C(=O)c3ccccc3C2=O)c1,6
6423,O=C1c2ccccc2C(=O)N1c1ccccc1,8
6424,O=C(c1ccc(Cc2cccc(N3C(=O)c4ccccc4C3=O)c2)cc1)c1cccc(N2C(=O)c3ccccc3C2=O)c1,7
6425,O=C(c1ccc(Cc2ccc(C(=O)c3cccc(N4C(=O)c5ccccc5C4=O)c3)cc2)cc1)c1cccc(N2C(=O)c3ccccc3C2=O)c1,5
6426,O=C(c1ccc(Cc2ccc(N3C(=O)c4ccccc4C3=O)cc2)cc1)c1cccc(N2C(=O)c3ccccc3C2=O)c1,4
6427,O=C(c1ccc(N2C(=O)c3ccccc3C2=O)cc1)c1cccc(N2C(=O)c3ccccc3C2=O)c1,8
6428,O=C1c2ccccc2C(=O)N1c1cccc(CCCCCc2cccc(N3C(=O)c4ccccc4C3=O)c2)c1,2
6429,O=C1c2ccccc2C(=O)N1c1cccc(CCCCCc2cccc(N3C(=O)c4ccccc4C3=O)c2)c1,2
6430,O=C1c2ccccc2C(=O)N1c1cccc(CCCCCc2cccc(N3C(=O)c4ccccc4C3=O)c2)c1,2
6431,O=C1c2ccccc2C(=O)N1c1cccc(CCCc2cccc(N3C(=O)c4ccccc4C3=O)c2)c1,5
6432,O=C1c2ccccc2C(=O)N1c1cccc(CCCc2cccc(N3C(=O)c4ccccc4C3=O)c2)c1,5
6433,O=C1c2ccccc2C(=O)N1c1cccc(Cc2cccc(N3C(=O)c4ccccc4C3=O)c2)c1,7
6434,O=C1c2ccccc2C(=O)N1c1cccc(C(c2ccccc2)c2cccc(N3C(=O)c4ccccc4C3=O)c2)c1,3
6435,O=C1c2ccccc2C(=O)N1c1cccc(Cc2cccc(N3C(=O)c4ccccc4C3=O)c2)c1,7
6436,O=C1c2ccccc2C(=O)N1c1cccc(Cc2cccc(N3C(=O)c4ccccc4C3=O)c2)c1,7
6437,O=C1c2ccccc2C(=O)N1c1ccc(Cc2cccc(N3C(=O)c4ccccc4C3=O)c2)cc1,2
6438,O=C(C=Cc1cccc(N2C(=O)c3ccccc3C2=O)c1)Nc1ccccc1,4
6439,O=C1c2ccccc2C(=O)N1c1cccc(Cc2cccc(N3C(=O)c4ccccc4C3=O)c2)c1,7
6440,O=C1c2ccccc2C(=O)N1c1cccc(Cc2ccc(Cc3cccc(N4C(=O)c5ccccc5C4=O)c3)cc2)c1,2
6441,O=C1c2ccccc2C(=O)N1c1cccc(Cc2ccc(Cc3ccc(Cc4cccc(N5C(=O)c6ccccc6C5=O)c4)cc3)cc2)c1,8
6442,O=C1c2ccccc2C(=O)N1c1cccc(N2C(=O)c3ccccc3C2=O)c1,6
6443,O=C1c2ccccc2C(=O)N1c1cccc(N2C(=O)c3ccccc3C2=O)c1,6
6444,O=C1c2ccccc2C(=O)N1c1cccc(N2C(=O)c3ccccc3C2=O)c1,6
6445,O=C(Nc1cccc(-c2nc3ccccc3[nH]2)c1)c1ccc2c(c1)C(=O)N(c1cccc(N3C(=O)c4ccccc4C3=O)c1)C2=O,2
6446,O=C(Nc1ccc(C2(c3ccccc3)c3ccccc3-c3ccccc32)cc1)c1ccc2c(c1)C(=O)N(c1cccc(N3C(=O)c4ccccc4C3=O)c1)C2=O,5
6447,O=C(Nc1ccccc1)c1ccc2c(c1)C(=O)N(c1cccc(N3C(=O)c4ccccc4C3=O)c1)C2=O,9
6448,O=C(Nc1ccc(Oc2ccccc2-c2ccccc2Oc2ccccc2)cc1)c1ccc2c(c1)C(=O)N(c1cccc(N3C(=O)c4ccccc4C3=O)c1)C2=O,5
6449,O=C(Nc1ccc(Oc2ccc(-c3ccc(Oc4ccccc4)cc3)cc2)cc1)c1ccc2c(c1)C(=O)N(c1cccc(N3C(=O)c4ccccc4C3=O)c1)C2=O,7
6450,O=C(Nc1ccc(S(=O)(=O)c2ccccc2)cc1)c1ccc2c(c1)C(=O)N(c1cccc(N3C(=O)c4ccccc4C3=O)c1)C2=O,4
6451,O=C(OCCNc1ccc(N=Nc2ccccc2)cc1)c1ccc2c(c1)C(=O)N(c1cccc(N3C(=O)c4ccccc4C3=O)c1)C2=O,3
6452,O=C(OCCNc1ccc(N=Nc2ccccc2)cc1)c1ccc2c(c1)C(=O)N(c1cccc(N3C(=O)c4ccccc4C3=O)c1)C2=O,3
6453,O=C(Oc1ccc(Cc2ccccc2)cc1)c1ccc2c(c1)C(=O)N(c1cccc(N3C(=O)c4ccccc4C3=O)c1)C2=O,7
6454,O=C(c1ccccc1)c1ccc2c(c1)C(=O)N(c1cccc(N3C(=O)c4ccccc4C3=O)c1)C2=O,9
6455,O=C(c1cccc(-c2ccccc2)c1)c1ccc2c(c1)C(=O)N(c1cccc(N3C(=O)c4ccccc4C3=O)c1)C2=O,8
6456,O=C(c1ccccc1)c1ccc2c(c1)C(=O)N(c1cccc(N3C(=O)c4ccccc4C3=O)c1)C2=O,9
6457,O=C(CCCCC(=O)Nc1cccc(N2C(=O)c3ccccc3C2=O)c1)Nc1cccc(N2C(=O)c3ccccc3C2=O)c1,5
6458,O=C(Nc1cccc(N2C(=O)c3ccccc3C2=O)c1)c1cccc(C(=O)Nc2cccc(N3C(=O)c4ccccc4C3=O)c2)c1,4
6459,O=C(Nc1cccc(N2C(=O)c3ccccc3C2=O)c1)c1cccc(N2C(=O)c3ccccc3C2=O)c1,2
6460,O=C(Nc1cccc(N2C(=O)c3ccccc3C2=O)c1)c1ccc(N2C(=O)c3ccccc3C2=O)cc1,2
6461,O=C1c2ccccc2C(=O)N1c1cccc(Nc2ncnc(Nc3cccc(N4C(=O)c5ccccc5C4=O)c3)n2)c1,3
6462,O=C1c2ccccc2C(=O)N1c1cccc(Nc2nc(Nc3cccc(N4C(=O)c5ccccc5C4=O)c3)nc(N(c3ccccc3)c3ccccc3)n2)c1,6
6463,O=C1c2ccccc2C(=O)N1c1cccc(Nc2nc(Nc3cccc(N4C(=O)c5ccccc5C4=O)c3)nc(-c3ccccc3)n2)c1,7
6464,O=C1c2ccccc2C(=O)N1c1cccc(OCCOCCOc2cccc(N3C(=O)c4ccccc4C3=O)c2)c1,3
6465,O=C1c2ccccc2C(=O)N1c1cccc(OCCOc2cccc(N3C(=O)c4ccccc4C3=O)c2)c1,2
6466,O=C1c2ccccc2C(=O)N1c1cccc(OP(=O)(Oc2cccc(N3C(=O)c4ccccc4C3=O)c2)c2ccccc2)c1,2
6467,O=C1c2ccccc2C(=O)N1c1cccc(Oc2cccc(N3C(=O)c4ccccc4C3=O)c2)c1,4
6468,O=C1c2ccccc2C(=O)N1c1ccc(Oc2cccc(N3C(=O)c4ccccc4C3=O)c2)cc1,6
6469,O=C(Nc1cccc(Oc2ccccc2)c1)c1ccc2c(c1)C(=O)N(c1ccc(Oc3cccc(N4C(=O)c5ccccc5C4=O)c3)cc1)C2=O,6
6470,O=C(Nc1ccc(Oc2ccc(Cc3ccc(Oc4ccccc4)cc3)cc2)cc1)c1ccc2c(c1)C(=O)N(c1ccc(Oc3cccc(N4C(=O)c5ccccc5C4=O)c3)cc1)C2=O,9
6471,O=C(Nc1ccc(Oc2ccc(C3(c4ccc(Oc5ccccc5)cc4)NC(=O)c4ccccc43)cc2)cc1)c1ccc2c(c1)C(=O)N(c1ccc(Oc3cccc(N4C(=O)c5ccccc5C4=O)c3)cc1)C2=O,4
6472,O=C1c2ccccc2C(=O)N1c1cccc(Oc2ccc(N3C(=O)c4ccc(-c5c(-c6ccccc6)c(-c6ccccc6)c(-c6ccc(Oc7ccc(-c8c(-c9ccccc9)c(-c9ccccc9)cc(-c9ccccc9)c8-c8ccccc8)cc7)cc6)c(-c6ccccc6)c5-c5ccccc5)cc4C3=O)cc2)c1,9
6473,O=C1c2ccccc2C(=O)N1c1cccc(Oc2ccc(Oc3cccc(N4C(=O)c5ccccc5C4=O)c3)cc2)c1,7
6474,O=C1c2ccccc2C(=O)N1c1cccc(Oc2ccc(P(=O)(c3ccccc3)c3ccc(Oc4cccc(N5C(=O)c6ccccc6C5=O)c4)cc3)cc2)c1,9
6475,O=C1c2ccccc2C(=O)N1c1cccc(P(=O)(c2ccccc2)c2cccc(N3C(=O)c4ccccc4C3=O)c2)c1,8
6476,O=C1c2ccccc2C(=O)N1c1cccc(P(=O)(c2ccc(Oc3ccc(C45CC6CC(CC(C6)C4)C5)cc3)cc2)c2cccc(N3C(=O)c4ccccc4C3=O)c2)c1,8
6477,O=C1c2ccccc2C(=O)N1c1cccc(P(=O)(c2ccc(Oc3ccc(C45CC6CC(CC(C6)C4)C5)cc3)cc2)c2cccc(N3C(=O)c4ccccc4C3=O)c2)c1,8
6478,O=C1c2ccccc2C(=O)N1c1cccc(P(=O)(c2ccccc2)c2cccc(N3C(=O)c4ccccc4C3=O)c2)c1,8
6479,O=C(Nc1ccc(Cc2ccccc2)cc1)c1ccc2c(c1)C(=O)N(c1cccc(P(=O)(c3ccccc3)c3cccc(N4C(=O)c5ccccc5C4=O)c3)c1)C2=O,4
6480,O=C(Nc1ccc(Oc2ccccc2)cc1)c1ccc2c(c1)C(=O)N(c1cccc(P(=O)(c3ccccc3)c3cccc(N4C(=O)c5ccccc5C4=O)c3)c1)C2=O,4
6481,O=C(Nc1ccc(-c2ccccc2)cc1)c1ccc2c(c1)C(=O)N(c1cccc(P(=O)(c3ccccc3)c3cccc(N4C(=O)c5ccccc5C4=O)c3)c1)C2=O,5
6482,O=C(Nc1ccc(-c2cc(-c3ccccc3)cc(-c3ccccc3)n2)cc1)c1ccc2c(c1)C(=O)N(c1cccc(P(=O)(c3ccccc3)c3cccc(N4C(=O)c5ccccc5C4=O)c3)c1)C2=O,7
6483,O=C(Nc1ccccn1)c1ccc2c(c1)C(=O)N(c1cccc(P(=O)(c3ccccc3)c3cccc(N4C(=O)c5ccccc5C4=O)c3)c1)C2=O,4
6484,O=C1c2ccccc2C(=O)N1c1cccc(S(=O)(=O)c2cccc(N3C(=O)c4ccccc4C3=O)c2)c1,6
6485,O=C1c2cc(N3C(=O)c4ccccc4C3=O)ccc2-c2ccc(N3C(=O)c4ccccc4C3=O)cc21,4
6486,O=C1c2ccccc2C(=O)N1c1ccc2c(c1)Cc1cc(N3C(=O)c4ccccc4C3=O)ccc1-2,9
6487,O=C1c2ccccc2C(=O)N1c1ccc2c(c1)Cc1cc(N3C(=O)c4ccccc4C3=O)ccc1-2,9
6488,O=C1c2ccccc2C(=O)N1c1ccc(C2CCc3ccc(N4C(=O)c5ccccc5C4=O)cc32)cc1,5
6489,O=C(NC1CCC(CC2CCCCC2)CC1)c1ccc(N2C(=O)c3ccccc3C2=O)cc1,8
6490,O=C(NCCNc1ccc(C=Cc2ccccc2)cc1)c1ccc(N2C(=O)c3ccccc3C2=O)cc1,4
6491,O=C1c2ccccc2C(=O)N1c1ccccc1,8
6492,O=C(Nc1cccc(Oc2ccc(S(=O)(=O)c3ccc(Oc4ccccc4)cc3)cc2)c1)c1ccc(N2C(=O)c3ccccc3C2=O)cc1,5
6493,O=C(Nc1ccccc1)c1ccc(N2C(=O)c3ccccc3C2=O)cc1,9
6494,O=C(Nc1ccccc1)c1ccc(N2C(=O)c3ccccc3C2=O)cc1,9
6495,O=C(Nc1ccccc1)c1ccc(N2C(=O)c3ccccc3C2=O)cc1,9
6496,O=C(Nc1ccccc1)c1ccc(N2C(=O)c3ccccc3C2=O)cc1,9
6497,O=C(Nc1ccc(Cc2ccccc2)cc1)c1ccc(N2C(=O)c3ccccc3C2=O)cc1,8
6498,O=C(Nc1ccccc1)c1ccc(N2C(=O)c3ccccc3C2=O)cc1,9
6499,O=C(Nc1ccc(Oc2cccc(Oc3ccc(NC(=O)c4ccc(N5C(=O)c6ccccc6C5=O)cc4)cc3)c2)cc1)c1ccc(N2C(=O)c3ccccc3C2=O)cc1,6
6500,O=C(Nc1ccc(Oc2ccc(Cc3ccc(Oc4ccccc4)cc3)cc2)cc1)c1ccc(N2C(=O)c3ccccc3C2=O)cc1,5
6501,O=C(Nc1ccc(Oc2ccc(Cc3ccc(Oc4ccc(NC(=O)c5ccc(N6C(=O)c7ccccc7C6=O)cc5)cc4)cc3)cc2)cc1)c1ccc(N2C(=O)c3ccccc3C2=O)cc1,3
6502,O=C(Nc1ccc(Oc2ccc(Cc3ccc(Oc4ccc(NC(=O)c5ccc(N6C(=O)c7ccccc7C6=O)cc5)cc4)cc3)cc2)cc1)c1ccc(N2C(=O)c3ccccc3C2=O)cc1,3
6503,O=C(Nc1ccc(Oc2ccccc2)cc1)c1ccc(N2C(=O)c3ccccc3C2=O)cc1,4
6504,O=C(Nc1ccc(Cc2ccc(NC(=O)Nc3ccc(C(=O)Nc4ccc(Oc5ccc(NC(=O)c6ccc(N7C(=O)c8ccccc8C7=O)cc6)cc5)cc4)cc3)cc2)cc1)Nc1ccc(C(=O)Nc2ccc(Oc3ccc(NC(=O)c4ccc(N5C(=O)c6ccccc6C5=O)cc4)cc3)cc2)cc1,5
6505,O=C(Nc1ccc(Oc2ccc(-c3ccc(Oc4ccc(NC(=O)c5ccc(N6C(=O)c7ccccc7C6=O)cc5)cc4)cc3)cc2)cc1)c1ccc(N2C(=O)c3ccccc3C2=O)cc1,2
6506,O=C(Nc1ccc(S(=O)(=O)c2ccccc2)cc1)c1ccc(N2C(=O)c3ccccc3C2=O)cc1,7
6507,O=C1c2ccccc2C(=O)N1c1ccccc1,8
6508,O=C1c2ccccc2C(=O)N1c1ccccc1,8
6509,O=C1c2ccccc2C(=O)N1c1ccccc1,8
6510,O=C1c2ccccc2C(=O)N1c1ccccc1,8
6511,O=C1c2ccccc2C(=O)N1c1ccccc1,8
6512,O=C1c2ccccc2C(=O)N1c1ccccc1,8
6513,O=C1c2ccccc2C(=O)N1c1ccccc1,8
6514,O=C(c1ccc(N2C(=O)c3ccccc3C2=O)cc1)c1cccc(C(=O)c2ccc(N3C(=O)c4ccccc4C3=O)cc2)c1,9
6515,O=C(c1ccc(C(=O)c2ccc(N3C(=O)c4ccccc4C3=O)cc2)cc1)c1ccc(N2C(=O)c3ccccc3C2=O)cc1,5
6516,O=C(c1ccc(Cc2ccc(C(=O)c3ccc(N4C(=O)c5ccccc5C4=O)cc3)cc2)cc1)c1ccc(N2C(=O)c3ccccc3C2=O)cc1,4
6517,O=C(c1ccc(N2C(=O)c3ccccc3C2=O)cc1)c1ccc(N2C(=O)c3ccccc3C2=O)cc1,8
6518,O=C1c2ccccc2C(=O)N1c1ccc(Cc2cccc(Cc3ccc(N4C(=O)c5ccccc5C4=O)cc3)c2)cc1,3
6519,O=C1c2ccccc2C(=O)N1c1ccc(Cc2ccc(Cc3ccc(N4C(=O)c5ccccc5C4=O)cc3)cc2)cc1,8
6520,O=C1c2ccccc2C(=O)N1c1ccc(Cc2ccc(N3C(=O)c4ccccc4C3=O)cc2)cc1,8
6521,O=C1c2ccccc2C(=O)N1c1ccc(Cc2ccc(N3C(=O)c4ccccc4C3=O)cc2)cc1,8
6522,O=C1c2ccccc2C(=O)N1c1ccc(C(c2ccccc2)c2ccc(N3C(=O)c4ccccc4C3=O)cc2)cc1,7
6523,O=C1c2ccccc2C(=O)N1c1ccc(Cc2ccc(N3C(=O)c4ccccc4C3=O)cc2)cc1,8
6524,O=C1c2ccccc2C(=O)N1c1ccc(C2(c3ccccc3)CCCCC2)cc1,8
6525,O=C1c2ccccc2C(=O)N1c1ccc(C2(c3ccccc3)CCCCC2)cc1,8
6526,O=C1c2ccccc2C(=O)N1c1ccc(C2(c3ccccc3)CCCCC2)cc1,8
6527,O=C1c2ccccc2C(=O)N1c1ccc(C2(c3ccccc3)CCCCC2)cc1,8
6528,O=C1c2ccccc2C(=O)N1c1ccc(C2(c3ccccc3)CCCCC2)cc1,8
6529,O=C1c2ccccc2C(=O)N1c1ccc(C2(c3ccc(N4C(=O)c5ccccc5C4=O)cc3)c3ccccc3-c3ccccc32)cc1,8
6530,O=C1c2ccccc2C(=O)N1c1ccc(C=Cc2ccc(N3C(=O)c4ccccc4C3=O)cc2)cc1,2
6531,O=C1c2ccccc2C(=O)N1c1ccc(Cc2ccc(Cc3ccc(Cc4ccc(N5C(=O)c6ccccc6C5=O)cc4)cc3)cc2)cc1,3
6532,O=C1c2ccccc2C(=O)N1c1ccc(Cc2ccc(Cc3ccc(N4C(=O)c5ccccc5C4=O)cc3)cc2)cc1,8
6533,O=C1c2ccccc2C(=O)N1c1ccc(Cc2ccc(N3C(=O)c4ccccc4C3=O)cc2)cc1,8
6534,O=C1c2ccccc2C(=O)N1c1ccc(Cc2ccc(N3C(=O)c4ccccc4C3=O)cc2)cc1,8
6535,O=C(Nc1ccc(Oc2ccccc2)cc1)c1ccc2c(c1)C(=O)N(c1ccc(Cc3ccc(N4C(=O)c5ccccc5C4=O)cc3)cc1)C2=O,2
6536,O=C(c1ccc(Oc2ccc(C3(c4ccc(Oc5ccccc5)cc4)OC(=O)c4ccccc43)cc2)cc1)c1ccc2c(c1)C(=O)N(c1ccc(Cc3ccc(N4C(=O)c5ccccc5C4=O)cc3)cc1)C2=O,3
6537,O=C(c1ccc(Oc2ccc(Oc3ccccc3)cc2)cc1)c1ccc2c(c1)C(=O)N(c1ccc(Cc3ccc(N4C(=O)c5ccccc5C4=O)cc3)cc1)C2=O,8
6538,O=C(c1ccc(Oc2ccc(-c3ccc(Oc4ccccc4)cc3)cc2)cc1)c1ccc2c(c1)C(=O)N(c1ccc(Cc3ccc(N4C(=O)c5ccccc5C4=O)cc3)cc1)C2=O,2
6539,O=C(c1ccc(-c2ccc(Cc3ccc(-c4ccccc4)cc3)cc2)cc1)c1ccc2c(c1)C(=O)N(c1ccc(Cc3ccc(N4C(=O)c5ccccc5C4=O)cc3)cc1)C2=O,8
6540,O=C1c2ccccc2C(=O)N1c1ccc(Cc2ccc(N3C(=O)c4ccccc4C3=O)cc2)cc1,8
6541,O=C1c2ccccc2C(=O)N1c1ccc(Cc2ccccc2)cc1,2
6542,O=C(Nc1ccc(N2C(=O)c3ccccc3C2=O)cc1)c1cccc(N2C(=O)c3ccccc3C2=O)c1,2
6543,O=C1c2ccccc2C(=O)N1c1ccc(N(c2ccccc2)c2ccc(N3C(=O)c4ccccc4C3=O)cc2)cc1,4
6544,O=C1c2ccccc2C(=O)N1c1ccc(N(c2ccc(C=Cc3ccccc3)cc2)c2ccc(N3C(=O)c4ccccc4C3=O)cc2)cc1,2
6545,O=C1c2ccccc2C(=O)N1c1ccc(N(c2ccccc2)c2ccc(N3C(=O)c4ccccc4C3=O)cc2)cc1,4
6546,O=C1c2ccccc2C(=O)N1c1ccc(N(c2ccccc2)c2ccc(N3C(=O)c4ccccc4C3=O)cc2)cc1,4
6547,O=C1c2ccccc2C(=O)N1c1ccc(N2C(=O)c3ccccc3C2=O)cc1,8
6548,O=C(Nc1ccc(Oc2ccccc2-c2ccccc2Oc2ccccc2)cc1)c1ccc2c(c1)C(=O)N(c1ccc(N3C(=O)c4ccccc4C3=O)cc1)C2=O,2
6549,O=C(c1ccc(Oc2ccc(Oc3ccccc3)cc2)cc1)c1ccc2c(c1)C(=O)N(c1ccc(N3C(=O)c4ccccc4C3=O)cc1)C2=O,6
6550,O=C(c1ccc(Oc2ccc(-c3ccc(Oc4ccccc4)cc3)cc2)cc1)c1ccc2c(c1)C(=O)N(c1ccc(N3C(=O)c4ccccc4C3=O)cc1)C2=O,6
6551,O=C(CCCCC(=O)Nc1ccc(N2C(=O)c3ccccc3C2=O)cc1)Nc1ccc(N2C(=O)c3ccccc3C2=O)cc1,3
6552,O=C(CCCCCCC(=O)Nc1ccc(N2C(=O)c3ccccc3C2=O)cc1)Nc1ccc(N2C(=O)c3ccccc3C2=O)cc1,8
6553,O=C(Nc1ccc(N2C(=O)c3ccccc3C2=O)cc1)Nc1ccc(N2C(=O)c3ccc(C(=O)Nc4ccc5c(c4)Cc4ccccc4-5)cc3C2=O)cc1,5
6554,O=C(Nc1ccc(N2C(=O)c3ccccc3C2=O)cc1)Nc1ccc(N2C(=O)c3ccc(C(=O)Nc4ccc(C(=O)c5ccccc5)cc4)cc3C2=O)cc1,3
6555,O=C(Nc1ccc(N2C(=O)c3ccccc3C2=O)cc1)Nc1ccc(N2C(=O)c3ccc(C(=O)Nc4ccc(Cc5ccccc5)cc4)cc3C2=O)cc1,8
6556,O=C(Nc1ccc(N2C(=O)c3ccccc3C2=O)cc1)Nc1ccc(N2C(=O)c3ccc(C(=O)Nc4ccccc4)cc3C2=O)cc1,5
6557,O=C(Nc1ccccc1)Nc1ccc(NC(=O)c2ccc3c(c2)C(=O)N(c2ccc(NC(=O)Nc4ccc(N5C(=O)c6ccccc6C5=O)cc4)cc2)C3=O)cc1,9
6558,O=C(Nc1ccc(N2C(=O)c3ccccc3C2=O)cc1)Nc1ccc(N2C(=O)c3ccc(C(=O)Nc4ccc(S(=O)(=O)c5ccccc5)cc4)cc3C2=O)cc1,6
6559,O=C(Nc1ccc(N2C(=O)c3ccccc3C2=O)cc1)c1cccc(C(=O)Nc2ccc(N3C(=O)c4ccccc4C3=O)cc2)c1,4
6560,O=C(Nc1ccc(N2C(=O)c3ccccc3C2=O)cc1)c1ccc(N2C(=O)c3ccccc3C2=O)cc1,3
6561,O=C1c2ccccc2C(=O)N1c1ccc(NC(=S)N=Cc2cccc(N3C(=O)c4ccccc4C3=O)c2)cc1,9
6562,O=C1c2ccccc2C(=O)N1c1ccc(OCCOc2ccc(N3C(=O)c4ccccc4C3=O)cc2)cc1,6
6563,O=C1c2ccccc2C(=O)N1c1ccc(OCCCOc2ccc(N3C(=O)c4ccccc4C3=O)cc2)cc1,6
6564,O=C1c2ccccc2C(=O)N1c1ccc(OCCCCCCCCCCOc2ccc(N3C(=O)c4ccccc4C3=O)cc2)cc1,4
6565,O=C1c2ccccc2C(=O)N1c1ccc(OCCCCOc2ccc(N3C(=O)c4ccccc4C3=O)cc2)cc1,8
6566,O=C1c2ccccc2C(=O)N1c1ccc(OCCOCCOCCOCCOc2ccc(N3C(=O)c4ccccc4C3=O)cc2)cc1,3
6567,O=C1c2ccccc2C(=O)N1c1ccc(OCCOCCOCCOc2ccc(N3C(=O)c4ccccc4C3=O)cc2)cc1,6
6568,O=C1c2ccccc2C(=O)N1c1ccc(OCCOCCOCCOc2ccc(N3C(=O)c4ccccc4C3=O)cc2)cc1,6
6569,O=C1c2ccccc2C(=O)N1c1ccc(OCCOc2ccc(N3C(=O)c4ccccc4C3=O)cc2)cc1,6
6570,O=C(Nc1cccc(Oc2cccc(Oc3cccc(Oc4cccc(Oc5ccccc5)c4)c3)c2)c1)c1ccc2c(c1)C(=O)N(c1ccc(Oc3cccc(Oc4ccc(N5C(=O)c6ccccc6C5=O)cc4)c3)cc1)C2=O,6
6571,O=C(Nc1ccc(Oc2cccc(Oc3ccccc3)c2)cc1)c1ccc2c(c1)C(=O)N(c1ccc(Oc3cccc(Oc4ccc(N5C(=O)c6ccccc6C5=O)cc4)c3)cc1)C2=O,7
6572,O=C1c2ccccc2C(=O)N1c1ccc(Oc2ccc(Oc3ccc(N4C(=O)c5ccccc5C4=O)cc3)cc2)cc1,6
6573,O=C1c2ccccc2C(=O)N1c1ccc(Oc2ccc(Oc3ccc(N4C(=O)c5ccccc5C4=O)cc3)cc2)cc1,6
6574,O=C(Nc1ccc(Oc2ccc(C3(c4ccc(Oc5ccccc5)cc4)NC(=O)c4ccccc43)cc2)cc1)c1ccc2c(c1)C(=O)N(c1ccc(Oc3ccc(Oc4ccc(N5C(=O)c6ccccc6C5=O)cc4)cc3)cc1)C2=O,7
6575,O=C1c2ccccc2C(=O)N1c1ccc(Oc2ccc(-c3ccc(N4C(=O)c5ccccc5C4=O)cc3)cc2)cc1,8
6576,O=C1c2ccccc2C(=O)N1c1ccc(Oc2ccc(C(c3ccc(Oc4ccc(N5C(=O)c6ccccc6C5=O)cc4)cc3)c3cccc4ccccc34)cc2)cc1,7
6577,O=C(Nc1ccc(Oc2ccccc2-c2ccccc2Oc2ccccc2)cc1)c1ccc2c(c1)C(=O)N(c1ccc(Oc3ccccc3-c3ccccc3Oc3ccc(N4C(=O)c5ccccc5C4=O)cc3)cc1)C2=O,6
6578,O=C(Nc1ccc(Oc2ccc(-c3ccc(Oc4ccccc4)cc3)cc2)cc1)c1ccc2c(c1)C(=O)N(c1ccc(Oc3ccccc3-c3ccccc3Oc3ccc(N4C(=O)c5ccccc5C4=O)cc3)cc1)C2=O,4
6579,O=C1c2ccccc2C(=O)N1c1ccc(Oc2cccc3c(Oc4ccc(N5C(=O)c6ccccc6C5=O)cc4)cccc23)cc1,5
6580,O=C(Nc1ccccc1)c1ccc2c(c1)C(=O)N(c1ccc(Oc3cccc4c(Oc5ccc(N6C(=O)c7ccccc7C6=O)cc5)cccc34)cc1)C2=O,6
6581,O=C(Nc1ccc(Oc2ccc(Cc3ccc(Oc4ccccc4)cc3)cc2)cc1)c1ccc2c(c1)C(=O)N(c1ccc(Oc3cccc4c(Oc5ccc(N6C(=O)c7ccccc7C6=O)cc5)cccc34)cc1)C2=O,9
6582,O=C(Nc1ccc(Oc2ccc(Cc3ccc(Oc4ccccc4)cc3)cc2)cc1)c1ccc2c(c1)C(=O)N(c1ccc(Oc3cccc4c(Oc5ccc(N6C(=O)c7ccccc7C6=O)cc5)cccc34)cc1)C2=O,9
6583,O=C(Nc1ccc(Oc2ccc(Oc3ccccc3)cc2)cc1)c1ccc2c(c1)C(=O)N(c1ccc(Oc3cccc4c(Oc5ccc(N6C(=O)c7ccccc7C6=O)cc5)cccc34)cc1)C2=O,4
6584,O=C(Nc1ccc(Oc2ccc(S(=O)(=O)c3ccc(Oc4ccccc4)cc3)cc2)cc1)c1ccc2c(c1)C(=O)N(c1ccc(Oc3cccc4c(Oc5ccc(N6C(=O)c7ccccc7C6=O)cc5)cccc34)cc1)C2=O,3
6585,O=C(Nc1ccc(Sc2ccccc2)cc1)c1ccc2c(c1)C(=O)N(c1ccc(Oc3cccc4c(Oc5ccc(N6C(=O)c7ccccc7C6=O)cc5)cccc34)cc1)C2=O,4
6586,O=C(Nc1ccc(Oc2ccccc2-c2ccccc2Oc2ccccc2)cc1)c1ccc2c(c1)C(=O)N(c1ccc(Oc3cccc(Oc4ccc(N5C(=O)c6ccccc6C5=O)cc4)c3)cc1)C2=O,9
6587,O=C(Nc1ccc(Oc2ccc(C3(c4ccc(Oc5ccccc5)cc4)NC(=O)c4ccccc43)cc2)cc1)c1ccc2c(c1)C(=O)N(c1ccc(Oc3cccc(Oc4ccc(N5C(=O)c6ccccc6C5=O)cc4)c3)cc1)C2=O,6
6588,O=C1c2ccccc2C(=O)N1c1ccc(Oc2cccc(-c3cc(-c4ccccc4)cc(-c4cccc(Oc5ccc(N6C(=O)c7ccccc7C6=O)cc5)c4)n3)c2)cc1,2
6589,O=C1c2ccccc2C(=O)N1c1ccc(Oc2ccc3ccc(Oc4ccc(N5C(=O)c6ccccc6C5=O)cc4)cc3c2)cc1,5
6590,O=C(Nc1ccccc1)c1ccc2c(c1)C(=O)N(c1ccc(Oc3ccc4ccc(Oc5ccc(N6C(=O)c7ccccc7C6=O)cc5)cc4c3)cc1)C2=O,3
6591,O=C(Nc1cccc(Oc2ccccc2)c1)c1ccc2c(c1)C(=O)N(c1ccc(Oc3ccc4ccc(Oc5ccc(N6C(=O)c7ccccc7C6=O)cc5)cc4c3)cc1)C2=O,9
6592,O=C(Nc1ccc(Cc2ccccc2)cc1)c1ccc2c(c1)C(=O)N(c1ccc(Oc3ccc4ccc(Oc5ccc(N6C(=O)c7ccccc7C6=O)cc5)cc4c3)cc1)C2=O,6
6593,O=C(Nc1ccc(Cc2ccccc2)cc1)c1ccc2c(c1)C(=O)N(c1ccc(Oc3ccc4ccc(Oc5ccc(N6C(=O)c7ccccc7C6=O)cc5)cc4c3)cc1)C2=O,6
6594,O=C(Nc1ccc(Oc2ccc(Cc3ccc(Oc4ccccc4)cc3)cc2)cc1)c1ccc2c(c1)C(=O)N(c1ccc(Oc3ccc4ccc(Oc5ccc(N6C(=O)c7ccccc7C6=O)cc5)cc4c3)cc1)C2=O,6
6595,O=C(Nc1ccc(Oc2ccc(Cc3ccc(Oc4ccccc4)cc3)cc2)cc1)c1ccc2c(c1)C(=O)N(c1ccc(Oc3ccc4ccc(Oc5ccc(N6C(=O)c7ccccc7C6=O)cc5)cc4c3)cc1)C2=O,6
6596,O=C1c2ccccc2C(=O)N1c1ccc(Oc2cc3ccccc3cc2Oc2ccc(N3C(=O)c4ccccc4C3=O)cc2)cc1,4
6597,O=C1c2ccccc2C(=O)N1c1ccc(Oc2ccccc2)cc1,9
6598,O=C(c1ccc(Oc2ccc(N3C(=O)c4ccccc4C3=O)cc2)cc1)c1cccc(C(=O)c2ccc(Oc3ccc(N4C(=O)c5ccccc5C4=O)cc3)cc2)c1,6
6599,O=C(c1ccc(Oc2ccc(N3C(=O)c4ccccc4C3=O)cc2)cc1)c1cccc(C(=O)c2ccc(Oc3ccc(N4C(=O)c5ccccc5C4=O)cc3)cc2)c1,6
6600,O=C(c1ccc(Oc2ccc(N3C(=O)c4ccccc4C3=O)cc2)cc1)c1cccc(N2C(=O)c3ccccc3C2=O)c1,5
6601,O=C(c1ccc(Oc2ccc(N3C(=O)c4ccccc4C3=O)cc2)cc1)c1ccc(C(=O)c2ccc(C(=O)c3ccc(Oc4ccc(N5C(=O)c6ccccc6C5=O)cc4)cc3)cc2)cc1,9
6602,O=C(c1ccc(Oc2ccc(N3C(=O)c4ccccc4C3=O)cc2)cc1)c1ccc(C(=O)c2ccc(Oc3ccc(N4C(=O)c5ccccc5C4=O)cc3)cc2)cc1,8
6603,O=C(c1ccc(Oc2ccc(N3C(=O)c4ccccc4C3=O)cc2)cc1)c1ccc(Oc2ccc(N3C(=O)c4ccccc4C3=O)cc2)cc1,8
6604,O=C(c1ccc(Oc2ccc(N3C(=O)c4ccccc4C3=O)cc2)cc1)c1cccc(C(=O)c2ccc(Oc3ccc(N4C(=O)c5ccccc5C4=O)cc3)cc2)n1,7
6605,O=C1c2ccccc2C(=O)N1c1ccc(Oc2ccc(Cc3ccc(Oc4ccc(N5C(=O)c6ccccc6C5=O)cc4)cc3)cc2)cc1,3
6606,O=C1c2ccccc2C(=O)N1c1ccc(Oc2ccc(Cc3ccc(Oc4ccc(N5C(=O)c6ccccc6C5=O)cc4)cc3)cc2)cc1,3
6607,O=C1c2ccccc2C(=O)N1c1ccc(Oc2ccc(Cc3ccc(Oc4ccc(N5C(=O)c6ccccc6C5=O)cc4)cc3)cc2)cc1,3
6608,O=C(Nc1ccc(Oc2ccc(-c3ccc(Oc4ccccc4)cc3)cc2)cc1)c1ccc2c(c1)C(=O)N(c1ccc(Oc3ccc(Cc4ccc(Oc5ccc(N6C(=O)c7ccccc7C6=O)cc5)cc4)cc3)cc1)C2=O,2
6609,O=C(Nc1ccc(Oc2ccc(Oc3ccccc3)cc2)cc1)c1ccc2c(c1)C(=O)N(c1ccc(Oc3ccc(C4(c5ccc(Oc6ccc(N7C(=O)c8ccccc8C7=O)cc6)cc5)CC5CC4C4CCCC54)cc3)cc1)C2=O,4
6610,O=C(Nc1ccc(Oc2ccc(Oc3ccccc3)cc2)cc1)c1ccc2c(c1)C(=O)N(c1ccc(Oc3ccc(C4(c5ccc(Oc6ccc(N7C(=O)c8ccccc8C7=O)cc6)cc5)CC5CC4C4CCCC54)cc3)cc1)C2=O,4
6611,O=C(Nc1ccc(Oc2ccc(Cc3ccc(Oc4ccccc4)cc3)cc2)cc1)c1ccc2c(c1)C(=O)N(c1ccc(Oc3ccc(C4(c5ccc(Oc6ccc(N7C(=O)c8ccccc8C7=O)cc6)cc5)CC5CC4C4CCCC54)cc3)cc1)C2=O,8
6612,O=C(Nc1ccc(Oc2ccc(Cc3ccc(Oc4ccccc4)cc3)cc2)cc1)c1ccc2c(c1)C(=O)N(c1ccc(Oc3ccc(C4(c5ccc(Oc6ccc(N7C(=O)c8ccccc8C7=O)cc6)cc5)CC5CC4C4CCCC54)cc3)cc1)C2=O,8
6613,O=C(Nc1ccc(Oc2ccccc2)cc1)c1ccc2c(c1)C(=O)N(c1ccc(Oc3ccc(C4(c5ccc(Oc6ccc(N7C(=O)c8ccccc8C7=O)cc6)cc5)CC5CC4C4CCCC54)cc3)cc1)C2=O,8
6614,O=C(Nc1ccc(Oc2ccc(Oc3ccccc3)cc2)cc1)c1ccc2c(c1)C(=O)N(c1ccc(Oc3ccc(C4(c5ccc(Oc6ccc(N7C(=O)c8ccccc8C7=O)cc6)cc5)CC5CC4C4CCCC54)cc3)cc1)C2=O,4
6615,O=C(Nc1ccccc1)c1ccc2c(c1)C(=O)N(c1ccc(Oc3ccc(C4(c5ccc(Oc6ccc(N7C(=O)c8ccccc8C7=O)cc6)cc5)NC(=O)c5ccccc54)cc3)cc1)C2=O,5
6616,O=C(Nc1cccc(Oc2ccccc2)c1)c1ccc2c(c1)C(=O)N(c1ccc(Oc3ccc(C4(c5ccc(Oc6ccc(N7C(=O)c8ccccc8C7=O)cc6)cc5)NC(=O)c5ccccc54)cc3)cc1)C2=O,9
6617,O=C(Nc1ccc(Oc2ccccc2)cc1)c1ccc2c(c1)C(=O)N(c1ccc(Oc3ccc(C4(c5ccc(Oc6ccc(N7C(=O)c8ccccc8C7=O)cc6)cc5)NC(=O)c5ccccc54)cc3)cc1)C2=O,7
6618,O=C(Nc1ccc(Oc2ccc(Oc3ccccc3)cc2)cc1)c1ccc2c(c1)C(=O)N(c1ccc(Oc3ccc(C4(c5ccc(Oc6ccc(N7C(=O)c8ccccc8C7=O)cc6)cc5)NC(=O)c5ccccc54)cc3)cc1)C2=O,8
6619,O=C(Nc1ccc(Sc2ccccc2)cc1)c1ccc2c(c1)C(=O)N(c1ccc(Oc3ccc(C4(c5ccc(Oc6ccc(N7C(=O)c8ccccc8C7=O)cc6)cc5)NC(=O)c5ccccc54)cc3)cc1)C2=O,9
6620,O=C1c2ccccc2C(=O)N1c1ccc(Oc2ccc(N3C(=O)c4ccccc4C3=O)cc2)cc1,8
6621,O=C1c2ccccc2C(=O)N1c1ccc(Oc2ccc(N3C(=O)c4ccccc4C3=O)cc2)cc1,8
6622,O=C1CN(C(=O)c2ccc3c(c2)C(=O)N(c2ccc(Oc4ccc(N5C(=O)c6ccccc6C5=O)cc4)cc2)C3=O)C(=O)N1,5
6623,O=C(c1ccc2c(c1)C(=O)N(c1ccc(Oc3ccc(N4C(=O)c5ccccc5C4=O)cc3)cc1)C2=O)N1C=CC(c2ccccc2)NC1=S,7
6624,O=C(Nc1ccccc1OCCCCCCS(=O)(=O)c1ccc(C=Cc2ccccc2)cc1)c1ccc2c(c1)C(=O)N(c1ccc(Oc3ccc(N4C(=O)c5ccccc5C4=O)cc3)cc1)C2=O,9
6625,O=C(Nc1cccc(Oc2ccccc2)c1)c1ccc2c(c1)C(=O)N(c1ccc(Oc3ccc(N4C(=O)c5ccccc5C4=O)cc3)cc1)C2=O,6
6626,O=C(Nc1ccc(C2(c3ccccc3)c3ccccc3-c3ccccc32)cc1)c1ccc2c(c1)C(=O)N(c1ccc(Oc3ccc(N4C(=O)c5ccccc5C4=O)cc3)cc1)C2=O,6
6627,O=C(Nc1ccc(Cc2ccccc2)cc1)c1ccc2c(c1)C(=O)N(c1ccc(Oc3ccc(N4C(=O)c5ccccc5C4=O)cc3)cc1)C2=O,5
6628,O=C(Nc1ccc(Oc2ccccc2-c2ccccc2Oc2ccccc2)cc1)c1ccc2c(c1)C(=O)N(c1ccc(Oc3ccc(N4C(=O)c5ccccc5C4=O)cc3)cc1)C2=O,7
6629,O=C(Nc1ccc(Oc2ccc(Oc3ccccc3)cc2)cc1)c1ccc2c(c1)C(=O)N(c1ccc(Oc3ccc(N4C(=O)c5ccccc5C4=O)cc3)cc1)C2=O,3
6630,O=C(Nc1ccc(Oc2ccc(-c3ccc(Oc4ccccc4)cc3)cc2)cc1)c1ccc2c(c1)C(=O)N(c1ccc(Oc3ccc(N4C(=O)c5ccccc5C4=O)cc3)cc1)C2=O,5
6631,O=C(Nc1ccc(Sc2ccccc2)cc1)c1ccc2c(c1)C(=O)N(c1ccc(Oc3ccc(N4C(=O)c5ccccc5C4=O)cc3)cc1)C2=O,5
6632,O=C1c2ccccc2C(=O)N1c1ccc(Oc2ccc(N3C(=O)c4ccccc4C3=O)cc2)cc1,8
6633,O=C(Oc1ccc(Cc2ccccc2)cc1)c1ccc2c(c1)C(=O)N(c1ccc(Oc3ccc(N4C(=O)c5ccccc5C4=O)cc3)cc1)C2=O,3
6634,O=C(c1cccc(-c2ccccc2)c1)c1ccc2c(c1)C(=O)N(c1ccc(Oc3ccc(N4C(=O)c5ccccc5C4=O)cc3)cc1)C2=O,5
6635,O=C(c1ccccc1)c1ccc2c(c1)C(=O)N(c1ccc(Oc3ccc(N4C(=O)c5ccccc5C4=O)cc3)cc1)C2=O,4
6636,O=C(c1ccc(Oc2ccc(Cc3ccc(Oc4ccccc4)cc3)cc2)cc1)c1ccc2c(c1)C(=O)N(c1ccc(Oc3ccc(N4C(=O)c5ccccc5C4=O)cc3)cc1)C2=O,4
6637,O=C(c1ccc(Oc2ccc(C3(c4ccc(Oc5ccccc5)cc4)OC(=O)c4ccccc43)cc2)cc1)c1ccc2c(c1)C(=O)N(c1ccc(Oc3ccc(N4C(=O)c5ccccc5C4=O)cc3)cc1)C2=O,5
6638,O=C(c1ccc(Oc2ccc(Oc3ccccc3)cc2)cc1)c1ccc2c(c1)C(=O)N(c1ccc(Oc3ccc(N4C(=O)c5ccccc5C4=O)cc3)cc1)C2=O,9
6639,O=C(c1ccc(Oc2ccc(S(=O)(=O)c3ccc(Oc4ccccc4)cc3)cc2)cc1)c1ccc2c(c1)C(=O)N(c1ccc(Oc3ccc(N4C(=O)c5ccccc5C4=O)cc3)cc1)C2=O,6
6640,O=C(c1ccc(Oc2ccc(-c3ccc(Oc4ccccc4)cc3)cc2)cc1)c1ccc2c(c1)C(=O)N(c1ccc(Oc3ccc(N4C(=O)c5ccccc5C4=O)cc3)cc1)C2=O,3
6641,O=C1c2ccccc2C(=O)N1c1ccc(Oc2ccc(N3C(=O)c4ccccc4C3=O)cc2)cc1,8
6642,O=C1c2ccccc2C(=O)N1c1ccc(Oc2ccc(N3C(=O)c4ccccc4C3=O)cc2)cc1,8
6643,O=C1c2ccccc2C(=O)N1c1ccc(Oc2ccc(N3C(=O)c4ccccc4C3=O)cc2)cc1,8
6644,O=C1c2ccccc2C(=O)N1c1ccc(Oc2ccc(N3C(=O)c4ccc(-c5c(-c6ccccc6)c(-c6ccccc6)c(-c6ccc(Oc7ccc(-c8c(-c9ccccc9)c(-c9ccccc9)cc(-c9ccccc9)c8-c8ccccc8)cc7)cc6)c(-c6ccccc6)c5-c5ccccc5)cc4C3=O)cc2)cc1,3
6645,O=C1c2ccccc2C(=O)N1c1ccc(Oc2ccc(N3C(=O)c4ccc(-c5c(-c6ccccc6)c(-c6ccccc6)c(-c6ccc(Sc7ccc(-c8c(-c9ccccc9)c(-c9ccccc9)cc(-c9ccccc9)c8-c8ccccc8)cc7)cc6)c(-c6ccccc6)c5-c5ccccc5)cc4C3=O)cc2)cc1,5
6646,O=C1c2ccccc2C(=O)N1c1ccc(Oc2ccccc2)cc1,9
6647,O=C1c2ccccc2C(=O)N1c1ccc(Oc2ccc(Oc3ccc(N4C(=O)c5ccccc5C4=O)cc3)cc2)cc1,6
6648,O=C(Nc1ccc(Oc2ccccc2-c2ccccc2Oc2ccccc2)cc1)c1ccc2c(c1)C(=O)N(c1ccc(Oc3ccc(Oc4ccc(N5C(=O)c6ccccc6C5=O)cc4)cc3)cc1)C2=O,2
6649,O=C(Nc1ccc(Oc2ccc(C3(c4ccc(Oc5ccccc5)cc4)NC(=O)c4ccccc43)cc2)cc1)c1ccc2c(c1)C(=O)N(c1ccc(Oc3ccc(Oc4ccc(N5C(=O)c6ccccc6C5=O)cc4)cc3)cc1)C2=O,7
6650,O=C(Oc1ccccc1)c1ccc2c(c1)C(=O)N(c1ccc(Oc3ccc(Oc4ccc(N5C(=O)c6ccccc6C5=O)cc4)cc3)cc1)C2=O,2
6651,O=C1c2ccccc2C(=O)N1c1ccc(Oc2ccc(S(=O)(=O)c3ccc(Oc4ccc(N5C(=O)c6ccccc6C5=O)cc4)cc3)cc2)cc1,4
6652,O=C(Nc1ccc(Oc2ccccc2-c2ccccc2Oc2ccccc2)cc1)c1ccc2c(c1)C(=O)N(c1ccc(Oc3ccc(S(=O)(=O)c4ccc(Oc5ccc(N6C(=O)c7ccccc7C6=O)cc5)cc4)cc3)cc1)C2=O,8
6653,O=C(Nc1ccc(Oc2ccc(-c3ccc(Oc4ccccc4)cc3)cc2)cc1)c1ccc2c(c1)C(=O)N(c1ccc(Oc3ccc(S(=O)(=O)c4ccc(Oc5ccc(N6C(=O)c7ccccc7C6=O)cc5)cc4)cc3)cc1)C2=O,7
6654,O=C(c1ccccc1)c1ccc2c(c1)C(=O)N(c1ccc(Oc3ccc(S(=O)(=O)c4ccc(Oc5ccc(N6C(=O)c7ccccc7C6=O)cc5)cc4)cc3)cc1)C2=O,7
6655,O=C(c1cccc(-c2ccccc2)c1)c1ccc2c(c1)C(=O)N(c1ccc(Oc3ccc(S(=O)(=O)c4ccc(Oc5ccc(N6C(=O)c7ccccc7C6=O)cc5)cc4)cc3)cc1)C2=O,6
6656,O=C1c2ccccc2C(=O)N1c1ccc(Oc2ccc(-c3ccc(Oc4ccc(N5C(=O)c6ccccc6C5=O)cc4)cc3)cc2)cc1,9
6657,O=C(Nc1ccc(Oc2ccccc2-c2ccccc2Oc2ccccc2)cc1)c1ccc2c(c1)C(=O)N(c1ccc(Oc3ccc(-c4ccc(Oc5ccc(N6C(=O)c7ccccc7C6=O)cc5)cc4)cc3)cc1)C2=O,9
6658,O=C1c2ccccc2C(=O)N1c1ccc(Oc2ccc(-c3ccc(Oc4ccc(N5C(=O)c6ccc(-c7ccc(-c8ccc(-c9ccc(-c%10ccccc%10)cc9)cc8)cc7)cc6C5=O)cc4)cc3)cc2)cc1,3
6659,O=C(Nc1ccccc1)c1ccc2c(c1)C(=O)N(c1ccc(S(=O)(=O)c3ccc(N4C(=O)c5ccccc5C4=O)cc3)cc1)C2=O,3
6660,O=C(Nc1ccccc1)c1ccc2c(c1)C(=O)N(c1ccc(S(=O)(=O)c3ccc(N4C(=O)c5ccccc5C4=O)cc3)cc1)C2=O,3
6661,O=C(Nc1ccc(Oc2ccccc2)cc1)c1ccc2c(c1)C(=O)N(c1ccc(S(=O)(=O)c3ccc(N4C(=O)c5ccccc5C4=O)cc3)cc1)C2=O,9
6662,O=C(Nc1ccc(Oc2ccc(Oc3ccccc3)cc2)cc1)c1ccc2c(c1)C(=O)N(c1ccc(S(=O)(=O)c3ccc(N4C(=O)c5ccccc5C4=O)cc3)cc1)C2=O,2
6663,O=C(Nc1ccc(S(=O)(=O)c2ccccc2)cc1)c1ccc2c(c1)C(=O)N(c1ccc(S(=O)(=O)c3ccc(N4C(=O)c5ccccc5C4=O)cc3)cc1)C2=O,8
6664,O=C(Nc1ccc(-c2ccccc2)cc1)c1ccc2c(c1)C(=O)N(c1ccc(S(=O)(=O)c3ccc(N4C(=O)c5ccccc5C4=O)cc3)cc1)C2=O,8
6665,O=C(Oc1ccc(OCCCCCCCCCCCCOc2ccccc2)cc1)c1ccc2c(c1)C(=O)N(c1ccc(S(=O)(=O)c3ccc(N4C(=O)c5ccccc5C4=O)cc3)cc1)C2=O,2
6666,O=C1c2ccccc2C(=O)N1c1ccc(S(=O)(=O)c2ccc(N3C(=O)c4ccccc4C3=O)cc2)cc1,8
6667,O=C1c2ccccc2C(=O)N1c1ccc(S(=O)(=O)c2ccc(S(=O)(=O)c3ccc(N4C(=O)c5ccccc5C4=O)cc3)cc2)cc1,4
6668,O=C1c2ccccc2C(=O)N1c1ccc(S(=O)(=O)c2ccc(S(=O)(=O)c3ccc(S(=O)(=O)c4ccc(N5C(=O)c6ccccc6C5=O)cc4)cc3)cc2)cc1,8
6669,O=C1c2ccccc2C(=O)N1c1ccc(Sc2ccc(Oc3ccc(Sc4ccc(N5C(=O)c6ccccc6C5=O)cc4)cc3)cc2)cc1,8
6670,O=C(Nc1ccc(C2(c3ccccc3)c3ccccc3-c3ccccc32)cc1)c1ccc2c(c1)C(=O)N(c1ccc(Sc3ccc(Oc4ccc(Sc5ccc(N6C(=O)c7ccccc7C6=O)cc5)cc4)cc3)cc1)C2=O,9
6671,O=C1c2ccccc2C(=O)N1c1ccc(Sc2ccc(Sc3ccc(N4C(=O)c5ccccc5C4=O)cc3)cc2)cc1,7
6672,O=C1c2ccccc2C(=O)N1c1ccc(Sc2ccc(Sc3ccc(Sc4ccc(Sc5ccc(N6C(=O)c7ccccc7C6=O)cc5)cc4)cc3)cc2)cc1,2
6673,O=C1c2ccccc2C(=O)N1c1ccc(-c2ccc(Oc3ccc(C4CCc5ccc(Oc6ccc(-c7ccc(N8C(=O)c9ccccc9C8=O)cc7)cc6)cc54)cc3)cc2)cc1,4
6674,O=C1c2ccccc2C(=O)N1c1ccc(-c2ccc(N3C(=O)c4ccccc4C3=O)cc2)cc1,4
6675,O=C1c2ccccc2C(=O)N1c1ccc(-c2cc(-c3ccccc3)cc(-c3ccc(N4C(=O)c5ccccc5C4=O)cc3)n2)cc1,7
6676,O=C(Nc1cccc(C(=O)c2ccccc2)c1)c1ccc2c(c1)C(=O)N(c1ccc(-c3sc(-c4ccc(N5C(=O)c6ccccc6C5=O)cc4)c(-c4ccccc4)c3-c3ccccc3)cc1)C2=O,5
6677,O=C(Nc1ccccc1)c1ccc2c(c1)C(=O)N(c1ccc(-c3sc(-c4ccc(N5C(=O)c6ccccc6C5=O)cc4)c(-c4ccccc4)c3-c3ccccc3)cc1)C2=O,8
6678,O=C(Nc1cccc(Oc2ccccc2)c1)c1ccc2c(c1)C(=O)N(c1ccc(-c3sc(-c4ccc(N5C(=O)c6ccccc6C5=O)cc4)c(-c4ccccc4)c3-c3ccccc3)cc1)C2=O,5
6679,O=C(Nc1ccc(Cc2ccccc2)cc1)c1ccc2c(c1)C(=O)N(c1ccc(-c3sc(-c4ccc(N5C(=O)c6ccccc6C5=O)cc4)c(-c4ccccc4)c3-c3ccccc3)cc1)C2=O,3
6680,O=C(Nc1ccccc1)c1ccc2c(c1)C(=O)N(c1ccc(-c3sc(-c4ccc(N5C(=O)c6ccccc6C5=O)cc4)c(-c4ccccc4)c3-c3ccccc3)cc1)C2=O,8
6681,O=C(Nc1ccc(Oc2ccccc2)cc1)c1ccc2c(c1)C(=O)N(c1ccc(-c3sc(-c4ccc(N5C(=O)c6ccccc6C5=O)cc4)c(-c4ccccc4)c3-c3ccccc3)cc1)C2=O,4
6682,O=C(Nc1ccc(Oc2ccc(Oc3ccccc3)cc2)cc1)c1ccc2c(c1)C(=O)N(c1ccc(-c3sc(-c4ccc(N5C(=O)c6ccccc6C5=O)cc4)c(-c4ccccc4)c3-c3ccccc3)cc1)C2=O,5
6683,O=C(Nc1ccc(S(=O)(=O)c2ccccc2)cc1)c1ccc2c(c1)C(=O)N(c1ccc(-c3sc(-c4ccc(N5C(=O)c6ccccc6C5=O)cc4)c(-c4ccccc4)c3-c3ccccc3)cc1)C2=O,9
6684,O=C1c2ccccc2C(=O)N1c1ccc(Sc2ccc(N3C(=O)c4ccccc4C3=O)cn2)nc1,9
6685,O=C1c2ccccc2C(=O)N1c1ccc2c(c1)-c1cc(N3C(=O)c4ccccc4C3=O)ccc1C2,9
6686,O=C1OC(=Nc2cccc(Oc3cccc(Oc4cccc(N=C5OC(=O)c6ccccc65)c4)c3)c2)c2ccccc21,5
6687,O=C1OC(=Nc2ccc(Oc3ccc(Cc4ccc(Oc5ccc(N=C6OC(=O)c7ccccc76)cc5)cc4)cc3)cc2)c2ccccc21,5
6688,C(=Cc1ccc(C=C(c2ccccc2)c2ccc3ccccc3c2)cc1)c1ccccc1,3
6689,C(=Cc1ccc(C=C(c2ccccc2)c2ccc3ccccc3c2)cc1)c1ccccc1,3
6690,O=C(Nc1ccc(Cc2ccc(NC(=O)c3cc4ccccc4oc3=O)cc2)cc1)c1cc2ccccc2oc1=O,7
6691,O=C(Nc1ccc(Oc2ccc(Cc3ccc(Oc4ccc(NC(=O)c5cc6ccccc6oc5=O)cc4)cc3)cc2)cc1)c1cc2ccccc2oc1=O,9
6692,O=C(Nc1ccc(Oc2ccc(NC(=O)c3cc4ccccc4oc3=O)cc2)cc1)c1cc2ccccc2oc1=O,2
6693,O=C(Nc1ccc(Oc2ccc(Oc3ccc(NC(=O)c4cc5ccccc5oc4=O)cc3)cc2)cc1)c1cc2ccccc2oc1=O,2
6694,O=C(COc1ccc2ccc(=O)oc2c1)Oc1ccc2cc(C(=O)Nc3cccc(NC(=O)c4cc5ccc(OC(=O)COc6ccc7ccc(=O)oc7c6)cc5oc4=O)c3)c(=O)oc2c1,4
6695,O=C(COc1ccc2ccc(=O)oc2c1)Oc1ccc2cc(C(=O)Nc3ccc(Cc4ccc(NC(=O)c5cc6ccc(OC(=O)COc7ccc8ccc(=O)oc8c7)cc6oc5=O)cc4)cc3)c(=O)oc2c1,9
6696,O=C(COc1ccc2ccc(=O)oc2c1)Oc1ccc2cc(C(=O)Nc3ccc(Cc4ccc(NC(=O)c5cc6ccc(OC(=O)COc7ccc8ccc(=O)oc8c7)cc6oc5=O)cc4)cc3)c(=O)oc2c1,9
6697,O=C(COc1ccc2ccc(=O)oc2c1)Oc1ccc2cc(C(=O)Nc3ccc(NC(=O)c4cc5ccc(OC(=O)COc6ccc7ccc(=O)oc7c6)cc5oc4=O)cc3)c(=O)oc2c1,5
6698,O=C(COc1ccc2ccc(=O)oc2c1)Oc1ccc2cc(C(=O)Nc3ccc(Oc4ccc(NC(=O)c5cc6ccc(OC(=O)COc7ccc8ccc(=O)oc8c7)cc6oc5=O)cc4)cc3)c(=O)oc2c1,8
6699,O=S(=O)(c1nc2ccccc2[nH]1)c1nc2cc(-c3ccccc3)ccc2[nH]1,2
6700,O=C(c1ccc2c(c1)C(=O)N(c1ccc(-c3nc4ccccc4nc3-c3ccccc3)cc1)C2=O)c1ccc2c(c1)C(=O)N(c1ccc(-c3nc4ccccc4nc3-c3ccccc3)cc1)C2=O,6
6701,c1ccc(-c2nc3ccccc3nc2-c2ccc(-c3nc4ccccc4nc3-c3ccccc3)cc2)cc1,8
6702,c1ccc(-c2nc3ccccc3nc2-c2ccc(-c3nc4ccccc4nc3-c3ccccc3)cc2)cc1,8
6703,c1ccc(Oc2ccc(-c3ccc4nc(Oc5cc(-c6ccccc6)c6ccccc6n5)cc(-c5ccccc5)c4c3)cc2)cc1,9
6704,c1ccc(-c2ccc(-c3ccc4nc(Oc5cc(-c6ccccc6)c6ccccc6n5)cc(-c5ccccc5)c4c3)cc2)cc1,6
6705,c1ccc(OCCCCCCCCCCCOc2ccc(-c3ccc4nc(-c5cccc(-c6cc(-c7ccccc7)c7ccccc7n6)c5)cc(-c5ccccc5)c4c3)cc2)cc1,9
6706,c1ccc2nc(-c3ccc(-c4cnc5ccccc5n4)cc3)cnc2c1,9
6707,c1ccc2oc(C3CCC(c4nc5ccccc5o4)CC3)nc2c1,3
6708,c1ccc(Cc2ccc3oc(-c4cccc(-c5nc6ccccc6o5)c4)nc3c2)cc1,2
6709,c1ccc(Cc2ccc3oc(-c4ccc(Cc5ccc(-c6nc7ccccc7o6)cc5)cc4)nc3c2)cc1,2
6710,c1ccc(Cc2ccc3oc(-c4ccc(C(c5ccccc5)c5ccc(-c6nc7ccccc7o6)cc5)cc4)nc3c2)cc1,2
6711,c1ccc2oc(-c3ccc(Oc4ccc(Cc5ccc(Oc6ccc(-c7nc8ccccc8o7)cc6)cc5)cc4)cc3)nc2c1,6
6712,c1ccc2oc(-c3ccc(Oc4ccc(-c5nc6ccccc6o5)cc4)cc3)nc2c1,7
6713,c1ccc2oc(-c3ccc(-c4nc5ccccc5o4)cc3)nc2c1,5
6714,c1ccc(Cc2ccc3oc(-c4ccc(-c5nc6ccccc6o5)cc4)nc3c2)cc1,2
6715,c1ccc2oc(-c3ccc(-c4nc5ccccc5o4)nc3)nc2c1,2
6716,c1cc2c(s1)-c1sccc1C2,7
6717,C=C1c2ccsc2-c2sccc21,3
6718,c1cc2c(s1)-c1sccc1C2=C1c2ccsc2-c2sccc21,7
6719,c1cc2c(s1)-c1sccc1C2,7
6720,C=C1c2ccsc2-c2sc(-c3sc(-c4scc5c4OCCO5)c4c3OCCO4)cc21,7
6721,c1cc2ccsc2s1,3
6722,c1csc(-c2ccc(-c3ccc(-c4ccc5c(c4)[nH]c4ccccc45)s3)c3nsnc23)c1,5
6723,c1csc(-c2ccc(-c3ccc(-c4ccc5c(c4)[nH]c4ccccc45)s3)c3nsnc23)c1,5
6724,c1cc2sccc2s1,3
6725,c1cc2sc3ccsc3c2s1,9
6726,c1cc[nH]c1,3
6727,O=C(c1ccccc1)c1ccccc1,4
6728,c1ccccc1,1
6729,c1ccc(-c2nc3ccccc3nc2-c2ccccc2)cc1,2
6730,c1ccc2nccnc2c1,4
6731,c1ccc2nccnc2c1,4
6732,c1ccccc1,1
6733,c1cc[nH]c1,3
6734,c1cc[nH]c1,3
6735,c1ccc2c(c1)ccn2Cn1cccc1,9
6736,c1cc[nH]c1,3
6737,c1cc[nH]c1,3
6738,c1cc[nH]c1,3
6739,c1cc[nH]c1,3
6740,c1cc[nH]c1,3
6741,c1cc[nH]c1,3
6742,c1cc[nH]c1,3
6743,c1c[nH+]cc(Cn2cccc2)c1,8
6744,c1ccsc1,6
6745,c1csc(-c2cccs2)c1,3
6746,O=C(COc1ccccc1)OCCCCCCc1csc(-c2cccs2)c1,8
6747,c1ccc(-c2ccccc2)cc1,8
6748,c1ccc(-c2ccccn2)nc1,5
6749,C(#Cn1cccc1-c1cccs1)c1ccccc1,7
6750,c1cncc(-c2cccnc2)c1,6
6751,c1csc(-c2cccs2)c1,3
6752,c1ccc2ccc(-c3ccc(-c4cccs4)s3)c-2cc1,8
6753,c1ccc(-c2ccc(-c3cc(-c4ccc(Oc5ccc(-c6ccnc7ccccc67)cc5)cc4)c4ccccc4n3)cc2)cc1,3
6754,c1ccc(-c2ccc(-c3cc(-c4ccccc4)c4cc(-c5ccc6nccc(-c7ccccc7)c6c5)ccc4n3)cc2)cc1,7
6755,c1csc(-c2ccc(-c3cccs3)s2)c1,9
6756,c1csc(-c2ccc(-c3cccs3)s2)c1,9
6757,c1ccc(-c2ccc(-c3cccs3)cc2)cc1,7
6758,c1ccc(-c2ccc(-c3cccs3)cc2)cc1,7
6759,c1cncc(-c2ccc(-c3ccc[nH]3)[nH]2)c1,9
6760,c1c[nH]c(-c2ccc(-c3ccco3)o2)c1,9
6761,c1c[nH]c(-c2ccc(-c3cccs3)s2)c1,4
6762,c1coc(-c2ccc(-c3cccs3)o2)c1,7
6763,c1cncc(-c2ccc(-c3cccs3)s2)c1,2
6764,c1coc(-c2ccc(-c3cccs3)s2)c1,9
6765,c1ccc(-c2ccc(-c3ccc(-c4cc(-c5ccccc5)c5cc(Oc6ccc7nccc(-c8ccccc8)c7c6)ccc5n4)cc3)cc2)cc1,9
6766,c1ccc(-c2ccc(-c3ccc(-c4ccccc4)cc3)cc2)cc1,8
6767,c1c[nH]c(-c2ccc(-c3ccc(-c4cccs4)s3)s2)c1,3
6768,c1ccc(-c2ccc(-c3ccc(-c4cccs4)cc3)cc2)cc1,2
6769,c1ccc(-c2ccc(-c3ccc(-c4cccs4)cc3)cc2)cc1,2
6770,c1ccc(-c2ccc(-c3ccc(-c4cccs4)cc3)cc2)cc1,2
6771,c1ccc(-c2ccc(-c3ccc(-c4cccs4)cc3)cc2)cc1,2
6772,c1ccc(-c2ccc(-c3ccc(-c4cccs4)cc3)s2)cc1,4
6773,c1ccc(-c2ccc(-c3ccc(-c4cccs4)s3)cc2)cc1,8
6774,c1ccc(-c2ccc(-c3ccc(-c4cccs4)s3)cc2)cc1,8
6775,c1ccc(-c2ccc(-c3ccc(-c4cccs4)s3)s2)cc1,5
6776,c1ccc(-c2ccc(-c3ccc(-c4cccs4)s3)s2)cc1,5
6777,c1ccc(-c2ccc(-c3ccc(-c4cccs4)s3)s2)cc1,5
6778,c1c[nH]c(-c2ccc(-c3ccc(-c4ccc(-c5cccs5)s4)s3)s2)c1,6
6779,c1ccc(-c2ccc(-c3ccc(-c4nc5cc6scnc6cc5s4)cc3)c(-c3ccccc3)c2-c2ccccc2)cc1,6
6780,O=c1[nH]c(=O)c2cc3c(=O)n(-c4ccc(-c5ccc(-c6ccccc6)cc5)cc4)c(=O)c3cc12,9
6781,c1ccc(-c2ccc(-c3ccc4nc(Oc5cc(-c6ccccc6)c6ccccc6n5)cc(-c5ccccc5)c4c3)cc2)cc1,6
6782,c1ccc(-c2ccc(-c3cnc4cc(-c5ccc6nccnc6c5)ccc4n3)cc2)cc1,6
6783,c1ccc(-c2ccc(-c3cnc4cc(Oc5ccc6nccnc6c5)ccc4n3)cc2)cc1,8
6784,c1csc(-c2ccc(-c3ncc(-c4cncs4)s3)s2)c1,6
6785,c1ccc(-c2ccc(-c3nc4cc(Oc5ccc6nc(-c7ccccc7)cnc6c5)ccc4nc3-c3ccccc3)cc2)cc1,9
6786,c1ccc(-c2ccc(-c3nc4ccc(Oc5ccc6ncc(-c7ccccc7)c(-c7ccccc7)c6c5)cc4c(-c4ccccc4)c3-c3ccccc3)cc2)cc1,4
6787,c1ccc(-c2ccc(-c3nncn3-c3ccccc3)cc2)cc1,6
6788,c1csc(-c2ccc(-c3scc4c3OCCO4)s2)c1,8
6789,O=c1[nH]c(=O)c2cc3c(=O)n(-c4ccc(-c5ccccc5)cc4)c(=O)c3cc12,7
6790,O=c1[nH]c(=O)c2cc3c(=O)n(-c4ccc(-c5ccccc5)cc4)c(=O)c3cc12,7
6791,O=c1[nH]c(=O)c2cc3c(=O)n(-c4ccc(-c5ccccc5)cc4)c(=O)c3cc12,7
6792,S=C(c1cccs1)c1ccc(-c2ccccc2)s1,2
6793,S=C(c1cccs1)c1ccc(-c2ccccc2)s1,2
6794,c1ccc(-c2ccccc2)cc1,8
6795,c1ccc(-c2ccccc2)cc1,8
6796,c1ccc(-c2ccccc2)cc1,8
6797,c1ccc(-c2cccs2)cc1,5
6798,c1ccc(-c2cccs2)cc1,5
6799,c1ccc(-c2cccs2)cc1,5
6800,c1csc(-c2cccs2)c1,3
6801,c1csc(-c2cccs2)c1,3
6802,c1csc(-c2cccs2)c1,3
6803,c1ccc(Nc2ccc3ccc(N(c4ccccc4)c4ccc(-c5ccccc5)cc4)cc3c2)cc1,3
6804,O=C1NC(=O)c2c1cccc2-c1ccc2c(c1)C(=O)N(c1ccc(-c3ccccc3)cc1)C2=O,2
6805,O=C1NC(=O)c2cc(Oc3ccc4c(c3)C(=O)N(c3ccc(-c5ccccc5)cc3)C4=O)ccc21,7
6806,O=C1NC(=O)c2cc(Oc3ccc4c(c3)C(=O)N(c3ccc(-c5ccccc5)cc3)C4=O)ccc21,7
6807,c1ccc(-c2ccc(Oc3cccs3)s2)cc1,9
6808,c1ccc(-c2ccc(Oc3cccs3)s2)cc1,9
6809,c1ccc(-c2ccc(Oc3cccs3)s2)cc1,9
6810,c1ccc(-c2ccc(Oc3cccs3)s2)cc1,9
6811,c1ccc(-c2ccc3nccc(-c4ccccc4)c3c2)cc1,5
6812,c1ccc(-c2ccc3nc(Oc4cc(-c5ccccc5)c5ccccc5n4)cc(-c4ccccc4)c3c2)cc1,9
6813,c1ccc(-c2ccc3nc4oc5cc6[nH]c7nc8ccccc8nc7nc-6[nH]c=5n-4ccc3c2)cc1,4
6814,c1ccc(-c2ccn3sc4nc5nc6c(cc5oc-4cc-3nc2)Nc2nc3ccccc3nc2O6)cc1,2
6815,c1ccc(-c2cnc3cc(-c4ccc5nccnc5c4)ccc3n2)cc1,2
6816,O=S(=O)(c1ccc2nccnc2c1)c1ccc2nc(-c3ccccc3)cnc2c1,3
6817,c1ccc(-c2cnc3cc4nccnc4cc3n2)cc1,4
6818,c1ccc(-c2cnc3ccc(-c4ccc5nccnc5c4)cc3n2)cc1,2
6819,c1ccc(-c2cnc3ccc(-c4ccc5nccnc5c4)cc3n2)cc1,2
6820,O=S(=O)(c1ccc2nccnc2c1)c1ccc2ncc(-c3ccccc3)nc2c1,5
6821,c1ccc(-c2csc(-c3cccs3)c2)cc1,2
6822,c1ccc(-c2csc(-c3nccs3)n2)cc1,6
6823,c1ccc(-c2nc(-c3ccc(-c4cscn4)cc3)cs2)cc1,8
6824,c1ccc(-c2nc3cc(-c4ccc5ncc(-c6ccc7ccccc7c6)nc5c4)ccc3nc2-c2ccc3ccccc3c2)cc1,5
6825,c1ccc(-c2cnc3ccc(-c4ccc5nc(-c6ccccc6)c(-c6ccccc6)nc5c4)cc3n2)cc1,5
6826,c1ccc(-c2cnc3cc(-c4ccc5nc(-c6ccccc6)c(-c6ccccc6)nc5c4)ccc3n2)cc1,8
6827,c1ccc(-c2nc3cc(-c4ccc5ocnc5c4)ccc3o2)cc1,3
6828,c1ccc(-c2cnc3ccc(Oc4ccc5nc(-c6ccccc6)c(-c6ccccc6)nc5c4)cc3n2)cc1,2
6829,c1ccc(-c2nc3cc4nc[nH]c4cc3[nH]2)cc1,6
6830,c1ccc(-c2cnc3cc4nc(-c5ccccc5)c(-c5ccccc5)nc4cc3n2)cc1,8
6831,c1ccc(-c2nc3cc4ncoc4cc3o2)cc1,5
6832,c1ccc(-c2cnc3cc4nc(-c5ccccc5)c(-c5ccccc5)nc4cc3n2)cc1,8
6833,c1ccc(-c2cnc3ccc(-c4ccc5nc(-c6ccccc6)c(-c6ccccc6)nc5c4)cc3n2)cc1,5
6834,c1ccc(-c2nc3ccc(-c4ccc5ncsc5c4)cc3s2)cc1,8
6835,c1ccc(-c2cnc3ccc(Oc4ccc5nc(-c6ccccc6)c(-c6ccccc6)nc5c4)cc3n2)cc1,2
6836,c1ccc(-c2nnco2)cc1,5
6837,c1ccc(-c2nnco2)cc1,5
6838,c1ccc(-c2nnc(-c3cccc(-c4nnco4)c3)o2)cc1,8
6839,c1ccc(-c2nnc(-c3cccc(-c4nnco4)n3)o2)cc1,8
6840,c1ccc(-c2nnc(-c3nnco3)o2)cc1,7
6841,c1ccc(-c2ccc(-c3cccs3)s2)cc1,7
6842,c1ccc(-c2ccc(-c3cccs3)s2)cc1,7
6843,O=c1[nH]c(=O)c2cc3c(=O)n(-c4ccccc4)c(=O)c3cc12,8
6844,O=c1[nH]c(=O)c2cc3c(=O)n(-c4ccccc4)c(=O)c3cc12,8
6845,c1ccc(-n2ccc(-c3ccc(-c4cc[nH]n4)cc3)n2)cc1,6
6846,c1ccc(-n2ccc(-c3cccc(-c4cc[nH]n4)c3)n2)cc1,5
6847,c1ccccc1,1
6848,c1ccccc1,1
6849,c1ccccc1,1
6850,c1ccccc1,1
6851,c1ccccc1,1
6852,c1ccsc1,6
6853,c1ccsc1,6
6854,c1ccsc1,6
6855,O=C(Nc1ccc(-c2ccc(NC(=O)c3ccc(-n4c(=O)c5sc6c(=O)[nH]c(=O)c6sc5c4=O)cc3)cc2)cc1)c1ccccc1,8
6856,O=C(Nc1ccc(-n2c(=O)c3cc4c(=O)[nH]c(=O)c4cc3c2=O)cc1)c1ccccc1,8
6857,O=C(Nc1ccc(NC(=O)c2ccc(-n3c(=O)c4sc5c(=O)[nH]c(=O)c5sc4c3=O)cc2)cc1)c1ccccc1,6
6858,O=C(Nc1ccc(Oc2ccc(NC(=O)c3ccc(-n4c(=O)c5cc6c(=O)[nH]c(=O)c6cc5c4=O)cc3)cc2)cc1)c1ccccc1,4
6859,O=C(Nc1ccc(Oc2ccc(NC(=O)c3ccc(Oc4ccc(-c5n[nH]c(=O)c6ccccc56)c5ccccc45)cc3)cc2)cc1)c1ccccc1,2
6860,O=C(Nc1cccc(-n2c(=O)c3cc4c(=O)[nH]c(=O)c4cc3c2=O)c1)c1ccccc1,2
6861,O=C(c1ccccc1)c1cccc(-n2c(=O)c3cc4c(=O)[nH]c(=O)c4cc3c2=O)c1,9
6862,S=C(c1ccccc1)c1ccc(-c2cccs2)s1,5
6863,O=C(Nc1ccc(-c2cccs2)cc1)C(=S)c1ccc(C(=S)c2cccs2)s1,3
6864,c1ccccc1,1
6865,O=c1[nH]c(=O)c2cc3c(=O)n(-c4ccc(Cc5ccccc5)cc4)c(=O)c3cc12,2
6866,O=c1[nH]c(=O)c2cc3c(=O)n(-c4ccc(Cc5ccccc5)cc4)c(=O)c3cc12,2
6867,c1ccccc1,1
6868,c1ccsc1,6
6869,c1ccccc1,1
6870,c1ccccc1,1
6871,c1ccccc1,1
6872,c1ccccc1,1
6873,c1ccccc1,1
6874,c1ccsc1,6
6875,c1ccsc1,6
6876,c1ccsc1,6
6877,c1ccccc1,1
6878,c1ccccc1,1
6879,c1ccccc1,1
6880,c1ccsc1,6
6881,c1ccsc1,6
6882,c1ccsc1,6
6883,c1ccc(Cc2ccccc2)cc1,2
6884,c1ccc(Cc2ccccc2)cc1,2
6885,c1ccc(Cc2cccs2)cc1,7
6886,c1ccc(Cc2cccs2)cc1,7
6887,c1ccc(Cc2cccs2)cc1,7
6888,c1csc(Cc2cccs2)c1,9
6889,c1csc(Cc2cccs2)c1,9
6890,O=c1[nH]c(=O)c2cc3c(=O)n(-c4ccc(Cc5ccccc5)cc4)c(=O)c3cc12,2
6891,c1ccc(C(c2ccccc2)c2ccc(-c3nc4ccc(-c5ccc6ncoc6c5)cc4o3)cc2)cc1,8
6892,O=c1[nH]c(=O)c2cc3c(=O)n(-c4ccc(C(c5ccccc5)c5ccccc5)cc4)c(=O)c3cc12,7
6893,O=C1NC(=O)c2cc(-c3ccc4c(c3)C(=O)N(c3ccc(C(c5ccccc5)c5ccccc5)cc3)C4=O)ccc21,2
6894,O=C1NC(=O)c2cc(-c3ccc4c(c3)C(=O)N(c3ccccc3)C4=O)ccc21,7
6895,O=C1NC(=O)c2cc(S(=O)(=O)c3ccc4c(c3)C(=O)N(c3ccccc3)C4=O)ccc21,7
6896,O=C1CN(c2ccccc2)C(=O)CN1,3
6897,O=C1NC(=O)c2cc(-c3ccc4c(c3)C(=O)N(c3ccc(C5(c6ccccc6)c6ccccc6-c6ccccc65)cc3)C4=O)ccc21,5
6898,c1ccccc1,1
6899,c1ccccc1,1
6900,c1ccsc1,6
6901,c1ccsc1,6
6902,c1ccsc1,6
6903,c1ccsc1,6
6904,O=C1NC(=O)N(c2ccc(Cc3ccccc3)cc2)C1=O,8
6905,O=C1NC(=O)C2C1CCC1C(=O)N(c3ccc(Cc4ccccc4)cc3)C(=O)C12,2
6906,O=C1NC(=O)N1c1ccc(Cc2ccccc2)cc1,3
6907,O=C1NC(=O)c2cc(-c3ccc4c(c3)C(=O)N(c3ccc(Cc5ccccc5)cc3)C4=O)ccc21,3
6908,O=C1NC(=O)c2cc([SiH2]c3ccc4c(c3)C(=O)N(c3ccc(Cc5ccccc5)cc3)C4=O)ccc21,9
6909,O=c1[nH]c(=O)c2cc3c(=O)n(-c4cccc(Cc5ccccc5)c4)c(=O)c3cc12,7
6910,O=c1[nH]c(=O)c2cc3c(=O)n(-c4ccccc4Cc4ccccc4)c(=O)c3cc12,4
6911,c1ccc(Nc2ccccc2)cc1,9
6912,O=c1[nH]c(=O)c2cc3c(=O)n(-c4ccc(N(c5ccccc5)c5ccccc5)cc4)c(=O)c3cc12,3
6913,O=C1NC(=O)c2cc(-c3ccc4c(c3)C(=O)N(c3ccc(N(c5ccccc5)c5ccccc5)cc3)C4=O)ccc21,2
6914,O=C1NC(=O)c2cc(Oc3ccc4c(c3)C(=O)N(c3ccc(N(c5ccccc5)c5ccccc5)cc3)C4=O)ccc21,9
6915,c1ccc(N(c2ccccc2)c2ccc(-c3cccs3)cc2)cc1,4
6916,O=C1NC(=O)c2cc(-c3ccc4c(c3)C(=O)N(c3ccccn3)C4=O)ccc21,5
6917,O=C1NC(=O)c2c1cccc2-c1ccc2c(c1)C(=O)N(c1ccccc1)C2=O,6
6918,O=C1c2ccc(-c3cccc4c3C(=O)N(c3ccc5[nH]cnc5c3)C4=O)cc2C(=O)N1c1ccccc1,5
6919,O=C(c1ccc2c(c1)C(=O)N(c1ccccc1)C2=O)c1ccc2c(c1)C(=O)N(c1ccc3[nH]cnc3c1)C2=O,3
6920,O=C1NC(=O)c2cc(Oc3ccc4c(c3)C(=O)N(c3ccccc3)C4=O)ccc21,9
6921,c1ccc(N2CCC(c3cccc(C4=NNCC4)c3)=N2)cc1,4
6922,O=C(Nc1cc(C(=O)Nc2ccccc2)cc(C(=O)Nc2ccc(-c3nnco3)cc2)c1)c1ccccc1,7
6923,O=C(Nc1ccccc1)c1ccc(C(=O)Nc2ccc(-c3nc4ccc(-c5ccc6nc[nH]c6c5)cc4[nH]3)cc2)cc1,5
6924,O=C(Nc1ccccc1)c1cccc(C(=O)Nc2ccc(-n3c(=O)c4cc5c(=O)[nH]c(=O)c5cc4c3=O)cc2)c1,4
6925,c1ccccc1,1
6926,c1ccccc1,1
6927,c1ccccc1,1
6928,c1ccsc1,6
6929,c1ccsc1,6
6930,c1ccsc1,6
6931,O=C(Oc1ccccc1)c1cccc(C(=O)Oc2ccc(C3OC(=O)c4ccccc43)cc2)c1,7
6932,S=C(Oc1ccccc1)c1cccs1,2
6933,S=C(Oc1ccccc1)c1cccs1,2
6934,S=C(Oc1ccccc1)c1cccs1,2
6935,S=C(Oc1ccccc1)c1cccs1,2
6936,O=c1[nH]c(=O)c2cc3c(=O)n(-c4ccc(OCC5CCC(COc6ccccc6)CC5)cc4)c(=O)c3cc12,3
6937,c1ccc(Oc2ccc(-c3cc(-c4ccccc4)c4cc5nccc(-c6ccccc6)c5cc4n3)cc2)cc1,7
6938,c1ccc(Oc2ccc(-c3cnc4cc(-c5ccc6nccnc6c5)ccc4n3)cc2)cc1,9
6939,c1ccc(Oc2ccc(-c3cnc4cc5nccnc5cc4n3)cc2)cc1,7
6940,c1ccc(Oc2ccc(-c3cnc4ccc(-c5ccc6nccnc6c5)cc4n3)cc2)cc1,9
6941,c1ccc(Oc2ccc(-c3csc(-c4nccs4)n3)cc2)cc1,9
6942,c1ccc(Oc2ccc(-c3nc4cc(-c5ccc6ncc(-c7ccccc7)nc6c5)ccc4nc3-c3ccccc3)cc2)cc1,4
6943,c1ccc(Oc2ccc(-c3nc4cc5scnc5cc4s3)cc2)cc1,5
6944,c1ccc(Oc2ccc(-c3nnco3)cc2)cc1,9
6945,O=c1[nH]c(=O)c2cc3c(=O)n(-c4ccc(Oc5ccccc5)cc4)c(=O)c3cc12,2
6946,O=c1[nH]c(=O)c2c(Oc3ccccc3)c3c(=O)n(-c4ccc(Oc5ccccc5)cc4)c(=O)c3c(Oc3ccccc3)c12,5
6947,O=c1[nH]c(=O)c2cc3c(=O)n(-c4ccc(Oc5ccccc5)cc4)c(=O)c3cc12,2
6948,O=c1[nH]c(=O)c2cc3c(=O)n(-c4ccc(Oc5ccccc5)c(-c5ccccc5)c4)c(=O)c3cc12,4
6949,O=c1[nH]c(=O)c2cc3c(=O)n(-c4ccc(Oc5ccccc5)cc4)c(=O)c3cc12,2
6950,O=c1c2cc3c(=O)n(-c4nccs4)c(=O)c3cc2c(=O)n1-c1ccc(Oc2ccccc2)cc1,4
6951,O=C(c1ccc(Oc2ccccc2)cc1)c1ccc(Oc2ccc(-n3c(=O)c4cc5c(=O)[nH]c(=O)c5cc4c3=O)cc2)cc1,3
6952,O=C(c1ccc(Oc2ccccc2)cc1)c1ccc(Oc2ccc(C(=O)c3ccc(Oc4ccc(-c5nc6ccccc6n5-c5ccc(-n6cnc7ccccc76)cc5)cc4)cc3)cc2)cc1,3
6953,O=c1[nH]c(=O)c2cc3c(=O)n(-c4ccc(Oc5ccc(Cc6ccc(Oc7ccccc7)cc6)cc5)cc4)c(=O)c3cc12,9
6954,O=C1NC(=O)N1c1ccc(Oc2ccccc2)cc1,7
6955,O=C1NC(=O)c2cc(S(=O)(=O)c3ccc4c(c3)C(=O)N(c3ccc(Oc5ccccc5)cc3)C4=O)ccc21,5
6956,O=c1[nH]c(=O)c2cc3c(=O)n(-c4ccc(Oc5ccc(Oc6ccccc6)cc5)cc4)c(=O)c3cc12,4
6957,O=c1[nH]c(=O)c2cc3c(=O)n(-c4ccc(Oc5ccc(Oc6ccccc6)cc5)cc4)c(=O)c3cc12,4
6958,O=c1[nH]c(=O)c2cc3c(=O)n(-c4ccc(Oc5ccc(Oc6ccccc6)cc5)cc4)c(=O)c3cc12,4
6959,O=C1NC(=O)C2C1CCC1C(=O)N(c3ccc(Oc4ccc(Oc5ccccc5)cc4)cc3)C(=O)C12,8
6960,O=C1CC(=O)N(c2ccc(Oc3ccc(Oc4ccccc4)cc3)cc2)C(=S)N1,6
6961,O=P(c1ccccc1)(c1ccc(Oc2ccccc2)cc1)c1ccc(Oc2ccc(-c3cc[nH]n3)cc2)cc1,9
6962,O=c1[nH]c(=O)c2cc3c(=O)n(-c4ccc(Oc5ccc6ccc(Oc7ccccc7)cc6c5)cc4)c(=O)c3cc12,5
6963,O=c1[nH]c(=O)c2cc3c(=O)n(-c4cccc(Oc5ccccc5)c4)c(=O)c3cc12,9
6964,O=c1[nH]c(=O)c2cc3c(=O)n(-c4ccc(Oc5cccc(Oc6ccccc6)c5)cc4)c(=O)c3cc12,5
6965,O=c1[nH]c(=O)c2cc3c(=O)n(-c4ccc(Oc5cccc6c(Oc7ccccc7)cccc56)cc4)c(=O)c3cc12,9
6966,O=c1[nH]c(=O)c2cc3c(=O)n(-c4ccccc4Oc4ccccc4)c(=O)c3cc12,8
6967,O=c1[nH]c(=O)c2cc3c(=O)n(-c4ccc(Oc5ccccc5Oc5ccccc5)cc4)c(=O)c3cc12,3
6968,c1ccccc1,1
6969,O=c1[nH]c(=O)c2cc3c(=O)n(-c4ccc(S(=O)(=O)c5ccccc5)cc4)c(=O)c3cc12,2
6970,O=c1[nH]nc(-c2ccc(Oc3ccc(-c4nn(-c5ccc(S(=O)(=O)c6ccccc6)cc5)c(=O)c5ccccc45)cc3)cc2)c2ccccc12,3
6971,O=C1NC(=O)c2cc(-c3ccc4c(c3)C(=O)N(c3ccc(S(=O)(=O)c5ccccc5)cc3)C4=O)ccc21,8
6972,O=c1[nH]c(=O)c2cc3c(=O)n(-c4ccc(SSc5ccccc5)cc4)c(=O)c3cc12,2
6973,c1ccc(Sc2ccc(-c3nc4ccc(-c5ccc6ncc(-c7ccccc7)nc6c5)cc4nc3-c3ccccc3)cc2)cc1,8
6974,O=c1c2ccccc2cnn1-c1ccc(S(=O)(=O)c2ccc(-n3nc(-c4ccc(Sc5ccccc5)cc4)c4ccccc4c3=O)cc2)cc1,4
6975,O=c1[nH]c(=O)c2cc3c(=O)n(-c4ccc(Sc5ccccc5)cc4)c(=O)c3cc12,4
6976,c1ccc([Si](c2ccccc2)(c2ccccc2)c2ccc(-c3nnco3)cc2)cc1,7
6977,c1ccccc1,1
6978,c1ccccc1,1
6979,C(=Cc1ccc(C=C(c2ccccc2)c2ccccc2)cc1)c1ccccc1,3
6980,C(=Cc1ccc(C=C(c2ccccc2)c2ccccc2)cc1)c1ccccc1,3
6981,c1ccccc1,1
6982,c1ccccc1,1
6983,c1ccccc1,1
6984,c1ccccc1,1
6985,C(=Cc1ccc(C=C(Oc2ccccc2)c2ccc(C(=Cc3ccccc3)c3ccc(Oc4ccccc4)cc3)cc2)cc1)c1ccccc1,9
6986,O=C1C(=Cc2ccccc2)CCC1=Cc1ccc(C(=O)c2ccccc2)cc1,6
6987,C=C1CCCC(=Cc2ccc(-c3ccc(-c4ccccc4)cc3)cc2)C1=O,8
6988,c1ccc(-c2cc(-c3cccc(-c4cc(-c5ccccc5)c(-c5ccccc5)c(-c5ccccc5)c4-c4ccccc4)c3)c(-c3ccccc3)c(-c3ccccc3)c2-c2ccccc2)cc1,7
6989,c1ccc(-c2cc(-c3cccc(-c4cc(-c5ccccc5)c(-c5ccccc5)c(-c5ccccc5)c4-c4ccccc4)c3)c(-c3ccccc3)c(-c3ccccc3)c2-c2ccccc2)cc1,7
6990,c1ccc(-c2cc(-c3cccc(-c4cc(-c5ccccc5)c(-c5ccccc5)c(-c5ccccc5)c4-c4ccccc4)c3)c(-c3ccccc3)c(-c3ccccc3)c2-c2ccccc2)cc1,7
6991,c1ccc(-c2cc(-c3cccc(-c4cc(-c5ccccc5)c(-c5ccccc5)c(-c5ccccc5)c4-c4ccccc4)c3)c(-c3ccccc3)c(-c3ccccc3)c2-c2ccccc2)cc1,7
6992,c1ccc(-c2cc(-c3ccc(-c4cc(-c5ccccc5)c(-c5ccccc5)c(-c5ccccc5)c4-c4ccccc4)cc3)c(-c3ccccc3)c(-c3ccccc3)c2-c2ccccc2)cc1,6
6993,c1ccc(-c2cc(-c3ccc(-c4cc(-c5ccccc5)c(-c5ccccc5)c(-c5ccccc5)c4-c4ccccc4)cc3)c(-c3ccccc3)c(-c3ccccc3)c2-c2ccccc2)cc1,6
6994,c1ccc(-c2cc(-c3ccc(-c4cc(-c5ccccc5)c(-c5ccccc5)c(-c5ccccc5)c4-c4ccccc4)cc3)c(-c3ccccc3)c(-c3ccccc3)c2-c2ccccc2)cc1,6
6995,c1ccc(-c2cc(-c3ccc(-c4cc(-c5ccccc5)c(-c5ccccc5)c(-c5ccccc5)c4-c4ccccc4)cc3)c(-c3ccccc3)c(-c3ccccc3)c2-c2ccccc2)cc1,6
6996,c1ccc(-c2cc(-c3ccc(-c4cc(-c5ccccc5)c(-c5ccccc5)c(-c5ccccc5)c4-c4ccccc4)cc3)c(-c3ccccc3)c(-c3ccccc3)c2-c2ccccc2)cc1,6
6997,C(=Cc1ccc(C=C(c2ccccc2)c2ccc(-c3ccccc3)cc2)cc1)c1ccccc1,7
6998,C(=Cc1ccc(C=C(c2ccccc2)c2ccc(-c3ccccc3)cc2)cc1)c1ccccc1,7
6999,C(=Nc1ccccc1)c1ccc(-c2ccccc2)cc1,8
7000,c1ccc(-c2ccc(C3CCCCC3)cc2)cc1,6
7001,c1ccc(N2c3ccccc3Sc3ccccc32)cc1,5
7002,c1ccc(N2c3ccccc3Sc3cc(-c4ccc5c(c4)Sc4ccccc4N5c4ccccc4)ccc32)cc1,3
7003,c1csc(-c2ccc(-c3ccc4c(c3)Sc3ccccc3N4)s2)c1,3
7004,c1csc(-c2ccc(-c3ccc4c(c3)Sc3ccccc3N4)s2)c1,3
7005,c1ccc(N2c3ccccc3Sc3cc(-c4ccc(-c5ccc(-c6ccc7c(c6)Sc6ccccc6N7c6ccccc6)s5)s4)ccc32)cc1,5
7006,c1ccc2c(c1)Nc1ccc(-c3cc4sccc4s3)cc1S2,8
7007,c1ccc2c(c1)Nc1ccc(-c3cc4sccc4s3)cc1S2,8
7008,c1ccc2[nH]cnc2c1,6
7009,c1ccc(-c2cc3ccccc3[nH]2)cc1,8
7010,O=C1c2ccccc2C(=O)N1c1cccc(N2C(=O)c3ccccc3C2=O)c1,6
7011,O=C1c2ccccc2C(=O)N1c1ccccc1,8
7012,O=C1c2ccccc2C(=O)N1c1ccc(Oc2ccc(N3C(=O)c4ccccc4C3=O)cc2)cc1,8
7013,c1ccc2c(c1)Cc1ccccc1-2,7
7014,O=C1NC(=O)c2cc(-c3ccc4c(c3)C(=O)N(c3ccc5c(c3)Cc3ccccc3-5)C4=O)ccc21,7
7015,c1ccc2c(c1)Nc1ccccc1[SiH2]2,9
7016,O=C1c2ccccc2C(=O)N1c1cc(-c2nc3ccccc3c(=O)o2)cc(-c2nc3ccccc3c(=O)o2)c1,4
7017,c1ccc(-n2c3ccccc3c3ccccc32)cc1,9
7018,c1ccc2c(c1)[nH]c1ccccc12,9
7019,c1ccc2c(c1)[nH]c1ccccc12,9
7020,c1ccc2c(c1)[nH]c1ccccc12,9
7021,c1ccc2c(c1)[nH]c1ccccc12,9
7022,c1ccc2c(c1)c1ccccc1n2CC1CO1,3
7023,c1ccc2c(c1)[nH]c1ccccc12,9
7024,O=C(Nc1ccccc1)c1ccc2[nH]c(-c3cc(-c4nc5ccccc5[nH]4)cc(N4C(=O)c5ccccc5C4=O)c3)nc2c1,3
7025,O=C(Nc1ccc(S(=O)(=O)c2ccccc2)cc1)c1ccc2[nH]c(-c3cc(-c4nc5ccccc5[nH]4)cc(N4C(=O)c5ccccc5C4=O)c3)nc2c1,7
7026,O=C(Nc1cccc(-c2nc3ccccc3[nH]2)c1)c1ccc2[nH]c(-c3cccc(-c4nc5ccccc5[nH]4)c3)nc2c1,6
7027,O=C(Nc1cccc(NC(=O)c2ccc3[nH]c(-c4cccc(-c5nc6ccccc6[nH]5)c4)nc3c2)c1)c1ccccc1,5
7028,O=C(Nc1ccc(NC(=O)c2ccc3[nH]c(-c4cccc(-c5nc6ccccc6[nH]5)c4)nc3c2)cc1)c1ccccc1,6
7029,O=C(Nc1ccc(S(=O)(=O)c2ccccc2)cc1)c1ccc2[nH]c(-c3cccc(-c4nc5ccccc5[nH]4)c3)nc2c1,7
7030,O=C(Nc1ccccn1)c1ccc2[nH]c(-c3cccc(-c4nc5ccccc5[nH]4)c3)nc2c1,8
7031,O=C(Nc1ccccc1)c1ccc(NC(=O)c2ccc(-c3nc4ccccc4[nH]3)cc2)cc1,5
7032,O=C(Nc1ccccc1)c1ccc2[nH]c(-c3ccc(-c4nc5ccccc5[nH]4)cc3)nc2c1,7
7033,c1ccc2nc(-c3ccc(-c4cnc5ccccc5n4)cc3)cnc2c1,9
7034,O=c1c2cccc3cccc(c32)c2nc3cc(Oc4ccc5nc6c7cccc8c(Oc9ccccc9)ccc(c(=O)n6c5c4)c87)ccc3n12,4
7035,O=c1c2cccc3cccc(c32)c2nc3cc(Oc4ccc5nc6c7cccc8c(Oc9ccc(Cc%10ccccc%10)cc9)ccc(c(=O)n6c5c4)c87)ccc3n12,3
7036,O=c1c2cccc3cccc(c32)c2nc3cc(Oc4ccc5nc6c7cccc8c(Oc9ccc(S(=O)(=O)c%10ccccc%10)cc9)ccc(c(=O)n6c5c4)c87)ccc3n12,6
7037,O=c1c2cccc3cccc(c32)c2nc3cc(Oc4ccc5nc6c7cccc8c(Oc9ccc(Sc%10ccccc%10)cc9)ccc(c(=O)n6c5c4)c87)ccc3n12,9
7038,O=c1c2cccc3cccc(c32)c2nc3cc(-c4ccc5nc6c7cccc8c(Oc9ccccc9)ccc(c(=O)n6c5c4)c87)ccc3n12,3
7039,O=c1c2cccc3cccc(c32)c2nc3cc(-c4ccc5nc6c7cccc8c(Oc9ccc%10ccccc%10c9)ccc(c(=O)n6c5c4)c87)ccc3n12,7
7040,O=c1c2cccc3cccc(c32)c2nc3cc(-c4ccc5nc6c7cccc8c(Oc9ccc(Cc%10ccccc%10)cc9)ccc(c(=O)n6c5c4)c87)ccc3n12,4
7041,O=c1c2cccc3cccc(c32)c2nc3cc(-c4ccc5nc6c7cccc8c(Oc9ccc(C(c%10ccccc%10)(c%10ccccc%10)c%10ccccc%10)cc9)ccc(c(=O)n6c5c4)c87)ccc3n12,4
7042,O=c1c2cccc3cccc(c32)c2nc3cc(-c4ccc5nc6c7cccc8c(Oc9ccc(C%10(c%11ccccc%11)c%11ccccc%11-c%11ccccc%11%10)cc9)ccc(c(=O)n6c5c4)c87)ccc3n12,6
7043,O=c1c2cccc3cccc(c32)c2nc3cc(-c4ccc5nc6c7cccc8c(Oc9ccc(Sc%10ccccc%10)cc9)ccc(c(=O)n6c5c4)c87)ccc3n12,9
7044,c1ccc2c(c1)ccn2Cn1ccc2ccccc21,7
7045,c1ccc2cc(-c3nc4cc5nc[nH]c5cc4[nH]3)ccc2c1,8
7046,c1ccc2cc(-c3nc4cc5scnc5cc4s3)ccc2c1,8
7047,c1ccc(Nc2ccc3ccccc3c2)cc1,6
7048,c1cc2ccc3cccc4ccc(c1)c2c34,4
7049,c1cc2ccc3cccc4ccc(c1)c2c34,4
7050,c1ccc(-c2ccc(-c3ccc(-c4ccc5ccc6cccnc6c5n4)cc3)cc2)cc1,8
7051,c1ccc2c(c1)[nH]c1ccccc12,9
7052,c1ccc2c(c1)[nH]c1ccccc12,9
7053,C(=Cc1ccc(OCCCCCCCCCCCn2c3ccccc3c3ccccc32)cc1)c1ccccc1,6
7054,C(=Cc1ccc2[nH]c3ccccc3c2c1)c1ccc(-c2nnc(-c3ccccc3)n2-c2ccccc2)cc1,2
7055,C(=Cc1ccnc(C=Cc2ccc3[nH]c4ccccc4c3c2)c1)c1ccc(N(c2ccccc2)c2ccccc2)cc1,8
7056,O=C(c1ccccc1)c1ccc(Nc2ccc3[nH]c4ccccc4c3c2)cc1,4
7057,c1ccc(Oc2ccc(Nc3ccc4[nH]c5ccccc5c4c3)cc2)cc1,5
7058,c1ccc(-c2ccc(Nc3ccc4[nH]c5ccccc5c4c3)cc2)cc1,8
7059,C(=Cc1ccc2c(-c3ccc4[nH]c5ccccc5c4c3)c3cc(C=Cc4ccccc4)ccc3cc2c1)c1ccccc1,5
7060,c1ccc(-n2c3ccccc3c3cc(-c4ccc5c(c4)Cc4ccccc4-5)ccc32)cc1,9
7061,c1ccc(-n2c3ccccc3c3cc(-c4ccc5c(c4)Cc4ccccc4-5)ccc32)cc1,9
7062,C(=Cc1ccc2[nH]c3ccc(-c4ccc5[nH]c6ccccc6c5c4)cc3c2c1)c1ccc(-c2nnc(-c3ccccc3)n2-c2ccccc2)cc1,3
7063,c1csc(-c2ccc(-c3ccc(-c4ccc5[nH]c6ccccc6c5c4)s3)c3nsnc23)c1,3
7064,c1ccc2ocnc2c1,7
7065,c1ccc2scnc2c1,4
7066,c1ccc2ocnc2c1,7
7067,c1ccc2oc(-c3ccc4ncoc4c3)nc2c1,9
7068,c1ccc2oc(-c3ccc4ncoc4c3)nc2c1,9
7069,c1ccc2oc(-c3ccc4ncoc4c3)nc2c1,9
7070,c1ccc2c(c1)oc1ccccc12,2
7071,c1ccccc1,1
7072,c1ccncc1,9
7073,c1ccncc1,9
7074,c1ccncc1,9
7075,c1ccc(-c2cccc3c2NCOC3)cc1,5
7076,c1ccc(-c2ccc(-c3cccs3)s2)nc1,7
7077,c1ccc(-c2nc3cc(-c4ccc5[nH]cnc5c4)ccc3[nH]2)cc1,9
7078,c1ccc(-c2nc3cc(-c4ccc5ncc(-c6ccc7ccccc7c6)nc5c4)ccc3nc2-c2ccc3ccccc3c2)cc1,5
7079,c1ccc(-c2nc3cc(-c4ccc5ocnc5c4)ccc3o2)cc1,3
7080,c1ccc(-c2nc3cc4nc[nH]c4cc3[nH]2)cc1,6
7081,c1ccc(-c2cnc3cc4nc(-c5ccccc5)c(-c5ccccc5)nc4cc3n2)cc1,8
7082,c1ccc(-c2cnc3cc4nc(-c5ccccc5)c(-c5ccccc5)nc4cc3n2)cc1,8
7083,c1ccc(-c2nc3ccc(-c4ccc5ncoc5c4)cc3o2)cc1,5
7084,c1ccc(-c2nc3ccc(-c4ccc5ocnc5c4)cc3o2)cc1,7
7085,c1ccc(-c2nnco2)cc1,5
7086,c1ccc(-c2nnc(-c3cccc(-c4nnco4)n3)o2)cc1,8
7087,c1ccc(-c2nnc(-c3nnco3)o2)cc1,7
7088,O=C(Nc1ccc(NC(=O)c2cccc(N3C(=O)c4ccc(-c5cccc6c5C(=O)NC6=O)cc4C3=O)c2)cc1)c1ccccc1,7
7089,c1ccccc1,1
7090,O=C1NC(=O)c2cc(Oc3ccc4c(c3)C(=O)N(c3cccc(C(c5ccccc5)c5ccccc5)c3)C4=O)ccc21,6
7091,O=C1NC(=O)c2cc(Oc3ccc(Oc4ccc(Oc5ccc6c(c5)C(=O)N(c5ccccc5)C6=O)cc4)cc3)ccc21,4
7092,O=C1NC(=O)c2cc(P(=O)(c3ccccc3)c3ccc4c(c3)C(=O)N(c3ccccc3)C4=O)ccc21,4
7093,O=C1CN(c2ccccc2)C(=O)CN1,3
7094,O=c1[nH]c(=O)c2cc3c(=O)n(-c4cccc5ccccc45)c(=O)c3cc12,9
7095,c1ccncc1,9
7096,O=C1c2ccc(Oc3ccc4c(c3)C(=O)N(c3nccs3)C4=O)cc2C(=O)N1c1ccc(Oc2ccccc2)cc1,2
7097,c1cncc(-c2nc3ccc(-c4ccc5ncsc5c4)cc3s2)c1,9
7098,c1cnc(-c2nnc(-c3nnco3)o2)cn1,2
7099,O=C(Nc1ccc(Cc2ccccc2)cc1)OCc1ccoc1,9
7100,c1ccsc1,6
7101,c1ccc(Cc2ccc(Oc3cccn3-c3ccccc3)cc2)cc1,7
7102,c1ccc(Cc2ccc(Oc3cccn3-c3ccccc3)cc2)cc1,7
7103,c1c[nH]c(-c2ccc(-c3ccc(-c4cccs4)s3)s2)c1,3
7104,c1c[nH]c(-c2ccc(-c3ccc(-c4ccc(-c5cccs5)s4)s3)s2)c1,6
7105,c1ccc(-c2nnc(-c3cccc(-c4nncn4-c4ccccc4)c3)n2-c2ccccc2)cc1,8
7106,c1ccc(Oc2ccc(Cc3ccc(Oc4ccc(-c5nncn5-c5ccccc5)cc4)cc3)cc2)cc1,9
7107,c1ccc(Oc2ccc(Cc3ccc(Oc4ccc(-c5nncn5-c5ccccc5)cc4)cc3)cc2)cc1,9
7108,O=S(=O)(c1ccccc1)c1ccc(-n2cnnc2-c2ccc(Oc3ccc(Cc4ccc(Oc5ccccc5)cc4)cc3)cc2)cc1,7
7109,c1ccc(Oc2ccc(Cc3ccc(Oc4ccc(-c5nncn5-c5ccccc5)cc4)cc3)cc2)cc1,9
7110,c1ccc(Oc2ccc(Cc3ccc(Oc4ccc(-c5nncn5-c5ccccc5)cc4)cc3)cc2)cc1,9
7111,O=S(=O)(c1ccccc1)c1ccc(-n2cnnc2-c2ccc(Oc3ccc(Cc4ccc(Oc5ccccc5)cc4)cc3)cc2)cc1,7
7112,c1ccc(Oc2ccc(Cc3ccc(Oc4ccc(-c5nncn5-c5ccccc5)cc4)cc3)cc2)cc1,9
7113,O=C(c1ccc(Oc2ccccc2)cc1)c1cccc(C(=O)c2ccc(Oc3ccc(-c4ccn(-c5ccccc5)n4)cc3)cc2)c1,8
7114,O=C(c1ccc(Oc2ccccc2)cc1)c1ccc(C(=O)c2ccc(Oc3ccc(-c4ccn(-c5ccccc5)n4)cc3)cc2)cc1,4
7115,O=C(c1ccc(Oc2ccccc2)cc1)c1ccc(Oc2ccc(-c3ccn(-c4ccccc4)n3)cc2)cc1,7
7116,O=C(c1ccc(Oc2ccccc2)cc1)c1ccc(Oc2ccc(C(=O)c3ccc(Oc4ccc(-c5ccn(-c6ccccc6)n5)cc4)cc3)cc2)cc1,6
7117,c1ccc(-c2ncncn2)cc1,5
7118,c1ccc(-c2ncncn2)cc1,5
7119,c1ccc(Nc2ncnc(-c3ccccc3)n2)cc1,8
7120,c1ccc(Nc2ncncn2)cc1,4
7121,c1ccc(NCCCCCCN(c2ccccc2)c2ncncn2)cc1,7
7122,c1ccc(NCCCCN(c2ccccc2)c2ncncn2)cc1,8
7123,c1ccc(Nc2nc(Nc3ccccc3)nc(N(c3ccccc3)c3ncncn3)n2)cc1,7
7124,c1ccc(Nc2ncnc(Oc3ccccc3)n2)cc1,9
7125,C(=Cc1cc(C=Cc2ccc(N(c3ccccc3)c3ccccc3)cc2)ccn1)c1ccccc1,7
7126,C(=Cc1ccnc(C=Cc2ccc3c(c2)Cc2ccccc2-3)c1)c1ccc(N(c2ccccc2)c2ccccc2)cc1,9
7127,O=C1CC(Nc2ccccc2)C(=O)N1c1ccc(-c2sc(-c3ccc(N4C(=O)CC(Nc5ccc(-c6cnccn6)cc5)C4=O)cc3)c(-c3ccccc3)c2-c2ccccc2)cc1,2
7128,O=C(Nc1cccc(-c2nnc(-c3ccccn3)o2)c1)c1ccccn1,5
7129,O=C(Oc1ccc2ccccc2c1)c1ccc(C(=O)Oc2ccc3ccccc3c2C=Cc2ccccn2)cc1,4
7130,c1ccncc1,9
7131,O=C(Nc1ccc(Cc2ccccc2)cc1)Nc1ccccn1,8
7132,c1ccc(Oc2ccccn2)cc1,2
7133,c1ccc(Oc2ccccn2)cc1,2
7134,c1ccc(Oc2ccccn2)cc1,2
7135,c1ccc(N=C(c2ccc(Oc3ccccc3)cc2)c2ccc(Oc3ccc(Oc4ccccn4)cc3)cc2)cc1,9
7136,O=C(c1ccc(Oc2ccccc2)cc1)c1ccc(Oc2ccc(Oc3ccccn3)cc2)cc1,7
7137,O=P(c1ccccc1)(c1ccc(Oc2ccccc2)cc1)c1ccc(Oc2ccc(Oc3ccccn3)cc2)cc1,3
7138,c1ccc(-c2ccc(Oc3ccccn3)cc2)cc1,3
7139,c1ccc(Oc2ccc(Cc3ccc(Oc4ccc(-c5ccccn5)cc4)cc3)cc2)cc1,2
7140,c1ccc(Oc2ccc(Cc3ccc(Oc4ccc(-c5ccccn5)cc4)cc3)cc2)cc1,2
7141,c1ccc(Oc2ccc(C3(c4ccc(Oc5ccc(-c6ccccn6)cc5)cc4)c4ccccc4-c4ccccc43)cc2)cc1,2
7142,c1ccc(Cc2ccc(Oc3cnccn3)cc2)cc1,4
7143,c1ccc(-c2cnc(-c3ccccc3)nc2)cc1,7
7144,O=C(OCCOc1nc(-c2ccccc2)ncc1-c1ccccc1)c1cc(N=Nc2ccccc2)ccc1-c1ccc(N=Nc2ccccc2)cc1,6
7145,O=C(OCCOc1nc(-c2ccccc2)ncc1-c1ccccc1)c1ccccc1,6
7146,O=C(OCCOc1nc(-c2ccccc2)ncc1-c1ccccc1)c1ccccc1,6
7147,c1ccc(-c2cnc(-c3ccccc3)nc2)cc1,7
7148,c1ncncn1,8
7149,c1ccc(NCCCCCCCCCCN(c2ccccc2)c2ncnc(-c3ccccc3)n2)cc1,8
7150,c1ccc(NCCCCCCN(c2ccccc2)c2ncncn2)cc1,7
7151,c1ccc(NCCCCCCN(c2ccccc2)c2ncnc(-c3ccccc3)n2)cc1,8
7152,c1ccc(NCCCCN(c2ccccc2)c2ncncn2)cc1,8
7153,c1ccc(-c2ncncn2)cc1,5
7154,O=C(Nc1ccc(-c2ccc(NC(=O)c3cccc(Oc4ncnc(Sc5ccccc5)n4)c3)cc2)cc1)c1ccccc1,5
7155,c1ccc(Oc2ccc(Cc3ccc(Oc4ccc(-c5ncnc(-c6ccccc6)n5)cc4)cc3)cc2)cc1,7
7156,c1ccc(Oc2ccc(Oc3ccc(-c4ncnc(-c5ccccc5)n4)cc3)cc2)cc1,2
7157,c1ccc(Oc2ccc(Sc3ccc(Oc4ccc(-c5ncnc(-c6ccccc6)n5)cc4)cc3)cc2)cc1,9
7158,c1ccc(Oc2ccc(-c3ccc(Oc4ccc(-c5ncnc(-c6ccccc6)n5)cc4)cc3)cc2)cc1,6
7159,C(=Nc1nccs1)c1ccc(OCCCCCCCCOc2ccc(C=Nc3nc(-c4ccc(Oc5ccccc5)cc4)cs3)cc2)cc1,5
7160,C(=Nc1nccs1)c1ccc(OCCCCCCOc2ccc(C=Nc3nc(-c4ccc(Oc5ccccc5)cc4)cs3)cc2)cc1,8
7161,c1ccc(-c2nc3ccc(-c4ccc5nc[nH]c5c4)cc3[nH]2)cc1,7
7162,c1ccc(Cc2ccc(-c3nc4ccc(-c5ccc6nc[nH]c6c5)cc4[nH]3)cc2)cc1,4
7163,O=C1c2ccc(-c3ccc4c(c3)C(=O)N(c3ccc5[nH]cnc5c3)C4=O)cc2C(=O)N1c1ccccc1,6
7164,O=C(Nc1ccccc1)c1ccc(OCCOCCOCCOCCOCCOc2ccc(C(=O)Nc3ccc4[nH]cnc4c3)cc2)cc1,7
7165,O=C(Nc1ccccc1)c1ccc(OCCOCCOCCOCCOc2ccc(C(=O)Nc3ccc4[nH]cnc4c3)cc2)cc1,4
7166,O=C(Nc1ccccc1)c1ccc(OCCOCCOCCOCCOc2ccc(C(=O)Nc3ccc4[nH]cnc4c3)cc2)cc1,4
7167,O=C(Nc1ccccc1)c1ccc(OCCOCCOCCOc2ccc(C(=O)Nc3ccc4[nH]cnc4c3)cc2)cc1,2
7168,O=C(Nc1ccccc1)c1ccc(OCCOCCOCCOc2ccc(C(=O)Nc3ccc4[nH]cnc4c3)cc2)cc1,2
7169,O=C(Nc1ccccc1)c1ccc(OCCOCCOc2ccc(C(=O)Nc3ccc4[nH]cnc4c3)cc2)cc1,9
7170,O=C(Nc1ccccc1)c1ccc(OCCOc2ccc(C(=O)Nc3ccc4[nH]cnc4c3)cc2)cc1,9
7171,c1nc2cc(-c3ccc4[nH]cnc4c3)ccc2[nH]1,3
7172,c1ccc(-c2nc3cc(-c4ccc5[nH]cnc5c4)ccc3[nH]2)cc1,9
7173,O=C(Nc1ccc(Cc2ccc(N3C(=O)c4ccc(S(=O)(=O)c5ccc6c(c5)C(=O)N(c5ccc(Cc7ccc(NC(=O)c8cccc(-c9nc%10cc(-c%11ccc%12[nH]cnc%12c%11)ccc%10[nH]9)c8)cc7)cc5)C6=O)cc4C3=O)cc2)cc1)c1ccccc1,3
7174,c1ccc(Oc2ccc(Oc3ccc(-c4ccnc5ccc(-c6ccc7nc(-c8ccc(-c9ccccc9)cc8)cc(-c8ccc(Oc9ccc(Oc%10ccccc%10)cc9)cc8)c7c6)cc45)cc3)cc2)cc1,4
7175,c1ccc(Oc2ccc(-c3cc(-c4ccc(Oc5ccc(-c6ccnc7ccccc67)cc5)cc4)c4ccccc4n3)cc2)cc1,6
7176,c1ccc(-c2ccc(-c3cc(-c4ccc(Oc5ccc(-c6ccnc7ccccc67)cc5)cc4)c4ccccc4n3)cc2)cc1,3
7177,c1ccc(-c2ccc(Oc3ccc(-c4ccnc5ccc(-c6ccc7nc(-c8ccc(-c9ccccc9)cc8)cc(-c8ccc(Oc9ccc(-c%10ccccc%10)cc9)cc8)c7c6)cc45)cc3)cc2)cc1,9
7178,c1ccc(Oc2ccc(-c3ccc(-c4ccnc5ccc(-c6ccc7nc(-c8ccc(-c9ccccc9)cc8)cc(-c8ccc(-c9ccc(Oc%10ccccc%10)cc9)cc8)c7c6)cc45)cc3)cc2)cc1,5
7179,c1ccc(-c2ccnc3ccccc23)cc1,6
7180,O=C1c2ccccc2C(c2ccc3nccc(-c4ccccc4)c3c2)(c2ccc3nc(-c4ccc(C5(c6ccccc6)c6ccccc6-c6ccccc65)cc4)cc(-c4ccccc4)c3c2)c2ccccc21,8
7181,O=C1c2ccccc2C(c2ccc3nccc(-c4ccccc4)c3c2)(c2ccc3nc(-c4ccc(-c5ccccc5)cc4)cc(-c4ccccc4)c3c2)c2ccccc21,3
7182,O=C1c2ccccc2C(c2ccccc2)(c2ccc(-c3cc(-c4ccccc4)c4cc(C5(c6ccc7nccc(-c8ccccc8)c7c6)c6ccccc6-c6ccccc65)ccc4n3)cc2)c2ccccc21,9
7183,c1ccc(Oc2ccc(-c3cc(-c4ccccc4)c4cc(C5(c6ccc7nccc(-c8ccccc8)c7c6)c6ccccc6-c6ccccc65)ccc4n3)cc2)cc1,8
7184,c1ccc(NCCCCCCOc2ccccc2-c2cc(-c3ccccc3)c3cc(Oc4ccc5nccc(-c6ccccc6)c5c4)ccc3n2)cc1,6
7185,c1ccc(NCCOc2ccccc2-c2cc(-c3ccccc3)c3cc(Oc4ccc5nccc(-c6ccccc6)c5c4)ccc3n2)cc1,2
7186,C=C(c1ccc(-c2ccccc2)s1)c1ccc(-c2ccc(NCCOc3ccccc3-c3cc(-c4ccccc4)c4cc(Oc5ccc6nccc(-c7ccccc7)c6c5)ccc4n3)cc2)s1,6
7187,c1ccc(Cc2ccc(-c3cc(-c4ccccc4)c4cc(Oc5ccc6nccc(-c7ccccc7)c6c5)ccc4n3)cc2)cc1,6
7188,c1ccc(-c2ccc(-c3ccc(-c4cc(-c5ccccc5)c5cc(Oc6ccc7nccc(-c8ccccc8)c7c6)ccc5n4)cc3)cc2)cc1,9
7189,c1ccc(-c2ccc(-c3ccc(-c4ccc(-c5cc(-c6ccccc6)c6cc(Oc7ccc8nccc(-c9ccccc9)c8c7)ccc6n5)cc4)cc3)cc2)cc1,2
7190,O=C1c2ccccc2C(c2ccccc2)(c2ccc(-c3cc(-c4ccccc4)c4cc(-c5ccc6nccc(-c7ccccc7)c6c5)ccc4n3)cc2)c2ccccc21,7
7191,c1ccc(Oc2ccc(-c3cc(-c4ccccc4)c4cc(-c5ccc6nccc(-c7ccccc7)c6c5)ccc4n3)cc2)cc1,3
7192,c1ccc(-c2ccc(-c3cc(-c4ccccc4)c4cc(-c5ccc6nccc(-c7ccccc7)c6c5)ccc4n3)cc2)cc1,7
7193,c1ccc(-c2ccc3nccc(-c4ccccc4)c3c2)cc1,5
7194,c1ccc(-c2ccc(-c3nc4ccccc4c(-c4ccc(Oc5ccc(-c6c(-c7ccccc7)cnc7ccccc67)cc5)cc4)c3-c3ccccc3)cc2)cc1,2
7195,c1ccc(-c2cnc3ccc(Oc4ccc5nc(-c6ccccc6)c(-c6ccccc6)c(-c6ccccc6)c5c4)cc3c2-c2ccccc2)cc1,8
7196,c1ccc(-c2ccc(-c3nc4ccc(Oc5ccc6ncc(-c7ccccc7)c(-c7ccccc7)c6c5)cc4c(-c4ccccc4)c3-c3ccccc3)cc2)cc1,4
7197,c1ccc(-c2cnc3ccc(-c4ccc5nc(-c6ccccc6)c(-c6ccccc6)c(-c6ccccc6)c5c4)cc3c2-c2ccccc2)cc1,9
7198,O=C(c1ccc(Oc2ccc(-c3ccc(Oc4ccccc4)cc3)cc2)cc1)c1ccc2ncccc2c1,9
7199,O=C(c1ccc(Oc2ccc(-c3ccc(Oc4ccccc4)cc3)cc2)cc1)c1ccc2ncccc2c1,9
7200,O=C1NC(=O)c2[nH]cnc21,9
7201,O=C(c1ccc(Oc2ccccc2)cc1)c1cccc(C(=O)c2ccc(Oc3ccc(-c4nc5ccccc5n4-c4ccc(-n5cnc6ccccc65)cc4)cc3)cc2)c1,2
7202,O=C(c1ccc(Oc2ccccc2)cc1)c1ccc(C(=O)c2ccc(Oc3ccc(-c4nc5ccccc5n4-c4ccc(-n5cnc6ccccc65)cc4)cc3)cc2)cc1,9
7203,c1ccc(-c2cnc3cc(Oc4ccc5nccnc5c4)ccc3n2)cc1,4
7204,O=S(=O)(c1ccc2nccnc2c1)c1ccc2nc(-c3ccccc3)cnc2c1,3
7205,c1ccc(-c2cnc3cc(-c4ccc5nccnc5c4)ccc3n2)cc1,2
7206,c1ccc(Oc2ccc(Oc3ccc(-c4cnc5cc(-c6ccc7nccnc7c6)ccc5n4)cc3)cc2)cc1,2
7207,c1ccc(-c2ccc(-c3cnc4cc(-c5ccc6nccnc6c5)ccc4n3)cc2)cc1,6
7208,c1ccc(-c2cnc3ccc(Oc4ccc5nccnc5c4)cc3n2)cc1,3
7209,c1ccc(-c2nc3cc(-c4ccc5ncc(-c6ccc7ccccc7c6)nc5c4)ccc3nc2-c2ccc3ccccc3c2)cc1,5
7210,O=C(NCCCCCCCCCCNC(=O)c1ccc(-c2cnc3ccccc3n2)cc1)c1ccccc1,4
7211,O=C(NCCCCCCCCNC(=O)c1ccc(-c2cnc3ccccc3n2)cc1)c1ccccc1,7
7212,O=C(Oc1ccccc1)c1cccc(C(=O)Oc2ccc(-c3cnc4ccccc4n3)cc2)c1,3
7213,O=P(c1ccccc1)(c1ccc(Oc2ccc(Oc3ccccc3)cc2)cc1)c1ccc(Oc2ccc(Oc3ccc(-c4cnc5ccccc5n4)cc3)cc2)cc1,4
7214,c1ccc(-c2cnc3ccc(Oc4ccc5nc(-c6ccccc6)c(-c6ccccc6)nc5c4)cc3n2)cc1,2
7215,c1ccc(Oc2ccc(-c3nc4cc(Oc5ccc6ncc(-c7ccccc7)nc6c5)ccc4nc3-c3ccccc3)cc2)cc1,6
7216,c1ccc(-c2cnc3ccc(Oc4ccc5nc(-c6ccccc6)c(-c6ccccc6)nc5c4)cc3n2)cc1,2
7217,c1ccc(N=Nc2ccc(N(CCOc3ccccc3)CCOc3ccc(-c4nc5ccc(Oc6ccc7ncc(-c8ccccc8)nc7c6)cc5nc4-c4ccccc4)cc3)cc2)cc1,8
7218,c1ccc(N=Nc2ccc(N(CCOc3ccccc3)CCOc3ccc(-c4nc5ccc(Oc6ccc7ncc(-c8ccccc8)nc7c6)cc5nc4-c4ccccc4)cc3)cc2)cc1,8
7219,C=C1C(=C2C=C(C=Cc3ccc(NCCOc4ccccc4)cc3)OC(C=Cc3ccc(NCCOc4ccc(-c5nc6ccc(Oc7ccc8ncc(-c9ccccc9)nc8c7)cc6nc5-c5ccccc5)cc4)cc3)=C2)C(=O)c2ccccc21,5
7220,C(=Cc1ccc(OCCOc2ccccc2)cc1OCCOc1ccc(-c2nc3ccc(Oc4ccc5ncc(-c6ccccc6)nc5c4)cc3nc2-c2ccccc2)cc1)c1ccccc1,3
7221,O=C1c2ccc(Cc3ccc4c(c3)C(=O)N(c3ccc(Oc5ccc6nc(-c7ccc(Oc8ccccc8)cc7)c(-c7ccccc7)nc6c5)cc3)C4=O)cc2C(=O)N1c1ccc(Oc2ccc3ncc(-c4ccccc4)nc3c2)cc1,5
7222,O=S(=O)(c1ccc2ncc(-c3ccccc3)nc2c1)c1ccc2nc(-c3ccccc3)c(-c3ccccc3)nc2c1,2
7223,O=S(=O)(c1ccc2ncc(-c3ccccc3)nc2c1)c1ccc2nc(-c3ccccc3)c(-c3ccccc3)nc2c1,2
7224,c1ccc(-c2cnc3ccc(-c4ccc5nc(-c6ccccc6)c(-c6ccccc6)nc5c4)cc3n2)cc1,5
7225,c1ccc(-c2cnc3ccc(-c4ccc5nc(-c6ccccc6)c(-c6ccccc6)nc5c4)cc3n2)cc1,5
7226,c1ccc(Oc2ccc(-c3nc4cc(-c5ccc6ncc(-c7ccccc7)nc6c5)ccc4nc3-c3ccccc3)cc2)cc1,4
7227,c1ccc(OCCCCOc2ccc(-c3nc4ccc(-c5ccc6ncc(-c7ccccc7)nc6c5)cc4nc3-c3ccccc3)cc2)cc1,9
7228,c1ccc(Oc2ccc(-c3nc4ccc(-c5ccc6ncc(-c7ccccc7)nc6c5)cc4nc3-c3ccccc3)cc2)cc1,4
7229,c1ccc(Oc2ccc(Oc3ccc(Oc4ccc(-c5nc6ccc(-c7ccc8ncc(-c9ccccc9)nc8c7)cc6nc5-c5ccccc5)cc4)cc3)cc2)cc1,7
7230,c1ccc(Sc2ccc(-c3nc4ccc(-c5ccc6ncc(-c7ccccc7)nc6c5)cc4nc3-c3ccccc3)cc2)cc1,8
7231,O=S(=O)(c1ccc2ocnc2c1)c1ccc2oc(C3CCCCC3)nc2c1,5
7232,c1ccc(-c2ccc(-c3cc(-c4ccccc4)c4cc5c(-c6ccccc6)ccnc5cc4n3)cc2)cc1,7
7233,c1ccc(Oc2ccc(-c3cc(-c4ccccc4)c4cc5nccc(-c6ccccc6)c5cc4n3)cc2)cc1,7
7234,c1ccc(-c2cnc3cc4nccnc4cc3n2)cc1,4
7235,c1ccc(Oc2ccc(-c3cnc4cc5nccnc5cc4n3)cc2)cc1,7
7236,c1ccc(-c2cnc3cc4nccnc4cc3n2)cc1,4
7237,c1ccc(-c2cnc3cc4nc(-c5ccccc5)c(-c5ccccc5)nc4cc3n2)cc1,8
7238,c1ccc(-c2cnc3cc4nc(-c5ccccc5)c(-c5ccccc5)nc4cc3n2)cc1,8
7239,c1coc(-c2nc3cc4nc[nH]c4cc3[nH]2)c1,6
7240,c1ccc(-c2nc3cc4scnc4cc3s2)cc1,3
7241,O=C(NNC(=O)c1cccnc1)c1ccc([Si](c2ccccc2)(c2ccccc2)c2ccccc2)cc1,7
7242,O=C(Nc1cccc(Oc2ccc(C(=O)c3ccc(Oc4ccccc4)cc3)cc2)c1)c1cccnc1,9
7243,O=P(c1ccccc1)(c1ccc(Oc2ccccc2)cc1)c1ccc(Oc2ccc(-c3cccnc3)cc2)cc1,6
7244,c1cncc(-c2ccc(-c3ccc(-c4cccs4)cc3)s2)c1,7
7245,c1cscn1,9
7246,c1ccc(NCCCCCCN(c2ccccc2)c2ncncn2)cc1,7
7247,c1ccc(NCCCCN(c2ccccc2)c2ncncn2)cc1,8
7248,c1nnc(C2CC3(CCC3)C2)o1,5
7249,c1ccc(Cc2ccc(Oc3cccnn3)cc2)cc1,7
7250,c1ccc(Oc2ccc(-c3cnnc(-c4cccc(-c5nccnn5)n4)n3)cc2)cc1,7
7251,c1ccc(Oc2ccc(C3(c4ccc(Oc5ccc(-c6cnnc(-c7ccccn7)n6)cc5)cc4)c4ccccc4-c4ccccc43)cc2)cc1,6
7252,O=S(=O)(c1ccc(Oc2ccccc2)cc1)c1ccc(Oc2ccc(-c3cnnc(-c4ccccn4)n3)cc2)cc1,5
7253,O=C1NC(=O)c2cc(Cc3ccc4c(c3)C(=O)N(Cc3nc5ccc(Cc6ccc7ncoc(=O)c7c6)cc5c(=O)o3)C4=O)ccc21,8
7254,c1ccoc1,3
7255,O=C(NCc1ccc(Cc2ccco2)o1)OCc1ccco1,6
7256,c1coc(Cc2ccco2)c1,3
7257,O=C(NCc1ccco1)OCc1ccco1,3
7258,c1ccoc1,3
7259,c1ccc(Oc2ccc(Cc3ccc(Oc4ccc(-c5ncco5)cc4)cc3)cc2)cc1,5
7260,c1ccc(Oc2ccc(Cc3ccc(Oc4ccc(-c5ncco5)cc4)cc3)cc2)cc1,5
7261,O=S(=O)(c1ccc(Oc2ccccc2)cc1)c1ccc(Oc2ccc(-c3ncco3)cc2)cc1,8
7262,c1ccc(Oc2ccc(-c3ccc(Oc4ccc(-c5ncco5)cc4)cc3)cc2)cc1,8
7263,c1ccc(-c2nnco2)cc1,5
7264,c1ccc(-c2nnco2)cc1,5
7265,c1ccc(-c2nnco2)cc1,5
7266,O=C1NC(=O)c2cc(Cc3ccc4c(c3)C(=O)N(Cc3nnc(-c5ccc(-c6nnco6)c(Oc6ccccc6)c5)o3)C4=O)ccc21,8
7267,C(=Cc1ccc(Oc2ccc(-c3nnco3)c3ccccc23)c2ccccc12)c1ccc(Oc2cccc3ccccc23)cc1,3
7268,c1ccc([Si](c2ccccc2)(c2ccccc2)c2ccc(-c3nnc(-c4ccc(-c5nnco5)c5ccccc45)o3)cc2)cc1,9
7269,c1ccc(-c2nnc(-c3cccc(-c4nnco4)c3)o2)cc1,8
7270,C(#Cc1ccc(C#Cc2ccc(-c3nnco3)cc2)cc1)c1ccccc1,7
7271,O=C(C=Cc1ccc(OCCCCCCCCCCOC(=O)c2ccccc2)cc1)C=Cc1ccc(OCCCCCCCCCCOC(=O)c2ccc(-c3nnco3)cc2)cc1,6
7272,O=C1C(=Cc2ccc(OCCCCCCCCOC(=O)c3ccccc3)cc2)CCC1=Cc1ccc(OCCCCCCCCOC(=O)c2ccc(-c3nnco3)cc2)cc1,4
7273,O=C1C(=Cc2ccc(OCCCCCCCCOC(=O)c3ccccc3)cc2)CCCCC1=Cc1ccc(OCCCCCCCCOC(=O)c2ccc(-c3nnco3)cc2)cc1,7
7274,O=C(C=Cc1ccc(OCCCCCCCCOC(=O)c2ccccc2)cc1)C=Cc1ccc(OCCCCCCCCOC(=O)c2ccc(-c3nnco3)cc2)cc1,9
7275,O=C1C(=Cc2ccc(OCCCCCCOC(=O)c3ccccc3)cc2)CCCC1=Cc1ccc(OCCCCCCOC(=O)c2ccc(-c3nnco3)cc2)cc1,8
7276,O=C1C(=Cc2ccc(OCCCCCCOC(=O)c3ccccc3)cc2)CCCCC1=Cc1ccc(OCCCCCCOC(=O)c2ccc(-c3nnco3)cc2)cc1,7
7277,O=C(Nc1ccc(-c2nnco2)cc1)c1ccccc1Oc1ccccc1,7
7278,O=C(Nc1ccccc1)c1ccc(C(=O)Nc2ccc(-c3nnco3)cc2)c(Oc2ccccc2)c1,6
7279,O=C(Nc1ccc(-c2nnco2)cc1)c1cccc(N2C(=O)c3ccccc3C2=O)c1,2
7280,O=C(Nc1ccccc1)c1cc(C(=O)Nc2ccc(-c3nnco3)cc2)cc(N2C(=O)c3ccccc3C2=O)c1,8
7281,O=C(Nc1cc(C(=O)Nc2ccccc2)cc(C(=O)Nc2ccc(-c3nnco3)cc2)c1)c1ccccc1,7
7282,C(=Cc1ccc(Oc2ccc(-c3nnco3)cc2)c2ccccc12)c1ccc(Oc2ccccc2)cc1,8
7283,O=C(Nc1cccc2c(Oc3ccccc3)cccc12)c1ccc(Cc2ccc(C(=O)Nc3cccc4c(Oc5ccc(-c6nnco6)cc5)cccc34)cc2)cc1,9
7284,O=C(Nc1cccc2c(Oc3ccccc3)cccc12)c1ccc([Si](c2ccccc2)(c2ccccc2)c2ccc(C(=O)Nc3cccc4c(Oc5ccc(-c6nnco6)cc5)cccc34)cc2)cc1,2
7285,O=C1c2ccc([SiH2]O[SiH2]c3ccc4c(c3)C(=O)N(c3cccc(Oc5ccc(-c6nnco6)cc5)c3)C4=O)cc2C(=O)N1c1cccc(Oc2ccccc2)c1,9
7286,O=C1c2ccc3c4c(ccc(c24)C(=O)N1c1cccc(Oc2ccccc2)c1)C(=O)N(c1cccc(Oc2ccc(-c4nnco4)cc2)c1)C3=O,3
7287,c1ccc(Oc2ccc(Cc3ccc(Oc4ccc(-c5nnco5)cc4)cc3)cc2)cc1,4
7288,O=C1c2ccc([SiH2]O[SiH2]c3ccc4c(c3)C(=O)N(c3ccc(Oc5ccc(-c6nnco6)cc5)cc3)C4=O)cc2C(=O)N1c1ccc(Oc2ccccc2)cc1,4
7289,O=C(CN1C(=O)c2ccc(Cc3ccc4c(c3)C(=O)N(CC(=O)Nc3ccc(Oc5ccc(-c6nnco6)cc5)cc3)C4=O)cc2C1=O)Nc1ccc(Oc2ccccc2)cc1,9
7290,O=C(Nc1ccc(Oc2ccccc2)cc1)c1ccc(C(=O)Nc2ccc(Oc3ccc(-c4nnco4)cc3)cc2)c(Oc2ccccc2)c1,3
7291,O=C(Nc1ccc(Oc2ccccc2)cc1)c1cc(C(=O)Nc2ccc(Oc3ccc(-c4nnco4)cc3)cc2)cc(N2C(=O)c3ccccc3C2=O)c1,3
7292,O=C(Nc1cc(C(=O)Nc2ccc(Oc3ccccc3)cc2)cc(C(=O)Nc2ccc(Oc3ccc(-c4nnco4)cc3)cc2)c1)c1ccccc1,3
7293,c1ccc(Oc2ccc(-c3ccc(-c4ccc(Oc5ccc(-c6nnco6)cc5)cc4)cc3)cc2)cc1,6
7294,O=C1NC(=O)c2cc(Cc3ccc4c(c3)C(=O)N(Cc3nnc(-c5ccc(Oc6ccc(-c7nnco7)cc6)cc5)o3)C4=O)ccc21,8
7295,c1ccc(-c2ccc(-c3nnc(-c4ccc([Si](c5ccccc5)(c5ccccc5)c5ccc(-c6nnco6)cc5)cc4)o3)cc2)cc1,7
7296,c1ccc(OCCCCc2nnc(-c3ccc(-c4nnco4)cc3)o2)cc1,7
7297,c1ccc(OCCCc2nnc(-c3ccc(-c4nnco4)cc3)o2)cc1,7
7298,c1ccc([Si](c2ccccc2)(c2ccccc2)c2ccc(-c3nnc(-c4ccc(-c5nnco5)cc4)o3)cc2)cc1,5
7299,c1ccc([Si](c2ccccc2)(c2ccccc2)c2ccc(-c3nnc(-c4cncc(-c5nnco5)c4)o3)cc2)cc1,2
7300,c1ccc([Si](c2ccccc2)(c2ccccc2)c2ccc(-c3nnc(-c4cccc(-c5nnco5)n4)o3)cc2)cc1,7
7301,c1ccc([Si](c2ccccc2)(c2ccccc2)c2ccc(-c3nnc(-c4ccc(-c5nnco5)o4)o3)cc2)cc1,7
7302,c1ccc(-c2nnc(-c3ccc(-c4ccc(-c5ccc(-c6nnco6)s5)s4)s3)o2)cc1,7
7303,c1ccc(-c2nnc(-c3ccc(-c4ccc(-c5nnco5)s4)s3)o2)cc1,5
7304,O=C1NC(=O)c2cc(Cc3ccc4c(c3)C(=O)N(Cc3nc5cc(Cc6ccc7ocnc7c6)ccc5o3)C4=O)ccc21,3
7305,O=C(CCCCC(=O)Nc1ccc2ocnc2c1)Nc1ccc2ocnc2c1,4
7306,O=C(CCCCCCC(=O)Nc1ccc2ocnc2c1)Nc1ccc2ocnc2c1,6
7307,O=C(CCCCCCCCC(=O)Nc1ccc2ocnc2c1)Nc1ccc2ocnc2c1,8
7308,O=C1NC(=O)c2cc(Cc3ccc4c(c3)C(=O)N(Cc3nc5cc(-c6ccc7ocnc7c6)ccc5o3)C4=O)ccc21,7
7309,c1ccc(-c2nc3cc(-c4ccc5ocnc5c4)ccc3o2)cc1,3
7310,c1nc2ccc(-c3ccc4ncoc4c3)cc2o1,5
7311,c1nc2ccc(-c3ccc4ncoc4c3)cc2o1,5
7312,c1ccc(Cc2ccc(-c3nc4ccc(-c5ccc6ncoc6c5)cc4o3)cc2)cc1,3
7313,c1ccc(C(c2ccccc2)c2ccc(-c3nc4ccc(-c5ccc6ncoc6c5)cc4o3)cc2)cc1,8
7314,c1ccsc1,6
7315,c1ccc(NCCCCCCc2ccsc2)cc1,5
7316,c1ccsc1,6
7317,c1ccsc1,6
7318,c1ccsc1,6
7319,c1ccsc1,6
7320,c1ccsc1,6
7321,c1ccsc1,6
7322,c1ccsc1,6
7323,c1ccsc1,6
7324,c1scc2c1OCCO2,4
7325,c1scc2c1OCCO2,4
7326,c1scc2c1OCCO2,4
7327,c1scc2c1OCCO2,4
7328,c1ccc(-c2cnc3cscc3n2)cc1,3
7329,c1cnc2cscc2n1,4
7330,c1cnc2cscc2n1,4
7331,c1csc(-c2cccs2)c1,3
7332,c1cnc2c(-c3sc(-c4scc5c4OCCO5)c4c3OCCO4)scc2n1,2
7333,c1ccc(N=Nc2ccc(NCCCCCCc3ccsc3)cc2)cc1,6
7334,O=C(Cc1ccccc1)Nc1cccc(NC(=O)Cc2ccc(-c3scc(-c4ccccc4)c3-c3ccccc3)cc2)c1,8
7335,O=C(Cc1ccccc1)Nc1ccc(Cc2ccc(NC(=O)Cc3ccc(-c4scc(-c5ccccc5)c4-c4ccccc4)cc3)cc2)cc1,9
7336,O=C(Cc1ccccc1)Nc1ccc(NC(=O)Cc2ccc(-c3scc(-c4ccccc4)c3-c3ccccc3)cc2)cc1,5
7337,O=C(Cc1ccccc1)Nc1ccc(S(=O)(=O)c2ccc(NC(=O)Cc3ccc(-c4scc(-c5ccccc5)c4-c4ccccc4)cc3)cc2)cc1,5
7338,O=C(Cc1ccccc1)Nc1ccc(-c2ccc(NC(=O)Cc3ccc(-c4scc(-c5ccccc5)c4-c4ccccc4)cc3)cc2)cc1,9
7339,O=C(Nc1ccccc1)c1ccc(NC(=O)c2ccc([SiH2]c3ccc(C(=O)Nc4ccc(C(=O)Nc5ccc(-c6scc(-c7ccccc7)c6-c6ccccc6)cc5)cc4)cc3)cc2)cc1,3
7340,c1ccsc1,6
7341,O=C(OCCOc1ccc(N=Nc2ccccc2)cc1)c1cccs1,4
7342,O=C(Oc1ccc([SiH2]c2ccccc2)cc1)c1cccs1,2
7343,O=C(Oc1ccc([SiH](c2ccccc2)c2ccccc2)cc1)c1cccs1,6
7344,O=C(OCCCCOCCCCOCCCCOC(=O)c1ccc(N=Cc2cccs2)cc1)c1ccccc1,2
7345,c1csc(Oc2ccc(Cc3ccc(Oc4cccs4)cc3)cc2)c1,7
7346,O=C(c1ccccc1)c1ccc(Oc2ccc(Cc3ccc(Oc4cccs4)cc3)cc2)s1,4
7347,c1ccc(Oc2ccc(C3(c4ccc(Oc5cccs5)cc4)c4ccccc4-c4ccccc43)cc2)cc1,2
7348,c1ccsc1,6
7349,c1ccsc1,6
7350,c1ccc(Oc2ccc(Cc3ccc(Oc4ccc(-c5cccs5)cc4)cc3)cc2)cc1,3
7351,c1ccc(Oc2ccc(Cc3ccc(Oc4ccc(-c5cccs5)cc4)cc3)cc2)cc1,3
7352,c1ccc(Oc2ccc(C3(c4ccc(Oc5ccc(-c6cccs6)cc5)cc4)c4ccccc4-c4ccccc43)cc2)cc1,6
7353,c1ccc(Oc2ccc(Sc3ccc(Oc4ccc(-c5cccs5)cc4)cc3)cc2)cc1,9
7354,C(=Nc1cccc(N=Cc2ccc(-c3cccs3)cc2)c1)c1ccccc1,3
7355,C(=Nc1ccc(C(c2ccccc2)c2ccc(N=Cc3ccc(-c4cccs4)cc3)cc2)cc1)c1ccccc1,7
7356,c1csc(-c2ccc(-c3ccc(-c4ccc(-c5ccc(-c6cccs6)s5)s4)s3)s2)c1,9
7357,c1csc(-c2ccc(-c3ccc(-c4ccc(-c5ccc(-c6cccs6)s5)s4)s3)s2)c1,9
7358,c1csc(-c2ccc(-c3ccc(-c4ccc(-c5ccc(-c6cccs6)s5)s4)s3)s2)c1,9
7359,c1csc(-c2ccc(-c3ccc(-c4ccc(-c5ccc(-c6cccs6)s5)s4)s3)s2)c1,9
7360,c1csc(-c2cccs2)c1,3
7361,c1csc(-c2cccs2)c1,3
7362,c1csc(-c2cccs2)c1,3
7363,c1csc(-c2cccs2)c1,3
7364,c1csc(-c2ccc(-c3cccs3)s2)c1,9
7365,c1csc(-c2ccc(-c3cccs3)s2)c1,9
7366,c1csc(-c2ccc(-c3cccs3)s2)c1,9
7367,c1csc(-c2ccc(-c3ccc(-c4cccs4)s3)s2)c1,6
7368,c1ccsc1,6
7369,c1ccsc1,6
7370,O=C(Cc1ccsc1)OCCCCCCOc1ccc(N=Nc2ccccc2)cc1,4
7371,c1ccsc1,6
7372,c1ccc(-c2ccc(-c3cccs3)s2)cc1,7
7373,c1ccsc1,6
7374,c1csc(-c2cccs2)c1,3
7375,c1ccsc1,6
7376,c1ccc2ccc(-c3ccc(-c4cccs4)s3)c-2cc1,8
7377,c1ccsc1,6
7378,c1ccc(-c2ccc(-c3ccc(-c4cccs4)cc3)s2)cc1,4
7379,c1csc(-c2ccc(-c3ccc4cc5ccccc5cc4c3)s2)c1,2
7380,c1ccc2ccc(-c3ccc(-c4cccs4)s3)c-2cc1,8
7381,c1ccsc1,6
7382,O=C(Cc1ccccc1)OCCCCCCc1ccsc1,7
7383,c1ccsc1,6
7384,c1ccsc1,6
7385,c1ccsc1,6
7386,c1ccc(N=Nc2ccc(OCCc3ccsc3)cc2)cc1,7
7387,c1ccc(-c2ccc(-c3ccc(-c4cccs4)cc3)s2)cc1,4
7388,c1ccsc1,6
7389,c1ccc(-c2ccc(-c3cccs3)s2)cc1,7
7390,O=C1C=CC(=C(c2ccccc2)c2ccc(-c3ccsc3)cc2)C=C1,7
7391,O=C(CSc1nncs1)NN=Cc1ccc(OCCCCCCCCCCOc2ccccc2)cc1,3
7392,O=C(CCCCCCCCC(=O)Oc1cccc(-c2nncs2)c1)Oc1ccccc1,4
7393,O=C(OCCCCCCCCCCCOc1ccccc1)c1ccc(C(=O)OCCCCCCCCCCCOc2cccc(-c3nncs3)c2)cc1,2
7394,O=C(OCCCCCCCCCOC(=O)c1ccc(-c2nncs2)cc1)c1ccccc1,4
7395,O=C(CCCCCCCCC(=O)Oc1ccc(-c2nncs2)cc1)Oc1ccccc1,3
7396,O=C(CCCCCCCCC(=O)OCCCCCCCCCCCOc1ccc(-c2nncs2)cc1)OCCCCCCCCCCCOc1ccccc1,5
7397,O=C(OCCCCCCCCCCCOc1ccccc1)c1cccc(C(=O)OCCCCCCCCCCCOc2ccc(-c3nncs3)cc2)c1,5
7398,O=C(OCCCCCCCCCCCOc1ccccc1)c1ccc(C(=O)OCCCCCCCCCCCOc2ccc(-c3nncs3)cc2)cc1,8
7399,c1ccc(-c2nc3ccc(-c4ccc5ncsc5c4)cc3s2)cc1,8
7400,O=c1c2cc3c(=O)n(-c4cccc(Oc5ccc(-c6nc7cc8scnc8cc7s6)cc5)c4)c(=O)c3cc2c(=O)n1-c1cccc(Oc2ccccc2)c1,2
7401,c1ccc(Oc2ccc(-c3nc4cc5scnc5cc4s3)cc2)cc1,5
7402,O=c1c2cc3c(=O)n(-c4ccc(Oc5ccc(-c6nc7cc8scnc8cc7s6)cc5)cc4)c(=O)c3cc2c(=O)n1-c1ccc(Oc2ccccc2)cc1,7
7403,O=C1NC(=O)c2cc(Oc3ccc4c(c3)C(=O)N(c3ccc(C5(c6ccccc6)OC(=O)c6ccccc65)cc3)C4=O)ccc21,3
7404,O=C(c1ccc2c(c1)C(=O)NC2=O)c1ccc2c(c1)C(=O)N(c1ccc(C3(c4ccccc4)c4ccccc4-c4ccccc43)cc1)C2=O,2
7405,O=c1[nH]nc(-n2c(=O)c3cc4c(=O)[nH]c(=O)c4cc3c2=O)c2ccccc12,4
