id,target
1,13.577957153320312
2,111.78466796875
3,254.60958862304688
4,226.9584503173828
5,224.8243865966797
6,95.93607330322266
7,58.65593719482422
8,248.17958068847656
9,103.04200744628906
10,126.20948791503906
11,240.923828125
12,245.87452697753906
13,176.12808227539062
14,34.50315856933594
15,218.2118377685547
16,164.45993041992188
17,245.12710571289062
18,210.3814697265625
19,145.64520263671875
20,264.05010986328125
21,32.2762451171875
22,310.0194091796875
23,38.244686126708984
24,179.57264709472656
25,85.86443328857422
26,91.39408874511719
27,47.28438186645508
28,255.7806396484375
29,203.00697326660156
30,178.36309814453125
31,120.95901489257812
32,192.8341064453125
33,-16.260971069335938
34,76.99922180175781
35,246.5608367919922
36,252.5087890625
37,64.40473175048828
38,149.82240295410156
39,288.6308288574219
40,142.29432678222656
41,343.50018310546875
42,93.0773696899414
43,89.23381042480469
44,183.47024536132812
45,297.9960632324219
46,-6.037823677062988
47,244.22421264648438
48,151.76220703125
49,-33.33366394042969
50,138.12527465820312
51,246.65614318847656
52,235.10548400878906
53,69.31708526611328
54,302.948974609375
55,110.50653839111328
56,86.72108459472656
57,117.89579772949219
58,159.6630096435547
59,-89.96866607666016
60,309.7001953125
61,73.8970947265625
62,121.16567993164062
63,159.84950256347656
64,69.27765655517578
65,58.352455139160156
66,86.05862426757812
67,229.85939025878906
68,97.6360092163086
69,146.96243286132812
70,26.509584426879883
71,101.18185424804688
72,281.08074951171875
73,-31.76372528076172
74,130.1405487060547
75,31.57500457763672
76,330.82135009765625
77,213.5692901611328
78,174.19143676757812
79,221.4722442626953
80,52.569122314453125
81,237.988037109375
82,-53.555335998535156
83,142.5651397705078
84,181.02401733398438
85,274.20166015625
86,344.6525573730469
87,7.006458282470703
88,311.31903076171875
89,286.770751953125
90,286.51715087890625
91,246.91725158691406
92,195.89547729492188
93,134.06407165527344
94,18.908300399780273
95,232.57855224609375
96,306.141357421875
97,-86.7756118774414
98,76.6305923461914
99,35.38542938232422
100,154.2486572265625
101,49.617435455322266
102,81.50712585449219
103,183.69996643066406
104,110.31149291992188
105,-22.311290740966797
106,251.95004272460938
107,71.28529357910156
108,292.85516357421875
109,66.08612823486328
110,17.301328659057617
111,68.08102416992188
112,89.95134735107422
113,213.27037048339844
114,236.70956420898438
115,183.91543579101562
116,60.71192932128906
117,145.10943603515625
118,268.44842529296875
119,182.98260498046875
120,90.7755355834961
121,126.53509521484375
122,181.13548278808594
123,-19.454933166503906
124,96.68901062011719
125,177.76248168945312
126,190.77545166015625
127,186.23561096191406
128,56.9847297668457
129,248.17861938476562
130,-88.62196350097656
131,39.6622428894043
132,99.34283447265625
133,179.30331420898438
134,192.9015350341797
135,293.49627685546875
136,53.225677490234375
137,131.21141052246094
138,116.8503646850586
139,265.007080078125
140,132.28140258789062
141,221.44581604003906
142,97.13929748535156
143,40.75615692138672
144,233.67681884765625
145,204.1492156982422
146,148.67465209960938
147,95.2833023071289
148,41.35552215576172
149,264.0533142089844
150,-42.70036315917969
151,230.25628662109375
152,95.54249572753906
153,134.7144317626953
154,216.07884216308594
155,-40.89494705200195
156,249.7313995361328
157,128.93972778320312
158,294.17791748046875
159,186.6786346435547
160,113.80755615234375
161,119.56834411621094
162,48.45777893066406
163,179.4001007080078
164,142.27392578125
165,223.21006774902344
166,8.015365600585938
167,10.853416442871094
168,169.8562774658203
169,-74.82951354980469
170,281.11431884765625
171,-1.8925827741622925
172,130.02450561523438
173,269.06854248046875
174,264.5430908203125
175,173.11245727539062
176,206.53599548339844
177,85.86761474609375
178,147.11572265625
179,16.378793716430664
180,134.92515563964844
181,283.7996520996094
182,251.55667114257812
183,127.68844604492188
184,214.6157989501953
185,279.12933349609375
186,244.94189453125
187,79.01741027832031
188,230.01736450195312
189,72.9036865234375
190,266.8191223144531
191,79.93521118164062
192,63.712371826171875
193,259.07073974609375
194,189.00997924804688
195,111.94290924072266
196,342.7749938964844
197,126.34098815917969
198,132.95953369140625
199,66.85855865478516
200,56.52137756347656
201,125.68434143066406
202,25.593700408935547
203,77.39934539794922
204,213.878662109375
205,274.78729248046875
206,-3.146282196044922
207,68.4400634765625
208,19.28338050842285
209,248.3531951904297
210,73.11357879638672
211,20.106725692749023
212,139.4081573486328
213,47.757747650146484
214,183.4552001953125
215,-64.48320007324219
216,113.61212921142578
217,265.326904296875
218,306.49017333984375
219,47.666015625
220,69.89080047607422
221,109.48219299316406
222,172.428466796875
223,223.69142150878906
224,56.67793273925781
225,137.31103515625
226,35.77398681640625
227,249.1320037841797
228,243.22535705566406
229,244.26344299316406
230,122.83067321777344
231,-4.801831245422363
232,154.71600341796875
233,244.379150390625
234,259.7276306152344
235,203.05384826660156
236,193.79673767089844
237,267.68194580078125
238,346.3453369140625
239,286.82427978515625
240,226.3953857421875
241,148.7193145751953
242,70.92909240722656
243,22.004703521728516
244,230.98004150390625
245,26.552490234375
246,195.05247497558594
247,386.473876953125
248,-9.001646041870117
249,79.50991821289062
250,103.5921630859375
251,119.04701232910156
252,-43.02818298339844
253,-48.16838073730469
254,380.80377197265625
255,167.0945587158203
256,285.12786865234375
257,299.65130615234375
258,23.379446029663086
259,287.876708984375
260,100.80267333984375
261,63.90656280517578
262,260.2546691894531
263,224.29122924804688
264,-55.112159729003906
265,82.26028442382812
266,234.7150115966797
267,52.11397933959961
268,-3.9712812900543213
269,198.44053649902344
270,100.0204086303711
271,57.8749885559082
272,117.42460632324219
273,50.72904968261719
274,224.103515625
275,16.263769149780273
276,153.66696166992188
277,291.45220947265625
278,300.15606689453125
279,231.54974365234375
280,121.29412841796875
281,239.8236846923828
282,73.04151153564453
283,-62.14577865600586
284,69.6893310546875
285,159.85183715820312
286,378.00140380859375
287,-90.8442611694336
288,278.12530517578125
289,44.72020721435547
290,158.77964782714844
291,-36.17844009399414
292,283.81976318359375
293,35.114501953125
294,235.6433563232422
295,129.2177276611328
296,5.52325439453125
297,214.5015869140625
298,72.84115600585938
299,47.44388198852539
300,356.9606018066406
301,132.9486083984375
302,247.56565856933594
303,144.96759033203125
304,22.835737228393555
305,-86.5840835571289
306,54.786556243896484
307,54.463050842285156
308,147.2661590576172
309,191.3899383544922
310,283.63238525390625
311,132.1051025390625
312,-3.3219645023345947
313,92.8262710571289
314,30.393386840820312
315,-43.407432556152344
316,53.11811065673828
317,223.2928466796875
318,148.62503051757812
319,273.77154541015625
320,200.15231323242188
321,218.2742156982422
322,283.2603759765625
323,164.81723022460938
324,32.21984100341797
325,172.06607055664062
326,172.5800018310547
327,-22.973058700561523
328,101.49698638916016
329,61.66046905517578
330,162.010009765625
331,262.4959716796875
332,92.98432159423828
333,27.422409057617188
334,152.3144073486328
335,193.94842529296875
336,329.9672546386719
337,174.935302734375
338,48.98597717285156
339,110.4354248046875
340,181.8699188232422
341,196.09657287597656
342,183.64010620117188
343,38.257938385009766
344,10.406343460083008
345,-38.31498336791992
346,289.2322998046875
347,273.55511474609375
348,234.3517303466797
349,-30.084192276000977
350,62.93279266357422
351,-50.80005645751953
352,232.87388610839844
353,-50.227622985839844
354,60.29936218261719
355,250.77670288085938
356,140.55845642089844
357,330.83978271484375
358,60.03976058959961
359,-24.25175666809082
360,-44.13026809692383
361,198.47512817382812
362,-53.49485778808594
363,117.70327758789062
364,135.1881103515625
365,226.35638427734375
366,277.962158203125
367,78.30667114257812
368,265.5341491699219
369,303.98773193359375
370,29.235702514648438
371,17.820451736450195
372,123.52959442138672
373,-35.12276840209961
374,283.760498046875
375,104.958984375
376,80.94651794433594
377,259.1277770996094
378,133.78341674804688
379,246.54335021972656
380,259.23077392578125
381,257.18292236328125
382,95.83283233642578
383,230.00506591796875
384,16.37106704711914
385,256.04168701171875
386,272.7456359863281
387,99.55162048339844
388,237.62628173828125
389,230.98410034179688
390,246.3060302734375
391,225.479248046875
392,105.8519287109375
393,229.2979736328125
394,275.31219482421875
395,277.33306884765625
396,124.8275146484375
397,151.589599609375
398,0.2662923336029053
399,183.48167419433594
400,82.47827911376953
401,112.03487396240234
402,94.74042510986328
403,31.912586212158203
404,242.0021209716797
405,246.90928649902344
406,192.07254028320312
407,118.35834503173828
408,5.7456955909729
409,50.13579559326172
410,67.890625
411,91.21279907226562
412,239.80458068847656
413,184.69268798828125
414,249.83937072753906
415,225.01190185546875
416,65.50895690917969
417,165.7288818359375
418,262.965087890625
419,29.883087158203125
420,148.69955444335938
421,49.16989517211914
422,119.80514526367188
423,212.85919189453125
424,319.43011474609375
425,299.17034912109375
426,-37.04344940185547
427,294.03082275390625
428,117.45704650878906
429,115.63548278808594
430,96.02328491210938
431,158.0957489013672
432,-35.553409576416016
433,117.90829467773438
434,108.47798919677734
435,176.95765686035156
436,124.27334594726562
437,248.14512634277344
438,288.7852783203125
439,76.26947021484375
440,181.90821838378906
441,36.34806823730469
442,109.36187744140625
443,244.23292541503906
444,145.80120849609375
445,210.5681915283203
446,175.38255310058594
447,151.8170928955078
448,43.1269645690918
449,126.93716430664062
450,50.160709381103516
451,92.30704498291016
452,274.87567138671875
453,-14.943164825439453
454,286.3852844238281
455,109.1168212890625
456,252.5971221923828
457,71.44835662841797
458,268.21295166015625
459,90.27926635742188
460,119.75968933105469
461,383.8033142089844
462,60.01676940917969
463,189.62974548339844
464,163.83004760742188
465,248.07347106933594
466,38.730812072753906
467,230.3734130859375
468,207.52499389648438
469,-80.2435073852539
470,62.619102478027344
471,190.65048217773438
472,333.2471923828125
473,324.0108642578125
474,266.4344787597656
475,279.9001770019531
476,45.863494873046875
477,65.5921859741211
478,44.134178161621094
479,79.68741607666016
480,-45.05447006225586
481,308.06463623046875
482,79.89720916748047
483,282.79278564453125
484,193.13088989257812
485,91.40170288085938
486,265.37371826171875
487,227.11073303222656
488,222.71527099609375
489,278.8902282714844
490,130.43218994140625
491,82.923828125
492,81.3844223022461
493,204.73736572265625
494,144.36764526367188
495,227.57472229003906
496,329.94232177734375
497,28.939699172973633
498,89.90005493164062
499,15.571495056152344
500,-7.861242294311523
501,272.27178955078125
502,50.222503662109375
503,-61.80794906616211
504,124.57376861572266
505,241.98703002929688
506,195.21234130859375
507,176.74105834960938
508,-59.18102264404297
509,279.1185302734375
510,275.98858642578125
511,234.05442810058594
512,49.21113586425781
513,135.68865966796875
514,-22.500150680541992
515,144.7565155029297
516,6.815053939819336
517,9.165678024291992
518,300.95379638671875
519,39.37628936767578
520,96.8386459350586
521,122.32073974609375
522,26.990392684936523
523,140.01344299316406
524,9.182193756103516
525,65.45405578613281
526,-1.985926628112793
527,74.48648071289062
528,187.16659545898438
529,169.726806640625
530,238.79872131347656
531,276.6782531738281
532,196.89234924316406
533,106.97111511230469
534,10.612225532531738
535,47.447349548339844
536,231.75421142578125
537,135.6394805908203
538,115.13101959228516
539,210.4418487548828
540,230.3383331298828
541,36.113525390625
542,349.99530029296875
543,258.3876953125
544,63.692138671875
545,-9.631168365478516
546,264.09295654296875
547,-24.409818649291992
548,0.6470797061920166
549,133.9526824951172
550,18.966079711914062
551,151.1275634765625
552,241.85397338867188
553,228.82766723632812
554,70.02489471435547
555,233.4312744140625
556,18.934429168701172
557,103.61837005615234
558,179.51568603515625
559,296.0763244628906
560,-29.30609893798828
561,36.29037094116211
562,281.40313720703125
563,21.047887802124023
564,48.02772903442383
565,307.7164001464844
566,264.06390380859375
567,99.03147888183594
568,-56.77826690673828
569,61.756263732910156
570,345.09759521484375
571,123.82396697998047
572,241.97801208496094
573,318.7841796875
574,240.99856567382812
575,60.18954086303711
576,185.55670166015625
577,262.5805358886719
578,317.195556640625
579,20.08734130859375
580,46.136962890625
581,265.9293212890625
582,66.54946899414062
583,163.3592529296875
584,58.53857421875
585,262.94677734375
586,251.5419158935547
587,209.7583465576172
588,305.0816955566406
589,68.78825378417969
590,39.767024993896484
591,155.34735107421875
592,241.8353729248047
593,40.167327880859375
594,328.8155517578125
595,211.6776885986328
596,353.6593933105469
597,201.54014587402344
598,219.71942138671875
599,52.72027587890625
600,47.897090911865234
601,151.472412109375
602,154.93948364257812
603,11.795619010925293
604,72.7497329711914
605,38.576881408691406
606,219.46763610839844
607,312.79351806640625
608,222.2482452392578
609,91.90345764160156
610,154.68275451660156
611,114.79698181152344
612,164.05679321289062
613,245.50975036621094
614,334.3934326171875
615,52.449676513671875
616,15.662748336791992
617,43.950904846191406
618,164.02613830566406
619,75.11334228515625
620,34.268402099609375
621,75.2950210571289
622,304.9526672363281
623,73.20441436767578
624,287.99273681640625
625,201.45970153808594
626,89.33745574951172
627,98.28533935546875
628,221.96456909179688
629,71.5899658203125
630,173.06561279296875
631,256.7974548339844
632,78.73912048339844
633,229.29522705078125
634,80.34861755371094
635,46.11295700073242
636,-53.08005905151367
637,101.09431457519531
638,243.85397338867188
639,50.074913024902344
640,200.12864685058594
641,279.72149658203125
642,269.93463134765625
643,246.5665740966797
644,168.2375946044922
645,53.79177474975586
646,-23.282533645629883
647,126.2354736328125
648,248.4700927734375
649,277.43011474609375
650,-62.09888458251953
651,120.96373748779297
652,255.51129150390625
653,218.81300354003906
654,89.27059936523438
655,67.89768981933594
656,129.29751586914062
657,-82.98335266113281
658,97.61634063720703
659,178.96315002441406
660,54.92302322387695
661,80.39655303955078
662,103.50277709960938
663,309.48248291015625
664,139.44610595703125
665,239.89443969726562
666,26.918216705322266
667,54.868263244628906
668,-48.83283996582031
669,11.850825309753418
670,303.2283935546875
671,317.0987548828125
672,17.991466522216797
673,241.85589599609375
674,52.130401611328125
675,139.34326171875
676,164.8468017578125
677,237.71051025390625
678,270.0608825683594
679,42.55899429321289
680,260.3748779296875
681,68.55530548095703
682,272.158447265625
683,71.37670135498047
684,223.05824279785156
685,243.4261474609375
686,399.49920654296875
687,69.89488983154297
688,-48.365909576416016
689,86.66056060791016
690,140.04718017578125
691,241.88986206054688
692,37.05351257324219
693,205.31219482421875
694,128.3620147705078
695,79.36799621582031
696,-2.3592679500579834
697,121.46857452392578
698,48.76492691040039
699,106.4239501953125
700,112.81100463867188
701,289.6653137207031
702,46.20040512084961
703,155.2933807373047
704,108.65913391113281
705,334.0462341308594
706,96.27473449707031
707,230.61962890625
708,160.88238525390625
709,322.1018981933594
710,236.43162536621094
711,116.5447998046875
712,272.66485595703125
713,124.86140441894531
714,250.15065002441406
715,234.41635131835938
716,138.49862670898438
717,297.02197265625
718,19.42829704284668
719,89.26786804199219
720,125.82810974121094
721,92.8605728149414
722,-50.73540115356445
723,86.64898681640625
724,16.300670623779297
725,153.07345581054688
726,55.1490592956543
727,57.774200439453125
728,0.7818803787231445
729,164.16317749023438
730,99.13261413574219
731,-62.367828369140625
732,193.0731964111328
733,270.53515625
734,57.733856201171875
735,67.32614135742188
736,-72.10773468017578
737,27.162256240844727
738,-2.0715994834899902
739,152.07386779785156
740,124.29119873046875
741,-48.044490814208984
742,261.63311767578125
743,83.62458801269531
744,213.33880615234375
745,214.83648681640625
746,311.2593994140625
747,154.447265625
748,-92.33673095703125
749,126.72712707519531
750,115.47773742675781
751,85.92982482910156
752,219.32083129882812
753,269.65606689453125
754,70.84292602539062
755,64.29229736328125
756,78.57986450195312
757,284.7518615722656
758,170.32957458496094
759,19.687301635742188
760,270.7948913574219
761,320.33392333984375
762,54.54700469970703
763,76.89818572998047
764,6.027614593505859
765,-2.092223644256592
766,242.90948486328125
767,-79.02647399902344
768,148.62918090820312
769,57.9796142578125
770,28.437467575073242
771,35.48689651489258
772,214.32437133789062
773,112.78469848632812
774,231.33311462402344
775,387.9818115234375
776,373.50445556640625
777,177.97274780273438
778,99.87808990478516
779,54.74834442138672
780,-4.017834186553955
781,121.80706024169922
782,225.8938446044922
783,97.51576232910156
784,99.28655242919922
785,223.3556365966797
786,89.2874755859375
787,333.2140197753906
788,257.68011474609375
789,35.136444091796875
790,305.690673828125
791,51.7297248840332
792,316.0691833496094
793,108.04995727539062
794,208.10487365722656
795,75.28680419921875
796,244.4087371826172
797,39.33876037597656
798,348.02703857421875
799,74.10951232910156
800,212.65611267089844
801,122.75594329833984
802,24.132402420043945
803,207.3677520751953
804,-22.96579933166504
805,159.3314666748047
806,81.27647399902344
807,267.11993408203125
808,38.369937896728516
809,82.3033447265625
810,221.9140625
811,157.93637084960938
812,-9.128715515136719
813,193.1066436767578
814,287.5853271484375
815,140.83204650878906
816,237.87258911132812
817,159.86643981933594
818,86.13329315185547
819,139.50050354003906
820,69.55004119873047
821,254.94911193847656
822,160.73793029785156
823,295.1537170410156
824,248.3419952392578
825,24.813459396362305
826,70.20204162597656
827,170.50746154785156
828,17.25215721130371
829,-48.812255859375
830,239.12889099121094
831,144.91603088378906
832,69.99717712402344
833,248.22010803222656
834,349.877197265625
835,71.83439636230469
836,92.72933959960938
837,246.77102661132812
838,41.59626388549805
839,67.41436004638672
840,63.60945129394531
841,24.140766143798828
842,32.47182083129883
843,158.72164916992188
844,70.70882415771484
845,306.43115234375
846,169.39987182617188
847,11.361430168151855
848,203.69615173339844
849,281.7016906738281
850,286.34283447265625
851,171.38946533203125
852,132.2595672607422
853,12.964715003967285
854,88.95166015625
855,77.83087158203125
856,205.21673583984375
857,134.28530883789062
858,34.07123947143555
859,105.45126342773438
860,318.6690673828125
861,172.74093627929688
862,19.09319305419922
863,236.73672485351562
864,268.8091735839844
865,276.5885009765625
866,48.03960418701172
867,66.21760559082031
868,-38.545040130615234
869,281.8660888671875
870,5.137233734130859
871,297.92193603515625
872,149.1080780029297
873,232.0594024658203
874,231.7751007080078
875,137.1343231201172
876,67.16841125488281
877,387.8257751464844
878,-13.490099906921387
879,64.16806030273438
880,208.78524780273438
881,64.52090454101562
882,194.18191528320312
883,117.2265396118164
884,273.05279541015625
885,249.13470458984375
886,113.92534637451172
887,86.60448455810547
888,54.2840576171875
889,104.86164093017578
890,189.19317626953125
891,279.34210205078125
892,232.88784790039062
893,4.927178382873535
894,275.35614013671875
895,148.8708953857422
896,163.4925994873047
897,259.44671630859375
898,103.28060913085938
899,221.018310546875
900,163.9406280517578
901,91.64746856689453
902,191.26651000976562
903,38.675899505615234
904,83.86302947998047
905,78.71075439453125
906,268.7930908203125
907,202.09927368164062
908,50.76083755493164
909,123.78680419921875
910,109.08660888671875
911,286.4866943359375
912,130.54010009765625
913,25.52633285522461
914,27.12293243408203
915,334.3099365234375
916,241.31094360351562
917,162.91363525390625
918,9.234027862548828
919,283.36065673828125
920,250.37071228027344
921,282.7325439453125
922,137.52511596679688
923,190.5581817626953
924,173.28904724121094
925,230.12454223632812
926,70.0173110961914
927,40.22559356689453
928,209.0380401611328
929,47.88130569458008
930,99.74913024902344
931,268.0830078125
932,150.74639892578125
933,69.08291625976562
934,-98.229736328125
935,46.00359344482422
936,158.699951171875
937,23.79376983642578
938,128.48309326171875
939,53.6110954284668
940,226.60479736328125
941,48.4490966796875
942,-55.50278854370117
943,-20.0402889251709
944,149.22938537597656
945,64.14987182617188
946,60.32670593261719
947,67.93232727050781
948,284.9453125
949,206.34768676757812
950,308.7858581542969
951,202.69776916503906
952,99.30596923828125
953,140.74508666992188
954,156.90969848632812
955,159.1060791015625
956,36.151309967041016
957,177.7092742919922
958,72.44998168945312
959,76.68648529052734
960,268.93951416015625
961,116.78730773925781
962,306.6864318847656
963,65.11495971679688
964,151.97183227539062
965,65.75809478759766
966,72.18870544433594
967,43.28809356689453
968,80.18083190917969
969,-25.764074325561523
970,253.56141662597656
971,81.84521484375
972,-25.126312255859375
973,243.96136474609375
974,333.86865234375
975,55.47867202758789
976,82.03814697265625
977,263.7643737792969
978,183.09982299804688
979,188.4528350830078
980,-63.90716552734375
981,184.99447631835938
982,100.55802154541016
983,188.8954620361328
984,88.84245300292969
985,337.9366455078125
986,95.49581909179688
987,21.371959686279297
988,264.7188720703125
989,91.33885955810547
990,126.88633728027344
991,45.23712921142578
992,4.577175140380859
993,198.83204650878906
994,78.56716918945312
995,217.02459716796875
996,135.9151153564453
997,254.90943908691406
998,33.33233642578125
999,-45.31440734863281
1000,74.29788970947266
1001,112.64777374267578
1002,-43.46268844604492
1003,34.521568298339844
1004,42.631290435791016
1005,334.5823059082031
1006,124.58958435058594
1007,338.02203369140625
1008,98.52313995361328
1009,21.434547424316406
1010,83.42059326171875
1011,87.30924987792969
1012,186.9790802001953
1013,89.04783630371094
1014,343.0311584472656
1015,187.84225463867188
1016,52.69723129272461
1017,65.68701934814453
1018,167.68356323242188
1019,109.29818725585938
1020,-1.9384832382202148
1021,168.66697692871094
1022,237.46337890625
1023,208.26882934570312
1024,291.791259765625
1025,249.73275756835938
1026,202.0614776611328
1027,-94.75717163085938
1028,55.6634407043457
1029,70.7193603515625
1030,313.1697082519531
1031,52.177162170410156
1032,266.77362060546875
1033,246.66958618164062
1034,314.55804443359375
1035,57.84992980957031
1036,126.16055297851562
1037,67.04104614257812
1038,320.4190673828125
1039,245.3957977294922
1040,37.280860900878906
1041,65.08059692382812
1042,52.24340057373047
1043,161.4522247314453
1044,141.39193725585938
1045,47.13376235961914
1046,112.99207305908203
1047,173.621826171875
1048,250.40545654296875
1049,85.83698272705078
1050,93.70540618896484
1051,224.40328979492188
1052,169.16537475585938
1053,222.78517150878906
1054,235.73423767089844
1055,250.48931884765625
1056,39.7642936706543
1057,163.70191955566406
1058,308.0052490234375
1059,259.25048828125
1060,15.360118865966797
1061,208.28573608398438
1062,-60.13636016845703
1063,128.93264770507812
1064,229.5731964111328
1065,30.879638671875
1066,208.30108642578125
1067,245.37899780273438
1068,233.80784606933594
1069,255.1192626953125
1070,182.84423828125
1071,211.35145568847656
1072,157.13328552246094
1073,200.7566375732422
1074,153.43856811523438
1075,-29.056438446044922
1076,150.7614288330078
1077,46.555931091308594
1078,51.27311706542969
1079,108.491455078125
1080,69.19688415527344
1081,205.54461669921875
1082,114.87297821044922
1083,292.48431396484375
1084,30.56096649169922
1085,177.1644287109375
1086,280.7669372558594
1087,77.77423095703125
1088,78.95126342773438
1089,158.60812377929688
1090,371.6620178222656
1091,92.01874542236328
1092,97.3539047241211
1093,129.7065887451172
1094,72.95513916015625
1095,13.875090599060059
1096,270.92132568359375
1097,191.1776123046875
1098,104.35292053222656
1099,258.14501953125
1100,75.07313537597656
1101,78.45822143554688
1102,67.32720947265625
1103,16.181278228759766
1104,292.875732421875
1105,55.133758544921875
1106,8.723175048828125
1107,101.69840240478516
1108,262.5577392578125
1109,201.6424102783203
1110,237.91903686523438
1111,150.45260620117188
1112,106.64618682861328
1113,117.67622375488281
1114,82.92858123779297
1115,124.45628356933594
1116,-55.92105484008789
1117,240.00820922851562
1118,250.78550720214844
1119,-19.630489349365234
1120,38.4367790222168
1121,148.49365234375
1122,124.74397277832031
1123,162.05918884277344
1124,-20.618249893188477
1125,170.75704956054688
1126,73.69676971435547
1127,251.22750854492188
1128,257.0838623046875
1129,170.73348999023438
1130,316.6612548828125
1131,205.73341369628906
1132,26.125341415405273
1133,253.47030639648438
1134,218.81497192382812
1135,117.9831314086914
1136,60.89896774291992
1137,88.85974884033203
1138,266.95562744140625
1139,177.8157958984375
1140,327.430908203125
1141,191.70359802246094
1142,48.23723220825195
1143,227.5113067626953
1144,246.40866088867188
1145,212.8712158203125
1146,90.15428924560547
1147,75.97718811035156
1148,151.521484375
1149,-103.23743438720703
1150,223.14088439941406
1151,61.11315155029297
1152,-45.06243896484375
1153,217.15072631835938
1154,222.98594665527344
1155,123.85435485839844
1156,175.2630615234375
1157,126.62138366699219
1158,-3.779906749725342
1159,319.4507141113281
1160,69.7845230102539
1161,69.96907043457031
1162,-41.155757904052734
1163,265.05694580078125
1164,370.46795654296875
1165,110.43965148925781
1166,88.95272064208984
1167,218.9910125732422
1168,198.54660034179688
1169,-3.993717670440674
1170,134.38067626953125
1171,65.39228057861328
1172,103.63943481445312
1173,176.37445068359375
1174,85.5361099243164
1175,40.204647064208984
1176,103.30776977539062
1177,92.8840560913086
1178,194.78204345703125
1179,172.88607788085938
1180,212.3354949951172
1181,43.35580825805664
1182,81.915771484375
1183,-43.640323638916016
1184,275.2610168457031
1185,61.993568420410156
1186,26.91779899597168
1187,221.05953979492188
1188,245.38934326171875
1189,335.577880859375
1190,312.49151611328125
1191,112.96949005126953
1192,311.3310546875
1193,103.28974151611328
1194,47.44041061401367
1195,-87.6036605834961
1196,139.3455047607422
1197,274.45391845703125
1198,255.7382354736328
1199,184.95462036132812
1200,89.38964080810547
1201,23.29277992248535
1202,-18.072263717651367
1203,259.67578125
1204,-44.44053268432617
1205,69.6087646484375
1206,262.8729248046875
1207,163.6516571044922
1208,27.607133865356445
1209,64.50383758544922
1210,193.15771484375
1211,73.06312561035156
1212,-48.30711364746094
1213,198.158935546875
1214,219.12664794921875
1215,182.31690979003906
1216,282.5702819824219
1217,174.42710876464844
1218,180.2454376220703
1219,120.07931518554688
1220,37.07918167114258
1221,206.89651489257812
1222,12.542732238769531
1223,146.89398193359375
1224,241.16912841796875
1225,209.16458129882812
1226,211.53553771972656
1227,140.6327362060547
1228,72.92213439941406
1229,101.42921447753906
1230,288.44757080078125
1231,162.9093017578125
1232,291.2552490234375
1233,297.1588134765625
1234,67.27252960205078
1235,68.46381378173828
1236,59.456119537353516
1237,180.2127227783203
1238,63.17289733886719
1239,45.495609283447266
1240,253.6627655029297
1241,38.732635498046875
1242,-23.67045021057129
1243,69.70597839355469
1244,281.3450622558594
1245,-22.63959312438965
1246,244.8384552001953
1247,327.01043701171875
1248,-52.99821853637695
1249,354.38604736328125
1250,124.89303588867188
1251,179.39804077148438
1252,145.6761932373047
1253,235.69094848632812
1254,276.97119140625
1255,21.59425163269043
1256,137.91636657714844
1257,387.79876708984375
1258,229.3391571044922
1259,177.0301055908203
1260,361.74005126953125
1261,42.54661560058594
1262,151.35487365722656
1263,112.88734436035156
1264,-69.40351867675781
1265,236.4388427734375
1266,122.62091827392578
1267,308.2624206542969
1268,79.44542694091797
1269,107.28099060058594
1270,221.24755859375
1271,106.48047637939453
1272,25.712974548339844
1273,-16.533103942871094
1274,37.5580940246582
1275,268.8121337890625
1276,25.64124298095703
1277,108.6014404296875
1278,48.665645599365234
1279,-49.49314880371094
1280,35.13654327392578
1281,-47.69856643676758
1282,243.21995544433594
1283,116.95571899414062
1284,241.50088500976562
1285,172.67236328125
1286,151.04733276367188
1287,274.0608825683594
1288,-83.01290893554688
1289,100.48516845703125
1290,-2.9011282920837402
1291,225.38528442382812
1292,-99.26093292236328
1293,92.5912857055664
1294,142.28765869140625
1295,131.81736755371094
1296,248.982177734375
1297,199.6349334716797
1298,241.8022918701172
1299,246.2957000732422
1300,107.61090850830078
1301,204.3911895751953
1302,305.42376708984375
1303,188.27777099609375
1304,38.719818115234375
1305,290.61602783203125
1306,119.13661193847656
1307,179.85682678222656
1308,208.91571044921875
1309,-72.9843521118164
1310,31.29111099243164
1311,-94.0458984375
1312,62.952842712402344
1313,135.48501586914062
1314,144.91961669921875
1315,1.4794950485229492
1316,317.50018310546875
1317,252.1994171142578
1318,139.4899444580078
1319,208.186279296875
1320,39.04624938964844
1321,47.61675262451172
1322,108.79080200195312
1323,134.26486206054688
1324,176.9870147705078
1325,54.778343200683594
1326,45.03955078125
1327,250.1861572265625
1328,30.114608764648438
1329,287.69232177734375
1330,74.94967651367188
1331,93.91537475585938
1332,-4.386902332305908
1333,337.754638671875
1334,251.7704620361328
1335,255.01214599609375
1336,257.2318115234375
1337,220.89993286132812
1338,41.237396240234375
1339,322.87445068359375
1340,231.50775146484375
1341,219.17933654785156
1342,297.97314453125
1343,117.32768249511719
1344,147.07350158691406
1345,305.0035400390625
1346,262.71026611328125
1347,169.64505004882812
1348,287.5799560546875
1349,316.7805480957031
1350,281.52484130859375
1351,125.24603271484375
1352,331.30645751953125
1353,282.2519226074219
1354,249.02734375
1355,159.00274658203125
1356,140.47705078125
1357,-40.04388427734375
1358,249.85951232910156
1359,-22.99138832092285
1360,95.41188049316406
1361,97.63919067382812
1362,246.8223114013672
1363,190.99639892578125
1364,50.3043098449707
1365,84.34246826171875
1366,130.22955322265625
1367,135.18264770507812
1368,28.835731506347656
1369,150.96401977539062
1370,77.24720764160156
1371,314.7127685546875
1372,329.021484375
1373,45.00455093383789
1374,326.8388671875
1375,62.2720947265625
1376,250.5775604248047
1377,304.91424560546875
1378,309.113525390625
1379,10.254776954650879
1380,57.71935272216797
1381,85.22481536865234
1382,47.07872772216797
1383,168.77392578125
1384,223.107666015625
1385,52.87811279296875
1386,76.78205108642578
1387,-26.577272415161133
1388,62.74414825439453
1389,208.63331604003906
1390,43.37095642089844
1391,227.46151733398438
1392,26.717723846435547
1393,85.93014526367188
1394,267.4561767578125
1395,250.8725128173828
1396,103.63313293457031
1397,133.27232360839844
1398,25.90422821044922
1399,143.44798278808594
1400,85.63811492919922
1401,277.3758544921875
1402,208.12120056152344
1403,238.65472412109375
1404,62.60906219482422
1405,-16.640220642089844
1406,57.35895538330078
1407,197.0747528076172
1408,230.68186950683594
1409,-51.03713607788086
1410,286.7881164550781
1411,107.2594223022461
1412,105.11125946044922
1413,198.2216033935547
1414,187.01776123046875
1415,233.18035888671875
1416,200.6131591796875
1417,100.67050170898438
1418,266.816162109375
1419,223.66758728027344
1420,54.0843391418457
1421,115.6000747680664
1422,242.67477416992188
1423,119.17890167236328
1424,19.758275985717773
1425,52.040008544921875
1426,260.92620849609375
1427,147.4248504638672
1428,75.95640563964844
1429,240.9697723388672
1430,286.099365234375
1431,152.9286651611328
1432,-30.41508674621582
1433,27.48261833190918
1434,185.5868682861328
1435,91.74470520019531
1436,181.064697265625
1437,251.42127990722656
1438,117.2326889038086
1439,151.7307891845703
1440,67.72308349609375
1441,87.07624053955078
1442,77.78594970703125
1443,205.14808654785156
1444,159.29559326171875
1445,53.1862907409668
1446,42.990840911865234
1447,130.2250518798828
1448,112.09715270996094
1449,-64.62290954589844
1450,195.86585998535156
1451,193.3831329345703
1452,269.95233154296875
1453,249.93389892578125
1454,80.03396606445312
1455,151.03929138183594
1456,59.40046691894531
1457,50.57745361328125
1458,155.01861572265625
1459,256.13671875
1460,61.407012939453125
1461,223.5611572265625
1462,214.426513671875
1463,199.90267944335938
1464,93.35130310058594
1465,301.55078125
1466,295.42791748046875
1467,356.96844482421875
1468,111.80239868164062
1469,266.947265625
1470,12.410711288452148
1471,-17.004791259765625
1472,282.17877197265625
1473,38.97595977783203
1474,122.56594848632812
1475,-52.7494010925293
1476,293.22113037109375
1477,112.16862487792969
1478,125.65185546875
1479,231.64613342285156
1480,272.0547180175781
1481,105.47666931152344
1482,261.87451171875
1483,-30.643701553344727
1484,60.071197509765625
1485,180.5196990966797
1486,145.34886169433594
1487,67.06563568115234
1488,241.57862854003906
1489,299.58343505859375
1490,27.487380981445312
1491,24.340797424316406
1492,97.89864349365234
1493,61.40306091308594
1494,260.65362548828125
1495,-23.2570858001709
1496,109.99819946289062
1497,199.98597717285156
1498,178.39288330078125
1499,38.29624938964844
1500,138.19332885742188
1501,248.25167846679688
1502,265.70977783203125
1503,207.93917846679688
1504,124.713134765625
1505,118.25696563720703
1506,61.84001922607422
1507,38.180320739746094
1508,304.985107421875
1509,216.27593994140625
1510,97.9976806640625
1511,110.2104263305664
1512,204.53663635253906
1513,148.3743896484375
1514,61.54192352294922
1515,232.12716674804688
1516,158.97396850585938
1517,199.21246337890625
1518,277.297607421875
1519,272.36181640625
1520,216.46224975585938
1521,201.2693634033203
1522,57.30225372314453
1523,184.90567016601562
1524,97.45236206054688
1525,107.62654113769531
1526,75.6730728149414
1527,237.51669311523438
1528,237.0059356689453
1529,224.40928649902344
1530,112.1888427734375
1531,165.1611785888672
1532,166.5846710205078
1533,81.58600616455078
1534,282.1767578125
1535,14.759416580200195
1536,210.46302795410156
1537,304.94097900390625
1538,285.5800476074219
1539,65.4954605102539
1540,159.2048797607422
1541,1.1700897216796875
1542,255.887939453125
1543,225.27467346191406
1544,287.24334716796875
1545,79.47471618652344
1546,311.0696716308594
1547,216.9520721435547
1548,59.22907638549805
1549,42.90087890625
1550,8.204697608947754
1551,36.54978942871094
1552,125.61045837402344
1553,91.10944366455078
1554,250.917236328125
1555,169.50531005859375
1556,-83.45327758789062
1557,320.46295166015625
1558,193.70985412597656
1559,103.09648132324219
1560,243.57089233398438
1561,117.78971862792969
1562,209.6311798095703
1563,115.06661987304688
1564,130.76283264160156
1565,205.67332458496094
1566,73.87709045410156
1567,98.39250183105469
1568,-47.67518615722656
1569,305.2242431640625
1570,73.17605590820312
1571,80.66018676757812
1572,-85.96829223632812
1573,-28.633045196533203
1574,158.16236877441406
1575,242.4475555419922
1576,304.9939270019531
1577,262.3948059082031
1578,181.3863983154297
1579,195.46632385253906
1580,105.50431060791016
1581,43.91191101074219
1582,31.270267486572266
1583,48.94635009765625
1584,291.6862487792969
1585,120.53173065185547
1586,55.620445251464844
1587,54.449283599853516
1588,188.9190216064453
1589,228.92825317382812
1590,266.6729736328125
1591,317.2427978515625
1592,212.79373168945312
1593,235.63992309570312
1594,-28.52385711669922
1595,271.34771728515625
1596,296.97454833984375
1597,282.29901123046875
1598,210.7539520263672
1599,6.313326835632324
1600,280.8121643066406
1601,93.4735336303711
1602,259.62158203125
1603,238.7383270263672
1604,7.8340911865234375
1605,69.91018676757812
1606,47.458404541015625
1607,66.43912506103516
1608,19.287704467773438
1609,279.1522216796875
1610,363.2955627441406
1611,-56.036903381347656
1612,101.36148834228516
1613,285.083740234375
1614,249.6914825439453
1615,327.523193359375
1616,178.1870880126953
1617,132.11672973632812
1618,220.12879943847656
1619,99.80612182617188
1620,-79.18448638916016
1621,111.77792358398438
1622,244.3458709716797
1623,243.6629180908203
1624,306.3116455078125
1625,187.59825134277344
1626,290.68267822265625
1627,180.6120147705078
1628,81.64571380615234
1629,95.51644134521484
1630,223.86038208007812
1631,76.1904296875
1632,21.978565216064453
1633,146.23178100585938
1634,43.167240142822266
1635,126.86447143554688
1636,170.5898895263672
1637,117.46392822265625
1638,17.873184204101562
1639,306.513427734375
1640,236.46633911132812
1641,195.9716339111328
1642,140.2371063232422
1643,15.594205856323242
1644,112.21333312988281
1645,-53.70802307128906
1646,204.75262451171875
1647,73.43355560302734
1648,-34.30741500854492
1649,141.5223846435547
1650,135.16151428222656
1651,119.335205078125
1652,115.76768493652344
1653,37.650325775146484
1654,40.749141693115234
1655,70.0423583984375
1656,208.85055541992188
1657,66.5257339477539
1658,180.52427673339844
1659,130.70562744140625
1660,245.4832305908203
1661,-9.198158264160156
1662,60.56017303466797
1663,64.28402709960938
1664,170.7239990234375
1665,12.045798301696777
1666,91.79070281982422
1667,301.21551513671875
1668,197.73886108398438
1669,158.76132202148438
1670,101.95467376708984
1671,77.7898941040039
1672,198.76414489746094
1673,237.15074157714844
1674,251.27487182617188
1675,183.46658325195312
1676,129.90553283691406
1677,41.315391540527344
1678,324.1546630859375
1679,346.96514892578125
1680,96.72604370117188
1681,156.24964904785156
1682,112.8150405883789
1683,84.61953735351562
1684,189.26866149902344
1685,39.83694076538086
1686,120.61857604980469
1687,53.973899841308594
1688,164.70005798339844
1689,358.3132019042969
1690,223.4125213623047
1691,106.89630126953125
1692,88.58753204345703
1693,25.688003540039062
1694,124.21684265136719
1695,62.83186340332031
1696,64.53650665283203
1697,63.841278076171875
1698,115.9429931640625
1699,129.4188690185547
1700,107.77579498291016
1701,-6.259662628173828
1702,231.5486602783203
1703,236.44911193847656
1704,47.984519958496094
1705,205.50564575195312
1706,244.40789794921875
1707,336.20263671875
1708,75.31338500976562
1709,235.58143615722656
1710,-16.106136322021484
1711,56.74106979370117
1712,-32.83845138549805
1713,331.36761474609375
1714,118.30364990234375
1715,167.36672973632812
1716,219.76573181152344
1717,181.18919372558594
1718,69.11923217773438
1719,-48.281150817871094
1720,278.36151123046875
1721,246.37681579589844
1722,117.10567474365234
1723,122.45611572265625
1724,238.9899444580078
1725,79.42369079589844
1726,124.2158432006836
1727,53.547821044921875
1728,93.38546752929688
1729,208.96170043945312
1730,-22.65927505493164
1731,-1.696516990661621
1732,58.00042724609375
1733,143.5634765625
1734,101.83901977539062
1735,82.18032836914062
1736,67.94314575195312
1737,221.53970336914062
1738,-28.97191047668457
1739,109.08346557617188
1740,40.05592346191406
1741,266.7457275390625
1742,358.630126953125
1743,165.11480712890625
1744,182.66744995117188
1745,248.51478576660156
1746,122.50926208496094
1747,12.43595027923584
1748,305.17230224609375
1749,211.52743530273438
1750,256.283203125
1751,5.926602363586426
1752,176.8982391357422
1753,368.208251953125
1754,257.49957275390625
1755,159.49139404296875
1756,81.8553695678711
1757,-10.851358413696289
1758,277.68585205078125
1759,204.18203735351562
1760,294.9461669921875
1761,46.427207946777344
1762,50.39653778076172
1763,90.197021484375
1764,150.70645141601562
1765,66.30180358886719
1766,34.94023132324219
1767,224.26771545410156
1768,140.67950439453125
1769,117.8946533203125
1770,307.8614501953125
1771,-36.37395095825195
1772,-4.176629066467285
1773,289.0819396972656
1774,227.29151916503906
1775,348.9151611328125
1776,-34.36827087402344
1777,306.0081787109375
1778,-60.397979736328125
1779,32.32427215576172
1780,149.91458129882812
1781,124.18559265136719
1782,257.2961730957031
1783,-81.84222412109375
1784,-55.378726959228516
1785,180.7770233154297
1786,142.8542938232422
1787,23.586450576782227
1788,185.2642364501953
1789,-19.348407745361328
1790,-70.9677963256836
1791,350.3586120605469
1792,269.388427734375
1793,134.83592224121094
1794,105.90644836425781
1795,132.51870727539062
1796,77.6483154296875
1797,173.2768096923828
1798,257.654052734375
1799,91.84077453613281
1800,73.10018157958984
1801,171.79635620117188
1802,18.902050018310547
1803,77.75343322753906
1804,293.05120849609375
1805,320.494873046875
1806,240.35208129882812
1807,40.957923889160156
1808,329.35430908203125
1809,255.63572692871094
1810,245.19342041015625
1811,37.83059310913086
1812,168.20303344726562
1813,45.42491912841797
1814,198.04246520996094
1815,249.22947692871094
1816,32.7752799987793
1817,90.02256774902344
1818,205.7664031982422
1819,26.671443939208984
1820,16.428096771240234
1821,54.8826904296875
1822,93.05221557617188
1823,57.714725494384766
1824,-39.90590286254883
1825,370.98211669921875
1826,213.99093627929688
1827,265.134033203125
1828,261.11492919921875
1829,33.74875259399414
1830,5.236519813537598
1831,377.28692626953125
1832,21.999187469482422
1833,129.58116149902344
1834,131.1212921142578
1835,-98.20999145507812
1836,167.24053955078125
1837,-3.845609664916992
1838,178.50296020507812
1839,90.2548599243164
1840,95.76199340820312
1841,67.3526382446289
1842,35.973392486572266
1843,87.52383422851562
1844,174.35302734375
1845,107.69088745117188
1846,38.766849517822266
1847,120.09074401855469
1848,80.27256774902344
1849,-69.39977264404297
1850,61.835296630859375
1851,2.3743114471435547
1852,134.1441192626953
1853,82.6736068725586
1854,267.5109558105469
1855,265.62286376953125
1856,175.9219207763672
1857,84.29177856445312
1858,215.28758239746094
1859,249.82351684570312
1860,18.119333267211914
1861,97.74903869628906
1862,5.14484167098999
1863,102.97041320800781
1864,259.6902770996094
1865,49.12561798095703
1866,266.1121826171875
1867,160.17965698242188
1868,124.24667358398438
1869,138.3511505126953
1870,-71.12376403808594
1871,82.8769302368164
1872,306.1688537597656
1873,95.58617401123047
1874,-39.9788818359375
1875,344.3115234375
1876,98.06005859375
1877,45.912784576416016
1878,95.53382873535156
1879,233.09976196289062
1880,223.5173797607422
1881,24.9918212890625
1882,135.98179626464844
1883,-9.1217622756958
1884,202.20237731933594
1885,184.4654541015625
1886,265.66656494140625
1887,-9.631452560424805
1888,178.8382568359375
1889,267.61712646484375
1890,-10.573328018188477
1891,126.42013549804688
1892,213.5394287109375
1893,84.64891052246094
1894,28.891014099121094
1895,249.37025451660156
1896,253.2762451171875
1897,0.3257863521575928
1898,98.77454376220703
1899,-33.771759033203125
1900,125.86129760742188
1901,176.0128173828125
1902,33.79822540283203
1903,-8.98601245880127
1904,47.261104583740234
1905,65.25205993652344
1906,-2.92875337600708
1907,89.76004028320312
1908,73.0158462524414
1909,283.69073486328125
1910,180.30409240722656
1911,169.50469970703125
1912,241.58790588378906
1913,69.4954833984375
1914,241.654052734375
1915,114.7433090209961
1916,162.35789489746094
1917,329.30914306640625
1918,122.64241790771484
1919,55.488990783691406
1920,86.88898468017578
1921,172.63931274414062
1922,3.676990509033203
1923,120.84870910644531
1924,252.67689514160156
1925,249.88864135742188
1926,111.52525329589844
1927,88.4263687133789
1928,60.175254821777344
1929,80.503173828125
1930,271.919677734375
1931,244.68832397460938
1932,143.07005310058594
1933,298.91259765625
1934,177.08847045898438
1935,232.82411193847656
1936,-51.944908142089844
1937,88.09613800048828
1938,34.049049377441406
1939,98.96741485595703
1940,125.61227416992188
1941,277.20086669921875
1942,47.92953109741211
1943,114.59715270996094
1944,64.3132553100586
1945,188.51524353027344
1946,36.138099670410156
1947,132.4561767578125
1948,123.55655670166016
1949,216.86151123046875
1950,181.84619140625
1951,89.20287322998047
1952,-5.055550575256348
1953,52.48843765258789
1954,114.87447357177734
1955,203.4222869873047
1956,61.6776123046875
1957,16.117149353027344
1958,137.4468231201172
1959,137.872802734375
1960,97.57986450195312
1961,208.72447204589844
1962,158.276123046875
1963,274.21844482421875
1964,170.14642333984375
1965,225.56631469726562
1966,21.925525665283203
1967,214.64300537109375
1968,29.315603256225586
1969,223.9270477294922
1970,305.3062744140625
1971,13.055320739746094
1972,214.96237182617188
1973,115.43441772460938
1974,245.89776611328125
1975,116.95818328857422
1976,136.1176300048828
1977,57.48614501953125
1978,287.39569091796875
1979,256.5535888671875
1980,274.784912109375
1981,27.33415985107422
1982,115.17057800292969
1983,131.1404266357422
1984,117.36996459960938
1985,181.2066650390625
1986,270.1639404296875
1987,121.31370544433594
1988,75.15036010742188
1989,183.702880859375
1990,203.61045837402344
1991,214.8885955810547
1992,253.90277099609375
1993,286.5680236816406
1994,84.27265930175781
1995,61.41541290283203
1996,93.35958862304688
1997,135.00767517089844
1998,-59.402217864990234
1999,274.88409423828125
2000,282.9720458984375
2001,248.0558319091797
2002,236.4730987548828
2003,159.70291137695312
2004,148.74090576171875
2005,-2.430790901184082
2006,208.87808227539062
2007,309.2698974609375
2008,55.518375396728516
2009,202.65208435058594
2010,207.85044860839844
2011,325.7713623046875
2012,187.97727966308594
2013,72.77716827392578
2014,225.1226806640625
2015,118.08137512207031
2016,260.33978271484375
2017,268.0540466308594
2018,268.12811279296875
2019,278.5207214355469
2020,226.26040649414062
2021,221.5260772705078
2022,-46.6656494140625
2023,157.353271484375
2024,70.31645202636719
2025,124.40242004394531
2026,250.00704956054688
2027,56.176513671875
2028,185.82101440429688
2029,218.9444580078125
2030,103.68228149414062
2031,222.0228271484375
2032,304.02447509765625
2033,18.434768676757812
2034,246.6628875732422
2035,230.8628692626953
2036,239.28610229492188
2037,169.7421875
2038,42.92328643798828
2039,-18.741439819335938
2040,130.87646484375
2041,351.068359375
2042,264.58636474609375
2043,294.3707275390625
2044,-53.5650749206543
2045,190.94895935058594
2046,88.28652954101562
2047,45.59767532348633
2048,135.23971557617188
2049,-34.859107971191406
2050,229.13858032226562
2051,260.307373046875
2052,147.4147186279297
2053,265.64703369140625
2054,83.7092514038086
2055,254.1864471435547
2056,145.8910675048828
2057,218.091552734375
2058,110.51836395263672
2059,66.97025299072266
2060,64.23992919921875
2061,239.87841796875
2062,246.89370727539062
2063,186.53868103027344
2064,-11.345723152160645
2065,75.64519500732422
2066,14.223674774169922
2067,46.33518981933594
2068,293.51055908203125
2069,71.5981674194336
2070,296.2956237792969
2071,274.5806884765625
2072,255.01942443847656
2073,275.43548583984375
2074,83.87389373779297
2075,310.8349609375
2076,344.1794738769531
2077,208.238525390625
2078,111.59852600097656
2079,294.89117431640625
2080,190.3742218017578
2081,137.46888732910156
2082,182.72499084472656
2083,137.8365478515625
2084,22.108470916748047
2085,285.6187744140625
2086,-6.018270492553711
2087,34.457618713378906
2088,66.04844665527344
2089,58.06980514526367
2090,126.4267578125
2091,99.77413177490234
2092,38.35272216796875
2093,-57.01900863647461
2094,65.2397232055664
2095,119.79906463623047
2096,82.43396759033203
2097,84.41402435302734
2098,267.25653076171875
2099,47.35850524902344
2100,19.47679901123047
2101,132.9940185546875
2102,159.211669921875
2103,17.116432189941406
2104,103.37566375732422
2105,288.5186767578125
2106,74.01290130615234
2107,56.157875061035156
2108,84.7817611694336
2109,235.4969940185547
2110,278.64373779296875
2111,-50.55414581298828
2112,350.38092041015625
2113,67.7844467163086
2114,15.600887298583984
2115,88.10189819335938
2116,159.06214904785156
2117,56.99052810668945
2118,68.30916595458984
2119,196.4168243408203
2120,153.7227783203125
2121,64.3926010131836
2122,256.1120300292969
2123,312.94952392578125
2124,191.6432647705078
2125,171.45460510253906
2126,-67.60274505615234
2127,100.76790618896484
2128,-18.737852096557617
2129,80.89997863769531
2130,96.58319091796875
2131,125.48690795898438
2132,264.9175109863281
2133,211.28663635253906
2134,402.48138427734375
2135,20.348234176635742
2136,252.12200927734375
2137,297.1900634765625
2138,69.14196014404297
2139,77.22824096679688
2140,107.78596496582031
2141,327.93792724609375
2142,-6.375544548034668
2143,66.6333236694336
2144,133.80889892578125
2145,260.4234619140625
2146,182.59754943847656
2147,269.4403991699219
2148,57.12788772583008
2149,59.097923278808594
2150,125.9435043334961
2151,199.07583618164062
2152,77.18049621582031
2153,242.111328125
2154,212.6404571533203
2155,183.0167236328125
2156,235.24737548828125
2157,101.23755645751953
2158,202.42808532714844
2159,264.5099792480469
2160,6.079071044921875
2161,44.28916931152344
2162,70.6857681274414
2163,35.826194763183594
2164,96.00390625
2165,226.4852752685547
2166,118.67839813232422
2167,49.18638229370117
2168,46.49589538574219
2169,230.73483276367188
2170,139.30296325683594
2171,196.12457275390625
2172,59.251441955566406
2173,-41.70170974731445
2174,50.65351867675781
2175,57.07976150512695
2176,340.39599609375
2177,316.6274108886719
2178,83.04702758789062
2179,38.627384185791016
2180,160.78880310058594
2181,332.7870788574219
2182,256.0035705566406
2183,170.58547973632812
2184,374.13006591796875
2185,181.8811492919922
2186,246.82925415039062
2187,71.20497131347656
2188,-19.618345260620117
2189,48.80237579345703
2190,133.32057189941406
2191,79.06353759765625
2192,-2.3729517459869385
2193,95.6417007446289
2194,53.93408966064453
2195,189.320068359375
2196,90.61412048339844
2197,107.89190673828125
2198,29.271625518798828
2199,232.14193725585938
2200,180.46705627441406
2201,32.58769226074219
2202,270.42779541015625
2203,205.77980041503906
2204,242.35797119140625
2205,257.6863708496094
2206,90.6965560913086
2207,129.10403442382812
2208,113.85610961914062
2209,-37.36070251464844
2210,62.77088928222656
2211,289.68536376953125
2212,288.62811279296875
2213,233.7344512939453
2214,235.27105712890625
2215,146.615966796875
2216,112.36621856689453
2217,80.80819702148438
2218,207.04421997070312
2219,139.378662109375
2220,86.39735412597656
2221,33.08414077758789
2222,40.76409149169922
2223,145.0076141357422
2224,324.0513916015625
2225,34.71141052246094
2226,78.15225219726562
2227,20.051010131835938
2228,60.77174758911133
2229,134.5185546875
2230,331.9249572753906
2231,21.57339859008789
2232,103.80677795410156
2233,54.87577819824219
2234,54.40595245361328
2235,-58.29180145263672
2236,115.58032989501953
2237,17.586441040039062
2238,-56.33531951904297
2239,171.23858642578125
2240,111.22171020507812
2241,106.21270751953125
2242,223.2906036376953
2243,124.83412170410156
2244,291.94122314453125
2245,271.4910583496094
2246,225.3569793701172
2247,120.10661315917969
2248,295.360595703125
2249,77.04792785644531
2250,157.4029083251953
2251,111.1515884399414
2252,252.11244201660156
2253,58.22603225708008
2254,74.51641845703125
2255,193.78271484375
2256,272.530029296875
2257,257.71905517578125
2258,208.47772216796875
2259,266.4909362792969
2260,35.416778564453125
2261,53.94345474243164
2262,219.45346069335938
2263,200.79568481445312
2264,74.49470520019531
2265,44.35736846923828
2266,202.62997436523438
2267,-68.69723510742188
2268,130.58763122558594
2269,155.17803955078125
2270,67.55652618408203
2271,113.9967041015625
2272,189.118896484375
2273,192.90066528320312
2274,246.91429138183594
2275,116.59190368652344
2276,28.255035400390625
2277,162.25338745117188
2278,119.3160171508789
2279,207.95742797851562
2280,50.451133728027344
2281,273.79150390625
2282,80.73786926269531
2283,52.94015121459961
2284,197.97116088867188
2285,68.9381332397461
2286,286.48431396484375
2287,295.0257263183594
2288,123.25247192382812
2289,32.519775390625
2290,205.08656311035156
2291,21.65948486328125
2292,27.63374900817871
2293,81.10226440429688
2294,357.3304443359375
2295,260.625
2296,180.913818359375
2297,21.466381072998047
2298,244.80422973632812
2299,216.1759796142578
2300,41.7717170715332
2301,189.9285430908203
2302,121.59739685058594
2303,221.63243103027344
2304,41.68437194824219
2305,45.99850082397461
2306,102.68264770507812
2307,77.67102813720703
2308,316.79498291015625
2309,122.17849731445312
2310,178.1240997314453
2311,146.85545349121094
2312,298.0523986816406
2313,45.319698333740234
2314,72.12666320800781
2315,224.22198486328125
2316,273.0892333984375
2317,-67.70716857910156
2318,282.09368896484375
2319,236.07470703125
2320,181.5238037109375
2321,105.5279541015625
2322,251.72146606445312
2323,46.84010696411133
2324,46.23145294189453
2325,221.25204467773438
2326,173.52346801757812
2327,285.12847900390625
2328,62.92902374267578
2329,111.00543212890625
2330,187.4574432373047
2331,237.4510040283203
2332,53.588863372802734
2333,285.8838806152344
2334,-71.31349182128906
2335,291.4494323730469
2336,225.4910430908203
2337,326.63323974609375
2338,149.0632781982422
2339,141.79551696777344
2340,281.754638671875
2341,149.8885040283203
2342,210.82957458496094
2343,219.68812561035156
2344,316.882568359375
2345,61.972862243652344
2346,219.18923950195312
2347,216.0124053955078
2348,388.736328125
2349,65.24639129638672
2350,343.88525390625
2351,294.15606689453125
2352,227.356201171875
2353,-56.514305114746094
2354,136.79595947265625
2355,219.9557342529297
2356,240.09170532226562
2357,44.37113952636719
2358,183.06051635742188
2359,-0.3951396942138672
2360,276.30865478515625
2361,113.6739501953125
2362,273.7857971191406
2363,41.39195251464844
2364,165.87017822265625
2365,-16.386539459228516
2366,234.5087432861328
2367,87.42558288574219
2368,138.1418914794922
2369,176.4849853515625
2370,139.98321533203125
2371,149.3562774658203
2372,165.28805541992188
2373,90.4676513671875
2374,110.29692077636719
2375,-20.40325164794922
2376,25.505828857421875
2377,-47.9752197265625
2378,40.56466293334961
2379,6.683000564575195
2380,112.86554718017578
2381,46.19038009643555
2382,99.15501403808594
2383,73.29067993164062
2384,295.3453369140625
2385,7.119405746459961
2386,21.029239654541016
2387,64.7710189819336
2388,113.97747802734375
2389,-2.315340995788574
2390,2.3460936546325684
2391,52.559967041015625
2392,135.7996368408203
2393,34.783538818359375
2394,130.8232879638672
2395,-4.637637138366699
2396,230.54173278808594
2397,88.79300689697266
2398,120.10355377197266
2399,260.737060546875
2400,115.82200622558594
2401,269.689453125
2402,293.97857666015625
2403,-30.736425399780273
2404,-51.45036697387695
2405,246.6691436767578
2406,107.883544921875
2407,107.07960510253906
2408,-14.045514106750488
2409,157.9550323486328
2410,34.88039779663086
2411,73.45603942871094
2412,190.58416748046875
2413,62.847198486328125
2414,122.5959701538086
2415,201.71377563476562
2416,95.67202758789062
2417,139.3535919189453
2418,228.47085571289062
2419,149.7237548828125
2420,297.51739501953125
2421,125.04527282714844
2422,268.88677978515625
2423,89.5728759765625
2424,87.30476379394531
2425,39.69097900390625
2426,60.09332275390625
2427,69.53202819824219
2428,106.0306625366211
2429,56.78609085083008
2430,-2.321338653564453
2431,314.0015869140625
2432,104.58901977539062
2433,106.67176818847656
2434,335.059326171875
2435,134.7120361328125
2436,279.1819763183594
2437,296.15252685546875
2438,-28.372699737548828
2439,229.08383178710938
2440,282.1700439453125
2441,129.03738403320312
2442,198.46336364746094
2443,317.2180480957031
2444,45.41834259033203
2445,208.73202514648438
2446,104.75838470458984
2447,111.81472778320312
2448,20.207447052001953
2449,46.997589111328125
2450,87.78662872314453
2451,119.84730529785156
2452,196.114013671875
2453,316.0409851074219
2454,165.34085083007812
2455,179.19558715820312
2456,83.3163833618164
2457,270.78558349609375
2458,112.54507446289062
2459,19.58643341064453
2460,32.847381591796875
2461,-52.61260986328125
2462,28.795602798461914
2463,235.25018310546875
2464,56.11223602294922
2465,27.952804565429688
2466,192.1260986328125
2467,83.1113510131836
2468,112.82351684570312
2469,110.54920196533203
2470,63.19415283203125
2471,204.15640258789062
2472,-36.886844635009766
2473,243.18634033203125
2474,30.088001251220703
2475,174.94012451171875
2476,-41.54139709472656
2477,143.40032958984375
2478,56.152099609375
2479,268.3166809082031
2480,85.93463134765625
2481,-21.00678253173828
2482,116.64521789550781
2483,-14.016857147216797
2484,143.00283813476562
2485,290.1395263671875
2486,34.05248260498047
2487,25.873733520507812
2488,288.93768310546875
2489,214.78672790527344
2490,-57.7167854309082
2491,123.72566986083984
2492,27.81610107421875
2493,296.02886962890625
2494,141.42002868652344
2495,157.9599609375
2496,269.8619079589844
2497,90.7575454711914
2498,317.8045959472656
2499,50.52997589111328
2500,-4.533724784851074
2501,229.06849670410156
2502,248.75172424316406
2503,281.3793640136719
2504,96.02490997314453
2505,-17.88103485107422
2506,78.69418334960938
2507,144.85986328125
2508,296.0793151855469
2509,101.60231018066406
2510,132.7819366455078
2511,202.09136962890625
2512,250.7904052734375
2513,28.782859802246094
2514,269.9603271484375
2515,245.7967529296875
2516,36.50520706176758
2517,226.36856079101562
2518,220.62704467773438
2519,320.25897216796875
2520,279.3201904296875
2521,-29.7807559967041
2522,239.548095703125
2523,139.16627502441406
2524,36.33024215698242
2525,290.25244140625
2526,207.90293884277344
2527,202.03408813476562
2528,235.6682891845703
2529,264.2712097167969
2530,19.93841552734375
2531,84.59567260742188
2532,98.11944580078125
2533,141.19239807128906
2534,132.34002685546875
2535,269.1524658203125
2536,-16.92842674255371
2537,112.79470825195312
2538,-28.104660034179688
2539,46.58932876586914
2540,261.0106201171875
2541,283.2958984375
2542,126.58543395996094
2543,93.50059509277344
2544,30.591537475585938
2545,204.8811492919922
2546,-14.49934196472168
2547,23.79312515258789
2548,230.09092712402344
2549,191.057861328125
2550,196.26754760742188
2551,-34.417694091796875
2552,50.089111328125
2553,93.16603088378906
2554,13.324849128723145
2555,302.64385986328125
2556,262.71136474609375
2557,136.03451538085938
2558,55.03468322753906
2559,311.0484619140625
2560,152.49215698242188
2561,224.9746551513672
2562,193.76963806152344
2563,261.9530029296875
2564,207.63230895996094
2565,99.59710693359375
2566,23.881561279296875
2567,50.14210510253906
2568,243.94644165039062
2569,210.4910888671875
2570,329.68572998046875
2571,124.19352722167969
2572,257.3840637207031
2573,22.692913055419922
2574,325.4322204589844
2575,191.1713409423828
2576,288.2327575683594
2577,284.39215087890625
2578,186.82566833496094
2579,259.29656982421875
2580,224.13046264648438
2581,5.858314514160156
2582,47.92745590209961
2583,31.026588439941406
2584,248.28814697265625
2585,60.50730895996094
2586,298.7320556640625
2587,124.24620819091797
2588,162.38104248046875
2589,268.18377685546875
2590,2.5377140045166016
2591,4.045672416687012
2592,98.71322631835938
2593,98.76475524902344
2594,86.4927978515625
2595,57.182960510253906
2596,302.18890380859375
2597,241.94775390625
2598,100.28993225097656
2599,60.48076629638672
2600,160.1216278076172
2601,104.61129760742188
2602,249.23350524902344
2603,0.9300687313079834
2604,74.05638885498047
2605,111.25172424316406
2606,277.2052917480469
2607,-27.305370330810547
2608,254.62228393554688
2609,162.26358032226562
2610,87.24372100830078
2611,45.88752365112305
2612,140.36024475097656
2613,248.52139282226562
2614,216.37852478027344
2615,259.800537109375
2616,48.53120422363281
2617,92.32601165771484
2618,82.1741943359375
2619,212.890869140625
2620,60.871788024902344
2621,50.811180114746094
2622,218.20904541015625
2623,48.24198532104492
2624,43.970550537109375
2625,324.41748046875
2626,306.1101379394531
2627,283.4303894042969
2628,315.79827880859375
2629,201.71966552734375
2630,203.85499572753906
2631,180.8982391357422
2632,61.716575622558594
2633,251.72695922851562
2634,188.78297424316406
2635,294.55743408203125
2636,367.75152587890625
2637,119.00736999511719
2638,215.16207885742188
2639,333.9023742675781
2640,133.3619384765625
2641,179.37557983398438
2642,70.18218994140625
2643,247.0565948486328
2644,103.67914581298828
2645,222.935791015625
2646,99.9990005493164
2647,41.98328399658203
2648,291.5357360839844
2649,164.80197143554688
2650,224.76490783691406
2651,212.3983612060547
2652,60.149925231933594
2653,331.84857177734375
2654,-41.854305267333984
2655,132.32708740234375
2656,121.41270446777344
2657,64.06028747558594
2658,88.55314636230469
2659,219.64926147460938
2660,193.3712615966797
2661,269.37518310546875
2662,158.6183319091797
2663,49.717018127441406
2664,53.73542022705078
2665,287.3740234375
2666,135.34310913085938
2667,260.56109619140625
2668,295.0532531738281
2669,257.8662109375
2670,187.0195770263672
2671,14.91799545288086
2672,316.25421142578125
2673,225.71212768554688
2674,-61.13367462158203
2675,154.73822021484375
2676,118.69432067871094
2677,82.84945678710938
2678,46.55869674682617
2679,261.685546875
2680,117.98990631103516
2681,117.78971862792969
2682,167.4337158203125
2683,43.10209274291992
2684,274.83966064453125
2685,36.075897216796875
2686,231.3958740234375
2687,244.66932678222656
2688,61.527801513671875
2689,229.3167266845703
2690,44.03315353393555
2691,49.9271240234375
2692,0.15499186515808105
2693,207.18360900878906
2694,-44.64432907104492
2695,170.6902313232422
2696,256.40777587890625
2697,38.5848274230957
2698,165.0071563720703
2699,286.8100280761719
2700,57.547157287597656
2701,72.7817153930664
2702,317.23052978515625
2703,208.60946655273438
2704,265.4041748046875
2705,192.4510040283203
2706,118.80987548828125
2707,56.61430740356445
2708,143.78082275390625
2709,313.70697021484375
2710,34.0088005065918
2711,180.71131896972656
2712,89.03549194335938
2713,74.46585845947266
2714,117.10086059570312
2715,35.65312194824219
2716,281.76171875
2717,14.311973571777344
2718,274.9324035644531
2719,90.83869934082031
2720,17.826995849609375
2721,64.05363464355469
2722,204.73446655273438
2723,64.47168731689453
2724,119.53684997558594
2725,287.6607666015625
2726,237.4596710205078
2727,111.19329833984375
2728,221.13853454589844
2729,289.6322937011719
2730,55.07320785522461
2731,25.27947998046875
2732,286.439208984375
2733,307.78607177734375
2734,69.15693664550781
2735,164.52029418945312
2736,108.45868682861328
2737,237.83062744140625
2738,154.85250854492188
2739,231.2509002685547
2740,132.70762634277344
2741,133.29393005371094
2742,213.4600830078125
2743,243.3824462890625
2744,213.0854034423828
2745,188.48397827148438
2746,187.42796325683594
2747,281.74163818359375
2748,87.5274658203125
2749,68.2477798461914
2750,51.87033462524414
2751,74.23350524902344
2752,79.72413635253906
2753,256.1596984863281
2754,245.49691772460938
2755,45.48116683959961
2756,69.60646057128906
2757,181.5228729248047
2758,66.62092590332031
2759,178.08729553222656
2760,75.73548889160156
2761,77.52432250976562
2762,322.23162841796875
2763,101.94090270996094
2764,299.892333984375
2765,71.63182830810547
2766,154.64031982421875
2767,53.76420974731445
2768,130.37274169921875
2769,87.11026000976562
2770,77.22138214111328
2771,-35.83448028564453
2772,-80.97490692138672
2773,267.7435302734375
2774,100.41265869140625
2775,9.674508094787598
2776,80.51368713378906
2777,-30.48583984375
2778,117.26299285888672
2779,97.86454772949219
2780,266.8621826171875
2781,23.129207611083984
2782,43.70661926269531
2783,121.82231140136719
2784,219.7620086669922
2785,85.74897003173828
2786,127.6949462890625
2787,55.631690979003906
2788,297.0784912109375
2789,1.0027251243591309
2790,281.30718994140625
2791,185.3590545654297
2792,119.47920989990234
2793,281.60986328125
2794,183.4237060546875
2795,149.99322509765625
2796,64.02991485595703
2797,115.38198852539062
2798,169.08270263671875
2799,254.7224884033203
2800,80.99363708496094
2801,236.96470642089844
2802,199.86550903320312
2803,248.59820556640625
2804,273.7721862792969
2805,262.7095031738281
2806,65.84378814697266
2807,74.18944549560547
2808,299.497802734375
2809,266.9603271484375
2810,268.6156005859375
2811,32.6058349609375
2812,195.4896697998047
2813,276.51446533203125
2814,222.85533142089844
2815,69.42150115966797
2816,302.201416015625
2817,125.95811462402344
2818,61.1839485168457
2819,330.6492919921875
2820,9.983274459838867
2821,83.14081573486328
2822,103.17933654785156
2823,212.02291870117188
2824,75.54230499267578
2825,78.93609619140625
2826,28.60416030883789
2827,230.88302612304688
2828,327.510009765625
2829,232.18630981445312
2830,262.76495361328125
2831,228.35926818847656
2832,111.32804870605469
2833,34.62971878051758
2834,36.70042419433594
2835,160.2887420654297
2836,123.62481689453125
2837,259.4364013671875
2838,69.61564636230469
2839,258.73095703125
2840,241.1519012451172
2841,93.33330535888672
2842,30.48798370361328
2843,43.22102355957031
2844,7.507144927978516
2845,133.97706604003906
2846,225.53782653808594
2847,264.4700012207031
2848,52.18931579589844
2849,-57.058006286621094
2850,-25.189626693725586
2851,-32.27894592285156
2852,71.06922149658203
2853,27.967988967895508
2854,266.8884582519531
2855,48.69784927368164
2856,93.83999633789062
2857,83.45748901367188
2858,114.0075912475586
2859,92.37184143066406
2860,-47.863033294677734
2861,193.0977783203125
2862,59.653465270996094
2863,245.56558227539062
2864,44.95206069946289
2865,206.85609436035156
2866,279.9772644042969
2867,209.43270874023438
2868,303.4309997558594
2869,104.99235534667969
2870,105.2824478149414
2871,80.82669830322266
2872,87.17096710205078
2873,226.63336181640625
2874,182.19068908691406
2875,197.4143524169922
2876,201.97451782226562
2877,245.02691650390625
2878,350.9966125488281
2879,96.84088134765625
2880,294.2586669921875
2881,-69.02542877197266
2882,52.615665435791016
2883,123.96751403808594
2884,8.59520149230957
2885,101.13147735595703
2886,-48.137142181396484
2887,294.3807678222656
2888,117.06858825683594
2889,-34.11793518066406
2890,-1.330087661743164
2891,13.308135986328125
2892,151.272705078125
2893,178.31991577148438
2894,131.86151123046875
2895,207.0296630859375
2896,183.0800323486328
2897,51.92501449584961
2898,189.83787536621094
2899,335.33111572265625
2900,32.31927490234375
2901,39.895450592041016
2902,218.34130859375
2903,218.5101776123047
2904,241.61871337890625
2905,195.22474670410156
2906,226.81820678710938
2907,130.64697265625
2908,195.75430297851562
2909,105.2157974243164
2910,158.70761108398438
2911,141.0178680419922
2912,163.67098999023438
2913,245.86102294921875
2914,227.14891052246094
2915,103.43685150146484
2916,97.974609375
2917,211.71917724609375
2918,130.54103088378906
2919,184.93804931640625
2920,177.9169921875
2921,256.89434814453125
2922,47.504539489746094
2923,-25.55958366394043
2924,213.93092346191406
2925,53.31720733642578
2926,122.0462646484375
2927,81.66494750976562
2928,92.30840301513672
2929,216.85848999023438
2930,102.44485473632812
2931,134.58399963378906
2932,94.36244201660156
2933,126.90531921386719
2934,22.935352325439453
2935,294.4964904785156
2936,71.55409240722656
2937,-58.254119873046875
2938,261.0179748535156
2939,42.1370964050293
2940,113.0448989868164
2941,369.18328857421875
2942,30.414627075195312
2943,162.36878967285156
2944,84.29073333740234
2945,220.390625
2946,38.01087951660156
2947,131.912841796875
2948,245.2823028564453
2949,114.37017822265625
2950,155.84288024902344
2951,122.4676284790039
2952,43.79918670654297
2953,57.00629425048828
2954,-23.436473846435547
2955,75.13148498535156
2956,289.070068359375
2957,94.1226577758789
2958,153.2216796875
2959,64.7055435180664
2960,122.61116790771484
2961,-42.65139389038086
2962,-7.2039570808410645
2963,350.66094970703125
2964,181.48703002929688
2965,120.60101318359375
2966,57.80707550048828
2967,82.86566162109375
2968,91.97367858886719
2969,58.63298416137695
2970,304.36334228515625
2971,-36.864322662353516
2972,320.8099365234375
2973,303.01922607421875
2974,16.85622215270996
2975,159.95431518554688
2976,99.4017333984375
2977,16.543367385864258
2978,279.77044677734375
2979,116.16316986083984
2980,36.62885284423828
2981,79.27572631835938
2982,72.1622085571289
2983,-64.64583587646484
2984,310.44970703125
2985,301.593017578125
2986,-8.7698974609375
2987,52.29365539550781
2988,289.8270263671875
2989,271.41473388671875
2990,64.61203002929688
2991,286.6159362792969
2992,69.70809936523438
2993,2.0713887214660645
2994,88.33242797851562
2995,133.35675048828125
2996,51.1126594543457
2997,76.90774536132812
2998,188.51844787597656
2999,1.867701530456543
3000,108.73202514648438
3001,275.4409484863281
3002,101.4627456665039
3003,233.34356689453125
3004,264.6910400390625
3005,72.55830383300781
3006,259.10150146484375
3007,102.59795379638672
3008,205.02911376953125
3009,148.9045867919922
3010,247.15464782714844
3011,78.86267852783203
3012,175.52560424804688
3013,20.354448318481445
3014,-56.716529846191406
3015,247.79978942871094
3016,162.32095336914062
3017,194.4258270263672
3018,243.84228515625
3019,100.37438201904297
3020,251.1228485107422
3021,240.48480224609375
3022,221.51882934570312
3023,25.987478256225586
3024,75.73729705810547
3025,175.1736297607422
3026,23.05708885192871
3027,58.09403991699219
3028,237.21133422851562
3029,260.98870849609375
3030,122.21839141845703
3031,161.13502502441406
3032,239.16188049316406
3033,14.22723388671875
3034,218.36695861816406
3035,5.126392841339111
3036,79.0599594116211
3037,238.874755859375
3038,58.166419982910156
3039,46.93381118774414
3040,131.176025390625
3041,318.9632263183594
3042,124.72467803955078
3043,177.50225830078125
3044,132.981201171875
3045,19.35713768005371
3046,169.88699340820312
3047,297.33819580078125
3048,285.1133728027344
3049,-45.56300354003906
3050,296.01800537109375
3051,170.60440063476562
3052,44.976173400878906
3053,35.800506591796875
3054,129.37213134765625
3055,167.67210388183594
3056,101.24235534667969
3057,61.2166748046875
3058,43.36793518066406
3059,197.67449951171875
3060,222.75411987304688
3061,-46.20625686645508
3062,272.4441223144531
3063,302.1113586425781
3064,237.4183807373047
3065,48.96114730834961
3066,261.2374267578125
3067,54.98454666137695
3068,162.8702392578125
3069,168.14483642578125
3070,222.98167419433594
3071,157.465576171875
3072,50.19602584838867
3073,46.43328857421875
3074,236.25277709960938
3075,270.8969421386719
3076,40.732364654541016
3077,-13.126432418823242
3078,259.33148193359375
3079,-4.834776878356934
3080,265.02215576171875
3081,-41.40751266479492
3082,3.0558013916015625
3083,273.9450988769531
3084,103.64158630371094
3085,111.28850555419922
3086,294.46435546875
3087,158.86622619628906
3088,282.84747314453125
3089,31.671035766601562
3090,214.55201721191406
3091,113.53699493408203
3092,222.8241424560547
3093,139.6329803466797
3094,250.7349853515625
3095,198.81504821777344
3096,-44.348941802978516
3097,256.71844482421875
3098,243.7393341064453
3099,137.91236877441406
3100,112.2496337890625
3101,78.7669906616211
3102,85.57579040527344
3103,84.67898559570312
3104,282.9107666015625
3105,149.72059631347656
3106,160.4043426513672
3107,80.31842041015625
3108,265.84417724609375
3109,143.56350708007812
3110,369.38702392578125
3111,317.2831115722656
3112,236.68458557128906
3113,32.32604217529297
3114,144.38333129882812
3115,191.35870361328125
3116,80.6903076171875
3117,74.73954010009766
3118,49.273780822753906
3119,20.557811737060547
3120,233.30465698242188
3121,13.160941123962402
3122,50.64719772338867
3123,155.89012145996094
3124,69.53009033203125
3125,109.61209869384766
3126,74.2364501953125
3127,126.34822082519531
3128,43.62078094482422
3129,250.64120483398438
3130,54.560630798339844
3131,197.14532470703125
3132,3.2155027389526367
3133,155.6460418701172
3134,96.91319274902344
3135,308.4201354980469
3136,-26.59375
3137,68.29865264892578
3138,117.4153823852539
3139,80.01691436767578
3140,147.7537384033203
3141,52.559513092041016
3142,73.60350799560547
3143,-48.9522705078125
3144,-39.67873001098633
3145,163.4615478515625
3146,345.95361328125
3147,118.71710205078125
3148,166.00767517089844
3149,142.2062225341797
3150,151.65109252929688
3151,168.15090942382812
3152,54.891441345214844
3153,331.310302734375
3154,117.94491577148438
3155,246.4736785888672
3156,188.31399536132812
3157,163.4478759765625
3158,15.940641403198242
3159,134.5373077392578
3160,131.76181030273438
3161,51.10577392578125
3162,89.01119995117188
3163,32.1790885925293
3164,-38.45209503173828
3165,-28.96409797668457
3166,161.8018341064453
3167,205.9540557861328
3168,256.20794677734375
3169,237.9810333251953
3170,165.30223083496094
3171,87.47906494140625
3172,112.48733520507812
3173,137.9697723388672
3174,79.4952392578125
3175,58.736412048339844
3176,225.14918518066406
3177,105.7627182006836
3178,118.19591522216797
3179,56.01644515991211
3180,169.21363830566406
3181,242.22100830078125
3182,108.85377502441406
3183,84.86774444580078
3184,299.66973876953125
3185,165.8761444091797
3186,265.19677734375
3187,332.3100891113281
3188,285.41387939453125
3189,161.22499084472656
3190,267.98919677734375
3191,130.2449188232422
3192,44.78411865234375
3193,137.0772247314453
3194,257.7979736328125
3195,76.33676147460938
3196,213.65585327148438
3197,147.24305725097656
3198,63.22981262207031
3199,151.65109252929688
3200,14.147239685058594
3201,161.5817413330078
3202,189.23617553710938
3203,241.11721801757812
3204,334.35968017578125
3205,219.02188110351562
3206,287.26055908203125
3207,249.85740661621094
3208,122.34740447998047
3209,151.0957489013672
3210,47.04420471191406
3211,248.07740783691406
3212,109.90939331054688
3213,26.46135711669922
3214,116.22855377197266
3215,-65.7190933227539
3216,85.41798400878906
3217,35.14072036743164
3218,287.431640625
3219,159.38375854492188
3220,220.2290802001953
3221,239.92388916015625
3222,130.48782348632812
3223,8.051217079162598
3224,106.16502380371094
3225,18.596548080444336
3226,175.25555419921875
3227,229.35140991210938
3228,307.320068359375
3229,269.283935546875
3230,173.43345642089844
3231,207.6560821533203
3232,271.9425048828125
3233,144.69029235839844
3234,148.69400024414062
3235,147.30044555664062
3236,259.67431640625
3237,267.4504089355469
3238,235.31654357910156
3239,156.02711486816406
3240,-6.676529407501221
3241,85.96058654785156
3242,55.583560943603516
3243,21.18963623046875
3244,180.7871551513672
3245,294.14923095703125
3246,3.249180316925049
3247,45.82223129272461
3248,81.60873413085938
3249,101.75518798828125
3250,253.83055114746094
3251,47.77621841430664
3252,103.43170928955078
3253,297.1528015136719
3254,315.0311584472656
3255,98.10420227050781
3256,0.4654855728149414
3257,266.28662109375
3258,106.34492492675781
3259,242.9523162841797
3260,4.573539733886719
3261,65.34750366210938
3262,395.12213134765625
3263,314.476318359375
3264,111.61636352539062
3265,276.62744140625
3266,243.07293701171875
3267,63.567291259765625
3268,328.17041015625
3269,93.70252990722656
3270,177.38723754882812
3271,96.01660919189453
3272,199.35276794433594
3273,72.25281524658203
3274,303.468994140625
3275,66.02816009521484
3276,-25.365285873413086
3277,89.22425079345703
3278,225.072265625
3279,104.27806854248047
3280,45.83267593383789
3281,38.284664154052734
3282,202.93710327148438
3283,44.44915771484375
3284,163.6591339111328
3285,233.9510498046875
3286,-48.7805290222168
3287,217.76307678222656
3288,69.87850952148438
3289,278.7156677246094
3290,85.49024200439453
3291,45.01506042480469
3292,317.71551513671875
3293,95.3514633178711
3294,110.37564849853516
3295,219.44009399414062
3296,40.22165298461914
3297,196.46612548828125
3298,68.3514633178711
3299,65.25604248046875
3300,22.41431427001953
3301,148.7766876220703
3302,237.2540283203125
3303,181.14149475097656
3304,81.1363754272461
3305,123.19293212890625
3306,134.82861328125
3307,40.95792007446289
3308,142.47915649414062
3309,186.71253967285156
3310,126.15103149414062
3311,255.31463623046875
3312,283.8800964355469
3313,95.87045288085938
3314,138.94061279296875
3315,75.52644348144531
3316,183.7073974609375
3317,-60.0723876953125
3318,115.40516662597656
3319,259.9054870605469
3320,-64.62455749511719
3321,320.1510009765625
3322,16.464996337890625
3323,78.18043518066406
3324,56.9943962097168
3325,-15.875833511352539
3326,206.74879455566406
3327,152.61618041992188
3328,230.95458984375
3329,24.587627410888672
3330,216.46409606933594
3331,-27.456953048706055
3332,64.59194946289062
3333,237.2016143798828
3334,253.47030639648438
3335,146.55955505371094
3336,39.12531280517578
3337,238.14564514160156
3338,122.92070007324219
3339,287.13031005859375
3340,56.958412170410156
3341,91.0433578491211
3342,45.94607162475586
3343,134.67669677734375
3344,17.91197967529297
3345,229.31369018554688
3346,5.466378211975098
3347,2.437972068786621
3348,231.39309692382812
3349,286.6476135253906
3350,7.992692947387695
3351,5.029222011566162
3352,157.68931579589844
3353,231.2808837890625
3354,87.29776000976562
3355,186.7041778564453
3356,28.64362335205078
3357,153.04586791992188
3358,-10.087188720703125
3359,208.43972778320312
3360,209.77523803710938
3361,205.7301025390625
3362,273.984130859375
3363,313.4537658691406
3364,154.41062927246094
3365,55.602516174316406
3366,56.480655670166016
3367,276.4090881347656
3368,256.1214599609375
3369,109.3387451171875
3370,248.32186889648438
3371,196.50282287597656
3372,182.1325225830078
3373,109.23599243164062
3374,133.143798828125
3375,106.78651428222656
3376,69.37164306640625
3377,259.10845947265625
3378,-50.04231643676758
3379,171.62142944335938
3380,334.75982666015625
3381,-46.04523849487305
3382,142.02249145507812
3383,220.64193725585938
3384,49.8669319152832
3385,269.0105285644531
3386,220.21253967285156
3387,198.72264099121094
3388,64.4338150024414
3389,268.0072937011719
3390,324.62078857421875
3391,209.6395263671875
3392,41.80665588378906
3393,242.33697509765625
3394,319.60101318359375
3395,261.581787109375
3396,85.17958068847656
3397,274.8307189941406
3398,218.01226806640625
3399,314.95953369140625
3400,62.056495666503906
3401,59.52497100830078
3402,98.55392456054688
3403,212.1495361328125
3404,125.76272583007812
3405,72.7810287475586
3406,37.86539077758789
3407,134.4716033935547
3408,236.6200408935547
3409,112.29383850097656
3410,210.37896728515625
3411,190.8486328125
3412,7.207887649536133
3413,83.76295471191406
3414,200.6903533935547
3415,208.5406494140625
3416,128.4037628173828
3417,-52.26993179321289
3418,52.050941467285156
3419,260.4479675292969
3420,192.823486328125
3421,82.6656723022461
3422,88.48194885253906
3423,93.41277313232422
3424,267.8373107910156
3425,231.26455688476562
3426,98.28533935546875
3427,39.40566635131836
3428,53.879173278808594
3429,120.01036834716797
3430,213.00558471679688
3431,50.84977340698242
3432,187.2858428955078
3433,93.61741638183594
3434,45.19303894042969
3435,228.99537658691406
3436,202.95477294921875
3437,-0.18191540241241455
3438,32.30849075317383
3439,63.61882781982422
3440,258.32916259765625
3441,157.07106018066406
3442,157.33714294433594
3443,193.6149444580078
3444,66.40345001220703
3445,86.45339965820312
3446,232.56466674804688
3447,24.10390853881836
3448,71.23768615722656
3449,128.44122314453125
3450,184.7531280517578
3451,56.77525329589844
3452,90.92247009277344
3453,179.6842803955078
3454,118.49195861816406
3455,105.21697998046875
3456,-64.92794799804688
3457,-51.95171356201172
3458,60.180362701416016
3459,-60.94313049316406
3460,336.3790283203125
3461,60.70250701904297
3462,147.30068969726562
3463,253.13153076171875
3464,201.0319061279297
3465,8.105334281921387
3466,163.83290100097656
3467,214.55093383789062
3468,177.50123596191406
3469,259.527587890625
3470,217.9918212890625
3471,265.0711364746094
3472,31.911407470703125
3473,197.8186492919922
3474,151.72926330566406
3475,182.635498046875
3476,81.73348999023438
3477,80.83831024169922
3478,67.33731079101562
3479,266.2206726074219
3480,87.37300109863281
3481,311.49462890625
3482,68.96281433105469
3483,47.660362243652344
3484,135.15814208984375
3485,-40.328346252441406
3486,42.709232330322266
3487,207.94485473632812
3488,-27.588529586791992
3489,311.48699951171875
3490,80.83480072021484
3491,73.99313354492188
3492,208.46267700195312
3493,210.87806701660156
3494,74.07501220703125
3495,165.98069763183594
3496,23.411712646484375
3497,259.42828369140625
3498,302.03253173828125
3499,99.74275207519531
3500,162.21417236328125
3501,101.20697021484375
3502,79.71123504638672
3503,129.5874481201172
3504,63.17687225341797
3505,263.9697265625
3506,163.65872192382812
3507,166.37008666992188
3508,340.9071350097656
3509,39.882633209228516
3510,285.63232421875
3511,242.19309997558594
3512,250.80067443847656
3513,41.384727478027344
3514,299.54376220703125
3515,236.25758361816406
3516,272.8957824707031
3517,16.82135009765625
3518,80.61216735839844
3519,-2.291304111480713
3520,170.92080688476562
3521,47.528770446777344
3522,46.80958938598633
3523,327.96368408203125
3524,144.42831420898438
3525,300.486328125
3526,124.48597717285156
3527,190.4727325439453
3528,47.9382438659668
3529,93.92591857910156
3530,164.5174102783203
3531,169.32852172851562
3532,193.68304443359375
3533,222.29019165039062
3534,60.90683364868164
3535,325.860595703125
3536,91.9328842163086
3537,312.091552734375
3538,277.2210998535156
3539,109.2892074584961
3540,-3.694838285446167
3541,265.40753173828125
3542,163.9464111328125
3543,149.89602661132812
3544,124.52198791503906
3545,204.53335571289062
3546,17.28398895263672
3547,179.02737426757812
3548,82.63172912597656
3549,343.15228271484375
3550,104.10293579101562
3551,139.74314880371094
3552,133.60284423828125
3553,-3.4831838607788086
3554,-43.49398422241211
3555,81.35746765136719
3556,188.7453155517578
3557,46.62944030761719
3558,193.5542755126953
3559,52.57909393310547
3560,298.82086181640625
3561,-34.19522476196289
3562,58.154052734375
3563,333.5873107910156
3564,55.455448150634766
3565,308.56298828125
3566,146.8955841064453
3567,-26.46225357055664
3568,201.30133056640625
3569,65.03426361083984
3570,156.6617431640625
3571,170.7556610107422
3572,217.9745330810547
3573,127.13250732421875
3574,327.09368896484375
3575,284.7055358886719
3576,115.64775085449219
3577,194.0169219970703
3578,56.799278259277344
3579,104.78535461425781
3580,85.11509704589844
3581,84.83443450927734
3582,190.7127227783203
3583,19.072383880615234
3584,182.9064178466797
3585,307.1819763183594
3586,67.67686462402344
3587,-13.524890899658203
3588,147.90054321289062
3589,165.14601135253906
3590,-29.607845306396484
3591,39.82942581176758
3592,206.26416015625
3593,145.51898193359375
3594,111.73953247070312
3595,27.308815002441406
3596,23.293973922729492
3597,58.16809844970703
3598,117.9437026977539
3599,69.91920471191406
3600,33.60343933105469
3601,213.24142456054688
3602,203.55502319335938
3603,143.11573791503906
3604,54.41155242919922
3605,69.64350891113281
3606,267.6793518066406
3607,3.7542967796325684
3608,260.28271484375
3609,110.96439361572266
3610,143.1704864501953
3611,227.60426330566406
3612,217.10867309570312
3613,-70.94580841064453
3614,222.20083618164062
3615,136.1677703857422
3616,252.9862823486328
3617,208.62217712402344
3618,38.73987579345703
3619,14.098628997802734
3620,90.3111343383789
3621,258.343994140625
3622,292.57379150390625
3623,382.49102783203125
3624,233.65049743652344
3625,156.36094665527344
3626,60.42803955078125
3627,163.061767578125
3628,198.41709899902344
3629,97.47337341308594
3630,56.56217575073242
3631,124.1583251953125
3632,297.3261413574219
3633,32.664405822753906
3634,327.2629699707031
3635,307.0345458984375
3636,131.49191284179688
3637,273.3145751953125
3638,327.22808837890625
3639,-69.1234359741211
3640,35.7950325012207
3641,253.0126190185547
3642,193.69752502441406
3643,-72.8823471069336
3644,59.07518005371094
3645,83.30482482910156
3646,326.8414001464844
3647,41.46387481689453
3648,188.34918212890625
3649,296.9757995605469
3650,94.84838104248047
3651,89.04023742675781
3652,-9.35195541381836
3653,257.09429931640625
3654,75.25684356689453
3655,1.7516841888427734
3656,-58.233970642089844
3657,105.18653869628906
3658,289.843017578125
3659,64.76587677001953
3660,-11.285655975341797
3661,75.6566162109375
3662,268.3907470703125
3663,135.13320922851562
3664,54.8162841796875
3665,105.30381774902344
3666,244.1196746826172
3667,23.895187377929688
3668,145.35377502441406
3669,266.40966796875
3670,-2.7083687782287598
3671,65.92823791503906
3672,-7.447571754455566
3673,208.22515869140625
3674,310.56597900390625
3675,290.5889892578125
3676,143.70510864257812
3677,209.71664428710938
3678,232.5553741455078
3679,77.27901458740234
3680,165.769287109375
3681,252.38197326660156
3682,137.08103942871094
3683,338.23175048828125
3684,262.923828125
3685,-91.61453247070312
3686,135.64096069335938
3687,216.3889617919922
3688,142.1688232421875
3689,-52.301918029785156
3690,217.9845733642578
3691,230.21054077148438
3692,290.1353759765625
3693,272.521728515625
3694,258.49322509765625
3695,50.280094146728516
3696,123.43861389160156
3697,333.6808776855469
3698,40.988948822021484
3699,251.174072265625
3700,97.010009765625
3701,187.8789825439453
3702,164.25128173828125
3703,157.19259643554688
3704,50.02094268798828
3705,239.5973358154297
3706,6.010232448577881
3707,31.47753143310547
3708,184.7089080810547
3709,134.39588928222656
3710,45.24461364746094
3711,164.71527099609375
3712,44.83356475830078
3713,60.60946273803711
3714,3.3363351821899414
3715,102.16236114501953
3716,84.0464096069336
3717,154.9335479736328
3718,272.20068359375
3719,235.0862579345703
3720,219.1116943359375
3721,106.17432403564453
3722,72.60050201416016
3723,90.5985107421875
3724,72.48772430419922
3725,-14.876325607299805
3726,242.47366333007812
3727,126.18672180175781
3728,254.0645751953125
3729,265.8650817871094
3730,221.28623962402344
3731,251.16900634765625
3732,283.84173583984375
3733,303.02130126953125
3734,217.3317413330078
3735,49.90991973876953
3736,172.59320068359375
3737,87.70948028564453
3738,152.82188415527344
3739,111.74968719482422
3740,254.1603240966797
3741,55.96847152709961
3742,179.04786682128906
3743,249.60279846191406
3744,250.8956298828125
3745,266.38970947265625
3746,179.18218994140625
3747,153.00149536132812
3748,303.92218017578125
3749,53.94962692260742
3750,349.96734619140625
3751,202.1685791015625
3752,131.03475952148438
3753,128.73922729492188
3754,9.403255462646484
3755,210.90664672851562
3756,59.94438934326172
3757,19.842702865600586
3758,136.1250762939453
3759,37.34089660644531
3760,226.0242156982422
3761,254.93148803710938
3762,194.52842712402344
3763,191.4706573486328
3764,142.8433837890625
3765,173.62838745117188
3766,289.50909423828125
3767,281.44659423828125
3768,184.47059631347656
3769,52.86037826538086
3770,145.65882873535156
3771,-24.38204574584961
3772,347.130615234375
3773,58.38636016845703
3774,171.6239471435547
3775,264.7147216796875
3776,121.81460571289062
3777,73.05030059814453
3778,284.9813232421875
3779,-58.1112060546875
3780,151.31787109375
3781,307.62518310546875
3782,224.13050842285156
3783,79.46499633789062
3784,75.52481079101562
3785,321.5247497558594
3786,2.462100028991699
3787,144.7269287109375
3788,4.064001560211182
3789,202.20758056640625
3790,-34.69660186767578
3791,29.023155212402344
3792,274.5664367675781
3793,132.73968505859375
3794,270.7816162109375
3795,172.98634338378906
3796,360.6104736328125
3797,46.2420654296875
3798,53.36121368408203
3799,16.109874725341797
3800,249.8011016845703
3801,-73.77014923095703
3802,87.92459106445312
3803,86.18014526367188
3804,72.55842590332031
3805,220.9166259765625
3806,373.34271240234375
3807,129.23471069335938
3808,173.32180786132812
3809,204.47682189941406
3810,292.5145263671875
3811,52.79448318481445
3812,324.3729248046875
3813,90.10319519042969
3814,131.2211456298828
3815,276.48468017578125
3816,128.988525390625
3817,135.31536865234375
3818,125.16631317138672
3819,44.88966369628906
3820,54.68624496459961
3821,218.19940185546875
3822,95.49604034423828
3823,67.8277587890625
3824,172.7296142578125
3825,390.0567626953125
3826,82.87067413330078
3827,40.74180603027344
3828,393.83673095703125
3829,200.6092529296875
3830,-14.91870403289795
3831,229.7249755859375
3832,5.2775373458862305
3833,18.989709854125977
3834,262.49603271484375
3835,21.31893539428711
3836,95.27433776855469
3837,101.64371490478516
3838,355.1168212890625
3839,43.12708282470703
3840,76.5853271484375
3841,4.687638282775879
3842,258.1759033203125
3843,340.5985107421875
3844,257.52850341796875
3845,128.68336486816406
3846,108.42161560058594
3847,251.04750061035156
3848,146.20709228515625
3849,175.59197998046875
3850,105.5906982421875
3851,209.8058319091797
3852,273.60443115234375
3853,-59.09611511230469
3854,140.55401611328125
3855,64.55708312988281
3856,115.66412353515625
3857,140.6119384765625
3858,44.9117431640625
3859,219.23928833007812
3860,272.16302490234375
3861,56.617820739746094
3862,94.2081069946289
3863,21.9637393951416
3864,312.38128662109375
3865,367.07720947265625
3866,57.4512939453125
3867,42.104515075683594
3868,27.690425872802734
3869,192.39772033691406
3870,208.6049346923828
3871,173.5020294189453
3872,329.48345947265625
3873,124.87391662597656
3874,313.5720520019531
3875,33.46019744873047
3876,282.3385314941406
3877,0.648460865020752
3878,47.603843688964844
3879,210.1547088623047
3880,249.24032592773438
3881,234.49871826171875
3882,80.02410888671875
3883,120.26625061035156
3884,115.00797271728516
3885,146.87937927246094
3886,125.5655517578125
3887,22.247774124145508
3888,207.32247924804688
3889,130.67306518554688
3890,125.89291381835938
3891,208.93211364746094
3892,120.72492980957031
3893,162.56161499023438
3894,113.61663055419922
3895,129.66036987304688
3896,217.17474365234375
3897,54.489967346191406
3898,43.22205352783203
3899,216.13809204101562
3900,-52.68296432495117
3901,115.52483367919922
3902,45.68879318237305
3903,80.91703796386719
3904,152.04327392578125
3905,11.161969184875488
3906,-40.081825256347656
3907,272.2330322265625
3908,134.0346221923828
3909,163.7063446044922
3910,29.509639739990234
3911,46.685001373291016
3912,3.0871315002441406
3913,230.81321716308594
3914,86.0882339477539
3915,171.77597045898438
3916,313.66619873046875
3917,44.280494689941406
3918,37.35274124145508
3919,84.91767120361328
3920,51.592193603515625
3921,65.26347351074219
3922,58.624969482421875
3923,282.5260314941406
3924,144.4565887451172
3925,208.73825073242188
3926,263.61651611328125
3927,163.32460021972656
3928,232.577880859375
3929,185.6997833251953
3930,221.57632446289062
3931,175.13035583496094
3932,232.3091278076172
3933,20.3492431640625
3934,271.7334899902344
3935,139.76235961914062
3936,72.71407318115234
3937,142.8143768310547
3938,147.1981658935547
3939,-37.726932525634766
3940,-60.4749641418457
3941,32.23249435424805
3942,231.38226318359375
3943,269.46697998046875
3944,-68.88079071044922
3945,275.66705322265625
3946,145.6167755126953
3947,89.64457702636719
3948,263.43865966796875
3949,217.18084716796875
3950,74.39461517333984
3951,140.0841522216797
3952,268.2226257324219
3953,32.69375228881836
3954,27.568744659423828
3955,118.54891204833984
3956,272.9781799316406
3957,124.84336853027344
3958,145.06283569335938
3959,25.064414978027344
3960,175.17237854003906
3961,165.21351623535156
3962,35.80839538574219
3963,166.18373107910156
3964,-44.83026123046875
3965,9.321292877197266
3966,150.9873504638672
3967,228.6936798095703
3968,214.14578247070312
3969,252.3258819580078
3970,162.7222137451172
3971,269.95562744140625
3972,246.79647827148438
3973,282.89447021484375
3974,192.7584686279297
3975,223.3228302001953
3976,302.620361328125
3977,292.03759765625
3978,254.8961639404297
3979,32.56496047973633
3980,245.06324768066406
3981,145.56813049316406
3982,304.3150329589844
3983,20.524038314819336
3984,9.614697456359863
3985,76.56570434570312
3986,93.48300170898438
3987,58.17713165283203
3988,69.57148742675781
3989,237.0537109375
3990,289.53411865234375
3991,20.468067169189453
3992,98.51079559326172
3993,155.6602020263672
3994,213.32362365722656
3995,195.11961364746094
3996,109.57380676269531
3997,230.44647216796875
3998,244.11778259277344
3999,217.52810668945312
4000,225.1956787109375
4001,269.5252685546875
4002,252.31434631347656
4003,77.54500579833984
4004,168.91148376464844
4005,111.50302124023438
4006,185.8983612060547
4007,126.81480407714844
4008,240.86961364746094
4009,201.6507568359375
4010,33.41790008544922
4011,-2.183124303817749
4012,254.2349853515625
4013,261.90460205078125
4014,5.85485315322876
4015,-38.44655227661133
4016,105.26992797851562
4017,194.08041381835938
4018,22.151676177978516
4019,274.83251953125
4020,328.6698303222656
4021,280.4762878417969
4022,-60.911922454833984
4023,55.275875091552734
4024,52.826629638671875
4025,130.12806701660156
4026,147.8121337890625
4027,117.42252349853516
4028,136.5627899169922
4029,85.96296691894531
4030,207.64088439941406
4031,43.4708366394043
4032,110.07609558105469
4033,104.61376953125
4034,236.9413604736328
4035,365.8643798828125
4036,37.88105773925781
4037,45.36433410644531
4038,265.82989501953125
4039,243.5943145751953
4040,330.7110595703125
4041,205.18914794921875
4042,74.17919921875
4043,253.69940185546875
4044,150.5588836669922
4045,58.467559814453125
4046,282.71734619140625
4047,29.862018585205078
4048,143.7918243408203
4049,303.07232666015625
4050,50.546165466308594
4051,9.405096054077148
4052,145.178955078125
4053,89.6444320678711
4054,69.70849609375
4055,-21.600448608398438
4056,-65.8112564086914
4057,90.80025482177734
4058,200.83790588378906
4059,35.75586700439453
4060,61.13697052001953
4061,192.0221710205078
4062,172.61196899414062
4063,-56.28971862792969
4064,179.93125915527344
4065,-49.796688079833984
4066,185.51564025878906
4067,232.34275817871094
4068,240.68702697753906
4069,239.27169799804688
4070,156.10401916503906
4071,105.94731903076172
4072,67.4447021484375
4073,182.90940856933594
4074,62.59174346923828
4075,158.98081970214844
4076,49.72702407836914
4077,68.0926284790039
4078,103.30877685546875
4079,230.0255889892578
4080,302.4688415527344
4081,346.11993408203125
4082,138.93101501464844
4083,180.9052734375
4084,79.98767852783203
4085,225.77865600585938
4086,7.287923812866211
4087,189.85433959960938
4088,286.6985168457031
4089,295.68597412109375
4090,205.54273986816406
4091,0.4543650150299072
4092,136.8896484375
4093,190.03787231445312
4094,-28.187030792236328
4095,279.7479248046875
4096,43.700443267822266
4097,229.65182495117188
4098,54.66184997558594
4099,219.83773803710938
4100,330.312744140625
4101,251.22335815429688
4102,52.22931671142578
4103,335.58514404296875
4104,229.12063598632812
4105,-4.4812188148498535
4106,60.32133483886719
4107,-68.11373901367188
4108,112.85667419433594
4109,103.4645004272461
4110,205.65585327148438
4111,108.75323486328125
4112,278.4561767578125
4113,301.6824035644531
4114,225.64462280273438
4115,346.34637451171875
4116,293.2466125488281
4117,128.7234344482422
4118,67.88715362548828
4119,-17.52813720703125
4120,142.80348205566406
4121,153.50711059570312
4122,24.512815475463867
4123,211.71682739257812
4124,109.41761016845703
4125,163.4663543701172
4126,184.6458740234375
4127,258.8275146484375
4128,95.53382873535156
4129,302.00885009765625
4130,-24.828828811645508
4131,44.734004974365234
4132,82.44259643554688
4133,105.24580383300781
4134,132.51992797851562
4135,194.62876892089844
4136,-24.758352279663086
4137,89.71012115478516
4138,31.730056762695312
4139,9.014037132263184
4140,-74.94074249267578
4141,299.84112548828125
4142,232.09568786621094
4143,110.81282806396484
4144,0.0
4145,0.0
4146,0.0
4147,0.0
4148,0.0
4149,0.0
4150,0.0
4151,0.0
4152,0.0
4153,0.0
4154,0.0
4155,0.0
4156,0.0
4157,0.0
4158,0.0
4159,0.0
4160,0.0
4161,0.0
4162,0.0
4163,0.0
4164,0.0
4165,0.0
4166,0.0
4167,0.0
4168,0.0
4169,0.0
4170,0.0
4171,0.0
4172,0.0
4173,0.0
4174,0.0
4175,0.0
4176,0.0
4177,0.0
4178,0.0
4179,0.0
4180,0.0
4181,0.0
4182,0.0
4183,0.0
4184,0.0
4185,0.0
4186,0.0
4187,0.0
4188,0.0
4189,0.0
4190,0.0
4191,0.0
4192,0.0
4193,0.0
4194,0.0
4195,0.0
4196,0.0
4197,0.0
4198,0.0
4199,0.0
4200,0.0
4201,0.0
4202,0.0
4203,0.0
4204,0.0
4205,0.0
4206,0.0
4207,0.0
4208,0.0
4209,0.0
4210,0.0
4211,0.0
4212,0.0
4213,0.0
4214,0.0
4215,0.0
4216,0.0
4217,0.0
4218,0.0
4219,0.0
4220,0.0
4221,0.0
4222,0.0
4223,0.0
4224,0.0
4225,0.0
4226,0.0
4227,0.0
4228,0.0
4229,0.0
4230,0.0
4231,0.0
4232,0.0
4233,0.0
4234,0.0
4235,0.0
4236,0.0
4237,0.0
4238,0.0
4239,0.0
4240,0.0
4241,0.0
4242,0.0
4243,0.0
4244,0.0
4245,0.0
4246,0.0
4247,0.0
4248,0.0
4249,0.0
4250,0.0
4251,0.0
4252,0.0
4253,0.0
4254,0.0
4255,0.0
4256,0.0
4257,0.0
4258,0.0
4259,0.0
4260,0.0
4261,0.0
4262,0.0
4263,0.0
4264,0.0
4265,0.0
4266,0.0
4267,0.0
4268,0.0
4269,0.0
4270,0.0
4271,0.0
4272,0.0
4273,0.0
4274,0.0
4275,0.0
4276,0.0
4277,0.0
4278,0.0
4279,0.0
4280,0.0
4281,0.0
4282,0.0
4283,0.0
4284,0.0
4285,0.0
4286,0.0
4287,0.0
4288,0.0
4289,0.0
4290,0.0
4291,0.0
4292,0.0
4293,0.0
4294,0.0
4295,0.0
4296,0.0
4297,0.0
4298,0.0
4299,0.0
4300,0.0
4301,0.0
4302,0.0
4303,0.0
4304,0.0
4305,0.0
4306,0.0
4307,0.0
4308,0.0
4309,0.0
4310,0.0
4311,0.0
4312,0.0
4313,0.0
4314,0.0
4315,0.0
4316,0.0
4317,0.0
4318,0.0
4319,0.0
4320,0.0
4321,0.0
4322,0.0
4323,0.0
4324,0.0
4325,0.0
4326,0.0
4327,0.0
4328,0.0
4329,0.0
4330,0.0
4331,0.0
4332,0.0
4333,0.0
4334,0.0
4335,0.0
4336,0.0
4337,0.0
4338,0.0
4339,0.0
4340,0.0
4341,0.0
4342,0.0
4343,0.0
4344,0.0
4345,0.0
4346,0.0
4347,0.0
4348,0.0
4349,0.0
4350,0.0
4351,0.0
4352,0.0
4353,0.0
4354,0.0
4355,0.0
4356,0.0
4357,0.0
4358,0.0
4359,0.0
4360,0.0
4361,0.0
4362,0.0
4363,0.0
4364,0.0
4365,0.0
4366,0.0
4367,0.0
4368,0.0
4369,0.0
4370,0.0
4371,0.0
4372,0.0
4373,0.0
4374,0.0
4375,0.0
4376,0.0
4377,0.0
4378,0.0
4379,0.0
4380,0.0
4381,0.0
4382,0.0
4383,0.0
4384,0.0
4385,0.0
4386,0.0
4387,0.0
4388,0.0
4389,0.0
4390,0.0
4391,0.0
4392,0.0
4393,0.0
4394,0.0
4395,0.0
4396,0.0
4397,0.0
4398,0.0
4399,0.0
4400,0.0
4401,0.0
4402,0.0
4403,0.0
4404,0.0
4405,0.0
4406,0.0
4407,0.0
4408,0.0
4409,0.0
4410,0.0
4411,0.0
4412,0.0
4413,0.0
4414,0.0
4415,0.0
4416,0.0
4417,0.0
4418,0.0
4419,0.0
4420,0.0
4421,0.0
4422,0.0
4423,0.0
4424,0.0
4425,0.0
4426,0.0
4427,0.0
4428,0.0
4429,0.0
4430,0.0
4431,0.0
4432,0.0
4433,0.0
4434,0.0
4435,0.0
4436,0.0
4437,0.0
4438,0.0
4439,0.0
4440,0.0
4441,0.0
4442,0.0
4443,0.0
4444,0.0
4445,0.0
4446,0.0
4447,0.0
4448,0.0
4449,0.0
4450,0.0
4451,0.0
4452,0.0
4453,0.0
4454,0.0
4455,0.0
4456,0.0
4457,0.0
4458,0.0
4459,0.0
4460,0.0
4461,0.0
4462,0.0
4463,0.0
4464,0.0
4465,0.0
4466,0.0
4467,0.0
4468,0.0
4469,0.0
4470,0.0
4471,0.0
4472,0.0
4473,0.0
4474,0.0
4475,0.0
4476,0.0
4477,0.0
4478,0.0
4479,0.0
4480,0.0
4481,0.0
4482,0.0
4483,0.0
4484,0.0
4485,0.0
4486,0.0
4487,0.0
4488,0.0
4489,0.0
4490,0.0
4491,0.0
4492,0.0
4493,0.0
4494,0.0
4495,0.0
4496,0.0
4497,0.0
4498,0.0
4499,0.0
4500,0.0
4501,0.0
4502,0.0
4503,0.0
4504,0.0
4505,0.0
4506,0.0
4507,0.0
4508,0.0
4509,0.0
4510,0.0
4511,0.0
4512,0.0
4513,0.0
4514,0.0
4515,0.0
4516,0.0
4517,0.0
4518,0.0
4519,0.0
4520,0.0
4521,0.0
4522,0.0
4523,0.0
4524,0.0
4525,0.0
4526,0.0
4527,0.0
4528,0.0
4529,0.0
4530,0.0
4531,0.0
4532,0.0
4533,0.0
4534,0.0
4535,0.0
4536,0.0
4537,0.0
4538,0.0
4539,0.0
4540,0.0
4541,0.0
4542,0.0
4543,0.0
4544,0.0
4545,0.0
4546,0.0
4547,0.0
4548,0.0
4549,0.0
4550,0.0
4551,0.0
4552,0.0
4553,0.0
4554,0.0
4555,0.0
4556,0.0
4557,0.0
4558,0.0
4559,0.0
4560,0.0
4561,0.0
4562,0.0
4563,0.0
4564,0.0
4565,0.0
4566,0.0
4567,0.0
4568,0.0
4569,0.0
4570,0.0
4571,0.0
4572,0.0
4573,0.0
4574,0.0
4575,0.0
4576,0.0
4577,0.0
4578,0.0
4579,0.0
4580,0.0
4581,0.0
4582,0.0
4583,0.0
4584,0.0
4585,0.0
4586,0.0
4587,0.0
4588,0.0
4589,0.0
4590,0.0
4591,0.0
4592,0.0
4593,0.0
4594,0.0
4595,0.0
4596,0.0
4597,0.0
4598,0.0
4599,0.0
4600,0.0
4601,0.0
4602,0.0
4603,0.0
4604,0.0
4605,0.0
4606,0.0
4607,0.0
4608,0.0
4609,0.0
4610,0.0
4611,0.0
4612,0.0
4613,0.0
4614,0.0
4615,0.0
4616,0.0
4617,0.0
4618,0.0
4619,0.0
4620,0.0
4621,0.0
4622,0.0
4623,0.0
4624,0.0
4625,0.0
4626,0.0
4627,0.0
4628,0.0
4629,0.0
4630,0.0
4631,0.0
4632,0.0
4633,0.0
4634,0.0
4635,0.0
4636,0.0
4637,0.0
4638,0.0
4639,0.0
4640,0.0
4641,0.0
4642,0.0
4643,0.0
4644,0.0
4645,0.0
4646,0.0
4647,0.0
4648,0.0
4649,0.0
4650,0.0
4651,0.0
4652,0.0
4653,0.0
4654,0.0
4655,0.0
4656,0.0
4657,0.0
4658,0.0
4659,0.0
4660,0.0
4661,0.0
4662,0.0
4663,0.0
4664,0.0
4665,0.0
4666,0.0
4667,0.0
4668,0.0
4669,0.0
4670,0.0
4671,0.0
4672,0.0
4673,0.0
4674,0.0
4675,0.0
4676,0.0
4677,0.0
4678,0.0
4679,0.0
4680,0.0
4681,0.0
4682,0.0
4683,0.0
4684,0.0
4685,0.0
4686,0.0
4687,0.0
4688,0.0
4689,0.0
4690,0.0
4691,0.0
4692,0.0
4693,0.0
4694,0.0
4695,0.0
4696,0.0
4697,0.0
4698,0.0
4699,0.0
4700,0.0
4701,0.0
4702,0.0
4703,0.0
4704,0.0
4705,0.0
4706,0.0
4707,0.0
4708,0.0
4709,0.0
4710,0.0
4711,0.0
4712,0.0
4713,0.0
4714,0.0
4715,0.0
4716,0.0
4717,0.0
4718,0.0
4719,0.0
4720,0.0
4721,0.0
4722,0.0
4723,0.0
4724,0.0
4725,0.0
4726,0.0
4727,0.0
4728,0.0
4729,0.0
4730,0.0
4731,0.0
4732,0.0
4733,0.0
4734,0.0
4735,0.0
4736,0.0
4737,0.0
4738,0.0
4739,0.0
4740,0.0
4741,0.0
4742,0.0
4743,0.0
4744,0.0
4745,0.0
4746,0.0
4747,0.0
4748,0.0
4749,0.0
4750,0.0
4751,0.0
4752,0.0
4753,0.0
4754,0.0
4755,0.0
4756,0.0
4757,0.0
4758,0.0
4759,0.0
4760,0.0
4761,0.0
4762,0.0
4763,0.0
4764,0.0
4765,0.0
4766,0.0
4767,0.0
4768,0.0
4769,0.0
4770,0.0
4771,0.0
4772,0.0
4773,0.0
4774,0.0
4775,0.0
4776,0.0
4777,0.0
4778,0.0
4779,0.0
4780,0.0
4781,0.0
4782,0.0
4783,0.0
4784,0.0
4785,0.0
4786,0.0
4787,0.0
4788,0.0
4789,0.0
4790,0.0
4791,0.0
4792,0.0
4793,0.0
4794,0.0
4795,0.0
4796,0.0
4797,0.0
4798,0.0
4799,0.0
4800,0.0
4801,0.0
4802,0.0
4803,0.0
4804,0.0
4805,0.0
4806,0.0
4807,0.0
4808,0.0
4809,0.0
4810,0.0
4811,0.0
4812,0.0
4813,0.0
4814,0.0
4815,0.0
4816,0.0
4817,0.0
4818,0.0
4819,0.0
4820,0.0
4821,0.0
4822,0.0
4823,0.0
4824,0.0
4825,0.0
4826,0.0
4827,0.0
4828,0.0
4829,0.0
4830,0.0
4831,0.0
4832,0.0
4833,0.0
4834,0.0
4835,0.0
4836,0.0
4837,0.0
4838,0.0
4839,0.0
4840,0.0
4841,0.0
4842,0.0
4843,0.0
4844,0.0
4845,0.0
4846,0.0
4847,0.0
4848,0.0
4849,0.0
4850,0.0
4851,0.0
4852,0.0
4853,0.0
4854,0.0
4855,0.0
4856,0.0
4857,0.0
4858,0.0
4859,0.0
4860,0.0
4861,0.0
4862,0.0
4863,0.0
4864,0.0
4865,0.0
4866,0.0
4867,0.0
4868,0.0
4869,0.0
4870,0.0
4871,0.0
4872,0.0
4873,0.0
4874,0.0
4875,0.0
4876,0.0
4877,0.0
4878,0.0
4879,0.0
4880,0.0
4881,0.0
4882,0.0
4883,0.0
4884,0.0
4885,0.0
4886,0.0
4887,0.0
4888,0.0
4889,0.0
4890,0.0
4891,0.0
4892,0.0
4893,0.0
4894,0.0
4895,0.0
4896,0.0
4897,0.0
4898,0.0
4899,0.0
4900,0.0
4901,0.0
4902,0.0
4903,0.0
4904,0.0
4905,0.0
4906,0.0
4907,0.0
4908,0.0
4909,0.0
4910,0.0
4911,0.0
4912,0.0
4913,0.0
4914,0.0
4915,0.0
4916,0.0
4917,0.0
4918,0.0
4919,0.0
4920,0.0
4921,0.0
4922,0.0
4923,0.0
4924,0.0
4925,0.0
4926,0.0
4927,0.0
4928,0.0
4929,0.0
4930,0.0
4931,0.0
4932,0.0
4933,0.0
4934,0.0
4935,0.0
4936,0.0
4937,0.0
4938,0.0
4939,0.0
4940,0.0
