id,target
1,4.05596276598634
2,2.3666309826841836
3,318.72598672317315
4,-69.19281300801282
5,4.060709683004976
6,6.65792931634242
7,5.383830388363101
8,70.13182450362788
9,82.9902664003365
10,52.196202585270235
11,37.07961114265624
12,-7.455158986305424
13,258.22340622546415
14,186.87157912094932
15,3.9035000327612916
16,288.8659254823251
17,3.4152448858114193
18,96.95721025862822
19,3.165168922577153
20,6.5755465793207275
21,-60.25043735313185
22,56.303798857298595
23,3.802402144704824
24,2.7721104284962728
25,32.64077053068594
26,85.1861180618981
27,1.2575671663609884
28,168.3054809499435
29,43.225419480419625
30,3.5592666115439098
31,6.149470831707573
32,35.94875987039908
33,50.5740176451745
34,3.7583650289416473
35,2.269030197586924
36,6.606318431240682
37,261.9750361114345
38,236.97666556506894
39,57.41010899355235
40,144.29691572274248
41,-50.70268830402729
42,2.8772383410156395
43,5.748465633062188
44,4.589527832911625
45,128.43169238845917
46,53.58776870422443
47,2.6167545137252493
48,-91.063965307305
49,3.7599920770325648
50,1.8087602561492373
51,274.0911067254359
52,3.0984082321917885
53,2.4982281286184245
54,74.2071816280756
55,2.881410487831945
56,4.222174080464178
57,5.656522290968128
58,161.69665110766104
59,245.0252663199598
60,6.711736433724134
61,2.2751751218562797
62,232.89103274791853
63,6.584267685295185
64,2.6873572183401677
65,2.706751619862534
66,4.560659297385419
67,5.223152566310494
68,213.07517993070445
69,144.63681280951027
70,2.116960653462712
71,2.3843020978118044
72,2.334507052479367
73,25.687620383666
74,248.29461932066442
75,166.63775755441213
76,5.989378099119045
77,5.890086068639604
78,132.42354213224485
79,257.9244258619524
80,3.6984626507173433
81,36.44698596741766
82,4.587791599094773
83,175.27127192523727
84,38.94588104363963
85,3.4889795590697297
86,2.2873793542395426
87,72.4104035407118
88,190.95656474864617
89,6.09837163579225
90,5.260507115530406
91,49.99324121746047
92,34.24324648115469
93,20.61890756799784
94,5.322699451304041
95,3.886862422405096
96,2.988315574323829
97,6.953709245213489
98,227.00242775088202
99,92.1689841870393
100,276.21877903601444
101,5.782869193362646
102,267.9291013673262
103,3.2435670290522545
104,6.350283313765539
105,125.12290801846395
106,-8.284253399793375
107,273.7763046102111
108,2.5138565290944785
109,175.34904984162753
110,3.166019695433554
111,61.167091237579804
112,2.127862305194814
113,195.8681693782512
114,6.623141297793025
115,5.496931430221037
116,399.906757226614
117,226.47286112964625
118,167.0365767993482
119,245.027191092807
120,306.05511979858454
121,160.30611660325906
122,3.5368043168156587
123,103.5229320500096
124,260.250934552848
125,127.52193905037348
126,6.35484401734701
127,136.49941162189742
128,4.060312961222955
129,232.57850777375194
130,86.42488821321021
131,60.913160451536214
132,-12.760974650478367
133,-19.758759028592095
134,305.5300766034577
135,6.00207564814405
136,1.9544914256709598
137,143.78434375053573
138,5.835448007118868
139,210.99023971559302
140,289.73348569160464
141,55.03735196651489
142,-2.308185169104511
143,67.64628915013834
144,22.122498523134585
145,6.51456692888629
146,166.04957844195977
147,221.0256442041045
148,2.1313090465337576
149,217.88960873658849
150,71.2630557324407
151,283.33110062740866
152,273.57260432949704
153,174.27064807243818
154,37.19534992686044
155,4.349631850841893
156,221.50461097344595
157,128.86074646639926
158,123.51854922285455
159,139.11265226051617
160,6.328351681030711
161,48.58977576218656
162,4.580035131285625
163,267.87061687941946
164,3.0320171266042544
165,49.39186314546027
166,215.54271046149557
167,312.8229470392397
168,7.094227928004521
169,1.8756910147048187
170,251.0929265888683
171,2.9337088585472504
172,4.236991685669351
173,-26.29809536773918
174,4.055291165890883
175,5.630895512918638
176,127.81107380922595
177,76.07629040801697
178,331.3332325298793
179,151.1974162989986
180,220.74745262712557
181,6.539322789631903
182,2.3482096108262827
183,297.1970272393654
184,6.869674768524064
185,1.6499369704038895
186,3.6079245433198275
187,3.0232713878144533
188,3.9578357203808077
189,83.0285248391214
190,4.368371621610344
191,2.327045959339373
192,33.23106368852817
193,3.116233299360903
194,329.7186274426041
195,90.28197380653708
196,273.3979497281565
197,143.36346803974095
198,227.78652179373842
199,64.31514234601454
200,2.2853573657257162
201,3.209660908494442
202,82.74148898126792
203,49.26121131909466
204,4.332176537385254
205,262.9643787164804
206,47.99004617219261
207,231.90545688673896
208,153.96777931286832
209,71.03912495156997
210,172.96984510408666
211,53.44925743190142
212,107.87986855323655
213,260.72782466842716
214,79.76492815185323
215,10.680519896453665
216,177.60779048044793
217,68.22855106975301
218,186.90348669878014
219,219.06579457179484
220,5.826693875188016
221,213.70271512512508
222,169.66832208141113
223,2.922567447377368
224,196.22350461702433
225,256.9320366430792
226,230.40048807234356
227,45.430398412945024
228,268.0331664030557
229,263.5581442004475
230,1.5203856974699386
231,221.71105249217013
232,42.753731703892036
233,58.10145162209908
234,247.65865753564748
235,115.2057104967591
236,2.1306902870063547
237,6.207797253944646
238,34.6268332909578
239,6.1927765419112335
240,179.69245988217818
241,317.1259418954397
242,233.88004334030282
243,3.9793957706433556
244,3.833936149763587
245,44.62211334517002
246,123.33986119274843
247,127.12533902935488
248,5.386123796229655
249,5.76980938353415
250,56.49427871636571
251,67.5009904939958
252,213.3915306852893
253,7.688838675677675
254,153.92266942780947
255,-55.37279347669338
256,6.781009446797327
257,2.0989232603223935
258,78.6521065898664
259,277.9982058340041
260,2.300964794287652
261,5.73448708588892
262,6.35931544836124
263,-46.319065375380816
264,3.8556103703972457
265,3.556265329243453
266,1.9808845707731582
267,3.6719193008794675
268,1.4649079041383397
269,197.98225547759455
270,3.027974241690332
271,167.46612483796287
272,125.9735414190486
273,4.652579069224352
274,4.673873334033422
275,332.8273326044615
276,177.30917346478807
277,224.38778357383325
278,-60.00725571231439
279,4.341063176600769
280,190.6425520471138
281,5.1118063996106855
282,158.1235468391552
283,246.77238560122152
284,144.71418564779762
285,246.16692598462365
286,148.85062738904819
287,245.37178948263653
288,6.546302119202478
289,127.0565996971454
290,4.709734260365634
291,123.22229129600862
292,3.8132342489982074
293,80.19680488107548
294,97.8794551062929
295,5.3216720704103855
296,120.85137856715771
297,50.149439048752114
298,-61.99338837361179
299,218.10189964195567
300,5.768854738928017
301,4.069230975430387
302,5.115518284610468
303,4.3930131739939755
304,4.094947835816054
305,4.875178378674547
306,214.81496401612605
307,3.0821551664537368
308,3.113855989098338
309,124.4626298542329
310,2.3050084271464186
311,2.240477230196422
312,3.5158039485279966
313,130.9536016471694
314,4.29149384601727
315,0.46508300710880723
316,2.4586836971579893
317,4.597412785098109
318,3.9235291161293437
319,68.84262056635404
320,1.8676055899741826
321,6.395212288460043
322,2.7228776289725074
323,1.820206902962012
324,2.399253193766951
325,3.675177140791312
326,4.928112449783199
327,40.67109890816626
328,4.586656110682133
329,96.71673520529629
330,55.767105878560685
331,1.9934135283699788
332,5.698394843685298
333,3.230016082398932
334,6.741042468337062
335,144.23989943241105
336,3.844635188882478
337,2.2961625927249782
338,146.15807999491156
339,45.812772170067475
340,297.933240818365
341,135.12428301675425
342,73.17696766265664
343,3.44366763419906
344,2.7720521695394047
345,129.43031736411547
346,2.794291304510713
347,5.136332152463458
348,53.8452715779666
349,-55.352745290734966
350,139.95979446894253
351,248.37410012192626
352,30.187884022876375
353,1.0853766337911912
354,5.884114371535651
355,314.91484057239984
356,217.68873847452517
357,3.049880015272698
358,-4.698110279642756
359,4.275183417930379
360,149.28929921095713
361,4.277972903168011
362,5.552678637627765
363,25.293436155245885
364,4.436128789189431
365,5.31199038870963
366,73.22961512213456
367,4.711613721962393
368,244.25697092604833
369,4.870000518053023
370,-38.159443761244894
371,261.299661217642
372,75.63509143671175
373,176.18990432549234
374,7.248863944193355
375,101.34103344942437
376,2.8305123496938482
377,2.7925698705224535
378,3.839133717221541
379,3.3399300503502447
380,0.684393758560339
381,5.993515688987771
382,6.858348528134282
383,148.93140494403556
384,1.8092786121311102
385,3.909232830923373
386,285.8169630949916
387,2.671608082625406
388,4.059987358111711
389,56.321721636297504
390,5.2635772008049635
391,170.44004280427814
392,6.296279894229989
393,3.863252855292757
394,317.7125767823262
395,183.01876626955
396,2.8422404124756793
397,1.7971217939973319
398,6.351395777107374
399,180.8165158445617
400,235.96254378972534
401,1.6758760440167384
402,6.382276923162239
403,5.839920631505194
404,5.839418161600227
405,10.991347864724661
406,7.354560833132748
407,-66.41102755926056
408,4.278384911600749
409,2.703676139631529
410,3.6058676995791483
411,2.425146295400924
412,-5.262155085807414
413,341.55623544288903
414,5.899249679238243
415,51.465944994624394
416,3.440366533549837
417,6.732449037767879
418,5.461485910447221
419,5.41337753154187
420,4.352216424003166
421,148.7551111367208
422,156.44736863387197
423,163.22052683597596
424,159.11585810859202
425,5.8384050375021275
426,226.27962760536764
427,3.6538882173508354
428,221.5071998215137
429,2.818911523283369
430,4.54409030622583
431,267.335500155216
432,143.30124394714906
433,20.686500882495352
434,6.108199111187654
435,56.505967886234615
436,253.39566847722975
437,233.859636891422
438,161.70598362890675
439,5.930200888989235
440,261.9034262086766
441,231.21000569090864
442,107.77927425733242
443,326.0296925929715
444,5.5443238017725465
445,6.304984072992032
446,66.2011451665351
447,1.4147150417529186
448,6.232251450157257
449,309.75147796397175
450,275.84358100159307
451,165.9391989914774
452,235.74635785767745
453,1.893836478986895
454,4.495007481889959
455,147.2889973172897
456,2.943580912583044
457,4.840137939492145
458,271.4948123646924
459,73.849497974702
460,12.755747271374936
461,125.97713713642173
462,6.518923003070021
463,176.8135638157659
464,5.165842029153754
465,141.7882000127914
466,62.835010455528106
467,2.3922938313262962
468,5.635883100384314
469,37.62307916981255
470,35.12611203018732
471,1.7933042038096316
472,1.8805984249597572
473,39.68996385695606
474,6.05946168545853
475,107.98073165231665
476,6.3692996755236635
477,2.047513029662602
478,4.380373863587133
479,213.51248611963447
480,4.368903464975334
481,6.092595973238234
482,214.2254901204817
483,1.7629770509933342
484,223.47249298245532
485,113.01065147320023
486,4.427027753709371
487,2.287140885352685
488,206.324496420036
489,2.6770270008629162
490,4.617667209288963
491,6.290471410040857
492,3.732031687060051
493,3.816857391018014
494,231.2611771906528
495,5.9135435664039875
496,113.03255792349641
497,6.293666835663203
498,5.704630290671212
499,5.351752799799085
500,6.820097603957501
501,3.149676043921093
502,323.6175550617228
503,100.83606676697791
504,-7.336268723824012
505,1.9134392236487026
506,6.376736236147586
507,337.42383199262895
508,67.55673032660916
509,278.1075959032987
510,4.203438268069475
511,135.08419260868618
512,217.2230988229952
513,231.00510069841343
514,334.81073469475825
515,296.43268639142514
516,238.0674516238383
517,276.61545837639267
518,7.2107544967617425
519,50.56801481262765
520,286.09996149933556
521,1.6444290036494336
522,4.0704522134035726
523,212.64915003856225
524,4.377883725447668
525,157.41463793020807
526,5.8389434207223365
527,4.714864384630966
528,4.252621179207021
529,6.446029237908603
530,260.5767547246886
531,92.48621101497403
532,3.6658137802763786
533,132.7162673129416
534,4.609850892933377
535,7.019743229268473
536,5.94380936520522
537,1.3237237654324472
538,5.008705379973585
539,274.4582782657876
540,260.7192412575657
541,248.2033238113594
542,78.41618503295821
543,83.62811180864497
544,5.413975710039854
545,3.861295409616287
546,3.2991777830105486
547,1.9975232114995083
548,345.8911993848068
549,5.7004508335636945
550,250.95748501600477
551,5.859236403645755
552,114.989940431797
553,3.978543837665738
554,85.48531647829113
555,103.08558160207836
556,240.34284044000603
557,204.3139435043783
558,4.995671264209683
559,6.205450444072562
560,169.87253654890748
561,115.33794600745061
562,156.40435570022512
563,3.087795264659321
564,21.450042448691892
565,166.3646985475498
566,2.736660788610885
567,47.45731358608682
568,108.86978318717804
569,322.3243698310274
570,3.5191821740657536
571,197.4790681747821
572,3.2918891438045774
573,93.86261470626324
574,93.91869448128791
575,7.528848684863474
576,1.865011808991003
577,2.9998126203443314
578,177.2180354254738
579,12.041964480007397
580,276.28497562827806
581,54.225400341019885
582,66.3667189028273
583,5.581219666507925
584,3.1970970382724677
585,149.87530951045355
586,4.983265296930145
587,217.61295378354737
588,2.9812833862575254
589,199.6532366209714
590,277.2177532525984
591,142.83684443542563
592,6.90076549066731
593,240.15990302740934
594,284.57869522673434
595,19.821099390604136
596,5.288050712507717
597,122.60316097262819
598,2.576229446040452
599,87.04333694313677
600,174.6742197091069
601,146.46687965773248
602,19.680720481774173
603,2.039990056863257
604,238.37552277359143
605,2.730386551813805
606,2.628084232376974
607,6.68265830240306
608,43.5013413999501
609,287.0244513779834
610,29.187285989867384
611,73.72840762804518
612,0.21120728212918305
613,27.4897098803833
614,54.59415745912859
615,1.9329104142781048
616,179.41825996883765
617,-61.05344276774478
618,229.16604626358597
619,4.82118789008286
620,5.7108614797907045
621,183.00763871334647
622,101.728732711766
623,165.8469055201458
624,206.31929910452203
625,2.4595548627640187
626,2.1035425123012383
627,78.91011115431071
628,4.295589672849951
629,220.07263447081323
630,4.397490678359474
631,2.267621274715785
632,197.08454067987896
633,126.30742267465098
634,228.80321313017893
635,2.651495149399043
636,107.90204891744955
637,94.93341715518324
638,6.800531987457621
639,27.472844440809325
640,127.25202832062578
641,6.762938837295723
642,3.2268247164648343
643,288.83320530378785
644,3.31678448608559
645,103.78690368387227
646,76.65887478690789
647,187.72266533619887
648,249.1746545193422
649,372.7995215082275
650,327.801228660526
651,125.84121558186376
652,41.18264610431056
653,3.184049814149808
654,192.1833728623503
655,0.416920855542144
656,197.0284897261684
657,155.42745110632484
658,298.1035196064166
659,1.8684221339323512
660,125.548541940132
661,3.9635182519839716
662,131.92268016279127
663,3.955110302372163
664,-41.17966741082791
665,90.57903341224593
666,126.49631709546631
667,245.81387925089834
668,336.45905463726876
669,101.4366380471537
670,203.45855291159788
671,121.58613336044637
672,82.63705152451882
673,4.018627372992686
674,5.683099422692276
675,5.960564909690811
676,5.648418991887176
677,23.040075870961473
678,173.59203423990215
679,5.079409147122476
680,3.1600513655958515
681,1.9272792037674407
682,97.4283258239139
683,5.39623707935261
684,170.53951453237192
685,214.0715782172207
686,5.916547305067479
687,367.3358734843382
688,74.86741346397793
689,104.15719041057524
690,320.25890801357434
691,3.839895675899504
692,75.35274888117578
693,5.271161874589268
694,7.247120791135531
695,10.401534665752942
696,298.403707456386
697,1.0539596192193936
698,236.97912208150046
699,1.820084702211818
700,252.3827124772819
701,3.6020519592076696
702,3.8914451123608558
703,61.2484297309123
704,80.0216563617354
705,157.68427422770122
706,186.60072160582988
707,177.09530532438563
708,68.6069039749783
709,82.75633911847542
710,213.7617083100223
711,240.5573919109206
712,6.4673265110205485
713,20.205699267140353
714,6.610324057803741
715,254.5215611663908
716,3.1034159836710757
717,91.9533243220742
718,363.0390184261479
719,212.87288103309896
720,4.981484847215635
721,143.48454525449444
722,2.1938132796134533
723,6.403253278633498
724,2.017013845977337
725,2.3241563196963306
726,111.71179749755298
727,248.7343820500773
728,58.217408462968436
729,57.66642580771865
730,83.81548884158231
731,286.3044107276586
732,4.619929686339302
733,6.503805089683214
734,20.797773762583443
735,246.3350844985605
736,44.570555234256716
737,48.11388265635645
738,114.08563877014079
739,308.19465181411624
740,141.37062144995556
741,8.970010413192758
742,272.75888570850725
743,113.74109580204623
744,1.7497359045888965
745,283.2658128601897
746,171.3756380203009
747,4.115677932924156
748,64.7853047532855
749,74.81477293094808
750,193.65444921352358
751,46.67687384864609
752,256.2929993815658
753,1.910820776309462
754,245.54296741130233
755,6.372512140941139
756,5.946197765813876
757,212.99957634932773
758,2.0293945772503093
759,62.60695685510986
760,12.526530968158207
761,201.95848372122404
762,5.198285309442623
763,2.1340262362272084
764,56.22742653607222
765,4.4876492217198525
766,36.71999097853454
767,1.202029595701317
768,4.997859777820529
769,5.941666114210311
770,2.086801513674609
771,253.18941409305208
772,66.16319468335489
773,115.67875749132307
774,-33.33315395065004
775,16.755643358694766
776,4.555011626540315
777,216.88824963224624
778,-10.46450436887127
779,159.3170672245452
780,68.14643607984911
781,322.1275276430981
782,3.6681483445809957
783,50.688948451289306
784,2.5933014804572974
785,46.10703979559439
786,128.27515324352814
787,5.5442298161157355
788,1.8963958613062712
789,171.2738798543198
790,83.34654373132453
791,-5.752539706102612
792,120.61254634204178
793,-47.73054477538863
794,328.8202443992883
795,-59.7488190479028
796,111.6045695162216
797,3.5910434481008853
798,54.614766344714816
799,3.2205799657821466
800,5.869077209444794
801,214.75158581429523
802,94.4611950333289
803,159.60723532444536
804,6.671366098360659
805,1.922185355021515
806,171.50119891451428
807,2.658601522822377
808,75.423009863317
809,1.615319956800993
810,51.0084787308649
811,260.18695984226724
812,76.17671650682719
813,266.51153709997664
814,5.890720705914526
815,4.725960234654158
816,6.510465168975172
817,2.4824815185967624
818,6.804313021328101
819,5.534889069731599
820,79.59062569747984
821,5.56542643137511
822,2.0568143354782533
823,31.87420962630307
824,80.4430560448464
825,7.1489513326710465
826,67.97964131601697
827,4.217965839310375
828,5.956032172682503
829,42.8934305222562
830,167.44638517154
831,97.97055302588123
832,6.113615615828685
833,259.5198838025917
834,200.8264216716225
835,151.11895564424796
836,2.2781121592469007
837,73.308113184879
838,163.36424291907193
839,6.14886736933028
840,162.8241679563649
841,139.81376031477342
842,70.09618064539612
843,2.6040597619112855
844,3.3507701001135737
845,5.349794051849103
846,6.10357906525165
847,5.585074629836666
848,152.19086538145706
849,6.178090999514168
850,77.50107121145608
851,25.680883207112576
852,14.898180935155096
853,81.41763819362309
854,1.710671191615127
855,6.810859866571511
856,244.64779570748377
857,85.5803547994196
858,47.46581363452018
859,205.74822235539008
860,2.0590442464239014
861,3.312767051807238
862,2.819912649837395
863,113.60328508086252
864,248.63034391417887
865,281.61917592407247
866,225.18145022127882
867,5.609409169649591
868,119.77049917084332
869,129.03163955773255
870,127.8135501597269
871,162.0214544616753
872,133.80217798453234
873,2.9025452261277236
874,67.44957633498414
875,6.195131917480244
876,105.28578597221717
877,34.401179784670965
878,121.96359135607055
879,5.257210766293056
880,6.69538730489391
881,160.40520678273282
882,5.689207822571144
883,253.26823260150286
884,5.922578163244831
885,179.61601970262052
886,52.55150866790522
887,2.2702621368539937
888,2.17122599523354
889,226.23713480801783
890,3.9472926804671973
891,2.83413284586203
892,57.88805436104542
893,5.123249661224712
894,-28.68974040350451
895,3.5426271835699477
896,219.3529335686528
897,2.50748445232771
898,219.6685069903586
899,-48.35335762453503
900,238.92226584469157
901,3.8554349453022105
902,190.3235403632987
903,5.350437569048578
904,127.46420150292619
905,1.9412618037271152
906,0.7741188965440676
907,197.3641920731616
908,28.11070585561411
909,83.12048202528062
910,2.362107654582431
911,6.664343270832142
912,273.08705866364346
913,159.743102489593
914,288.9748614423112
915,97.30753499978208
916,129.96754878508995
917,-9.27398801924895
918,2.3387301540316017
919,2.8894750753327023
920,388.33534132249076
921,149.52967401874957
922,195.09264549751273
923,2.57226316769376
924,87.36371842836918
925,184.38378803396492
926,51.71039753817351
927,58.532199969229886
928,5.321315965939236
929,73.96102892545656
930,37.88396929025423
931,217.34146352353758
932,177.67480127305112
933,5.341399190983683
934,2.097230366782009
935,177.71488048132773
936,46.42605028906213
937,3.6326930486701094
938,4.406598256078003
939,133.3798551120931
940,1.5317232851466998
941,5.832446872356192
942,4.965689435623154
943,110.48683279139682
944,4.107036822662944
945,2.028069386296581
946,71.72346939185553
947,38.50647122423284
948,48.15599833448807
949,239.3362446609129
950,369.29482102147426
951,14.834021110477934
952,-28.76861091479102
953,6.384352574344136
954,262.59859969762636
955,188.98367368543344
956,147.70878739508439
957,2.1951806538167054
958,3.010754944442618
959,193.15646570002556
960,64.07705390957581
961,176.1962441114422
962,3.141023224543277
963,6.439158497143486
964,5.0946431200873095
965,6.447668995570267
966,3.9975075096055797
967,34.614852275879585
968,180.9512023137206
969,154.52950597155765
970,6.449286075297681
971,360.5407341116477
972,5.517176919943087
973,102.10205193837866
974,5.465787462952307
975,4.305566314299817
976,5.337605030671959
977,181.84936832184002
978,300.0069909504774
979,2.338386802187623
980,1.7963292875157428
981,-15.342734345636304
982,51.72896359476902
983,300.1813530074893
984,319.2286398709631
985,256.85084013528535
986,99.00701679215129
987,3.067674799332551
988,238.50052156564647
989,331.2448831846393
990,88.67555304814422
991,4.099069396856168
992,288.31060084629485
993,189.05183590637668
994,3.0502951796554107
995,-3.206876586666864
996,11.923425701391796
997,2.066919552099144
998,42.89984771434725
999,80.35211878541496
1000,-27.83681856565751
1001,288.2011902359392
1002,164.16282405588652
1003,5.7817753633534545
1004,1.251369441484897
1005,1.8937420764762432
1006,3.88626821934974
1007,146.7509521331448
1008,2.0115479303367576
1009,6.256799948547149
1010,-6.495943623183332
1011,264.759098894222
1012,24.257176329565013
1013,220.0355481084536
1014,66.21809226028631
1015,229.9998516603716
1016,6.512356842773582
1017,5.141572898676671
1018,3.176463606408672
1019,6.422863943854675
1020,4.207894994807896
1021,132.94199163092605
1022,81.97939921333307
1023,180.28469555579386
1024,162.95566848032996
1025,5.21196056699468
1026,3.639276920117251
1027,4.84159805029985
1028,85.70801863231456
1029,3.679945306129034
1030,31.752859122580716
1031,280.64480725638634
1032,2.9211984745154447
1033,2.525186513534637
1034,232.02452266882707
1035,1.2640271847752518
1036,241.27076880817415
1037,6.756653561983459
1038,50.95595017855883
1039,3.7182672223644233
1040,-20.260679342841023
1041,3.0098824070000707
1042,3.7567664040802953
1043,3.818477314093343
1044,326.80009367033495
1045,116.54612253987713
1046,38.88985391275308
1047,237.15518866897668
1048,1.8185965712954588
1049,2.9114171240487994
1050,6.085120830423719
1051,75.86187024208851
1052,171.22015199969556
1053,252.71211386220284
1054,6.309363301382228
1055,16.841919263002847
1056,33.87133543113964
1057,4.3712037503897365
1058,2.679480961851758
1059,2.9225333992827336
1060,120.07477122904838
1061,2.948350141281432
1062,5.912960557691781
1063,303.38081724375274
1064,220.116371028702
1065,80.46975087327544
1066,262.7031128866529
1067,272.09864303230495
1068,5.573757482684307
1069,4.534394738214829
1070,317.27304929249203
1071,162.0241035004043
1072,5.259867693866107
1073,3.6185051015672967
1074,6.244675968620473
1075,4.950910372673023
1076,282.6954805142527
1077,6.266435608905543
1078,150.00404053742218
1079,2.6903249470739534
1080,2.5317994391466963
1081,5.917393287181902
1082,4.0701853072664385
1083,3.5981883584289163
1084,6.254724103241115
1085,123.07671887841803
1086,181.20655030159597
1087,71.12129628479546
1088,284.2640113323681
1089,8.470532027799006
1090,123.5971865320534
1091,278.9336449004678
1092,5.75710621584381
1093,3.6421023251847666
1094,6.6433172934741656
1095,3.11814414844233
1096,2.2337663075439433
1097,4.937152158298568
1098,83.55745726146893
1099,125.74125689490721
1100,5.2232715063136315
1101,4.585232855595594
1102,6.122455479922778
1103,263.4208435189827
1104,4.904615417351582
1105,111.78776130346479
1106,5.041471868035889
1107,6.243910950159455
1108,17.858593981785173
1109,111.20721739831865
1110,92.37827780232377
1111,3.3474049055794817
1112,218.17765605302935
1113,2.658990716644225
1114,167.77681856509017
1115,-23.538615806314336
1116,5.514935940215581
1117,300.7795672676781
1118,279.82849534709123
1119,4.648886990670588
1120,57.9190285955275
1121,25.517671416395757
1122,228.71651288937227
1123,3.4539547861330604
1124,178.5610659192831
1125,2.7905318823526377
1126,79.45252133053194
1127,6.372716501354323
1128,-34.950306475282105
1129,173.20273270381236
1130,6.046537454729201
1131,49.222692853788914
1132,4.046177866215572
1133,-54.91091480954255
1134,188.97680422818496
1135,208.03712483331518
1136,-46.85642007185542
1137,4.378807120527954
1138,59.24147299485281
1139,116.43272504325655
1140,124.83167089713703
1141,199.93787043788362
1142,151.3564049401618
1143,42.465175686174
1144,-34.85241290390663
1145,110.39550939939565
1146,35.505106733750985
1147,4.395317698045366
1148,102.69781554943724
1149,37.105900618932466
1150,3.9721598876988473
1151,1.3158076211670278
1152,3.8188251030074825
1153,4.258705681605009
1154,28.997414415724656
1155,165.9232333375122
1156,6.662061904209911
1157,88.43933434524844
1158,189.60834709137282
1159,116.64682082475466
1160,131.89616416537757
1161,1.7260500201091389
1162,5.537130209000683
1163,5.502651483001406
1164,4.958953779597523
1165,209.2373210438872
1166,46.95657247135931
1167,-4.169370534042451
1168,4.78613071921683
1169,167.0270554903452
1170,4.788456268958431
1171,4.234378130956493
1172,-29.077300327608395
1173,3.966064654744107
1174,181.85228331852232
1175,-53.91031343850644
1176,238.9466631161676
1177,2.098090101546657
1178,146.0117991441585
1179,2.781058394796316
1180,2.239894646874009
1181,1.9488416310520438
1182,137.91426102408545
1183,7.191307844911874
1184,3.771535033243645
1185,276.1075655353409
1186,117.50188278253398
1187,4.167079591456252
1188,2.9993832869766854
1189,151.39397507722245
1190,3.5686372835142905
1191,3.21174308826084
1192,4.930240652263524
1193,158.7739958701659
1194,5.60928803693989
1195,2.164742809397776
1196,265.6069090858841
1197,89.87168121371504
1198,2.9056695112395423
1199,270.4257130744588
1200,53.05483786709073
1201,258.349032787135
1202,65.22751126906131
1203,3.303642013046046
1204,155.81594507396122
1205,1.8100466643741582
1206,159.76950932456248
1207,118.5896646771441
1208,226.725333303237
1209,256.8917751346579
1210,205.4404705521776
1211,231.21535417818401
1212,6.065658874790082
1213,3.8817905189743254
1214,203.27615618004813
1215,108.97902443401313
1216,249.23522970305945
1217,179.33886553098853
1218,-51.07720420931163
1219,6.103353790945373
1220,5.879668594753484
1221,258.90323504167884
1222,5.610644999931983
1223,2.5211157827552997
1224,2.8252200314794518
1225,115.0935110025116
1226,1.347434090414409
1227,4.61036299163266
1228,2.103545059499487
1229,37.02187728688749
1230,102.25214011463461
1231,236.33186127306297
1232,1.7978406083055658
1233,-16.778581883471425
1234,2.7435037663393964
1235,17.447732126558204
1236,257.97307722395067
1237,3.551226906507669
1238,2.6694631619702265
1239,1.2699793515315352
1240,52.46317608625819
1241,2.1150731783455745
1242,4.615388491750291
1243,4.953291553267482
1244,175.05290982104466
1245,4.125034142579962
1246,269.59906402579134
1247,5.733989158878335
1248,102.93825348130807
1249,163.41523159136756
1250,7.466181475939175
1251,43.11512084035249
1252,5.9138441822648975
1253,4.040680533026313
1254,4.025043153256719
1255,34.9523037729827
1256,77.5736442779166
1257,148.1895228016989
1258,258.105728502284
1259,39.83184718163545
1260,262.8975410374089
1261,5.865212972818152
1262,5.518493829484166
1263,213.1740068595511
1264,2.7176183675131536
1265,39.90765681666332
1266,115.1410333055577
1267,2.3739535792207906
1268,6.206882344436638
1269,278.7546959672185
1270,-57.693573382471094
1271,259.82303073042306
1272,51.422377965428815
1273,20.714610694462365
1274,218.8202158045895
1275,214.76451081184302
1276,39.399813974877986
1277,4.123640298713386
1278,1.7216019518926702
1279,4.013450253929527
1280,-61.454908702915766
1281,3.487942691678184
1282,125.02097525746399
1283,171.41627232565196
1284,2.6145528007820116
1285,-56.19919039554862
1286,2.788961619945979
1287,46.351415108010215
1288,118.21186306616218
1289,4.065643470519731
1290,213.32407632159155
1291,3.379878463127324
1292,38.062628173378315
1293,101.02262935863915
1294,258.33820436575354
1295,158.9533595029789
1296,6.131426921505603
1297,49.866493966518945
1298,5.990530784864036
1299,5.838254066681757
1300,172.9318758338117
1301,252.96848074175549
1302,210.37536636520235
1303,6.094915460702682
1304,3.692216401591534
1305,5.023148797429079
1306,51.549428057333415
1307,151.2824592768976
1308,1.8533147438519066
1309,4.8034763625723285
1310,339.7433754966132
1311,2.560434294091231
1312,7.108731770958265
1313,39.650788740127524
1314,150.83512664731475
1315,223.36754777475585
1316,255.8907488576073
1317,74.70237676936044
1318,2.1715739387252757
1319,211.0875289377813
1320,271.6111463010625
1321,19.83870859256794
1322,51.14949258884591
1323,264.4242921358907
1324,251.98421453854542
1325,43.5610941226334
1326,58.358257972141836
1327,246.0808787292756
1328,2.8331388307813885
1329,5.964274981138364
1330,118.57400838011161
1331,-11.973677588180276
1332,298.95895407291266
1333,2.1246590584421963
1334,330.9268026992552
1335,1.85743788670583
1336,111.09090969512717
1337,22.890090471568413
1338,250.89750975331964
1339,6.568442148232197
1340,182.4702135298008
1341,239.63499030182788
1342,188.2452171351966
1343,44.058803879462836
1344,145.7677908508635
1345,2.949115199239972
1346,54.74713108316001
1347,92.65896750502542
1348,3.0379407800175344
1349,218.63158919085086
1350,46.184988321813094
1351,226.01283195663987
1352,2.616665356429938
1353,17.997632918854606
1354,5.113057297524794
1355,5.768312396747446
1356,3.8419126922667957
1357,7.239639728032436
1358,6.655677398514463
1359,1.6608315502755266
1360,311.9222134252302
1361,4.697768774839267
1362,6.346385758473789
1363,67.31516254997764
1364,3.355461562924657
1365,5.919016197482737
1366,6.303476264555462
1367,5.92497638839364
1368,13.730671846970369
1369,182.2881381122744
1370,284.0847076022625
1371,238.30044826172048
1372,27.248015434123843
1373,3.6216141471120213
1374,194.80709346289078
1375,177.87754511106493
1376,5.530741935312438
1377,4.983626096968394
1378,108.89447161883926
1379,81.24062268929775
1380,103.40426806711626
1381,237.56215309809807
1382,71.22871733809593
1383,54.13409849967379
1384,-2.3251658482933135
1385,164.80622850047317
1386,1.985787739103844
1387,62.38013563600124
1388,1.6186464875432987
1389,229.25787754713193
1390,197.83605759786906
1391,53.776246616802744
1392,52.00524728998809
1393,275.72046832352567
1394,-10.789843056058885
1395,46.05394166511724
1396,172.34672772095323
1397,5.462452945678999
1398,206.5758873556398
1399,1.544124935698285
1400,101.36415994421623
1401,335.7544221646841
1402,59.4228992458208
1403,291.8517761023737
1404,95.51752562443339
1405,119.78378976470552
1406,1.9376102434816553
1407,107.8516470458581
1408,7.633839630596324
1409,3.789605580442401
1410,254.97496882087947
1411,260.8467172715426
1412,-31.22590724041734
1413,117.67062518177528
1414,252.59903692421094
1415,2.329913019392362
1416,2.4713980655308023
1417,3.9730240758710336
1418,330.3981075275873
1419,163.9648909254434
1420,4.471691571389862
1421,46.73455310167802
1422,6.457367730588008
1423,3.28337396555127
1424,5.326399480862733
1425,2.437759720730356
1426,-29.291276636442824
1427,3.7894774384987873
1428,4.455466069729333
1429,3.708694022236244
1430,4.385308657782009
1431,6.267953843162155
1432,160.8092170364122
1433,2.8026162787651208
1434,6.343629918898289
1435,4.948307840792731
1436,-49.64377089304095
1437,158.68407846321583
1438,112.52676918292501
1439,6.437685458079514
1440,2.363994804538826
1441,143.32112956641816
1442,190.35995958092647
1443,46.51746747361947
1444,5.941645842092854
1445,46.25450943786771
1446,271.02651028371815
1447,231.294023286502
1448,-40.10710354911608
1449,5.920927825740737
1450,279.3089763057359
1451,162.30352692279482
1452,5.135368735344359
1453,5.550070602248248
1454,177.1877295932402
1455,72.2829475361012
1456,0.45475063838072494
1457,8.022250007313529
1458,4.988469046985713
1459,303.9538473500362
1460,337.7716422792622
1461,140.00931020110482
1462,-27.50283750381124
1463,74.21789636044134
1464,5.88718123848445
1465,3.203287689264965
1466,234.90045365802033
1467,5.738297865815636
1468,5.556756116939145
1469,32.34638739350031
1470,3.795836560848942
1471,25.84836038936928
1472,6.718009924095128
1473,2.593080692127629
1474,243.0620476634545
1475,105.12927454037857
1476,6.751067892228031
1477,2.593810963233454
1478,123.67240962211808
1479,4.836524175184773
1480,133.40541710277557
1481,6.015908702124447
1482,155.9004731535278
1483,6.071882517422235
1484,242.95074948684405
1485,168.99599275647924
1486,6.681348698593491
1487,3.514817357998958
1488,94.61661441367166
1489,-7.218503284476957
1490,91.8668922053275
1491,3.351514937203414
1492,2.0132924091115694
1493,7.696956503258343
1494,5.3559588497440185
1495,33.95917389040288
1496,7.600646396649574
1497,65.32336684434344
1498,5.610296552080467
1499,74.27958342780428
1500,7.114304510979406
1501,5.904972884350005
1502,78.72924065998792
1503,5.6857963057082985
1504,2.118536781039404
1505,4.900432862022498
1506,202.7187411471294
1507,48.669673610919546
1508,97.72586531360886
1509,69.105480949872
1510,2.9879706419234386
1511,25.52863554302187
1512,65.87363775738511
1513,5.7343210584959365
1514,276.05217415038203
1515,61.64788927564245
1516,2.8669820225037075
1517,340.286613386088
1518,4.443117766868511
1519,244.31523905646475
1520,5.316972798011817
1521,50.14890409343812
1522,4.9493435195004665
1523,2.727985740893295
1524,112.58851471594531
1525,-34.402417024057335
1526,2.3424968847725713
1527,5.96750097380892
1528,3.822107070817758
1529,210.04195564008631
1530,272.18986510170566
1531,3.4572312811848716
1532,6.027540226096214
1533,3.3516872609052926
1534,-8.207850830104354
1535,78.39683224914634
1536,5.847905718431323
1537,2.612396944900274
1538,290.3683254482106
1539,176.61035516304668
1540,2.1734100257788973
1541,143.17648037495647
1542,3.0130215245229004
1543,15.141872235305605
1544,7.6446533477427465
1545,3.6541074360655807
1546,5.506581790560043
1547,-31.52688797515042
1548,219.39757497160315
1549,43.89767601953169
1550,3.5862467372639752
1551,2.2509498740936333
1552,233.57655339122513
1553,6.135582836475721
1554,292.0914643742449
1555,143.28231951018265
1556,4.271872241537637
1557,16.046067255834558
1558,3.743572538934152
1559,239.26639924935628
1560,168.038176475886
1561,193.11515508347736
1562,238.2155170952495
1563,101.09280725710164
1564,3.3634449635891177
1565,80.2107669283094
1566,3.764114848214753
1567,26.208803739808573
1568,94.7788450887522
1569,19.77262024544047
1570,284.4578100931046
1571,3.321997863243319
1572,80.88941811582936
1573,2.3815698892351262
1574,4.2430292568860954
1575,5.802270088830328
1576,4.148375986750854
1577,5.5774969139839765
1578,82.48877588479448
1579,5.115709342190798
1580,191.00988103062951
1581,204.82817195580037
1582,6.692898022423331
1583,311.25533303460077
1584,315.5119297240186
1585,5.982240600704043
1586,4.755654953654765
1587,51.72823067924078
1588,287.9188135574532
1589,7.21089863499652
1590,6.136303102276421
1591,153.09104746816416
1592,7.103152234667165
1593,121.74386322756803
1594,143.04675834487557
1595,118.7224245178109
1596,5.755500457531707
1597,72.66644104652015
1598,6.455989107607171
1599,3.404442509249657
1600,4.660902838015545
1601,2.947285563793992
1602,5.931144578106815
1603,273.8987422204789
1604,42.74463953931404
1605,106.95345522693535
1606,268.6821955381314
1607,3.7987667563636585
1608,3.386942858717764
1609,7.3902484159733905
1610,3.3256694336910013
1611,197.68251125375974
1612,76.49166594253748
1613,2.583298897204529
1614,278.85238563859536
1615,5.859200018924501
1616,3.8530772509398847
1617,186.0446465578285
1618,223.4711008632584
1619,5.637580836045512
1620,45.330503814186635
1621,2.74093939145316
1622,2.1936992460499902
1623,2.7218537562824148
1624,250.56331128773914
1625,78.9392590834589
1626,1.6042614617571593
1627,34.38571921247985
1628,3.5723314698363056
1629,207.35672844441635
1630,82.08259440911264
1631,3.2342929399962577
1632,313.58734346456254
1633,5.024244234458164
1634,3.3184576975595617
1635,3.5594604816163105
1636,4.183059228689717
1637,6.773564641534927
1638,204.77506083740363
1639,46.34646766402487
1640,4.656220636633392
1641,310.8901731690181
1642,149.8672384812211
1643,201.58921722775622
1644,114.40976075092865
1645,192.59476554191082
1646,5.601295821591044
1647,6.661280527099996
1648,24.348598093946016
1649,4.4346734750973935
1650,101.69864172139444
1651,6.3514828607586145
1652,5.804383693262838
1653,227.09350876443676
1654,6.637043139717773
1655,301.9111427400471
1656,55.630886134571575
1657,1.182199104633584
1658,274.7953838284669
1659,2.143810493401081
1660,-6.310378174555361
1661,6.579786236492798
1662,184.48182230065675
1663,5.957315724994564
1664,125.98193019282827
1665,1.2101829934000907
1666,104.91487349699975
1667,-57.90224287677094
1668,255.30110806506335
1669,54.145888177598145
1670,2.1132339570051593
1671,2.571830598792101
1672,5.434923389792074
1673,4.457232852546521
1674,122.33074287448697
1675,2.153859568679366
1676,-63.04519917581724
1677,33.500990532419145
1678,13.171549035631953
1679,228.9027797978635
1680,100.02799630642747
1681,1.370296830909939
1682,3.169723806817813
1683,63.67943847315472
1684,26.97663287160243
1685,6.537652848146023
1686,130.976524707278
1687,7.325541558467061
1688,171.24988384447164
1689,271.4862683605645
1690,3.1692324827943765
1691,3.7924472373414013
1692,4.134052730534019
1693,2.7654263326105224
1694,96.66782935756976
1695,244.79610392665649
1696,125.59005169360464
1697,1.7934282885333002
1698,220.80391178159385
1699,179.68326652481178
1700,108.12317236683725
1701,274.47249069703275
1702,-89.58793436055717
1703,5.935318607668117
1704,5.617435014912837
1705,3.05403020502922
1706,91.87202913629608
1707,4.998012859083033
1708,65.34418793271747
1709,136.12232604254265
1710,6.21736223380884
1711,73.0496700582102
1712,1.8755770898569528
1713,5.776708064453489
1714,-61.205900512950535
1715,4.988662100879303
1716,2.8825455785337835
1717,17.393344828821906
1718,130.61582986832812
1719,19.18112752133676
1720,6.355468535409377
1721,254.518933977538
1722,3.511061664939616
1723,151.5561877708596
1724,145.2509675474056
1725,3.124938992643314
1726,4.363907892971808
1727,257.64600077800424
1728,4.20588938108343
1729,3.405367822588997
1730,51.59554915267293
1731,221.77709397779037
1732,4.96003830629649
1733,363.56773021010724
1734,271.1235506039976
1735,189.85009474053894
1736,3.3346357867238243
1737,298.9014904219223
1738,292.8377761200501
1739,185.25964122609363
1740,82.34855289016552
1741,144.88135536974661
1742,260.82628640262146
1743,5.399013777107154
1744,109.21357883291823
1745,29.952905007043764
1746,3.724630396579161
1747,7.3809907140145
1748,172.12244696736235
1749,3.7289795417278464
1750,56.048294331528695
1751,27.46919434844048
1752,7.137914209624528
1753,6.1165970786902095
1754,265.5171345255727
1755,224.21575986339252
1756,1.888049178130393
1757,227.40681362173652
1758,332.3218286824772
1759,4.82414687518629
1760,283.1148783995011
1761,256.78162927714834
1762,22.31563050796382
1763,45.2737917726781
1764,15.761870113258983
1765,5.266925024333665
1766,242.92940617199096
1767,188.71780954759438
1768,5.736293722022253
1769,96.93333599772842
1770,60.33663123369185
1771,2.981130135118012
1772,221.1484900370231
1773,241.25512353642486
1774,6.406380177295773
1775,285.878929115244
1776,2.8084329322476993
1777,0.7909496767479589
1778,67.59014832947405
1779,11.447214984662013
1780,108.68781741141886
1781,5.749771677024849
1782,181.87520043057353
1783,231.59161362883816
1784,4.162564460383029
1785,52.775644116769946
1786,2.6883998597185887
1787,65.74485107714602
1788,5.08918769150205
1789,2.562133729398904
1790,58.55265700119667
1791,4.228301780606373
1792,2.604195498948243
1793,2.1279377245002644
1794,160.5643667534975
1795,195.77550349287293
1796,271.4972079759185
1797,123.34374806261077
1798,6.234774129478611
1799,201.55174162673651
1800,139.00155397850222
1801,5.2326693464696366
1802,1.879560628566066
1803,152.4799003005621
1804,4.3337305165577265
1805,173.77725229667482
1806,5.4071748320554045
1807,279.447017214055
1808,156.12977320337296
1809,58.36254637098263
1810,4.265133713209216
1811,2.7173068483179903
1812,26.18478210382544
1813,3.4971240049669525
1814,168.41149210742444
1815,258.6420195870745
1816,5.306654315208049
1817,103.05171820197316
1818,67.70467898418276
1819,231.7022919733053
1820,7.277625387098564
1821,3.3837151762910005
1822,253.931257205209
1823,-10.298792801107005
1824,58.27839761303737
1825,2.284367787504247
1826,6.108337876485713
1827,3.556219442068856
1828,2.0524898695543703
1829,226.00444368649974
1830,233.07408388436318
1831,6.769956431439194
1832,32.8177288658224
1833,4.004923111036303
1834,4.097888775191272
1835,96.53208788039267
1836,6.422150761000596
1837,5.995279656340369
1838,5.93531432085073
1839,108.74641983031651
1840,-6.554763767851573
1841,-90.62305643465558
1842,251.65804842119482
1843,179.00554357180636
1844,252.66999292955552
1845,157.09821931155753
1846,37.30984221164236
1847,267.2633997922044
1848,121.24674176890177
1849,3.7850257503240377
1850,6.767225612285901
1851,-85.5646096386279
1852,5.97270671447359
1853,70.01064855856052
1854,64.49557708600251
1855,5.678044558211611
1856,185.9531324166251
1857,2.8099200289228747
1858,5.142441006620385
1859,6.3476683954161075
1860,5.650406255275709
1861,139.59816057666424
1862,6.4632601399011325
1863,74.82725098092683
1864,66.94223633852684
1865,205.38378359694215
1866,120.44705867399622
1867,84.15991705523483
1868,281.20556944225325
1869,150.26880896562665
1870,3.356127843550633
1871,187.07664890594302
1872,48.88020154773478
1873,2.869717636790938
1874,25.066109413354525
1875,134.61187709115623
1876,3.1260462760867687
1877,2.61666103169497
1878,68.27314920969485
1879,46.17455588401717
1880,264.3957183399624
1881,6.094486767657503
1882,89.38907053101845
1883,7.204036570927679
1884,93.84103055275483
1885,300.8519292857719
1886,279.0829152193794
1887,3.114241029931145
1888,221.03623460870008
1889,236.66054419795708
1890,2.401267836575881
1891,237.499310238678
1892,216.58198148866896
1893,4.291314258730368
1894,2.0758341661933395
1895,12.570324363627787
1896,5.935665496256859
1897,56.3325119266619
1898,-54.334486616310556
1899,3.039962710865438
1900,5.909287560715258
1901,263.00368196506463
1902,219.9627536384376
1903,-58.76402656821804
1904,53.62884625597967
1905,53.67494603999865
1906,173.37041700613958
1907,6.7228613990778205
1908,6.2622920496949765
1909,121.44356333543892
1910,5.73845285551642
1911,4.7237340461410335
1912,3.87035539525161
1913,83.88477868363579
1914,-23.310909722511912
1915,7.120786843092712
1916,1.026890714791291
1917,2.5229208096438236
1918,149.73127342878362
1919,4.930279356438939
1920,4.684641371257197
1921,69.14849010371948
1922,3.290188844222642
1923,6.621633627612971
1924,2.487867672150677
1925,4.431171841367948
1926,87.1659477762028
1927,155.45118514608822
1928,3.627838157690008
1929,50.07725410207053
1930,2.3171455301220365
1931,6.197736544054267
1932,4.940862434722967
1933,2.74707066094188
1934,244.2721890467827
1935,6.271647010405805
1936,5.067469823779708
1937,-2.5175818035064697
1938,-40.66249074572757
1939,2.646044558993985
1940,255.7086893837596
1941,3.4380722986110945
1942,228.6457038753981
1943,3.8437280303179975
1944,226.7158017476704
1945,301.11719482830676
1946,6.00100096442299
1947,97.9935235962796
1948,5.769668165823741
1949,-7.0990442000544896
1950,34.855416265191636
1951,2.8221467578126274
1952,38.04155911301835
1953,384.3431453673951
1954,2.7915576885572277
1955,89.96329047864336
1956,2.0104513374011366
1957,123.1528407859762
1958,3.712047649192541
1959,178.42789431282742
1960,48.74006346982855
1961,1.0644693811771342
1962,4.332298003366016
1963,3.2454223067995582
1964,4.988222898792355
1965,100.3794298498753
1966,3.438102291072087
1967,4.8369897219845726
1968,266.8876911240419
1969,34.5397215491072
1970,5.82253402790076
1971,2.1108169488339747
1972,101.21801440517471
1973,-44.46643832992295
1974,2.393140996462682
1975,3.0896567081437585
1976,329.7448594552217
1977,1.6252458271210521
1978,226.67791641538193
1979,98.65583981341109
1980,273.0743367859767
1981,145.2914721414407
1982,112.72722968353735
1983,91.89835111128546
1984,8.392826079244621
1985,4.552231791404253
1986,3.836477355013729
1987,6.223078646502542
1988,1.2991017131788787
1989,5.781237289237709
1990,4.567384885940379
1991,1.7029496104081234
1992,4.272375233867906
1993,12.017984655137699
1994,1.7808345898363205
1995,103.61481798626717
1996,4.2567812820839945
1997,2.493242977883315
1998,5.597651435494443
1999,305.13929185319375
2000,5.918659721146155
2001,303.744473294367
2002,-43.4008856550986
2003,6.730740817010431
2004,325.381193969848
2005,72.7964123790435
2006,4.740283644454427
2007,47.945682244157084
2008,237.21718694966623
2009,138.8436060744514
2010,310.30727350426025
2011,6.16109416332314
2012,177.55898159460963
2013,-40.49547170750482
2014,285.9330869960254
2015,186.12472076416446
2016,34.77451802372412
2017,3.066746715848161
2018,62.65437546436539
2019,77.70167945286671
2020,6.7401874644188915
2021,4.416329467462301
2022,182.61089079201506
2023,75.35817500587683
2024,2.8675869991119547
2025,4.185888379752011
2026,82.66116227964883
2027,5.929632603795452
2028,6.279176431014157
2029,50.72430993656544
2030,311.81759213023565
2031,65.74950578089205
2032,290.7311149642612
2033,229.29433591671759
2034,2.606289522001674
2035,61.355412525278936
2036,199.2618513439772
2037,5.328363060025151
2038,2.8698007696916954
2039,2.8098994665864176
2040,129.2509441380337
2041,273.24062372302956
2042,4.081983448632623
2043,170.54042689332744
2044,2.173394814331769
2045,88.38964042628632
2046,279.79892602542895
2047,5.512189011709925
2048,-51.62821952891658
2049,1.9573857101060748
2050,351.2781306728526
2051,3.663179187590905
2052,2.7784810476807227
2053,243.177646329744
2054,4.570970860553954
2055,3.8641632601116678
2056,-39.149230463362485
2057,192.0835073416354
2058,-8.44146868342412
2059,5.091465709785209
2060,22.87796083991318
2061,2.344583514696198
2062,161.60064528079263
2063,3.6216000501527836
2064,3.789551305936318
2065,3.4924780364070998
2066,2.0200077050519005
2067,6.132252533513456
2068,3.259058664735107
2069,1.724236094164229
2070,281.3430789621558
2071,289.4627011285776
2072,4.139895582615266
2073,193.60802923543721
2074,368.4294691213721
2075,263.7427565499074
2076,3.6683545302949443
2077,2.91220819642878
2078,3.9355674877432607
2079,3.9209010081721916
2080,2.6319848010876314
2081,3.205913312700798
2082,4.904207777066976
2083,19.81994694841614
2084,2.2384508648565395
2085,4.704002467851417
2086,125.55906307297958
2087,77.85773343530978
2088,36.83786907026184
2089,67.48679441366775
2090,245.78811075682333
2091,194.4140199797958
2092,-95.07290044790648
2093,5.210709723191707
2094,4.031983395711978
2095,85.07012895467805
2096,36.055334882855064
2097,116.4733405428021
2098,5.384087354575065
2099,-30.15648472269827
2100,18.069018183890368
2101,5.592722865046302
2102,7.013214456772531
2103,53.95830256480454
2104,52.91129309967798
2105,45.939164194453184
2106,310.1117764518682
2107,7.116954322428126
2108,7.168531786366377
2109,5.960865653724036
2110,251.9208151144729
2111,3.4863387217525834
2112,45.188915120898336
2113,91.92691908927728
2114,2.4989202325944433
2115,24.996292593603492
2116,3.673087170415176
2117,3.567658245162998
2118,3.8751250069934446
2119,119.63541340500961
2120,3.6205626910613593
2121,196.99748947552905
2122,227.12944112642623
2123,2.839726017773748
2124,1.6429932942958427
2125,4.389321880406539
2126,6.105516770812172
2127,62.90389982510946
2128,210.99571021455947
2129,1.791723776463711
2130,2.5144588295986954
2131,5.976230411299788
2132,6.109259272312378
2133,231.5883173323278
2134,55.91612895180441
2135,211.03607874917358
2136,33.00269343409551
2137,233.08671801884293
2138,3.3385987481240287
2139,74.58627282925022
2140,55.77807941946199
2141,49.83693572543912
2142,5.732200195971289
2143,-7.494249135328448
2144,147.48712750589644
2145,40.695714603237406
2146,4.0102988153335755
2147,4.307948118256697
2148,52.158844417024284
2149,-50.99284702523572
2150,20.685613609743292
2151,70.16171960376866
2152,4.957481712728576
2153,3.512874946863362
2154,1.9386765707040499
2155,2.3703307762779593
2156,5.9358146954960125
2157,143.40934413006153
2158,3.774274414721056
2159,339.3576342521037
2160,230.3285804111142
2161,305.3428102150932
2162,1.88548504027614
2163,303.6942718260908
2164,6.367196410026911
2165,2.926059671263691
2166,2.5667789928970826
2167,27.500940858292527
2168,300.0235531872506
2169,2.5494051624379446
2170,2.3563402012454833
2171,151.4313973445065
2172,5.52974375074513
2173,247.79421956375091
2174,260.0406188752909
2175,1.003781535181161
2176,4.819822001694805
2177,-36.65053416520284
2178,4.2889701283034585
2179,77.13725443372617
2180,277.64573102949385
2181,2.4833207817243195
2182,166.23437986588945
2183,191.21037185001424
2184,5.925520834318136
2185,2.714201230014314
2186,2.935689081002743
2187,4.574172621630661
2188,250.83569634284467
2189,242.35499997467755
2190,77.20597364477766
2191,2.6509741542789182
2192,2.9307084316834024
2193,108.43118985055351
2194,2.512809048475554
2195,4.848055748514006
2196,6.538480005136356
2197,1.9665894513260929
2198,4.41755849780261
2199,3.3401487639106016
2200,1.7549373145384115
2201,3.9906368398096923
2202,83.26666934597131
2203,2.3277891083887927
2204,1.9709075792425232
2205,127.81182250088705
2206,5.397877377072134
2207,168.47412934837328
2208,5.372780752469876
2209,15.639450715745035
2210,263.0562469827862
2211,1.814931204211495
2212,4.608358350440421
2213,6.524182036901234
2214,108.31161832274005
2215,25.967744292765946
2216,90.2738599365523
2217,4.410508433110377
2218,24.424881338173172
2219,2.6411257971022866
2220,5.5315848219208155
2221,3.3209463963728774
2222,-62.294091957104406
2223,200.25154588152017
2224,-42.23600477226749
2225,163.07835309669198
2226,-3.5620308885741414
2227,55.96465482098134
2228,143.52423144092143
2229,132.71905476191637
2230,3.4099566891232067
2231,5.602547031551161
2232,4.219014816635154
2233,254.01675774807882
2234,228.49171576812287
2235,236.90304427888276
2236,3.1697101154423057
2237,3.6325370468703406
2238,254.36935316578538
2239,82.970108603692
2240,238.65727014631335
2241,2.5587130646560268
2242,221.65337646591428
2243,5.986383878264883
2244,95.22223190139728
2245,232.38722264796553
2246,111.39889222696026
2247,236.51206092205294
2248,6.1826085766022505
2249,301.4674418083098
2250,145.5457645370948
2251,4.854200465797439
2252,264.59080974404606
2253,6.1953183716429026
2254,157.3085322973352
2255,-88.53704924880182
2256,40.120393496282546
2257,1.8541632468844402
2258,2.9250797907758517
2259,79.30498025988516
2260,6.353345191259182
2261,93.03531026536916
2262,2.3195621176429366
2263,81.50610508668174
2264,-5.769140511579908
2265,45.141087792525916
2266,2.371443102159791
2267,2.949857917801279
2268,5.455102828089326
2269,3.9653946539699794
2270,8.620111594313476
2271,171.36338851845906
2272,46.744040259812444
2273,3.4922114999430156
2274,6.15533475111803
2275,6.786372903433729
2276,4.710174222788537
2277,2.813294165842295
2278,1.2537991371146655
2279,6.149446749787194
2280,2.683912496873221
2281,210.25823967630302
2282,2.4680258011404357
2283,3.866253462444459
2284,230.4551501710482
2285,2.9134903460508106
2286,-16.434315965306958
2287,5.397552030202079
2288,2.4569831190250313
2289,5.37333526573331
2290,-29.86303446789876
2291,42.57767680393502
2292,4.78035837987731
2293,1.9645752275922101
2294,13.197154158940318
2295,2.998057837042494
2296,4.885800649103887
2297,125.08422855112478
2298,-53.96214014713053
2299,92.10227465675649
2300,3.825517355231441
2301,5.46375432893511
2302,-85.00844101403474
2303,161.23563481880873
2304,5.435058706135746
2305,22.844002099850297
2306,280.3511921547861
2307,13.068895709734903
2308,51.946696933127136
2309,6.140672742589734
2310,161.67915519665377
2311,-57.855765071482665
2312,82.16986432277557
2313,4.229113476721598
2314,4.846567510633
2315,247.82349042225843
2316,7.457421430874225
2317,3.967404120632014
2318,252.3209179214561
2319,6.528958507073697
2320,91.37804225554173
2321,3.0291437290217913
2322,238.64337306757804
2323,169.90659052188224
2324,1.9811189430257254
2325,35.696784107624815
2326,3.1772378194794335
2327,104.08797117027962
2328,4.1638263745634685
2329,340.75812485453594
2330,184.2337546565326
2331,0.617563834853465
2332,276.2911100877253
2333,-12.439289515237945
2334,8.275436394019383
2335,5.535315680830942
2336,40.8332312465886
2337,133.77111065964186
2338,184.08456973613036
2339,29.260609033453743
2340,52.49025212877305
2341,127.21597785976758
2342,2.324855111462717
2343,6.27451904333967
2344,291.73400785212414
2345,6.003311643563884
2346,129.31040361099662
2347,112.10508410265517
2348,1.8628261202213778
2349,264.7011943573764
2350,35.63001455008525
2351,4.9665036046900255
2352,4.940948711083729
2353,1.6677071672562929
2354,-21.06893447612044
2355,137.40432398360556
2356,3.877521531223543
2357,109.96165882477376
2358,6.544793576246023
2359,6.644446430360396
2360,4.611105824594053
2361,5.362393126759028
2362,260.5930932290812
2363,4.486790408973549
2364,240.71106244382608
2365,92.56980661259432
2366,47.60687300326951
2367,43.98347528736972
2368,-75.35049168539865
2369,4.35281439266552
2370,227.941323237183
2371,36.57054813873192
2372,73.90335355739086
2373,2.0014474919970113
2374,-62.04523599230347
2375,1.8736676056805472
2376,110.35338162837381
2377,106.42978276704477
2378,5.461880348199093
2379,6.3734750651286465
2380,35.664754415239535
2381,163.15277763341163
2382,156.0646230253814
2383,49.44441777318254
2384,3.3498724984125077
2385,245.65600050759335
2386,5.890361653302391
2387,53.68821167965437
2388,254.71278518478775
2389,80.17022233196708
2390,1.971181040287981
2391,114.0837371285749
2392,24.228010160329802
2393,52.598192975365336
2394,140.42728273017758
2395,5.9160917544000435
2396,2.3672687706201834
2397,284.7786059702614
2398,286.58257888612104
2399,4.363500149217584
2400,192.75903169583097
2401,74.3851600871186
2402,223.9813560275269
2403,6.288375902048566
2404,1.9476449371283908
2405,5.231943805165153
2406,2.858728438603939
2407,81.34335131473938
2408,270.53709816326557
2409,199.81485714904983
2410,4.098275487162416
2411,6.400535380597397
2412,302.2267087878671
2413,-10.214205890804077
2414,4.350488997402877
2415,72.39851659803689
2416,260.1385706368319
2417,28.585660937260123
2418,3.4231849938473315
2419,3.8886359041404925
2420,1.8428764780547846
2421,12.549674563113491
2422,219.1404227722356
2423,2.6112543739833103
2424,185.87621988544106
2425,6.012536963436455
2426,-18.22379391260754
2427,168.17510051882076
2428,32.42058161167429
2429,3.5183310573232833
2430,6.109464179621299
2431,3.470020327898873
2432,319.0162861903982
2433,257.3740168836483
2434,4.145579320601451
2435,52.04080225097822
2436,231.87696176686237
2437,-86.8296435346333
2438,5.842976933026591
2439,7.005391941920537
2440,188.498290954024
2441,6.389207593949397
2442,5.924613141099259
2443,4.945607352592027
2444,-58.664530560745455
2445,6.412965451130729
2446,5.4275018897658525
2447,229.64574104470833
2448,6.503705451406088
2449,6.301430266432138
2450,32.14589109348135
2451,3.196551483264506
2452,3.954535193705329
2453,38.88263245105152
2454,302.9904939423012
2455,136.67551584232234
2456,3.3446151597570726
2457,259.19174544930684
2458,6.182664824107606
2459,2.1279951042877716
2460,5.9333769296024945
2461,72.35706826995563
2462,51.88481340452544
2463,6.2214848242371215
2464,-80.13491476244073
2465,26.616787591683718
2466,201.4709990165895
2467,155.94556372756992
2468,270.4046357439073
2469,253.1451771641939
2470,5.760869295146158
2471,138.52158897490452
2472,2.8769113017892987
2473,50.81015779937886
2474,187.15895297932067
2475,6.3434863037590645
2476,86.5395340605069
2477,136.99453384856477
2478,186.3397316955062
2479,5.146092542404805
2480,35.90155017294721
2481,59.33787037060294
2482,2.3138756383510013
2483,5.042635340286546
2484,116.43613395644688
2485,134.12047813122078
2486,6.750842996062936
2487,5.411385485849655
2488,-28.583933167752505
2489,188.40500993021135
2490,5.713537354958387
2491,153.55956516389182
2492,62.286235694617844
2493,46.86406340830464
2494,5.959809056091805
2495,5.339864472620175
2496,173.2691959210303
2497,74.00969921902539
2498,2.0625677527400117
2499,6.72162690313623
2500,1.8748524722247317
2501,94.27913979827467
2502,268.2953837538531
2503,86.51364033076983
2504,343.0252023884217
2505,3.3512433261279866
2506,4.478301553466835
2507,269.3257196249915
2508,200.37163248423306
2509,110.60548984066163
2510,6.688497180082468
2511,202.6890940003791
2512,81.74882304053264
2513,153.71067431050525
2514,224.12776998143664
2515,313.72814205462225
2516,1.9188966168219723
2517,2.221363575412601
2518,299.2459764043176
2519,4.117802157993057
2520,123.77912605866504
2521,148.08099156667083
2522,2.3659031127599084
2523,6.611880738062372
2524,4.740270521880001
2525,294.9106069686111
2526,4.335854620728601
2527,3.4178096078792146
2528,242.05458123417336
2529,135.89527929852167
2530,238.4103107570373
2531,274.62516414281833
2532,38.86645151425931
2533,1.7624300868012066
2534,5.981049163700775
2535,5.92999721995398
2536,3.6422489577147683
2537,6.439214863582963
2538,5.963031839681386
2539,150.6095958980888
2540,2.822031794968769
2541,11.073519480183432
2542,-13.398123537672861
2543,5.377185433600181
2544,165.6350885239732
2545,2.4139400771216866
2546,276.2969078389067
2547,16.862148741545262
2548,25.236881408940608
2549,171.7905430869103
2550,129.91710680831054
2551,-29.131558639307357
2552,2.4220067069175477
2553,286.1866563716842
2554,2.447319003715206
2555,64.48481030455525
2556,132.095257696448
2557,4.220694868387108
2558,-13.163440460409802
2559,6.637538217760764
2560,223.5499256671545
2561,2.1736348071994613
2562,224.19660784772063
2563,226.75616230517485
2564,280.0673143488756
2565,4.7612841241394515
2566,4.657651491867353
2567,254.73956107102285
2568,61.168221761541204
2569,63.808410246788185
2570,3.6248318368622043
2571,97.91387012152308
2572,-49.13516276624377
2573,186.39401245832627
2574,3.2061590018736523
2575,4.298332820435679
2576,3.2873144368366454
2577,6.134172921853738
2578,24.7607058919979
2579,6.099199264076036
2580,5.212147677214026
2581,3.041723978565536
2582,-30.15763716465693
2583,1.9612638344063966
2584,6.825388171150309
2585,42.20194222509157
2586,4.823739047284376
2587,235.76100074979038
2588,185.9203632328625
2589,4.892234965055976
2590,51.80809668184707
2591,1.6707243312564177
2592,131.99900989796703
2593,61.66553463176466
2594,78.30258128521322
2595,51.83797136233455
2596,46.94527941673363
2597,5.59222054124526
2598,6.32751694195058
2599,41.891312594899695
2600,3.777098332282645
2601,204.6476857111999
2602,6.256195997527478
2603,371.14082057309327
2604,168.9608207314809
2605,65.77767258465055
2606,4.455199065791799
2607,46.92728250561601
2608,191.8002644994768
2609,30.902471467162442
2610,2.402612685502742
2611,9.569871696731292
2612,3.1930613168432913
2613,4.483178202862845
2614,3.1644839078644518
2615,115.51315962830405
2616,183.84879958348023
2617,260.80328348626836
2618,186.36254427888102
2619,4.50780420292177
2620,2.318975042608746
2621,4.114932407336907
2622,2.6095065147881633
2623,1.4206362381959736
2624,6.970914978896637
2625,120.47795647304598
2626,288.37275827737733
2627,46.18710968795155
2628,144.1380552407586
2629,38.811855415870404
2630,119.54722603541087
2631,20.070289155342245
2632,6.281549246546013
2633,282.34053940388026
2634,62.9988584184961
2635,158.05859360177865
2636,-50.120109497971065
2637,3.444988926703747
2638,-75.89568121096809
2639,-64.91409512515068
2640,184.12075029263167
2641,3.1148195979425912
2642,5.661082548902958
2643,193.3746645167478
2644,152.025548484143
2645,231.3005859398223
2646,2.438458337228014
2647,3.307796220959794
2648,4.4065102571231
2649,6.372448373469726
2650,258.2518055954355
2651,209.3871239498044
2652,58.81402946042593
2653,3.6990215098997594
2654,32.15693802750348
2655,226.17521314959814
2656,258.85632555183827
2657,2.9610936399256587
2658,11.222265893594212
2659,281.53800311818554
2660,1.8772359411996684
2661,276.04253690180417
2662,79.96965605024823
2663,3.3793679516146895
2664,69.353879141237
2665,257.33905372997924
2666,221.06573291443158
2667,-35.35289555822932
2668,24.80994537096331
2669,6.756065826746866
2670,95.08083355200269
2671,185.95311428509828
2672,113.00268423147908
2673,247.86621716544985
2674,242.09620007170196
2675,1.7630793063842782
2676,-62.04594493181763
2677,364.8513172805774
2678,9.129205291053449
2679,5.497767132317514
2680,61.45425343187759
2681,5.3907507926252265
2682,2.7112503158210304
2683,2.38877481057254
2684,2.886782950490853
2685,6.54005792239458
2686,3.3973821837165588
2687,57.399806035601806
2688,58.06878448124689
2689,34.54542477973575
2690,132.3205668779165
2691,88.13442476991081
2692,51.34760929758742
2693,153.33400893463477
2694,115.04942937004877
2695,7.7135655331801
2696,151.2096814603071
2697,3.8578345831448773
2698,2.5579605028373416
2699,4.629592618743315
2700,204.1051649179487
2701,66.6583292847082
2702,74.64878102682201
2703,4.02869811900886
2704,168.45385731434146
2705,3.026136064973031
2706,5.460057981220999
2707,199.94547588850818
2708,3.3271957319966323
2709,41.490568360650975
2710,5.754291322552573
2711,171.09363858074352
2712,1.8792860461669978
2713,152.48975414536542
2714,-44.298019275314346
2715,4.571640175215438
2716,2.9305749536528314
2717,272.8506414510382
2718,4.5654665555014
2719,3.0576525907530865
2720,6.672274795358698
2721,6.383029839886833
2722,4.303488457202802
2723,242.52894856334765
2724,6.624785983572543
2725,29.507964002103733
2726,6.106103397344004
2727,309.24229871194336
2728,58.73690593502151
2729,187.7019917743852
2730,173.85057762302233
2731,153.6779482423143
2732,6.658900761117436
2733,209.67287154065653
2734,129.41797147088602
2735,87.94527603907697
2736,65.726629317664
2737,204.6559655052245
2738,133.5816147476149
2739,89.57383571043951
2740,5.597344218493572
2741,49.173223030122955
2742,1.382720448620726
2743,14.820054689859585
2744,-29.059580643708696
2745,4.713000047977583
2746,211.37495979159686
2747,177.6706154571959
2748,2.6997328349991214
2749,5.400926945557208
2750,212.50745696194724
2751,264.701106429613
2752,2.2708768086890982
2753,121.46607194877045
2754,0.4591340301618253
2755,32.759297731755815
2756,266.0692376606247
2757,5.908287193842941
2758,296.7520287532558
2759,80.57198477394688
2760,174.31300424387186
2761,6.549577817611052
2762,4.123642799792546
2763,107.2719814419946
2764,4.709870290253795
2765,106.10542180205256
2766,2.035300932447027
2767,270.2591567951737
2768,3.7709994270815455
2769,3.5390568991118587
2770,200.7276653733761
2771,123.93123379967955
2772,7.0064309506266635
2773,3.0993450570238217
2774,4.570896343000596
2775,6.266619895480981
2776,3.8077631241739565
2777,254.325831221176
2778,30.519759267781012
2779,2.142456871118929
2780,2.8053417390640654
2781,246.29733414318682
2782,214.93902856956367
2783,5.75869561988146
2784,31.671690085854422
2785,5.9893684892089025
2786,3.8474830000972737
2787,65.0470258929764
2788,15.874658012452041
2789,157.04500197056262
2790,227.88545158132513
2791,71.04967176269159
2792,138.2816370630761
2793,179.3592987627872
2794,166.54238200589103
2795,51.240139268579135
2796,237.87633217888234
2797,104.19807624597851
2798,36.011922491607095
2799,18.553175418285413
2800,5.542369620630611
2801,4.082122595077347
2802,3.2418270735287895
2803,72.51889506517907
2804,3.8636529773012507
2805,49.75485613946818
2806,6.2523209969741
2807,35.47550127885857
2808,80.85956399921784
2809,6.142135978597471
2810,5.632426959768597
2811,200.62158354190075
2812,5.9048088897514335
2813,3.97954227492719
2814,6.07447620662485
2815,265.2036801745022
2816,67.46384101589643
2817,272.4830305016684
2818,119.70934987623696
2819,56.918597938778994
2820,146.54712565465084
2821,40.892395008218756
2822,6.386229728894526
2823,56.81733114924847
2824,262.08040365001114
2825,144.51932637898327
2826,-54.196919093307734
2827,6.559208560107115
2828,5.450449039119649
2829,4.752769730365481
2830,5.691290923614237
2831,5.80006798502505
2832,6.229064950958036
2833,137.76649526174205
2834,3.676133529711921
2835,3.1413944346858953
2836,3.578240110209497
2837,3.3651027556578996
2838,5.906154044482822
2839,1.9796254275801963
2840,53.771547807417036
2841,47.55590257123547
2842,292.7769040116557
2843,6.017773129044841
2844,181.93728362908936
2845,298.5541711789765
2846,3.496440336447198
2847,78.36786162153352
2848,6.10558831090372
2849,-52.9460820495422
2850,6.602352989094419
2851,6.701435362691881
2852,-25.645643956664163
2853,83.28963913974609
2854,2.5804362024119953
2855,49.9728325826366
2856,5.954950342133735
2857,40.13410355249289
2858,235.35554642089494
2859,1.471010200390005
2860,142.16140117997918
2861,277.02439938466875
2862,263.3684148076285
2863,2.6627849742046115
2864,271.6395869806015
2865,232.8691081632071
2866,1.72149988386914
2867,2.389774033424282
2868,75.29963082144906
2869,46.908160872787846
2870,179.17859732041163
2871,6.185989914897334
2872,248.45076410481497
2873,5.1141496285188115
2874,19.22822145217785
2875,4.383022981964219
2876,-44.02632828440661
2877,301.0199979251996
2878,-79.67549779310835
2879,5.047256699452223
2880,238.94885288887303
2881,5.895202380192828
2882,6.034879834226051
2883,4.310740128028524
2884,6.4962727352743554
2885,184.39862872280344
2886,227.20523781417074
2887,5.921859835279648
2888,2.1564775247618084
2889,6.471861961832175
2890,2.4288291570704175
2891,-62.94545189226298
2892,162.82364594530088
2893,68.85016193464318
2894,62.12304325233103
2895,5.144212371553958
2896,2.7388391748442267
2897,5.392305337050552
2898,88.99159371131356
2899,32.815716099324234
2900,2.961847392207927
2901,38.271380282673015
2902,248.38569952527072
2903,268.3121309919035
2904,4.14925126020213
2905,3.4419454182167173
2906,31.760618619617354
2907,3.906190481638327
2908,24.66760444493378
2909,2.0224362479704197
2910,111.12456927177048
2911,3.9032684994210105
2912,2.294396690557929
2913,6.317970045666829
2914,-19.52164235249597
2915,8.192382743519792
2916,223.46723040708304
2917,154.35093178163422
2918,3.920386020996184
2919,357.7790694491789
2920,203.26274419296882
2921,5.296336688672053
2922,3.623552963659292
2923,214.49681664948076
2924,5.615623651386802
2925,4.831841493894638
2926,6.159380281794728
2927,19.912439283040122
2928,6.362796059869042
2929,161.32543595523305
2930,265.2295521380065
2931,2.07376303821913
2932,5.577676425153465
2933,-23.73647030332458
2934,112.70099248275507
2935,-18.55334033411757
2936,-61.529944578172
2937,6.392565935672435
2938,23.857495581453673
2939,3.077356210453301
2940,162.41997408406837
2941,93.96981864597306
2942,51.196884666158546
2943,6.24147336979806
2944,6.5349901503704775
2945,5.894536834027908
2946,6.624391090081871
2947,-54.16683443072956
2948,2.3182331811816987
2949,6.655054012705995
2950,2.8631868511347047
2951,144.57766815559216
2952,127.74721871025
2953,7.065762307305484
2954,1.8364664219097344
2955,22.13166893745731
2956,6.574298655173371
2957,110.8037257840686
2958,5.874316071204845
2959,206.65582643085193
2960,6.262233836118386
2961,213.4356994635199
2962,3.927227750727231
2963,4.138520241123291
2964,224.1707574095777
2965,184.20734041206023
2966,4.682321495520082
2967,3.548841237007774
2968,165.47498556963788
2969,-88.37933199422778
2970,2.070271853435
2971,226.90454807449993
2972,6.885678644800602
2973,191.77011781960508
2974,256.5808037994435
2975,4.8577188940418985
2976,45.9517393619892
2977,34.869270020730504
2978,4.576234472713475
2979,4.6253090405425805
2980,307.7749346107786
2981,312.5475828435075
2982,139.57328520419017
2983,150.58916653264848
2984,281.6844770941741
2985,131.13509946568695
2986,304.15224962564116
2987,225.43954804977926
2988,113.20637935659033
2989,113.52931989184798
2990,35.80948269839682
2991,7.054716971658977
2992,2.9592846425171064
2993,5.381420783377451
2994,15.557579043458166
2995,9.818257544184085
2996,4.225670525165218
2997,3.4352298242083275
2998,101.16675650609824
2999,172.2559245720504
3000,70.49225975121175
3001,3.1235531165086385
3002,296.00444338702675
3003,4.3540103431962285
3004,288.67307368349816
3005,89.51850823175067
3006,92.56311962973189
3007,6.2830016340212635
3008,2.867752180000446
3009,22.89146748324612
3010,4.261036166313079
3011,63.819499477403525
3012,5.252367910949352
3013,187.696380245105
3014,6.532961076238051
3015,3.6506114983348414
3016,5.952533441695071
3017,6.212814809614296
3018,4.365766917835218
3019,239.67502042982738
3020,3.1082034818802704
3021,243.47160057243804
3022,273.17702387281463
3023,3.067184801437157
3024,99.63751932528254
3025,240.7747800262002
3026,161.29714285054925
3027,6.266223525935069
3028,5.354999719538161
3029,-20.920863678753562
3030,-44.382960270991184
3031,6.033546583308871
3032,6.558980860833342
3033,5.01433615930171
3034,130.3781205500461
3035,151.7329725688952
3036,205.1616320714843
3037,5.816885013664186
3038,2.085277801732363
3039,-41.97899575158691
3040,161.60743679955124
3041,4.858638854470324
3042,4.726443159174023
3043,5.876404898357981
3044,226.6410542565823
3045,164.69380769685426
3046,4.359563239269575
3047,4.325307152974122
3048,49.1134127935289
3049,5.766396537529488
3050,242.59413009880683
3051,84.34216768408383
3052,6.4470901557404705
3053,4.323065609555159
3054,127.48755995468085
3055,183.70138747933922
3056,54.319421107684846
3057,3.113240149669158
3058,107.48223422062037
3059,1.8609295656076084
3060,255.75278756644528
3061,5.215695270274028
3062,235.85206790519015
3063,160.38237013633864
3064,236.56796038141616
3065,244.4820538625368
3066,123.37337234109583
3067,42.6981757887562
3068,6.227924608519506
3069,5.981145314930549
3070,3.6027701248073307
3071,6.209894945485968
3072,211.1106571064468
3073,142.09855283513278
3074,6.295041545513575
3075,5.996322831872339
3076,143.64439507624022
3077,26.942257657985383
3078,84.13933198722447
3079,5.9456461493030295
3080,3.2075738259399196
3081,-8.051194259211256
3082,97.0910153330034
3083,146.08739502171375
3084,1.2156885730465665
3085,5.257379662889756
3086,202.28312164815296
3087,3.1005071830410516
3088,99.6814589454276
3089,3.485720267855303
3090,303.8438618724606
3091,135.19292483904647
3092,102.31205032445793
3093,3.96032806173352
3094,187.90774760245174
3095,255.75872717490248
3096,138.35442321653346
3097,4.648870441664915
3098,6.17227342663045
3099,27.296817034702304
3100,78.55969459654656
3101,3.8076607398788695
3102,2.630539035000581
3103,3.0248536871133163
3104,72.66286146409463
3105,3.3719822220095095
3106,21.289781701899308
3107,1.3945783179239437
3108,2.475282107618234
3109,6.4584129264454955
3110,253.76943540042384
3111,2.1617302498500712
3112,217.78985737463557
3113,5.448290466900579
3114,80.96862251870976
3115,268.2116873668555
3116,95.76235264412041
3117,25.206540623518805
3118,283.84018722957387
3119,4.612071809005986
3120,49.76040815739278
3121,39.021081244892635
3122,134.24365150780716
3123,3.8096928140122697
3124,2.6340360667136546
3125,3.930397523735598
3126,218.9977327344153
3127,250.2802095855521
3128,29.03980047346486
3129,361.1956228769651
3130,2.114996731435667
3131,103.07177186915655
3132,191.6040014196884
3133,121.41376041101117
3134,233.26908906039057
3135,1.6634377024407467
3136,311.29743706283546
3137,2.933925488633922
3138,157.81376868484585
3139,6.103700305780809
3140,2.0874452819964873
3141,17.87051092061783
3142,3.1297414372361265
3143,103.97522702250536
3144,254.1088129335361
3145,4.972007515222183
3146,273.1361741754872
3147,102.05855027705744
3148,111.9157379480169
3149,-8.898431313045668
3150,1.7562553449878375
3151,230.49929029396122
3152,7.189785062729185
3153,226.66952556186783
3154,161.4410409148203
3155,50.027619877899646
3156,49.028277883340074
3157,4.952243803085362
3158,288.1588041188128
3159,108.7660864602041
3160,259.7875629838861
3161,-52.96394226289568
3162,3.5839108339831363
3163,185.52852820881137
3164,3.2486073889246496
3165,0.0925047589594139
3166,53.71994017340798
3167,6.759959321451319
3168,5.349256164791402
3169,3.3953955052923472
3170,201.26369519824007
3171,3.130243529142247
3172,228.4559995099771
3173,283.35124102255713
3174,70.21102529015043
3175,-59.260834606286096
3176,3.726786267091254
3177,3.1595649230704614
3178,179.90088294746548
3179,6.288800744824094
3180,311.8787080807891
3181,213.42126651380346
3182,280.46095328803835
3183,6.050499050801759
3184,113.48986015846427
3185,7.040779300407937
3186,187.73167104949576
3187,278.2666189476763
3188,-36.733927467514626
3189,256.96865940946
3190,4.10476720296845
3191,244.0548863211723
3192,51.51092837422829
3193,6.577276382743877
3194,4.274438308612566
3195,5.917861989169118
3196,138.2307420509318
3197,5.536161132516982
3198,188.4006073328096
3199,187.0401843909895
3200,2.331335531351303
3201,342.5271056186242
3202,4.400691121168763
3203,4.807963142975186
3204,-13.065302588835207
3205,6.473731719451357
3206,270.7314191567716
3207,5.926129421737722
3208,209.90439003226388
3209,-22.13047596044197
3210,7.3230167854051205
3211,176.81594651210185
3212,217.99227534277625
3213,2.570479886071133
3214,252.4273662867738
3215,3.5836147845638364
3216,6.16523917455133
3217,136.0243443902018
3218,285.1056938880456
3219,82.80312368719258
3220,74.51335726111554
3221,106.39800036896416
3222,272.50103652022335
3223,344.72789083565135
3224,-77.35557469981148
3225,132.74807643555866
3226,5.981301938493828
3227,5.853499296941059
3228,19.91469818873254
3229,285.8556980842003
3230,225.067155133689
3231,6.750182544187291
3232,5.000256366329677
3233,5.70863219372016
3234,4.375029427546083
3235,86.81991378296453
3236,138.67198102867692
3237,27.545459655053687
3238,302.5458555925361
3239,6.497013049895199
3240,70.38128070242823
3241,-4.843909521519345
3242,2.605520492889181
3243,41.67036548200489
3244,186.62235323042282
3245,5.19859394502148
3246,245.84835094610753
3247,6.384961331199172
3248,54.60020648053876
3249,-37.67484210123065
3250,233.74343083656032
3251,235.40141477172293
3252,135.81074660443545
3253,68.0507117502928
3254,131.54111719158624
3255,6.390168343515502
3256,6.26226996213758
3257,30.22136040459376
3258,2.3996989094147323
3259,44.5453513926169
3260,5.8731895525373625
3261,101.75501787370644
3262,302.52032932962163
3263,1.8799394080094225
3264,3.994000012370177
3265,145.6362221404991
3266,3.736165943711156
3267,6.750410379441728
3268,3.200425792821659
3269,5.142853991144039
3270,58.64323797016887
3271,238.17839633599354
3272,2.6930129587105034
3273,212.75469907815477
3274,204.78065457373242
3275,127.89515852077227
3276,120.41583017347439
3277,6.525876849109024
3278,6.4391111512198895
3279,3.238388591378864
3280,151.42715246870821
3281,273.42957234368623
3282,2.647567641086637
3283,369.3015704350522
3284,347.4613725096144
3285,97.44745350700498
3286,3.1307750651524153
3287,5.708674243044954
3288,9.151705078057258
3289,1.8320641183008095
3290,67.23389952260808
3291,244.66121982251582
3292,3.165640215889504
3293,60.92228123485487
3294,211.79696005492158
3295,142.0477898827068
3296,29.590228346208914
3297,205.0118474199063
3298,2.3035627288413694
3299,248.90120763565403
3300,3.0771344767432756
3301,213.52552367696268
3302,204.23903393853945
3303,-3.948067899624117
3304,239.05097059648693
3305,4.946387122220227
3306,4.5192580915107925
3307,197.1252754960018
3308,3.2350522546047755
3309,6.329081310353804
3310,-60.820245286877636
3311,2.270960880986682
3312,3.8187527194566755
3313,2.6828212572335155
3314,6.04111207981034
3315,3.9214371955293057
3316,304.7758633701859
3317,309.67428774739744
3318,38.262883537090886
3319,1.9132588917795461
3320,1.979020410760425
3321,5.038746167571046
3322,164.87578417642945
3323,4.681375325776509
3324,3.857365279116136
3325,328.4733201021496
3326,76.66132396035121
3327,-60.958734424211116
3328,6.478046908833468
3329,1.8832734775836617
3330,188.5092918297729
3331,100.06596475492572
3332,3.863373012525736
3333,253.72891489168316
3334,119.03745239557537
3335,3.3078981340557188
3336,4.188305346932824
3337,2.647143038631697
3338,1.7785775076954924
3339,28.609451258344993
3340,37.338876336626214
3341,64.12614506696085
3342,236.2712994699252
3343,124.65614183609823
3344,3.6344737197010133
3345,264.13591035810407
3346,283.8859357056202
3347,177.353409540691
3348,68.65749685256384
3349,5.620138740508168
3350,3.7813842677307634
3351,2.829835875825033
3352,1.8429629082544485
3353,131.68244652076982
3354,33.62752486265404
3355,3.0460943225742927
3356,306.1554947266019
3357,3.484021043915509
3358,247.69973151929128
3359,97.09626582125024
3360,141.30925925040293
3361,3.2096029123610204
3362,3.167473013529459
3363,3.4485946695083296
3364,28.855178609238653
3365,125.87496865470428
3366,-13.828814084818893
3367,3.2994589509091643
3368,130.27912945558325
3369,4.9531043623584745
3370,60.208493261671435
3371,-1.1584952964132071
3372,210.08824012760755
3373,56.025965742377174
3374,318.8755993793653
3375,2.17390045008872
3376,2.757054523106262
3377,122.1686182835387
3378,6.002908257659129
3379,56.101466819167406
3380,340.9819374180638
3381,6.642247287501044
3382,103.40856902489028
3383,6.411471284352817
3384,99.61781408261677
3385,3.932216627260752
3386,52.518583875721895
3387,2.172959101572856
3388,184.07969467411712
3389,219.31913358628586
3390,1.8675739647315976
3391,5.71516599587758
3392,5.182251396859657
3393,183.35595820130195
3394,125.64005777014157
3395,5.404907259281445
3396,5.771833920773215
3397,153.59508079522647
3398,2.0307038866999463
3399,205.98204605104067
3400,184.12534311375558
3401,5.060315320164626
3402,0.7009698426957633
3403,76.20376811365753
3404,112.75657049045068
3405,175.9536844265851
3406,222.33233751867493
3407,3.944442720978336
3408,114.25175914979548
3409,116.92547454612237
3410,5.999859241646489
3411,5.445581418761573
3412,41.8438767925639
3413,2.16779848689202
3414,6.722914613931541
3415,113.92010219052295
3416,76.86055189918888
3417,186.2964741669196
3418,158.07294348356177
3419,32.86637774951168
3420,-1.9712751679496348
3421,-50.00531941020632
3422,179.60717390233637
3423,2.0042287149168816
3424,3.8201659684299
3425,37.18761610546189
3426,3.486673701734376
3427,57.62155663235321
3428,2.356885061007284
3429,320.27263928389436
3430,311.02050200077144
3431,129.98710258405646
3432,6.065864407113465
3433,91.16224806819335
3434,1.9137883526027777
3435,308.5025648743299
3436,236.09935426491978
3437,3.3117515212027766
3438,14.073999354847746
3439,277.54314605564684
3440,6.375718040576371
3441,4.730505479222702
3442,234.40315802448447
3443,5.00290940772452
3444,202.18705086882576
3445,3.7471934379317275
3446,5.964142360896803
3447,263.2217710098598
3448,5.412404682588624
3449,5.760574777399085
3450,112.80086171518512
3451,214.2271068105902
3452,2.019635617658706
3453,2.9283987083903478
3454,18.194106444381237
3455,4.251684428237237
3456,5.857912217561517
3457,4.000771207505023
3458,6.162525528130833
3459,170.08520706367725
3460,-52.37491248827429
3461,3.088159270327326
3462,37.28121103310626
3463,237.98206559280166
3464,4.068441672160054
3465,2.68160761507408
3466,6.804100836450846
3467,113.22906766693075
3468,29.854573269125915
3469,332.3863293472476
3470,154.36546320625578
3471,20.629634860253553
3472,266.83225734643247
3473,6.531586585651618
3474,3.940016004036389
3475,4.728485137263615
3476,41.74475931177215
3477,3.26834663480078
3478,6.730152717060424
3479,2.6917910484426586
3480,116.2716715328873
3481,165.42973798509541
3482,88.48204793983636
3483,59.523391784414116
3484,169.90333627580694
3485,2.3762991093394663
3486,222.66378293923324
3487,5.935411530588443
3488,5.1016269413689574
3489,2.9309000169222417
3490,6.078679910886475
3491,3.1319871095711767
3492,2.4339996906843147
3493,309.05575771327415
3494,169.09053161855678
3495,6.461082061678439
3496,5.124288929484172
3497,4.489270124998751
3498,6.737588305641121
3499,-17.01347669695262
3500,106.35054428506429
3501,287.29699236281385
3502,6.221538207202087
3503,3.972453374225811
3504,138.40443166616436
3505,168.02905455598454
3506,94.10751632831425
3507,6.223092500385365
3508,3.2714097589048157
3509,2.991020206535615
3510,277.25889419359964
3511,1.935741127667301
3512,68.9548518544146
3513,83.31353237822977
3514,3.116826482273154
3515,63.41372328926029
3516,3.1218268924713817
3517,208.52663006089475
3518,4.275725699303716
3519,228.78920381520277
3520,315.1206680712273
3521,1.881837304385649
3522,114.69812903281046
3523,5.125689019755809
3524,6.479637162781461
3525,5.293919845476167
3526,38.930238629994335
3527,1.6756403042011372
3528,291.67166653596416
3529,206.88603414310637
3530,2.6089665699501166
3531,99.15771326995763
3532,263.2474600259434
3533,45.00442998591464
3534,7.682722784496986
3535,74.27441957808388
3536,3.567357440870289
3537,72.97909118556178
3538,6.795539069031301
3539,35.33645302125639
3540,146.54187399922284
3541,-60.46561512869912
3542,2.689628669795982
3543,190.6788061023414
3544,34.29389600041025
3545,2.553543852492634
3546,6.054139803416345
3547,169.727623593991
3548,5.277541039786253
3549,1.7707617345740005
3550,4.515499586348209
3551,4.858951148873634
3552,5.695340457153838
3553,6.7486118271499365
3554,157.80741634870327
3555,4.094956438121777
3556,2.250493103382919
3557,103.65616549567211
3558,5.3670805765632625
3559,95.10436668984126
3560,59.458668693705626
3561,6.279015956651798
3562,16.678798187523746
3563,-44.78348540733638
3564,5.902048243451225
3565,5.00214847934933
3566,164.94500692759627
3567,1.9423053523062217
3568,255.61913385583867
3569,170.54057744160215
3570,40.89600372844679
3571,205.74827277028834
3572,1.8614979816032051
3573,6.080945508347311
3574,5.801896049409266
3575,1.638232425778144
3576,5.2282770401303935
3577,5.739048386542811
3578,73.40111050026704
3579,2.0455126156062304
3580,69.67589259817575
3581,244.77056412046724
3582,54.356294691776135
3583,66.08970771315921
3584,6.565639220335014
3585,32.083553244892805
3586,5.7812466063219246
3587,50.65141059734516
3588,3.39892975201779
3589,233.17896545606206
3590,2.44577090450817
3591,3.3037658715849263
3592,184.47491744936653
3593,4.968511003342623
3594,27.983875465942358
3595,6.618272589255345
3596,23.048922506765557
3597,309.2952273627236
3598,71.22555665958504
3599,73.60500347660965
3600,2.6719736795698736
3601,304.31985565999435
3602,7.636747827431343
3603,5.447595222153319
3604,3.1511963681672683
3605,140.67088519396052
3606,2.1260840780734407
3607,3.360447606577141
3608,289.77636934901193
3609,194.29687387661042
3610,43.257531089561745
3611,5.507757109794705
3612,273.09600823609776
3613,6.1764253961084465
3614,4.855113449451284
3615,6.657015953658631
3616,73.55814953250015
3617,5.172864098187187
3618,2.9269045153793454
3619,-59.38160990548595
3620,0.9302452304626239
3621,85.58383129716883
3622,5.385433692970422
3623,255.55358733088244
3624,-10.895259027887493
3625,118.52328567936665
3626,40.08048752451141
3627,19.60554007451102
3628,6.478585866821227
3629,34.519742036734364
3630,260.45357146227286
3631,307.541107022653
3632,251.78600502735236
3633,238.21230463257743
3634,110.20696016449422
3635,133.27462130320035
3636,4.61971579325204
3637,36.192671347213505
3638,51.8065957662369
3639,4.952128370584734
3640,318.5718011993722
3641,216.5947196950863
3642,146.08492240280935
3643,199.00479696126513
3644,6.449696765206978
3645,125.52573457432366
3646,2.4481962843987812
3647,6.042462799480669
3648,238.71685234795555
3649,-1.8567388107376142
3650,3.263212223763467
3651,190.09851190972486
3652,45.176208722056
3653,2.5658178513545566
3654,67.70537814750435
3655,2.061233010850248
3656,150.46324469326345
3657,5.747888613072895
3658,8.272780254816942
3659,4.479928419410786
3660,5.933763858342608
3661,35.16012876211192
3662,2.0772136782206547
3663,5.878943915168013
3664,129.25740362287308
3665,4.922314924167481
3666,278.59140399730893
3667,246.2146723375121
3668,271.5768214964668
3669,241.93638462090206
3670,7.405158331241774
3671,6.5914704424174815
3672,221.6617681853121
3673,4.954251724336061
3674,297.1524485076973
3675,132.54709384573485
3676,47.22231584746485
3677,30.895511088300893
3678,-23.45007043682534
3679,4.520042865324429
3680,3.843255378218992
3681,149.3318283739848
3682,90.27613041790885
3683,174.47407415001294
3684,50.351081432939395
3685,149.11738502378523
3686,281.93907733588287
3687,104.86792276344605
3688,294.9437322093504
3689,2.258302484738502
3690,178.9946713470947
3691,186.8695083408979
3692,293.8189333771978
3693,274.27802844360576
3694,1.4094663994964454
3695,248.74927682052336
3696,192.74181618565936
3697,0.9157195087361526
3698,-48.7721090396409
3699,4.481908546371723
3700,5.6744308962750125
3701,370.4614809229719
3702,3.68962049286483
3703,4.122629424388419
3704,5.902123160271229
3705,1.4187318882883575
3706,65.33503474498198
3707,-15.20166392375053
3708,123.86997067705157
3709,3.1450781149650737
3710,5.897220158228892
3711,340.3711170965107
3712,49.863813809064354
3713,5.802589599047101
3714,338.25477148139703
3715,2.596176344148224
3716,2.011247632973531
3717,149.97486939477156
3718,71.45532457152231
3719,164.87140379817674
3720,155.38286535739127
3721,2.918608795551266
3722,4.2867056626111495
3723,3.3030514624167004
3724,1.8766265686684984
3725,67.39255122970918
3726,1.751354550201319
3727,234.96535225656945
3728,50.0694798239141
3729,-35.030441946481666
3730,153.74315800346784
3731,89.42003732936632
3732,3.3085050666377036
3733,-57.69123490882225
3734,3.1887834836493067
3735,2.3271662813636746
3736,-11.899426636160836
3737,6.32497101944664
3738,195.7945296021209
3739,-35.993151348080275
3740,243.82834272434184
3741,25.99305070995391
3742,266.4593904694816
3743,2.3437478415499546
3744,75.32855827684614
3745,-12.620801897894154
3746,5.223549985911081
3747,4.980867846079165
3748,195.23456278874082
3749,75.87377257097228
3750,1.514617112130507
3751,218.81310608798424
3752,101.84535678116303
3753,5.03827861439723
3754,3.874587304545531
3755,43.760800779130854
3756,5.665800896316687
3757,22.655458480019334
3758,6.072659144997783
3759,42.43450388415119
3760,1.919298776970472
3761,6.359003598957342
3762,6.06058224853333
3763,121.01068368337614
3764,185.72316560960508
3765,374.2624790313407
3766,6.6040615870197845
3767,301.8031183185259
3768,62.12804489216383
3769,1.6861884915721708
3770,155.45552728189259
3771,3.3046834037574895
3772,212.53007662761888
3773,244.16693174938425
3774,2.5596101210438076
3775,3.5346435945789354
3776,231.61130559871228
3777,6.325319115730815
3778,257.0324042519354
3779,284.29189119196894
3780,5.772695755897157
3781,6.4915828124113535
3782,2.476727565607331
3783,1.8864296474873692
3784,5.49697344241165
3785,27.243628773586437
3786,90.6030765735829
3787,6.06336748942846
3788,6.545316459241215
3789,303.9496291237681
3790,6.942110475235157
3791,6.459761345081132
3792,3.662070929563021
3793,28.32832063013641
3794,-1.554771088925082
3795,200.053154895588
3796,227.95707284687774
3797,4.902692566100826
3798,180.43821142646493
3799,-54.16380523385052
3800,235.99604255277043
3801,126.33050501076241
3802,157.04100789739545
3803,61.06488710969909
3804,61.7480448095918
3805,4.4145232831648125
3806,3.057122570532993
3807,85.89944187044813
3808,3.6745617381483635
3809,-60.69925639922757
3810,2.6894274648203225
3811,4.54100890854985
3812,263.15667552591094
3813,3.6528284929806003
3814,294.27442923978185
3815,7.120045669856311
3816,3.6570327832560765
3817,49.68104434796785
3818,6.541520068956273
3819,2.418133555013226
3820,125.6858070789658
3821,8.098078921371014
3822,5.576893493034795
3823,261.00592843112577
3824,5.1126790773943425
3825,257.8603209802742
3826,6.091504126759207
3827,296.2152723556628
3828,297.06617603998177
3829,6.5102379875631815
3830,234.87602942715094
3831,58.194630236168194
3832,1.814936220270004
3833,47.23027195376954
3834,41.721991437329265
3835,2.6749143738085603
3836,5.285498702915772
3837,6.740170805757793
3838,5.93383308088786
3839,240.4465185835316
3840,5.762711723473061
3841,130.17882619042211
3842,3.640723824427754
3843,228.5089925130761
3844,5.8902340868176175
3845,6.466671208864685
3846,6.5012305622629745
3847,82.58603754564447
3848,126.950747077908
3849,204.70107135615
3850,29.42167890929623
3851,145.5660027349583
3852,239.7489078921491
3853,5.600729179390143
3854,246.12591228498576
3855,1.9358507550063246
3856,72.04097582823199
3857,3.965121611145711
3858,2.8781340689541866
3859,243.83624568070806
3860,6.05160741282024
3861,-68.98187094731409
3862,-4.051260935591775
3863,3.431963709972012
3864,2.5314275424573247
3865,300.0697217110536
3866,4.514484209997114
3867,198.91676300956746
3868,4.705951966025991
3869,3.0967342043711152
3870,136.6684105938476
3871,40.13147821470282
3872,4.0705994014604245
3873,43.6530677305333
3874,341.9904551272381
3875,279.772112646399
3876,108.61996580260045
3877,-87.40192531508234
3878,185.11934360310258
3879,269.94182777602657
3880,6.77161246374398
3881,3.8176858264444427
3882,2.1388741538389135
3883,195.23006644975627
3884,148.39010792822526
3885,6.424005832057536
3886,5.548985952721974
3887,6.183497300101014
3888,2.6915592738700833
3889,163.34467858784916
3890,1.083180419708359
3891,3.241928249541064
3892,167.7168124590445
3893,2.836065637194118
3894,309.8637342853417
3895,-18.80510544285316
3896,26.956293086938324
3897,233.9897412268262
3898,194.1599328092595
3899,1.793304168044646
3900,79.3500281691634
3901,136.96816462599864
3902,2.629049867551346
3903,38.01678189383762
3904,63.51567354741155
3905,3.8426922730029265
3906,7.334474890784907
3907,211.4192863001346
3908,136.65623892576397
3909,3.3921524105464385
3910,4.416710460639395
3911,234.01773740879736
3912,4.300499035224937
3913,21.04687290650999
3914,273.69655607232835
3915,6.937101546479626
3916,5.910133475277969
3917,3.9653318113665232
3918,-38.43105096265578
3919,5.040807121501106
3920,36.26213564163396
3921,84.17780172879833
3922,7.187791179834532
3923,2.916267194271475
3924,355.19880135715823
3925,75.54270221233865
3926,2.3446341167138596
3927,245.31456022868457
3928,3.390712466060939
3929,5.4748031045092995
3930,6.290878139196564
3931,195.12056899071214
3932,4.059538396046184
3933,2.8119721895923195
3934,6.4777611821644205
3935,223.9684193848407
3936,1.810099041820783
3937,3.1311663538398324
3938,2.951149519852426
3939,312.2111642924847
3940,6.286285799487788
3941,6.238043442029619
3942,5.498880740737123
3943,3.050405634248645
3944,6.859173321146642
3945,322.8009316244729
3946,200.65925354818373
3947,23.376085815317584
3948,138.9490195704294
3949,5.387641436681934
3950,232.57052286363125
3951,1.7781658961472164
3952,89.14161243620812
3953,132.30419572180784
3954,2.4652587628202083
3955,6.07990084240126
3956,151.77841051222197
3957,51.936499151677644
3958,86.82626492355308
3959,206.21216335754755
3960,6.0407197520381715
3961,6.232097650268106
3962,112.69154061609424
3963,5.913916660814492
3964,119.92194084055603
3965,6.187796732479757
3966,3.3930959622075783
3967,3.5655995649125583
3968,174.68170160588264
3969,41.45585110321962
3970,2.4765916053151713
3971,3.552436844896224
3972,2.878624388357189
3973,3.3296396894957385
3974,33.59980109661974
3975,41.000171524809154
3976,3.502736543621309
3977,4.0949412372878395
3978,3.3361064876488564
3979,117.99502010949395
3980,243.09979974320808
3981,257.078446791259
3982,5.550307169147508
3983,3.060669022574995
3984,386.50112317511946
3985,243.11721215151306
3986,165.64125376424306
3987,91.71443027300543
3988,2.9649042534501944
3989,-17.60136349343706
3990,90.98945934890122
3991,276.95992682819565
3992,5.90308512358502
3993,5.521888971218647
3994,42.663882899839884
3995,129.35462618557278
3996,4.202344205839219
3997,96.10634350550208
3998,2.347482219927789
3999,260.8088780672622
4000,5.490374001307484
4001,4.172660462369837
4002,47.57316808751367
4003,168.14102467616695
4004,2.389732524265093
4005,312.38619986700076
4006,82.16604833093182
4007,6.9743445618964985
4008,3.3439747579615795
4009,5.866036059677792
4010,204.62613316900214
4011,3.6365858714112544
4012,6.464877847883992
4013,241.96791656862933
4014,5.9172194723562965
4015,6.117732171930201
4016,68.73939013327728
4017,141.51360692966756
4018,113.88476393864005
4019,1.393006925677308
4020,1.97744171397401
4021,105.44144180087004
4022,41.87934120535662
4023,3.930178309451774
4024,111.34818303049808
4025,59.77386722572968
4026,95.68794370170748
4027,249.86637115898748
4028,106.46528048803744
4029,6.951158512377348
4030,2.357494442454655
4031,104.7173382478569
4032,81.44830160964956
4033,3.0556292414700192
4034,245.8608357671649
4035,136.63312660012843
4036,3.6239324582497114
4037,3.7483001232298494
4038,5.983726498477047
4039,5.896718786553067
4040,109.21077455457332
4041,319.217460616548
4042,55.96598698158475
4043,259.5896506212806
4044,4.295690063623027
4045,25.6242282698891
4046,5.922960393770115
4047,3.9827578837429867
4048,268.82629518342696
4049,114.65778793515379
4050,284.1231452872545
4051,34.71442913119101
4052,2.699294456457554
4053,4.155228456420038
4054,5.527922572705653
4055,4.174100564598952
4056,256.4379840472333
4057,6.858190691134801
4058,274.7117038112607
4059,59.608307887660786
4060,249.4487265872275
4061,115.29305562365705
4062,4.0022519099607825
4063,1.8903149219782849
4064,182.2750242770795
4065,2.099548385666005
4066,86.88353802195365
4067,185.12992175227427
4068,186.55859822889082
4069,344.53214306681366
4070,2.8078808862073523
4071,2.7972107274071574
4072,1.8935167226567824
4073,3.0459468062682875
4074,4.012399481024952
4075,-20.599090554459934
4076,18.74618622454205
4077,4.990219914359586
4078,6.29946625635397
4079,6.804372635743942
4080,281.84441744160654
4081,3.831076716488412
4082,106.08125302741036
4083,4.213539197714114
4084,9.453634645735196
4085,28.16912247909512
4086,2.6116950288416874
4087,4.19852147848521
4088,4.5510546500808955
4089,79.99229181590457
4090,156.03582589904417
4091,4.051814602296463
4092,65.15205542443564
4093,25.89651007398746
4094,5.009079797940262
4095,6.765719028960576
4096,2.3944803903487113
4097,2.478646483725043
4098,2.608197485249776
4099,-42.02049601518178
4100,36.68026375348993
4101,6.452097328561207
4102,4.6518479465496725
4103,63.19715609545764
4104,200.7778265989304
4105,5.849216801593635
4106,110.4466066933381
4107,83.79829538524376
4108,92.90354996399832
4109,248.18747690974246
4110,5.982364310893536
4111,78.86782147350051
4112,73.85375306442187
4113,3.091723234398641
4114,5.320365853914287
4115,75.57424268298402
4116,138.18885778035627
4117,83.13901172522998
4118,279.9694054619217
4119,261.7764035214243
4120,244.72449154443464
4121,92.49985336462669
4122,-14.444790310760318
4123,2.090009371248769
4124,106.08862615500273
4125,2.4810599279182215
4126,67.84711562789498
4127,6.039812132338794
4128,1.563341772243603
4129,6.13454236421971
4130,1.8074938316713867
4131,61.78754750370158
4132,6.051075486603443
4133,5.002808488593567
4134,105.1422534363274
4135,-16.482930782527408
4136,136.46770324993471
4137,353.6984360619372
4138,-7.549380844586509
4139,97.56996011770526
4140,56.276630304441255
4141,4.184251825720096
4142,119.44024240038635
4143,284.6694643907433
4144,95.72051269516571
4145,193.93259697767954
4146,69.5651806963439
4147,73.96492849699733
4148,281.2095005287915
4149,32.33781685960676
4150,29.229504571141053
4151,62.09066820450299
4152,117.38929040446055
4153,4.154599981378626
4154,349.77430108369856
4155,151.24749889125792
4156,3.0775616585078778
4157,-4.290880916791062
4158,3.9415174081806614
4159,4.566607153438416
4160,172.2349114618989
4161,180.00056784564646
4162,5.930063507006933
4163,72.56212402136062
4164,166.85862154268463
4165,5.493475000652431
4166,50.64167081463291
4167,118.91772315068565
4168,9.963609519634542
4169,2.3566164143710675
4170,-4.291638733942704
4171,77.54174522615102
4172,4.547417625320792
4173,4.043746881979792
4174,62.473745476144046
4175,124.37009842663394
4176,1.9875191791172946
4177,3.6521477843968744
4178,23.30452767359889
4179,117.99765721693879
4180,170.82277854388624
4181,64.38816833446998
4182,36.191864879095355
4183,32.23037736346722
4184,181.64724400380078
4185,283.09689118856625
4186,2.824145554348102
4187,88.40080298046836
4188,4.030919670980484
4189,4.147567821898836
4190,120.64627470319058
4191,2.1152934537987056
4192,32.96344663184431
4193,46.652909603017136
4194,5.938394842712987
4195,4.161343689993899
4196,119.1534823768482
4197,6.413435548337794
4198,2.970099753900722
4199,5.005754403385453
4200,281.5829220048595
4201,260.9845686794556
4202,175.40347303027838
4203,5.751955000934167
4204,95.70931462080324
4205,5.125378494765235
4206,7.4686556374551465
4207,143.2424532480125
4208,142.63020816278825
4209,229.57331911499995
4210,-53.015769629659566
4211,2.109780597854703
4212,5.7249515746656074
4213,-17.25380724023907
4214,6.754231558560812
4215,3.107369706165001
4216,1.877313783153911
4217,2.980591522159501
4218,5.803470856516303
4219,46.83690259368481
4220,76.34442538487751
4221,2.1466277742174613
4222,110.59482359590446
4223,2.885452275687667
4224,6.37995445608881
4225,4.943296537290309
4226,281.04059727641607
4227,2.478251553717763
4228,214.167925032532
4229,115.05219708680868
4230,2.826600216551942
4231,2.0535451396978797
4232,48.44616373459732
4233,3.0127772411815337
4234,-7.72140125941001
4235,67.58223827889533
4236,257.6706612647306
4237,161.8803597638015
4238,2.855658476056701
4239,60.026868763951114
4240,9.460639656949764
4241,42.73541514086616
4242,228.84288357015382
4243,-73.6175188401255
4244,340.2931978682076
4245,5.001984933517261
4246,1.9812000871421822
4247,3.828684231411339
4248,4.110492139219941
4249,-37.08331597666602
4250,7.104948936427016
4251,287.239609164223
4252,6.491143278694591
4253,6.021792367966136
4254,5.533308145510254
4255,-60.86806327209633
4256,6.847591113184757
4257,107.34906187934143
4258,2.36743592272456
4259,1.5091703982528686
4260,85.07568698965805
4261,2.333240151783929
4262,286.7513756696253
4263,78.80237826024992
4264,2.3790781387298106
4265,33.764750131399204
4266,4.173866886908435
4267,5.723572009008022
4268,6.0040078999710005
4269,190.9220168952556
4270,195.20614475893197
4271,174.95809683638038
4272,4.963211014739601
4273,7.889586021083214
4274,95.22865986140323
4275,6.743908165293631
4276,312.00656627614035
4277,233.3676373093437
4278,379.4706700712459
4279,322.57324279985426
4280,112.55499229047354
4281,49.61919880490463
4282,16.029603664332654
4283,6.470469406925039
4284,4.4498855435168485
4285,102.16283384177541
4286,303.8517778482624
4287,1.8076863958476266
4288,185.71591317474576
4289,214.0116996894068
4290,188.85279938528842
4291,3.0134553415483363
4292,5.029922590244798
4293,-0.7458072610134816
4294,-53.992628770902876
4295,0.8521629002436671
4296,5.58671339861438
4297,6.473483583647274
4298,5.725991651378829
4299,75.3131891230256
4300,42.86687877197604
4301,-20.45954863831346
4302,119.80556257551156
4303,1.983149509505576
4304,-56.25680546975086
4305,3.961226046016206
4306,294.28436246173305
4307,2.8636635097431493
4308,35.86776739988296
4309,4.8573295992032355
4310,2.785038036227438
4311,16.93366462487232
4312,278.4140499529012
4313,3.259834237804254
4314,2.8087534913412995
4315,222.8917771623254
4316,1.3033075892715655
4317,196.0797590003432
4318,6.13395730839411
4319,46.2072476348242
4320,132.54499741957775
4321,4.735940159185711
4322,309.9611993007668
4323,86.04880414804161
4324,3.305030341427859
4325,6.6161714172034465
4326,3.6742712265370074
4327,117.23650186983207
4328,150.08882156641934
4329,203.08899232648588
4330,10.450603762950927
4331,2.8851924104508995
4332,2.375373194977945
4333,274.1516242092887
4334,3.4110091375559235
4335,3.3850397698019017
4336,2.121568669741838
4337,6.04396330341864
4338,11.382864571467254
4339,5.122152660759592
4340,-5.548091285733486
4341,69.35114685094979
4342,182.11051068524688
4343,178.77271645985425
4344,139.46432970436976
4345,5.9207177216985
4346,4.7087423268614
4347,198.85968426857312
4348,5.529898725532762
4349,133.14419471467755
4350,-20.06694287036878
4351,113.29797607526972
4352,198.95908451991116
4353,5.109885666534102
4354,88.00440984731875
4355,141.93100883149359
4356,1.933816780143891
4357,5.101049948747505
4358,299.1304304665355
4359,208.29530652816
4360,3.252864892549681
4361,2.1643477491542695
4362,1.1307318893478548
4363,3.5220123656575706
4364,5.082265859722492
4365,1.6006368623680542
4366,3.1354444935146675
4367,257.4025452615783
4368,-17.0937839582723
4369,81.18716043743034
4370,6.455139567558927
4371,201.57686070740345
4372,69.06284864735493
4373,329.0426624896619
4374,6.51027878350063
4375,232.15337101388926
4376,294.3821814569858
4377,5.2514378129129256
4378,5.7277857001231185
4379,187.85247714670163
4380,3.0124459017043566
4381,2.3264980471414316
4382,6.66393990730998
4383,23.931180930152568
4384,4.943474836484244
4385,203.5182045444923
4386,21.3401011655881
4387,312.29968195892707
4388,83.64217715226879
4389,6.653406469676701
4390,4.294483816531477
4391,3.884271983042648
4392,2.52324130872376
4393,109.382209561406
4394,98.24788883881449
4395,3.0359826228375124
4396,1.94021850455835
4397,2.6304364486962886
4398,6.368576541652695
4399,2.9519434297437606
4400,239.36145961070065
4401,6.675212512887681
4402,236.2159402950256
4403,269.8891383974192
4404,258.01185773452005
4405,348.18336707149854
4406,28.61659991443814
4407,73.84455928822189
4408,6.54423520637666
4409,105.3166143126544
4410,-94.54971398903585
4411,2.66095612902811
4412,288.98819963246956
4413,218.59923030220884
4414,4.197501976971299
4415,189.37767837778577
4416,49.39948785564926
4417,2.6455744697718533
4418,231.93072225688144
4419,268.9461523906808
4420,335.30530313746306
4421,339.18035206317506
4422,3.643303894900524
4423,2.243113720740683
4424,59.30892605125292
4425,171.76233534195924
4426,5.5353288436526995
4427,220.03436012636746
4428,6.310423854643209
4429,5.278276750866087
4430,5.2059248784452405
4431,190.94260968143865
4432,3.7839128739641597
4433,3.951775869748231
4434,120.05166186913902
4435,5.742817923632958
4436,6.273962345902554
4437,15.645967098418538
4438,101.89604106907268
4439,7.17228871186349
4440,271.0636086572938
4441,1.7334735909188537
4442,263.03559276026533
4443,6.229053466603597
4444,277.83532289198524
4445,3.736588974811606
4446,3.836550002007104
4447,100.11427270179655
4448,4.97517704086738
4449,-17.50826013553851
4450,101.06720131349589
4451,106.74466841342753
4452,280.6748493205573
4453,250.26697745664637
4454,5.009138164108554
4455,5.62582145291395
4456,193.2533516764302
4457,4.161325292306508
4458,6.928926086720302
4459,88.18704514934394
4460,0.5561352822909237
4461,77.215455162253
4462,160.38119257626653
4463,43.388555911667865
4464,4.1790724331881695
4465,119.18006613911734
4466,4.487114708208379
4467,19.957768586147086
4468,1.8154513137622492
4469,2.218757501114841
4470,4.744721775652594
4471,2.695803714870191
4472,239.05532682469482
4473,3.7893088699745565
4474,248.50264209903403
4475,4.164002914978278
4476,84.8446968016759
4477,5.758869857624967
4478,4.177348346951312
4479,128.3586483957245
4480,292.67037792381234
4481,4.102891632838569
4482,221.76646131136647
4483,70.10932087390329
4484,309.7705283825924
4485,224.39238577001382
4486,2.454253334840317
4487,110.26755397073197
4488,58.708720242065205
4489,-51.811865446979866
4490,90.42634334329333
4491,5.5563802037003915
4492,266.15977709499373
4493,313.09687435693786
4494,2.829524842334018
4495,2.5796954726460304
4496,94.80460308709067
4497,6.740951127677449
4498,221.78499477338843
4499,318.1717807002084
4500,148.84394968793896
4501,5.794807213233209
4502,5.850823449237287
4503,185.85158652290855
4504,8.269875033989962
4505,76.82101533530975
4506,2.6688547733424564
4507,-20.63308393914088
4508,144.89080531627363
4509,67.38705453069699
4510,2.1531142783177346
4511,263.1045522217827
4512,64.9183693534134
4513,93.99125172416255
4514,3.061354189437532
4515,3.0647099208681166
4516,3.127490540358118
4517,4.930677875820877
4518,16.463767079533355
4519,99.68570833503831
4520,59.90735597622166
4521,2.6738840278626843
4522,76.26741438229591
4523,6.698390624147368
4524,210.73241532229315
4525,19.444782029846433
4526,2.2473886939746333
4527,121.36166008456287
4528,116.05627296956744
4529,117.0834265515427
4530,199.67660245520472
4531,4.0633869922575006
4532,4.417998466315278
4533,4.632388394275811
4534,58.522520980159406
4535,6.062730026230909
4536,2.038154692876955
4537,1.9163204234996085
4538,6.282674435982376
4539,289.1879995194338
4540,194.439431614964
4541,3.2650719821298186
4542,2.8697157701785723
4543,216.08970252132218
4544,37.785529258608264
4545,5.3359006377560245
4546,26.51938158311668
4547,5.905198339061944
4548,183.33059119861676
4549,4.507051871064553
4550,211.74530452053332
4551,27.57673277846107
4552,111.53619603723884
4553,114.95768892052213
4554,4.736099314994347
4555,202.23287440378394
4556,283.0777735813639
4557,5.04710847607837
4558,4.469048072085485
4559,66.07467894403825
4560,7.273302431749396
4561,5.365961762083785
4562,190.09102529967328
4563,41.65991445107888
4564,255.13750468330156
4565,47.28077161677633
4566,214.5452832435661
4567,285.8435000448907
4568,143.98065665085502
4569,5.032548477474768
4570,193.41970868860938
4571,265.7159718296115
4572,5.380907749934668
4573,3.0893497152580323
4574,1.6340424994647265
4575,5.746886915693733
4576,160.53372598960252
4577,255.5058730173383
4578,63.166085825189825
4579,24.73259869101862
4580,0.7666421720925489
4581,371.22946484987756
4582,36.870042714081464
4583,1.8555294034016665
4584,290.7652970389215
4585,38.713868094816725
4586,5.926278021097438
4587,3.8397219997664918
4588,1.734743666558657
4589,4.14573859920036
4590,3.183822159400713
4591,61.66566759446119
4592,5.4349364024295514
4593,117.88427075741986
4594,-17.20753888891461
4595,2.3669494813655816
4596,60.25390423594856
4597,135.4097734981895
4598,4.770028999008501
4599,-38.94315045193936
4600,71.12136761728847
4601,6.967880849615845
4602,5.573353047197959
4603,5.204052465830031
4604,81.26083806763792
4605,1.7577441168948367
4606,128.77104046556866
4607,28.737998255902244
4608,4.441413441476737
4609,217.67555198810823
4610,124.73220734551454
4611,114.12686064193477
4612,2.9684762675043634
4613,-65.98419007359989
4614,75.85876685385239
4615,-52.33969499309812
4616,4.371520852405795
4617,4.6552342977719885
4618,3.5941384931084706
4619,6.1483246480989795
4620,6.672318534806874
4621,103.21867678394106
4622,3.806689415886127
4623,6.094492544240352
4624,1.316876534043086
4625,82.24950447318318
4626,48.230986784784406
4627,5.3525278993993615
4628,6.121347950660238
4629,66.62136870898922
4630,5.543451588356741
4631,-0.9275313671093179
4632,6.511770670885129
4633,221.56885934672476
4634,5.89683091753296
4635,6.128089222076647
4636,66.23441320860033
4637,6.889364689145926
4638,408.11004689705385
4639,292.96100453297436
4640,2.057914607496027
4641,199.974740685491
4642,149.96251798203093
4643,51.673676518249465
4644,47.60421526209043
4645,5.634724849147274
4646,55.43167825353376
4647,27.941952278720613
4648,202.07404706616595
4649,113.41458282040358
4650,133.38223477646034
4651,51.324175759916244
4652,4.7088566853089056
4653,262.33937764736174
4654,3.12140577262078
4655,6.0286829250887495
4656,3.1572617932775793
4657,3.085864578429449
4658,6.3052896707973805
4659,60.416553776727795
4660,1.985646541663612
4661,2.4617993550746378
4662,3.76085033105464
4663,109.76993033679919
4664,5.922668649048457
4665,153.68260971549338
4666,249.00529447668245
4667,1.847007875513715
4668,121.10947140449646
4669,282.06265275990825
4670,57.409927468355974
4671,2.0518587864720965
4672,1.0510770666520552
4673,63.738712717018714
4674,286.3049349625817
4675,1.8025982477323854
4676,142.82378954317187
4677,50.55376745216141
4678,5.575883604902347
4679,76.77050749349688
4680,4.2463180114334556
4681,1.9242937108284148
4682,209.28666684387224
4683,150.0566353853065
4684,91.08031519695993
4685,259.24277577427756
4686,4.0141445291675995
4687,237.49406927526925
4688,340.23720962207074
4689,110.51019787550524
4690,6.462884607745003
4691,6.723951677312147
4692,4.413583059010129
4693,90.28038271599067
4694,4.685907359913646
4695,385.69022294380034
4696,4.716250119614343
4697,2.612776984727969
4698,4.626580914122637
4699,3.532869603944523
4700,99.45555620082354
4701,5.880453521772183
4702,1.9495794026264142
4703,3.453058601354449
4704,5.237460661732938
4705,275.7354362303364
4706,3.4366868245777984
4707,5.010542190390151
4708,3.0065712826163127
4709,81.59388293291477
4710,161.13688152703241
4711,6.328497557429582
4712,239.29657122904595
4713,3.8002961564134483
4714,5.716606730864422
4715,72.95940664276634
4716,31.346569789776318
4717,7.087741499623692
4718,5.917192834765729
4719,191.51426896553826
4720,162.4419734177148
4721,6.163619794397029
4722,4.010740683794437
4723,6.53326076476193
4724,75.0766202816008
4725,170.35108772296894
4726,3.506119848352241
4727,288.46044143283814
4728,238.591906622428
4729,3.9931161206370724
4730,186.86149560452162
4731,96.32219611919545
4732,-23.797505424160477
4733,5.540658255921084
4734,6.268509084071155
4735,5.748240431377221
4736,3.2556806447707083
4737,66.80484586738933
4738,-8.751257609697294
4739,157.00464184982638
4740,304.3430446081942
4741,4.839801470349556
4742,89.78856225802419
4743,5.91494596920834
4744,249.47308282797914
4745,49.797511806384506
4746,4.164981601562931
4747,2.992280584836791
4748,3.0851651350802123
4749,5.820509313325583
4750,5.752130728347636
4751,3.905521193157359
4752,95.04255590364222
4753,147.19681025208797
4754,141.22154426224145
4755,4.210158764110499
4756,1.9920574078361188
4757,3.586597980015104
4758,67.59569273748824
4759,106.87751330891646
4760,4.671093398135159
4761,3.0656714665459055
4762,183.64916650961146
4763,213.28242207192315
4764,2.4860498372811275
4765,343.6428310732309
4766,18.75143999225725
4767,52.10162033783914
4768,27.059724267375938
4769,-36.84777435799312
4770,30.136630570166496
4771,29.872075501038886
4772,4.063494685699425
4773,4.1633147695159884
4774,146.4808317240627
4775,2.142799081715835
4776,2.761504100711478
4777,155.56664153040373
4778,5.202416580567054
4779,25.03713164903955
4780,2.0229889898210764
4781,60.4510776259642
4782,4.570641959023928
4783,4.136775917685596
4784,2.560926755106391
4785,27.63354125858588
4786,65.1163412064061
4787,5.54017947041936
4788,3.60870743439794
4789,3.3681896742753485
4790,125.38229173024618
4791,212.70270974981796
4792,4.408538450308621
4793,172.808416588879
4794,61.27180345219744
4795,242.27516763634486
4796,3.135779563889969
4797,146.4622315810813
4798,5.9309301458840284
4799,4.142824702213692
4800,340.9397947957525
4801,3.5489453104315394
4802,4.828320472635061
4803,268.8189366770937
4804,1.8871433031263507
4805,253.506688907539
4806,4.469487520399595
4807,3.013507714052228
4808,62.46497165552505
4809,89.34966897202008
4810,1.6983317470253538
4811,2.138449090537389
4812,5.20578280041862
4813,277.126677865965
4814,234.136484457765
4815,2.943662775072291
4816,2.6505420916167806
4817,6.1158277094573945
4818,1.6839252132950981
4819,88.35383626328061
4820,2.4204557091738774
4821,189.8099609160889
4822,122.81412924455918
4823,4.897409818340258
4824,2.7785542186294236
4825,238.04718429417943
4826,4.665746919891465
4827,5.845803082830145
4828,218.50513835820465
4829,130.82464259308458
4830,108.25660107063219
4831,188.54500361566522
4832,7.043312465896398
4833,3.56830548078383
4834,108.91794854687211
4835,4.14348799843941
4836,6.441752345424776
4837,204.64446504533427
4838,28.394805602920137
4839,311.1882162508218
4840,3.3589456219703333
4841,155.65754526966867
4842,16.840607177389906
4843,2.2257491387842356
4844,4.0961764294645855
4845,4.769434540479799
4846,7.132277727626846
4847,3.9372607438002927
4848,2.291133219661993
4849,5.192543335400372
4850,6.804248810984501
4851,5.6767546006114635
4852,104.74899927297953
4853,278.0981178290082
4854,2.991887167494494
4855,3.2376976753464133
4856,165.78660079764666
4857,229.00566243066643
4858,309.8359585428328
4859,133.92044488523518
4860,240.17456927352868
4861,-1.197729520414062
4862,119.48012595621158
4863,6.985195707685234
4864,6.0435008709323546
4865,1.8872935317986903
4866,1.0043192206593918
4867,3.518342978150355
4868,62.15792474131406
4869,1.1485523361650305
4870,107.65497484964015
4871,6.677781294188084
4872,2.25002413462826
4873,299.06409666244633
4874,-14.859797671845596
4875,3.3215884022709647
4876,200.61473215139523
4877,6.367554309453695
4878,87.30155498940236
4879,72.14445193132974
4880,5.940762035335576
4881,6.206878937326436
4882,24.61360400160741
4883,1.8258643446333438
4884,100.97789152970165
4885,-63.37431574200461
4886,253.0159692633062
4887,5.0310358714514125
4888,286.5384522513335
4889,36.52941019872546
4890,230.61979726069097
4891,141.47201247950264
4892,1.920031179895476
4893,5.889868389127475
4894,96.48835692448952
4895,6.63379553607145
4896,5.8960375974489505
4897,6.406017842514781
4898,5.6528688625129435
4899,203.0595717732185
4900,2.5116420913880315
4901,267.09135426514706
4902,4.384545214164276
4903,138.05325737057882
4904,398.94029349903803
4905,88.2068305221021
4906,154.54019944416615
4907,181.02084359438496
4908,4.587221027790827
4909,137.82647166010614
4910,169.9780236120889
4911,85.77675617393363
4912,5.55693432860154
4913,231.55696395215764
4914,185.02537939958378
4915,3.8114784219862496
4916,4.612751914857843
4917,6.364055631503777
4918,2.8456128409281636
4919,46.90629586840366
4920,2.0374084032005237
4921,-0.5723727526978168
4922,180.95572620568012
4923,222.24733181489935
4924,6.003418527252991
4925,2.5460917276312998
4926,1.264916607503386
4927,5.898190414047701
4928,2.830764721853427
4929,83.44054565339954
4930,93.4004786052411
4931,-3.5873084601823533
4932,5.7431891902000105
4933,255.56607054100616
4934,-62.037065509227546
4935,52.41770908897175
4936,252.4680011433319
4937,28.058163063210653
4938,77.85711447623092
4939,58.247560356945606
4940,3.7270828459254606
