id,target
1,4.077041864395142
2,2.486820340156555
3,315.9927520751953
4,-61.78709030151367
5,4.145688414573669
6,6.577000856399536
7,5.365265607833862
8,70.65091323852539
9,85.4793815612793
10,62.668596267700195
11,49.19160079956055
12,-3.819521725177765
13,255.36695861816406
14,200.80490112304688
15,3.9511602109574353
16,291.0940246582031
17,3.396194211121516
18,94.7364273071289
19,3.0250325099829194
20,6.560811906148955
21,-51.49152183532715
22,56.768720626831055
23,3.9314738512039185
24,2.9008402824401855
25,38.091007232666016
26,87.92235946655273
27,1.2415165924220872
28,167.21014404296875
29,45.78232765197754
30,3.6800564527511597
31,6.1871607303619385
32,44.71400260925293
33,52.71160697937012
34,3.8351961374282837
35,2.2733562759175374
36,6.455686807632446
37,260.19252014160156
38,234.85401916503906
39,58.35158157348633
40,135.39181518554688
41,-46.55040168762207
42,2.8950109481811523
43,5.754983901977539
44,4.593397855758667
45,120.44054794311523
46,69.65107345581055
47,2.7423486709594727
48,-83.73080825805664
49,3.7839165925979614
50,1.812038465841436
51,274.44091796875
52,3.2567293643951416
53,2.5994237661361694
54,74.30070114135742
55,2.982833504676819
56,4.205039603799802
57,5.68159556388855
58,169.54186248779297
59,245.01515197753906
60,6.6402907371521
61,2.2710770366475366
62,231.2976837158203
63,6.502927541732788
64,2.7915009260177612
65,2.825961709022522
66,4.591118574142456
67,5.3008381604840675
68,211.2737274169922
69,134.23418426513672
70,2.159619082070605
71,2.516110897064209
72,2.4687395095825195
73,30.88482093811035
74,237.5873031616211
75,173.30490112304688
76,6.027152061462402
77,5.872339725494385
78,119.61874008178711
79,256.84742736816406
80,3.7169413566589355
81,42.070289611816406
82,4.660785913467407
83,191.23957061767578
84,43.782793045043945
85,1.4719507694244385
86,2.2701487853610813
87,80.88204574584961
88,185.6485137939453
89,6.07877516746521
90,5.266827344894409
91,52.00271415710449
92,49.02472400665283
93,24.558810234069824
94,5.344013214111328
95,3.873411696392048
96,3.106259346008301
97,7.1611984258603325
98,224.9118423461914
99,88.38811111450195
100,268.1799011230469
101,5.720919375481377
102,271.1678161621094
103,3.408110264765176
104,6.28231406211853
105,135.33018112182617
106,1.6335372924804688
107,270.7287139892578
108,2.472620092216754
109,171.24496459960938
110,3.2745646238327026
111,63.29990005493164
112,2.1144673685214577
113,191.2655258178711
114,6.495272874832153
115,5.493503570556641
116,384.17332458496094
117,230.0577163696289
118,163.63864135742188
119,245.65547943115234
120,303.55455017089844
121,159.73339080810547
122,3.6413689851760864
123,101.74245834350586
124,248.71234130859375
125,126.31459426879883
126,6.329885005950928
127,138.3599090576172
128,3.950017152901607
129,235.21283721923828
130,88.67898941040039
131,60.072710037231445
132,-10.165350437164307
133,-10.573563382029533
134,296.7587432861328
135,5.946629340525584
136,2.118629515171051
137,147.61632537841797
138,5.825256586074829
139,208.8525161743164
140,287.35743713378906
141,51.795087814331055
142,1.215246558189392
143,73.28726196289062
144,28.00702667236328
145,6.491029997297861
146,176.4005889892578
147,226.1571807861328
148,2.245833992958069
149,211.544677734375
150,72.91768646240234
151,273.5832214355469
152,273.3753662109375
153,172.20061492919922
154,47.51727867126465
155,4.413855796172241
156,221.1454849243164
157,135.63336944580078
158,121.12725067138672
159,140.94197845458984
160,6.28076434135437
161,46.03463363647461
162,4.621707201004028
163,256.13919830322266
164,3.134485125541687
165,47.27122116088867
166,216.26776885986328
167,297.86585998535156
168,6.970580816268921
169,2.0821407891494856
170,253.08724212646484
171,3.0554100275039673
172,4.273400068283081
173,-21.659543991088867
174,4.124274969100952
175,5.6545250415802
176,119.30214309692383
177,77.1718635559082
178,312.0489501953125
179,150.9211654663086
180,212.23848724365234
181,6.488313388351524
182,2.4919817447662354
183,301.187255859375
184,6.835694789886475
185,1.6306132879726611
186,3.697852849960327
187,2.9695634771252073
188,4.002301216125488
189,85.3671875
190,4.40287709236145
191,2.3109077585402775
192,35.647932052612305
193,3.2206649780273438
194,320.3489227294922
195,90.70788192749023
196,266.03858947753906
197,152.94662475585938
198,228.66729736328125
199,74.10335731506348
200,2.1462370505851522
201,3.2625430822372437
202,94.82398223876953
203,56.36374855041504
204,4.35268497467041
205,254.854736328125
206,43.54483604431152
207,227.53423309326172
208,152.02891540527344
209,69.80238342285156
210,180.70787048339844
211,54.097089767456055
212,111.28202438354492
213,250.4840087890625
214,82.95023345947266
215,11.179439067840576
216,176.4005889892578
217,77.21320724487305
218,202.5977020263672
219,224.71892547607422
220,5.819480740008161
221,208.3380584716797
222,163.91167449951172
223,3.031533122062683
224,203.90987396240234
225,255.38380432128906
226,239.61375427246094
227,49.14413261413574
228,258.3299865722656
229,258.04986572265625
230,1.7993310689926147
231,220.93524932861328
232,46.08747863769531
233,57.0108699798584
234,245.485595703125
235,110.15972518920898
236,2.307436943054199
237,6.250065440546365
238,36.52657699584961
239,6.1435606479644775
240,174.77198028564453
241,308.3009338378906
242,234.52764129638672
243,4.0693957805633545
244,4.051231861114502
245,41.57501983642578
246,127.1032600402832
247,124.70279312133789
248,5.747956306249422
249,5.699911117553711
250,60.20558738708496
251,65.29418754577637
252,217.03702545166016
253,7.5640919751667575
254,145.67951202392578
255,-49.71799659729004
256,6.47537242789294
257,2.1188786929980283
258,92.3100471496582
259,270.34771728515625
260,2.2946782976810316
261,5.70368504524231
262,6.316370725631714
263,-39.50045967102051
264,3.8826458921452067
265,3.6246975660324097
266,2.145552933216095
267,3.7148377081578463
268,1.46863022744397
269,198.30855560302734
270,3.0311888493897787
271,149.23997497558594
272,126.03036880493164
273,4.664529800415039
274,4.649693250656128
275,321.8211669921875
276,191.74749755859375
277,214.31104278564453
278,-44.45322227478027
279,4.434793472290039
280,192.78356170654297
281,5.141970872879028
282,132.2155532836914
283,247.36730194091797
284,140.85306549072266
285,244.14013671875
286,149.6969451904297
287,244.52376556396484
288,6.486883640289307
289,122.95962142944336
290,4.706131219863892
291,115.07222366333008
292,3.865706443786621
293,89.99973678588867
294,102.466552734375
295,5.473357677459717
296,110.20805358886719
297,49.76128959655762
298,-59.5761604309082
299,220.38412475585938
300,5.7457780838012695
301,4.076086401939392
302,5.120320858446755
303,4.45403528213501
304,4.057772599542835
305,4.895648241043091
306,203.56024169921875
307,3.181250598460053
308,3.2213903665542603
309,113.35998916625977
310,2.2107914448820356
311,2.252571687072586
312,3.5957261323928833
313,132.09156036376953
314,4.049656290604077
315,0.5092891342937946
316,2.6372052431106567
317,4.7040488719940186
318,3.888299718825143
319,63.8205680847168
320,1.8626591551362142
321,6.303111162637941
322,2.795936346054077
323,1.8309378442296078
324,2.3968795455518235
325,3.7490533590316772
326,4.949257135391235
327,48.05227279663086
328,4.663350820541382
329,99.48091888427734
330,56.84089469909668
331,21.503572463989258
332,5.703726291656494
333,3.283124327659607
334,6.662719249725342
335,135.68645095825195
336,3.8978908470307907
337,2.2858313812933897
338,142.95518493652344
339,51.0922966003418
340,300.00518798828125
341,139.1489715576172
342,87.48311614990234
343,3.682272568296514
344,2.9421868324279785
345,119.01196670532227
346,2.900126814842224
347,5.131858715107167
348,51.93233108520508
349,-48.37430953979492
350,136.31696319580078
351,247.32232666015625
352,36.10226821899414
353,1.0684164983166793
354,5.858760118484497
355,286.80946350097656
356,219.24288177490234
357,3.1613460779190063
358,8.224627017974854
359,4.296231031417847
360,149.60415649414062
361,4.300066709518433
362,5.6660089347284455
363,57.357834815979004
364,4.475466251373291
365,5.335668325424194
366,70.43552780151367
367,4.721270322799683
368,233.00609588623047
369,4.9475189429640825
370,-28.901123046875
371,260.49037170410156
372,87.88512420654297
373,172.09046173095703
374,13.042429685592651
375,97.84799194335938
376,2.9223071336746216
377,2.887350559234619
378,3.8153949221890775
379,3.4646703004837036
380,0.7159394445483737
381,5.961203098297119
382,6.563782158665725
383,129.57270431518555
384,1.8020378011075906
385,4.03182878341828
386,270.1152801513672
387,2.6885886192321777
388,4.119973659515381
389,60.53849411010742
390,5.201767969284673
391,173.8063735961914
392,6.232704162597656
393,3.839875559661853
394,306.4873352050781
395,176.3978729248047
396,2.9150068759918213
397,1.7900270847235173
398,6.343811988830566
399,187.5029754638672
400,236.59552764892578
401,1.6674237069666962
402,6.4491753115149875
403,5.93696196671538
404,5.823803186416626
405,9.031919598579407
406,7.25761952432261
407,-59.609527587890625
408,4.356487989425659
409,2.8020719368130558
410,3.6498383283615112
411,2.577598214149475
412,-9.533149354159832
413,343.41688537597656
414,5.889680624008179
415,52.32746124267578
416,3.372326098021001
417,6.655277490615845
418,5.475267813082652
419,5.446708917617798
420,4.4041736125946045
421,148.7577667236328
422,159.92330932617188
423,169.743408203125
424,173.3369903564453
425,5.814105749130249
426,229.94683074951172
427,3.5666120550925324
428,211.15325164794922
429,2.9000660181045532
430,4.569672107696533
431,259.81795501708984
432,151.27648162841797
433,25.54598903656006
434,6.236002538826374
435,59.44167518615723
436,256.3907928466797
437,226.26438903808594
438,158.0389862060547
439,5.90768575668335
440,256.33860778808594
441,223.8087387084961
442,125.62478637695312
443,317.962158203125
444,5.639423945349383
445,6.297105961924892
446,67.93400955200195
447,1.3739825244568191
448,6.201525926589966
449,309.55125427246094
450,268.4605407714844
451,167.5501480102539
452,240.93865966796875
453,1.8899110349101234
454,4.41203470751596
455,142.3257827758789
456,3.0700998306274414
457,4.849977016448975
458,266.97010803222656
459,76.43956756591797
460,17.27263832092285
461,132.08498001098633
462,6.376130581797459
463,179.6002426147461
464,5.192222595214844
465,142.39138793945312
466,61.35737419128418
467,2.2886439099623175
468,5.601428747177124
469,38.57012748718262
470,27.746636867523193
471,1.7915225881526227
472,1.8893177598064788
473,41.716678619384766
474,6.043684482574463
475,100.71931838989258
476,6.330219745635986
477,2.2342798709869385
478,4.415334701538086
479,210.94354248046875
480,4.418366193771362
481,6.070470571517944
482,197.42249298095703
483,1.7629762081763223
484,228.20755767822266
485,115.36335754394531
486,4.427024351225329
487,2.4451128244400024
488,205.3548812866211
489,2.7682790756225586
490,4.689989805221558
491,6.38366152637249
492,3.746220827102661
493,3.9255579710006714
494,234.1305694580078
495,5.876843452453613
496,111.50029754638672
497,6.2827887535095215
498,5.636345148086548
499,5.654426382247751
500,17.236388444900513
501,3.2542022466659546
502,318.63409423828125
503,96.78168869018555
504,2.746171474456787
505,1.9247788533931336
506,6.291809320449829
507,334.4763946533203
508,74.02398681640625
509,281.01661682128906
510,4.260604381561279
511,125.5746955871582
512,217.01358795166016
513,217.12893676757812
514,330.3981628417969
515,300.2162628173828
516,238.89234161376953
517,267.7345886230469
518,7.069230318069458
519,50.5974178314209
520,283.90492248535156
521,1.6448194538127177
522,3.92585426090231
523,195.26627349853516
524,4.408272981643677
525,147.10801696777344
526,5.859801292419434
527,4.739119617234408
528,4.400304079055786
529,6.4505144217809205
530,266.43016052246094
531,83.14869689941406
532,3.767997622489929
533,133.13114166259766
534,4.510777118601971
535,6.973922501988207
536,5.9175848960876465
537,1.551820387557919
538,5.018206596374512
539,275.7138366699219
540,264.86798095703125
541,248.72167205810547
542,70.80154037475586
543,79.95365524291992
544,5.465914015885935
545,3.9120439291000366
546,3.388927459716797
547,2.0106223539100028
548,329.14903259277344
549,5.670651912689209
550,246.0128173828125
551,5.828350305557251
552,125.16576766967773
553,4.012193083763123
554,78.23770523071289
555,99.74609375
556,242.85745239257812
557,198.8232650756836
558,5.102703809738159
559,6.067343315507329
560,176.62830352783203
561,97.13154220581055
562,150.89350128173828
563,3.1823657751083374
564,22.949172019958496
565,172.19847106933594
566,2.804763078689575
567,45.512664794921875
568,105.09185028076172
569,301.82041931152344
570,3.6821945905685425
571,197.55777740478516
572,3.204467445842872
573,92.64285659790039
574,104.14143371582031
575,7.396048307418823
576,1.8692959095714836
577,3.083176851272583
578,175.05628967285156
579,22.806185722351074
580,271.6516876220703
581,51.79195213317871
582,73.79955673217773
583,5.618531942367554
584,3.2947652339935303
585,147.4533233642578
586,5.093796730041504
587,221.29642486572266
588,3.120218515396118
589,196.16339111328125
590,281.9278564453125
591,156.98318481445312
592,6.908527076631563
593,236.62779998779297
594,269.1449279785156
595,15.185496091842651
596,5.227437998197251
597,117.57461547851562
598,2.5494814265768406
599,94.00170516967773
600,176.6166534423828
601,146.3012466430664
602,15.512301921844482
603,2.0413445988479886
604,240.29981231689453
605,2.8925870656967163
606,2.685880184173584
607,6.636258125305176
608,46.097333908081055
609,275.11573791503906
610,37.482924461364746
611,72.91372680664062
612,-2.5907723903656006
613,38.928229331970215
614,55.42047882080078
615,1.9332925065151865
616,177.0163345336914
617,-53.76399040222168
618,219.84862518310547
619,4.852706670761108
620,5.715916872024536
621,185.0421371459961
622,97.14580917358398
623,156.47139739990234
624,202.19307708740234
625,2.437780477590475
626,2.0980090614845146
627,77.1470718383789
628,4.366140365600586
629,226.56981658935547
630,4.402987957000732
631,2.257539960405298
632,187.7848663330078
633,129.66644668579102
634,230.04307556152344
635,2.811793088912964
636,114.65715026855469
637,91.646240234375
638,6.833141391007399
639,21.204275608062744
640,122.77055358886719
641,6.6960718631744385
642,3.3427807092666626
643,281.9471130371094
644,3.407419443130493
645,105.21185302734375
646,83.29227828979492
647,191.07434844970703
648,235.9634017944336
649,365.28509521484375
650,318.43321228027344
651,108.87268447875977
652,45.9305362701416
653,3.285930871963501
654,188.98603057861328
655,-7.4356772899627686
656,188.89196014404297
657,156.7305908203125
658,293.6159973144531
659,1.86830827217431
660,125.65332412719727
661,3.9088258121908708
662,134.63074493408203
663,3.8023310777479735
664,-30.364015579223633
665,96.05835723876953
666,129.3520164489746
667,240.3058853149414
668,324.03895568847656
669,108.32902526855469
670,200.28490447998047
671,121.62105560302734
672,87.78185272216797
673,4.080429972958476
674,5.646366596221924
675,5.981047630310059
676,5.694000203694124
677,23.20467758178711
678,182.11443328857422
679,5.108761310577393
680,3.213244676589966
681,1.9341861856566158
682,102.64914321899414
683,5.532482066036615
684,162.28308868408203
685,199.29204559326172
686,5.850006341934204
687,351.8014373779297
688,80.35313415527344
689,110.37284851074219
690,315.0580749511719
691,3.7213747885659307
692,76.56023406982422
693,5.252224824309304
694,6.918447776974208
695,24.29924440383911
696,287.2393341064453
697,1.0895959173837186
698,249.7119598388672
699,2.03890722990036
700,254.94078826904297
701,3.6926684379577637
702,4.005439400672913
703,67.88411903381348
704,77.57717895507812
705,150.6722183227539
706,182.36646270751953
707,186.0223846435547
708,71.56140518188477
709,84.54988479614258
710,213.88894653320312
711,242.8335418701172
712,6.400651595227922
713,21.080821990966797
714,6.561465263366699
715,250.38108825683594
716,3.249901056289673
717,91.49069595336914
718,349.38255310058594
719,208.59759521484375
720,4.984429121017456
721,145.41461181640625
722,2.227407291315717
723,6.394589565378113
724,2.2091363072395325
725,2.244212944634836
726,122.08577728271484
727,247.12623596191406
728,67.35573387145996
729,58.14708137512207
730,56.25155544281006
731,284.1496887207031
732,4.630225896835327
733,6.421565532684326
734,29.98964023590088
735,243.3070526123047
736,45.90052604675293
737,53.14285087585449
738,115.37737655639648
739,300.16766357421875
740,138.87664031982422
741,22.014161825180054
742,274.257568359375
743,114.58554077148438
744,1.909796292643399
745,272.6393280029297
746,166.7599334716797
747,4.195047855377197
748,70.01032829284668
749,58.374135971069336
750,183.25172424316406
751,46.42616653442383
752,248.89371490478516
753,1.9153733627361411
754,237.30418395996094
755,6.35916805267334
756,5.918226003646851
757,208.3537139892578
758,2.0361284614880355
759,55.509342193603516
760,3.9539780616760254
761,199.13843536376953
762,5.249844312667847
763,2.0947405312245597
764,52.69354820251465
765,4.587590932846069
766,43.48297882080078
767,1.4576355670651964
768,4.992713689804077
769,5.9133219718933105
770,2.0126723450340367
771,246.00823974609375
772,76.50848388671875
773,120.19895553588867
774,-27.124595642089844
775,17.832361221313477
776,4.2554708767693645
777,218.2175521850586
778,-1.079737663269043
779,153.67823028564453
780,79.0996150970459
781,298.0852508544922
782,3.7630908489227295
783,50.354766845703125
784,2.7063039541244507
785,48.06622314453125
786,126.22093963623047
787,5.530511379241943
788,1.894107633112973
789,168.2569808959961
790,84.60544967651367
791,-6.483592748641968
792,120.76862716674805
793,-36.21850872039795
794,321.29075622558594
795,-51.83136749267578
796,115.9903678894043
797,3.660939574241638
798,57.01729965209961
799,3.307780146598816
800,5.846219778060913
801,214.77679443359375
802,103.97715759277344
803,165.15441131591797
804,6.626142501831055
805,2.112173015072949
806,172.5830307006836
807,2.7547061443328857
808,82.24292755126953
809,1.6158466808889762
810,50.79767036437988
811,250.9217300415039
812,87.03545761108398
813,263.1529235839844
814,5.8760905265808105
815,4.675461757292026
816,6.6277975555925694
817,2.61435067653656
818,15.158124446868896
819,5.4986677169799805
820,85.98757553100586
821,5.537662744522095
822,2.0560046473881237
823,37.136982917785645
824,76.82129669189453
825,7.182996082465156
826,71.03043365478516
827,4.199657389807389
828,5.9139009563258
829,38.90879726409912
830,167.17224884033203
831,102.7725830078125
832,6.093474864959717
833,267.81324005126953
834,211.88690948486328
835,145.34468841552734
836,2.4516299962997437
837,81.49406433105469
838,162.4529266357422
839,6.120570659637451
840,171.91827392578125
841,137.88790130615234
842,62.58086013793945
843,2.522589603800003
844,3.4672740697860718
845,5.3268773555755615
846,6.130202797870856
847,5.6018102169036865
848,157.78370666503906
849,6.262940916580582
850,76.5473403930664
851,16.12822186946869
852,9.5243518948555
853,85.42526626586914
854,21.34575366973877
855,6.83881688117981
856,246.31633758544922
857,81.89173126220703
858,57.14625358581543
859,202.31793212890625
860,2.067571882438741
861,3.3860915899276733
862,2.970649003982544
863,117.39927291870117
864,238.5181427001953
865,281.53746032714844
866,235.89008331298828
867,5.619471788406372
868,114.6929931640625
869,143.09065628051758
870,131.0030975341797
871,163.32686614990234
872,152.64068222045898
873,3.0336270332336426
874,77.00485038757324
875,6.199944257736206
876,108.74757766723633
877,39.616872787475586
878,107.77092361450195
879,5.314635242550164
880,6.620459318161011
881,160.73897552490234
882,5.743574303632998
883,256.92967987060547
884,5.8998939990997314
885,178.87323760986328
886,56.5361442565918
887,2.4286047220230103
888,2.1567753110102483
889,234.1694564819336
890,4.0577675104141235
891,2.941795587539673
892,63.254648208618164
893,5.184081392195616
894,-10.060415744781494
895,3.6344488859176636
896,220.6710433959961
897,2.5082966001609437
898,222.48229217529297
899,-44.79683876037598
900,235.2359848022461
901,3.877990802065178
902,192.17890167236328
903,5.336153268814087
904,128.81248092651367
905,1.9393105618443685
906,0.7774993192067559
907,193.74337768554688
908,25.074973106384277
909,90.24903869628906
910,2.3212247218563316
911,6.5785253047943115
912,256.5511474609375
913,169.96117401123047
914,299.39891052246094
915,81.88547706604004
916,137.18685150146484
917,-8.839692115783691
918,2.517082929611206
919,2.95484459400177
920,380.6433868408203
921,157.60852813720703
922,167.56827926635742
923,2.7263225317001343
924,84.73466110229492
925,182.74394989013672
926,54.19299125671387
927,59.38090705871582
928,5.359669208526611
929,93.06539154052734
930,35.55563163757324
931,221.7646484375
932,174.39641571044922
933,5.3934072094791
934,2.1152527326527304
935,174.65670776367188
936,59.1080322265625
937,3.720985663887702
938,4.56901482722486
939,131.31314849853516
940,1.5762700855932188
941,5.775897949899577
942,4.9540297181429995
943,103.39279556274414
944,4.295379281044006
945,2.015568252461333
946,75.8994369506836
947,44.33447265625
948,64.1913890838623
949,244.02181243896484
950,350.27098083496094
951,11.728172063827515
952,-22.15074634552002
953,6.349371382239718
954,263.57093811035156
955,192.20948028564453
956,149.28191375732422
957,2.36097720586357
958,3.1298071146011353
959,166.74740982055664
960,68.28985404968262
961,183.56800079345703
962,3.2034939527511597
963,6.366815090179443
964,5.1339051723480225
965,6.901150381159854
966,4.1137455701828
967,43.52555751800537
968,181.20201873779297
969,162.97845458984375
970,6.461950092837119
971,351.57176208496094
972,5.509742498397827
973,104.20884323120117
974,5.480194330215454
975,4.293929796095806
976,5.342186689376831
977,184.01261138916016
978,295.154052734375
979,2.3988198041915894
980,1.7957035033242115
981,-15.163980484008789
982,55.510677337646484
983,286.2510681152344
984,311.0069122314453
985,252.3550033569336
986,101.11735153198242
987,3.0097625271195105
988,237.38745880126953
989,317.9062042236328
990,101.77035522460938
991,4.064311652593739
992,269.28411865234375
993,184.13227081298828
994,3.1511346101760864
995,1.5171154737472534
996,2.9174747467041016
997,2.0708163341161443
998,49.342594146728516
999,74.14957618713379
1000,-26.36204433441162
1001,279.78562927246094
1002,171.54489135742188
1003,5.740735292434692
1004,1.259455988753873
1005,1.900607493653913
1006,3.7905595987382754
1007,139.38844299316406
1008,2.0076892852319945
1009,6.250458240509033
1010,-0.0042226314544677734
1011,261.0879364013672
1012,24.28702449798584
1013,211.8663330078125
1014,69.55506134033203
1015,220.43199157714844
1016,6.417335510253906
1017,5.1741557121276855
1018,3.455509557548168
1019,6.418450391964131
1020,4.237613201141357
1021,127.34310531616211
1022,86.24739074707031
1023,183.48095703125
1024,159.68443298339844
1025,5.245367527008057
1026,3.6510506868362427
1027,4.847814083099365
1028,87.53720474243164
1029,3.641656573878737
1030,35.869933128356934
1031,278.3858337402344
1032,3.044175386428833
1033,2.704910397529602
1034,226.3889389038086
1035,1.2553902453427843
1036,236.9432144165039
1037,6.670392274856567
1038,56.75681686401367
1039,3.6557318318370857
1040,-18.062485694885254
1041,2.972905158996582
1042,3.7563165426254272
1043,3.935347557067871
1044,329.68760681152344
1045,129.7251205444336
1046,42.57026290893555
1047,237.72554779052734
1048,1.8188521141780802
1049,3.0097543001174927
1050,6.089640038002228
1051,83.17459869384766
1052,167.3869857788086
1053,246.04631805419922
1054,6.268588304519653
1055,23.372177124023438
1056,39.749765396118164
1057,4.37725305557251
1058,2.7738804817199707
1059,3.0524699687957764
1060,118.24490356445312
1061,3.099611520767212
1062,5.911475658416748
1063,295.2245330810547
1064,228.4954833984375
1065,87.47665786743164
1066,250.03860473632812
1067,265.9862518310547
1068,5.619682759719707
1069,4.533035039901733
1070,314.3769836425781
1071,151.88419342041016
1072,5.237153362172111
1073,3.661394476890564
1074,6.213565826416016
1075,4.949697017669678
1076,280.0172882080078
1077,6.235260486602783
1078,145.14910888671875
1079,2.721253752708435
1080,2.440179828664716
1081,5.8948073387146
1082,4.154385805130005
1083,3.60072423470885
1084,6.2107813358306885
1085,120.37213897705078
1086,157.15359497070312
1087,85.51435470581055
1088,277.20823669433594
1089,8.466799021092823
1090,124.2508773803711
1091,272.94679260253906
1092,5.752499103546143
1093,3.693807601928711
1094,6.591575622558594
1095,3.2538938522338867
1096,2.6084686113020923
1097,4.901141166687012
1098,80.97085571289062
1099,117.16178894042969
1100,5.629168004984693
1101,4.602238712219386
1102,6.054996967315674
1103,258.1921157836914
1104,4.664928231303404
1105,116.96504592895508
1106,5.122492790222168
1107,6.210575580596924
1108,23.382352828979492
1109,112.95719909667969
1110,89.36445999145508
1111,3.2998033767913935
1112,218.33147430419922
1113,2.732691764831543
1114,163.7208251953125
1115,-9.471502304077148
1116,5.5262316256647885
1117,297.4053497314453
1118,275.4839324951172
1119,4.647604465484619
1120,63.03252410888672
1121,44.8530855178833
1122,231.95510864257812
1123,3.536578059196472
1124,184.80435943603516
1125,2.748978151046375
1126,80.27306365966797
1127,6.34028959274292
1128,-16.727757215499878
1129,185.41889190673828
1130,6.00174355506897
1131,55.059675216674805
1132,3.9521501064300537
1133,-34.71746492385864
1134,191.3572998046875
1135,209.52657318115234
1136,-41.503658294677734
1137,4.1485565801498545
1138,66.84790992736816
1139,116.85027313232422
1140,118.2139778137207
1141,196.1631622314453
1142,145.36270141601562
1143,43.90508460998535
1144,-24.026721954345703
1145,98.5008430480957
1146,45.55385780334473
1147,4.407331466674805
1148,104.56524276733398
1149,46.09798240661621
1150,3.9932501316070557
1151,1.3192267018941841
1152,3.768775578193984
1153,4.298960447311401
1154,34.74774742126465
1155,183.45242309570312
1156,6.574083566665649
1157,83.44334411621094
1158,177.47937774658203
1159,109.9156494140625
1160,130.2101821899414
1161,1.7281714915736466
1162,5.544121026992798
1163,5.53544537003561
1164,4.965718030929565
1165,213.3028793334961
1166,60.42289924621582
1167,0.42303550243377686
1168,4.774444818496704
1169,179.14496612548828
1170,4.804178476333618
1171,4.190616525051746
1172,-19.166743516921997
1173,4.015163898468018
1174,182.7684097290039
1175,-44.77456092834473
1176,237.7928466796875
1177,2.110950401483429
1178,146.26292419433594
1179,2.69220382745709
1180,2.3254754543304443
1181,2.0132859349250793
1182,140.7794189453125
1183,7.1131538917712005
1184,3.817067265510559
1185,269.3376159667969
1186,120.98281860351562
1187,4.2277350425720215
1188,3.155927062034607
1189,166.08507537841797
1190,3.604046583175659
1191,3.257180094718933
1192,5.005943517192541
1193,145.1773223876953
1194,5.611994981765747
1195,2.153200347987444
1196,267.0771789550781
1197,92.75846099853516
1198,2.9583252668380737
1199,264.2530059814453
1200,64.7540054321289
1201,254.6155548095703
1202,60.03074264526367
1203,3.3732513221360505
1204,158.59522247314453
1205,1.8078332292410602
1206,174.37158203125
1207,129.88815689086914
1208,204.0822982788086
1209,250.96157836914062
1210,205.64859008789062
1211,231.73090362548828
1212,6.025448175155531
1213,3.94334077835083
1214,207.19654846191406
1215,100.28726196289062
1216,241.5228500366211
1217,178.2135772705078
1218,-50.52627944946289
1219,6.071613311767578
1220,5.852331876754761
1221,254.41454315185547
1222,5.717636140233297
1223,2.6400800943374634
1224,2.9386134147644043
1225,114.0966567993164
1226,1.3515146262984268
1227,4.636520147323608
1228,2.132075607776642
1229,42.40896797180176
1230,106.5843276977539
1231,236.07748413085938
1232,1.8086334703123044
1233,-6.436063528060913
1234,2.7951197624206543
1235,23.687996864318848
1236,257.2063903808594
1237,3.6132582426071167
1238,2.8183013200759888
1239,1.4114519953727722
1240,55.97139358520508
1241,2.106038334673285
1242,4.704547643661499
1243,4.99275464852881
1244,179.30218505859375
1245,4.120905637741089
1246,261.5751724243164
1247,5.678514242172241
1248,106.83508682250977
1249,157.25394439697266
1250,7.476753834452249
1251,53.00532913208008
1252,5.881501197814941
1253,4.122277617454529
1254,4.0496567487716675
1255,34.51258850097656
1256,82.31092834472656
1257,147.34864807128906
1258,254.98638916015625
1259,44.192731857299805
1260,255.88761138916016
1261,5.8670454025268555
1262,5.551709413528442
1263,199.2379379272461
1264,2.867616891860962
1265,36.6522798538208
1266,109.39095306396484
1267,2.3819783908617986
1268,6.117257012007702
1269,273.9736022949219
1270,-49.74233436584473
1271,252.4152374267578
1272,53.96714973449707
1273,35.051541805267334
1274,228.56820678710938
1275,208.48340606689453
1276,36.23206424713135
1277,4.078475283415655
1278,1.86835116147995
1279,4.076131105422974
1280,-48.7382869720459
1281,3.5684473514556885
1282,128.6239356994629
1283,166.01335906982422
1284,2.7286406755447388
1285,-46.33896255493164
1286,2.9287877082824707
1287,50.6092643737793
1288,119.25579833984375
1289,4.116173028945923
1290,207.56431579589844
1291,3.541836380958557
1292,45.33889198303223
1293,103.54872512817383
1294,257.3820495605469
1295,161.68060302734375
1296,6.0728819370269775
1297,47.78261756896973
1298,10.032948017120361
1299,5.907842564170319
1300,179.09546661376953
1301,247.37693786621094
1302,204.43614959716797
1303,6.095984220504761
1304,3.7050067421225052
1305,5.016801118850708
1306,56.17496681213379
1307,135.66737365722656
1308,1.859664898163476
1309,4.789454105113123
1310,337.7515869140625
1311,2.6821980476379395
1312,6.925235116891395
1313,50.022735595703125
1314,157.7446060180664
1315,214.3242645263672
1316,253.8114471435547
1317,77.45134353637695
1318,2.1585035226453693
1319,206.39388275146484
1320,268.8047637939453
1321,30.088930130004883
1322,53.41263771057129
1323,262.2974853515625
1324,255.39178466796875
1325,46.3285026550293
1326,54.920358657836914
1327,250.4825897216797
1328,2.898689389228821
1329,5.963933421321208
1330,113.73065948486328
1331,-15.664647579193115
1332,285.56947326660156
1333,2.077841316809031
1334,321.8145446777344
1335,1.8537478383922572
1336,110.50889587402344
1337,18.869609832763672
1338,245.11449432373047
1339,6.512969970703125
1340,180.86881256103516
1341,240.30997467041016
1342,184.74127960205078
1343,45.23984146118164
1344,152.0658187866211
1345,2.7730232559839822
1346,52.67157554626465
1347,96.76458740234375
1348,3.1068889897157383
1349,217.8425750732422
1350,51.330209732055664
1351,226.6191864013672
1352,2.7569347620010376
1353,23.08017921447754
1354,5.185153245925903
1355,5.865079154059685
1356,3.786351725009232
1357,7.22238730656715
1358,6.585609674453735
1359,1.6823296640638477
1360,304.5355987548828
1361,4.759442090988159
1362,6.278524905539461
1363,65.79252243041992
1364,3.4866576194763184
1365,5.898234605789185
1366,6.378243737345874
1367,5.903127193450928
1368,20.863975048065186
1369,182.68030548095703
1370,273.5988006591797
1371,242.49002838134766
1372,24.452759742736816
1373,3.678552985191345
1374,191.57217407226562
1375,189.61642456054688
1376,5.5364179611206055
1377,4.981083869934082
1378,105.18931198120117
1379,84.75447082519531
1380,99.00294494628906
1381,240.48615264892578
1382,75.97248840332031
1383,58.45322227478027
1384,3.2336279153823853
1385,167.0685577392578
1386,2.09200656414032
1387,67.06378936767578
1388,1.6456898526376904
1389,236.3369369506836
1390,192.93802642822266
1391,61.45649337768555
1392,57.67169380187988
1393,272.3747253417969
1394,-3.295241594314575
1395,57.62762451171875
1396,174.4383316040039
1397,5.498107671737671
1398,204.1228256225586
1399,1.5317207731278661
1400,105.74789810180664
1401,335.38597106933594
1402,53.99213409423828
1403,276.54791259765625
1404,105.31890869140625
1405,127.78592681884766
1406,1.9352692080214973
1407,109.71574020385742
1408,7.609030087204751
1409,3.885120391845703
1410,252.65802001953125
1411,262.9276885986328
1412,-26.485045433044434
1413,112.69208526611328
1414,241.86692810058594
1415,2.5483256578445435
1416,2.6050769090652466
1417,3.97451388835907
1418,337.42974853515625
1419,166.59251403808594
1420,4.4453208446502686
1421,46.79374885559082
1422,6.375730991363525
1423,3.381009340286255
1424,5.404907228833305
1425,2.396371461811643
1426,-28.060877799987793
1427,3.9171860218048096
1428,4.536217927932739
1429,3.689718723297119
1430,4.451224088668823
1431,6.193904638290405
1432,149.93071746826172
1433,2.9725927114486694
1434,6.179036610003429
1435,4.579619504327634
1436,-36.85311698913574
1437,153.53910064697266
1438,111.32270812988281
1439,6.379601001739502
1440,2.531446695327759
1441,144.5682373046875
1442,205.00343322753906
1443,49.43901062011719
1444,5.949416637420654
1445,57.77347373962402
1446,267.9690704345703
1447,222.8921356201172
1448,-18.28775930404663
1449,5.9013731479644775
1450,277.54331970214844
1451,166.69339752197266
1452,5.1525352001190186
1453,5.609445934304881
1454,185.1989974975586
1455,68.38754653930664
1456,9.028427720069885
1457,7.994585532365645
1458,5.013256072998047
1459,284.3990783691406
1460,332.49713134765625
1461,147.37522888183594
1462,-21.261141300201416
1463,72.61542129516602
1464,5.8726441860198975
1465,3.2747912406921387
1466,234.12357330322266
1467,5.724591970443726
1468,5.492984200480688
1469,38.12422752380371
1470,3.7759643959740186
1471,29.79949188232422
1472,6.637577056884766
1473,2.7487573623657227
1474,243.07513427734375
1475,108.06816482543945
1476,6.663902282714844
1477,2.7101393938064575
1478,120.01198196411133
1479,4.92465615272522
1480,124.88508605957031
1481,5.998077392578125
1482,155.84012603759766
1483,6.0542802810668945
1484,234.82184600830078
1485,163.87769317626953
1486,6.683671158669005
1487,3.6049227714538574
1488,86.15451049804688
1489,0.6652212142944336
1490,91.38651657104492
1491,3.325683355331421
1492,2.011339342044648
1493,7.5455098152160645
1494,5.364608526229858
1495,33.4218168258667
1496,7.7201429176368395
1497,68.4410285949707
1498,5.520859718322754
1499,69.41947174072266
1500,7.158047690522212
1501,5.877351522445679
1502,88.94116973876953
1503,5.682901859283447
1504,2.1163244785142625
1505,4.927342414855957
1506,195.0417938232422
1507,50.852943420410156
1508,98.48359680175781
1509,74.99384307861328
1510,2.98912770500604
1511,32.45144557952881
1512,73.04313468933105
1513,5.6610043742040865
1514,272.0222473144531
1515,67.23217964172363
1516,2.823190284045026
1517,332.8546447753906
1518,4.465726613998413
1519,246.73721313476562
1520,5.4057105654793824
1521,54.61921310424805
1522,4.97158670425415
1523,2.826236844062805
1524,115.88581085205078
1525,-30.072346687316895
1526,2.2427073639887003
1527,5.931610345840454
1528,3.9839924573898315
1529,203.00072479248047
1530,260.35276794433594
1531,3.4645049955552722
1532,5.990426601258846
1533,3.424714684486389
1534,-0.06738519668579102
1535,76.26041793823242
1536,5.854168891906738
1537,2.5702233695825494
1538,290.82936096191406
1539,177.85492706298828
1540,2.181168147872939
1541,145.67152404785156
1542,3.056155716850852
1543,17.159255027770996
1544,7.542396895585028
1545,3.5907031506340106
1546,5.601275379534679
1547,-22.917154788970947
1548,218.0076446533203
1549,41.9615535736084
1550,3.7244728803634644
1551,2.261181719110376
1552,229.4979248046875
1553,6.124073266983032
1554,283.02012634277344
1555,157.0000228881836
1556,4.331926584243774
1557,17.238497734069824
1558,3.7486678855756086
1559,242.84671783447266
1560,170.806640625
1561,191.85291290283203
1562,240.53961944580078
1563,104.58602142333984
1564,3.4442204236984253
1565,90.74714660644531
1566,3.874505400657654
1567,31.032672882080078
1568,85.17158126831055
1569,26.333145141601562
1570,279.06336975097656
1571,3.4464062452316284
1572,77.43552017211914
1573,2.3987772078190557
1574,4.323410987854004
1575,5.7496607303619385
1576,4.2158355712890625
1577,5.615063905715942
1578,89.84456253051758
1579,5.149723052978516
1580,200.05442810058594
1581,209.9886703491211
1582,6.610308885574341
1583,294.2488250732422
1584,302.1248474121094
1585,5.87928318977356
1586,4.864042626327213
1587,54.53557014465332
1588,279.76829528808594
1589,7.1876256465911865
1590,6.088961362838745
1591,146.97032165527344
1592,7.140937345287264
1593,127.75905990600586
1594,151.52252197265625
1595,124.40085983276367
1596,5.758581021395321
1597,71.34746170043945
1598,6.454347133636475
1599,3.5248299837112427
1600,4.643984610987433
1601,2.9617838710597884
1602,5.9158223547438835
1603,268.16258239746094
1604,38.496517181396484
1605,106.85122680664062
1606,263.67308044433594
1607,6.204643726348877
1608,3.5056530237197876
1609,7.000557198401409
1610,3.481132745742798
1611,194.6471176147461
1612,85.20004272460938
1613,2.675654649734497
1614,282.0726776123047
1615,5.785340785980225
1616,3.914716124534607
1617,182.80818939208984
1618,215.3055419921875
1619,13.38670015335083
1620,52.72577667236328
1621,2.866319179534912
1622,2.3658254146575928
1623,2.858049091159337
1624,249.28780364990234
1625,74.1484375
1626,1.6307894658141746
1627,45.54181671142578
1628,3.675663709640503
1629,201.5991668701172
1630,85.42276763916016
1631,3.8287666321695233
1632,305.2055358886719
1633,5.018845796585083
1634,11.975646317005157
1635,3.6473987102508545
1636,4.62828954489586
1637,6.751556549478792
1638,192.28981018066406
1639,54.48097801208496
1640,4.775383710861206
1641,298.281982421875
1642,154.66938018798828
1643,202.78721618652344
1644,116.5313606262207
1645,189.8565673828125
1646,6.0730665143636235
1647,6.594865083694458
1648,20.499402046203613
1649,4.473532117128445
1650,102.28623580932617
1651,6.295385360717773
1652,5.977169999953227
1653,234.36328887939453
1654,6.56297492980957
1655,292.03282165527344
1656,48.195241928100586
1657,1.1838796200029078
1658,262.90155029296875
1659,2.1398981093192115
1660,-5.767590284347534
1661,6.77320793922966
1662,205.3203582763672
1663,5.927855491638184
1664,128.98874282836914
1665,1.235557951899092
1666,96.91304779052734
1667,-58.03705406188965
1668,252.18669891357422
1669,59.815507888793945
1670,2.1066630321885422
1671,2.551268145362246
1672,5.4612462520599365
1673,4.472284555435181
1674,125.14209747314453
1675,2.155874357919702
1676,-57.16382026672363
1677,38.07041549682617
1678,12.070997953414917
1679,215.51982879638672
1680,90.10240936279297
1681,1.2846141138681908
1682,3.213184356689453
1683,69.70639038085938
1684,32.696940422058105
1685,6.463647842407227
1686,128.82488632202148
1687,7.025586587510414
1688,161.39320373535156
1689,266.6289520263672
1690,3.2277941703796387
1691,3.8499080155110352
1692,4.207418203353882
1693,2.7998452186584473
1694,106.90920639038086
1695,234.90103149414062
1696,124.4973030090332
1697,2.039124011993408
1698,221.6719741821289
1699,178.77190399169922
1700,120.9360237121582
1701,265.32032012939453
1702,-143.03623390197754
1703,5.905929327011108
1704,5.673562467171513
1705,3.1599260568618774
1706,113.89331817626953
1707,5.036297813478814
1708,68.8104019165039
1709,133.7093048095703
1710,6.252024846681186
1711,75.96173858642578
1712,1.8754112444280122
1713,5.728246688842773
1714,-50.97366523742676
1715,4.992022514343262
1716,2.963154673576355
1717,27.129558563232422
1718,128.3031005859375
1719,17.679239749908447
1720,6.335820198059082
1721,240.3106689453125
1722,3.578628897666931
1723,168.9164810180664
1724,145.7007598876953
1725,3.1039466857910156
1726,4.397508144378662
1727,248.38546752929688
1728,4.291860103607178
1729,3.5394918389892758
1730,49.95023536682129
1731,220.948974609375
1732,4.956949710845947
1733,353.52210998535156
1734,270.78822326660156
1735,185.11663055419922
1736,3.3687726259231567
1737,284.5838928222656
1738,286.0529479980469
1739,186.45635986328125
1740,82.5478744506836
1741,158.14559936523438
1742,266.4726028442383
1743,5.414998531341553
1744,105.9359016418457
1745,30.503199577331543
1746,3.7055150722816124
1747,7.473029403357279
1748,173.51719665527344
1749,3.70342080701539
1750,65.39358520507812
1751,29.22978401184082
1752,6.989461898803711
1753,6.090174436569214
1754,262.3263397216797
1755,221.3073272705078
1756,1.8891976722895496
1757,220.6662139892578
1758,323.29347229003906
1759,4.900608777999878
1760,263.29261779785156
1761,254.36066436767578
1762,16.41730523109436
1763,53.1331672668457
1764,20.84701156616211
1765,5.222975254058838
1766,241.5948028564453
1767,194.93732452392578
1768,6.032237663508192
1769,86.26065444946289
1770,59.87593650817871
1771,3.0840967893600464
1772,222.47824096679688
1773,252.47028350830078
1774,6.377177856977304
1775,272.8483657836914
1776,2.9286723136901855
1777,0.44350314140319824
1778,77.80746078491211
1779,-0.5855140686035156
1780,106.43041229248047
1781,5.735429286956787
1782,202.06279754638672
1783,228.97710418701172
1784,4.143457808310777
1785,72.67935943603516
1786,2.7899752855300903
1787,60.224124908447266
1788,5.071027517318726
1789,2.6790003776550293
1790,64.37917900085449
1791,4.284515142440796
1792,2.7485545873641968
1793,2.049970935163806
1794,167.21660614013672
1795,191.1537857055664
1796,257.50439453125
1797,123.55489730834961
1798,6.182503188983929
1799,185.95449829101562
1800,138.33588409423828
1801,5.277207612991333
1802,2.070501923561096
1803,149.827392578125
1804,4.3724706172943115
1805,179.43704986572266
1806,5.453729867935181
1807,282.81910705566406
1808,168.89485931396484
1809,56.57845497131348
1810,4.3422324657440186
1811,2.8336822986602783
1812,30.04191017150879
1813,3.4350807866351367
1814,177.26597595214844
1815,257.49855041503906
1816,5.3746936321258545
1817,111.28772735595703
1818,77.56300163269043
1819,232.56582641601562
1820,7.217125177383423
1821,3.2985572764066946
1822,246.92562866210938
1823,-6.915294170379639
1824,61.423179626464844
1825,2.28605854464203
1826,6.085570335388184
1827,3.554189443588257
1828,2.0567917435442133
1829,230.0879364013672
1830,237.01100158691406
1831,6.68259072303772
1832,22.88706088066101
1833,3.9704351995258067
1834,4.158649921417236
1835,96.1285514831543
1836,6.398260637388319
1837,5.958921194076538
1838,5.911867618560791
1839,107.08821105957031
1840,-1.8666099309921265
1841,-82.37005996704102
1842,249.1241226196289
1843,184.93597412109375
1844,241.894287109375
1845,159.74420928955078
1846,41.164306640625
1847,270.50360107421875
1848,122.3816146850586
1849,3.8281043767929077
1850,6.400182754241365
1851,-83.07414627075195
1852,6.025636244333686
1853,70.40504455566406
1854,55.68576622009277
1855,5.650876522064209
1856,187.53529357910156
1857,2.939906597137451
1858,5.140082108978775
1859,6.247257471084595
1860,5.636091731851075
1861,133.3538360595703
1862,6.41291356086731
1863,76.72147750854492
1864,80.72493362426758
1865,203.11932373046875
1866,121.86198043823242
1867,85.86163711547852
1868,269.50152587890625
1869,149.79934692382812
1870,3.4354279041290283
1871,181.71858978271484
1872,55.89898872375488
1873,3.0522537231445312
1874,28.49576187133789
1875,123.18368148803711
1876,3.2668144702911377
1877,2.7187490463256836
1878,70.3409194946289
1879,51.544681549072266
1880,257.40625
1881,6.128860864224051
1882,96.03175354003906
1883,6.427038673490253
1884,95.78540802001953
1885,295.85614013671875
1886,277.8564147949219
1887,3.2154608964920044
1888,215.1934051513672
1889,234.720458984375
1890,2.5406159162521362
1891,228.39053344726562
1892,216.06806182861328
1893,4.303667306900024
1894,2.068051862498644
1895,21.53494691848755
1896,5.912848711013794
1897,61.34535217285156
1898,-46.28833770751953
1899,3.1749526262283325
1900,5.888162851333618
1901,252.8262939453125
1902,216.71337890625
1903,-52.53299140930176
1904,51.58218574523926
1905,60.39487648010254
1906,174.09751892089844
1907,6.644443035125732
1908,6.225619792938232
1909,120.45450592041016
1910,5.7063047885894775
1911,4.97219122213299
1912,3.8872021149358327
1913,89.50319290161133
1914,-22.445066452026367
1915,7.026388596396409
1916,1.0625928658758108
1917,2.6462674140930176
1918,144.41683959960938
1919,4.907547473907471
1920,4.759239123033166
1921,72.4302749633789
1922,3.413021445274353
1923,6.5775861740112305
1924,2.5981723070144653
1925,4.429210901260376
1926,96.08893585205078
1927,161.07804107666016
1928,3.7183555364608765
1929,50.00679397583008
1930,2.3400527238845825
1931,6.160362005233765
1932,4.938469171524048
1933,2.8072322607040405
1934,241.86376190185547
1935,6.224835157394409
1936,5.107540130615234
1937,-2.14304518699646
1938,-37.24800491333008
1939,2.718422770500183
1940,255.9285125732422
1941,3.526824951171875
1942,243.23611450195312
1943,3.985824465751648
1944,233.74609375
1945,298.8503875732422
1946,5.970450401306152
1947,101.76313400268555
1948,5.712585944932412
1949,2.909984588623047
1950,43.50539016723633
1951,2.8847105568878373
1952,41.308963775634766
1953,368.2525939941406
1954,2.763895685926787
1955,85.58610534667969
1956,2.01281837247823
1957,122.40353775024414
1958,3.8165374994277954
1959,175.05162048339844
1960,48.628427505493164
1961,1.0547771837640196
1962,4.290072125753283
1963,3.3087103366851807
1964,4.99672532081604
1965,103.05441284179688
1966,3.53969407081604
1967,4.836026430130005
1968,269.8178405761719
1969,34.19370460510254
1970,5.780675270686342
1971,2.2150684595108032
1972,96.88898468017578
1973,-45.51106643676758
1974,2.532780170440674
1975,2.929501951784809
1976,315.39697265625
1977,1.6255602881283238
1978,229.31484985351562
1979,102.14165878295898
1980,266.6406707763672
1981,139.03221130371094
1982,125.65577697753906
1983,88.29336547851562
1984,8.236664772033691
1985,4.558047771453857
1986,3.8226037128435624
1987,6.1329216957092285
1988,1.2977267857366765
1989,5.8392361894938745
1990,4.6517088413238525
1991,5.8408589363098145
1992,4.2990241050720215
1993,17.33781862258911
1994,1.7787976251480997
1995,93.98333358764648
1996,4.30464970796258
1997,2.6081154346466064
1998,5.55892539024353
1999,306.68016052246094
2000,5.897331476211548
2001,289.5851287841797
2002,-41.24703788757324
2003,6.653771162033081
2004,309.25079345703125
2005,79.97332382202148
2006,4.728910446166992
2007,47.633222579956055
2008,236.92208862304688
2009,131.7178497314453
2010,272.3043975830078
2011,6.185268080773809
2012,184.03231811523438
2013,-41.03024482727051
2014,281.10060119628906
2015,192.01824951171875
2016,36.274803161621094
2017,3.1458704471588135
2018,71.62269592285156
2019,66.93398666381836
2020,6.661407470703125
2021,4.465317249298096
2022,182.09806060791016
2023,85.45442199707031
2024,2.948683261871338
2025,4.161324066733419
2026,92.46712493896484
2027,5.908584356307983
2028,6.245181560516357
2029,43.95717811584473
2030,320.92588806152344
2031,67.5229263305664
2032,282.30747985839844
2033,242.05065155029297
2034,2.75310218334198
2035,64.83747673034668
2036,203.61815643310547
2037,5.3390281200408936
2038,2.905536651611328
2039,2.9197641611099243
2040,125.58586120605469
2041,266.21258544921875
2042,4.11536979675293
2043,166.18695068359375
2044,2.3262531757354736
2045,86.41515350341797
2046,268.9364700317383
2047,5.562329215415637
2048,-35.995482444763184
2049,1.9431170171300933
2050,340.8950653076172
2051,3.7416640520095825
2052,2.7119719982147217
2053,236.10614776611328
2054,4.607743978500366
2055,3.9196232557296753
2056,-32.31599998474121
2057,196.55211639404297
2058,-6.2998270988464355
2059,5.167815399228626
2060,33.69587326049805
2061,2.323399778048242
2062,167.91783905029297
2063,3.600744396557484
2064,3.8973963260650635
2065,3.678475836064491
2066,2.0255158624778113
2067,6.003269212840088
2068,3.3006045818328857
2069,1.6910668148772154
2070,264.9026412963867
2071,280.7747497558594
2072,4.288020337298412
2073,192.5108642578125
2074,351.8409881591797
2075,262.20391845703125
2076,3.710713505744934
2077,2.993448257446289
2078,3.9347256422042847
2079,3.945487380027771
2080,2.765949845314026
2081,3.1619397321148712
2082,5.492895656381959
2083,14.75813627243042
2084,2.371328592300415
2085,4.947098999871646
2086,121.98461151123047
2087,75.71653366088867
2088,52.30560493469238
2089,70.11899185180664
2090,247.26939392089844
2091,190.27517700195312
2092,-91.6407241821289
2093,5.30334734916687
2094,4.127251386642456
2095,85.59673690795898
2096,41.81350326538086
2097,119.63342666625977
2098,5.331306219100952
2099,-9.500130653381348
2100,30.52583932876587
2101,5.63588547706604
2102,6.889402547938399
2103,63.05293846130371
2104,61.534751892089844
2105,55.21098518371582
2106,303.4187774658203
2107,7.152228723294519
2108,7.190606671840102
2109,5.927056789398193
2110,244.6249008178711
2111,3.540737748146057
2112,50.294748306274414
2113,87.38434982299805
2114,2.4746461693121304
2115,34.63443183898926
2116,3.6243162051206865
2117,3.631920099258423
2118,3.845756718889056
2119,120.28440856933594
2120,4.16058748596499
2121,199.9970245361328
2122,214.54828643798828
2123,2.9718819856643677
2124,1.6411229772923732
2125,4.431950807571411
2126,6.079387426376343
2127,75.5671443939209
2128,210.20083618164062
2129,1.7920612051076024
2130,2.6554338932037354
2131,5.897477535541157
2132,6.089826822280884
2133,237.47899627685547
2134,69.0007266998291
2135,208.8689956665039
2136,28.179859161376953
2137,229.20117950439453
2138,3.420719623565674
2139,76.62688827514648
2140,45.979000091552734
2141,62.103267669677734
2142,5.71256422996521
2143,1.7641191482543945
2144,161.572265625
2145,49.70692825317383
2146,4.012952093419863
2147,4.276473214712089
2148,53.443641662597656
2149,-42.221723556518555
2150,16.576481819152832
2151,74.41192626953125
2152,4.945582151412964
2153,3.575461506843567
2154,2.0899868607521057
2155,2.3555670587188047
2156,5.912272214889526
2157,140.60482788085938
2158,3.784002534460313
2159,323.74205017089844
2160,219.2654037475586
2161,296.28623962402344
2162,1.8841705415726484
2163,292.7115936279297
2164,6.312698602676392
2165,3.027516007423401
2166,2.6344995498657227
2167,27.15720558166504
2168,295.82713317871094
2169,2.538477116526946
2170,2.4907554388046265
2171,148.07341766357422
2172,5.554887533187866
2173,248.04161834716797
2174,259.9044952392578
2175,1.0155373712890006
2176,4.898070812225342
2177,-32.85684776306152
2178,4.364684820175171
2179,74.94564056396484
2180,267.6873016357422
2181,2.5877193212509155
2182,164.51324462890625
2183,188.12628173828125
2184,5.90426230430603
2185,2.825876235961914
2186,2.8820718160223326
2187,4.637782573699951
2188,250.38994598388672
2189,239.79459381103516
2190,94.39215850830078
2191,2.6195912652179056
2192,3.0589836835861206
2193,103.12707901000977
2194,2.5297539234161377
2195,4.857321739196777
2196,6.497847080230713
2197,1.9596726499785995
2198,4.54706317278695
2199,3.3722143529949236
2200,1.747078456509413
2201,4.066509127616882
2202,91.11378860473633
2203,2.413496971130371
2204,1.9792568158262633
2205,126.89389419555664
2206,5.4028589725494385
2207,178.2282257080078
2208,5.42115592956543
2209,14.645970821380615
2210,254.33905029296875
2211,1.8021938316240633
2212,4.602953672409058
2213,6.482813120706263
2214,84.89896774291992
2215,24.682598114013672
2216,104.2187271118164
2217,4.477708578109741
2218,25.7988920211792
2219,2.7551960945129395
2220,5.551484964607393
2221,3.437354564666748
2222,-58.5964241027832
2223,196.3296890258789
2224,-31.68173313140869
2225,173.44135284423828
2226,-7.103676080703735
2227,57.48140525817871
2228,145.55001831054688
2229,121.70372772216797
2230,3.380764593358005
2231,5.643457651138306
2232,4.202805280685425
2233,255.66087341308594
2234,227.1648178100586
2235,238.6750946044922
2236,3.269800901412964
2237,3.7217434644699097
2238,260.7200622558594
2239,80.34822082519531
2240,237.33981323242188
2241,2.647483229637146
2242,214.05943298339844
2243,5.984355449676514
2244,99.05330276489258
2245,231.35103607177734
2246,106.26386260986328
2247,241.09758758544922
2248,6.1826988314925995
2249,300.60284423828125
2250,140.9572982788086
2251,4.902264833450317
2252,260.8793640136719
2253,6.1656835079193115
2254,161.71387481689453
2255,-81.67657089233398
2256,43.73565864562988
2257,1.8061636918339832
2258,3.0070838928222656
2259,80.60639190673828
2260,6.307275772094727
2261,74.66618728637695
2262,2.2989568385811276
2263,77.87923431396484
2264,-3.6288408041000366
2265,48.17678642272949
2266,2.356984943893046
2267,2.917569834405673
2268,5.434864521026611
2269,4.001848816871643
2270,8.71789049014486
2271,183.0002670288086
2272,45.73469161987305
2273,3.5826886892318726
2274,6.1662713979628165
2275,6.860846956854755
2276,4.744026184082031
2277,2.8979333639144897
2278,1.5562771927079728
2279,6.1282713413238525
2280,2.775542378425598
2281,208.0578384399414
2282,2.6236093044281006
2283,3.8853495121002197
2284,220.7374038696289
2285,3.001868486404419
2286,-11.945902824401855
2287,5.329610347747803
2288,2.587883949279785
2289,5.47963285446167
2290,-24.02487277984619
2291,47.454973220825195
2292,4.80532431602478
2293,1.954555463792813
2294,20.52012586593628
2295,3.1002272367477417
2296,5.005844775201001
2297,116.91276550292969
2298,-49.529476165771484
2299,105.06642532348633
2300,3.946883201599121
2301,5.4359869956970215
2302,-77.50546264648438
2303,161.40960693359375
2304,5.484107541914897
2305,18.120272636413574
2306,271.8329772949219
2307,15.285263061523438
2308,59.1849479675293
2309,6.118258714675903
2310,159.34722137451172
2311,-50.45936965942383
2312,86.01166915893555
2313,4.265524864196777
2314,4.864170551300049
2315,249.82642364501953
2316,7.373774290084839
2317,3.782638195413526
2318,244.19762420654297
2319,6.4445178508758545
2320,100.57076644897461
2321,3.0628888607025146
2322,246.29866790771484
2323,168.94576263427734
2324,1.9753208914794431
2325,39.10232162475586
2326,3.2581456019322044
2327,103.71733093261719
2328,4.0046953033207195
2329,339.20477294921875
2330,190.89932250976562
2331,0.6708413362503052
2332,277.2467803955078
2333,-17.349677801132202
2334,11.976458549499512
2335,5.5457775592803955
2336,44.95388412475586
2337,124.13202667236328
2338,180.189453125
2339,32.903432846069336
2340,54.397029876708984
2341,125.89642333984375
2342,2.2739804546062636
2343,6.220478057861328
2344,281.6752014160156
2345,5.958465099334717
2346,119.1744384765625
2347,123.26981353759766
2348,1.8585772665598204
2349,259.94295501708984
2350,44.16642951965332
2351,4.980743646621704
2352,4.951624870300293
2353,1.6694073129087015
2354,-13.077220439910889
2355,139.94888305664062
2356,3.9702394008636475
2357,105.26969909667969
2358,6.455843925476074
2359,6.5831029415130615
2360,4.58481177189517
2361,5.340571174498515
2362,242.22968292236328
2363,4.539163112640381
2364,230.18463897705078
2365,97.53244400024414
2366,48.51194381713867
2367,51.80976104736328
2368,-65.01424026489258
2369,4.4463465213775635
2370,229.68253326416016
2371,43.66303634643555
2372,76.38449478149414
2373,2.002076636750276
2374,-52.407209396362305
2375,2.0042631030082703
2376,111.91727447509766
2377,99.32776641845703
2378,5.458992004394531
2379,6.314763784408569
2380,38.939788818359375
2381,163.9235076904297
2382,154.2930450439453
2383,51.31819534301758
2384,3.4240007400512695
2385,246.56729125976562
2386,5.875974655151367
2387,43.820037841796875
2388,253.2023696899414
2389,78.6578598022461
2390,1.9715480997900978
2391,114.59944534301758
2392,29.505314826965332
2393,61.29115295410156
2394,137.21428680419922
2395,5.982427000310878
2396,2.4789679050445557
2397,273.94984436035156
2398,284.7754821777344
2399,4.399839162826538
2400,187.3600082397461
2401,81.63467407226562
2402,215.74687957763672
2403,6.233020067214966
2404,1.9513357000596248
2405,5.246046088143078
2406,2.9857969284057617
2407,78.97809219360352
2408,263.7296905517578
2409,198.04448699951172
2410,4.186721086502075
2411,6.337612152099609
2412,300.1173400878906
2413,-7.588977575302124
2414,4.235732448271958
2415,65.74608612060547
2416,254.55517578125
2417,37.91878128051758
2418,3.5584064722061157
2419,4.0162085162484225
2420,1.853270495662366
2421,18.583956718444824
2422,203.50252532958984
2423,2.5904628022843026
2424,178.1990737915039
2425,5.97846245765686
2426,-4.548327445983887
2427,178.49957275390625
2428,21.53655242919922
2429,3.9380746387204697
2430,5.9927712458351605
2431,3.6367974281311035
2432,306.13438415527344
2433,257.74818420410156
2434,4.2438880691340835
2435,56.09732627868652
2436,231.42383575439453
2437,-81.0080795288086
2438,5.768070220947266
2439,6.993344973988747
2440,189.71817779541016
2441,6.353224754333496
2442,5.895591974258423
2443,4.987712621688843
2444,-55.77298164367676
2445,6.4046322797418895
2446,5.4240031242370605
2447,219.4125518798828
2448,6.459827048933348
2449,6.306398211192247
2450,45.62792682647705
2451,3.126646510637807
2452,4.079771161079407
2453,42.60898399353027
2454,301.9210662841797
2455,139.60999298095703
2456,3.407816171646118
2457,251.07846069335938
2458,6.110097408294678
2459,2.3147162199020386
2460,5.9384753704071045
2461,58.48056411743164
2462,52.58951187133789
2463,6.189847946166992
2464,-77.17178344726562
2465,40.48821258544922
2466,197.16287994384766
2467,158.99114227294922
2468,272.4595489501953
2469,254.3054428100586
2470,5.709728851404426
2471,136.81826782226562
2472,2.962843188061468
2473,54.483808517456055
2474,191.64672088623047
2475,6.35399005022089
2476,85.23841094970703
2477,130.61675643920898
2478,182.9018096923828
2479,5.202251218447758
2480,36.049991607666016
2481,53.4577751159668
2482,2.3048512447506315
2483,5.143102497036393
2484,107.75838088989258
2485,129.92658233642578
2486,6.656358242034912
2487,5.385913848876953
2488,-27.018251419067383
2489,187.14698791503906
2490,5.686747312545776
2491,154.91130828857422
2492,62.59670829772949
2493,49.41230010986328
2494,5.934270628811586
2495,5.317719461784423
2496,171.78164672851562
2497,61.880300521850586
2498,2.0402284361947207
2499,6.642622947692871
2500,1.8699057225846567
2501,95.64798736572266
2502,263.0085144042969
2503,82.45180892944336
2504,321.1235809326172
2505,3.393238528257756
2506,4.6175202742672585
2507,275.1844177246094
2508,202.25495147705078
2509,114.83551406860352
2510,6.614692449569702
2511,215.91253662109375
2512,96.84473419189453
2513,164.86581420898438
2514,227.32752990722656
2515,301.4090576171875
2516,2.070568084716797
2517,2.3811826705932617
2518,287.11631774902344
2519,4.228887319564819
2520,120.83119583129883
2521,154.63204193115234
2522,2.5242643069699056
2523,6.572181940078735
2524,4.752384424209595
2525,286.3331298828125
2526,4.4405598640441895
2527,3.5183521509170532
2528,243.2266387939453
2529,149.95882415771484
2530,239.9202423095703
2531,265.42759704589844
2532,31.127578735351562
2533,1.9879950284957886
2534,6.01139732425242
2535,5.9073326587677
2536,3.70010591860275
2537,6.302544116973877
2538,5.931887865066528
2539,146.65037536621094
2540,2.9218388617878572
2541,21.04666757583618
2542,-4.405771970748901
2543,5.441866695533798
2544,153.99433135986328
2545,2.413363118425846
2546,274.8126220703125
2547,14.016120910644531
2548,23.179174423217773
2549,178.57442474365234
2550,127.43975448608398
2551,-23.08398723602295
2552,2.392286181571613
2553,286.2762908935547
2554,2.3754182470820258
2555,71.4373664855957
2556,130.24847412109375
2557,4.33026647567749
2558,-8.778607368469238
2559,6.543102025985718
2560,214.3329620361328
2561,2.31903338432312
2562,221.14605712890625
2563,228.1265411376953
2564,276.08042907714844
2565,4.775509834289551
2566,4.669491529464722
2567,254.36593627929688
2568,51.35934638977051
2569,61.411231994628906
2570,3.691628098487854
2571,103.78269577026367
2572,-40.1536808013916
2573,189.31017303466797
2574,3.202318217437357
2575,4.35090708732605
2576,3.39769184589386
2577,6.162192505765416
2578,42.05812072753906
2579,6.056629419326782
2580,5.126963138580322
2581,3.0087965164801767
2582,-30.951919555664062
2583,2.1157238483428955
2584,6.711185455322266
2585,56.99029350280762
2586,4.8495869636535645
2587,226.82894134521484
2588,181.5718994140625
2589,4.8860118353903665
2590,53.46401405334473
2591,1.6429245902125118
2592,136.08202362060547
2593,64.0055923461914
2594,80.93319702148438
2595,56.05228042602539
2596,48.321977615356445
2597,5.604417324066162
2598,6.342707989415549
2599,65.42509937286377
2600,3.6467376947402954
2601,211.47027587890625
2602,6.2283971309661865
2603,360.129638671875
2604,168.56983184814453
2605,68.46795654296875
2606,4.498945951461792
2607,49.52603721618652
2608,189.52159881591797
2609,34.00786876678467
2610,2.5069429874420166
2611,15.53401803970337
2612,3.2691210508346558
2613,4.494400501251221
2614,3.299930214881897
2615,116.34910583496094
2616,187.2141342163086
2617,261.7646026611328
2618,190.65848541259766
2619,4.567439556121826
2620,2.387980350540485
2621,4.217153310775757
2622,2.7311140298843384
2623,1.684391438961029
2624,6.8538923263549805
2625,131.12381744384766
2626,283.78065490722656
2627,42.311439514160156
2628,142.63048553466797
2629,24.489928051829338
2630,125.78263854980469
2631,21.84022331237793
2632,6.222840309143066
2633,267.88946533203125
2634,60.38399124145508
2635,152.8639144897461
2636,-49.64586067199707
2637,3.630307197570801
2638,-62.98017501831055
2639,-57.7302131652832
2640,192.11322021484375
2641,3.098167657852173
2642,5.653374910354614
2643,190.47581481933594
2644,147.5849380493164
2645,233.80152893066406
2646,2.4451560661971627
2647,3.411195397377014
2648,4.381495952606201
2649,6.303016662597656
2650,253.24854278564453
2651,212.52288818359375
2652,57.95974540710449
2653,3.7236676910152573
2654,37.40563488006592
2655,230.6682891845703
2656,252.47966766357422
2657,3.0569289922714233
2658,9.797486066818237
2659,278.3278503417969
2660,1.8734916475871608
2661,272.8754119873047
2662,71.79661750793457
2663,1.1923675537109375
2664,78.02040100097656
2665,254.17901611328125
2666,229.52062225341797
2667,-34.82662868499756
2668,22.193532943725586
2669,6.670287609100342
2670,104.65922164916992
2671,177.69004821777344
2672,106.8792724609375
2673,246.34598541259766
2674,239.24398040771484
2675,1.9117295145988464
2676,-48.43459415435791
2677,343.9013671875
2678,14.86435317993164
2679,5.467266798019409
2680,61.68071937561035
2681,5.414673328399658
2682,2.8149276971817017
2683,2.3827429310016375
2684,2.929489493370056
2685,6.486177444458008
2686,11.777562618255615
2687,73.33084106445312
2688,80.25556755065918
2689,33.54366111755371
2690,129.73848342895508
2691,80.49908065795898
2692,54.331533432006836
2693,163.64154052734375
2694,114.25315856933594
2695,6.841338411678697
2696,158.69725036621094
2697,3.8253453585383155
2698,2.604140520095825
2699,4.5434956991507995
2700,209.18155670166016
2701,68.26482391357422
2702,68.78093719482422
2703,4.155273795127869
2704,163.40045928955078
2705,3.1070780754089355
2706,5.475043058395386
2707,202.08563232421875
2708,3.4146581888198853
2709,45.93430709838867
2710,5.779115549177772
2711,169.07273864746094
2712,1.8882340013665508
2713,160.7379150390625
2714,-48.91748046875
2715,4.608510971069336
2716,3.058481454849243
2717,273.29779052734375
2718,4.548811674118042
2719,3.178848385810852
2720,6.62034010887146
2721,6.317339181900024
2722,4.340431213378906
2723,240.9725570678711
2724,6.717166402051272
2725,24.74815845489502
2726,9.025815725326538
2727,301.2635803222656
2728,63.49220657348633
2729,183.6626968383789
2730,171.68135833740234
2731,149.01361083984375
2732,6.59991192817688
2733,197.97298431396484
2734,127.38574981689453
2735,91.83073043823242
2736,62.596052169799805
2737,201.83058166503906
2738,132.80443572998047
2739,97.29900360107422
2740,5.598781670157601
2741,52.84173583984375
2742,1.338495148349548
2743,6.825088024139404
2744,-13.708894729614258
2745,4.794960975646973
2746,203.24916076660156
2747,179.64302825927734
2748,2.8358652591705322
2749,5.359031438827515
2750,218.2740478515625
2751,263.65489196777344
2752,2.387935996055603
2753,108.34456634521484
2754,0.5151752176136841
2755,36.47882652282715
2756,259.70606994628906
2757,5.832470178604126
2758,277.76334381103516
2759,83.1878890991211
2760,187.52364349365234
2761,6.4972333908081055
2762,4.183913946151733
2763,122.93379974365234
2764,4.78694748878479
2765,104.9997444152832
2766,2.1635975970340007
2767,267.1717987060547
2768,3.8074357509613037
2769,3.653907299041748
2770,186.9791259765625
2771,125.02044677734375
2772,6.874100685119629
2773,3.2260700464248657
2774,4.885239909404353
2775,6.187874794006348
2776,3.8719195098451697
2777,251.70318603515625
2778,34.77123546600342
2779,2.127308020821985
2780,2.9061766862869263
2781,239.64219665527344
2782,212.20899200439453
2783,5.535541412487066
2784,33.766204833984375
2785,5.923367023468018
2786,3.9010599851608276
2787,80.61092185974121
2788,29.685426712036133
2789,162.86054229736328
2790,219.8305435180664
2791,72.64453125
2792,135.56746673583984
2793,176.5864486694336
2794,156.88060760498047
2795,65.73171997070312
2796,229.72296905517578
2797,107.96615982055664
2798,31.54815101623535
2799,17.407580375671387
2800,5.546682834625244
2801,4.15534234046936
2802,3.330451250076294
2803,68.8626880645752
2804,3.811761146749865
2805,46.50046348571777
2806,6.274372129423709
2807,38.926645278930664
2808,80.01627349853516
2809,6.115795135498047
2810,5.678509011347881
2811,201.04975128173828
2812,5.967545030893897
2813,12.642557263374329
2814,6.0596349239349365
2815,263.04473876953125
2816,67.53524398803711
2817,270.8453826904297
2818,134.49298095703125
2819,59.86048126220703
2820,144.76160430908203
2821,57.21249198913574
2822,6.345886707305908
2823,53.332279205322266
2824,255.9834747314453
2825,134.21539688110352
2826,-44.75869560241699
2827,6.532985687255859
2828,5.4076032638549805
2829,4.770257359231293
2830,5.6879942417144775
2831,5.733063697814941
2832,6.020832564049238
2833,129.21604537963867
2834,3.7333611249923706
2835,3.155972719192505
2836,3.4877268127544503
2837,3.4494221210479736
2838,5.879703521728516
2839,1.9802169677116632
2840,56.48727035522461
2841,50.70694923400879
2842,285.71595764160156
2843,5.919260580532388
2844,179.14505004882812
2845,292.9689025878906
2846,3.5824609994888306
2847,97.25758361816406
2848,8.042539834976196
2849,-40.70804214477539
2850,6.517541408538818
2851,6.603301763534546
2852,-25.56391716003418
2853,84.75150299072266
2854,2.4720435998795964
2855,48.956974029541016
2856,5.923144340515137
2857,31.65970230102539
2858,238.28816986083984
2859,1.425760018917181
2860,146.97019958496094
2861,272.5244445800781
2862,260.9099578857422
2863,2.7850708961486816
2864,260.9981994628906
2865,213.75000762939453
2866,1.8567630052566528
2867,2.400579805161929
2868,81.71773529052734
2869,48.54867362976074
2870,177.16724395751953
2871,6.246112765246139
2872,247.08255767822266
2873,5.141172885894775
2874,0.7696714401245117
2875,4.445221568144539
2876,-36.96962928771973
2877,300.4783020019531
2878,-75.05864715576172
2879,5.030393838882446
2880,248.7583770751953
2881,5.862124443054199
2882,6.023594379425049
2883,4.4025373458862305
2884,6.420515537261963
2885,180.9556427001953
2886,212.525634765625
2887,5.900325298309326
2888,2.0154761139852964
2889,6.400180339813232
2890,2.4194633688518405
2891,-56.021793365478516
2892,174.0484161376953
2893,30.92426872253418
2894,53.49581718444824
2895,5.131388902664185
2896,2.7254660734940352
2897,5.456299066543579
2898,111.78174209594727
2899,37.15742301940918
2900,3.0307772159576416
2901,54.1122350692749
2902,246.21695709228516
2903,263.37835693359375
2904,4.11753429776765
2905,3.5840001106262207
2906,35.93896961212158
2907,3.9366769790649414
2908,16.599487125873566
2909,2.02102782503857
2910,110.130615234375
2911,3.808904131335868
2912,2.4487701654434204
2913,6.29288649559021
2914,-16.24307680130005
2915,8.056279182434082
2916,206.53439331054688
2917,153.75521087646484
2918,4.00380551815033
2919,349.92486572265625
2920,206.52670288085938
2921,5.330549240112305
2922,3.6623250246047974
2923,206.34082794189453
2924,5.601741313934326
2925,4.785107851028442
2926,6.120507478713989
2927,37.92063903808594
2928,6.355278874991281
2929,152.86380004882812
2930,262.4756317138672
2931,2.0798612308252333
2932,5.558113051031849
2933,-16.012879371643066
2934,107.7064323425293
2935,-9.990352058783174
2936,-58.22047233581543
2937,6.310711145401001
2938,33.16116428375244
2939,3.1813340187072754
2940,156.8503646850586
2941,100.40676879882812
2942,57.790353775024414
2943,6.2277281284332275
2944,6.47911810874939
2945,5.871593475341797
2946,6.539654731750488
2947,-50.96012878417969
2948,2.314775670876179
2949,6.59086012840271
2950,2.936802387237549
2951,139.17459106445312
2952,133.77014923095703
2953,7.1366137534890495
2954,1.8518188233047868
2955,8.407972812652588
2956,6.494253873825073
2957,111.05057144165039
2958,5.526922145265524
2959,193.71915435791016
2960,6.229794025421143
2961,195.9563446044922
2962,3.8582178052220235
2963,4.106290981106561
2964,233.20366668701172
2965,184.2693328857422
2966,4.336935589638308
2967,3.6288135051727295
2968,168.8910903930664
2969,-82.06597137451172
2970,2.1602856469258596
2971,228.59122467041016
2972,6.826022386550903
2973,193.02596282958984
2974,252.5835952758789
2975,4.934507369995117
2976,47.18572807312012
2977,30.80467987060547
2978,4.667445182800293
2979,4.663178443908691
2980,302.12025451660156
2981,306.5408020019531
2982,133.9942283630371
2983,145.62779998779297
2984,272.0189514160156
2985,132.59600830078125
2986,296.97747802734375
2987,222.2725601196289
2988,115.00720596313477
2989,95.00148010253906
2990,42.243764877319336
2991,7.053548617893345
2992,3.0754826068878174
2993,5.53727203162464
2994,18.648213386535645
2995,15.977513790130615
2996,4.256542682647705
2997,3.5225847959518433
2998,103.68281936645508
2999,179.04700469970703
3000,76.2973861694336
3001,3.2683944702148438
3002,291.2826690673828
3003,4.349600553512573
3004,285.64256286621094
3005,93.3994026184082
3006,91.03411865234375
3007,6.170614242553711
3008,3.005950927734375
3009,26.80472469329834
3010,4.324796438217163
3011,54.822641372680664
3012,5.269207954406738
3013,177.5748291015625
3014,6.564355457125538
3015,3.6638015508651733
3016,5.9260541657721575
3017,6.163118600845337
3018,4.362746018707266
3019,234.1053924560547
3020,3.161360263824463
3021,240.99732971191406
3022,268.95603942871094
3023,3.1356714963912964
3024,108.68041229248047
3025,231.1077117919922
3026,161.60498046875
3027,6.268572624992561
3028,5.321508884429932
3029,-16.584092617034912
3030,-36.921470642089844
3031,6.056353783590884
3032,6.6529693597692905
3033,4.995099782943726
3034,131.11681365966797
3035,152.78992462158203
3036,204.62410736083984
3037,5.820781707763672
3038,2.092015399513511
3039,-44.185211181640625
3040,167.4198455810547
3041,4.88617730140686
3042,5.70021915435791
3043,5.858382225036621
3044,219.9606475830078
3045,165.01717376708984
3046,4.4073569774627686
3047,4.353558301925659
3048,47.07074546813965
3049,5.706356048583984
3050,231.9016571044922
3051,89.037109375
3052,6.385517597198486
3053,4.36349892616272
3054,124.80504989624023
3055,190.79281616210938
3056,51.42695236206055
3057,3.1998034715652466
3058,108.00385665893555
3059,1.8554496460868317
3060,253.3545684814453
3061,5.14545427223048
3062,237.3304672241211
3063,152.6245346069336
3064,235.01898193359375
3065,232.96542358398438
3066,112.9951400756836
3067,49.37910842895508
3068,6.230427265167236
3069,5.97368311882019
3070,3.7026509046554565
3071,6.176619529724121
3072,209.0304946899414
3073,142.77989196777344
3074,6.2567596435546875
3075,5.965635538101196
3076,131.87673568725586
3077,27.658864974975586
3078,85.4831657409668
3079,5.924043416976929
3080,3.269034743309021
3081,12.630828857421875
3082,95.31824111938477
3083,157.18120574951172
3084,1.211596067860462
3085,5.319500923156738
3086,206.70160675048828
3087,3.072224950773379
3088,97.62409591674805
3089,3.5959898233413696
3090,289.1728210449219
3091,139.82579803466797
3092,105.42551040649414
3093,3.9674209852463402
3094,188.09766387939453
3095,255.7155990600586
3096,144.72602081298828
3097,4.71806324474446
3098,6.1625089831063455
3099,33.10714054107666
3100,73.46275329589844
3101,3.7112054079022028
3102,2.613769054469837
3103,2.9926733639018437
3104,86.45489883422852
3105,11.283200144767761
3106,30.356433868408203
3107,1.410221932463415
3108,2.6040371656417847
3109,6.355473279953003
3110,254.92413330078125
3111,2.1510594955089037
3112,222.9449462890625
3113,5.474991083145142
3114,74.57342529296875
3115,261.31336975097656
3116,101.82633209228516
3117,0.3877124786376953
3118,280.04856872558594
3119,4.624388217926025
3120,55.709943771362305
3121,26.00334358215332
3122,130.85195541381836
3123,3.8662794828414917
3124,2.7617534399032593
3125,4.031596541404724
3126,213.44329833984375
3127,246.77230834960938
3128,32.5938835144043
3129,352.0388641357422
3130,2.1107157450945704
3131,98.65156555175781
3132,189.5074920654297
3133,119.48074340820312
3134,243.11691284179688
3135,1.6630275295378667
3136,296.98974609375
3137,3.034575343132019
3138,163.73777770996094
3139,6.068436861038208
3140,2.1839996576309204
3141,24.651928901672363
3142,3.309319257736206
3143,106.85974884033203
3144,255.20178985595703
3145,5.001618385314941
3146,261.1219177246094
3147,104.10416412353516
3148,122.93578720092773
3149,8.981039047241211
3150,1.7531740385575025
3151,225.74647521972656
3152,7.144910512564204
3153,220.2581024169922
3154,155.10535430908203
3155,41.07372188568115
3156,54.25556945800781
3157,4.975306510925293
3158,286.5761260986328
3159,102.48837661743164
3160,259.0489196777344
3161,-51.777482986450195
3162,3.778054118156433
3163,184.3408432006836
3164,3.3346787691116333
3165,8.22566419839859
3166,51.15487480163574
3167,6.7309958934783936
3168,5.3618762493133545
3169,3.4743592739105225
3170,204.6402359008789
3171,3.106663486957526
3172,218.09169006347656
3173,288.050537109375
3174,80.19092178344727
3175,-53.48887634277344
3176,3.8142672777175903
3177,3.2637243270874023
3178,190.87010955810547
3179,6.232930660247803
3180,314.11480712890625
3181,204.5596466064453
3182,274.0769348144531
3183,5.967080306202304
3184,106.87566757202148
3185,6.9445061683654785
3186,186.58794403076172
3187,266.3604736328125
3188,-24.988436698913574
3189,241.3249740600586
3190,4.135769844055176
3191,246.60519409179688
3192,58.4144344329834
3193,6.451572895050049
3194,4.39704966545105
3195,5.9777947102608495
3196,135.375732421875
3197,5.517766714096069
3198,185.40858459472656
3199,182.76732635498047
3200,2.32057334274922
3201,332.1999053955078
3202,4.429517984390259
3203,4.870577335357666
3204,-11.472848892211914
3205,6.40214991569519
3206,258.81126403808594
3207,5.905728101730347
3208,212.7089614868164
3209,-16.697272300720215
3210,7.316028860642121
3211,183.7004165649414
3212,215.56170654296875
3213,2.6845483779907227
3214,250.17255401611328
3215,3.531104878529984
3216,6.131794214248657
3217,141.95500946044922
3218,270.5891876220703
3219,86.92581939697266
3220,82.62916564941406
3221,104.90024948120117
3222,277.1114501953125
3223,321.4085235595703
3224,-67.43858528137207
3225,137.01688385009766
3226,5.946195125579834
3227,5.832582712173462
3228,25.938450813293457
3229,284.9969787597656
3230,224.55728149414062
3231,6.700133583430863
3232,5.016266519097038
3233,5.674165964126587
3234,4.410139083862305
3235,99.67782592773438
3236,142.03109741210938
3237,39.38675117492676
3238,302.6681823730469
3239,6.409419775009155
3240,76.25407791137695
3241,-1.479873239994049
3242,2.579488052043868
3243,39.56031608581543
3244,185.02161407470703
3245,5.227087020874023
3246,245.6987533569336
3247,6.338746070861816
3248,48.48793601989746
3249,-28.65196990966797
3250,235.15465545654297
3251,227.33132934570312
3252,132.56467056274414
3253,61.103275299072266
3254,133.39618682861328
3255,6.2942657470703125
3256,6.221264123916626
3257,30.675519943237305
3258,2.5290279388427734
3259,42.854352951049805
3260,5.854923486709595
3261,97.46372985839844
3262,287.8414611816406
3263,2.0300164222717285
3264,3.941956324351021
3265,146.99156188964844
3266,3.7588001989560884
3267,6.6654181480407715
3268,3.3136781454086304
3269,5.198824882507324
3270,65.54835319519043
3271,239.26940155029297
3272,2.693463621495381
3273,210.81566619873047
3274,201.98213958740234
3275,131.78557968139648
3276,115.06502532958984
3277,6.484496831893921
3278,6.353034496307373
3279,3.3112725019454956
3280,144.7438201904297
3281,265.62632751464844
3282,2.7494261264801025
3283,369.9864044189453
3284,338.18638610839844
3285,102.87400436401367
3286,3.223268985748291
3287,26.387256741523743
3288,25.527591109275818
3289,1.8426669176237578
3290,66.55470848083496
3291,235.1419906616211
3292,3.141411157383306
3293,73.80277252197266
3294,214.9844741821289
3295,145.1116714477539
3296,35.070406913757324
3297,209.91175842285156
3298,2.186292138218847
3299,254.31429290771484
3300,3.5382909582814746
3301,218.3862762451172
3302,192.22083282470703
3303,-7.250882029533386
3304,243.89324951171875
3305,4.962345095039613
3306,4.538423953514011
3307,188.4126434326172
3308,3.213727348831722
3309,6.289629220962524
3310,-55.84523963928223
3311,2.3288782835006714
3312,3.864741325378418
3313,2.809916287194784
3314,6.0771769748851145
3315,3.9093923568725586
3316,312.44435119628906
3317,300.4232482910156
3318,44.906192779541016
3319,1.920002862540694
3320,2.1500646471977234
3321,5.053718566894531
3322,169.67083740234375
3323,4.794960065682415
3324,3.9082248210906982
3325,315.9154968261719
3326,72.76068115234375
3327,-53.99283790588379
3328,6.405946493148804
3329,1.8760911050329032
3330,194.43588256835938
3331,99.44860076904297
3332,3.93179190158844
3333,266.90843963623047
3334,116.77190780639648
3335,3.3775027990341187
3336,4.700652541431568
3337,2.753655433654785
3338,1.7775326755454657
3339,25.112215042114258
3340,41.23654556274414
3341,63.646183013916016
3342,241.7341766357422
3343,124.60039520263672
3344,3.582402315379092
3345,271.38690185546875
3346,267.01810455322266
3347,174.20075225830078
3348,62.07248115539551
3349,5.6591198444366455
3350,3.857063889503479
3351,2.9452801942825317
3352,1.839314905088762
3353,142.84229278564453
3354,30.45410919189453
3355,3.133128523826599
3356,290.3946075439453
3357,3.474166484874362
3358,248.42245483398438
3359,89.3704719543457
3360,122.6547622680664
3361,3.321563243865967
3362,3.2766467332839966
3363,3.5195733308792114
3364,34.20457458496094
3365,146.86488342285156
3366,-8.871320962905884
3367,3.269782296191975
3368,130.4390106201172
3369,4.705976880421073
3370,66.5643253326416
3371,-2.8403215408325195
3372,197.1697006225586
3373,55.32328224182129
3374,309.05499267578125
3375,2.1527757089512725
3376,2.865609049797058
3377,118.80733871459961
3378,6.2477246198722085
3379,64.3538589477539
3380,329.47332763671875
3381,6.5590503215789795
3382,105.93414306640625
3383,6.419599294662476
3384,107.02044677734375
3385,4.084015255020358
3386,44.796738624572754
3387,2.165073962719336
3388,185.09906768798828
3389,225.7654037475586
3390,1.8695668647847907
3391,5.735566665932231
3392,5.179941978146053
3393,193.26512908935547
3394,115.65145111083984
3395,5.468377533062715
3396,5.728655576705933
3397,148.1508026123047
3398,2.1809682846069336
3399,209.45149993896484
3400,172.85953521728516
3401,5.112675428390503
3402,0.7466198954748624
3403,83.29725646972656
3404,109.98834609985352
3405,179.01651763916016
3406,211.40857696533203
3407,3.979041576385498
3408,119.7509765625
3409,116.25603103637695
3410,5.987003326416016
3411,5.370695936556773
3412,29.86174488067627
3413,2.1719417578233617
3414,6.6958982944488525
3415,109.53194046020508
3416,69.4212760925293
3417,181.43276977539062
3418,156.40511322021484
3419,24.742480754852295
3420,2.9308809638023376
3421,-39.27560901641846
3422,180.21456146240234
3423,2.0099140426448425
3424,3.786169599139471
3425,44.531761169433594
3426,3.467933053024313
3427,72.0359058380127
3428,2.53122878074646
3429,323.4627227783203
3430,299.8659973144531
3431,120.64164733886719
3432,6.0444159507751465
3433,100.54235458374023
3434,1.919202765850517
3435,289.1092834472656
3436,237.12094116210938
3437,3.230385301470102
3438,19.380470275878906
3439,266.84119415283203
3440,6.3056700229644775
3441,4.722084835383125
3442,233.15077209472656
3443,4.989855051040649
3444,207.5655288696289
3445,3.7189537112523716
3446,5.8834569454193115
3447,268.7464141845703
3448,5.332498550415039
3449,5.760483741760254
3450,119.04773712158203
3451,207.81230926513672
3452,2.029508200183457
3453,2.8987079858779907
3454,24.330491065979004
3455,4.238660920646574
3456,5.827081203460693
3457,4.036119270347826
3458,6.132185697555542
3459,173.57981872558594
3460,-38.80820274353027
3461,3.6054907427987626
3462,40.83251762390137
3463,228.1197280883789
3464,4.218139342210652
3465,2.7521332502365112
3466,6.835074186325073
3467,113.79142761230469
3468,36.520721435546875
3469,329.6975555419922
3470,154.38967895507812
3471,20.77932357788086
3472,260.7048034667969
3473,6.462326526641846
3474,4.081456542015076
3475,4.740076780319214
3476,52.21690559387207
3477,3.39981746673584
3478,6.627843379974365
3479,2.7825801372528076
3480,126.38064956665039
3481,167.65955352783203
3482,86.67748260498047
3483,60.26631736755371
3484,174.15353393554688
3485,2.3621563259201532
3486,217.7021255493164
3487,5.907988786697388
3488,5.088112677145501
3489,2.988692045211792
3490,5.914881305571513
3491,3.2349307537078857
3492,2.6183125972747803
3493,303.16355895996094
3494,165.04112243652344
3495,6.406976222991943
3496,16.488485634326935
3497,4.587706395134468
3498,6.691023588180542
3499,-16.82703733444214
3500,106.26705551147461
3501,280.80564880371094
3502,6.171241521835327
3503,4.108094811439514
3504,127.0703353881836
3505,175.86576080322266
3506,92.16764068603516
3507,6.192774295806885
3508,3.2278102594843037
3509,3.0581424236297607
3510,266.4020080566406
3511,1.936437085086868
3512,71.76459503173828
3513,90.13934326171875
3514,3.219208002090454
3515,60.370988845825195
3516,3.2492184706420977
3517,198.0511016845703
3518,4.286309003829956
3519,216.28275299072266
3520,315.75706481933594
3521,1.8815216739004326
3522,114.55473327636719
3523,5.099135160446167
3524,6.394606590270996
3525,5.287980079650879
3526,50.233802795410156
3527,1.6808498505323302
3528,281.7876739501953
3529,189.3013916015625
3530,2.6628956276601494
3531,91.45975494384766
3532,255.04896545410156
3533,48.31349754333496
3534,7.618377923965454
3535,78.10979843139648
3536,3.6483392384973903
3537,67.18774795532227
3538,6.662586148856557
3539,19.188332557678223
3540,152.77171325683594
3541,-47.92739677429199
3542,2.7395812273025513
3543,198.33242797851562
3544,36.78479194641113
3545,2.704312324523926
3546,5.974638373034798
3547,168.46075439453125
3548,5.212506504644431
3549,1.7538557824091223
3550,4.566459894180298
3551,4.934821605682373
3552,5.69111442565918
3553,6.770395517349243
3554,160.07315063476562
3555,4.163256782257996
3556,2.2409881491020647
3557,109.78019332885742
3558,5.370663325235606
3559,101.36274719238281
3560,49.12592887878418
3561,6.238658877571627
3562,20.707046508789062
3563,-38.300960540771484
3564,5.869546175003052
3565,5.027536869049072
3566,159.31421661376953
3567,1.9437642143420435
3568,251.34542083740234
3569,174.53256225585938
3570,44.68623161315918
3571,208.65746307373047
3572,1.8571431663258062
3573,6.062024831771851
3574,5.804648399353027
3575,1.5731507750722402
3576,5.242216110229492
3577,5.7751243114471436
3578,70.66909408569336
3579,2.0427006762873248
3580,67.46535110473633
3581,231.41730499267578
3582,64.67227935791016
3583,70.46072006225586
3584,6.510366916656494
3585,36.55462837219238
3586,5.81273910951367
3587,54.68083381652832
3588,3.458169937133789
3589,236.69454956054688
3590,2.4195038292713686
3591,3.405905604362488
3592,182.41912841796875
3593,5.014880895614624
3594,39.003397941589355
3595,6.55452299118042
3596,23.757807731628418
3597,304.82530212402344
3598,77.02995681762695
3599,81.8218765258789
3600,2.7902642488479614
3601,297.0933532714844
3602,28.858530700206757
3603,5.517722911966731
3604,3.1831597854770917
3605,137.5478286743164
3606,2.1305907928216383
3607,3.469212770462036
3608,289.1771697998047
3609,199.85144805908203
3610,45.760480880737305
3611,5.519042491912842
3612,264.2660675048828
3613,6.125109869376844
3614,4.8618536505914935
3615,6.243391950732587
3616,73.03426361083984
3617,5.254053405892711
3618,2.9944043159484863
3619,-53.994384765625
3620,8.181459121406078
3621,96.23950576782227
3622,5.412403345108032
3623,253.4422149658203
3624,-9.11017894744873
3625,126.9346923828125
3626,39.30533981323242
3627,17.86610507965088
3628,6.410052537918091
3629,42.56731605529785
3630,263.08290100097656
3631,295.54234313964844
3632,255.97469329833984
3633,238.05280303955078
3634,112.67683410644531
3635,129.88966369628906
3636,4.669327020645142
3637,37.78815460205078
3638,57.44235038757324
3639,4.958484888076782
3640,312.00148010253906
3641,212.06533813476562
3642,138.8652572631836
3643,196.15086364746094
3644,6.448667771847196
3645,127.31156539916992
3646,2.45931098023774
3647,5.985176086425781
3648,244.0547332763672
3649,1.8218660354614258
3650,3.3661149740219116
3651,188.0808868408203
3652,42.79144096374512
3653,9.386614680290222
3654,65.51556968688965
3655,2.0698796571986424
3656,158.44827270507812
3657,5.702809572219849
3658,8.108827114105225
3659,4.465570310510438
3660,5.887935541935465
3661,41.7605037689209
3662,2.0658111460330697
3663,5.855604887008667
3664,135.9084701538086
3665,4.952515125274658
3666,271.05908203125
3667,248.27320098876953
3668,262.7658386230469
3669,230.78073120117188
3670,7.287180662155151
3671,6.656117920830044
3672,216.8148651123047
3673,4.992149353027344
3674,290.66810607910156
3675,124.1676025390625
3676,57.597219467163086
3677,49.0588264465332
3678,-23.46929931640625
3679,4.34912641182986
3680,3.9705172777175903
3681,147.3636245727539
3682,82.51166915893555
3683,179.90616607666016
3684,45.26439094543457
3685,150.26129913330078
3686,273.9651794433594
3687,107.46300506591797
3688,286.31959533691406
3689,2.3958369493484497
3690,187.26866912841797
3691,200.8458480834961
3692,284.2938690185547
3693,263.1050338745117
3694,1.3428572406218982
3695,246.1923370361328
3696,183.44684600830078
3697,0.9084132599881056
3698,-49.711923599243164
3699,4.29733305744316
3700,5.708563327789307
3701,362.84837341308594
3702,3.6779664061455497
3703,3.9936172556482292
3704,6.034232814160133
3705,1.404823921746267
3706,76.43739128112793
3707,1.5630083084106445
3708,117.64513397216797
3709,3.255548596382141
3710,6.358834516596415
3711,329.19410705566406
3712,49.152631759643555
3713,5.8302223682403564
3714,323.077392578125
3715,2.6674413681030273
3716,2.0089686552015094
3717,156.12664031982422
3718,76.4525375366211
3719,177.37808990478516
3720,168.29988861083984
3721,2.9752546548843384
3722,4.325337648391724
3723,3.27138778721623
3724,1.8773305173748343
3725,69.85643005371094
3726,1.7571507125557235
3727,232.6039276123047
3728,61.385921478271484
3729,-21.48923635482788
3730,159.3624496459961
3731,86.8543930053711
3732,3.3595805168151855
3733,-52.426313400268555
3734,3.316705346107483
3735,2.4634804725646973
3736,-3.9692838191986084
3737,6.117215760861515
3738,203.68185424804688
3739,-22.877438068389893
3740,239.64995574951172
3741,23.259881019592285
3742,258.07200622558594
3743,2.326305336047269
3744,78.87857818603516
3745,-2.041229248046875
3746,5.261499404907227
3747,4.962368726730347
3748,195.9668426513672
3749,68.17815399169922
3750,1.5113864797782481
3751,221.88720703125
3752,93.63425064086914
3753,5.054015398025513
3754,3.8532496050291507
3755,45.60295104980469
3756,5.6880669593811035
3757,18.21738910675049
3758,6.035597324371338
3759,45.493539810180664
3760,1.9201942899286968
3761,6.301698923110962
3762,6.014552593231201
3763,125.82310104370117
3764,193.3965072631836
3765,361.8419647216797
3766,6.692214561783376
3767,296.9370574951172
3768,60.344797134399414
3769,1.6993052079555482
3770,156.1384735107422
3771,3.3802661895751953
3772,212.80614471435547
3773,237.29485321044922
3774,2.7060242891311646
3775,3.603032112121582
3776,224.3262939453125
3777,6.297263145446777
3778,256.21533966064453
3779,283.2881317138672
3780,5.810243861552196
3781,6.427567005157471
3782,2.459597467019397
3783,2.0575051307678223
3784,5.5293121337890625
3785,31.34615135192871
3786,92.61736297607422
3787,6.051238775253296
3788,6.466288805007935
3789,306.0382843017578
3790,6.929861500709544
3791,6.4177656173706055
3792,3.735719323158264
3793,36.599365234375
3794,-4.205762982368469
3795,224.34583282470703
3796,226.9643783569336
3797,4.955183267593384
3798,199.4200439453125
3799,-50.88397026062012
3800,231.42193603515625
3801,132.7910270690918
3802,156.41641998291016
3803,61.53656005859375
3804,67.35930061340332
3805,4.415201425552368
3806,3.0116356909909636
3807,81.7203483581543
3808,3.717715859413147
3809,-58.60231590270996
3810,2.79100239276886
3811,4.530223958663242
3812,255.25775146484375
3813,3.716408371925354
3814,284.7129669189453
3815,7.222879386356701
3816,3.7479336261749268
3817,47.660770416259766
3818,6.501534461975098
3819,2.5723899602890015
3820,127.26884460449219
3821,7.890458945581942
3822,5.591055339003784
3823,258.8824157714844
3824,5.143722057342529
3825,242.71355438232422
3826,6.0812273025512695
3827,291.7557373046875
3828,284.0386657714844
3829,6.4432103633880615
3830,226.12318420410156
3831,59.63250923156738
3832,1.8138737695439135
3833,51.48483085632324
3834,40.111440658569336
3835,2.827324628829956
3836,5.294292881488115
3837,6.6534552574157715
3838,5.927121950527613
3839,241.41910552978516
3840,5.733240111619901
3841,131.63449096679688
3842,3.67913818359375
3843,232.3827362060547
3844,5.849155999430989
3845,6.4325783252716064
3846,6.435171127319336
3847,90.99785614013672
3848,115.20656967163086
3849,197.30738830566406
3850,44.23395824432373
3851,149.83435821533203
3852,238.58099365234375
3853,5.616903305053711
3854,247.38016510009766
3855,1.9353702939399322
3856,75.3648796081543
3857,4.013669967651367
3858,2.956254243850708
3859,240.85213470458984
3860,6.180830830848361
3861,-58.18071174621582
3862,-0.1728118658065796
3863,3.5123355388641357
3864,2.617167830467224
3865,290.56324768066406
3866,4.569626092910767
3867,191.27704620361328
3868,4.681674003601074
3869,3.1958792209625244
3870,139.18120574951172
3871,45.225778579711914
3872,4.161927938461304
3873,52.608558654785156
3874,336.6013946533203
3875,275.99830627441406
3876,107.88937377929688
3877,-74.2631893157959
3878,193.15172576904297
3879,266.5379333496094
3880,6.655460596084595
3881,3.869065761566162
3882,2.316052198410034
3883,189.1851043701172
3884,151.7346649169922
3885,6.380861282348633
3886,5.581104040145874
3887,6.147938251495361
3888,2.833622694015503
3889,161.33951568603516
3890,1.1059230524772634
3891,3.318620800971985
3892,172.06640625
3893,2.920298933982849
3894,303.0163116455078
3895,-11.954055547714233
3896,25.4186954498291
3897,237.2985076904297
3898,190.0082550048828
3899,1.7909240580968304
3900,87.12066650390625
3901,125.40447616577148
3902,2.744873881340027
3903,52.325557708740234
3904,63.57575225830078
3905,3.9078558683395386
3906,7.229944874845996
3907,211.82840728759766
3908,136.49649047851562
3909,3.518476724624634
3910,4.150391252139974
3911,242.95134735107422
3912,4.362229585647583
3913,17.237473487854004
3914,269.60792541503906
3915,6.902563873393196
3916,5.902939319610596
3917,3.7902934809969357
3918,-27.978518962860107
3919,5.0955610275268555
3920,40.575307846069336
3921,82.56670761108398
3922,7.3018209972499415
3923,3.062791327848667
3924,342.0632629394531
3925,71.39860534667969
3926,2.4825820554535896
3927,247.46058654785156
3928,3.375748616589352
3929,5.4832398891448975
3930,6.2831445604661225
3931,189.80560302734375
3932,4.18233847618103
3933,2.7285454307301107
3934,6.414963722229004
3935,222.62154388427734
3936,1.7756680254500294
3937,3.21829092502594
3938,3.0907509326934814
3939,302.16078186035156
3940,6.230942010879517
3941,6.226730585098267
3942,5.548131983528598
3943,3.147313117980957
3944,6.97511232259498
3945,302.7316436767578
3946,167.9928092956543
3947,36.375107765197754
3948,135.44766998291016
3949,5.370918846617838
3950,233.54256439208984
3951,1.7955640758972091
3952,84.21966934204102
3953,132.9512481689453
3954,2.578487753868103
3955,6.065935850143433
3956,151.19012451171875
3957,54.15860557556152
3958,88.08650588989258
3959,202.08370971679688
3960,6.094881844003469
3961,6.503173701201206
3962,111.04450607299805
3963,5.891964912414551
3964,116.50358581542969
3965,6.23348593711853
3966,3.472946286201477
3967,3.7607561349868774
3968,166.21136474609375
3969,38.17386341094971
3970,2.6153894662857056
3971,3.617010235786438
3972,2.9513615369796753
3973,3.4050225019454956
3974,37.66041374206543
3975,34.50376510620117
3976,3.6118836402893066
3977,4.162012338638306
3978,3.507860244037417
3979,116.16459655761719
3980,244.42544555664062
3981,252.44042205810547
3982,5.5640270709991455
3983,3.1425607204437256
3984,363.6358184814453
3985,240.48988342285156
3986,166.2813262939453
3987,98.21934127807617
3988,3.0452051162719727
3989,-15.20241928100586
3990,93.45719909667969
3991,273.0884246826172
3992,5.862198114395142
3993,5.629449015314765
3994,57.40737533569336
3995,138.01330184936523
3996,4.336421966552734
3997,105.26720809936523
3998,2.4626275300979614
3999,268.86971282958984
4000,5.477039813995361
4001,4.311326658503074
4002,39.8597354888916
4003,170.6840591430664
4004,2.3123006072679324
4005,303.93939208984375
4006,83.78997802734375
4007,6.88328218460083
4008,3.4457926750183105
4009,5.930002634919907
4010,207.9703826904297
4011,3.7872899770736694
4012,6.416360855102539
4013,241.56175994873047
4014,5.897039890289307
4015,6.124711793761664
4016,75.41281127929688
4017,129.3730583190918
4018,115.52155685424805
4019,1.6925230026245117
4020,1.9776309666408658
4021,113.48523712158203
4022,42.62400817871094
4023,3.9909467697143555
4024,109.88899993896484
4025,67.5948657989502
4026,91.08052825927734
4027,222.01596069335938
4028,107.41778182983398
4029,6.830519893046336
4030,2.3106106671817632
4031,108.768310546875
4032,76.87574005126953
4033,3.0544779300689697
4034,240.84048461914062
4035,118.45195007324219
4036,3.8226266025064235
4037,3.712650215517313
4038,6.175413235418867
4039,5.8805084228515625
4040,112.55122756958008
4041,300.5113983154297
4042,59.48916244506836
4043,256.2213668823242
4044,4.340386629104614
4045,31.850451469421387
4046,5.892168760299683
4047,4.027502775192261
4048,264.14125061035156
4049,111.56946182250977
4050,274.51617431640625
4051,39.75681686401367
4052,2.6507713408648446
4053,4.209314823150635
4054,5.643466798619047
4055,4.208974123001099
4056,250.78009796142578
4057,6.721567392349243
4058,266.1395797729492
4059,64.99676895141602
4060,245.89017486572266
4061,112.05335235595703
4062,3.9251870801275586
4063,2.033722400665283
4064,184.8038330078125
4065,2.0311111788135623
4066,82.44574356079102
4067,181.03226470947266
4068,182.14816284179688
4069,333.25439453125
4070,2.748702472793057
4071,2.948731303215027
4072,2.041325569152832
4073,3.2100091458005053
4074,4.075117111206055
4075,-14.234453201293945
4076,17.867289543151855
4077,4.965139150619507
4078,6.259047031402588
4079,6.861990311602941
4080,276.36854553222656
4081,3.9402949810028076
4082,103.70889282226562
4083,4.306337594985962
4084,19.77502131462097
4085,31.075949668884277
4086,7.021618723869324
4087,4.262871980667114
4088,4.612579107284546
4089,80.55876922607422
4090,164.00249481201172
4091,4.046101093292236
4092,70.98689270019531
4093,27.055633544921875
4094,5.002869606018066
4095,6.669513463973999
4096,2.381086451933795
4097,2.624647617340088
4098,2.721631169319153
4099,-28.896153926849365
4100,41.55689239501953
4101,6.4444050788879395
4102,4.6460652351379395
4103,61.6544075012207
4104,198.1746063232422
4105,5.835457801818848
4106,111.49737930297852
4107,81.59703826904297
4108,89.39688110351562
4109,239.49512481689453
4110,6.005624771118164
4111,82.99945449829102
4112,79.74958801269531
4113,3.197651505470276
4114,5.396917228682131
4115,79.30902481079102
4116,146.38355255126953
4117,86.22608947753906
4118,274.454833984375
4119,257.5286331176758
4120,249.0339813232422
4121,94.7225570678711
4122,-14.912858963012695
4123,2.201709032058716
4124,108.09354400634766
4125,2.3529302949906445
4126,72.94170379638672
4127,5.998372793197632
4128,1.774654809385922
4129,6.082675099249797
4130,1.9357174704016062
4131,61.51761054992676
4132,5.9323731850347095
4133,5.010009050369263
4134,103.63320922851562
4135,-10.668558120727539
4136,134.6135025024414
4137,350.4260559082031
4138,-0.7822625637054443
4139,93.13459014892578
4140,54.237586975097656
4141,4.260314226150513
4142,117.50080108642578
4143,277.2780456542969
4144,101.31217193603516
4145,188.66742706298828
4146,80.60865783691406
4147,72.6989860534668
4148,271.11363220214844
4149,37.33135509490967
4150,27.08789825439453
4151,63.284433364868164
4152,113.28430557250977
4153,4.263223171234131
4154,339.7024841308594
4155,155.92710876464844
4156,3.11061692237854
4157,3.521719217300415
4158,4.0428948769580275
4159,4.699627876281738
4160,180.42410278320312
4161,174.2673797607422
4162,5.986909408429904
4163,76.88252258300781
4164,172.94503021240234
4165,8.825119256973267
4166,52.06066131591797
4167,122.33610916137695
4168,12.275165557861328
4169,2.531646251678467
4170,4.846480131149292
4171,77.414306640625
4172,4.627829074859619
4173,4.12096381187439
4174,62.90242385864258
4175,136.31212997436523
4176,1.9908171624938082
4177,3.731062173843384
4178,23.378148078918457
4179,118.06752014160156
4180,180.22390747070312
4181,67.17205810546875
4182,34.0537166595459
4183,32.99720573425293
4184,188.61572265625
4185,275.6145935058594
4186,2.9663662910461426
4187,79.61302185058594
4188,4.068598508834839
4189,4.181629419326782
4190,120.52992630004883
4191,2.123670504224621
4192,40.22164535522461
4193,46.97518539428711
4194,5.91365122795105
4195,4.190912246704102
4196,115.84923553466797
4197,6.349242448806763
4198,3.0642086267471313
4199,5.000762701034546
4200,275.1419677734375
4201,260.82470703125
4202,196.61917114257812
4203,5.743622303009033
4204,85.89568710327148
4205,5.213708321418684
4206,7.51452142742098
4207,145.25543212890625
4208,152.9972915649414
4209,231.7304229736328
4210,-47.771663665771484
4211,2.3605493717598267
4212,5.74416538799882
4213,-16.66227626800537
4214,6.8333324629732894
4215,3.239075183868408
4216,2.074493706226349
4217,3.112536311149597
4218,5.797927141189575
4219,48.272430419921875
4220,74.49457931518555
4221,2.1255658508202395
4222,112.44717788696289
4223,2.988299250602722
4224,6.3356335163116455
4225,4.9401984214782715
4226,270.6356201171875
4227,2.5789968967437744
4228,207.2603759765625
4229,112.18688201904297
4230,2.9230992794036865
4231,2.280425727367401
4232,53.240482330322266
4233,3.118510127067566
4234,-4.540956616401672
4235,74.65346145629883
4236,252.7747039794922
4237,157.2380599975586
4238,2.9369919300079346
4239,64.7967586517334
4240,13.594829082489014
4241,43.51359558105469
4242,223.95790100097656
4243,-62.01303291320801
4244,344.96392822265625
4245,5.070294141769409
4246,1.983828663826874
4247,3.879243016242981
4248,4.161711019365861
4249,-25.673306941986084
4250,11.609353303909302
4251,278.57542419433594
4252,6.442498207092285
4253,5.965373277664185
4254,5.5235724449157715
4255,-55.50619888305664
4256,12.757622718811035
4257,115.3321533203125
4258,2.4913140535354614
4259,1.5077809064776961
4260,82.09711456298828
4261,2.4538158178329468
4262,278.74891662597656
4263,83.52771377563477
4264,2.4925763607025146
4265,40.15943908691406
4266,4.244026184082031
4267,5.681595184480332
4268,5.926533298677809
4269,190.354736328125
4270,197.76805114746094
4271,181.6021728515625
4272,5.0164735317230225
4273,7.784301760078552
4274,99.6879997253418
4275,6.71054744720459
4276,303.5049591064453
4277,226.4788055419922
4278,378.44683837890625
4279,312.1972351074219
4280,112.37342834472656
4281,64.09334373474121
4282,15.920783519744873
4283,6.533695334522681
4284,4.514698505401611
4285,92.93917465209961
4286,297.9209442138672
4287,1.804900003918861
4288,192.35939025878906
4289,213.19937133789062
4290,201.68692779541016
4291,3.146748900413513
4292,5.005724906921387
4293,11.687243223190308
4294,-48.13952827453613
4295,0.8364658177042698
4296,5.593569040298462
4297,6.400888681411743
4298,5.662329962130504
4299,86.00315475463867
4300,40.2784423828125
4301,3.2334070205688477
4302,103.0698356628418
4303,1.988381563390776
4304,-48.776611328125
4305,4.044925570487976
4306,279.33775329589844
4307,2.856562609290342
4308,38.83250045776367
4309,4.7760754991403935
4310,2.861749768257141
4311,16.940099716186523
4312,242.64462280273438
4313,3.332240343093872
4314,2.8438302278518677
4315,223.700439453125
4316,1.2865842247626476
4317,199.42381286621094
4318,6.10421895980835
4319,54.47966957092285
4320,137.5964126586914
4321,4.792138338088989
4322,304.6830749511719
4323,78.78261947631836
4324,3.3956676721572876
4325,6.547730207443237
4326,3.748260259628296
4327,110.40055084228516
4328,151.64317321777344
4329,196.1510009765625
4330,17.210636138916016
4331,2.98132586479187
4332,2.2888636032900522
4333,277.9913787841797
4334,3.487153172492981
4335,3.4761699438095093
4336,2.1267087568262455
4337,6.009423017501831
4338,18.077908039093018
4339,5.134916254965915
4340,0.4872903823852539
4341,74.2192611694336
4342,157.62478637695312
4343,165.8207015991211
4344,137.00273895263672
4345,5.898978233337402
4346,4.706376075744629
4347,168.17420959472656
4348,5.480658292770386
4349,127.06686401367188
4350,-28.82033681869507
4351,125.74352645874023
4352,193.06141662597656
4353,5.115175724029541
4354,103.92193603515625
4355,139.46299743652344
4356,1.9342160455358313
4357,5.129843711853027
4358,297.9227294921875
4359,205.7560043334961
4360,3.218702772648653
4361,2.3313284814357758
4362,1.4736051857471466
4363,3.6277577877044678
4364,4.721161061272235
4365,1.6263217591290453
4366,3.3059126138687134
4367,262.41609954833984
4368,-13.478387832641602
4369,75.96001815795898
4370,6.4031994342803955
4371,209.89784240722656
4372,73.18636703491211
4373,320.47247314453125
4374,6.41375994682312
4375,240.98619842529297
4376,276.9476089477539
4377,5.220211621715704
4378,5.671150207519531
4379,195.11355590820312
4380,3.1182937622070312
4381,2.3370559270596805
4382,6.578266143798828
4383,21.7261700630188
4384,4.997795039546315
4385,202.12091827392578
4386,21.389477729797363
4387,302.6615905761719
4388,88.22938919067383
4389,6.56972074508667
4390,4.339889764785767
4391,3.8735207319259644
4392,2.679454207420349
4393,106.97208404541016
4394,105.60763168334961
4395,3.1046133041381836
4396,6.582863450050354
4397,2.7899932861328125
4398,6.37051214483519
4399,3.036398410797119
4400,229.56563568115234
4401,6.622973918914795
4402,239.81163787841797
4403,268.7398986816406
4404,262.7401351928711
4405,345.46852111816406
4406,43.86952590942383
4407,72.59290313720703
4408,6.517356872558594
4409,103.4742660522461
4410,-87.16303253173828
4411,2.7450902462005615
4412,286.62567138671875
4413,215.14639282226562
4414,4.09537715848141
4415,193.5508575439453
4416,60.96714782714844
4417,2.7757725715637207
4418,222.71590423583984
4419,265.9602813720703
4420,331.01112365722656
4421,337.40687561035156
4422,-0.3795781135559082
4423,2.245191451759342
4424,78.84383201599121
4425,165.94812774658203
4426,5.50699257850647
4427,223.26275634765625
4428,6.260998249053955
4429,5.29813027381897
4430,5.239469051361084
4431,190.24445343017578
4432,3.860497750050972
4433,3.9317695011349003
4434,125.00071334838867
4435,5.713209867477417
4436,6.196435213088989
4437,30.147419929504395
4438,102.68485641479492
4439,7.133597953037884
4440,263.5913391113281
4441,1.9812738542770274
4442,268.69757080078125
4443,6.27046892600913
4444,280.53358459472656
4445,3.700443472211773
4446,3.9783543654329656
4447,105.82079696655273
4448,4.964329242706299
4449,-10.968554496765137
4450,109.44436264038086
4451,111.20761489868164
4452,279.67835998535156
4453,255.2240753173828
4454,5.046530485153198
4455,5.570113897323608
4456,195.26663208007812
4457,4.203068256378174
4458,6.938002208091502
4459,94.54304504394531
4460,0.5553004838196052
4461,71.85506439208984
4462,159.9855728149414
4463,50.78337287902832
4464,4.1636587570495225
4465,110.78298950195312
4466,4.489909410476685
4467,22.836743354797363
4468,1.8152316521412748
4469,2.381630539894104
4470,4.776021718978882
4471,2.8667651414871216
4472,242.34966278076172
4473,3.8764573335647583
4474,243.74768829345703
4475,4.243590831756592
4476,81.024169921875
4477,5.7506794929504395
4478,4.249047040939331
4479,127.03096389770508
4480,293.0007629394531
4481,3.7821627815350927
4482,218.05599975585938
4483,69.24945831298828
4484,301.9430847167969
4485,220.65140533447266
4486,2.434993516079827
4487,107.88152313232422
4488,63.22674369812012
4489,-43.91724967956543
4490,91.52245712280273
4491,5.539791822433472
4492,266.53485107421875
4493,308.5331573486328
4494,13.962290421128273
4495,2.7214118242263794
4496,91.16715621948242
4497,6.655974388122559
4498,223.46727752685547
4499,309.1054992675781
4500,147.07162475585938
4501,5.946049810537902
4502,5.856332540512085
4503,175.05150604248047
4504,15.334792613983154
4505,78.75979614257812
4506,2.7610970735549927
4507,-18.36940288543701
4508,144.96522521972656
4509,72.41410827636719
4510,2.1543410751857572
4511,253.74522399902344
4512,71.11299896240234
4513,110.75548934936523
4514,3.114762306213379
4515,3.165375828742981
4516,3.1610645055770874
4517,5.0168845653533936
4518,11.673446297645569
4519,103.19758987426758
4520,61.907047271728516
4521,2.756415843963623
4522,86.79444885253906
4523,6.619203329086304
4524,207.01079559326172
4525,25.14340114593506
4526,2.2472434276058753
4527,120.7972183227539
4528,99.49958801269531
4529,107.33484649658203
4530,196.3599624633789
4531,4.176303998066351
4532,4.405822904702661
4533,4.671759605407715
4534,59.191850662231445
4535,6.06052252833372
4536,2.207269072532654
4537,1.8993051731708042
4538,6.230136156082153
4539,296.8408203125
4540,209.29145050048828
4541,3.294412612915039
4542,2.8580763687658695
4543,215.06566619873047
4544,40.32898712158203
4545,5.402589770317796
4546,33.74228000640869
4547,5.9936730186618625
4548,194.34765625
4549,4.5413103103637695
4550,219.6607894897461
4551,32.29793834686279
4552,112.32681274414062
4553,116.91362762451172
4554,4.790116548538208
4555,197.14167022705078
4556,273.8313446044922
4557,5.033486604690552
4558,4.5089967250823975
4559,77.33968353271484
4560,7.245226776053099
4561,5.447556528361144
4562,187.66366577148438
4563,39.14875030517578
4564,262.72235107421875
4565,56.61322212219238
4566,215.42298126220703
4567,289.63446044921875
4568,151.0655288696289
4569,5.075114965438843
4570,174.94147491455078
4571,269.15269470214844
4572,5.353431701660156
4573,3.1834659576416016
4574,1.6275141717567208
4575,5.722883701324463
4576,163.06082916259766
4577,246.0266571044922
4578,70.72042465209961
4579,26.84251594543457
4580,0.7780966659256371
4581,364.51580810546875
4582,44.771766662597656
4583,2.0416353344917297
4584,285.9380798339844
4585,42.81269836425781
4586,5.941092600699382
4587,3.7719646312348827
4588,1.6264723048781249
4589,4.203974962234497
4590,3.2938560247421265
4591,59.626766204833984
4592,5.429071664810181
4593,119.76906204223633
4594,-17.690317630767822
4595,2.512450695037842
4596,64.86790084838867
4597,126.75056457519531
4598,4.352135106026018
4599,-34.83669090270996
4600,69.01447677612305
4601,6.994459652252512
4602,5.569817781448364
4603,5.505945782237253
4604,83.7291488647461
4605,1.7214988890787044
4606,123.58140182495117
4607,27.78424072265625
4608,4.488265752792358
4609,212.39580535888672
4610,134.87910842895508
4611,112.12001419067383
4612,2.947877457753475
4613,-63.633230209350586
4614,77.72700119018555
4615,-49.89344787597656
4616,4.427130222320557
4617,4.700135707855225
4618,3.655082106590271
4619,6.147659809416531
4620,6.592771291732788
4621,109.13770294189453
4622,3.766313910484314
4623,6.08349609375
4624,1.6173591613769531
4625,80.27370071411133
4626,49.19654846191406
4627,5.377007722854614
4628,6.063313722610474
4629,67.28333282470703
4630,5.560345411300659
4631,11.826064825057983
4632,6.436038494110107
4633,218.62364196777344
4634,5.885319709777832
4635,6.087334156036377
4636,80.47538185119629
4637,6.780391216278076
4638,398.69581604003906
4639,285.6441955566406
4640,2.07044265863091
4641,202.0482406616211
4642,157.84605407714844
4643,52.233192443847656
4644,42.81723594665527
4645,5.61355996131897
4646,72.27070808410645
4647,24.473334312438965
4648,196.90795135498047
4649,107.68862533569336
4650,139.10498809814453
4651,58.447397232055664
4652,4.697725296020508
4653,256.3034973144531
4654,10.037535429000854
4655,5.927457332611084
4656,3.258251190185547
4657,3.1805919408798218
4658,6.299424409866333
4659,68.97493553161621
4660,2.2814357966379033
4661,2.5730594531676507
4662,3.8985121190471586
4663,112.52975082397461
4664,5.902289390563965
4665,149.0920867919922
4666,246.82573699951172
4667,1.8545189308509422
4668,117.05065155029297
4669,296.0135192871094
4670,38.12830209732056
4671,2.0426432603447453
4672,1.0300079580744845
4673,64.63523864746094
4674,283.5545196533203
4675,1.807102821087463
4676,148.54686737060547
4677,51.672969818115234
4678,5.576669427877512
4679,63.02691078186035
4680,4.263815915378007
4681,2.114810287952423
4682,208.16293334960938
4683,152.7964324951172
4684,105.12798309326172
4685,249.6388397216797
4686,4.148355007171631
4687,244.6767120361328
4688,333.44203186035156
4689,116.61331558227539
4690,6.230801567307379
4691,6.649560928344727
4692,4.431174039840698
4693,105.0825424194336
4694,4.57543994119107
4695,366.26722717285156
4696,4.792569160461426
4697,2.5741957608734642
4698,4.634078502655029
4699,3.633772134780884
4700,89.75917434692383
4701,5.890166759490967
4702,1.9388892749057272
4703,3.4448101077019238
4704,5.264165878295898
4705,268.5040740966797
4706,3.555573582649231
4707,4.939488696323691
4708,3.1165844202041626
4709,87.34505844116211
4710,175.3926010131836
4711,6.2848029136657715
4712,234.07010650634766
4713,3.852704405784607
4714,5.72674298286438
4715,79.35032653808594
4716,39.839436531066895
4717,7.182617456126107
4718,5.901296138763428
4719,189.5905532836914
4720,151.22314453125
4721,6.19084155212502
4722,3.9592464182858227
4723,6.474969863891602
4724,80.23933029174805
4725,173.35557556152344
4726,3.6017266662882177
4727,285.12890625
4728,225.84097290039062
4729,3.97751949991196
4730,194.61238861083984
4731,94.9861068725586
4732,-25.458056449890137
4733,5.47262223846705
4734,6.222970962524414
4735,5.712114095687866
4736,3.2018029822681386
4737,74.91139602661133
4738,3.512416362762451
4739,166.1349105834961
4740,306.2375793457031
4741,4.884399652481079
4742,104.35086059570312
4743,5.918231725692749
4744,248.00444793701172
4745,58.105934143066406
4746,4.246214866638184
4747,2.9469723187203525
4748,3.1915870904922485
4749,5.754501581192017
4750,5.726416001180729
4751,3.9734965562820435
4752,88.36281967163086
4753,138.23845672607422
4754,143.44705963134766
4755,4.179596274481916
4756,1.9885719673951079
4757,3.6760542392730713
4758,65.73432159423828
4759,112.71330642700195
4760,4.634221792221069
4761,3.2140121459960938
4762,182.53186798095703
4763,198.82516479492188
4764,2.6643588542938232
4765,333.0115966796875
4766,33.411049365997314
4767,42.53409767150879
4768,30.60378932952881
4769,-41.42714881896973
4770,21.05210542678833
4771,33.3188362121582
4772,4.1045403480529785
4773,4.20848822593689
4774,146.40846252441406
4775,2.1523762890883256
4776,2.920908808708191
4777,164.51043701171875
4778,5.166269809328597
4779,28.818625450134277
4780,2.182758331298828
4781,68.56955909729004
4782,4.6198570728302
4783,4.09645755148863
4784,2.634385824203491
4785,39.02523899078369
4786,74.63548851013184
4787,5.58356785774231
4788,3.6779321432113647
4789,3.4199126958847046
4790,131.00025177001953
4791,207.18948364257812
4792,4.417913198471069
4793,170.46810150146484
4794,63.88040733337402
4795,246.89794158935547
4796,3.2155818939208984
4797,149.5898895263672
4798,5.907880067825317
4799,4.110188827378936
4800,328.88792419433594
4801,3.588811755180359
4802,4.811339855194092
4803,269.1752471923828
4804,1.7298768704557357
4805,253.8414306640625
4806,4.429998874664307
4807,3.1321637630462646
4808,64.5407485961914
4809,92.5570297241211
4810,1.6928530604862289
4811,2.128535219245975
4812,5.225572733372362
4813,271.8247985839844
4814,231.2640838623047
4815,2.9293153165823442
4816,2.70520595347935
4817,6.086013078689575
4818,1.6885066019231187
4819,82.85975646972656
4820,2.579640746116638
4821,195.45762634277344
4822,123.8695068359375
4823,4.964412689208984
4824,2.941712737083435
4825,227.43968963623047
4826,4.741622287489037
4827,5.859418630599976
4828,213.4776840209961
4829,124.26517486572266
4830,117.35626602172852
4831,181.42066955566406
4832,7.003793579215888
4833,3.5650959298739995
4834,104.0853385925293
4835,3.848892839560831
4836,6.372364044189453
4837,199.5599594116211
4838,33.34290313720703
4839,311.305419921875
4840,3.472124934196472
4841,155.43875122070312
4842,20.487709045410156
4843,2.363700032234192
4844,4.126697063446045
4845,4.749858379364014
4846,7.0657766215696824
4847,3.9987439250495127
4848,2.4254881143569946
4849,5.2435362339019775
4850,6.780586004257202
4851,5.6575703620910645
4852,102.30787658691406
4853,276.52284240722656
4854,3.0619894553080953
4855,3.3324722051620483
4856,161.66143798828125
4857,218.59961700439453
4858,297.4700622558594
4859,127.15201950073242
4860,244.24561309814453
4861,23.498430728912354
4862,126.69658279418945
4863,6.915206859157177
4864,6.032303333282471
4865,1.8968820977466205
4866,0.9819334769769702
4867,3.4604714078578196
4868,67.92525863647461
4869,1.1385754545944589
4870,105.0135383605957
4871,6.785083342074525
4872,2.2623491672891434
4873,295.9935760498047
4874,-4.656511306762695
4875,3.3525055646896362
4876,198.43563079833984
4877,6.366312715972707
4878,94.09858322143555
4879,73.65538024902344
4880,5.92417311668396
4881,6.17748761177063
4882,15.032183408737183
4883,1.8265157563037533
4884,96.73493194580078
4885,-56.277177810668945
4886,265.94461822509766
4887,4.969383980449472
4888,283.8843078613281
4889,28.5947265625
4890,236.98426818847656
4891,138.29560089111328
4892,1.8173837527865737
4893,5.821922540664673
4894,102.51398849487305
4895,6.5579001903533936
4896,5.87942099571228
4897,6.326000690460205
4898,6.323801517486572
4899,202.57347106933594
4900,2.541352391242981
4901,254.28240203857422
4902,4.363152937244604
4903,131.59863662719727
4904,386.0396270751953
4905,88.5857162475586
4906,157.34808349609375
4907,174.31612396240234
4908,4.6291563510894775
4909,132.15910720825195
4910,175.53977966308594
4911,92.94385147094727
4912,5.585318565368652
4913,224.74633026123047
4914,181.37915802001953
4915,3.9237728118896484
4916,4.624360799789429
4917,6.303033351898193
4918,2.9781140089035034
4919,50.830142974853516
4920,2.041516672464281
4921,5.399641036987305
4922,178.590576171875
4923,217.6282730102539
4924,5.960077524185181
4925,2.5245591635072135
4926,1.3035356437233814
4927,5.90418815612793
4928,3.005006194114685
4929,89.01068878173828
4930,93.19468688964844
4931,2.7628660202026367
4932,5.695491552352905
4933,259.8313751220703
4934,-61.94868087768555
4935,61.54272270202637
4936,248.28070831298828
4937,32.4902229309082
4938,79.93667984008789
4939,59.773921966552734
4940,3.765244483947754
