id,target
1,4.134955378242177
2,2.3958075345991956
3,323.51956308286356
4,-53.884801783472284
5,4.109747663525025
6,6.657233646955851
7,5.529457789297487
8,73.39714556933627
9,81.28854281992486
10,55.75835854948304
11,43.04394266372136
12,-11.678341702383124
13,257.84346029308284
14,196.80486170484815
15,3.918208587331976
16,289.1240176239014
17,3.2943299125152645
18,97.26376529197024
19,2.5249640727891944
20,6.629201224600802
21,-55.880452440129034
22,54.76668988808372
23,3.871458368406285
24,2.7003356067913957
25,33.081290364497704
26,83.88652328378997
27,1.2292685867253446
28,165.40673037514676
29,43.266170496909936
30,3.5544311715931944
31,6.263139723194707
32,30.647142393177617
33,54.8362153644387
34,3.8426566963050273
35,2.400465561436556
36,6.465633233289935
37,261.04493345197795
38,240.2644996343843
39,59.776348514179865
40,134.21191052413627
41,-55.35730357176038
42,2.7012417714686476
43,5.788437587604182
44,4.5621570179741155
45,130.7233446193234
46,59.677000914048776
47,2.666583741472988
48,-90.08164105680021
49,3.9515517612267193
50,1.8196569905236784
51,271.51980532735837
52,3.14346489704742
53,2.400134929698337
54,86.16785669394548
55,2.893382821470409
56,4.326468849868499
57,5.635083360069495
58,160.93307347532857
59,243.4672194515448
60,6.765137674654531
61,2.275117381856197
62,234.52280379844615
63,6.618720697937279
64,2.6640551905215215
65,2.3414099148031995
66,4.63870233452364
67,5.264523635607635
68,211.63224439905397
69,148.23933344864918
70,1.8898486741039595
71,2.3566907401426853
72,2.3000787546412376
73,29.62647710144864
74,251.47957406766798
75,185.6555215036533
76,6.059101449907237
77,5.828444588080636
78,138.45883063351056
79,261.3260206069746
80,3.69110918930074
81,38.349042765678504
82,4.523981432770523
83,188.60810142202678
84,37.043216313035295
85,-6.214613337449165
86,2.2856321630177625
87,69.81759060317496
88,176.77444162137135
89,6.0159492641288175
90,5.256042272152828
91,50.35566028623647
92,79.60670429798333
93,18.354440685385363
94,5.248657966610653
95,3.936986415924178
96,3.028309530755513
97,7.201865702579287
98,218.64120482957836
99,88.64908931844994
100,278.8352800349814
101,5.644163271689844
102,261.77335406289524
103,3.1661420879879474
104,6.341532353026086
105,129.00746623719363
106,7.89323498014433
107,272.11478832174106
108,2.600851518980839
109,185.2660949650483
110,3.146322084250603
111,62.343278405355385
112,2.1298023074340127
113,213.96965221939328
114,6.372182569988716
115,5.424910009907957
116,406.4510788180953
117,221.0883257605217
118,148.27646461675477
119,243.50409220697293
120,319.7720215433027
121,156.69326246013156
122,3.5857328778493143
123,109.8537494727876
124,260.50746347183355
125,142.70204230949582
126,6.2808098485954655
127,134.0815312039619
128,4.107723110152461
129,236.38148407620872
130,89.016986318119
131,59.8773724293996
132,6.951429637477301
133,-61.64731519439732
134,302.0638138945435
135,5.884918181129429
136,1.9661935607237344
137,133.8343800937726
138,5.8582872200793545
139,207.70683815170818
140,296.0634732817651
141,49.208524044638274
142,-0.05856184512613574
143,69.08265503358155
144,25.60114000566227
145,6.421302977457135
146,170.83343078461627
147,226.12571831955702
148,2.1378679295794902
149,200.31049380113956
150,61.826211857585236
151,279.02513189184083
152,268.573380621895
153,172.64047306283
154,31.808075327032316
155,4.280872276178665
156,224.55953899692426
157,131.23262986398052
158,121.93316208793428
159,140.19921862331248
160,6.310108931560189
161,43.05352081816567
162,4.6489501368036
163,266.76335892718544
164,3.088290867272079
165,63.98879645299473
166,213.81533793243284
167,330.89104022843327
168,7.028154427588757
169,1.9547672949166817
170,251.49347025032085
171,2.9782984320044026
172,4.29379392619113
173,-21.502789787616315
174,4.129091830086507
175,5.6076520156612295
176,128.57369760918252
177,75.81333554907037
178,328.0853976454895
179,142.98630864252632
180,225.3637062073832
181,7.086312852238057
182,2.3707928786638104
183,304.5248917179082
184,6.881141557781087
185,1.587458055110983
186,3.642598705846062
187,3.019118859024557
188,4.002155630427796
189,76.89239380948058
190,4.339660284234633
191,2.3181994690419785
192,29.719140551174277
193,3.121518065136933
194,334.34473974508205
195,85.38598260774981
196,271.55456957195713
197,149.25754018811276
198,231.07781259016735
199,66.71559853027823
200,1.8893678541846999
201,3.2725597673635036
202,86.38904553104399
203,37.68362946920515
204,4.333488376100982
205,263.63768815957496
206,47.21506140357375
207,241.68754628182313
208,154.30109671360208
209,62.50743448056503
210,180.37377898341867
211,48.89900077634022
212,95.90494351254124
213,252.14295211786373
214,79.40986098013869
215,10.361039042037197
216,171.36119099759657
217,75.52164367736637
218,184.62596634061677
219,209.76054312532983
220,6.233320697624826
221,216.7472570373531
222,162.17695627343903
223,2.859547190974525
224,197.2539339027274
225,256.5488410010571
226,208.23897207773223
227,50.792737528992944
228,265.93511743256363
229,270.00418748933856
230,1.5608748079951382
231,218.9152789004777
232,42.418268745322706
233,55.31137953314411
234,247.99051705765348
235,110.07911612000271
236,2.0868673151118267
237,6.623014555591605
238,35.20345509889621
239,6.226026053878854
240,181.29209243996488
241,318.31289918005064
242,231.71536518318015
243,4.130587819113966
244,3.7885561891521298
245,43.06891681102398
246,124.35803273136236
247,116.1846224566618
248,5.345233258282898
249,5.860878697360621
250,56.37707561963207
251,64.29047359653606
252,214.1905708466498
253,7.437393395079756
254,173.75260366936902
255,-54.713324186105595
256,6.640047977560879
257,2.109894495823539
258,82.70912292432698
259,263.5891345959125
260,2.111416277951745
261,5.66129811917427
262,6.317548218751169
263,-32.24291263857736
264,3.650545675595639
265,3.644154991657512
266,1.9771907252997334
267,4.065256309226517
268,1.4438131859759087
269,204.4997502796131
270,3.0506022150075376
271,142.31036574031356
272,127.70439419131174
273,4.639051259965803
274,4.668256900788086
275,320.97508055881156
276,186.86418703592472
277,216.03582886802388
278,-61.20493867716989
279,4.465657147878471
280,199.2605076542253
281,5.195741620518745
282,152.04238576971957
283,236.88739719057435
284,144.74354175468778
285,249.55390903548397
286,147.59419366820995
287,233.99220649049124
288,6.3765812238704696
289,135.93232610040533
290,4.796839047369188
291,118.74963357134226
292,3.8738813275372586
293,83.56407956409547
294,98.1343428881419
295,5.396784262283273
296,123.5346441255709
297,38.510950310510694
298,-53.03419577944527
299,217.38783566783567
300,5.79251387472979
301,3.986101279594526
302,4.997022497943654
303,4.420454300303449
304,3.9616325071367995
305,4.841673013106626
306,218.45431280615549
307,2.9553617664157494
308,3.089858624901562
309,123.58308681792849
310,2.017500822584854
311,2.057940689655619
312,3.4895468273161483
313,127.08226208646789
314,4.053913683623664
315,-0.018236872771380315
316,2.29011301129058
317,4.667388045853707
318,3.7962114066120956
319,61.885546612381866
320,1.882491786948608
321,6.275555363042034
322,2.711415139533772
323,1.8099417374555937
324,2.2297450373598413
325,3.419254468507444
326,4.8805923569267
327,49.9575816690507
328,4.610984353180291
329,113.14280485938711
330,59.33856390093084
331,11.904914971442274
332,5.626081626151329
333,3.2164674192410283
334,6.76922798285389
335,141.54365291025442
336,3.928526315066604
337,2.349766496461449
338,137.1573307158492
339,32.86937498383612
340,295.46038634705303
341,127.48512351472297
342,72.46455152528951
343,3.3594058184473
344,2.7225877930077997
345,123.96233117867445
346,2.8768178992449647
347,5.204736487549957
348,47.36494416686004
349,-47.559687743142206
350,125.39325467765343
351,246.31447438511196
352,27.586006180093165
353,1.0982967498165999
354,5.911976431472603
355,305.7072436865161
356,218.04714996832934
357,3.0933790769249643
358,10.088395333038312
359,4.283958513483454
360,148.4945655359521
361,4.5026774305747725
362,5.54604975898097
363,5.255621188293563
364,4.362394867443532
365,5.365783410384582
366,71.67274650550081
367,4.781058108601144
368,250.7228578305211
369,5.23781270511752
370,-24.952234399083636
371,255.23889648569227
372,69.20469687480482
373,169.9509392863967
374,8.077845997777171
375,106.52881623289332
376,2.8942767406011916
377,2.8594603724991035
378,3.9988501176705533
379,3.5665755265590287
380,0.7044373731851978
381,5.9545535785087615
382,6.857136167175577
383,139.42113430215795
384,1.7987281198841476
385,3.8244445206200663
386,282.82510581278643
387,2.4377220133052897
388,4.1644794474393425
389,69.22370806563316
390,5.365009064640278
391,164.885791896928
392,6.3029257488593515
393,3.91407736242988
394,311.0523978700733
395,184.4084363538645
396,2.5962240042130764
397,1.7904642205316594
398,6.185100652076706
399,196.08568469108678
400,252.3866396175365
401,1.6276254890600392
402,6.455775005663067
403,5.993516689118267
404,5.806496160742292
405,13.02649369088772
406,7.252750267588196
407,-65.66454888728993
408,4.268117053525009
409,2.7895385500549033
410,3.6589096056882644
411,2.238784463460222
412,-3.7130764766878244
413,345.6949969339021
414,5.905206168454349
415,50.392148535878384
416,3.3143807830980694
417,6.7669625312158805
418,5.236732623001682
419,5.561153085231577
420,4.380511965892222
421,146.65299167111917
422,172.05196554158567
423,147.4315689555383
424,155.31730424637175
425,5.772582304610783
426,242.55935524450607
427,3.569561290304753
428,201.9614655753502
429,2.788845128145247
430,4.585278119336334
431,260.03774877502144
432,151.0493504629627
433,12.967882173757033
434,6.2904111561654465
435,55.85192195218855
436,263.5546100653269
437,232.67121647072463
438,158.51381897384022
439,5.872867819239005
440,257.5661118345433
441,229.9615300703768
442,115.80224180393142
443,317.45840423307504
444,5.649947739410841
445,6.284521960772137
446,66.09611212163418
447,1.4052880637308478
448,6.255444419240353
449,311.21026868357234
450,275.9928003685273
451,155.19553673684456
452,234.23350478037227
453,1.8841569890361913
454,4.798169210132331
455,142.46832846841548
456,2.850424296784782
457,4.75871370762302
458,268.75097723805226
459,64.47609137610556
460,22.569710034142858
461,121.381571622323
462,6.617092916539759
463,183.75017839476516
464,5.280158766313395
465,139.40263934080707
466,58.54185393143321
467,2.0016516544094447
468,5.6348997995981485
469,39.657488460658335
470,29.512836507223646
471,1.7840799107990333
472,1.8591680721294632
473,36.733669181906905
474,6.033753859304199
475,107.43346766990794
476,6.501742451727489
477,2.1221352888125216
478,4.362622172399054
479,207.70510318703094
480,4.434940535431707
481,6.218032960119556
482,206.22848958806125
483,1.7679387386656702
484,220.3982663418388
485,109.70724567252915
486,4.314268043236792
487,2.295798481015501
488,210.0561858572952
489,2.5841487398340237
490,4.516777476681298
491,6.836292167360281
492,3.786724898234808
493,4.0112933225919445
494,228.23378951285594
495,5.81757777859106
496,105.78582879052678
497,6.394071825735457
498,5.696741240748014
499,5.793122990775295
500,6.147103841591541
501,3.1551666491371213
502,328.7269763054004
503,96.0053058015767
504,-8.084366749869014
505,1.8380026617991867
506,6.329268689370286
507,332.23627992404585
508,70.35438595314714
509,273.7641443195598
510,4.103670896241821
511,123.73459901951318
512,208.06867626303597
513,224.40345316648245
514,335.44795249068034
515,302.92934291731916
516,226.25279385123952
517,277.70872609246464
518,7.2153052161517195
519,42.24316869030819
520,317.6515105128031
521,1.5936531821887159
522,3.7360476313052944
523,202.9730909305443
524,4.348959798828285
525,162.1548551909335
526,5.820677688030924
527,4.57415045802987
528,4.2140071875639675
529,6.417443531327953
530,263.5749677843144
531,99.805551456887
532,3.7021748967158423
533,133.3914786090845
534,4.357893624088942
535,6.957770550581006
536,5.893301748136592
537,1.465625254774931
538,5.043503369317104
539,277.5837141490954
540,268.5808644112377
541,252.79750002529238
542,71.62169424415579
543,80.74206107359538
544,5.420491995410758
545,3.951257425103426
546,3.569764045783576
547,2.0252089094059724
548,335.5435055538247
549,5.7257329969506525
550,246.59122092205547
551,5.77993354718671
552,118.37002765997514
553,3.992654751253358
554,86.42340675846529
555,106.14823424773536
556,246.6712510369555
557,207.48414787921
558,4.934474661025386
559,6.550456722277679
560,171.61870892385167
561,117.35283916674497
562,156.5944332204864
563,3.0565966305007732
564,30.85709804039888
565,163.33997287621207
566,2.5880251286899187
567,46.17588849009336
568,106.12811345815216
569,311.6305553236835
570,3.5311703131013363
571,202.0893744007753
572,3.40157930288628
573,90.3607779981136
574,94.7418047946415
575,7.464943716906863
576,1.8560695921127137
577,3.0572118450687973
578,171.43963882918513
579,15.11202497271205
580,276.85438395189715
581,55.093002845539296
582,73.45125456214322
583,5.645596472561916
584,3.222164069702101
585,151.33617376384242
586,4.8563870138466205
587,213.51581716115916
588,3.0191257017809834
589,189.69381681906208
590,277.0425221543416
591,146.5898009093713
592,6.986345480507251
593,253.2889932944493
594,285.6403259439961
595,21.61893010002525
596,5.057355136020362
597,129.31924103245902
598,2.3264100971371238
599,85.15081750690644
600,180.5350371732335
601,143.11397988626413
602,20.848457697681287
603,2.031964952671105
604,243.175253627167
605,2.6602005750476407
606,2.3233035584470723
607,6.74938425729785
608,42.90715527147698
609,261.6415563437002
610,30.901365382022767
611,70.13780572837355
612,1.0304835382415078
613,24.148543878393138
614,54.31922167907206
615,1.9253035277362582
616,181.38877110646854
617,-60.6718988486329
618,226.48376866737158
619,4.848788060849242
620,5.450061968791855
621,184.61790636525978
622,99.9459055121946
623,181.69886079243872
624,199.52646176860472
625,2.4503343083808846
626,1.9756502398065034
627,81.50499218697665
628,4.379427798642892
629,224.20099616550357
630,4.497851170582718
631,2.1469795024041116
632,203.59666964469903
633,128.41560651905016
634,227.94247027433613
635,2.520467672202808
636,109.26591200601314
637,98.49159108625895
638,6.8276896098973285
639,22.053455097065097
640,126.30656510164272
641,6.717935728275901
642,2.992540449234742
643,297.8939644097375
644,3.512285876523614
645,95.10893811224129
646,76.42599101064991
647,184.743372133472
648,243.44231531137532
649,383.65436230690864
650,327.66974786064395
651,108.01528811655918
652,41.081317768096106
653,3.1543457783504345
654,190.5747953158952
655,-17.462333798817298
656,180.03083086733562
657,150.22059506473084
658,301.80018666674
659,1.8486716266283802
660,124.18023598781289
661,4.025749298349068
662,135.92611851976682
663,3.7407055526370447
664,-40.14054480859579
665,90.47812864816886
666,134.2072081884934
667,230.54924572639501
668,335.5091212180199
669,105.77906403832057
670,213.24054900244565
671,112.82732351494519
672,82.18914532144512
673,4.208753397638738
674,5.666209362856524
675,5.9138277168343
676,5.6318416475322906
677,22.473965466149217
678,166.41098653970357
679,5.1140233262299635
680,3.2838444724182314
681,1.9252616577007613
682,93.4182569357107
683,5.813713322643658
684,184.8165675831885
685,206.81084130775469
686,5.821577335859409
687,372.085124694304
688,71.9948500856384
689,98.1883157175294
690,339.72609173532436
691,3.863752458057746
692,69.22134968440263
693,5.298139891256447
694,8.020359756396806
695,21.25757203265534
696,311.2103383470015
697,0.8965385761447462
698,236.6712729067163
699,1.7290698504591333
700,249.96820917663118
701,3.64090454617401
702,3.701516945977751
703,60.63780844966867
704,78.5049180381885
705,149.17707378328234
706,178.722049491585
707,170.06207997477154
708,61.108844651504846
709,88.24787534968362
710,215.0605479858844
711,243.5622892708298
712,6.3318624081298935
713,22.68956815524978
714,6.688761598575066
715,257.25588526535284
716,3.182924883914078
717,89.07487591513858
718,359.8771484048452
719,215.05140432241544
720,4.95936680650696
721,149.77499919908183
722,2.036491732900105
723,6.852548323015146
724,2.243908542874765
725,2.095676775801077
726,111.83017567417326
727,239.28765831852968
728,66.39002749020823
729,62.61608703950165
730,62.918885178452115
731,289.9609455985658
732,4.59657001002948
733,6.4999012866642545
734,23.55964354574652
735,257.7393213314224
736,44.11493764316418
737,46.80839935805365
738,118.37864158727567
739,314.64305658889725
740,135.89642076332547
741,-2.222067877141911
742,284.92993187109516
743,107.27668703247069
744,1.8073592829854113
745,278.2012708627577
746,175.0834080106472
747,4.195780636383509
748,62.7784802826507
749,65.77597655688221
750,197.1520407739073
751,52.0418401596526
752,254.1295746563362
753,1.9462931316486305
754,245.91603939646066
755,6.408264492807028
756,5.922907781707297
757,214.45369661874116
758,2.2543524519940843
759,58.60903946340693
760,14.501872120570418
761,195.88558329397546
762,5.2806276001297
763,2.1485489579712125
764,68.57203429263893
765,4.46259773562346
766,31.45958551260642
767,1.2999665988051858
768,5.02261675326974
769,5.947150657093516
770,1.8978680801128844
771,256.1788875869639
772,64.74293160792057
773,124.3564889824166
774,-29.391465193661244
775,19.1915270135959
776,4.190540917259837
777,219.50233153921147
778,4.432377588299519
779,153.70383956948137
780,75.22362953988501
781,304.9963427869426
782,3.5154180948258613
783,48.558261606280695
784,2.719969981325776
785,50.26646436306943
786,121.99189665704944
787,5.58231567652932
788,1.8790027453505875
789,165.75629665633772
790,90.47318565882347
791,-16.73713183003402
792,119.92531957104717
793,-68.14305313861433
794,334.32793557754655
795,-60.68725034358299
796,102.95893236971037
797,3.6844860945707207
798,53.864438798725445
799,3.1804274921184756
800,5.859760237824528
801,206.50377295819513
802,85.51131409527574
803,157.160221446221
804,6.53497184145811
805,2.131754631235011
806,164.94242538847516
807,2.5355823768379686
808,79.39931750916155
809,1.5761284298454523
810,48.0165467415587
811,257.0876464741673
812,88.40219797669224
813,266.22987646585506
814,5.905199976230908
815,4.455875142203588
816,6.930458351572991
817,2.6753346135550964
818,0.6826590445638135
819,5.531049640237866
820,81.791134122536
821,5.5812710287143155
822,2.071020817972468
823,36.236173342531934
824,77.50608135378849
825,7.402353850689598
826,69.56487741471808
827,4.2366546827911185
828,6.029655513605471
829,41.478368639095045
830,183.5593060214212
831,108.97384634822308
832,6.049448801611108
833,267.41416565703844
834,200.47194520929514
835,142.4662245463176
836,2.3526852586107982
837,70.30576005286996
838,159.44013107954376
839,6.003635530391605
840,187.31141033761486
841,138.86195613640123
842,65.92328358827399
843,2.5517681687319786
844,3.389617139438455
845,5.340634359248547
846,6.1653984810729465
847,5.556621280317552
848,151.4913345244077
849,6.671518561698582
850,79.8540259003784
851,22.303581774788448
852,15.287438012715807
853,85.96592989076281
854,11.904916127469647
855,6.965780922281869
856,238.92184655414297
857,84.04743503547795
858,53.677880391627056
859,225.66450549691416
860,2.1084051997698676
861,3.4222803214791324
862,2.8467869113661552
863,108.5837669012353
864,252.48146158809232
865,277.51029937521145
866,224.97893912455774
867,5.623885134301368
868,118.09502786381883
869,150.73984002824713
870,131.1170218383632
871,155.05028198705233
872,144.10346131641967
873,2.8869096618389554
874,69.22848928197571
875,6.5944829410078984
876,105.01209469297001
877,38.418256577936134
878,110.34339031806087
879,5.135451182677707
880,6.726744756653227
881,154.25808591096109
882,5.8075326368916835
883,252.221522472887
884,5.918882903756983
885,170.04793611416687
886,54.77626847407061
887,2.2921058184479586
888,2.162827608781279
889,234.51776757649432
890,3.8976559571389213
891,2.907537975808803
892,53.35279104179723
893,5.054219030347034
894,-14.520141189940908
895,3.6572916863983327
896,223.11722039603637
897,2.511680330361714
898,216.17364477663756
899,-52.334423242946286
900,236.10868566324987
901,3.836735229037937
902,186.31858870035782
903,5.351848567020308
904,130.3725604820553
905,1.920121133271923
906,0.6497928603140803
907,208.15647399917043
908,48.39190308275991
909,89.55667188258175
910,2.3933574058656095
911,6.650651157083844
912,269.27551663347805
913,170.842723657357
914,301.0131766695547
915,84.67796447446165
916,128.26917945355962
917,-14.220962221273652
918,2.450069609877378
919,2.9251709035834557
920,389.00857452637854
921,149.01699336143864
922,188.79876810184203
923,2.469317322713064
924,86.14576100475504
925,185.01524295732506
926,51.30105849399648
927,64.63171049748222
928,5.191128453863589
929,58.770424084637185
930,35.399816181479764
931,227.20452177053818
932,181.173976766391
933,5.328881521771736
934,2.1016409756259713
935,180.42521681114903
936,64.96490141477645
937,3.604266518818026
938,4.629797665275739
939,132.32064215545276
940,1.269894124190498
941,5.703258944804519
942,4.8477050447504615
943,107.59664351215073
944,4.093972806929295
945,2.034940887127486
946,66.1507528521052
947,41.300833784964404
948,71.06819960843744
949,247.60762449647657
950,365.99661199818775
951,11.469174398846778
952,-16.452911465521023
953,6.530726097250015
954,253.23628407438002
955,197.96781215774905
956,151.56972619933478
957,2.3206394598964164
958,3.06354178516057
959,183.9625879483287
960,62.78206487862518
961,169.79250235999916
962,3.091623324170791
963,6.367002323726076
964,5.090126368331482
965,7.076190010543852
966,4.020285005920797
967,33.889543695743036
968,176.94390591365692
969,180.16322629402526
970,6.395785747681213
971,363.1766399454657
972,5.556771776230566
973,106.46972690963298
974,5.4797388234159
975,4.3373293740027625
976,5.34357604189688
977,180.58893443597245
978,303.44122600991375
979,2.2882834679756963
980,1.8241739431260555
981,-19.702631251831967
982,46.67653212934931
983,296.7835993233487
984,320.3261292924511
985,265.460982351325
986,100.2287390253039
987,3.3466374046480496
988,240.81669302485528
989,332.36934001481245
990,80.18376235655265
991,4.048987127849191
992,281.7048238725663
993,186.26761700636433
994,3.111198874696646
995,-7.62068238770639
996,7.595351402242068
997,2.1005463727894313
998,44.640561578454545
999,96.01279617504103
1000,-21.602277627180598
1001,288.2152622757403
1002,172.99681549386258
1003,5.685858094013332
1004,1.2029173311867871
1005,1.7723437135659263
1006,3.661193985360031
1007,161.36433902495668
1008,2.009978734261849
1009,6.643666335100766
1010,9.8169359380053
1011,266.4336714876764
1012,24.135864373000167
1013,207.1631839259532
1014,66.38833990514084
1015,234.9013229168441
1016,6.455812948145365
1017,5.2586251256549215
1018,3.169802567498132
1019,6.316402354565643
1020,4.281946033723312
1021,134.0530361961957
1022,76.95550782931434
1023,183.40183123459735
1024,162.96096832332665
1025,5.297425002941912
1026,3.565920456413057
1027,4.935718500932502
1028,81.12678057213294
1029,3.7917608322060596
1030,31.801304812971445
1031,268.0409171211024
1032,2.978061521770381
1033,2.667087584055072
1034,229.5085610373195
1035,1.4142406311261455
1036,240.19341688776927
1037,6.792345410312471
1038,42.80780553698845
1039,3.5110963018524224
1040,-11.776802617176974
1041,2.8779334233025313
1042,3.7010141538231496
1043,3.8517023321026524
1044,328.78872663794675
1045,123.86255379667749
1046,38.99911021924346
1047,225.0068012740439
1048,1.8053686231444344
1049,2.868111664266551
1050,5.955446304987896
1051,88.4125151778303
1052,169.93050438822848
1053,254.4171152212886
1054,6.303773376666918
1055,21.02505878233706
1056,33.16831927334487
1057,4.4018684322966735
1058,2.7899195795884726
1059,2.9571006472265817
1060,120.64677533745152
1061,3.066990181496537
1062,5.883466442934541
1063,309.19408701282816
1064,229.31803475704933
1065,82.70722975285136
1066,251.45693670336075
1067,267.86767536999713
1068,5.341000441411241
1069,4.461079414315798
1070,329.0944333061867
1071,176.05992221496876
1072,5.157007213367896
1073,3.508633822218366
1074,6.25538255496531
1075,4.9815178293257105
1076,289.085240539313
1077,6.258697212460222
1078,158.2643848803198
1079,2.6229808474878054
1080,2.397402833840659
1081,5.950155054972824
1082,4.161145352885961
1083,3.6070778767457097
1084,6.218458359427503
1085,117.63562433179729
1086,170.7201210331155
1087,71.46610184602035
1088,279.6629369476647
1089,8.555710737262618
1090,119.95180185849728
1091,268.24802156331924
1092,5.690057267961384
1093,3.8002991073776826
1094,6.64227137136707
1095,3.2116425524033323
1096,2.133537381624814
1097,4.562065254872273
1098,75.94044666365039
1099,115.84144362367624
1100,5.671217323121168
1101,4.618888044132422
1102,5.9768538307181664
1103,265.2539304085547
1104,4.732543609974439
1105,121.07481687816505
1106,4.988042428953751
1107,6.203124840639127
1108,18.51481108981517
1109,105.96892518164542
1110,83.03371316897656
1111,3.2395817247259724
1112,216.33719316804445
1113,2.720885615489651
1114,167.55451150868367
1115,-32.153653220069074
1116,5.4119379311892954
1117,294.97209484615774
1118,279.2296865725004
1119,4.6231665796123025
1120,52.822011237263155
1121,25.284254794252437
1122,234.4142962750824
1123,3.4672064364627806
1124,189.21086291499978
1125,2.8703586976135673
1126,77.34059730025989
1127,6.444162564014645
1128,-37.2504446610782
1129,193.04365377290225
1130,6.239860787017305
1131,42.83228921631356
1132,3.5514187895256217
1133,-75.71264808379718
1134,206.40155644313484
1135,207.18862930440295
1136,-48.28814391644005
1137,4.093868049404677
1138,61.300465413560396
1139,119.28388464946738
1140,115.68247789019402
1141,204.44936254402913
1142,137.15617121052605
1143,33.93427159253542
1144,-48.977052046693586
1145,111.11332388167743
1146,39.96855782697829
1147,4.2920599747079615
1148,104.69242496509786
1149,40.93252095411786
1150,4.109952900464488
1151,1.2340831557245708
1152,4.064608547679884
1153,4.228538561694173
1154,33.981311782705205
1155,173.79411995572175
1156,6.705679465818893
1157,90.47310625495348
1158,192.91965368302095
1159,130.70383530362426
1160,112.27474939004622
1161,1.7205453163694688
1162,5.542203249812405
1163,5.436580442350568
1164,4.9640731749835965
1165,212.8131916162718
1166,54.69207388487199
1167,-9.072902405159091
1168,4.791207969517195
1169,174.10634199079294
1170,4.836896760896705
1171,4.101996286809119
1172,-20.795129799150132
1173,3.9065429130646483
1174,183.11647263300773
1175,-59.18696408288652
1176,242.424251300961
1177,2.0213329530560245
1178,144.5768162711138
1179,2.31289271541487
1180,2.2130973496114366
1181,2.1537839940117873
1182,140.16494639604602
1183,7.168952831251807
1184,3.782345993668639
1185,279.01074383978863
1186,123.53754932811808
1187,3.984904967081676
1188,2.8786910829125105
1189,162.47031190313393
1190,3.5904942838373284
1191,3.3484300570800256
1192,4.910799072747735
1193,146.0056550420211
1194,5.717489018353023
1195,2.255316524087916
1196,262.501225695242
1197,82.04822266451808
1198,2.829037187762114
1199,269.656385753982
1200,51.431300750141276
1201,246.5653799517308
1202,62.974846567824414
1203,3.3740423747898225
1204,162.32943201765966
1205,1.8058815202088265
1206,163.7795541710738
1207,121.40361985067759
1208,198.26849093024077
1209,253.20916969074207
1210,206.51823287950057
1211,234.7399082240178
1212,5.937820240199046
1213,3.7895081823015726
1214,202.28072015915438
1215,93.30134231496068
1216,237.78922613403026
1217,189.88881396237232
1218,-54.1364959712656
1219,6.1925018135657375
1220,5.864701354376885
1221,260.3498497468912
1222,5.923424310110532
1223,2.4745447623456243
1224,2.970337450630053
1225,109.07505148995267
1226,1.2843734499190849
1227,4.7949663302379015
1228,1.9378497010058313
1229,39.37915948269219
1230,102.12802957443623
1231,241.60297356867818
1232,1.7928152750726787
1233,-9.200561061251328
1234,2.7197732280398066
1235,19.177350779521017
1236,260.83387554823815
1237,3.742559947426499
1238,2.541460370308502
1239,1.3950294224688877
1240,51.07073637495212
1241,2.138587860244334
1242,4.622996673828025
1243,4.877521703312692
1244,188.1309012062136
1245,4.144866379527575
1246,268.4869635630879
1247,5.579516817766435
1248,103.93525402771496
1249,162.74052752534914
1250,7.7307908411543815
1251,33.43925842766583
1252,5.937872003439136
1253,3.89146183931494
1254,4.068561780174121
1255,32.53481997435078
1256,81.54835860417589
1257,151.2047965620598
1258,260.87191843978707
1259,46.0110697217242
1260,260.74365953175544
1261,5.822977924475331
1262,5.535209723490846
1263,230.68355919068702
1264,2.7261594559363735
1265,18.91852593215633
1266,124.99191712554449
1267,2.1809310091016116
1268,6.1115607319724345
1269,275.61870329840497
1270,-58.26479942040841
1271,263.52387975797336
1272,51.27501088521805
1273,16.22947050334578
1274,217.81724327906875
1275,209.19012690420047
1276,37.90887560523232
1277,4.383847253545964
1278,1.5930789496703062
1279,4.094275681105095
1280,-56.4495518958326
1281,3.3995169403430507
1282,110.29346229329477
1283,168.7283040662639
1284,2.643362536528235
1285,-55.24677760491713
1286,2.9266793690059614
1287,48.63428496991759
1288,110.52602484823919
1289,3.9671883884389114
1290,212.39263770088814
1291,3.4891379488467438
1292,37.17838038041316
1293,102.93044841642093
1294,260.249894154488
1295,189.04430317163036
1296,6.172232645153589
1297,50.96679241383897
1298,6.324179146690989
1299,6.309760134470142
1300,180.6281792222361
1301,255.340366306032
1302,218.10293435888553
1303,6.050787050347889
1304,3.7624850606471356
1305,5.028886370754019
1306,52.976155007465735
1307,146.60643237980537
1308,1.8425470081365618
1309,4.5781781163629605
1310,344.63201195856595
1311,2.5782131272535858
1312,7.709644732816613
1313,40.42869489273285
1314,142.7459095277884
1315,219.9002047022889
1316,259.7192267801116
1317,73.1006146589321
1318,2.2169141623964004
1319,214.91863390309206
1320,260.238516658128
1321,15.257583323000738
1322,51.279722285625844
1323,260.23994195093286
1324,245.6689528286013
1325,45.884519673861604
1326,55.762781119965936
1327,248.65869908836262
1328,2.7739304063745487
1329,5.959926586747721
1330,123.59870018088237
1331,-9.859560084188859
1332,289.4446926235484
1333,1.8334869979290445
1334,334.0503723329897
1335,1.8691401981737692
1336,113.70199415200184
1337,21.225391266476034
1338,243.42722700279114
1339,6.350572061207416
1340,171.80485795663117
1341,248.93692244937887
1342,182.75497859297695
1343,41.394600579466
1344,132.09879115683032
1345,2.6691289962775437
1346,58.23060379797373
1347,96.75643902756147
1348,3.0940811745541015
1349,215.8922916514352
1350,36.76072342235624
1351,228.7398014895249
1352,2.596703160925834
1353,14.835359349310545
1354,5.012594819645775
1355,6.072830427679566
1356,3.645525416462914
1357,7.170263977639041
1358,6.6968919434424015
1359,1.6637670515328966
1360,306.7102791162231
1361,4.788356359131042
1362,6.352578022587927
1363,64.90602817436766
1364,3.5016240990106438
1365,5.910373862440043
1366,6.9315419394509625
1367,5.930905356209422
1368,16.13038412815742
1369,193.3797305687842
1370,269.00873569247176
1371,229.49323613930022
1372,9.882547570701155
1373,3.6606961801333826
1374,198.84156191342205
1375,180.43300496974774
1376,5.5502123667478305
1377,5.050371411218932
1378,109.05866894076713
1379,78.5891469199616
1380,93.28305273918403
1381,230.50785579263828
1382,72.84775086868916
1383,56.335430276248076
1384,-5.877510190294474
1385,180.21819839675425
1386,2.000643154988427
1387,61.65128071250172
1388,1.6205763632944443
1389,231.8574099009649
1390,192.86509888879675
1391,56.51678746039828
1392,54.802025056328006
1393,271.88044170464264
1394,-13.413329793273487
1395,43.25109955594792
1396,179.51955358079917
1397,5.528436891607386
1398,201.3972628992403
1399,1.5288542312710494
1400,106.10032820096585
1401,338.6985377945464
1402,52.24875556312471
1403,269.2445269795627
1404,94.84252201532429
1405,115.88755529119213
1406,1.929747781700449
1407,104.05186869428702
1408,7.655873564195362
1409,3.8799842171131425
1410,259.1724660707417
1411,263.8864538724821
1412,-34.30613037484299
1413,117.97625960815368
1414,255.40960065347028
1415,2.3413970128198938
1416,2.514323865837259
1417,4.26650740161835
1418,326.2733325644966
1419,155.16988433916816
1420,4.4378213293908635
1421,38.386697062415664
1422,6.479387828150903
1423,3.324666366220228
1424,5.254973581622302
1425,1.8270471148196372
1426,-34.15873504571893
1427,3.6784838432383915
1428,4.486267170598891
1429,3.524407500978068
1430,4.4377926198292466
1431,6.3251537499168435
1432,170.959932838502
1433,2.878756347714014
1434,6.386708754536862
1435,4.756242413482206
1436,-49.5433256361363
1437,155.49870262360753
1438,111.32794025220487
1439,6.455141821008747
1440,2.4020323362774394
1441,137.6924025138959
1442,196.9195907486373
1443,52.77150721214694
1444,5.954975885122641
1445,47.52535326675024
1446,273.8653380810162
1447,224.70442672954448
1448,-34.93426934386255
1449,5.9138675256728455
1450,274.48344326064114
1451,152.56115818580525
1452,5.222544958855565
1453,5.485274158171766
1454,184.78093774506186
1455,70.7146693767787
1456,-0.9267699035071928
1457,7.996661367443837
1458,4.96895271839436
1459,307.94699405518395
1460,353.0585930438643
1461,150.14892282501063
1462,-14.539638171115516
1463,72.82809811952866
1464,5.901447582924036
1465,3.14495987149591
1466,230.25070663478567
1467,5.634140309993588
1468,5.429199719653237
1469,36.92447361834988
1470,3.6800828154882845
1471,25.88375115043225
1472,6.764643112198289
1473,2.680036297813744
1474,244.82805286104607
1475,101.99167815087736
1476,6.772333513785563
1477,2.6100797503999544
1478,121.98846789873546
1479,4.603196912756754
1480,125.6456298481055
1481,5.975836957463178
1482,160.13342488937096
1483,6.210229479973217
1484,241.8808975629791
1485,167.87035060175856
1486,6.6760924465068525
1487,3.5420248177052667
1488,84.88366346899397
1489,4.046953984023571
1490,88.2426071988557
1491,3.5452623644461787
1492,1.9946719469272505
1493,7.558075139398473
1494,5.4036728425950535
1495,31.082230416096312
1496,7.847820200884636
1497,58.99009906104274
1498,5.7007730754470725
1499,69.38267499383919
1500,7.240909691388153
1501,5.870602118842225
1502,73.0329666431901
1503,5.677497657446306
1504,2.127130980004473
1505,4.82106461821985
1506,204.61491805499992
1507,49.252430820692226
1508,97.89397175617577
1509,74.60964196800688
1510,3.093014719740721
1511,35.62249674641716
1512,65.39601240467397
1513,5.715126071122238
1514,277.3098717038847
1515,55.54891092086373
1516,2.522155296515659
1517,355.4418829010558
1518,4.41041835340966
1519,255.1867872256016
1520,5.332046624676698
1521,51.28485444910052
1522,4.943266063405656
1523,2.757820171359873
1524,116.11314425906143
1525,-36.18781417332077
1526,1.9287321578191399
1527,5.925932592236469
1528,3.4642193768506027
1529,211.47125610649715
1530,264.320087046665
1531,3.6004744053565605
1532,5.873360649973094
1533,3.4176103322199656
1534,-6.302068253580519
1535,71.86056250696785
1536,5.843604213030375
1537,2.7002536574977274
1538,302.1494854044844
1539,165.8410157159528
1540,2.1632836869690015
1541,148.10881734949172
1542,3.1243566634206834
1543,20.746374260966718
1544,7.5179103077254466
1545,3.398462622150241
1546,5.616921909514312
1547,-15.737032048371042
1548,212.30529087763006
1549,40.79898641963116
1550,3.637546861597886
1551,2.28842164035856
1552,240.1980244003559
1553,6.56922857981113
1554,285.09397783619517
1555,147.22895003758322
1556,4.383281498214093
1557,17.1106383291962
1558,3.5365048750618615
1559,242.89994757841455
1560,170.91579212960994
1561,198.15384566285746
1562,240.27861047825334
1563,110.96100853247574
1564,3.38717601562049
1565,90.90057773485456
1566,3.8407780464356422
1567,5.542341273370491
1568,91.27144610460012
1569,20.409809889008002
1570,289.34779086031955
1571,3.436708395428321
1572,83.21619775704698
1573,2.497508115757127
1574,4.390431439200951
1575,5.8673432851112395
1576,4.198745334937234
1577,5.602090308341836
1578,89.55667188258175
1579,5.24633849808555
1580,201.02040341552532
1581,221.98610032259097
1582,6.757548526717745
1583,308.31367803136453
1584,316.4294160123838
1585,5.762530162502788
1586,4.841195583030293
1587,51.624516776136744
1588,286.68635553272213
1589,7.1579393641730995
1590,6.09590992406474
1591,165.19133341484212
1592,7.239009467424603
1593,114.8602855416413
1594,148.2176917385874
1595,114.27223992946861
1596,5.665435583874979
1597,65.58790287299199
1598,6.845402745786653
1599,3.147939857901037
1600,4.485578519285467
1601,2.9513449125270457
1602,5.8867058371006085
1603,270.4445825958869
1604,31.253605703012724
1605,113.25050256674636
1606,268.38120734443817
1607,12.3986233028475
1608,3.4637920905339086
1609,7.099920959840334
1610,2.999994173491675
1611,193.83951716528549
1612,81.9988942139358
1613,2.7791536801115266
1614,282.7422690371676
1615,5.837699012768213
1616,4.016711212988854
1617,179.4980251455773
1618,228.9153164121238
1619,10.709255755873595
1620,45.49578601951474
1621,2.5637225092019933
1622,2.4845555754182884
1623,2.780364035553868
1624,242.78960041130134
1625,65.48935645520467
1626,1.6015714960528755
1627,36.661599057044306
1628,3.758726068953825
1629,203.0683233412414
1630,84.46504385115301
1631,3.5888693975428545
1632,314.44342106899876
1633,5.114426837860143
1634,-4.710279730603223
1635,3.5118155061072684
1636,4.378183107027367
1637,6.885169222673805
1638,191.89468725614057
1639,46.55778592440115
1640,4.729260162955379
1641,304.8011361933389
1642,154.15179117359705
1643,202.55420445572318
1644,108.18498540380416
1645,189.51780524574622
1646,6.0873087449409
1647,6.7231174967397305
1648,28.936432500688444
1649,4.34189714352565
1650,94.92383325939181
1651,6.415964786958785
1652,5.5532068636485885
1653,227.84092038816414
1654,6.665666840349175
1655,311.264462956264
1656,54.50855680013219
1657,1.1233584110590158
1658,284.4964771125434
1659,2.175626143581937
1660,2.1234870719312218
1661,6.706126429031851
1662,194.07081248636138
1663,5.926723639714822
1664,121.10106433742925
1665,1.0124882239241864
1666,96.25879046165066
1667,-60.240825860846286
1668,257.7536782720364
1669,57.53036975682637
1670,2.2012325904631735
1671,2.583114233826748
1672,5.4702524037313545
1673,4.474145305405266
1674,128.27747620391574
1675,2.158299055827029
1676,-58.37069652290003
1677,34.178891135429666
1678,8.694761967883466
1679,210.3070431391301
1680,92.2360123604071
1681,0.9611507584685007
1682,3.0849040891144783
1683,64.30635146603514
1684,26.36470086919536
1685,6.62363865544418
1686,135.44046060495353
1687,6.8905000254809865
1688,157.23405816989955
1689,262.94326951077164
1690,3.1540083977545996
1691,3.6902899646422442
1692,3.9472671871926246
1693,2.505876431526632
1694,83.79744242012443
1695,232.47672188070476
1696,121.12559980337991
1697,1.6843502225562201
1698,223.7017078319127
1699,179.60784591301862
1700,115.46658879448805
1701,272.635939747496
1702,-97.02507919671677
1703,5.8302790381180305
1704,5.681611016523586
1705,2.8657244333162337
1706,90.09300073435105
1707,5.099389262993958
1708,77.17342632478713
1709,143.32078238333418
1710,6.326306227484069
1711,71.75796943458185
1712,1.8660773147246776
1713,5.845432595075553
1714,-50.751757502685464
1715,5.012551621917451
1716,2.893738085373816
1717,15.715998354371498
1718,130.87291718917095
1719,21.232756597287498
1720,6.38550429836142
1721,255.82313476948352
1722,3.5309212990660757
1723,167.5225895123068
1724,143.78511901878554
1725,2.8262469734402016
1726,4.416150552630927
1727,244.17766375335435
1728,4.301225089116908
1729,3.2738611685101113
1730,58.36035470378749
1731,217.82733508541824
1732,4.959969537494295
1733,371.537159003446
1734,273.08111091498716
1735,191.90979418174902
1736,3.3243370657916116
1737,299.15326146101916
1738,291.9533014329628
1739,199.83765053393972
1740,91.23226157951757
1741,134.95395695476506
1742,254.9146248428409
1743,5.232593041793156
1744,107.7452232955705
1745,45.04697857100665
1746,3.7392091700570305
1747,7.411570349982215
1748,180.87009187628212
1749,3.6431621725745518
1750,62.25969062923702
1751,18.031956689031887
1752,7.193100573060919
1753,6.026520558566028
1754,267.52190060330724
1755,228.00713766825916
1756,1.8924960770705757
1757,234.0308330988803
1758,334.11309743390507
1759,4.809980803619673
1760,280.73150505958375
1761,259.9343867538398
1762,24.56385047013728
1763,39.852492841160434
1764,15.812353101065085
1765,5.243040736534812
1766,247.4597486079292
1767,194.46246953045494
1768,6.011075492883251
1769,96.13527426812946
1770,57.07597635736939
1771,2.9541168887630924
1772,218.0072298355908
1773,253.36013442017955
1774,6.247003980482836
1775,286.4192428595725
1776,2.710730681036618
1777,12.450659540982882
1778,27.482873441441534
1779,18.412859791164962
1780,104.45039306095293
1781,5.6999753325795215
1782,215.54908819071673
1783,231.46864762094947
1784,4.1741046879082315
1785,56.25539744826911
1786,2.510756375060831
1787,71.67295340144135
1788,5.034859088415571
1789,2.509548585660156
1790,59.19387356257409
1791,4.2558583957833855
1792,2.601744358260198
1793,1.6988373610537255
1794,172.05848983656065
1795,193.6469811805213
1796,280.78349097843403
1797,131.47588487203095
1798,6.490417626157031
1799,200.58806781714344
1800,144.31539102385798
1801,5.214713426231052
1802,1.9268203218599464
1803,142.04518256733422
1804,4.20450228848158
1805,179.0208436935443
1806,5.611528371613813
1807,274.0501454687079
1808,157.5954225929798
1809,59.337747797916876
1810,4.193178435535589
1811,2.5686982142584727
1812,23.211488628358495
1813,3.636563779722035
1814,173.97195282551496
1815,269.16217318308276
1816,5.371181644031405
1817,106.52676058675041
1818,73.90564363803449
1819,233.1636539913481
1820,7.525133939206224
1821,3.422277494879908
1822,249.64287634427785
1823,-8.50553715961974
1824,56.924079528462386
1825,2.3342054597577193
1826,6.183147550645634
1827,3.402318503739224
1828,2.080704099038845
1829,229.5816419990241
1830,234.18048309081286
1831,6.824181875121005
1832,31.222223921694233
1833,3.973883152081186
1834,4.019454722641932
1835,92.2955804311082
1836,6.375260651704664
1837,6.0011752061148265
1838,5.927490856553872
1839,103.09603893499796
1840,-19.110050657383628
1841,-90.7431697337702
1842,245.64341069722263
1843,181.42594067778907
1844,255.4848076781267
1845,161.62715531321555
1846,36.925212487397125
1847,266.8035532266837
1848,113.30405354431115
1849,3.850125893915841
1850,6.494817011217265
1851,-80.84003977046855
1852,5.920924516920685
1853,74.09999317002655
1854,73.24409602417138
1855,5.525771064264044
1856,190.71786730678173
1857,2.8379774172119108
1858,5.096898809268772
1859,6.273720262340918
1860,5.4713591514352835
1861,139.96227630781564
1862,6.342070222487366
1863,65.04674229965855
1864,78.02822061441701
1865,211.64526197230524
1866,125.0385862716416
1867,93.92576395110038
1868,273.9218307619542
1869,152.01637251815137
1870,3.4735761183764424
1871,197.30158154631684
1872,49.69596020856828
1873,2.8059398727312375
1874,24.588625289490814
1875,112.2974730166666
1876,2.8801112493426837
1877,2.5387856203507604
1878,65.67948507015812
1879,52.38758954429435
1880,276.0979884458257
1881,6.122948580453051
1882,92.12990449251565
1883,7.390773168641484
1884,84.67657456384057
1885,300.5023475712031
1886,274.9969968650427
1887,3.20435892161858
1888,217.2519363950422
1889,232.7736427617619
1890,2.4413888004200257
1891,240.51062527617736
1892,211.89979161060742
1893,4.336310484611825
1894,2.0985061559581135
1895,12.205852557875822
1896,5.890173865368741
1897,56.76435583067452
1898,-57.55221391973137
1899,3.076073675382135
1900,5.9412933513371335
1901,254.2922993614871
1902,219.1097086034908
1903,-59.99418965843447
1904,63.18278532542859
1905,53.74022362290905
1906,171.51196867861483
1907,6.739678192718732
1908,6.241909860473574
1909,111.23090978752722
1910,5.661200251742803
1911,5.109168021287783
1912,3.872611045254199
1913,80.22172803510448
1914,-29.22667858951492
1915,7.372856049342603
1916,1.0812245705493853
1917,2.773860551869082
1918,157.15725783609713
1919,4.943541808037956
1920,4.652642754103055
1921,71.14834683932354
1922,3.38425007226899
1923,6.545405062860729
1924,2.5379944012600326
1925,4.39941317134319
1926,95.58354983578994
1927,172.70169492969762
1928,3.5107319621422377
1929,48.54065500133882
1930,2.3642759841050225
1931,6.198571527420957
1932,4.908726599185364
1933,2.734548810874611
1934,253.91685389498832
1935,6.29158341913937
1936,5.097148948683158
1937,-5.8541890257321665
1938,-32.15885165296355
1939,2.5750399659673393
1940,254.7619367512634
1941,3.4610341638891553
1942,250.0396428797862
1943,3.8715503480415143
1944,229.849432800035
1945,306.2648743530094
1946,5.991977484342276
1947,93.62757575840051
1948,5.63465211003253
1949,-6.662380213347937
1950,33.95646532751029
1951,2.892818525761213
1952,33.11358761991628
1953,375.69234073248913
1954,2.8981127710882593
1955,81.4040285344967
1956,1.994349110288094
1957,115.15743923368024
1958,3.9483534385026147
1959,171.0661357982983
1960,56.10688360486974
1961,0.980432931519736
1962,4.112464615690334
1963,3.2876174565302483
1964,4.942246938808302
1965,95.76998839786621
1966,3.462722580045609
1967,4.749382664865619
1968,279.58788089103285
1969,35.5401872236628
1970,5.683763647328457
1971,1.9459622288775296
1972,103.54337026802514
1973,-47.08707085461677
1974,2.4335666349048233
1975,2.912873077283437
1976,324.6127429797514
1977,1.5907263286448259
1978,219.18371248541013
1979,92.8583117948529
1980,275.08522017447433
1981,156.06137177181273
1982,125.27673657399893
1983,86.53371183037964
1984,8.254168003696352
1985,4.732574297816783
1986,3.823791990554448
1987,6.14339376830044
1988,1.2310332045623122
1989,5.771651238164112
1990,4.712963601812863
1991,4.949756153458783
1992,4.281914088704105
1993,31.72144344074272
1994,1.7546335952012753
1995,99.42492141011623
1996,4.11470893636621
1997,2.5578736350395803
1998,5.5007220242917345
1999,308.2894814372371
2000,5.911050063071009
2001,308.7953710635612
2002,-52.93481102972214
2003,6.767300191072568
2004,326.12373827458555
2005,67.24198404874191
2006,4.717344444792418
2007,45.23323317377411
2008,233.1459515244864
2009,142.10474980297118
2010,292.2524717678767
2011,6.459307544556147
2012,180.7318227063725
2013,-45.78362523655194
2014,293.2879818047235
2015,193.55431717371727
2016,30.876095204687882
2017,3.1654956710221924
2018,55.608188903592946
2019,69.42233070330366
2020,6.766904564233761
2021,4.4751769709071745
2022,184.27094391020282
2023,70.98645694278325
2024,2.677055312005848
2025,4.16052938546765
2026,85.98361795730925
2027,5.910837507684792
2028,6.286098874634272
2029,45.18593775739143
2030,307.07324524767523
2031,70.94593918635464
2032,295.54927459052783
2033,234.70514741755113
2034,2.6210120396338645
2035,58.80674339836834
2036,198.99747623919592
2037,5.253860368356609
2038,2.705804340803284
2039,2.8329182817126215
2040,130.36793176756785
2041,270.0737375150912
2042,4.106914723950447
2043,174.00033208978232
2044,2.2910449412555502
2045,91.90249976739088
2046,288.16605834669576
2047,5.53583347438878
2048,-40.28202843290593
2049,2.01054614361008
2050,357.81511004967484
2051,3.7564346935433774
2052,2.315984981168051
2053,240.99061753583652
2054,4.584784980272671
2055,3.884845415308777
2056,-54.065274619672856
2057,201.41041395206963
2058,-15.887519202271324
2059,5.1986306398358
2060,23.922530233993122
2061,2.360312947606982
2062,155.92250323268405
2063,3.67419386598271
2064,3.9578957973524327
2065,3.314641093372712
2066,2.053300032783676
2067,5.855864332179073
2068,3.3807919672941953
2069,1.302452396920434
2070,281.18650573102974
2071,286.68635553272213
2072,4.351047583167969
2073,203.3741721773044
2074,371.92713946589754
2075,256.6319825591096
2076,3.6872018711279733
2077,2.8523412911353008
2078,3.882156823341539
2079,4.042279275914963
2080,2.650218533370052
2081,2.9617449711394603
2082,5.166667072428726
2083,20.58800494847427
2084,2.413854107509606
2085,4.754421254021135
2086,137.47711722178323
2087,78.13926636481331
2088,36.6006327193013
2089,56.582492050242124
2090,245.11745254314252
2091,203.00574244104706
2092,-100.04296238304657
2093,5.191275813927502
2094,3.93622618944809
2095,90.25002264286745
2096,38.72462537329473
2097,108.79894674827136
2098,5.454692638220599
2099,-24.74298927421497
2100,19.316453722271568
2101,5.751223763268233
2102,6.953277676833374
2103,52.63775631848827
2104,45.766785447774
2105,25.619874172925247
2106,314.4712313120951
2107,7.279748924389349
2108,7.3261670917009605
2109,5.960601813506882
2110,254.0067034124354
2111,3.733660261760042
2112,45.8027732514469
2113,86.90107528720205
2114,2.5744166550487053
2115,37.50099273566669
2116,3.8231442068247192
2117,3.6090193798396157
2118,3.844281209618675
2119,112.58749577231346
2120,3.8384436266814657
2121,202.55868293769936
2122,221.95980758030026
2123,2.794037279782613
2124,1.6154490033141018
2125,4.461522479501144
2126,5.942670401522224
2127,68.29858830288991
2128,213.46719085409939
2129,1.7746514559189044
2130,2.4628674541093174
2131,5.746663941635802
2132,6.113769248982974
2133,226.84584375017755
2134,58.70576117252999
2135,203.15559139528182
2136,35.30565995578988
2137,227.9973931857923
2138,3.2477939627598156
2139,74.65980964495292
2140,43.440583308732954
2141,52.81813393955932
2142,5.686304637841831
2143,-31.6669895295039
2144,177.7193018465016
2145,45.957712342689234
2146,4.072803888856858
2147,4.37269472474034
2148,47.089493252503736
2149,-49.52537378886682
2150,5.654924261190282
2151,69.67113083052043
2152,4.908834607604436
2153,3.2691733043446556
2154,1.9207199450994175
2155,2.4001798402176457
2156,5.927490856553872
2157,131.8276983164619
2158,3.52788787912567
2159,339.6643889727186
2160,235.06151881248906
2161,303.9397881378091
2162,1.8791776561473095
2163,302.8782129142732
2164,6.433778950573464
2165,2.866647522447399
2166,2.5840004098171736
2167,42.21973261468965
2168,301.6095436340938
2169,2.5023531202334066
2170,2.2784378550079967
2171,153.1586153067432
2172,5.510271710968057
2173,256.0211814131233
2174,262.32628636794556
2175,0.8480375830705349
2176,4.804488880244514
2177,-39.890846229117734
2178,4.070072916860034
2179,68.90629462036469
2180,273.57633194007093
2181,2.724839471631977
2182,164.01139151781535
2183,195.67549174758813
2184,5.921874660894534
2185,2.659122829079735
2186,3.0285887235247264
2187,4.812637992301352
2188,249.0749655195367
2189,236.6287478963975
2190,82.2340953299948
2191,2.725818107787458
2192,2.8835198454749404
2193,108.12032978310816
2194,2.542827526335509
2195,4.877750673071013
2196,6.558814864799045
2197,1.9716619868218797
2198,4.499865769913625
2199,3.369279415736311
2200,1.7271241490923066
2201,4.068399928599602
2202,76.66554628102517
2203,2.4195024235731966
2204,1.955020875469487
2205,121.56224289353904
2206,5.43686839044277
2207,171.23223983514964
2208,5.344937407928339
2209,11.993704389491636
2210,260.9897270521724
2211,1.8107260219811214
2212,4.676183090338268
2213,6.367914793476568
2214,88.77007232668657
2215,25.85099029110117
2216,86.35914790160793
2217,4.329992704235813
2218,31.057272829138043
2219,2.522373738411519
2220,5.500438896001871
2221,3.3448116736894744
2222,-56.251910961216666
2223,198.88533993243436
2224,-35.34053171531713
2225,158.68447793552411
2226,-0.8477281584748944
2227,55.40434690345645
2228,145.60313550926782
2229,122.93550588924265
2230,3.285739827071705
2231,5.474002790716693
2232,4.1754351277970665
2233,255.27018990397232
2234,223.46739342759147
2235,232.75206559326185
2236,3.1689593227539574
2237,3.2241175289865622
2238,252.4665221227864
2239,90.74964323853055
2240,234.8173069368105
2241,2.4054825883833963
2242,226.2183870139338
2243,5.992127029923965
2244,95.12046020035316
2245,231.93308116136458
2246,104.55805822823265
2247,240.99194707306177
2248,6.064114815811914
2249,308.3068027400036
2250,139.42532236462733
2251,5.040483658715647
2252,269.092731807554
2253,6.152011443616211
2254,159.36990808036015
2255,-88.81349653163609
2256,44.446450556448475
2257,1.7287052329548769
2258,2.750537401553144
2259,72.80746158221524
2260,6.255223839052943
2261,75.42760790216741
2262,2.267793644391675
2263,83.1663565607564
2264,-2.73733086418067
2265,50.579085858374484
2266,2.3745791380115278
2267,2.9697992169580045
2268,5.450478210234756
2269,3.992175690379143
2270,8.855762429844146
2271,193.8209242121248
2272,44.03566027766939
2273,3.495893680225557
2274,6.191671483569044
2275,6.896492530148814
2276,4.6126471479746645
2277,2.334894207745201
2278,1.1984638215105758
2279,6.227523003222385
2280,2.5834019443760674
2281,202.54653179583323
2282,2.4437624451579616
2283,3.8880691118885102
2284,226.53286532262393
2285,3.012664080597154
2286,-16.28665065055418
2287,5.496256726664463
2288,2.3745249383619256
2289,5.537390963038724
2290,-38.42894281325925
2291,43.530447255105855
2292,4.890142273719125
2293,1.9664632954338574
2294,7.109796508576398
2295,3.0427731289192126
2296,4.87907067711815
2297,124.53806720267477
2298,-51.801378301029914
2299,56.630729790855476
2300,3.841759418763197
2301,5.461144933377934
2302,-84.41349023404591
2303,157.01453622102235
2304,5.477993151340673
2305,27.802208218536265
2306,289.9052080619436
2307,18.547648330653207
2308,56.14621743313972
2309,6.1401722217290855
2310,160.07636568520888
2311,-56.68694922859984
2312,77.65626942540518
2313,4.100170721607506
2314,4.735455667264058
2315,248.30254006540883
2316,7.513704100191792
2317,3.73870604554352
2318,248.40551745623983
2319,6.554050851724197
2320,85.68273995715111
2321,3.0259362883865717
2322,220.81580135933442
2323,170.82070929268582
2324,1.9913934366435369
2325,39.654607506669194
2326,3.270674653536064
2327,106.42867209164623
2328,4.125525739721228
2329,352.67974436663894
2330,181.62466035989613
2331,0.14539287794070835
2332,275.1521686595986
2333,-20.19485620324266
2334,17.888452901442083
2335,5.436678465078021
2336,49.84759773499057
2337,138.69658407540274
2338,183.53666031326054
2339,29.55390847305653
2340,51.419133212950186
2341,119.59804490692053
2342,2.185573173032359
2343,6.325201922858234
2344,274.7026363411087
2345,6.008811320242566
2346,127.9476483745985
2347,115.82505416092548
2348,1.84865119525549
2349,256.2746203560598
2350,36.60570159031135
2351,5.006435255336193
2352,4.935160164782351
2353,1.6918040407170947
2354,-24.53329208318945
2355,139.46599867914367
2356,3.9558994769999423
2357,106.24504379027947
2358,6.467203907318933
2359,6.732562042511615
2360,4.458974253512329
2361,5.469336237722206
2362,260.08802913279857
2363,4.367907762092199
2364,244.74450151684323
2365,83.7918439207632
2366,46.983489503350256
2367,38.20367793034776
2368,-73.82360524088429
2369,4.3583860084470265
2370,222.2350913404382
2371,42.49483126565868
2372,74.87013478697547
2373,2.030577781414621
2374,-66.14189273932053
2375,1.8987051962153934
2376,110.73587809275197
2377,106.40910473897625
2378,5.502836272390065
2379,6.409388262754087
2380,27.29629579108321
2381,166.9452165011989
2382,143.13832734483196
2383,49.68492295518772
2384,3.310402203877976
2385,254.2662251842596
2386,5.906420169701214
2387,57.38148780044099
2388,257.99139400694514
2389,81.4965649741836
2390,1.9502821017138108
2391,114.01252483096614
2392,26.030978089335854
2393,66.39274583342325
2394,126.7787820211984
2395,5.947728533861934
2396,2.3267814203401334
2397,287.82503161235786
2398,281.80163714023007
2399,4.460053805400394
2400,193.4788664070287
2401,71.42732626711937
2402,222.3736975632686
2403,6.309329947484182
2404,1.9248315992184923
2405,5.185404714391593
2406,2.8021516610854817
2407,76.27425827446723
2408,273.67168162685766
2409,196.92914578209337
2410,4.170964309198918
2411,6.47840322290328
2412,298.45349590015746
2413,-9.151249566552826
2414,4.128257147092386
2415,73.93142332476766
2416,261.50192410848825
2417,32.87715294113853
2418,3.450545124900093
2419,3.810105893788833
2420,1.8300942201672645
2421,13.008272674648415
2422,214.3408890099546
2423,2.641033440639443
2424,189.19605263577506
2425,5.91984263674413
2426,-9.255131104089187
2427,166.8773064835394
2428,25.817951934092985
2429,3.4482742149762866
2430,6.232213955355308
2431,3.649254293704445
2432,318.9182557693368
2433,258.5450117415697
2434,4.460156907491002
2435,51.69263526328516
2436,239.51886045668726
2437,-86.52097599751592
2438,5.822717863051679
2439,6.931986577381576
2440,177.0731259091383
2441,6.415393213177094
2442,5.872932969854064
2443,5.174250143246985
2444,-66.45112348245745
2445,6.441472303515896
2446,5.41008120029618
2447,222.63884718960577
2448,6.354072227977902
2449,6.57467544806604
2450,36.36990105024958
2451,3.264822716415175
2452,3.905527733093676
2453,39.14782476668872
2454,307.8167621298906
2455,137.06925986518132
2456,3.2258948792097213
2457,256.2331420018301
2458,5.997411096489829
2459,1.7630001724809357
2460,5.915056499192721
2461,62.1755074903446
2462,56.82932139785909
2463,6.1980442703823915
2464,-82.43177552434196
2465,33.95979245897532
2466,217.47047441025518
2467,161.81822155717072
2468,274.9356376037858
2469,249.0240199228238
2470,5.644237804165113
2471,130.3611616766244
2472,2.7814289557750214
2473,52.25880412979443
2474,195.97872601821544
2475,6.369372217730856
2476,87.74779266368142
2477,145.02453480045264
2478,149.74204551506384
2479,5.249543580181325
2480,38.72106444366632
2481,63.005555450438806
2482,2.38917605583708
2483,5.12758492619448
2484,118.63655674938312
2485,134.92145050130193
2486,6.754297507901104
2487,5.406784573877656
2488,-35.88952028913925
2489,195.5663003339254
2490,5.635067049200121
2491,152.38651070604752
2492,40.04914609240329
2493,48.836837356316806
2494,5.861592265571723
2495,5.2753454490476575
2496,119.71537986862621
2497,67.75578376021446
2498,2.079663007994816
2499,6.757100388926151
2500,1.8735862102113274
2501,94.20858712458474
2502,280.6546287142153
2503,80.52502881284458
2504,342.3579166964407
2505,3.447560059955973
2506,4.525491077002052
2507,266.5907383983271
2508,204.03189062105963
2509,105.09690407047725
2510,6.731894844527877
2511,206.45975334196186
2512,80.67337332298351
2513,137.69664097713053
2514,216.98215447265397
2515,315.2319613405401
2516,1.9605630629604427
2517,2.1518157087065153
2518,292.5395464623099
2519,4.189365018951254
2520,107.88692224706836
2521,137.75153421181216
2522,2.424736067525659
2523,6.439584293831506
2524,4.845750716273998
2525,294.7169673187536
2526,4.441206186718605
2527,3.556252255482702
2528,238.8674345526855
2529,128.85012827102634
2530,242.7263480892973
2531,270.7554672222572
2532,42.23472654642303
2533,1.9607163841247746
2534,5.9706058256500185
2535,5.9135575464968
2536,3.486639304612376
2537,6.270838017102303
2538,5.862967974265432
2539,156.4515996434401
2540,2.4220549455440072
2541,13.780498935536711
2542,-4.966976098022526
2543,5.5978438226353235
2544,152.6085441425405
2545,2.5056036268803243
2546,271.8566567768949
2547,16.242723292434217
2548,28.085646987409763
2549,175.17444240325892
2550,116.76228760546766
2551,-25.424145997194817
2552,2.350785154392371
2553,290.0546365127898
2554,2.276255460870808
2555,61.783997064663524
2556,105.91421129950025
2557,4.107795224941527
2558,-6.44851783127172
2559,6.314482994351459
2560,219.32538613138342
2561,2.02210894272422
2562,219.91728476233067
2563,244.7451235990439
2564,281.8576061091414
2565,4.645574486202434
2566,4.830737240448067
2567,255.85763762309443
2568,50.222908457292974
2569,61.09610691492691
2570,3.5967470258062906
2571,95.4787471465575
2572,-42.84346458731365
2573,187.22048793816873
2574,3.1521605257906673
2575,4.50448654617549
2576,3.3381936830647865
2577,6.432738875323132
2578,53.625209267846245
2579,6.102497739986967
2580,5.346346510480309
2581,3.0329635015378895
2582,-36.44456514109824
2583,2.1425121645805443
2584,6.860570948241495
2585,48.236574985463285
2586,4.824340800417856
2587,218.35089375751184
2588,194.04518946429405
2589,4.663710045216708
2590,57.79831117969218
2591,1.6460335760148357
2592,131.71608346485814
2593,61.78084619966074
2594,69.88966517775441
2595,48.19074019525223
2596,46.10860362566743
2597,5.424166682718781
2598,6.351591664439907
2599,18.371564091672035
2600,3.5657925246862687
2601,208.86777075223176
2602,6.172776210512267
2603,377.22244826124995
2604,178.91704998158818
2605,54.985575046930364
2606,4.223601065739429
2607,49.058760318023836
2608,186.7335876504019
2609,31.109939167038476
2610,2.469847565642479
2611,9.451970181463821
2612,3.145598645826605
2613,4.438665552530629
2614,3.3267795076562328
2615,114.59529758192272
2616,172.25484787050564
2617,259.56541800913686
2618,202.51931835453195
2619,4.537952379656144
2620,2.370538484044788
2621,4.257544213942809
2622,2.6561663400300546
2623,1.169181927184935
2624,7.048241700352835
2625,126.23136835185973
2626,292.31854121376483
2627,38.92912175892669
2628,133.3888251647592
2629,35.52475252640809
2630,128.6481532810576
2631,20.258307039763462
2632,6.237019260858064
2633,284.1959163489272
2634,58.69708128460609
2635,156.7103831493091
2636,-52.962053671350745
2637,3.323222401639921
2638,-63.70526948768385
2639,-61.281719128316034
2640,195.6575790572064
2641,2.826058551340508
2642,5.64546576879596
2643,175.78496767203018
2644,139.87653378049902
2645,234.9473725434613
2646,2.4240701253924484
2647,3.296845581872501
2648,4.618496164215792
2649,6.572543199721515
2650,256.2060189368814
2651,201.5565863069383
2652,62.85974990892071
2653,3.7040728024276097
2654,30.610084426780798
2655,231.90033896705128
2656,254.36462610902242
2657,2.9796793732913054
2658,14.593614797233956
2659,287.34786400735504
2660,1.8713955632568688
2661,277.01862149810427
2662,67.47755236582303
2663,5.048294164594544
2664,74.9808138183594
2665,265.8023236095306
2666,242.7473970959221
2667,-39.83692406649256
2668,24.290566350336892
2669,6.809453857819422
2670,104.55694444308234
2671,187.548687720271
2672,112.04662071805117
2673,249.3998928491136
2674,237.55468050679497
2675,1.7717608605259323
2676,-71.30735081991348
2677,341.9437430465035
2678,9.147693760965645
2679,5.565765206381244
2680,61.46353956250594
2681,5.2996719496715015
2682,2.7998315352675576
2683,2.4406659458259443
2684,2.689078378653551
2685,6.54156718278176
2686,10.926057090136913
2687,57.25617235080457
2688,69.75487184454923
2689,29.041481647911652
2690,135.28446141349912
2691,83.66412568721462
2692,51.76181919212273
2693,154.66997494139588
2694,120.59593868887772
2695,7.931225958759248
2696,161.74698815705764
2697,3.8796644602825916
2698,2.5401760172032906
2699,4.275470773682879
2700,214.76445611150552
2701,58.99625257754018
2702,38.094741157665005
2703,4.134822502310296
2704,187.03840522872864
2705,3.0200748842265566
2706,5.524594610057431
2707,205.0285369339228
2708,3.3795447915098116
2709,45.16572021952719
2710,5.753928402566078
2711,161.31335315344873
2712,1.8647561715200123
2713,164.3391602359408
2714,-50.515373901123425
2715,4.667665514583785
2716,2.941845889544779
2717,274.5976353436685
2718,4.565177070309783
2719,3.088282390192086
2720,6.5858023001562955
2721,6.547159375473701
2722,4.336086525138027
2723,237.48162702115093
2724,6.643004728521158
2725,26.57154478532962
2726,-0.5158450805259077
2727,313.0017418999418
2728,58.16514028766599
2729,183.2401318599645
2730,174.7598875599605
2731,155.78328546613255
2732,6.764340737747201
2733,225.05758126349042
2734,122.63311449149899
2735,85.00973947094124
2736,56.374892203720385
2737,184.07653395764106
2738,140.72712519891812
2739,80.62589535917509
2740,5.548866366115419
2741,46.5969509861681
2742,1.164464181806993
2743,-0.7913336569940073
2744,-20.9212759301508
2745,4.631759187258408
2746,213.15680257847094
2747,180.0993187868345
2748,2.7607916063698656
2749,5.388038541923506
2750,215.6047355350749
2751,264.4476197435689
2752,2.283850401123276
2753,116.68221491595006
2754,0.37305434556608663
2755,31.908024636374407
2756,264.8433545061435
2757,5.736300388164087
2758,286.63428376688796
2759,86.85780660047462
2760,179.39151335925527
2761,6.579991999863443
2762,4.1432539351380235
2763,123.73758810993792
2764,4.649378654143848
2765,116.11894704112845
2766,2.118713221856767
2767,274.02171394842264
2768,4.0378509461701135
2769,3.5737730317992265
2770,188.64612089468187
2771,132.25957518463005
2772,6.958296722314817
2773,3.1224760940564744
2774,4.764461305717322
2775,6.1487486644160185
2776,3.9485948661435053
2777,257.7696762524258
2778,31.01647135007469
2779,2.204683991109522
2780,2.933594968415157
2781,244.1923316524086
2782,213.3792932758763
2783,6.081471275588878
2784,15.355762013781558
2785,5.901912847476473
2786,3.7833629250821925
2787,68.04992319982429
2788,21.118999811295964
2789,157.97618948027682
2790,218.94133248326247
2791,69.78084828898366
2792,131.97139690281165
2793,180.3545345837074
2794,156.6215082108373
2795,44.51048237004859
2796,245.66278475434058
2797,109.02727156384819
2798,32.691091507312436
2799,16.565693631760297
2800,5.506255686036525
2801,4.152620860782534
2802,3.2276822397735927
2803,57.032841423337196
2804,3.7798767053819713
2805,41.75329167808407
2806,6.003240891911318
2807,39.660414489456755
2808,80.29257891328548
2809,6.083240768659545
2810,5.6306863518419785
2811,180.20489294407093
2812,5.939429568348423
2813,-2.269413307138765
2814,5.979233940953511
2815,265.7453275852605
2816,63.314640607830995
2817,275.3681098277354
2818,120.56839863316918
2819,56.819811815805764
2820,141.02591208007127
2821,44.76649785643649
2822,6.270909135811751
2823,49.013890614391826
2824,261.02470496833797
2825,134.84693415659407
2826,-60.21061519231279
2827,6.597310158964676
2828,5.475802280865681
2829,4.848038024323261
2830,5.679781314736808
2831,5.752373001532902
2832,6.398733325184816
2833,127.65154632187176
2834,3.808570918317772
2835,2.9711262744434053
2836,3.3562847481157974
2837,3.314199390146685
2838,5.828700735340991
2839,1.991055053737569
2840,51.28262065064874
2841,53.694013337092606
2842,287.89948864991794
2843,5.863001777405071
2844,182.07618968118203
2845,291.9117212168617
2846,3.449026311070734
2847,94.29516259808526
2848,7.769410218505587
2849,-51.848631262713184
2850,6.6344473603891405
2851,6.639019944141046
2852,-20.247219453817976
2853,74.47188816448
2854,2.185262827391066
2855,51.277885148802085
2856,5.89654099189005
2857,31.814899346146987
2858,228.7550420000565
2859,1.0684468368725664
2860,143.29752450421535
2861,287.2975007696171
2862,260.8546748299432
2863,2.6784275215548052
2864,277.4921112857262
2865,233.5631554386927
2866,1.6717555911511315
2867,2.4836447019710066
2868,70.43762052421684
2869,45.8591669463957
2870,173.0276956861435
2871,6.290856037307198
2872,271.04470518529615
2873,5.1862494617053265
2874,11.719149283002016
2875,4.559532303510009
2876,-45.1352607492919
2877,294.6500444546135
2878,-81.63233964492383
2879,4.9994561406562115
2880,231.95095602329462
2881,5.9313833105966065
2882,6.0767026974020535
2883,4.134635999062261
2884,6.55369583040842
2885,163.1388453236823
2886,228.35106132199283
2887,5.9150852313115605
2888,2.094833081444817
2889,6.619817653362614
2890,2.536984205760506
2891,-60.88481913431751
2892,166.20433857062693
2893,105.96275076522818
2894,42.882217013505
2895,5.000707306152679
2896,2.7727486079732433
2897,5.610007829944881
2898,108.40955678239217
2899,34.81315642205684
2900,2.974820615227231
2901,39.20776852715387
2902,245.54242548487565
2903,269.14150931339543
2904,4.3205445673709795
2905,3.522343765804953
2906,34.614984873387826
2907,3.8061887939038117
2908,15.620571004626605
2909,2.0371402747712697
2910,118.83957985149321
2911,3.8515631084047794
2912,2.341288550624754
2913,6.356193996943217
2914,-5.761985766862781
2915,8.084898891990436
2916,239.49322595344643
2917,162.02986244524422
2918,4.02049129660136
2919,365.36121938932905
2920,200.2644031461872
2921,5.313471773197741
2922,3.7216412203568487
2923,214.59633597084866
2924,5.6055576964236415
2925,4.840960699850067
2926,6.074485719807778
2927,30.230100307615096
2928,6.45537238135922
2929,165.6007843002091
2930,268.9902538383265
2931,2.115592778734048
2932,5.5593584015886
2933,-55.85186122132224
2934,113.91625379287257
2935,-9.489861278752501
2936,-61.075567075342235
2937,6.544985299083033
2938,34.865968612082334
2939,3.1127449313059596
2940,162.3433733345945
2941,92.26364785930039
2942,58.061468466788185
2943,6.270145392910128
2944,6.559084644347331
2945,5.774745624712731
2946,6.413594697674881
2947,-54.83361203188447
2948,2.362883065516509
2949,6.698771983557021
2950,2.76077210836643
2951,144.74547067234852
2952,128.17934466978005
2953,7.273318486536139
2954,1.727397227333734
2955,13.907642838286115
2956,6.526140237898
2957,104.10604578287439
2958,6.057540515695537
2959,209.62729643408522
2960,6.331509548546437
2961,201.98262010328946
2962,3.9838481941807
2963,4.093505056205366
2964,223.53449763887704
2965,189.7286352203581
2966,4.490760381591078
2967,3.5394497997257006
2968,169.68170869241112
2969,-88.58134318330842
2970,2.251156514471494
2971,226.53104126661077
2972,6.864053738042749
2973,200.4823378794469
2974,259.8963260417335
2975,4.838574867148677
2976,50.5582929880163
2977,32.980098665855564
2978,4.651143246416893
2979,4.722709861098615
2980,309.2334453621863
2981,317.32330684432907
2982,134.3220891596422
2983,143.93354098292005
2984,270.25158898801686
2985,128.65803117097903
2986,302.073009749448
2987,227.42679384265205
2988,115.43157201979984
2989,84.97804738266811
2990,41.94129119428227
2991,7.114185797534679
2992,2.9840892536531047
2993,5.50427592374143
2994,12.111125495932932
2995,9.096620235906483
2996,4.217837337125573
2997,3.4606532575738154
2998,97.03235068413389
2999,170.20165726586868
3000,67.17251407517307
3001,3.1749049429945035
3002,304.1741095036227
3003,4.429479963262858
3004,291.1099606266691
3005,85.03343386392069
3006,83.27461005951062
3007,6.173334503785987
3008,2.8111716536258133
3009,18.644534301847536
3010,4.35817162798456
3011,56.125776196484885
3012,5.312820380455715
3013,185.78516379877064
3014,6.542120165315427
3015,3.91508680644159
3016,5.879887036661191
3017,6.172891509143413
3018,4.354103563513325
3019,228.42801015838188
3020,3.105744283170923
3021,240.84040398441067
3022,285.2248828497691
3023,3.048234371366349
3024,102.30163288653208
3025,236.83944553093514
3026,165.67780368163204
3027,6.325433379469431
3028,5.354891460859186
3029,-21.957053619526135
3030,-46.786299101711066
3031,6.027840529092883
3032,6.795623213429495
3033,5.005944488132716
3034,133.591095443754
3035,151.5588569581013
3036,211.51485420665512
3037,5.649131473641842
3038,2.0692838543553145
3039,-39.75835134508912
3040,161.1580444858953
3041,4.798531934327374
3042,6.189009976077394
3043,5.877595572219108
3044,228.66054829198941
3045,177.107124636334
3046,4.439110916863564
3047,4.29141790552008
3048,49.01167465877914
3049,5.744198837837479
3050,239.75896359752053
3051,89.47553125880196
3052,6.49359076946909
3053,4.206397449688894
3054,127.76855508744401
3055,185.41279615595
3056,51.848605828098464
3057,3.1513317226338247
3058,101.45803372083401
3059,1.8459090007072896
3060,261.60903501370825
3061,4.940834604612919
3062,234.79638144522573
3063,143.89063288809263
3064,239.08021051617476
3065,250.5851204370447
3066,131.46046766441697
3067,41.445395200871914
3068,6.347239841685646
3069,6.09630661143048
3070,3.58381868877308
3071,6.237943990489096
3072,198.59056990921812
3073,138.8566933016569
3074,6.295840075219603
3075,5.92448415402408
3076,137.6133322980307
3077,2.721009742441928
3078,89.9925098881252
3079,5.833254538776621
3080,3.1716221352047773
3081,0.3031880262261666
3082,88.89777949995258
3083,156.9959522363082
3084,1.0589653353917243
3085,5.322325367189956
3086,207.9583294282845
3087,3.1806164768183853
3088,100.68830773346734
3089,3.491395213540018
3090,307.30552272308375
3091,118.7750996343969
3092,99.34901948892687
3093,4.196137729758528
3094,185.64543400038906
3095,260.3999163576444
3096,131.19915059344183
3097,4.574989969020193
3098,6.050480030524154
3099,21.605976254040065
3100,82.54063838445168
3101,3.577471840661389
3102,2.534623286126265
3103,3.1539661077475514
3104,70.99577661884044
3105,-9.825024955750031
3106,23.658716435607708
3107,1.3946648204943957
3108,2.535075771954486
3109,6.440519698193672
3110,252.64910656489056
3111,1.970528736656251
3112,216.6790149348648
3113,5.542474888456846
3114,58.239503288633465
3115,263.7406704953982
3116,94.77058422081811
3117,15.545494041885561
3118,275.7042026671928
3119,4.431898368102452
3120,50.89219395467994
3121,34.702896502540185
3122,129.45554052503698
3123,3.92687907762025
3124,2.650139184841345
3125,3.7631824569658954
3126,208.50629754899998
3127,244.20586231115837
3128,27.093526405256465
3129,365.60247937537736
3130,2.1180273927064337
3131,97.30330954278912
3132,200.3458377386592
3133,120.60765871699545
3134,237.6471324864163
3135,1.6452052409940419
3136,303.52166501442156
3137,3.0098455585531068
3138,206.67011387862783
3139,5.95299646460997
3140,2.119697206248436
3141,19.242776956028536
3142,3.2148236742499687
3143,106.55694304953258
3144,251.58438433801626
3145,5.053967520331108
3146,275.9886048844652
3147,107.92140749695042
3148,108.64037649369214
3149,-18.445185707216044
3150,1.7636895297097213
3151,241.29583679378393
3152,7.194590833473104
3153,229.915638673344
3154,165.1885640816734
3155,45.483450309857794
3156,43.56934483153852
3157,4.861666429427564
3158,283.3462842294682
3159,115.90895409629283
3160,271.2288863348143
3161,-56.31330689289647
3162,3.59646634576533
3163,201.19949192504816
3164,3.221342934865831
3165,-1.1302440905469426
3166,46.13769098250859
3167,6.636360151377412
3168,5.377481973931978
3169,3.4241848512292883
3170,220.32690363967487
3171,3.1217989248457405
3172,226.6267070923343
3173,289.14481220204937
3174,67.78785303377023
3175,-60.115454923586015
3176,3.6950375450661337
3177,3.1526312638567067
3178,177.91622147665095
3179,6.300276248572004
3180,314.1832227858154
3181,217.21121684564272
3182,278.2868135358691
3183,6.018682650100597
3184,108.42097055088503
3185,7.0661296994697125
3186,193.21386882090349
3187,280.8641371075649
3188,-17.88066461743655
3189,250.5813654283608
3190,4.0684470031811255
3191,255.25016678818565
3192,51.193956338490594
3193,6.182737962137881
3194,4.570193920229718
3195,5.952251365617414
3196,145.5238294288053
3197,5.514558832746781
3198,189.66535460157104
3199,189.39327936823346
3200,2.275623330957041
3201,336.8132680682603
3202,4.358360726581205
3203,4.710787482592579
3204,-17.23815484563581
3205,6.486024960472253
3206,261.7880332180072
3207,5.913860310947765
3208,194.82484469519886
3209,-31.451659014543573
3210,7.387160140832911
3211,192.0307363911826
3212,225.29273884113405
3213,2.602138108537426
3214,259.3501977615707
3215,3.454151377522268
3216,6.188337976760435
3217,133.3177176119733
3218,277.81681437520024
3219,79.06266056007085
3220,71.62434537622808
3221,92.28703173029852
3222,263.18746115932925
3223,339.37246018499366
3224,-100.74627404290209
3225,129.68749040641686
3226,5.957380206057595
3227,5.85880764896684
3228,15.929803804236013
3229,295.1025847064494
3230,226.7111032188817
3231,7.102757372247857
3232,5.071897314338237
3233,5.633993988075909
3234,4.281611918820525
3235,81.46094995195662
3236,138.90127076762437
3237,26.803067468661652
3238,309.64345245902416
3239,6.459897305756725
3240,73.85091301597974
3241,11.557291067836648
3242,2.5977084760267313
3243,28.31663924343838
3244,186.46019989757838
3245,5.069112168695687
3246,244.12081248187783
3247,6.340879309466863
3248,57.77423653934129
3249,-24.06631676142374
3250,226.07940192898064
3251,232.5912942620118
3252,122.66387306002582
3253,60.61861838655594
3254,134.83672233253742
3255,6.287003814144809
3256,6.269488616498933
3257,5.27770170733827
3258,2.5358769079471832
3259,46.34911497975082
3260,5.8780902973016484
3261,99.12039237857672
3262,306.8752886733767
3263,2.042108726338011
3264,4.194087795170235
3265,150.59063339399302
3266,3.682901200599915
3267,6.788662012753967
3268,3.058608963314616
3269,4.975362775611992
3270,54.31135399503372
3271,229.04600717017138
3272,2.5701042315700295
3273,218.2615690173103
3274,213.04204272973277
3275,116.64620247677931
3276,116.37499760269024
3277,6.478024160626841
3278,6.115382201673917
3279,3.193612450693309
3280,147.2473438899262
3281,273.8996950122872
3282,2.667668736797152
3283,385.43518738034777
3284,363.86710697182
3285,102.69220661147162
3286,3.09406324868505
3287,15.728205562851471
3288,32.155432456880696
3289,1.8023345097287677
3290,58.23820867017987
3291,248.62288385442082
3292,3.174770587113602
3293,61.93568270421485
3294,213.33091414992833
3295,145.00900973531625
3296,29.780223093341515
3297,206.1907278546853
3298,2.0573021123370125
3299,244.40302072728446
3300,2.798337288230938
3301,220.92266991308938
3302,189.42832533122413
3303,-7.891157548469256
3304,235.90344578377454
3305,5.351694003754972
3306,4.461204893665103
3307,183.52982329212546
3308,3.1116532517967546
3309,6.324170103124195
3310,-61.65211837150258
3311,2.222675805142951
3312,3.7440816420104115
3313,2.6929772543884436
3314,6.089949082572412
3315,4.053860173224363
3316,309.3189835810334
3317,312.5862909111021
3318,43.10475677595385
3319,1.9027674773958094
3320,2.1628756686829496
3321,4.963231424739336
3322,151.73822515896757
3323,4.457887464327104
3324,3.796456106224068
3325,331.56635968716193
3326,89.52220927127406
3327,-67.19218913005923
3328,6.45538858630505
3329,1.87849565124315
3330,193.7964279962571
3331,103.02719643066047
3332,3.7689817157890957
3333,249.59680733519545
3334,110.54611057870345
3335,3.40320834932782
3336,4.372288806167507
3337,2.6848913934723915
3338,1.749129378092065
3339,9.91380489448147
3340,41.64691196829565
3341,61.69272835127469
3342,225.4980669783804
3343,112.32223579535282
3344,3.656606424987908
3345,269.57138549733384
3346,285.57512508313573
3347,165.10520707068645
3348,69.3241658727682
3349,5.676498078507988
3350,3.786059874892627
3351,2.9301106727867547
3352,1.8171514559382946
3353,125.54813167587632
3354,42.182295500817546
3355,3.040008702819289
3356,299.03884311645464
3357,3.47589394180965
3358,238.05327583586055
3359,95.75636843886687
3360,134.47082821429575
3361,3.245787690143247
3362,3.256814846457922
3363,3.38219998791093
3364,30.80926551836371
3365,122.63102520310184
3366,1.2805573720737118
3367,3.020761340623552
3368,125.63146435989555
3369,4.722758434729871
3370,58.78833014035557
3371,-0.6741732280218067
3372,200.65866214720305
3373,57.083697281688806
3374,323.7827137445755
3375,2.338657357054165
3376,2.707119072731576
3377,116.73973457501963
3378,6.075273728347814
3379,42.50661155851541
3380,348.8436367727933
3381,6.693108219192
3382,106.06853819812832
3383,6.182844073044256
3384,90.79321585949106
3385,3.9038219661368836
3386,48.27949862063687
3387,2.1748112847852035
3388,182.02279714367498
3389,225.91719287106346
3390,1.8339984196101038
3391,5.691888805587661
3392,5.132556299089363
3393,185.36864206755573
3394,127.37260391057953
3395,5.417703643868958
3396,5.754032431543306
3397,150.518473753909
3398,2.035832759162178
3399,205.89653518910677
3400,171.98892473903481
3401,4.994338928995195
3402,0.5466601484335416
3403,74.80540589175791
3404,115.61165697018087
3405,173.1579792890733
3406,220.661141451447
3407,4.030040384465016
3408,110.04219639416453
3409,111.19912888864594
3410,6.031438608461903
3411,5.042191316187403
3412,47.769365624279864
3413,2.1785615828918696
3414,6.678089143065543
3415,105.93979301503387
3416,65.53983740017631
3417,178.5944401974071
3418,161.93732656741835
3419,31.116041175236962
3420,-6.465280621783245
3421,-36.35680403598506
3422,177.86341165711153
3423,2.0180454647599944
3424,3.8382248088397217
3425,23.966280441177737
3426,3.407971182286751
3427,66.01679643625401
3428,2.41460639787042
3429,331.101082038326
3430,313.6487365058832
3431,113.41158684967982
3432,6.02000245774428
3433,95.29067783373989
3434,1.9154216550973016
3435,311.1516267053554
3436,239.15841560142445
3437,3.080477393805329
3438,30.313464019561916
3439,271.39910666264467
3440,6.377060329264493
3441,4.614854141103823
3442,223.50359517168286
3443,4.962801557137289
3444,213.1813644175209
3445,3.6555974092389456
3446,6.023498508839014
3447,274.80467477194475
3448,5.510309955185317
3449,5.69447297298265
3450,106.01699134778885
3451,206.13989731205783
3452,2.0437308006947856
3453,2.5650371655211837
3454,17.442189097245375
3455,4.125012504470947
3456,5.75095018149943
3457,3.8776306096838784
3458,6.210350203324952
3459,165.04592997721534
3460,-40.47694457408934
3461,2.872886676119882
3462,37.744857847024136
3463,230.00612137054085
3464,3.918280371755055
3465,2.643239276893416
3466,6.604042974439244
3467,116.1761407986497
3468,26.84826255289171
3469,322.20555175684024
3470,151.35154660944133
3471,15.013135013399086
3472,269.1145265735225
3473,6.466640252665809
3474,3.7022743267577725
3475,4.837623783237266
3476,39.58989700756121
3477,3.37831433807104
3478,6.629263285155703
3479,2.6707278710130353
3480,116.36940279159325
3481,168.35085924455927
3482,86.177333268652
3483,65.56986334440282
3484,176.4745257342301
3485,2.4333791769803814
3486,225.5730993471393
3487,5.961005155772295
3488,5.275643503912779
3489,3.0036745530129423
3490,6.191771377540103
3491,3.0418168191206982
3492,2.411945864415195
3493,309.488958002912
3494,171.45306948747202
3495,6.510310952094011
3496,7.749585408238706
3497,4.354125636384102
3498,6.6681749611698775
3499,-9.031648777634036
3500,101.28546873788838
3501,283.39142357502084
3502,6.16245330193659
3503,3.9745029372843828
3504,116.63506764650575
3505,164.02720892576866
3506,89.87758063102126
3507,6.254546376971165
3508,3.2418122839609467
3509,3.1144365431673435
3510,275.59720448428743
3511,1.9341745749827854
3512,71.62020403136773
3513,91.3374898731106
3514,3.198260792854293
3515,48.944257482140905
3516,3.1707509237146967
3517,198.30315960948607
3518,4.326906296647228
3519,220.96588170556134
3520,313.16479871556237
3521,1.8526723807127121
3522,82.68766303324657
3523,5.146874794951651
3524,6.495257808635312
3525,5.298397403183873
3526,43.50818258903884
3527,1.6637790164911093
3528,287.3287386918133
3529,191.6864932275229
3530,2.5570111763661716
3531,93.49894828826862
3532,253.83907892099086
3533,49.019600636536225
3534,7.747599432071324
3535,73.84496445730521
3536,3.657123360558055
3537,71.60092358877179
3538,7.213881863608961
3539,35.64036710154496
3540,153.78386067147085
3541,-57.77872172381142
3542,2.774600740437135
3543,204.40376040648067
3544,29.881124074290113
3545,2.4819249285033975
3546,6.037584447889968
3547,168.30584703942674
3548,5.3242647960999
3549,1.7533829374212837
3550,4.417720199841273
3551,5.0886725988062675
3552,5.677844415170453
3553,6.763889976553928
3554,154.83957111663898
3555,3.936548033722881
3556,2.2114073435477137
3557,107.0952441530142
3558,5.302183003132468
3559,98.95608135111105
3560,47.10402669515197
3561,6.178514808891201
3562,11.714467709334759
3563,-45.86010617484756
3564,5.873474276442661
3565,4.992368565867889
3566,163.42443707941385
3567,1.9398210978108184
3568,247.6156190342593
3569,169.65707444616484
3570,43.27619708651256
3571,204.7431356169966
3572,1.8523884651736666
3573,6.047445445193147
3574,5.671711353906765
3575,1.5661292254646924
3576,5.166398189402209
3577,5.924157263412527
3578,76.53811815326256
3579,2.0283908866781197
3580,65.14464378500092
3581,238.12039360703108
3582,57.914090189993075
3583,70.8000862514303
3584,6.582979733430221
3585,33.869828837156405
3586,5.757865159406023
3587,52.62351577855649
3588,3.225354011796999
3589,236.1521129641849
3590,2.702139765179096
3591,3.370506514581429
3592,184.74333968131535
3593,4.828172038342038
3594,18.94933552293266
3595,6.659177941317
3596,19.379994084301547
3597,304.21050546820624
3598,76.28145574232425
3599,77.83083015361355
3600,2.752838365756356
3601,293.19835354486554
3602,17.38785058547895
3603,5.442397549377931
3604,3.2320873577892506
3605,146.3795420321242
3606,2.1401133658771276
3607,3.311033430033603
3608,288.9911776312813
3609,204.33470261527674
3610,34.108259161360344
3611,5.499975956577119
3612,279.10374833552817
3613,6.311479418513629
3614,4.766931291458218
3615,6.874307948782153
3616,68.9863335259637
3617,5.179521449805001
3618,2.7693331181671774
3619,-55.423628749036126
3620,11.998973825969557
3621,79.72512581584493
3622,5.445284928719701
3623,255.35949400138168
3624,-10.51181478455862
3625,121.25812485630637
3626,52.14530308205544
3627,26.59238784672798
3628,6.247356639479312
3629,31.139207165728262
3630,260.5940753168698
3631,303.86054388716934
3632,247.1446291727121
3633,245.66676828624225
3634,106.5149406104572
3635,131.90595632985512
3636,4.672317402415967
3637,36.75007082862531
3638,48.46304777565579
3639,5.0230926460619285
3640,334.9827926681636
3641,211.27569570893314
3642,143.7231502822873
3643,200.68999853130862
3644,6.405183965968775
3645,120.47057792029332
3646,2.5361118338692696
3647,5.979363551692341
3648,232.17290126918743
3649,-8.216672096330951
3650,3.205605415865815
3651,191.18824882183776
3652,41.961350046985125
3653,5.530673955255243
3654,69.58996219083943
3655,2.0615104771414514
3656,154.64654361961118
3657,5.663017727549358
3658,7.846640746988495
3659,4.415974530480082
3660,5.820387741180188
3661,40.988899036860516
3662,2.0680798571506807
3663,5.738736404074393
3664,128.5135125585226
3665,5.0277671936714565
3666,277.0998691915502
3667,244.53766528533612
3668,265.11006421029293
3669,238.63821766656253
3670,7.175762776055217
3671,6.669050705418552
3672,218.32974094717844
3673,4.9610390810483045
3674,299.6663845498509
3675,134.50620508975368
3676,48.56208797707496
3677,38.366991517911075
3678,-28.433043366607144
3679,4.353737780402908
3680,3.871160173872606
3681,140.83474614960897
3682,88.98295197641156
3683,182.0423324113803
3684,41.658291591869904
3685,153.40464502456567
3686,271.9210081188973
3687,102.60520889212751
3688,295.03948449471085
3689,2.0824285175925734
3690,178.92592800370977
3691,191.21423988741884
3692,304.4849080939863
3693,269.3639925044196
3694,0.9748090607104285
3695,245.13388424491703
3696,195.37891612180317
3697,0.7929944946806682
3698,-52.00660896193174
3699,4.204330959489848
3700,5.774089899398114
3701,373.4861540561715
3702,3.7281478432134314
3703,3.880594387409313
3704,6.368195304332534
3705,1.3262967033922215
3706,68.44657512315192
3707,-0.3466223684948133
3708,132.97482898970324
3709,3.127168888085095
3710,6.543116976291353
3711,338.13668950814974
3712,61.083628630326466
3713,5.720838020759684
3714,334.07595969271347
3715,2.649250716817658
3716,2.012025538728025
3717,165.50470592308062
3718,74.99318700290958
3719,173.72428701927578
3720,149.87778839792378
3721,2.8742083041677216
3722,4.185748638945092
3723,3.446312083594162
3724,1.8763694530188535
3725,65.43815379116356
3726,1.7311387339992428
3727,241.30036642211508
3728,52.25381915629766
3729,-33.264888688509096
3730,152.5602571931802
3731,89.06730300694063
3732,3.3350621880696054
3733,-56.684047672318144
3734,3.19646519791514
3735,2.3382782500685972
3736,-14.473027497228601
3737,6.204139416844165
3738,191.9570097587099
3739,-31.16284742251632
3740,246.61486514292335
3741,33.865443559424286
3742,267.6558506850106
3743,2.3700351251894025
3744,71.81347704811618
3745,10.056586221520282
3746,5.094689706274278
3747,4.959057521789646
3748,206.61148239722124
3749,69.65766225168841
3750,1.4482838865767758
3751,238.5051996228124
3752,97.76813893293246
3753,5.094914331604351
3754,3.790070130076857
3755,13.172122774468138
3756,5.627455400695542
3757,18.178968854052194
3758,6.059458174583897
3759,45.64101246430049
3760,1.9218480411392285
3761,6.697709376286117
3762,5.893553821231714
3763,120.043848202091
3764,186.68326606678238
3765,377.6005484239986
3766,6.763426834231733
3767,303.0817670690412
3768,51.29018299175347
3769,1.6579460571015945
3770,170.0480592492459
3771,3.3993033690543397
3772,214.7640359815031
3773,242.97733969570118
3774,2.5908089234638148
3775,3.7108384832618064
3776,225.44492085306953
3777,6.400992709878436
3778,248.37673284379565
3779,290.9116289972923
3780,5.8606298704551305
3781,6.502357634398448
3782,2.1591236606232123
3783,1.875645475246654
3784,5.551992965646054
3785,28.6143911101564
3786,97.00783441555224
3787,5.972068612559108
3788,6.576110124399623
3789,306.65236790081804
3790,6.878012145333928
3791,6.580834478000633
3792,3.7052636837844832
3793,44.91218082319148
3794,3.024725031657195
3795,224.72132966106412
3796,221.88236233899528
3797,4.8075003946996056
3798,192.2599066572697
3799,-55.77290849501952
3800,244.56315178440062
3801,115.76127376807466
3802,161.14245468929892
3803,60.51242520957126
3804,63.30859204511821
3805,4.032869070996683
3806,3.1497039459071026
3807,78.03465877127097
3808,3.646708225340096
3809,-55.682147204606835
3810,2.669957973857211
3811,4.462340628738909
3812,259.6842809854219
3813,3.7240355317949025
3814,290.6065479033986
3815,7.429790298758142
3816,3.7466867273600855
3817,44.48927488330001
3818,6.575738254327499
3819,2.284675037856282
3820,133.64747490181836
3821,7.516019655294047
3822,5.534872618704679
3823,261.2526101069994
3824,5.203587065803732
3825,256.1717134581641
3826,6.0748409255201725
3827,298.4081277753413
3828,289.1090825833143
3829,6.481503319574406
3830,227.6143031182409
3831,57.44324868307001
3832,1.8033033710667592
3833,39.98866179692441
3834,49.04417628041887
3835,2.6760120584808433
3836,5.243946497557393
3837,6.759185294586798
3838,5.910666477803932
3839,250.35897350510004
3840,5.7101523613303415
3841,126.4069854277447
3842,3.5935604829561254
3843,235.19959252535298
3844,6.250436150573995
3845,6.427330368295623
3846,6.33534697077781
3847,79.8125510829471
3848,124.69410618714467
3849,199.45450035878505
3850,31.40143045651899
3851,151.77914338837968
3852,251.46207311260468
3853,5.605617963418418
3854,246.0538256035354
3855,1.9377048676882207
3856,68.02559292983152
3857,3.9180529492296925
3858,2.9332321345323833
3859,241.10447020222506
3860,6.333829033360596
3861,-66.29345311868141
3862,-7.767047176119242
3863,3.517472547398478
3864,2.6375602954692723
3865,305.20708184840385
3866,4.5474933716126635
3867,198.79206312161946
3868,4.695640644725527
3869,3.1127144941845297
3870,139.2636579346754
3871,44.04410659199741
3872,4.101045742745834
3873,58.12352108991573
3874,339.2668161697587
3875,276.97080858967223
3876,108.52322819611985
3877,-76.78396618444862
3878,188.02841107602296
3879,260.29645254453555
3880,6.725404290546372
3881,3.805054222939393
3882,2.253011728894991
3883,188.79249878058258
3884,143.34985440570665
3885,6.3878124714157964
3886,5.57786503732571
3887,6.176924580799128
3888,2.604868660115084
3889,180.00175992255777
3890,1.133020902073552
3891,3.12494525997499
3892,154.11082920331856
3893,3.0241971450142646
3894,310.6316610379284
3895,-19.980029318349295
3896,27.37202182152971
3897,234.8766147581087
3898,194.465485400175
3899,1.783047636659715
3900,85.1297134257677
3901,137.65909321090982
3902,2.6731292091417824
3903,42.69315919837724
3904,63.39391809245395
3905,3.621260642022158
3906,7.25029371862024
3907,218.29365467019102
3908,133.94906804423647
3909,3.1972422435440757
3910,4.059994291980216
3911,232.7306841689601
3912,4.282116214373387
3913,22.12300944117807
3914,273.2418683256495
3915,6.936662774007418
3916,5.919880555437155
3917,3.6238013825257918
3918,-36.39479607307186
3919,5.089955369019709
3920,37.17884056887975
3921,64.5065633474608
3922,7.07081813838276
3923,2.933862668759618
3924,370.80273037251345
3925,87.37198183653285
3926,2.3419597316488914
3927,247.1770285855518
3928,3.4660921799289306
3929,5.530252253770414
3930,6.270696136242279
3931,204.0111715545038
3932,4.164354484052792
3933,2.662340462569786
3934,6.628653756042715
3935,219.672960913709
3936,1.4145037998550978
3937,3.230604060488721
3938,3.052494338580362
3939,299.64604648990047
3940,6.3376191404307844
3941,6.298275451672859
3942,5.897896296872386
3943,3.0653906448018846
3944,6.871413135075035
3945,318.7100410442008
3946,195.2641321033528
3947,27.73498329657898
3948,139.67998237359254
3949,5.241520143061748
3950,238.5434771982173
3951,1.7718860245780563
3952,84.54986760225337
3953,140.10375396031836
3954,2.1899284577817664
3955,6.010634998490894
3956,158.77146917821483
3957,56.9997407655613
3958,69.66702357463043
3959,212.15759301041203
3960,6.109230479414611
3961,6.813474271045208
3962,108.17579388664753
3963,5.9415426915939
3964,124.6148040311026
3965,6.2817694502937815
3966,3.3639895291197934
3967,3.6371643533935907
3968,169.29900166142437
3969,46.298273546046616
3970,2.452965274546191
3971,3.5656714231442215
3972,2.954035406993561
3973,3.4100264118173356
3974,28.15008764943927
3975,39.969496566918174
3976,3.5773451298847943
3977,4.1550130382371515
3978,3.217099681787773
3979,100.62311459275651
3980,248.2518545059087
3981,260.38164287721804
3982,5.556140210195898
3983,2.9285107438185336
3984,386.4728779813107
3985,237.94862640885782
3986,156.18459426399863
3987,92.85731408046769
3988,2.924570170677058
3989,-7.713334243953573
3990,84.82228264854245
3991,282.7004861092564
3992,5.802169596015295
3993,5.789990957409979
3994,56.75907615500187
3995,127.8570438504077
3996,4.188456384429577
3997,104.55694444308234
3998,2.28182518126551
3999,278.21163247938716
4000,5.489195073781667
4001,4.241620437134638
4002,50.831445174713664
4003,167.74125636614463
4004,2.46063311930963
4005,310.7569128199726
4006,85.32160471670534
4007,6.796035061177712
4008,3.3398129826296605
4009,5.82009186836775
4010,205.09176066506004
4011,3.3868479572704215
4012,6.508930395292218
4013,238.32001849798192
4014,5.941535674673553
4015,6.265346159316813
4016,68.26353489735979
4017,119.11289586133756
4018,112.9309214474104
4019,1.330300654129549
4020,1.9811851078570362
4021,115.53876074571525
4022,57.08691748996863
4023,3.853329501104007
4024,110.25849695120182
4025,57.426693466645375
4026,58.4906750974019
4027,259.4876957757674
4028,100.7400196851744
4029,6.761593224546947
4030,2.3599894335987543
4031,102.85808555865509
4032,78.85803542176238
4033,3.0921833318137875
4034,253.84496716130394
4035,127.12446103064863
4036,3.9614584621748405
4037,3.854860247882168
4038,6.525209210254898
4039,5.90125794302827
4040,101.33622018281457
4041,320.5422067302254
4042,60.013463309912964
4043,251.31979924166706
4044,4.396839224050765
4045,21.116458848913002
4046,5.82833137083515
4047,4.026889881155956
4048,269.98041990096164
4049,114.22905760217768
4050,282.3538204052909
4051,38.94798803845231
4052,2.728488984014221
4053,4.296452061227773
4054,5.472968146455751
4055,4.071880036910773
4056,259.33279256987566
4057,6.752574665552245
4058,279.9503177470768
4059,60.597145185644465
4060,245.1649834392059
4061,115.02794108519859
4062,3.840248222569951
4063,1.8952695466726466
4064,183.1216782554118
4065,2.0778470055700047
4066,86.47339646236219
4067,183.74681319581802
4068,181.776059189141
4069,341.9642311536755
4070,2.857692477986939
4071,2.872774635955029
4072,1.9970518471175605
4073,2.942487199046194
4074,3.9523349185121393
4075,-24.016649351469567
4076,17.595478444081383
4077,4.958623098671478
4078,6.285818483092529
4079,7.152828567450976
4080,268.1735320982591
4081,4.084265413996162
4082,103.6863239811234
4083,4.279018966261826
4084,-0.731659770207583
4085,27.702602750283106
4086,3.130474913547641
4087,4.164092224579368
4088,4.566717735611515
4089,73.4982709405177
4090,150.8718890763503
4091,4.233436826710028
4092,62.289769529428625
4093,17.81492764745667
4094,4.969652752706919
4095,6.732356866674617
4096,2.4307796141700746
4097,2.617434507622524
4098,2.638641307163089
4099,-41.60535089146582
4100,42.87805502655681
4101,6.432743822603127
4102,4.445068042588228
4103,52.760871471287615
4104,208.79068291499803
4105,5.7789501592523065
4106,117.31550019358612
4107,86.63294629285673
4108,75.9830841886223
4109,247.8756237148726
4110,6.0302335575402
4111,72.40689548392214
4112,82.06266645955164
4113,3.0574974843660274
4114,5.337306944381812
4115,75.79677220971811
4116,160.83263558379244
4117,96.22200803375763
4118,284.5553803565099
4119,262.6380062710008
4120,234.8903370637119
4121,88.15640241146286
4122,-17.724421869841137
4123,2.125357978297571
4124,104.87046914704327
4125,2.3350931799381964
4126,73.21461507356416
4127,6.051601849451393
4128,1.7739439880715226
4129,6.183286830990685
4130,1.7346049828902335
4131,62.311474917074534
4132,6.184266647448873
4133,5.0604901642131574
4134,111.26756787574848
4135,-11.488051678333632
4136,147.20696371879234
4137,354.49629974584343
4138,-3.550069698835766
4139,91.4547164556133
4140,71.50297304427467
4141,4.188492481135649
4142,119.51217932663495
4143,287.11189220112936
4144,85.28377131734419
4145,191.77037117531506
4146,73.32211042355978
4147,70.46780831724179
4148,286.84166501256834
4149,39.681517787809064
4150,28.303232035035094
4151,62.518033781191264
4152,119.26299842901649
4153,4.127518933579415
4154,365.38555872420966
4155,157.33659406094165
4156,3.1766796529778207
4157,-7.558698846293521
4158,4.036666815880635
4159,4.435456207552787
4160,172.73984093756906
4161,185.93572932349645
4162,6.075188949494969
4163,74.57839852099741
4164,169.92168910445798
4165,1.1010962003243054
4166,53.89547704014561
4167,124.41118659264683
4168,10.07956297459789
4169,2.406065229906867
4170,-8.157844085922694
4171,78.67851725372239
4172,4.626534453156071
4173,3.9931453288419605
4174,60.442111097731924
4175,134.88781535013226
4176,2.0088010155297353
4177,3.7171573783844867
4178,22.473964310121843
4179,129.63940862837438
4180,178.83278947878313
4181,67.54083205778038
4182,37.673201943295744
4183,26.272195728938154
4184,187.66822270183465
4185,285.56243547798283
4186,2.8347597712789363
4187,83.11073508819455
4188,3.9699631063746654
4189,4.3072957224282415
4190,127.00261946176235
4191,2.061422047453902
4192,34.06533821848253
4193,49.854254093103286
4194,5.871139363206989
4195,4.178077492582773
4196,121.0976993567059
4197,6.448306389632891
4198,2.9982314091366296
4199,5.0449482918812425
4200,278.4276224350298
4201,263.11573594932935
4202,183.70912347691984
4203,5.774737632923894
4204,79.99043476752631
4205,5.164273365627295
4206,7.5907182470532115
4207,133.7848804551646
4208,147.82003126108768
4209,231.51802686616122
4210,-53.69606754744768
4211,1.6585164835026758
4212,5.694286496821256
4213,-8.413103002306464
4214,7.041745331713902
4215,3.0451819143696257
4216,1.6236228027319681
4217,2.9395696124688415
4218,5.935497102332335
4219,51.68798172313076
4220,52.64540617601847
4221,2.235123169716392
4222,106.08956570511324
4223,2.759491883773869
4224,6.536653857353042
4225,5.139758950621054
4226,295.0993232804253
4227,2.5137513857606866
4228,222.342268495614
4229,115.18928297189512
4230,2.904167420063456
4231,2.1709527432652074
4232,51.302205137142124
4233,3.044036222776468
4234,-8.089127297742014
4235,64.58658863335188
4236,261.19477181153275
4237,157.2395648867214
4238,2.860078461226645
4239,55.86118866415646
4240,8.471295201137371
4241,42.44296835106155
4242,226.19814390931919
4243,-57.73296484395776
4244,341.04526534967533
4245,5.071376293101616
4246,1.9685691999537367
4247,3.906094167802049
4248,4.037418077458222
4249,-33.31708234167672
4250,2.972150026104291
4251,293.2825014131334
4252,6.501581371085177
4253,6.0200179503322175
4254,5.4274406908527535
4255,-62.548970740045135
4256,2.8100392313255362
4257,103.71101945586916
4258,2.3178312070196854
4259,1.425365443207968
4260,86.38197717103773
4261,2.2918090814106975
4262,268.5725500565095
4263,82.61620379439658
4264,2.4189542619628606
4265,35.88468333666401
4266,4.367817836633435
4267,5.5106653256265234
4268,6.207364122746982
4269,189.34670694697417
4270,199.7107235041104
4271,167.9928336587559
4272,4.976331677094867
4273,7.746386151803626
4274,92.86540540171511
4275,6.514604521672044
4276,306.8676884143105
4277,238.46110613093862
4278,382.1674828965111
4279,321.41030813505574
4280,121.76882422366197
4281,46.3441627365178
4282,17.019750020381053
4283,6.891866243226209
4284,4.508000261880281
4285,104.61314811262082
4286,298.45011637303764
4287,1.8003754245725614
4288,188.71295997042947
4289,216.51940984946054
4290,191.8312565786684
4291,3.0732798350458195
4292,4.985424916851136
4293,1.9494595953438323
4294,-51.61951668080644
4295,0.7383217749093123
4296,5.516836410180216
4297,6.525768953718597
4298,5.691059934686578
4299,75.03254258083993
4300,39.00383044271556
4301,-20.56631883291064
4302,84.58191837961695
4303,1.8127778369654926
4304,-57.56135841268798
4305,4.045889926844647
4306,287.97004883268244
4307,2.9252109418159726
4308,41.26758147793416
4309,4.8360881244926945
4310,2.8355342377378787
4311,14.33676168855512
4312,263.3634523285079
4313,3.1612153856544136
4314,2.681982003138838
4315,231.7457364270549
4316,1.4267363683512144
4317,202.55867368948037
4318,6.052171281828334
4319,43.30727067307332
4320,125.00519980345351
4321,4.9418984511167725
4322,319.4453456844897
4323,86.08025591272917
4324,3.3968886741235655
4325,6.84708384539099
4326,3.735741499290787
4327,119.42542570570842
4328,150.8058132949887
4329,200.33995608707633
4330,16.32713259283695
4331,2.972484982343314
4332,2.0952113780157786
4333,282.5398695712305
4334,3.4257104045814426
4335,3.230854252529677
4336,2.13219733414945
4337,5.883865965360149
4338,6.5158999111030695
4339,4.9086172411966595
4340,-14.7635688812148
4341,67.5138296009972
4342,175.1485941518171
4343,171.40303575875555
4344,139.8142738507894
4345,5.912645993868487
4346,4.733511146887172
4347,190.7530680035502
4348,5.550213616152331
4349,133.58107120695828
4350,-46.898712018634306
4351,123.25939528080062
4352,170.76915088932986
4353,5.016418513982406
4354,103.1612249835809
4355,142.33908210408364
4356,1.912787585226392
4357,5.100718578937686
4358,302.1212241240069
4359,218.81289630682107
4360,3.23379666217966
4361,5.879241825101987
4362,0.923587569644923
4363,3.634703269051349
4364,4.849318298528363
4365,1.5964999954822443
4366,3.3195437316578293
4367,253.42822310150513
4368,-13.198670238039812
4369,77.01515414900823
4370,6.5163469089780035
4371,199.99898585885995
4372,70.404279982624
4373,336.72184343305724
4374,6.590984077552212
4375,227.09305728199286
4376,279.46313709432127
4377,5.15955256053658
4378,5.686399475224674
4379,178.7657624504853
4380,3.0434043724486433
4381,2.2266284096230993
4382,6.650725042810192
4383,24.421100234865463
4384,4.881158166446742
4385,198.50546336944268
4386,17.281586305905428
4387,311.1360752637164
4388,92.44436573339821
4389,6.6489653502499575
4390,4.2854835659960795
4391,3.8581932792729736
4392,2.4012573039217955
4393,104.97536824831869
4394,96.19406102580302
4395,3.0167010305542767
4396,-2.619888662364461
4397,2.64921499102702
4398,6.388807298022495
4399,3.0251209699153976
4400,232.1370908848501
4401,6.686847828455816
4402,233.00912111310353
4403,271.09006031326413
4404,248.79409359434092
4405,351.7811066899053
4406,32.113450979331766
4407,81.94525777046874
4408,6.509974081416823
4409,110.6262126548643
4410,-94.671161152789
4411,2.6107997973918087
4412,285.20202186957886
4413,219.93468188672153
4414,4.005157512676025
4415,194.2892765868653
4416,57.36272537215946
4417,2.684728766450302
4418,225.9682797719048
4419,276.026465118673
4420,344.39109888508324
4421,344.2386653148666
4422,1.1572813772590242
4423,2.1234475432593345
4424,68.64696967152749
4425,175.2184711898236
4426,5.540405611050658
4427,220.55603639438084
4428,6.083574050010524
4429,5.165663837647745
4430,5.295750138703158
4431,179.25638454050454
4432,3.7529187847646863
4433,3.910730883313835
4434,120.006158502532
4435,5.656328010394516
4436,6.214236664138296
4437,16.995743182284244
4438,99.30325745584675
4439,7.252183192843614
4440,274.829222459947
4441,1.8148191834707943
4442,276.1738196565978
4443,6.720068723821766
4444,277.7259704333774
4445,3.792092325372624
4446,3.6045177582456556
4447,105.28249334972637
4448,5.118533833118705
4449,-18.880906284163647
4450,72.48670998824512
4451,114.3670728129135
4452,275.26594091984987
4453,260.12741535236347
4454,5.115817497653662
4455,5.506537499181075
4456,201.7429890313319
4457,4.302567132381549
4458,6.937868962629781
4459,85.01861303653536
4460,0.4407878258421724
4461,76.20874576557037
4462,167.6773359106253
4463,49.57335204769021
4464,4.182503855385946
4465,127.17557480547256
4466,4.490240094280431
4467,-4.324686136574672
4468,1.809687770538877
4469,2.1263254385674797
4470,4.764506877650513
4471,2.697070325440987
4472,250.35471708831784
4473,3.7229776990842804
4474,242.85463933481185
4475,4.515280910676376
4476,84.5199795193372
4477,5.786178428778017
4478,4.025574837663996
4479,122.49804522287866
4480,295.52977458130823
4481,3.6706379082476586
4482,221.96271180055538
4483,65.69064682892285
4484,319.73542017202317
4485,222.73274801971786
4486,2.457211586035715
4487,106.37722412650149
4488,58.53949636118705
4489,-32.25438056371101
4490,89.15516806243215
4491,5.5620839024110325
4492,267.809762073393
4493,304.325761618194
4494,6.534499095352082
4495,2.6473886691954425
4496,68.31941128580978
4497,6.739916673956699
4498,226.01747494312173
4499,317.1772172932719
4500,152.43342385587704
4501,5.916952344638327
4502,5.8523299463155825
4503,191.31346420994657
4504,5.099781398698539
4505,75.91152568412627
4506,2.5465710203455734
4507,-4.809800381598694
4508,155.7328666800662
4509,57.69152901950203
4510,2.205226813828513
4511,258.9555793186214
4512,63.409184906974176
4513,109.76007598596928
4514,2.6620899002055314
4515,3.0403795077031734
4516,3.2021299292646783
4517,4.925845406103965
4518,11.429663737782175
4519,107.52478022486854
4520,57.10779768382057
4521,2.4485573588969123
4522,83.44053647709993
4523,6.719700129471354
4524,204.48981894573123
4525,15.868158553429605
4526,2.26364066126434
4527,107.34715244515947
4528,109.19044481374344
4529,105.56423845769507
4530,198.5576180273256
4531,3.955237224995686
4532,4.340835629741534
4533,4.776182116525569
4534,55.335219111018645
4535,6.012674939465695
4536,2.105730953071003
4537,1.898565649865486
4538,6.2255436224731255
4539,300.16070188279895
4540,199.79391334446808
4541,3.2596009189329003
4542,2.832079980563739
4543,216.56524419877147
4544,35.442175309327226
4545,5.359502864696172
4546,25.95612197085166
4547,5.9856835928688605
4548,187.90959825099884
4549,4.625633147838281
4550,229.05181222245903
4551,30.432833740466673
4552,102.1044500208508
4553,122.06848271656251
4554,4.8113486454441
4555,190.44030643359952
4556,278.2011290790394
4557,4.995292245128558
4558,4.4820028779103644
4559,70.43574455212423
4560,7.198095773062478
4561,5.373510630211519
4562,193.6866901551739
4563,38.47404223704452
4564,258.7898557749724
4565,47.99293807678158
4566,220.41162172971423
4567,290.65786925285204
4568,138.65068152946353
4569,5.0623866371863375
4570,178.38120518151143
4571,276.86798952984844
4572,5.404139750708488
4573,3.132380336833132
4574,1.4217425542305882
4575,5.790441596108963
4576,160.98183945645505
4577,263.27590659471184
4578,61.20977543264496
4579,9.079854578641996
4580,0.6057913351582135
4581,378.04833116050213
4582,31.879209715246496
4583,1.5000021429401356
4584,292.40948297237776
4585,39.046609078632564
4586,5.890682061319554
4587,4.157196207422401
4588,1.3191031374873146
4589,4.125569719289796
4590,3.1938271129241524
4591,60.19891183384049
4592,5.479540041450898
4593,111.41810372921779
4594,-15.598341677474345
4595,2.543530428072816
4596,67.40840464941597
4597,132.81088215762068
4598,4.411428335391553
4599,-41.899384036709606
4600,78.56024341050154
4601,6.8889308321804785
4602,5.48081776150757
4603,5.699642834931511
4604,75.99606720086639
4605,1.8679341214482132
4606,131.01344943549043
4607,28.074622448339372
4608,4.39843072285233
4609,209.53284305024738
4610,127.9829801064545
4611,95.83936632667212
4612,2.490243222184888
4613,-74.31561987309519
4614,75.7232360037727
4615,-48.868932845608846
4616,4.550492826506864
4617,4.619777461599733
4618,3.86182264421866
4619,6.261606924053064
4620,6.685929058705674
4621,99.97162624284098
4622,3.92541254629752
4623,6.044039495543853
4624,1.2160085164020946
4625,87.2889285124099
4626,51.5619947450642
4627,5.501980906883822
4628,6.103990317448875
4629,69.2893163746956
4630,5.519739936050995
4631,-1.9146999174616495
4632,6.574832037386846
4633,226.65006774771547
4634,5.814904437671178
4635,6.028880327784165
4636,67.10566048497397
4637,6.89999708533401
4638,422.11760713218223
4639,287.0750747743343
4640,2.0794773769586006
4641,202.51279821360615
4642,164.01210611497672
4643,48.7302570070305
4644,35.76762397483417
4645,5.9604342355075115
4646,62.603674262903006
4647,22.823671995871646
4648,194.5800155110776
4649,113.67704548636274
4650,131.6568406101748
4651,57.05637173322309
4652,4.799880470551419
4653,262.13639232936475
4654,3.1901728893498214
4655,5.996593843965912
4656,3.21866847732528
4657,3.0641032461322992
4658,6.558243881052702
4659,68.57639299598193
4660,2.1041679716097748
4661,2.5689407541442604
4662,3.770816396933074
4663,113.04971484734733
4664,5.9630642829402625
4665,164.9825571283085
4666,250.50108284857268
4667,1.8311912049904275
4668,117.70405891968247
4669,274.77967833079816
4670,10.22628046975085
4671,2.0658370044754975
4672,0.8829642948664621
4673,71.3773506865738
4674,295.6760715817457
4675,1.7914048634081774
4676,134.32974525108602
4677,48.77007207773745
4678,5.682532958573159
4679,68.55528404214228
4680,4.172740215116459
4681,1.7705960281161324
4682,198.39671332027808
4683,142.0790601784979
4684,91.12148843544709
4685,249.31910632813106
4686,3.883727859999871
4687,223.29865323887128
4688,345.6793790271678
4689,106.12212324127634
4690,6.424894512221081
4691,6.790697663131851
4692,4.327402564542747
4693,85.20741693689442
4694,4.608634249972642
4695,386.088207304942
4696,4.651519044306615
4697,2.6928261556022672
4698,4.672281692113555
4699,3.6075148299638746
4700,92.43754841151275
4701,5.878668813654526
4702,1.943235560979298
4703,3.4049019415399213
4704,5.120842656421178
4705,277.8656802056679
4706,3.4625921773056225
4707,4.777973721416845
4708,3.062373482213278
4709,81.14762325483665
4710,162.18259657931222
4711,6.3178361700973324
4712,237.15290401557982
4713,3.7906236938766975
4714,5.736383610809241
4715,79.81735838335862
4716,40.87280779679291
4717,7.13040727134836
4718,5.977212474200999
4719,188.47746841213558
4720,160.68690532140914
4721,6.181758171941345
4722,3.8304035230123494
4723,6.588656145482023
4724,73.40378258356243
4725,181.0411754379126
4726,3.681895863570565
4727,283.2615140593807
4728,248.7645527049652
4729,4.01747355719682
4730,185.30708321827265
4731,99.29452748770314
4732,-28.152925934912325
4733,5.302944503202284
4734,6.274519681381593
4735,5.610852854568761
4736,3.2198930135917054
4737,70.7137707271514
4738,-5.53538365120686
4739,163.92843249936664
4740,307.6082131961915
4741,4.866494288263906
4742,90.9778995246025
4743,5.87596201188453
4744,247.62615830351604
4745,64.49555742692162
4746,4.056036281586025
4747,3.0557561077631874
4748,3.1160014558669866
4749,5.82654026077151
4750,5.694769160724604
4751,3.929752314415392
4752,94.9432743774477
4753,144.7184813579497
4754,142.22098921268534
4755,4.073860248218559
4756,1.978509236634537
4757,3.2905905884247533
4758,61.518580427398035
4759,97.59393806333323
4760,4.644698072271525
4761,3.0147664021050677
4762,186.18615350427837
4763,206.87291168000522
4764,2.465735231308446
4765,348.6848282042818
4766,30.16087826685031
4767,30.57523428019492
4768,24.4491703091427
4769,-39.49987101047568
4770,30.30682349781855
4771,29.819456546163764
4772,4.097231840518003
4773,4.280681766431799
4774,155.0140633738917
4775,2.031749371279092
4776,2.661210347009152
4777,170.38066674917087
4778,5.0035482909570295
4779,22.484198352044285
4780,1.9562315941448534
4781,58.777194191924906
4782,4.81239247411302
4783,4.098852522108344
4784,2.61142256657509
4785,29.56864701922712
4786,69.45042620967494
4787,5.586540302374164
4788,3.654754482643626
4789,3.3202529331319734
4790,129.63733886398973
4791,210.96782523832346
4792,4.4605195224357175
4793,167.9479715688845
4794,64.39672044706242
4795,240.42492249888525
4796,3.114845338627232
4797,150.63741264500672
4798,5.926052481558884
4799,3.9928244448011325
4800,341.2464676757099
4801,3.5879559653942614
4802,4.893949757602621
4803,270.14384354665515
4804,1.64091314690756
4805,250.49676463209676
4806,4.4932986683438525
4807,2.9401734239743247
4808,61.41324459728715
4809,89.21183334668223
4810,1.68830066189018
4811,2.1167195883725025
4812,5.133749506557184
4813,261.9039276509162
4814,232.68284190666924
4815,2.9389028491620115
4816,2.8392722605749636
4817,6.070167555034021
4818,1.6551803882245777
4819,85.03479630644762
4820,2.3930719607907167
4821,188.5804385737793
4822,110.71190042131558
4823,5.04401438679939
4824,3.077270491387512
4825,248.27019496251722
4826,4.770679206815206
4827,5.540678405814213
4828,216.9106212021561
4829,121.14312330288388
4830,103.16640698057557
4831,183.41955743262127
4832,6.994392894048088
4833,3.8158425877050797
4834,108.27055233526619
4835,3.810000434298285
4836,6.550262299508263
4837,198.1872998035714
4838,32.328699653461065
4839,317.6658330590206
4840,3.4348785798498755
4841,148.81623199925448
4842,23.704988910633315
4843,2.1334054633512243
4844,4.25002002756295
4845,4.769738726477525
4846,7.133545936581217
4847,3.914195896069841
4848,2.2869750028037354
4849,5.09321916778658
4850,6.765747787566821
4851,5.609733283689334
4852,103.34807384274656
4853,282.44862848884674
4854,3.037021164436906
4855,3.3278296258095104
4856,153.35483823602294
4857,235.2217432917353
4858,311.9301269982495
4859,135.34842942836778
4860,256.2842964343209
4861,8.41074438482745
4862,122.72573309465724
4863,6.9077451209961716
4864,5.836585760012722
4865,1.877713985156706
4866,0.9470626586388566
4867,3.54909484951473
4868,67.36328862936466
4869,1.0747392962533893
4870,107.86133295027331
4871,6.72707335644275
4872,2.288924596153322
4873,308.71248186982893
4874,-5.3882160261617305
4875,3.4398324411197825
4876,205.58179364634861
4877,6.293773096193057
4878,84.49311291164084
4879,69.91263115334468
4880,5.81040962752579
4881,6.154471706874759
4882,14.82494076674855
4883,1.805791235064573
4884,99.96298831650623
4885,-62.497870282468114
4886,246.58217362171004
4887,4.94405527268909
4888,286.3086574920497
4889,36.38603664186632
4890,220.53181757720407
4891,131.88651135185225
4892,1.6556167186384017
4893,5.802717637718837
4894,92.53766443195434
4895,6.628062358920291
4896,5.852476185099187
4897,6.367231499232351
4898,-8.434944933018432
4899,201.5230026250485
4900,2.4209158167078524
4901,262.96272500836545
4902,4.384691263767277
4903,139.82314549423347
4904,402.46715492476653
4905,84.59508847162665
4906,156.35334037745443
4907,184.15248997018028
4908,4.6973188347376205
4909,148.1638678062918
4910,176.46346274136636
4911,88.27125576347268
4912,5.46477960534803
4913,226.302700758616
4914,188.41295539076825
4915,3.852635131927344
4916,4.759960258651213
4917,6.38860651017228
4918,2.99948250052864
4919,35.08690475828432
4920,2.0138157146951303
4921,-5.046680328264652
4922,176.7396489171402
4923,225.5530652479514
4924,5.857204492824221
4925,2.6185363905787526
4926,0.9659954663247713
4927,5.864769119447808
4928,2.7775009122624246
4929,81.47343308683301
4930,97.91171057340472
4931,-7.575226419934835
4932,5.688262111805958
4933,284.78726760994107
4934,-64.6835264172474
4935,66.92487739940847
4936,247.77348389528947
4937,28.36904071074514
4938,73.69298281665583
4939,55.55426119916472
4940,3.7803630055148116
